
                        S T E P       1


                                INCREMENT     5


 displacements (vx,vy,vz) for set TIP_TOP and time  0.4562500E-02

      1559  2.984739E-01 -1.176046E-02 -6.502866E+00
      1560  2.985151E-01 -1.125454E-02 -6.485714E+00
      1563  2.977094E-01 -1.080920E-02 -6.469396E+00
      1566  2.970479E-01 -8.595963E-03 -6.453670E+00
      1568  2.969960E-01 -3.031143E-03 -6.444270E+00
      1570  2.970166E-01  3.543031E-15 -6.444332E+00
      1572  2.969960E-01  3.031143E-03 -6.444270E+00
      1575  2.970479E-01  8.595963E-03 -6.453670E+00
      1578  2.977094E-01  1.080920E-02 -6.469396E+00
      1581  2.985151E-01  1.125454E-02 -6.485714E+00
      1584  2.984739E-01  1.176046E-02 -6.502866E+00

 forces (fx,fy,fz) for set CLAMP and time  0.4562500E-02

         1  7.805969E+03  9.625987E+03  4.078503E+03
         4  1.425758E+04 -4.768827E-12  8.174597E+03
         5  1.152057E+04  1.573865E+04 -2.875423E+02
         8  2.075291E+04  3.993364E-12 -5.081119E+02
         9  7.823370E+03  1.055109E+04 -1.081520E+03
        12  1.403887E+04  3.995215E-12 -2.114333E+03
        13  3.952734E+03  5.223233E+03 -1.561517E+03
        16  7.074535E+03  7.484349E-13 -3.086900E+03
        17 -3.381551E+01 -2.391185E+02 -1.688751E+03
        20 -1.027499E+02  2.128125E-12 -3.328866E+03
        21 -2.656010E+03 -1.928441E+03 -3.930469E+03
        24 -3.530536E+03 -3.123296E-12 -1.824896E+03
        26  7.805969E+03 -9.625987E+03  4.078503E+03
        28  1.152057E+04 -1.573865E+04 -2.875423E+02
        30  7.823370E+03 -1.055109E+04 -1.081520E+03
        32  3.952734E+03 -5.223233E+03 -1.561517E+03
        34 -3.381551E+01  2.391185E+02 -1.688751E+03
        36 -2.656010E+03  1.928441E+03 -3.930469E+03
        37 -1.561897E+03 -1.198638E+03 -3.766969E+03
        40 -2.027374E+03 -3.590481E+02 -6.889893E+03
        41 -3.919982E+03 -2.529212E+03 -4.013963E+02
        44 -6.034529E+03 -7.566803E+02 -7.937024E+02
        45 -2.749988E+03 -1.333691E+03  4.025336E+03
        48 -4.792471E+03 -3.976759E+02  7.534809E+03
        50 -1.738840E+03 -2.796623E+02 -6.495801E+03
        52 -5.756810E+03 -5.687323E+02 -8.219038E+02
        54 -4.819839E+03 -2.903411E+02  7.221383E+03
        56 -1.641521E+03 -1.032430E+02 -6.259329E+03
        58 -5.595656E+03 -2.227567E+02 -8.449073E+02
        60 -4.761964E+03 -1.152621E+02  6.997767E+03
        62 -3.750062E+03  2.534369E+00 -7.146454E+02
        64 -3.232828E+03 -3.443801E+00  4.739331E+03
        66 -2.131424E+03  3.018867E-14 -4.709592E+02
        68 -1.854211E+03  2.668691E-13  2.719548E+03
        70 -3.750062E+03 -2.534369E+00 -7.146454E+02
        72 -3.232828E+03  3.443801E+00  4.739331E+03
        74 -1.641521E+03  1.032430E+02 -6.259329E+03
        76 -5.595656E+03  2.227567E+02 -8.449073E+02
        78 -4.761964E+03  1.152621E+02  6.997767E+03
        80 -1.738840E+03  2.796623E+02 -6.495801E+03
        82 -5.756810E+03  5.687323E+02 -8.219038E+02
        84 -4.819839E+03  2.903411E+02  7.221383E+03
        86 -2.027374E+03  3.590481E+02 -6.889893E+03
        88 -6.034529E+03  7.566803E+02 -7.937024E+02
        90 -4.792471E+03  3.976759E+02  7.534809E+03
        92 -1.561897E+03  1.198638E+03 -3.766969E+03
        94 -3.919982E+03  2.529212E+03 -4.013963E+02
        96 -2.749988E+03  1.333691E+03  4.025336E+03

 internal energy (element, energy) for set EALL and time  0.4562500E-02

         1  1.755665E+02
         2  9.115771E+01
         3  3.525392E+01
         4  7.125055E+00
         5  8.324685E+00
         6  1.755665E+02
         7  9.115771E+01
         8  3.525392E+01
         9  7.125055E+00
        10  8.324685E+00
        11  1.861713E+01
        12  2.326392E+01
        13  1.602314E+01
        14  2.067857E+01
        15  1.486601E+01
        16  1.951013E+01
        17  1.363759E+01
        18  1.821707E+01
        19  5.278926E+00
        20  7.207971E+00
        21  5.278926E+00
        22  7.207971E+00
        23  1.363759E+01
        24  1.821707E+01
        25  1.486601E+01
        26  1.951013E+01
        27  1.602314E+01
        28  2.067857E+01
        29  1.861713E+01
        30  2.326392E+01
        31  1.808256E+02
        32  9.947436E+01
        33  3.773956E+01
        34  6.500863E+00
        35  8.214819E+00
        36  1.808256E+02
        37  9.947436E+01
        38  3.773956E+01
        39  6.500863E+00
        40  8.214819E+00
        41  1.440532E+01
        42  2.119476E+01
        43  1.554051E+01
        44  2.267139E+01
        45  1.508004E+01
        46  2.226051E+01
        47  1.485485E+01
        48  2.203166E+01
        49  6.171576E+00
        50  9.122245E+00
        51  6.171576E+00
        52  9.122245E+00
        53  1.485485E+01
        54  2.203166E+01
        55  1.508004E+01
        56  2.226051E+01
        57  1.554051E+01
        58  2.267139E+01
        59  1.440532E+01
        60  2.119476E+01
        61  2.419159E+02
        62  1.286386E+02
        63  4.993761E+01
        64  9.709056E+00
        65  1.185229E+01
        66  2.419159E+02
        67  1.286386E+02
        68  4.993761E+01
        69  9.709056E+00
        70  1.185229E+01
        71  1.917290E+01
        72  2.660509E+01
        73  2.019967E+01
        74  2.788889E+01
        75  2.063267E+01
        76  2.853115E+01
        77  2.041067E+01
        78  2.841271E+01
        79  8.246172E+00
        80  1.158395E+01
        81  8.246172E+00
        82  1.158395E+01
        83  2.041067E+01
        84  2.841271E+01
        85  2.063267E+01
        86  2.853115E+01
        87  2.019967E+01
        88  2.788889E+01
        89  1.917290E+01
        90  2.660509E+01
        91  2.689137E+02
        92  1.397555E+02
        93  5.347019E+01
        94  1.056643E+01
        95  1.249954E+01
        96  2.689137E+02
        97  1.397555E+02
        98  5.347019E+01
        99  1.056643E+01
       100  1.249954E+01
       101  2.108402E+01
       102  3.018244E+01
       103  2.146588E+01
       104  3.070798E+01
       105  2.176013E+01
       106  3.113362E+01
       107  2.184839E+01
       108  3.122233E+01
       109  8.886136E+00
       110  1.276018E+01
       111  8.886136E+00
       112  1.276018E+01
       113  2.184839E+01
       114  3.122233E+01
       115  2.176013E+01
       116  3.113362E+01
       117  2.146588E+01
       118  3.070798E+01
       119  2.108402E+01
       120  3.018244E+01
       121  2.934140E+02
       122  1.524880E+02
       123  5.834621E+01
       124  1.162811E+01
       125  1.291727E+01
       126  2.934140E+02
       127  1.524880E+02
       128  5.834621E+01
       129  1.162811E+01
       130  1.291727E+01
       131  2.267313E+01
       132  3.335860E+01
       133  2.285276E+01
       134  3.352726E+01
       135  2.303775E+01
       136  3.370313E+01
       137  2.327937E+01
       138  3.382721E+01
       139  9.502142E+00
       140  1.382930E+01
       141  9.502142E+00
       142  1.382930E+01
       143  2.327937E+01
       144  3.382721E+01
       145  2.303775E+01
       146  3.370313E+01
       147  2.285276E+01
       148  3.352726E+01
       149  2.267313E+01
       150  3.335860E+01
       151  3.187436E+02
       152  1.662301E+02
       153  6.408084E+01
       154  1.292195E+01
       155  1.321289E+01
       156  3.187436E+02
       157  1.662301E+02
       158  6.408084E+01
       159  1.292195E+01
       160  1.321289E+01
       161  2.421697E+01
       162  3.628385E+01
       163  2.437292E+01
       164  3.636800E+01
       165  2.456976E+01
       166  3.651232E+01
       167  2.488721E+01
       168  3.670987E+01
       169  1.014573E+01
       170  1.499129E+01
       171  1.014573E+01
       172  1.499129E+01
       173  2.488721E+01
       174  3.670987E+01
       175  2.456976E+01
       176  3.651232E+01
       177  2.437292E+01
       178  3.636800E+01
       179  2.421697E+01
       180  3.628385E+01
       181  3.448147E+02
       182  1.805215E+02
       183  7.018334E+01
       184  1.433929E+01
       185  1.341037E+01
       186  3.448147E+02
       187  1.805215E+02
       188  7.018334E+01
       189  1.433929E+01
       190  1.341037E+01
       191  2.572095E+01
       192  3.911993E+01
       193  2.590426E+01
       194  3.924830E+01
       195  2.613896E+01
       196  3.945532E+01
       197  2.652308E+01
       198  3.973540E+01
       199  1.079073E+01
       200  1.619718E+01
       201  1.079073E+01
       202  1.619718E+01
       203  2.652308E+01
       204  3.973540E+01
       205  2.613896E+01
       206  3.945532E+01
       207  2.590426E+01
       208  3.924830E+01
       209  2.572095E+01
       210  3.911993E+01
       211  3.712758E+02
       212  1.951457E+02
       213  7.652975E+01
       214  1.585966E+01
       215  1.351608E+01
       216  3.712758E+02
       217  1.951457E+02
       218  7.652975E+01
       219  1.585966E+01
       220  1.351608E+01
       221  2.720219E+01
       222  4.196465E+01
       223  2.740903E+01
       224  4.215513E+01
       225  2.768205E+01
       226  4.243810E+01
       227  2.811789E+01
       228  4.279775E+01
       229  1.141069E+01
       230  1.740610E+01
       231  1.141069E+01
       232  1.740610E+01
       233  2.811789E+01
       234  4.279775E+01
       235  2.768205E+01
       236  4.243810E+01
       237  2.740903E+01
       238  4.215513E+01
       239  2.720219E+01
       240  4.196465E+01
       241  3.975986E+02
       242  2.098375E+02
       243  8.302352E+01
       244  1.747824E+01
       245  1.352904E+01
       246  3.975986E+02
       247  2.098375E+02
       248  8.302352E+01
       249  1.747824E+01
       250  1.352904E+01
       251  2.862199E+01
       252  4.481592E+01
       253  2.884455E+01
       254  4.505569E+01
       255  2.914747E+01
       256  4.540375E+01
       257  2.962166E+01
       258  4.583455E+01
       259  1.198726E+01
       260  1.859142E+01
       261  1.198726E+01
       262  1.859142E+01
       263  2.962166E+01
       264  4.583455E+01
       265  2.914747E+01
       266  4.540375E+01
       267  2.884455E+01
       268  4.505569E+01
       269  2.862199E+01
       270  4.481592E+01
       271  4.232346E+02
       272  2.243182E+02
       273  8.956699E+01
       274  1.919142E+01
       275  1.345573E+01
       276  4.232346E+02
       277  2.243182E+02
       278  8.956699E+01
       279  1.919142E+01
       280  1.345573E+01
       281  2.993954E+01
       282  4.762523E+01
       283  3.017233E+01
       284  4.790137E+01
       285  3.049807E+01
       286  4.830104E+01
       287  3.099861E+01
       288  4.879152E+01
       289  1.250544E+01
       290  1.972961E+01
       291  1.250544E+01
       292  1.972961E+01
       293  3.099861E+01
       294  4.879152E+01
       295  3.049807E+01
       296  4.830104E+01
       297  3.017233E+01
       298  4.790137E+01
       299  2.993954E+01
       300  4.762523E+01
       301  4.476270E+02
       302  2.382938E+02
       303  9.604985E+01
       304  2.098985E+01
       305  1.330758E+01
       306  4.476270E+02
       307  2.382938E+02
       308  9.604985E+01
       309  2.098985E+01
       310  1.330758E+01
       311  3.111456E+01
       312  5.033004E+01
       313  3.135426E+01
       314  5.063306E+01
       315  3.169778E+01
       316  5.107362E+01
       317  3.221575E+01
       318  5.161351E+01
       319  1.295175E+01
       320  2.079783E+01
       321  1.295175E+01
       322  2.079783E+01
       323  3.221575E+01
       324  5.161351E+01
       325  3.169778E+01
       326  5.107362E+01
       327  3.135426E+01
       328  5.063306E+01
       329  3.111456E+01
       330  5.033004E+01
       331  4.702069E+02
       332  2.514539E+02
       333  1.023475E+02
       334  2.285757E+01
       335  1.309924E+01
       336  4.702069E+02
       337  2.514539E+02
       338  1.023475E+02
       339  2.285757E+01
       340  1.309924E+01
       341  3.210985E+01
       342  5.286366E+01
       343  3.235413E+01
       344  5.318675E+01
       345  3.271193E+01
       346  5.366076E+01
       347  3.324173E+01
       348  5.424228E+01
       349  1.331375E+01
       350  2.177284E+01
       351  1.331375E+01
       352  2.177284E+01
       353  3.324173E+01
       354  5.424228E+01
       355  3.271193E+01
       356  5.366076E+01
       357  3.235413E+01
       358  5.318675E+01
       359  3.210985E+01
       360  5.286366E+01
       361  4.903878E+02
       362  2.634712E+02
       363  1.083221E+02
       364  2.477204E+01
       365  1.284769E+01
       366  4.903878E+02
       367  2.634712E+02
       368  1.083221E+02
       369  2.477204E+01
       370  1.284769E+01
       371  3.289040E+01
       372  5.515889E+01
       373  3.313756E+01
       374  5.549706E+01
       375  3.350741E+01
       376  5.599973E+01
       377  3.404672E+01
       378  5.661733E+01
       379  1.358002E+01
       380  2.263104E+01
       381  1.358002E+01
       382  2.263104E+01
       383  3.404672E+01
       384  5.661733E+01
       385  3.350741E+01
       386  5.599973E+01
       387  3.313756E+01
       388  5.549706E+01
       389  3.289040E+01
       390  5.515889E+01
       391  5.075616E+02
       392  2.739994E+02
       393  1.138219E+02
       394  2.670410E+01
       395  1.257200E+01
       396  5.075616E+02
       397  2.739994E+02
       398  1.138219E+02
       399  2.670410E+01
       400  1.257200E+01
       401  3.342320E+01
       402  5.714845E+01
       403  3.367215E+01
       404  5.749778E+01
       405  3.405294E+01
       406  5.802613E+01
       407  3.460282E+01
       408  5.867595E+01
       409  1.374037E+01
       410  2.334837E+01
       411  1.374037E+01
       412  2.334837E+01
       413  3.460282E+01
       414  5.867595E+01
       415  3.405294E+01
       416  5.802613E+01
       417  3.367215E+01
       418  5.749778E+01
       419  3.342320E+01
       420  5.714845E+01
       421  5.210944E+02
       422  2.826717E+02
       423  1.186809E+02
       424  2.861777E+01
       425  1.229335E+01
       426  5.210944E+02
       427  2.826717E+02
       428  1.186809E+02
       429  2.861777E+01
       430  1.229335E+01
       431  3.367729E+01
       432  5.876386E+01
       433  3.392751E+01
       434  5.912090E+01
       435  3.431917E+01
       436  5.967308E+01
       437  3.488407E+01
       438  6.035234E+01
       439  1.378574E+01
       440  2.390004E+01
       441  1.378574E+01
       442  2.390004E+01
       443  3.488407E+01
       444  6.035234E+01
       445  3.431917E+01
       446  5.967308E+01
       447  3.392751E+01
       448  5.912090E+01
       449  3.367729E+01
       450  5.876386E+01
       451  5.303218E+02
       452  2.890982E+02
       453  1.227176E+02
       454  3.047011E+01
       455  1.203525E+01
       456  5.303218E+02
       457  2.890982E+02
       458  1.227176E+02
       459  3.047011E+01
       460  1.203525E+01
       461  3.362399E+01
       462  5.993376E+01
       463  3.387549E+01
       464  6.029517E+01
       465  3.427877E+01
       466  6.086995E+01
       467  3.486655E+01
       468  6.157635E+01
       469  1.370825E+01
       470  2.426004E+01
       471  1.370825E+01
       472  2.426004E+01
       473  3.486655E+01
       474  6.157635E+01
       475  3.427877E+01
       476  6.086995E+01
       477  3.387549E+01
       478  6.029517E+01
       479  3.362399E+01
       480  5.993376E+01
       481  5.345484E+02
       482  2.928663E+02
       483  1.257357E+02
       484  3.221130E+01
       485  1.182386E+01
       486  5.345484E+02
       487  2.928663E+02
       488  1.257357E+02
       489  3.221130E+01
       490  1.182386E+01
       491  3.323733E+01
       492  6.058247E+01
       493  3.349051E+01
       494  6.094482E+01
       495  3.390669E+01
       496  6.154125E+01
       497  3.452852E+01
       498  6.227233E+01
       499  1.350127E+01
       500  2.440074E+01
       501  1.350127E+01
       502  2.440074E+01
       503  3.452852E+01
       504  6.227233E+01
       505  3.390669E+01
       506  6.154125E+01
       507  3.349051E+01
       508  6.094482E+01
       509  3.323733E+01
       510  6.058247E+01
       511  5.330557E+02
       512  2.935452E+02
       513  1.275254E+02
       514  3.378501E+01
       515  1.168830E+01
       516  5.330557E+02
       517  2.935452E+02
       518  1.275254E+02
       519  3.378501E+01
       520  1.168830E+01
       521  3.249481E+01
       522  6.062933E+01
       523  3.275031E+01
       524  6.098909E+01
       525  3.318079E+01
       526  6.160622E+01
       527  3.385112E+01
       528  6.235878E+01
       529  1.315968E+01
       530  2.429288E+01
       531  1.315968E+01
       532  2.429288E+01
       533  3.385112E+01
       534  6.235878E+01
       535  3.318079E+01
       536  6.160622E+01
       537  3.275031E+01
       538  6.098909E+01
       539  3.249481E+01
       540  6.062933E+01
       541  5.251240E+02
       542  2.906987E+02
       543  1.278688E+02
       544  3.512910E+01
       545  1.166062E+01
       546  5.251240E+02
       547  2.906987E+02
       548  1.278688E+02
       549  3.512910E+01
       550  1.166062E+01
       551  3.137851E+01
       552  5.998956E+01
       553  3.163711E+01
       554  6.034322E+01
       555  3.208303E+01
       556  6.098003E+01
       557  3.281975E+01
       558  6.174949E+01
       559  1.268050E+01
       560  2.390620E+01
       561  1.268050E+01
       562  2.390620E+01
       563  3.281975E+01
       564  6.174949E+01
       565  3.208303E+01
       566  6.098003E+01
       567  3.163711E+01
       568  6.034322E+01
       569  3.137851E+01
       570  5.998956E+01
       571  5.100752E+02
       572  2.839082E+02
       573  1.265492E+02
       574  3.617692E+01
       575  1.177504E+01
       576  5.100752E+02
       577  2.839082E+02
       578  1.265492E+02
       579  3.617692E+01
       580  1.177504E+01
       581  2.987677E+01
       582  5.857676E+01
       583  3.013939E+01
       584  5.892133E+01
       585  3.060141E+01
       586  5.957703E+01
       587  3.142625E+01
       588  6.035725E+01
       589  1.206381E+01
       590  2.321113E+01
       591  1.206381E+01
       592  2.321113E+01
       593  3.142625E+01
       594  6.035725E+01
       595  3.060141E+01
       596  5.957703E+01
       597  3.013939E+01
       598  5.892133E+01
       599  2.987677E+01
       600  5.857676E+01
       601  4.873405E+02
       602  2.728098E+02
       603  1.233663E+02
       604  3.685943E+01
       605  1.206623E+01
       606  4.873405E+02
       607  2.728098E+02
       608  1.233663E+02
       609  3.685943E+01
       610  1.206623E+01
       611  2.798623E+01
       612  5.630806E+01
       613  2.825407E+01
       614  5.664198E+01
       615  2.873256E+01
       616  5.731699E+01
       617  2.967210E+01
       618  5.810064E+01
       619  1.131411E+01
       620  2.218172E+01
       621  1.131411E+01
       622  2.218172E+01
       623  2.967210E+01
       624  5.810064E+01
       625  2.873256E+01
       626  5.731699E+01
       627  2.825407E+01
       628  5.664198E+01
       629  2.798623E+01
       630  5.630806E+01
       631  4.565552E+02
       632  2.571453E+02
       633  1.181571E+02
       634  3.710875E+01
       635  1.256667E+01
       636  4.565552E+02
       637  2.571453E+02
       638  1.181571E+02
       639  3.710875E+01
       640  1.256667E+01
       641  2.571430E+01
       642  5.311259E+01
       643  2.598928E+01
       644  5.343732E+01
       645  2.648503E+01
       646  5.413516E+01
       647  2.757244E+01
       648  5.491517E+01
       649  1.044192E+01
       650  2.080017E+01
       651  1.044192E+01
       652  2.080017E+01
       653  2.757244E+01
       654  5.491517E+01
       655  2.648503E+01
       656  5.413516E+01
       657  2.598928E+01
       658  5.343732E+01
       659  2.571430E+01
       660  5.311259E+01
       661  4.176738E+02
       662  2.368262E+02
       663  1.108244E+02
       664  3.686467E+01
       665  1.330396E+01
       666  4.176738E+02
       667  2.368262E+02
       668  1.108244E+02
       669  3.686467E+01
       670  1.330396E+01
       671  2.308206E+01
       672  4.894615E+01
       673  2.336746E+01
       674  4.926783E+01
       675  2.388315E+01
       676  4.999744E+01
       677  2.516096E+01
       678  5.076906E+01
       679  9.465677E+00
       680  1.906293E+01
       681  9.465677E+00
       682  1.906293E+01
       683  2.516096E+01
       684  5.076906E+01
       685  2.388315E+01
       686  4.999744E+01
       687  2.336746E+01
       688  4.926783E+01
       689  2.308206E+01
       690  4.894615E+01
       691  3.710914E+02
       692  2.120030E+02
       693  1.013717E+02
       694  3.608715E+01
       695  1.430115E+01
       696  3.710914E+02
       697  2.120030E+02
       698  1.013717E+02
       699  3.608715E+01
       700  1.430115E+01
       701  2.012907E+01
       702  4.381740E+01
       703  2.043001E+01
       704  4.414634E+01
       705  2.097173E+01
       706  4.492174E+01
       707  2.249529E+01
       708  4.568341E+01
       709  8.413492E+00
       710  1.698769E+01
       711  8.413492E+00
       712  1.698769E+01
       713  2.249529E+01
       714  4.568341E+01
       715  2.097173E+01
       716  4.492174E+01
       717  2.043001E+01
       718  4.414634E+01
       719  2.012907E+01
       720  4.381740E+01
       721  3.177455E+02
       722  1.831288E+02
       723  8.994249E+01
       724  3.477979E+01
       725  1.558745E+01
       726  3.177455E+02
       727  1.831288E+02
       728  8.994249E+01
       729  3.477979E+01
       730  1.558745E+01
       731  1.692398E+01
       732  3.783582E+01
       733  1.724614E+01
       734  3.817552E+01
       735  1.782234E+01
       736  3.900424E+01
       737  1.966228E+01
       738  3.975215E+01
       739  7.324189E+00
       740  1.461916E+01
       741  7.324189E+00
       742  1.461916E+01
       743  1.966228E+01
       744  3.975215E+01
       745  1.782234E+01
       746  3.900424E+01
       747  1.724614E+01
       748  3.817552E+01
       749  1.692398E+01
       750  3.783582E+01
       751  2.591840E+02
       752  1.510078E+02
       753  7.686104E+01
       754  3.302962E+01
       755  1.723305E+01
       756  2.591840E+02
       757  1.510078E+02
       758  7.686104E+01
       759  3.302962E+01
       760  1.723305E+01
       761  1.359098E+01
       762  3.128760E+01
       763  1.393300E+01
       764  3.159648E+01
       765  1.454422E+01
       766  3.243845E+01
       767  1.678470E+01
       768  3.314618E+01
       769  6.246937E+00
       770  1.202774E+01
       771  6.246937E+00
       772  1.202774E+01
       773  1.678470E+01
       774  3.314618E+01
       775  1.454422E+01
       776  3.243845E+01
       777  1.393300E+01
       778  3.159648E+01
       779  1.359098E+01
       780  3.128760E+01
       781  1.976077E+02
       782  1.168508E+02
       783  6.271721E+01
       784  3.109523E+01
       785  1.940526E+01
       786  1.976077E+02
       787  1.168508E+02
       788  6.271721E+01
       789  3.109523E+01
       790  1.940526E+01
       791  1.035342E+01
       792  2.471852E+01
       793  1.069937E+01
       794  2.482815E+01
       795  1.131462E+01
       796  2.551671E+01
       797  1.403346E+01
       798  2.609447E+01
       799  5.237416E+00
       800  9.299425E+00
       801  5.237416E+00
       802  9.299425E+00
       803  1.403346E+01
       804  2.609447E+01
       805  1.131462E+01
       806  2.551671E+01
       807  1.069937E+01
       808  2.482815E+01
       809  1.035342E+01
       810  2.471852E+01
       811  1.356257E+02
       812  8.252716E+01
       813  4.877381E+01
       814  2.954505E+01
       815  2.226866E+01
       816  1.356257E+02
       817  8.252716E+01
       818  4.877381E+01
       819  2.954505E+01
       820  2.226866E+01
       821  7.645262E+00
       822  1.887494E+01
       823  7.989745E+00
       824  1.844415E+01
       825  8.500200E+00
       826  1.862631E+01
       827  1.167302E+01
       828  1.890232E+01
       829  4.340275E+00
       830  6.547026E+00
       831  4.340275E+00
       832  6.547026E+00
       833  1.167302E+01
       834  1.890232E+01
       835  8.500200E+00
       836  1.862631E+01
       837  7.989745E+00
       838  1.844415E+01
       839  7.645262E+00
       840  1.887494E+01
       841  7.616411E+01
       842  5.136588E+01
       843  3.746627E+01
       844  2.913749E+01
       845  2.523035E+01
       846  7.616411E+01
       847  5.136588E+01
       848  3.746627E+01
       849  2.913749E+01
       850  2.523035E+01
       851  6.235915E+00
       852  1.430601E+01
       853  6.825899E+00
       854  1.314566E+01
       855  7.030546E+00
       856  1.247372E+01
       857  1.025485E+01
       858  1.226703E+01
       859  3.527754E+00
       860  4.043025E+00
       861  3.527754E+00
       862  4.043025E+00
       863  1.025485E+01
       864  1.226703E+01
       865  7.030546E+00
       866  1.247372E+01
       867  6.825899E+00
       868  1.314566E+01
       869  6.235915E+00
       870  1.430601E+01
       871  2.665968E+01
       872  2.596547E+01
       873  2.794394E+01
       874  2.815179E+01
       875  2.583432E+01
       876  2.665968E+01
       877  2.596547E+01
       878  2.794394E+01
       879  2.815179E+01
       880  2.583432E+01
       881  6.936493E+00
       882  1.058134E+01
       883  8.400080E+00
       884  9.518520E+00
       885  8.542920E+00
       886  8.880789E+00
       887  1.168217E+01
       888  8.995968E+00
       889  2.546133E+00
       890  3.076007E+00
       891  2.546133E+00
       892  3.076007E+00
       893  1.168217E+01
       894  8.995968E+00
       895  8.542920E+00
       896  8.880789E+00
       897  8.400080E+00
       898  9.518520E+00
       899  6.936493E+00
       900  1.058134E+01
       901  3.439243E+00
       902  7.768151E+00
       903  1.403758E+01
       904  2.073588E+01
       905  2.403454E+01
       906  3.439243E+00
       907  7.768151E+00
       908  1.403758E+01
       909  2.073588E+01
       910  2.403454E+01
       911  7.111401E+00
       912  7.030352E+00
       913  8.194208E+00
       914  6.811917E+00
       915  9.872967E+00
       916  8.137055E+00
       917  1.825444E+01
       918  1.371054E+01
       919  1.970628E+00
       920  6.700101E+00
       921  1.970628E+00
       922  6.700101E+00
       923  1.825444E+01
       924  1.371054E+01
       925  9.872967E+00
       926  8.137055E+00
       927  8.194208E+00
       928  6.811917E+00
       929  7.111401E+00
       930  7.030352E+00
       931  5.075548E-02
       932  6.716512E-01
       933  2.872399E+00
       934  9.379250E+00
       935  2.111027E+01
       936  5.075548E-02
       937  6.716512E-01
       938  2.872399E+00
       939  9.379250E+00
       940  2.111027E+01
       941  3.292545E+00
       942  6.518546E+00
       943  3.985042E+00
       944  4.613569E+00
       945  6.522293E+00
       946  8.978300E+00
       947  2.388730E+01
       948  2.282457E+01
       949  4.461323E+00
       950  1.471304E+01
       951  4.461323E+00
       952  1.471304E+01
       953  2.388730E+01
       954  2.282457E+01
       955  6.522293E+00
       956  8.978300E+00
       957  3.985042E+00
       958  4.613569E+00
       959  3.292545E+00
       960  6.518546E+00

                                INCREMENT    10


 displacements (vx,vy,vz) for set TIP_TOP and time  0.1456250E-01

      1559  1.171024E-01 -4.046465E-03 -2.591436E+00
      1560  1.170816E-01 -3.866974E-03 -2.585534E+00
      1563  1.167597E-01 -3.716410E-03 -2.579925E+00
      1566  1.164901E-01 -2.959760E-03 -2.574505E+00
      1568  1.164470E-01 -1.044860E-03 -2.571264E+00
      1570  1.164527E-01  6.522340E-15 -2.571291E+00
      1572  1.164470E-01  1.044860E-03 -2.571264E+00
      1575  1.164901E-01  2.959760E-03 -2.574505E+00
      1578  1.167597E-01  3.716410E-03 -2.579925E+00
      1581  1.170816E-01  3.866974E-03 -2.585534E+00
      1584  1.171024E-01  4.046465E-03 -2.591436E+00

 forces (fx,fy,fz) for set CLAMP and time  0.1456250E-01

         1  5.523982E+03  6.553549E+03  2.860193E+03
         4  1.013134E+04  6.215229E-10  5.738482E+03
         5  7.660551E+03  1.037153E+04  2.451989E+01
         8  1.380666E+04  1.071445E-09  1.054741E+02
         9  5.005701E+03  6.694974E+03 -3.457885E+02
        12  8.977407E+03  8.565659E-10 -6.482284E+02
        13  2.405912E+03  3.157644E+03 -5.960035E+02
        16  4.304729E+03  6.064063E-10 -1.152877E+03
        17 -2.353884E+02 -4.167567E+02 -6.734890E+02
        20 -4.391498E+02  3.454559E-10 -1.314841E+03
        21 -1.441678E+03 -1.490593E+03 -2.378257E+03
        24 -2.614541E+03  9.205066E-11 -7.555613E+02
        26  5.523982E+03 -6.553549E+03  2.860193E+03
        28  7.660551E+03 -1.037153E+04  2.451989E+01
        30  5.005701E+03 -6.694974E+03 -3.457885E+02
        32  2.405912E+03 -3.157644E+03 -5.960035E+02
        34 -2.353884E+02  4.167567E+02 -6.734890E+02
        36 -1.441678E+03  1.490593E+03 -2.378257E+03
        37 -7.226303E+02 -7.227179E+02 -2.246215E+03
        40 -6.626362E+02 -2.534785E+02 -4.086192E+03
        41 -2.439750E+03 -1.575951E+03 -3.666819E+02
        44 -3.719847E+03 -5.496034E+02 -7.223476E+02
        45 -1.956660E+03 -8.550684E+02  2.523939E+03
        48 -3.542339E+03 -2.964217E+02  4.776015E+03
        50 -3.894584E+02 -2.264411E+02 -3.911024E+03
        52 -3.633617E+03 -4.865993E+02 -7.548543E+02
        54 -3.752264E+03 -2.603041E+02  4.723897E+03
        56 -2.162897E+02 -1.576495E+02 -3.934354E+03
        58 -3.719847E+03 -3.413440E+02 -7.531868E+02
        60 -4.033683E+03 -1.842912E+02  4.866684E+03
        62 -2.697655E+03 -1.372898E+02 -5.038288E+02
        64 -3.015739E+03 -7.306531E+01  3.555894E+03
        66 -1.587810E+03  4.989039E-11 -2.896068E+02
        68 -1.799589E+03  3.848095E-11  2.114050E+03
        70 -2.697655E+03  1.372898E+02 -5.038288E+02
        72 -3.015739E+03  7.306531E+01  3.555894E+03
        74 -2.162897E+02  1.576495E+02 -3.934354E+03
        76 -3.719847E+03  3.413440E+02 -7.531868E+02
        78 -4.033683E+03  1.842912E+02  4.866684E+03
        80 -3.894584E+02  2.264411E+02 -3.911024E+03
        82 -3.633617E+03  4.865993E+02 -7.548543E+02
        84 -3.752264E+03  2.603041E+02  4.723897E+03
        86 -6.626362E+02  2.534785E+02 -4.086192E+03
        88 -3.719847E+03  5.496034E+02 -7.223476E+02
        90 -3.542339E+03  2.964217E+02  4.776015E+03
        92 -7.226303E+02  7.227179E+02 -2.246215E+03
        94 -2.439750E+03  1.575951E+03 -3.666819E+02
        96 -1.956660E+03  8.550684E+02  2.523939E+03

 internal energy (element, energy) for set EALL and time  0.1456250E-01

         1  7.978628E+01
         2  3.829348E+01
         3  1.369438E+01
         4  2.239966E+00
         5  3.779937E+00
         6  7.978628E+01
         7  3.829348E+01
         8  1.369438E+01
         9  2.239966E+00
        10  3.779937E+00
        11  6.800712E+00
        12  9.344389E+00
        13  6.044101E+00
        14  8.656572E+00
        15  6.001126E+00
        16  8.786382E+00
        17  6.290410E+00
        18  9.171208E+00
        19  2.681669E+00
        20  3.903664E+00
        21  2.681669E+00
        22  3.903664E+00
        23  6.290410E+00
        24  9.171208E+00
        25  6.001126E+00
        26  8.786382E+00
        27  6.044101E+00
        28  8.656572E+00
        29  6.800712E+00
        30  9.344389E+00
        31  7.260882E+01
        32  3.890190E+01
        33  1.428278E+01
        34  2.484822E+00
        35  3.757635E+00
        36  7.260882E+01
        37  3.890190E+01
        38  1.428278E+01
        39  2.484822E+00
        40  3.757635E+00
        41  5.016168E+00
        42  7.993273E+00
        43  5.664947E+00
        44  8.753695E+00
        45  5.849079E+00
        46  8.887318E+00
        47  6.178159E+00
        48  9.108285E+00
        49  2.649151E+00
        50  3.828779E+00
        51  2.649151E+00
        52  3.828779E+00
        53  6.178159E+00
        54  9.108285E+00
        55  5.849079E+00
        56  8.887318E+00
        57  5.664947E+00
        58  8.753695E+00
        59  5.016168E+00
        60  7.993273E+00
        61  8.611077E+01
        62  4.517272E+01
        63  1.726653E+01
        64  3.402191E+00
        65  4.573442E+00
        66  8.611077E+01
        67  4.517272E+01
        68  1.726653E+01
        69  3.402191E+00
        70  4.573442E+00
        71  6.378348E+00
        72  9.116007E+00
        73  6.900746E+00
        74  9.689596E+00
        75  7.283596E+00
        76  1.011354E+01
        77  7.423058E+00
        78  1.030169E+01
        79  3.038473E+00
        80  4.248934E+00
        81  3.038473E+00
        82  4.248934E+00
        83  7.423058E+00
        84  1.030169E+01
        85  7.283596E+00
        86  1.011354E+01
        87  6.900746E+00
        88  9.689596E+00
        89  6.378348E+00
        90  9.116007E+00
        91  8.462819E+01
        92  4.358931E+01
        93  1.649705E+01
        94  3.251726E+00
        95  4.013974E+00
        96  8.462819E+01
        97  4.358931E+01
        98  1.649705E+01
        99  3.251726E+00
       100  4.013974E+00
       101  6.497164E+00
       102  9.356274E+00
       103  6.650154E+00
       104  9.556462E+00
       105  6.816126E+00
       106  9.778430E+00
       107  6.921501E+00
       108  9.909378E+00
       109  2.841627E+00
       110  4.075897E+00
       111  2.841627E+00
       112  4.075897E+00
       113  6.921501E+00
       114  9.909378E+00
       115  6.816126E+00
       116  9.778430E+00
       117  6.650154E+00
       118  9.556462E+00
       119  6.497164E+00
       120  9.356274E+00
       121  8.151267E+01
       122  4.214364E+01
       123  1.605421E+01
       124  3.212086E+00
       125  3.600388E+00
       126  8.151267E+01
       127  4.214364E+01
       128  1.605421E+01
       129  3.212086E+00
       130  3.600388E+00
       131  6.318500E+00
       132  9.265896E+00
       133  6.346948E+00
       134  9.305102E+00
       135  6.397380E+00
       136  9.365754E+00
       137  6.463799E+00
       138  9.412450E+00
       139  2.648949E+00
       140  3.854410E+00
       141  2.648949E+00
       142  3.854410E+00
       143  6.463799E+00
       144  9.412450E+00
       145  6.397380E+00
       146  9.365754E+00
       147  6.346948E+00
       148  9.305102E+00
       149  6.318500E+00
       150  9.265896E+00
       151  7.836079E+01
       152  4.076685E+01
       153  1.572341E+01
       154  3.231118E+00
       155  3.272681E+00
       156  7.836079E+01
       157  4.076685E+01
       158  1.572341E+01
       159  3.231118E+00
       160  3.272681E+00
       161  6.047337E+00
       162  8.993550E+00
       163  6.049477E+00
       164  8.983126E+00
       165  6.066507E+00
       166  8.990012E+00
       167  6.106398E+00
       168  9.005403E+00
       169  2.488063E+00
       170  3.670241E+00
       171  2.488063E+00
       172  3.670241E+00
       173  6.106398E+00
       174  9.005403E+00
       175  6.066507E+00
       176  8.990012E+00
       177  6.049477E+00
       178  8.983126E+00
       179  6.047337E+00
       180  8.993550E+00
       181  7.523661E+01
       182  3.937829E+01
       183  1.537492E+01
       184  3.243941E+00
       185  2.984292E+00
       186  7.523661E+01
       187  3.937829E+01
       188  1.537492E+01
       189  3.243941E+00
       190  2.984292E+00
       191  5.744609E+00
       192  8.646415E+00
       193  5.745236E+00
       194  8.633928E+00
       195  5.751570E+00
       196  8.631444E+00
       197  5.778680E+00
       198  8.634779E+00
       199  2.342359E+00
       200  3.503126E+00
       201  2.342359E+00
       202  3.503126E+00
       203  5.778680E+00
       204  8.634779E+00
       205  5.751570E+00
       206  8.631444E+00
       207  5.745236E+00
       208  8.633928E+00
       209  5.744609E+00
       210  8.646415E+00
       211  7.220588E+01
       212  3.801213E+01
       213  1.501496E+01
       214  3.247474E+00
       215  2.720548E+00
       216  7.220588E+01
       217  3.801213E+01
       218  1.501496E+01
       219  3.247474E+00
       220  2.720548E+00
       221  5.447141E+00
       222  8.289852E+00
       223  5.446707E+00
       224  8.283145E+00
       225  5.448006E+00
       226  8.281119E+00
       227  5.467014E+00
       228  8.278939E+00
       229  2.204866E+00
       230  3.344350E+00
       231  2.204866E+00
       232  3.344350E+00
       233  5.467014E+00
       234  8.278939E+00
       235  5.448006E+00
       236  8.281119E+00
       237  5.446707E+00
       238  8.283145E+00
       239  5.447141E+00
       240  8.289852E+00
       241  6.930608E+01
       242  3.669362E+01
       243  1.465607E+01
       244  3.243942E+00
       245  2.477043E+00
       246  6.930608E+01
       247  3.669362E+01
       248  1.465607E+01
       249  3.243942E+00
       250  2.477043E+00
       251  5.162299E+00
       252  7.948855E+00
       253  5.159552E+00
       254  7.945856E+00
       255  5.156466E+00
       256  7.944666E+00
       257  5.169209E+00
       258  7.939182E+00
       259  2.074635E+00
       260  3.193774E+00
       261  2.074635E+00
       262  3.193774E+00
       263  5.169209E+00
       264  7.939182E+00
       265  5.156466E+00
       266  7.944666E+00
       267  5.159552E+00
       268  7.945856E+00
       269  5.162299E+00
       270  7.948855E+00
       271  6.658490E+01
       272  3.545020E+01
       273  1.431183E+01
       274  3.237313E+00
       275  2.253823E+00
       276  6.658490E+01
       277  3.545020E+01
       278  1.431183E+01
       279  3.237313E+00
       280  2.253823E+00
       281  4.893226E+00
       282  7.632675E+00
       283  4.887961E+00
       284  7.631548E+00
       285  4.881161E+00
       286  7.630360E+00
       287  4.888811E+00
       288  7.622158E+00
       289  1.952835E+00
       290  3.053545E+00
       291  1.952835E+00
       292  3.053545E+00
       293  4.888811E+00
       294  7.622158E+00
       295  4.881161E+00
       296  7.630360E+00
       297  4.887961E+00
       298  7.631548E+00
       299  4.893226E+00
       300  7.632675E+00
       301  6.408716E+01
       302  3.430664E+01
       303  1.399442E+01
       304  3.231734E+00
       305  2.051724E+00
       306  6.408716E+01
       307  3.430664E+01
       308  1.399442E+01
       309  3.231734E+00
       310  2.051724E+00
       311  4.641508E+00
       312  7.346166E+00
       313  4.634438E+00
       314  7.346040E+00
       315  4.625147E+00
       316  7.344490E+00
       317  4.629039E+00
       318  7.334176E+00
       319  1.840735E+00
       320  2.925916E+00
       321  1.840735E+00
       322  2.925916E+00
       323  4.629039E+00
       324  7.334176E+00
       325  4.625147E+00
       326  7.344490E+00
       327  4.634438E+00
       328  7.346040E+00
       329  4.641508E+00
       330  7.346166E+00
       331  6.184457E+01
       332  3.328083E+01
       333  1.371331E+01
       334  3.231235E+00
       335  1.871508E+00
       336  6.184457E+01
       337  3.328083E+01
       338  1.371331E+01
       339  3.231235E+00
       340  1.871508E+00
       341  4.408159E+00
       342  7.091952E+00
       343  4.400393E+00
       344  7.092511E+00
       345  4.390195E+00
       346  7.090820E+00
       347  4.391920E+00
       348  7.079435E+00
       349  1.739091E+00
       350  2.812386E+00
       351  1.739091E+00
       352  2.812386E+00
       353  4.391920E+00
       354  7.079435E+00
       355  4.390195E+00
       356  7.090820E+00
       357  4.400393E+00
       358  7.092511E+00
       359  4.408159E+00
       360  7.091952E+00
       361  5.986862E+01
       362  3.238061E+01
       363  1.347424E+01
       364  3.239361E+00
       365  1.713522E+00
       366  5.986862E+01
       367  3.238061E+01
       368  1.347424E+01
       369  3.239361E+00
       370  1.713522E+00
       371  4.193207E+00
       372  6.870605E+00
       373  4.185960E+00
       374  6.871864E+00
       375  4.176564E+00
       376  6.870699E+00
       377  4.177957E+00
       378  6.859686E+00
       379  1.647946E+00
       380  2.713472E+00
       381  1.647946E+00
       382  2.713472E+00
       383  4.177957E+00
       384  6.859686E+00
       385  4.176564E+00
       386  6.870699E+00
       387  4.185960E+00
       388  6.871864E+00
       389  4.193207E+00
       390  6.870605E+00
       391  5.814651E+01
       392  3.160140E+01
       393  1.327805E+01
       394  3.258626E+00
       395  1.577558E+00
       396  5.814651E+01
       397  3.160140E+01
       398  1.327805E+01
       399  3.258626E+00
       400  1.577558E+00
       401  3.995474E+00
       402  6.680322E+00
       403  3.989890E+00
       404  6.682504E+00
       405  3.982961E+00
       406  6.682848E+00
       407  3.986075E+00
       408  6.673944E+00
       409  1.566599E+00
       410  2.628608E+00
       411  1.566599E+00
       412  2.628608E+00
       413  3.986075E+00
       414  6.673944E+00
       415  3.982961E+00
       416  6.682848E+00
       417  3.989890E+00
       418  6.682504E+00
       419  3.995474E+00
       420  6.680322E+00
       421  5.663937E+01
       422  3.092491E+01
       423  1.311977E+01
       424  3.290018E+00
       425  1.462830E+00
       426  5.663937E+01
       427  3.092491E+01
       428  1.311977E+01
       429  3.290018E+00
       430  1.462830E+00
       431  3.812487E+00
       432  6.516629E+00
       433  3.809522E+00
       434  6.520079E+00
       435  3.806552E+00
       436  6.523122E+00
       437  3.813595E+00
       438  6.518226E+00
       439  1.493633E+00
       440  2.556056E+00
       441  1.493633E+00
       442  2.556056E+00
       443  3.813595E+00
       444  6.518226E+00
       445  3.806552E+00
       446  6.523122E+00
       447  3.809522E+00
       448  6.520079E+00
       449  3.812487E+00
       450  6.516629E+00
       451  5.528234E+01
       452  3.031875E+01
       453  1.298818E+01
       454  3.332699E+00
       455  1.368122E+00
       456  5.528234E+01
       457  3.031875E+01
       458  1.298818E+01
       459  3.332699E+00
       460  1.368122E+00
       461  3.640544E+00
       462  6.372218E+00
       463  3.640885E+00
       464  6.377347E+00
       465  3.643075E+00
       466  6.384371E+00
       467  3.656295E+00
       468  6.385387E+00
       469  1.427007E+00
       470  2.492844E+00
       471  1.427007E+00
       472  2.492844E+00
       473  3.656295E+00
       474  6.385387E+00
       475  3.643075E+00
       476  6.384371E+00
       477  3.640885E+00
       478  6.377347E+00
       479  3.640544E+00
       480  6.372218E+00
       481  5.398645E+01
       482  2.973710E+01
       483  1.286584E+01
       484  3.383949E+00
       485  1.292104E+00
       486  5.398645E+01
       487  2.973710E+01
       488  1.286584E+01
       489  3.383949E+00
       490  1.292104E+00
       491  3.474881E+00
       492  6.237012E+00
       493  3.478904E+00
       494  6.244247E+00
       495  3.487080E+00
       496  6.256512E+00
       497  3.508593E+00
       498  6.265146E+00
       499  1.364204E+00
       500  2.434774E+00
       501  1.364204E+00
       502  2.434774E+00
       503  3.508593E+00
       504  6.265146E+00
       505  3.487080E+00
       506  6.256512E+00
       507  3.478904E+00
       508  6.244247E+00
       509  3.474881E+00
       510  6.237012E+00
       511  5.264273E+01
       512  2.912260E+01
       513  1.272969E+01
       514  3.439316E+00
       515  1.233754E+00
       516  5.264273E+01
       517  2.912260E+01
       518  1.272969E+01
       519  3.439316E+00
       520  1.233754E+00
       521  3.309930E+00
       522  6.098502E+00
       523  3.317713E+00
       524  6.108250E+00
       525  3.332281E+00
       526  6.126874E+00
       527  3.363919E+00
       528  6.144420E+00
       529  1.302441E+00
       530  2.376564E+00
       531  1.302441E+00
       532  2.376564E+00
       533  3.363919E+00
       534  6.144420E+00
       535  3.332281E+00
       536  6.126874E+00
       537  3.317713E+00
       538  6.108250E+00
       539  3.309930E+00
       540  6.098502E+00
       541  5.112863E+01
       542  2.840945E+01
       543  1.255222E+01
       544  3.492889E+00
       545  1.192743E+00
       546  5.112863E+01
       547  2.840945E+01
       548  1.255222E+01
       549  3.492889E+00
       550  1.192743E+00
       551  3.139677E+00
       552  5.942361E+00
       553  3.151065E+00
       554  5.954984E+00
       555  3.172024E+00
       556  5.980856E+00
       557  3.215284E+00
       558  6.008022E+00
       559  1.238945E+00
       560  2.312164E+00
       561  1.238945E+00
       562  2.312164E+00
       563  3.215284E+00
       564  6.008022E+00
       565  3.172024E+00
       566  5.980856E+00
       567  3.151065E+00
       568  5.954984E+00
       569  3.139677E+00
       570  5.942361E+00
       571  4.931665E+01
       572  2.752781E+01
       573  1.230316E+01
       574  3.537618E+00
       575  1.169672E+00
       576  4.931665E+01
       577  2.752781E+01
       578  1.230316E+01
       579  3.537618E+00
       580  1.169672E+00
       581  2.958102E+00
       582  5.753324E+00
       583  2.972799E+00
       584  5.769136E+00
       585  2.999834E+00
       586  5.802909E+00
       587  3.055997E+00
       588  5.839754E+00
       589  1.171240E+00
       590  2.235238E+00
       591  1.171240E+00
       592  2.235238E+00
       593  3.055997E+00
       594  5.839754E+00
       595  2.999834E+00
       596  5.802909E+00
       597  2.972799E+00
       598  5.769136E+00
       599  2.958102E+00
       600  5.753324E+00
       601  4.708465E+01
       602  2.640899E+01
       603  1.195146E+01
       604  3.565675E+00
       605  1.166116E+00
       606  4.708465E+01
       607  2.640899E+01
       608  1.195146E+01
       609  3.565675E+00
       610  1.166116E+00
       611  2.759653E+00
       612  5.516233E+00
       613  2.777345E+00
       614  5.535555E+00
       615  2.809995E+00
       616  5.577750E+00
       617  2.880454E+00
       618  5.623793E+00
       619  1.097450E+00
       620  2.139784E+00
       621  1.097450E+00
       622  2.139784E+00
       623  2.880454E+00
       624  5.623793E+00
       625  2.809995E+00
       626  5.577750E+00
       627  2.777345E+00
       628  5.535555E+00
       629  2.759653E+00
       630  5.516233E+00
       631  4.432677E+01
       632  2.499130E+01
       633  1.146775E+01
       634  3.568949E+00
       635  1.184554E+00
       636  4.432677E+01
       637  2.499130E+01
       638  1.146775E+01
       639  3.568949E+00
       640  1.184554E+00
       641  2.539727E+00
       642  5.217224E+00
       643  2.560207E+00
       644  5.240492E+00
       645  2.598102E+00
       646  5.291724E+00
       647  2.684887E+00
       648  5.346219E+00
       649  1.016551E+00
       650  2.020774E+00
       651  1.016551E+00
       652  2.020774E+00
       653  2.684887E+00
       654  5.346219E+00
       655  2.598102E+00
       656  5.291724E+00
       657  2.560207E+00
       658  5.240492E+00
       659  2.539727E+00
       660  5.217224E+00
       661  4.096358E+01
       662  2.322568E+01
       663  1.082699E+01
       664  3.539906E+00
       665  1.228463E+00
       666  4.096358E+01
       667  2.322568E+01
       668  1.082699E+01
       669  3.539906E+00
       670  1.228463E+00
       671  2.295116E+00
       672  4.845121E+00
       673  2.318402E+00
       674  4.872997E+00
       675  2.361537E+00
       676  4.934238E+00
       677  2.467990E+00
       678  4.996517E+00
       679  9.285728E-01
       680  1.874742E+00
       681  9.285728E-01
       682  1.874742E+00
       683  2.467990E+00
       684  4.996517E+00
       685  2.361537E+00
       686  4.934238E+00
       687  2.318402E+00
       688  4.872997E+00
       689  2.295116E+00
       690  4.845121E+00
       691  3.694984E+01
       692  2.108071E+01
       693  1.001149E+01
       694  3.473232E+00
       695  1.303007E+00
       696  3.694984E+01
       697  2.108071E+01
       698  1.001149E+01
       699  3.473232E+00
       700  1.303007E+00
       701  2.024562E+00
       702  4.393547E+00
       703  2.050973E+00
       704  4.426782E+00
       705  2.099912E+00
       706  4.499295E+00
       707  2.231443E+00
       708  4.568916E+00
       709  8.347384E-01
       710  1.700204E+00
       711  8.347384E-01
       712  1.700204E+00
       713  2.231443E+00
       714  4.568916E+00
       715  2.099912E+00
       716  4.499295E+00
       717  2.050973E+00
       718  4.426782E+00
       719  2.024562E+00
       720  4.393547E+00
       721  3.227948E+01
       722  1.854685E+01
       723  9.014526E+00
       724  3.368752E+00
       725  1.417084E+00
       726  3.227948E+01
       727  1.854685E+01
       728  9.014526E+00
       729  3.368752E+00
       730  1.417084E+00
       731  1.729905E+00
       732  3.864993E+00
       733  1.759900E+00
       734  3.903133E+00
       735  1.815609E+00
       736  3.987147E+00
       737  1.980387E+00
       738  4.063244E+00
       739  7.375239E-01
       740  1.497806E+00
       741  7.375239E-01
       742  1.497806E+00
       743  1.980387E+00
       744  4.063244E+00
       745  1.815609E+00
       746  3.987147E+00
       747  1.759900E+00
       748  3.903133E+00
       749  1.729905E+00
       750  3.864993E+00
       751  2.699081E+01
       752  1.564124E+01
       753  7.844865E+00
       754  3.236223E+00
       755  1.587928E+00
       756  2.699081E+01
       757  1.564124E+01
       758  7.844865E+00
       759  3.236223E+00
       760  1.587928E+00
       761  1.419155E+00
       762  3.278142E+00
       763  1.452361E+00
       764  3.315163E+00
       765  1.514896E+00
       766  3.405203E+00
       767  1.724127E+00
       768  3.484091E+00
       769  6.406514E-01
       770  1.269714E+00
       771  6.406514E-01
       772  1.269714E+00
       773  1.724127E+00
       774  3.484091E+00
       775  1.514896E+00
       776  3.405203E+00
       777  1.452361E+00
       778  3.315163E+00
       779  1.419155E+00
       780  3.278142E+00
       781  2.117978E+01
       782  1.241896E+01
       783  6.538353E+00
       784  3.105660E+00
       785  1.847775E+00
       786  2.117978E+01
       787  1.241896E+01
       788  6.538353E+00
       789  3.105660E+00
       790  1.847775E+00
       791  1.112334E+00
       792  2.677682E+00
       793  1.146219E+00
       794  2.692355E+00
       795  1.211398E+00
       796  2.767796E+00
       797  1.477190E+00
       798  2.837804E+00
       799  5.488212E-01
       800  1.018157E+00
       801  5.488212E-01
       802  1.018157E+00
       803  1.477190E+00
       804  2.837804E+00
       805  1.211398E+00
       806  2.767796E+00
       807  1.146219E+00
       808  2.692355E+00
       809  1.112334E+00
       810  2.677682E+00
       811  1.499825E+01
       812  9.015963E+00
       813  5.210629E+00
       814  3.044893E+00
       815  2.232418E+00
       816  1.499825E+01
       817  9.015963E+00
       818  5.210629E+00
       819  3.044893E+00
       820  2.232418E+00
       821  8.570599E-01
       822  2.131724E+00
       823  8.886393E-01
       824  2.081313E+00
       825  9.407387E-01
       826  2.097449E+00
       827  1.263475E+00
       828  2.134791E+00
       829  4.662228E-01
       830  7.465101E-01
       831  4.662228E-01
       832  7.465101E-01
       833  1.263475E+00
       834  2.134791E+00
       835  9.407387E-01
       836  2.097449E+00
       837  8.886393E-01
       838  2.081313E+00
       839  8.570599E-01
       840  2.131724E+00
       841  8.684209E+00
       842  5.769439E+00
       843  4.129313E+00
       844  3.146303E+00
       845  2.687503E+00
       846  8.684209E+00
       847  5.769439E+00
       848  4.129313E+00
       849  3.146303E+00
       850  2.687503E+00
       851  7.450270E-01
       852  1.692194E+00
       853  7.999779E-01
       854  1.550271E+00
       855  8.078032E-01
       856  1.458141E+00
       857  1.138731E+00
       858  1.431522E+00
       859  3.895423E-01
       860  4.763155E-01
       861  3.895423E-01
       862  4.763155E-01
       863  1.138731E+00
       864  1.431522E+00
       865  8.078032E-01
       866  1.458141E+00
       867  7.999779E-01
       868  1.550271E+00
       869  7.450270E-01
       870  1.692194E+00
       871  3.119469E+00
       872  3.000580E+00
       873  3.203050E+00
       874  3.201953E+00
       875  2.911017E+00
       876  3.119469E+00
       877  3.000580E+00
       878  3.203050E+00
       879  3.201953E+00
       880  2.911017E+00
       881  8.687049E-01
       882  1.300193E+00
       883  1.025040E+00
       884  1.165917E+00
       885  1.014671E+00
       886  1.066646E+00
       887  1.331986E+00
       888  1.057261E+00
       889  2.898602E-01
       890  3.579362E-01
       891  2.898602E-01
       892  3.579362E-01
       893  1.331986E+00
       894  1.057261E+00
       895  1.014671E+00
       896  1.066646E+00
       897  1.025040E+00
       898  1.165917E+00
       899  8.687049E-01
       900  1.300193E+00
       901  4.110391E-01
       902  9.229366E-01
       903  1.664519E+00
       904  2.454010E+00
       905  2.832216E+00
       906  4.110391E-01
       907  9.229366E-01
       908  1.664519E+00
       909  2.454010E+00
       910  2.832216E+00
       911  8.921074E-01
       912  8.770194E-01
       913  1.008486E+00
       914  8.469752E-01
       915  1.188882E+00
       916  9.831385E-01
       917  2.145274E+00
       918  1.615556E+00
       919  2.306659E-01
       920  7.845518E-01
       921  2.306659E-01
       922  7.845518E-01
       923  2.145274E+00
       924  1.615556E+00
       925  1.188882E+00
       926  9.831385E-01
       927  1.008486E+00
       928  8.469752E-01
       929  8.921074E-01
       930  8.770194E-01
       931  6.206213E-03
       932  8.208270E-02
       933  3.497148E-01
       934  1.138290E+00
       935  2.559905E+00
       936  6.206213E-03
       937  8.208270E-02
       938  3.497148E-01
       939  1.138290E+00
       940  2.559905E+00
       941  4.087026E-01
       942  8.065584E-01
       943  4.875098E-01
       944  5.673239E-01
       945  7.852289E-01
       946  1.081231E+00
       947  2.863797E+00
       948  2.720430E+00
       949  5.418296E-01
       950  1.756782E+00
       951  5.418296E-01
       952  1.756782E+00
       953  2.863797E+00
       954  2.720430E+00
       955  7.852289E-01
       956  1.081231E+00
       957  4.875098E-01
       958  5.673239E-01
       959  4.087026E-01
       960  8.065584E-01

                                INCREMENT    15


 displacements (vx,vy,vz) for set TIP_TOP and time  0.2456250E-01

      1559  2.022712E-01 -6.796441E-04 -5.290509E+00
      1560  2.023195E-01 -6.706381E-04 -5.289594E+00
      1563  2.023566E-01 -6.199076E-04 -5.288681E+00
      1566  2.023921E-01 -4.594860E-04 -5.287883E+00
      1568  2.024128E-01 -1.540183E-04 -5.287401E+00
      1570  2.024095E-01 -2.334674E-13 -5.287363E+00
      1572  2.024128E-01  1.540183E-04 -5.287401E+00
      1575  2.023921E-01  4.594860E-04 -5.287883E+00
      1578  2.023566E-01  6.199076E-04 -5.288681E+00
      1581  2.023195E-01  6.706381E-04 -5.289594E+00
      1584  2.022712E-01  6.796441E-04 -5.290509E+00

 forces (fx,fy,fz) for set CLAMP and time  0.2456250E-01

         1  1.503675E+04  1.775124E+04  7.776931E+03
         4  2.759323E+04  4.309811E-10  1.560552E+04
         5  2.068110E+04  2.796904E+04  1.478983E+02
         8  3.727616E+04  6.976791E-10  4.531952E+02
         9  1.344574E+04  1.796268E+04 -7.905440E+02
        12  2.411165E+04  4.907745E-10 -1.459614E+03
        13  6.422868E+03  8.420883E+03 -1.439129E+03
        16  1.149101E+04  2.608024E-10 -2.766769E+03
        17 -6.996093E+02 -1.200792E+03 -1.645350E+03
        20 -1.296737E+03  4.522610E-11 -3.204060E+03
        21 -3.750823E+03 -4.090255E+03 -6.316149E+03
        24 -7.137204E+03 -5.608618E-11 -1.863835E+03
        26  1.503675E+04 -1.775124E+04  7.776931E+03
        28  2.068110E+04 -2.796904E+04  1.478983E+02
        30  1.344574E+04 -1.796268E+04 -7.905440E+02
        32  6.422868E+03 -8.420883E+03 -1.439129E+03
        34 -6.996093E+02  1.200792E+03 -1.645350E+03
        36 -3.750823E+03  4.090255E+03 -6.316149E+03
        37 -1.811730E+03 -1.916898E+03 -5.945213E+03
        40 -1.497775E+03 -6.890066E+02 -1.080548E+04
        41 -6.506165E+03 -4.203198E+03 -1.028658E+03
        44 -9.904457E+03 -1.498718E+03 -2.024931E+03
        45 -5.331447E+03 -2.291185E+03  6.740618E+03
        48 -9.698924E+03 -8.106696E+02  1.277577E+04
        50 -7.367879E+02 -6.263465E+02 -1.036934E+04
        52 -9.710428E+03 -1.353249E+03 -2.117051E+03
        54 -1.033243E+04 -7.270730E+02  1.269462E+04
        56 -2.353177E+02 -4.596555E+02 -1.050455E+04
        58 -1.001787E+04 -9.946224E+02 -2.105627E+03
        60 -1.120768E+04 -5.379197E+02  1.319093E+04
        62 -7.344133E+03 -4.235866E+02 -1.370560E+03
        64 -8.460025E+03 -2.240834E+02  9.733582E+03
        66 -4.342258E+03 -4.836370E-12 -7.725710E+02
        68 -5.067054E+03  9.824151E-12  5.811907E+03
        70 -7.344133E+03  4.235866E+02 -1.370560E+03
        72 -8.460025E+03  2.240834E+02  9.733582E+03
        74 -2.353177E+02  4.596555E+02 -1.050455E+04
        76 -1.001787E+04  9.946224E+02 -2.105627E+03
        78 -1.120768E+04  5.379197E+02  1.319093E+04
        80 -7.367879E+02  6.263465E+02 -1.036934E+04
        82 -9.710428E+03  1.353249E+03 -2.117051E+03
        84 -1.033243E+04  7.270730E+02  1.269462E+04
        86 -1.497775E+03  6.890066E+02 -1.080548E+04
        88 -9.904457E+03  1.498718E+03 -2.024931E+03
        90 -9.698924E+03  8.106696E+02  1.277577E+04
        92 -1.811730E+03  1.916898E+03 -5.945213E+03
        94 -6.506165E+03  4.203198E+03 -1.028658E+03
        96 -5.331447E+03  2.291185E+03  6.740618E+03

 internal energy (element, energy) for set EALL and time  0.2456250E-01

         1  5.839934E+02
         2  2.776972E+02
         3  9.875326E+01
         4  1.624406E+01
         5  2.821662E+01
         6  5.839934E+02
         7  2.776972E+02
         8  9.875326E+01
         9  1.624406E+01
        10  2.821662E+01
        11  4.795755E+01
        12  6.689359E+01
        13  4.286441E+01
        14  6.237055E+01
        15  4.302887E+01
        16  6.399909E+01
        17  4.604298E+01
        18  6.787038E+01
        19  1.990088E+01
        20  2.916402E+01
        21  1.990088E+01
        22  2.916402E+01
        23  4.604298E+01
        24  6.787038E+01
        25  4.302887E+01
        26  6.399909E+01
        27  4.286441E+01
        28  6.237055E+01
        29  4.795755E+01
        30  6.689359E+01
        31  5.220463E+02
        32  2.791277E+02
        33  1.026776E+02
        34  1.871793E+01
        35  2.820490E+01
        36  5.220463E+02
        37  2.791277E+02
        38  1.026776E+02
        39  1.871793E+01
        40  2.820490E+01
        41  3.508943E+01
        42  5.656609E+01
        43  3.991532E+01
        44  6.220673E+01
        45  4.163180E+01
        46  6.353928E+01
        47  4.456029E+01
        48  6.555791E+01
        49  1.918518E+01
        50  2.761711E+01
        51  1.918518E+01
        52  2.761711E+01
        53  4.456029E+01
        54  6.555791E+01
        55  4.163180E+01
        56  6.353928E+01
        57  3.991532E+01
        58  6.220673E+01
        59  3.508943E+01
        60  5.656609E+01
        61  6.077736E+02
        62  3.187265E+02
        63  1.224924E+02
        64  2.536503E+01
        65  3.373885E+01
        66  6.077736E+02
        67  3.187265E+02
        68  1.224924E+02
        69  2.536503E+01
        70  3.373885E+01
        71  4.422346E+01
        72  6.344116E+01
        73  4.808863E+01
        74  6.765924E+01
        75  5.111343E+01
        76  7.098633E+01
        77  5.256592E+01
        78  7.274005E+01
        79  2.152657E+01
        80  3.002863E+01
        81  2.152657E+01
        82  3.002863E+01
        83  5.256592E+01
        84  7.274005E+01
        85  5.111343E+01
        86  7.098633E+01
        87  4.808863E+01
        88  6.765924E+01
        89  4.422346E+01
        90  6.344116E+01
        91  5.851962E+02
        92  3.014530E+02
        93  1.148368E+02
        94  2.387732E+01
        95  2.910303E+01
        96  5.851962E+02
        97  3.014530E+02
        98  1.148368E+02
        99  2.387732E+01
       100  2.910303E+01
       101  4.439602E+01
       102  6.393556E+01
       103  4.554613E+01
       104  6.545314E+01
       105  4.689276E+01
       106  6.727174E+01
       107  4.798794E+01
       108  6.851262E+01
       109  1.969696E+01
       110  2.817643E+01
       111  1.969696E+01
       112  2.817643E+01
       113  4.798794E+01
       114  6.851262E+01
       115  4.689276E+01
       116  6.727174E+01
       117  4.554613E+01
       118  6.545314E+01
       119  4.439602E+01
       120  6.393556E+01
       121  5.508361E+02
       122  2.849104E+02
       123  1.094025E+02
       124  2.323249E+01
       125  2.577100E+01
       126  5.508361E+02
       127  2.849104E+02
       128  1.094025E+02
       129  2.323249E+01
       130  2.577100E+01
       131  4.228434E+01
       132  6.197421E+01
       133  4.253480E+01
       134  6.235645E+01
       135  4.302869E+01
       136  6.301059E+01
       137  4.381403E+01
       138  6.359831E+01
       139  1.793552E+01
       140  2.601724E+01
       141  1.793552E+01
       142  2.601724E+01
       143  4.381403E+01
       144  6.359831E+01
       145  4.302869E+01
       146  6.301059E+01
       147  4.253480E+01
       148  6.235645E+01
       149  4.228434E+01
       150  6.197421E+01
       151  5.161279E+02
       152  2.686465E+02
       153  1.045891E+02
       154  2.299089E+01
       155  2.319174E+01
       156  5.161279E+02
       157  2.686465E+02
       158  1.045891E+02
       159  2.299089E+01
       160  2.319174E+01
       161  3.943803E+01
       162  5.867959E+01
       163  3.951444E+01
       164  5.871468E+01
       165  3.978144E+01
       166  5.898895E+01
       167  4.040213E+01
       168  5.934655E+01
       169  1.643344E+01
       170  2.414639E+01
       171  1.643344E+01
       172  2.414639E+01
       173  4.040213E+01
       174  5.934655E+01
       175  3.978144E+01
       176  5.898895E+01
       177  3.951444E+01
       178  5.871468E+01
       179  3.943803E+01
       180  5.867959E+01
       181  4.812447E+02
       182  2.520034E+02
       183  9.947056E+01
       184  2.265982E+01
       185  2.096951E+01
       186  4.812447E+02
       187  2.520034E+02
       188  9.947056E+01
       189  2.265982E+01
       190  2.096951E+01
       191  3.633357E+01
       192  5.481455E+01
       193  3.641604E+01
       194  5.482935E+01
       195  3.663070E+01
       196  5.504236E+01
       197  3.720564E+01
       198  5.532406E+01
       199  1.505071E+01
       200  2.239393E+01
       201  1.505071E+01
       202  2.239393E+01
       203  3.720564E+01
       204  5.532406E+01
       205  3.663070E+01
       206  5.504236E+01
       207  3.641604E+01
       208  5.482935E+01
       209  3.633357E+01
       210  5.481455E+01
       211  4.463961E+02
       212  2.351167E+02
       213  9.406679E+01
       214  2.221592E+01
       215  1.897610E+01
       216  4.463961E+02
       217  2.351167E+02
       218  9.406679E+01
       219  2.221592E+01
       220  1.897610E+01
       221  3.323932E+01
       222  5.081672E+01
       223  3.333232E+01
       224  5.086151E+01
       225  3.353784E+01
       226  5.108170E+01
       227  3.410827E+01
       228  5.133802E+01
       229  1.372544E+01
       230  2.067869E+01
       231  1.372544E+01
       232  2.067869E+01
       233  3.410827E+01
       234  5.133802E+01
       235  3.353784E+01
       236  5.108170E+01
       237  3.333232E+01
       238  5.086151E+01
       239  3.323932E+01
       240  5.081672E+01
       241  4.115938E+02
       242  2.180446E+02
       243  8.842268E+01
       244  2.166349E+01
       245  1.716886E+01
       246  4.115938E+02
       247  2.180446E+02
       248  8.842268E+01
       249  2.166349E+01
       250  1.716886E+01
       251  3.020634E+01
       252  4.683065E+01
       253  3.030025E+01
       254  4.688914E+01
       255  3.049956E+01
       256  4.711710E+01
       257  3.107820E+01
       258  4.736143E+01
       259  1.244182E+01
       260  1.898345E+01
       261  1.244182E+01
       262  1.898345E+01
       263  3.107820E+01
       264  4.736143E+01
       265  3.049956E+01
       266  4.711710E+01
       267  3.030025E+01
       268  4.688914E+01
       269  3.020634E+01
       270  4.683065E+01
       271  3.769526E+02
       272  2.008682E+02
       273  8.258375E+01
       274  2.101106E+01
       275  1.553649E+01
       276  3.769526E+02
       277  2.008682E+02
       278  8.258375E+01
       279  2.101106E+01
       280  1.553649E+01
       281  2.725489E+01
       282  4.289265E+01
       283  2.734509E+01
       284  4.295128E+01
       285  2.753734E+01
       286  4.317827E+01
       287  2.812771E+01
       288  4.340928E+01
       289  1.120151E+01
       290  1.731055E+01
       291  1.120151E+01
       292  1.731055E+01
       293  2.812771E+01
       294  4.340928E+01
       295  2.753734E+01
       296  4.317827E+01
       297  2.734509E+01
       298  4.295128E+01
       299  2.725489E+01
       300  4.289265E+01
       301  3.426349E+02
       302  1.836806E+02
       303  7.659132E+01
       304  2.026347E+01
       305  1.407099E+01
       306  3.426349E+02
       307  1.836806E+02
       308  7.659132E+01
       309  2.026347E+01
       310  1.407099E+01
       311  2.439751E+01
       312  3.901615E+01
       313  2.448350E+01
       314  3.906821E+01
       315  2.466862E+01
       316  3.928773E+01
       317  2.527208E+01
       318  3.950203E+01
       319  1.000959E+01
       320  1.566741E+01
       321  1.000959E+01
       322  1.566741E+01
       323  2.527208E+01
       324  3.950203E+01
       325  2.466862E+01
       326  3.928773E+01
       327  2.448350E+01
       328  3.906821E+01
       329  2.439751E+01
       330  3.901615E+01
       331  3.088219E+02
       332  1.665807E+02
       333  7.048514E+01
       334  1.942341E+01
       335  1.276274E+01
       336  3.088219E+02
       337  1.665807E+02
       338  7.048514E+01
       339  1.942341E+01
       340  1.276274E+01
       341  2.164810E+01
       342  3.521142E+01
       343  2.173048E+01
       344  3.525393E+01
       345  2.190877E+01
       346  3.546248E+01
       347  2.252574E+01
       348  3.565805E+01
       349  8.871247E+00
       350  1.406176E+01
       351  8.871247E+00
       352  1.406176E+01
       353  2.252574E+01
       354  3.565805E+01
       355  2.190877E+01
       356  3.546248E+01
       357  2.173048E+01
       358  3.525393E+01
       359  2.164810E+01
       360  3.521142E+01
       361  2.757034E+02
       362  1.496732E+02
       363  6.430673E+01
       364  1.849329E+01
       365  1.159953E+01
       366  2.757034E+02
       367  1.496732E+02
       368  6.430673E+01
       369  1.849329E+01
       370  1.159953E+01
       371  1.902079E+01
       372  3.149102E+01
       373  1.910011E+01
       374  3.152316E+01
       375  1.927154E+01
       376  3.171923E+01
       377  1.990153E+01
       378  3.189536E+01
       379  7.791083E+00
       380  1.250129E+01
       381  7.791083E+00
       382  1.250129E+01
       383  1.990153E+01
       384  3.189536E+01
       385  1.927154E+01
       386  3.171923E+01
       387  1.910011E+01
       388  3.152316E+01
       389  1.902079E+01
       390  3.149102E+01
       391  2.434807E+02
       392  1.330704E+02
       393  5.810145E+01
       394  1.747585E+01
       395  1.056668E+01
       396  2.434807E+02
       397  1.330704E+02
       398  5.810145E+01
       399  1.747585E+01
       400  1.056668E+01
       401  1.652940E+01
       402  2.787129E+01
       403  1.660583E+01
       404  2.789351E+01
       405  1.676995E+01
       406  2.807674E+01
       407  1.741154E+01
       408  2.823353E+01
       409  6.773405E+00
       410  1.099409E+01
       411  6.773405E+00
       412  1.099409E+01
       413  1.741154E+01
       414  2.823353E+01
       415  1.676995E+01
       416  2.807674E+01
       417  1.660583E+01
       418  2.789351E+01
       419  1.652940E+01
       420  2.787129E+01
       421  2.123736E+02
       422  1.168958E+02
       423  5.192004E+01
       424  1.637464E+01
       425  9.647173E+00
       426  2.123736E+02
       427  1.168958E+02
       428  5.192004E+01
       429  1.637464E+01
       430  9.647173E+00
       431  1.418721E+01
       432  2.437284E+01
       433  1.426064E+01
       434  2.438626E+01
       435  1.441664E+01
       436  2.455687E+01
       437  1.506745E+01
       438  2.469481E+01
       439  5.822387E+00
       440  9.549158E+00
       441  5.822387E+00
       442  9.549158E+00
       443  1.506745E+01
       444  2.469481E+01
       445  1.441664E+01
       446  2.455687E+01
       447  1.426064E+01
       448  2.438626E+01
       449  1.418721E+01
       450  2.437284E+01
       451  1.826239E+02
       452  1.012862E+02
       453  4.581959E+01
       454  1.519470E+01
       455  8.821988E+00
       456  1.826239E+02
       457  1.012862E+02
       458  4.581959E+01
       459  1.519470E+01
       460  8.821988E+00
       461  1.200688E+01
       462  2.102040E+01
       463  1.207699E+01
       464  2.102648E+01
       465  1.222396E+01
       466  2.118483E+01
       467  1.288074E+01
       468  2.130467E+01
       469  4.942091E+00
       470  8.176604E+00
       471  4.942091E+00
       472  8.176604E+00
       473  1.288074E+01
       474  2.130467E+01
       475  1.222396E+01
       476  2.118483E+01
       477  1.207699E+01
       478  2.102648E+01
       479  1.200688E+01
       480  2.102040E+01
       481  1.544936E+02
       482  8.638995E+01
       483  3.986393E+01
       484  1.394346E+01
       485  8.070779E+00
       486  1.544936E+02
       487  8.638995E+01
       488  3.986393E+01
       489  1.394346E+01
       490  8.070779E+00
       491  1.000026E+01
       492  1.784212E+01
       493  1.006662E+01
       494  1.784235E+01
       495  1.020374E+01
       496  1.798882E+01
       497  1.086238E+01
       498  1.809161E+01
       499  4.136319E+00
       500  6.887474E+00
       501  4.136319E+00
       502  6.887474E+00
       503  1.086238E+01
       504  1.809161E+01
       505  1.020374E+01
       506  1.798882E+01
       507  1.006662E+01
       508  1.784235E+01
       509  1.000026E+01
       510  1.784212E+01
       511  1.282548E+02
       512  7.236364E+01
       513  3.412283E+01
       514  1.263187E+01
       515  7.372984E+00
       516  1.282548E+02
       517  7.236364E+01
       518  3.412283E+01
       519  1.263187E+01
       520  7.372984E+00
       521  8.177901E+00
       522  1.486823E+01
       523  8.240091E+00
       524  1.486403E+01
       525  8.366781E+00
       526  1.499894E+01
       527  9.022264E+00
       528  1.508609E+01
       529  3.408313E+00
       530  5.693259E+00
       531  3.408313E+00
       532  5.693259E+00
       533  9.022264E+00
       534  1.508609E+01
       535  8.366781E+00
       536  1.499894E+01
       537  8.240091E+00
       538  1.486403E+01
       539  8.177901E+00
       540  1.486823E+01
       541  1.041742E+02
       542  5.936375E+01
       543  2.866988E+01
       544  1.127531E+01
       545  6.709271E+00
       546  1.041742E+02
       547  5.936375E+01
       548  2.866988E+01
       549  1.127531E+01
       550  6.709271E+00
       551  6.548388E+00
       552  1.212908E+01
       553  6.606029E+00
       554  1.212172E+01
       555  6.722011E+00
       556  1.224529E+01
       557  7.368380E+00
       558  1.231863E+01
       559  2.760357E+00
       560  4.605049E+00
       561  2.760357E+00
       562  4.605049E+00
       563  7.368380E+00
       564  1.231863E+01
       565  6.722011E+00
       566  1.224529E+01
       567  6.606029E+00
       568  1.212172E+01
       569  6.548388E+00
       570  1.212908E+01
       571  8.249268E+01
       572  4.753659E+01
       573  2.357907E+01
       574  9.894088E+00
       575  6.063118E+00
       576  8.249268E+01
       577  4.753659E+01
       578  2.357907E+01
       579  9.894088E+00
       580  6.063118E+00
       581  5.117490E+00
       582  9.652627E+00
       583  5.170292E+00
       584  9.643199E+00
       585  5.275567E+00
       586  9.755588E+00
       587  5.905857E+00
       588  9.817313E+00
       589  2.193374E+00
       590  3.632502E+00
       591  2.193374E+00
       592  3.632502E+00
       593  5.905857E+00
       594  9.817313E+00
       595  5.275567E+00
       596  9.755588E+00
       597  5.170292E+00
       598  9.643199E+00
       599  5.117490E+00
       600  9.652627E+00
       601  6.340263E+01
       602  3.700658E+01
       603  1.892020E+01
       604  8.513104E+00
       605  5.422205E+00
       606  6.340263E+01
       607  3.700658E+01
       608  1.892020E+01
       609  8.513104E+00
       610  5.422205E+00
       611  3.887325E+00
       612  7.461799E+00
       613  3.935085E+00
       614  7.451227E+00
       615  4.029844E+00
       616  7.552575E+00
       617  4.636119E+00
       618  7.605135E+00
       619  1.706591E+00
       620  2.782798E+00
       621  1.706591E+00
       622  2.782798E+00
       623  4.636119E+00
       624  7.605135E+00
       625  4.029844E+00
       626  7.552575E+00
       627  3.935085E+00
       628  7.451227E+00
       629  3.887325E+00
       630  7.461799E+00
       631  4.702825E+01
       632  2.786489E+01
       633  1.475368E+01
       634  7.160658E+00
       635  4.779280E+00
       636  4.702825E+01
       637  2.786489E+01
       638  1.475368E+01
       639  7.160658E+00
       640  4.779280E+00
       641  2.855648E+00
       642  5.572025E+00
       643  2.898232E+00
       644  5.561109E+00
       645  2.982741E+00
       646  5.651603E+00
       647  3.556300E+00
       648  5.697606E+00
       649  1.297353E+00
       650  2.059794E+00
       651  1.297353E+00
       652  2.059794E+00
       653  3.556300E+00
       654  5.697606E+00
       655  2.982741E+00
       656  5.651603E+00
       657  2.898232E+00
       658  5.561109E+00
       659  2.855648E+00
       660  5.572025E+00
       661  3.341029E+01
       662  2.016004E+01
       663  1.112529E+01
       664  5.866325E+00
       665  4.132310E+00
       666  3.341029E+01
       667  2.016004E+01
       668  1.112529E+01
       669  5.866325E+00
       670  4.132310E+00
       671  2.015410E+00
       672  3.989433E+00
       673  2.052719E+00
       674  3.978928E+00
       675  2.127231E+00
       676  4.058931E+00
       677  2.659005E+00
       678  4.101036E+00
       679  9.611279E-01
       680  1.463497E+00
       681  9.611279E-01
       682  1.463497E+00
       683  2.659005E+00
       684  4.101036E+00
       685  2.127231E+00
       686  4.058931E+00
       687  2.052719E+00
       688  3.978928E+00
       689  2.015410E+00
       690  3.989433E+00
       691  2.249793E+01
       692  1.389154E+01
       693  8.061643E+00
       694  4.658327E+00
       695  3.483978E+00
       696  2.249793E+01
       697  1.389154E+01
       698  8.061643E+00
       699  4.658327E+00
       700  3.483978E+00
       701  1.354703E+00
       702  2.710013E+00
       703  1.386622E+00
       704  2.700710E+00
       705  1.451336E+00
       706  2.770877E+00
       707  1.932438E+00
       708  2.811700E+00
       709  6.917076E-01
       710  9.899089E-01
       711  6.917076E-01
       712  9.899089E-01
       713  1.932438E+00
       714  2.811700E+00
       715  1.451336E+00
       716  2.770877E+00
       717  1.386622E+00
       718  2.700710E+00
       719  1.354703E+00
       720  2.710013E+00
       721  1.414740E+01
       722  9.006861E+00
       723  5.566852E+00
       724  3.561036E+00
       725  2.841016E+00
       726  1.414740E+01
       727  9.006861E+00
       728  5.566852E+00
       729  3.561036E+00
       730  2.841016E+00
       731  8.571191E-01
       732  1.719841E+00
       733  8.834575E-01
       734  1.712556E+00
       735  9.385220E-01
       736  1.773846E+00
       737  1.360866E+00
       738  1.815777E+00
       739  4.815709E-01
       740  6.311465E-01
       741  4.815709E-01
       742  6.311465E-01
       743  1.360866E+00
       744  1.815777E+00
       745  9.385220E-01
       746  1.773846E+00
       747  8.834575E-01
       748  1.712556E+00
       749  8.571191E-01
       750  1.719841E+00
       751  8.125739E+00
       752  5.401502E+00
       753  3.621004E+00
       754  2.593436E+00
       755  2.214109E+00
       756  8.125739E+00
       757  5.401502E+00
       758  3.621004E+00
       759  2.593436E+00
       760  2.214109E+00
       761  5.024811E-01
       762  9.960556E-01
       763  5.229608E-01
       764  9.914462E-01
       765  5.685057E-01
       766  1.044897E+00
       767  9.254211E-01
       768  1.089698E+00
       769  3.223732E-01
       770  3.756653E-01
       771  3.223732E-01
       772  3.756653E-01
       773  9.254211E-01
       774  1.089698E+00
       775  5.685057E-01
       776  1.044897E+00
       777  5.229608E-01
       778  9.914462E-01
       779  5.024811E-01
       780  9.960556E-01
       781  4.117810E+00
       782  2.921983E+00
       783  2.181032E+00
       784  1.769274E+00
       785  1.618892E+00
       786  4.117810E+00
       787  2.921983E+00
       788  2.181032E+00
       789  1.769274E+00
       790  1.618892E+00
       791  2.677050E-01
       792  5.077468E-01
       793  2.821969E-01
       794  5.060191E-01
       795  3.185440E-01
       796  5.524060E-01
       797  6.055099E-01
       798  6.005677E-01
       799  2.055215E-01
       800  2.084887E-01
       801  2.055215E-01
       802  2.084887E-01
       803  6.055099E-01
       804  6.005677E-01
       805  3.185440E-01
       806  5.524060E-01
       807  2.821969E-01
       808  5.060191E-01
       809  2.677050E-01
       810  5.077468E-01
       811  1.735928E+00
       812  1.372209E+00
       813  1.184330E+00
       814  1.098458E+00
       815  1.077258E+00
       816  1.735928E+00
       817  1.372209E+00
       818  1.184330E+00
       819  1.098458E+00
       820  1.077258E+00
       821  1.271588E-01
       822  2.153539E-01
       823  1.366137E-01
       824  2.164323E-01
       825  1.650635E-01
       826  2.564029E-01
       827  3.809202E-01
       828  3.066233E-01
       829  1.226899E-01
       830  1.115357E-01
       831  1.226899E-01
       832  1.115357E-01
       833  3.809202E-01
       834  3.066233E-01
       835  1.650635E-01
       836  2.564029E-01
       837  1.366137E-01
       838  2.164323E-01
       839  1.271588E-01
       840  2.153539E-01
       841  5.443228E-01
       842  5.257915E-01
       843  5.523922E-01
       844  5.889830E-01
       845  6.191863E-01
       846  5.443228E-01
       847  5.257915E-01
       848  5.523922E-01
       849  5.889830E-01
       850  6.191863E-01
       851  5.288922E-02
       852  6.942530E-02
       853  6.062045E-02
       854  7.381832E-02
       855  8.433399E-02
       856  1.085733E-01
       857  2.337974E-01
       858  1.583173E-01
       859  6.626163E-02
       860  6.468995E-02
       861  6.626163E-02
       862  6.468995E-02
       863  2.337974E-01
       864  1.583173E-01
       865  8.433399E-02
       866  1.085733E-01
       867  6.062045E-02
       868  7.381832E-02
       869  5.288922E-02
       870  6.942530E-02
       871  9.736370E-02
       872  1.391830E-01
       873  1.894251E-01
       874  2.373451E-01
       875  2.740535E-01
       876  9.736370E-02
       877  1.391830E-01
       878  1.894251E-01
       879  2.373451E-01
       880  2.740535E-01
       881  1.743330E-02
       882  1.389190E-02
       883  2.636559E-02
       884  2.101056E-02
       885  4.755208E-02
       886  5.081331E-02
       887  1.407015E-01
       888  9.712398E-02
       889  2.914644E-02
       890  4.598388E-02
       891  2.914644E-02
       892  4.598388E-02
       893  1.407015E-01
       894  9.712398E-02
       895  4.755208E-02
       896  5.081331E-02
       897  2.636559E-02
       898  2.101056E-02
       899  1.743330E-02
       900  1.389190E-02
       901  5.667985E-03
       902  1.722319E-02
       903  3.456351E-02
       904  5.706341E-02
       905  8.141214E-02
       906  5.667985E-03
       907  1.722319E-02
       908  3.456351E-02
       909  5.706341E-02
       910  8.141214E-02
       911  3.886830E-03
       912  1.255652E-03
       913  1.051390E-02
       914  6.235017E-03
       915  2.649201E-02
       916  2.874843E-02
       917  8.037015E-02
       918  7.030899E-02
       919  9.915476E-03
       920  3.708101E-02
       921  9.915476E-03
       922  3.708101E-02
       923  8.037015E-02
       924  7.030899E-02
       925  2.649201E-02
       926  2.874843E-02
       927  1.051390E-02
       928  6.235017E-03
       929  3.886830E-03
       930  1.255652E-03
       931  8.853578E-05
       932  5.063798E-04
       933  1.980730E-03
       934  6.888318E-03
       935  1.678888E-02
       936  8.853578E-05
       937  5.063798E-04
       938  1.980730E-03
       939  6.888318E-03
       940  1.678888E-02
       941  4.818193E-04
       942  3.326449E-04
       943  3.538003E-03
       944  3.343610E-03
       945  1.288714E-02
       946  1.992652E-02
       947  4.398164E-02
       948  5.871210E-02
       949  3.741078E-03
       950  3.366320E-02
       951  3.741078E-03
       952  3.366320E-02
       953  4.398164E-02
       954  5.871210E-02
       955  1.288714E-02
       956  1.992652E-02
       957  3.538003E-03
       958  3.343610E-03
       959  4.818193E-04
       960  3.326449E-04

                                INCREMENT    20


 displacements (vx,vy,vz) for set TIP_TOP and time  0.3456250E-01

      1559 -3.639377E-01  9.575765E-04  8.588805E+00
      1560 -3.639907E-01  9.446983E-04  8.587513E+00
      1563 -3.640280E-01  8.727390E-04  8.586227E+00
      1566 -3.640650E-01  6.463749E-04  8.585103E+00
      1568 -3.640863E-01  2.165307E-04  8.584424E+00
      1570 -3.640810E-01 -8.930135E-14  8.584371E+00
      1572 -3.640863E-01 -2.165307E-04  8.584424E+00
      1575 -3.640650E-01 -6.463749E-04  8.585103E+00
      1578 -3.640280E-01 -8.727390E-04  8.586227E+00
      1581 -3.639907E-01 -9.446983E-04  8.587513E+00
      1584 -3.639377E-01 -9.575765E-04  8.588805E+00

 forces (fx,fy,fz) for set CLAMP and time  0.3456250E-01

         1 -2.526677E+04 -2.978062E+04 -1.306519E+04
         4 -4.636910E+04  1.052448E-09 -2.621485E+04
         5 -3.470111E+04 -4.688790E+04 -2.765617E+02
         8 -6.254723E+04  1.802884E-09 -8.142367E+02
         9 -2.252870E+04 -3.007983E+04  1.292542E+03
        12 -4.040047E+04  1.431137E-09  2.382650E+03
        13 -1.073641E+04 -1.407323E+04  2.378290E+03
        16 -1.920970E+04  9.979426E-10  4.569426E+03
        17  1.207929E+03  2.056149E+03  2.724775E+03
        20  2.234402E+03  5.651340E-10  5.304282E+03
        21  6.287094E+03  6.882055E+03  1.058177E+04
        24  1.200191E+04  1.440950E-10  3.089756E+03
        26 -2.526677E+04  2.978062E+04 -1.306519E+04
        28 -3.470111E+04  4.688790E+04 -2.765617E+02
        30 -2.252870E+04  3.007983E+04  1.292542E+03
        32 -1.073641E+04  1.407323E+04  2.378290E+03
        34  1.207929E+03 -2.056149E+03  2.724775E+03
        36  6.287094E+03 -6.882055E+03  1.058177E+04
        37  3.154686E+03  3.217911E+03  9.991516E+03
        40  2.689472E+03  1.150251E+03  1.815186E+04
        41  1.090064E+04  7.042622E+03  1.690802E+03
        44  1.658764E+04  2.516958E+03  3.345498E+03
        45  8.812300E+03  3.832650E+03 -1.126213E+04
        48  1.606153E+04  1.367941E+03 -2.135519E+04
        50  1.321608E+03  1.047590E+03  1.740408E+04
        52  1.626871E+04  2.279084E+03  3.526189E+03
        54  1.722264E+04  1.231414E+03 -2.125175E+04
        56  3.964626E+02  7.733032E+02  1.762480E+04
        58  1.679825E+04  1.684063E+03  3.527179E+03
        60  1.878974E+04  9.157269E+02 -2.212539E+04
        62  1.232975E+04  7.215211E+02  2.295752E+03
        64  1.423254E+04  3.833360E+02 -1.635288E+04
        66  7.292684E+03  6.633095E-11  1.292243E+03
        68  8.533388E+03  5.183281E-11 -9.770415E+03
        70  1.232975E+04 -7.215211E+02  2.295752E+03
        72  1.423254E+04 -3.833360E+02 -1.635288E+04
        74  3.964626E+02 -7.733032E+02  1.762480E+04
        76  1.679825E+04 -1.684063E+03  3.527179E+03
        78  1.878974E+04 -9.157269E+02 -2.212539E+04
        80  1.321608E+03 -1.047590E+03  1.740408E+04
        82  1.626871E+04 -2.279084E+03  3.526189E+03
        84  1.722264E+04 -1.231414E+03 -2.125175E+04
        86  2.689472E+03 -1.150251E+03  1.815186E+04
        88  1.658764E+04 -2.516958E+03  3.345498E+03
        90  1.606153E+04 -1.367941E+03 -2.135519E+04
        92  3.154686E+03 -3.217911E+03  9.991516E+03
        94  1.090064E+04 -7.042622E+03  1.690802E+03
        96  8.812300E+03 -3.832650E+03 -1.126213E+04

 internal energy (element, energy) for set EALL and time  0.3456250E-01

         1  1.643478E+03
         2  7.800993E+02
         3  2.769137E+02
         4  4.551735E+01
         5  7.981600E+01
         6  1.643478E+03
         7  7.800993E+02
         8  2.769137E+02
         9  4.551735E+01
        10  7.981600E+01
        11  1.346958E+02
        12  1.868857E+02
        13  1.203552E+02
        14  1.746138E+02
        15  1.209383E+02
        16  1.797291E+02
        17  1.297304E+02
        18  1.912072E+02
        19  5.615246E+01
        20  8.228610E+01
        21  5.615246E+01
        22  8.228610E+01
        23  1.297304E+02
        24  1.912072E+02
        25  1.209383E+02
        26  1.797291E+02
        27  1.203552E+02
        28  1.746138E+02
        29  1.346958E+02
        30  1.868857E+02
        31  1.465825E+03
        32  7.831956E+02
        33  2.879193E+02
        34  5.272236E+01
        35  7.981923E+01
        36  1.465825E+03
        37  7.831956E+02
        38  2.879193E+02
        39  5.272236E+01
        40  7.981923E+01
        41  9.832852E+01
        42  1.584642E+02
        43  1.119412E+02
        44  1.745085E+02
        45  1.169062E+02
        46  1.784564E+02
        47  1.253678E+02
        48  1.843039E+02
        49  5.400474E+01
        50  7.765566E+01
        51  5.400474E+01
        52  7.765566E+01
        53  1.253678E+02
        54  1.843039E+02
        55  1.169062E+02
        56  1.784564E+02
        57  1.119412E+02
        58  1.745085E+02
        59  9.832852E+01
        60  1.584642E+02
        61  1.703241E+03
        62  8.927467E+02
        63  3.430953E+02
        64  7.144356E+01
        65  9.531921E+01
        66  1.703241E+03
        67  8.927467E+02
        68  3.430953E+02
        69  7.144356E+01
        70  9.531921E+01
        71  1.237005E+02
        72  1.778102E+02
        73  1.346355E+02
        74  1.896775E+02
        75  1.432678E+02
        76  1.991248E+02
        77  1.475558E+02
        78  2.041831E+02
        79  6.046220E+01
        80  8.428535E+01
        81  6.046220E+01
        82  8.428535E+01
        83  1.475558E+02
        84  2.041831E+02
        85  1.432678E+02
        86  1.991248E+02
        87  1.346355E+02
        88  1.896775E+02
        89  1.237005E+02
        90  1.778102E+02
        91  1.636206E+03
        92  8.423634E+02
        93  3.209638E+02
        94  6.720771E+01
        95  8.215272E+01
        96  1.636206E+03
        97  8.423634E+02
        98  3.209638E+02
        99  6.720771E+01
       100  8.215272E+01
       101  1.238771E+02
       102  1.789237E+02
       103  1.271876E+02
       104  1.831516E+02
       105  1.310961E+02
       106  1.883031E+02
       107  1.343647E+02
       108  1.918847E+02
       109  5.519410E+01
       110  7.889984E+01
       111  5.519410E+01
       112  7.889984E+01
       113  1.343647E+02
       114  1.918847E+02
       115  1.310961E+02
       116  1.883031E+02
       117  1.271876E+02
       118  1.831516E+02
       119  1.238771E+02
       120  1.789237E+02
       121  1.535411E+03
       122  7.936769E+02
       123  3.049514E+02
       124  6.537619E+01
       125  7.275823E+01
       126  1.535411E+03
       127  7.936769E+02
       128  3.049514E+02
       129  6.537619E+01
       130  7.275823E+01
       131  1.175812E+02
       132  1.728920E+02
       133  1.183783E+02
       134  1.739421E+02
       135  1.199038E+02
       136  1.758247E+02
       137  1.223383E+02
       138  1.775808E+02
       139  5.010896E+01
       140  7.263118E+01
       141  5.010896E+01
       142  7.263118E+01
       143  1.223383E+02
       144  1.775808E+02
       145  1.199038E+02
       146  1.758247E+02
       147  1.183783E+02
       148  1.739421E+02
       149  1.175812E+02
       150  1.728920E+02
       151  1.432689E+03
       152  7.453017E+02
       153  2.905097E+02
       154  6.468508E+01
       155  6.551948E+01
       156  1.432689E+03
       157  7.453017E+02
       158  2.905097E+02
       159  6.468508E+01
       160  6.551948E+01
       161  1.091771E+02
       162  1.629579E+02
       163  1.094966E+02
       164  1.630535E+02
       165  1.103990E+02
       166  1.638949E+02
       167  1.124089E+02
       168  1.650278E+02
       169  4.573203E+01
       170  6.712294E+01
       171  4.573203E+01
       172  6.712294E+01
       173  1.124089E+02
       174  1.650278E+02
       175  1.103990E+02
       176  1.638949E+02
       177  1.094966E+02
       178  1.630535E+02
       179  1.091771E+02
       180  1.629579E+02
       181  1.328442E+03
       182  6.953516E+02
       183  2.750174E+02
       184  6.371653E+01
       185  5.928985E+01
       186  1.328442E+03
       187  6.953516E+02
       188  2.750174E+02
       189  6.371653E+01
       190  5.928985E+01
       191  1.000138E+02
       192  1.513162E+02
       193  1.003531E+02
       194  1.513691E+02
       195  1.011109E+02
       196  1.520580E+02
       197  1.030115E+02
       198  1.529906E+02
       199  4.166275E+01
       200  6.189363E+01
       201  4.166275E+01
       202  6.189363E+01
       203  1.030115E+02
       204  1.529906E+02
       205  1.011109E+02
       206  1.520580E+02
       207  1.003531E+02
       208  1.513691E+02
       209  1.000138E+02
       210  1.513162E+02
       211  1.223394E+03
       212  6.442618E+02
       213  2.585322E+02
       214  6.238071E+01
       215  5.369211E+01
       216  1.223394E+03
       217  6.442618E+02
       218  2.585322E+02
       219  6.238071E+01
       220  5.369211E+01
       221  9.085830E+01
       222  1.392260E+02
       223  9.122089E+01
       224  1.393682E+02
       225  9.194143E+01
       226  1.400827E+02
       227  9.383115E+01
       228  1.409405E+02
       229  3.773181E+01
       230  5.672182E+01
       231  3.773181E+01
       232  5.672182E+01
       233  9.383115E+01
       234  1.409405E+02
       235  9.194143E+01
       236  1.400827E+02
       237  9.122089E+01
       238  1.393682E+02
       239  9.085830E+01
       240  1.392260E+02
       241  1.117891E+03
       242  5.923356E+02
       243  2.412101E+02
       244  6.066869E+01
       245  4.859694E+01
       246  1.117891E+03
       247  5.923356E+02
       248  2.412101E+02
       249  6.066869E+01
       250  4.859694E+01
       251  8.187246E+01
       252  1.271247E+02
       253  8.222420E+01
       254  1.273038E+02
       255  8.290539E+01
       256  1.280337E+02
       257  8.480582E+01
       258  1.288394E+02
       259  3.390613E+01
       260  5.157652E+01
       261  3.390613E+01
       262  5.157652E+01
       263  8.480582E+01
       264  1.288394E+02
       265  8.290539E+01
       266  1.280337E+02
       267  8.222420E+01
       268  1.273038E+02
       269  8.187246E+01
       270  1.271247E+02
       271  1.012703E+03
       272  5.400104E+02
       273  2.232367E+02
       274  5.859007E+01
       275  4.396449E+01
       276  1.012703E+03
       277  5.400104E+02
       278  2.232367E+02
       279  5.859007E+01
       280  4.396449E+01
       281  7.313717E+01
       282  1.151572E+02
       283  7.346039E+01
       284  1.153315E+02
       285  7.409337E+01
       286  1.160444E+02
       287  7.600444E+01
       288  1.167844E+02
       289  3.020533E+01
       290  4.648930E+01
       291  3.020533E+01
       292  4.648930E+01
       293  7.600444E+01
       294  1.167844E+02
       295  7.409337E+01
       296  1.160444E+02
       297  7.346039E+01
       298  1.153315E+02
       299  7.313717E+01
       300  1.151572E+02
       301  9.088139E+02
       302  4.878025E+02
       303  2.048097E+02
       304  5.615343E+01
       305  3.976410E+01
       306  9.088139E+02
       307  4.878025E+02
       308  2.048097E+02
       309  5.615343E+01
       310  3.976410E+01
       311  6.471486E+01
       312  1.034146E+02
       313  6.500575E+01
       314  1.035640E+02
       315  6.558757E+01
       316  1.042374E+02
       317  6.750643E+01
       318  1.048976E+02
       319  2.665975E+01
       320  4.150933E+01
       321  2.665975E+01
       322  4.150933E+01
       323  6.750643E+01
       324  1.048976E+02
       325  6.558757E+01
       326  1.042374E+02
       327  6.500575E+01
       328  1.035640E+02
       329  6.471486E+01
       330  1.034146E+02
       331  8.072816E+02
       332  4.362647E+02
       333  1.861388E+02
       334  5.337272E+01
       335  3.596168E+01
       336  8.072816E+02
       337  4.362647E+02
       338  1.861388E+02
       339  5.337272E+01
       340  3.596168E+01
       341  5.667170E+01
       342  9.198442E+01
       343  5.693170E+01
       344  9.210020E+01
       345  5.746359E+01
       346  9.272254E+01
       347  5.938701E+01
       348  9.329678E+01
       349  2.329890E+01
       350  3.668627E+01
       351  2.329890E+01
       352  3.668627E+01
       353  5.938701E+01
       354  9.329678E+01
       355  5.746359E+01
       356  9.272254E+01
       357  5.693170E+01
       358  9.210020E+01
       359  5.667170E+01
       360  9.198442E+01
       361  7.091458E+02
       362  3.859531E+02
       363  1.674454E+02
       364  5.027268E+01
       365  3.251889E+01
       366  7.091458E+02
       367  3.859531E+02
       368  1.674454E+02
       369  5.027268E+01
       370  3.251889E+01
       371  4.907123E+01
       372  8.095729E+01
       373  4.930332E+01
       374  8.103771E+01
       375  4.978825E+01
       376  8.160453E+01
       377  5.171175E+01
       378  8.209376E+01
       379  2.014803E+01
       380  3.206612E+01
       381  2.014803E+01
       382  3.206612E+01
       383  5.171175E+01
       384  8.209376E+01
       385  4.978825E+01
       386  8.160453E+01
       387  4.930332E+01
       388  8.103771E+01
       389  4.907123E+01
       390  8.095729E+01
       391  6.153796E+02
       392  3.374052E+02
       393  1.489568E+02
       394  4.688949E+01
       395  2.939508E+01
       396  6.153796E+02
       397  3.374052E+02
       398  1.489568E+02
       399  4.688949E+01
       400  2.939508E+01
       401  4.196998E+01
       402  7.042419E+01
       403  4.217742E+01
       404  7.047138E+01
       405  4.261883E+01
       406  7.098279E+01
       407  4.453591E+01
       408  7.139249E+01
       409  1.722741E+01
       410  2.769012E+01
       411  1.722741E+01
       412  2.769012E+01
       413  4.453591E+01
       414  7.139249E+01
       415  4.261883E+01
       416  7.098279E+01
       417  4.217742E+01
       418  7.047138E+01
       419  4.196998E+01
       420  7.042419E+01
       421  5.268626E+02
       422  2.911235E+02
       423  1.308991E+02
       424  4.326938E+01
       425  2.654870E+01
       426  5.268626E+02
       427  2.911235E+02
       428  1.308991E+02
       429  4.326938E+01
       430  2.654870E+01
       431  3.541454E+01
       432  6.047176E+01
       433  3.560045E+01
       434  6.049012E+01
       435  3.600176E+01
       436  6.094879E+01
       437  3.790365E+01
       438  6.128706E+01
       439  1.455205E+01
       440  2.359406E+01
       441  1.455205E+01
       442  2.359406E+01
       443  3.790365E+01
       444  6.128706E+01
       445  3.600176E+01
       446  6.094879E+01
       447  3.560045E+01
       448  6.049012E+01
       449  3.541454E+01
       450  6.047176E+01
       451  4.443632E+02
       452  2.475634E+02
       453  1.134913E+02
       454  3.946658E+01
       455  2.393846E+01
       456  4.443632E+02
       457  2.475634E+02
       458  1.134913E+02
       459  3.946658E+01
       460  2.393846E+01
       461  2.944022E+01
       462  5.117856E+01
       463  2.960736E+01
       464  5.117360E+01
       465  2.997172E+01
       466  5.158353E+01
       467  3.184740E+01
       468  5.185985E+01
       469  1.213160E+01
       470  1.980784E+01
       471  1.213160E+01
       472  1.980784E+01
       473  3.184740E+01
       474  5.185985E+01
       475  2.997172E+01
       476  5.158353E+01
       477  2.960736E+01
       478  5.117360E+01
       479  2.944022E+01
       480  5.117856E+01
       481  3.685251E+02
       482  2.071236E+02
       483  9.693866E+01
       484  3.554133E+01
       485  2.152451E+01
       486  3.685251E+02
       487  2.071236E+02
       488  9.693866E+01
       489  3.554133E+01
       490  2.152451E+01
       491  2.407032E+01
       492  4.261233E+01
       493  2.422098E+01
       494  4.258997E+01
       495  2.455116E+01
       496  4.295573E+01
       497  2.638758E+01
       498  4.318015E+01
       499  9.970410E+00
       500  1.635511E+01
       501  9.970410E+00
       502  1.635511E+01
       503  2.638758E+01
       504  4.318015E+01
       505  2.455116E+01
       506  4.295573E+01
       507  2.422098E+01
       508  4.258997E+01
       509  2.407032E+01
       510  4.261233E+01
       511  2.998556E+02
       512  1.701376E+02
       513  8.142833E+01
       514  3.155823E+01
       515  1.926990E+01
       516  2.998556E+02
       517  1.701376E+02
       518  8.142833E+01
       519  3.155823E+01
       520  1.926990E+01
       521  1.931591E+01
       522  3.482824E+01
       523  1.945185E+01
       524  3.479430E+01
       525  1.975028E+01
       526  3.512052E+01
       527  2.153260E+01
       528  3.530311E+01
       529  8.067746E+00
       530  1.325303E+01
       531  8.067746E+00
       532  1.325303E+01
       533  2.153260E+01
       534  3.530311E+01
       535  1.975028E+01
       536  3.512052E+01
       537  1.945185E+01
       538  3.479430E+01
       539  1.931591E+01
       540  3.482824E+01
       541  2.387141E+02
       542  1.368648E+02
       543  6.712410E+01
       544  2.758476E+01
       545  1.714225E+01
       546  2.387141E+02
       547  1.368648E+02
       548  6.712410E+01
       549  2.758476E+01
       550  1.714225E+01
       551  1.517587E+01
       552  2.786736E+01
       553  1.529838E+01
       554  2.782718E+01
       555  1.556714E+01
       556  2.811821E+01
       557  1.727914E+01
       558  2.826858E+01
       559  6.418039E+00
       560  1.051198E+01
       561  6.418039E+00
       562  1.051198E+01
       563  1.727914E+01
       564  2.826858E+01
       565  1.556714E+01
       566  2.811821E+01
       567  1.529838E+01
       568  2.782718E+01
       569  1.517587E+01
       570  2.786736E+01
       571  1.853008E+02
       572  1.074833E+02
       573  5.416175E+01
       574  2.368982E+01
       575  1.511558E+01
       576  1.853008E+02
       577  1.074833E+02
       578  5.416175E+01
       579  2.368982E+01
       580  1.511558E+01
       581  1.163730E+01
       582  2.175520E+01
       583  1.174724E+01
       584  2.171332E+01
       585  1.198813E+01
       586  2.197294E+01
       587  1.361263E+01
       588  2.209986E+01
       589  5.011223E+00
       590  8.135227E+00
       591  5.011223E+00
       592  8.135227E+00
       593  1.361263E+01
       594  2.209986E+01
       595  1.198813E+01
       596  2.197294E+01
       597  1.174724E+01
       598  2.171332E+01
       599  1.163730E+01
       600  2.175520E+01
       601  1.396453E+02
       602  8.208103E+01
       603  4.264405E+01
       604  1.994194E+01
       605  1.317196E+01
       606  1.396453E+02
       607  8.208103E+01
       608  4.264405E+01
       609  1.994194E+01
       610  1.317196E+01
       611  8.676119E+00
       612  1.649996E+01
       613  8.773997E+00
       614  1.645995E+01
       615  8.988530E+00
       616  1.669123E+01
       617  1.050794E+01
       618  1.680238E+01
       619  3.833146E+00
       620  6.118587E+00
       621  3.833146E+00
       622  6.118587E+00
       623  1.050794E+01
       624  1.680238E+01
       625  8.988530E+00
       626  1.669123E+01
       627  8.773997E+00
       628  1.645995E+01
       629  8.676119E+00
       630  1.649996E+01
       631  1.015987E+02
       632  6.064956E+01
       633  3.263584E+01
       634  1.640690E+01
       635  1.130257E+01
       636  1.015987E+02
       637  6.064956E+01
       638  3.263584E+01
       639  1.640690E+01
       640  1.130257E+01
       641  6.257837E+00
       642  1.209095E+01
       643  6.343933E+00
       644  1.205538E+01
       645  6.533352E+00
       646  1.226067E+01
       647  7.930406E+00
       648  1.236249E+01
       649  2.866081E+00
       650  4.450251E+00
       651  2.866081E+00
       652  4.450251E+00
       653  7.930406E+00
       654  1.236249E+01
       655  6.533352E+00
       656  1.226067E+01
       657  6.343933E+00
       658  1.205538E+01
       659  6.257837E+00
       660  1.209095E+01
       661  7.083053E+01
       662  4.307982E+01
       663  2.415961E+01
       664  1.314465E+01
       665  9.507807E+00
       666  7.083053E+01
       667  4.307982E+01
       668  2.415961E+01
       669  1.314465E+01
       670  9.507807E+00
       671  4.338692E+00
       672  8.497544E+00
       673  4.413109E+00
       674  8.468066E+00
       675  4.578409E+00
       676  8.649266E+00
       677  5.837068E+00
       678  8.746883E+00
       679  2.089389E+00
       680  3.110870E+00
       681  2.089389E+00
       682  3.110870E+00
       683  5.837068E+00
       684  8.746883E+00
       685  4.578409E+00
       686  8.649266E+00
       687  4.413109E+00
       688  8.468066E+00
       689  4.338692E+00
       690  8.497544E+00
       691  4.683505E+01
       692  2.916206E+01
       693  1.719218E+01
       694  1.020562E+01
       695  7.796375E+00
       696  4.683505E+01
       697  2.916206E+01
       698  1.719218E+01
       699  1.020562E+01
       700  7.796375E+00
       701  2.867048E+00
       702  5.669261E+00
       703  2.929772E+00
       704  5.646879E+00
       705  3.071750E+00
       706  5.805667E+00
       707  4.178276E+00
       708  5.903049E+00
       709  1.480327E+00
       710  2.074030E+00
       711  1.480327E+00
       712  2.074030E+00
       713  4.178276E+00
       714  5.903049E+00
       715  3.071750E+00
       716  5.805667E+00
       717  2.929772E+00
       718  5.646879E+00
       719  2.867048E+00
       720  5.669261E+00
       721  2.894642E+01
       722  1.859087E+01
       723  1.166341E+01
       724  7.627327E+00
       725  6.183790E+00
       726  2.894642E+01
       727  1.859087E+01
       728  1.166341E+01
       729  7.627327E+00
       730  6.183790E+00
       731  1.785218E+00
       732  3.537511E+00
       733  1.836125E+00
       734  3.522692E+00
       735  1.955459E+00
       736  3.660754E+00
       737  2.899510E+00
       738  3.760673E+00
       739  1.015006E+00
       740  1.307082E+00
       741  1.015006E+00
       742  1.307082E+00
       743  2.899510E+00
       744  3.760673E+00
       745  1.955459E+00
       746  3.660754E+00
       747  1.836125E+00
       748  3.522692E+00
       749  1.785218E+00
       750  3.537511E+00
       751  1.636259E+01
       752  1.097517E+01
       753  7.457732E+00
       754  5.432198E+00
       755  4.691210E+00
       756  1.636259E+01
       757  1.097517E+01
       758  7.457732E+00
       759  5.432198E+00
       760  4.691210E+00
       761  1.031614E+00
       762  2.018733E+00
       763  1.070525E+00
       764  2.011314E+00
       765  1.167900E+00
       766  2.130214E+00
       767  1.943571E+00
       768  2.233963E+00
       769  6.694509E-01
       770  7.722077E-01
       771  6.694509E-01
       772  7.722077E-01
       773  1.943571E+00
       774  2.233963E+00
       775  1.167900E+00
       776  2.130214E+00
       777  1.070525E+00
       778  2.011314E+00
       779  1.031614E+00
       780  2.018733E+00
       781  8.175720E+00
       782  5.853691E+00
       783  4.419836E+00
       784  3.627991E+00
       785  3.345362E+00
       786  8.175720E+00
       787  5.853691E+00
       788  4.419836E+00
       789  3.627991E+00
       790  3.345362E+00
       791  5.429052E-01
       792  1.017856E+00
       793  5.700700E-01
       794  1.016829E+00
       795  6.466792E-01
       796  1.117789E+00
       797  1.253676E+00
       798  1.224571E+00
       799  4.207153E-01
       800  4.276342E-01
       801  4.207153E-01
       802  4.276342E-01
       803  1.253676E+00
       804  1.224571E+00
       805  6.466792E-01
       806  1.117789E+00
       807  5.700700E-01
       808  1.016829E+00
       809  5.429052E-01
       810  1.017856E+00
       811  3.406092E+00
       812  2.715814E+00
       813  2.365220E+00
       814  2.210394E+00
       815  2.178671E+00
       816  3.406092E+00
       817  2.715814E+00
       818  2.365220E+00
       819  2.210394E+00
       820  2.178671E+00
       821  2.551538E-01
       822  4.296109E-01
       823  2.729389E-01
       824  4.338373E-01
       825  3.320898E-01
       826  5.184408E-01
       827  7.775783E-01
       828  6.249901E-01
       829  2.477855E-01
       830  2.291043E-01
       831  2.477855E-01
       832  2.291043E-01
       833  7.775783E-01
       834  6.249901E-01
       835  3.320898E-01
       836  5.184408E-01
       837  2.729389E-01
       838  4.338373E-01
       839  2.551538E-01
       840  4.296109E-01
       841  1.057941E+00
       842  1.030545E+00
       843  1.090047E+00
       844  1.167801E+00
       845  1.231931E+00
       846  1.057941E+00
       847  1.030545E+00
       848  1.090047E+00
       849  1.167801E+00
       850  1.231931E+00
       851  1.047867E-01
       852  1.388912E-01
       853  1.198427E-01
       854  1.489596E-01
       855  1.684852E-01
       856  2.205332E-01
       857  4.708834E-01
       858  3.225084E-01
       859  1.322559E-01
       860  1.323786E-01
       861  1.322559E-01
       862  1.323786E-01
       863  4.708834E-01
       864  3.225084E-01
       865  1.684852E-01
       866  2.205332E-01
       867  1.198427E-01
       868  1.489596E-01
       869  1.047867E-01
       870  1.388912E-01
       871  1.876669E-01
       872  2.709083E-01
       873  3.707855E-01
       874  4.662464E-01
       875  5.399048E-01
       876  1.876669E-01
       877  2.709083E-01
       878  3.707855E-01
       879  4.662464E-01
       880  5.399048E-01
       881  3.387841E-02
       882  2.798988E-02
       883  5.158414E-02
       884  4.271204E-02
       885  9.438898E-02
       886  1.028331E-01
       887  2.804162E-01
       888  1.957770E-01
       889  5.771207E-02
       890  9.267600E-02
       891  5.771207E-02
       892  9.267600E-02
       893  2.804162E-01
       894  1.957770E-01
       895  9.438898E-02
       896  1.028331E-01
       897  5.158414E-02
       898  4.271204E-02
       899  3.387841E-02
       900  2.798988E-02
       901  1.079964E-02
       902  3.335616E-02
       903  6.736521E-02
       904  1.116410E-01
       905  1.598379E-01
       906  1.079964E-02
       907  3.335616E-02
       908  6.736521E-02
       909  1.116410E-01
       910  1.598379E-01
       911  7.431106E-03
       912  2.487801E-03
       913  2.053912E-02
       914  1.252682E-02
       915  5.242061E-02
       916  5.746115E-02
       917  1.593457E-01
       918  1.400108E-01
       919  1.959257E-02
       920  7.376383E-02
       921  1.959257E-02
       922  7.376383E-02
       923  1.593457E-01
       924  1.400108E-01
       925  5.242061E-02
       926  5.746115E-02
       927  2.053912E-02
       928  1.252682E-02
       929  7.431106E-03
       930  2.487801E-03
       931  1.690380E-04
       932  9.744333E-04
       933  3.852287E-03
       934  1.346862E-02
       935  3.293739E-02
       936  1.690380E-04
       937  9.744333E-04
       938  3.852287E-03
       939  1.346862E-02
       940  3.293739E-02
       941  9.347779E-04
       942  6.480312E-04
       943  6.989609E-03
       944  6.653744E-03
       945  2.555077E-02
       946  3.958419E-02
       947  8.700695E-02
       948  1.162502E-01
       949  7.380423E-03
       950  6.657537E-02
       951  7.380423E-03
       952  6.657537E-02
       953  8.700695E-02
       954  1.162502E-01
       955  2.555077E-02
       956  3.958419E-02
       957  6.989609E-03
       958  6.653744E-03
       959  9.347779E-04
       960  6.480312E-04

                                INCREMENT    25


 displacements (vx,vy,vz) for set TIP_TOP and time  0.4456250E-01

      1559  3.204867E-01 -9.670234E-04 -8.735206E+00
      1560  3.205585E-01 -9.542043E-04 -8.733901E+00
      1563  3.206142E-01 -8.818135E-04 -8.732602E+00
      1566  3.206672E-01 -6.533173E-04 -8.731466E+00
      1568  3.206981E-01 -2.189107E-04 -8.730780E+00
      1570  3.206935E-01 -1.303359E-13 -8.730726E+00
      1572  3.206981E-01  2.189107E-04 -8.730780E+00
      1575  3.206672E-01  6.533173E-04 -8.731466E+00
      1578  3.206142E-01  8.818135E-04 -8.732602E+00
      1581  3.205585E-01  9.542043E-04 -8.733901E+00
      1584  3.204867E-01  9.670234E-04 -8.735206E+00

 forces (fx,fy,fz) for set CLAMP and time  0.4456250E-01

         1  2.623601E+04  3.091569E+04  1.356335E+04
         4  4.815493E+04  7.903797E-10  2.721904E+04
         5  3.596752E+04  4.862704E+04  3.139653E+02
         8  6.483045E+04  1.301290E-09  9.059712E+02
         9  2.334188E+04  3.117119E+04 -1.273208E+03
        12  4.185593E+04  1.022710E-09 -2.331597E+03
        13  1.112932E+04  1.458570E+04 -2.381719E+03
        16  1.991018E+04  6.643863E-10 -4.565224E+03
        17 -1.249859E+03 -2.125576E+03 -2.738451E+03
        20 -2.312254E+03  3.267245E-10 -5.326310E+03
        21 -6.411556E+03 -7.151800E+03 -1.090255E+04
        24 -1.245445E+04  4.632324E-11 -3.116666E+03
        26  2.623601E+04 -3.091569E+04  1.356335E+04
        28  3.596752E+04 -4.862704E+04  3.139653E+02
        30  2.334188E+04 -3.117119E+04 -1.273208E+03
        32  1.112932E+04 -1.458570E+04 -2.381719E+03
        34 -1.249859E+03  2.125576E+03 -2.738451E+03
        36 -6.411556E+03  7.151800E+03 -1.090255E+04
        37 -3.033685E+03 -3.305933E+03 -1.024287E+04
        40 -2.368291E+03 -1.201316E+03 -1.860987E+04
        41 -1.124975E+04 -7.268069E+03 -1.820446E+03
        44 -1.711526E+04 -2.615401E+03 -3.580868E+03
        45 -9.316350E+03 -3.970619E+03  1.166582E+04
        48 -1.698060E+04 -1.415933E+03  2.212545E+04
        50 -1.037008E+03 -1.099743E+03 -1.788028E+04
        52 -1.680589E+04 -2.379866E+03 -3.741549E+03
        54 -1.812145E+04 -1.280320E+03  2.202508E+04
        56 -1.493549E+02 -8.234636E+02 -1.816876E+04
        58 -1.739350E+04 -1.780393E+03 -3.714622E+03
        60 -1.971696E+04 -9.630578E+02  2.296456E+04
        62 -1.280767E+04 -7.737206E+02 -2.391262E+03
        64 -1.493489E+04 -4.082898E+02  1.701227E+04
        66 -7.586561E+03  4.590219E-11 -1.337123E+03
        68 -8.957237E+03  3.776394E-11  1.017545E+04
        70 -1.280767E+04  7.737206E+02 -2.391262E+03
        72 -1.493489E+04  4.082898E+02  1.701227E+04
        74 -1.493549E+02  8.234636E+02 -1.816876E+04
        76 -1.739350E+04  1.780393E+03 -3.714622E+03
        78 -1.971696E+04  9.630578E+02  2.296456E+04
        80 -1.037008E+03  1.099743E+03 -1.788028E+04
        82 -1.680589E+04  2.379866E+03 -3.741549E+03
        84 -1.812145E+04  1.280320E+03  2.202508E+04
        86 -2.368291E+03  1.201316E+03 -1.860987E+04
        88 -1.711526E+04  2.615401E+03 -3.580868E+03
        90 -1.698060E+04  1.415933E+03  2.212545E+04
        92 -3.033685E+03  3.305933E+03 -1.024287E+04
        94 -1.124975E+04  7.268069E+03 -1.820446E+03
        96 -9.316350E+03  3.970619E+03  1.166582E+04

 internal energy (element, energy) for set EALL and time  0.4456250E-01

         1  1.769667E+03
         2  8.386233E+02
         3  2.978157E+02
         4  4.929272E+01
         5  8.613980E+01
         6  1.769667E+03
         7  8.386233E+02
         8  2.978157E+02
         9  4.929272E+01
        10  8.613980E+01
        11  1.428662E+02
        12  2.006997E+02
        13  1.280169E+02
        14  1.876126E+02
        15  1.291025E+02
        16  1.933424E+02
        17  1.393285E+02
        18  2.063411E+02
        19  6.056067E+01
        20  8.899995E+01
        21  6.056067E+01
        22  8.899995E+01
        23  1.393285E+02
        24  2.063411E+02
        25  1.291025E+02
        26  1.933424E+02
        27  1.280169E+02
        28  1.876126E+02
        29  1.428662E+02
        30  2.006997E+02
        31  1.570336E+03
        32  8.392408E+02
        33  3.092663E+02
        34  5.766473E+01
        35  8.631580E+01
        36  1.570336E+03
        37  8.392408E+02
        38  3.092663E+02
        39  5.766473E+01
        40  8.631580E+01
        41  1.041880E+02
        42  1.688749E+02
        43  1.188728E+02
        44  1.859978E+02
        45  1.245070E+02
        46  1.904342E+02
        47  1.340137E+02
        48  1.970248E+02
        49  5.779093E+01
        50  8.306774E+01
        51  5.779093E+01
        52  8.306774E+01
        53  1.340137E+02
        54  1.970248E+02
        55  1.245070E+02
        56  1.904342E+02
        57  1.188728E+02
        58  1.859978E+02
        59  1.041880E+02
        60  1.688749E+02
        61  1.813977E+03
        62  9.515735E+02
        63  3.669608E+02
        64  7.784389E+01
        65  1.025887E+02
        66  1.813977E+03
        67  9.515735E+02
        68  3.669608E+02
        69  7.784389E+01
        70  1.025887E+02
        71  1.308216E+02
        72  1.880605E+02
        73  1.425550E+02
        74  2.008083E+02
        75  1.519656E+02
        76  2.111008E+02
        77  1.568975E+02
        78  2.168320E+02
        79  6.424297E+01
        80  8.952797E+01
        81  6.424297E+01
        82  8.952797E+01
        83  1.568975E+02
        84  2.168320E+02
        85  1.519656E+02
        86  2.111008E+02
        87  1.425550E+02
        88  2.008083E+02
        89  1.308216E+02
        90  1.880605E+02
        91  1.731304E+03
        92  8.924103E+02
        93  3.413627E+02
        94  7.289085E+01
        95  8.791763E+01
        96  1.731304E+03
        97  8.924103E+02
        98  3.413627E+02
        99  7.289085E+01
       100  8.791763E+01
       101  1.305481E+02
       102  1.881139E+02
       103  1.340523E+02
       104  1.927065E+02
       105  1.382598E+02
       106  1.983615E+02
       107  1.419566E+02
       108  2.023822E+02
       109  5.822690E+01
       110  8.319528E+01
       111  5.822690E+01
       112  8.319528E+01
       113  1.419566E+02
       114  2.023822E+02
       115  1.382598E+02
       116  1.983615E+02
       117  1.340523E+02
       118  1.927065E+02
       119  1.305481E+02
       120  1.881139E+02
       121  1.613581E+03
       122  8.353799E+02
       123  3.223832E+02
       124  7.052365E+01
       125  7.745686E+01
       126  1.613581E+03
       127  8.353799E+02
       128  3.223832E+02
       129  7.052365E+01
       130  7.745686E+01
       131  1.232944E+02
       132  1.807514E+02
       133  1.240786E+02
       134  1.819277E+02
       135  1.256703E+02
       136  1.840348E+02
       137  1.283587E+02
       138  1.859840E+02
       139  5.247231E+01
       140  7.600663E+01
       141  5.247231E+01
       142  7.600663E+01
       143  1.283587E+02
       144  1.859840E+02
       145  1.256703E+02
       146  1.840348E+02
       147  1.240786E+02
       148  1.819277E+02
       149  1.232944E+02
       150  1.807514E+02
       151  1.495511E+03
       152  7.793657E+02
       153  3.051994E+02
       154  6.933613E+01
       155  6.939690E+01
       156  1.495511E+03
       157  7.793657E+02
       158  3.051994E+02
       159  6.933613E+01
       160  6.939690E+01
       161  1.138332E+02
       162  1.694267E+02
       163  1.140914E+02
       164  1.695437E+02
       165  1.149790E+02
       166  1.704708E+02
       167  1.171457E+02
       168  1.716657E+02
       169  4.755350E+01
       170  6.974074E+01
       171  4.755350E+01
       172  6.974074E+01
       173  1.171457E+02
       174  1.716657E+02
       175  1.149790E+02
       176  1.704708E+02
       177  1.140914E+02
       178  1.695437E+02
       179  1.138332E+02
       180  1.694267E+02
       181  1.377735E+03
       182  7.225345E+02
       183  2.871186E+02
       184  6.781755E+01
       185  6.247265E+01
       186  1.377735E+03
       187  7.225345E+02
       188  2.871186E+02
       189  6.781755E+01
       190  6.247265E+01
       191  1.036698E+02
       192  1.564662E+02
       193  1.039394E+02
       194  1.564956E+02
       195  1.046519E+02
       196  1.572009E+02
       197  1.066636E+02
       198  1.581220E+02
       199  4.303837E+01
       200  6.387999E+01
       201  4.303837E+01
       202  6.387999E+01
       203  1.066636E+02
       204  1.581220E+02
       205  1.046519E+02
       206  1.572009E+02
       207  1.039394E+02
       208  1.564956E+02
       209  1.036698E+02
       210  1.564662E+02
       211  1.261126E+03
       212  6.654487E+02
       213  2.682769E+02
       214  6.590744E+01
       215  5.627175E+01
       216  1.261126E+03
       217  6.654487E+02
       218  2.682769E+02
       219  6.590744E+01
       220  5.627175E+01
       221  9.364287E+01
       222  1.432066E+02
       223  9.393520E+01
       224  1.433016E+02
       225  9.460075E+01
       226  1.439939E+02
       227  9.657972E+01
       228  1.448000E+02
       229  3.874304E+01
       230  5.818742E+01
       231  3.874304E+01
       232  5.818742E+01
       233  9.657972E+01
       234  1.448000E+02
       235  9.460075E+01
       236  1.439939E+02
       237  9.393520E+01
       238  1.433016E+02
       239  9.364287E+01
       240  1.432066E+02
       241  1.146027E+03
       242  6.084519E+02
       243  2.488788E+02
       244  6.362537E+01
       245  5.065396E+01
       246  1.146027E+03
       247  6.084519E+02
       248  2.488788E+02
       249  6.362537E+01
       250  5.065396E+01
       251  8.392922E+01
       252  1.301116E+02
       253  8.421399E+01
       254  1.302311E+02
       255  8.483947E+01
       256  1.309180E+02
       257  8.681803E+01
       258  1.316539E+02
       259  3.462599E+01
       260  5.262398E+01
       261  3.462599E+01
       262  5.262398E+01
       263  8.681803E+01
       264  1.316539E+02
       265  8.483947E+01
       266  1.309180E+02
       267  8.421399E+01
       268  1.302311E+02
       269  8.392922E+01
       270  1.301116E+02
       271  1.033121E+03
       272  5.519688E+02
       273  2.291324E+02
       274  6.100447E+01
       275  4.557325E+01
       276  1.033121E+03
       277  5.519688E+02
       278  2.291324E+02
       279  6.100447E+01
       280  4.557325E+01
       281  7.460768E+01
       282  1.173287E+02
       283  7.486984E+01
       284  1.174400E+02
       285  7.545136E+01
       286  1.181017E+02
       287  7.743377E+01
       288  1.187681E+02
       289  3.069935E+01
       290  4.721183E+01
       291  3.069935E+01
       292  4.721183E+01
       293  7.743377E+01
       294  1.187681E+02
       295  7.545136E+01
       296  1.181017E+02
       297  7.486984E+01
       298  1.174400E+02
       299  7.460768E+01
       300  1.173287E+02
       301  9.232324E+02
       302  4.964608E+02
       303  2.092376E+02
       304  5.807093E+01
       305  4.099283E+01
       306  9.232324E+02
       307  4.964608E+02
       308  2.092376E+02
       309  5.807093E+01
       310  4.099283E+01
       311  6.572967E+01
       312  1.049411E+02
       313  6.596709E+01
       314  1.050306E+02
       315  6.650433E+01
       316  1.056529E+02
       317  6.848875E+01
       318  1.062447E+02
       319  2.698489E+01
       320  4.198871E+01
       321  2.698489E+01
       322  4.198871E+01
       323  6.848875E+01
       324  1.062447E+02
       325  6.650433E+01
       326  1.056529E+02
       327  6.596709E+01
       328  1.050306E+02
       329  6.572967E+01
       330  1.049411E+02
       331  8.172117E+02
       332  4.423948E+02
       333  1.893905E+02
       334  5.485080E+01
       335  3.687261E+01
       336  8.172117E+02
       337  4.423948E+02
       338  1.893905E+02
       339  5.485080E+01
       340  3.687261E+01
       341  5.734579E+01
       342  9.302045E+01
       343  5.756059E+01
       344  9.308385E+01
       345  5.805590E+01
       346  9.366035E+01
       347  6.003856E+01
       348  9.417633E+01
       349  2.350298E+01
       350  3.699168E+01
       351  2.350298E+01
       352  3.699168E+01
       353  6.003856E+01
       354  9.417633E+01
       355  5.805590E+01
       356  9.366035E+01
       357  5.756059E+01
       358  9.308385E+01
       359  5.734579E+01
       360  9.302045E+01
       361  7.158626E+02
       362  3.902216E+02
       363  1.697867E+02
       364  5.137594E+01
       365  3.316874E+01
       366  7.158626E+02
       367  3.902216E+02
       368  1.697867E+02
       369  5.137594E+01
       370  3.316874E+01
       371  4.950154E+01
       372  8.163747E+01
       373  4.969665E+01
       374  8.167507E+01
       375  5.015307E+01
       376  8.220410E+01
       377  5.212854E+01
       378  8.264734E+01
       379  2.026963E+01
       380  3.225390E+01
       381  2.026963E+01
       382  3.225390E+01
       383  5.212854E+01
       384  8.264734E+01
       385  5.015307E+01
       386  8.220410E+01
       387  4.969665E+01
       388  8.167507E+01
       389  4.950154E+01
       390  8.163747E+01
       391  6.199130E+02
       392  3.403635E+02
       393  1.506201E+02
       394  4.768516E+01
       395  2.983547E+01
       396  6.199130E+02
       397  3.403635E+02
       398  1.506201E+02
       399  4.768516E+01
       400  2.983547E+01
       401  4.223467E+01
       402  7.086074E+01
       403  4.241281E+01
       404  7.087513E+01
       405  4.283325E+01
       406  7.135764E+01
       407  4.479431E+01
       408  7.173368E+01
       409  1.729639E+01
       410  2.780419E+01
       411  1.729639E+01
       412  2.780419E+01
       413  4.479431E+01
       414  7.173368E+01
       415  4.283325E+01
       416  7.135764E+01
       417  4.241281E+01
       418  7.087513E+01
       419  4.223467E+01
       420  7.086074E+01
       421  5.300044E+02
       422  2.932070E+02
       423  1.320791E+02
       424  4.382352E+01
       425  2.682661E+01
       426  5.300044E+02
       427  2.932070E+02
       428  1.320791E+02
       429  4.382352E+01
       430  2.682661E+01
       431  3.557370E+01
       432  6.075384E+01
       433  3.573720E+01
       434  6.074864E+01
       435  3.612416E+01
       436  6.118680E+01
       437  3.806180E+01
       438  6.150246E+01
       439  1.459042E+01
       440  2.366684E+01
       441  1.459042E+01
       442  2.366684E+01
       443  3.806180E+01
       444  6.150246E+01
       445  3.612416E+01
       446  6.118680E+01
       447  3.573720E+01
       448  6.074864E+01
       449  3.557370E+01
       450  6.075384E+01
       451  4.466850E+02
       452  2.490970E+02
       453  1.143434E+02
       454  3.984098E+01
       455  2.409646E+01
       456  4.466850E+02
       457  2.490970E+02
       458  1.143434E+02
       459  3.984098E+01
       460  2.409646E+01
       461  2.953751E+01
       462  5.137273E+01
       463  2.968821E+01
       464  5.135194E+01
       465  3.004378E+01
       466  5.174840E+01
       467  3.194731E+01
       468  5.201109E+01
       469  1.215457E+01
       470  1.986147E+01
       471  1.215457E+01
       472  1.986147E+01
       473  3.194731E+01
       474  5.201109E+01
       475  3.004378E+01
       476  5.174840E+01
       477  2.968821E+01
       478  5.135194E+01
       479  2.953751E+01
       480  5.137273E+01
       481  3.704052E+02
       482  2.083324E+02
       483  9.758019E+01
       484  3.579098E+01
       485  2.160070E+01
       486  3.704052E+02
       487  2.083324E+02
       488  9.758019E+01
       489  3.579098E+01
       490  2.160070E+01
       491  2.413527E+01
       492  4.276404E+01
       493  2.427452E+01
       494  4.273174E+01
       495  2.460033E+01
       496  4.308938E+01
       497  2.645754E+01
       498  4.330683E+01
       499  9.987606E+00
       500  1.640300E+01
       501  9.987606E+00
       502  1.640300E+01
       503  2.645754E+01
       504  4.330683E+01
       505  2.460033E+01
       506  4.308938E+01
       507  2.427452E+01
       508  4.273174E+01
       509  2.413527E+01
       510  4.276404E+01
       511  3.015119E+02
       512  1.711613E+02
       513  8.194134E+01
       514  3.172937E+01
       515  1.929745E+01
       516  3.015119E+02
       517  1.711613E+02
       518  8.194134E+01
       519  3.172937E+01
       520  1.929745E+01
       521  1.936654E+01
       522  3.496427E+01
       523  1.949519E+01
       524  3.492450E+01
       525  1.979252E+01
       526  3.524631E+01
       527  2.158988E+01
       528  3.542635E+01
       529  8.084392E+00
       530  1.330154E+01
       531  8.084392E+00
       532  1.330154E+01
       533  2.158988E+01
       534  3.542635E+01
       535  1.979252E+01
       536  3.524631E+01
       537  1.949519E+01
       538  3.492450E+01
       539  1.936654E+01
       540  3.496427E+01
       541  2.402417E+02
       542  1.377760E+02
       543  6.756020E+01
       544  2.771343E+01
       545  1.714853E+01
       546  2.402417E+02
       547  1.377760E+02
       548  6.756020E+01
       549  2.771343E+01
       550  1.714853E+01
       551  1.522145E+01
       552  2.799933E+01
       553  1.533991E+01
       554  2.795592E+01
       555  1.560981E+01
       556  2.824489E+01
       557  1.733262E+01
       558  2.839528E+01
       559  6.436171E+00
       560  1.056235E+01
       561  6.436171E+00
       562  1.056235E+01
       563  1.733262E+01
       564  2.839528E+01
       565  1.560981E+01
       566  2.824489E+01
       567  1.533991E+01
       568  2.795592E+01
       569  1.522145E+01
       570  2.799933E+01
       571  1.867115E+02
       572  1.083059E+02
       573  5.454796E+01
       574  2.380108E+01
       575  1.512116E+01
       576  1.867115E+02
       577  1.083059E+02
       578  5.454796E+01
       579  2.380108E+01
       580  1.512116E+01
       581  1.168104E+01
       582  2.188379E+01
       583  1.178936E+01
       584  2.184019E+01
       585  1.203267E+01
       586  2.209918E+01
       587  1.366540E+01
       588  2.222740E+01
       589  5.030813E+00
       590  8.185474E+00
       591  5.030813E+00
       592  8.185474E+00
       593  1.366540E+01
       594  2.222740E+01
       595  1.203267E+01
       596  2.209918E+01
       597  1.178936E+01
       598  2.184019E+01
       599  1.168104E+01
       600  2.188379E+01
       601  1.409063E+02
       602  8.281049E+01
       603  4.298965E+01
       604  2.004999E+01
       605  1.318972E+01
       606  1.409063E+02
       607  8.281049E+01
       608  4.298965E+01
       609  2.004999E+01
       610  1.318972E+01
       611  8.717557E+00
       612  1.661965E+01
       613  8.815509E+00
       614  1.657878E+01
       615  9.033011E+00
       616  1.681032E+01
       617  1.055962E+01
       618  1.692329E+01
       619  3.853079E+00
       620  6.165410E+00
       621  3.853079E+00
       622  6.165410E+00
       623  1.055962E+01
       624  1.692329E+01
       625  9.033011E+00
       626  1.681032E+01
       627  8.815509E+00
       628  1.657878E+01
       629  8.717557E+00
       630  1.661965E+01
       631  1.026663E+02
       632  6.126995E+01
       633  3.293940E+01
       634  1.651637E+01
       635  1.133752E+01
       636  1.026663E+02
       637  6.126995E+01
       638  3.293940E+01
       639  1.651637E+01
       640  1.133752E+01
       641  6.294969E+00
       642  1.219452E+01
       643  6.382153E+00
       644  1.215859E+01
       645  6.574583E+00
       646  1.236483E+01
       647  7.978993E+00
       648  1.246863E+01
       649  2.884939E+00
       650  4.490541E+00
       651  2.884939E+00
       652  4.490541E+00
       653  7.978993E+00
       654  1.246863E+01
       655  6.574583E+00
       656  1.236483E+01
       657  6.382153E+00
       658  1.215859E+01
       659  6.294969E+00
       660  1.219452E+01
       661  7.167458E+01
       662  4.357772E+01
       663  2.441552E+01
       664  1.325296E+01
       665  9.558048E+00
       666  7.167458E+01
       667  4.357772E+01
       668  2.441552E+01
       669  1.325296E+01
       670  9.558048E+00
       671  4.369492E+00
       672  8.579607E+00
       673  4.445445E+00
       674  8.550140E+00
       675  4.613500E+00
       676  8.732853E+00
       677  5.880336E+00
       678  8.832551E+00
       679  2.105974E+00
       680  3.142731E+00
       681  2.105974E+00
       682  3.142731E+00
       683  5.880336E+00
       684  8.832551E+00
       685  4.613500E+00
       686  8.732853E+00
       687  4.445445E+00
       688  8.550140E+00
       689  4.369492E+00
       690  8.579607E+00
       691  4.745169E+01
       692  2.953470E+01
       693  1.739589E+01
       694  1.030637E+01
       695  7.855250E+00
       696  4.745169E+01
       697  2.953470E+01
       698  1.739589E+01
       699  1.030637E+01
       700  7.855250E+00
       701  2.890418E+00
       702  5.728227E+00
       703  2.954691E+00
       704  5.706130E+00
       705  3.099040E+00
       706  5.866856E+00
       707  4.214588E+00
       708  5.966392E+00
       709  1.493933E+00
       710  2.097144E+00
       711  1.493933E+00
       712  2.097144E+00
       713  4.214588E+00
       714  5.966392E+00
       715  3.099040E+00
       716  5.866856E+00
       717  2.954691E+00
       718  5.706130E+00
       719  2.890418E+00
       720  5.728227E+00
       721  2.935861E+01
       722  1.884829E+01
       723  1.181461E+01
       724  7.713738E+00
       725  6.242870E+00
       726  2.935861E+01
       727  1.884829E+01
       728  1.181461E+01
       729  7.713738E+00
       730  6.242870E+00
       731  1.801296E+00
       732  3.575703E+00
       733  1.853491E+00
       734  3.561329E+00
       735  1.974780E+00
       736  3.701505E+00
       737  2.928159E+00
       738  3.803564E+00
       739  1.025454E+00
       740  1.322483E+00
       741  1.025454E+00
       742  1.322483E+00
       743  2.928159E+00
       744  3.803564E+00
       745  1.974780E+00
       746  3.701505E+00
       747  1.853491E+00
       748  3.561329E+00
       749  1.801296E+00
       750  3.575703E+00
       751  1.661163E+01
       752  1.113750E+01
       753  7.561278E+00
       754  5.499941E+00
       755  4.743275E+00
       756  1.661163E+01
       757  1.113750E+01
       758  7.561278E+00
       759  5.499941E+00
       760  4.743275E+00
       761  1.041553E+00
       762  2.041008E+00
       763  1.081384E+00
       764  2.034043E+00
       765  1.180318E+00
       766  2.154919E+00
       767  1.964786E+00
       768  2.260630E+00
       769  6.769823E-01
       770  7.816726E-01
       771  6.769823E-01
       772  7.816726E-01
       773  1.964786E+00
       774  2.260630E+00
       775  1.180318E+00
       776  2.154919E+00
       777  1.081384E+00
       778  2.034043E+00
       779  1.041553E+00
       780  2.041008E+00
       781  8.309005E+00
       782  5.945688E+00
       783  4.484632E+00
       784  3.676398E+00
       785  3.386327E+00
       786  8.309005E+00
       787  5.945688E+00
       788  4.484632E+00
       789  3.676398E+00
       790  3.386327E+00
       791  5.483463E-01
       792  1.029580E+00
       793  5.761056E-01
       794  1.028882E+00
       795  6.539209E-01
       796  1.131436E+00
       797  1.268432E+00
       798  1.239861E+00
       799  4.258222E-01
       800  4.330414E-01
       801  4.258222E-01
       802  4.330414E-01
       803  1.268432E+00
       804  1.239861E+00
       805  6.539209E-01
       806  1.131436E+00
       807  5.761056E-01
       808  1.028882E+00
       809  5.483463E-01
       810  1.029580E+00
       811  3.466664E+00
       812  2.761455E+00
       813  2.401869E+00
       814  2.241873E+00
       815  2.207732E+00
       816  3.466664E+00
       817  2.761455E+00
       818  2.401869E+00
       819  2.241873E+00
       820  2.207732E+00
       821  2.576944E-01
       822  4.350802E-01
       823  2.758874E-01
       824  4.394680E-01
       825  3.359838E-01
       826  5.252438E-01
       827  7.873353E-01
       828  6.331396E-01
       829  2.510391E-01
       830  2.320383E-01
       831  2.510391E-01
       832  2.320383E-01
       833  7.873353E-01
       834  6.331396E-01
       835  3.359838E-01
       836  5.252438E-01
       837  2.758874E-01
       838  4.394680E-01
       839  2.576944E-01
       840  4.350802E-01
       841  1.079118E+00
       842  1.049429E+00
       843  1.108363E+00
       844  1.186091E+00
       845  1.250266E+00
       846  1.079118E+00
       847  1.049429E+00
       848  1.108363E+00
       849  1.186091E+00
       850  1.250266E+00
       851  1.057153E-01
       852  1.409103E-01
       853  1.211573E-01
       854  1.510773E-01
       855  1.706207E-01
       856  2.235865E-01
       857  4.773133E-01
       858  3.268160E-01
       859  1.341738E-01
       860  1.340691E-01
       861  1.341738E-01
       862  1.340691E-01
       863  4.773133E-01
       864  3.268160E-01
       865  1.706207E-01
       866  2.235865E-01
       867  1.211573E-01
       868  1.510773E-01
       869  1.057153E-01
       870  1.409103E-01
       871  1.920643E-01
       872  2.765047E-01
       873  3.778648E-01
       874  4.746628E-01
       875  5.492283E-01
       876  1.920643E-01
       877  2.765047E-01
       878  3.778648E-01
       879  4.746628E-01
       880  5.492283E-01
       881  3.413502E-02
       882  2.839848E-02
       883  5.226273E-02
       884  4.327758E-02
       885  9.583778E-02
       886  1.042947E-01
       887  2.848706E-01
       888  1.986225E-01
       889  5.866186E-02
       890  9.400599E-02
       891  5.866186E-02
       892  9.400599E-02
       893  2.848706E-01
       894  1.986225E-01
       895  9.583778E-02
       896  1.042947E-01
       897  5.226273E-02
       898  4.327758E-02
       899  3.413502E-02
       900  2.839848E-02
       901  1.111411E-02
       902  3.416278E-02
       903  6.887206E-02
       904  1.140195E-01
       905  1.631115E-01
       906  1.111411E-02
       907  3.416278E-02
       908  6.887206E-02
       909  1.140195E-01
       910  1.631115E-01
       911  7.521836E-03
       912  2.510745E-03
       913  2.092758E-02
       914  1.268004E-02
       915  5.343880E-02
       916  5.841777E-02
       917  1.624581E-01
       918  1.425426E-01
       919  1.996842E-02
       920  7.512375E-02
       921  1.996842E-02
       922  7.512375E-02
       923  1.624581E-01
       924  1.425426E-01
       925  5.343880E-02
       926  5.841777E-02
       927  2.092758E-02
       928  1.268004E-02
       929  7.521836E-03
       930  2.510745E-03
       931  1.731441E-04
       932  1.000617E-03
       933  3.954569E-03
       934  1.381901E-02
       935  3.375336E-02
       936  1.731441E-04
       937  1.000617E-03
       938  3.954569E-03
       939  1.381901E-02
       940  3.375336E-02
       941  9.545129E-04
       942  6.638396E-04
       943  7.158015E-03
       944  6.791734E-03
       945  2.613270E-02
       946  4.040104E-02
       947  8.901107E-02
       948  1.187168E-01
       949  7.548246E-03
       950  6.800354E-02
       951  7.548246E-03
       952  6.800354E-02
       953  8.901107E-02
       954  1.187168E-01
       955  2.613270E-02
       956  4.040104E-02
       957  7.158015E-03
       958  6.791734E-03
       959  9.545129E-04
       960  6.638396E-04

                                INCREMENT    28


 displacements (vx,vy,vz) for set TIP_TOP and time  0.5000000E-01

      1559 -2.519584E-01  6.023538E-04  6.110595E+00
      1560 -2.519933E-01  5.940227E-04  6.109782E+00
      1563 -2.520189E-01  5.481621E-04  6.108974E+00
      1566 -2.520443E-01  4.053983E-04  6.108269E+00
      1568 -2.520590E-01  1.356476E-04  6.107844E+00
      1570 -2.520559E-01  2.587894E-13  6.107811E+00
      1572 -2.520590E-01 -1.356476E-04  6.107844E+00
      1575 -2.520443E-01 -4.053983E-04  6.108269E+00
      1578 -2.520189E-01 -5.481621E-04  6.108974E+00
      1581 -2.519933E-01 -5.940227E-04  6.109782E+00
      1584 -2.519584E-01 -6.023538E-04  6.110595E+00

 forces (fx,fy,fz) for set CLAMP and time  0.5000000E-01

         1 -1.880023E+04 -2.211065E+04 -9.716697E+03
         4 -3.451022E+04 -5.260343E-10 -1.949769E+04
         5 -2.572463E+04 -3.474322E+04 -2.512645E+02
         8 -4.636895E+04 -9.070515E-10 -6.990816E+02
         9 -1.666393E+04 -2.223859E+04  8.772210E+02
        12 -2.988186E+04 -6.560235E-10  1.601787E+03
        13 -7.920381E+03 -1.037748E+04  1.667362E+03
        16 -1.417068E+04 -3.646133E-10  3.192655E+03
        17  9.301531E+02  1.564730E+03  1.923253E+03
        20  1.716495E+03 -1.104093E-10  3.738850E+03
        21  4.579728E+03  5.138869E+03  7.786897E+03
        24  8.941512E+03  3.969145E-11  2.192901E+03
        26 -1.880023E+04  2.211065E+04 -9.716697E+03
        28 -2.572463E+04  3.474322E+04 -2.512645E+02
        30 -1.666393E+04  2.223859E+04  8.772210E+02
        32 -7.920381E+03  1.037748E+04  1.667362E+03
        34  9.301531E+02 -1.564730E+03  1.923253E+03
        36  4.579728E+03 -5.138869E+03  7.786897E+03
        37  2.228556E+03  2.364952E+03  7.334134E+03
        40  1.779571E+03  8.570005E+02  1.332049E+04
        41  8.037343E+03  5.193174E+03  1.287186E+03
        44  1.222316E+04  1.874004E+03  2.540854E+03
        45  6.594101E+03  2.834080E+03 -8.317996E+03
        48  1.203808E+04  1.018024E+03 -1.578280E+04
        50  7.739567E+02  7.863592E+02  1.279195E+04
        52  1.200838E+04  1.710803E+03  2.670076E+03
        54  1.291464E+04  9.242720E+02 -1.573362E+04
        56  8.662506E+01  5.930560E+02  1.299962E+04
        58  1.244223E+04  1.288305E+03  2.660825E+03
        60  1.412298E+04  6.996920E+02 -1.643779E+04
        62  9.176469E+03  5.639991E+02  1.709383E+03
        64  1.073359E+04  2.984729E+02 -1.219988E+04
        66  5.438561E+03 -4.393406E-12  9.533924E+02
        68  6.444299E+03 -1.029814E-11 -7.302485E+03
        70  9.176469E+03 -5.639991E+02  1.709383E+03
        72  1.073359E+04 -2.984729E+02 -1.219988E+04
        74  8.662506E+01 -5.930560E+02  1.299962E+04
        76  1.244223E+04 -1.288305E+03  2.660825E+03
        78  1.412298E+04 -6.996920E+02 -1.643779E+04
        80  7.739567E+02 -7.863592E+02  1.279195E+04
        82  1.200838E+04 -1.710803E+03  2.670076E+03
        84  1.291464E+04 -9.242720E+02 -1.573362E+04
        86  1.779571E+03 -8.570005E+02  1.332049E+04
        88  1.222316E+04 -1.874004E+03  2.540854E+03
        90  1.203808E+04 -1.018024E+03 -1.578280E+04
        92  2.228556E+03 -2.364952E+03  7.334134E+03
        94  8.037343E+03 -5.193174E+03  1.287186E+03
        96  6.594101E+03 -2.834080E+03 -8.317996E+03

 internal energy (element, energy) for set EALL and time  0.5000000E-01

         1  9.049907E+02
         2  4.278647E+02
         3  1.515986E+02
         4  2.508826E+01
         5  4.442910E+01
         6  9.049907E+02
         7  4.278647E+02
         8  1.515986E+02
         9  2.508826E+01
        10  4.442910E+01
        11  7.293429E+01
        12  1.021390E+02
        13  6.536369E+01
        14  9.566079E+01
        15  6.601145E+01
        16  9.887208E+01
        17  7.146695E+01
        18  1.058712E+02
        19  3.112354E+01
        20  4.574177E+01
        21  3.112354E+01
        22  4.574177E+01
        23  7.146695E+01
        24  1.058712E+02
        25  6.601145E+01
        26  9.887208E+01
        27  6.536369E+01
        28  9.566079E+01
        29  7.293429E+01
        30  1.021390E+02
        31  8.005389E+02
        32  4.274847E+02
        33  1.574266E+02
        34  2.954941E+01
        35  4.452972E+01
        36  8.005389E+02
        37  4.274847E+02
        38  1.574266E+02
        39  2.954941E+01
        40  4.452972E+01
        41  5.307554E+01
        42  8.611045E+01
        43  6.061982E+01
        44  9.494048E+01
        45  6.358928E+01
        46  9.729330E+01
        47  6.858999E+01
        48  1.007377E+02
        49  2.959290E+01
        50  4.247502E+01
        51  2.959290E+01
        52  4.247502E+01
        53  6.858999E+01
        54  1.007377E+02
        55  6.358928E+01
        56  9.729330E+01
        57  6.061982E+01
        58  9.494048E+01
        59  5.307554E+01
        60  8.611045E+01
        61  9.222177E+02
        62  4.835542E+02
        63  1.865056E+02
        64  3.986178E+01
        65  5.276583E+01
        66  9.222177E+02
        67  4.835542E+02
        68  1.865056E+02
        69  3.986178E+01
        70  5.276583E+01
        71  6.653708E+01
        72  9.581662E+01
        73  7.257006E+01
        74  1.023219E+02
        75  7.744237E+01
        76  1.076052E+02
        77  8.005978E+01
        78  1.105752E+02
        79  3.278692E+01
        80  4.564411E+01
        81  3.278692E+01
        82  4.564411E+01
        83  8.005978E+01
        84  1.105752E+02
        85  7.744237E+01
        86  1.076052E+02
        87  7.257006E+01
        88  1.023219E+02
        89  6.653708E+01
        90  9.581662E+01
        91  8.776092E+02
        92  4.521825E+02
        93  1.730356E+02
        94  3.725165E+01
        95  4.511715E+01
        96  8.776092E+02
        97  4.521825E+02
        98  1.730356E+02
        99  3.725165E+01
       100  4.511715E+01
       101  6.625492E+01
       102  9.561368E+01
       103  6.806754E+01
       104  9.792903E+01
       105  7.025149E+01
       106  1.008114E+02
       107  7.220042E+01
       108  1.028749E+02
       109  2.961854E+01
       110  4.227051E+01
       111  2.961854E+01
       112  4.227051E+01
       113  7.220042E+01
       114  1.028749E+02
       115  7.025149E+01
       116  1.008114E+02
       117  6.806754E+01
       118  9.792903E+01
       119  6.625492E+01
       120  9.561368E+01
       121  8.152545E+02
       122  4.219283E+02
       123  1.629413E+02
       124  3.597682E+01
       125  3.968647E+01
       126  8.152545E+02
       127  4.219283E+02
       128  1.629413E+02
       129  3.597682E+01
       130  3.968647E+01
       131  6.239082E+01
       132  9.155345E+01
       133  6.281023E+01
       134  9.213577E+01
       135  6.364831E+01
       136  9.320772E+01
       137  6.507460E+01
       138  9.420732E+01
       139  2.659771E+01
       140  3.847821E+01
       141  2.659771E+01
       142  3.847821E+01
       143  6.507460E+01
       144  9.420732E+01
       145  6.364831E+01
       146  9.320772E+01
       147  6.281023E+01
       148  9.213577E+01
       149  6.239082E+01
       150  9.155345E+01
       151  7.528308E+02
       152  3.922296E+02
       153  1.537592E+02
       154  3.530593E+01
       155  3.551264E+01
       156  7.528308E+02
       157  3.922296E+02
       158  1.537592E+02
       159  3.530593E+01
       160  3.551264E+01
       161  5.739871E+01
       162  8.546835E+01
       163  5.754971E+01
       164  8.552365E+01
       165  5.802646E+01
       166  8.600421E+01
       167  5.918718E+01
       168  8.662276E+01
       169  2.401513E+01
       170  3.516686E+01
       171  2.401513E+01
       172  3.516686E+01
       173  5.918718E+01
       174  8.662276E+01
       175  5.802646E+01
       176  8.600421E+01
       177  5.754971E+01
       178  8.552365E+01
       179  5.739871E+01
       180  8.546835E+01
       181  6.906607E+02
       182  3.621582E+02
       183  1.441245E+02
       184  3.446119E+01
       185  3.193265E+01
       186  6.906607E+02
       187  3.621582E+02
       188  1.441245E+02
       189  3.446119E+01
       190  3.193265E+01
       191  5.205837E+01
       192  7.857502E+01
       193  5.221482E+01
       194  7.859336E+01
       195  5.260089E+01
       196  7.896779E+01
       197  5.368266E+01
       198  7.944949E+01
       199  2.164582E+01
       200  3.207020E+01
       201  2.164582E+01
       202  3.207020E+01
       203  5.368266E+01
       204  7.944949E+01
       205  5.260089E+01
       206  7.896779E+01
       207  5.221482E+01
       208  7.859336E+01
       209  5.205837E+01
       210  7.857502E+01
       211  6.292204E+02
       212  3.320170E+02
       213  1.341135E+02
       214  3.341090E+01
       215  2.873012E+01
       216  6.292204E+02
       217  3.320170E+02
       218  1.341135E+02
       219  3.341090E+01
       220  2.873012E+01
       221  4.680312E+01
       222  7.156134E+01
       223  4.696971E+01
       224  7.161502E+01
       225  4.732947E+01
       226  7.198418E+01
       227  4.839360E+01
       228  7.240658E+01
       229  1.939562E+01
       230  2.906734E+01
       231  1.939562E+01
       232  2.906734E+01
       233  4.839360E+01
       234  7.240658E+01
       235  4.732947E+01
       236  7.198418E+01
       237  4.696971E+01
       238  7.161502E+01
       239  4.680312E+01
       240  7.156134E+01
       241  5.687273E+02
       242  3.020035E+02
       243  1.238385E+02
       244  3.216465E+01
       245  2.583133E+01
       246  5.687273E+02
       247  3.020035E+02
       248  1.238385E+02
       249  3.216465E+01
       250  2.583133E+01
       251  4.172664E+01
       252  6.466264E+01
       253  4.188728E+01
       254  6.472718E+01
       255  4.222350E+01
       256  6.509115E+01
       257  4.328523E+01
       258  6.547444E+01
       259  1.724416E+01
       260  2.613987E+01
       261  1.724416E+01
       262  2.613987E+01
       263  4.328523E+01
       264  6.547444E+01
       265  4.222350E+01
       266  6.509115E+01
       267  4.188728E+01
       268  6.472718E+01
       269  4.172664E+01
       270  6.466264E+01
       271  5.095790E+02
       272  2.723598E+02
       273  1.134148E+02
       274  3.073927E+01
       275  2.321074E+01
       276  5.095790E+02
       277  2.723598E+02
       278  1.134148E+02
       279  3.073927E+01
       280  2.321074E+01
       281  3.687212E+01
       282  5.795333E+01
       283  3.701879E+01
       284  5.801079E+01
       285  3.732901E+01
       286  5.835782E+01
       287  3.838952E+01
       288  5.870127E+01
       289  1.519869E+01
       290  2.330137E+01
       291  1.519869E+01
       292  2.330137E+01
       293  3.838952E+01
       294  5.870127E+01
       295  3.732901E+01
       296  5.835782E+01
       297  3.701879E+01
       298  5.801079E+01
       299  3.687212E+01
       300  5.795333E+01
       301  4.522483E+02
       302  2.433486E+02
       303  1.029547E+02
       304  2.914849E+01
       305  2.084689E+01
       306  4.522483E+02
       307  2.433486E+02
       308  1.029547E+02
       309  2.914849E+01
       310  2.084689E+01
       311  3.226852E+01
       312  5.147745E+01
       313  3.239992E+01
       314  5.152102E+01
       315  3.268369E+01
       316  5.184378E+01
       317  3.374111E+01
       318  5.214482E+01
       319  1.327139E+01
       320  2.057358E+01
       321  1.327139E+01
       322  2.057358E+01
       323  3.374111E+01
       324  5.214482E+01
       325  3.268369E+01
       326  5.184378E+01
       327  3.239992E+01
       328  5.152102E+01
       329  3.226852E+01
       330  5.147745E+01
       331  3.972205E+02
       332  2.152361E+02
       333  9.256925E+01
       334  2.740662E+01
       335  1.871635E+01
       336  3.972205E+02
       337  2.152361E+02
       338  9.256925E+01
       339  2.740662E+01
       340  1.871635E+01
       341  2.794387E+01
       342  4.527579E+01
       343  2.806095E+01
       344  4.530400E+01
       345  2.831934E+01
       346  4.559975E+01
       347  2.937084E+01
       348  4.585849E+01
       349  1.147354E+01
       350  1.797785E+01
       351  1.147354E+01
       352  1.797785E+01
       353  2.937084E+01
       354  4.585849E+01
       355  2.831934E+01
       356  4.559975E+01
       357  2.806095E+01
       358  4.530400E+01
       359  2.794387E+01
       360  4.527579E+01
       361  3.449544E+02
       362  1.882792E+02
       363  8.237011E+01
       364  2.553186E+01
       365  1.679389E+01
       366  3.449544E+02
       367  1.882792E+02
       368  8.237011E+01
       369  2.553186E+01
       370  1.679389E+01
       371  2.392295E+01
       372  3.938989E+01
       373  2.402715E+01
       374  3.940376E+01
       375  2.426180E+01
       376  3.967235E+01
       377  2.530366E+01
       378  3.989125E+01
       379  9.814003E+00
       380  1.553332E+01
       381  9.814003E+00
       382  1.553332E+01
       383  2.530366E+01
       384  3.989125E+01
       385  2.426180E+01
       386  3.967235E+01
       387  2.402715E+01
       388  3.940376E+01
       389  2.392295E+01
       390  3.938989E+01
       391  2.958613E+02
       392  1.627164E+02
       393  7.246740E+01
       394  2.354713E+01
       395  1.505403E+01
       396  2.958613E+02
       397  1.627164E+02
       398  7.246740E+01
       399  2.354713E+01
       400  1.505403E+01
       401  2.022569E+01
       402  3.386006E+01
       403  2.031849E+01
       404  3.386164E+01
       405  2.053116E+01
       406  3.410418E+01
       407  2.155872E+01
       408  3.428697E+01
       409  8.299001E+00
       410  1.325642E+01
       411  8.299001E+00
       412  1.325642E+01
       413  2.155872E+01
       414  3.428697E+01
       415  2.053116E+01
       416  3.410418E+01
       417  2.031849E+01
       418  3.386164E+01
       419  2.022569E+01
       420  3.386006E+01
       421  2.502934E+02
       422  1.387608E+02
       423  6.296710E+01
       424  2.147980E+01
       425  1.347215E+01
       426  2.502934E+02
       427  1.387608E+02
       428  6.296710E+01
       429  2.147980E+01
       430  1.347215E+01
       431  1.686626E+01
       432  2.872259E+01
       433  1.694905E+01
       434  2.871425E+01
       435  1.714151E+01
       436  2.893229E+01
       437  1.814912E+01
       438  2.908333E+01
       439  6.932031E+00
       440  1.116043E+01
       441  6.932031E+00
       442  1.116043E+01
       443  1.814912E+01
       444  2.908333E+01
       445  1.714151E+01
       446  2.893229E+01
       447  1.694905E+01
       448  2.871425E+01
       449  1.686626E+01
       450  2.872259E+01
       451  2.085346E+02
       452  1.165945E+02
       453  5.396775E+01
       454  1.936078E+01
       455  1.202533E+01
       456  2.085346E+02
       457  1.165945E+02
       458  5.396775E+01
       459  1.936078E+01
       460  1.202533E+01
       461  1.385272E+01
       462  2.400739E+01
       463  1.392674E+01
       464  2.399151E+01
       465  1.410064E+01
       466  2.418674E+01
       467  1.508181E+01
       468  2.431057E+01
       469  5.713827E+00
       470  9.255216E+00
       471  5.713827E+00
       472  9.255216E+00
       473  1.508181E+01
       474  2.431057E+01
       475  1.410064E+01
       476  2.418674E+01
       477  1.392674E+01
       478  2.399151E+01
       479  1.385272E+01
       480  2.400739E+01
       481  1.707934E+02
       482  9.636308E+01
       483  4.555748E+01
       484  1.722331E+01
       485  1.069288E+01
       486  1.707934E+02
       487  9.636308E+01
       488  4.555748E+01
       489  1.722331E+01
       490  1.069288E+01
       491  1.118682E+01
       492  1.973646E+01
       493  1.125317E+01
       494  1.971533E+01
       495  1.140998E+01
       496  1.988949E+01
       497  1.235751E+01
       498  1.999072E+01
       499  4.642422E+00
       500  7.546948E+00
       501  4.642422E+00
       502  7.546948E+00
       503  1.235751E+01
       504  1.999072E+01
       505  1.140998E+01
       506  1.988949E+01
       507  1.125317E+01
       508  1.971533E+01
       509  1.118682E+01
       510  1.973646E+01
       511  1.371984E+02
       512  7.817237E+01
       513  3.781139E+01
       514  1.510176E+01
       515  9.456765E+00
       516  1.371984E+02
       517  7.817237E+01
       518  3.781139E+01
       519  1.510176E+01
       520  9.456765E+00
       521  8.864163E+00
       522  1.592330E+01
       523  8.923698E+00
       524  1.589914E+01
       525  9.064700E+00
       526  1.605404E+01
       527  9.970878E+00
       528  1.613724E+01
       529  3.713328E+00
       530  6.038119E+00
       531  3.713328E+00
       532  6.038119E+00
       533  9.970878E+00
       534  1.613724E+01
       535  9.064700E+00
       536  1.605404E+01
       537  8.923698E+00
       538  1.589914E+01
       539  8.864163E+00
       540  1.592330E+01
       541  1.077968E+02
       542  6.208583E+01
       543  3.078931E+01
       544  1.303028E+01
       545  8.301923E+00
       546  1.077968E+02
       547  6.208583E+01
       548  3.078931E+01
       549  1.303028E+01
       550  8.301923E+00
       551  6.874379E+00
       552  1.257294E+01
       553  6.927734E+00
       554  1.254784E+01
       555  7.053996E+00
       556  1.268535E+01
       557  7.910922E+00
       558  1.275490E+01
       559  2.919797E+00
       560  4.727589E+00
       561  2.919797E+00
       562  4.727589E+00
       563  7.910922E+00
       564  1.275490E+01
       565  7.053996E+00
       566  1.268535E+01
       567  6.927734E+00
       568  1.254784E+01
       569  6.874379E+00
       570  1.257294E+01
       571  8.255339E+01
       572  4.812302E+01
       573  2.453410E+01
       574  1.104177E+01
       575  7.216628E+00
       576  8.255339E+01
       577  4.812302E+01
       578  2.453410E+01
       579  1.104177E+01
       580  7.216628E+00
       581  5.201640E+00
       582  9.682198E+00
       583  5.249230E+00
       584  9.658055E+00
       585  5.361650E+00
       586  9.780029E+00
       587  6.161495E+00
       588  9.839962E+00
       589  2.253143E+00
       590  3.610721E+00
       591  2.253143E+00
       592  3.610721E+00
       593  6.161495E+00
       594  9.839962E+00
       595  5.361650E+00
       596  9.780029E+00
       597  5.249230E+00
       598  9.658055E+00
       599  5.201640E+00
       600  9.682198E+00
       601  6.135229E+01
       602  3.625897E+01
       603  1.907030E+01
       604  9.166871E+00
       605  6.192901E+00
       606  6.135229E+01
       607  3.625897E+01
       608  1.907030E+01
       609  9.166871E+00
       610  6.192901E+00
       611  3.825256E+00
       612  7.239959E+00
       613  3.867313E+00
       614  7.218332E+00
       615  3.966650E+00
       616  7.326442E+00
       617  4.701968E+00
       618  7.380256E+00
       619  1.703094E+00
       620  2.679522E+00
       621  1.703094E+00
       622  2.679522E+00
       623  4.701968E+00
       624  7.380256E+00
       625  3.966650E+00
       626  7.326442E+00
       627  3.867313E+00
       628  7.218332E+00
       629  3.825256E+00
       630  7.239959E+00
       631  4.399850E+01
       632  2.642406E+01
       633  1.440315E+01
       634  7.433193E+00
       635  5.226900E+00
       636  4.399850E+01
       637  2.642406E+01
       638  1.440315E+01
       639  7.433193E+00
       640  5.226900E+00
       641  2.720407E+00
       642  5.227203E+00
       643  2.757035E+00
       644  5.209199E+00
       645  2.843946E+00
       646  5.304832E+00
       647  3.507996E+00
       648  5.355308E+00
       649  1.258166E+00
       650  1.922794E+00
       651  1.258166E+00
       652  1.922794E+00
       653  3.507996E+00
       654  5.355308E+00
       655  2.843946E+00
       656  5.304832E+00
       657  2.757035E+00
       658  5.209199E+00
       659  2.720407E+00
       660  5.227203E+00
       661  3.022140E+01
       662  1.850486E+01
       663  1.051795E+01
       664  5.864353E+00
       665  4.319078E+00
       666  3.022140E+01
       667  1.850486E+01
       668  1.051795E+01
       669  5.864353E+00
       670  4.319078E+00
       671  1.858953E+00
       672  3.616940E+00
       673  1.890192E+00
       674  3.603162E+00
       675  1.965255E+00
       676  3.687366E+00
       677  2.552373E+00
       678  3.736477E+00
       679  9.060377E-01
       680  1.326330E+00
       681  9.060377E-01
       682  1.326330E+00
       683  2.552373E+00
       684  3.736477E+00
       685  1.965255E+00
       686  3.687366E+00
       687  1.890192E+00
       688  3.603162E+00
       689  1.858953E+00
       690  3.616940E+00
       691  1.968085E+01
       692  1.234642E+01
       693  7.379761E+00
       694  4.478870E+00
       695  3.473869E+00
       696  1.968085E+01
       697  1.234642E+01
       698  7.379761E+00
       699  4.478870E+00
       700  3.473869E+00
       701  1.210302E+00
       702  2.374321E+00
       703  1.236186E+00
       704  2.364905E+00
       705  1.299921E+00
       706  2.438445E+00
       707  1.805957E+00
       708  2.487365E+00
       709  6.339622E-01
       710  8.732300E-01
       711  6.339622E-01
       712  8.732300E-01
       713  1.805957E+00
       714  2.487365E+00
       715  1.299921E+00
       716  2.438445E+00
       717  1.236186E+00
       718  2.364905E+00
       719  1.210302E+00
       720  2.374321E+00
       721  1.197754E+01
       722  7.756606E+00
       723  4.933939E+00
       724  3.288874E+00
       725  2.698819E+00
       726  1.197754E+01
       727  7.756606E+00
       728  4.933939E+00
       729  3.288874E+00
       730  2.698819E+00
       731  7.423753E-01
       732  1.457349E+00
       733  7.629629E-01
       734  1.452045E+00
       735  8.158601E-01
       736  1.515519E+00
       737  1.238645E+00
       738  1.564718E+00
       739  4.291940E-01
       740  5.443892E-01
       741  4.291940E-01
       742  5.443892E-01
       743  1.238645E+00
       744  1.564718E+00
       745  8.158601E-01
       746  1.515519E+00
       747  7.629629E-01
       748  1.452045E+00
       749  7.423753E-01
       750  1.457349E+00
       751  6.667853E+00
       752  4.513185E+00
       753  3.107762E+00
       754  2.299004E+00
       755  2.003354E+00
       756  6.667853E+00
       757  4.513185E+00
       758  3.107762E+00
       759  2.299004E+00
       760  2.003354E+00
       761  4.226607E-01
       762  8.184657E-01
       763  4.380649E-01
       764  8.166963E-01
       765  4.806418E-01
       766  8.706122E-01
       767  8.204404E-01
       768  9.199256E-01
       769  2.794459E-01
       770  3.191813E-01
       771  2.794459E-01
       772  3.191813E-01
       773  8.204404E-01
       774  9.199256E-01
       775  4.806418E-01
       776  8.706122E-01
       777  4.380649E-01
       778  8.166963E-01
       779  4.226607E-01
       780  8.184657E-01
       781  3.282877E+00
       782  2.373531E+00
       783  1.813916E+00
       784  1.506170E+00
       785  1.397581E+00
       786  3.282877E+00
       787  2.373531E+00
       788  1.813916E+00
       789  1.506170E+00
       790  1.397581E+00
       791  2.192770E-01
       792  4.067599E-01
       793  2.298346E-01
       794  4.076634E-01
       795  2.628514E-01
       796  4.525108E-01
       797  5.227854E-01
       798  5.011208E-01
       799  1.733476E-01
       800  1.762985E-01
       801  1.733476E-01
       802  1.762985E-01
       803  5.227854E-01
       804  5.011208E-01
       805  2.628514E-01
       806  4.525108E-01
       807  2.298346E-01
       808  4.076634E-01
       809  2.192770E-01
       810  4.067599E-01
       811  1.348839E+00
       812  1.086651E+00
       813  9.560541E-01
       814  9.004384E-01
       815  8.912704E-01
       816  1.348839E+00
       817  1.086651E+00
       818  9.560541E-01
       819  9.004384E-01
       820  8.912704E-01
       821  1.016535E-01
       822  1.697133E-01
       823  1.085237E-01
       824  1.725263E-01
       825  1.336307E-01
       826  2.091551E-01
       827  3.201903E-01
       828  2.556107E-01
       829  1.007872E-01
       830  9.468722E-02
       831  1.007872E-01
       832  9.468722E-02
       833  3.201903E-01
       834  2.556107E-01
       835  1.336307E-01
       836  2.091551E-01
       837  1.085237E-01
       838  1.725263E-01
       839  1.016535E-01
       840  1.697133E-01
       841  4.135544E-01
       842  4.072294E-01
       843  4.341425E-01
       844  4.674472E-01
       845  4.946635E-01
       846  4.135544E-01
       847  4.072294E-01
       848  4.341425E-01
       849  4.674472E-01
       850  4.946635E-01
       851  4.113489E-02
       852  5.447232E-02
       853  4.703364E-02
       854  5.927357E-02
       855  6.729822E-02
       856  8.938837E-02
       857  1.913918E-01
       858  1.322028E-01
       859  5.313860E-02
       860  5.472664E-02
       861  5.313860E-02
       862  5.472664E-02
       863  1.913918E-01
       864  1.322028E-01
       865  6.729822E-02
       866  8.938837E-02
       867  4.703364E-02
       868  5.927357E-02
       869  4.113489E-02
       870  5.447232E-02
       871  7.240808E-02
       872  1.057556E-01
       873  1.456147E-01
       874  1.838205E-01
       875  2.135588E-01
       876  7.240808E-02
       877  1.057556E-01
       878  1.456147E-01
       879  1.838205E-01
       880  2.135588E-01
       881  1.304623E-02
       882  1.096021E-02
       883  2.001674E-02
       884  1.721124E-02
       885  3.744688E-02
       886  4.180527E-02
       887  1.124857E-01
       888  7.964397E-02
       889  2.295493E-02
       890  3.776864E-02
       891  2.295493E-02
       892  3.776864E-02
       893  1.124857E-01
       894  7.964397E-02
       895  3.744688E-02
       896  4.180527E-02
       897  2.001674E-02
       898  1.721124E-02
       899  1.304623E-02
       900  1.096021E-02
       901  4.095842E-03
       902  1.284576E-02
       903  2.610537E-02
       904  4.346598E-02
       905  6.253080E-02
       906  4.095842E-03
       907  1.284576E-02
       908  2.610537E-02
       909  4.346598E-02
       910  6.253080E-02
       911  2.802776E-03
       912  9.753549E-04
       913  7.936941E-03
       914  5.088458E-03
       915  2.065565E-02
       916  2.310625E-02
       917  6.312757E-02
       918  5.594695E-02
       919  7.738526E-03
       920  2.942175E-02
       921  7.738526E-03
       922  2.942175E-02
       923  6.312757E-02
       924  5.594695E-02
       925  2.065565E-02
       926  2.310625E-02
       927  7.936941E-03
       928  5.088458E-03
       929  2.802776E-03
       930  9.753549E-04
       931  6.521013E-05
       932  3.705039E-04
       933  1.472806E-03
       934  5.181648E-03
       935  1.274467E-02
       936  6.521013E-05
       937  3.705039E-04
       938  1.472806E-03
       939  5.181648E-03
       940  1.274467E-02
       941  3.561636E-04
       942  2.512313E-04
       943  2.723005E-03
       944  2.643929E-03
       945  1.004039E-02
       946  1.568665E-02
       947  3.411658E-02
       948  4.583093E-02
       949  2.885559E-03
       950  2.619540E-02
       951  2.885559E-03
       952  2.619540E-02
       953  3.411658E-02
       954  4.583093E-02
       955  1.004039E-02
       956  1.568665E-02
       957  2.723005E-03
       958  2.643929E-03
       959  3.561636E-04
       960  2.512313E-04
