
                        S T E P       1


                                INCREMENT     1


 displacements (vx,vy,vz) for set TIP_TOP and time  0.1000000E+01

       887  8.429795E-02 -2.092757E-03 -1.905810E+00
       888  8.432627E-02 -1.888777E-03 -1.902644E+00
       891  8.422605E-02 -1.761135E-03 -1.899906E+00
       894  8.418969E-02 -1.391633E-03 -1.897434E+00
       896  8.421677E-02 -4.654249E-04 -1.896063E+00
       898  8.425614E-02  3.254499E-11 -1.895846E+00
       900  8.421677E-02  4.654250E-04 -1.896063E+00
       903  8.418969E-02  1.391633E-03 -1.897434E+00
       906  8.422605E-02  1.761135E-03 -1.899906E+00
       909  8.432627E-02  1.888777E-03 -1.902644E+00
       912  8.429795E-02  2.092757E-03 -1.905810E+00
      1452  8.437996E-02 -1.913721E-03 -1.904044E+00
      1485  8.437996E-02  1.913721E-03 -1.904044E+00
      2187  8.427378E-02 -1.847026E-03 -1.901268E+00
      2210  8.421154E-02 -1.003392E-03 -1.896515E+00
      2233  8.421154E-02  1.003392E-03 -1.896515E+00
      2258  8.427378E-02  1.847026E-03 -1.901268E+00
      3421  8.425556E-02 -2.281073E-04 -1.895898E+00
      3430  8.425556E-02  2.281073E-04 -1.895898E+00
      5108  8.419733E-02 -1.624813E-03 -1.898618E+00
      5123  8.419733E-02  1.624813E-03 -1.898618E+00
      7509  8.433911E-02 -2.010675E-03 -1.904901E+00
      7596  8.418298E-02 -7.513912E-04 -1.896259E+00
      7641  8.423359E-02 -3.527284E-04 -1.896042E+00
      7697  8.423359E-02  3.527285E-04 -1.896042E+00
      7773  8.418298E-02  7.513912E-04 -1.896259E+00
      7834  8.433911E-02  2.010675E-03 -1.904901E+00

 forces (fx,fy,fz) for set CLAMP and time  0.1000000E+01

         1  1.247716E+03  1.828498E+03  7.813340E+02
         4  2.129381E+03 -1.136930E-08  1.556179E+03
         5  1.543498E+03  2.721525E+03  6.770799E+01
         8  2.478945E+03 -2.041379E-08  1.705622E+02
         9  1.031448E+03  1.775728E+03 -2.926718E+01
        12  1.639942E+03 -1.785123E-08 -4.399734E+01
        13  5.137130E+02  8.358616E+02 -6.648240E+01
        16  7.996065E+02 -1.063639E-08 -1.197293E+02
        17  6.852750E+00 -1.264258E+02 -4.731892E+01
        20 -3.948180E+01 -3.677998E-09 -7.908159E+01
        21  1.084596E+02 -9.398213E+01 -2.502785E+03
        24 -5.071894E+02 -2.125338E-09  5.585104E+01
        26  1.247716E+03 -1.828498E+03  7.813340E+02
        28  1.543498E+03 -2.721525E+03  6.770799E+01
        30  1.031448E+03 -1.775728E+03 -2.926718E+01
        32  5.137130E+02 -8.358616E+02 -6.648240E+01
        34  6.852750E+00  1.264258E+02 -4.731892E+01
        36  1.084596E+02  9.398213E+01 -2.502785E+03
        37  4.050428E+01 -6.943377E+02 -2.295302E+03
        40  5.115069E+02  8.276365E+01 -2.812362E+03
        41 -1.796369E+03 -1.490571E+03 -3.896950E+02
        44 -1.801717E+03  3.001118E+02 -1.881925E+03
        45 -2.006246E+03 -7.976350E+02  2.577207E+03
        48 -3.423992E+03 -1.994927E+02  4.916576E+03
        50  5.798226E+02 -2.741860E+01 -9.779833E+02
        52 -9.074941E+02 -1.616246E+02 -3.831040E+03
        54 -3.558601E+03 -1.791043E+02  4.890265E+03
        56  5.491108E+02 -4.879997E+02 -2.859525E+03
        58 -1.912564E+03 -6.447142E+02 -2.042310E+03
        60 -3.744581E+03 -1.201505E+02  4.984457E+03
        62 -1.567186E+03  3.778394E+02 -1.236627E+03
        64 -2.695966E+03 -4.866388E+01  3.755122E+03
        66 -3.205765E+02 -9.029080E-10 -1.933986E+03
        68 -1.588937E+03 -1.300702E-09  2.284198E+03
        70 -1.567186E+03 -3.778394E+02 -1.236627E+03
        72 -2.695966E+03  4.866388E+01  3.755122E+03
        74  5.491108E+02  4.879997E+02 -2.859525E+03
        76 -1.912564E+03  6.447142E+02 -2.042310E+03
        78 -3.744581E+03  1.201505E+02  4.984457E+03
        80  5.798226E+02  2.741860E+01 -9.779833E+02
        82 -9.074941E+02  1.616246E+02 -3.831040E+03
        84 -3.558601E+03  1.791043E+02  4.890265E+03
        86  5.115069E+02 -8.276365E+01 -2.812362E+03
        88 -1.801717E+03 -3.001118E+02 -1.881925E+03
        90 -3.423992E+03  1.994927E+02  4.916576E+03
        92  4.050428E+01  6.943377E+02 -2.295302E+03
        94 -1.796369E+03  1.490571E+03 -3.896950E+02
        96 -2.006246E+03  7.976350E+02  2.577207E+03
      2259  1.827923E+03  3.208079E+03  9.567616E+01
      2260  2.136724E+03  2.560704E+01  1.560667E+03
      2261  2.999175E+03  5.034880E+01  2.132949E+02
      2262  2.493683E+03  4.380530E+01  1.647676E+02
      2263  2.978169E+03 -2.157246E-08  2.190435E+02
      2273  1.293504E+03  2.254629E+03  3.763478E+00
      2274  2.077276E+03  3.547769E+01  1.980116E+01
      2275  1.647000E+03  2.897373E+01 -4.763682E+01
      2276  2.068633E+03 -2.119920E-08  2.325823E+01
      2287  7.723187E+02  1.306359E+03 -5.376883E+01
      2288  1.225139E+03  2.252513E+01 -9.750577E+01
      2289  8.032426E+02  1.655006E+01 -1.233910E+02
      2290  1.219807E+03 -1.428946E-08 -9.380505E+01
      2301  2.136724E+03 -2.560704E+01  1.560667E+03
      2302  2.999175E+03 -5.034880E+01  2.132949E+02
      2303  2.493683E+03 -4.380530E+01  1.647676E+02
      2304  1.827923E+03 -3.208079E+03  9.567616E+01
      2311  2.077276E+03 -3.547769E+01  1.980116E+01
      2312  1.647000E+03 -2.897373E+01 -4.763682E+01
      2313  1.293504E+03 -2.254629E+03  3.763478E+00
      2321  1.225139E+03 -2.252513E+01 -9.750577E+01
      2322  8.032426E+02 -1.655006E+01 -1.233910E+02
      2323  7.723187E+02 -1.306359E+03 -5.376883E+01
      3464  2.578909E+02  3.598079E+02 -6.541392E+01
      3465  3.800576E+02  1.206911E+01 -1.212645E+02
      3466 -3.984489E+01  9.454486E+00 -8.319158E+01
      3467  3.792326E+02 -6.964441E-09 -1.176419E+02
      3477 -2.211104E+02 -6.318670E+02 -2.157039E+00
      3478 -4.522193E+02  5.055616E+00  9.583016E-01
      3479 -5.054250E+02  2.070747E+00  6.427325E+01
      3480 -4.529236E+02 -2.069053E-09 -8.751900E-01
      3515  3.800576E+02 -1.206911E+01 -1.212645E+02
      3516 -3.984489E+01 -9.454486E+00 -8.319158E+01
      3517  2.578909E+02 -3.598079E+02 -6.541392E+01
      3524 -4.522193E+02 -5.055616E+00  9.583016E-01
      3525 -5.054250E+02 -2.070747E+00  6.427325E+01
      3526 -2.211104E+02  6.318670E+02 -2.157039E+00
      5168 -4.337606E+02 -4.029343E+02 -3.400674E+01
      5169  5.429596E+02 -3.728489E+01 -1.010474E+03
      5170 -6.797479E+02 -6.571290E+01  7.514513E+01
      5171 -1.246515E+03  1.080973E+00  1.198009E+03
      5172 -6.629628E+02 -5.847434E+01  8.481901E+01
      5187  6.110210E+02 -2.119405E+01 -1.000260E+03
      5188 -6.782993E+02 -5.785249E+01  7.900086E+01
      5189 -1.318703E+03 -6.846403E+01  1.199152E+03
      5190 -3.131711E+02  3.469626E+02 -2.071663E+01
      5201 -1.507730E+02 -3.345597E+02 -4.900932E+01
      5202 -2.606629E+02  4.904036E-01  3.567982E+01
      5203 -5.604954E+02  5.012535E+01  4.114389E+02
      5204 -2.506009E+02 -1.552153E-09  3.158115E+01
      5215 -2.606629E+02 -4.904036E-01  3.567982E+01
      5216 -5.604954E+02 -5.012535E+01  4.114389E+02
      5217 -1.507730E+02  3.345597E+02 -4.900932E+01
      5225 -3.131711E+02 -3.469626E+02 -2.071663E+01
      5226  6.110210E+02  2.119405E+01 -1.000260E+03
      5227 -6.782993E+02  5.785249E+01  7.900086E+01
      5228 -1.318703E+03  6.846403E+01  1.199152E+03
      5229 -6.629628E+02  5.847434E+01  8.481901E+01
      5244  5.429596E+02  3.728489E+01 -1.010474E+03
      5245 -6.797479E+02  6.571290E+01  7.514513E+01
      5246 -1.246515E+03 -1.080973E+00  1.198009E+03
      5247 -4.337606E+02  4.029343E+02 -3.400674E+01

 internal energy (element, energy) for set EALL and time  0.1000000E+01

         1  9.250515E+00
         2  6.419979E+00
         3  9.156636E+00
         4  6.353544E+00
         5  1.181971E+00
         6  1.119115E+00
         7  1.211198E+00
         8  1.147773E+00
         9  1.217283E+00
        10  1.071577E+00
        11  1.203732E+00
        12  1.059088E+00
        13  9.991199E-01
        14  8.575064E-01
        15  1.024946E+00
        16  8.724168E-01
        17  9.512960E-01
        18  8.321473E-01
        19  9.414864E-01
        20  8.326208E-01
        21  1.226430E+00
        22  1.163095E+00
        23  1.233075E+00
        24  1.169678E+00
        25  1.197811E+00
        26  1.053426E+00
        27  1.196549E+00
        28  1.052216E+00
        29  1.038670E+00
        30  8.802265E-01
        31  1.044381E+00
        32  8.836834E-01
        33  9.376586E-01
        34  8.341225E-01
        35  9.370539E-01
        36  8.352330E-01
        37  4.427006E+00
        38  2.878024E+00
        39  4.385313E+00
        40  2.849836E+00
        41  5.322808E+00
        42  3.577728E+00
        43  5.387911E+00
        44  3.623124E+00
        45  1.704945E+00
        46  8.537187E-01
        47  1.687832E+00
        48  8.450550E-01
        49  2.149516E+00
        50  1.088621E+00
        51  2.177251E+00
        52  1.102901E+00
        53  3.103542E-01
        54  7.694643E-02
        55  3.073061E-01
        56  7.799157E-02
        57  4.027588E-01
        58  9.211069E-02
        59  4.081279E-01
        60  9.363433E-02
        61  1.727404E-01
        62  6.868667E-01
        63  1.710478E-01
        64  6.219479E-01
        65  1.557809E-01
        66  6.311838E-01
        67  1.572790E-01
        68  5.786462E-01
        69  9.156636E+00
        70  6.353544E+00
        71  9.250515E+00
        72  6.419979E+00
        73  1.233075E+00
        74  1.169678E+00
        75  1.226430E+00
        76  1.163095E+00
        77  1.196549E+00
        78  1.052216E+00
        79  1.197811E+00
        80  1.053426E+00
        81  1.044381E+00
        82  8.836834E-01
        83  1.038670E+00
        84  8.802265E-01
        85  9.370539E-01
        86  8.352330E-01
        87  9.376586E-01
        88  8.341225E-01
        89  1.211198E+00
        90  1.147773E+00
        91  1.181971E+00
        92  1.119115E+00
        93  1.203732E+00
        94  1.059088E+00
        95  1.217283E+00
        96  1.071577E+00
        97  1.024946E+00
        98  8.724168E-01
        99  9.991199E-01
       100  8.575064E-01
       101  9.414864E-01
       102  8.326208E-01
       103  9.512960E-01
       104  8.321473E-01
       105  4.385313E+00
       106  2.849836E+00
       107  4.427006E+00
       108  2.878024E+00
       109  5.387911E+00
       110  3.623124E+00
       111  5.322808E+00
       112  3.577728E+00
       113  1.687832E+00
       114  8.450550E-01
       115  1.704945E+00
       116  8.537187E-01
       117  2.177251E+00
       118  1.102901E+00
       119  2.149516E+00
       120  1.088621E+00
       121  3.073061E-01
       122  7.799157E-02
       123  3.103542E-01
       124  7.694643E-02
       125  4.081279E-01
       126  9.363433E-02
       127  4.027588E-01
       128  9.211069E-02
       129  1.710478E-01
       130  6.219479E-01
       131  1.727404E-01
       132  6.868667E-01
       133  1.572790E-01
       134  5.786462E-01
       135  1.557809E-01
       136  6.311838E-01
       137  5.525828E+00
       138  7.432799E+00
       139  6.098038E-01
       140  7.301016E-01
       141  5.960013E-01
       142  7.175596E-01
       143  5.725687E-01
       144  6.869114E-01
       145  5.574235E-01
       146  6.877798E-01
       147  7.390907E+00
       148  5.946328E-01
       149  7.211431E-01
       150  6.091963E-01
       151  7.414646E-01
       152  5.594136E-01
       153  6.911970E-01
       154  5.714833E-01
       155  6.915123E-01
       156  7.505548E+00
       157  5.482639E+00
       158  7.751039E+00
       159  2.697244E-01
       160  3.247999E-01
       161  2.647199E-01
       162  3.269266E-01
       163  2.503912E-01
       164  2.956589E-01
       165  2.511204E-01
       166  3.082930E-01
       167  3.294760E+00
       168  2.647199E-01
       169  3.269266E-01
       170  2.697244E-01
       171  3.247999E-01
       172  2.511204E-01
       173  3.082930E-01
       174  2.503912E-01
       175  2.956589E-01
       176  3.294760E+00
       177  5.482639E+00
       178  7.751039E+00
       179  6.091963E-01
       180  7.414646E-01
       181  5.946328E-01
       182  7.211431E-01
       183  5.714833E-01
       184  6.915123E-01
       185  5.594136E-01
       186  6.911970E-01
       187  7.505548E+00
       188  5.960013E-01
       189  7.175596E-01
       190  6.098038E-01
       191  7.301016E-01
       192  5.574235E-01
       193  6.877798E-01
       194  5.725687E-01
       195  6.869114E-01
       196  7.390907E+00
       197  5.525828E+00
       198  7.432799E+00
       199  9.304514E+00
       200  7.167875E+00
       201  9.310072E+00
       202  7.156751E+00
       203  9.550679E+00
       204  7.172353E+00
       205  9.551646E+00
       206  7.176325E+00
       207  5.215853E+00
       208  3.530207E+00
       209  5.188577E+00
       210  3.509849E+00
       211  5.167395E+00
       212  3.488868E+00
       213  5.174227E+00
       214  3.493663E+00
       215  2.157622E+00
       216  1.120647E+00
       217  2.145113E+00
       218  1.113862E+00
       219  2.131545E+00
       220  1.107637E+00
       221  2.134301E+00
       222  1.108967E+00
       223  4.397471E-01
       224  1.286874E-01
       225  4.365609E-01
       226  1.271692E-01
       227  4.270176E-01
       228  1.012154E-01
       229  4.275220E-01
       230  1.015006E-01
       231  2.094660E-01
       232  8.229669E-01
       233  2.108596E-01
       234  7.354743E-01
       235  1.517060E-01
       236  6.631346E-01
       237  1.525221E-01
       238  6.141974E-01
       239  9.310072E+00
       240  7.156751E+00
       241  9.304514E+00
       242  7.167875E+00
       243  9.551646E+00
       244  7.176325E+00
       245  9.550679E+00
       246  7.172353E+00
       247  5.188577E+00
       248  3.509849E+00
       249  5.215853E+00
       250  3.530207E+00
       251  5.174227E+00
       252  3.493663E+00
       253  5.167395E+00
       254  3.488868E+00
       255  2.145113E+00
       256  1.113862E+00
       257  2.157622E+00
       258  1.120647E+00
       259  2.134301E+00
       260  1.108967E+00
       261  2.131545E+00
       262  1.107637E+00
       263  4.365609E-01
       264  1.271692E-01
       265  4.397471E-01
       266  1.286874E-01
       267  4.275220E-01
       268  1.015006E-01
       269  4.270176E-01
       270  1.012154E-01
       271  2.108596E-01
       272  7.354743E-01
       273  2.094660E-01
       274  8.229669E-01
       275  1.525221E-01
       276  6.141974E-01
       277  1.517060E-01
       278  6.631346E-01
       279  5.035093E-01
       280  6.384424E-01
       281  6.446816E-01
       282  7.821862E-01
       283  4.971606E-01
       284  6.511590E-01
       285  6.244380E-01
       286  7.723690E-01
       287  8.109375E-01
       288  1.007865E+00
       289  9.316313E-01
       290  1.113448E+00
       291  8.478982E-01
       292  1.082586E+00
       293  9.338379E-01
       294  1.128434E+00
       295  6.001715E+00
       296  9.976869E-01
       297  1.165517E+00
       298  9.855185E-01
       299  1.150206E+00
       300  9.973539E-01
       301  1.168504E+00
       302  9.834766E-01
       303  1.155540E+00
       304  6.152979E+00
       305  9.928342E-01
       306  1.153325E+00
       307  1.003846E+00
       308  1.164742E+00
       309  9.883868E-01
       310  1.155172E+00
       311  9.979802E-01
       312  1.164120E+00
       313  6.325082E+00
       314  1.017417E+00
       315  1.180870E+00
       316  1.032380E+00
       317  1.199234E+00
       318  1.004814E+00
       319  1.166851E+00
       320  1.003408E+00
       321  1.171386E+00
       322  3.194616E-01
       323  3.805664E-01
       324  3.178604E-01
       325  3.922262E-01
       326  2.885405E-01
       327  3.511320E-01
       328  2.869710E-01
       329  3.614438E-01
       330  3.655564E+00
       331  3.178604E-01
       332  3.922262E-01
       333  3.194616E-01
       334  3.805664E-01
       335  2.869710E-01
       336  3.614438E-01
       337  2.885405E-01
       338  3.511320E-01
       339  3.655564E+00
       340  6.325082E+00
       341  1.032380E+00
       342  1.199234E+00
       343  1.017417E+00
       344  1.180870E+00
       345  1.003408E+00
       346  1.171386E+00
       347  1.004814E+00
       348  1.166851E+00
       349  6.152979E+00
       350  1.003846E+00
       351  1.164742E+00
       352  9.928342E-01
       353  1.153325E+00
       354  9.979802E-01
       355  1.164120E+00
       356  9.883868E-01
       357  1.155172E+00
       358  6.001715E+00
       359  9.855185E-01
       360  1.150206E+00
       361  9.976869E-01
       362  1.165517E+00
       363  9.834766E-01
       364  1.155540E+00
       365  9.973539E-01
       366  1.168504E+00
       367  6.446816E-01
       368  7.821862E-01
       369  5.035093E-01
       370  6.384424E-01
       371  6.244380E-01
       372  7.723690E-01
       373  4.971606E-01
       374  6.511590E-01
       375  9.316313E-01
       376  1.113448E+00
       377  8.109375E-01
       378  1.007865E+00
       379  9.338379E-01
       380  1.128434E+00
       381  8.478982E-01
       382  1.082586E+00
       383  9.620367E+00
       384  7.218304E+00
       385  9.621122E+00
       386  7.217879E+00
       387  9.604523E+00
       388  7.209459E+00
       389  9.604897E+00
       390  7.209875E+00
       391  5.169950E+00
       392  3.471240E+00
       393  5.168654E+00
       394  3.470177E+00
       395  5.164684E+00
       396  3.465728E+00
       397  5.165076E+00
       398  3.465915E+00
       399  2.116259E+00
       400  1.103800E+00
       401  2.115508E+00
       402  1.103256E+00
       403  2.110341E+00
       404  1.097511E+00
       405  2.110402E+00
       406  1.097502E+00
       407  4.393328E-01
       408  1.328551E-01
       409  4.386181E-01
       410  1.320285E-01
       411  4.273852E-01
       412  1.030706E-01
       413  4.274083E-01
       414  1.031897E-01
       415  2.038580E-01
       416  7.401638E-01
       417  2.049575E-01
       418  6.680453E-01
       419  1.369424E-01
       420  6.072667E-01
       421  1.377060E-01
       422  5.523271E-01
       423  9.621122E+00
       424  7.217879E+00
       425  9.620367E+00
       426  7.218304E+00
       427  9.604897E+00
       428  7.209875E+00
       429  9.604523E+00
       430  7.209459E+00
       431  5.168654E+00
       432  3.470177E+00
       433  5.169950E+00
       434  3.471240E+00
       435  5.165076E+00
       436  3.465915E+00
       437  5.164684E+00
       438  3.465728E+00
       439  2.115508E+00
       440  1.103256E+00
       441  2.116259E+00
       442  1.103800E+00
       443  2.110402E+00
       444  1.097502E+00
       445  2.110341E+00
       446  1.097511E+00
       447  4.386181E-01
       448  1.320285E-01
       449  4.393328E-01
       450  1.328551E-01
       451  4.274083E-01
       452  1.031897E-01
       453  4.273852E-01
       454  1.030706E-01
       455  2.049575E-01
       456  6.680453E-01
       457  2.038580E-01
       458  7.401638E-01
       459  1.377060E-01
       460  5.523271E-01
       461  1.369424E-01
       462  6.072667E-01
       463  5.621630E+00
       464  7.765727E+00
       465  5.808293E+00
       466  8.216655E+00
       467  5.950715E+00
       468  8.404634E+00
       469  5.974978E+00
       470  8.415587E+00
       471  2.915627E-01
       472  3.492971E-01
       473  2.929556E-01
       474  3.590595E-01
       475  2.719491E-01
       476  3.303422E-01
       477  2.690366E-01
       478  3.408332E-01
       479  3.439562E+00
       480  2.929556E-01
       481  3.590595E-01
       482  2.915627E-01
       483  3.492971E-01
       484  2.690366E-01
       485  3.408332E-01
       486  2.719491E-01
       487  3.303422E-01
       488  3.439562E+00
       489  5.974978E+00
       490  8.415587E+00
       491  5.950715E+00
       492  8.404634E+00
       493  5.808293E+00
       494  8.216655E+00
       495  5.621630E+00
       496  7.765727E+00
       497  9.543971E+00
       498  7.175253E+00
       499  9.544269E+00
       500  7.175400E+00
       501  9.461531E+00
       502  7.125064E+00
       503  9.461741E+00
       504  7.125181E+00
       505  5.148761E+00
       506  3.463722E+00
       507  5.148862E+00
       508  3.463750E+00
       509  5.123013E+00
       510  3.454970E+00
       511  5.123077E+00
       512  3.454966E+00
       513  2.119438E+00
       514  1.116250E+00
       515  2.119392E+00
       516  1.116094E+00
       517  2.120267E+00
       518  1.118302E+00
       519  2.120241E+00
       520  1.118273E+00
       521  4.560549E-01
       522  1.436537E-01
       523  4.554714E-01
       524  1.429292E-01
       525  4.488660E-01
       526  1.139397E-01
       527  4.488917E-01
       528  1.140796E-01
       529  1.940562E-01
       530  6.959864E-01
       531  1.953176E-01
       532  6.188040E-01
       533  1.247143E-01
       534  5.562333E-01
       535  1.251054E-01
       536  4.992044E-01
       537  9.544269E+00
       538  7.175400E+00
       539  9.543971E+00
       540  7.175253E+00
       541  9.461741E+00
       542  7.125181E+00
       543  9.461531E+00
       544  7.125064E+00
       545  5.148862E+00
       546  3.463750E+00
       547  5.148761E+00
       548  3.463722E+00
       549  5.123077E+00
       550  3.454966E+00
       551  5.123013E+00
       552  3.454970E+00
       553  2.119392E+00
       554  1.116094E+00
       555  2.119438E+00
       556  1.116250E+00
       557  2.120241E+00
       558  1.118273E+00
       559  2.120267E+00
       560  1.118302E+00
       561  4.554714E-01
       562  1.429292E-01
       563  4.560549E-01
       564  1.436537E-01
       565  4.488917E-01
       566  1.140796E-01
       567  4.488660E-01
       568  1.139397E-01
       569  1.953176E-01
       570  6.188040E-01
       571  1.940562E-01
       572  6.959864E-01
       573  1.251054E-01
       574  4.992044E-01
       575  1.247143E-01
       576  5.562333E-01
       577  5.672510E+00
       578  8.132187E+00
       579  5.664698E+00
       580  8.088896E+00
       581  5.694711E+00
       582  8.130847E+00
       583  5.745529E+00
       584  8.194178E+00
       585  2.815859E-01
       586  3.388749E-01
       587  2.822880E-01
       588  3.489717E-01
       589  2.600268E-01
       590  3.189055E-01
       591  2.567871E-01
       592  3.300833E-01
       593  3.360387E+00
       594  2.822880E-01
       595  3.489717E-01
       596  2.815859E-01
       597  3.388749E-01
       598  2.567871E-01
       599  3.300833E-01
       600  2.600268E-01
       601  3.189055E-01
       602  3.360387E+00
       603  5.745529E+00
       604  8.194178E+00
       605  5.694711E+00
       606  8.130847E+00
       607  5.664698E+00
       608  8.088896E+00
       609  5.672510E+00
       610  8.132187E+00
       611  9.367614E+00
       612  7.067024E+00
       613  9.367839E+00
       614  7.067155E+00
       615  9.259800E+00
       616  6.997262E+00
       617  9.260013E+00
       618  6.997356E+00
       619  5.094242E+00
       620  3.449280E+00
       621  5.094339E+00
       622  3.449299E+00
       623  5.055865E+00
       624  3.434049E+00
       625  5.055898E+00
       626  3.434009E+00
       627  2.131979E+00
       628  1.142865E+00
       629  2.131924E+00
       630  1.142689E+00
       631  2.130659E+00
       632  1.144956E+00
       633  2.130594E+00
       634  1.144897E+00
       635  4.837773E-01
       636  1.598453E-01
       637  4.832340E-01
       638  1.588502E-01
       639  4.768695E-01
       640  1.288237E-01
       641  4.768532E-01
       642  1.288531E-01
       643  1.849147E-01
       644  8.220690E-02
       645  1.170989E-01
       646  7.531122E-02
       647  1.070853E-01
       648  5.020037E-02
       649  9.324447E-02
       650  4.918197E-02
       651  7.998304E-02
       652  1.862254E-01
       653  7.158771E-02
       654  9.980481E-02
       655  7.073001E-02
       656  9.909478E-02
       657  4.708803E-02
       658  7.253075E-02
       659  4.564973E-02
       660  7.209947E-02
       661  1.124639E-01
       662  4.343273E-02
       663  8.607172E-02
       664  4.272246E-02
       665  7.406996E-02
       666  4.361196E-02
       667  9.246613E-02
       668  4.309815E-02
       669  8.108709E-02
       670  1.124030E-01
       671  4.138844E-02
       672  6.777039E-02
       673  4.037311E-02
       674  6.748976E-02
       675  4.181759E-02
       676  7.458343E-02
       677  4.096294E-02
       678  7.480809E-02
       679  9.367839E+00
       680  7.067155E+00
       681  9.367614E+00
       682  7.067024E+00
       683  9.260013E+00
       684  6.997356E+00
       685  9.259800E+00
       686  6.997262E+00
       687  5.094339E+00
       688  3.449299E+00
       689  5.094242E+00
       690  3.449280E+00
       691  5.055898E+00
       692  3.434009E+00
       693  5.055865E+00
       694  3.434049E+00
       695  2.131924E+00
       696  1.142689E+00
       697  2.131979E+00
       698  1.142865E+00
       699  2.130594E+00
       700  1.144897E+00
       701  2.130659E+00
       702  1.144956E+00
       703  4.832340E-01
       704  1.588502E-01
       705  4.837773E-01
       706  1.598453E-01
       707  4.768532E-01
       708  1.288531E-01
       709  4.768695E-01
       710  1.288237E-01
       711  1.862254E-01
       712  7.073001E-02
       713  9.909478E-02
       714  7.158771E-02
       715  9.980481E-02
       716  4.564973E-02
       717  7.209947E-02
       718  4.708803E-02
       719  7.253075E-02
       720  1.849147E-01
       721  7.531122E-02
       722  1.070853E-01
       723  8.220690E-02
       724  1.170989E-01
       725  4.918197E-02
       726  7.998304E-02
       727  5.020037E-02
       728  9.324447E-02
       729  1.124030E-01
       730  4.037311E-02
       731  6.748976E-02
       732  4.138844E-02
       733  6.777039E-02
       734  4.096294E-02
       735  7.480809E-02
       736  4.181759E-02
       737  7.458343E-02
       738  1.124639E-01
       739  4.272246E-02
       740  7.406996E-02
       741  4.343273E-02
       742  8.607172E-02
       743  4.309815E-02
       744  8.108709E-02
       745  4.361196E-02
       746  9.246613E-02
       747  5.576946E+00
       748  8.085390E+00
       749  5.560463E+00
       750  8.030510E+00
       751  5.584833E+00
       752  8.077699E+00
       753  5.627966E+00
       754  8.115560E+00
       755  2.759146E-01
       756  3.325579E-01
       757  2.766475E-01
       758  3.435121E-01
       759  2.523321E-01
       760  3.104932E-01
       761  2.459641E-01
       762  3.211424E-01
       763  3.293484E+00
       764  2.766475E-01
       765  3.435121E-01
       766  2.759146E-01
       767  3.325579E-01
       768  2.459641E-01
       769  3.211424E-01
       770  2.523321E-01
       771  3.104932E-01
       772  3.293484E+00
       773  5.627966E+00
       774  8.115560E+00
       775  5.584833E+00
       776  8.077699E+00
       777  5.560463E+00
       778  8.030510E+00
       779  5.576946E+00
       780  8.085390E+00
       781  9.133801E+00
       782  6.916582E+00
       783  9.134010E+00
       784  6.916686E+00
       785  8.991790E+00
       786  6.823653E+00
       787  8.991877E+00
       788  6.823645E+00
       789  5.011799E+00
       790  3.418911E+00
       791  5.011861E+00
       792  3.418895E+00
       793  4.956057E+00
       794  3.389385E+00
       795  4.956019E+00
       796  3.389307E+00
       797  2.137716E+00
       798  1.168972E+00
       799  2.137623E+00
       800  1.168738E+00
       801  2.124384E+00
       802  1.161457E+00
       803  2.124315E+00
       804  1.161432E+00
       805  5.149798E-01
       806  1.818230E-01
       807  5.143864E-01
       808  1.808022E-01
       809  5.006717E-01
       810  1.440080E-01
       811  5.007156E-01
       812  1.440356E-01
       813  1.847824E-01
       814  7.154744E-02
       815  1.206054E-01
       816  7.061227E-02
       817  1.035530E-01
       818  4.587714E-02
       819  8.902603E-02
       820  4.473956E-02
       821  7.287521E-02
       822  1.840972E-01
       823  6.847857E-02
       824  9.416285E-02
       825  6.702779E-02
       826  9.368089E-02
       827  4.250179E-02
       828  6.402239E-02
       829  4.086280E-02
       830  6.351315E-02
       831  1.034658E-01
       832  3.917742E-02
       833  8.306034E-02
       834  3.855331E-02
       835  6.790619E-02
       836  3.865872E-02
       837  7.886974E-02
       838  3.813043E-02
       839  7.227509E-02
       840  1.035036E-01
       841  3.689362E-02
       842  5.944455E-02
       843  3.555533E-02
       844  5.911439E-02
       845  3.727182E-02
       846  6.853678E-02
       847  3.678540E-02
       848  6.887243E-02
       849  9.134010E+00
       850  6.916686E+00
       851  9.133801E+00
       852  6.916582E+00
       853  8.991877E+00
       854  6.823645E+00
       855  8.991790E+00
       856  6.823653E+00
       857  5.011861E+00
       858  3.418895E+00
       859  5.011799E+00
       860  3.418911E+00
       861  4.956019E+00
       862  3.389307E+00
       863  4.956057E+00
       864  3.389385E+00
       865  2.137623E+00
       866  1.168738E+00
       867  2.137716E+00
       868  1.168972E+00
       869  2.124315E+00
       870  1.161432E+00
       871  2.124384E+00
       872  1.161457E+00
       873  5.143864E-01
       874  1.808022E-01
       875  5.149798E-01
       876  1.818230E-01
       877  5.007156E-01
       878  1.440356E-01
       879  5.006717E-01
       880  1.440080E-01
       881  1.840972E-01
       882  6.702779E-02
       883  9.368089E-02
       884  6.847857E-02
       885  9.416285E-02
       886  4.086280E-02
       887  6.351315E-02
       888  4.250179E-02
       889  6.402239E-02
       890  1.847824E-01
       891  7.061227E-02
       892  1.035530E-01
       893  7.154744E-02
       894  1.206054E-01
       895  4.473956E-02
       896  7.287521E-02
       897  4.587714E-02
       898  8.902603E-02
       899  1.035036E-01
       900  3.555533E-02
       901  5.911439E-02
       902  3.689362E-02
       903  5.944455E-02
       904  3.678540E-02
       905  6.887243E-02
       906  3.727182E-02
       907  6.853678E-02
       908  1.034658E-01
       909  3.855331E-02
       910  6.790619E-02
       911  3.917742E-02
       912  8.306034E-02
       913  3.813043E-02
       914  7.227509E-02
       915  3.865872E-02
       916  7.886974E-02
       917  5.357581E+00
       918  7.691628E+00
       919  5.421229E+00
       920  7.943897E+00
       921  5.425445E+00
       922  7.989147E+00
       923  5.434393E+00
       924  8.071380E+00
       925  2.672211E-01
       926  3.214773E-01
       927  2.654621E-01
       928  3.325812E-01
       929  2.403022E-01
       930  2.995155E-01
       931  2.339464E-01
       932  3.100900E-01
       933  3.289536E+00
       934  2.654621E-01
       935  3.325812E-01
       936  2.672211E-01
       937  3.214773E-01
       938  2.339464E-01
       939  3.100900E-01
       940  2.403022E-01
       941  2.995155E-01
       942  3.289536E+00
       943  5.434393E+00
       944  8.071380E+00
       945  5.425445E+00
       946  7.989147E+00
       947  5.421229E+00
       948  7.943897E+00
       949  5.357581E+00
       950  7.691628E+00
       951  8.856699E+00
       952  6.737235E+00
       953  8.856610E+00
       954  6.737141E+00
       955  8.773121E+00
       956  6.680599E+00
       957  8.773204E+00
       958  6.680748E+00
       959  4.903017E+00
       960  3.360801E+00
       961  4.902933E+00
       962  3.360640E+00
       963  4.866793E+00
       964  3.338418E+00
       965  4.867070E+00
       966  3.338793E+00
       967  2.115371E+00
       968  1.170654E+00
       969  2.115092E+00
       970  1.170171E+00
       971  2.098641E+00
       972  1.150103E+00
       973  2.099145E+00
       974  1.150722E+00
       975  5.306295E-01
       976  2.009033E-01
       977  5.297660E-01
       978  1.996266E-01
       979  4.965363E-01
       980  1.451857E-01
       981  4.971662E-01
       982  1.454610E-01
       983  1.921987E-01
       984  7.047304E-02
       985  1.136386E-01
       986  6.952564E-02
       987  9.907761E-02
       988  4.183700E-02
       989  7.135618E-02
       990  4.081301E-02
       991  6.393413E-02
       992  1.909164E-01
       993  6.761959E-02
       994  9.122477E-02
       995  6.630011E-02
       996  9.089693E-02
       997  3.944804E-02
       998  6.026734E-02
       999  3.857920E-02
      1000  6.010002E-02
      1001  1.098638E-01
      1002  3.954380E-02
      1003  7.376775E-02
      1004  3.899322E-02
      1005  6.556920E-02
      1006  3.329429E-02
      1007  6.451259E-02
      1008  3.320470E-02
      1009  6.257524E-02
      1010  1.090495E-01
      1011  3.789843E-02
      1012  6.156870E-02
      1013  3.714650E-02
      1014  6.151598E-02
      1015  3.295726E-02
      1016  6.141091E-02
      1017  3.278806E-02
      1018  6.147163E-02
      1019  8.856610E+00
      1020  6.737141E+00
      1021  8.856699E+00
      1022  6.737235E+00
      1023  8.773204E+00
      1024  6.680748E+00
      1025  8.773121E+00
      1026  6.680599E+00
      1027  4.902933E+00
      1028  3.360640E+00
      1029  4.903017E+00
      1030  3.360801E+00
      1031  4.867070E+00
      1032  3.338793E+00
      1033  4.866793E+00
      1034  3.338418E+00
      1035  2.115092E+00
      1036  1.170171E+00
      1037  2.115371E+00
      1038  1.170654E+00
      1039  2.099145E+00
      1040  1.150722E+00
      1041  2.098641E+00
      1042  1.150103E+00
      1043  5.297660E-01
      1044  1.996266E-01
      1045  5.306295E-01
      1046  2.009033E-01
      1047  4.971662E-01
      1048  1.454610E-01
      1049  4.965363E-01
      1050  1.451857E-01
      1051  1.909164E-01
      1052  6.630011E-02
      1053  9.089693E-02
      1054  6.761959E-02
      1055  9.122477E-02
      1056  3.857920E-02
      1057  6.010002E-02
      1058  3.944804E-02
      1059  6.026734E-02
      1060  1.921987E-01
      1061  6.952564E-02
      1062  9.907761E-02
      1063  7.047304E-02
      1064  1.136386E-01
      1065  4.081301E-02
      1066  6.393413E-02
      1067  4.183700E-02
      1068  7.135618E-02
      1069  1.090495E-01
      1070  3.714650E-02
      1071  6.151598E-02
      1072  3.789843E-02
      1073  6.156870E-02
      1074  3.278806E-02
      1075  6.147163E-02
      1076  3.295726E-02
      1077  6.141091E-02
      1078  1.098638E-01
      1079  3.899322E-02
      1080  6.556920E-02
      1081  3.954380E-02
      1082  7.376775E-02
      1083  3.320470E-02
      1084  6.257524E-02
      1085  3.329429E-02
      1086  6.451259E-02
      1087  4.776998E-01
      1088  6.514611E-01
      1089  5.809391E-01
      1090  7.373212E-01
      1091  4.829437E-01
      1092  6.169959E-01
      1093  5.860731E-01
      1094  7.197635E-01
      1095  8.633427E-01
      1096  1.116907E+00
      1097  9.278776E-01
      1098  1.153696E+00
      1099  7.774902E-01
      1100  9.611097E-01
      1101  8.904613E-01
      1102  1.090042E+00
      1103  5.387897E+00
      1104  8.149040E+00
      1105  5.325181E+00
      1106  7.949704E+00
      1107  5.832853E-01
      1108  7.332067E-01
      1109  5.961741E-01
      1110  7.571533E-01
      1111  5.983618E-01
      1112  7.214248E-01
      1113  5.589756E-01
      1114  6.935244E-01
      1115  7.662286E+00
      1116  2.598663E-01
      1117  3.217564E-01
      1118  2.652580E-01
      1119  3.310547E-01
      1120  2.204696E-01
      1121  2.760425E-01
      1122  2.225257E-01
      1123  2.802757E-01
      1124  2.978280E+00
      1125  2.652580E-01
      1126  3.310547E-01
      1127  2.598663E-01
      1128  3.217564E-01
      1129  2.225257E-01
      1130  2.802757E-01
      1131  2.204696E-01
      1132  2.760425E-01
      1133  2.978280E+00
      1134  5.961741E-01
      1135  7.571533E-01
      1136  5.832853E-01
      1137  7.332067E-01
      1138  5.589756E-01
      1139  6.935244E-01
      1140  5.983618E-01
      1141  7.214248E-01
      1142  7.662286E+00
      1143  5.325181E+00
      1144  7.949704E+00
      1145  5.387897E+00
      1146  8.149040E+00
      1147  5.809391E-01
      1148  7.373212E-01
      1149  4.776998E-01
      1150  6.514611E-01
      1151  5.860731E-01
      1152  7.197635E-01
      1153  4.829437E-01
      1154  6.169959E-01
      1155  9.278776E-01
      1156  1.153696E+00
      1157  8.633427E-01
      1158  1.116907E+00
      1159  8.904613E-01
      1160  1.090042E+00
      1161  7.774902E-01
      1162  9.611097E-01
      1163  8.745421E+00
      1164  6.663871E+00
      1165  8.745679E+00
      1166  6.663897E+00
      1167  8.668509E+00
      1168  6.615229E+00
      1169  8.668768E+00
      1170  6.615366E+00
      1171  4.873122E+00
      1172  3.368893E+00
      1173  4.872957E+00
      1174  3.368524E+00
      1175  4.844634E+00
      1176  3.354649E+00
      1177  4.844725E+00
      1178  3.354698E+00
      1179  2.149598E+00
      1180  1.214268E+00
      1181  2.149043E+00
      1182  1.213540E+00
      1183  2.144409E+00
      1184  1.213702E+00
      1185  2.144461E+00
      1186  1.213773E+00
      1187  5.615025E-01
      1188  1.891928E-01
      1189  5.606600E-01
      1190  1.884636E-01
      1191  5.626293E-01
      1192  1.921377E-01
      1193  5.627261E-01
      1194  1.921616E-01
      1195  9.591610E-02
      1196  3.736824E-02
      1197  6.131626E-02
      1198  3.723190E-02
      1199  5.855154E-02
      1200  1.817411E-02
      1201  3.912701E-02
      1202  1.801562E-02
      1203  3.936152E-02
      1204  9.621040E-02
      1205  3.687423E-02
      1206  5.701213E-02
      1207  3.666553E-02
      1208  5.684808E-02
      1209  1.809274E-02
      1210  3.906126E-02
      1211  1.812510E-02
      1212  3.914486E-02
      1213  1.056256E-01
      1214  3.359545E-02
      1215  6.151911E-02
      1216  3.374419E-02
      1217  5.769006E-02
      1218  1.901292E-02
      1219  4.134431E-02
      1220  1.889977E-02
      1221  4.114640E-02
      1222  1.049664E-01
      1223  3.360658E-02
      1224  5.537748E-02
      1225  3.332907E-02
      1226  5.500536E-02
      1227  1.888282E-02
      1228  4.091006E-02
      1229  1.889038E-02
      1230  4.088488E-02
      1231  8.745679E+00
      1232  6.663897E+00
      1233  8.745421E+00
      1234  6.663871E+00
      1235  8.668768E+00
      1236  6.615366E+00
      1237  8.668509E+00
      1238  6.615229E+00
      1239  4.872957E+00
      1240  3.368524E+00
      1241  4.873122E+00
      1242  3.368893E+00
      1243  4.844725E+00
      1244  3.354698E+00
      1245  4.844634E+00
      1246  3.354649E+00
      1247  2.149043E+00
      1248  1.213540E+00
      1249  2.149598E+00
      1250  1.214268E+00
      1251  2.144461E+00
      1252  1.213773E+00
      1253  2.144409E+00
      1254  1.213702E+00
      1255  5.606600E-01
      1256  1.884636E-01
      1257  5.615025E-01
      1258  1.891928E-01
      1259  5.627261E-01
      1260  1.921616E-01
      1261  5.626293E-01
      1262  1.921377E-01
      1263  9.621040E-02
      1264  3.666553E-02
      1265  5.684808E-02
      1266  3.687423E-02
      1267  5.701213E-02
      1268  1.812510E-02
      1269  3.914486E-02
      1270  1.809274E-02
      1271  3.906126E-02
      1272  9.591610E-02
      1273  3.723190E-02
      1274  5.855154E-02
      1275  3.736824E-02
      1276  6.131626E-02
      1277  1.801562E-02
      1278  3.936152E-02
      1279  1.817411E-02
      1280  3.912701E-02
      1281  1.049664E-01
      1282  3.332907E-02
      1283  5.500536E-02
      1284  3.360658E-02
      1285  5.537748E-02
      1286  1.889038E-02
      1287  4.088488E-02
      1288  1.888282E-02
      1289  4.091006E-02
      1290  1.056256E-01
      1291  3.374419E-02
      1292  5.769006E-02
      1293  3.359545E-02
      1294  6.151911E-02
      1295  1.889977E-02
      1296  4.114640E-02
      1297  1.901292E-02
      1298  4.134431E-02
      1299  4.613609E-01
      1300  6.065002E-01
      1301  5.667428E-01
      1302  7.057945E-01
      1303  4.699618E-01
      1304  5.951032E-01
      1305  5.410625E-01
      1306  6.700000E-01
      1307  7.738068E-01
      1308  9.657039E-01
      1309  8.711822E-01
      1310  1.064589E+00
      1311  7.413727E-01
      1312  9.015629E-01
      1313  8.146457E-01
      1314  9.836060E-01
      1315  5.216307E+00
      1316  7.784566E+00
      1317  5.276679E+00
      1318  8.022473E+00
      1319  5.630161E-01
      1320  7.340452E-01
      1321  4.985933E-01
      1322  6.568472E-01
      1323  5.733525E-01
      1324  7.174011E-01
      1325  4.714044E-01
      1326  6.041499E-01
      1327  9.173321E-01
      1328  1.124825E+00
      1329  8.481813E-01
      1330  1.100325E+00
      1331  8.842429E-01
      1332  1.073290E+00
      1333  7.609870E-01
      1334  9.395063E-01
      1335  1.913397E-01
      1336  2.590079E-01
      1337  1.911508E-01
      1338  2.613002E-01
      1339  1.817602E-01
      1340  2.338405E-01
      1341  1.815361E-01
      1342  2.336958E-01
      1343  3.364032E-01
      1344  4.431095E-01
      1345  3.365814E-01
      1346  4.431206E-01
      1347  2.961954E-01
      1348  3.693647E-01
      1349  2.953321E-01
      1350  3.666782E-01
      1351  1.911508E-01
      1352  2.613002E-01
      1353  1.913397E-01
      1354  2.590079E-01
      1355  1.815361E-01
      1356  2.336958E-01
      1357  1.817602E-01
      1358  2.338405E-01
      1359  3.365814E-01
      1360  4.431206E-01
      1361  3.364032E-01
      1362  4.431095E-01
      1363  2.953321E-01
      1364  3.666782E-01
      1365  2.961954E-01
      1366  3.693647E-01
      1367  4.985933E-01
      1368  6.568472E-01
      1369  5.630161E-01
      1370  7.340452E-01
      1371  4.714044E-01
      1372  6.041499E-01
      1373  5.733525E-01
      1374  7.174011E-01
      1375  8.481813E-01
      1376  1.100325E+00
      1377  9.173321E-01
      1378  1.124825E+00
      1379  7.609870E-01
      1380  9.395063E-01
      1381  8.842429E-01
      1382  1.073290E+00
      1383  5.276679E+00
      1384  8.022473E+00
      1385  5.216307E+00
      1386  7.784566E+00
      1387  5.667428E-01
      1388  7.057945E-01
      1389  4.613609E-01
      1390  6.065002E-01
      1391  5.410625E-01
      1392  6.700000E-01
      1393  4.699618E-01
      1394  5.951032E-01
      1395  8.711822E-01
      1396  1.064589E+00
      1397  7.738068E-01
      1398  9.657039E-01
      1399  8.146457E-01
      1400  9.836060E-01
      1401  7.413727E-01
      1402  9.015629E-01
      1403  8.561114E+00
      1404  6.546590E+00
      1405  8.561127E+00
      1406  6.546624E+00
      1407  8.501931E+00
      1408  6.505985E+00
      1409  8.502055E+00
      1410  6.506100E+00
      1411  4.798197E+00
      1412  3.321879E+00
      1413  4.798278E+00
      1414  3.321941E+00
      1415  4.775554E+00
      1416  3.314723E+00
      1417  4.775688E+00
      1418  3.314838E+00
      1419  2.120866E+00
      1420  1.197280E+00
      1421  2.120902E+00
      1422  1.197268E+00
      1423  2.125143E+00
      1424  1.207487E+00
      1425  2.125253E+00
      1426  1.207586E+00
      1427  5.526245E-01
      1428  1.874464E-01
      1429  5.525414E-01
      1430  1.873217E-01
      1431  5.619388E-01
      1432  1.883849E-01
      1433  5.620339E-01
      1434  1.884449E-01
      1435  9.866130E-02
      1436  3.204792E-02
      1437  5.409424E-02
      1438  3.217686E-02
      1439  5.143676E-02
      1440  1.778742E-02
      1441  3.983639E-02
      1442  1.788289E-02
      1443  3.870907E-02
      1444  9.888863E-02
      1445  3.203429E-02
      1446  4.980246E-02
      1447  3.188019E-02
      1448  4.937922E-02
      1449  1.787254E-02
      1450  3.773879E-02
      1451  1.778091E-02
      1452  3.763558E-02
      1453  8.645228E-02
      1454  2.710763E-02
      1455  5.023290E-02
      1456  2.716840E-02
      1457  4.760097E-02
      1458  1.668940E-02
      1459  3.693763E-02
      1460  1.668274E-02
      1461  3.667754E-02
      1462  8.639747E-02
      1463  2.703140E-02
      1464  4.602251E-02
      1465  2.681337E-02
      1466  4.571258E-02
      1467  1.671482E-02
      1468  3.640259E-02
      1469  1.674539E-02
      1470  3.633321E-02
      1471  8.561127E+00
      1472  6.546624E+00
      1473  8.561114E+00
      1474  6.546590E+00
      1475  8.502055E+00
      1476  6.506100E+00
      1477  8.501931E+00
      1478  6.505985E+00
      1479  4.798278E+00
      1480  3.321941E+00
      1481  4.798197E+00
      1482  3.321879E+00
      1483  4.775688E+00
      1484  3.314838E+00
      1485  4.775554E+00
      1486  3.314723E+00
      1487  2.120902E+00
      1488  1.197268E+00
      1489  2.120866E+00
      1490  1.197280E+00
      1491  2.125253E+00
      1492  1.207586E+00
      1493  2.125143E+00
      1494  1.207487E+00
      1495  5.525414E-01
      1496  1.873217E-01
      1497  5.526245E-01
      1498  1.874464E-01
      1499  5.620339E-01
      1500  1.884449E-01
      1501  5.619388E-01
      1502  1.883849E-01
      1503  9.888863E-02
      1504  3.188019E-02
      1505  4.937922E-02
      1506  3.203429E-02
      1507  4.980246E-02
      1508  1.778091E-02
      1509  3.763558E-02
      1510  1.787254E-02
      1511  3.773879E-02
      1512  9.866130E-02
      1513  3.217686E-02
      1514  5.143676E-02
      1515  3.204792E-02
      1516  5.409424E-02
      1517  1.788289E-02
      1518  3.870907E-02
      1519  1.778742E-02
      1520  3.983639E-02
      1521  8.639747E-02
      1522  2.681337E-02
      1523  4.571258E-02
      1524  2.703140E-02
      1525  4.602251E-02
      1526  1.674539E-02
      1527  3.633321E-02
      1528  1.671482E-02
      1529  3.640259E-02
      1530  8.645228E-02
      1531  2.716840E-02
      1532  4.760097E-02
      1533  2.710763E-02
      1534  5.023290E-02
      1535  1.668274E-02
      1536  3.667754E-02
      1537  1.668940E-02
      1538  3.693763E-02
      1539  4.599320E-01
      1540  5.754287E-01
      1541  5.390637E-01
      1542  6.523102E-01
      1543  4.385747E-01
      1544  5.574634E-01
      1545  4.935768E-01
      1546  6.070238E-01
      1547  7.090344E-01
      1548  8.703358E-01
      1549  7.843849E-01
      1550  9.435173E-01
      1551  6.905416E-01
      1552  9.484712E-02
      1553  9.833326E-02
      1554  9.532158E-02
      1555  1.020589E-01
      1556  1.045871E-01
      1557  1.213781E-01
      1558  1.039780E-01
      1559  1.159272E-01
      1560  7.246353E-01
      1561  8.429395E-01
      1562  4.723661E+00
      1563  8.226404E-01
      1564  9.836853E-01
      1565  8.228597E-01
      1566  9.796217E-01
      1567  7.402030E-01
      1568  8.344300E-01
      1569  7.410921E-01
      1570  8.614241E-01
      1571  4.809833E+00
      1572  7.036298E+00
      1573  5.572075E-01
      1574  6.948480E-01
      1575  4.605241E-01
      1576  5.917246E-01
      1577  5.027993E-01
      1578  6.331780E-01
      1579  4.410702E-01
      1580  5.722518E-01
      1581  8.486521E-01
      1582  1.028683E+00
      1583  7.508526E-01
      1584  9.395631E-01
      1585  7.797207E-01
      1586  9.381860E-01
      1587  7.239014E-01
      1588  8.920651E-01
      1589  1.728521E-01
      1590  2.252942E-01
      1591  1.704553E-01
      1592  2.240137E-01
      1593  1.684104E-01
      1594  2.209052E-01
      1595  1.674096E-01
      1596  2.208381E-01
      1597  2.899325E-01
      1598  3.676830E-01
      1599  2.889800E-01
      1600  3.671103E-01
      1601  2.841474E-01
      1602  3.608398E-01
      1603  2.845501E-01
      1604  3.612385E-01
      1605  1.704553E-01
      1606  2.240137E-01
      1607  1.728521E-01
      1608  2.252942E-01
      1609  1.674096E-01
      1610  2.208381E-01
      1611  1.684104E-01
      1612  2.209052E-01
      1613  2.889800E-01
      1614  3.671103E-01
      1615  2.899325E-01
      1616  3.676830E-01
      1617  2.845501E-01
      1618  3.612385E-01
      1619  2.841474E-01
      1620  3.608398E-01
      1621  4.605241E-01
      1622  5.917246E-01
      1623  5.572075E-01
      1624  6.948480E-01
      1625  4.410702E-01
      1626  5.722518E-01
      1627  5.027993E-01
      1628  6.331780E-01
      1629  7.508526E-01
      1630  9.395631E-01
      1631  8.486521E-01
      1632  1.028683E+00
      1633  7.239014E-01
      1634  8.920651E-01
      1635  7.797207E-01
      1636  9.381860E-01
      1637  4.809833E+00
      1638  7.036298E+00
      1639  4.723661E+00
      1640  8.228597E-01
      1641  9.796217E-01
      1642  8.226404E-01
      1643  9.836853E-01
      1644  7.410921E-01
      1645  8.614241E-01
      1646  7.402030E-01
      1647  8.344300E-01
      1648  5.390637E-01
      1649  6.523102E-01
      1650  4.599320E-01
      1651  5.754287E-01
      1652  4.935768E-01
      1653  6.070238E-01
      1654  4.385747E-01
      1655  5.574634E-01
      1656  7.843849E-01
      1657  9.435173E-01
      1658  7.090344E-01
      1659  8.703358E-01
      1660  7.246353E-01
      1661  8.429395E-01
      1662  6.905416E-01
      1663  9.532158E-02
      1664  1.020589E-01
      1665  9.484712E-02
      1666  9.833326E-02
      1667  1.039780E-01
      1668  1.159272E-01
      1669  1.045871E-01
      1670  1.213781E-01
      1671  8.467461E+00
      1672  6.477388E+00
      1673  8.467865E+00
      1674  6.477607E+00
      1675  8.341525E+00
      1676  6.384580E+00
      1677  8.342004E+00
      1678  6.384896E+00
      1679  4.764943E+00
      1680  3.324545E+00
      1681  4.765053E+00
      1682  3.324531E+00
      1683  4.706132E+00
      1684  3.296484E+00
      1685  4.706259E+00
      1686  3.296489E+00
      1687  2.152015E+00
      1688  1.244297E+00
      1689  2.151917E+00
      1690  1.244140E+00
      1691  2.148958E+00
      1692  1.258853E+00
      1693  2.148877E+00
      1694  1.258707E+00
      1695  5.990841E-01
      1696  2.149415E-01
      1697  5.988972E-01
      1698  2.147600E-01
      1699  6.232510E-01
      1700  2.410203E-01
      1701  6.230782E-01
      1702  2.407939E-01
      1703  9.172058E-02
      1704  2.691080E-02
      1705  4.550935E-02
      1706  2.692820E-02
      1707  4.410112E-02
      1708  1.351753E-02
      1709  3.166548E-02
      1710  1.357014E-02
      1711  3.164210E-02
      1712  9.179051E-02
      1713  2.681326E-02
      1714  4.312873E-02
      1715  2.669820E-02
      1716  4.312438E-02
      1717  1.358845E-02
      1718  3.132471E-02
      1719  1.359627E-02
      1720  3.133474E-02
      1721  1.127858E-01
      1722  3.155256E-02
      1723  5.282947E-02
      1724  3.184106E-02
      1725  4.916568E-02
      1726  1.193497E-02
      1727  2.882153E-02
      1728  1.200762E-02
      1729  2.885047E-02
      1730  1.128694E-01
      1731  3.162949E-02
      1732  4.653606E-02
      1733  3.132039E-02
      1734  4.546223E-02
      1735  1.202520E-02
      1736  2.839121E-02
      1737  1.199808E-02
      1738  2.824840E-02
      1739  8.467865E+00
      1740  6.477607E+00
      1741  8.467461E+00
      1742  6.477388E+00
      1743  8.342004E+00
      1744  6.384896E+00
      1745  8.341525E+00
      1746  6.384580E+00
      1747  4.765053E+00
      1748  3.324531E+00
      1749  4.764943E+00
      1750  3.324545E+00
      1751  4.706259E+00
      1752  3.296489E+00
      1753  4.706132E+00
      1754  3.296484E+00
      1755  2.151917E+00
      1756  1.244140E+00
      1757  2.152015E+00
      1758  1.244297E+00
      1759  2.148877E+00
      1760  1.258707E+00
      1761  2.148958E+00
      1762  1.258853E+00
      1763  5.988972E-01
      1764  2.147600E-01
      1765  5.990841E-01
      1766  2.149415E-01
      1767  6.230782E-01
      1768  2.407939E-01
      1769  6.232510E-01
      1770  2.410203E-01
      1771  9.179051E-02
      1772  2.669820E-02
      1773  4.312438E-02
      1774  2.681326E-02
      1775  4.312873E-02
      1776  1.359627E-02
      1777  3.133474E-02
      1778  1.358845E-02
      1779  3.132471E-02
      1780  9.172058E-02
      1781  2.692820E-02
      1782  4.410112E-02
      1783  2.691080E-02
      1784  4.550935E-02
      1785  1.357014E-02
      1786  3.164210E-02
      1787  1.351753E-02
      1788  3.166548E-02
      1789  1.128694E-01
      1790  3.132039E-02
      1791  4.546223E-02
      1792  3.162949E-02
      1793  4.653606E-02
      1794  1.199808E-02
      1795  2.824840E-02
      1796  1.202520E-02
      1797  2.839121E-02
      1798  1.127858E-01
      1799  3.184106E-02
      1800  4.916568E-02
      1801  3.155256E-02
      1802  5.282947E-02
      1803  1.200762E-02
      1804  2.885047E-02
      1805  1.193497E-02
      1806  2.882153E-02
      1807  3.753089E-01
      1808  5.650806E-01
      1809  3.875672E-01
      1810  5.747661E-01
      1811  3.570690E-01
      1812  5.342036E-01
      1813  3.583874E-01
      1814  5.342282E-01
      1815  8.068549E-01
      1816  1.083344E+00
      1817  8.235167E-01
      1818  1.145514E+00
      1819  7.584421E-01
      1820  1.037877E+00
      1821  7.526696E-01
      1822  1.011021E+00
      1823  3.767142E-01
      1824  5.719585E-01
      1825  3.765153E-01
      1826  5.717405E-01
      1827  3.635700E-01
      1828  5.332739E-01
      1829  3.690396E-01
      1830  5.345109E-01
      1831  8.392480E-01
      1832  1.192815E+00
      1833  8.356364E-01
      1834  1.178777E+00
      1835  7.416611E-01
      1836  9.824603E-01
      1837  7.362274E-01
      1838  9.699949E-01
      1839  3.790048E-01
      1840  5.731972E-01
      1841  3.835788E-01
      1842  5.754766E-01
      1843  3.746149E-01
      1844  5.362782E-01
      1845  3.812654E-01
      1846  5.398574E-01
      1847  8.282516E-01
      1848  1.148339E+00
      1849  8.237113E-01
      1850  1.132393E+00
      1851  7.318113E-01
      1852  9.584165E-01
      1853  7.292672E-01
      1854  9.451698E-01
      1855  4.022364E-01
      1856  5.875765E-01
      1857  4.539304E-02
      1858  5.647803E-02
      1859  4.962043E-02
      1860  5.935915E-02
      1861  4.338300E-02
      1862  5.246540E-02
      1863  4.739608E-02
      1864  5.372977E-02
      1865  6.757250E-02
      1866  8.061482E-02
      1867  6.979215E-02
      1868  8.209455E-02
      1869  6.287253E-02
      1870  7.537074E-02
      1871  6.373876E-02
      1872  7.626854E-02
      1873  3.909721E-01
      1874  5.471383E-01
      1875  4.524313E-02
      1876  5.448937E-02
      1877  5.196067E-02
      1878  5.919887E-02
      1879  4.499374E-02
      1880  5.291623E-02
      1881  4.670987E-02
      1882  5.267129E-02
      1883  6.502831E-02
      1884  7.621681E-02
      1885  6.699805E-02
      1886  7.860296E-02
      1887  6.212197E-02
      1888  7.321920E-02
      1889  6.209089E-02
      1890  7.324231E-02
      1891  8.211861E-01
      1892  1.110505E+00
      1893  7.912548E-01
      1894  1.050253E+00
      1895  7.350817E-01
      1896  9.500928E-01
      1897  7.451822E-01
      1898  9.657437E-01
      1899  1.620040E-01
      1900  2.259508E-01
      1901  1.627289E-01
      1902  2.261414E-01
      1903  1.619961E-01
      1904  2.189667E-01
      1905  2.082973E-02
      1906  2.419324E-02
      1907  2.069120E-02
      1908  2.405998E-02
      1909  1.586197E-02
      1910  1.929923E-02
      1911  1.590417E-02
      1912  1.950828E-02
      1913  2.189627E-01
      1914  3.062322E-01
      1915  4.032366E-01
      1916  3.053690E-01
      1917  4.010030E-01
      1918  2.928763E-01
      1919  3.834136E-01
      1920  2.930796E-01
      1921  3.837620E-01
      1922  1.627289E-01
      1923  2.261414E-01
      1924  1.620040E-01
      1925  2.259508E-01
      1926  2.069120E-02
      1927  2.405998E-02
      1928  2.082973E-02
      1929  2.419324E-02
      1930  1.590417E-02
      1931  1.950828E-02
      1932  1.586197E-02
      1933  1.929923E-02
      1934  2.189627E-01
      1935  1.619961E-01
      1936  2.189667E-01
      1937  3.053690E-01
      1938  4.010030E-01
      1939  3.062322E-01
      1940  4.032366E-01
      1941  2.930796E-01
      1942  3.837620E-01
      1943  2.928763E-01
      1944  3.834136E-01
      1945  4.962043E-02
      1946  5.935915E-02
      1947  4.539304E-02
      1948  5.647803E-02
      1949  4.739608E-02
      1950  5.372977E-02
      1951  4.338300E-02
      1952  5.246540E-02
      1953  6.979215E-02
      1954  8.209455E-02
      1955  6.757250E-02
      1956  8.061482E-02
      1957  6.373876E-02
      1958  7.626854E-02
      1959  6.287253E-02
      1960  7.537074E-02
      1961  4.022364E-01
      1962  5.875765E-01
      1963  5.196067E-02
      1964  5.919887E-02
      1965  4.524313E-02
      1966  5.448937E-02
      1967  4.670987E-02
      1968  5.267129E-02
      1969  4.499374E-02
      1970  5.291623E-02
      1971  6.699805E-02
      1972  7.860296E-02
      1973  6.502831E-02
      1974  7.621681E-02
      1975  6.209089E-02
      1976  7.324231E-02
      1977  6.212197E-02
      1978  7.321920E-02
      1979  3.909721E-01
      1980  5.471383E-01
      1981  7.912548E-01
      1982  1.050253E+00
      1983  8.211861E-01
      1984  1.110505E+00
      1985  7.451822E-01
      1986  9.657437E-01
      1987  7.350817E-01
      1988  9.500928E-01
      1989  3.835788E-01
      1990  5.754766E-01
      1991  3.790048E-01
      1992  5.731972E-01
      1993  3.812654E-01
      1994  5.398574E-01
      1995  3.746149E-01
      1996  5.362782E-01
      1997  8.237113E-01
      1998  1.132393E+00
      1999  8.282516E-01
      2000  1.148339E+00
      2001  7.292672E-01
      2002  9.451698E-01
      2003  7.318113E-01
      2004  9.584165E-01
      2005  3.765153E-01
      2006  5.717405E-01
      2007  3.767142E-01
      2008  5.719585E-01
      2009  3.690396E-01
      2010  5.345109E-01
      2011  3.635700E-01
      2012  5.332739E-01
      2013  8.356364E-01
      2014  1.178777E+00
      2015  8.392480E-01
      2016  1.192815E+00
      2017  7.362274E-01
      2018  9.699949E-01
      2019  7.416611E-01
      2020  9.824603E-01
      2021  3.875672E-01
      2022  5.747661E-01
      2023  3.753089E-01
      2024  5.650806E-01
      2025  3.583874E-01
      2026  5.342282E-01
      2027  3.570690E-01
      2028  5.342036E-01
      2029  8.235167E-01
      2030  1.145514E+00
      2031  8.068549E-01
      2032  1.083344E+00
      2033  7.526696E-01
      2034  1.011021E+00
      2035  7.584421E-01
      2036  1.037877E+00
      2037  8.070230E+00
      2038  6.190565E+00
      2039  8.070620E+00
      2040  6.190647E+00
      2041  7.693731E+00
      2042  5.918299E+00
      2043  7.693383E+00
      2044  5.918565E+00
      2045  4.573638E+00
      2046  3.213622E+00
      2047  4.573755E+00
      2048  3.213629E+00
      2049  4.387590E+00
      2050  3.095233E+00
      2051  4.387559E+00
      2052  3.095180E+00
      2053  2.104672E+00
      2054  1.242933E+00
      2055  2.104618E+00
      2056  1.242840E+00
      2057  2.039102E+00
      2058  1.216330E+00
      2059  2.039004E+00
      2060  1.216193E+00
      2061  6.258292E-01
      2062  2.519777E-01
      2063  6.256662E-01
      2064  2.517712E-01
      2065  6.245475E-01
      2066  2.616423E-01
      2067  6.243740E-01
      2068  2.615952E-01
      2069  1.217363E-01
      2070  3.230562E-02
      2071  5.107001E-02
      2072  3.237227E-02
      2073  4.729323E-02
      2074  1.035931E-02
      2075  2.583389E-02
      2076  1.035369E-02
      2077  2.572146E-02
      2078  1.209035E-01
      2079  3.209653E-02
      2080  4.495157E-02
      2081  3.186973E-02
      2082  4.427966E-02
      2083  1.037608E-02
      2084  2.543282E-02
      2085  1.037298E-02
      2086  2.549986E-02
      2087  2.810470E-02
      2088  2.601376E-02
      2089  2.852325E-02
      2090  2.732799E-02
      2091  4.070803E-03
      2092  2.807792E-03
      2093  4.101540E-03
      2094  3.074348E-03
      2095  3.111082E-02
      2096  4.868652E-02
      2097  3.210109E-02
      2098  4.488479E-02
      2099  8.864121E-03
      2100  2.278912E-02
      2101  9.133479E-03
      2102  2.266014E-02
      2103  1.262412E-01
      2104  3.218502E-02
      2105  4.265756E-02
      2106  3.195486E-02
      2107  4.212110E-02
      2108  9.103034E-03
      2109  2.217847E-02
      2110  9.103721E-03
      2111  2.216696E-02
      2112  8.070620E+00
      2113  6.190647E+00
      2114  8.070230E+00
      2115  6.190565E+00
      2116  7.693383E+00
      2117  5.918565E+00
      2118  7.693731E+00
      2119  5.918299E+00
      2120  4.573755E+00
      2121  3.213629E+00
      2122  4.573638E+00
      2123  3.213622E+00
      2124  4.387559E+00
      2125  3.095180E+00
      2126  4.387590E+00
      2127  3.095233E+00
      2128  2.104618E+00
      2129  1.242840E+00
      2130  2.104672E+00
      2131  1.242933E+00
      2132  2.039004E+00
      2133  1.216193E+00
      2134  2.039102E+00
      2135  1.216330E+00
      2136  6.256662E-01
      2137  2.517712E-01
      2138  6.258292E-01
      2139  2.519777E-01
      2140  6.243740E-01
      2141  2.615952E-01
      2142  6.245475E-01
      2143  2.616423E-01
      2144  1.209035E-01
      2145  3.186973E-02
      2146  4.427966E-02
      2147  3.209653E-02
      2148  4.495157E-02
      2149  1.037298E-02
      2150  2.549986E-02
      2151  1.037608E-02
      2152  2.543282E-02
      2153  1.217363E-01
      2154  3.237227E-02
      2155  4.729323E-02
      2156  3.230562E-02
      2157  5.107001E-02
      2158  1.035369E-02
      2159  2.572146E-02
      2160  1.035931E-02
      2161  2.583389E-02
      2162  1.262412E-01
      2163  3.195486E-02
      2164  4.212110E-02
      2165  3.218502E-02
      2166  4.265756E-02
      2167  9.103721E-03
      2168  2.216696E-02
      2169  9.103034E-03
      2170  2.217847E-02
      2171  2.852325E-02
      2172  2.732799E-02
      2173  2.810470E-02
      2174  2.601376E-02
      2175  4.101540E-03
      2176  3.074348E-03
      2177  4.070803E-03
      2178  2.807792E-03
      2179  3.210109E-02
      2180  4.488479E-02
      2181  3.111082E-02
      2182  4.868652E-02
      2183  9.133479E-03
      2184  2.266014E-02
      2185  8.864121E-03
      2186  2.278912E-02
      2187  3.497381E-01
      2188  5.044629E-01
      2189  3.522369E-01
      2190  5.051526E-01
      2191  3.349264E-01
      2192  4.768526E-01
      2193  3.363660E-01
      2194  4.774758E-01
      2195  6.936298E-01
      2196  9.165348E-01
      2197  6.919209E-01
      2198  9.128568E-01
      2199  6.483077E-01
      2200  8.494659E-01
      2201  6.487908E-01
      2202  8.499759E-01
      2203  3.557055E-01
      2204  5.064473E-01
      2205  3.598877E-01
      2206  5.084153E-01
      2207  3.380220E-01
      2208  4.790806E-01
      2209  3.401808E-01
      2210  4.814727E-01
      2211  6.895112E-01
      2212  9.057449E-01
      2213  6.877903E-01
      2214  8.982615E-01
      2215  6.504253E-01
      2216  8.515122E-01
      2217  6.531833E-01
      2218  8.549613E-01
      2219  3.646801E-01
      2220  5.117444E-01
      2221  3.698260E-01
      2222  5.160557E-01
      2223  3.427110E-01
      2224  4.844093E-01
      2225  3.452627E-01
      2226  4.878943E-01
      2227  6.890391E-01
      2228  8.964516E-01
      2229  6.930286E-01
      2230  9.012616E-01
      2231  6.566948E-01
      2232  8.592979E-01
      2233  6.610748E-01
      2234  8.645094E-01
      2235  3.745942E-01
      2236  5.209240E-01
      2237  4.311005E-02
      2238  5.165963E-02
      2239  4.862721E-02
      2240  5.558663E-02
      2241  4.263209E-02
      2242  5.045922E-02
      2243  4.311163E-02
      2244  4.915174E-02
      2245  6.116235E-02
      2246  7.160381E-02
      2247  6.288946E-02
      2248  7.350764E-02
      2249  5.938438E-02
      2250  6.981005E-02
      2251  5.850368E-02
      2252  6.899585E-02
      2253  3.498403E-01
      2254  4.925811E-01
      2255  3.953311E-02
      2256  4.821500E-02
      2257  4.568431E-02
      2258  5.270584E-02
      2259  4.065986E-02
      2260  4.783921E-02
      2261  3.961457E-02
      2262  4.608274E-02
      2263  5.775079E-02
      2264  6.801271E-02
      2265  5.972566E-02
      2266  6.994930E-02
      2267  5.605137E-02
      2268  6.588557E-02
      2269  5.514835E-02
      2270  6.487734E-02
      2271  6.979171E-01
      2272  9.069137E-01
      2273  7.020113E-01
      2274  9.118990E-01
      2275  6.664796E-01
      2276  8.714757E-01
      2277  6.700222E-01
      2278  8.760128E-01
      2279  1.518809E-01
      2280  2.053459E-01
      2281  1.501332E-01
      2282  2.050430E-01
      2283  1.426056E-01
      2284  1.933208E-01
      2285  1.407599E-01
      2286  1.928631E-01
      2287  2.740465E-01
      2288  3.569974E-01
      2289  2.738838E-01
      2290  3.567864E-01
      2291  2.598763E-01
      2292  3.404157E-01
      2293  2.595656E-01
      2294  3.400982E-01
      2295  1.501332E-01
      2296  2.050430E-01
      2297  1.518809E-01
      2298  2.053459E-01
      2299  1.407599E-01
      2300  1.928631E-01
      2301  1.426056E-01
      2302  1.933208E-01
      2303  2.738838E-01
      2304  3.567864E-01
      2305  2.740465E-01
      2306  3.569974E-01
      2307  2.595656E-01
      2308  3.400982E-01
      2309  2.598763E-01
      2310  3.404157E-01
      2311  4.862721E-02
      2312  5.558663E-02
      2313  4.311005E-02
      2314  5.165963E-02
      2315  4.311163E-02
      2316  4.915174E-02
      2317  4.263209E-02
      2318  5.045922E-02
      2319  6.288946E-02
      2320  7.350764E-02
      2321  6.116235E-02
      2322  7.160381E-02
      2323  5.850368E-02
      2324  6.899585E-02
      2325  5.938438E-02
      2326  6.981005E-02
      2327  3.745942E-01
      2328  5.209240E-01
      2329  4.568431E-02
      2330  5.270584E-02
      2331  3.953311E-02
      2332  4.821500E-02
      2333  3.961457E-02
      2334  4.608274E-02
      2335  4.065986E-02
      2336  4.783921E-02
      2337  5.972566E-02
      2338  6.994930E-02
      2339  5.775079E-02
      2340  6.801271E-02
      2341  5.514835E-02
      2342  6.487734E-02
      2343  5.605137E-02
      2344  6.588557E-02
      2345  3.498403E-01
      2346  4.925811E-01
      2347  7.020113E-01
      2348  9.118990E-01
      2349  6.979171E-01
      2350  9.069137E-01
      2351  6.700222E-01
      2352  8.760128E-01
      2353  6.664796E-01
      2354  8.714757E-01
      2355  3.698260E-01
      2356  5.160557E-01
      2357  3.646801E-01
      2358  5.117444E-01
      2359  3.452627E-01
      2360  4.878943E-01
      2361  3.427110E-01
      2362  4.844093E-01
      2363  6.930286E-01
      2364  9.012616E-01
      2365  6.890391E-01
      2366  8.964516E-01
      2367  6.610748E-01
      2368  8.645094E-01
      2369  6.566948E-01
      2370  8.592979E-01
      2371  3.598877E-01
      2372  5.084153E-01
      2373  3.557055E-01
      2374  5.064473E-01
      2375  3.401808E-01
      2376  4.814727E-01
      2377  3.380220E-01
      2378  4.790806E-01
      2379  6.877903E-01
      2380  8.982615E-01
      2381  6.895112E-01
      2382  9.057449E-01
      2383  6.531833E-01
      2384  8.549613E-01
      2385  6.504253E-01
      2386  8.515122E-01
      2387  3.522369E-01
      2388  5.051526E-01
      2389  3.497381E-01
      2390  5.044629E-01
      2391  3.363660E-01
      2392  4.774758E-01
      2393  3.349264E-01
      2394  4.768526E-01
      2395  6.919209E-01
      2396  9.128568E-01
      2397  6.936298E-01
      2398  9.165348E-01
      2399  6.487908E-01
      2400  8.499759E-01
      2401  6.483077E-01
      2402  8.494659E-01
      2403  7.263304E+00
      2404  5.605504E+00
      2405  7.265425E+00
      2406  5.605194E+00
      2407  9.171634E-01
      2408  8.118512E-01
      2409  9.160369E-01
      2410  8.116023E-01
      2411  8.815108E-01
      2412  7.814168E-01
      2413  8.856183E-01
      2414  7.828753E-01
      2415  5.251031E+00
      2416  6.795126E+00
      2417  5.250997E+00
      2418  4.167177E+00
      2419  2.953789E+00
      2420  4.167201E+00
      2421  2.953699E+00
      2422  3.922430E+00
      2423  2.794344E+00
      2424  3.922317E+00
      2425  2.794228E+00
      2426  1.959874E+00
      2427  1.182705E+00
      2428  1.959755E+00
      2429  1.182545E+00
      2430  1.867585E+00
      2431  1.140406E+00
      2432  1.867432E+00
      2433  1.140220E+00
      2434  6.201590E-01
      2435  2.708493E-01
      2436  6.200209E-01
      2437  2.704746E-01
      2438  6.108574E-01
      2439  2.775497E-01
      2440  6.107040E-01
      2441  2.770643E-01
      2442  1.320018E-01
      2443  3.101336E-02
      2444  4.937004E-02
      2445  3.139178E-02
      2446  4.520888E-02
      2447  6.917862E-03
      2448  1.944038E-02
      2449  7.248194E-03
      2450  1.927605E-02
      2451  1.325569E-01
      2452  1.985992E-01
      2453  1.387407E-01
      2454  2.049330E-01
      2455  1.401106E-01
      2456  1.899577E-01
      2457  7.265425E+00
      2458  5.605194E+00
      2459  7.263304E+00
      2460  5.605504E+00
      2461  6.795126E+00
      2462  5.250997E+00
      2463  9.160369E-01
      2464  8.116023E-01
      2465  9.171634E-01
      2466  8.118512E-01
      2467  8.856183E-01
      2468  7.828753E-01
      2469  8.815108E-01
      2470  7.814168E-01
      2471  5.251031E+00
      2472  4.167201E+00
      2473  2.953699E+00
      2474  4.167177E+00
      2475  2.953789E+00
      2476  3.922317E+00
      2477  2.794228E+00
      2478  3.922430E+00
      2479  2.794344E+00
      2480  1.959755E+00
      2481  1.182545E+00
      2482  1.959874E+00
      2483  1.182705E+00
      2484  1.867432E+00
      2485  1.140220E+00
      2486  1.867585E+00
      2487  1.140406E+00
      2488  6.200209E-01
      2489  2.704746E-01
      2490  6.201590E-01
      2491  2.708493E-01
      2492  6.107040E-01
      2493  2.770643E-01
      2494  6.108574E-01
      2495  2.775497E-01
      2496  1.325569E-01
      2497  1.985992E-01
      2498  1.320018E-01
      2499  3.139178E-02
      2500  4.520888E-02
      2501  3.101336E-02
      2502  4.937004E-02
      2503  7.248194E-03
      2504  1.927605E-02
      2505  6.917862E-03
      2506  1.944038E-02
      2507  1.401106E-01
      2508  1.899577E-01
      2509  1.387407E-01
      2510  2.049330E-01
      2511  3.123065E-01
      2512  4.474434E-01
      2513  3.135045E-01
      2514  4.480498E-01
      2515  2.859517E-01
      2516  4.158176E-01
      2517  2.868577E-01
      2518  4.163418E-01
      2519  6.114692E-01
      2520  8.039251E-01
      2521  6.122754E-01
      2522  8.061323E-01
      2523  5.750896E-01
      2524  7.635212E-01
      2525  5.758221E-01
      2526  7.652575E-01
      2527  3.144427E-01
      2528  4.494980E-01
      2529  3.157501E-01
      2530  4.514731E-01
      2531  2.877188E-01
      2532  4.176033E-01
      2533  2.890005E-01
      2534  4.194042E-01
      2535  6.145537E-01
      2536  8.096721E-01
      2537  6.175070E-01
      2538  8.138787E-01
      2539  5.778007E-01
      2540  7.682976E-01
      2541  5.804365E-01
      2542  7.720749E-01
      2543  3.174674E-01
      2544  4.539912E-01
      2545  3.196243E-01
      2546  4.569099E-01
      2547  2.906326E-01
      2548  4.217456E-01
      2549  2.930202E-01
      2550  4.245421E-01
      2551  6.211309E-01
      2552  8.189334E-01
      2553  6.252714E-01
      2554  8.246779E-01
      2555  5.836659E-01
      2556  7.764834E-01
      2557  5.873989E-01
      2558  7.813913E-01
      2559  3.219265E-01
      2560  4.605228E-01
      2561  3.372927E-01
      2562  4.654239E-01
      2563  2.951987E-01
      2564  4.280977E-01
      2565  3.456256E-02
      2566  4.241260E-02
      2567  4.107449E-02
      2568  4.755185E-02
      2569  3.362072E-02
      2570  4.005351E-02
      2571  3.458502E-02
      2572  3.830169E-02
      2573  5.099364E-02
      2574  6.021270E-02
      2575  5.307612E-02
      2576  6.240383E-02
      2577  4.758663E-02
      2578  5.710644E-02
      2579  4.631129E-02
      2580  5.580386E-02
      2581  6.295583E-01
      2582  8.301435E-01
      2583  6.318579E-01
      2584  8.325404E-01
      2585  5.913089E-01
      2586  7.860773E-01
      2587  5.930522E-01
      2588  7.874245E-01
      2589  1.310064E-01
      2590  1.795665E-01
      2591  1.299761E-01
      2592  1.792484E-01
      2593  1.217066E-01
      2594  1.666017E-01
      2595  1.204108E-01
      2596  1.661501E-01
      2597  2.436881E-01
      2598  3.214931E-01
      2599  2.433405E-01
      2600  3.211921E-01
      2601  2.273669E-01
      2602  3.021186E-01
      2603  2.269747E-01
      2604  3.017467E-01
      2605  1.299761E-01
      2606  1.792484E-01
      2607  1.310064E-01
      2608  1.795665E-01
      2609  1.204108E-01
      2610  1.661501E-01
      2611  1.217066E-01
      2612  1.666017E-01
      2613  2.433405E-01
      2614  3.211921E-01
      2615  2.436881E-01
      2616  3.214931E-01
      2617  2.269747E-01
      2618  3.017467E-01
      2619  2.273669E-01
      2620  3.021186E-01
      2621  3.372927E-01
      2622  4.654239E-01
      2623  3.219265E-01
      2624  4.605228E-01
      2625  4.107449E-02
      2626  4.755185E-02
      2627  3.456256E-02
      2628  4.241260E-02
      2629  3.458502E-02
      2630  3.830169E-02
      2631  3.362072E-02
      2632  4.005351E-02
      2633  5.307612E-02
      2634  6.240383E-02
      2635  5.099364E-02
      2636  6.021270E-02
      2637  4.631129E-02
      2638  5.580386E-02
      2639  4.758663E-02
      2640  5.710644E-02
      2641  2.951987E-01
      2642  4.280977E-01
      2643  6.318579E-01
      2644  8.325404E-01
      2645  6.295583E-01
      2646  8.301435E-01
      2647  5.930522E-01
      2648  7.874245E-01
      2649  5.913089E-01
      2650  7.860773E-01
      2651  3.196243E-01
      2652  4.569099E-01
      2653  3.174674E-01
      2654  4.539912E-01
      2655  2.930202E-01
      2656  4.245421E-01
      2657  2.906326E-01
      2658  4.217456E-01
      2659  6.252714E-01
      2660  8.246779E-01
      2661  6.211309E-01
      2662  8.189334E-01
      2663  5.873989E-01
      2664  7.813913E-01
      2665  5.836659E-01
      2666  7.764834E-01
      2667  3.157501E-01
      2668  4.514731E-01
      2669  3.144427E-01
      2670  4.494980E-01
      2671  2.890005E-01
      2672  4.194042E-01
      2673  2.877188E-01
      2674  4.176033E-01
      2675  6.175070E-01
      2676  8.138787E-01
      2677  6.145537E-01
      2678  8.096721E-01
      2679  5.804365E-01
      2680  7.720749E-01
      2681  5.778007E-01
      2682  7.682976E-01
      2683  3.135045E-01
      2684  4.480498E-01
      2685  3.123065E-01
      2686  4.474434E-01
      2687  2.868577E-01
      2688  4.163418E-01
      2689  2.859517E-01
      2690  4.158176E-01
      2691  6.122754E-01
      2692  8.061323E-01
      2693  6.114692E-01
      2694  8.039251E-01
      2695  5.758221E-01
      2696  7.652575E-01
      2697  5.750896E-01
      2698  7.635212E-01
      2699  8.507661E-01
      2700  7.558021E-01
      2701  8.493517E-01
      2702  7.551045E-01
      2703  8.158764E-01
      2704  7.260970E-01
      2705  8.186077E-01
      2706  7.269592E-01
      2707  4.890676E+00
      2708  6.297669E+00
      2709  4.891049E+00
      2710  7.853823E-01
      2711  6.930111E-01
      2712  7.852973E-01
      2713  6.926801E-01
      2714  7.345638E-01
      2715  6.581229E-01
      2716  7.344812E-01
      2717  6.580535E-01
      2718  4.468885E+00
      2719  7.849949E-01
      2720  6.923400E-01
      2721  7.851487E-01
      2722  6.923511E-01
      2723  7.343764E-01
      2724  6.580537E-01
      2725  7.342526E-01
      2726  6.580404E-01
      2727  4.468795E+00
      2728  3.656160E+00
      2729  2.614722E+00
      2730  3.656016E+00
      2731  2.614617E+00
      2732  3.357511E+00
      2733  2.414365E+00
      2734  3.357444E+00
      2735  2.414232E+00
      2736  1.759782E+00
      2737  1.087550E+00
      2738  1.759627E+00
      2739  1.087363E+00
      2740  1.637826E+00
      2741  1.025365E+00
      2742  1.637661E+00
      2743  1.025169E+00
      2744  5.954965E-01
      2745  2.820414E-01
      2746  5.953263E-01
      2747  2.815703E-01
      2748  5.746742E-01
      2749  2.840228E-01
      2750  5.744711E-01
      2751  2.837324E-01
      2752  1.445599E-01
      2753  3.366450E-02
      2754  4.571252E-02
      2755  3.256011E-02
      2756  4.238568E-02
      2757  5.262062E-03
      2758  1.520326E-02
      2759  5.316583E-03
      2760  1.446045E-02
      2761  1.459802E-01
      2762  1.798305E-01
      2763  1.520480E-01
      2764  3.180444E-02
      2765  4.630637E-02
      2766  3.203680E-02
      2767  4.155617E-02
      2768  4.697096E-03
      2769  1.370329E-02
      2770  4.676947E-03
      2771  1.255454E-02
      2772  1.521220E-01
      2773  1.711343E-01
      2774  6.297669E+00
      2775  4.891049E+00
      2776  8.493517E-01
      2777  7.551045E-01
      2778  8.507661E-01
      2779  7.558021E-01
      2780  8.186077E-01
      2781  7.269592E-01
      2782  8.158764E-01
      2783  7.260970E-01
      2784  4.890676E+00
      2785  7.851487E-01
      2786  6.923511E-01
      2787  7.849949E-01
      2788  6.923400E-01
      2789  7.342526E-01
      2790  6.580404E-01
      2791  7.343764E-01
      2792  6.580537E-01
      2793  4.468795E+00
      2794  7.852973E-01
      2795  6.926801E-01
      2796  7.853823E-01
      2797  6.930111E-01
      2798  7.344812E-01
      2799  6.580535E-01
      2800  7.345638E-01
      2801  6.581229E-01
      2802  4.468885E+00
      2803  3.656016E+00
      2804  2.614617E+00
      2805  3.656160E+00
      2806  2.614722E+00
      2807  3.357444E+00
      2808  2.414232E+00
      2809  3.357511E+00
      2810  2.414365E+00
      2811  1.759627E+00
      2812  1.087363E+00
      2813  1.759782E+00
      2814  1.087550E+00
      2815  1.637661E+00
      2816  1.025169E+00
      2817  1.637826E+00
      2818  1.025365E+00
      2819  5.953263E-01
      2820  2.815703E-01
      2821  5.954965E-01
      2822  2.820414E-01
      2823  5.744711E-01
      2824  2.837324E-01
      2825  5.746742E-01
      2826  2.840228E-01
      2827  1.459802E-01
      2828  1.798305E-01
      2829  1.445599E-01
      2830  3.256011E-02
      2831  4.238568E-02
      2832  3.366450E-02
      2833  4.571252E-02
      2834  5.316583E-03
      2835  1.446045E-02
      2836  5.262062E-03
      2837  1.520326E-02
      2838  1.521220E-01
      2839  1.711343E-01
      2840  1.520480E-01
      2841  3.203680E-02
      2842  4.155617E-02
      2843  3.180444E-02
      2844  4.630637E-02
      2845  4.676947E-03
      2846  1.255454E-02
      2847  4.697096E-03
      2848  1.370329E-02
      2849  2.584075E-01
      2850  3.821390E-01
      2851  2.592090E-01
      2852  3.825964E-01
      2853  2.306023E-01
      2854  3.465659E-01
      2855  2.313245E-01
      2856  3.469567E-01
      2857  5.359122E-01
      2858  7.195634E-01
      2859  5.364160E-01
      2860  7.206607E-01
      2861  4.926997E-01
      2862  6.689247E-01
      2863  4.930281E-01
      2864  6.695406E-01
      2865  2.601470E-01
      2866  3.837372E-01
      2867  2.614935E-01
      2868  3.854160E-01
      2869  2.323220E-01
      2870  3.480188E-01
      2871  2.337717E-01
      2872  3.496434E-01
      2873  5.379666E-01
      2874  7.228628E-01
      2875  5.401673E-01
      2876  7.257831E-01
      2877  4.942750E-01
      2878  6.711147E-01
      2879  4.961929E-01
      2880  6.734487E-01
      2881  2.633086E-01
      2882  3.876204E-01
      2883  2.655506E-01
      2884  3.903822E-01
      2885  2.356966E-01
      2886  3.518339E-01
      2887  2.381989E-01
      2888  3.546023E-01
      2889  5.429649E-01
      2890  7.293591E-01
      2891  5.462846E-01
      2892  7.334562E-01
      2893  4.987536E-01
      2894  6.764974E-01
      2895  5.018885E-01
      2896  6.801461E-01
      2897  2.693823E-01
      2898  3.938593E-01
      2899  3.065507E-02
      2900  3.845980E-02
      2901  3.927940E-02
      2902  4.448049E-02
      2903  3.018944E-02
      2904  3.635666E-02
      2905  3.124738E-02
      2906  3.469937E-02
      2907  4.684544E-02
      2908  5.558679E-02
      2909  4.914590E-02
      2910  5.788166E-02
      2911  4.352380E-02
      2912  5.256302E-02
      2913  4.225006E-02
      2914  5.122704E-02
      2915  2.419870E-01
      2916  3.582513E-01
      2917  2.757286E-02
      2918  3.483844E-02
      2919  3.664299E-02
      2920  4.109380E-02
      2921  2.720126E-02
      2922  3.275150E-02
      2923  2.868819E-02
      2924  3.114516E-02
      2925  4.278259E-02
      2926  5.105678E-02
      2927  4.527121E-02
      2928  5.351785E-02
      2929  3.927526E-02
      2930  4.769405E-02
      2931  3.796823E-02
      2932  4.631296E-02
      2933  5.497950E-01
      2934  7.372576E-01
      2935  5.511740E-01
      2936  7.376652E-01
      2937  5.052626E-01
      2938  6.835417E-01
      2939  5.063765E-01
      2940  6.833062E-01
      2941  1.136451E-01
      2942  1.530217E-01
      2943  1.111646E-01
      2944  1.526240E-01
      2945  1.043903E-01
      2946  1.389016E-01
      2947  1.021035E-01
      2948  1.385430E-01
      2949  2.100101E-01
      2950  2.811855E-01
      2951  2.095831E-01
      2952  2.807421E-01
      2953  1.916626E-01
      2954  2.586830E-01
      2955  1.911964E-01
      2956  2.581812E-01
      2957  1.111646E-01
      2958  1.526240E-01
      2959  1.136451E-01
      2960  1.530217E-01
      2961  1.021035E-01
      2962  1.385430E-01
      2963  1.043903E-01
      2964  1.389016E-01
      2965  2.095831E-01
      2966  2.807421E-01
      2967  2.100101E-01
      2968  2.811855E-01
      2969  1.911964E-01
      2970  2.581812E-01
      2971  1.916626E-01
      2972  2.586830E-01
      2973  3.927940E-02
      2974  4.448049E-02
      2975  3.065507E-02
      2976  3.845980E-02
      2977  3.124738E-02
      2978  3.469937E-02
      2979  3.018944E-02
      2980  3.635666E-02
      2981  4.914590E-02
      2982  5.788166E-02
      2983  4.684544E-02
      2984  5.558679E-02
      2985  4.225006E-02
      2986  5.122704E-02
      2987  4.352380E-02
      2988  5.256302E-02
      2989  2.693823E-01
      2990  3.938593E-01
      2991  3.664299E-02
      2992  4.109380E-02
      2993  2.757286E-02
      2994  3.483844E-02
      2995  2.868819E-02
      2996  3.114516E-02
      2997  2.720126E-02
      2998  3.275150E-02
      2999  4.527121E-02
      3000  5.351785E-02
      3001  4.278259E-02
      3002  5.105678E-02
      3003  3.796823E-02
      3004  4.631296E-02
      3005  3.927526E-02
      3006  4.769405E-02
      3007  2.419870E-01
      3008  3.582513E-01
      3009  5.511740E-01
      3010  7.376652E-01
      3011  5.497950E-01
      3012  7.372576E-01
      3013  5.063765E-01
      3014  6.833062E-01
      3015  5.052626E-01
      3016  6.835417E-01
      3017  2.655506E-01
      3018  3.903822E-01
      3019  2.633086E-01
      3020  3.876204E-01
      3021  2.381989E-01
      3022  3.546023E-01
      3023  2.356966E-01
      3024  3.518339E-01
      3025  5.462846E-01
      3026  7.334562E-01
      3027  5.429649E-01
      3028  7.293591E-01
      3029  5.018885E-01
      3030  6.801461E-01
      3031  4.987536E-01
      3032  6.764974E-01
      3033  2.614935E-01
      3034  3.854160E-01
      3035  2.601470E-01
      3036  3.837372E-01
      3037  2.337717E-01
      3038  3.496434E-01
      3039  2.323220E-01
      3040  3.480188E-01
      3041  5.401673E-01
      3042  7.257831E-01
      3043  5.379666E-01
      3044  7.228628E-01
      3045  4.961929E-01
      3046  6.734487E-01
      3047  4.942750E-01
      3048  6.711147E-01
      3049  2.592090E-01
      3050  3.825964E-01
      3051  2.584075E-01
      3052  3.821390E-01
      3053  2.313245E-01
      3054  3.469567E-01
      3055  2.306023E-01
      3056  3.465659E-01
      3057  5.364160E-01
      3058  7.206607E-01
      3059  5.359122E-01
      3060  7.195634E-01
      3061  4.930281E-01
      3062  6.695406E-01
      3063  4.926997E-01
      3064  6.689247E-01
      3065  7.098396E-01
      3066  6.282675E-01
      3067  7.099403E-01
      3068  6.282134E-01
      3069  6.592273E-01
      3070  5.914347E-01
      3071  6.592534E-01
      3072  5.914209E-01
      3073  4.036001E+00
      3074  7.100140E-01
      3075  6.281706E-01
      3076  7.100680E-01
      3077  6.281670E-01
      3078  6.592634E-01
      3079  5.914255E-01
      3080  6.592641E-01
      3081  5.914305E-01
      3082  4.035983E+00
      3083  6.297584E-01
      3084  5.571493E-01
      3085  6.297492E-01
      3086  5.570754E-01
      3087  5.786992E-01
      3088  5.206118E-01
      3089  5.787410E-01
      3090  5.206000E-01
      3091  3.571482E+00
      3092  6.297368E-01
      3093  5.570438E-01
      3094  6.297343E-01
      3095  5.570352E-01
      3096  5.787649E-01
      3097  5.205942E-01
      3098  5.787759E-01
      3099  5.205920E-01
      3100  3.571347E+00
      3101  3.040097E+00
      3102  2.197131E+00
      3103  3.039945E+00
      3104  2.196975E+00
      3105  2.699754E+00
      3106  1.961906E+00
      3107  2.699642E+00
      3108  1.961744E+00
      3109  1.502877E+00
      3110  9.541337E-01
      3111  1.502689E+00
      3112  9.539205E-01
      3113  1.354144E+00
      3114  8.731587E-01
      3115  1.353952E+00
      3116  8.729409E-01
      3117  5.483765E-01
      3118  2.838043E-01
      3119  5.481716E-01
      3120  2.834312E-01
      3121  5.161384E-01
      3122  2.809424E-01
      3123  5.159183E-01
      3124  2.805980E-01
      3125  1.584878E-01
      3126  3.229914E-02
      3127  4.570306E-02
      3128  3.241181E-02
      3129  4.066784E-02
      3130  4.400125E-03
      3131  1.248959E-02
      3132  4.335367E-03
      3133  1.103552E-02
      3134  1.589992E-01
      3135  1.651708E-01
      3136  1.655656E-01
      3137  3.268366E-02
      3138  4.567694E-02
      3139  3.281586E-02
      3140  4.013052E-02
      3141  4.362742E-03
      3142  1.198626E-02
      3143  4.314583E-03
      3144  1.009677E-02
      3145  1.659199E-01
      3146  1.614052E-01
      3147  7.100680E-01
      3148  6.281670E-01
      3149  7.100140E-01
      3150  6.281706E-01
      3151  6.592641E-01
      3152  5.914305E-01
      3153  6.592634E-01
      3154  5.914255E-01
      3155  4.035983E+00
      3156  7.099403E-01
      3157  6.282134E-01
      3158  7.098396E-01
      3159  6.282675E-01
      3160  6.592534E-01
      3161  5.914209E-01
      3162  6.592273E-01
      3163  5.914347E-01
      3164  4.036001E+00
      3165  6.297343E-01
      3166  5.570352E-01
      3167  6.297368E-01
      3168  5.570438E-01
      3169  5.787759E-01
      3170  5.205920E-01
      3171  5.787649E-01
      3172  5.205942E-01
      3173  3.571347E+00
      3174  6.297492E-01
      3175  5.570754E-01
      3176  6.297584E-01
      3177  5.571493E-01
      3178  5.787410E-01
      3179  5.206000E-01
      3180  5.786992E-01
      3181  5.206118E-01
      3182  3.571482E+00
      3183  3.039945E+00
      3184  2.196975E+00
      3185  3.040097E+00
      3186  2.197131E+00
      3187  2.699642E+00
      3188  1.961744E+00
      3189  2.699754E+00
      3190  1.961906E+00
      3191  1.502689E+00
      3192  9.539205E-01
      3193  1.502877E+00
      3194  9.541337E-01
      3195  1.353952E+00
      3196  8.729409E-01
      3197  1.354144E+00
      3198  8.731587E-01
      3199  5.481716E-01
      3200  2.834312E-01
      3201  5.483765E-01
      3202  2.838043E-01
      3203  5.159183E-01
      3204  2.805980E-01
      3205  5.161384E-01
      3206  2.809424E-01
      3207  1.589992E-01
      3208  1.651708E-01
      3209  1.584878E-01
      3210  3.241181E-02
      3211  4.066784E-02
      3212  3.229914E-02
      3213  4.570306E-02
      3214  4.335367E-03
      3215  1.103552E-02
      3216  4.400125E-03
      3217  1.248959E-02
      3218  1.659199E-01
      3219  1.614052E-01
      3220  1.655656E-01
      3221  3.281586E-02
      3222  4.013052E-02
      3223  3.268366E-02
      3224  4.567694E-02
      3225  4.314583E-03
      3226  1.009677E-02
      3227  4.362742E-03
      3228  1.198626E-02
      3229  2.027172E-01
      3230  3.092162E-01
      3231  2.033981E-01
      3232  3.095684E-01
      3233  1.747587E-01
      3234  2.703259E-01
      3235  1.754315E-01
      3236  2.706837E-01
      3237  4.453204E-01
      3238  6.109715E-01
      3239  4.455532E-01
      3240  6.113538E-01
      3241  3.942584E-01
      3242  5.464898E-01
      3243  3.944798E-01
      3244  5.468131E-01
      3245  2.044395E-01
      3246  3.106243E-01
      3247  2.059711E-01
      3248  3.122865E-01
      3249  1.765445E-01
      3250  2.717861E-01
      3251  1.781886E-01
      3252  2.735429E-01
      3253  4.467068E-01
      3254  6.127051E-01
      3255  4.485797E-01
      3256  6.148576E-01
      3257  3.956514E-01
      3258  5.481732E-01
      3259  3.976147E-01
      3260  5.504880E-01
      3261  2.080329E-01
      3262  3.145509E-01
      3263  2.107105E-01
      3264  3.174567E-01
      3265  1.804165E-01
      3266  2.759797E-01
      3267  1.833638E-01
      3268  2.791182E-01
      3269  4.511281E-01
      3270  6.177704E-01
      3271  4.542908E-01
      3272  6.213247E-01
      3273  4.003561E-01
      3274  5.536585E-01
      3275  4.037325E-01
      3276  5.574160E-01
      3277  2.150671E-01
      3278  3.213391E-01
      3279  2.466561E-02
      3280  3.143690E-02
      3281  3.478001E-02
      3282  3.825212E-02
      3283  2.424758E-02
      3284  2.913264E-02
      3285  2.626532E-02
      3286  2.761404E-02
      3287  3.874812E-02
      3288  4.627873E-02
      3289  4.134626E-02
      3290  4.886792E-02
      3291  3.492665E-02
      3292  4.262187E-02
      3293  3.359360E-02
      3294  4.121944E-02
      3295  1.881290E-01
      3296  2.834107E-01
      3297  2.182565E-02
      3298  2.800505E-02
      3299  3.287942E-02
      3300  3.532359E-02
      3301  2.133690E-02
      3302  2.551235E-02
      3303  2.395964E-02
      3304  2.416006E-02
      3305  3.462146E-02
      3306  4.132894E-02
      3307  3.736024E-02
      3308  4.406386E-02
      3309  3.053038E-02
      3310  3.740870E-02
      3311  2.919630E-02
      3312  3.602050E-02
      3313  4.576650E-01
      3314  6.245046E-01
      3315  4.585759E-01
      3316  6.237075E-01
      3317  4.073220E-01
      3318  5.606125E-01
      3319  4.082659E-01
      3320  5.594794E-01
      3321  9.551278E-02
      3322  1.244687E-01
      3323  9.295143E-02
      3324  1.241342E-01
      3325  8.722714E-02
      3326  1.099166E-01
      3327  8.444691E-02
      3328  1.096267E-01
      3329  1.723441E-01
      3330  2.344144E-01
      3331  1.718600E-01
      3332  2.338741E-01
      3333  1.522961E-01
      3334  2.086845E-01
      3335  1.517997E-01
      3336  2.081152E-01
      3337  9.295143E-02
      3338  1.241342E-01
      3339  9.551278E-02
      3340  1.244687E-01
      3341  8.444691E-02
      3342  1.096267E-01
      3343  8.722714E-02
      3344  1.099166E-01
      3345  1.718600E-01
      3346  2.338741E-01
      3347  1.723441E-01
      3348  2.344144E-01
      3349  1.517997E-01
      3350  2.081152E-01
      3351  1.522961E-01
      3352  2.086845E-01
      3353  3.478001E-02
      3354  3.825212E-02
      3355  2.466561E-02
      3356  3.143690E-02
      3357  2.626532E-02
      3358  2.761404E-02
      3359  2.424758E-02
      3360  2.913264E-02
      3361  4.134626E-02
      3362  4.886792E-02
      3363  3.874812E-02
      3364  4.627873E-02
      3365  3.359360E-02
      3366  4.121944E-02
      3367  3.492665E-02
      3368  4.262187E-02
      3369  2.150671E-01
      3370  3.213391E-01
      3371  3.287942E-02
      3372  3.532359E-02
      3373  2.182565E-02
      3374  2.800505E-02
      3375  2.395964E-02
      3376  2.416006E-02
      3377  2.133690E-02
      3378  2.551235E-02
      3379  3.736024E-02
      3380  4.406386E-02
      3381  3.462146E-02
      3382  4.132894E-02
      3383  2.919630E-02
      3384  3.602050E-02
      3385  3.053038E-02
      3386  3.740870E-02
      3387  1.881290E-01
      3388  2.834107E-01
      3389  4.585759E-01
      3390  6.237075E-01
      3391  4.576650E-01
      3392  6.245046E-01
      3393  4.082659E-01
      3394  5.594794E-01
      3395  4.073220E-01
      3396  5.606125E-01
      3397  2.107105E-01
      3398  3.174567E-01
      3399  2.080329E-01
      3400  3.145509E-01
      3401  1.833638E-01
      3402  2.791182E-01
      3403  1.804165E-01
      3404  2.759797E-01
      3405  4.542908E-01
      3406  6.213247E-01
      3407  4.511281E-01
      3408  6.177704E-01
      3409  4.037325E-01
      3410  5.574160E-01
      3411  4.003561E-01
      3412  5.536585E-01
      3413  2.059711E-01
      3414  3.122865E-01
      3415  2.044395E-01
      3416  3.106243E-01
      3417  1.781886E-01
      3418  2.735429E-01
      3419  1.765445E-01
      3420  2.717861E-01
      3421  4.485797E-01
      3422  6.148576E-01
      3423  4.467068E-01
      3424  6.127051E-01
      3425  3.976147E-01
      3426  5.504880E-01
      3427  3.956514E-01
      3428  5.481732E-01
      3429  2.033981E-01
      3430  3.095684E-01
      3431  2.027172E-01
      3432  3.092162E-01
      3433  1.754315E-01
      3434  2.706837E-01
      3435  1.747587E-01
      3436  2.703259E-01
      3437  4.455532E-01
      3438  6.113538E-01
      3439  4.453204E-01
      3440  6.109715E-01
      3441  3.944798E-01
      3442  5.468131E-01
      3443  3.942584E-01
      3444  5.464898E-01
      3445  5.458469E-01
      3446  4.822294E-01
      3447  5.458299E-01
      3448  4.821755E-01
      3449  4.951359E-01
      3450  4.468467E-01
      3451  4.951712E-01
      3452  4.468471E-01
      3453  3.083584E+00
      3454  5.458119E-01
      3455  4.821595E-01
      3456  5.458071E-01
      3457  4.821547E-01
      3458  4.951926E-01
      3459  4.468530E-01
      3460  4.952030E-01
      3461  4.468546E-01
      3462  3.083666E+00
      3463  4.590839E-01
      3464  4.046808E-01
      3465  4.590713E-01
      3466  4.045768E-01
      3467  4.091125E-01
      3468  3.707099E-01
      3469  4.091548E-01
      3470  3.706744E-01
      3471  2.576976E+00
      3472  4.590532E-01
      3473  4.045239E-01
      3474  4.590437E-01
      3475  4.045075E-01
      3476  4.091815E-01
      3477  3.706368E-01
      3478  4.091927E-01
      3479  3.706223E-01
      3480  2.576185E+00
      3481  2.338996E+00
      3482  1.709694E+00
      3483  2.338813E+00
      3484  1.709528E+00
      3485  1.961548E+00
      3486  1.444982E+00
      3487  1.961493E+00
      3488  1.444805E+00
      3489  1.192038E+00
      3490  7.823486E-01
      3491  1.191838E+00
      3492  7.821175E-01
      3493  1.020979E+00
      3494  6.854904E-01
      3495  1.020786E+00
      3496  6.852537E-01
      3497  4.775625E-01
      3498  2.753993E-01
      3499  4.773631E-01
      3500  2.749109E-01
      3501  4.351013E-01
      3502  2.678115E-01
      3503  4.349541E-01
      3504  2.669685E-01
      3505  1.729053E-01
      3506  3.323588E-02
      3507  4.623252E-02
      3508  3.340490E-02
      3509  3.993387E-02
      3510  5.077436E-03
      3511  1.123848E-02
      3512  4.816343E-03
      3513  9.391108E-03
      3514  1.738151E-01
      3515  1.604792E-01
      3516  1.793808E-01
      3517  1.909014E-01
      3518  1.824365E-01
      3519  1.632022E-01
      3520  5.458071E-01
      3521  4.821547E-01
      3522  5.458119E-01
      3523  4.821595E-01
      3524  4.952030E-01
      3525  4.468546E-01
      3526  4.951926E-01
      3527  4.468530E-01
      3528  3.083666E+00
      3529  5.458299E-01
      3530  4.821755E-01
      3531  5.458469E-01
      3532  4.822294E-01
      3533  4.951712E-01
      3534  4.468471E-01
      3535  4.951359E-01
      3536  4.468467E-01
      3537  3.083584E+00
      3538  4.590437E-01
      3539  4.045075E-01
      3540  4.590532E-01
      3541  4.045239E-01
      3542  4.091927E-01
      3543  3.706223E-01
      3544  4.091815E-01
      3545  3.706368E-01
      3546  2.576185E+00
      3547  4.590713E-01
      3548  4.045768E-01
      3549  4.590839E-01
      3550  4.046808E-01
      3551  4.091548E-01
      3552  3.706744E-01
      3553  4.091125E-01
      3554  3.707099E-01
      3555  2.576976E+00
      3556  2.338813E+00
      3557  1.709528E+00
      3558  2.338996E+00
      3559  1.709694E+00
      3560  1.961493E+00
      3561  1.444805E+00
      3562  1.961548E+00
      3563  1.444982E+00
      3564  1.191838E+00
      3565  7.821175E-01
      3566  1.192038E+00
      3567  7.823486E-01
      3568  1.020786E+00
      3569  6.852537E-01
      3570  1.020979E+00
      3571  6.854904E-01
      3572  4.773631E-01
      3573  2.749109E-01
      3574  4.775625E-01
      3575  2.753993E-01
      3576  4.349541E-01
      3577  2.669685E-01
      3578  4.351013E-01
      3579  2.678115E-01
      3580  1.738151E-01
      3581  1.604792E-01
      3582  1.729053E-01
      3583  3.340490E-02
      3584  3.993387E-02
      3585  3.323588E-02
      3586  4.623252E-02
      3587  4.816343E-03
      3588  9.391108E-03
      3589  5.077436E-03
      3590  1.123848E-02
      3591  1.824365E-01
      3592  1.632022E-01
      3593  1.793808E-01
      3594  1.909014E-01
      3595  1.467700E-01
      3596  2.303080E-01
      3597  1.474301E-01
      3598  2.306908E-01
      3599  1.192748E-01
      3600  1.902812E-01
      3601  1.201421E-01
      3602  1.908155E-01
      3603  3.405300E-01
      3604  4.773450E-01
      3605  3.407962E-01
      3606  4.777133E-01
      3607  2.870708E-01
      3608  4.097794E-01
      3609  2.870014E-01
      3610  4.086473E-01
      3611  1.486413E-01
      3612  2.319886E-01
      3613  1.505163E-01
      3614  2.340462E-01
      3615  1.217264E-01
      3616  1.919022E-01
      3617  1.238661E-01
      3618  1.939054E-01
      3619  3.422375E-01
      3620  4.793273E-01
      3621  3.444915E-01
      3622  4.816853E-01
      3623  2.872532E-01
      3624  4.079003E-01
      3625  2.889679E-01
      3626  4.095161E-01
      3627  1.530202E-01
      3628  2.367666E-01
      3629  1.562821E-01
      3630  2.402785E-01
      3631  1.268389E-01
      3632  1.970133E-01
      3633  1.307503E-01
      3634  2.009693E-01
      3635  3.474430E-01
      3636  4.848529E-01
      3637  3.511260E-01
      3638  4.888785E-01
      3639  2.921233E-01
      3640  4.127627E-01
      3641  2.959225E-01
      3642  4.164069E-01
      3643  1.618532E-01
      3644  2.449312E-01
      3645  1.915831E-02
      3646  2.470593E-02
      3647  3.144469E-02
      3648  3.263907E-02
      3649  1.868411E-02
      3650  2.209843E-02
      3651  2.247260E-02
      3652  2.098037E-02
      3653  3.051113E-02
      3654  3.626087E-02
      3655  3.340611E-02
      3656  3.915044E-02
      3657  2.615498E-02
      3658  3.193091E-02
      3659  2.479569E-02
      3660  3.056100E-02
      3661  1.372670E-01
      3662  2.064361E-01
      3663  1.686565E-02
      3664  2.171171E-02
      3665  3.097630E-02
      3666  3.059319E-02
      3667  1.622963E-02
      3668  1.905934E-02
      3669  2.135512E-02
      3670  1.831699E-02
      3671  2.661206E-02
      3672  3.128506E-02
      3673  2.951419E-02
      3674  3.402541E-02
      3675  2.193446E-02
      3676  2.643941E-02
      3677  2.055255E-02
      3678  2.493784E-02
      3679  3.550323E-01
      3680  4.923887E-01
      3681  3.558654E-01
      3682  4.908922E-01
      3683  2.997480E-01
      3684  4.186676E-01
      3685  3.652071E-02
      3686  4.275723E-02
      3687  3.766999E-02
      3688  4.410235E-02
      3689  3.212195E-02
      3690  3.863171E-02
      3691  3.125539E-02
      3692  3.794805E-02
      3693  4.162465E-01
      3694  7.925203E-02
      3695  9.536383E-02
      3696  7.655106E-02
      3697  9.516954E-02
      3698  7.244944E-02
      3699  8.143836E-02
      3700  6.931160E-02
      3701  8.109676E-02
      3702  1.316154E-01
      3703  1.815034E-01
      3704  1.310895E-01
      3705  1.808946E-01
      3706  1.103561E-01
      3707  1.524940E-01
      3708  1.098623E-01
      3709  1.518653E-01
      3710  7.655106E-02
      3711  9.516954E-02
      3712  7.925203E-02
      3713  9.536383E-02
      3714  6.931160E-02
      3715  8.109676E-02
      3716  7.244944E-02
      3717  8.143836E-02
      3718  1.310895E-01
      3719  1.808946E-01
      3720  1.316154E-01
      3721  1.815034E-01
      3722  1.098623E-01
      3723  1.518653E-01
      3724  1.103561E-01
      3725  1.524940E-01
      3726  3.144469E-02
      3727  3.263907E-02
      3728  1.915831E-02
      3729  2.470593E-02
      3730  2.247260E-02
      3731  2.098037E-02
      3732  1.868411E-02
      3733  2.209843E-02
      3734  3.340611E-02
      3735  3.915044E-02
      3736  3.051113E-02
      3737  3.626087E-02
      3738  2.479569E-02
      3739  3.056100E-02
      3740  2.615498E-02
      3741  3.193091E-02
      3742  1.618532E-01
      3743  2.449312E-01
      3744  3.097630E-02
      3745  3.059319E-02
      3746  1.686565E-02
      3747  2.171171E-02
      3748  2.135512E-02
      3749  1.831699E-02
      3750  1.622963E-02
      3751  1.905934E-02
      3752  2.951419E-02
      3753  3.402541E-02
      3754  2.661206E-02
      3755  3.128506E-02
      3756  2.055255E-02
      3757  2.493784E-02
      3758  2.193446E-02
      3759  2.643941E-02
      3760  1.372670E-01
      3761  2.064361E-01
      3762  3.558654E-01
      3763  4.908922E-01
      3764  3.550323E-01
      3765  4.923887E-01
      3766  3.766999E-02
      3767  4.410235E-02
      3768  3.652071E-02
      3769  4.275723E-02
      3770  3.125539E-02
      3771  3.794805E-02
      3772  3.212195E-02
      3773  3.863171E-02
      3774  4.162465E-01
      3775  2.997480E-01
      3776  4.186676E-01
      3777  1.562821E-01
      3778  2.402785E-01
      3779  1.530202E-01
      3780  2.367666E-01
      3781  1.307503E-01
      3782  2.009693E-01
      3783  1.268389E-01
      3784  1.970133E-01
      3785  3.511260E-01
      3786  4.888785E-01
      3787  3.474430E-01
      3788  4.848529E-01
      3789  2.959225E-01
      3790  4.164069E-01
      3791  2.921233E-01
      3792  4.127627E-01
      3793  1.505163E-01
      3794  2.340462E-01
      3795  1.486413E-01
      3796  2.319886E-01
      3797  1.238661E-01
      3798  1.939054E-01
      3799  1.217264E-01
      3800  1.919022E-01
      3801  3.444915E-01
      3802  4.816853E-01
      3803  3.422375E-01
      3804  4.793273E-01
      3805  2.889679E-01
      3806  4.095161E-01
      3807  2.872532E-01
      3808  4.079003E-01
      3809  1.474301E-01
      3810  2.306908E-01
      3811  1.467700E-01
      3812  2.303080E-01
      3813  1.201421E-01
      3814  1.908155E-01
      3815  1.192748E-01
      3816  1.902812E-01
      3817  3.407962E-01
      3818  4.777133E-01
      3819  3.405300E-01
      3820  4.773450E-01
      3821  2.870014E-01
      3822  4.086473E-01
      3823  2.870708E-01
      3824  4.097794E-01
      3825  3.686775E-01
      3826  3.229994E-01
      3827  3.686541E-01
      3828  3.230881E-01
      3829  3.175425E-01
      3830  2.900439E-01
      3831  3.175544E-01
      3832  2.901121E-01
      3833  2.043312E+00
      3834  3.686373E-01
      3835  3.231691E-01
      3836  3.686418E-01
      3837  3.232032E-01
      3838  3.175725E-01
      3839  2.901834E-01
      3840  3.175838E-01
      3841  2.902191E-01
      3842  2.045498E+00
      3843  2.728923E-01
      3844  2.387067E-01
      3845  2.730236E-01
      3846  2.378668E-01
      3847  2.192258E-01
      3848  2.006580E-01
      3849  2.192009E-01
      3850  2.027556E-01
      3851  2.068712E-01
      3852  1.821084E-01
      3853  2.057935E-01
      3854  1.817482E-01
      3855  1.826135E-01
      3856  1.627064E-01
      3857  1.863242E-01
      3858  1.638295E-01
      3859  2.730738E-01
      3860  2.367856E-01
      3861  2.729895E-01
      3862  2.366439E-01
      3863  2.192850E-01
      3864  2.041265E-01
      3865  2.194065E-01
      3866  2.042670E-01
      3867  1.477835E+00
      3868  1.568891E+00
      3869  1.171972E+00
      3870  1.568625E+00
      3871  1.171806E+00
      3872  1.151209E+00
      3873  8.849492E-01
      3874  1.151023E+00
      3875  8.845885E-01
      3876  8.487750E-01
      3877  5.932654E-01
      3878  8.485546E-01
      3879  5.930147E-01
      3880  6.715935E-01
      3881  5.048872E-01
      3882  6.712352E-01
      3883  5.044775E-01
      3884  4.008106E-01
      3885  2.686611E-01
      3886  4.006125E-01
      3887  2.680241E-01
      3888  3.799865E-01
      3889  2.931474E-01
      3890  3.795870E-01
      3891  2.925700E-01
      3892  1.936246E-01
      3893  3.779006E-02
      3894  4.543370E-02
      3895  3.601724E-02
      3896  3.980575E-02
      3897  7.180607E-03
      3898  1.495112E-02
      3899  7.085266E-03
      3900  1.114629E-02
      3901  1.957936E-01
      3902  1.682091E-01
      3903  2.406846E-01
      3904  4.043034E-02
      3905  5.508335E-02
      3906  4.041765E-02
      3907  4.608152E-02
      3908  1.276187E-02
      3909  2.357171E-02
      3910  1.256854E-02
      3911  1.726791E-02
      3912  2.412768E-01
      3913  2.053441E-01
      3914  3.686418E-01
      3915  3.232032E-01
      3916  3.686373E-01
      3917  3.231691E-01
      3918  3.175838E-01
      3919  2.902191E-01
      3920  3.175725E-01
      3921  2.901834E-01
      3922  2.045498E+00
      3923  3.686541E-01
      3924  3.230881E-01
      3925  3.686775E-01
      3926  3.229994E-01
      3927  3.175544E-01
      3928  2.901121E-01
      3929  3.175425E-01
      3930  2.900439E-01
      3931  2.043312E+00
      3932  2.729895E-01
      3933  2.366439E-01
      3934  2.730738E-01
      3935  2.367856E-01
      3936  2.194065E-01
      3937  2.042670E-01
      3938  2.192850E-01
      3939  2.041265E-01
      3940  1.477835E+00
      3941  2.730236E-01
      3942  2.378668E-01
      3943  2.728923E-01
      3944  2.387067E-01
      3945  2.192009E-01
      3946  2.027556E-01
      3947  2.192258E-01
      3948  2.006580E-01
      3949  2.057935E-01
      3950  1.817482E-01
      3951  2.068712E-01
      3952  1.821084E-01
      3953  1.863242E-01
      3954  1.638295E-01
      3955  1.826135E-01
      3956  1.627064E-01
      3957  1.568625E+00
      3958  1.171806E+00
      3959  1.568891E+00
      3960  1.171972E+00
      3961  1.151023E+00
      3962  8.845885E-01
      3963  1.151209E+00
      3964  8.849492E-01
      3965  8.485546E-01
      3966  5.930147E-01
      3967  8.487750E-01
      3968  5.932654E-01
      3969  6.712352E-01
      3970  5.044775E-01
      3971  6.715935E-01
      3972  5.048872E-01
      3973  4.006125E-01
      3974  2.680241E-01
      3975  4.008106E-01
      3976  2.686611E-01
      3977  3.795870E-01
      3978  2.925700E-01
      3979  3.799865E-01
      3980  2.931474E-01
      3981  1.957936E-01
      3982  1.682091E-01
      3983  1.936246E-01
      3984  3.601724E-02
      3985  3.980575E-02
      3986  3.779006E-02
      3987  4.543370E-02
      3988  7.085266E-03
      3989  1.114629E-02
      3990  7.180607E-03
      3991  1.495112E-02
      3992  2.412768E-01
      3993  2.053441E-01
      3994  2.406846E-01
      3995  4.041765E-02
      3996  4.608152E-02
      3997  4.043034E-02
      3998  5.508335E-02
      3999  1.256854E-02
      4000  1.726791E-02
      4001  1.276187E-02
      4002  2.357171E-02
      4003  9.553259E-02
      4004  1.532403E-01
      4005  9.750005E-02
      4006  1.547027E-01
      4007  7.127530E-02
      4008  1.157244E-01
      4009  7.502691E-02
      4010  1.159783E-01
      4011  2.388118E-01
      4012  3.530387E-01
      4013  2.391239E-01
      4014  3.504882E-01
      4015  1.827224E-01
      4016  2.719265E-01
      4017  1.827811E-01
      4018  2.763893E-01
      4019  9.901810E-02
      4020  1.560974E-01
      4021  1.011267E-01
      4022  1.574420E-01
      4023  8.213104E-02
      4024  1.213926E-01
      4025  9.609599E-02
      4026  1.334988E-01
      4027  2.383588E-01
      4028  3.448115E-01
      4029  2.370039E-01
      4030  3.381210E-01
      4031  1.901181E-01
      4032  2.898544E-01
      4033  2.074059E-01
      4034  3.197942E-01
      4035  1.030786E-01
      4036  1.590651E-01
      4037  1.056773E-01
      4038  1.628589E-01
      4039  9.630521E-02
      4040  1.389738E-01
      4041  9.843802E-02
      4042  1.414568E-01
      4043  2.370379E-01
      4044  3.351466E-01
      4045  2.409197E-01
      4046  3.382909E-01
      4047  2.145423E-01
      4048  3.260505E-01
      4049  2.164575E-01
      4050  3.264685E-01
      4051  1.115998E-01
      4052  1.692849E-01
      4053  1.434006E-02
      4054  1.852069E-02
      4055  2.989001E-02
      4056  2.826909E-02
      4057  1.388533E-02
      4058  1.604432E-02
      4059  2.036385E-02
      4060  1.608828E-02
      4061  1.808248E-01
      4062  1.076069E-01
      4063  1.450078E-01
      4064  1.216156E-02
      4065  1.547877E-02
      4066  3.134222E-02
      4067  2.704801E-02
      4068  1.494560E-02
      4069  1.451983E-02
      4070  2.217123E-02
      4071  1.435548E-02
      4072  1.481057E-01
      4073  2.474634E-01
      4074  3.463361E-01
      4075  2.493709E-01
      4076  3.477466E-01
      4077  2.123322E-01
      4078  3.155290E-01
      4079  1.992895E-01
      4080  2.862125E-01
      4081  6.685380E-02
      4082  6.753246E-02
      4083  6.324564E-02
      4084  6.728878E-02
      4085  6.821527E-02
      4086  5.457775E-02
      4087  6.368400E-02
      4088  5.437224E-02
      4089  9.039404E-02
      4090  1.263639E-01
      4091  8.987357E-02
      4092  1.257635E-01
      4093  6.995284E-02
      4094  1.001253E-01
      4095  6.918795E-02
      4096  9.910737E-02
      4097  6.324564E-02
      4098  6.728878E-02
      4099  6.685380E-02
      4100  6.753246E-02
      4101  6.368400E-02
      4102  5.437224E-02
      4103  6.821527E-02
      4104  5.457775E-02
      4105  8.987357E-02
      4106  1.257635E-01
      4107  9.039404E-02
      4108  1.263639E-01
      4109  6.918795E-02
      4110  9.910737E-02
      4111  6.995284E-02
      4112  1.001253E-01
      4113  2.989001E-02
      4114  2.826909E-02
      4115  1.434006E-02
      4116  1.852069E-02
      4117  2.036385E-02
      4118  1.608828E-02
      4119  1.388533E-02
      4120  1.604432E-02
      4121  1.808248E-01
      4122  1.115998E-01
      4123  1.692849E-01
      4124  3.134222E-02
      4125  2.704801E-02
      4126  1.216156E-02
      4127  1.547877E-02
      4128  2.217123E-02
      4129  1.435548E-02
      4130  1.494560E-02
      4131  1.451983E-02
      4132  1.481057E-01
      4133  1.076069E-01
      4134  1.450078E-01
      4135  2.493709E-01
      4136  3.477466E-01
      4137  2.474634E-01
      4138  3.463361E-01
      4139  1.992895E-01
      4140  2.862125E-01
      4141  2.123322E-01
      4142  3.155290E-01
      4143  1.056773E-01
      4144  1.628589E-01
      4145  1.030786E-01
      4146  1.590651E-01
      4147  9.843802E-02
      4148  1.414568E-01
      4149  9.630521E-02
      4150  1.389738E-01
      4151  2.409197E-01
      4152  3.382909E-01
      4153  2.370379E-01
      4154  3.351466E-01
      4155  2.164575E-01
      4156  3.264685E-01
      4157  2.145423E-01
      4158  3.260505E-01
      4159  1.011267E-01
      4160  1.574420E-01
      4161  9.901810E-02
      4162  1.560974E-01
      4163  9.609599E-02
      4164  1.334988E-01
      4165  8.213104E-02
      4166  1.213926E-01
      4167  2.370039E-01
      4168  3.381210E-01
      4169  2.383588E-01
      4170  3.448115E-01
      4171  2.074059E-01
      4172  3.197942E-01
      4173  1.901181E-01
      4174  2.898544E-01
      4175  9.750005E-02
      4176  1.547027E-01
      4177  9.553259E-02
      4178  1.532403E-01
      4179  7.502691E-02
      4180  1.159783E-01
      4181  7.127530E-02
      4182  1.157244E-01
      4183  2.391239E-01
      4184  3.504882E-01
      4185  2.388118E-01
      4186  3.530387E-01
      4187  1.827811E-01
      4188  2.763893E-01
      4189  1.827224E-01
      4190  2.719265E-01
      4191  1.728933E-01
      4192  1.507379E-01
      4193  1.729733E-01
      4194  1.501898E-01
      4195  1.282120E-01
      4196  1.195701E-01
      4197  1.281750E-01
      4198  1.213869E-01
      4199  1.317097E-01
      4200  1.164506E-01
      4201  1.300823E-01
      4202  1.152417E-01
      4203  1.106931E-01
      4204  9.968886E-02
      4205  1.140330E-01
      4206  1.007099E-01
      4207  1.730343E-01
      4208  1.493554E-01
      4209  1.729904E-01
      4210  1.490899E-01
      4211  1.282110E-01
      4212  1.225230E-01
      4213  1.282987E-01
      4214  1.226466E-01
      4215  9.185860E-01
      4216  8.972745E-02
      4217  7.808394E-02
      4218  8.973703E-02
      4219  7.775435E-02
      4220  6.233117E-02
      4221  5.896405E-02
      4222  6.233209E-02
      4223  5.994999E-02
      4224  6.873324E-02
      4225  6.215934E-02
      4226  6.767403E-02
      4227  6.119572E-02
      4228  5.589947E-02
      4229  5.203372E-02
      4230  5.778024E-02
      4231  5.247699E-02
      4232  8.974545E-02
      4233  7.714017E-02
      4234  8.970262E-02
      4235  7.694880E-02
      4236  6.235828E-02
      4237  6.050475E-02
      4238  6.241303E-02
      4239  6.056266E-02
      4240  4.757791E-01
      4241  7.346560E-01
      4242  5.881374E-01
      4243  7.348874E-01
      4244  5.877216E-01
      4245  4.001574E-01
      4246  3.368796E-01
      4247  4.002018E-01
      4248  3.366094E-01
      4249  4.718548E-01
      4250  3.839565E-01
      4251  4.715251E-01
      4252  3.835622E-01
      4253  2.875468E-01
      4254  2.476757E-01
      4255  2.873852E-01
      4256  2.475004E-01
      4257  3.221151E-01
      4258  2.848564E-01
      4259  3.217009E-01
      4260  2.840041E-01
      4261  2.145125E-01
      4262  1.873832E-01
      4263  2.144030E-01
      4264  1.870874E-01
      4265  2.683776E-01
      4266  4.437805E-02
      4267  6.364191E-02
      4268  4.426133E-02
      4269  5.190971E-02
      4270  2.070600E-02
      4271  3.669540E-02
      4272  2.041000E-02
      4273  2.725049E-02
      4274  2.706403E-01
      4275  2.502211E-01
      4276  1.666529E-01
      4277  2.662920E-02
      4278  4.235810E-02
      4279  2.674043E-02
      4280  3.258650E-02
      4281  1.089726E-02
      4282  1.970855E-02
      4283  1.085758E-02
      4284  1.426286E-02
      4285  1.675636E-01
      4286  1.430054E-01
      4287  1.729904E-01
      4288  1.490899E-01
      4289  1.730343E-01
      4290  1.493554E-01
      4291  1.282987E-01
      4292  1.226466E-01
      4293  1.282110E-01
      4294  1.225230E-01
      4295  9.185860E-01
      4296  1.729733E-01
      4297  1.501898E-01
      4298  1.728933E-01
      4299  1.507379E-01
      4300  1.281750E-01
      4301  1.213869E-01
      4302  1.282120E-01
      4303  1.195701E-01
      4304  1.300823E-01
      4305  1.152417E-01
      4306  1.317097E-01
      4307  1.164506E-01
      4308  1.140330E-01
      4309  1.007099E-01
      4310  1.106931E-01
      4311  9.968886E-02
      4312  8.970262E-02
      4313  7.694880E-02
      4314  8.974545E-02
      4315  7.714017E-02
      4316  6.241303E-02
      4317  6.056266E-02
      4318  6.235828E-02
      4319  6.050475E-02
      4320  4.757791E-01
      4321  8.973703E-02
      4322  7.775435E-02
      4323  8.972745E-02
      4324  7.808394E-02
      4325  6.233209E-02
      4326  5.994999E-02
      4327  6.233117E-02
      4328  5.896405E-02
      4329  6.767403E-02
      4330  6.119572E-02
      4331  6.873324E-02
      4332  6.215934E-02
      4333  5.778024E-02
      4334  5.247699E-02
      4335  5.589947E-02
      4336  5.203372E-02
      4337  7.348874E-01
      4338  5.877216E-01
      4339  7.346560E-01
      4340  5.881374E-01
      4341  4.002018E-01
      4342  3.366094E-01
      4343  4.001574E-01
      4344  3.368796E-01
      4345  4.715251E-01
      4346  3.835622E-01
      4347  4.718548E-01
      4348  3.839565E-01
      4349  2.873852E-01
      4350  2.475004E-01
      4351  2.875468E-01
      4352  2.476757E-01
      4353  3.217009E-01
      4354  2.840041E-01
      4355  3.221151E-01
      4356  2.848564E-01
      4357  2.144030E-01
      4358  1.870874E-01
      4359  2.145125E-01
      4360  1.873832E-01
      4361  2.706403E-01
      4362  2.502211E-01
      4363  2.683776E-01
      4364  4.426133E-02
      4365  5.190971E-02
      4366  4.437805E-02
      4367  6.364191E-02
      4368  2.041000E-02
      4369  2.725049E-02
      4370  2.070600E-02
      4371  3.669540E-02
      4372  1.675636E-01
      4373  1.430054E-01
      4374  1.666529E-01
      4375  2.674043E-02
      4376  3.258650E-02
      4377  2.662920E-02
      4378  4.235810E-02
      4379  1.085758E-02
      4380  1.426286E-02
      4381  1.089726E-02
      4382  1.970855E-02
      4383  4.172129E-02
      4384  6.703263E-02
      4385  4.275988E-02
      4386  6.799665E-02
      4387  3.471997E-02
      4388  4.250292E-02
      4389  4.815220E-02
      4390  4.904901E-02
      4391  1.008625E-01
      4392  1.432843E-01
      4393  1.001929E-01
      4394  1.389297E-01
      4395  6.604076E-02
      4396  1.065339E-01
      4397  6.855374E-02
      4398  1.056200E-01
      4399  4.887015E-02
      4400  7.666413E-02
      4401  7.727166E-02
      4402  9.039115E-02
      4403  5.980365E-02
      4404  6.370711E-02
      4405  8.840886E-02
      4406  8.704458E-02
      4407  1.049505E-01
      4408  1.344669E-01
      4409  1.134400E-01
      4410  1.444669E-01
      4411  7.949625E-02
      4412  1.037735E-01
      4413  9.996869E-02
      4414  1.281011E-01
      4415  6.626054E-01
      4416  8.914059E-01
      4417  1.009936E-01
      4418  1.146200E-01
      4419  1.399359E-02
      4420  1.598782E-02
      4421  4.120217E-02
      4422  2.883237E-02
      4423  1.358198E-02
      4424  1.149555E-02
      4425  3.166491E-02
      4426  1.825704E-02
      4427  1.223888E-01
      4428  8.168416E-02
      4429  9.285178E-02
      4430  1.136253E-01
      4431  7.269005E-02
      4432  1.259658E-01
      4433  1.380906E-01
      4434  1.183470E-01
      4435  1.311742E-01
      4436  1.052886E-01
      4437  1.240526E-01
      4438  7.511773E-02
      4439  9.482210E-02
      4440  7.837324E-02
      4441  4.265379E-02
      4442  7.113014E-02
      4443  4.210431E-02
      4444  4.151095E-02
      4445  2.052752E-02
      4446  3.727113E-02
      4447  1.959561E-02
      4448  3.929307E-02
      4449  4.911397E-02
      4450  3.835426E-02
      4451  4.939476E-02
      4452  2.102478E-02
      4453  3.194191E-02
      4454  1.972511E-02
      4455  3.110993E-02
      4456  7.113014E-02
      4457  4.210431E-02
      4458  7.837324E-02
      4459  4.265379E-02
      4460  3.727113E-02
      4461  1.959561E-02
      4462  4.151095E-02
      4463  2.052752E-02
      4464  3.835426E-02
      4465  4.939476E-02
      4466  3.929307E-02
      4467  4.911397E-02
      4468  1.972511E-02
      4469  3.110993E-02
      4470  2.102478E-02
      4471  3.194191E-02
      4472  4.120217E-02
      4473  2.883237E-02
      4474  1.399359E-02
      4475  1.598782E-02
      4476  3.166491E-02
      4477  1.825704E-02
      4478  1.358198E-02
      4479  1.149555E-02
      4480  1.223888E-01
      4481  1.009936E-01
      4482  1.146200E-01
      4483  1.136253E-01
      4484  7.269005E-02
      4485  8.168416E-02
      4486  9.285178E-02
      4487  1.183470E-01
      4488  1.311742E-01
      4489  1.259658E-01
      4490  1.380906E-01
      4491  7.511773E-02
      4492  9.482210E-02
      4493  1.052886E-01
      4494  1.240526E-01
      4495  6.626054E-01
      4496  8.914059E-01
      4497  7.727166E-02
      4498  9.039115E-02
      4499  4.887015E-02
      4500  7.666413E-02
      4501  8.840886E-02
      4502  8.704458E-02
      4503  5.980365E-02
      4504  6.370711E-02
      4505  1.134400E-01
      4506  1.444669E-01
      4507  1.049505E-01
      4508  1.344669E-01
      4509  9.996869E-02
      4510  1.281011E-01
      4511  7.949625E-02
      4512  1.037735E-01
      4513  4.275988E-02
      4514  6.799665E-02
      4515  4.172129E-02
      4516  6.703263E-02
      4517  4.815220E-02
      4518  4.904901E-02
      4519  3.471997E-02
      4520  4.250292E-02
      4521  1.001929E-01
      4522  1.389297E-01
      4523  1.008625E-01
      4524  1.432843E-01
      4525  6.855374E-02
      4526  1.056200E-01
      4527  6.604076E-02
      4528  1.065339E-01
      4529  3.769277E-02
      4530  3.346139E-02
      4531  3.767722E-02
      4532  3.361126E-02
      4533  1.357153E-02
      4534  1.381463E-02
      4535  1.356159E-02
      4536  1.381308E-02
      4537  2.937939E-02
      4538  2.508128E-02
      4539  2.912138E-02
      4540  2.453982E-02
      4541  1.477880E-02
      4542  1.741297E-02
      4543  1.481905E-02
      4544  1.773923E-02
      4545  3.767725E-02
      4546  3.367546E-02
      4547  3.768576E-02
      4548  3.363066E-02
      4549  1.355446E-02
      4550  1.380365E-02
      4551  1.354989E-02
      4552  1.379745E-02
      4553  2.870064E-02
      4554  2.405232E-02
      4555  2.869246E-02
      4556  2.404075E-02
      4557  1.484626E-02
      4558  1.793851E-02
      4559  1.485395E-02
      4560  1.792051E-02
      4561  4.096956E-03
      4562  4.221911E-03
      4563  4.084534E-03
      4564  4.212830E-03
      4565  5.759644E-04
      4566  8.044218E-04
      4567  5.716750E-04
      4568  7.912548E-04
      4569  4.418954E-03
      4570  4.905809E-03
      4571  4.409548E-03
      4572  4.723203E-03
      4573  1.305692E-03
      4574  2.188970E-03
      4575  1.289765E-03
      4576  2.401148E-03
      4577  4.076870E-03
      4578  4.207363E-03
      4579  4.072936E-03
      4580  4.206681E-03
      4581  5.685415E-04
      4582  7.841530E-04
      4583  5.670575E-04
      4584  7.802230E-04
      4585  4.397990E-03
      4586  4.485273E-03
      4587  4.366401E-03
      4588  4.475092E-03
      4589  1.290103E-03
      4590  2.495857E-03
      4591  1.299234E-03
      4592  2.500273E-03
      4593  1.792167E-01
      4594  1.876559E-01
      4595  1.793378E-01
      4596  1.872655E-01
      4597  4.593482E-03
      4598  4.663502E-03
      4599  4.640886E-03
      4600  4.636720E-03
      4601  3.295642E-03
      4602  4.127993E-03
      4603  3.749485E-03
      4604  4.001522E-03
      4605  5.183822E-02
      4606  3.400416E-02
      4607  5.176191E-02
      4608  1.984178E-01
      4609  2.082164E-01
      4610  1.980407E-01
      4611  2.078155E-01
      4612  7.573896E-02
      4613  1.060833E-01
      4614  7.529237E-02
      4615  1.055552E-01
      4616  2.139016E-01
      4617  2.132203E-01
      4618  2.135265E-01
      4619  2.126104E-01
      4620  1.439699E-01
      4621  1.901259E-01
      4622  1.429463E-01
      4623  1.891491E-01
      4624  2.023495E-01
      4625  2.867401E-02
      4626  4.057333E-02
      4627  2.862547E-02
      4628  3.304691E-02
      4629  1.688922E-02
      4630  2.705721E-02
      4631  1.653915E-02
      4632  2.133806E-02
      4633  2.047547E-01
      4634  1.764790E-01
      4635  2.399027E-02
      4636  2.601434E-02
      4637  2.338834E-02
      4638  2.578358E-02
      4639  3.335662E-02
      4640  3.663504E-02
      4641  3.508893E-02
      4642  3.800571E-02
      4643  2.784828E-02
      4644  5.134204E-02
      4645  3.003103E-02
      4646  3.368590E-02
      4647  4.310818E-02
      4648  1.085572E-01
      4649  4.761656E-02
      4650  5.772167E-02
      4651  2.489502E-01
      4652  2.957998E-02
      4653  2.449345E-02
      4654  2.808585E-02
      4655  2.260316E-02
      4656  4.507972E-02
      4657  4.277828E-02
      4658  4.317666E-02
      4659  3.675293E-02
      4660  3.768576E-02
      4661  3.363066E-02
      4662  3.767725E-02
      4663  3.367546E-02
      4664  1.354989E-02
      4665  1.379745E-02
      4666  1.355446E-02
      4667  1.380365E-02
      4668  2.869246E-02
      4669  2.404075E-02
      4670  2.870064E-02
      4671  2.405232E-02
      4672  1.485395E-02
      4673  1.792051E-02
      4674  1.484626E-02
      4675  1.793851E-02
      4676  3.767722E-02
      4677  3.361126E-02
      4678  3.769277E-02
      4679  3.346139E-02
      4680  1.356159E-02
      4681  1.381308E-02
      4682  1.357153E-02
      4683  1.381463E-02
      4684  2.912138E-02
      4685  2.453982E-02
      4686  2.937939E-02
      4687  2.508128E-02
      4688  1.481905E-02
      4689  1.773923E-02
      4690  1.477880E-02
      4691  1.741297E-02
      4692  4.072936E-03
      4693  4.206681E-03
      4694  4.076870E-03
      4695  4.207363E-03
      4696  5.670575E-04
      4697  7.802230E-04
      4698  5.685415E-04
      4699  7.841530E-04
      4700  4.366401E-03
      4701  4.475092E-03
      4702  4.397990E-03
      4703  4.485273E-03
      4704  1.299234E-03
      4705  2.500273E-03
      4706  1.290103E-03
      4707  2.495857E-03
      4708  4.084534E-03
      4709  4.212830E-03
      4710  4.096956E-03
      4711  4.221911E-03
      4712  5.716750E-04
      4713  7.912548E-04
      4714  5.759644E-04
      4715  8.044218E-04
      4716  4.409548E-03
      4717  4.723203E-03
      4718  4.418954E-03
      4719  4.905809E-03
      4720  1.289765E-03
      4721  2.401148E-03
      4722  1.305692E-03
      4723  2.188970E-03
      4724  1.793378E-01
      4725  1.872655E-01
      4726  1.792167E-01
      4727  1.876559E-01
      4728  3.400416E-02
      4729  5.176191E-02
      4730  4.640886E-03
      4731  4.636720E-03
      4732  4.593482E-03
      4733  4.663502E-03
      4734  3.749485E-03
      4735  4.001522E-03
      4736  3.295642E-03
      4737  4.127993E-03
      4738  5.183822E-02
      4739  1.980407E-01
      4740  2.078155E-01
      4741  1.984178E-01
      4742  2.082164E-01
      4743  7.529237E-02
      4744  1.055552E-01
      4745  7.573896E-02
      4746  1.060833E-01
      4747  2.135265E-01
      4748  2.126104E-01
      4749  2.139016E-01
      4750  2.132203E-01
      4751  1.429463E-01
      4752  1.891491E-01
      4753  1.439699E-01
      4754  1.901259E-01
      4755  2.047547E-01
      4756  1.764790E-01
      4757  2.023495E-01
      4758  2.862547E-02
      4759  3.304691E-02
      4760  2.867401E-02
      4761  4.057333E-02
      4762  1.653915E-02
      4763  2.133806E-02
      4764  1.688922E-02
      4765  2.705721E-02
      4766  2.489502E-01
      4767  2.808585E-02
      4768  2.260316E-02
      4769  2.957998E-02
      4770  2.449345E-02
      4771  4.317666E-02
      4772  3.675293E-02
      4773  4.507972E-02
      4774  4.277828E-02
      4775  2.338834E-02
      4776  2.578358E-02
      4777  2.399027E-02
      4778  2.601434E-02
      4779  3.508893E-02
      4780  3.800571E-02
      4781  3.335662E-02
      4782  3.663504E-02
      4783  3.003103E-02
      4784  3.368590E-02
      4785  2.784828E-02
      4786  5.134204E-02
      4787  4.761656E-02
      4788  5.772167E-02
      4789  4.310818E-02
      4790  1.085572E-01
      4791  5.293745E-02
      4792  5.161804E-02
      4793  8.107582E-02
      4794  5.385774E-02
      4795  8.650219E-03
      4796  8.958404E-03
      4797  1.121373E-02
      4798  8.282303E-03
      4799  1.466707E-03
      4800  2.541266E-03
      4801  6.113882E-03
      4802  3.421393E-03
      4803  1.130167E-02
      4804  1.200436E-02
      4805  8.671279E-03
      4806  8.550592E-03
      4807  4.540833E-03
      4808  6.922133E-03
      4809  3.338689E-03
      4810  3.735795E-03
      4811  6.357255E-02
      4812  3.628379E-02
      4813  6.893567E-02
      4814  1.036196E-01
      4815  6.701521E-02
      4816  1.203596E-01
      4817  1.211415E-02
      4818  1.150152E-02
      4819  8.863149E-03
      4820  9.558248E-03
      4821  9.389306E-03
      4822  1.206867E-02
      4823  4.661038E-03
      4824  5.881553E-03
      4825  1.003204E-02
      4826  1.071179E-02
      4827  1.014566E-02
      4828  1.439447E-02
      4829  1.525248E-02
      4830  1.859000E-02
      4831  7.354878E-03
      4832  1.344658E-02
      4833  3.765820E-02
      4834  7.191955E-02
      4835  9.989242E-02
      4836  6.356571E-02
      4837  1.325527E-01
      4838  7.715588E-02
      4839  7.150248E-02
      4840  3.397115E-02
      4841  7.959706E-02
      4842  3.638534E-02
      4843  7.225495E-02
      4844  1.278839E-01
      4845  8.033647E-02
      4846  1.424233E-01
      4847  3.149537E-02
      4848  6.525874E-02
      4849  3.194865E-02
      4850  6.540424E-02
      4851  1.189090E-01
      4852  6.939520E-02
      4853  1.185164E-01
      4854  6.792684E-02
      4855  1.013123E-01
      4856  4.515863E-02
      4857  1.353328E-01
      4858  5.791195E-02
      4859  7.401505E-02
      4860  1.290799E-01
      4861  7.284068E-02
      4862  1.297147E-01
      4863  4.004499E-02
      4864  8.420473E-02
      4865  5.694048E-02
      4866  1.306726E-01
      4867  1.343656E-01
      4868  6.984483E-02
      4869  1.804206E-02
      4870  1.350327E-02
      4871  2.997837E-02
      4872  1.874981E-02
      4873  2.627904E-02
      4874  1.529138E-02
      4875  3.971564E-02
      4876  1.657416E-02
      4877  1.039878E-02
      4878  8.423952E-03
      4879  1.112733E-02
      4880  9.642928E-03
      4881  8.406558E-03
      4882  5.753594E-03
      4883  6.676263E-03
      4884  4.668351E-03
      4885  1.880319E-01
      4886  8.875994E-02
      4887  3.341142E-02
      4888  1.937432E-02
      4889  7.643655E-02
      4890  2.904905E-02
      4891  5.135314E-02
      4892  3.466293E-02
      4893  1.457094E-01
      4894  6.269335E-02
      4895  1.386526E-01
      4896  7.597202E-02
      4897  1.494438E-01
      4898  8.367230E-03
      4899  1.003025E-02
      4900  8.336040E-03
      4901  9.977360E-03
      4902  6.343718E-03
      4903  9.561400E-03
      4904  5.721631E-03
      4905  9.219095E-03
      4906  1.292971E-02
      4907  1.731017E-02
      4908  1.184407E-02
      4909  1.555015E-02
      4910  1.413279E-02
      4911  2.189747E-02
      4912  1.358343E-02
      4913  2.038533E-02
      4914  9.430162E-02
      4915  2.268343E-01
      4916  1.524925E-01
      4917  1.900652E-02
      4918  3.227133E-02
      4919  2.116087E-02
      4920  3.868872E-02
      4921  4.629534E-02
      4922  7.327192E-02
      4923  6.549994E-02
      4924  1.002357E-01
      4925  5.368212E-02
      4926  2.195210E-02
      4927  4.889530E-02
      4928  2.164680E-02
      4929  1.517544E-02
      4930  8.227391E-03
      4931  1.326407E-02
      4932  9.049186E-03
      4933  2.888483E-02
      4934  1.495876E-02
      4935  2.102194E-02
      4936  1.345735E-02
      4937  3.066824E-03
      4938  2.177762E-03
      4939  2.990285E-03
      4940  2.290475E-03
      4941  9.117929E-03
      4942  8.259630E-03
      4943  8.204243E-03
      4944  8.264047E-03
      4945  8.463551E-02
      4946  4.278858E-02
      4947  2.129967E-02
      4948  4.280500E-02
      4949  2.043512E-02
      4950  4.339042E-02
      4951  2.315516E-03
      4952  4.459231E-03
      4953  2.362172E-03
      4954  4.814100E-03
      4955  1.108666E-02
      4956  1.805611E-02
      4957  1.195586E-02
      4958  1.944524E-02
      4959  7.725499E-03
      4960  1.566025E-02
      4961  9.553855E-03
      4962  1.632797E-02
      4963  3.102222E-02
      4964  4.821536E-02
      4965  3.070425E-02
      4966  5.061452E-02
      4967  7.740343E-02
      4968  1.965551E-01
      4969  4.889530E-02
      4970  2.164680E-02
      4971  5.368212E-02
      4972  2.195210E-02
      4973  8.463551E-02
      4974  4.278858E-02
      4975  1.326407E-02
      4976  9.049186E-03
      4977  1.517544E-02
      4978  8.227391E-03
      4979  2.102194E-02
      4980  1.345735E-02
      4981  2.888483E-02
      4982  1.495876E-02
      4983  2.990285E-03
      4984  2.290475E-03
      4985  3.066824E-03
      4986  2.177762E-03
      4987  8.204243E-03
      4988  8.264047E-03
      4989  9.117929E-03
      4990  8.259630E-03
      4991  2.043512E-02
      4992  4.339042E-02
      4993  2.129967E-02
      4994  4.280500E-02
      4995  7.740343E-02
      4996  1.965551E-01
      4997  2.362172E-03
      4998  4.814100E-03
      4999  2.315516E-03
      5000  4.459231E-03
      5001  1.195586E-02
      5002  1.944524E-02
      5003  1.108666E-02
      5004  1.805611E-02
      5005  9.553855E-03
      5006  1.632797E-02
      5007  7.725499E-03
      5008  1.566025E-02
      5009  3.070425E-02
      5010  5.061452E-02
      5011  3.102222E-02
      5012  4.821536E-02
      5013  2.997837E-02
      5014  1.874981E-02
      5015  1.804206E-02
      5016  1.350327E-02
      5017  3.971564E-02
      5018  1.657416E-02
      5019  2.627904E-02
      5020  1.529138E-02
      5021  1.112733E-02
      5022  9.642928E-03
      5023  1.039878E-02
      5024  8.423952E-03
      5025  6.676263E-03
      5026  4.668351E-03
      5027  8.406558E-03
      5028  5.753594E-03
      5029  1.343656E-01
      5030  6.984483E-02
      5031  7.643655E-02
      5032  2.904905E-02
      5033  3.341142E-02
      5034  1.937432E-02
      5035  1.457094E-01
      5036  6.269335E-02
      5037  5.135314E-02
      5038  3.466293E-02
      5039  1.386526E-01
      5040  1.880319E-01
      5041  8.875994E-02
      5042  8.336040E-03
      5043  9.977360E-03
      5044  8.367230E-03
      5045  1.003025E-02
      5046  5.721631E-03
      5047  9.219095E-03
      5048  6.343718E-03
      5049  9.561400E-03
      5050  1.184407E-02
      5051  1.555015E-02
      5052  1.292971E-02
      5053  1.731017E-02
      5054  1.358343E-02
      5055  2.038533E-02
      5056  1.413279E-02
      5057  2.189747E-02
      5058  7.597202E-02
      5059  1.494438E-01
      5060  1.524925E-01
      5061  2.116087E-02
      5062  3.868872E-02
      5063  1.900652E-02
      5064  3.227133E-02
      5065  6.549994E-02
      5066  1.002357E-01
      5067  4.629534E-02
      5068  7.327192E-02
      5069  9.430162E-02
      5070  2.268343E-01
      5071  1.185164E-01
      5072  6.792684E-02
      5073  1.189090E-01
      5074  6.939520E-02
      5075  1.353328E-01
      5076  5.791195E-02
      5077  1.013123E-01
      5078  4.515863E-02
      5079  7.284068E-02
      5080  1.297147E-01
      5081  7.401505E-02
      5082  1.290799E-01
      5083  5.694048E-02
      5084  1.306726E-01
      5085  4.004499E-02
      5086  8.420473E-02
      5087  1.325527E-01
      5088  7.715588E-02
      5089  9.989242E-02
      5090  6.356571E-02
      5091  7.959706E-02
      5092  3.638534E-02
      5093  7.150248E-02
      5094  3.397115E-02
      5095  8.033647E-02
      5096  1.424233E-01
      5097  7.225495E-02
      5098  1.278839E-01
      5099  3.194865E-02
      5100  6.540424E-02
      5101  3.149537E-02
      5102  6.525874E-02
      5103  8.107582E-02
      5104  5.385774E-02
      5105  5.293745E-02
      5106  5.161804E-02
      5107  6.357255E-02
      5108  3.628379E-02
      5109  1.121373E-02
      5110  8.282303E-03
      5111  8.650219E-03
      5112  8.958404E-03
      5113  6.113882E-03
      5114  3.421393E-03
      5115  1.466707E-03
      5116  2.541266E-03
      5117  8.671279E-03
      5118  8.550592E-03
      5119  1.130167E-02
      5120  1.200436E-02
      5121  3.338689E-03
      5122  3.735795E-03
      5123  4.540833E-03
      5124  6.922133E-03
      5125  6.701521E-02
      5126  1.203596E-01
      5127  6.893567E-02
      5128  1.036196E-01
      5129  3.765820E-02
      5130  7.191955E-02
      5131  8.863149E-03
      5132  9.558248E-03
      5133  1.211415E-02
      5134  1.150152E-02
      5135  4.661038E-03
      5136  5.881553E-03
      5137  9.389306E-03
      5138  1.206867E-02
      5139  1.014566E-02
      5140  1.439447E-02
      5141  1.003204E-02
      5142  1.071179E-02
      5143  7.354878E-03
      5144  1.344658E-02
      5145  1.525248E-02
      5146  1.859000E-02
