    1C
    1UNormalized cross-passage space-truss torsion benchmark            
    1UUSER                                                              
    1UDATE              06.august.2026                                  
    1UTIME              08:14:17                                        
    1UHOST                                                              
    1UPGM               CalculiX                                        
    1UVERSION           Version 2.21                             
    1UCOMPILETIME       Sat Jul 29 10:52:01 CEST 2023                    
    1UDIR                                                               
    1UDBN                                                               
    1UMAT    1STEEL                                                     
    2C                          1288                                     1
 -1       273-1.19367E+00 6.68727E-04-3.54900E-02
 -1       274-1.23018E+00 3.53488E-03-1.94017E-02
 -1       275-1.20633E+00-6.68727E-04 3.54900E-02
 -1       276-1.16982E+00-3.53488E-03 1.94017E-02
 -1       281-1.20145E+00-3.41225E-02-1.15569E-02
 -1       282-1.20010E+00-2.46574E-03-3.59709E-02
 -1       283-1.19855E+00 3.41225E-02 1.15569E-02
 -1       284-1.19990E+00 2.46574E-03 3.59709E-02
 -1       289-1.23365E+00-1.29325E-02 5.48678E-04
 -1       290-1.20099E+00-3.60094E-02 1.52775E-03
 -1       291-1.16635E+00 1.29325E-02-5.48678E-04
 -1       292-1.19901E+00 3.60094E-02-1.52775E-03
 -1       323 1.20169E+00 2.55776E-03-3.59247E-02
 -1       324 1.16755E+00-2.01590E-03-1.55921E-02
 -1       325 1.19831E+00-2.55776E-03 3.59247E-02
 -1       326 1.23245E+00 2.01590E-03 1.55921E-02
 -1       331 1.20143E+00-3.37965E-02-1.24797E-02
 -1       332 1.20006E+00-1.48932E-03-3.60247E-02
 -1       333 1.19857E+00 3.37965E-02 1.24797E-02
 -1       334 1.19994E+00 1.48932E-03 3.60247E-02
 -1       339 1.16707E+00-1.46725E-02-6.22501E-04
 -1       340 1.20089E+00-3.60121E-02-1.52786E-03
 -1       341 1.23293E+00 1.46725E-02 6.22501E-04
 -1       342 1.19911E+00 3.60121E-02 1.52786E-03
 -1       373-1.19289E+00-3.02042E-03 1.96478E+00
 -1       374-1.22975E+00 1.44577E-03 1.97968E+00
 -1       375-1.20711E+00 3.02042E-03 2.03522E+00
 -1       376-1.17025E+00-1.44577E-03 2.02032E+00
 -1       381-1.19857E+00-3.37965E-02 1.98752E+00
 -1       382-1.19994E+00-1.48932E-03 1.96398E+00
 -1       383-1.20143E+00 3.37965E-02 2.01248E+00
 -1       384-1.20006E+00 1.48932E-03 2.03602E+00
 -1       389-1.23293E+00-1.46725E-02 1.99938E+00
 -1       390-1.19911E+00-3.60121E-02 1.99847E+00
 -1       391-1.16707E+00 1.46725E-02 2.00062E+00
 -1       392-1.20089E+00 3.60121E-02 2.00153E+00
 -1       423 1.20308E+00-9.89505E-04 1.96409E+00
 -1       424 1.16817E+00-3.58837E-03 1.98345E+00
 -1       425 1.19692E+00 9.89505E-04 2.03591E+00
 -1       426 1.23183E+00 3.58837E-03 2.01655E+00
 -1       431 1.19855E+00-3.41225E-02 1.98844E+00
 -1       432 1.19990E+00-2.46574E-03 1.96403E+00
 -1       433 1.20145E+00 3.41225E-02 2.01156E+00
 -1       434 1.20010E+00 2.46574E-03 2.03597E+00
 -1       439 1.16635E+00-1.29325E-02 2.00055E+00
 -1       440 1.19901E+00-3.60094E-02 2.00153E+00
 -1       441 1.23365E+00 1.29325E-02 1.99945E+00
 -1       442 1.20099E+00 3.60094E-02 1.99847E+00
 -1       473-1.19617E+00 9.99949E+00-3.58483E-02
 -1       474-1.23160E+00 9.99848E+00-1.72992E-02
 -1       475-1.20383E+00 1.00005E+01 3.58483E-02
 -1       476-1.16840E+00 1.00015E+01 1.72992E-02
 -1       481-1.20157E+00 9.96587E+00-1.15220E-02
 -1       482-1.20011E+00 9.99750E+00-3.59684E-02
 -1       483-1.19843E+00 1.00341E+01 1.15220E-02
 -1       484-1.19989E+00 1.00025E+01 3.59684E-02
 -1       489-1.23368E+00 9.98715E+00 5.90072E-04
 -1       490-1.20108E+00 9.96400E+00 1.65325E-03
 -1       491-1.16632E+00 1.00128E+01-5.90072E-04
 -1       492-1.19892E+00 1.00360E+01-1.65325E-03
 -1       497-1.19208E+00 9.99805E+00-3.51203E-02
 -1       498-1.22908E+00 1.00036E+01-2.09992E-02
 -1       499-1.20792E+00 1.00019E+01 3.51203E-02
 -1       500-1.17092E+00 9.99637E+00 2.09992E-02
 -1       539 1.20435E+00 9.99952E+00-3.57886E-02
 -1       540 1.16864E+00 9.99926E+00-1.77748E-02
 -1       541 1.19565E+00 1.00005E+01 3.57886E-02
 -1       542 1.23136E+00 1.00007E+01 1.77748E-02
 -1       547 1.20155E+00 9.96622E+00-1.25208E-02
 -1       548 1.20007E+00 9.99855E+00-3.60265E-02
 -1       549 1.19845E+00 1.00338E+01 1.25208E-02
 -1       550 1.19993E+00 1.00014E+01 3.60265E-02
 -1       555 1.16710E+00 9.98527E+00-6.76580E-04
 -1       556 1.20096E+00 9.96399E+00-1.65341E-03
 -1       557 1.23290E+00 1.00147E+01 6.76580E-04
 -1       558 1.19904E+00 1.00360E+01 1.65341E-03
 -1       589-1.19664E+00 1.00008E+01 1.96411E+00
 -1       590-1.23182E+00 9.99909E+00 1.98307E+00
 -1       591-1.20336E+00 9.99922E+00 2.03589E+00
 -1       592-1.16818E+00 1.00009E+01 2.01693E+00
 -1       597-1.19845E+00 9.96622E+00 1.98748E+00
 -1       598-1.19993E+00 9.99855E+00 1.96397E+00
 -1       599-1.20155E+00 1.00338E+01 2.01252E+00
 -1       600-1.20007E+00 1.00014E+01 2.03603E+00
 -1       605-1.23290E+00 9.98527E+00 1.99932E+00
 -1       606-1.19904E+00 9.96399E+00 1.99835E+00
 -1       607-1.16710E+00 1.00147E+01 2.00068E+00
 -1       608-1.20096E+00 1.00360E+01 2.00165E+00
 -1       613-1.19289E+00 9.99698E+00 1.96478E+00
 -1       614-1.22975E+00 1.00014E+01 1.97968E+00
 -1       615-1.20711E+00 1.00030E+01 2.03522E+00
 -1       616-1.17025E+00 9.99855E+00 2.02032E+00
 -1       655 1.20399E+00 1.00006E+01 1.96417E+00
 -1       656 1.16846E+00 9.99979E+00 1.98253E+00
 -1       657 1.19601E+00 9.99939E+00 2.03583E+00
 -1       658 1.23154E+00 1.00002E+01 2.01747E+00
 -1       663 1.19843E+00 9.96587E+00 1.98848E+00
 -1       664 1.19989E+00 9.99750E+00 1.96403E+00
 -1       665 1.20157E+00 1.00341E+01 2.01152E+00
 -1       666 1.20011E+00 1.00025E+01 2.03597E+00
 -1       671 1.16632E+00 9.98715E+00 2.00059E+00
 -1       672 1.19892E+00 9.96400E+00 2.00165E+00
 -1       673 1.23368E+00 1.00128E+01 1.99941E+00
 -1       674 1.20108E+00 1.00360E+01 1.99835E+00
 -1       705-1.19532E+00 1.99998E+01-3.57504E-02
 -1       706-1.23120E+00 2.00001E+01-1.80678E-02
 -1       707-1.20468E+00 2.00002E+01 3.57504E-02
 -1       708-1.16880E+00 1.99999E+01 1.80678E-02
 -1       713-1.20102E+00 1.99659E+01-1.16828E-02
 -1       714-1.20007E+00 1.99977E+01-3.59798E-02
 -1       715-1.19898E+00 2.00341E+01 1.16828E-02
 -1       716-1.19993E+00 2.00023E+01 3.59798E-02
 -1       721-1.23354E+00 1.99868E+01 3.96605E-04
 -1       722-1.20069E+00 1.99640E+01 1.08098E-03
 -1       723-1.16646E+00 2.00132E+01-3.96605E-04
 -1       724-1.19931E+00 2.00360E+01-1.08098E-03
 -1       755 1.20441E+00 1.99997E+01-3.57830E-02
 -1       756 1.16867E+00 1.99996E+01-1.78328E-02
 -1       757 1.19559E+00 2.00003E+01 3.57830E-02
 -1       758 1.23133E+00 2.00004E+01 1.78328E-02
 -1       763 1.20102E+00 1.99661E+01-1.23355E-02
 -1       764 1.20005E+00 1.99984E+01-3.60180E-02
 -1       765 1.19898E+00 2.00339E+01 1.23355E-02
 -1       766 1.19995E+00 2.00016E+01 3.60180E-02
 -1       771 1.16697E+00 1.99855E+01-4.33494E-04
 -1       772 1.20064E+00 1.99640E+01-1.08101E-03
 -1       773 1.23303E+00 2.00145E+01 4.33494E-04
 -1       774 1.19936E+00 2.00360E+01 1.08101E-03
 -1       805-1.19550E+00 2.00003E+01 1.96423E+00
 -1       806-1.23129E+00 2.00004E+01 1.98209E+00
 -1       807-1.20450E+00 1.99997E+01 2.03577E+00
 -1       808-1.16871E+00 1.99996E+01 2.01791E+00
 -1       813-1.19898E+00 1.99661E+01 1.98766E+00
 -1       814-1.19995E+00 1.99984E+01 1.96398E+00
 -1       815-1.20102E+00 2.00339E+01 2.01234E+00
 -1       816-1.20005E+00 2.00016E+01 2.03602E+00
 -1       821-1.23303E+00 1.99855E+01 1.99957E+00
 -1       822-1.19936E+00 1.99640E+01 1.99892E+00
 -1       823-1.16697E+00 2.00145E+01 2.00043E+00
 -1       824-1.20064E+00 2.00360E+01 2.00108E+00
 -1       855 1.20423E+00 2.00002E+01 1.96419E+00
 -1       856 1.16858E+00 1.99998E+01 1.98232E+00
 -1       857 1.19577E+00 1.99998E+01 2.03581E+00
 -1       858 1.23142E+00 2.00002E+01 2.01768E+00
 -1       863 1.19898E+00 1.99659E+01 1.98832E+00
 -1       864 1.19993E+00 1.99977E+01 1.96402E+00
 -1       865 1.20102E+00 2.00341E+01 2.01168E+00
 -1       866 1.20007E+00 2.00023E+01 2.03598E+00
 -1       871 1.16646E+00 1.99868E+01 2.00040E+00
 -1       872 1.19931E+00 1.99640E+01 2.00108E+00
 -1       873 1.23354E+00 2.00132E+01 1.99960E+00
 -1       874 1.20069E+00 2.00360E+01 1.99892E+00
 -1       905-1.19537E+00 3.00000E+01-3.57565E-02
 -1       906-1.23122E+00 3.00002E+01-1.80301E-02
 -1       907-1.20463E+00 3.00000E+01 3.57565E-02
 -1       908-1.16878E+00 2.99998E+01 1.80301E-02
 -1       913-1.20000E+00 2.99660E+01-1.20000E-02
 -1       914-1.20000E+00 2.99980E+01-3.60000E-02
 -1       915-1.20000E+00 3.00340E+01 1.20000E-02
 -1       916-1.20000E+00 3.00020E+01 3.60000E-02
 -1       921-1.23328E+00 2.99861E+01 0.00000E+00
 -1       922-1.20000E+00 2.99639E+01 0.00000E+00
 -1       923-1.16672E+00 3.00139E+01 0.00000E+00
 -1       924-1.20000E+00 3.00361E+01 0.00000E+00
 -1       955 1.20453E+00 2.99997E+01-3.57680E-02
 -1       956 1.16873E+00 2.99997E+01-1.79383E-02
 -1       957 1.19547E+00 3.00003E+01 3.57680E-02
 -1       958 1.23127E+00 3.00003E+01 1.79383E-02
 -1       963 1.20000E+00 2.99660E+01-1.20000E-02
 -1       964 1.20000E+00 2.99980E+01-3.60000E-02
 -1       965 1.20000E+00 3.00340E+01 1.20000E-02
 -1       966 1.20000E+00 3.00020E+01 3.60000E-02
 -1       971 1.16672E+00 2.99861E+01 0.00000E+00
 -1       972 1.20000E+00 2.99639E+01 0.00000E+00
 -1       973 1.23328E+00 3.00139E+01 0.00000E+00
 -1       974 1.20000E+00 3.00361E+01 0.00000E+00
 -1      1005-1.19548E+00 3.00003E+01 1.96423E+00
 -1      1006-1.23128E+00 3.00003E+01 1.98207E+00
 -1      1007-1.20452E+00 2.99997E+01 2.03577E+00
 -1      1008-1.16872E+00 2.99997E+01 2.01793E+00
 -1      1013-1.20000E+00 2.99660E+01 1.98800E+00
 -1      1014-1.20000E+00 2.99980E+01 1.96400E+00
 -1      1015-1.20000E+00 3.00340E+01 2.01200E+00
 -1      1016-1.20000E+00 3.00020E+01 2.03600E+00
 -1      1021-1.23328E+00 2.99861E+01 2.00000E+00
 -1      1022-1.20000E+00 2.99639E+01 2.00000E+00
 -1      1023-1.16672E+00 3.00139E+01 2.00000E+00
 -1      1024-1.20000E+00 3.00361E+01 2.00000E+00
 -1      1055 1.20442E+00 3.00000E+01 1.96422E+00
 -1      1056 1.16867E+00 2.99998E+01 1.98216E+00
 -1      1057 1.19558E+00 3.00000E+01 2.03578E+00
 -1      1058 1.23133E+00 3.00002E+01 2.01784E+00
 -1      1063 1.20000E+00 2.99660E+01 1.98800E+00
 -1      1064 1.20000E+00 2.99980E+01 1.96400E+00
 -1      1065 1.20000E+00 3.00340E+01 2.01200E+00
 -1      1066 1.20000E+00 3.00020E+01 2.03600E+00
 -1      1071 1.16672E+00 2.99861E+01 2.00000E+00
 -1      1072 1.20000E+00 2.99639E+01 2.00000E+00
 -1      1073 1.23328E+00 3.00139E+01 2.00000E+00
 -1      1074 1.20000E+00 3.00361E+01 2.00000E+00
 -1      1105-1.19513E+00 3.99994E+01-3.57199E-02
 -1      1106-1.23110E+00 4.00000E+01-1.82413E-02
 -1      1107-1.20487E+00 4.00006E+01 3.57199E-02
 -1      1108-1.16890E+00 4.00000E+01 1.82413E-02
 -1      1113-1.20145E+00 3.99659E+01-1.15569E-02
 -1      1114-1.20010E+00 3.99975E+01-3.59709E-02
 -1      1115-1.19855E+00 4.00341E+01 1.15569E-02
 -1      1116-1.19990E+00 4.00025E+01 3.59709E-02
 -1      1121-1.23365E+00 3.99871E+01 5.48678E-04
 -1      1122-1.20099E+00 3.99640E+01 1.52775E-03
 -1      1123-1.16635E+00 4.00129E+01-5.48678E-04
 -1      1124-1.19901E+00 4.00360E+01-1.52775E-03
 -1      1155 1.20435E+00 3.99999E+01-3.57920E-02
 -1      1156 1.16864E+00 3.99996E+01-1.77795E-02
 -1      1157 1.19565E+00 4.00001E+01 3.57920E-02
 -1      1158 1.23136E+00 4.00004E+01 1.77795E-02
 -1      1163 1.20143E+00 3.99662E+01-1.24797E-02
 -1      1164 1.20006E+00 3.99985E+01-3.60247E-02
 -1      1165 1.19857E+00 4.00338E+01 1.24797E-02
 -1      1166 1.19994E+00 4.00015E+01 3.60247E-02
 -1      1171 1.16707E+00 3.99853E+01-6.22501E-04
 -1      1172 1.20089E+00 3.99640E+01-1.52786E-03
 -1      1173 1.23293E+00 4.00147E+01 6.22501E-04
 -1      1174 1.19911E+00 4.00360E+01 1.52786E-03
 -1      1205-1.19535E+00 4.00001E+01 1.96425E+00
 -1      1206-1.23121E+00 4.00004E+01 1.98196E+00
 -1      1207-1.20465E+00 3.99999E+01 2.03575E+00
 -1      1208-1.16879E+00 3.99996E+01 2.01804E+00
 -1      1213-1.19857E+00 3.99662E+01 1.98752E+00
 -1      1214-1.19994E+00 3.99985E+01 1.96398E+00
 -1      1215-1.20143E+00 4.00338E+01 2.01248E+00
 -1      1216-1.20006E+00 4.00015E+01 2.03602E+00
 -1      1221-1.23293E+00 3.99853E+01 1.99938E+00
 -1      1222-1.19911E+00 3.99640E+01 1.99847E+00
 -1      1223-1.16707E+00 4.00147E+01 2.00062E+00
 -1      1224-1.20089E+00 4.00360E+01 2.00153E+00
 -1      1255 1.20411E+00 4.00006E+01 1.96418E+00
 -1      1256 1.16852E+00 4.00000E+01 1.98243E+00
 -1      1257 1.19589E+00 3.99994E+01 2.03582E+00
 -1      1258 1.23148E+00 4.00000E+01 2.01757E+00
 -1      1263 1.19855E+00 3.99659E+01 1.98844E+00
 -1      1264 1.19990E+00 3.99975E+01 1.96403E+00
 -1      1265 1.20145E+00 4.00341E+01 2.01156E+00
 -1      1266 1.20010E+00 4.00025E+01 2.03597E+00
 -1      1271 1.16635E+00 3.99871E+01 2.00055E+00
 -1      1272 1.19901E+00 3.99640E+01 2.00153E+00
 -1      1273 1.23365E+00 4.00129E+01 1.99945E+00
 -1      1274 1.20099E+00 4.00360E+01 1.99847E+00
 -1      1305-1.19617E+00 4.99979E+01-3.57896E-02
 -1      1306-1.23154E+00 4.99967E+01-1.71518E-02
 -1      1307-1.20383E+00 5.00021E+01 3.57896E-02
 -1      1308-1.16846E+00 5.00033E+01 1.71518E-02
 -1      1313-1.20000E+00 4.99660E+01-1.20000E-02
 -1      1314-1.20000E+00 4.99980E+01-3.60000E-02
 -1      1315-1.20000E+00 5.00340E+01 1.20000E-02
 -1      1316-1.20000E+00 5.00020E+01 3.60000E-02
 -1      1321-1.23328E+00 4.99861E+01 0.00000E+00
 -1      1322-1.20000E+00 4.99639E+01 0.00000E+00
 -1      1323-1.16672E+00 5.00139E+01 0.00000E+00
 -1      1324-1.20000E+00 5.00361E+01 0.00000E+00
 -1      1355 1.20664E+00 4.99965E+01-3.52641E-02
 -1      1356 1.16992E+00 5.00004E+01-1.98802E-02
 -1      1357 1.19336E+00 5.00035E+01 3.52641E-02
 -1      1358 1.23008E+00 4.99996E+01 1.98802E-02
 -1      1363 1.20000E+00 4.99660E+01-1.20000E-02
 -1      1364 1.20000E+00 4.99980E+01-3.60000E-02
 -1      1365 1.20000E+00 5.00340E+01 1.20000E-02
 -1      1366 1.20000E+00 5.00020E+01 3.60000E-02
 -1      1371 1.16672E+00 4.99861E+01 0.00000E+00
 -1      1372 1.20000E+00 4.99639E+01 0.00000E+00
 -1      1373 1.23328E+00 5.00139E+01 0.00000E+00
 -1      1374 1.20000E+00 5.00361E+01 0.00000E+00
 -1      1405-1.19818E+00 5.00032E+01 1.96414E+00
 -1      1406-1.23246E+00 4.99991E+01 1.98433E+00
 -1      1407-1.20182E+00 4.99968E+01 2.03586E+00
 -1      1408-1.16754E+00 5.00009E+01 2.01567E+00
 -1      1413-1.20000E+00 4.99660E+01 1.98800E+00
 -1      1414-1.20000E+00 4.99980E+01 1.96400E+00
 -1      1415-1.20000E+00 5.00340E+01 2.01200E+00
 -1      1416-1.20000E+00 5.00020E+01 2.03600E+00
 -1      1421-1.23328E+00 4.99861E+01 2.00000E+00
 -1      1422-1.20000E+00 4.99639E+01 2.00000E+00
 -1      1423-1.16672E+00 5.00139E+01 2.00000E+00
 -1      1424-1.20000E+00 5.00361E+01 2.00000E+00
 -1      1455 1.20529E+00 5.00020E+01 1.96439E+00
 -1      1456 1.16919E+00 5.00033E+01 1.98157E+00
 -1      1457 1.19471E+00 4.99980E+01 2.03561E+00
 -1      1458 1.23081E+00 4.99967E+01 2.01843E+00
 -1      1463 1.20000E+00 4.99660E+01 1.98800E+00
 -1      1464 1.20000E+00 4.99980E+01 1.96400E+00
 -1      1465 1.20000E+00 5.00340E+01 2.01200E+00
 -1      1466 1.20000E+00 5.00020E+01 2.03600E+00
 -1      1471 1.16672E+00 4.99861E+01 2.00000E+00
 -1      1472 1.20000E+00 4.99639E+01 2.00000E+00
 -1      1473 1.23328E+00 5.00139E+01 2.00000E+00
 -1      1474 1.20000E+00 5.00361E+01 2.00000E+00
 -1      1505-1.19510E+00 1.24849E+00-9.30910E-02
 -1      1506-1.23109E+00 1.24923E+00-7.56508E-02
 -1      1507-1.20490E+00 1.25151E+00-2.17140E-02
 -1      1508-1.16891E+00 1.25077E+00-3.91543E-02
 -1      1513-1.19519E+00 2.49884E+00-1.41781E-01
 -1      1514-1.23114E+00 2.49941E+00-1.24237E-01
 -1      1515-1.20481E+00 2.50116E+00-7.03511E-02
 -1      1516-1.16886E+00 2.50059E+00-8.78954E-02
 -1      1521-1.19534E+00 3.74937E+00-1.74330E-01
 -1      1522-1.23121E+00 3.74968E+00-1.56628E-01
 -1      1523-1.20466E+00 3.75063E+00-1.02834E-01
 -1      1524-1.16879E+00 3.75032E+00-1.20535E-01
 -1      1529-1.19553E+00 5.00000E+00-1.85777E-01
 -1      1530-1.23131E+00 5.00000E+00-1.67888E-01
 -1      1531-1.20447E+00 5.00000E+00-1.14223E-01
 -1      1532-1.16869E+00 5.00000E+00-1.32112E-01
 -1      1537-1.19572E+00 6.25063E+00-1.74377E-01
 -1      1538-1.23140E+00 6.25031E+00-1.56298E-01
 -1      1539-1.20428E+00 6.24937E+00-1.02787E-01
 -1      1540-1.16860E+00 6.24969E+00-1.20866E-01
 -1      1545-1.19589E+00 7.50116E+00-1.41868E-01
 -1      1546-1.23149E+00 7.50057E+00-1.23626E-01
 -1      1547-1.20411E+00 7.49884E+00-7.02642E-02
 -1      1548-1.16851E+00 7.49943E+00-8.85056E-02
 -1      1553-1.19601E+00 8.75152E+00-9.32042E-02
 -1      1554-1.23154E+00 8.75074E+00-7.48534E-02
 -1      1555-1.20399E+00 8.74848E+00-2.16008E-02
 -1      1556-1.16846E+00 8.74926E+00-3.99517E-02
 -1      1561 1.20399E+00 1.25152E+00 2.16008E-02
 -1      1562 1.16846E+00 1.25074E+00 3.99517E-02
 -1      1563 1.19601E+00 1.24848E+00 9.32042E-02
 -1      1564 1.23154E+00 1.24926E+00 7.48534E-02
 -1      1569 1.20411E+00 2.50116E+00 7.02642E-02
 -1      1570 1.16851E+00 2.50057E+00 8.85056E-02
 -1      1571 1.19589E+00 2.49884E+00 1.41868E-01
 -1      1572 1.23149E+00 2.49943E+00 1.23626E-01
 -1      1577 1.20428E+00 3.75063E+00 1.02787E-01
 -1      1578 1.16860E+00 3.75031E+00 1.20866E-01
 -1      1579 1.19572E+00 3.74937E+00 1.74377E-01
 -1      1580 1.23140E+00 3.74969E+00 1.56298E-01
 -1      1585 1.20447E+00 5.00000E+00 1.14223E-01
 -1      1586 1.16869E+00 5.00000E+00 1.32112E-01
 -1      1587 1.19553E+00 5.00000E+00 1.85777E-01
 -1      1588 1.23131E+00 5.00000E+00 1.67888E-01
 -1      1593 1.20466E+00 6.24937E+00 1.02834E-01
 -1      1594 1.16879E+00 6.24968E+00 1.20535E-01
 -1      1595 1.19534E+00 6.25063E+00 1.74330E-01
 -1      1596 1.23121E+00 6.25032E+00 1.56628E-01
 -1      1601 1.20481E+00 7.49884E+00 7.03511E-02
 -1      1602 1.16886E+00 7.49941E+00 8.78954E-02
 -1      1603 1.19519E+00 7.50116E+00 1.41781E-01
 -1      1604 1.23114E+00 7.50059E+00 1.24237E-01
 -1      1609 1.20490E+00 8.74849E+00 2.17140E-02
 -1      1610 1.16891E+00 8.74923E+00 3.91543E-02
 -1      1611 1.19510E+00 8.75151E+00 9.30910E-02
 -1      1612 1.23109E+00 8.75077E+00 7.56508E-02
 -1      1617-1.19510E+00 1.24849E+00 1.90691E+00
 -1      1618-1.23109E+00 1.24923E+00 1.92435E+00
 -1      1619-1.20490E+00 1.25151E+00 1.97829E+00
 -1      1620-1.16891E+00 1.25077E+00 1.96085E+00
 -1      1625-1.19519E+00 2.49884E+00 1.85822E+00
 -1      1626-1.23114E+00 2.49941E+00 1.87576E+00
 -1      1627-1.20481E+00 2.50116E+00 1.92965E+00
 -1      1628-1.16886E+00 2.50059E+00 1.91210E+00
 -1      1633-1.19534E+00 3.74937E+00 1.82567E+00
 -1      1634-1.23121E+00 3.74968E+00 1.84337E+00
 -1      1635-1.20466E+00 3.75063E+00 1.89717E+00
 -1      1636-1.16879E+00 3.75032E+00 1.87946E+00
 -1      1641-1.19553E+00 5.00000E+00 1.81422E+00
 -1      1642-1.23131E+00 5.00000E+00 1.83211E+00
 -1      1643-1.20447E+00 5.00000E+00 1.88578E+00
 -1      1644-1.16869E+00 5.00000E+00 1.86789E+00
 -1      1649-1.19572E+00 6.25063E+00 1.82562E+00
 -1      1650-1.23140E+00 6.25031E+00 1.84370E+00
 -1      1651-1.20428E+00 6.24937E+00 1.89721E+00
 -1      1652-1.16860E+00 6.24969E+00 1.87913E+00
 -1      1657-1.19589E+00 7.50116E+00 1.85813E+00
 -1      1658-1.23149E+00 7.50057E+00 1.87637E+00
 -1      1659-1.20411E+00 7.49884E+00 1.92974E+00
 -1      1660-1.16851E+00 7.49943E+00 1.91149E+00
 -1      1665-1.19601E+00 8.75152E+00 1.90680E+00
 -1      1666-1.23154E+00 8.75074E+00 1.92515E+00
 -1      1667-1.20399E+00 8.74848E+00 1.97840E+00
 -1      1668-1.16846E+00 8.74926E+00 1.96005E+00
 -1      1673 1.20399E+00 1.25152E+00 2.02160E+00
 -1      1674 1.16846E+00 1.25074E+00 2.03995E+00
 -1      1675 1.19601E+00 1.24848E+00 2.09320E+00
 -1      1676 1.23154E+00 1.24926E+00 2.07485E+00
 -1      1681 1.20411E+00 2.50116E+00 2.07026E+00
 -1      1682 1.16851E+00 2.50057E+00 2.08851E+00
 -1      1683 1.19589E+00 2.49884E+00 2.14187E+00
 -1      1684 1.23149E+00 2.49943E+00 2.12363E+00
 -1      1689 1.20428E+00 3.75063E+00 2.10279E+00
 -1      1690 1.16860E+00 3.75031E+00 2.12087E+00
 -1      1691 1.19572E+00 3.74937E+00 2.17438E+00
 -1      1692 1.23140E+00 3.74969E+00 2.15630E+00
 -1      1697 1.20447E+00 5.00000E+00 2.11422E+00
 -1      1698 1.16869E+00 5.00000E+00 2.13211E+00
 -1      1699 1.19553E+00 5.00000E+00 2.18578E+00
 -1      1700 1.23131E+00 5.00000E+00 2.16789E+00
 -1      1705 1.20466E+00 6.24937E+00 2.10283E+00
 -1      1706 1.16879E+00 6.24968E+00 2.12054E+00
 -1      1707 1.19534E+00 6.25063E+00 2.17433E+00
 -1      1708 1.23121E+00 6.25032E+00 2.15663E+00
 -1      1713 1.20481E+00 7.49884E+00 2.07035E+00
 -1      1714 1.16886E+00 7.49941E+00 2.08790E+00
 -1      1715 1.19519E+00 7.50116E+00 2.14178E+00
 -1      1716 1.23114E+00 7.50059E+00 2.12424E+00
 -1      1721 1.20490E+00 8.74849E+00 2.02171E+00
 -1      1722 1.16891E+00 8.74923E+00 2.03915E+00
 -1      1723 1.19510E+00 8.75151E+00 2.09309E+00
 -1      1724 1.23109E+00 8.75077E+00 2.07565E+00
 -1      1729-1.19510E+00 1.12485E+01-9.30910E-02
 -1      1730-1.23109E+00 1.12492E+01-7.56508E-02
 -1      1731-1.20490E+00 1.12515E+01-2.17140E-02
 -1      1732-1.16891E+00 1.12508E+01-3.91543E-02
 -1      1737-1.19519E+00 1.24988E+01-1.41781E-01
 -1      1738-1.23114E+00 1.24994E+01-1.24237E-01
 -1      1739-1.20481E+00 1.25012E+01-7.03511E-02
 -1      1740-1.16886E+00 1.25006E+01-8.78954E-02
 -1      1745-1.19534E+00 1.37494E+01-1.74330E-01
 -1      1746-1.23121E+00 1.37497E+01-1.56628E-01
 -1      1747-1.20466E+00 1.37506E+01-1.02834E-01
 -1      1748-1.16879E+00 1.37503E+01-1.20535E-01
 -1      1753-1.19553E+00 1.50000E+01-1.85777E-01
 -1      1754-1.23131E+00 1.50000E+01-1.67888E-01
 -1      1755-1.20447E+00 1.50000E+01-1.14223E-01
 -1      1756-1.16869E+00 1.50000E+01-1.32112E-01
 -1      1761-1.19572E+00 1.62506E+01-1.74377E-01
 -1      1762-1.23140E+00 1.62503E+01-1.56298E-01
 -1      1763-1.20428E+00 1.62494E+01-1.02787E-01
 -1      1764-1.16860E+00 1.62497E+01-1.20866E-01
 -1      1769-1.19589E+00 1.75012E+01-1.41868E-01
 -1      1770-1.23149E+00 1.75006E+01-1.23626E-01
 -1      1771-1.20411E+00 1.74988E+01-7.02642E-02
 -1      1772-1.16851E+00 1.74994E+01-8.85056E-02
 -1      1777-1.19601E+00 1.87515E+01-9.32042E-02
 -1      1778-1.23154E+00 1.87507E+01-7.48534E-02
 -1      1779-1.20399E+00 1.87485E+01-2.16008E-02
 -1      1780-1.16846E+00 1.87493E+01-3.99517E-02
 -1      1785 1.20399E+00 1.12515E+01 2.16008E-02
 -1      1786 1.16846E+00 1.12507E+01 3.99517E-02
 -1      1787 1.19601E+00 1.12485E+01 9.32042E-02
 -1      1788 1.23154E+00 1.12493E+01 7.48534E-02
 -1      1793 1.20411E+00 1.25012E+01 7.02642E-02
 -1      1794 1.16851E+00 1.25006E+01 8.85056E-02
 -1      1795 1.19589E+00 1.24988E+01 1.41868E-01
 -1      1796 1.23149E+00 1.24994E+01 1.23626E-01
 -1      1801 1.20428E+00 1.37506E+01 1.02787E-01
 -1      1802 1.16860E+00 1.37503E+01 1.20866E-01
 -1      1803 1.19572E+00 1.37494E+01 1.74377E-01
 -1      1804 1.23140E+00 1.37497E+01 1.56298E-01
 -1      1809 1.20447E+00 1.50000E+01 1.14223E-01
 -1      1810 1.16869E+00 1.50000E+01 1.32112E-01
 -1      1811 1.19553E+00 1.50000E+01 1.85777E-01
 -1      1812 1.23131E+00 1.50000E+01 1.67888E-01
 -1      1817 1.20466E+00 1.62494E+01 1.02834E-01
 -1      1818 1.16879E+00 1.62497E+01 1.20535E-01
 -1      1819 1.19534E+00 1.62506E+01 1.74330E-01
 -1      1820 1.23121E+00 1.62503E+01 1.56628E-01
 -1      1825 1.20481E+00 1.74988E+01 7.03511E-02
 -1      1826 1.16886E+00 1.74994E+01 8.78954E-02
 -1      1827 1.19519E+00 1.75012E+01 1.41781E-01
 -1      1828 1.23114E+00 1.75006E+01 1.24237E-01
 -1      1833 1.20490E+00 1.87485E+01 2.17140E-02
 -1      1834 1.16891E+00 1.87492E+01 3.91543E-02
 -1      1835 1.19510E+00 1.87515E+01 9.30910E-02
 -1      1836 1.23109E+00 1.87508E+01 7.56508E-02
 -1      1841-1.19510E+00 1.12485E+01 1.90691E+00
 -1      1842-1.23109E+00 1.12492E+01 1.92435E+00
 -1      1843-1.20490E+00 1.12515E+01 1.97829E+00
 -1      1844-1.16891E+00 1.12508E+01 1.96085E+00
 -1      1849-1.19519E+00 1.24988E+01 1.85822E+00
 -1      1850-1.23114E+00 1.24994E+01 1.87576E+00
 -1      1851-1.20481E+00 1.25012E+01 1.92965E+00
 -1      1852-1.16886E+00 1.25006E+01 1.91210E+00
 -1      1857-1.19534E+00 1.37494E+01 1.82567E+00
 -1      1858-1.23121E+00 1.37497E+01 1.84337E+00
 -1      1859-1.20466E+00 1.37506E+01 1.89717E+00
 -1      1860-1.16879E+00 1.37503E+01 1.87946E+00
 -1      1865-1.19553E+00 1.50000E+01 1.81422E+00
 -1      1866-1.23131E+00 1.50000E+01 1.83211E+00
 -1      1867-1.20447E+00 1.50000E+01 1.88578E+00
 -1      1868-1.16869E+00 1.50000E+01 1.86789E+00
 -1      1873-1.19572E+00 1.62506E+01 1.82562E+00
 -1      1874-1.23140E+00 1.62503E+01 1.84370E+00
 -1      1875-1.20428E+00 1.62494E+01 1.89721E+00
 -1      1876-1.16860E+00 1.62497E+01 1.87913E+00
 -1      1881-1.19589E+00 1.75012E+01 1.85813E+00
 -1      1882-1.23149E+00 1.75006E+01 1.87637E+00
 -1      1883-1.20411E+00 1.74988E+01 1.92974E+00
 -1      1884-1.16851E+00 1.74994E+01 1.91149E+00
 -1      1889-1.19601E+00 1.87515E+01 1.90680E+00
 -1      1890-1.23154E+00 1.87507E+01 1.92515E+00
 -1      1891-1.20399E+00 1.87485E+01 1.97840E+00
 -1      1892-1.16846E+00 1.87493E+01 1.96005E+00
 -1      1897 1.20399E+00 1.12515E+01 2.02160E+00
 -1      1898 1.16846E+00 1.12507E+01 2.03995E+00
 -1      1899 1.19601E+00 1.12485E+01 2.09320E+00
 -1      1900 1.23154E+00 1.12493E+01 2.07485E+00
 -1      1905 1.20411E+00 1.25012E+01 2.07026E+00
 -1      1906 1.16851E+00 1.25006E+01 2.08851E+00
 -1      1907 1.19589E+00 1.24988E+01 2.14187E+00
 -1      1908 1.23149E+00 1.24994E+01 2.12363E+00
 -1      1913 1.20428E+00 1.37506E+01 2.10279E+00
 -1      1914 1.16860E+00 1.37503E+01 2.12087E+00
 -1      1915 1.19572E+00 1.37494E+01 2.17438E+00
 -1      1916 1.23140E+00 1.37497E+01 2.15630E+00
 -1      1921 1.20447E+00 1.50000E+01 2.11422E+00
 -1      1922 1.16869E+00 1.50000E+01 2.13211E+00
 -1      1923 1.19553E+00 1.50000E+01 2.18578E+00
 -1      1924 1.23131E+00 1.50000E+01 2.16789E+00
 -1      1929 1.20466E+00 1.62494E+01 2.10283E+00
 -1      1930 1.16879E+00 1.62497E+01 2.12054E+00
 -1      1931 1.19534E+00 1.62506E+01 2.17433E+00
 -1      1932 1.23121E+00 1.62503E+01 2.15663E+00
 -1      1937 1.20481E+00 1.74988E+01 2.07035E+00
 -1      1938 1.16886E+00 1.74994E+01 2.08790E+00
 -1      1939 1.19519E+00 1.75012E+01 2.14178E+00
 -1      1940 1.23114E+00 1.75006E+01 2.12424E+00
 -1      1945 1.20490E+00 1.87485E+01 2.02171E+00
 -1      1946 1.16891E+00 1.87492E+01 2.03915E+00
 -1      1947 1.19510E+00 1.87515E+01 2.09309E+00
 -1      1948 1.23109E+00 1.87508E+01 2.07565E+00
 -1      1953-1.19553E+00 2.50000E+01-1.85778E-01
 -1      1954-1.23131E+00 2.50000E+01-1.67883E-01
 -1      1955-1.20447E+00 2.50000E+01-1.14222E-01
 -1      1956-1.16869E+00 2.50000E+01-1.32117E-01
 -1      1961 1.20447E+00 2.50000E+01 1.14222E-01
 -1      1962 1.16869E+00 2.50000E+01 1.32117E-01
 -1      1963 1.19553E+00 2.50000E+01 1.85778E-01
 -1      1964 1.23131E+00 2.50000E+01 1.67883E-01
 -1      1969-1.19553E+00 2.50000E+01 1.81422E+00
 -1      1970-1.23131E+00 2.50000E+01 1.83212E+00
 -1      1971-1.20447E+00 2.50000E+01 1.88578E+00
 -1      1972-1.16869E+00 2.50000E+01 1.86788E+00
 -1      1977 1.20447E+00 2.50000E+01 2.11422E+00
 -1      1978 1.16869E+00 2.50000E+01 2.13212E+00
 -1      1979 1.19553E+00 2.50000E+01 2.18578E+00
 -1      1980 1.23131E+00 2.50000E+01 2.16788E+00
 -1      1985-1.19553E+00 4.50000E+01-1.85778E-01
 -1      1986-1.23131E+00 4.50000E+01-1.67883E-01
 -1      1987-1.20447E+00 4.50000E+01-1.14222E-01
 -1      1988-1.16869E+00 4.50000E+01-1.32117E-01
 -1      1993 1.20447E+00 4.50000E+01 1.14222E-01
 -1      1994 1.16869E+00 4.50000E+01 1.32117E-01
 -1      1995 1.19553E+00 4.50000E+01 1.85778E-01
 -1      1996 1.23131E+00 4.50000E+01 1.67883E-01
 -1      2001-1.19553E+00 4.50000E+01 1.81422E+00
 -1      2002-1.23131E+00 4.50000E+01 1.83212E+00
 -1      2003-1.20447E+00 4.50000E+01 1.88578E+00
 -1      2004-1.16869E+00 4.50000E+01 1.86788E+00
 -1      2009 1.20447E+00 4.50000E+01 2.11422E+00
 -1      2010 1.16869E+00 4.50000E+01 2.13212E+00
 -1      2011 1.19553E+00 4.50000E+01 2.18578E+00
 -1      2012 1.23131E+00 4.50000E+01 2.16788E+00
 -1      2017-6.01023E-01-5.95507E-02-1.16832E-02
 -1      2018-6.00070E-01-2.77896E-02-3.59798E-02
 -1      2019-5.98977E-01 8.63897E-03 1.16832E-02
 -1      2020-5.99930E-01-2.31221E-02 3.59798E-02
 -1      2025 0.00000E+00-6.99997E-02-1.20008E-02
 -1      2026 0.00000E+00-3.79991E-02-3.60000E-02
 -1      2027 0.00000E+00-2.00028E-03 1.20008E-02
 -1      2028 0.00000E+00-3.40009E-02 3.60000E-02
 -1      2033 6.01016E-01-5.93202E-02-1.23359E-02
 -1      2034 6.00049E-01-2.70988E-02-3.60180E-02
 -1      2035 5.98984E-01 8.40852E-03 1.23359E-02
 -1      2036 5.99951E-01-2.38129E-02 3.60180E-02
 -1      2041-5.98984E-01-8.40852E-03 1.98766E+00
 -1      2042-5.99951E-01 2.38129E-02 1.96398E+00
 -1      2043-6.01016E-01 5.93202E-02 2.01234E+00
 -1      2044-6.00049E-01 2.70988E-02 2.03602E+00
 -1      2049 0.00000E+00 2.00028E-03 1.98800E+00
 -1      2050 0.00000E+00 3.40009E-02 1.96400E+00
 -1      2051 0.00000E+00 6.99997E-02 2.01200E+00
 -1      2052 0.00000E+00 3.79991E-02 2.03600E+00
 -1      2057 5.98977E-01-8.63897E-03 1.98832E+00
 -1      2058 5.99930E-01 2.31221E-02 1.96402E+00
 -1      2059 6.01023E-01 5.95507E-02 2.01168E+00
 -1      2060 6.00070E-01 2.77896E-02 2.03598E+00
 -1      2065-1.23354E+00 7.99623E-03 5.00396E-01
 -1      2066-1.20070E+00-1.48194E-02 5.01081E-01
 -1      2067-1.16646E+00 3.44302E-02 4.99604E-01
 -1      2068-1.19930E+00 5.72458E-02 4.98919E-01
 -1      2073-1.23328E+00 1.61383E-02 1.00000E+00
 -1      2074-1.20001E+00-6.05551E-03 1.00000E+00
 -1      2075-1.16672E+00 4.38617E-02 1.00000E+00
 -1      2076-1.19999E+00 6.60555E-02 1.00000E+00
 -1      2081-1.23303E+00 6.76606E-03 1.49957E+00
 -1      2082-1.19936E+00-1.48205E-02 1.49892E+00
 -1      2083-1.16697E+00 3.56603E-02 1.50043E+00
 -1      2084-1.20064E+00 5.72469E-02 1.50108E+00
 -1      2089 1.16697E+00-3.56603E-02 4.99567E-01
 -1      2090 1.20064E+00-5.72469E-02 4.98919E-01
 -1      2091 1.23303E+00-6.76606E-03 5.00433E-01
 -1      2092 1.19936E+00 1.48205E-02 5.01081E-01
 -1      2097 1.16672E+00-4.38617E-02 1.00000E+00
 -1      2098 1.19999E+00-6.60555E-02 1.00000E+00
 -1      2099 1.23328E+00-1.61383E-02 1.00000E+00
 -1      2100 1.20001E+00 6.05551E-03 1.00000E+00
 -1      2105 1.16646E+00-3.44302E-02 1.50040E+00
 -1      2106 1.19930E+00-5.72458E-02 1.50108E+00
 -1      2107 1.23354E+00-7.99623E-03 1.49960E+00
 -1      2108 1.20070E+00 1.48194E-02 1.49892E+00
 -1      2113-9.01448E-01 9.95210E+00-1.15569E-02
 -1      2114-9.00105E-01 9.98376E+00-3.59710E-02
 -1      2115-8.98552E-01 1.00203E+01 1.15569E-02
 -1      2116-8.99895E-01 9.98869E+00 3.59710E-02
 -1      2121-6.01107E-01 9.94044E+00-1.16576E-02
 -1      2122-6.00077E-01 9.97218E+00-3.59781E-02
 -1      2123-5.98893E-01 1.00086E+01 1.16576E-02
 -1      2124-5.99923E-01 9.97690E+00 3.59781E-02
 -1      2129-3.00599E-01 9.93268E+00-1.18121E-02
 -1      2130-3.00039E-01 9.96454E+00-3.59884E-02
 -1      2131-2.99401E-01 1.00008E+01 1.18121E-02
 -1      2132-2.99961E-01 9.96894E+00 3.59884E-02
 -1      2137 0.00000E+00 9.93000E+00-1.20002E-02
 -1      2138 0.00000E+00 9.96200E+00-3.60000E-02
 -1      2139 0.00000E+00 9.99800E+00 1.20002E-02
 -1      2140 0.00000E+00 9.96600E+00 3.60000E-02
 -1      2145 3.00596E-01 9.93281E+00-1.21945E-02
 -1      2146 3.00032E-01 9.96495E+00-3.60109E-02
 -1      2147 2.99404E-01 1.00007E+01 1.21945E-02
 -1      2148 2.99968E-01 9.96853E+00 3.60109E-02
 -1      2153 6.01099E-01 9.94069E+00-1.23640E-02
 -1      2154 6.00052E-01 9.97293E+00-3.60194E-02
 -1      2155 5.98901E-01 1.00084E+01 1.23640E-02
 -1      2156 5.99948E-01 9.97616E+00 3.60194E-02
 -1      2161 9.01434E-01 9.95243E+00-1.24797E-02
 -1      2162 9.00063E-01 9.98473E+00-3.60247E-02
 -1      2163 8.98566E-01 1.00200E+01 1.24797E-02
 -1      2164 8.99937E-01 9.98771E+00 3.60247E-02
 -1      2169-8.98566E-01 9.97998E+00 1.98752E+00
 -1      2170-8.99937E-01 1.00123E+01 1.96398E+00
 -1      2171-9.01434E-01 1.00476E+01 2.01248E+00
 -1      2172-9.00063E-01 1.00153E+01 2.03602E+00
 -1      2177-5.98901E-01 9.99160E+00 1.98764E+00
 -1      2178-5.99948E-01 1.00238E+01 1.96398E+00
 -1      2179-6.01099E-01 1.00593E+01 2.01236E+00
 -1      2180-6.00052E-01 1.00271E+01 2.03602E+00
 -1      2185-2.99404E-01 9.99933E+00 1.98781E+00
 -1      2186-2.99968E-01 1.00315E+01 1.96399E+00
 -1      2187-3.00596E-01 1.00672E+01 2.01219E+00
 -1      2188-3.00032E-01 1.00351E+01 2.03601E+00
 -1      2193 0.00000E+00 1.00020E+01 1.98800E+00
 -1      2194 0.00000E+00 1.00340E+01 1.96400E+00
 -1      2195 0.00000E+00 1.00700E+01 2.01200E+00
 -1      2196 0.00000E+00 1.00380E+01 2.03600E+00
 -1      2201 2.99401E-01 9.99920E+00 1.98819E+00
 -1      2202 2.99961E-01 1.00311E+01 1.96401E+00
 -1      2203 3.00599E-01 1.00673E+01 2.01181E+00
 -1      2204 3.00039E-01 1.00355E+01 2.03599E+00
 -1      2209 5.98893E-01 9.99135E+00 1.98834E+00
 -1      2210 5.99923E-01 1.00231E+01 1.96402E+00
 -1      2211 6.01107E-01 1.00596E+01 2.01166E+00
 -1      2212 6.00077E-01 1.00278E+01 2.03598E+00
 -1      2217 8.98552E-01 9.97965E+00 1.98844E+00
 -1      2218 8.99895E-01 1.00113E+01 1.96403E+00
 -1      2219 9.01448E-01 1.00479E+01 2.01156E+00
 -1      2220 9.00105E-01 1.00162E+01 2.03597E+00
 -1      2225-1.23365E+00 9.99855E+00 2.50549E-01
 -1      2226-1.20099E+00 9.97547E+00 2.51528E-01
 -1      2227-1.16635E+00 1.00244E+01 2.49451E-01
 -1      2228-1.19901E+00 1.00475E+01 2.48472E-01
 -1      2233-1.23356E+00 1.00080E+01 5.00427E-01
 -1      2234-1.20075E+00 9.98518E+00 5.01170E-01
 -1      2235-1.16644E+00 1.00344E+01 4.99573E-01
 -1      2236-1.19925E+00 1.00572E+01 4.98830E-01
 -1      2241-1.23343E+00 1.00142E+01 7.50237E-01
 -1      2242-1.20040E+00 9.99167E+00 7.50633E-01
 -1      2243-1.16657E+00 1.00412E+01 7.49763E-01
 -1      2244-1.19960E+00 1.00638E+01 7.49367E-01
 -1      2249-1.23328E+00 1.00161E+01 1.00000E+00
 -1      2250-1.20000E+00 9.99394E+00 1.00000E+00
 -1      2251-1.16672E+00 1.00439E+01 1.00000E+00
 -1      2252-1.20000E+00 1.00661E+01 1.00000E+00
 -1      2257-1.23313E+00 1.00135E+01 1.24975E+00
 -1      2258-1.19962E+00 9.99167E+00 1.24937E+00
 -1      2259-1.16687E+00 1.00419E+01 1.25025E+00
 -1      2260-1.20038E+00 1.00638E+01 1.25063E+00
 -1      2265-1.23301E+00 1.00067E+01 1.49953E+00
 -1      2266-1.19931E+00 9.98518E+00 1.49883E+00
 -1      2267-1.16699E+00 1.00357E+01 1.50047E+00
 -1      2268-1.20069E+00 1.00572E+01 1.50117E+00
 -1      2273-1.23293E+00 9.99681E+00 1.74938E+00
 -1      2274-1.19911E+00 9.97547E+00 1.74847E+00
 -1      2275-1.16707E+00 1.00262E+01 1.75062E+00
 -1      2276-1.20089E+00 1.00475E+01 1.75153E+00
 -1      2281 1.16707E+00 9.97385E+00 2.49378E-01
 -1      2282 1.20089E+00 9.95251E+00 2.48472E-01
 -1      2283 1.23293E+00 1.00032E+01 2.50622E-01
 -1      2284 1.19911E+00 1.00245E+01 2.51528E-01
 -1      2289 1.16699E+00 9.96429E+00 4.99529E-01
 -1      2290 1.20069E+00 9.94276E+00 4.98830E-01
 -1      2291 1.23301E+00 9.99328E+00 5.00471E-01
 -1      2292 1.19931E+00 1.00148E+01 5.01170E-01
 -1      2297 1.16687E+00 9.95807E+00 7.49750E-01
 -1      2298 1.20038E+00 9.93624E+00 7.49367E-01
 -1      2299 1.23313E+00 9.98650E+00 7.50250E-01
 -1      2300 1.19962E+00 1.00083E+01 7.50633E-01
 -1      2305 1.16672E+00 9.95613E+00 1.00000E+00
 -1      2306 1.20000E+00 9.93394E+00 1.00000E+00
 -1      2307 1.23328E+00 9.98387E+00 1.00000E+00
 -1      2308 1.20000E+00 1.00061E+01 1.00000E+00
 -1      2313 1.16657E+00 9.95879E+00 1.25024E+00
 -1      2314 1.19960E+00 9.93624E+00 1.25063E+00
 -1      2315 1.23343E+00 9.98578E+00 1.24976E+00
 -1      2316 1.20040E+00 1.00083E+01 1.24937E+00
 -1      2321 1.16644E+00 9.96562E+00 1.50043E+00
 -1      2322 1.19925E+00 9.94276E+00 1.50117E+00
 -1      2323 1.23356E+00 9.99195E+00 1.49957E+00
 -1      2324 1.20075E+00 1.00148E+01 1.49883E+00
 -1      2329 1.16635E+00 9.97559E+00 1.75055E+00
 -1      2330 1.19901E+00 9.95251E+00 1.75153E+00
 -1      2331 1.23365E+00 1.00015E+01 1.74945E+00
 -1      2332 1.20099E+00 1.00245E+01 1.74847E+00
 -1      2337 0.00000E+00 1.99300E+01-1.20023E-02
 -1      2338 0.00000E+00 1.99620E+01-3.60001E-02
 -1      2339 0.00000E+00 1.99980E+01 1.20023E-02
 -1      2340 0.00000E+00 1.99660E+01 3.60001E-02
 -1      2345 0.00000E+00 2.00020E+01 1.98800E+00
 -1      2346 0.00000E+00 2.00340E+01 1.96400E+00
 -1      2347 0.00000E+00 2.00700E+01 2.01200E+00
 -1      2348 0.00000E+00 2.00380E+01 2.03600E+00
 -1      2353-1.23329E+00 2.00161E+01 1.00000E+00
 -1      2354-1.20002E+00 1.99939E+01 1.00000E+00
 -1      2355-1.16671E+00 2.00438E+01 1.00000E+00
 -1      2356-1.19998E+00 2.00661E+01 1.00000E+00
 -1      2361 1.16671E+00 1.99562E+01 1.00000E+00
 -1      2362 1.19998E+00 1.99339E+01 1.00000E+00
 -1      2363 1.23329E+00 1.99839E+01 1.00000E+00
 -1      2364 1.20002E+00 2.00061E+01 1.00000E+00
 -1      2369-6.01023E-01 3.99404E+01-1.16832E-02
 -1      2370-6.00070E-01 3.99722E+01-3.59798E-02
 -1      2371-5.98977E-01 4.00086E+01 1.16832E-02
 -1      2372-5.99930E-01 3.99769E+01 3.59798E-02
 -1      2377 0.00000E+00 3.99300E+01-1.20008E-02
 -1      2378 0.00000E+00 3.99620E+01-3.60000E-02
 -1      2379 0.00000E+00 3.99980E+01 1.20008E-02
 -1      2380 0.00000E+00 3.99660E+01 3.60000E-02
 -1      2385 6.01016E-01 3.99407E+01-1.23359E-02
 -1      2386 6.00049E-01 3.99729E+01-3.60180E-02
 -1      2387 5.98984E-01 4.00084E+01 1.23359E-02
 -1      2388 5.99951E-01 3.99762E+01 3.60180E-02
 -1      2393-5.98984E-01 3.99916E+01 1.98766E+00
 -1      2394-5.99951E-01 4.00238E+01 1.96398E+00
 -1      2395-6.01016E-01 4.00593E+01 2.01234E+00
 -1      2396-6.00049E-01 4.00271E+01 2.03602E+00
 -1      2401 0.00000E+00 4.00020E+01 1.98800E+00
 -1      2402 0.00000E+00 4.00340E+01 1.96400E+00
 -1      2403 0.00000E+00 4.00700E+01 2.01200E+00
 -1      2404 0.00000E+00 4.00380E+01 2.03600E+00
 -1      2409 5.98977E-01 3.99914E+01 1.98832E+00
 -1      2410 5.99930E-01 4.00231E+01 1.96402E+00
 -1      2411 6.01023E-01 4.00596E+01 2.01168E+00
 -1      2412 6.00070E-01 4.00278E+01 2.03598E+00
 -1      2417-1.23354E+00 4.00080E+01 5.00396E-01
 -1      2418-1.20070E+00 3.99852E+01 5.01081E-01
 -1      2419-1.16646E+00 4.00344E+01 4.99604E-01
 -1      2420-1.19930E+00 4.00572E+01 4.98919E-01
 -1      2425-1.23328E+00 4.00161E+01 1.00000E+00
 -1      2426-1.20001E+00 3.99939E+01 1.00000E+00
 -1      2427-1.16672E+00 4.00439E+01 1.00000E+00
 -1      2428-1.19999E+00 4.00661E+01 1.00000E+00
 -1      2433-1.23303E+00 4.00068E+01 1.49957E+00
 -1      2434-1.19936E+00 3.99852E+01 1.49892E+00
 -1      2435-1.16697E+00 4.00357E+01 1.50043E+00
 -1      2436-1.20064E+00 4.00572E+01 1.50108E+00
 -1      2441 1.16697E+00 3.99643E+01 4.99567E-01
 -1      2442 1.20064E+00 3.99428E+01 4.98919E-01
 -1      2443 1.23303E+00 3.99932E+01 5.00433E-01
 -1      2444 1.19936E+00 4.00148E+01 5.01081E-01
 -1      2449 1.16672E+00 3.99561E+01 1.00000E+00
 -1      2450 1.19999E+00 3.99339E+01 1.00000E+00
 -1      2451 1.23328E+00 3.99839E+01 1.00000E+00
 -1      2452 1.20001E+00 4.00061E+01 1.00000E+00
 -1      2457 1.16646E+00 3.99656E+01 1.50040E+00
 -1      2458 1.19930E+00 3.99428E+01 1.50108E+00
 -1      2459 1.23354E+00 3.99920E+01 1.49960E+00
 -1      2460 1.20070E+00 4.00148E+01 1.49892E+00
 -1      2465-1.19757E+00 1.26703E+00 1.57055E-01
 -1      2466-1.23227E+00 1.26396E+00 1.76710E-01
 -1      2467-1.20243E+00 1.25593E+00 2.28140E-01
 -1      2468-1.16773E+00 1.25900E+00 2.08485E-01
 -1      2473-1.19773E+00 2.52712E+00 3.58438E-01
 -1      2474-1.23234E+00 2.52383E+00 3.78214E-01
 -1      2475-1.20227E+00 2.51531E+00 4.29430E-01
 -1      2476-1.16766E+00 2.51860E+00 4.09654E-01
 -1      2481-1.19798E+00 3.78416E+00 5.76000E-01
 -1      2482-1.23245E+00 3.78053E+00 5.95959E-01
 -1      2483-1.20202E+00 3.77128E+00 6.46836E-01
 -1      2484-1.16755E+00 3.77491E+00 6.26877E-01
 -1      2489-1.19828E+00 5.03706E+00 8.14685E-01
 -1      2490-1.23258E+00 5.03303E+00 8.34863E-01
 -1      2491-1.20172E+00 5.02294E+00 8.85315E-01
 -1      2492-1.16742E+00 5.02697E+00 8.65137E-01
 -1      2497-1.19860E+00 6.28540E+00 1.07622E+00
 -1      2498-1.23272E+00 6.28095E+00 1.09662E+00
 -1      2499-1.20140E+00 6.27003E+00 1.14662E+00
 -1      2500-1.16728E+00 6.27449E+00 1.12622E+00
 -1      2505-1.19888E+00 7.52942E+00 1.35884E+00
 -1      2506-1.23284E+00 7.52461E+00 1.37943E+00
 -1      2507-1.20112E+00 7.51300E+00 1.42902E+00
 -1      2508-1.16716E+00 7.51782E+00 1.40843E+00
 -1      2513-1.19908E+00 8.77004E+00 1.65759E+00
 -1      2514-1.23292E+00 8.76498E+00 1.67830E+00
 -1      2515-1.20092E+00 8.75292E+00 1.72761E+00
 -1      2516-1.16708E+00 8.75799E+00 1.70689E+00
 -1      2521-1.19416E+00 1.25599E+00 1.77225E+00
 -1      2522-1.23060E+00 1.25854E+00 1.78856E+00
 -1      2523-1.20584E+00 1.26697E+00 1.84256E+00
 -1      2524-1.16940E+00 1.26443E+00 1.82625E+00
 -1      2529-1.19409E+00 2.51537E+00 1.57098E+00
 -1      2530-1.23056E+00 2.51807E+00 1.58719E+00
 -1      2531-1.20591E+00 2.52705E+00 1.64115E+00
 -1      2532-1.16944E+00 2.52435E+00 1.62494E+00
 -1      2537-1.19399E+00 3.77136E+00 1.35360E+00
 -1      2538-1.23051E+00 3.77428E+00 1.36967E+00
 -1      2539-1.20601E+00 3.78408E+00 1.42356E+00
 -1      2540-1.16949E+00 3.78115E+00 1.40749E+00
 -1      2545-1.19388E+00 5.02303E+00 1.11516E+00
 -1      2546-1.23044E+00 5.02621E+00 1.13106E+00
 -1      2547-1.20612E+00 5.03697E+00 1.18484E+00
 -1      2548-1.16956E+00 5.03379E+00 1.16894E+00
 -1      2553-1.19377E+00 6.27014E+00 8.53886E-01
 -1      2554-1.23038E+00 6.27358E+00 8.69618E-01
 -1      2555-1.20623E+00 6.28529E+00 9.23278E-01
 -1      2556-1.16962E+00 6.28186E+00 9.07546E-01
 -1      2561-1.19368E+00 7.51313E+00 5.71502E-01
 -1      2562-1.23034E+00 7.51677E+00 5.87093E-01
 -1      2563-1.20632E+00 7.52930E+00 6.40630E-01
 -1      2564-1.16966E+00 7.52565E+00 6.25039E-01
 -1      2569-1.19363E+00 8.75305E+00 2.72930E-01
 -1      2570-1.23031E+00 8.75684E+00 2.88429E-01
 -1      2571-1.20637E+00 8.76991E+00 3.41875E-01
 -1      2572-1.16969E+00 8.76612E+00 3.26376E-01
 -1      2577 1.20243E+00 1.26703E+00 1.57055E-01
 -1      2578 1.16773E+00 1.26396E+00 1.76710E-01
 -1      2579 1.19757E+00 1.25593E+00 2.28140E-01
 -1      2580 1.23227E+00 1.25900E+00 2.08485E-01
 -1      2585 1.20227E+00 2.52712E+00 3.58438E-01
 -1      2586 1.16766E+00 2.52383E+00 3.78214E-01
 -1      2587 1.19773E+00 2.51531E+00 4.29430E-01
 -1      2588 1.23234E+00 2.51860E+00 4.09654E-01
 -1      2593 1.20202E+00 3.78416E+00 5.76000E-01
 -1      2594 1.16755E+00 3.78053E+00 5.95959E-01
 -1      2595 1.19798E+00 3.77128E+00 6.46836E-01
 -1      2596 1.23245E+00 3.77491E+00 6.26877E-01
 -1      2601 1.20172E+00 5.03706E+00 8.14685E-01
 -1      2602 1.16742E+00 5.03303E+00 8.34863E-01
 -1      2603 1.19828E+00 5.02294E+00 8.85315E-01
 -1      2604 1.23258E+00 5.02697E+00 8.65137E-01
 -1      2609 1.20140E+00 6.28540E+00 1.07622E+00
 -1      2610 1.16728E+00 6.28095E+00 1.09662E+00
 -1      2611 1.19860E+00 6.27003E+00 1.14662E+00
 -1      2612 1.23272E+00 6.27449E+00 1.12622E+00
 -1      2617 1.20112E+00 7.52942E+00 1.35884E+00
 -1      2618 1.16716E+00 7.52461E+00 1.37943E+00
 -1      2619 1.19888E+00 7.51300E+00 1.42902E+00
 -1      2620 1.23284E+00 7.51782E+00 1.40843E+00
 -1      2625 1.20092E+00 8.77004E+00 1.65759E+00
 -1      2626 1.16708E+00 8.76498E+00 1.67830E+00
 -1      2627 1.19908E+00 8.75292E+00 1.72761E+00
 -1      2628 1.23292E+00 8.75799E+00 1.70689E+00
 -1      2633 1.20584E+00 1.25599E+00 1.77225E+00
 -1      2634 1.16940E+00 1.25854E+00 1.78856E+00
 -1      2635 1.19416E+00 1.26697E+00 1.84256E+00
 -1      2636 1.23060E+00 1.26443E+00 1.82625E+00
 -1      2641 1.20591E+00 2.51537E+00 1.57098E+00
 -1      2642 1.16944E+00 2.51807E+00 1.58719E+00
 -1      2643 1.19409E+00 2.52705E+00 1.64115E+00
 -1      2644 1.23056E+00 2.52435E+00 1.62494E+00
 -1      2649 1.20601E+00 3.77136E+00 1.35360E+00
 -1      2650 1.16949E+00 3.77428E+00 1.36967E+00
 -1      2651 1.19399E+00 3.78408E+00 1.42356E+00
 -1      2652 1.23051E+00 3.78115E+00 1.40749E+00
 -1      2657 1.20612E+00 5.02303E+00 1.11516E+00
 -1      2658 1.16956E+00 5.02621E+00 1.13106E+00
 -1      2659 1.19388E+00 5.03697E+00 1.18484E+00
 -1      2660 1.23044E+00 5.03379E+00 1.16894E+00
 -1      2665 1.20623E+00 6.27014E+00 8.53886E-01
 -1      2666 1.16962E+00 6.27358E+00 8.69618E-01
 -1      2667 1.19377E+00 6.28529E+00 9.23278E-01
 -1      2668 1.23038E+00 6.28186E+00 9.07546E-01
 -1      2673 1.20632E+00 7.51313E+00 5.71502E-01
 -1      2674 1.16966E+00 7.51677E+00 5.87093E-01
 -1      2675 1.19368E+00 7.52930E+00 6.40630E-01
 -1      2676 1.23034E+00 7.52565E+00 6.25039E-01
 -1      2681 1.20637E+00 8.75305E+00 2.72930E-01
 -1      2682 1.16969E+00 8.75684E+00 2.88429E-01
 -1      2683 1.19363E+00 8.76991E+00 3.41875E-01
 -1      2684 1.23031E+00 8.76612E+00 3.26376E-01
 -1      2689-8.31704E-01 1.23312E+00-3.42295E-02
 -1      2690-8.68791E-01 1.24370E+00-2.36225E-02
 -1      2691-8.53491E-01 1.23933E+00 3.42295E-02
 -1      2692-8.16404E-01 1.22875E+00 2.36225E-02
 -1      2697-4.83271E-01 2.47162E+00-3.43179E-02
 -1      2698-5.20380E-01 2.48181E+00-2.34066E-02
 -1      2699-5.04597E-01 2.47747E+00 3.43179E-02
 -1      2700-4.67488E-01 2.46728E+00 2.34066E-02
 -1      2705-1.51102E-01 3.71407E+00-3.44451E-02
 -1      2706-1.88233E-01 3.72368E+00-2.30837E-02
 -1      2707-1.71734E-01 3.71941E+00 3.44451E-02
 -1      2708-1.34603E-01 3.70980E+00 2.30837E-02
 -1      2713 1.59903E-01 4.96162E+00-3.45874E-02
 -1      2714 1.22764E-01 4.97054E+00-2.27035E-02
 -1      2715 1.40097E-01 4.96638E+00 3.45874E-02
 -1      2716 1.77236E-01 4.95746E+00 2.27035E-02
 -1      2721 4.48070E-01 6.21464E+00-3.47212E-02
 -1      2722 4.10939E-01 6.22286E+00-2.23246E-02
 -1      2723 4.29094E-01 6.21884E+00 3.47212E-02
 -1      2724 4.66225E-01 6.21062E+00 2.23246E-02
 -1      2729 7.15201E-01 7.47266E+00-3.48283E-02
 -1      2730 6.78091E-01 7.48030E+00-2.20050E-02
 -1      2731 6.96931E-01 7.47643E+00 3.48283E-02
 -1      2732 7.34041E-01 7.46878E+00 2.20050E-02
 -1      2737 9.66302E-01 8.73448E+00-3.48965E-02
 -1      2738 9.29212E-01 8.74174E+00-2.17923E-02
 -1      2739 9.48503E-01 8.73796E+00 3.48965E-02
 -1      2740 9.85593E-01 8.73071E+00 2.17923E-02
 -1      2745 8.42124E-01 1.23609E+00-3.60521E-02
 -1      2746 8.10413E-01 1.22704E+00-1.34113E-02
 -1      2747 8.43071E-01 1.23636E+00 3.60521E-02
 -1      2748 8.74781E-01 1.24541E+00 1.34113E-02
 -1      2753 4.93597E-01 2.47445E+00-3.60538E-02
 -1      2754 4.61712E-01 2.46570E+00-1.35445E-02
 -1      2755 4.94271E-01 2.47464E+00 3.60538E-02
 -1      2756 5.26156E-01 2.48339E+00 1.35445E-02
 -1      2761 1.61293E-01 3.71671E+00-3.60553E-02
 -1      2762 1.29148E-01 3.70839E+00-1.37478E-02
 -1      2763 1.61544E-01 3.71677E+00 3.60553E-02
 -1      2764 1.93688E-01 3.72509E+00 1.37478E-02
 -1      2769-1.49867E-01 4.96403E+00-3.60553E-02
 -1      2770-1.82312E-01 4.95625E+00-1.39935E-02
 -1      2771-1.50133E-01 4.96397E+00 3.60553E-02
 -1      2772-1.17688E-01 4.97176E+00 1.39935E-02
 -1      2777-4.38181E-01 6.21683E+00-3.60532E-02
 -1      2778-4.70920E-01 6.20958E+00-1.42455E-02
 -1      2779-4.38983E-01 6.21665E+00 3.60532E-02
 -1      2780-4.06244E-01 6.22390E+00 1.42455E-02
 -1      2785-7.05431E-01 7.47468E+00-3.60497E-02
 -1      2786-7.38414E-01 7.46788E+00-1.44640E-02
 -1      2787-7.06701E-01 7.47441E+00 3.60497E-02
 -1      2788-6.73718E-01 7.48121E+00 1.44640E-02
 -1      2793-9.56607E-01 8.73638E+00-3.60464E-02
 -1      2794-9.89751E-01 8.72990E+00-1.46123E-02
 -1      2795-9.58198E-01 8.73607E+00 3.60464E-02
 -1      2796-9.25054E-01 8.74255E+00 1.46123E-02
 -1      2801-8.31704E-01 1.23312E+00 1.96577E+00
 -1      2802-8.68791E-01 1.24370E+00 1.97638E+00
 -1      2803-8.53491E-01 1.23933E+00 2.03423E+00
 -1      2804-8.16404E-01 1.22875E+00 2.02362E+00
 -1      2809-4.83271E-01 2.47162E+00 1.96568E+00
 -1      2810-5.20380E-01 2.48181E+00 1.97659E+00
 -1      2811-5.04597E-01 2.47747E+00 2.03432E+00
 -1      2812-4.67488E-01 2.46728E+00 2.02341E+00
 -1      2817-1.51102E-01 3.71407E+00 1.96555E+00
 -1      2818-1.88233E-01 3.72368E+00 1.97692E+00
 -1      2819-1.71734E-01 3.71941E+00 2.03445E+00
 -1      2820-1.34603E-01 3.70980E+00 2.02308E+00
 -1      2825 1.59903E-01 4.96162E+00 1.96541E+00
 -1      2826 1.22764E-01 4.97054E+00 1.97730E+00
 -1      2827 1.40097E-01 4.96638E+00 2.03459E+00
 -1      2828 1.77236E-01 4.95746E+00 2.02270E+00
 -1      2833 4.48070E-01 6.21464E+00 1.96528E+00
 -1      2834 4.10939E-01 6.22286E+00 1.97768E+00
 -1      2835 4.29094E-01 6.21884E+00 2.03472E+00
 -1      2836 4.66225E-01 6.21062E+00 2.02232E+00
 -1      2841 7.15201E-01 7.47266E+00 1.96517E+00
 -1      2842 6.78091E-01 7.48030E+00 1.97800E+00
 -1      2843 6.96931E-01 7.47643E+00 2.03483E+00
 -1      2844 7.34041E-01 7.46878E+00 2.02200E+00
 -1      2849 9.66302E-01 8.73448E+00 1.96510E+00
 -1      2850 9.29212E-01 8.74174E+00 1.97821E+00
 -1      2851 9.48503E-01 8.73796E+00 2.03490E+00
 -1      2852 9.85593E-01 8.73071E+00 2.02179E+00
 -1      2857 8.42124E-01 1.23609E+00 1.96395E+00
 -1      2858 8.10413E-01 1.22704E+00 1.98659E+00
 -1      2859 8.43071E-01 1.23636E+00 2.03605E+00
 -1      2860 8.74781E-01 1.24541E+00 2.01341E+00
 -1      2865 4.93597E-01 2.47445E+00 1.96395E+00
 -1      2866 4.61712E-01 2.46570E+00 1.98646E+00
 -1      2867 4.94271E-01 2.47464E+00 2.03605E+00
 -1      2868 5.26156E-01 2.48339E+00 2.01354E+00
 -1      2873 1.61293E-01 3.71671E+00 1.96394E+00
 -1      2874 1.29148E-01 3.70839E+00 1.98625E+00
 -1      2875 1.61544E-01 3.71677E+00 2.03606E+00
 -1      2876 1.93688E-01 3.72509E+00 2.01375E+00
 -1      2881-1.49867E-01 4.96403E+00 1.96394E+00
 -1      2882-1.82312E-01 4.95625E+00 1.98601E+00
 -1      2883-1.50133E-01 4.96397E+00 2.03606E+00
 -1      2884-1.17688E-01 4.97176E+00 2.01399E+00
 -1      2889-4.38181E-01 6.21683E+00 1.96395E+00
 -1      2890-4.70920E-01 6.20958E+00 1.98575E+00
 -1      2891-4.38983E-01 6.21665E+00 2.03605E+00
 -1      2892-4.06244E-01 6.22390E+00 2.01425E+00
 -1      2897-7.05431E-01 7.47468E+00 1.96395E+00
 -1      2898-7.38414E-01 7.46788E+00 1.98554E+00
 -1      2899-7.06701E-01 7.47441E+00 2.03605E+00
 -1      2900-6.73718E-01 7.48121E+00 2.01446E+00
 -1      2905-9.56607E-01 8.73638E+00 1.96395E+00
 -1      2906-9.89751E-01 8.72990E+00 1.98539E+00
 -1      2907-9.58198E-01 8.73607E+00 2.03605E+00
 -1      2908-9.25054E-01 8.74255E+00 2.01461E+00
 -1      2913-1.19757E+00 1.12670E+01 1.57055E-01
 -1      2914-1.23227E+00 1.12640E+01 1.76710E-01
 -1      2915-1.20243E+00 1.12559E+01 2.28140E-01
 -1      2916-1.16773E+00 1.12590E+01 2.08485E-01
 -1      2921-1.19773E+00 1.25271E+01 3.58438E-01
 -1      2922-1.23234E+00 1.25238E+01 3.78214E-01
 -1      2923-1.20227E+00 1.25153E+01 4.29430E-01
 -1      2924-1.16766E+00 1.25186E+01 4.09654E-01
 -1      2929-1.19798E+00 1.37842E+01 5.76000E-01
 -1      2930-1.23245E+00 1.37805E+01 5.95959E-01
 -1      2931-1.20202E+00 1.37713E+01 6.46836E-01
 -1      2932-1.16755E+00 1.37749E+01 6.26877E-01
 -1      2937-1.19828E+00 1.50371E+01 8.14685E-01
 -1      2938-1.23258E+00 1.50330E+01 8.34863E-01
 -1      2939-1.20172E+00 1.50229E+01 8.85315E-01
 -1      2940-1.16742E+00 1.50270E+01 8.65137E-01
 -1      2945-1.19860E+00 1.62854E+01 1.07622E+00
 -1      2946-1.23272E+00 1.62809E+01 1.09662E+00
 -1      2947-1.20140E+00 1.62700E+01 1.14662E+00
 -1      2948-1.16728E+00 1.62745E+01 1.12622E+00
 -1      2953-1.19888E+00 1.75294E+01 1.35884E+00
 -1      2954-1.23284E+00 1.75246E+01 1.37943E+00
 -1      2955-1.20112E+00 1.75130E+01 1.42902E+00
 -1      2956-1.16716E+00 1.75178E+01 1.40843E+00
 -1      2961-1.19908E+00 1.87700E+01 1.65759E+00
 -1      2962-1.23292E+00 1.87650E+01 1.67830E+00
 -1      2963-1.20092E+00 1.87529E+01 1.72761E+00
 -1      2964-1.16708E+00 1.87580E+01 1.70689E+00
 -1      2969-1.19416E+00 1.12560E+01 1.77225E+00
 -1      2970-1.23060E+00 1.12585E+01 1.78856E+00
 -1      2971-1.20584E+00 1.12670E+01 1.84256E+00
 -1      2972-1.16940E+00 1.12644E+01 1.82625E+00
 -1      2977-1.19409E+00 1.25154E+01 1.57098E+00
 -1      2978-1.23056E+00 1.25181E+01 1.58719E+00
 -1      2979-1.20591E+00 1.25271E+01 1.64115E+00
 -1      2980-1.16944E+00 1.25244E+01 1.62494E+00
 -1      2985-1.19399E+00 1.37714E+01 1.35360E+00
 -1      2986-1.23051E+00 1.37743E+01 1.36967E+00
 -1      2987-1.20601E+00 1.37841E+01 1.42356E+00
 -1      2988-1.16949E+00 1.37812E+01 1.40749E+00
 -1      2993-1.19388E+00 1.50230E+01 1.11516E+00
 -1      2994-1.23044E+00 1.50262E+01 1.13106E+00
 -1      2995-1.20612E+00 1.50370E+01 1.18484E+00
 -1      2996-1.16956E+00 1.50338E+01 1.16894E+00
 -1      3001-1.19377E+00 1.62701E+01 8.53886E-01
 -1      3002-1.23038E+00 1.62736E+01 8.69618E-01
 -1      3003-1.20623E+00 1.62853E+01 9.23278E-01
 -1      3004-1.16962E+00 1.62819E+01 9.07546E-01
 -1      3009-1.19368E+00 1.75131E+01 5.71502E-01
 -1      3010-1.23034E+00 1.75168E+01 5.87093E-01
 -1      3011-1.20632E+00 1.75293E+01 6.40630E-01
 -1      3012-1.16966E+00 1.75257E+01 6.25039E-01
 -1      3017-1.19363E+00 1.87531E+01 2.72930E-01
 -1      3018-1.23031E+00 1.87568E+01 2.88429E-01
 -1      3019-1.20637E+00 1.87699E+01 3.41875E-01
 -1      3020-1.16969E+00 1.87661E+01 3.26376E-01
 -1      3025 1.20243E+00 1.12670E+01 1.57055E-01
 -1      3026 1.16773E+00 1.12640E+01 1.76710E-01
 -1      3027 1.19757E+00 1.12559E+01 2.28140E-01
 -1      3028 1.23227E+00 1.12590E+01 2.08485E-01
 -1      3033 1.20227E+00 1.25271E+01 3.58438E-01
 -1      3034 1.16766E+00 1.25238E+01 3.78214E-01
 -1      3035 1.19773E+00 1.25153E+01 4.29430E-01
 -1      3036 1.23234E+00 1.25186E+01 4.09654E-01
 -1      3041 1.20202E+00 1.37842E+01 5.76000E-01
 -1      3042 1.16755E+00 1.37805E+01 5.95959E-01
 -1      3043 1.19798E+00 1.37713E+01 6.46836E-01
 -1      3044 1.23245E+00 1.37749E+01 6.26877E-01
 -1      3049 1.20172E+00 1.50371E+01 8.14685E-01
 -1      3050 1.16742E+00 1.50330E+01 8.34863E-01
 -1      3051 1.19828E+00 1.50229E+01 8.85315E-01
 -1      3052 1.23258E+00 1.50270E+01 8.65137E-01
 -1      3057 1.20140E+00 1.62854E+01 1.07622E+00
 -1      3058 1.16728E+00 1.62809E+01 1.09662E+00
 -1      3059 1.19860E+00 1.62700E+01 1.14662E+00
 -1      3060 1.23272E+00 1.62745E+01 1.12622E+00
 -1      3065 1.20112E+00 1.75294E+01 1.35884E+00
 -1      3066 1.16716E+00 1.75246E+01 1.37943E+00
 -1      3067 1.19888E+00 1.75130E+01 1.42902E+00
 -1      3068 1.23284E+00 1.75178E+01 1.40843E+00
 -1      3073 1.20092E+00 1.87700E+01 1.65759E+00
 -1      3074 1.16708E+00 1.87650E+01 1.67830E+00
 -1      3075 1.19908E+00 1.87529E+01 1.72761E+00
 -1      3076 1.23292E+00 1.87580E+01 1.70689E+00
 -1      3081 1.20584E+00 1.12560E+01 1.77225E+00
 -1      3082 1.16940E+00 1.12585E+01 1.78856E+00
 -1      3083 1.19416E+00 1.12670E+01 1.84256E+00
 -1      3084 1.23060E+00 1.12644E+01 1.82625E+00
 -1      3089 1.20591E+00 1.25154E+01 1.57098E+00
 -1      3090 1.16944E+00 1.25181E+01 1.58719E+00
 -1      3091 1.19409E+00 1.25271E+01 1.64115E+00
 -1      3092 1.23056E+00 1.25244E+01 1.62494E+00
 -1      3097 1.20601E+00 1.37714E+01 1.35360E+00
 -1      3098 1.16949E+00 1.37743E+01 1.36967E+00
 -1      3099 1.19399E+00 1.37841E+01 1.42356E+00
 -1      3100 1.23051E+00 1.37812E+01 1.40749E+00
 -1      3105 1.20612E+00 1.50230E+01 1.11516E+00
 -1      3106 1.16956E+00 1.50262E+01 1.13106E+00
 -1      3107 1.19388E+00 1.50370E+01 1.18484E+00
 -1      3108 1.23044E+00 1.50338E+01 1.16894E+00
 -1      3113 1.20623E+00 1.62701E+01 8.53886E-01
 -1      3114 1.16962E+00 1.62736E+01 8.69618E-01
 -1      3115 1.19377E+00 1.62853E+01 9.23278E-01
 -1      3116 1.23038E+00 1.62819E+01 9.07546E-01
 -1      3121 1.20632E+00 1.75131E+01 5.71502E-01
 -1      3122 1.16966E+00 1.75168E+01 5.87093E-01
 -1      3123 1.19368E+00 1.75293E+01 6.40630E-01
 -1      3124 1.23034E+00 1.75257E+01 6.25039E-01
 -1      3129 1.20637E+00 1.87531E+01 2.72930E-01
 -1      3130 1.16969E+00 1.87568E+01 2.88429E-01
 -1      3131 1.19363E+00 1.87699E+01 3.41875E-01
 -1      3132 1.23031E+00 1.87661E+01 3.26376E-01
 -1      3137-8.31704E-01 1.12331E+01-3.42295E-02
 -1      3138-8.68791E-01 1.12437E+01-2.36225E-02
 -1      3139-8.53491E-01 1.12393E+01 3.42295E-02
 -1      3140-8.16404E-01 1.12287E+01 2.36225E-02
 -1      3145-4.83271E-01 1.24716E+01-3.43179E-02
 -1      3146-5.20380E-01 1.24818E+01-2.34066E-02
 -1      3147-5.04597E-01 1.24775E+01 3.43179E-02
 -1      3148-4.67488E-01 1.24673E+01 2.34066E-02
 -1      3153-1.51102E-01 1.37141E+01-3.44451E-02
 -1      3154-1.88233E-01 1.37237E+01-2.30837E-02
 -1      3155-1.71734E-01 1.37194E+01 3.44451E-02
 -1      3156-1.34603E-01 1.37098E+01 2.30837E-02
 -1      3161 1.59903E-01 1.49616E+01-3.45874E-02
 -1      3162 1.22764E-01 1.49705E+01-2.27035E-02
 -1      3163 1.40097E-01 1.49664E+01 3.45874E-02
 -1      3164 1.77236E-01 1.49575E+01 2.27035E-02
 -1      3169 4.48070E-01 1.62146E+01-3.47212E-02
 -1      3170 4.10939E-01 1.62229E+01-2.23246E-02
 -1      3171 4.29094E-01 1.62188E+01 3.47212E-02
 -1      3172 4.66225E-01 1.62106E+01 2.23246E-02
 -1      3177 7.15201E-01 1.74727E+01-3.48283E-02
 -1      3178 6.78091E-01 1.74803E+01-2.20050E-02
 -1      3179 6.96931E-01 1.74764E+01 3.48283E-02
 -1      3180 7.34041E-01 1.74688E+01 2.20050E-02
 -1      3185 9.66302E-01 1.87345E+01-3.48965E-02
 -1      3186 9.29212E-01 1.87417E+01-2.17923E-02
 -1      3187 9.48503E-01 1.87380E+01 3.48965E-02
 -1      3188 9.85593E-01 1.87307E+01 2.17923E-02
 -1      3193 8.42124E-01 1.12361E+01-3.60521E-02
 -1      3194 8.10413E-01 1.12270E+01-1.34113E-02
 -1      3195 8.43071E-01 1.12364E+01 3.60521E-02
 -1      3196 8.74781E-01 1.12454E+01 1.34113E-02
 -1      3201 4.93597E-01 1.24745E+01-3.60538E-02
 -1      3202 4.61712E-01 1.24657E+01-1.35445E-02
 -1      3203 4.94271E-01 1.24746E+01 3.60538E-02
 -1      3204 5.26156E-01 1.24834E+01 1.35445E-02
 -1      3209 1.61293E-01 1.37167E+01-3.60553E-02
 -1      3210 1.29148E-01 1.37084E+01-1.37478E-02
 -1      3211 1.61544E-01 1.37168E+01 3.60553E-02
 -1      3212 1.93688E-01 1.37251E+01 1.37478E-02
 -1      3217-1.49867E-01 1.49640E+01-3.60553E-02
 -1      3218-1.82312E-01 1.49562E+01-1.39935E-02
 -1      3219-1.50133E-01 1.49640E+01 3.60553E-02
 -1      3220-1.17688E-01 1.49718E+01 1.39935E-02
 -1      3225-4.38181E-01 1.62168E+01-3.60532E-02
 -1      3226-4.70920E-01 1.62096E+01-1.42455E-02
 -1      3227-4.38983E-01 1.62167E+01 3.60532E-02
 -1      3228-4.06244E-01 1.62239E+01 1.42455E-02
 -1      3233-7.05431E-01 1.74747E+01-3.60497E-02
 -1      3234-7.38414E-01 1.74679E+01-1.44640E-02
 -1      3235-7.06701E-01 1.74744E+01 3.60497E-02
 -1      3236-6.73718E-01 1.74812E+01 1.44640E-02
 -1      3241-9.56607E-01 1.87364E+01-3.60464E-02
 -1      3242-9.89751E-01 1.87299E+01-1.46123E-02
 -1      3243-9.58198E-01 1.87361E+01 3.60464E-02
 -1      3244-9.25054E-01 1.87425E+01 1.46123E-02
 -1      3249-8.31704E-01 1.12331E+01 1.96577E+00
 -1      3250-8.68791E-01 1.12437E+01 1.97638E+00
 -1      3251-8.53491E-01 1.12393E+01 2.03423E+00
 -1      3252-8.16404E-01 1.12287E+01 2.02362E+00
 -1      3257-4.83271E-01 1.24716E+01 1.96568E+00
 -1      3258-5.20380E-01 1.24818E+01 1.97659E+00
 -1      3259-5.04597E-01 1.24775E+01 2.03432E+00
 -1      3260-4.67488E-01 1.24673E+01 2.02341E+00
 -1      3265-1.51102E-01 1.37141E+01 1.96555E+00
 -1      3266-1.88233E-01 1.37237E+01 1.97692E+00
 -1      3267-1.71734E-01 1.37194E+01 2.03445E+00
 -1      3268-1.34603E-01 1.37098E+01 2.02308E+00
 -1      3273 1.59903E-01 1.49616E+01 1.96541E+00
 -1      3274 1.22764E-01 1.49705E+01 1.97730E+00
 -1      3275 1.40097E-01 1.49664E+01 2.03459E+00
 -1      3276 1.77236E-01 1.49575E+01 2.02270E+00
 -1      3281 4.48070E-01 1.62146E+01 1.96528E+00
 -1      3282 4.10939E-01 1.62229E+01 1.97768E+00
 -1      3283 4.29094E-01 1.62188E+01 2.03472E+00
 -1      3284 4.66225E-01 1.62106E+01 2.02232E+00
 -1      3289 7.15201E-01 1.74727E+01 1.96517E+00
 -1      3290 6.78091E-01 1.74803E+01 1.97800E+00
 -1      3291 6.96931E-01 1.74764E+01 2.03483E+00
 -1      3292 7.34041E-01 1.74688E+01 2.02200E+00
 -1      3297 9.66302E-01 1.87345E+01 1.96510E+00
 -1      3298 9.29212E-01 1.87417E+01 1.97821E+00
 -1      3299 9.48503E-01 1.87380E+01 2.03490E+00
 -1      3300 9.85593E-01 1.87307E+01 2.02179E+00
 -1      3305 8.42124E-01 1.12361E+01 1.96395E+00
 -1      3306 8.10413E-01 1.12270E+01 1.98659E+00
 -1      3307 8.43071E-01 1.12364E+01 2.03605E+00
 -1      3308 8.74781E-01 1.12454E+01 2.01341E+00
 -1      3313 4.93597E-01 1.24745E+01 1.96395E+00
 -1      3314 4.61712E-01 1.24657E+01 1.98646E+00
 -1      3315 4.94271E-01 1.24746E+01 2.03605E+00
 -1      3316 5.26156E-01 1.24834E+01 2.01354E+00
 -1      3321 1.61293E-01 1.37167E+01 1.96394E+00
 -1      3322 1.29148E-01 1.37084E+01 1.98625E+00
 -1      3323 1.61544E-01 1.37168E+01 2.03606E+00
 -1      3324 1.93688E-01 1.37251E+01 2.01375E+00
 -1      3329-1.49867E-01 1.49640E+01 1.96394E+00
 -1      3330-1.82312E-01 1.49562E+01 1.98601E+00
 -1      3331-1.50133E-01 1.49640E+01 2.03606E+00
 -1      3332-1.17688E-01 1.49718E+01 2.01399E+00
 -1      3337-4.38181E-01 1.62168E+01 1.96395E+00
 -1      3338-4.70920E-01 1.62096E+01 1.98575E+00
 -1      3339-4.38983E-01 1.62167E+01 2.03605E+00
 -1      3340-4.06244E-01 1.62239E+01 2.01425E+00
 -1      3345-7.05431E-01 1.74747E+01 1.96395E+00
 -1      3346-7.38414E-01 1.74679E+01 1.98554E+00
 -1      3347-7.06701E-01 1.74744E+01 2.03605E+00
 -1      3348-6.73718E-01 1.74812E+01 2.01446E+00
 -1      3353-9.56607E-01 1.87364E+01 1.96395E+00
 -1      3354-9.89751E-01 1.87299E+01 1.98539E+00
 -1      3355-9.58198E-01 1.87361E+01 2.03605E+00
 -1      3356-9.25054E-01 1.87425E+01 2.01461E+00
 -1      3361-1.19830E+00 3.50371E+01 8.14684E-01
 -1      3362-1.23259E+00 3.50330E+01 8.34874E-01
 -1      3363-1.20170E+00 3.50229E+01 8.85316E-01
 -1      3364-1.16741E+00 3.50270E+01 8.65126E-01
 -1      3369-1.19388E+00 3.50230E+01 1.11516E+00
 -1      3370-1.23044E+00 3.50262E+01 1.13106E+00
 -1      3371-1.20612E+00 3.50370E+01 1.18484E+00
 -1      3372-1.16956E+00 3.50338E+01 1.16894E+00
 -1      3377 1.20170E+00 3.50371E+01 8.14684E-01
 -1      3378 1.16741E+00 3.50330E+01 8.34874E-01
 -1      3379 1.19830E+00 3.50229E+01 8.85316E-01
 -1      3380 1.23259E+00 3.50270E+01 8.65126E-01
 -1      3385 1.20612E+00 3.50230E+01 1.11516E+00
 -1      3386 1.16956E+00 3.50262E+01 1.13106E+00
 -1      3387 1.19388E+00 3.50370E+01 1.18484E+00
 -1      3388 1.23044E+00 3.50338E+01 1.16894E+00
 -1      3393 1.59908E-01 3.49616E+01-3.45858E-02
 -1      3394 1.22767E-01 3.49705E+01-2.27077E-02
 -1      3395 1.40092E-01 3.49664E+01 3.45858E-02
 -1      3396 1.77233E-01 3.49575E+01 2.27077E-02
 -1      3401-1.49864E-01 3.49640E+01-3.60552E-02
 -1      3402-1.82310E-01 3.49562E+01-1.39967E-02
 -1      3403-1.50136E-01 3.49640E+01 3.60552E-02
 -1      3404-1.17690E-01 3.49718E+01 1.39967E-02
 -1      3409 1.59908E-01 3.49616E+01 1.96541E+00
 -1      3410 1.22767E-01 3.49705E+01 1.97729E+00
 -1      3411 1.40092E-01 3.49664E+01 2.03459E+00
 -1      3412 1.77233E-01 3.49575E+01 2.02271E+00
 -1      3417-1.49864E-01 3.49640E+01 1.96394E+00
 -1      3418-1.82310E-01 3.49562E+01 1.98600E+00
 -1      3419-1.50136E-01 3.49640E+01 2.03606E+00
 -1      3420-1.17690E-01 3.49718E+01 2.01400E+00
 -1      3425-1.19830E+00 4.50371E+01 8.14684E-01
 -1      3426-1.23259E+00 4.50330E+01 8.34874E-01
 -1      3427-1.20170E+00 4.50229E+01 8.85316E-01
 -1      3428-1.16741E+00 4.50270E+01 8.65126E-01
 -1      3433-1.19388E+00 4.50230E+01 1.11516E+00
 -1      3434-1.23044E+00 4.50262E+01 1.13106E+00
 -1      3435-1.20612E+00 4.50370E+01 1.18484E+00
 -1      3436-1.16956E+00 4.50338E+01 1.16894E+00
 -1      3441 1.20170E+00 4.50371E+01 8.14684E-01
 -1      3442 1.16741E+00 4.50330E+01 8.34874E-01
 -1      3443 1.19830E+00 4.50229E+01 8.85316E-01
 -1      3444 1.23259E+00 4.50270E+01 8.65126E-01
 -1      3449 1.20612E+00 4.50230E+01 1.11516E+00
 -1      3450 1.16956E+00 4.50262E+01 1.13106E+00
 -1      3451 1.19388E+00 4.50370E+01 1.18484E+00
 -1      3452 1.23044E+00 4.50338E+01 1.16894E+00
 -1      3457 1.59908E-01 4.49616E+01-3.45858E-02
 -1      3458 1.22767E-01 4.49705E+01-2.27077E-02
 -1      3459 1.40092E-01 4.49664E+01 3.45858E-02
 -1      3460 1.77233E-01 4.49575E+01 2.27077E-02
 -1      3465-1.49864E-01 4.49640E+01-3.60552E-02
 -1      3466-1.82310E-01 4.49562E+01-1.39967E-02
 -1      3467-1.50136E-01 4.49640E+01 3.60552E-02
 -1      3468-1.17690E-01 4.49718E+01 1.39967E-02
 -1      3473 1.59908E-01 4.49616E+01 1.96541E+00
 -1      3474 1.22767E-01 4.49705E+01 1.97729E+00
 -1      3475 1.40092E-01 4.49664E+01 2.03459E+00
 -1      3476 1.77233E-01 4.49575E+01 2.02271E+00
 -1      3481-1.49864E-01 4.49640E+01 1.96394E+00
 -1      3482-1.82310E-01 4.49562E+01 1.98600E+00
 -1      3483-1.50136E-01 4.49640E+01 2.03606E+00
 -1      3484-1.17690E-01 4.49718E+01 2.01400E+00
 -3
    3C                           332                                     1
 -1         1    1    0    1
 -2       273      1505      1506       274       276      1508      1507       275
 -1         2    1    0    1
 -2      1505      1513      1514      1506      1508      1516      1515      1507
 -1         3    1    0    1
 -2      1513      1521      1522      1514      1516      1524      1523      1515
 -1         4    1    0    1
 -2      1521      1529      1530      1522      1524      1532      1531      1523
 -1         5    1    0    1
 -2      1529      1537      1538      1530      1532      1540      1539      1531
 -1         6    1    0    1
 -2      1537      1545      1546      1538      1540      1548      1547      1539
 -1         7    1    0    1
 -2      1545      1553      1554      1546      1548      1556      1555      1547
 -1         8    1    0    1
 -2      1553       473       474      1554      1556       476       475      1555
 -1         9    1    0    1
 -2       323      1561      1562       324       326      1564      1563       325
 -1        10    1    0    1
 -2      1561      1569      1570      1562      1564      1572      1571      1563
 -1        11    1    0    1
 -2      1569      1577      1578      1570      1572      1580      1579      1571
 -1        12    1    0    1
 -2      1577      1585      1586      1578      1580      1588      1587      1579
 -1        13    1    0    1
 -2      1585      1593      1594      1586      1588      1596      1595      1587
 -1        14    1    0    1
 -2      1593      1601      1602      1594      1596      1604      1603      1595
 -1        15    1    0    1
 -2      1601      1609      1610      1602      1604      1612      1611      1603
 -1        16    1    0    1
 -2      1609       539       540      1610      1612       542       541      1611
 -1        17    1    0    1
 -2       373      1617      1618       374       376      1620      1619       375
 -1        18    1    0    1
 -2      1617      1625      1626      1618      1620      1628      1627      1619
 -1        19    1    0    1
 -2      1625      1633      1634      1626      1628      1636      1635      1627
 -1        20    1    0    1
 -2      1633      1641      1642      1634      1636      1644      1643      1635
 -1        21    1    0    1
 -2      1641      1649      1650      1642      1644      1652      1651      1643
 -1        22    1    0    1
 -2      1649      1657      1658      1650      1652      1660      1659      1651
 -1        23    1    0    1
 -2      1657      1665      1666      1658      1660      1668      1667      1659
 -1        24    1    0    1
 -2      1665       589       590      1666      1668       592       591      1667
 -1        25    1    0    1
 -2       423      1673      1674       424       426      1676      1675       425
 -1        26    1    0    1
 -2      1673      1681      1682      1674      1676      1684      1683      1675
 -1        27    1    0    1
 -2      1681      1689      1690      1682      1684      1692      1691      1683
 -1        28    1    0    1
 -2      1689      1697      1698      1690      1692      1700      1699      1691
 -1        29    1    0    1
 -2      1697      1705      1706      1698      1700      1708      1707      1699
 -1        30    1    0    1
 -2      1705      1713      1714      1706      1708      1716      1715      1707
 -1        31    1    0    1
 -2      1713      1721      1722      1714      1716      1724      1723      1715
 -1        32    1    0    1
 -2      1721       655       656      1722      1724       658       657      1723
 -1        33    1    0    1
 -2       497      1729      1730       498       500      1732      1731       499
 -1        34    1    0    1
 -2      1729      1737      1738      1730      1732      1740      1739      1731
 -1        35    1    0    1
 -2      1737      1745      1746      1738      1740      1748      1747      1739
 -1        36    1    0    1
 -2      1745      1753      1754      1746      1748      1756      1755      1747
 -1        37    1    0    1
 -2      1753      1761      1762      1754      1756      1764      1763      1755
 -1        38    1    0    1
 -2      1761      1769      1770      1762      1764      1772      1771      1763
 -1        39    1    0    1
 -2      1769      1777      1778      1770      1772      1780      1779      1771
 -1        40    1    0    1
 -2      1777       705       706      1778      1780       708       707      1779
 -1        41    1    0    1
 -2       539      1785      1786       540       542      1788      1787       541
 -1        42    1    0    1
 -2      1785      1793      1794      1786      1788      1796      1795      1787
 -1        43    1    0    1
 -2      1793      1801      1802      1794      1796      1804      1803      1795
 -1        44    1    0    1
 -2      1801      1809      1810      1802      1804      1812      1811      1803
 -1        45    1    0    1
 -2      1809      1817      1818      1810      1812      1820      1819      1811
 -1        46    1    0    1
 -2      1817      1825      1826      1818      1820      1828      1827      1819
 -1        47    1    0    1
 -2      1825      1833      1834      1826      1828      1836      1835      1827
 -1        48    1    0    1
 -2      1833       755       756      1834      1836       758       757      1835
 -1        49    1    0    1
 -2       613      1841      1842       614       616      1844      1843       615
 -1        50    1    0    1
 -2      1841      1849      1850      1842      1844      1852      1851      1843
 -1        51    1    0    1
 -2      1849      1857      1858      1850      1852      1860      1859      1851
 -1        52    1    0    1
 -2      1857      1865      1866      1858      1860      1868      1867      1859
 -1        53    1    0    1
 -2      1865      1873      1874      1866      1868      1876      1875      1867
 -1        54    1    0    1
 -2      1873      1881      1882      1874      1876      1884      1883      1875
 -1        55    1    0    1
 -2      1881      1889      1890      1882      1884      1892      1891      1883
 -1        56    1    0    1
 -2      1889       805       806      1890      1892       808       807      1891
 -1        57    1    0    1
 -2       655      1897      1898       656       658      1900      1899       657
 -1        58    1    0    1
 -2      1897      1905      1906      1898      1900      1908      1907      1899
 -1        59    1    0    1
 -2      1905      1913      1914      1906      1908      1916      1915      1907
 -1        60    1    0    1
 -2      1913      1921      1922      1914      1916      1924      1923      1915
 -1        61    1    0    1
 -2      1921      1929      1930      1922      1924      1932      1931      1923
 -1        62    1    0    1
 -2      1929      1937      1938      1930      1932      1940      1939      1931
 -1        63    1    0    1
 -2      1937      1945      1946      1938      1940      1948      1947      1939
 -1        64    1    0    1
 -2      1945       855       856      1946      1948       858       857      1947
 -1        65    1    0    1
 -2       705      1953      1954       706       708      1956      1955       707
 -1        66    1    0    1
 -2      1953       905       906      1954      1956       908       907      1955
 -1        67    1    0    1
 -2       755      1961      1962       756       758      1964      1963       757
 -1        68    1    0    1
 -2      1961       955       956      1962      1964       958       957      1963
 -1        69    1    0    1
 -2       805      1969      1970       806       808      1972      1971       807
 -1        70    1    0    1
 -2      1969      1005      1006      1970      1972      1008      1007      1971
 -1        71    1    0    1
 -2       855      1977      1978       856       858      1980      1979       857
 -1        72    1    0    1
 -2      1977      1055      1056      1978      1980      1058      1057      1979
 -1        73    1    0    1
 -2       905      1105      1106       906       908      1108      1107       907
 -1        74    1    0    1
 -2       955      1155      1156       956       958      1158      1157       957
 -1        75    1    0    1
 -2      1005      1205      1206      1006      1008      1208      1207      1007
 -1        76    1    0    1
 -2      1055      1255      1256      1056      1058      1258      1257      1057
 -1        77    1    0    1
 -2      1105      1985      1986      1106      1108      1988      1987      1107
 -1        78    1    0    1
 -2      1985      1305      1306      1986      1988      1308      1307      1987
 -1        79    1    0    1
 -2      1155      1993      1994      1156      1158      1996      1995      1157
 -1        80    1    0    1
 -2      1993      1355      1356      1994      1996      1358      1357      1995
 -1        81    1    0    1
 -2      1205      2001      2002      1206      1208      2004      2003      1207
 -1        82    1    0    1
 -2      2001      1405      1406      2002      2004      1408      1407      2003
 -1        83    1    0    1
 -2      1255      2009      2010      1256      1258      2012      2011      1257
 -1        84    1    0    1
 -2      2009      1455      1456      2010      2012      1458      1457      2011
 -1        85    1    0    1
 -2       281      2017      2018       282       284      2020      2019       283
 -1        86    1    0    1
 -2      2017      2025      2026      2018      2020      2028      2027      2019
 -1        87    1    0    1
 -2      2025      2033      2034      2026      2028      2036      2035      2027
 -1        88    1    0    1
 -2      2033       331       332      2034      2036       334       333      2035
 -1        89    1    0    1
 -2       381      2041      2042       382       384      2044      2043       383
 -1        90    1    0    1
 -2      2041      2049      2050      2042      2044      2052      2051      2043
 -1        91    1    0    1
 -2      2049      2057      2058      2050      2052      2060      2059      2051
 -1        92    1    0    1
 -2      2057       431       432      2058      2060       434       433      2059
 -1        93    1    0    1
 -2       289      2065      2066       290       292      2068      2067       291
 -1        94    1    0    1
 -2      2065      2073      2074      2066      2068      2076      2075      2067
 -1        95    1    0    1
 -2      2073      2081      2082      2074      2076      2084      2083      2075
 -1        96    1    0    1
 -2      2081       389       390      2082      2084       392       391      2083
 -1        97    1    0    1
 -2       339      2089      2090       340       342      2092      2091       341
 -1        98    1    0    1
 -2      2089      2097      2098      2090      2092      2100      2099      2091
 -1        99    1    0    1
 -2      2097      2105      2106      2098      2100      2108      2107      2099
 -1       100    1    0    1
 -2      2105       439       440      2106      2108       442       441      2107
 -1       101    1    0    1
 -2       481      2113      2114       482       484      2116      2115       483
 -1       102    1    0    1
 -2      2113      2121      2122      2114      2116      2124      2123      2115
 -1       103    1    0    1
 -2      2121      2129      2130      2122      2124      2132      2131      2123
 -1       104    1    0    1
 -2      2129      2137      2138      2130      2132      2140      2139      2131
 -1       105    1    0    1
 -2      2137      2145      2146      2138      2140      2148      2147      2139
 -1       106    1    0    1
 -2      2145      2153      2154      2146      2148      2156      2155      2147
 -1       107    1    0    1
 -2      2153      2161      2162      2154      2156      2164      2163      2155
 -1       108    1    0    1
 -2      2161       547       548      2162      2164       550       549      2163
 -1       109    1    0    1
 -2       597      2169      2170       598       600      2172      2171       599
 -1       110    1    0    1
 -2      2169      2177      2178      2170      2172      2180      2179      2171
 -1       111    1    0    1
 -2      2177      2185      2186      2178      2180      2188      2187      2179
 -1       112    1    0    1
 -2      2185      2193      2194      2186      2188      2196      2195      2187
 -1       113    1    0    1
 -2      2193      2201      2202      2194      2196      2204      2203      2195
 -1       114    1    0    1
 -2      2201      2209      2210      2202      2204      2212      2211      2203
 -1       115    1    0    1
 -2      2209      2217      2218      2210      2212      2220      2219      2211
 -1       116    1    0    1
 -2      2217       663       664      2218      2220       666       665      2219
 -1       117    1    0    1
 -2       489      2225      2226       490       492      2228      2227       491
 -1       118    1    0    1
 -2      2225      2233      2234      2226      2228      2236      2235      2227
 -1       119    1    0    1
 -2      2233      2241      2242      2234      2236      2244      2243      2235
 -1       120    1    0    1
 -2      2241      2249      2250      2242      2244      2252      2251      2243
 -1       121    1    0    1
 -2      2249      2257      2258      2250      2252      2260      2259      2251
 -1       122    1    0    1
 -2      2257      2265      2266      2258      2260      2268      2267      2259
 -1       123    1    0    1
 -2      2265      2273      2274      2266      2268      2276      2275      2267
 -1       124    1    0    1
 -2      2273       605       606      2274      2276       608       607      2275
 -1       125    1    0    1
 -2       555      2281      2282       556       558      2284      2283       557
 -1       126    1    0    1
 -2      2281      2289      2290      2282      2284      2292      2291      2283
 -1       127    1    0    1
 -2      2289      2297      2298      2290      2292      2300      2299      2291
 -1       128    1    0    1
 -2      2297      2305      2306      2298      2300      2308      2307      2299
 -1       129    1    0    1
 -2      2305      2313      2314      2306      2308      2316      2315      2307
 -1       130    1    0    1
 -2      2313      2321      2322      2314      2316      2324      2323      2315
 -1       131    1    0    1
 -2      2321      2329      2330      2322      2324      2332      2331      2323
 -1       132    1    0    1
 -2      2329       671       672      2330      2332       674       673      2331
 -1       133    1    0    1
 -2       713      2337      2338       714       716      2340      2339       715
 -1       134    1    0    1
 -2      2337       763       764      2338      2340       766       765      2339
 -1       135    1    0    1
 -2       813      2345      2346       814       816      2348      2347       815
 -1       136    1    0    1
 -2      2345       863       864      2346      2348       866       865      2347
 -1       137    1    0    1
 -2       721      2353      2354       722       724      2356      2355       723
 -1       138    1    0    1
 -2      2353       821       822      2354      2356       824       823      2355
 -1       139    1    0    1
 -2       771      2361      2362       772       774      2364      2363       773
 -1       140    1    0    1
 -2      2361       871       872      2362      2364       874       873      2363
 -1       141    1    0    1
 -2       913       963       964       914       916       966       965       915
 -1       142    1    0    1
 -2      1013      1063      1064      1014      1016      1066      1065      1015
 -1       143    1    0    1
 -2       921      1021      1022       922       924      1024      1023       923
 -1       144    1    0    1
 -2       971      1071      1072       972       974      1074      1073       973
 -1       145    1    0    1
 -2      1113      2369      2370      1114      1116      2372      2371      1115
 -1       146    1    0    1
 -2      2369      2377      2378      2370      2372      2380      2379      2371
 -1       147    1    0    1
 -2      2377      2385      2386      2378      2380      2388      2387      2379
 -1       148    1    0    1
 -2      2385      1163      1164      2386      2388      1166      1165      2387
 -1       149    1    0    1
 -2      1213      2393      2394      1214      1216      2396      2395      1215
 -1       150    1    0    1
 -2      2393      2401      2402      2394      2396      2404      2403      2395
 -1       151    1    0    1
 -2      2401      2409      2410      2402      2404      2412      2411      2403
 -1       152    1    0    1
 -2      2409      1263      1264      2410      2412      1266      1265      2411
 -1       153    1    0    1
 -2      1121      2417      2418      1122      1124      2420      2419      1123
 -1       154    1    0    1
 -2      2417      2425      2426      2418      2420      2428      2427      2419
 -1       155    1    0    1
 -2      2425      2433      2434      2426      2428      2436      2435      2427
 -1       156    1    0    1
 -2      2433      1221      1222      2434      2436      1224      1223      2435
 -1       157    1    0    1
 -2      1171      2441      2442      1172      1174      2444      2443      1173
 -1       158    1    0    1
 -2      2441      2449      2450      2442      2444      2452      2451      2443
 -1       159    1    0    1
 -2      2449      2457      2458      2450      2452      2460      2459      2451
 -1       160    1    0    1
 -2      2457      1271      1272      2458      2460      1274      1273      2459
 -1       161    1    0    1
 -2      1313      1363      1364      1314      1316      1366      1365      1315
 -1       162    1    0    1
 -2      1413      1463      1464      1414      1416      1466      1465      1415
 -1       163    1    0    1
 -2      1321      1421      1422      1322      1324      1424      1423      1323
 -1       164    1    0    1
 -2      1371      1471      1472      1372      1374      1474      1473      1373
 -1       165    1    0    1
 -2       273      2465      2466       274       276      2468      2467       275
 -1       166    1    0    1
 -2      2465      2473      2474      2466      2468      2476      2475      2467
 -1       167    1    0    1
 -2      2473      2481      2482      2474      2476      2484      2483      2475
 -1       168    1    0    1
 -2      2481      2489      2490      2482      2484      2492      2491      2483
 -1       169    1    0    1
 -2      2489      2497      2498      2490      2492      2500      2499      2491
 -1       170    1    0    1
 -2      2497      2505      2506      2498      2500      2508      2507      2499
 -1       171    1    0    1
 -2      2505      2513      2514      2506      2508      2516      2515      2507
 -1       172    1    0    1
 -2      2513       589       590      2514      2516       592       591      2515
 -1       173    1    0    1
 -2       373      2521      2522       374       376      2524      2523       375
 -1       174    1    0    1
 -2      2521      2529      2530      2522      2524      2532      2531      2523
 -1       175    1    0    1
 -2      2529      2537      2538      2530      2532      2540      2539      2531
 -1       176    1    0    1
 -2      2537      2545      2546      2538      2540      2548      2547      2539
 -1       177    1    0    1
 -2      2545      2553      2554      2546      2548      2556      2555      2547
 -1       178    1    0    1
 -2      2553      2561      2562      2554      2556      2564      2563      2555
 -1       179    1    0    1
 -2      2561      2569      2570      2562      2564      2572      2571      2563
 -1       180    1    0    1
 -2      2569       473       474      2570      2572       476       475      2571
 -1       181    1    0    1
 -2       323      2577      2578       324       326      2580      2579       325
 -1       182    1    0    1
 -2      2577      2585      2586      2578      2580      2588      2587      2579
 -1       183    1    0    1
 -2      2585      2593      2594      2586      2588      2596      2595      2587
 -1       184    1    0    1
 -2      2593      2601      2602      2594      2596      2604      2603      2595
 -1       185    1    0    1
 -2      2601      2609      2610      2602      2604      2612      2611      2603
 -1       186    1    0    1
 -2      2609      2617      2618      2610      2612      2620      2619      2611
 -1       187    1    0    1
 -2      2617      2625      2626      2618      2620      2628      2627      2619
 -1       188    1    0    1
 -2      2625       655       656      2626      2628       658       657      2627
 -1       189    1    0    1
 -2       423      2633      2634       424       426      2636      2635       425
 -1       190    1    0    1
 -2      2633      2641      2642      2634      2636      2644      2643      2635
 -1       191    1    0    1
 -2      2641      2649      2650      2642      2644      2652      2651      2643
 -1       192    1    0    1
 -2      2649      2657      2658      2650      2652      2660      2659      2651
 -1       193    1    0    1
 -2      2657      2665      2666      2658      2660      2668      2667      2659
 -1       194    1    0    1
 -2      2665      2673      2674      2666      2668      2676      2675      2667
 -1       195    1    0    1
 -2      2673      2681      2682      2674      2676      2684      2683      2675
 -1       196    1    0    1
 -2      2681       539       540      2682      2684       542       541      2683
 -1       197    1    0    1
 -2       273      2689      2690       274       276      2692      2691       275
 -1       198    1    0    1
 -2      2689      2697      2698      2690      2692      2700      2699      2691
 -1       199    1    0    1
 -2      2697      2705      2706      2698      2700      2708      2707      2699
 -1       200    1    0    1
 -2      2705      2713      2714      2706      2708      2716      2715      2707
 -1       201    1    0    1
 -2      2713      2721      2722      2714      2716      2724      2723      2715
 -1       202    1    0    1
 -2      2721      2729      2730      2722      2724      2732      2731      2723
 -1       203    1    0    1
 -2      2729      2737      2738      2730      2732      2740      2739      2731
 -1       204    1    0    1
 -2      2737       539       540      2738      2740       542       541      2739
 -1       205    1    0    1
 -2       323      2745      2746       324       326      2748      2747       325
 -1       206    1    0    1
 -2      2745      2753      2754      2746      2748      2756      2755      2747
 -1       207    1    0    1
 -2      2753      2761      2762      2754      2756      2764      2763      2755
 -1       208    1    0    1
 -2      2761      2769      2770      2762      2764      2772      2771      2763
 -1       209    1    0    1
 -2      2769      2777      2778      2770      2772      2780      2779      2771
 -1       210    1    0    1
 -2      2777      2785      2786      2778      2780      2788      2787      2779
 -1       211    1    0    1
 -2      2785      2793      2794      2786      2788      2796      2795      2787
 -1       212    1    0    1
 -2      2793       473       474      2794      2796       476       475      2795
 -1       213    1    0    1
 -2       373      2801      2802       374       376      2804      2803       375
 -1       214    1    0    1
 -2      2801      2809      2810      2802      2804      2812      2811      2803
 -1       215    1    0    1
 -2      2809      2817      2818      2810      2812      2820      2819      2811
 -1       216    1    0    1
 -2      2817      2825      2826      2818      2820      2828      2827      2819
 -1       217    1    0    1
 -2      2825      2833      2834      2826      2828      2836      2835      2827
 -1       218    1    0    1
 -2      2833      2841      2842      2834      2836      2844      2843      2835
 -1       219    1    0    1
 -2      2841      2849      2850      2842      2844      2852      2851      2843
 -1       220    1    0    1
 -2      2849       655       656      2850      2852       658       657      2851
 -1       221    1    0    1
 -2       423      2857      2858       424       426      2860      2859       425
 -1       222    1    0    1
 -2      2857      2865      2866      2858      2860      2868      2867      2859
 -1       223    1    0    1
 -2      2865      2873      2874      2866      2868      2876      2875      2867
 -1       224    1    0    1
 -2      2873      2881      2882      2874      2876      2884      2883      2875
 -1       225    1    0    1
 -2      2881      2889      2890      2882      2884      2892      2891      2883
 -1       226    1    0    1
 -2      2889      2897      2898      2890      2892      2900      2899      2891
 -1       227    1    0    1
 -2      2897      2905      2906      2898      2900      2908      2907      2899
 -1       228    1    0    1
 -2      2905       589       590      2906      2908       592       591      2907
 -1       229    1    0    1
 -2       473      2913      2914       474       476      2916      2915       475
 -1       230    1    0    1
 -2      2913      2921      2922      2914      2916      2924      2923      2915
 -1       231    1    0    1
 -2      2921      2929      2930      2922      2924      2932      2931      2923
 -1       232    1    0    1
 -2      2929      2937      2938      2930      2932      2940      2939      2931
 -1       233    1    0    1
 -2      2937      2945      2946      2938      2940      2948      2947      2939
 -1       234    1    0    1
 -2      2945      2953      2954      2946      2948      2956      2955      2947
 -1       235    1    0    1
 -2      2953      2961      2962      2954      2956      2964      2963      2955
 -1       236    1    0    1
 -2      2961       805       806      2962      2964       808       807      2963
 -1       237    1    0    1
 -2       613      2969      2970       614       616      2972      2971       615
 -1       238    1    0    1
 -2      2969      2977      2978      2970      2972      2980      2979      2971
 -1       239    1    0    1
 -2      2977      2985      2986      2978      2980      2988      2987      2979
 -1       240    1    0    1
 -2      2985      2993      2994      2986      2988      2996      2995      2987
 -1       241    1    0    1
 -2      2993      3001      3002      2994      2996      3004      3003      2995
 -1       242    1    0    1
 -2      3001      3009      3010      3002      3004      3012      3011      3003
 -1       243    1    0    1
 -2      3009      3017      3018      3010      3012      3020      3019      3011
 -1       244    1    0    1
 -2      3017       705       706      3018      3020       708       707      3019
 -1       245    1    0    1
 -2       539      3025      3026       540       542      3028      3027       541
 -1       246    1    0    1
 -2      3025      3033      3034      3026      3028      3036      3035      3027
 -1       247    1    0    1
 -2      3033      3041      3042      3034      3036      3044      3043      3035
 -1       248    1    0    1
 -2      3041      3049      3050      3042      3044      3052      3051      3043
 -1       249    1    0    1
 -2      3049      3057      3058      3050      3052      3060      3059      3051
 -1       250    1    0    1
 -2      3057      3065      3066      3058      3060      3068      3067      3059
 -1       251    1    0    1
 -2      3065      3073      3074      3066      3068      3076      3075      3067
 -1       252    1    0    1
 -2      3073       855       856      3074      3076       858       857      3075
 -1       253    1    0    1
 -2       655      3081      3082       656       658      3084      3083       657
 -1       254    1    0    1
 -2      3081      3089      3090      3082      3084      3092      3091      3083
 -1       255    1    0    1
 -2      3089      3097      3098      3090      3092      3100      3099      3091
 -1       256    1    0    1
 -2      3097      3105      3106      3098      3100      3108      3107      3099
 -1       257    1    0    1
 -2      3105      3113      3114      3106      3108      3116      3115      3107
 -1       258    1    0    1
 -2      3113      3121      3122      3114      3116      3124      3123      3115
 -1       259    1    0    1
 -2      3121      3129      3130      3122      3124      3132      3131      3123
 -1       260    1    0    1
 -2      3129       755       756      3130      3132       758       757      3131
 -1       261    1    0    1
 -2       497      3137      3138       498       500      3140      3139       499
 -1       262    1    0    1
 -2      3137      3145      3146      3138      3140      3148      3147      3139
 -1       263    1    0    1
 -2      3145      3153      3154      3146      3148      3156      3155      3147
 -1       264    1    0    1
 -2      3153      3161      3162      3154      3156      3164      3163      3155
 -1       265    1    0    1
 -2      3161      3169      3170      3162      3164      3172      3171      3163
 -1       266    1    0    1
 -2      3169      3177      3178      3170      3172      3180      3179      3171
 -1       267    1    0    1
 -2      3177      3185      3186      3178      3180      3188      3187      3179
 -1       268    1    0    1
 -2      3185       755       756      3186      3188       758       757      3187
 -1       269    1    0    1
 -2       539      3193      3194       540       542      3196      3195       541
 -1       270    1    0    1
 -2      3193      3201      3202      3194      3196      3204      3203      3195
 -1       271    1    0    1
 -2      3201      3209      3210      3202      3204      3212      3211      3203
 -1       272    1    0    1
 -2      3209      3217      3218      3210      3212      3220      3219      3211
 -1       273    1    0    1
 -2      3217      3225      3226      3218      3220      3228      3227      3219
 -1       274    1    0    1
 -2      3225      3233      3234      3226      3228      3236      3235      3227
 -1       275    1    0    1
 -2      3233      3241      3242      3234      3236      3244      3243      3235
 -1       276    1    0    1
 -2      3241       705       706      3242      3244       708       707      3243
 -1       277    1    0    1
 -2       613      3249      3250       614       616      3252      3251       615
 -1       278    1    0    1
 -2      3249      3257      3258      3250      3252      3260      3259      3251
 -1       279    1    0    1
 -2      3257      3265      3266      3258      3260      3268      3267      3259
 -1       280    1    0    1
 -2      3265      3273      3274      3266      3268      3276      3275      3267
 -1       281    1    0    1
 -2      3273      3281      3282      3274      3276      3284      3283      3275
 -1       282    1    0    1
 -2      3281      3289      3290      3282      3284      3292      3291      3283
 -1       283    1    0    1
 -2      3289      3297      3298      3290      3292      3300      3299      3291
 -1       284    1    0    1
 -2      3297       855       856      3298      3300       858       857      3299
 -1       285    1    0    1
 -2       655      3305      3306       656       658      3308      3307       657
 -1       286    1    0    1
 -2      3305      3313      3314      3306      3308      3316      3315      3307
 -1       287    1    0    1
 -2      3313      3321      3322      3314      3316      3324      3323      3315
 -1       288    1    0    1
 -2      3321      3329      3330      3322      3324      3332      3331      3323
 -1       289    1    0    1
 -2      3329      3337      3338      3330      3332      3340      3339      3331
 -1       290    1    0    1
 -2      3337      3345      3346      3338      3340      3348      3347      3339
 -1       291    1    0    1
 -2      3345      3353      3354      3346      3348      3356      3355      3347
 -1       292    1    0    1
 -2      3353       805       806      3354      3356       808       807      3355
 -1       293    1    0    1
 -2       705      1005      1006       706       708      1008      1007       707
 -1       294    1    0    1
 -2       805       905       906       806       808       908       907       807
 -1       295    1    0    1
 -2       755      1055      1056       756       758      1058      1057       757
 -1       296    1    0    1
 -2       855       955       956       856       858       958       957       857
 -1       297    1    0    1
 -2       705       955       956       706       708       958       957       707
 -1       298    1    0    1
 -2       755       905       906       756       758       908       907       757
 -1       299    1    0    1
 -2       805      1055      1056       806       808      1058      1057       807
 -1       300    1    0    1
 -2       855      1005      1006       856       858      1008      1007       857
 -1       301    1    0    1
 -2       905      3361      3362       906       908      3364      3363       907
 -1       302    1    0    1
 -2      3361      1205      1206      3362      3364      1208      1207      3363
 -1       303    1    0    1
 -2      1005      3369      3370      1006      1008      3372      3371      1007
 -1       304    1    0    1
 -2      3369      1105      1106      3370      3372      1108      1107      3371
 -1       305    1    0    1
 -2       955      3377      3378       956       958      3380      3379       957
 -1       306    1    0    1
 -2      3377      1255      1256      3378      3380      1258      1257      3379
 -1       307    1    0    1
 -2      1055      3385      3386      1056      1058      3388      3387      1057
 -1       308    1    0    1
 -2      3385      1155      1156      3386      3388      1158      1157      3387
 -1       309    1    0    1
 -2       905      3393      3394       906       908      3396      3395       907
 -1       310    1    0    1
 -2      3393      1155      1156      3394      3396      1158      1157      3395
 -1       311    1    0    1
 -2       955      3401      3402       956       958      3404      3403       957
 -1       312    1    0    1
 -2      3401      1105      1106      3402      3404      1108      1107      3403
 -1       313    1    0    1
 -2      1005      3409      3410      1006      1008      3412      3411      1007
 -1       314    1    0    1
 -2      3409      1255      1256      3410      3412      1258      1257      3411
 -1       315    1    0    1
 -2      1055      3417      3418      1056      1058      3420      3419      1057
 -1       316    1    0    1
 -2      3417      1205      1206      3418      3420      1208      1207      3419
 -1       317    1    0    1
 -2      1105      3425      3426      1106      1108      3428      3427      1107
 -1       318    1    0    1
 -2      3425      1405      1406      3426      3428      1408      1407      3427
 -1       319    1    0    1
 -2      1205      3433      3434      1206      1208      3436      3435      1207
 -1       320    1    0    1
 -2      3433      1305      1306      3434      3436      1308      1307      3435
 -1       321    1    0    1
 -2      1155      3441      3442      1156      1158      3444      3443      1157
 -1       322    1    0    1
 -2      3441      1455      1456      3442      3444      1458      1457      3443
 -1       323    1    0    1
 -2      1255      3449      3450      1256      1258      3452      3451      1257
 -1       324    1    0    1
 -2      3449      1355      1356      3450      3452      1358      1357      3451
 -1       325    1    0    1
 -2      1105      3457      3458      1106      1108      3460      3459      1107
 -1       326    1    0    1
 -2      3457      1355      1356      3458      3460      1358      1357      3459
 -1       327    1    0    1
 -2      1155      3465      3466      1156      1158      3468      3467      1157
 -1       328    1    0    1
 -2      3465      1305      1306      3466      3468      1308      1307      3467
 -1       329    1    0    1
 -2      1205      3473      3474      1206      1208      3476      3475      1207
 -1       330    1    0    1
 -2      3473      1455      1456      3474      3476      1458      1457      3475
 -1       331    1    0    1
 -2      1255      3481      3482      1256      1258      3484      3483      1257
 -1       332    1    0    1
 -2      3481      1405      1406      3482      3484      1408      1407      3483
 -3
    1PSTEP                         1           1           1          
  100CL  101 1.000000000           0                     0    1           1
 -4  DISP        4    1
 -5  D1          1    2    1    0
 -5  D2          1    2    2    0
 -5  D3          1    2    3    0
 -5  ALL         1    2    0    0    1ALL
 -3
 9999
