    1C
    1UNormalized cross-passage space-truss torsion benchmark            
    1UUSER                                                              
    1UDATE              06.august.2026                                  
    1UTIME              08:06:54                                        
    1UHOST                                                              
    1UPGM               CalculiX                                        
    1UVERSION           Version 2.21                             
    1UCOMPILETIME       Sat Jul 29 10:52:01 CEST 2023                    
    1UDIR                                                               
    1UDBN                                                               
    1UMAT    1STEEL                                                     
    2C                          1296                                     1
 -1       277-1.19373E+00 7.64433E-04-3.54974E-02
 -1       278-1.23022E+00 3.54650E-03-1.93487E-02
 -1       279-1.20627E+00-7.64433E-04 3.54974E-02
 -1       280-1.16978E+00-3.54650E-03 1.93487E-02
 -1       285-1.20145E+00-3.41225E-02-1.15569E-02
 -1       286-1.20010E+00-2.46574E-03-3.59709E-02
 -1       287-1.19855E+00 3.41225E-02 1.15569E-02
 -1       288-1.19990E+00 2.46574E-03 3.59709E-02
 -1       293-1.23365E+00-1.29325E-02 5.48678E-04
 -1       294-1.20099E+00-3.60094E-02 1.52775E-03
 -1       295-1.16635E+00 1.29325E-02-5.48678E-04
 -1       296-1.19901E+00 3.60094E-02-1.52775E-03
 -1       327 1.20171E+00 2.55663E-03-3.59239E-02
 -1       328 1.16756E+00-1.97735E-03-1.56071E-02
 -1       329 1.19829E+00-2.55663E-03 3.59239E-02
 -1       330 1.23244E+00 1.97735E-03 1.56071E-02
 -1       335 1.20143E+00-3.37965E-02-1.24797E-02
 -1       336 1.20006E+00-1.48932E-03-3.60247E-02
 -1       337 1.19857E+00 3.37965E-02 1.24797E-02
 -1       338 1.19994E+00 1.48932E-03 3.60247E-02
 -1       343 1.16707E+00-1.46725E-02-6.22501E-04
 -1       344 1.20089E+00-3.60121E-02-1.52786E-03
 -1       345 1.23293E+00 1.46725E-02 6.22501E-04
 -1       346 1.19911E+00 3.60121E-02 1.52786E-03
 -1       377-1.19292E+00-3.00914E-03 1.96477E+00
 -1       378-1.22977E+00 1.41549E-03 1.97970E+00
 -1       379-1.20708E+00 3.00914E-03 2.03523E+00
 -1       380-1.17023E+00-1.41549E-03 2.02030E+00
 -1       385-1.19857E+00-3.37965E-02 1.98752E+00
 -1       386-1.19994E+00-1.48932E-03 1.96398E+00
 -1       387-1.20143E+00 3.37965E-02 2.01248E+00
 -1       388-1.20006E+00 1.48932E-03 2.03602E+00
 -1       393-1.23293E+00-1.46725E-02 1.99938E+00
 -1       394-1.19911E+00-3.60121E-02 1.99847E+00
 -1       395-1.16707E+00 1.46725E-02 2.00062E+00
 -1       396-1.20089E+00 3.60121E-02 2.00153E+00
 -1       427 1.20313E+00-1.07255E-03 1.96410E+00
 -1       428 1.16819E+00-3.59000E-03 1.98341E+00
 -1       429 1.19687E+00 1.07255E-03 2.03590E+00
 -1       430 1.23181E+00 3.59000E-03 2.01659E+00
 -1       435 1.19855E+00-3.41225E-02 1.98844E+00
 -1       436 1.19990E+00-2.46574E-03 1.96403E+00
 -1       437 1.20145E+00 3.41225E-02 2.01156E+00
 -1       438 1.20010E+00 2.46574E-03 2.03597E+00
 -1       443 1.16635E+00-1.29325E-02 2.00055E+00
 -1       444 1.19901E+00-3.60094E-02 2.00153E+00
 -1       445 1.23365E+00 1.29325E-02 1.99945E+00
 -1       446 1.20099E+00 3.60094E-02 1.99847E+00
 -1       477-1.19505E+00 9.99943E+00-3.57096E-02
 -1       478-1.23106E+00 1.00002E+01-1.83099E-02
 -1       479-1.20495E+00 1.00006E+01 3.57096E-02
 -1       480-1.16894E+00 9.99982E+00 1.83099E-02
 -1       485-1.20145E+00 9.96588E+00-1.15569E-02
 -1       486-1.20010E+00 9.99753E+00-3.59709E-02
 -1       487-1.19855E+00 1.00341E+01 1.15569E-02
 -1       488-1.19990E+00 1.00025E+01 3.59709E-02
 -1       493-1.23365E+00 9.98707E+00 5.48678E-04
 -1       494-1.20099E+00 9.96399E+00 1.52775E-03
 -1       495-1.16635E+00 1.00129E+01-5.48678E-04
 -1       496-1.19901E+00 1.00360E+01-1.52775E-03
 -1       527 1.20436E+00 9.99956E+00-3.57878E-02
 -1       528 1.16864E+00 9.99931E+00-1.77859E-02
 -1       529 1.19564E+00 1.00004E+01 3.57878E-02
 -1       530 1.23136E+00 1.00007E+01 1.77859E-02
 -1       535 1.20143E+00 9.96620E+00-1.24797E-02
 -1       536 1.20006E+00 9.99851E+00-3.60247E-02
 -1       537 1.19857E+00 1.00338E+01 1.24797E-02
 -1       538 1.19994E+00 1.00015E+01 3.60247E-02
 -1       543 1.16707E+00 9.98533E+00-6.22501E-04
 -1       544 1.20089E+00 9.96399E+00-1.52786E-03
 -1       545 1.23293E+00 1.00147E+01 6.22501E-04
 -1       546 1.19911E+00 1.00360E+01 1.52786E-03
 -1       577-1.19537E+00 1.00004E+01 1.96425E+00
 -1       578-1.23122E+00 1.00007E+01 1.98198E+00
 -1       579-1.20463E+00 9.99956E+00 2.03575E+00
 -1       580-1.16878E+00 9.99931E+00 2.01802E+00
 -1       585-1.19857E+00 9.96620E+00 1.98752E+00
 -1       586-1.19994E+00 9.99851E+00 1.96398E+00
 -1       587-1.20143E+00 1.00338E+01 2.01248E+00
 -1       588-1.20006E+00 1.00015E+01 2.03602E+00
 -1       593-1.23293E+00 9.98533E+00 1.99938E+00
 -1       594-1.19911E+00 9.96399E+00 1.99847E+00
 -1       595-1.16707E+00 1.00147E+01 2.00062E+00
 -1       596-1.20089E+00 1.00360E+01 2.00153E+00
 -1       627 1.20403E+00 1.00006E+01 1.96417E+00
 -1       628 1.16848E+00 9.99981E+00 1.98250E+00
 -1       629 1.19597E+00 9.99944E+00 2.03583E+00
 -1       630 1.23152E+00 1.00002E+01 2.01750E+00
 -1       635 1.19855E+00 9.96588E+00 1.98844E+00
 -1       636 1.19990E+00 9.99753E+00 1.96403E+00
 -1       637 1.20145E+00 1.00341E+01 2.01156E+00
 -1       638 1.20010E+00 1.00025E+01 2.03597E+00
 -1       643 1.16635E+00 9.98707E+00 2.00055E+00
 -1       644 1.19901E+00 9.96399E+00 2.00153E+00
 -1       645 1.23365E+00 1.00129E+01 1.99945E+00
 -1       646 1.20099E+00 1.00360E+01 1.99847E+00
 -1       677-1.19505E+00 1.99994E+01-3.57096E-02
 -1       678-1.23106E+00 2.00002E+01-1.83099E-02
 -1       679-1.20495E+00 2.00006E+01 3.57096E-02
 -1       680-1.16894E+00 1.99998E+01 1.83099E-02
 -1       685-1.20145E+00 1.99659E+01-1.15569E-02
 -1       686-1.20010E+00 1.99975E+01-3.59709E-02
 -1       687-1.19855E+00 2.00341E+01 1.15569E-02
 -1       688-1.19990E+00 2.00025E+01 3.59709E-02
 -1       693-1.23365E+00 1.99871E+01 5.48678E-04
 -1       694-1.20099E+00 1.99640E+01 1.52775E-03
 -1       695-1.16635E+00 2.00129E+01-5.48678E-04
 -1       696-1.19901E+00 2.00360E+01-1.52775E-03
 -1       727 1.20436E+00 1.99996E+01-3.57878E-02
 -1       728 1.16864E+00 1.99993E+01-1.77859E-02
 -1       729 1.19564E+00 2.00004E+01 3.57878E-02
 -1       730 1.23136E+00 2.00007E+01 1.77859E-02
 -1       735 1.20143E+00 1.99662E+01-1.24797E-02
 -1       736 1.20006E+00 1.99985E+01-3.60247E-02
 -1       737 1.19857E+00 2.00338E+01 1.24797E-02
 -1       738 1.19994E+00 2.00015E+01 3.60247E-02
 -1       743 1.16707E+00 1.99853E+01-6.22501E-04
 -1       744 1.20089E+00 1.99640E+01-1.52786E-03
 -1       745 1.23293E+00 2.00147E+01 6.22501E-04
 -1       746 1.19911E+00 2.00360E+01 1.52786E-03
 -1       777-1.19537E+00 2.00004E+01 1.96425E+00
 -1       778-1.23122E+00 2.00007E+01 1.98198E+00
 -1       779-1.20463E+00 1.99996E+01 2.03575E+00
 -1       780-1.16878E+00 1.99993E+01 2.01802E+00
 -1       785-1.19857E+00 1.99662E+01 1.98752E+00
 -1       786-1.19994E+00 1.99985E+01 1.96398E+00
 -1       787-1.20143E+00 2.00338E+01 2.01248E+00
 -1       788-1.20006E+00 2.00015E+01 2.03602E+00
 -1       793-1.23293E+00 1.99853E+01 1.99938E+00
 -1       794-1.19911E+00 1.99640E+01 1.99847E+00
 -1       795-1.16707E+00 2.00147E+01 2.00062E+00
 -1       796-1.20089E+00 2.00360E+01 2.00153E+00
 -1       827 1.20403E+00 2.00006E+01 1.96417E+00
 -1       828 1.16848E+00 1.99998E+01 1.98250E+00
 -1       829 1.19597E+00 1.99994E+01 2.03583E+00
 -1       830 1.23152E+00 2.00002E+01 2.01750E+00
 -1       835 1.19855E+00 1.99659E+01 1.98844E+00
 -1       836 1.19990E+00 1.99975E+01 1.96403E+00
 -1       837 1.20145E+00 2.00341E+01 2.01156E+00
 -1       838 1.20010E+00 2.00025E+01 2.03597E+00
 -1       843 1.16635E+00 1.99871E+01 2.00055E+00
 -1       844 1.19901E+00 1.99640E+01 2.00153E+00
 -1       845 1.23365E+00 2.00129E+01 1.99945E+00
 -1       846 1.20099E+00 2.00360E+01 1.99847E+00
 -1       877-1.19505E+00 2.99994E+01-3.57096E-02
 -1       878-1.23106E+00 3.00002E+01-1.83099E-02
 -1       879-1.20495E+00 3.00006E+01 3.57096E-02
 -1       880-1.16894E+00 2.99998E+01 1.83099E-02
 -1       885-1.20145E+00 2.99659E+01-1.15569E-02
 -1       886-1.20010E+00 2.99975E+01-3.59709E-02
 -1       887-1.19855E+00 3.00341E+01 1.15569E-02
 -1       888-1.19990E+00 3.00025E+01 3.59709E-02
 -1       893-1.23365E+00 2.99871E+01 5.48678E-04
 -1       894-1.20099E+00 2.99640E+01 1.52775E-03
 -1       895-1.16635E+00 3.00129E+01-5.48678E-04
 -1       896-1.19901E+00 3.00360E+01-1.52775E-03
 -1       927 1.20436E+00 2.99996E+01-3.57878E-02
 -1       928 1.16864E+00 2.99993E+01-1.77859E-02
 -1       929 1.19564E+00 3.00004E+01 3.57878E-02
 -1       930 1.23136E+00 3.00007E+01 1.77859E-02
 -1       935 1.20143E+00 2.99662E+01-1.24797E-02
 -1       936 1.20006E+00 2.99985E+01-3.60247E-02
 -1       937 1.19857E+00 3.00338E+01 1.24797E-02
 -1       938 1.19994E+00 3.00015E+01 3.60247E-02
 -1       943 1.16707E+00 2.99853E+01-6.22501E-04
 -1       944 1.20089E+00 2.99640E+01-1.52786E-03
 -1       945 1.23293E+00 3.00147E+01 6.22501E-04
 -1       946 1.19911E+00 3.00360E+01 1.52786E-03
 -1       977-1.19537E+00 3.00004E+01 1.96425E+00
 -1       978-1.23122E+00 3.00007E+01 1.98198E+00
 -1       979-1.20463E+00 2.99996E+01 2.03575E+00
 -1       980-1.16878E+00 2.99993E+01 2.01802E+00
 -1       985-1.19857E+00 2.99662E+01 1.98752E+00
 -1       986-1.19994E+00 2.99985E+01 1.96398E+00
 -1       987-1.20143E+00 3.00338E+01 2.01248E+00
 -1       988-1.20006E+00 3.00015E+01 2.03602E+00
 -1       993-1.23293E+00 2.99853E+01 1.99938E+00
 -1       994-1.19911E+00 2.99640E+01 1.99847E+00
 -1       995-1.16707E+00 3.00147E+01 2.00062E+00
 -1       996-1.20089E+00 3.00360E+01 2.00153E+00
 -1      1027 1.20403E+00 3.00006E+01 1.96417E+00
 -1      1028 1.16848E+00 2.99998E+01 1.98250E+00
 -1      1029 1.19597E+00 2.99994E+01 2.03583E+00
 -1      1030 1.23152E+00 3.00002E+01 2.01750E+00
 -1      1035 1.19855E+00 2.99659E+01 1.98844E+00
 -1      1036 1.19990E+00 2.99975E+01 1.96403E+00
 -1      1037 1.20145E+00 3.00341E+01 2.01156E+00
 -1      1038 1.20010E+00 3.00025E+01 2.03597E+00
 -1      1043 1.16635E+00 2.99871E+01 2.00055E+00
 -1      1044 1.19901E+00 2.99640E+01 2.00153E+00
 -1      1045 1.23365E+00 3.00129E+01 1.99945E+00
 -1      1046 1.20099E+00 3.00360E+01 1.99847E+00
 -1      1077-1.19505E+00 3.99994E+01-3.57096E-02
 -1      1078-1.23106E+00 4.00002E+01-1.83099E-02
 -1      1079-1.20495E+00 4.00006E+01 3.57096E-02
 -1      1080-1.16894E+00 3.99998E+01 1.83099E-02
 -1      1085-1.20145E+00 3.99659E+01-1.15569E-02
 -1      1086-1.20010E+00 3.99975E+01-3.59709E-02
 -1      1087-1.19855E+00 4.00341E+01 1.15569E-02
 -1      1088-1.19990E+00 4.00025E+01 3.59709E-02
 -1      1093-1.23365E+00 3.99871E+01 5.48678E-04
 -1      1094-1.20099E+00 3.99640E+01 1.52775E-03
 -1      1095-1.16635E+00 4.00129E+01-5.48678E-04
 -1      1096-1.19901E+00 4.00360E+01-1.52775E-03
 -1      1127 1.20436E+00 3.99996E+01-3.57878E-02
 -1      1128 1.16864E+00 3.99993E+01-1.77859E-02
 -1      1129 1.19564E+00 4.00004E+01 3.57878E-02
 -1      1130 1.23136E+00 4.00007E+01 1.77859E-02
 -1      1135 1.20143E+00 3.99662E+01-1.24797E-02
 -1      1136 1.20006E+00 3.99985E+01-3.60247E-02
 -1      1137 1.19857E+00 4.00338E+01 1.24797E-02
 -1      1138 1.19994E+00 4.00015E+01 3.60247E-02
 -1      1143 1.16707E+00 3.99853E+01-6.22501E-04
 -1      1144 1.20089E+00 3.99640E+01-1.52786E-03
 -1      1145 1.23293E+00 4.00147E+01 6.22501E-04
 -1      1146 1.19911E+00 4.00360E+01 1.52786E-03
 -1      1177-1.19537E+00 4.00004E+01 1.96425E+00
 -1      1178-1.23122E+00 4.00007E+01 1.98198E+00
 -1      1179-1.20463E+00 3.99996E+01 2.03575E+00
 -1      1180-1.16878E+00 3.99993E+01 2.01802E+00
 -1      1185-1.19857E+00 3.99662E+01 1.98752E+00
 -1      1186-1.19994E+00 3.99985E+01 1.96398E+00
 -1      1187-1.20143E+00 4.00338E+01 2.01248E+00
 -1      1188-1.20006E+00 4.00015E+01 2.03602E+00
 -1      1193-1.23293E+00 3.99853E+01 1.99938E+00
 -1      1194-1.19911E+00 3.99640E+01 1.99847E+00
 -1      1195-1.16707E+00 4.00147E+01 2.00062E+00
 -1      1196-1.20089E+00 4.00360E+01 2.00153E+00
 -1      1227 1.20403E+00 4.00006E+01 1.96417E+00
 -1      1228 1.16848E+00 3.99998E+01 1.98250E+00
 -1      1229 1.19597E+00 3.99994E+01 2.03583E+00
 -1      1230 1.23152E+00 4.00002E+01 2.01750E+00
 -1      1235 1.19855E+00 3.99659E+01 1.98844E+00
 -1      1236 1.19990E+00 3.99975E+01 1.96403E+00
 -1      1237 1.20145E+00 4.00341E+01 2.01156E+00
 -1      1238 1.20010E+00 4.00025E+01 2.03597E+00
 -1      1243 1.16635E+00 3.99871E+01 2.00055E+00
 -1      1244 1.19901E+00 3.99640E+01 2.00153E+00
 -1      1245 1.23365E+00 4.00129E+01 1.99945E+00
 -1      1246 1.20099E+00 4.00360E+01 1.99847E+00
 -1      1277-1.19611E+00 4.99979E+01-3.57828E-02
 -1      1278-1.23152E+00 4.99968E+01-1.72113E-02
 -1      1279-1.20389E+00 5.00021E+01 3.57828E-02
 -1      1280-1.16848E+00 5.00032E+01 1.72113E-02
 -1      1285-1.20145E+00 4.99659E+01-1.15569E-02
 -1      1286-1.20010E+00 4.99975E+01-3.59709E-02
 -1      1287-1.19855E+00 5.00341E+01 1.15569E-02
 -1      1288-1.19990E+00 5.00025E+01 3.59709E-02
 -1      1293-1.23365E+00 4.99871E+01 5.48678E-04
 -1      1294-1.20099E+00 4.99640E+01 1.52775E-03
 -1      1295-1.16635E+00 5.00129E+01-5.48678E-04
 -1      1296-1.19901E+00 5.00360E+01-1.52775E-03
 -1      1327 1.20661E+00 4.99962E+01-3.52441E-02
 -1      1328 1.16989E+00 5.00001E+01-1.98375E-02
 -1      1329 1.19339E+00 5.00038E+01 3.52441E-02
 -1      1330 1.23011E+00 4.99999E+01 1.98375E-02
 -1      1335 1.20143E+00 4.99662E+01-1.24797E-02
 -1      1336 1.20006E+00 4.99985E+01-3.60247E-02
 -1      1337 1.19857E+00 5.00338E+01 1.24797E-02
 -1      1338 1.19994E+00 5.00015E+01 3.60247E-02
 -1      1343 1.16707E+00 4.99853E+01-6.22501E-04
 -1      1344 1.20089E+00 4.99640E+01-1.52786E-03
 -1      1345 1.23293E+00 5.00147E+01 6.22501E-04
 -1      1346 1.19911E+00 5.00360E+01 1.52786E-03
 -1      1377-1.19823E+00 5.00035E+01 1.96416E+00
 -1      1378-1.23249E+00 4.99994E+01 1.98438E+00
 -1      1379-1.20177E+00 4.99965E+01 2.03584E+00
 -1      1380-1.16751E+00 5.00006E+01 2.01562E+00
 -1      1385-1.19857E+00 4.99662E+01 1.98752E+00
 -1      1386-1.19994E+00 4.99985E+01 1.96398E+00
 -1      1387-1.20143E+00 5.00338E+01 2.01248E+00
 -1      1388-1.20006E+00 5.00015E+01 2.03602E+00
 -1      1393-1.23293E+00 4.99853E+01 1.99938E+00
 -1      1394-1.19911E+00 4.99640E+01 1.99847E+00
 -1      1395-1.16707E+00 5.00147E+01 2.00062E+00
 -1      1396-1.20089E+00 5.00360E+01 2.00153E+00
 -1      1427 1.20516E+00 5.00020E+01 1.96437E+00
 -1      1428 1.16912E+00 5.00032E+01 1.98168E+00
 -1      1429 1.19484E+00 4.99980E+01 2.03563E+00
 -1      1430 1.23088E+00 4.99968E+01 2.01832E+00
 -1      1435 1.19855E+00 4.99659E+01 1.98844E+00
 -1      1436 1.19990E+00 4.99975E+01 1.96403E+00
 -1      1437 1.20145E+00 5.00341E+01 2.01156E+00
 -1      1438 1.20010E+00 5.00025E+01 2.03597E+00
 -1      1443 1.16635E+00 4.99871E+01 2.00055E+00
 -1      1444 1.19901E+00 4.99640E+01 2.00153E+00
 -1      1445 1.23365E+00 5.00129E+01 1.99945E+00
 -1      1446 1.20099E+00 5.00360E+01 1.99847E+00
 -1      1477-1.19522E+00 2.49893E+00-1.41787E-01
 -1      1478-1.23115E+00 2.49946E+00-1.24216E-01
 -1      1479-1.20478E+00 2.50107E+00-7.03450E-02
 -1      1480-1.16885E+00 2.50054E+00-8.79159E-02
 -1      1485-1.19553E+00 5.00000E+00-1.85777E-01
 -1      1486-1.23131E+00 5.00000E+00-1.67887E-01
 -1      1487-1.20447E+00 5.00000E+00-1.14223E-01
 -1      1488-1.16869E+00 5.00000E+00-1.32113E-01
 -1      1493-1.19586E+00 7.50107E+00-1.41867E-01
 -1      1494-1.23147E+00 7.50053E+00-1.23652E-01
 -1      1495-1.20414E+00 7.49893E+00-7.02647E-02
 -1      1496-1.16853E+00 7.49947E+00-8.84797E-02
 -1      1501 1.20414E+00 2.50107E+00 7.02647E-02
 -1      1502 1.16853E+00 2.50053E+00 8.84797E-02
 -1      1503 1.19586E+00 2.49893E+00 1.41867E-01
 -1      1504 1.23147E+00 2.49947E+00 1.23652E-01
 -1      1509 1.20447E+00 5.00000E+00 1.14223E-01
 -1      1510 1.16869E+00 5.00000E+00 1.32113E-01
 -1      1511 1.19553E+00 5.00000E+00 1.85777E-01
 -1      1512 1.23131E+00 5.00000E+00 1.67887E-01
 -1      1517 1.20478E+00 7.49893E+00 7.03450E-02
 -1      1518 1.16885E+00 7.49946E+00 8.79159E-02
 -1      1519 1.19522E+00 7.50107E+00 1.41787E-01
 -1      1520 1.23115E+00 7.50054E+00 1.24216E-01
 -1      1525-1.19522E+00 2.49893E+00 1.85821E+00
 -1      1526-1.23115E+00 2.49946E+00 1.87578E+00
 -1      1527-1.20478E+00 2.50107E+00 1.92966E+00
 -1      1528-1.16885E+00 2.50054E+00 1.91208E+00
 -1      1533-1.19553E+00 5.00000E+00 1.81422E+00
 -1      1534-1.23131E+00 5.00000E+00 1.83211E+00
 -1      1535-1.20447E+00 5.00000E+00 1.88578E+00
 -1      1536-1.16869E+00 5.00000E+00 1.86789E+00
 -1      1541-1.19586E+00 7.50107E+00 1.85813E+00
 -1      1542-1.23147E+00 7.50053E+00 1.87635E+00
 -1      1543-1.20414E+00 7.49893E+00 1.92974E+00
 -1      1544-1.16853E+00 7.49947E+00 1.91152E+00
 -1      1549 1.20414E+00 2.50107E+00 2.07026E+00
 -1      1550 1.16853E+00 2.50053E+00 2.08848E+00
 -1      1551 1.19586E+00 2.49893E+00 2.14187E+00
 -1      1552 1.23147E+00 2.49947E+00 2.12365E+00
 -1      1557 1.20447E+00 5.00000E+00 2.11422E+00
 -1      1558 1.16869E+00 5.00000E+00 2.13211E+00
 -1      1559 1.19553E+00 5.00000E+00 2.18578E+00
 -1      1560 1.23131E+00 5.00000E+00 2.16789E+00
 -1      1565 1.20478E+00 7.49893E+00 2.07034E+00
 -1      1566 1.16885E+00 7.49946E+00 2.08792E+00
 -1      1567 1.19522E+00 7.50107E+00 2.14179E+00
 -1      1568 1.23115E+00 7.50054E+00 2.12422E+00
 -1      1573-1.19522E+00 1.24989E+01-1.41787E-01
 -1      1574-1.23115E+00 1.24995E+01-1.24216E-01
 -1      1575-1.20478E+00 1.25011E+01-7.03450E-02
 -1      1576-1.16885E+00 1.25005E+01-8.79159E-02
 -1      1581-1.19553E+00 1.50000E+01-1.85777E-01
 -1      1582-1.23131E+00 1.50000E+01-1.67887E-01
 -1      1583-1.20447E+00 1.50000E+01-1.14223E-01
 -1      1584-1.16869E+00 1.50000E+01-1.32113E-01
 -1      1589-1.19586E+00 1.75011E+01-1.41867E-01
 -1      1590-1.23147E+00 1.75005E+01-1.23652E-01
 -1      1591-1.20414E+00 1.74989E+01-7.02647E-02
 -1      1592-1.16853E+00 1.74995E+01-8.84797E-02
 -1      1597 1.20414E+00 1.25011E+01 7.02647E-02
 -1      1598 1.16853E+00 1.25005E+01 8.84797E-02
 -1      1599 1.19586E+00 1.24989E+01 1.41867E-01
 -1      1600 1.23147E+00 1.24995E+01 1.23652E-01
 -1      1605 1.20447E+00 1.50000E+01 1.14223E-01
 -1      1606 1.16869E+00 1.50000E+01 1.32113E-01
 -1      1607 1.19553E+00 1.50000E+01 1.85777E-01
 -1      1608 1.23131E+00 1.50000E+01 1.67887E-01
 -1      1613 1.20478E+00 1.74989E+01 7.03450E-02
 -1      1614 1.16885E+00 1.74995E+01 8.79159E-02
 -1      1615 1.19522E+00 1.75011E+01 1.41787E-01
 -1      1616 1.23115E+00 1.75005E+01 1.24216E-01
 -1      1621-1.19522E+00 1.24989E+01 1.85821E+00
 -1      1622-1.23115E+00 1.24995E+01 1.87578E+00
 -1      1623-1.20478E+00 1.25011E+01 1.92966E+00
 -1      1624-1.16885E+00 1.25005E+01 1.91208E+00
 -1      1629-1.19553E+00 1.50000E+01 1.81422E+00
 -1      1630-1.23131E+00 1.50000E+01 1.83211E+00
 -1      1631-1.20447E+00 1.50000E+01 1.88578E+00
 -1      1632-1.16869E+00 1.50000E+01 1.86789E+00
 -1      1637-1.19586E+00 1.75011E+01 1.85813E+00
 -1      1638-1.23147E+00 1.75005E+01 1.87635E+00
 -1      1639-1.20414E+00 1.74989E+01 1.92974E+00
 -1      1640-1.16853E+00 1.74995E+01 1.91152E+00
 -1      1645 1.20414E+00 1.25011E+01 2.07026E+00
 -1      1646 1.16853E+00 1.25005E+01 2.08848E+00
 -1      1647 1.19586E+00 1.24989E+01 2.14187E+00
 -1      1648 1.23147E+00 1.24995E+01 2.12365E+00
 -1      1653 1.20447E+00 1.50000E+01 2.11422E+00
 -1      1654 1.16869E+00 1.50000E+01 2.13211E+00
 -1      1655 1.19553E+00 1.50000E+01 2.18578E+00
 -1      1656 1.23131E+00 1.50000E+01 2.16789E+00
 -1      1661 1.20478E+00 1.74989E+01 2.07034E+00
 -1      1662 1.16885E+00 1.74995E+01 2.08792E+00
 -1      1663 1.19522E+00 1.75011E+01 2.14179E+00
 -1      1664 1.23115E+00 1.75005E+01 2.12422E+00
 -1      1669-1.19522E+00 2.24989E+01-1.41787E-01
 -1      1670-1.23115E+00 2.24995E+01-1.24216E-01
 -1      1671-1.20478E+00 2.25011E+01-7.03450E-02
 -1      1672-1.16885E+00 2.25005E+01-8.79159E-02
 -1      1677-1.19553E+00 2.50000E+01-1.85777E-01
 -1      1678-1.23131E+00 2.50000E+01-1.67887E-01
 -1      1679-1.20447E+00 2.50000E+01-1.14223E-01
 -1      1680-1.16869E+00 2.50000E+01-1.32113E-01
 -1      1685-1.19586E+00 2.75011E+01-1.41867E-01
 -1      1686-1.23147E+00 2.75005E+01-1.23652E-01
 -1      1687-1.20414E+00 2.74989E+01-7.02647E-02
 -1      1688-1.16853E+00 2.74995E+01-8.84797E-02
 -1      1693 1.20414E+00 2.25011E+01 7.02647E-02
 -1      1694 1.16853E+00 2.25005E+01 8.84797E-02
 -1      1695 1.19586E+00 2.24989E+01 1.41867E-01
 -1      1696 1.23147E+00 2.24995E+01 1.23652E-01
 -1      1701 1.20447E+00 2.50000E+01 1.14223E-01
 -1      1702 1.16869E+00 2.50000E+01 1.32113E-01
 -1      1703 1.19553E+00 2.50000E+01 1.85777E-01
 -1      1704 1.23131E+00 2.50000E+01 1.67887E-01
 -1      1709 1.20478E+00 2.74989E+01 7.03450E-02
 -1      1710 1.16885E+00 2.74995E+01 8.79159E-02
 -1      1711 1.19522E+00 2.75011E+01 1.41787E-01
 -1      1712 1.23115E+00 2.75005E+01 1.24216E-01
 -1      1717-1.19522E+00 2.24989E+01 1.85821E+00
 -1      1718-1.23115E+00 2.24995E+01 1.87578E+00
 -1      1719-1.20478E+00 2.25011E+01 1.92966E+00
 -1      1720-1.16885E+00 2.25005E+01 1.91208E+00
 -1      1725-1.19553E+00 2.50000E+01 1.81422E+00
 -1      1726-1.23131E+00 2.50000E+01 1.83211E+00
 -1      1727-1.20447E+00 2.50000E+01 1.88578E+00
 -1      1728-1.16869E+00 2.50000E+01 1.86789E+00
 -1      1733-1.19586E+00 2.75011E+01 1.85813E+00
 -1      1734-1.23147E+00 2.75005E+01 1.87635E+00
 -1      1735-1.20414E+00 2.74989E+01 1.92974E+00
 -1      1736-1.16853E+00 2.74995E+01 1.91152E+00
 -1      1741 1.20414E+00 2.25011E+01 2.07026E+00
 -1      1742 1.16853E+00 2.25005E+01 2.08848E+00
 -1      1743 1.19586E+00 2.24989E+01 2.14187E+00
 -1      1744 1.23147E+00 2.24995E+01 2.12365E+00
 -1      1749 1.20447E+00 2.50000E+01 2.11422E+00
 -1      1750 1.16869E+00 2.50000E+01 2.13211E+00
 -1      1751 1.19553E+00 2.50000E+01 2.18578E+00
 -1      1752 1.23131E+00 2.50000E+01 2.16789E+00
 -1      1757 1.20478E+00 2.74989E+01 2.07034E+00
 -1      1758 1.16885E+00 2.74995E+01 2.08792E+00
 -1      1759 1.19522E+00 2.75011E+01 2.14179E+00
 -1      1760 1.23115E+00 2.75005E+01 2.12422E+00
 -1      1765-1.19522E+00 3.24989E+01-1.41787E-01
 -1      1766-1.23115E+00 3.24995E+01-1.24216E-01
 -1      1767-1.20478E+00 3.25011E+01-7.03450E-02
 -1      1768-1.16885E+00 3.25005E+01-8.79159E-02
 -1      1773-1.19553E+00 3.50000E+01-1.85777E-01
 -1      1774-1.23131E+00 3.50000E+01-1.67887E-01
 -1      1775-1.20447E+00 3.50000E+01-1.14223E-01
 -1      1776-1.16869E+00 3.50000E+01-1.32113E-01
 -1      1781-1.19586E+00 3.75011E+01-1.41867E-01
 -1      1782-1.23147E+00 3.75005E+01-1.23652E-01
 -1      1783-1.20414E+00 3.74989E+01-7.02647E-02
 -1      1784-1.16853E+00 3.74995E+01-8.84797E-02
 -1      1789 1.20414E+00 3.25011E+01 7.02647E-02
 -1      1790 1.16853E+00 3.25005E+01 8.84797E-02
 -1      1791 1.19586E+00 3.24989E+01 1.41867E-01
 -1      1792 1.23147E+00 3.24995E+01 1.23652E-01
 -1      1797 1.20447E+00 3.50000E+01 1.14223E-01
 -1      1798 1.16869E+00 3.50000E+01 1.32113E-01
 -1      1799 1.19553E+00 3.50000E+01 1.85777E-01
 -1      1800 1.23131E+00 3.50000E+01 1.67887E-01
 -1      1805 1.20478E+00 3.74989E+01 7.03450E-02
 -1      1806 1.16885E+00 3.74995E+01 8.79159E-02
 -1      1807 1.19522E+00 3.75011E+01 1.41787E-01
 -1      1808 1.23115E+00 3.75005E+01 1.24216E-01
 -1      1813-1.19522E+00 3.24989E+01 1.85821E+00
 -1      1814-1.23115E+00 3.24995E+01 1.87578E+00
 -1      1815-1.20478E+00 3.25011E+01 1.92966E+00
 -1      1816-1.16885E+00 3.25005E+01 1.91208E+00
 -1      1821-1.19553E+00 3.50000E+01 1.81422E+00
 -1      1822-1.23131E+00 3.50000E+01 1.83211E+00
 -1      1823-1.20447E+00 3.50000E+01 1.88578E+00
 -1      1824-1.16869E+00 3.50000E+01 1.86789E+00
 -1      1829-1.19586E+00 3.75011E+01 1.85813E+00
 -1      1830-1.23147E+00 3.75005E+01 1.87635E+00
 -1      1831-1.20414E+00 3.74989E+01 1.92974E+00
 -1      1832-1.16853E+00 3.74995E+01 1.91152E+00
 -1      1837 1.20414E+00 3.25011E+01 2.07026E+00
 -1      1838 1.16853E+00 3.25005E+01 2.08848E+00
 -1      1839 1.19586E+00 3.24989E+01 2.14187E+00
 -1      1840 1.23147E+00 3.24995E+01 2.12365E+00
 -1      1845 1.20447E+00 3.50000E+01 2.11422E+00
 -1      1846 1.16869E+00 3.50000E+01 2.13211E+00
 -1      1847 1.19553E+00 3.50000E+01 2.18578E+00
 -1      1848 1.23131E+00 3.50000E+01 2.16789E+00
 -1      1853 1.20478E+00 3.74989E+01 2.07034E+00
 -1      1854 1.16885E+00 3.74995E+01 2.08792E+00
 -1      1855 1.19522E+00 3.75011E+01 2.14179E+00
 -1      1856 1.23115E+00 3.75005E+01 2.12422E+00
 -1      1861-1.19522E+00 4.24989E+01-1.41787E-01
 -1      1862-1.23115E+00 4.24995E+01-1.24216E-01
 -1      1863-1.20478E+00 4.25011E+01-7.03450E-02
 -1      1864-1.16885E+00 4.25005E+01-8.79159E-02
 -1      1869-1.19553E+00 4.50000E+01-1.85777E-01
 -1      1870-1.23131E+00 4.50000E+01-1.67887E-01
 -1      1871-1.20447E+00 4.50000E+01-1.14223E-01
 -1      1872-1.16869E+00 4.50000E+01-1.32113E-01
 -1      1877-1.19586E+00 4.75011E+01-1.41867E-01
 -1      1878-1.23147E+00 4.75005E+01-1.23652E-01
 -1      1879-1.20414E+00 4.74989E+01-7.02647E-02
 -1      1880-1.16853E+00 4.74995E+01-8.84797E-02
 -1      1885 1.20414E+00 4.25011E+01 7.02647E-02
 -1      1886 1.16853E+00 4.25005E+01 8.84797E-02
 -1      1887 1.19586E+00 4.24989E+01 1.41867E-01
 -1      1888 1.23147E+00 4.24995E+01 1.23652E-01
 -1      1893 1.20447E+00 4.50000E+01 1.14223E-01
 -1      1894 1.16869E+00 4.50000E+01 1.32113E-01
 -1      1895 1.19553E+00 4.50000E+01 1.85777E-01
 -1      1896 1.23131E+00 4.50000E+01 1.67887E-01
 -1      1901 1.20478E+00 4.74989E+01 7.03450E-02
 -1      1902 1.16885E+00 4.74995E+01 8.79159E-02
 -1      1903 1.19522E+00 4.75011E+01 1.41787E-01
 -1      1904 1.23115E+00 4.75005E+01 1.24216E-01
 -1      1909-1.19522E+00 4.24989E+01 1.85821E+00
 -1      1910-1.23115E+00 4.24995E+01 1.87578E+00
 -1      1911-1.20478E+00 4.25011E+01 1.92966E+00
 -1      1912-1.16885E+00 4.25005E+01 1.91208E+00
 -1      1917-1.19553E+00 4.50000E+01 1.81422E+00
 -1      1918-1.23131E+00 4.50000E+01 1.83211E+00
 -1      1919-1.20447E+00 4.50000E+01 1.88578E+00
 -1      1920-1.16869E+00 4.50000E+01 1.86789E+00
 -1      1925-1.19586E+00 4.75011E+01 1.85813E+00
 -1      1926-1.23147E+00 4.75005E+01 1.87635E+00
 -1      1927-1.20414E+00 4.74989E+01 1.92974E+00
 -1      1928-1.16853E+00 4.74995E+01 1.91152E+00
 -1      1933 1.20414E+00 4.25011E+01 2.07026E+00
 -1      1934 1.16853E+00 4.25005E+01 2.08848E+00
 -1      1935 1.19586E+00 4.24989E+01 2.14187E+00
 -1      1936 1.23147E+00 4.24995E+01 2.12365E+00
 -1      1941 1.20447E+00 4.50000E+01 2.11422E+00
 -1      1942 1.16869E+00 4.50000E+01 2.13211E+00
 -1      1943 1.19553E+00 4.50000E+01 2.18578E+00
 -1      1944 1.23131E+00 4.50000E+01 2.16789E+00
 -1      1949 1.20478E+00 4.74989E+01 2.07034E+00
 -1      1950 1.16885E+00 4.74995E+01 2.08792E+00
 -1      1951 1.19522E+00 4.75011E+01 2.14179E+00
 -1      1952 1.23115E+00 4.75005E+01 2.12422E+00
 -1      1957-6.01023E-01-5.95507E-02-1.16832E-02
 -1      1958-6.00070E-01-2.77896E-02-3.59798E-02
 -1      1959-5.98977E-01 8.63897E-03 1.16832E-02
 -1      1960-5.99930E-01-2.31221E-02 3.59798E-02
 -1      1965 0.00000E+00-6.99997E-02-1.20008E-02
 -1      1966 0.00000E+00-3.79991E-02-3.60000E-02
 -1      1967 0.00000E+00-2.00028E-03 1.20008E-02
 -1      1968 0.00000E+00-3.40009E-02 3.60000E-02
 -1      1973 6.01016E-01-5.93202E-02-1.23359E-02
 -1      1974 6.00049E-01-2.70988E-02-3.60180E-02
 -1      1975 5.98984E-01 8.40852E-03 1.23359E-02
 -1      1976 5.99951E-01-2.38129E-02 3.60180E-02
 -1      1981-5.98984E-01-8.40852E-03 1.98766E+00
 -1      1982-5.99951E-01 2.38129E-02 1.96398E+00
 -1      1983-6.01016E-01 5.93202E-02 2.01234E+00
 -1      1984-6.00049E-01 2.70988E-02 2.03602E+00
 -1      1989 0.00000E+00 2.00028E-03 1.98800E+00
 -1      1990 0.00000E+00 3.40009E-02 1.96400E+00
 -1      1991 0.00000E+00 6.99997E-02 2.01200E+00
 -1      1992 0.00000E+00 3.79991E-02 2.03600E+00
 -1      1997 5.98977E-01-8.63897E-03 1.98832E+00
 -1      1998 5.99930E-01 2.31221E-02 1.96402E+00
 -1      1999 6.01023E-01 5.95507E-02 2.01168E+00
 -1      2000 6.00070E-01 2.77896E-02 2.03598E+00
 -1      2005-1.23354E+00 7.99623E-03 5.00396E-01
 -1      2006-1.20070E+00-1.48194E-02 5.01081E-01
 -1      2007-1.16646E+00 3.44302E-02 4.99604E-01
 -1      2008-1.19930E+00 5.72458E-02 4.98919E-01
 -1      2013-1.23328E+00 1.61383E-02 1.00000E+00
 -1      2014-1.20001E+00-6.05551E-03 1.00000E+00
 -1      2015-1.16672E+00 4.38617E-02 1.00000E+00
 -1      2016-1.19999E+00 6.60555E-02 1.00000E+00
 -1      2021-1.23303E+00 6.76606E-03 1.49957E+00
 -1      2022-1.19936E+00-1.48205E-02 1.49892E+00
 -1      2023-1.16697E+00 3.56603E-02 1.50043E+00
 -1      2024-1.20064E+00 5.72469E-02 1.50108E+00
 -1      2029 1.16697E+00-3.56603E-02 4.99567E-01
 -1      2030 1.20064E+00-5.72469E-02 4.98919E-01
 -1      2031 1.23303E+00-6.76606E-03 5.00433E-01
 -1      2032 1.19936E+00 1.48205E-02 5.01081E-01
 -1      2037 1.16672E+00-4.38617E-02 1.00000E+00
 -1      2038 1.19999E+00-6.60555E-02 1.00000E+00
 -1      2039 1.23328E+00-1.61383E-02 1.00000E+00
 -1      2040 1.20001E+00 6.05551E-03 1.00000E+00
 -1      2045 1.16646E+00-3.44302E-02 1.50040E+00
 -1      2046 1.19930E+00-5.72458E-02 1.50108E+00
 -1      2047 1.23354E+00-7.99623E-03 1.49960E+00
 -1      2048 1.20070E+00 1.48194E-02 1.49892E+00
 -1      2053-6.01023E-01 9.94045E+00-1.16832E-02
 -1      2054-6.00070E-01 9.97221E+00-3.59798E-02
 -1      2055-5.98977E-01 1.00086E+01 1.16832E-02
 -1      2056-5.99930E-01 9.97688E+00 3.59798E-02
 -1      2061 0.00000E+00 9.93000E+00-1.20008E-02
 -1      2062 0.00000E+00 9.96200E+00-3.60000E-02
 -1      2063 0.00000E+00 9.99800E+00 1.20008E-02
 -1      2064 0.00000E+00 9.96600E+00 3.60000E-02
 -1      2069 6.01016E-01 9.94068E+00-1.23359E-02
 -1      2070 6.00049E-01 9.97290E+00-3.60180E-02
 -1      2071 5.98984E-01 1.00084E+01 1.23359E-02
 -1      2072 5.99951E-01 9.97619E+00 3.60180E-02
 -1      2077-5.98984E-01 9.99159E+00 1.98766E+00
 -1      2078-5.99951E-01 1.00238E+01 1.96398E+00
 -1      2079-6.01016E-01 1.00593E+01 2.01234E+00
 -1      2080-6.00049E-01 1.00271E+01 2.03602E+00
 -1      2085 0.00000E+00 1.00020E+01 1.98800E+00
 -1      2086 0.00000E+00 1.00340E+01 1.96400E+00
 -1      2087 0.00000E+00 1.00700E+01 2.01200E+00
 -1      2088 0.00000E+00 1.00380E+01 2.03600E+00
 -1      2093 5.98977E-01 9.99136E+00 1.98832E+00
 -1      2094 5.99930E-01 1.00231E+01 1.96402E+00
 -1      2095 6.01023E-01 1.00596E+01 2.01168E+00
 -1      2096 6.00070E-01 1.00278E+01 2.03598E+00
 -1      2101-1.23354E+00 1.00080E+01 5.00396E-01
 -1      2102-1.20070E+00 9.98518E+00 5.01081E-01
 -1      2103-1.16646E+00 1.00344E+01 4.99604E-01
 -1      2104-1.19930E+00 1.00572E+01 4.98919E-01
 -1      2109-1.23328E+00 1.00161E+01 1.00000E+00
 -1      2110-1.20001E+00 9.99394E+00 1.00000E+00
 -1      2111-1.16672E+00 1.00439E+01 1.00000E+00
 -1      2112-1.19999E+00 1.00661E+01 1.00000E+00
 -1      2117-1.23303E+00 1.00068E+01 1.49957E+00
 -1      2118-1.19936E+00 9.98518E+00 1.49892E+00
 -1      2119-1.16697E+00 1.00357E+01 1.50043E+00
 -1      2120-1.20064E+00 1.00572E+01 1.50108E+00
 -1      2125 1.16697E+00 9.96434E+00 4.99567E-01
 -1      2126 1.20064E+00 9.94275E+00 4.98919E-01
 -1      2127 1.23303E+00 9.99323E+00 5.00433E-01
 -1      2128 1.19936E+00 1.00148E+01 5.01081E-01
 -1      2133 1.16672E+00 9.95614E+00 1.00000E+00
 -1      2134 1.19999E+00 9.93394E+00 1.00000E+00
 -1      2135 1.23328E+00 9.98386E+00 1.00000E+00
 -1      2136 1.20001E+00 1.00061E+01 1.00000E+00
 -1      2141 1.16646E+00 9.96557E+00 1.50040E+00
 -1      2142 1.19930E+00 9.94275E+00 1.50108E+00
 -1      2143 1.23354E+00 9.99200E+00 1.49960E+00
 -1      2144 1.20070E+00 1.00148E+01 1.49892E+00
 -1      2149-6.01023E-01 1.99404E+01-1.16832E-02
 -1      2150-6.00070E-01 1.99722E+01-3.59798E-02
 -1      2151-5.98977E-01 2.00086E+01 1.16832E-02
 -1      2152-5.99930E-01 1.99769E+01 3.59798E-02
 -1      2157 0.00000E+00 1.99300E+01-1.20008E-02
 -1      2158 0.00000E+00 1.99620E+01-3.60000E-02
 -1      2159 0.00000E+00 1.99980E+01 1.20008E-02
 -1      2160 0.00000E+00 1.99660E+01 3.60000E-02
 -1      2165 6.01016E-01 1.99407E+01-1.23359E-02
 -1      2166 6.00049E-01 1.99729E+01-3.60180E-02
 -1      2167 5.98984E-01 2.00084E+01 1.23359E-02
 -1      2168 5.99951E-01 1.99762E+01 3.60180E-02
 -1      2173-5.98984E-01 1.99916E+01 1.98766E+00
 -1      2174-5.99951E-01 2.00238E+01 1.96398E+00
 -1      2175-6.01016E-01 2.00593E+01 2.01234E+00
 -1      2176-6.00049E-01 2.00271E+01 2.03602E+00
 -1      2181 0.00000E+00 2.00020E+01 1.98800E+00
 -1      2182 0.00000E+00 2.00340E+01 1.96400E+00
 -1      2183 0.00000E+00 2.00700E+01 2.01200E+00
 -1      2184 0.00000E+00 2.00380E+01 2.03600E+00
 -1      2189 5.98977E-01 1.99914E+01 1.98832E+00
 -1      2190 5.99930E-01 2.00231E+01 1.96402E+00
 -1      2191 6.01023E-01 2.00596E+01 2.01168E+00
 -1      2192 6.00070E-01 2.00278E+01 2.03598E+00
 -1      2197-1.23354E+00 2.00080E+01 5.00396E-01
 -1      2198-1.20070E+00 1.99852E+01 5.01081E-01
 -1      2199-1.16646E+00 2.00344E+01 4.99604E-01
 -1      2200-1.19930E+00 2.00572E+01 4.98919E-01
 -1      2205-1.23328E+00 2.00161E+01 1.00000E+00
 -1      2206-1.20001E+00 1.99939E+01 1.00000E+00
 -1      2207-1.16672E+00 2.00439E+01 1.00000E+00
 -1      2208-1.19999E+00 2.00661E+01 1.00000E+00
 -1      2213-1.23303E+00 2.00068E+01 1.49957E+00
 -1      2214-1.19936E+00 1.99852E+01 1.49892E+00
 -1      2215-1.16697E+00 2.00357E+01 1.50043E+00
 -1      2216-1.20064E+00 2.00572E+01 1.50108E+00
 -1      2221 1.16697E+00 1.99643E+01 4.99567E-01
 -1      2222 1.20064E+00 1.99428E+01 4.98919E-01
 -1      2223 1.23303E+00 1.99932E+01 5.00433E-01
 -1      2224 1.19936E+00 2.00148E+01 5.01081E-01
 -1      2229 1.16672E+00 1.99561E+01 1.00000E+00
 -1      2230 1.19999E+00 1.99339E+01 1.00000E+00
 -1      2231 1.23328E+00 1.99839E+01 1.00000E+00
 -1      2232 1.20001E+00 2.00061E+01 1.00000E+00
 -1      2237 1.16646E+00 1.99656E+01 1.50040E+00
 -1      2238 1.19930E+00 1.99428E+01 1.50108E+00
 -1      2239 1.23354E+00 1.99920E+01 1.49960E+00
 -1      2240 1.20070E+00 2.00148E+01 1.49892E+00
 -1      2245-6.01023E-01 2.99404E+01-1.16832E-02
 -1      2246-6.00070E-01 2.99722E+01-3.59798E-02
 -1      2247-5.98977E-01 3.00086E+01 1.16832E-02
 -1      2248-5.99930E-01 2.99769E+01 3.59798E-02
 -1      2253 0.00000E+00 2.99300E+01-1.20008E-02
 -1      2254 0.00000E+00 2.99620E+01-3.60000E-02
 -1      2255 0.00000E+00 2.99980E+01 1.20008E-02
 -1      2256 0.00000E+00 2.99660E+01 3.60000E-02
 -1      2261 6.01016E-01 2.99407E+01-1.23359E-02
 -1      2262 6.00049E-01 2.99729E+01-3.60180E-02
 -1      2263 5.98984E-01 3.00084E+01 1.23359E-02
 -1      2264 5.99951E-01 2.99762E+01 3.60180E-02
 -1      2269-5.98984E-01 2.99916E+01 1.98766E+00
 -1      2270-5.99951E-01 3.00238E+01 1.96398E+00
 -1      2271-6.01016E-01 3.00593E+01 2.01234E+00
 -1      2272-6.00049E-01 3.00271E+01 2.03602E+00
 -1      2277 0.00000E+00 3.00020E+01 1.98800E+00
 -1      2278 0.00000E+00 3.00340E+01 1.96400E+00
 -1      2279 0.00000E+00 3.00700E+01 2.01200E+00
 -1      2280 0.00000E+00 3.00380E+01 2.03600E+00
 -1      2285 5.98977E-01 2.99914E+01 1.98832E+00
 -1      2286 5.99930E-01 3.00231E+01 1.96402E+00
 -1      2287 6.01023E-01 3.00596E+01 2.01168E+00
 -1      2288 6.00070E-01 3.00278E+01 2.03598E+00
 -1      2293-1.23354E+00 3.00080E+01 5.00396E-01
 -1      2294-1.20070E+00 2.99852E+01 5.01081E-01
 -1      2295-1.16646E+00 3.00344E+01 4.99604E-01
 -1      2296-1.19930E+00 3.00572E+01 4.98919E-01
 -1      2301-1.23328E+00 3.00161E+01 1.00000E+00
 -1      2302-1.20001E+00 2.99939E+01 1.00000E+00
 -1      2303-1.16672E+00 3.00439E+01 1.00000E+00
 -1      2304-1.19999E+00 3.00661E+01 1.00000E+00
 -1      2309-1.23303E+00 3.00068E+01 1.49957E+00
 -1      2310-1.19936E+00 2.99852E+01 1.49892E+00
 -1      2311-1.16697E+00 3.00357E+01 1.50043E+00
 -1      2312-1.20064E+00 3.00572E+01 1.50108E+00
 -1      2317 1.16697E+00 2.99643E+01 4.99567E-01
 -1      2318 1.20064E+00 2.99428E+01 4.98919E-01
 -1      2319 1.23303E+00 2.99932E+01 5.00433E-01
 -1      2320 1.19936E+00 3.00148E+01 5.01081E-01
 -1      2325 1.16672E+00 2.99561E+01 1.00000E+00
 -1      2326 1.19999E+00 2.99339E+01 1.00000E+00
 -1      2327 1.23328E+00 2.99839E+01 1.00000E+00
 -1      2328 1.20001E+00 3.00061E+01 1.00000E+00
 -1      2333 1.16646E+00 2.99656E+01 1.50040E+00
 -1      2334 1.19930E+00 2.99428E+01 1.50108E+00
 -1      2335 1.23354E+00 2.99920E+01 1.49960E+00
 -1      2336 1.20070E+00 3.00148E+01 1.49892E+00
 -1      2341-6.01023E-01 3.99404E+01-1.16832E-02
 -1      2342-6.00070E-01 3.99722E+01-3.59798E-02
 -1      2343-5.98977E-01 4.00086E+01 1.16832E-02
 -1      2344-5.99930E-01 3.99769E+01 3.59798E-02
 -1      2349 0.00000E+00 3.99300E+01-1.20008E-02
 -1      2350 0.00000E+00 3.99620E+01-3.60000E-02
 -1      2351 0.00000E+00 3.99980E+01 1.20008E-02
 -1      2352 0.00000E+00 3.99660E+01 3.60000E-02
 -1      2357 6.01016E-01 3.99407E+01-1.23359E-02
 -1      2358 6.00049E-01 3.99729E+01-3.60180E-02
 -1      2359 5.98984E-01 4.00084E+01 1.23359E-02
 -1      2360 5.99951E-01 3.99762E+01 3.60180E-02
 -1      2365-5.98984E-01 3.99916E+01 1.98766E+00
 -1      2366-5.99951E-01 4.00238E+01 1.96398E+00
 -1      2367-6.01016E-01 4.00593E+01 2.01234E+00
 -1      2368-6.00049E-01 4.00271E+01 2.03602E+00
 -1      2373 0.00000E+00 4.00020E+01 1.98800E+00
 -1      2374 0.00000E+00 4.00340E+01 1.96400E+00
 -1      2375 0.00000E+00 4.00700E+01 2.01200E+00
 -1      2376 0.00000E+00 4.00380E+01 2.03600E+00
 -1      2381 5.98977E-01 3.99914E+01 1.98832E+00
 -1      2382 5.99930E-01 4.00231E+01 1.96402E+00
 -1      2383 6.01023E-01 4.00596E+01 2.01168E+00
 -1      2384 6.00070E-01 4.00278E+01 2.03598E+00
 -1      2389-1.23354E+00 4.00080E+01 5.00396E-01
 -1      2390-1.20070E+00 3.99852E+01 5.01081E-01
 -1      2391-1.16646E+00 4.00344E+01 4.99604E-01
 -1      2392-1.19930E+00 4.00572E+01 4.98919E-01
 -1      2397-1.23328E+00 4.00161E+01 1.00000E+00
 -1      2398-1.20001E+00 3.99939E+01 1.00000E+00
 -1      2399-1.16672E+00 4.00439E+01 1.00000E+00
 -1      2400-1.19999E+00 4.00661E+01 1.00000E+00
 -1      2405-1.23303E+00 4.00068E+01 1.49957E+00
 -1      2406-1.19936E+00 3.99852E+01 1.49892E+00
 -1      2407-1.16697E+00 4.00357E+01 1.50043E+00
 -1      2408-1.20064E+00 4.00572E+01 1.50108E+00
 -1      2413 1.16697E+00 3.99643E+01 4.99567E-01
 -1      2414 1.20064E+00 3.99428E+01 4.98919E-01
 -1      2415 1.23303E+00 3.99932E+01 5.00433E-01
 -1      2416 1.19936E+00 4.00148E+01 5.01081E-01
 -1      2421 1.16672E+00 3.99561E+01 1.00000E+00
 -1      2422 1.19999E+00 3.99339E+01 1.00000E+00
 -1      2423 1.23328E+00 3.99839E+01 1.00000E+00
 -1      2424 1.20001E+00 4.00061E+01 1.00000E+00
 -1      2429 1.16646E+00 3.99656E+01 1.50040E+00
 -1      2430 1.19930E+00 3.99428E+01 1.50108E+00
 -1      2431 1.23354E+00 3.99920E+01 1.49960E+00
 -1      2432 1.20070E+00 4.00148E+01 1.49892E+00
 -1      2437-6.01023E-01 4.99404E+01-1.16832E-02
 -1      2438-6.00070E-01 4.99722E+01-3.59798E-02
 -1      2439-5.98977E-01 5.00086E+01 1.16832E-02
 -1      2440-5.99930E-01 4.99769E+01 3.59798E-02
 -1      2445 0.00000E+00 4.99300E+01-1.20008E-02
 -1      2446 0.00000E+00 4.99620E+01-3.60000E-02
 -1      2447 0.00000E+00 4.99980E+01 1.20008E-02
 -1      2448 0.00000E+00 4.99660E+01 3.60000E-02
 -1      2453 6.01016E-01 4.99407E+01-1.23359E-02
 -1      2454 6.00049E-01 4.99729E+01-3.60180E-02
 -1      2455 5.98984E-01 5.00084E+01 1.23359E-02
 -1      2456 5.99951E-01 4.99762E+01 3.60180E-02
 -1      2461-5.98984E-01 4.99916E+01 1.98766E+00
 -1      2462-5.99951E-01 5.00238E+01 1.96398E+00
 -1      2463-6.01016E-01 5.00593E+01 2.01234E+00
 -1      2464-6.00049E-01 5.00271E+01 2.03602E+00
 -1      2469 0.00000E+00 5.00020E+01 1.98800E+00
 -1      2470 0.00000E+00 5.00340E+01 1.96400E+00
 -1      2471 0.00000E+00 5.00700E+01 2.01200E+00
 -1      2472 0.00000E+00 5.00380E+01 2.03600E+00
 -1      2477 5.98977E-01 4.99914E+01 1.98832E+00
 -1      2478 5.99930E-01 5.00231E+01 1.96402E+00
 -1      2479 6.01023E-01 5.00596E+01 2.01168E+00
 -1      2480 6.00070E-01 5.00278E+01 2.03598E+00
 -1      2485-1.23354E+00 5.00080E+01 5.00396E-01
 -1      2486-1.20070E+00 4.99852E+01 5.01081E-01
 -1      2487-1.16646E+00 5.00344E+01 4.99604E-01
 -1      2488-1.19930E+00 5.00572E+01 4.98919E-01
 -1      2493-1.23328E+00 5.00161E+01 1.00000E+00
 -1      2494-1.20001E+00 4.99939E+01 1.00000E+00
 -1      2495-1.16672E+00 5.00439E+01 1.00000E+00
 -1      2496-1.19999E+00 5.00661E+01 1.00000E+00
 -1      2501-1.23303E+00 5.00068E+01 1.49957E+00
 -1      2502-1.19936E+00 4.99852E+01 1.49892E+00
 -1      2503-1.16697E+00 5.00357E+01 1.50043E+00
 -1      2504-1.20064E+00 5.00572E+01 1.50108E+00
 -1      2509 1.16697E+00 4.99643E+01 4.99567E-01
 -1      2510 1.20064E+00 4.99428E+01 4.98919E-01
 -1      2511 1.23303E+00 4.99932E+01 5.00433E-01
 -1      2512 1.19936E+00 5.00148E+01 5.01081E-01
 -1      2517 1.16672E+00 4.99561E+01 1.00000E+00
 -1      2518 1.19999E+00 4.99339E+01 1.00000E+00
 -1      2519 1.23328E+00 4.99839E+01 1.00000E+00
 -1      2520 1.20001E+00 5.00061E+01 1.00000E+00
 -1      2525 1.16646E+00 4.99656E+01 1.50040E+00
 -1      2526 1.19930E+00 4.99428E+01 1.50108E+00
 -1      2527 1.23354E+00 4.99920E+01 1.49960E+00
 -1      2528 1.20070E+00 5.00148E+01 1.49892E+00
 -1      2533-1.19777E+00 2.52721E+00 3.58451E-01
 -1      2534-1.23236E+00 2.52386E+00 3.78258E-01
 -1      2535-1.20223E+00 2.51522E+00 4.29417E-01
 -1      2536-1.16764E+00 2.51856E+00 4.09610E-01
 -1      2541-1.19829E+00 5.03706E+00 8.14685E-01
 -1      2542-1.23259E+00 5.03303E+00 8.34866E-01
 -1      2543-1.20171E+00 5.02294E+00 8.85315E-01
 -1      2544-1.16741E+00 5.02697E+00 8.65134E-01
 -1      2549-1.19884E+00 7.52934E+00 1.35882E+00
 -1      2550-1.23282E+00 7.52458E+00 1.37939E+00
 -1      2551-1.20116E+00 7.51309E+00 1.42904E+00
 -1      2552-1.16718E+00 7.51785E+00 1.40848E+00
 -1      2557-1.19407E+00 2.51529E+00 1.57100E+00
 -1      2558-1.23055E+00 2.51802E+00 1.58719E+00
 -1      2559-1.20593E+00 2.52714E+00 1.64113E+00
 -1      2560-1.16945E+00 2.52440E+00 1.62495E+00
 -1      2565-1.19388E+00 5.02303E+00 1.11516E+00
 -1      2566-1.23044E+00 5.02621E+00 1.13106E+00
 -1      2567-1.20612E+00 5.03697E+00 1.18484E+00
 -1      2568-1.16956E+00 5.03379E+00 1.16894E+00
 -1      2573-1.19370E+00 7.51321E+00 5.71480E-01
 -1      2574-1.23034E+00 7.51682E+00 5.87095E-01
 -1      2575-1.20630E+00 7.52922E+00 6.40652E-01
 -1      2576-1.16966E+00 7.52560E+00 6.25037E-01
 -1      2581 1.20223E+00 2.52721E+00 3.58451E-01
 -1      2582 1.16764E+00 2.52386E+00 3.78258E-01
 -1      2583 1.19777E+00 2.51522E+00 4.29417E-01
 -1      2584 1.23236E+00 2.51856E+00 4.09610E-01
 -1      2589 1.20171E+00 5.03706E+00 8.14685E-01
 -1      2590 1.16741E+00 5.03303E+00 8.34866E-01
 -1      2591 1.19829E+00 5.02294E+00 8.85315E-01
 -1      2592 1.23259E+00 5.02697E+00 8.65134E-01
 -1      2597 1.20116E+00 7.52934E+00 1.35882E+00
 -1      2598 1.16718E+00 7.52458E+00 1.37939E+00
 -1      2599 1.19884E+00 7.51309E+00 1.42904E+00
 -1      2600 1.23282E+00 7.51785E+00 1.40848E+00
 -1      2605 1.20593E+00 2.51529E+00 1.57100E+00
 -1      2606 1.16945E+00 2.51802E+00 1.58719E+00
 -1      2607 1.19407E+00 2.52714E+00 1.64113E+00
 -1      2608 1.23055E+00 2.52440E+00 1.62495E+00
 -1      2613 1.20612E+00 5.02303E+00 1.11516E+00
 -1      2614 1.16956E+00 5.02621E+00 1.13106E+00
 -1      2615 1.19388E+00 5.03697E+00 1.18484E+00
 -1      2616 1.23044E+00 5.03379E+00 1.16894E+00
 -1      2621 1.20630E+00 7.51321E+00 5.71480E-01
 -1      2622 1.16966E+00 7.51682E+00 5.87095E-01
 -1      2623 1.19370E+00 7.52922E+00 6.40652E-01
 -1      2624 1.23034E+00 7.52560E+00 6.25037E-01
 -1      2629-4.83328E-01 2.47166E+00-3.43393E-02
 -1      2630-5.20442E-01 2.48175E+00-2.33534E-02
 -1      2631-5.04540E-01 2.47743E+00 3.43393E-02
 -1      2632-4.67426E-01 2.46734E+00 2.33534E-02
 -1      2637 1.59904E-01 4.96162E+00-3.45869E-02
 -1      2638 1.22764E-01 4.97054E+00-2.27046E-02
 -1      2639 1.40096E-01 4.96638E+00 3.45869E-02
 -1      2640 1.77236E-01 4.95746E+00 2.27046E-02
 -1      2645 7.15261E-01 7.47263E+00-3.48107E-02
 -1      2646 6.78146E-01 7.48037E+00-2.20585E-02
 -1      2647 6.96871E-01 7.47646E+00 3.48107E-02
 -1      2648 7.33986E-01 7.46872E+00 2.20585E-02
 -1      2653 4.93632E-01 2.47446E+00-3.60542E-02
 -1      2654 4.61704E-01 2.46578E+00-1.35783E-02
 -1      2655 4.94236E-01 2.47463E+00 3.60542E-02
 -1      2656 5.26164E-01 2.48331E+00 1.35783E-02
 -1      2661-1.49866E-01 4.96403E+00-3.60553E-02
 -1      2662-1.82311E-01 4.95625E+00-1.39944E-02
 -1      2663-1.50134E-01 4.96397E+00 3.60553E-02
 -1      2664-1.17689E-01 4.97175E+00 1.39944E-02
 -1      2669-7.05470E-01 7.47467E+00-3.60504E-02
 -1      2670-7.38413E-01 7.46780E+00-1.44278E-02
 -1      2671-7.06662E-01 7.47442E+00 3.60504E-02
 -1      2672-6.73719E-01 7.48129E+00 1.44278E-02
 -1      2677-4.83328E-01 2.47166E+00 1.96566E+00
 -1      2678-5.20442E-01 2.48175E+00 1.97665E+00
 -1      2679-5.04540E-01 2.47743E+00 2.03434E+00
 -1      2680-4.67426E-01 2.46734E+00 2.02335E+00
 -1      2685 1.59904E-01 4.96162E+00 1.96541E+00
 -1      2686 1.22764E-01 4.97054E+00 1.97730E+00
 -1      2687 1.40096E-01 4.96638E+00 2.03459E+00
 -1      2688 1.77236E-01 4.95746E+00 2.02270E+00
 -1      2693 7.15261E-01 7.47263E+00 1.96519E+00
 -1      2694 6.78146E-01 7.48037E+00 1.97794E+00
 -1      2695 6.96871E-01 7.47646E+00 2.03481E+00
 -1      2696 7.33986E-01 7.46872E+00 2.02206E+00
 -1      2701 4.93632E-01 2.47446E+00 1.96395E+00
 -1      2702 4.61704E-01 2.46578E+00 1.98642E+00
 -1      2703 4.94236E-01 2.47463E+00 2.03605E+00
 -1      2704 5.26164E-01 2.48331E+00 2.01358E+00
 -1      2709-1.49866E-01 4.96403E+00 1.96394E+00
 -1      2710-1.82311E-01 4.95625E+00 1.98601E+00
 -1      2711-1.50134E-01 4.96397E+00 2.03606E+00
 -1      2712-1.17689E-01 4.97175E+00 2.01399E+00
 -1      2717-7.05470E-01 7.47467E+00 1.96395E+00
 -1      2718-7.38413E-01 7.46780E+00 1.98557E+00
 -1      2719-7.06662E-01 7.47442E+00 2.03605E+00
 -1      2720-6.73719E-01 7.48129E+00 2.01443E+00
 -1      2725-1.19777E+00 1.25272E+01 3.58451E-01
 -1      2726-1.23236E+00 1.25239E+01 3.78258E-01
 -1      2727-1.20223E+00 1.25152E+01 4.29417E-01
 -1      2728-1.16764E+00 1.25186E+01 4.09610E-01
 -1      2733-1.19829E+00 1.50371E+01 8.14685E-01
 -1      2734-1.23259E+00 1.50330E+01 8.34866E-01
 -1      2735-1.20171E+00 1.50229E+01 8.85315E-01
 -1      2736-1.16741E+00 1.50270E+01 8.65134E-01
 -1      2741-1.19884E+00 1.75293E+01 1.35882E+00
 -1      2742-1.23282E+00 1.75246E+01 1.37939E+00
 -1      2743-1.20116E+00 1.75131E+01 1.42904E+00
 -1      2744-1.16718E+00 1.75178E+01 1.40848E+00
 -1      2749-1.19407E+00 1.25153E+01 1.57100E+00
 -1      2750-1.23055E+00 1.25180E+01 1.58719E+00
 -1      2751-1.20593E+00 1.25271E+01 1.64113E+00
 -1      2752-1.16945E+00 1.25244E+01 1.62495E+00
 -1      2757-1.19388E+00 1.50230E+01 1.11516E+00
 -1      2758-1.23044E+00 1.50262E+01 1.13106E+00
 -1      2759-1.20612E+00 1.50370E+01 1.18484E+00
 -1      2760-1.16956E+00 1.50338E+01 1.16894E+00
 -1      2765-1.19370E+00 1.75132E+01 5.71480E-01
 -1      2766-1.23034E+00 1.75168E+01 5.87095E-01
 -1      2767-1.20630E+00 1.75292E+01 6.40652E-01
 -1      2768-1.16966E+00 1.75256E+01 6.25037E-01
 -1      2773 1.20223E+00 1.25272E+01 3.58451E-01
 -1      2774 1.16764E+00 1.25239E+01 3.78258E-01
 -1      2775 1.19777E+00 1.25152E+01 4.29417E-01
 -1      2776 1.23236E+00 1.25186E+01 4.09610E-01
 -1      2781 1.20171E+00 1.50371E+01 8.14685E-01
 -1      2782 1.16741E+00 1.50330E+01 8.34866E-01
 -1      2783 1.19829E+00 1.50229E+01 8.85315E-01
 -1      2784 1.23259E+00 1.50270E+01 8.65134E-01
 -1      2789 1.20116E+00 1.75293E+01 1.35882E+00
 -1      2790 1.16718E+00 1.75246E+01 1.37939E+00
 -1      2791 1.19884E+00 1.75131E+01 1.42904E+00
 -1      2792 1.23282E+00 1.75178E+01 1.40848E+00
 -1      2797 1.20593E+00 1.25153E+01 1.57100E+00
 -1      2798 1.16945E+00 1.25180E+01 1.58719E+00
 -1      2799 1.19407E+00 1.25271E+01 1.64113E+00
 -1      2800 1.23055E+00 1.25244E+01 1.62495E+00
 -1      2805 1.20612E+00 1.50230E+01 1.11516E+00
 -1      2806 1.16956E+00 1.50262E+01 1.13106E+00
 -1      2807 1.19388E+00 1.50370E+01 1.18484E+00
 -1      2808 1.23044E+00 1.50338E+01 1.16894E+00
 -1      2813 1.20630E+00 1.75132E+01 5.71480E-01
 -1      2814 1.16966E+00 1.75168E+01 5.87095E-01
 -1      2815 1.19370E+00 1.75292E+01 6.40652E-01
 -1      2816 1.23034E+00 1.75256E+01 6.25037E-01
 -1      2821-4.83328E-01 1.24717E+01-3.43393E-02
 -1      2822-5.20442E-01 1.24818E+01-2.33534E-02
 -1      2823-5.04540E-01 1.24774E+01 3.43393E-02
 -1      2824-4.67426E-01 1.24673E+01 2.33534E-02
 -1      2829 1.59904E-01 1.49616E+01-3.45869E-02
 -1      2830 1.22764E-01 1.49705E+01-2.27046E-02
 -1      2831 1.40096E-01 1.49664E+01 3.45869E-02
 -1      2832 1.77236E-01 1.49575E+01 2.27046E-02
 -1      2837 7.15261E-01 1.74726E+01-3.48107E-02
 -1      2838 6.78146E-01 1.74804E+01-2.20585E-02
 -1      2839 6.96871E-01 1.74765E+01 3.48107E-02
 -1      2840 7.33986E-01 1.74687E+01 2.20585E-02
 -1      2845 4.93632E-01 1.24745E+01-3.60542E-02
 -1      2846 4.61704E-01 1.24658E+01-1.35783E-02
 -1      2847 4.94236E-01 1.24746E+01 3.60542E-02
 -1      2848 5.26164E-01 1.24833E+01 1.35783E-02
 -1      2853-1.49866E-01 1.49640E+01-3.60553E-02
 -1      2854-1.82311E-01 1.49562E+01-1.39944E-02
 -1      2855-1.50134E-01 1.49640E+01 3.60553E-02
 -1      2856-1.17689E-01 1.49718E+01 1.39944E-02
 -1      2861-7.05470E-01 1.74747E+01-3.60504E-02
 -1      2862-7.38413E-01 1.74678E+01-1.44278E-02
 -1      2863-7.06662E-01 1.74744E+01 3.60504E-02
 -1      2864-6.73719E-01 1.74813E+01 1.44278E-02
 -1      2869-4.83328E-01 1.24717E+01 1.96566E+00
 -1      2870-5.20442E-01 1.24818E+01 1.97665E+00
 -1      2871-5.04540E-01 1.24774E+01 2.03434E+00
 -1      2872-4.67426E-01 1.24673E+01 2.02335E+00
 -1      2877 1.59904E-01 1.49616E+01 1.96541E+00
 -1      2878 1.22764E-01 1.49705E+01 1.97730E+00
 -1      2879 1.40096E-01 1.49664E+01 2.03459E+00
 -1      2880 1.77236E-01 1.49575E+01 2.02270E+00
 -1      2885 7.15261E-01 1.74726E+01 1.96519E+00
 -1      2886 6.78146E-01 1.74804E+01 1.97794E+00
 -1      2887 6.96871E-01 1.74765E+01 2.03481E+00
 -1      2888 7.33986E-01 1.74687E+01 2.02206E+00
 -1      2893 4.93632E-01 1.24745E+01 1.96395E+00
 -1      2894 4.61704E-01 1.24658E+01 1.98642E+00
 -1      2895 4.94236E-01 1.24746E+01 2.03605E+00
 -1      2896 5.26164E-01 1.24833E+01 2.01358E+00
 -1      2901-1.49866E-01 1.49640E+01 1.96394E+00
 -1      2902-1.82311E-01 1.49562E+01 1.98601E+00
 -1      2903-1.50134E-01 1.49640E+01 2.03606E+00
 -1      2904-1.17689E-01 1.49718E+01 2.01399E+00
 -1      2909-7.05470E-01 1.74747E+01 1.96395E+00
 -1      2910-7.38413E-01 1.74678E+01 1.98557E+00
 -1      2911-7.06662E-01 1.74744E+01 2.03605E+00
 -1      2912-6.73719E-01 1.74813E+01 2.01443E+00
 -1      2917-1.19777E+00 2.25272E+01 3.58451E-01
 -1      2918-1.23236E+00 2.25239E+01 3.78258E-01
 -1      2919-1.20223E+00 2.25152E+01 4.29417E-01
 -1      2920-1.16764E+00 2.25186E+01 4.09610E-01
 -1      2925-1.19829E+00 2.50371E+01 8.14685E-01
 -1      2926-1.23259E+00 2.50330E+01 8.34866E-01
 -1      2927-1.20171E+00 2.50229E+01 8.85315E-01
 -1      2928-1.16741E+00 2.50270E+01 8.65134E-01
 -1      2933-1.19884E+00 2.75293E+01 1.35882E+00
 -1      2934-1.23282E+00 2.75246E+01 1.37939E+00
 -1      2935-1.20116E+00 2.75131E+01 1.42904E+00
 -1      2936-1.16718E+00 2.75178E+01 1.40848E+00
 -1      2941-1.19407E+00 2.25153E+01 1.57100E+00
 -1      2942-1.23055E+00 2.25180E+01 1.58719E+00
 -1      2943-1.20593E+00 2.25271E+01 1.64113E+00
 -1      2944-1.16945E+00 2.25244E+01 1.62495E+00
 -1      2949-1.19388E+00 2.50230E+01 1.11516E+00
 -1      2950-1.23044E+00 2.50262E+01 1.13106E+00
 -1      2951-1.20612E+00 2.50370E+01 1.18484E+00
 -1      2952-1.16956E+00 2.50338E+01 1.16894E+00
 -1      2957-1.19370E+00 2.75132E+01 5.71480E-01
 -1      2958-1.23034E+00 2.75168E+01 5.87095E-01
 -1      2959-1.20630E+00 2.75292E+01 6.40652E-01
 -1      2960-1.16966E+00 2.75256E+01 6.25037E-01
 -1      2965 1.20223E+00 2.25272E+01 3.58451E-01
 -1      2966 1.16764E+00 2.25239E+01 3.78258E-01
 -1      2967 1.19777E+00 2.25152E+01 4.29417E-01
 -1      2968 1.23236E+00 2.25186E+01 4.09610E-01
 -1      2973 1.20171E+00 2.50371E+01 8.14685E-01
 -1      2974 1.16741E+00 2.50330E+01 8.34866E-01
 -1      2975 1.19829E+00 2.50229E+01 8.85315E-01
 -1      2976 1.23259E+00 2.50270E+01 8.65134E-01
 -1      2981 1.20116E+00 2.75293E+01 1.35882E+00
 -1      2982 1.16718E+00 2.75246E+01 1.37939E+00
 -1      2983 1.19884E+00 2.75131E+01 1.42904E+00
 -1      2984 1.23282E+00 2.75178E+01 1.40848E+00
 -1      2989 1.20593E+00 2.25153E+01 1.57100E+00
 -1      2990 1.16945E+00 2.25180E+01 1.58719E+00
 -1      2991 1.19407E+00 2.25271E+01 1.64113E+00
 -1      2992 1.23055E+00 2.25244E+01 1.62495E+00
 -1      2997 1.20612E+00 2.50230E+01 1.11516E+00
 -1      2998 1.16956E+00 2.50262E+01 1.13106E+00
 -1      2999 1.19388E+00 2.50370E+01 1.18484E+00
 -1      3000 1.23044E+00 2.50338E+01 1.16894E+00
 -1      3005 1.20630E+00 2.75132E+01 5.71480E-01
 -1      3006 1.16966E+00 2.75168E+01 5.87095E-01
 -1      3007 1.19370E+00 2.75292E+01 6.40652E-01
 -1      3008 1.23034E+00 2.75256E+01 6.25037E-01
 -1      3013-4.83328E-01 2.24717E+01-3.43393E-02
 -1      3014-5.20442E-01 2.24818E+01-2.33534E-02
 -1      3015-5.04540E-01 2.24774E+01 3.43393E-02
 -1      3016-4.67426E-01 2.24673E+01 2.33534E-02
 -1      3021 1.59904E-01 2.49616E+01-3.45869E-02
 -1      3022 1.22764E-01 2.49705E+01-2.27046E-02
 -1      3023 1.40096E-01 2.49664E+01 3.45869E-02
 -1      3024 1.77236E-01 2.49575E+01 2.27046E-02
 -1      3029 7.15261E-01 2.74726E+01-3.48107E-02
 -1      3030 6.78146E-01 2.74804E+01-2.20585E-02
 -1      3031 6.96871E-01 2.74765E+01 3.48107E-02
 -1      3032 7.33986E-01 2.74687E+01 2.20585E-02
 -1      3037 4.93632E-01 2.24745E+01-3.60542E-02
 -1      3038 4.61704E-01 2.24658E+01-1.35783E-02
 -1      3039 4.94236E-01 2.24746E+01 3.60542E-02
 -1      3040 5.26164E-01 2.24833E+01 1.35783E-02
 -1      3045-1.49866E-01 2.49640E+01-3.60553E-02
 -1      3046-1.82311E-01 2.49562E+01-1.39944E-02
 -1      3047-1.50134E-01 2.49640E+01 3.60553E-02
 -1      3048-1.17689E-01 2.49718E+01 1.39944E-02
 -1      3053-7.05470E-01 2.74747E+01-3.60504E-02
 -1      3054-7.38413E-01 2.74678E+01-1.44278E-02
 -1      3055-7.06662E-01 2.74744E+01 3.60504E-02
 -1      3056-6.73719E-01 2.74813E+01 1.44278E-02
 -1      3061-4.83328E-01 2.24717E+01 1.96566E+00
 -1      3062-5.20442E-01 2.24818E+01 1.97665E+00
 -1      3063-5.04540E-01 2.24774E+01 2.03434E+00
 -1      3064-4.67426E-01 2.24673E+01 2.02335E+00
 -1      3069 1.59904E-01 2.49616E+01 1.96541E+00
 -1      3070 1.22764E-01 2.49705E+01 1.97730E+00
 -1      3071 1.40096E-01 2.49664E+01 2.03459E+00
 -1      3072 1.77236E-01 2.49575E+01 2.02270E+00
 -1      3077 7.15261E-01 2.74726E+01 1.96519E+00
 -1      3078 6.78146E-01 2.74804E+01 1.97794E+00
 -1      3079 6.96871E-01 2.74765E+01 2.03481E+00
 -1      3080 7.33986E-01 2.74687E+01 2.02206E+00
 -1      3085 4.93632E-01 2.24745E+01 1.96395E+00
 -1      3086 4.61704E-01 2.24658E+01 1.98642E+00
 -1      3087 4.94236E-01 2.24746E+01 2.03605E+00
 -1      3088 5.26164E-01 2.24833E+01 2.01358E+00
 -1      3093-1.49866E-01 2.49640E+01 1.96394E+00
 -1      3094-1.82311E-01 2.49562E+01 1.98601E+00
 -1      3095-1.50134E-01 2.49640E+01 2.03606E+00
 -1      3096-1.17689E-01 2.49718E+01 2.01399E+00
 -1      3101-7.05470E-01 2.74747E+01 1.96395E+00
 -1      3102-7.38413E-01 2.74678E+01 1.98557E+00
 -1      3103-7.06662E-01 2.74744E+01 2.03605E+00
 -1      3104-6.73719E-01 2.74813E+01 2.01443E+00
 -1      3109-1.19777E+00 3.25272E+01 3.58451E-01
 -1      3110-1.23236E+00 3.25239E+01 3.78258E-01
 -1      3111-1.20223E+00 3.25152E+01 4.29417E-01
 -1      3112-1.16764E+00 3.25186E+01 4.09610E-01
 -1      3117-1.19829E+00 3.50371E+01 8.14685E-01
 -1      3118-1.23259E+00 3.50330E+01 8.34866E-01
 -1      3119-1.20171E+00 3.50229E+01 8.85315E-01
 -1      3120-1.16741E+00 3.50270E+01 8.65134E-01
 -1      3125-1.19884E+00 3.75293E+01 1.35882E+00
 -1      3126-1.23282E+00 3.75246E+01 1.37939E+00
 -1      3127-1.20116E+00 3.75131E+01 1.42904E+00
 -1      3128-1.16718E+00 3.75178E+01 1.40848E+00
 -1      3133-1.19407E+00 3.25153E+01 1.57100E+00
 -1      3134-1.23055E+00 3.25180E+01 1.58719E+00
 -1      3135-1.20593E+00 3.25271E+01 1.64113E+00
 -1      3136-1.16945E+00 3.25244E+01 1.62495E+00
 -1      3141-1.19388E+00 3.50230E+01 1.11516E+00
 -1      3142-1.23044E+00 3.50262E+01 1.13106E+00
 -1      3143-1.20612E+00 3.50370E+01 1.18484E+00
 -1      3144-1.16956E+00 3.50338E+01 1.16894E+00
 -1      3149-1.19370E+00 3.75132E+01 5.71480E-01
 -1      3150-1.23034E+00 3.75168E+01 5.87095E-01
 -1      3151-1.20630E+00 3.75292E+01 6.40652E-01
 -1      3152-1.16966E+00 3.75256E+01 6.25037E-01
 -1      3157 1.20223E+00 3.25272E+01 3.58451E-01
 -1      3158 1.16764E+00 3.25239E+01 3.78258E-01
 -1      3159 1.19777E+00 3.25152E+01 4.29417E-01
 -1      3160 1.23236E+00 3.25186E+01 4.09610E-01
 -1      3165 1.20171E+00 3.50371E+01 8.14685E-01
 -1      3166 1.16741E+00 3.50330E+01 8.34866E-01
 -1      3167 1.19829E+00 3.50229E+01 8.85315E-01
 -1      3168 1.23259E+00 3.50270E+01 8.65134E-01
 -1      3173 1.20116E+00 3.75293E+01 1.35882E+00
 -1      3174 1.16718E+00 3.75246E+01 1.37939E+00
 -1      3175 1.19884E+00 3.75131E+01 1.42904E+00
 -1      3176 1.23282E+00 3.75178E+01 1.40848E+00
 -1      3181 1.20593E+00 3.25153E+01 1.57100E+00
 -1      3182 1.16945E+00 3.25180E+01 1.58719E+00
 -1      3183 1.19407E+00 3.25271E+01 1.64113E+00
 -1      3184 1.23055E+00 3.25244E+01 1.62495E+00
 -1      3189 1.20612E+00 3.50230E+01 1.11516E+00
 -1      3190 1.16956E+00 3.50262E+01 1.13106E+00
 -1      3191 1.19388E+00 3.50370E+01 1.18484E+00
 -1      3192 1.23044E+00 3.50338E+01 1.16894E+00
 -1      3197 1.20630E+00 3.75132E+01 5.71480E-01
 -1      3198 1.16966E+00 3.75168E+01 5.87095E-01
 -1      3199 1.19370E+00 3.75292E+01 6.40652E-01
 -1      3200 1.23034E+00 3.75256E+01 6.25037E-01
 -1      3205-4.83328E-01 3.24717E+01-3.43393E-02
 -1      3206-5.20442E-01 3.24818E+01-2.33534E-02
 -1      3207-5.04540E-01 3.24774E+01 3.43393E-02
 -1      3208-4.67426E-01 3.24673E+01 2.33534E-02
 -1      3213 1.59904E-01 3.49616E+01-3.45869E-02
 -1      3214 1.22764E-01 3.49705E+01-2.27046E-02
 -1      3215 1.40096E-01 3.49664E+01 3.45869E-02
 -1      3216 1.77236E-01 3.49575E+01 2.27046E-02
 -1      3221 7.15261E-01 3.74726E+01-3.48107E-02
 -1      3222 6.78146E-01 3.74804E+01-2.20585E-02
 -1      3223 6.96871E-01 3.74765E+01 3.48107E-02
 -1      3224 7.33986E-01 3.74687E+01 2.20585E-02
 -1      3229 4.93632E-01 3.24745E+01-3.60542E-02
 -1      3230 4.61704E-01 3.24658E+01-1.35783E-02
 -1      3231 4.94236E-01 3.24746E+01 3.60542E-02
 -1      3232 5.26164E-01 3.24833E+01 1.35783E-02
 -1      3237-1.49866E-01 3.49640E+01-3.60553E-02
 -1      3238-1.82311E-01 3.49562E+01-1.39944E-02
 -1      3239-1.50134E-01 3.49640E+01 3.60553E-02
 -1      3240-1.17689E-01 3.49718E+01 1.39944E-02
 -1      3245-7.05470E-01 3.74747E+01-3.60504E-02
 -1      3246-7.38413E-01 3.74678E+01-1.44278E-02
 -1      3247-7.06662E-01 3.74744E+01 3.60504E-02
 -1      3248-6.73719E-01 3.74813E+01 1.44278E-02
 -1      3253-4.83328E-01 3.24717E+01 1.96566E+00
 -1      3254-5.20442E-01 3.24818E+01 1.97665E+00
 -1      3255-5.04540E-01 3.24774E+01 2.03434E+00
 -1      3256-4.67426E-01 3.24673E+01 2.02335E+00
 -1      3261 1.59904E-01 3.49616E+01 1.96541E+00
 -1      3262 1.22764E-01 3.49705E+01 1.97730E+00
 -1      3263 1.40096E-01 3.49664E+01 2.03459E+00
 -1      3264 1.77236E-01 3.49575E+01 2.02270E+00
 -1      3269 7.15261E-01 3.74726E+01 1.96519E+00
 -1      3270 6.78146E-01 3.74804E+01 1.97794E+00
 -1      3271 6.96871E-01 3.74765E+01 2.03481E+00
 -1      3272 7.33986E-01 3.74687E+01 2.02206E+00
 -1      3277 4.93632E-01 3.24745E+01 1.96395E+00
 -1      3278 4.61704E-01 3.24658E+01 1.98642E+00
 -1      3279 4.94236E-01 3.24746E+01 2.03605E+00
 -1      3280 5.26164E-01 3.24833E+01 2.01358E+00
 -1      3285-1.49866E-01 3.49640E+01 1.96394E+00
 -1      3286-1.82311E-01 3.49562E+01 1.98601E+00
 -1      3287-1.50134E-01 3.49640E+01 2.03606E+00
 -1      3288-1.17689E-01 3.49718E+01 2.01399E+00
 -1      3293-7.05470E-01 3.74747E+01 1.96395E+00
 -1      3294-7.38413E-01 3.74678E+01 1.98557E+00
 -1      3295-7.06662E-01 3.74744E+01 2.03605E+00
 -1      3296-6.73719E-01 3.74813E+01 2.01443E+00
 -1      3301-1.19777E+00 4.25272E+01 3.58451E-01
 -1      3302-1.23236E+00 4.25239E+01 3.78258E-01
 -1      3303-1.20223E+00 4.25152E+01 4.29417E-01
 -1      3304-1.16764E+00 4.25186E+01 4.09610E-01
 -1      3309-1.19829E+00 4.50371E+01 8.14685E-01
 -1      3310-1.23259E+00 4.50330E+01 8.34866E-01
 -1      3311-1.20171E+00 4.50229E+01 8.85315E-01
 -1      3312-1.16741E+00 4.50270E+01 8.65134E-01
 -1      3317-1.19884E+00 4.75293E+01 1.35882E+00
 -1      3318-1.23282E+00 4.75246E+01 1.37939E+00
 -1      3319-1.20116E+00 4.75131E+01 1.42904E+00
 -1      3320-1.16718E+00 4.75178E+01 1.40848E+00
 -1      3325-1.19407E+00 4.25153E+01 1.57100E+00
 -1      3326-1.23055E+00 4.25180E+01 1.58719E+00
 -1      3327-1.20593E+00 4.25271E+01 1.64113E+00
 -1      3328-1.16945E+00 4.25244E+01 1.62495E+00
 -1      3333-1.19388E+00 4.50230E+01 1.11516E+00
 -1      3334-1.23044E+00 4.50262E+01 1.13106E+00
 -1      3335-1.20612E+00 4.50370E+01 1.18484E+00
 -1      3336-1.16956E+00 4.50338E+01 1.16894E+00
 -1      3341-1.19370E+00 4.75132E+01 5.71480E-01
 -1      3342-1.23034E+00 4.75168E+01 5.87095E-01
 -1      3343-1.20630E+00 4.75292E+01 6.40652E-01
 -1      3344-1.16966E+00 4.75256E+01 6.25037E-01
 -1      3349 1.20223E+00 4.25272E+01 3.58451E-01
 -1      3350 1.16764E+00 4.25239E+01 3.78258E-01
 -1      3351 1.19777E+00 4.25152E+01 4.29417E-01
 -1      3352 1.23236E+00 4.25186E+01 4.09610E-01
 -1      3357 1.20171E+00 4.50371E+01 8.14685E-01
 -1      3358 1.16741E+00 4.50330E+01 8.34866E-01
 -1      3359 1.19829E+00 4.50229E+01 8.85315E-01
 -1      3360 1.23259E+00 4.50270E+01 8.65134E-01
 -1      3365 1.20116E+00 4.75293E+01 1.35882E+00
 -1      3366 1.16718E+00 4.75246E+01 1.37939E+00
 -1      3367 1.19884E+00 4.75131E+01 1.42904E+00
 -1      3368 1.23282E+00 4.75178E+01 1.40848E+00
 -1      3373 1.20593E+00 4.25153E+01 1.57100E+00
 -1      3374 1.16945E+00 4.25180E+01 1.58719E+00
 -1      3375 1.19407E+00 4.25271E+01 1.64113E+00
 -1      3376 1.23055E+00 4.25244E+01 1.62495E+00
 -1      3381 1.20612E+00 4.50230E+01 1.11516E+00
 -1      3382 1.16956E+00 4.50262E+01 1.13106E+00
 -1      3383 1.19388E+00 4.50370E+01 1.18484E+00
 -1      3384 1.23044E+00 4.50338E+01 1.16894E+00
 -1      3389 1.20630E+00 4.75132E+01 5.71480E-01
 -1      3390 1.16966E+00 4.75168E+01 5.87095E-01
 -1      3391 1.19370E+00 4.75292E+01 6.40652E-01
 -1      3392 1.23034E+00 4.75256E+01 6.25037E-01
 -1      3397-4.83328E-01 4.24717E+01-3.43393E-02
 -1      3398-5.20442E-01 4.24818E+01-2.33534E-02
 -1      3399-5.04540E-01 4.24774E+01 3.43393E-02
 -1      3400-4.67426E-01 4.24673E+01 2.33534E-02
 -1      3405 1.59904E-01 4.49616E+01-3.45869E-02
 -1      3406 1.22764E-01 4.49705E+01-2.27046E-02
 -1      3407 1.40096E-01 4.49664E+01 3.45869E-02
 -1      3408 1.77236E-01 4.49575E+01 2.27046E-02
 -1      3413 7.15261E-01 4.74726E+01-3.48107E-02
 -1      3414 6.78146E-01 4.74804E+01-2.20585E-02
 -1      3415 6.96871E-01 4.74765E+01 3.48107E-02
 -1      3416 7.33986E-01 4.74687E+01 2.20585E-02
 -1      3421 4.93632E-01 4.24745E+01-3.60542E-02
 -1      3422 4.61704E-01 4.24658E+01-1.35783E-02
 -1      3423 4.94236E-01 4.24746E+01 3.60542E-02
 -1      3424 5.26164E-01 4.24833E+01 1.35783E-02
 -1      3429-1.49866E-01 4.49640E+01-3.60553E-02
 -1      3430-1.82311E-01 4.49562E+01-1.39944E-02
 -1      3431-1.50134E-01 4.49640E+01 3.60553E-02
 -1      3432-1.17689E-01 4.49718E+01 1.39944E-02
 -1      3437-7.05470E-01 4.74747E+01-3.60504E-02
 -1      3438-7.38413E-01 4.74678E+01-1.44278E-02
 -1      3439-7.06662E-01 4.74744E+01 3.60504E-02
 -1      3440-6.73719E-01 4.74813E+01 1.44278E-02
 -1      3445-4.83328E-01 4.24717E+01 1.96566E+00
 -1      3446-5.20442E-01 4.24818E+01 1.97665E+00
 -1      3447-5.04540E-01 4.24774E+01 2.03434E+00
 -1      3448-4.67426E-01 4.24673E+01 2.02335E+00
 -1      3453 1.59904E-01 4.49616E+01 1.96541E+00
 -1      3454 1.22764E-01 4.49705E+01 1.97730E+00
 -1      3455 1.40096E-01 4.49664E+01 2.03459E+00
 -1      3456 1.77236E-01 4.49575E+01 2.02270E+00
 -1      3461 7.15261E-01 4.74726E+01 1.96519E+00
 -1      3462 6.78146E-01 4.74804E+01 1.97794E+00
 -1      3463 6.96871E-01 4.74765E+01 2.03481E+00
 -1      3464 7.33986E-01 4.74687E+01 2.02206E+00
 -1      3469 4.93632E-01 4.24745E+01 1.96395E+00
 -1      3470 4.61704E-01 4.24658E+01 1.98642E+00
 -1      3471 4.94236E-01 4.24746E+01 2.03605E+00
 -1      3472 5.26164E-01 4.24833E+01 2.01358E+00
 -1      3477-1.49866E-01 4.49640E+01 1.96394E+00
 -1      3478-1.82311E-01 4.49562E+01 1.98601E+00
 -1      3479-1.50134E-01 4.49640E+01 2.03606E+00
 -1      3480-1.17689E-01 4.49718E+01 2.01399E+00
 -1      3485-7.05470E-01 4.74747E+01 1.96395E+00
 -1      3486-7.38413E-01 4.74678E+01 1.98557E+00
 -1      3487-7.06662E-01 4.74744E+01 2.03605E+00
 -1      3488-6.73719E-01 4.74813E+01 2.01443E+00
 -3
    3C                           336                                     1
 -1         1    1    0    1
 -2       277      1477      1478       278       280      1480      1479       279
 -1         2    1    0    1
 -2      1477      1485      1486      1478      1480      1488      1487      1479
 -1         3    1    0    1
 -2      1485      1493      1494      1486      1488      1496      1495      1487
 -1         4    1    0    1
 -2      1493       477       478      1494      1496       480       479      1495
 -1         5    1    0    1
 -2       327      1501      1502       328       330      1504      1503       329
 -1         6    1    0    1
 -2      1501      1509      1510      1502      1504      1512      1511      1503
 -1         7    1    0    1
 -2      1509      1517      1518      1510      1512      1520      1519      1511
 -1         8    1    0    1
 -2      1517       527       528      1518      1520       530       529      1519
 -1         9    1    0    1
 -2       377      1525      1526       378       380      1528      1527       379
 -1        10    1    0    1
 -2      1525      1533      1534      1526      1528      1536      1535      1527
 -1        11    1    0    1
 -2      1533      1541      1542      1534      1536      1544      1543      1535
 -1        12    1    0    1
 -2      1541       577       578      1542      1544       580       579      1543
 -1        13    1    0    1
 -2       427      1549      1550       428       430      1552      1551       429
 -1        14    1    0    1
 -2      1549      1557      1558      1550      1552      1560      1559      1551
 -1        15    1    0    1
 -2      1557      1565      1566      1558      1560      1568      1567      1559
 -1        16    1    0    1
 -2      1565       627       628      1566      1568       630       629      1567
 -1        17    1    0    1
 -2       477      1573      1574       478       480      1576      1575       479
 -1        18    1    0    1
 -2      1573      1581      1582      1574      1576      1584      1583      1575
 -1        19    1    0    1
 -2      1581      1589      1590      1582      1584      1592      1591      1583
 -1        20    1    0    1
 -2      1589       677       678      1590      1592       680       679      1591
 -1        21    1    0    1
 -2       527      1597      1598       528       530      1600      1599       529
 -1        22    1    0    1
 -2      1597      1605      1606      1598      1600      1608      1607      1599
 -1        23    1    0    1
 -2      1605      1613      1614      1606      1608      1616      1615      1607
 -1        24    1    0    1
 -2      1613       727       728      1614      1616       730       729      1615
 -1        25    1    0    1
 -2       577      1621      1622       578       580      1624      1623       579
 -1        26    1    0    1
 -2      1621      1629      1630      1622      1624      1632      1631      1623
 -1        27    1    0    1
 -2      1629      1637      1638      1630      1632      1640      1639      1631
 -1        28    1    0    1
 -2      1637       777       778      1638      1640       780       779      1639
 -1        29    1    0    1
 -2       627      1645      1646       628       630      1648      1647       629
 -1        30    1    0    1
 -2      1645      1653      1654      1646      1648      1656      1655      1647
 -1        31    1    0    1
 -2      1653      1661      1662      1654      1656      1664      1663      1655
 -1        32    1    0    1
 -2      1661       827       828      1662      1664       830       829      1663
 -1        33    1    0    1
 -2       677      1669      1670       678       680      1672      1671       679
 -1        34    1    0    1
 -2      1669      1677      1678      1670      1672      1680      1679      1671
 -1        35    1    0    1
 -2      1677      1685      1686      1678      1680      1688      1687      1679
 -1        36    1    0    1
 -2      1685       877       878      1686      1688       880       879      1687
 -1        37    1    0    1
 -2       727      1693      1694       728       730      1696      1695       729
 -1        38    1    0    1
 -2      1693      1701      1702      1694      1696      1704      1703      1695
 -1        39    1    0    1
 -2      1701      1709      1710      1702      1704      1712      1711      1703
 -1        40    1    0    1
 -2      1709       927       928      1710      1712       930       929      1711
 -1        41    1    0    1
 -2       777      1717      1718       778       780      1720      1719       779
 -1        42    1    0    1
 -2      1717      1725      1726      1718      1720      1728      1727      1719
 -1        43    1    0    1
 -2      1725      1733      1734      1726      1728      1736      1735      1727
 -1        44    1    0    1
 -2      1733       977       978      1734      1736       980       979      1735
 -1        45    1    0    1
 -2       827      1741      1742       828       830      1744      1743       829
 -1        46    1    0    1
 -2      1741      1749      1750      1742      1744      1752      1751      1743
 -1        47    1    0    1
 -2      1749      1757      1758      1750      1752      1760      1759      1751
 -1        48    1    0    1
 -2      1757      1027      1028      1758      1760      1030      1029      1759
 -1        49    1    0    1
 -2       877      1765      1766       878       880      1768      1767       879
 -1        50    1    0    1
 -2      1765      1773      1774      1766      1768      1776      1775      1767
 -1        51    1    0    1
 -2      1773      1781      1782      1774      1776      1784      1783      1775
 -1        52    1    0    1
 -2      1781      1077      1078      1782      1784      1080      1079      1783
 -1        53    1    0    1
 -2       927      1789      1790       928       930      1792      1791       929
 -1        54    1    0    1
 -2      1789      1797      1798      1790      1792      1800      1799      1791
 -1        55    1    0    1
 -2      1797      1805      1806      1798      1800      1808      1807      1799
 -1        56    1    0    1
 -2      1805      1127      1128      1806      1808      1130      1129      1807
 -1        57    1    0    1
 -2       977      1813      1814       978       980      1816      1815       979
 -1        58    1    0    1
 -2      1813      1821      1822      1814      1816      1824      1823      1815
 -1        59    1    0    1
 -2      1821      1829      1830      1822      1824      1832      1831      1823
 -1        60    1    0    1
 -2      1829      1177      1178      1830      1832      1180      1179      1831
 -1        61    1    0    1
 -2      1027      1837      1838      1028      1030      1840      1839      1029
 -1        62    1    0    1
 -2      1837      1845      1846      1838      1840      1848      1847      1839
 -1        63    1    0    1
 -2      1845      1853      1854      1846      1848      1856      1855      1847
 -1        64    1    0    1
 -2      1853      1227      1228      1854      1856      1230      1229      1855
 -1        65    1    0    1
 -2      1077      1861      1862      1078      1080      1864      1863      1079
 -1        66    1    0    1
 -2      1861      1869      1870      1862      1864      1872      1871      1863
 -1        67    1    0    1
 -2      1869      1877      1878      1870      1872      1880      1879      1871
 -1        68    1    0    1
 -2      1877      1277      1278      1878      1880      1280      1279      1879
 -1        69    1    0    1
 -2      1127      1885      1886      1128      1130      1888      1887      1129
 -1        70    1    0    1
 -2      1885      1893      1894      1886      1888      1896      1895      1887
 -1        71    1    0    1
 -2      1893      1901      1902      1894      1896      1904      1903      1895
 -1        72    1    0    1
 -2      1901      1327      1328      1902      1904      1330      1329      1903
 -1        73    1    0    1
 -2      1177      1909      1910      1178      1180      1912      1911      1179
 -1        74    1    0    1
 -2      1909      1917      1918      1910      1912      1920      1919      1911
 -1        75    1    0    1
 -2      1917      1925      1926      1918      1920      1928      1927      1919
 -1        76    1    0    1
 -2      1925      1377      1378      1926      1928      1380      1379      1927
 -1        77    1    0    1
 -2      1227      1933      1934      1228      1230      1936      1935      1229
 -1        78    1    0    1
 -2      1933      1941      1942      1934      1936      1944      1943      1935
 -1        79    1    0    1
 -2      1941      1949      1950      1942      1944      1952      1951      1943
 -1        80    1    0    1
 -2      1949      1427      1428      1950      1952      1430      1429      1951
 -1        81    1    0    1
 -2       285      1957      1958       286       288      1960      1959       287
 -1        82    1    0    1
 -2      1957      1965      1966      1958      1960      1968      1967      1959
 -1        83    1    0    1
 -2      1965      1973      1974      1966      1968      1976      1975      1967
 -1        84    1    0    1
 -2      1973       335       336      1974      1976       338       337      1975
 -1        85    1    0    1
 -2       385      1981      1982       386       388      1984      1983       387
 -1        86    1    0    1
 -2      1981      1989      1990      1982      1984      1992      1991      1983
 -1        87    1    0    1
 -2      1989      1997      1998      1990      1992      2000      1999      1991
 -1        88    1    0    1
 -2      1997       435       436      1998      2000       438       437      1999
 -1        89    1    0    1
 -2       293      2005      2006       294       296      2008      2007       295
 -1        90    1    0    1
 -2      2005      2013      2014      2006      2008      2016      2015      2007
 -1        91    1    0    1
 -2      2013      2021      2022      2014      2016      2024      2023      2015
 -1        92    1    0    1
 -2      2021       393       394      2022      2024       396       395      2023
 -1        93    1    0    1
 -2       343      2029      2030       344       346      2032      2031       345
 -1        94    1    0    1
 -2      2029      2037      2038      2030      2032      2040      2039      2031
 -1        95    1    0    1
 -2      2037      2045      2046      2038      2040      2048      2047      2039
 -1        96    1    0    1
 -2      2045       443       444      2046      2048       446       445      2047
 -1        97    1    0    1
 -2       485      2053      2054       486       488      2056      2055       487
 -1        98    1    0    1
 -2      2053      2061      2062      2054      2056      2064      2063      2055
 -1        99    1    0    1
 -2      2061      2069      2070      2062      2064      2072      2071      2063
 -1       100    1    0    1
 -2      2069       535       536      2070      2072       538       537      2071
 -1       101    1    0    1
 -2       585      2077      2078       586       588      2080      2079       587
 -1       102    1    0    1
 -2      2077      2085      2086      2078      2080      2088      2087      2079
 -1       103    1    0    1
 -2      2085      2093      2094      2086      2088      2096      2095      2087
 -1       104    1    0    1
 -2      2093       635       636      2094      2096       638       637      2095
 -1       105    1    0    1
 -2       493      2101      2102       494       496      2104      2103       495
 -1       106    1    0    1
 -2      2101      2109      2110      2102      2104      2112      2111      2103
 -1       107    1    0    1
 -2      2109      2117      2118      2110      2112      2120      2119      2111
 -1       108    1    0    1
 -2      2117       593       594      2118      2120       596       595      2119
 -1       109    1    0    1
 -2       543      2125      2126       544       546      2128      2127       545
 -1       110    1    0    1
 -2      2125      2133      2134      2126      2128      2136      2135      2127
 -1       111    1    0    1
 -2      2133      2141      2142      2134      2136      2144      2143      2135
 -1       112    1    0    1
 -2      2141       643       644      2142      2144       646       645      2143
 -1       113    1    0    1
 -2       685      2149      2150       686       688      2152      2151       687
 -1       114    1    0    1
 -2      2149      2157      2158      2150      2152      2160      2159      2151
 -1       115    1    0    1
 -2      2157      2165      2166      2158      2160      2168      2167      2159
 -1       116    1    0    1
 -2      2165       735       736      2166      2168       738       737      2167
 -1       117    1    0    1
 -2       785      2173      2174       786       788      2176      2175       787
 -1       118    1    0    1
 -2      2173      2181      2182      2174      2176      2184      2183      2175
 -1       119    1    0    1
 -2      2181      2189      2190      2182      2184      2192      2191      2183
 -1       120    1    0    1
 -2      2189       835       836      2190      2192       838       837      2191
 -1       121    1    0    1
 -2       693      2197      2198       694       696      2200      2199       695
 -1       122    1    0    1
 -2      2197      2205      2206      2198      2200      2208      2207      2199
 -1       123    1    0    1
 -2      2205      2213      2214      2206      2208      2216      2215      2207
 -1       124    1    0    1
 -2      2213       793       794      2214      2216       796       795      2215
 -1       125    1    0    1
 -2       743      2221      2222       744       746      2224      2223       745
 -1       126    1    0    1
 -2      2221      2229      2230      2222      2224      2232      2231      2223
 -1       127    1    0    1
 -2      2229      2237      2238      2230      2232      2240      2239      2231
 -1       128    1    0    1
 -2      2237       843       844      2238      2240       846       845      2239
 -1       129    1    0    1
 -2       885      2245      2246       886       888      2248      2247       887
 -1       130    1    0    1
 -2      2245      2253      2254      2246      2248      2256      2255      2247
 -1       131    1    0    1
 -2      2253      2261      2262      2254      2256      2264      2263      2255
 -1       132    1    0    1
 -2      2261       935       936      2262      2264       938       937      2263
 -1       133    1    0    1
 -2       985      2269      2270       986       988      2272      2271       987
 -1       134    1    0    1
 -2      2269      2277      2278      2270      2272      2280      2279      2271
 -1       135    1    0    1
 -2      2277      2285      2286      2278      2280      2288      2287      2279
 -1       136    1    0    1
 -2      2285      1035      1036      2286      2288      1038      1037      2287
 -1       137    1    0    1
 -2       893      2293      2294       894       896      2296      2295       895
 -1       138    1    0    1
 -2      2293      2301      2302      2294      2296      2304      2303      2295
 -1       139    1    0    1
 -2      2301      2309      2310      2302      2304      2312      2311      2303
 -1       140    1    0    1
 -2      2309       993       994      2310      2312       996       995      2311
 -1       141    1    0    1
 -2       943      2317      2318       944       946      2320      2319       945
 -1       142    1    0    1
 -2      2317      2325      2326      2318      2320      2328      2327      2319
 -1       143    1    0    1
 -2      2325      2333      2334      2326      2328      2336      2335      2327
 -1       144    1    0    1
 -2      2333      1043      1044      2334      2336      1046      1045      2335
 -1       145    1    0    1
 -2      1085      2341      2342      1086      1088      2344      2343      1087
 -1       146    1    0    1
 -2      2341      2349      2350      2342      2344      2352      2351      2343
 -1       147    1    0    1
 -2      2349      2357      2358      2350      2352      2360      2359      2351
 -1       148    1    0    1
 -2      2357      1135      1136      2358      2360      1138      1137      2359
 -1       149    1    0    1
 -2      1185      2365      2366      1186      1188      2368      2367      1187
 -1       150    1    0    1
 -2      2365      2373      2374      2366      2368      2376      2375      2367
 -1       151    1    0    1
 -2      2373      2381      2382      2374      2376      2384      2383      2375
 -1       152    1    0    1
 -2      2381      1235      1236      2382      2384      1238      1237      2383
 -1       153    1    0    1
 -2      1093      2389      2390      1094      1096      2392      2391      1095
 -1       154    1    0    1
 -2      2389      2397      2398      2390      2392      2400      2399      2391
 -1       155    1    0    1
 -2      2397      2405      2406      2398      2400      2408      2407      2399
 -1       156    1    0    1
 -2      2405      1193      1194      2406      2408      1196      1195      2407
 -1       157    1    0    1
 -2      1143      2413      2414      1144      1146      2416      2415      1145
 -1       158    1    0    1
 -2      2413      2421      2422      2414      2416      2424      2423      2415
 -1       159    1    0    1
 -2      2421      2429      2430      2422      2424      2432      2431      2423
 -1       160    1    0    1
 -2      2429      1243      1244      2430      2432      1246      1245      2431
 -1       161    1    0    1
 -2      1285      2437      2438      1286      1288      2440      2439      1287
 -1       162    1    0    1
 -2      2437      2445      2446      2438      2440      2448      2447      2439
 -1       163    1    0    1
 -2      2445      2453      2454      2446      2448      2456      2455      2447
 -1       164    1    0    1
 -2      2453      1335      1336      2454      2456      1338      1337      2455
 -1       165    1    0    1
 -2      1385      2461      2462      1386      1388      2464      2463      1387
 -1       166    1    0    1
 -2      2461      2469      2470      2462      2464      2472      2471      2463
 -1       167    1    0    1
 -2      2469      2477      2478      2470      2472      2480      2479      2471
 -1       168    1    0    1
 -2      2477      1435      1436      2478      2480      1438      1437      2479
 -1       169    1    0    1
 -2      1293      2485      2486      1294      1296      2488      2487      1295
 -1       170    1    0    1
 -2      2485      2493      2494      2486      2488      2496      2495      2487
 -1       171    1    0    1
 -2      2493      2501      2502      2494      2496      2504      2503      2495
 -1       172    1    0    1
 -2      2501      1393      1394      2502      2504      1396      1395      2503
 -1       173    1    0    1
 -2      1343      2509      2510      1344      1346      2512      2511      1345
 -1       174    1    0    1
 -2      2509      2517      2518      2510      2512      2520      2519      2511
 -1       175    1    0    1
 -2      2517      2525      2526      2518      2520      2528      2527      2519
 -1       176    1    0    1
 -2      2525      1443      1444      2526      2528      1446      1445      2527
 -1       177    1    0    1
 -2       277      2533      2534       278       280      2536      2535       279
 -1       178    1    0    1
 -2      2533      2541      2542      2534      2536      2544      2543      2535
 -1       179    1    0    1
 -2      2541      2549      2550      2542      2544      2552      2551      2543
 -1       180    1    0    1
 -2      2549       577       578      2550      2552       580       579      2551
 -1       181    1    0    1
 -2       377      2557      2558       378       380      2560      2559       379
 -1       182    1    0    1
 -2      2557      2565      2566      2558      2560      2568      2567      2559
 -1       183    1    0    1
 -2      2565      2573      2574      2566      2568      2576      2575      2567
 -1       184    1    0    1
 -2      2573       477       478      2574      2576       480       479      2575
 -1       185    1    0    1
 -2       327      2581      2582       328       330      2584      2583       329
 -1       186    1    0    1
 -2      2581      2589      2590      2582      2584      2592      2591      2583
 -1       187    1    0    1
 -2      2589      2597      2598      2590      2592      2600      2599      2591
 -1       188    1    0    1
 -2      2597       627       628      2598      2600       630       629      2599
 -1       189    1    0    1
 -2       427      2605      2606       428       430      2608      2607       429
 -1       190    1    0    1
 -2      2605      2613      2614      2606      2608      2616      2615      2607
 -1       191    1    0    1
 -2      2613      2621      2622      2614      2616      2624      2623      2615
 -1       192    1    0    1
 -2      2621       527       528      2622      2624       530       529      2623
 -1       193    1    0    1
 -2       277      2629      2630       278       280      2632      2631       279
 -1       194    1    0    1
 -2      2629      2637      2638      2630      2632      2640      2639      2631
 -1       195    1    0    1
 -2      2637      2645      2646      2638      2640      2648      2647      2639
 -1       196    1    0    1
 -2      2645       527       528      2646      2648       530       529      2647
 -1       197    1    0    1
 -2       327      2653      2654       328       330      2656      2655       329
 -1       198    1    0    1
 -2      2653      2661      2662      2654      2656      2664      2663      2655
 -1       199    1    0    1
 -2      2661      2669      2670      2662      2664      2672      2671      2663
 -1       200    1    0    1
 -2      2669       477       478      2670      2672       480       479      2671
 -1       201    1    0    1
 -2       377      2677      2678       378       380      2680      2679       379
 -1       202    1    0    1
 -2      2677      2685      2686      2678      2680      2688      2687      2679
 -1       203    1    0    1
 -2      2685      2693      2694      2686      2688      2696      2695      2687
 -1       204    1    0    1
 -2      2693       627       628      2694      2696       630       629      2695
 -1       205    1    0    1
 -2       427      2701      2702       428       430      2704      2703       429
 -1       206    1    0    1
 -2      2701      2709      2710      2702      2704      2712      2711      2703
 -1       207    1    0    1
 -2      2709      2717      2718      2710      2712      2720      2719      2711
 -1       208    1    0    1
 -2      2717       577       578      2718      2720       580       579      2719
 -1       209    1    0    1
 -2       477      2725      2726       478       480      2728      2727       479
 -1       210    1    0    1
 -2      2725      2733      2734      2726      2728      2736      2735      2727
 -1       211    1    0    1
 -2      2733      2741      2742      2734      2736      2744      2743      2735
 -1       212    1    0    1
 -2      2741       777       778      2742      2744       780       779      2743
 -1       213    1    0    1
 -2       577      2749      2750       578       580      2752      2751       579
 -1       214    1    0    1
 -2      2749      2757      2758      2750      2752      2760      2759      2751
 -1       215    1    0    1
 -2      2757      2765      2766      2758      2760      2768      2767      2759
 -1       216    1    0    1
 -2      2765       677       678      2766      2768       680       679      2767
 -1       217    1    0    1
 -2       527      2773      2774       528       530      2776      2775       529
 -1       218    1    0    1
 -2      2773      2781      2782      2774      2776      2784      2783      2775
 -1       219    1    0    1
 -2      2781      2789      2790      2782      2784      2792      2791      2783
 -1       220    1    0    1
 -2      2789       827       828      2790      2792       830       829      2791
 -1       221    1    0    1
 -2       627      2797      2798       628       630      2800      2799       629
 -1       222    1    0    1
 -2      2797      2805      2806      2798      2800      2808      2807      2799
 -1       223    1    0    1
 -2      2805      2813      2814      2806      2808      2816      2815      2807
 -1       224    1    0    1
 -2      2813       727       728      2814      2816       730       729      2815
 -1       225    1    0    1
 -2       477      2821      2822       478       480      2824      2823       479
 -1       226    1    0    1
 -2      2821      2829      2830      2822      2824      2832      2831      2823
 -1       227    1    0    1
 -2      2829      2837      2838      2830      2832      2840      2839      2831
 -1       228    1    0    1
 -2      2837       727       728      2838      2840       730       729      2839
 -1       229    1    0    1
 -2       527      2845      2846       528       530      2848      2847       529
 -1       230    1    0    1
 -2      2845      2853      2854      2846      2848      2856      2855      2847
 -1       231    1    0    1
 -2      2853      2861      2862      2854      2856      2864      2863      2855
 -1       232    1    0    1
 -2      2861       677       678      2862      2864       680       679      2863
 -1       233    1    0    1
 -2       577      2869      2870       578       580      2872      2871       579
 -1       234    1    0    1
 -2      2869      2877      2878      2870      2872      2880      2879      2871
 -1       235    1    0    1
 -2      2877      2885      2886      2878      2880      2888      2887      2879
 -1       236    1    0    1
 -2      2885       827       828      2886      2888       830       829      2887
 -1       237    1    0    1
 -2       627      2893      2894       628       630      2896      2895       629
 -1       238    1    0    1
 -2      2893      2901      2902      2894      2896      2904      2903      2895
 -1       239    1    0    1
 -2      2901      2909      2910      2902      2904      2912      2911      2903
 -1       240    1    0    1
 -2      2909       777       778      2910      2912       780       779      2911
 -1       241    1    0    1
 -2       677      2917      2918       678       680      2920      2919       679
 -1       242    1    0    1
 -2      2917      2925      2926      2918      2920      2928      2927      2919
 -1       243    1    0    1
 -2      2925      2933      2934      2926      2928      2936      2935      2927
 -1       244    1    0    1
 -2      2933       977       978      2934      2936       980       979      2935
 -1       245    1    0    1
 -2       777      2941      2942       778       780      2944      2943       779
 -1       246    1    0    1
 -2      2941      2949      2950      2942      2944      2952      2951      2943
 -1       247    1    0    1
 -2      2949      2957      2958      2950      2952      2960      2959      2951
 -1       248    1    0    1
 -2      2957       877       878      2958      2960       880       879      2959
 -1       249    1    0    1
 -2       727      2965      2966       728       730      2968      2967       729
 -1       250    1    0    1
 -2      2965      2973      2974      2966      2968      2976      2975      2967
 -1       251    1    0    1
 -2      2973      2981      2982      2974      2976      2984      2983      2975
 -1       252    1    0    1
 -2      2981      1027      1028      2982      2984      1030      1029      2983
 -1       253    1    0    1
 -2       827      2989      2990       828       830      2992      2991       829
 -1       254    1    0    1
 -2      2989      2997      2998      2990      2992      3000      2999      2991
 -1       255    1    0    1
 -2      2997      3005      3006      2998      3000      3008      3007      2999
 -1       256    1    0    1
 -2      3005       927       928      3006      3008       930       929      3007
 -1       257    1    0    1
 -2       677      3013      3014       678       680      3016      3015       679
 -1       258    1    0    1
 -2      3013      3021      3022      3014      3016      3024      3023      3015
 -1       259    1    0    1
 -2      3021      3029      3030      3022      3024      3032      3031      3023
 -1       260    1    0    1
 -2      3029       927       928      3030      3032       930       929      3031
 -1       261    1    0    1
 -2       727      3037      3038       728       730      3040      3039       729
 -1       262    1    0    1
 -2      3037      3045      3046      3038      3040      3048      3047      3039
 -1       263    1    0    1
 -2      3045      3053      3054      3046      3048      3056      3055      3047
 -1       264    1    0    1
 -2      3053       877       878      3054      3056       880       879      3055
 -1       265    1    0    1
 -2       777      3061      3062       778       780      3064      3063       779
 -1       266    1    0    1
 -2      3061      3069      3070      3062      3064      3072      3071      3063
 -1       267    1    0    1
 -2      3069      3077      3078      3070      3072      3080      3079      3071
 -1       268    1    0    1
 -2      3077      1027      1028      3078      3080      1030      1029      3079
 -1       269    1    0    1
 -2       827      3085      3086       828       830      3088      3087       829
 -1       270    1    0    1
 -2      3085      3093      3094      3086      3088      3096      3095      3087
 -1       271    1    0    1
 -2      3093      3101      3102      3094      3096      3104      3103      3095
 -1       272    1    0    1
 -2      3101       977       978      3102      3104       980       979      3103
 -1       273    1    0    1
 -2       877      3109      3110       878       880      3112      3111       879
 -1       274    1    0    1
 -2      3109      3117      3118      3110      3112      3120      3119      3111
 -1       275    1    0    1
 -2      3117      3125      3126      3118      3120      3128      3127      3119
 -1       276    1    0    1
 -2      3125      1177      1178      3126      3128      1180      1179      3127
 -1       277    1    0    1
 -2       977      3133      3134       978       980      3136      3135       979
 -1       278    1    0    1
 -2      3133      3141      3142      3134      3136      3144      3143      3135
 -1       279    1    0    1
 -2      3141      3149      3150      3142      3144      3152      3151      3143
 -1       280    1    0    1
 -2      3149      1077      1078      3150      3152      1080      1079      3151
 -1       281    1    0    1
 -2       927      3157      3158       928       930      3160      3159       929
 -1       282    1    0    1
 -2      3157      3165      3166      3158      3160      3168      3167      3159
 -1       283    1    0    1
 -2      3165      3173      3174      3166      3168      3176      3175      3167
 -1       284    1    0    1
 -2      3173      1227      1228      3174      3176      1230      1229      3175
 -1       285    1    0    1
 -2      1027      3181      3182      1028      1030      3184      3183      1029
 -1       286    1    0    1
 -2      3181      3189      3190      3182      3184      3192      3191      3183
 -1       287    1    0    1
 -2      3189      3197      3198      3190      3192      3200      3199      3191
 -1       288    1    0    1
 -2      3197      1127      1128      3198      3200      1130      1129      3199
 -1       289    1    0    1
 -2       877      3205      3206       878       880      3208      3207       879
 -1       290    1    0    1
 -2      3205      3213      3214      3206      3208      3216      3215      3207
 -1       291    1    0    1
 -2      3213      3221      3222      3214      3216      3224      3223      3215
 -1       292    1    0    1
 -2      3221      1127      1128      3222      3224      1130      1129      3223
 -1       293    1    0    1
 -2       927      3229      3230       928       930      3232      3231       929
 -1       294    1    0    1
 -2      3229      3237      3238      3230      3232      3240      3239      3231
 -1       295    1    0    1
 -2      3237      3245      3246      3238      3240      3248      3247      3239
 -1       296    1    0    1
 -2      3245      1077      1078      3246      3248      1080      1079      3247
 -1       297    1    0    1
 -2       977      3253      3254       978       980      3256      3255       979
 -1       298    1    0    1
 -2      3253      3261      3262      3254      3256      3264      3263      3255
 -1       299    1    0    1
 -2      3261      3269      3270      3262      3264      3272      3271      3263
 -1       300    1    0    1
 -2      3269      1227      1228      3270      3272      1230      1229      3271
 -1       301    1    0    1
 -2      1027      3277      3278      1028      1030      3280      3279      1029
 -1       302    1    0    1
 -2      3277      3285      3286      3278      3280      3288      3287      3279
 -1       303    1    0    1
 -2      3285      3293      3294      3286      3288      3296      3295      3287
 -1       304    1    0    1
 -2      3293      1177      1178      3294      3296      1180      1179      3295
 -1       305    1    0    1
 -2      1077      3301      3302      1078      1080      3304      3303      1079
 -1       306    1    0    1
 -2      3301      3309      3310      3302      3304      3312      3311      3303
 -1       307    1    0    1
 -2      3309      3317      3318      3310      3312      3320      3319      3311
 -1       308    1    0    1
 -2      3317      1377      1378      3318      3320      1380      1379      3319
 -1       309    1    0    1
 -2      1177      3325      3326      1178      1180      3328      3327      1179
 -1       310    1    0    1
 -2      3325      3333      3334      3326      3328      3336      3335      3327
 -1       311    1    0    1
 -2      3333      3341      3342      3334      3336      3344      3343      3335
 -1       312    1    0    1
 -2      3341      1277      1278      3342      3344      1280      1279      3343
 -1       313    1    0    1
 -2      1127      3349      3350      1128      1130      3352      3351      1129
 -1       314    1    0    1
 -2      3349      3357      3358      3350      3352      3360      3359      3351
 -1       315    1    0    1
 -2      3357      3365      3366      3358      3360      3368      3367      3359
 -1       316    1    0    1
 -2      3365      1427      1428      3366      3368      1430      1429      3367
 -1       317    1    0    1
 -2      1227      3373      3374      1228      1230      3376      3375      1229
 -1       318    1    0    1
 -2      3373      3381      3382      3374      3376      3384      3383      3375
 -1       319    1    0    1
 -2      3381      3389      3390      3382      3384      3392      3391      3383
 -1       320    1    0    1
 -2      3389      1327      1328      3390      3392      1330      1329      3391
 -1       321    1    0    1
 -2      1077      3397      3398      1078      1080      3400      3399      1079
 -1       322    1    0    1
 -2      3397      3405      3406      3398      3400      3408      3407      3399
 -1       323    1    0    1
 -2      3405      3413      3414      3406      3408      3416      3415      3407
 -1       324    1    0    1
 -2      3413      1327      1328      3414      3416      1330      1329      3415
 -1       325    1    0    1
 -2      1127      3421      3422      1128      1130      3424      3423      1129
 -1       326    1    0    1
 -2      3421      3429      3430      3422      3424      3432      3431      3423
 -1       327    1    0    1
 -2      3429      3437      3438      3430      3432      3440      3439      3431
 -1       328    1    0    1
 -2      3437      1277      1278      3438      3440      1280      1279      3439
 -1       329    1    0    1
 -2      1177      3445      3446      1178      1180      3448      3447      1179
 -1       330    1    0    1
 -2      3445      3453      3454      3446      3448      3456      3455      3447
 -1       331    1    0    1
 -2      3453      3461      3462      3454      3456      3464      3463      3455
 -1       332    1    0    1
 -2      3461      1427      1428      3462      3464      1430      1429      3463
 -1       333    1    0    1
 -2      1227      3469      3470      1228      1230      3472      3471      1229
 -1       334    1    0    1
 -2      3469      3477      3478      3470      3472      3480      3479      3471
 -1       335    1    0    1
 -2      3477      3485      3486      3478      3480      3488      3487      3479
 -1       336    1    0    1
 -2      3485      1377      1378      3486      3488      1380      1379      3487
 -3
    1PSTEP                         1           1           1          
  100CL  101 1.000000000           0                     0    1           1
 -4  DISP        4    1
 -5  D1          1    2    1    0
 -5  D2          1    2    2    0
 -5  D3          1    2    3    0
 -5  ALL         1    2    0    0    1ALL
 -3
 9999
