$MeshFormat
2.2 0 8
$EndMeshFormat
$Nodes
2097
1 0 -120 160
2 0 -120 140
3 0 -10 140
4 0 -10 0
5 0 10 0
6 0 10 140
7 0 120 140
8 0 120 160
9 2000 -120 140
10 2000 -120 160
11 2000 120 160
12 2000 120 140
13 2000 -10 140
14 2000 10 140
15 2000 -10 0
16 2000 10 0
17 0 -120 150
18 0 -65 140
19 0 -10 43.98620340649936
20 0 -10 88.03832137717208
21 0 -10 21.99310170324968
22 0 -10 66.01226239183572
23 0 -10 114.019160688586
24 0 0 0
25 0 10 43.98620340649936
26 0 10 88.03832137717208
27 0 10 21.99310170324968
28 0 10 66.01226239183572
29 0 10 114.019160688586
30 0 65 140
31 0 120 150
32 0 -39.99999999999996 160
33 0 40.00000000000014 160
34 0 -79.99999999999997 160
35 0 8.526512829121202e-14 160
36 0 80.00000000000006 160
37 73.80126880221054 -120 140
38 129.3676270667561 -120 140
39 182.9881432948246 -120 140
40 236.6476033790055 -120 140
41 301.6544150308319 -120 140
42 391.7599779626649 -120 140
43 498.8866998212566 -120 140
44 606.1277322773936 -120 140
45 713.3687647335307 -120 140
46 820.6097971896678 -120 140
47 927.8508296458049 -120 140
48 1035.091862101942 -120 140
49 1142.332894558079 -120 140
50 1249.573927014216 -120 140
51 1356.814959470353 -120 140
52 1464.05599192649 -120 140
53 1571.297024382627 -120 140
54 1678.538056838765 -120 140
55 1785.779089294901 -120 140
56 1893.020121751039 -120 140
57 36.90063440110527 -120 140
58 101.5844479344833 -120 140
59 156.1778851807903 -120 140
60 209.8178733369151 -120 140
61 269.1510092049187 -120 140
62 346.7071964967484 -120 140
63 445.3233388919608 -120 140
64 552.5072160493251 -120 140
65 659.7482485054621 -120 140
66 766.9892809615992 -120 140
67 874.2303134177363 -120 140
68 981.4713458738735 -120 140
69 1088.712378330011 -120 140
70 1195.953410786148 -120 140
71 1303.194443242285 -120 140
72 1410.435475698422 -120 140
73 1517.676508154559 -120 140
74 1624.917540610696 -120 140
75 1732.158573066833 -120 140
76 1839.39960552297 -120 140
77 1946.510060875519 -120 140
78 2000 -120 150
79 73.44756788011809 -120 160
80 128.914344134409 -120 160
81 182.591351837437 -120 160
82 236.2774469489943 -120 160
83 300.6226904205059 -120 160
84 389.8847915787344 -120 160
85 497.0437843152152 -120 160
86 604.3977997212712 -120 160
87 711.7518151273272 -120 160
88 819.1058305333834 -120 160
89 926.4598459394394 -120 160
90 1033.813861345495 -120 160
91 1141.167876751552 -120 160
92 1248.521892157608 -120 160
93 1355.875907563664 -120 160
94 1463.22992296972 -120 160
95 1570.583938375776 -120 160
96 1677.937953781832 -120 160
97 1785.291969187888 -120 160
98 1892.645984593944 -120 160
99 36.72378394005904 -120 160
100 101.1809560072635 -120 160
101 155.752847985923 -120 160
102 209.4343993932157 -120 160
103 268.4500686847501 -120 160
104 345.2537409996201 -120 160
105 443.4642879469748 -120 160
106 550.7207920182433 -120 160
107 658.0748074242993 -120 160
108 765.4288228303553 -120 160
109 872.7828382364114 -120 160
110 980.1368536424674 -120 160
111 1087.490869048524 -120 160
112 1194.84488445458 -120 160
113 1302.198899860635 -120 160
114 1409.552915266692 -120 160
115 1516.906930672748 -120 160
116 1624.260946078804 -120 160
117 1731.61496148486 -120 160
118 1838.968976890916 -120 160
119 1946.322992296972 -120 160
120 73.44756788011809 120 160
121 128.914344134409 120 160
122 182.591351837437 120 160
123 236.2774469489943 120 160
124 300.6226904205059 120 160
125 389.8847915787344 120 160
126 497.0437843152152 120 160
127 604.3977997212712 120 160
128 711.7518151273272 120 160
129 819.1058305333834 120 160
130 926.4598459394394 120 160
131 1033.813861345495 120 160
132 1141.167876751552 120 160
133 1248.521892157608 120 160
134 1355.875907563664 120 160
135 1463.22992296972 120 160
136 1570.583938375776 120 160
137 1677.937953781832 120 160
138 1785.291969187888 120 160
139 1892.645984593944 120 160
140 36.72378394005904 120 160
141 101.1809560072635 120 160
142 155.752847985923 120 160
143 209.4343993932157 120 160
144 268.4500686847501 120 160
145 345.2537409996201 120 160
146 443.4642879469748 120 160
147 550.7207920182433 120 160
148 658.0748074242993 120 160
149 765.4288228303553 120 160
150 872.7828382364114 120 160
151 980.1368536424674 120 160
152 1087.490869048524 120 160
153 1194.84488445458 120 160
154 1302.198899860635 120 160
155 1409.552915266692 120 160
156 1516.906930672748 120 160
157 1624.260946078804 120 160
158 1731.61496148486 120 160
159 1838.968976890916 120 160
160 1946.322992296972 120 160
161 2000 -67.12073869974498 160
162 2000 -22.35321115965159 160
163 2000 22.35321115965172 160
164 2000 67.12073869974506 160
165 2000 -93.56036934987249 160
166 2000 -44.73697492969828 160
167 2000 5.684341886080801e-14 160
168 2000 44.73697492969839 160
169 2000 93.56036934987253 160
170 73.80126880221054 120 140
171 129.3676270667561 120 140
172 182.9881432948246 120 140
173 236.6476033790055 120 140
174 301.6544150308319 120 140
175 391.7599779626649 120 140
176 498.8866998212566 120 140
177 606.1277322773936 120 140
178 713.3687647335307 120 140
179 820.6097971896678 120 140
180 927.8508296458049 120 140
181 1035.091862101942 120 140
182 1142.332894558079 120 140
183 1249.573927014216 120 140
184 1356.814959470353 120 140
185 1464.05599192649 120 140
186 1571.297024382627 120 140
187 1678.538056838765 120 140
188 1785.779089294901 120 140
189 1893.020121751039 120 140
190 36.90063440110527 120 140
191 101.5844479344833 120 140
192 156.1778851807903 120 140
193 209.8178733369151 120 140
194 269.1510092049187 120 140
195 346.7071964967484 120 140
196 445.3233388919608 120 140
197 552.5072160493251 120 140
198 659.7482485054621 120 140
199 766.9892809615992 120 140
200 874.2303134177363 120 140
201 981.4713458738735 120 140
202 1088.712378330011 120 140
203 1195.953410786148 120 140
204 1303.194443242285 120 140
205 1410.435475698422 120 140
206 1517.676508154559 120 140
207 1624.917540610696 120 140
208 1732.158573066833 120 140
209 1839.39960552297 120 140
210 1946.510060875519 120 140
211 2000 120 150
212 75.52628471512737 -10 140
213 132.5248361322736 -10 140
214 187.9973453536006 -10 140
215 243.7218075301995 -10 140
216 313.5775494502522 -10 140
217 411.3264646703137 -10 140
218 522.2714831129676 -10 140
219 633.2165015556217 -10 140
220 744.1615199982756 -10 140
221 855.1065384409296 -10 140
222 966.0515568835834 -10 140
223 1076.996575326237 -10 140
224 1187.941593768891 -10 140
225 1298.886612211545 -10 140
226 1409.831630654199 -10 140
227 1520.776649096853 -10 140
228 1631.721667539507 -10 140
229 1741.249856136863 -10 140
230 1827.358924780837 -10 140
231 1889.054981557346 -10 140
232 1944.527490778673 -10 140
233 37.76314235756369 -10 140
234 104.0255604237005 -10 140
235 160.2610907429371 -10 140
236 215.8595764419001 -10 140
237 278.6496784902259 -10 140
238 362.4520070602829 -10 140
239 466.7989738916407 -10 140
240 577.7439923342947 -10 140
241 688.6890107769486 -10 140
242 799.6340292196027 -10 140
243 910.5790476622565 -10 140
244 1021.524066104911 -10 140
245 1132.469084547565 -10 140
246 1243.414102990218 -10 140
247 1354.359121432872 -10 140
248 1465.304139875526 -10 140
249 1576.24915831818 -10 140
250 1686.485761838185 -10 140
251 1784.30439045885 -10 140
252 1858.206953169092 -10 140
253 1916.79123616801 -10 140
254 1972.263745389336 -10 140
255 2000 -61.20269903998826 140
256 2000 -90.60134951999413 140
257 2000 -35.60134951999413 140
258 2000 61.20269903998812 140
259 2000 35.60134951999407 140
260 2000 90.60134951999407 140
261 75.87605182537845 10 140
262 132.9560167526408 10 140
263 188.3707278236517 10 140
264 244.1468644815661 10 140
265 314.7002271551476 10 140
266 413.1760054804279 10 140
267 524.0054276224497 10 140
268 634.8348497644715 10 140
269 745.6642719064932 10 140
270 856.4936940485151 10 140
271 967.3231161905369 10 140
272 1078.152538332559 10 140
273 1188.981960474581 10 140
274 1299.811382616602 10 140
275 1410.640804758624 10 140
276 1521.470226900646 10 140
277 1632.299649042668 10 140
278 1741.671797836663 10 140
279 1827.59199852694 10 140
280 1889.170577857978 10 140
281 1944.585288928989 10 140
282 37.93802591268923 10 140
283 104.4160342890096 10 140
284 160.6633722881462 10 140
285 216.2587961526089 10 140
286 279.4235458183568 10 140
287 363.9381163177877 10 140
288 468.5907165514388 10 140
289 579.4201386934607 10 140
290 690.2495608354824 10 140
291 801.0789829775042 10 140
292 911.908405119526 10 140
293 1022.737827261548 10 140
294 1133.56724940357 10 140
295 1244.396671545592 10 140
296 1355.226093687613 10 140
297 1466.055515829635 10 140
298 1576.884937971657 10 140
299 1686.985723439665 10 140
300 1784.631898181802 10 140
301 1858.381288192459 10 140
302 1916.877933393484 10 140
303 1972.292644464495 10 140
304 2000 -10 56.66475545192817
305 2000 -10 101.362023377269
306 2000 -10 28.33237772596408
307 2000 -10 79.01338941459856
308 2000 -10 120.6810116886345
309 2000 0 0
310 2000 10 56.66475545192817
311 2000 10 101.362023377269
312 2000 10 28.33237772596408
313 2000 10 79.01338941459856
314 2000 10 120.6810116886345
315 54.89105617433801 -10 0
316 109.782112348676 -10 0
317 164.673168523014 -10 0
318 219.564224697352 -10 0
319 274.4552808716901 -10 0
320 329.3463370460281 -10 0
321 384.2373932203661 -10 0
322 439.1284493947041 -10 0
323 494.0195055690421 -10 0
324 548.9105617433802 -10 0
325 603.8016179177182 -10 0
326 658.6926740920561 -10 0
327 713.5837302663941 -10 0
328 768.4747864407323 -10 0
329 823.3658426150702 -10 0
330 878.2568987894082 -10 0
331 936.516340950221 -10 0
332 1015.930424739509 -10 0
333 1121.743101210592 -10 0
334 1231.525213559268 -10 0
335 1341.307325907944 -10 0
336 1451.08943825662 -10 0
337 1560.871550605296 -10 0
338 1670.653662953972 -10 0
339 1780.435775302648 -10 0
340 1890.217887651324 -10 0
341 27.44552808716901 -10 0
342 82.33658426150701 -10 0
343 137.227640435845 -10 0
344 192.118696610183 -10 0
345 247.0097527845211 -10 0
346 301.9008089588591 -10 0
347 356.7918651331971 -10 0
348 411.6829213075351 -10 0
349 466.5739774818731 -10 0
350 521.4650336562112 -10 0
351 576.3560898305492 -10 0
352 631.2471460048871 -10 0
353 686.1382021792251 -10 0
354 741.0292583535631 -10 0
355 795.9203145279012 -10 0
356 850.8113707022392 -10 0
357 907.3866198698146 -10 0
358 976.2233828448649 -10 0
359 1068.83676297505 -10 0
360 1176.63415738493 -10 0
361 1286.416269733606 -10 0
362 1396.198382082282 -10 0
363 1505.980494430958 -10 0
364 1615.762606779634 -10 0
365 1725.54471912831 -10 0
366 1835.326831476986 -10 0
367 1945.108943825662 -10 0
368 54.89105617433801 10 0
369 109.782112348676 10 0
370 164.673168523014 10 0
371 219.564224697352 10 0
372 274.4552808716901 10 0
373 329.3463370460281 10 0
374 384.2373932203661 10 0
375 439.1284493947041 10 0
376 494.0195055690421 10 0
377 548.9105617433802 10 0
378 603.8016179177182 10 0
379 658.6926740920561 10 0
380 713.5837302663941 10 0
381 768.4747864407323 10 0
382 823.3658426150702 10 0
383 878.2568987894082 10 0
384 936.516340950221 10 0
385 1015.930424739509 10 0
386 1121.743101210592 10 0
387 1231.525213559268 10 0
388 1341.307325907944 10 0
389 1451.08943825662 10 0
390 1560.871550605296 10 0
391 1670.653662953972 10 0
392 1780.435775302648 10 0
393 1890.217887651324 10 0
394 27.44552808716901 10 0
395 82.33658426150701 10 0
396 137.227640435845 10 0
397 192.118696610183 10 0
398 247.0097527845211 10 0
399 301.9008089588591 10 0
400 356.7918651331971 10 0
401 411.6829213075351 10 0
402 466.5739774818731 10 0
403 521.4650336562112 10 0
404 576.3560898305492 10 0
405 631.2471460048871 10 0
406 686.1382021792251 10 0
407 741.0292583535631 10 0
408 795.9203145279012 10 0
409 850.8113707022392 10 0
410 907.3866198698146 10 0
411 976.2233828448649 10 0
412 1068.83676297505 10 0
413 1176.63415738493 10 0
414 1286.416269733606 10 0
415 1396.198382082282 10 0
416 1505.980494430958 10 0
417 1615.762606779634 10 0
418 1725.54471912831 10 0
419 1835.326831476986 10 0
420 1945.108943825662 10 0
421 0 0 21.99310170324969
422 0 0 66.01226239183572
423 0 0 140
424 0 0 114.019160688586
425 0 0 43.98620340649936
426 0 5 32.98965255487452
427 0 -5 32.98965255487452
428 0 0 88.03832137717208
429 0 5 77.0252918845039
430 0 -5 77.0252918845039
431 0 -5 54.99923289916754
432 0 5 54.99923289916754
433 0 -5 10.99655085162485
434 0 5 10.99655085162485
435 0 -24.99999999999997 150
436 0 -79.99999999999997 150
437 0 -14.99999999999997 150
438 0 80.00000000000006 150
439 0 25.00000000000006 150
440 36.72378394005904 -120 150
441 73.62441834116431 -120 150
442 1946.510060875519 -120 150
443 1892.833053172491 -120 150
444 129.1409856005825 -120 150
445 101.3578064683098 -120 150
446 182.7897475661308 -120 150
447 155.9794894520965 -120 150
448 236.4625251639999 -120 150
449 209.6327951219095 -120 150
450 301.1385527256689 -120 150
451 268.6351468997557 -120 150
452 345.7696033047831 -120 150
453 390.8223847706997 -120 150
454 497.9652420682359 -120 150
455 444.4018811389401 -120 150
456 605.2627659993325 -120 150
457 551.6422497712639 -120 150
458 712.560289930429 -120 150
459 658.9397737023604 -120 150
460 819.8578138615255 -120 150
461 766.237297633457 -120 150
462 927.1553377926222 -120 150
463 873.5348215645536 -120 150
464 980.8323454956501 -120 150
465 1034.452861723719 -120 150
466 1088.129869426747 -120 150
467 1141.750385654815 -120 150
468 1195.427393357843 -120 150
469 1249.047909585912 -120 150
470 1302.72491728894 -120 150
471 1356.345433517008 -120 150
472 1463.642957448105 -120 150
473 1410.022441220036 -120 150
474 1517.319965151133 -120 150
475 1570.940481379202 -120 150
476 1624.617489082229 -120 150
477 1678.238005310298 -120 150
478 1731.915013013326 -120 150
479 1785.535529241395 -120 150
480 1839.212536944423 -120 150
481 155.6031250990759 73.50847930911863 160
482 272.4530523339666 -62.69543517289344 160
483 1955.916870866387 -2.61085831990782 160
484 155.6352071673001 -73.16963965075823 160
485 429.346014377754 -27.16659064119243 160
486 69.00604169867628 -0.04368791647277703 160
487 1830.838804911499 -30.90389718989147 160
488 271.3093427199047 64.7390584986301 160
489 1302.198899860635 -27.02869546008964 160
490 1624.260946078803 -27.02869546008964 160
491 980.1368536424676 27.02869546008964 160
492 658.0748074242993 -27.02869546008954 160
493 550.7207920182432 27.1131427531725 160
494 1731.61496148486 27.02869546008952 160
495 1391.660579365682 40.00000000000026 160
496 872.7828382364113 -27.02869546008954 160
497 765.4288228303552 27.02869546008949 160
498 1194.844884454579 27.02869546008952 160
499 1087.490869048524 -27.02869546008954 160
500 101.101863066679 -71.95891658968822 160
501 100.9366375110099 71.87810829260852 160
502 209.4343993932157 -73.51172442116433 160
503 180.0156101295771 -23.90747969183474 160
504 209.4343993932157 73.51172442116436 160
505 1514.350882686889 28.09821328318444 160
506 128.9084902726637 -26.99796959338458 160
507 131.5559380240699 24.47921678692762 160
508 182.5913847995653 27.69796269718225 160
509 230.7038510960828 1.148622768938068 160
510 1958.061898428036 -61.68324584105325 160
511 1958.018697373428 45.63323587639485 160
512 1900.292632165316 17.70590631413501 160
513 1843.148043364215 54.70331802087856 160
514 314.7788793899836 -2.854088636490218 160
515 46.10428885123127 -71.95709498758863 160
516 45.57689919748982 71.87200270224187 160
517 442.4498246579134 60.75121229942289 160
518 1902.630219905682 -38.55539286567704 160
519 358.0652571907993 55.91159858672839 160
520 341.4170856201889 -66.54322289011523 160
521 550.7207920182432 -56.23596347798175 160
522 1516.395721075576 -59.04285874690504 160
523 1087.490869048524 56.2838115576202 160
524 980.1368536424675 -56.28381155761969 160
525 1624.260946078802 56.28381155762051 160
526 1194.844884454579 -56.28381155761978 160
527 658.0748074242993 56.28381155761971 160
528 872.7828382364111 56.28381155761954 160
529 1298.620432680434 56 160
530 1731.61496148486 -56.2838115576195 160
531 1416.899379715843 -49.5040897530358 160
532 765.4288228303551 -56.28381155761986 160
533 1910.986999788306 65.64801268835646 160
534 1952.330336351135 83.68039745289926 160
535 1930.346059166859 -50.11931935336514 160
536 1897.638102249813 -79.27769643283852 160
537 1925.35394151099 -90.84162292052662 160
538 220.0691252446493 -36.18155082611312 160
539 205.3597306128299 -11.37942846144833 160
540 194.7250047613964 -48.70960205649953 160
541 206.6476179478241 14.42329273306015 160
542 220.0691252446493 37.33017359505121 160
543 196.0128920963905 50.6048435591733 160
544 155.7857740768235 0.2858685475464426 160
545 130.2322141483668 -1.259376403228487 160
546 154.4620502011204 -25.45272464260967 160
547 181.3034974645712 1.895241502673755 160
548 157.0736614118176 26.08858974205492 160
549 1901.461426035499 -10.42474327577102 160
550 1929.273545386034 -20.58312559279243 160
551 1928.104751515852 7.547523997113586 160
552 1956.989384647212 -32.14705208048053 160
553 393.7056357842766 14.37250397276799 160
554 336.4220682903914 26.52875497511909 160
555 372.0624468838688 -15.01033963884132 160
556 400.2575409243564 58.33140544307565 160
557 435.8979195178337 16.79231082911522 160
558 328.0979825050862 -34.69865576330272 160
559 385.3815499989714 -46.85490676565382 160
560 1465.625131201366 -10.70293823492568 160
561 1466.64755039571 -54.27347424997042 160
562 1515.373301881232 -15.4723227318603 160
563 1404.279979540763 -4.752044876517772 160
564 1453.005731026286 34.04910664159235 160
565 1866.73451240859 -34.72964502778424 160
566 1865.565718538408 -6.59899543787823 160
567 1861.742394752722 -75.45194859494573 160
568 1905.639815976811 41.67695950124573 160
569 1877.06752157626 60.17566535461751 160
570 1871.720337764766 36.20461216750678 160
571 463.1948993464846 -73.58329532059622 160
572 409.6154029782442 -73.58329532059622 160
573 87.19210269556402 95.93905414630427 160
574 114.9254908227095 95.93905414630427 160
575 115.008103600544 -95.97945829484411 160
576 87.27471547339854 -95.97945829484411 160
577 251.5784517150247 -30.77340620197768 160
578 240.9437258635912 -68.10357979702889 160
579 496.5853083380783 43.93217752629769 160
580 490.0334031979986 -0.02672394400997291 160
581 523.8822881667293 73.55657137658625 160
582 577.5592958697572 73.55657137658625 160
583 222.855923171105 -96.75586221058217 160
584 196.0128756153264 -96.75586221058217 160
585 196.0128756153264 96.75586221058217 160
586 222.855923171105 96.75586221058217 160
587 1373.768243464673 80.00000000000011 160
588 1427.445251167701 80.00000000000011 160
589 1704.776457633346 73.51434773004476 160
590 1758.453465336374 73.51434773004476 160
591 684.9133112758132 -73.51434773004476 160
592 631.2363035727852 -73.51434773004476 160
593 142.2587346167424 96.75423965455931 160
594 169.0972384682564 96.75423965455931 160
595 1808.065387049694 -75.45194859494573 160
596 1168.006380603066 73.51434773004476 160
597 1221.683388306094 73.51434773004476 160
598 899.6213420879253 -73.51434773004476 160
599 845.9443343848973 -73.51434773004476 160
600 738.5903189788412 73.51434773004473 160
601 792.2673266818692 73.51434773004473 160
602 169.1132795023685 -96.58481982537911 160
603 142.2747756508545 -96.58481982537911 160
604 1114.329372900038 -73.51434773004476 160
605 1060.65236519701 -73.51434773004476 160
606 953.2983497909536 73.51434773004482 160
607 1006.975357493981 73.51434773004482 160
608 1329.03740371215 -73.51434773004482 160
609 1275.360396009122 -73.51434773004482 160
610 1651.099449930317 -73.51434773004482 160
611 1597.422442227289 -73.51434773004482 160
612 1488.790402828304 74.04910664159223 160
613 1542.467410531332 74.04910664159223 160
614 128.2698813050429 72.69329380086356 160
615 128.3685351169895 -72.56427812022322 160
616 490.0334031979986 -41.70127705958708 160
617 550.7207920182432 -14.56141036240462 160
618 167.8254086484386 -48.53855967129648 160
619 182.5348032802579 -73.34068203596128 160
620 182.5187622461458 73.51010186514151 160
621 142.2718487199819 -50.0838046220714 160
622 1836.993424137857 11.89971041549353 160
623 1787.381502424537 40.86600674048404 160
624 1781.22688319818 -1.937600864900972 160
625 116.2462877675399 48.17866253976808 160
626 143.5795315615729 48.99384804802312 160
627 604.3977997212712 -41.63232946903564 160
628 604.3977997212712 0.04222364654148691 160
629 658.0748074242993 14.62755804876508 160
630 604.3977997212712 41.69847715539612 160
631 1359.549139788239 -38.26639260656272 160
632 1346.929739613159 6.48565226995531 160
633 1345.140506023058 48.00000000000011 160
634 1300.409666270535 14.48565226995518 160
635 1677.937953781831 41.656253508855 160
636 1624.260946078803 14.62755804876542 160
637 1677.937953781831 -5.684341886080801e-14 160
638 1731.61496148486 -14.627558048765 160
639 1781.226883198179 -43.59385437375548 160
640 1677.937953781831 -41.65625350885458 160
641 926.4598459394393 41.6562535088546 160
642 872.7828382364112 14.627558048765 160
643 926.4598459394394 5.684341886080801e-14 160
644 980.1368536424675 -14.62755804876502 160
645 1033.813861345496 -41.65625350885462 160
646 1033.813861345496 5.684341886080801e-14 160
647 1194.844884454579 -14.62755804876512 160
648 1248.521892157607 -41.6562535088547 160
649 1248.521892157607 -5.684341886080801e-14 160
650 1087.490869048524 14.62755804876534 160
651 1033.813861345496 41.65625350885492 160
652 765.4288228303551 -14.62755804876518 160
653 819.1058305333831 -41.65625350885469 160
654 819.1058305333833 -2.842170943040401e-14 160
655 926.4598459394394 -41.65625350885462 160
656 1246.732658567506 41.51434773004476 160
657 819.1058305333831 41.65625350885452 160
658 1141.167876751551 41.65625350885486 160
659 1141.167876751552 0 160
660 711.7518151273273 41.6562535088546 160
661 711.7518151273273 -2.842170943040401e-14 160
662 711.7518151273272 -41.65625350885469 160
663 1570.328333577189 -43.03577710349734 160
664 1569.305914382846 0.5347589115473994 160
665 1141.167876751551 -41.65625350885466 160
666 1569.305914382845 42.19101242040247 160
667 115.0051766696714 -49.47844309153641 160
668 251.0065969079938 32.94384063378408 160
669 240.3718710565602 69.12539145989723 160
670 169.0972549493206 50.60322100315045 160
671 1976.165168175568 101.8401987264496 160
672 1976.165168175568 75.40056807632214 160
673 1934.502848580867 55.64062428237565 160
674 1929.155664769372 31.66957109526493 160
675 98.95726598567001 -13.52082875492869 160
676 85.05395238267764 -36.0013022530805 160
677 100.2809898613731 12.21776443522742 160
678 84.97133960484311 35.91721018806788 160
679 469.7468044865643 90.37560614971144 160
680 577.5592958697572 -88.11798173899088 160
681 1327.248170122049 88 160
682 1651.099449930317 88.14190577881027 160
683 1386.387643639753 -84.7520448765179 160
684 1758.453465336374 -88.14190577880976 160
685 1006.975357493981 -88.14190577880984 160
686 1704.776457633346 -88.14190577880976 160
687 899.6213420879253 88.14190577880976 160
688 1221.683388306094 -88.14190577880989 160
689 953.2983497909535 -88.14190577880984 160
690 792.2673266818692 -88.14190577880993 160
691 684.9133112758132 88.14190577880987 160
692 1060.652365197009 88.1419057788101 160
693 1273.571162419021 88 160
694 738.5903189788412 -88.14190577880993 160
695 845.9443343848973 88.14190577880976 160
696 1114.329372900037 88.1419057788101 160
697 1168.006380603065 -88.14190577880989 160
698 1543.489829725676 -89.52142937345252 160
699 1597.422442227289 88.14190577881027 160
700 631.2363035727852 88.14190577880987 160
701 1814.220006276051 87.35165901043928 160
702 416.1673081183239 90.37560614971144 160
703 1979.009348686714 56.37698728806996 160
704 1979.009348686714 33.99322351802329 160
705 1979.030949214018 -42.01822850035242 160
706 1979.030949214018 -64.40199227039912 160
707 1977.958435433193 9.871176419871944 160
708 1977.958435433193 -12.48203473977971 160
709 1956.967784119907 21.51118877824351 160
710 523.8822881667293 -88.11798173899088 160
711 365.6509385994617 -93.27161144505762 160
712 329.3439738056526 87.95579929336418 160
713 373.9750243847668 87.95579929336418 160
714 321.0198880203474 -93.27161144505762 160
715 1931.658668069721 74.66420507062787 160
716 1922.48816047254 101.8401987264496 160
717 1901.816492191125 92.82400634417823 160
718 34.50302084933814 -20.02184395823636 160
719 34.50302084933814 19.97815604176367 160
720 293.615965861975 -32.77476190469183 160
721 272.7413652430332 -0.8527329337760818 160
722 1489.812822022648 -89.52142937345252 160
723 1440.064651342781 -84.7520448765179 160
724 293.0441110549442 30.94248493106994 160
725 1867.897013979079 87.35165901043928 160
726 1955.174516862282 64.65681666464707 160
727 59.77592836567467 -95.97854749379431 160
728 23.05214442561563 -95.97854749379431 160
729 22.78844959874491 95.93600135112092 160
730 59.51223353880395 95.93600135112092 160
731 253.7933948344495 92.36952924931506 160
732 285.9660165702053 92.36952924931506 160
733 286.5378713772362 -91.34771758644672 160
734 254.3652496414805 -91.34771758644672 160
735 23.05214442561563 -55.9785474937943 160
736 22.78844959874491 55.93600135112101 160
737 73.25676835424989 71.87505549742519 160
738 57.29147044808305 35.91415739288453 160
739 57.55516527495378 -36.0003914520307 160
740 73.60307595895513 -71.95800578863842 160
741 314.687299955352 60.32532854267924 160
742 306.9350689770778 -64.61932903150434 160
743 1979.030949214018 -90.84162292052662 160
744 36.72378394005904 120 150
745 73.62441834116431 120 150
746 1946.510060875519 120 150
747 1892.833053172491 120 150
748 101.3578064683098 120 150
749 155.9794894520965 120 150
750 129.1409856005825 120 150
751 209.6327951219095 120 150
752 182.7897475661308 120 150
753 268.6351468997557 120 150
754 236.4625251639999 120 150
755 345.7696033047831 120 150
756 301.1385527256689 120 150
757 444.4018811389401 120 150
758 390.8223847706997 120 150
759 551.6422497712639 120 150
760 497.9652420682359 120 150
761 605.2627659993325 120 150
762 658.9397737023604 120 150
763 712.560289930429 120 150
764 766.237297633457 120 150
765 873.5348215645536 120 150
766 819.8578138615255 120 150
767 980.8323454956501 120 150
768 927.1553377926222 120 150
769 1088.129869426747 120 150
770 1034.452861723719 120 150
771 1195.427393357843 120 150
772 1141.750385654815 120 150
773 1302.72491728894 120 150
774 1249.047909585912 120 150
775 1410.022441220036 120 150
776 1356.345433517008 120 150
777 1517.319965151133 120 150
778 1463.642957448105 120 150
779 1624.617489082229 120 150
780 1570.940481379202 120 150
781 1731.915013013326 120 150
782 1678.238005310298 120 150
783 1839.212536944423 120 150
784 1785.535529241395 120 150
785 158.2980071636113 -66.07448563840792 140
786 213.583053529089 -64.25580216002407 140
787 273.9558854308752 -62.58371322731138 140
788 50.23185654445041 -66.62886449574509 140
789 103.2916467374049 -65.45055835569217 140
790 356.2662719061498 -65.89519930849093 140
791 1861.926232577119 -61.31823498932982 140
792 1939.299410974958 -74.33978572980878 140
793 1782.360528019654 -59.3827104059587 140
794 445.3233388919608 -72.78748262363413 140
795 1916.791236168012 -39.02735394000887 140
796 1962.051095879474 -41.64529443627848 140
797 173.1476762586059 -38.03724281920395 140
798 145.4114216479425 -38.03724281920395 140
799 1709.893956487814 -65 140
800 1655.129862189136 -65 140
801 117.9082414348393 -37.72527917784609 140
802 89.40896572626613 -37.72527917784609 140
803 25.1159282722252 -38.31443224787255 140
804 25.1159282722252 -93.31443224787255 140
805 130.7948269505081 -65.76252199705004 140
806 200.7901994413448 -37.12790108001204 140
807 185.9405303463502 -65.16514389921599 140
808 564.1996076951807 -65 140
809 510.5790914671121 -65 140
810 619.6721169165077 -65 140
811 673.2926331445763 -65 140
812 728.7651423659031 -65 140
813 198.2855984119568 -92.12790108001204 140
814 225.1153284540472 -92.12790108001204 140
815 782.3856585939717 -65 140
816 837.8581678152987 -65 140
817 1761.805192078259 -34.69135520297935 140
818 1730.449292429209 -89.69135520297935 140
819 891.4786840433673 -65 140
820 946.9511932646942 -65 140
821 1000.571709492763 -65 140
822 1056.04421871409 -65 140
823 1601.509345961067 -65 140
824 1546.03683673974 -65 140
825 170.643075229218 -93.03724281920395 140
826 1165.137244163485 -65 140
827 1109.664734942158 -65 140
828 1274.230269612881 -65 140
829 1218.757760391554 -65 140
830 1383.323295062276 -65 140
831 1327.850785840949 -65 140
832 1492.416320511672 -65 140
833 1436.943811290345 -65 140
834 1969.649705487479 -67.77124238489853 140
835 1950.675253427216 -57.99254008304363 140
836 1981.025547939737 -51.42399673813337 140
837 228.6524305296443 -37.12790108001204 140
838 88.54645776980772 -92.72527917784609 140
839 116.3296369020805 -92.72527917784609 140
840 143.8328171151837 -93.03724281920395 140
841 1784.069808657278 -89.69135520297935 140
842 1900.612821776038 -67.82901035956931 140
843 1889.358734372565 -50.17279446466935 140
844 1928.045323571485 -56.68356983490882 140
845 383.7963682882317 -37.94759965424547 140
846 334.921910678201 -37.94759965424547 140
847 483.7974110024642 -41.39374131181707 140
848 428.3249017811372 -41.39374131181707 140
849 1981.025547939737 -25.82264721813924 140
850 1953.289293329073 -25.82264721813924 140
851 418.5416584273129 -96.39374131181707 140
852 472.1050193566086 -96.39374131181707 140
853 62.87907062978889 -38.31443224787255 140
854 76.76175164092766 -66.03971142571862 140
855 328.9603434684909 -92.94759965424547 140
856 374.0131249344074 -92.94759965424547 140
857 1823.85266093601 -90.65911749466491 140
858 1877.473177164079 -90.65911749466491 140
859 255.3017444049404 -91.29185661365568 140
860 287.8051502308535 -91.29185661365568 140
861 1804.859726400246 -34.69135520297935 140
862 1930.659363473342 -24.51367697000444 140
863 1902.923108862679 -24.51367697000444 140
864 62.01656267333048 -93.31443224787255 140
865 243.7694694799821 -63.41975769366773 140
866 400.7948053990553 -69.34134096606253 140
867 293.7667174405638 -36.29185661365568 140
868 258.8388464805374 -36.29185661365568 140
869 1875.490607067232 -35.65911749466491 140
870 1844.642578678978 -35.65911749466491 140
871 1916.159766362999 -97.1698928649044 140
872 1939.421166023743 -40.33632418814366 140
873 1822.143380298386 -60.35047269764426 140
874 315.1110786685125 -64.23945626790115 140
875 1969.649705487479 -97.1698928649044 140
876 158.4013948129738 66.0823430126826 140
877 213.7629556761763 64.30130994868625 140
878 275.0564836732813 63.95382468984525 140
879 50.25235371241445 66.60031091413532 140
880 103.4424521620624 65.44710898780298 140
881 356.9450746990524 66.21623031843615 140
882 1862.034804504882 61.3195076599566 140
883 1939.332716683885 74.33969601371473 140
884 1782.624336672556 59.40378852572246 140
885 1916.877933393482 39.00846899255063 140
886 1962.071474814808 41.65172101196532 140
887 445.3233388919608 73.34355722077163 140
888 145.6787057828073 38.0411715063413 140
889 173.3860613183127 38.0411715063413 140
890 1655.418852940716 65 140
891 1710.104927337714 65 140
892 89.6592519937204 37.72355449390147 140
893 118.1992344573516 37.72355449390147 140
894 130.9219234875181 65.76472600024277 140
895 25.12617685620723 93.30015545706766 140
896 25.12617685620723 38.30015545706766 140
897 186.082175244575 65.19182648068443 140
898 201.066841749914 37.15065497434313 140
899 565.0665799499217 65 140
900 511.4460637218531 65 140
901 620.4812910209325 65 140
902 674.1018072490011 65 140
903 729.516518320012 65 140
904 225.2052795275909 92.15065497434313 140
905 198.3755494855005 92.15065497434313 140
906 783.1370345480805 65 140
907 1730.58119675566 89.70189426286123 140
908 1762.148067254609 34.70189426286123 140
909 838.5517456190914 65 140
910 892.1722618471599 65 140
911 947.5869729181709 65 140
912 1001.207489146239 65 140
913 1056.62220021725 65 140
914 1546.383625641637 65 140
915 1601.798336712648 65 140
916 170.6947690538992 93.0411715063413 140
917 1110.242716445319 65 140
918 1165.65742751633 65 140
919 1219.277943744398 65 140
920 1274.692654815409 65 140
921 1437.348398342557 65 140
922 1492.763109413568 65 140
923 1328.313171043478 65 140
924 1383.727882114489 65 140
925 1969.666358341942 67.77119752685144 140
926 1981.035737407404 51.42721002597671 140
927 1950.702095749346 57.99570851284003 140
928 228.9549100788712 37.15065497434313 140
929 116.4050396144092 92.72355449390147 140
930 88.62186048213644 92.72355449390147 140
931 143.8845109398649 93.0411715063413 140
932 1784.201712983729 89.70189426286123 140
933 1900.683760594383 67.82960183683565 140
934 1928.105325038684 56.67408250313269 140
935 1889.456368949182 50.16398832625362 140
936 335.8226509271 38.10811515921807 140
937 385.0605400897401 38.10811515921807 140
938 429.2496721861943 41.67177861038581 140
939 484.6643832572053 41.67177861038581 140
940 1953.328381871899 25.82586050598266 140
941 1981.035737407404 25.82586050598266 140
942 472.1050193566086 96.67177861038581 140
943 418.5416584273129 96.67177861038581 140
944 63.06420276889645 38.30015545706766 140
945 76.8474029372384 66.02370995096913 140
946 1877.52746312796 90.65975382997829 140
947 1823.906946899892 90.65975382997829 140
948 374.3525263308587 93.10811515921807 140
949 329.2997448649421 93.10811515921807 140
950 288.3554493520566 91.97691234492262 140
951 255.8520435261434 91.97691234492262 140
952 1903.02425562573 24.50423449627533 140
953 1930.731611161236 24.50423449627533 140
954 1805.108167599748 34.70189426286123 140
955 62.0268112573125 93.30015545706766 140
956 244.4097196747288 64.12756731926575 140
957 401.1342067955065 69.77989376960389 140
958 259.6016740774237 36.97691234492262 140
959 294.8783554142144 36.97691234492262 140
960 1844.813401515911 35.65975382997829 140
961 1875.60269118143 35.65975382997829 140
962 1916.176419217462 97.16984800685736 140
963 1939.474704104145 40.33009500225796 140
964 1822.329570588719 60.36164809283952 140
965 316.0007791861668 65.0850275041407 140
966 1969.666358341942 97.16984800685736 140
967 2000 0 120.6810116886345
968 2000 -5 111.0215175329517
969 2000 -5 130.3405058443172
970 2000 5 130.3405058443172
971 2000 5 111.0215175329517
972 2000 0 101.362023377269
973 2000 0 140
974 2000 -93.56036934987249 150
975 2000 -64.16171886986662 150
976 2000 93.56036934987253 150
977 2000 64.1617188698666 150
978 2000 -16.1766055798258 150
979 2000 -6.176605579825804 150
980 2000 -41.77795509981993 150
981 2000 16.17660557982586 150
982 2000 41.77795509981991 150
983 2000 0 28.33237772596408
984 2000 0 56.66475545192816
985 2000 0 79.01338941459855
986 41.92846918832337 -10 67.0574020954091
987 135.5328688183363 -10 46.15071844686658
988 1962.351341108302 -10 83.97867296872772
989 246.3923114086124 -10 47.46593515859213
990 356.791865133197 -10 46.62955918472873
991 466.5739774818732 -10 47.53704908753536
992 576.6843157556715 -10 46.96162615219692
993 686.6602457866771 -10 46.77453104342175
994 795.9203145279009 -10 46.94299077044288
995 910.0743102593931 -10 63.80052665400923
996 1858.694988557597 -10 71.46598414602353
997 741.6383092289236 -10 46.32398150543271
998 411.6829213075351 -10 47.11832730432546
999 301.7979020628743 -10 46.6563801935782
1000 190.3805401053586 -10 47.26581118634675
1001 521.6541462198577 -10 46.92616198288104
1002 631.717083518772 -10 46.61441817748936
1003 850.8113707022384 -10 47.53704908753441
1004 95.12475374515262 -10 92.05644714399638
1005 275.1159139899778 -10 93.34679067094109
1006 217.311501521781 -10 93.85636220209943
1007 160.0319496901207 -10 94.12184043132631
1008 979.4818791615513 -10 52.80832098231109
1009 77.45079806033254 -10 37.87627823158696
1010 1924.932378562569 -10 99.95054940106897
1011 42.51590152972068 -10 105.4304341233155
1012 1778.845061323226 -10 86.2563758786867
1013 326.3041247713335 -10 84.05922712499569
1014 1065.531591382316 -10 61.58850611374896
1015 1686.485761838186 -10 79.81589524740996
1016 441.5643918167258 -10 93.81403213819453
1017 376.8745528582261 -10 91.93685762537407
1018 1966.362242089909 -10 113.0582491494131
1019 1172.744692954801 -10 61.57039444453014
1020 818.0370898576109 -10 94.63324607164748
1021 1594.837603437113 -10 70.59206107845624
1022 34.85406468459879 -10 29.78397674669909
1023 712.6190583369837 -10 92.82290965053858
1024 762.4752583899389 -10 84.14462559961233
1025 1388.448153583905 -10 63.65410497684819
1026 1278.113206262919 -10 63.74500506104944
1027 1934.604849219259 -10 49.60074621607333
1028 601.9363511997301 -10 93.21875803189414
1029 653.229848079557 -10 83.88612338066876
1030 500.1949120749609 -10 84.36198168187771
1031 544.5482416726376 -10 82.29370556976995
1032 1487.642504272331 -10 69.04102767588407
1033 21.25795076486034 -10 122.7152170616578
1034 59.02109312242403 -10 122.7152170616578
1035 68.52661146673799 -10 79.55692461970274
1036 59.68963362432795 -10 52.46684016349803
1037 86.28777590274258 -10 64.96636268779167
1038 882.5904243501614 -10 101.9002633270046
1039 852.9589545715839 -10 93.7685245437672
1040 880.4428404808157 -10 55.66878787077182
1041 68.82032763743665 -10 98.74344063365595
1042 42.22218535902202 -10 86.24391810936231
1043 1967.302424609629 -10 53.13275083400075
1044 1967.302424609629 -10 24.80037310803667
1045 836.5718141492703 -10 117.3166230358237
1046 834.4242302799246 -10 71.08514757959094
1047 938.0629335714882 -10 101.9002633270046
1048 345.2260511542391 -10 115.968428812687
1049 394.1005087642699 -10 115.968428812687
1050 1912.411368435291 -10 24.80037310803667
1051 1955.444866434291 -10 126.5291245747066
1052 1983.181121044954 -10 126.5291245747066
1053 85.32551923014 -10 116.0282235719982
1054 1015.79157413295 -10 100.7942530568745
1055 1071.264083354276 -10 100.7942530568745
1056 972.7667180225674 -10 96.40416049115555
1057 1022.506735271933 -10 57.19841354803003
1058 1124.87063414052 -10 100.7851972222651
1059 1180.343143361846 -10 100.7851972222651
1060 1981.175670554151 -10 70.32171421032794
1061 1948.47809516378 -10 66.78970959240053
1062 1233.027400015905 -10 101.8725025305247
1063 1288.499909237232 -10 101.8725025305247
1064 1119.138142168558 -10 61.57945027913955
1065 113.8247949387131 -10 116.0282235719982
1066 1225.42894960886 -10 62.65769975278979
1067 1343.667382897725 -10 101.8270524884241
1068 1399.139892119052 -10 101.8270524884241
1069 203.8460208135698 -10 70.56108669422309
1070 188.6717256059509 -10 93.98910131671286
1071 175.2062448977397 -10 70.69382580883652
1072 755.0565478348279 -10 23.16199075271635
1073 727.6110197476589 -10 23.16199075271635
1074 370.5146291767816 -10 23.31477959236436
1075 343.0691010896126 -10 23.31477959236436
1076 535.2823539816189 -10 23.46308099144052
1077 507.8368258944499 -10 23.46308099144052
1078 809.6430785714856 -10 23.47149538522144
1079 782.1975504843166 -10 23.47149538522144
1080 425.4056853511196 -10 23.55916365216273
1081 397.9601572639506 -10 23.55916365216273
1082 590.2429668366949 -10 23.48081307609846
1083 562.7974387495258 -10 23.48081307609846
1084 260.4237961401512 -10 23.73296757929607
1085 232.9782680529822 -10 23.73296757929607
1086 315.5721195544512 -10 23.3281900967891
1087 288.1265914672822 -10 23.3281900967891
1088 480.2967415254576 -10 23.76852454376768
1089 452.8512134382886 -10 23.76852454376768
1090 204.9723824013553 -10 23.63290559317338
1091 177.5268543141863 -10 23.63290559317338
1092 700.1219880265356 -10 23.38726552171087
1093 672.6764599393666 -10 23.38726552171087
1094 150.1030186706751 -10 23.07535922343329
1095 122.6574905835061 -10 23.07535922343329
1096 645.2048788054141 -10 23.30720908874468
1097 617.7593507182451 -10 23.30720908874468
1098 864.5341347458233 -10 23.76852454376721
1099 837.0886066586543 -10 23.76852454376721
1100 1333.280679923412 -10 63.69955501894881
1101 115.3288112817444 -10 69.10358279543148
1102 106.4918334393344 -10 42.01349833922677
1103 714.1492775078004 -10 46.54925627442722
1104 549.1692309877646 -10 46.94389406753898
1105 439.1284493947041 -10 47.32768819593041
1106 218.3864257569855 -10 47.36587317246944
1107 604.2006996372218 -10 46.78802216484314
1108 274.0951067357433 -10 47.06115767608517
1109 768.7793118784123 -10 46.63348613793779
1110 162.9567044618474 -10 46.70826481660666
1111 384.237393220366 -10 46.8739432445271
1112 329.2948835980357 -10 46.64296968915346
1113 494.1140618508654 -10 47.2316055352082
1114 659.1886646527246 -10 46.69447461045555
1115 823.3658426150696 -10 47.24001992898864
1116 562.1039171563489 -10 116.6093790159471
1117 533.4098623928026 -10 111.146852784885
1118 573.2422964361838 -10 87.75623180083204
1119 147.7824092542285 -10 70.13627943909644
1120 1632.745633195542 -10 35.29603053922812
1121 1577.854577021204 -10 35.29603053922812
1122 127.5783517176367 -10 93.08914378766134
1123 146.2783929111972 -10 117.0609202156631
1124 231.8519064651967 -10 70.66114868034578
1125 1874.45643810446 -10 35.73299207301176
1126 1819.565381930122 -10 35.73299207301176
1127 1733.460768570417 -10 39.90794762370498
1128 1678.569712396079 -10 39.90794762370498
1129 1640.661682637649 -10 75.2039781629331
1130 672.9177799463027 -10 116.4114548252693
1131 643.2231748175893 -10 111.9430616903344
1132 682.9244532082703 -10 88.35451651560368
1133 481.9179374648467 -10 116.9070160690973
1134 470.8796519458433 -10 89.08800691003611
1135 511.2331975939643 -10 112.1809908409388
1136 728.3902891676296 -10 116.4114548252693
1137 202.6544234376908 -10 116.9281811010497
1138 230.5166545259902 -10 116.9281811010497
1139 174.0146475218606 -10 117.0609202156631
1140 617.5764263776759 -10 116.6093790159471
1141 93.61645520450429 -10 18.93813911579348
1142 1779.640418312937 -10 43.12818793934335
1143 1732.665411580706 -10 83.03613556304833
1144 781.0993049279432 -10 117.3166230358237
1145 1448.737067463265 -10 104.520513837942
1146 1504.209576684592 -10 104.520513837942
1147 44.8725604294684 -10 14.89198837334954
1148 17.42703234229939 -10 14.89198837334954
1149 1906.993680059958 -10 119.9752747005345
1150 1934.729934670621 -10 119.9752747005345
1151 1943.641859835435 -10 91.96461118489835
1152 1964.356791599105 -10 98.51846105907043
1153 1945.647310326239 -10 106.5043992752411
1154 66.17092711733528 -10 18.93813911579348
1155 1818.770024940412 -10 78.86118001235511
1156 38.39126693646108 -10 48.42068942105409
1157 56.15243137246567 -10 33.83012748914302
1158 1093.637346296454 -10 30.79425305687448
1159 1040.731008060912 -10 30.79425305687448
1160 1438.045328928118 -10 66.34756632636612
1161 1659.103714688847 -10 109.907947623705
1162 1713.867808987525 -10 109.907947623705
1163 944.7780947104723 -10 58.30442381816016
1164 1981.175670554151 -10 92.67034817299833
1165 20.96423459416168 -10 55.52180275095423
1166 20.96423459416168 -10 77.5478617362906
1167 259.4188607600886 -10 116.6733953354705
1168 294.346731720115 -10 116.6733953354705
1169 426.4454282435198 -10 116.9070160690973
1170 1760.047458730045 -10 113.1281879393433
1171 1803.101993052032 -10 113.1281879393433
1172 319.9408371107928 -10 112.0296135624978
1173 351.5893388147798 -10 87.99804237518488
1174 260.7541126992951 -10 70.40636291476662
1175 246.2137077558794 -10 93.60157643652026
1176 21.25795076486034 -10 96.73437775024379
1177 923.295325604807 -10 31.90026332700461
1178 894.1656045244006 -10 31.90026332700461
1179 753.3183891941072 -10 112.0723127998062
1180 790.2561741237748 -10 89.38893583562989
1181 1202.134953257035 -10 30.78519722226507
1182 1147.243897082697 -10 30.78519722226507
1183 997.7061519505301 -10 26.40416049115555
1184 957.9991100558861 -10 26.40416049115555
1185 1524.257027438813 -10 34.52051383794203
1186 1469.365971264475 -10 34.52051383794203
1187 1557.807126266983 -10 105.2960305392281
1188 1613.27963548831 -10 105.2960305392281
1189 1419.768795920263 -10 31.82705248842409
1190 1364.877739745925 -10 31.82705248842409
1191 727.1286837829537 -10 69.57344557798564
1192 699.6396520618305 -10 69.79872034698016
1193 1309.710266085431 -10 31.87250253052472
1194 1254.819209911093 -10 31.87250253052472
1195 288.456908026426 -10 70.00158543225965
1196 616.826717359251 -10 69.91658810469175
1197 589.3103334777009 -10 70.09019209204553
1198 394.2787370828806 -10 69.52759246484976
1199 366.8332089957116 -10 69.2832084050514
1200 510.9245291474093 -10 65.64407183237938
1201 483.384444778417 -10 65.94951538470653
1202 806.9787021927559 -10 70.78811842104517
1203 17.42703234229939 -10 36.88509007659922
1204 1983.181121044954 -10 107.210136263341
1205 1843.026956669217 -10 105.7329920730118
1206 1873.874985057472 -10 105.7329920730118
1207 1891.813683560083 -10 85.70826677354626
1208 779.1977864589198 -10 65.5438081850276
1209 752.0567838094312 -10 65.23430355252252
1210 669.9450469331171 -10 65.33032721204526
1211 642.4734657991645 -10 65.25027077907906
1212 1541.240053854722 -10 69.81654437717015
1213 560.6162787141545 -10 64.62766586098344
1214 533.1011939462476 -10 64.60993377632551
1215 454.0691846492995 -10 70.67554061286495
1216 426.6236565621305 -10 70.46617972126
1217 1896.649918888428 -10 60.53336518104843
1218 341.5479949522652 -10 65.3443931548622
1219 314.0510134171039 -10 65.35780365928694
1220 1929.768613890914 -10 74.77564780857115
1221 409.219472337476 -10 92.8754448817843
1222 522.3715768737992 -10 83.32784362582383
1223 300.7100193806556 -10 88.70300889796839
1224 627.5830996396435 -10 88.55244070628146
1225 737.5471583634612 -10 88.48376762507544
1226 42.75712826683159 10 67.56350729016179
1227 137.227640435845 10 47.53704908753537
1228 1962.367013024715 10 83.99637759742622
1229 246.4588480270639 10 47.42662132536135
1230 357.0407124953459 10 46.54043053561353
1231 466.9973764762461 10 46.89850960441195
1232 576.9540404571464 10 46.63881120023894
1233 686.9107044380468 10 46.37776612672684
1234 795.9203145279009 10 46.73647291736332
1235 910.5174294118162 10 63.80052665400923
1236 1858.798651168539 10 71.49687715265217
1237 741.9305109888548 10 45.85095573083838
1238 412.0438097291042 10 46.68160215659353
1239 301.850466059641 10 46.58081411737059
1240 190.8076750206716 10 47.4560925688839
1241 522.0586575874127 10 46.44027764211842
1242 632.0735054457209 10 46.09441910125243
1243 850.8113707022384 10 47.53704908753441
1244 96.30877382766474 10 92.72321435536652
1245 275.4602564870092 10 93.28093997590616
1246 217.6512906880181 10 93.85225636621352
1247 160.6633722881463 10 94.94988432712977
1248 979.8248148534266 10 52.82275036295752
1249 78.06870652342072 10 38.30281207271889
1250 1924.979777118386 10 99.96443754162107
1251 42.98839078397496 10 105.6650086045401
1252 1779.096789254891 10 86.24496866856295
1253 326.9564279180805 10 83.94309318561454
1254 1065.651786874001 10 61.6463118249298
1255 1686.985723439666 10 79.7279661901626
1256 377.1742720288017 10 91.75041956302915
1257 433.1902726499721 10 83.66201985501647
1258 1966.386415814418 10 113.0645677032633
1259 816.1162234132134 10 94.5976892048017
1260 1172.845194707704 10 61.6416225119322
1261 712.0278709209147 10 92.20855067550903
1262 762.3318383514755 10 83.87873370570249
1263 1595.209061305039 10 70.55776319007408
1264 601.5334653049733 10 92.63144100873848
1265 653.4760791748255 10 83.46243538244536
1266 35.14337819291807 10 29.97050455387601
1267 1388.634477632256 10 63.69108735735556
1268 1278.304699707817 10 63.79604850898709
1269 484.7230502599814 10 91.52093069975979
1270 541.8549282463928 10 83.44629211017113
1271 1934.614059333381 10 49.61810820119754
1272 1487.985926576413 10 69.04147509123827
1273 59.4322213046767 10 122.8325043022701
1274 21.49419539198748 10 122.8325043022701
1275 87.18874017554273 10 65.5130132140427
1276 60.41291739512616 10 52.93315968144034
1277 69.53295104724816 10 80.14336082276415
1278 42.87275952540327 10 86.61425794735095
1279 69.64858230581984 10 99.19411147995331
1280 1967.307029666691 10 24.80905410059877
1281 1967.307029666691 10 53.14143182656285
1282 880.6644000570273 10 55.66878787077182
1283 853.6525323753767 10 93.7685245437672
1284 883.5055617301657 10 101.9002633270046
1285 938.9202728011766 10 101.9002633270046
1286 833.463797057726 10 71.06736914616806
1287 836.3049587308642 10 117.2988446024008
1288 395.1751387546147 10 115.8752097815146
1289 345.9372495919746 10 115.8752097815146
1290 1912.415973492353 10 24.80905410059877
1291 448.9495278702046 10 115.7604653498799
1292 458.9566614549768 10 87.59147527738813
1293 423.1831390652 10 111.8310099275082
1294 1983.193207907209 10 126.5322838516316
1295 1955.485852371704 10 126.5322838516316
1296 86.0924128265216 10 116.3616071776833
1297 1071.90216260328 10 100.8231559124649
1298 1016.487451532269 10 100.8231559124649
1299 504.3642389412155 10 115.7604653498799
1300 1022.738300863714 10 57.23453109394366
1301 973.5739655219818 10 96.41137518147876
1302 56.60604235816939 10 34.13665831329745
1303 38.95025322987483 10 48.7670059220189
1304 1948.490536179048 10 66.80724289931189
1305 1981.183506512358 10 70.3305665246772
1306 1180.913577591142 10 100.8208112559661
1307 1125.498866520131 10 100.8208112559661
1308 114.6323952901528 10 116.3616071776833
1309 1289.05804116221 10 101.8980242544935
1310 1233.643330091199 10 101.8980242544935
1311 45.01721718362804 10 14.98525227693801
1312 66.47988134887936 10 19.15140603635944
1313 1119.248490790852 10 61.643967168431
1314 727.7571206276245 10 22.92547786541919
1315 755.2026487147936 10 22.92547786541919
1316 343.193524770687 10 23.27021526780677
1317 370.639052857856 10 23.27021526780677
1318 508.0390815782274 10 23.22013882105921
1319 535.4846096653964 10 23.22013882105921
1320 782.1975504843166 10 23.36823645868166
1321 809.6430785714856 10 23.36823645868166
1322 398.1406014747351 10 23.34080107829677
1323 425.5861295619042 10 23.34080107829677
1324 562.9323011002633 10 23.31940560011947
1325 590.3778291874323 10 23.31940560011947
1326 233.0115363622079 10 23.71331066268067
1327 260.457064449377 10 23.71331066268067
1328 288.1528734656656 10 23.29040705868529
1329 315.5984015528345 10 23.29040705868529
1330 453.0629129354751 10 23.44925480220597
1331 480.5084410226441 10 23.44925480220597
1332 177.7404217718428 10 23.72804628444195
1333 205.1859498590118 10 23.72804628444195
1334 672.8016892650514 10 23.18888306336342
1335 700.2472173522204 10 23.18888306336342
1336 123.5048763922605 10 23.76852454376769
1337 150.9504044794295 10 23.76852454376769
1338 617.9375616817196 10 23.04720955062621
1339 645.3830897688886 10 23.04720955062621
1340 837.0886066586543 10 23.76852454376721
1341 864.5341347458233 10 23.76852454376721
1342 1225.57494720776 10 62.71883551045964
1343 175.735523654409 10 71.20298844800683
1344 189.1573314880822 10 94.40107034667164
1345 204.2294828543449 10 70.65417446754871
1346 1399.63764119544 10 101.8455436786778
1347 1344.222930124429 10 101.8455436786778
1348 714.4206077134509 10 46.11436092878261
1349 549.5063490222796 10 46.53954442117868
1350 439.5205931026752 10 46.79005588050274
1351 218.6332615238678 10 47.44135694712262
1352 604.5137729514337 10 46.36661515074569
1353 274.1546570433524 10 47.00371772136597
1354 768.9254127583779 10 46.29371432410085
1355 164.0176577282583 10 47.49657082820963
1356 384.542261112225 10 46.61101634610353
1357 329.4455892774935 10 46.56062232649206
1358 494.5280170318294 10 46.66939362326518
1359 659.4921049418838 10 46.23609261398963
1360 823.3658426150696 10 47.13676100244886
1361 1333.469588670036 10 63.74356793317133
1362 146.8096945203935 10 117.4749421635649
1363 128.4860730579055 10 93.83654934124814
1364 148.9455063619957 10 71.24346670733257
1365 116.7682071317549 10 70.13013172145095
1366 1819.617213235593 10 35.74843857632609
1367 1874.508269409931 10 35.74843857632609
1368 1578.040305955167 10 35.27888159503704
1369 1632.931362129505 10 35.27888159503704
1370 232.055069357541 10 70.63943884578744
1371 1678.819693196819 10 39.8639830950813
1372 1733.710749371157 10 39.8639830950813
1373 1641.097392372352 10 75.14286469011834
1374 571.6941967756831 10 88.0388665594548
1375 532.9301779344212 10 111.7231460550856
1376 562.7694464637116 10 116.3157205043692
1377 728.846071413704 10 116.1042753377545
1378 673.4313603426931 10 116.1042753377545
1379 93.92540943604837 10 19.15140603635944
1380 618.1841575347224 10 116.3157205043692
1381 682.75197504787 10 87.8354930289772
1382 644.1554644696485 10 111.7312176912227
1383 230.8990775847921 10 116.9261281831068
1384 203.0110092558349 10 116.9261281831068
1385 174.517050055899 10 117.4749421635649
1386 1733.041256347278 10 82.98646742936278
1387 1779.766282278769 10 43.12248433428147
1388 780.8902476598533 10 117.2988446024008
1389 1504.72807673853 10 104.5207375456191
1390 1449.313365667519 10 104.5207375456191
1391 17.57168909645904 10 14.98525227693801
1392 1818.947720211715 10 78.87092291060756
1393 1934.782533023688 10 119.9822187708105
1394 1907.075177488182 10 119.9822187708105
1395 107.6481734796329 10 42.91993058012713
1396 1945.683096466402 10 106.5145026224422
1397 1964.376714419567 10 98.53047265034473
1398 1943.673395071551 10 91.98040756952363
1399 1040.791105806755 10 30.8231559124649
1400 1093.697444042296 10 30.8231559124649
1401 945.1711221326213 10 58.31163850848337
1402 1438.310202104335 10 66.36628122429691
1403 1714.328760638164 10 109.8639830950813
1404 1659.642686241167 10 109.8639830950813
1405 295.0802418210784 10 116.6404699879531
1406 259.8035604842877 10 116.6404699879531
1407 1981.183506512358 10 92.67920048734759
1408 21.3785641334158 10 77.80091433366694
1409 21.3785641334158 10 55.77485534833058
1410 352.0653499734411 10 87.84675637432184
1411 320.828327536614 10 111.9715465928073
1412 1803.344393890916 10 113.1224843342815
1413 1760.384293545777 10 113.1224843342815
1414 21.49419539198748 10 96.85166499085609
1415 246.5557735875137 10 93.56659817105984
1416 260.9595522570365 10 70.35378065063375
1417 894.3871641006122 10 31.90026332700461
1418 923.5168851810186 10 31.90026332700461
1419 1147.294147959148 10 30.8208112559661
1420 1202.185204133486 10 30.8208112559661
1421 958.1705779018238 10 26.41137518147876
1422 997.8776197964677 10 26.41137518147876
1423 1469.537682416517 10 34.52073754561913
1424 1524.428738590855 10 34.52073754561913
1425 1613.754355173853 10 105.278881595037
1426 1558.339644102842 10 105.278881595037
1427 699.4692876794807 10 69.29315840111794
1428 726.9791909548848 10 69.0297532031737
1429 589.2437528810599 10 69.63512610448871
1430 616.8034853753471 10 69.36293005499545
1431 475.8602133681138 10 69.20972015208586
1432 503.390853923697 10 68.9806041709391
1433 1364.9709017701 10 31.84554367867778
1434 1419.861957944438 10 31.84554367867778
1435 1254.914956633542 10 31.89802425449355
1436 1309.80601280788 10 31.89802425449355
1437 367.1074922620738 10 69.14542504932135
1438 394.609040878953 10 69.21601085981135
1439 288.6553612733251 10 69.93087704663837
1440 806.0182689705572 10 70.66708106108251
1441 789.2240308823446 10 89.2382114552521
1442 753.9980551289843 10 111.9393668528512
1443 17.57168909645904 10 36.97835398018768
1444 1983.193207907209 10 107.2132955402661
1445 1873.984614513259 10 105.7484385763261
1446 1843.19532484774 10 105.7484385763261
1447 1891.889214143463 10 85.73065734713663
1448 752.1311746701651 10 64.86484471827043
1449 779.1260764396882 10 65.3076033115329
1450 1541.597493940726 10 69.79961914065618
1451 642.7747923102731 10 64.7784272418489
1452 670.1933918064361 10 64.9201007545861
1453 531.9567929169027 10 64.94328487614477
1454 559.4044843517696 10 65.04255165520503
1455 422.6170411895382 10 65.171811005805
1456 450.0938245631091 10 65.2802647297142
1457 1896.70635525096 10 60.55749267692486
1458 314.4034469888608 10 65.26195365149256
1459 341.9985702067132 10 65.24176186061403
1460 1929.796918225883 10 74.7912728714093
1461 301.2083422025449 10 88.61201658076035
1462 405.1822723393869 10 87.7062197090228
1463 513.2889892531871 10 87.48361140496546
1464 627.5047722398995 10 88.04693819559192
1465 737.1798546361952 10 88.04364219060577
1466 27.44552808716901 0 0
1467 54.89105617433801 0 0
1468 1945.108943825662 0 0
1469 1890.217887651324 0 0
1470 82.33658426150701 0 0
1471 109.782112348676 0 0
1472 137.227640435845 0 0
1473 192.118696610183 0 0
1474 219.564224697352 0 0
1475 164.673168523014 0 0
1476 247.0097527845211 0 0
1477 274.4552808716901 0 0
1478 301.9008089588591 0 0
1479 329.3463370460281 0 0
1480 356.7918651331971 0 0
1481 439.1284493947041 0 0
1482 411.6829213075351 0 0
1483 384.2373932203661 0 0
1484 466.5739774818731 0 0
1485 548.9105617433802 0 0
1486 521.4650336562112 0 0
1487 494.0195055690421 0 0
1488 576.3560898305492 0 0
1489 603.8016179177182 0 0
1490 631.2471460048871 0 0
1491 686.1382021792251 0 0
1492 713.5837302663941 0 0
1493 658.6926740920561 0 0
1494 741.0292583535631 0 0
1495 768.4747864407323 0 0
1496 795.9203145279012 0 0
1497 850.8113707022392 0 0
1498 878.2568987894082 0 0
1499 823.3658426150702 0 0
1500 907.3866198698146 0 0
1501 936.516340950221 0 0
1502 976.2233828448649 0 0
1503 1015.930424739509 0 0
1504 1068.83676297505 0 0
1505 1176.63415738493 0 0
1506 1231.525213559268 0 0
1507 1121.743101210592 0 0
1508 1286.416269733606 0 0
1509 1341.307325907944 0 0
1510 1396.198382082282 0 0
1511 1505.980494430958 0 0
1512 1560.871550605296 0 0
1513 1451.08943825662 0 0
1514 1615.762606779634 0 0
1515 1780.435775302648 0 0
1516 1725.54471912831 0 0
1517 1670.653662953972 0 0
1518 1835.326831476986 0 0
1519 68.9409410059921 0 79.80997721707908
1520 95.71676378640868 0 92.38983074968145
1521 86.59673013428667 0 65.17962960835763
1522 226.5781034617076 -41.75586221058217 150
1523 211.8687088298883 -16.95373984591737 150
1524 196.799331829333 -44.08164092592941 150
1525 211.5087264611524 -68.8837632905942 150
1526 645.6456544899604 -18.51434773004477 150
1527 701.1181637112875 -18.51434773004477 150
1528 685.721786078915 -73.51434773004476 150
1529 150.9504044794295 0 23.76852454376769
1530 136.3802546270906 0 46.84388376720098
1531 122.6574905835061 0 23.07535922343329
1532 1114.911881803301 88.1419057788101 150
1533 1082.821703690541 33.1419057788101 150
1534 1061.291365575233 88.1419057788101 150
1535 727.7571206276245 0 22.92547786541919
1536 700.2472173522204 0 23.18888306336342
1537 809.6430785714856 0 23.36823645868166
1538 20.96423459416168 -5 66.53483224362242
1539 20.96423459416168 0 77.5478617362906
1540 343.0691010896126 0 23.31477959236436
1541 806.0182689705572 0 70.77033998762229
1542 817.0766566354122 0 94.61546763822459
1543 789.2957409015762 0 89.37115740220702
1544 452.8512134382886 0 23.76852454376768
1545 160.4766810531207 0 140
1546 188.1840365886261 0 140
1547 174.3303588208734 0 117.4749421635649
1548 726.8330900749191 0 69.26626609047086
1549 712.3234646289492 0 92.5157301630238
1550 699.3440583537958 0 69.49154085946539
1551 1300.54275603609 -18.51434773004482 150
1552 1356.015265257417 -18.51434773004482 150
1553 1354.821506635401 0 140
1554 1301.005141238619 -8.514347730044818 150
1555 1299.348997414074 0 140
1556 864.6382661424632 -8.514347730044769 150
1557 918.3152738454913 18.51434773004482 150
1558 864.6382661424631 33.14190577880977 150
1559 1517.910554793767 19.04910664159222 150
1560 1462.091256670544 9.049106641592218 150
1561 1465.650928777422 0 140
1562 1521.12343799875 0 140
1563 1517.563765891871 9.049106641592218 150
1564 260.457064449377 0 23.71331066268067
1565 93.61645520450429 0 18.93813911579348
1566 880.4428404808157 0 55.66878787077182
1567 910.2958698356047 0 63.80052665400923
1568 883.2840021539541 0 101.9002633270046
1569 1681.957305263764 18.51434773004476 150
1570 1705.076509161812 73.51434773004476 150
1571 1651.399501458784 88.14190577881025 150
1572 1628.280297560735 33.14190577881025 150
1573 753.2466791748756 0 111.9393668528512
1574 744.9128959523844 0 140
1575 737.4754483442296 0 88.35082167812052
1576 729.1416651217385 0 116.4114548252693
1577 142.501417117028 -96.58481982537911 150
1578 156.4858134411089 -6.953739845917369 150
1579 132.2559773883553 17.23960839346381 150
1580 130.9322535126523 -8.498984796692291 150
1581 755.5465473684242 18.51434773004475 150
1582 800.3854051737114 0 140
1583 810.2676806356424 8.514347730044747 150
1584 754.7951714143154 8.514347730044747 150
1585 1948.482700220841 0 66.79839058496263
1586 1962.359177066508 0 83.98752528307696
1587 1981.175670554151 0 70.32171421032794
1588 1827.475461653888 0 140
1589 1784.51536130875 0 140
1590 1829.098864846168 -20.45194859494573 150
1591 1786.255301374081 -10.45194859494573 150
1592 1829.21540171922 -10.45194859494573 150
1593 222.2334033861296 32.72496635881216 150
1594 198.1771702378708 45.99963632293425 150
1595 185.4810563116085 18.84898134859112 150
1596 209.5372894598673 5.574311384469034 150
1597 573.0408534888054 0 87.46257328925421
1598 589.1088905303225 0 69.7965335804677
1599 601.7349082523517 0 92.92509952031631
1600 106.8007876708785 0 42.22676525979273
1601 77.75975229187662 0 38.08954515215292
1602 1627.991306809155 -18.51434773004482 150
1603 1597.778985230715 -73.51434773004482 150
1604 1572.518797587828 -18.51434773004482 150
1605 1877.286108585531 -90.65911749466491 150
1606 1823.609100882503 -90.65911749466491 150
1607 254.550327856486 -91.34771758644672 150
1608 175.4198123553962 0 70.7889665001051
1609 160.3476609891335 0 94.53586237922804
1610 148.6297950629829 0 70.82944475943084
1611 1247.328133535591 18.51434773004476 150
1612 1191.91342246458 18.51434773004476 150
1613 1243.934286343063 0 140
1614 1246.865748333062 8.514347730044761 150
1615 1374.237769418018 80.00000000000013 150
1616 672.8016892650514 0 23.18888306336342
1617 686.785475112362 0 46.57614858507429
1618 659.366875616199 0 46.43447507233709
1619 645.3830897688886 0 23.04720955062621
1620 363.0526720301486 -6.427044318245109 150
1621 420.3362395240339 -18.58329532059621 150
1622 376.3717751452513 -38.27161144505762 150
1623 535.4846096653964 0 23.22013882105921
1624 508.0390815782274 0 23.22013882105921
1625 1578.040305955167 0 35.27888159503704
1626 1524.428738590855 0 34.52073754561913
1627 1541.411765006763 0 69.81676808484725
1628 1595.023332371076 0 70.57491213426516
1629 944.9996542866838 0 58.30442381816016
1630 957.9991100558861 0 26.40416049115555
1631 979.6533470074889 0 52.81553567263431
1632 42.63651489827613 0 86.49697070673867
1633 69.05657226456378 0 98.86072787426824
1634 42.75214615684781 0 105.5477213639278
1635 314.1782144201179 -6.427044318245109 150
1636 293.0153008921094 -36.34771758644672 150
1637 327.4973175352205 -38.27161144505762 150
1638 314.0772954154872 0 65.32002062118313
1639 301.8241840612577 0 46.61859715547439
1640 329.321165596419 0 46.60518665104966
1641 1783.826248603771 -89.69135520297935 150
1642 1678.819693196819 0 39.8639830950813
1643 1632.931362129505 0 35.27888159503704
1644 1640.847411571612 0 75.18682921874202
1645 1686.735742638926 0 79.77193071878628
1646 1874.45643810446 0 35.73299207301176
1647 1912.411368435291 0 24.80037310803667
1648 1896.701750193899 0 60.54881168436275
1649 1858.746819863068 0 71.48143064933785
1650 1518.586185086215 -34.52142937345252 150
1651 1543.846372729102 -89.52142937345252 150
1652 1490.225856501033 -89.52142937345252 150
1653 1682.755401107833 -18.51434773004482 150
1654 1651.399501458784 -73.51434773004482 150
1655 1736.432408810861 -33.14190577880975 150
1656 1705.076509161812 -88.14190577880976 150
1657 1786.044330524181 -20.45194859494573 150
1658 1806.599666465577 -45.14330379792509 150
1659 1386.857169593098 -84.7520448765179 150
1660 1329.506929665494 -73.51434773004482 150
1661 1819.565381930122 0 35.73299207301176
1662 1732.915392381446 0 82.99217103442464
1663 1760.258429579945 0 113.1281879393433
1664 1714.117789788264 0 109.8639830950813
1665 1741.460826986763 0 140
1666 45.01721718362804 0 14.98525227693801
1667 17.42703234229939 0 14.89198837334954
1668 34.99872143875843 0 29.87724065028755
1669 1542.823953534758 74.04910664159222 150
1670 1597.778985230715 88.14190577881025 150
1671 1572.865586489724 33.14190577881025 150
1672 1966.374328952164 0 113.0614084263382
1673 1964.364627557312 0 98.52731337341967
1674 1945.671009604147 0 106.5113433455171
1675 1071.324181100119 0 100.8231559124649
1676 1022.159845758387 0 140
1677 1077.574556829398 0 140
1678 1082.243722187381 -18.51434773004477 150
1679 1028.566714484352 -33.14190577880984 150
1680 1028.566714484353 8.514347730044818 150
1681 307.6864855255321 -64.56346805871331 150
1682 348.8416787631694 -66.21921109930308 150
1683 184.0064777415888 -16.95373984591737 150
1684 156.2702231309253 -16.95373984591737 150
1685 169.1568086465942 -44.99098266512133 150
1686 470.668262239585 90.37560614971144 150
1687 417.1049013102892 90.37560614971144 150
1688 443.8865817749371 67.04738476009726 150
1689 129.4634269523525 -69.31009900322519 150
1690 116.1000685050343 -46.22426397453837 150
1691 156.9666071654557 -69.62206264458308 150
1692 143.6032487181375 -46.53622761589625 150
1693 42.34279872757748 0 67.31045469278544
1694 21.25795076486034 0 96.73437775024379
1695 115.2347450667175 -95.97945829484411 150
1696 87.45156593444477 -95.97945829484411 150
1697 102.1967549020419 -68.7047374726902 150
1698 412.2512350753708 0 140
1699 363.0133459127306 0 140
1700 394.2503683495577 0 115.8752097815146
1701 1756.987744752257 -57.8332609817891 150
1702 1576.595947220077 0 140
1703 1558.153915168879 0 105.2960305392281
1704 1736.432408810861 8.514347730044761 150
1705 130.7166632024687 -18.49898479669229 150
1706 102.2173874938956 -18.49898479669229 150
1707 56.29708812662531 0 33.92339139273149
1708 21.25795076486034 0 122.7152170616578
1709 300.8821906291714 0 88.67008355045093
1710 326.630276344707 0 84.00116015530512
1711 739.3987937819429 73.51434773004475 150
1712 793.0193100100115 73.51434773004475 150
1713 953.9938416441362 73.51434773004482 150
1714 900.3168339411079 88.14190577880977 150
1715 1093.637346296454 0 30.79425305687448
1716 1147.243897082697 0 30.78519722226507
1717 288.6290792749418 0 69.96866008474218
1718 274.1283750449691 0 47.04150075946977
1719 279.4628719357748 3.572955681754891 150
1720 237.4253577888244 5.574311384469034 150
1721 243.9343360058828 0 140
1722 237.2128293131412 -4.425688615530966 150
1723 279.2503434600915 -6.427044318245109 150
1724 422.2583686601429 0 111.8310099275082
1725 405.0324127540991 0 87.79943874019527
1726 377.0244124435139 0 91.84363859420162
1727 466.7856769790596 0 47.21777934597365
1728 475.6485138709273 0 69.52898989364758
1729 492.4589811674712 0 87.94145619081874
1730 483.5961442756035 0 65.63024564314483
1731 833.463797057726 0 71.06736914616806
1732 835.6113809270715 0 117.2988446024008
1733 399.6974496784829 63.48372130892952 150
1734 373.4149331388934 93.10811515921807 150
1735 537.3631098203464 18.55657137658625 150
1736 592.7778208913574 18.55657137658625 150
1737 578.4242621478184 73.55657137658625 150
1738 275.2880852384935 0 93.31386532342363
1739 1468.838014406348 -29.7520448765179 150
1740 1440.477685821167 -84.7520448765179 150
1741 1977.958435433193 3.69457084004609 150
1742 1613.465364422273 0 105.278881595037
1743 1469.537682416517 0 34.52073754561913
1744 1818.895888906244 0 78.85547640729324
1745 1967.302424609629 0 53.13275083400075
1746 1902.003560769672 92.82400634417823 150
1747 1925.159858236095 69.99385435103559 150
1748 1886.510902146594 63.48376017415653 150
1749 1846.382518744309 -46.11106608961065 150
1750 1960.045086094118 43.64247844418009 150
1751 1937.448315383455 42.32085243447274 150
1752 1951.301993151209 27.81661793819742 150
1753 1843.143493542269 0 105.7329920730118
1754 1934.60945427632 0 49.60942720863544
1755 1967.302424609629 0 24.80037310803667
1756 1922.675229051087 101.8401987264496 150
1757 1803.227857017864 0 113.1224843342815
1758 1778.970925289059 0 86.25067227362482
1759 1945.83152651751 79.01004673330699 150
1760 1976.165168175568 101.8401987264496 150
1761 1007.614357872205 -88.14190577880984 150
1762 973.0942052630255 -33.14190577880984 150
1763 183.8662032784135 -69.79310502978612 150
1764 576.819178106409 0 46.80021867621793
1765 562.9323011002633 0 23.31940560011947
1766 590.3778291874323 0 23.31940560011947
1767 953.9938416441362 -88.14190577880984 150
1768 973.7299849165022 18.51434773004482 150
1769 1007.614357872205 73.51434773004482 150
1770 471.183561603588 -96.39374131181707 150
1771 1029.144695987513 18.51434773004482 150
1772 1278.208952985368 0 63.77052678501826
1773 1254.819209911093 0 31.87250253052472
1774 1225.479200485311 0 62.69331378649082
1775 973.402497676044 0 96.40416049115555
1776 1016.427353786426 0 100.7942530568745
1777 1022.678203117871 0 57.20562823835324
1778 997.7061519505301 0 26.40416049115555
1779 1572.865586489724 -8.514347730044818 150
1780 739.3987937819429 -88.14190577880993 150
1781 463.1437210383536 0 92.66748141897716
1782 448.0247574651476 0 115.7604653498799
1783 503.4972666864745 0 115.7604653498799
1784 449.8821250659227 0 65.59953447127592
1785 439.3088936054887 0 47.10932562206445
1786 169.3116752310623 -96.58481982537911 150
1787 184.1931689766144 -6.953739845917369 150
1788 209.3505982248417 -4.425688615530966 150
1789 37.76314235756369 0 140
1790 34.50302084933814 4.978156041763611 150
1791 72.26616320690184 -5.021843958236389 150
1792 34.50302084933814 -5.021843958236389 150
1793 1275.886413437426 -73.51434773004482 150
1794 1345.735980991142 25.00000000000013 150
1795 1400.746105009941 15.00000000000013 150
1796 1040.731008060912 0 30.79425305687448
1797 1065.591689128158 0 61.61740896933938
1798 1981.035737407404 32.00246608580852 150
1799 1958.994172840597 19.52043134602875 150
1800 1929.773218947975 0 74.78432880113326
1801 1733.710749371157 0 39.8639830950813
1802 60.10396316358207 0 52.71989276087437
1803 923.5168851810186 0 31.90026332700461
1804 1489.203437306689 74.04910664159222 150
1805 1427.858285646086 80.00000000000013 150
1806 314.7395532725656 3.572955681754891 150
1807 363.9774424352057 3.572955681754891 150
1808 1891.865514865554 0 85.72371327686056
1809 1873.926816362943 0 105.7484385763261
1810 1309.710266085431 0 31.87250253052472
1811 1364.877739745925 0 31.82705248842409
1812 1333.376426645861 0 63.72507674291764
1813 1222.209405734398 73.51434773004476 150
1814 534.2768346475436 0 111.146852784885
1815 523.1384553677087 0 140
1816 562.97088941109 0 116.6093790159471
1817 627.7062151872778 0 88.34059670716975
1818 642.5965813467988 0 65.03842677996735
1819 616.6252744118726 0 69.62292959311392
1820 1736.643379660761 18.51434773004476 150
1821 258.0874299320831 -36.34771758644672 150
1822 604.3355619879592 0 46.62661468886415
1823 1943.665559113344 0 91.97155525517439
1824 1924.956077840478 0 99.95749347134502
1825 1858.323490042143 0 140
1826 1894.673806861331 3.852953157067503 150
1827 1863.942315346128 13.8529531570675 150
1828 1859.946893234423 -20.45194859494573 150
1829 1908.585282779399 28.35718765334282 150
1830 1922.438960547153 13.8529531570675 150
1831 1894.731605011647 13.8529531570675 150
1832 685.721786078915 88.14190577880986 150
1833 701.8695396653962 33.14190577880986 150
1834 646.4548285943854 33.14190577880986 150
1835 682.6288595002359 0 88.04733702808889
1836 714.2745068334852 0 46.35087381607977
1837 741.7844101088892 0 46.08746861813555
1838 632.1012698508464 88.14190577880986 150
1839 1401.150692062153 25.00000000000013 150
1840 394.4285966681684 0 69.43437343367731
1841 384.3618169014405 0 46.8293789199695
1842 411.8633655183197 0 46.8999647304595
1843 75.6668598055647 -69.29389054271665 150
1844 1413.365505185021 -29.7520448765179 150
1845 1119.198239914401 0 61.60835313472997
1846 1082.821703690541 -8.514347730044769 150
1847 1222.209405734398 -88.14190577880989 150
1848 1168.588889506329 -88.14190577880989 150
1849 632.1012698508464 -73.51434773004476 150
1850 357.5051659449258 61.06391445258227 150
1851 560.751141064892 0 64.46625838500445
1852 701.8695396653962 -8.514347730044769 150
1853 646.4548285943854 -8.514347730044769 150
1854 894.1656045244006 0 31.90026332700461
1855 751.9850737901995 0 65.1013576055676
1856 755.2026487147936 0 22.92547786541919
1857 810.9612584394351 18.51434773004475 150
1858 1976.165168175568 72.44154824644369 150
1859 1915.972697784451 -97.1698928649044 150
1860 1955.473765509449 0 126.5291245747066
1861 316.5608704320403 59.93271163828682 150
1862 336.3827421729734 32.95579929336419 150
1863 293.0047849375262 37.36952924931505 150
1864 273.1829131965931 64.34644159423767 150
1865 511.1267848311868 0 65.40112966199806
1866 475.8087487453608 -18.58329532059621 150
1867 437.3346766348574 -49.97703663241328 150
1868 25.1159282722252 -53.31443224787252 150
1869 37.76314235756369 -24.99999999999998 150
1870 223.0410013861106 -96.75586221058217 150
1871 1462.495843722756 19.04910664159222 150
1872 1410.236217706412 0 140
1873 524.8037459197499 73.55657137658625 150
1874 483.2276261401815 35.37560614971144 150
1875 855.8001162447224 0 140
1876 911.2726254660492 0 140
1877 373.0755317424421 -92.94759965424547 150
1878 392.8061431419519 -46.53089497484168 150
1879 1907.051478210274 0 119.9752747005345
1880 1877.340394549413 90.6597538299783 150
1881 61.83971221228425 -93.31443224787255 150
1882 48.16807269784084 -69.29297974166687 150
1883 102.3922710490211 -8.498984796692291 150
1884 75.70116827025291 0 140
1885 72.44104676202737 4.978156041763611 150
1886 257.7281036007354 37.36952924931505 150
1887 476.6757210001018 -8.583295320596214 150
1888 837.0886066586543 0 23.76852454376721
1889 1889.112779707662 0 140
1890 631.8952944822465 0 46.35441863937089
1891 321.5357503255104 -93.27161144505762 150
1892 273.2044688824209 -62.63957420010241 150
1893 421.261009929091 -8.583295320596214 150
1894 385.6206313356136 32.95579929336419 150
1895 549.371486671542 0 46.70095189715767
1896 521.8564019036352 0 46.68321981249973
1897 1979.009348686714 53.41796745819148 150
1898 1969.649705487479 -97.1698928649044 150
1899 1969.649705487479 -70.73026221477687 150
1900 1983.193207907209 0 126.5322838516316
1901 1972.292644464495 0 140
1902 754.7951714143153 -33.14190577880993 150
1903 320.5021759632405 0 112.0296135624978
1904 287.2892879256906 -91.29185661365568 150
1905 1419.861957944438 0 31.84554367867778
1906 1388.541315608081 0 63.67259616710187
1907 59.61894912156335 -33.33627620610893 150
1908 88.31407389090319 -40.97945829484411 150
1909 315.5984015528345 0 23.29040705868529
1910 1327.717696075393 88 150
1911 437.377332233349 0 88.7380259966055
1912 467.6659461463817 0 140
1913 216.0462676769256 0 140
1914 480.5084410226441 0 23.44925480220597
1915 103.7159949247242 17.23960839346381 150
1916 287.8395870468936 91.97691234492262 150
1917 328.7838825597792 93.10811515921807 150
1918 85.50040278526554 0 116.0282235719982
1919 59.25733774955117 0 122.8325043022701
1920 1168.588889506329 73.51434773004476 150
1921 1274.097179847325 88 150
1922 1061.291365575233 -73.51434773004476 150
1923 278.8622069659091 0 140
1924 314.1388883026999 0 140
1925 66.17092711733528 0 18.93813911579348
1926 23.05214442561563 -95.97854749379431 150
1927 850.8113707022384 0 47.53704908753441
1928 864.5341347458233 0 23.76852454376721
1929 823.3658426150696 0 47.13676100244886
1930 422.4365969787536 0 65.39017357967097
1931 779.1260764396882 0 65.41086223807268
1932 768.9254127583779 0 46.39697325064063
1933 1191.393239111735 -33.14190577880989 150
1934 1981.183506512358 0 92.67920048734759
1935 1981.025547939737 -31.99925279796503 150
1936 1981.025547939737 -54.38301656801173 150
1937 1977.958435433193 -6.30542915995391 150
1938 1950.251079897688 3.69457084004609 150
1939 183.9178971030947 69.79703371692348 150
1940 157.0022599560248 69.79541116090061 150
1941 170.4963898062695 46.89015285493242 150
1942 780.1388717057446 0 117.2988446024008
1943 762.4035483707072 0 84.01167965265741
1944 427.8129150691706 35.37560614971144 150
1945 578.4242621478184 -88.11798173899088 150
1946 524.8037459197499 -88.11798173899088 150
1947 536.4961375656054 -33.11798173899088 150
1948 21.3785641334158 5 66.78788484099876
1949 38.53592369062072 0 48.51395332464256
1950 643.3462903652236 0 111.7312176912227
1951 672.6221862382681 0 116.1042753377545
1952 653.3529636271912 0 83.67427938155706
1953 853.6525323753767 0 93.7685245437672
1954 1835.370020945578 32.35165901043928 150
1955 1866.159310611097 32.35165901043928 150
1956 230.6865491091088 0 116.9261281831068
1957 217.4813961048995 0 93.85430928415647
1958 202.8411146727163 0 116.9281811010497
1959 591.9686467869324 -33.11798173899088 150
1960 1487.814215424372 0 69.04125138356116
1961 1504.381287836633 0 104.5207375456191
1962 617.3749834302976 0 116.3157205043692
1963 634.0256756600465 0 140
1964 689.4403867310575 0 140
1965 169.2956341969502 96.75423965455931 150
1966 196.2112713440201 96.75586221058218 150
1967 1779.6034800059 18.51434773004476 150
1968 1757.119649078708 43.21624199290599 150
1969 398.1406014747351 0 23.34080107829677
1970 425.5861295619042 0 23.34080107829677
1971 1944.556389853831 0 140
1972 1934.75363394853 0 119.9822187708105
1973 417.6040652353475 -96.39374131181707 150
1974 578.6109645890357 0 140
1975 232.9782680529822 0 23.73296757929607
1976 294.5189029686308 0 116.6404699879531
1977 260.7873810085208 0 70.38670599815121
1978 246.4255797178381 0 47.44627824197674
1979 345.7873900066868 0 115.968428812687
1980 1137.716231408708 -18.51434773004477 150
1981 1132.989267900409 0 140
1982 1188.461777121736 0 140
1983 1138.236414761552 -8.514347730044769 150
1984 102.1895448365361 68.66260864020575 150
1985 88.40634466819419 40.93905414630426 150
1986 117.4991950930661 44.9631628873653 150
1987 61.84996079626627 93.30015545706766 150
1988 47.91462645495214 69.2361568081886 150
1989 22.78844959874491 95.93600135112094 150
1990 25.12617685620723 53.30015545706773 150
1991 1923.578855342177 -24.27769643283852 150
1992 1909.710728036847 -38.79137340284295 150
1993 1895.842600731514 -24.27769643283852 150
1994 1960.056497153755 -51.66427013866586 150
1995 243.0180529315278 -63.47561866645876 150
1996 116.1761970904988 0 69.79674811576588
1997 253.9784730494551 92.36952924931505 150
1998 37.93802591268923 25.00000000000007 150
1999 75.59449561171219 69.23920960337192 150
2000 793.0193100100114 -88.14190577880993 150
2001 810.2676806356424 -33.14190577880993 150
2002 863.9446883386704 -18.51434773004477 150
2003 846.6963177130395 -73.51434773004476 150
2004 1172.794943831253 0 61.60600847823117
2005 1125.44861564368 0 100.7851972222651
2006 494.3257613480519 0 46.91233579364649
2007 1180.863326714691 0 100.7851972222651
2008 1288.595655959681 0 101.8980242544935
2009 1233.54758336875 0 101.8725025305247
2010 846.6963177130394 88.14190577880977 150
2011 795.9203145279009 0 46.8397318439031
2012 782.1975504843166 0 23.36823645868166
2013 163.8040902706018 0 47.40143013694106
2014 521.0249201606769 0 83.90413689602443
2015 533.3034496300252 0 64.36699160594418
2016 1299.215907648518 33 150
2017 1202.134953257035 0 30.78519722226507
2018 341.8741465256388 0 65.28632618517163
2019 1948.675707028656 59.98646594505479 150
2020 1913.932466590894 52.32824084045355 150
2021 370.639052857856 0 23.27021526780677
2022 115.152132288883 95.93905414630426 150
2023 87.36895315661025 95.93905414630426 150
2024 142.485376082916 96.75423965455931 150
2025 211.598677534696 68.90651718492531 150
2026 129.5227886305691 69.4777941484608 150
2027 157.7737007761031 18.84898134859112 150
2028 144.9786664185218 45.28077989980511 150
2029 204.9723824013553 0 23.63290559317338
2030 1448.908778615306 0 104.5207375456191
2031 1686.774752589766 0 140
2032 1632.010658291088 0 140
2033 1628.280297560735 -8.514347730044818 150
2034 356.9162888142714 0 46.58499486017113
2035 543.2015849595152 0 82.86999883997055
2036 218.599993214642 0 47.46101386373802
2037 232.0218010483152 0 70.65909576240283
2038 288.1265914672822 0 23.3281900967891
2039 1920.96481544032 -56.44758929774291 150
2040 1948.680654701497 -68.01151578543102 150
2041 1659.392705440427 0 109.907947623705
2042 1852.591423934548 58.01141284041758 150
2043 1812.886190018385 57.05355327330051 150
2044 190.5941075630151 0 47.36095187761532
2045 17.57168909645904 0 36.97835398018768
2046 17.57168909645904 5 25.98180312856285
2047 204.0595882712263 0 70.65622738549166
2048 132.7404264424572 0 140
2049 1438.138490952294 0 66.36605751661982
2050 1916.849034318326 0 140
2051 1882.2782262414 -49.93681392750343 150
2052 1881.163718335099 39.5127069870458 150
2053 60.72647551143414 40.93600135112094 150
2054 617.7593507182451 0 23.30720908874468
2055 512.1001698487053 0 112.1809908409388
2056 536.4961375656054 8.556571376586248 150
2057 591.9686467869324 8.556571376586248 150
2058 242.5361491980405 64.52018422365818 150
2059 1783.958152930222 89.70189426286123 150
2060 196.2112713440202 -96.75586221058217 150
2061 17.42703234229939 -5 25.88853922497439
2062 1958.98398337293 -22.12807637809315 150
2063 1950.22218082253 -6.30542915995391 150
2064 1922.410061471995 3.852953157067503 150
2065 966.6873365370602 0 140
2066 919.4171975599974 -18.51434773004477 150
2067 900.3168339411081 -73.51434773004476 150
2068 1114.911881803301 -73.51434773004476 150
2069 351.9154903881533 0 87.93997540549431
2070 20.96423459416168 0 55.52180275095423
2071 1983.193207907209 5 116.8727896959489
2072 188.9874369049637 0 94.40312326461461
2073 146.4939832213808 0 117.0609202156631
2074 246.3836023389979 0 93.59952351857731
2075 259.631389235772 0 116.6733953354705
2076 1344.129768100254 0 101.8270524884241
2077 1399.233054143227 0 101.8455436786778
2078 223.0410013861106 96.75586221058218 150
2079 128.1703617588927 0 93.42252739334641
2080 1779.766282278769 0 43.12248433428147
2081 1983.181121044954 -5 116.8696304190238
2082 973.0942052630255 8.514347730044818 150
2083 938.2844931476998 0 101.9002633270046
2084 104.200443978826 0 140
2085 114.4168049799692 0 116.3616071776833
2086 366.9830685809993 0 69.18998937387894
2087 1823.663386846385 90.6597538299783 150
2088 177.5268543141863 0 23.63290559317338
2089 1951.294694603355 -35.84162292052662 150
2090 1937.426567298024 -50.35529989053106 150
2091 498.0220654551019 -64.51172305080794 150
2092 1246.865748333062 -33.14190577880989 150
2093 1191.393239111736 8.514347730044761 150
2094 670.0681624807513 0 65.11848321293355
2095 1136.498711393569 18.51434773004476 150
2096 1957.200905582972 62.66605923243229 150
2097 1983.193207907209 0 107.2132955402661
$EndNodes
$Elements
1945
1 15 2 0 1 1
2 15 2 0 2 2
3 15 2 0 3 3
4 15 2 0 4 4
5 15 2 0 5 5
6 15 2 0 6 6
7 15 2 0 7 7
8 15 2 0 8 8
9 15 2 0 9 9
10 15 2 0 10 10
11 15 2 0 11 11
12 15 2 0 12 12
13 15 2 0 13 13
14 15 2 0 14 14
15 15 2 0 15 15
16 15 2 0 16 16
17 8 2 0 1 2 1 17
18 8 2 0 2 2 3 18
19 8 2 0 3 4 19 21
20 8 2 0 3 19 20 22
21 8 2 0 3 20 3 23
22 8 2 0 4 4 5 24
23 8 2 0 5 5 25 27
24 8 2 0 5 25 26 28
25 8 2 0 5 26 6 29
26 8 2 0 6 6 7 30
27 8 2 0 7 7 8 31
28 8 2 0 8 1 32 34
29 8 2 0 8 32 33 35
30 8 2 0 8 33 8 36
31 8 2 0 9 2 37 57
32 8 2 0 9 37 38 58
33 8 2 0 9 38 39 59
34 8 2 0 9 39 40 60
35 8 2 0 9 40 41 61
36 8 2 0 9 41 42 62
37 8 2 0 9 42 43 63
38 8 2 0 9 43 44 64
39 8 2 0 9 44 45 65
40 8 2 0 9 45 46 66
41 8 2 0 9 46 47 67
42 8 2 0 9 47 48 68
43 8 2 0 9 48 49 69
44 8 2 0 9 49 50 70
45 8 2 0 9 50 51 71
46 8 2 0 9 51 52 72
47 8 2 0 9 52 53 73
48 8 2 0 9 53 54 74
49 8 2 0 9 54 55 75
50 8 2 0 9 55 56 76
51 8 2 0 9 56 9 77
52 8 2 0 10 9 10 78
53 8 2 0 11 1 79 99
54 8 2 0 11 79 80 100
55 8 2 0 11 80 81 101
56 8 2 0 11 81 82 102
57 8 2 0 11 82 83 103
58 8 2 0 11 83 84 104
59 8 2 0 11 84 85 105
60 8 2 0 11 85 86 106
61 8 2 0 11 86 87 107
62 8 2 0 11 87 88 108
63 8 2 0 11 88 89 109
64 8 2 0 11 89 90 110
65 8 2 0 11 90 91 111
66 8 2 0 11 91 92 112
67 8 2 0 11 92 93 113
68 8 2 0 11 93 94 114
69 8 2 0 11 94 95 115
70 8 2 0 11 95 96 116
71 8 2 0 11 96 97 117
72 8 2 0 11 97 98 118
73 8 2 0 11 98 10 119
74 8 2 0 12 8 120 140
75 8 2 0 12 120 121 141
76 8 2 0 12 121 122 142
77 8 2 0 12 122 123 143
78 8 2 0 12 123 124 144
79 8 2 0 12 124 125 145
80 8 2 0 12 125 126 146
81 8 2 0 12 126 127 147
82 8 2 0 12 127 128 148
83 8 2 0 12 128 129 149
84 8 2 0 12 129 130 150
85 8 2 0 12 130 131 151
86 8 2 0 12 131 132 152
87 8 2 0 12 132 133 153
88 8 2 0 12 133 134 154
89 8 2 0 12 134 135 155
90 8 2 0 12 135 136 156
91 8 2 0 12 136 137 157
92 8 2 0 12 137 138 158
93 8 2 0 12 138 139 159
94 8 2 0 12 139 11 160
95 8 2 0 13 10 161 165
96 8 2 0 13 161 162 166
97 8 2 0 13 162 163 167
98 8 2 0 13 163 164 168
99 8 2 0 13 164 11 169
100 8 2 0 14 7 170 190
101 8 2 0 14 170 171 191
102 8 2 0 14 171 172 192
103 8 2 0 14 172 173 193
104 8 2 0 14 173 174 194
105 8 2 0 14 174 175 195
106 8 2 0 14 175 176 196
107 8 2 0 14 176 177 197
108 8 2 0 14 177 178 198
109 8 2 0 14 178 179 199
110 8 2 0 14 179 180 200
111 8 2 0 14 180 181 201
112 8 2 0 14 181 182 202
113 8 2 0 14 182 183 203
114 8 2 0 14 183 184 204
115 8 2 0 14 184 185 205
116 8 2 0 14 185 186 206
117 8 2 0 14 186 187 207
118 8 2 0 14 187 188 208
119 8 2 0 14 188 189 209
120 8 2 0 14 189 12 210
121 8 2 0 15 12 11 211
122 8 2 0 16 3 212 233
123 8 2 0 16 212 213 234
124 8 2 0 16 213 214 235
125 8 2 0 16 214 215 236
126 8 2 0 16 215 216 237
127 8 2 0 16 216 217 238
128 8 2 0 16 217 218 239
129 8 2 0 16 218 219 240
130 8 2 0 16 219 220 241
131 8 2 0 16 220 221 242
132 8 2 0 16 221 222 243
133 8 2 0 16 222 223 244
134 8 2 0 16 223 224 245
135 8 2 0 16 224 225 246
136 8 2 0 16 225 226 247
137 8 2 0 16 226 227 248
138 8 2 0 16 227 228 249
139 8 2 0 16 228 229 250
140 8 2 0 16 229 230 251
141 8 2 0 16 230 231 252
142 8 2 0 16 231 232 253
143 8 2 0 16 232 13 254
144 8 2 0 17 9 255 256
145 8 2 0 17 255 13 257
146 8 2 0 18 14 258 259
147 8 2 0 18 258 12 260
148 8 2 0 19 6 261 282
149 8 2 0 19 261 262 283
150 8 2 0 19 262 263 284
151 8 2 0 19 263 264 285
152 8 2 0 19 264 265 286
153 8 2 0 19 265 266 287
154 8 2 0 19 266 267 288
155 8 2 0 19 267 268 289
156 8 2 0 19 268 269 290
157 8 2 0 19 269 270 291
158 8 2 0 19 270 271 292
159 8 2 0 19 271 272 293
160 8 2 0 19 272 273 294
161 8 2 0 19 273 274 295
162 8 2 0 19 274 275 296
163 8 2 0 19 275 276 297
164 8 2 0 19 276 277 298
165 8 2 0 19 277 278 299
166 8 2 0 19 278 279 300
167 8 2 0 19 279 280 301
168 8 2 0 19 280 281 302
169 8 2 0 19 281 14 303
170 8 2 0 20 15 304 306
171 8 2 0 20 304 305 307
172 8 2 0 20 305 13 308
173 8 2 0 21 15 16 309
174 8 2 0 22 16 310 312
175 8 2 0 22 310 311 313
176 8 2 0 22 311 14 314
177 8 2 0 23 4 315 341
178 8 2 0 23 315 316 342
179 8 2 0 23 316 317 343
180 8 2 0 23 317 318 344
181 8 2 0 23 318 319 345
182 8 2 0 23 319 320 346
183 8 2 0 23 320 321 347
184 8 2 0 23 321 322 348
185 8 2 0 23 322 323 349
186 8 2 0 23 323 324 350
187 8 2 0 23 324 325 351
188 8 2 0 23 325 326 352
189 8 2 0 23 326 327 353
190 8 2 0 23 327 328 354
191 8 2 0 23 328 329 355
192 8 2 0 23 329 330 356
193 8 2 0 23 330 331 357
194 8 2 0 23 331 332 358
195 8 2 0 23 332 333 359
196 8 2 0 23 333 334 360
197 8 2 0 23 334 335 361
198 8 2 0 23 335 336 362
199 8 2 0 23 336 337 363
200 8 2 0 23 337 338 364
201 8 2 0 23 338 339 365
202 8 2 0 23 339 340 366
203 8 2 0 23 340 15 367
204 8 2 0 24 5 368 394
205 8 2 0 24 368 369 395
206 8 2 0 24 369 370 396
207 8 2 0 24 370 371 397
208 8 2 0 24 371 372 398
209 8 2 0 24 372 373 399
210 8 2 0 24 373 374 400
211 8 2 0 24 374 375 401
212 8 2 0 24 375 376 402
213 8 2 0 24 376 377 403
214 8 2 0 24 377 378 404
215 8 2 0 24 378 379 405
216 8 2 0 24 379 380 406
217 8 2 0 24 380 381 407
218 8 2 0 24 381 382 408
219 8 2 0 24 382 383 409
220 8 2 0 24 383 384 410
221 8 2 0 24 384 385 411
222 8 2 0 24 385 386 412
223 8 2 0 24 386 387 413
224 8 2 0 24 387 388 414
225 8 2 0 24 388 389 415
226 8 2 0 24 389 390 416
227 8 2 0 24 390 391 417
228 8 2 0 24 391 392 418
229 8 2 0 24 392 393 419
230 8 2 0 24 393 16 420
231 9 2 0 1 20 3 6 23 423 424
232 9 2 0 1 19 25 421 425 426 427
233 9 2 0 1 20 26 422 428 429 430
234 9 2 0 1 25 19 422 425 431 432
235 9 2 0 1 5 4 421 24 433 434
236 9 2 0 1 32 3 2 435 18 436
237 9 2 0 1 6 3 32 423 435 437
238 9 2 0 1 4 19 421 21 427 433
239 9 2 0 1 25 5 421 27 434 426
240 9 2 0 1 33 7 6 438 30 439
241 9 2 0 1 19 20 422 22 430 431
242 9 2 0 1 26 25 422 28 432 429
243 9 2 0 1 2 1 32 17 34 436
244 9 2 0 1 20 6 26 424 29 428
245 9 2 0 1 33 6 32 439 437 35
246 9 2 0 1 7 33 8 438 36 31
247 9 2 0 2 1 2 79 17 440 99
248 9 2 0 2 2 37 79 57 441 440
249 9 2 0 2 9 10 56 78 442 77
250 9 2 0 2 10 98 56 119 443 442
251 9 2 0 2 37 38 80 58 444 445
252 9 2 0 2 79 37 80 441 445 100
253 9 2 0 2 38 39 81 59 446 447
254 9 2 0 2 80 38 81 444 447 101
255 9 2 0 2 39 40 82 60 448 449
256 9 2 0 2 81 39 82 446 449 102
257 9 2 0 2 40 41 83 61 450 451
258 9 2 0 2 82 40 83 448 451 103
259 9 2 0 2 84 41 42 452 62 453
260 9 2 0 2 41 84 83 452 104 450
261 9 2 0 2 43 85 42 454 455 63
262 9 2 0 2 85 84 42 105 453 455
263 9 2 0 2 44 86 43 456 457 64
264 9 2 0 2 86 85 43 106 454 457
265 9 2 0 2 45 87 44 458 459 65
266 9 2 0 2 87 86 44 107 456 459
267 9 2 0 2 46 88 45 460 461 66
268 9 2 0 2 88 87 45 108 458 461
269 9 2 0 2 47 89 46 462 463 67
270 9 2 0 2 89 88 46 109 460 463
271 9 2 0 2 90 47 48 464 68 465
272 9 2 0 2 90 89 47 110 462 464
273 9 2 0 2 91 48 49 466 69 467
274 9 2 0 2 91 90 48 111 465 466
275 9 2 0 2 92 49 50 468 70 469
276 9 2 0 2 92 91 49 112 467 468
277 9 2 0 2 93 50 51 470 71 471
278 9 2 0 2 93 92 50 113 469 470
279 9 2 0 2 52 94 51 472 473 72
280 9 2 0 2 94 93 51 114 471 473
281 9 2 0 2 95 52 53 474 73 475
282 9 2 0 2 95 94 52 115 472 474
283 9 2 0 2 96 53 54 476 74 477
284 9 2 0 2 96 95 53 116 475 476
285 9 2 0 2 97 54 55 478 75 479
286 9 2 0 2 97 96 54 117 477 478
287 9 2 0 2 98 55 56 480 76 443
288 9 2 0 2 98 97 55 118 479 480
289 9 2 0 3 510 518 98 535 536 537
290 9 2 0 3 502 509 503 538 539 540
291 9 2 0 3 508 509 504 541 542 543
292 9 2 0 3 503 507 506 544 545 546
293 9 2 0 3 503 508 507 547 548 544
294 9 2 0 3 512 518 483 549 550 551
295 9 2 0 3 483 518 510 550 535 552
296 9 2 0 3 485 519 514 553 554 555
297 9 2 0 3 517 519 485 556 553 557
298 9 2 0 3 514 520 485 558 559 555
299 9 2 0 3 505 531 522 560 561 562
300 9 2 0 3 495 531 505 563 560 564
301 9 2 0 3 487 518 512 565 549 566
302 9 2 0 3 98 518 487 536 565 567
303 9 2 0 3 512 533 513 568 569 570
304 9 2 0 3 85 485 84 571 572 105
305 9 2 0 3 120 501 121 573 574 141
306 9 2 0 3 80 500 79 575 576 100
307 9 2 0 3 482 509 502 577 538 578
308 9 2 0 3 493 517 485 579 557 580
309 9 2 0 3 126 493 127 581 582 147
310 9 2 0 3 82 502 81 583 584 102
311 9 2 0 3 122 504 123 585 586 143
312 9 2 0 3 134 495 135 587 588 155
313 9 2 0 3 137 494 138 589 590 158
314 9 2 0 3 87 492 86 591 592 107
315 9 2 0 3 121 481 122 593 594 142
316 9 2 0 3 98 487 97 567 595 118
317 9 2 0 3 132 498 133 596 597 153
318 9 2 0 3 89 496 88 598 599 109
319 9 2 0 3 128 497 129 600 601 149
320 9 2 0 3 81 484 80 602 603 101
321 9 2 0 3 91 499 90 604 605 111
322 9 2 0 3 130 491 131 606 607 151
323 9 2 0 3 93 489 92 608 609 113
324 9 2 0 3 96 490 95 610 611 116
325 9 2 0 3 135 505 136 612 613 156
326 9 2 0 3 121 501 481 574 614 593
327 9 2 0 3 484 500 80 615 575 603
328 9 2 0 3 485 521 493 616 617 580
329 9 2 0 3 502 503 484 540 618 619
330 9 2 0 3 503 509 508 539 541 547
331 9 2 0 3 81 502 484 584 619 602
332 9 2 0 3 481 504 122 620 585 594
333 9 2 0 3 495 505 135 564 612 588
334 9 2 0 3 503 506 484 546 621 618
335 9 2 0 3 487 513 494 622 623 624
336 9 2 0 3 501 507 481 625 626 614
337 9 2 0 3 493 521 492 617 627 628
338 9 2 0 3 492 527 493 629 630 628
339 9 2 0 3 489 531 495 631 563 632
340 9 2 0 3 495 529 489 633 634 632
341 9 2 0 3 494 525 490 635 636 637
342 9 2 0 3 494 530 487 638 639 624
343 9 2 0 3 490 530 494 640 638 637
344 9 2 0 3 491 528 496 641 642 643
345 9 2 0 3 491 524 499 644 645 646
346 9 2 0 3 498 526 489 647 648 649
347 9 2 0 3 499 523 491 650 651 646
348 9 2 0 3 497 532 496 652 653 654
349 9 2 0 3 496 524 491 655 644 643
350 9 2 0 3 489 529 498 634 656 649
351 9 2 0 3 496 528 497 642 657 654
352 9 2 0 3 498 523 499 658 650 659
353 9 2 0 3 497 527 492 660 629 661
354 9 2 0 3 492 532 497 662 652 661
355 9 2 0 3 505 522 490 562 663 664
356 9 2 0 3 499 526 498 665 647 659
357 9 2 0 3 490 525 505 636 666 664
358 9 2 0 3 484 506 500 621 667 615
359 9 2 0 3 504 509 488 542 668 669
360 9 2 0 3 507 508 481 548 670 626
361 9 2 0 3 481 508 504 670 543 620
362 9 2 0 3 11 534 164 671 672 169
363 9 2 0 3 511 533 512 673 568 674
364 9 2 0 3 500 506 486 667 675 676
365 9 2 0 3 486 507 501 677 625 678
366 9 2 0 3 126 517 493 679 579 581
367 9 2 0 3 492 521 86 627 680 592
368 9 2 0 3 134 529 495 681 633 587
369 9 2 0 3 137 525 494 682 635 589
370 9 2 0 3 93 531 489 683 631 608
371 9 2 0 3 487 530 97 639 684 595
372 9 2 0 3 499 524 90 645 685 605
373 9 2 0 3 96 530 490 686 640 610
374 9 2 0 3 130 528 491 687 641 606
375 9 2 0 3 489 526 92 648 688 609
376 9 2 0 3 89 524 496 689 655 598
377 9 2 0 3 496 532 88 653 690 599
378 9 2 0 3 128 527 497 691 660 600
379 9 2 0 3 491 523 131 651 692 607
380 9 2 0 3 498 529 133 656 693 597
381 9 2 0 3 87 532 492 694 662 591
382 9 2 0 3 497 528 129 657 695 601
383 9 2 0 3 132 523 498 696 658 596
384 9 2 0 3 91 526 499 697 665 604
385 9 2 0 3 490 522 95 663 698 611
386 9 2 0 3 505 525 136 666 699 613
387 9 2 0 3 493 527 127 630 700 582
388 9 2 0 3 494 513 138 623 701 590
389 9 2 0 3 125 517 126 702 679 146
390 9 2 0 3 164 511 163 703 704 168
391 9 2 0 3 162 510 161 705 706 166
392 9 2 0 3 163 483 162 707 708 167
393 9 2 0 3 512 513 487 570 622 566
394 9 2 0 3 511 512 483 674 551 709
395 9 2 0 3 85 521 485 710 616 571
396 9 2 0 3 485 520 84 559 711 572
397 9 2 0 3 124 519 125 712 713 145
398 9 2 0 3 84 520 83 711 714 104
399 9 2 0 3 533 534 139 715 716 717
400 9 2 0 3 32 486 33 718 719 35
401 9 2 0 3 482 514 509 720 721 577
402 9 2 0 3 86 521 85 680 710 106
403 9 2 0 3 131 523 132 692 696 152
404 9 2 0 3 97 530 96 684 686 117
405 9 2 0 3 129 528 130 695 687 150
406 9 2 0 3 127 527 128 700 691 148
407 9 2 0 3 92 526 91 688 697 112
408 9 2 0 3 95 522 94 698 722 115
409 9 2 0 3 88 532 87 690 694 108
410 9 2 0 3 90 524 89 685 689 110
411 9 2 0 3 94 531 93 723 683 114
412 9 2 0 3 133 529 134 693 681 154
413 9 2 0 3 136 525 137 699 682 157
414 9 2 0 3 509 514 488 721 724 668
415 9 2 0 3 138 513 139 701 725 159
416 9 2 0 3 164 534 511 672 726 703
417 9 2 0 3 163 511 483 704 709 707
418 9 2 0 3 483 510 162 552 705 708
419 9 2 0 3 511 534 533 726 715 673
420 9 2 0 3 522 531 94 561 723 722
421 9 2 0 3 125 519 517 713 556 702
422 9 2 0 3 506 507 486 545 677 675
423 9 2 0 3 79 515 1 727 728 99
424 9 2 0 3 8 516 120 729 730 140
425 9 2 0 3 513 533 139 569 717 725
426 9 2 0 3 123 488 124 731 732 144
427 9 2 0 3 83 482 82 733 734 103
428 9 2 0 3 1 515 32 728 735 34
429 9 2 0 3 33 516 8 736 729 36
430 9 2 0 3 123 504 488 586 669 731
431 9 2 0 3 482 502 82 578 583 734
432 9 2 0 3 501 516 486 737 738 678
433 9 2 0 3 486 515 500 739 740 676
434 9 2 0 3 120 516 501 730 737 573
435 9 2 0 3 500 515 79 740 727 576
436 9 2 0 3 488 519 124 741 712 732
437 9 2 0 3 83 520 482 714 742 733
438 9 2 0 3 32 515 486 735 739 718
439 9 2 0 3 486 516 33 738 736 719
440 9 2 0 3 482 520 514 742 558 720
441 9 2 0 3 514 519 488 554 741 724
442 9 2 0 3 139 534 11 716 671 160
443 9 2 0 3 10 510 98 743 537 119
444 9 2 0 3 161 510 10 706 743 165
445 9 2 0 4 8 120 7 140 744 31
446 9 2 0 4 120 170 7 745 190 744
447 9 2 0 4 12 189 11 210 746 211
448 9 2 0 4 11 189 139 746 747 160
449 9 2 0 4 121 170 120 748 745 141
450 9 2 0 4 122 171 121 749 750 142
451 9 2 0 4 171 170 121 191 748 750
452 9 2 0 4 123 172 122 751 752 143
453 9 2 0 4 172 171 122 192 749 752
454 9 2 0 4 124 173 123 753 754 144
455 9 2 0 4 123 173 172 754 193 751
456 9 2 0 4 125 174 124 755 756 145
457 9 2 0 4 174 173 124 194 753 756
458 9 2 0 4 126 175 125 757 758 146
459 9 2 0 4 175 174 125 195 755 758
460 9 2 0 4 126 127 176 147 759 760
461 9 2 0 4 176 175 126 196 757 760
462 9 2 0 4 177 127 128 761 148 762
463 9 2 0 4 176 127 177 759 761 197
464 9 2 0 4 178 128 129 763 149 764
465 9 2 0 4 177 128 178 762 763 198
466 9 2 0 4 130 179 129 765 766 150
467 9 2 0 4 179 178 129 199 764 766
468 9 2 0 4 131 180 130 767 768 151
469 9 2 0 4 180 179 130 200 765 768
470 9 2 0 4 132 181 131 769 770 152
471 9 2 0 4 131 181 180 770 201 767
472 9 2 0 4 133 182 132 771 772 153
473 9 2 0 4 182 181 132 202 769 772
474 9 2 0 4 134 183 133 773 774 154
475 9 2 0 4 133 183 182 774 203 771
476 9 2 0 4 135 184 134 775 776 155
477 9 2 0 4 134 184 183 776 204 773
478 9 2 0 4 136 185 135 777 778 156
479 9 2 0 4 135 185 184 778 205 775
480 9 2 0 4 137 186 136 779 780 157
481 9 2 0 4 136 186 185 780 206 777
482 9 2 0 4 138 187 137 781 782 158
483 9 2 0 4 137 187 186 782 207 779
484 9 2 0 4 139 188 138 783 784 159
485 9 2 0 4 138 188 187 784 208 781
486 9 2 0 4 139 189 188 747 209 783
487 9 2 0 5 213 214 785 235 797 798
488 9 2 0 5 228 229 54 250 799 800
489 9 2 0 5 212 213 789 234 801 802
490 9 2 0 5 2 3 788 18 803 804
491 9 2 0 5 213 785 789 798 805 801
492 9 2 0 5 785 214 786 797 806 807
493 9 2 0 5 218 44 43 808 64 809
494 9 2 0 5 218 219 44 240 810 808
495 9 2 0 5 219 45 44 811 65 810
496 9 2 0 5 219 220 45 241 812 811
497 9 2 0 5 40 39 786 60 813 814
498 9 2 0 5 220 46 45 815 66 812
499 9 2 0 5 220 221 46 242 816 815
500 9 2 0 5 54 229 793 799 817 818
501 9 2 0 5 46 221 47 816 819 67
502 9 2 0 5 221 222 47 243 820 819
503 9 2 0 5 47 222 48 820 821 68
504 9 2 0 5 222 223 48 244 822 821
505 9 2 0 5 227 228 53 249 823 824
506 9 2 0 5 39 785 786 825 807 813
507 9 2 0 5 53 228 54 823 800 74
508 9 2 0 5 223 224 49 245 826 827
509 9 2 0 5 48 223 49 822 827 69
510 9 2 0 5 224 225 50 246 828 829
511 9 2 0 5 49 224 50 826 829 70
512 9 2 0 5 225 226 51 247 830 831
513 9 2 0 5 226 227 52 248 832 833
514 9 2 0 5 50 225 51 828 831 71
515 9 2 0 5 52 227 53 832 824 73
516 9 2 0 5 226 52 51 833 72 830
517 9 2 0 5 255 792 796 834 835 836
518 9 2 0 5 214 215 786 236 837 806
519 9 2 0 5 38 37 789 58 838 839
520 9 2 0 5 39 38 785 59 840 825
521 9 2 0 5 785 38 789 840 839 805
522 9 2 0 5 55 54 793 75 818 841
523 9 2 0 5 792 791 795 842 843 844
524 9 2 0 5 216 217 790 238 845 846
525 9 2 0 5 217 218 794 239 847 848
526 9 2 0 5 232 13 796 254 849 850
527 9 2 0 5 43 42 794 63 851 852
528 9 2 0 5 13 255 796 257 836 849
529 9 2 0 5 218 43 794 809 852 847
530 9 2 0 5 788 212 789 853 802 854
531 9 2 0 5 42 41 790 62 855 856
532 9 2 0 5 56 55 791 76 857 858
533 9 2 0 5 41 40 787 61 859 860
534 9 2 0 5 229 230 793 251 861 817
535 9 2 0 5 231 232 795 253 862 863
536 9 2 0 5 37 2 788 57 804 864
537 9 2 0 5 40 786 787 814 865 859
538 9 2 0 5 3 212 788 233 853 803
539 9 2 0 5 37 788 789 864 854 838
540 9 2 0 5 790 217 794 845 848 866
541 9 2 0 5 42 790 794 856 866 851
542 9 2 0 5 215 216 787 237 867 868
543 9 2 0 5 230 231 791 252 869 870
544 9 2 0 5 56 791 792 858 842 871
545 9 2 0 5 786 215 787 837 868 865
546 9 2 0 5 791 231 795 869 863 843
547 9 2 0 5 795 232 796 862 850 872
548 9 2 0 5 792 795 796 844 872 835
549 9 2 0 5 791 55 793 857 841 873
550 9 2 0 5 41 787 790 860 874 855
551 9 2 0 5 230 791 793 870 873 861
552 9 2 0 5 787 216 790 867 846 874
553 9 2 0 5 9 56 792 77 871 875
554 9 2 0 5 255 9 792 256 875 834
555 9 2 0 6 263 262 876 284 888 889
556 9 2 0 6 277 187 278 890 891 299
557 9 2 0 6 262 261 880 283 892 893
558 9 2 0 6 876 262 880 888 893 894
559 9 2 0 6 6 7 879 30 895 896
560 9 2 0 6 263 876 877 889 897 898
561 9 2 0 6 176 177 267 197 899 900
562 9 2 0 6 177 268 267 901 289 899
563 9 2 0 6 177 178 268 198 902 901
564 9 2 0 6 178 269 268 903 290 902
565 9 2 0 6 172 173 877 193 904 905
566 9 2 0 6 178 179 269 199 906 903
567 9 2 0 6 278 187 884 891 907 908
568 9 2 0 6 179 270 269 909 291 906
569 9 2 0 6 179 180 270 200 910 909
570 9 2 0 6 270 180 271 910 911 292
571 9 2 0 6 180 181 271 201 912 911
572 9 2 0 6 271 181 272 912 913 293
573 9 2 0 6 276 186 277 914 915 298
574 9 2 0 6 186 187 277 207 890 915
575 9 2 0 6 876 172 877 916 905 897
576 9 2 0 6 272 182 273 917 918 294
577 9 2 0 6 181 182 272 202 917 913
578 9 2 0 6 273 183 274 919 920 295
579 9 2 0 6 275 185 276 921 922 297
580 9 2 0 6 274 184 275 923 924 296
581 9 2 0 6 182 183 273 203 919 918
582 9 2 0 6 185 186 276 206 914 922
583 9 2 0 6 183 184 274 204 923 920
584 9 2 0 6 184 185 275 205 921 924
585 9 2 0 6 883 258 886 925 926 927
586 9 2 0 6 264 263 877 285 898 928
587 9 2 0 6 170 171 880 191 929 930
588 9 2 0 6 171 876 880 931 894 929
589 9 2 0 6 171 172 876 192 916 931
590 9 2 0 6 187 188 884 208 932 907
591 9 2 0 6 882 883 885 933 934 935
592 9 2 0 6 266 265 881 287 936 937
593 9 2 0 6 267 266 887 288 938 939
594 9 2 0 6 14 281 886 303 940 941
595 9 2 0 6 175 176 887 196 942 943
596 9 2 0 6 176 267 887 900 939 942
597 9 2 0 6 258 14 886 259 941 926
598 9 2 0 6 261 879 880 944 945 892
599 9 2 0 6 188 189 882 209 946 947
600 9 2 0 6 174 175 881 195 948 949
601 9 2 0 6 173 174 878 194 950 951
602 9 2 0 6 281 280 885 302 952 953
603 9 2 0 6 279 278 884 300 908 954
604 9 2 0 6 7 170 879 190 955 895
605 9 2 0 6 877 173 878 904 951 956
606 9 2 0 6 261 6 879 282 896 944
607 9 2 0 6 879 170 880 955 930 945
608 9 2 0 6 266 881 887 937 957 938
609 9 2 0 6 265 264 878 286 958 959
610 9 2 0 6 881 175 887 948 943 957
611 9 2 0 6 280 279 882 301 960 961
612 9 2 0 6 882 189 883 946 962 933
613 9 2 0 6 264 877 878 928 956 958
614 9 2 0 6 280 882 885 961 935 952
615 9 2 0 6 281 885 886 953 963 940
616 9 2 0 6 885 883 886 934 927 963
617 9 2 0 6 188 882 884 947 964 932
618 9 2 0 6 878 174 881 950 949 965
619 9 2 0 6 882 279 884 960 954 964
620 9 2 0 6 265 878 881 959 965 936
621 9 2 0 6 189 12 883 210 966 962
622 9 2 0 6 12 258 883 260 925 966
623 9 2 0 7 305 967 13 968 969 308
624 9 2 0 7 14 967 311 970 971 314
625 9 2 0 7 311 967 305 971 968 972
626 9 2 0 7 13 967 14 969 970 973
627 9 2 0 7 10 9 161 78 974 165
628 9 2 0 7 9 255 161 256 975 974
629 9 2 0 7 164 12 11 976 211 169
630 9 2 0 7 164 258 12 977 260 976
631 9 2 0 7 162 13 14 978 973 979
632 9 2 0 7 255 13 162 257 978 980
633 9 2 0 7 162 14 163 979 981 167
634 9 2 0 7 14 258 163 259 982 981
635 9 2 0 7 15 16 310 309 312 983
636 9 2 0 7 310 304 15 984 306 983
637 9 2 0 7 161 255 162 975 980 166
638 9 2 0 7 163 258 164 982 977 168
639 9 2 0 7 305 304 310 307 984 985
640 9 2 0 7 310 311 305 313 972 985
641 9 2 0 8 212 3 1011 233 1033 1034
642 9 2 0 8 1004 986 1009 1035 1036 1037
643 9 2 0 8 995 221 1003 1038 1039 1040
644 9 2 0 8 986 1004 1011 1035 1041 1042
645 9 2 0 8 15 304 1027 306 1043 1044
646 9 2 0 8 1003 221 1020 1039 1045 1046
647 9 2 0 8 222 221 995 243 1038 1047
648 9 2 0 8 217 216 1017 238 1048 1049
649 9 2 0 8 340 15 1027 367 1044 1050
650 9 2 0 8 13 232 1018 254 1051 1052
651 9 2 0 8 1004 212 1011 1053 1034 1041
652 9 2 0 8 223 222 1014 244 1054 1055
653 9 2 0 8 222 1008 1014 1056 1057 1054
654 9 2 0 8 224 223 1019 245 1058 1059
655 9 2 0 8 304 988 1027 1060 1061 1043
656 9 2 0 8 225 224 1026 246 1062 1063
657 9 2 0 8 223 1014 1019 1055 1064 1058
658 9 2 0 8 213 212 1004 234 1053 1065
659 9 2 0 8 224 1019 1026 1059 1066 1062
660 9 2 0 8 226 225 1025 247 1067 1068
661 9 2 0 8 1000 1006 1007 1069 1070 1071
662 9 2 0 8 327 328 997 354 1072 1073
663 9 2 0 8 320 321 990 347 1074 1075
664 9 2 0 8 323 324 1001 350 1076 1077
665 9 2 0 8 328 329 994 355 1078 1079
666 9 2 0 8 321 322 998 348 1080 1081
667 9 2 0 8 324 325 992 351 1082 1083
668 9 2 0 8 318 319 989 345 1084 1085
669 9 2 0 8 319 320 999 346 1086 1087
670 9 2 0 8 322 323 991 349 1088 1089
671 9 2 0 8 317 318 1000 344 1090 1091
672 9 2 0 8 326 327 993 353 1092 1093
673 9 2 0 8 316 317 987 343 1094 1095
674 9 2 0 8 325 326 1002 352 1096 1097
675 9 2 0 8 329 330 1003 356 1098 1099
676 9 2 0 8 1025 225 1026 1067 1063 1100
677 9 2 0 8 987 1004 1009 1101 1037 1102
678 9 2 0 8 993 327 997 1092 1073 1103
679 9 2 0 8 324 992 1001 1083 1104 1076
680 9 2 0 8 322 991 998 1089 1105 1080
681 9 2 0 8 318 989 1000 1085 1106 1090
682 9 2 0 8 992 325 1002 1082 1097 1107
683 9 2 0 8 989 319 999 1084 1087 1108
684 9 2 0 8 328 994 997 1079 1109 1072
685 9 2 0 8 987 317 1000 1094 1091 1110
686 9 2 0 8 990 321 998 1074 1081 1111
687 9 2 0 8 320 990 999 1075 1112 1086
688 9 2 0 8 991 323 1001 1088 1077 1113
689 9 2 0 8 326 993 1002 1093 1114 1096
690 9 2 0 8 994 329 1003 1078 1099 1115
691 9 2 0 8 1028 218 1031 1116 1117 1118
692 9 2 0 8 987 1000 1007 1110 1071 1119
693 9 2 0 8 337 338 1021 364 1120 1121
694 9 2 0 8 213 1004 1007 1065 1122 1123
695 9 2 0 8 1004 987 1007 1101 1119 1122
696 9 2 0 8 1000 989 1006 1106 1124 1069
697 9 2 0 8 339 340 996 366 1125 1126
698 9 2 0 8 338 339 1015 365 1127 1128
699 9 2 0 8 338 1015 1021 1128 1129 1120
700 9 2 0 8 1023 219 1029 1130 1131 1132
701 9 2 0 8 218 1016 1030 1133 1134 1135
702 9 2 0 8 220 219 1023 241 1130 1136
703 9 2 0 8 215 214 1006 236 1137 1138
704 9 2 0 8 1006 214 1007 1137 1139 1070
705 9 2 0 8 219 218 1028 240 1116 1140
706 9 2 0 8 214 213 1007 235 1123 1139
707 9 2 0 8 316 987 1009 1095 1102 1141
708 9 2 0 8 339 1012 1015 1142 1143 1127
709 9 2 0 8 221 220 1020 242 1144 1045
710 9 2 0 8 227 226 1032 248 1145 1146
711 9 2 0 8 4 315 1022 341 1147 1148
712 9 2 0 8 232 231 1010 253 1149 1150
713 9 2 0 8 1010 988 1018 1151 1152 1153
714 9 2 0 8 315 316 1009 342 1141 1154
715 9 2 0 8 339 996 1012 1126 1155 1142
716 9 2 0 8 1009 986 1022 1036 1156 1157
717 9 2 0 8 232 1010 1018 1150 1153 1051
718 9 2 0 8 332 333 1014 359 1158 1159
719 9 2 0 8 226 1025 1032 1068 1160 1145
720 9 2 0 8 229 228 1015 250 1161 1162
721 9 2 0 8 222 995 1008 1047 1163 1056
722 9 2 0 8 304 305 988 307 1164 1060
723 9 2 0 8 20 19 986 22 1165 1166
724 9 2 0 8 315 1009 1022 1154 1157 1147
725 9 2 0 8 216 215 1005 237 1167 1168
726 9 2 0 8 218 217 1016 239 1169 1133
727 9 2 0 8 230 229 1012 251 1170 1171
728 9 2 0 8 216 1013 1017 1172 1173 1048
729 9 2 0 8 989 1005 1006 1174 1175 1124
730 9 2 0 8 3 20 1011 23 1176 1033
731 9 2 0 8 330 331 995 357 1177 1178
732 9 2 0 8 1020 220 1024 1144 1179 1180
733 9 2 0 8 330 995 1003 1178 1040 1098
734 9 2 0 8 1005 215 1006 1167 1138 1175
735 9 2 0 8 333 334 1019 360 1181 1182
736 9 2 0 8 331 332 1008 358 1183 1184
737 9 2 0 8 336 337 1032 363 1185 1186
738 9 2 0 8 228 227 1021 249 1187 1188
739 9 2 0 8 1015 228 1021 1161 1188 1129
740 9 2 0 8 335 336 1025 362 1189 1190
741 9 2 0 8 993 997 1023 1103 1191 1192
742 9 2 0 8 334 335 1026 361 1193 1194
743 9 2 0 8 989 999 1005 1108 1195 1174
744 9 2 0 8 992 1002 1028 1107 1196 1197
745 9 2 0 8 990 998 1017 1111 1198 1199
746 9 2 0 8 991 1001 1030 1113 1200 1201
747 9 2 0 8 335 1025 1026 1190 1100 1193
748 9 2 0 8 1019 334 1026 1181 1194 1066
749 9 2 0 8 994 1003 1020 1115 1046 1202
750 9 2 0 8 1014 333 1019 1158 1182 1064
751 9 2 0 8 1012 229 1015 1170 1162 1143
752 9 2 0 8 20 986 1011 1166 1042 1176
753 9 2 0 8 1008 332 1014 1183 1159 1057
754 9 2 0 8 19 4 1022 21 1148 1203
755 9 2 0 8 1025 336 1032 1189 1186 1160
756 9 2 0 8 986 19 1022 1165 1203 1156
757 9 2 0 8 305 13 1018 308 1052 1204
758 9 2 0 8 988 305 1018 1164 1204 1152
759 9 2 0 8 231 230 996 252 1205 1206
760 9 2 0 8 231 996 1010 1206 1207 1149
761 9 2 0 8 995 331 1008 1177 1184 1163
762 9 2 0 8 997 994 1024 1109 1208 1209
763 9 2 0 8 1002 993 1029 1114 1210 1211
764 9 2 0 8 337 1021 1032 1121 1212 1185
765 9 2 0 8 1001 992 1031 1104 1213 1214
766 9 2 0 8 998 991 1016 1105 1215 1216
767 9 2 0 8 996 230 1012 1205 1171 1155
768 9 2 0 8 996 340 1027 1125 1050 1217
769 9 2 0 8 999 990 1013 1112 1218 1219
770 9 2 0 8 1010 996 1027 1207 1217 1220
771 9 2 0 8 1021 227 1032 1187 1146 1212
772 9 2 0 8 993 1023 1029 1192 1132 1210
773 9 2 0 8 988 1010 1027 1151 1220 1061
774 9 2 0 8 992 1028 1031 1197 1118 1213
775 9 2 0 8 994 1020 1024 1202 1180 1208
776 9 2 0 8 1016 991 1030 1215 1201 1134
777 9 2 0 8 1013 990 1017 1218 1199 1173
778 9 2 0 8 998 1016 1017 1216 1221 1198
779 9 2 0 8 1030 1001 1031 1200 1214 1222
780 9 2 0 8 1005 999 1013 1195 1219 1223
781 9 2 0 8 1028 1002 1029 1196 1211 1224
782 9 2 0 8 1023 997 1024 1191 1209 1225
783 9 2 0 8 216 1005 1013 1168 1223 1172
784 9 2 0 8 1016 217 1017 1169 1049 1221
785 9 2 0 8 220 1023 1024 1136 1225 1179
786 9 2 0 8 219 1028 1029 1140 1224 1131
787 9 2 0 8 218 1030 1031 1135 1222 1117
788 9 2 0 9 261 1251 6 1273 1274 282
789 9 2 0 9 1244 1249 1226 1275 1276 1277
790 9 2 0 9 1226 1251 1244 1278 1279 1277
791 9 2 0 9 16 1271 310 1280 1281 312
792 9 2 0 9 1235 1243 270 1282 1283 1284
793 9 2 0 9 271 1235 270 1285 1284 292
794 9 2 0 9 1243 1259 270 1286 1287 1283
795 9 2 0 9 266 1256 265 1288 1289 287
796 9 2 0 9 393 1271 16 1290 1280 420
797 9 2 0 9 266 1269 1257 1291 1292 1293
798 9 2 0 9 14 1258 281 1294 1295 303
799 9 2 0 9 1244 1251 261 1279 1273 1296
800 9 2 0 9 272 1254 271 1297 1298 293
801 9 2 0 9 267 1269 266 1299 1291 288
802 9 2 0 9 271 1254 1248 1298 1300 1301
803 9 2 0 9 1249 1266 1226 1302 1303 1276
804 9 2 0 9 310 1271 1228 1281 1304 1305
805 9 2 0 9 273 1260 272 1306 1307 294
806 9 2 0 9 262 1244 261 1308 1296 283
807 9 2 0 9 274 1268 273 1309 1310 295
808 9 2 0 9 368 1266 1249 1311 1302 1312
809 9 2 0 9 272 1260 1254 1307 1313 1297
810 9 2 0 9 380 1237 381 1314 1315 407
811 9 2 0 9 373 1230 374 1316 1317 400
812 9 2 0 9 376 1241 377 1318 1319 403
813 9 2 0 9 381 1234 382 1320 1321 408
814 9 2 0 9 374 1238 375 1322 1323 401
815 9 2 0 9 377 1232 378 1324 1325 404
816 9 2 0 9 371 1229 372 1326 1327 398
817 9 2 0 9 372 1239 373 1328 1329 399
818 9 2 0 9 375 1231 376 1330 1331 402
819 9 2 0 9 370 1240 371 1332 1333 397
820 9 2 0 9 379 1233 380 1334 1335 406
821 9 2 0 9 369 1227 370 1336 1337 396
822 9 2 0 9 378 1242 379 1338 1339 405
823 9 2 0 9 382 1243 383 1340 1341 409
824 9 2 0 9 273 1268 1260 1310 1342 1306
825 9 2 0 9 1240 1247 1246 1343 1344 1345
826 9 2 0 9 275 1267 274 1346 1347 296
827 9 2 0 9 1233 1237 380 1348 1314 1335
828 9 2 0 9 377 1241 1232 1319 1349 1324
829 9 2 0 9 375 1238 1231 1323 1350 1330
830 9 2 0 9 371 1240 1229 1333 1351 1326
831 9 2 0 9 1232 1242 378 1352 1338 1325
832 9 2 0 9 1229 1239 372 1353 1328 1327
833 9 2 0 9 381 1237 1234 1315 1354 1320
834 9 2 0 9 1227 1240 370 1355 1332 1337
835 9 2 0 9 1230 1238 374 1356 1322 1317
836 9 2 0 9 373 1239 1230 1329 1357 1316
837 9 2 0 9 1231 1241 376 1358 1318 1331
838 9 2 0 9 379 1242 1233 1339 1359 1334
839 9 2 0 9 1234 1243 382 1360 1340 1321
840 9 2 0 9 1267 1268 274 1361 1309 1347
841 9 2 0 9 262 1247 1244 1362 1363 1308
842 9 2 0 9 1244 1247 1227 1363 1364 1365
843 9 2 0 9 1227 1247 1240 1364 1343 1355
844 9 2 0 9 392 1236 393 1366 1367 419
845 9 2 0 9 390 1263 391 1368 1369 417
846 9 2 0 9 1240 1246 1229 1345 1370 1351
847 9 2 0 9 391 1255 392 1371 1372 418
848 9 2 0 9 391 1263 1255 1369 1373 1371
849 9 2 0 9 1264 1270 267 1374 1375 1376
850 9 2 0 9 269 1261 268 1377 1378 290
851 9 2 0 9 368 1249 369 1312 1379 395
852 9 2 0 9 268 1264 267 1380 1376 289
853 9 2 0 9 1261 1265 268 1381 1382 1378
854 9 2 0 9 264 1246 263 1383 1384 285
855 9 2 0 9 1246 1247 263 1344 1385 1384
856 9 2 0 9 263 1247 262 1385 1362 284
857 9 2 0 9 392 1255 1252 1372 1386 1387
858 9 2 0 9 270 1259 269 1287 1388 291
859 9 2 0 9 276 1272 275 1389 1390 297
860 9 2 0 9 5 1266 368 1391 1311 394
861 9 2 0 9 392 1252 1236 1387 1392 1366
862 9 2 0 9 281 1250 280 1393 1394 302
863 9 2 0 9 1227 1249 1244 1395 1275 1365
864 9 2 0 9 1250 1258 1228 1396 1397 1398
865 9 2 0 9 369 1249 1227 1379 1395 1336
866 9 2 0 9 281 1258 1250 1295 1396 1393
867 9 2 0 9 385 1254 386 1399 1400 412
868 9 2 0 9 271 1248 1235 1301 1401 1285
869 9 2 0 9 275 1272 1267 1390 1402 1346
870 9 2 0 9 278 1255 277 1403 1404 299
871 9 2 0 9 265 1245 264 1405 1406 286
872 9 2 0 9 310 1228 311 1305 1407 313
873 9 2 0 9 26 1226 25 1408 1409 28
874 9 2 0 9 265 1256 1253 1289 1410 1411
875 9 2 0 9 279 1252 278 1412 1413 300
876 9 2 0 9 6 1251 26 1274 1414 29
877 9 2 0 9 1229 1246 1245 1370 1415 1416
878 9 2 0 9 383 1235 384 1417 1418 410
879 9 2 0 9 383 1243 1235 1341 1282 1417
880 9 2 0 9 386 1260 387 1419 1420 413
881 9 2 0 9 1245 1246 264 1415 1383 1406
882 9 2 0 9 384 1248 385 1421 1422 411
883 9 2 0 9 389 1272 390 1423 1424 416
884 9 2 0 9 277 1263 276 1425 1426 298
885 9 2 0 9 1233 1261 1237 1427 1428 1348
886 9 2 0 9 1232 1264 1242 1429 1430 1352
887 9 2 0 9 1231 1269 1241 1431 1432 1358
888 9 2 0 9 1255 1263 277 1373 1425 1404
889 9 2 0 9 388 1267 389 1433 1434 415
890 9 2 0 9 387 1268 388 1435 1436 414
891 9 2 0 9 1230 1256 1238 1437 1438 1356
892 9 2 0 9 1229 1245 1239 1416 1439 1353
893 9 2 0 9 388 1268 1267 1436 1361 1433
894 9 2 0 9 1260 1268 387 1342 1435 1420
895 9 2 0 9 1234 1259 1243 1440 1286 1360
896 9 2 0 9 1254 1260 386 1313 1419 1400
897 9 2 0 9 1259 1262 269 1441 1442 1388
898 9 2 0 9 1252 1255 278 1386 1403 1413
899 9 2 0 9 26 1251 1226 1414 1278 1408
900 9 2 0 9 1248 1254 385 1300 1399 1422
901 9 2 0 9 1267 1272 389 1402 1423 1434
902 9 2 0 9 25 1266 5 1443 1391 27
903 9 2 0 9 1226 1266 25 1303 1443 1409
904 9 2 0 9 311 1258 14 1444 1294 314
905 9 2 0 9 1228 1258 311 1397 1444 1407
906 9 2 0 9 280 1236 279 1445 1446 301
907 9 2 0 9 280 1250 1236 1394 1447 1445
908 9 2 0 9 1235 1248 384 1401 1421 1418
909 9 2 0 9 1237 1262 1234 1448 1449 1354
910 9 2 0 9 390 1272 1263 1424 1450 1368
911 9 2 0 9 1242 1265 1233 1451 1452 1359
912 9 2 0 9 1241 1270 1232 1453 1454 1349
913 9 2 0 9 1238 1257 1231 1455 1456 1350
914 9 2 0 9 1236 1252 279 1392 1412 1446
915 9 2 0 9 1236 1271 393 1457 1290 1367
916 9 2 0 9 1239 1253 1230 1458 1459 1357
917 9 2 0 9 1250 1271 1236 1460 1457 1447
918 9 2 0 9 1233 1265 1261 1452 1381 1427
919 9 2 0 9 1263 1272 276 1450 1389 1426
920 9 2 0 9 1232 1270 1264 1454 1374 1429
921 9 2 0 9 1228 1271 1250 1304 1460 1398
922 9 2 0 9 1257 1269 1231 1292 1431 1456
923 9 2 0 9 1234 1262 1259 1449 1441 1440
924 9 2 0 9 1253 1256 1230 1410 1437 1459
925 9 2 0 9 1245 1253 1239 1461 1458 1439
926 9 2 0 9 1256 1257 1238 1462 1455 1438
927 9 2 0 9 1269 1270 1241 1463 1453 1432
928 9 2 0 9 1264 1265 1242 1464 1451 1430
929 9 2 0 9 1261 1262 1237 1465 1448 1428
930 9 2 0 9 265 1253 1245 1411 1461 1405
931 9 2 0 9 269 1262 1261 1442 1465 1377
932 9 2 0 9 266 1257 1256 1293 1462 1288
933 9 2 0 9 268 1265 1264 1382 1464 1380
934 9 2 0 9 267 1270 1269 1375 1463 1299
935 9 2 0 10 5 315 4 1466 341 24
936 9 2 0 10 315 5 368 1466 394 1467
937 9 2 0 10 393 16 15 420 309 1468
938 9 2 0 10 393 15 340 1468 367 1469
939 9 2 0 10 316 315 369 342 1470 1471
940 9 2 0 10 369 315 368 1470 1467 395
941 9 2 0 10 317 316 369 343 1471 1472
942 9 2 0 10 317 371 318 1473 1474 344
943 9 2 0 10 317 369 370 1472 396 1475
944 9 2 0 10 370 371 317 397 1473 1475
945 9 2 0 10 371 319 318 1476 345 1474
946 9 2 0 10 320 319 372 346 1477 1478
947 9 2 0 10 371 372 319 398 1477 1476
948 9 2 0 10 321 320 373 347 1479 1480
949 9 2 0 10 373 320 372 1479 1478 399
950 9 2 0 10 375 322 321 1481 348 1482
951 9 2 0 10 374 321 373 1483 1480 400
952 9 2 0 10 375 321 374 1482 1483 401
953 9 2 0 10 375 323 322 1484 349 1481
954 9 2 0 10 377 324 323 1485 350 1486
955 9 2 0 10 375 376 323 402 1487 1484
956 9 2 0 10 377 323 376 1486 1487 403
957 9 2 0 10 325 324 377 351 1485 1488
958 9 2 0 10 326 325 378 352 1489 1490
959 9 2 0 10 378 325 377 1489 1488 404
960 9 2 0 10 326 380 327 1491 1492 353
961 9 2 0 10 379 326 378 1493 1490 405
962 9 2 0 10 379 380 326 406 1491 1493
963 9 2 0 10 328 327 380 354 1492 1494
964 9 2 0 10 329 328 381 355 1495 1496
965 9 2 0 10 381 328 380 1495 1494 407
966 9 2 0 10 329 383 330 1497 1498 356
967 9 2 0 10 382 329 381 1499 1496 408
968 9 2 0 10 382 383 329 409 1497 1499
969 9 2 0 10 331 330 383 357 1498 1500
970 9 2 0 10 332 331 384 358 1501 1502
971 9 2 0 10 384 331 383 1501 1500 410
972 9 2 0 10 333 332 385 359 1503 1504
973 9 2 0 10 385 332 384 1503 1502 411
974 9 2 0 10 333 387 334 1505 1506 360
975 9 2 0 10 386 333 385 1507 1504 412
976 9 2 0 10 386 387 333 413 1505 1507
977 9 2 0 10 334 388 335 1508 1509 361
978 9 2 0 10 387 388 334 414 1508 1506
979 9 2 0 10 336 335 388 362 1509 1510
980 9 2 0 10 336 390 337 1511 1512 363
981 9 2 0 10 389 336 388 1513 1510 415
982 9 2 0 10 389 390 336 416 1511 1513
983 9 2 0 10 390 338 337 1514 364 1512
984 9 2 0 10 392 339 338 1515 365 1516
985 9 2 0 10 390 391 338 417 1517 1514
986 9 2 0 10 392 338 391 1516 1517 418
987 9 2 0 10 340 339 392 366 1515 1518
988 9 2 0 10 393 340 392 1469 1518 419
989 11 2 0 1 1004 1226 1244 1249 1519 1277 1520 1521 1275 1276
990 11 2 0 1 215 502 503 786 1522 540 1523 837 1524 1525
991 11 2 0 1 492 219 220 45 1526 241 1527 1528 812 811
992 11 2 0 1 1227 317 987 369 1529 1094 1530 1336 1531 1472
993 11 2 0 1 182 181 272 523 202 913 917 1532 1533 1534
994 11 2 0 1 1237 327 1233 380 1535 1536 1348 1314 1335 1492
995 11 2 0 1 329 381 1234 382 1496 1320 1537 1499 1321 408
996 11 2 0 1 26 422 986 20 429 1538 1539 428 1166 430
997 11 2 0 1 373 990 320 321 1540 1075 1479 1480 347 1074
998 11 2 0 1 1259 994 1020 1024 1541 1202 1542 1543 1180 1208
999 11 2 0 1 375 991 322 323 1544 1089 1481 1484 349 1088
1000 11 2 0 1 214 262 263 1247 1545 284 1546 1547 1385 1362
1001 11 2 0 1 997 993 1023 1261 1103 1192 1191 1548 1549 1550
1002 11 2 0 1 226 225 489 274 247 1551 1552 1553 1554 1555
1003 11 2 0 1 270 496 491 528 1556 643 1557 1558 641 642
1004 11 2 0 1 276 505 226 227 1559 1560 1561 1562 248 1563
1005 11 2 0 1 319 371 1229 372 1476 1326 1564 1477 1327 398
1006 11 2 0 1 1009 316 315 369 1141 342 1154 1565 1470 1471
1007 11 2 0 1 1235 1243 995 270 1282 1566 1567 1284 1568 1283
1008 11 2 0 1 187 277 494 525 890 1569 1570 1571 635 1572
1009 11 2 0 1 1262 220 269 1023 1573 1574 1442 1575 1576 1136
1010 11 2 0 1 484 81 80 38 602 101 603 1577 444 447
1011 11 2 0 1 262 503 507 506 1578 544 1579 1580 545 546
1012 11 2 0 1 497 269 221 220 1581 1582 1583 1584 242 1574
1013 11 2 0 1 988 1271 1228 310 1585 1304 1586 1587 1305 1281
1014 11 2 0 1 230 279 278 487 1588 300 1589 1590 1591 1592
1015 11 2 0 1 877 509 508 263 1593 541 1594 898 1595 1596
1016 11 2 0 1 1031 1028 992 1264 1118 1197 1213 1597 1598 1599
1017 11 2 0 1 369 1009 987 1249 1565 1102 1531 1379 1600 1601
1018 11 2 0 1 228 227 53 490 249 824 823 1602 1603 1604
1019 11 2 0 1 98 55 97 791 480 479 118 1605 1606 857
1020 11 2 0 1 82 83 40 482 103 451 448 734 1607 733
1021 11 2 0 1 1240 1007 1247 1227 1608 1609 1343 1355 1364 1610
1022 11 2 0 1 273 274 498 225 295 1611 1612 1613 1614 1555
1023 11 2 0 1 184 135 134 495 775 155 776 1615 587 588
1024 11 2 0 1 1233 326 993 1242 1616 1093 1617 1359 1618 1619
1025 11 2 0 1 514 217 485 520 1620 1621 555 558 559 1622
1026 11 2 0 1 324 377 323 1241 1485 1486 350 1623 1624 1319
1027 11 2 0 1 337 1263 1272 1021 1625 1450 1626 1121 1627 1628
1028 11 2 0 1 1235 1008 384 1248 1629 1630 1418 1401 1421 1631
1029 11 2 0 1 1004 1226 1011 1251 1519 1632 1041 1633 1634 1278
1030 11 2 0 1 514 520 482 216 558 742 720 1635 1636 1637
1031 11 2 0 1 1239 1013 999 990 1638 1219 1639 1640 1112 1218
1032 11 2 0 1 54 793 97 55 818 1641 478 75 479 841
1033 11 2 0 1 338 1255 1263 1015 1642 1373 1643 1128 1644 1645
1034 11 2 0 1 393 996 1027 1236 1646 1217 1647 1367 1648 1649
1035 11 2 0 1 227 52 53 522 832 73 824 1650 1651 1652
1036 11 2 0 1 229 490 54 530 1653 1654 799 1655 1656 640
1037 11 2 0 1 230 487 229 793 1590 1657 251 861 817 1658
1038 11 2 0 1 531 93 489 51 683 608 631 1659 1660 471
1039 11 2 0 1 340 392 339 996 1518 1515 366 1125 1126 1661
1040 11 2 0 1 1255 1012 278 229 1662 1663 1403 1664 1665 1170
1041 11 2 0 1 315 1266 5 1022 1666 1391 1466 1147 1667 1668
1042 11 2 0 1 505 186 525 276 1669 1670 666 1559 1671 914
1043 11 2 0 1 1258 1250 1228 1018 1396 1398 1397 1672 1673 1674
1044 11 2 0 1 1254 272 271 223 1297 293 1298 1675 1676 1677
1045 11 2 0 1 499 223 524 491 1678 1679 645 646 644 1680
1046 11 2 0 1 787 216 520 790 867 1637 1681 874 1682 846
1047 11 2 0 1 214 503 213 785 1683 1684 235 797 798 1685
1048 11 2 0 1 175 176 517 887 196 1686 1687 943 1688 942
1049 11 2 0 1 484 789 506 785 1689 1690 621 1691 1692 805
1050 11 2 0 1 26 986 1226 1011 1539 1693 1408 1694 1632 1042
1051 11 2 0 1 500 38 37 789 1695 58 1696 1697 838 839
1052 11 2 0 1 265 266 217 1256 287 1698 1699 1289 1700 1288
1053 11 2 0 1 530 229 487 793 1655 1657 639 1701 1658 817
1054 11 2 0 1 228 227 276 1021 249 1562 1702 1188 1703 1187
1055 11 2 0 1 490 530 229 494 640 1655 1653 637 1704 638
1056 11 2 0 1 213 212 789 506 234 802 801 1705 1690 1706
1057 11 2 0 1 1266 315 1009 1022 1666 1154 1707 1668 1157 1147
1058 11 2 0 1 20 6 1011 26 424 1708 1176 428 1694 29
1059 11 2 0 1 1013 1245 1253 1239 1709 1461 1710 1638 1458 1439
1060 11 2 0 1 269 179 178 497 906 199 903 1581 1711 1712
1061 11 2 0 1 491 528 130 180 641 687 606 1713 768 1714
1062 11 2 0 1 1014 386 1019 333 1715 1716 1064 1158 1182 1507
1063 11 2 0 1 1229 1245 999 1239 1416 1717 1718 1353 1639 1439
1064 11 2 0 1 484 38 500 789 1577 1695 615 1689 1697 839
1065 11 2 0 1 264 514 509 215 1719 721 1720 1721 1722 1723
1066 11 2 0 1 1017 217 1257 1256 1049 1724 1725 1726 1462 1700
1067 11 2 0 1 991 1231 1269 1030 1727 1431 1728 1201 1729 1730
1068 11 2 0 1 53 228 490 54 823 1602 1603 74 1654 800
1069 11 2 0 1 1020 221 1003 1259 1045 1039 1046 1542 1731 1732
1070 11 2 0 1 517 881 125 175 1733 1734 702 1687 758 948
1071 11 2 0 1 268 267 493 177 289 1735 1736 901 1737 899
1072 11 2 0 1 1013 1005 1245 999 1223 1738 1709 1219 1717 1195
1073 11 2 0 1 52 227 531 522 832 1739 1740 1652 561 1650
1074 11 2 0 1 483 14 163 162 1741 981 707 708 167 979
1075 11 2 0 1 1015 228 1263 1021 1161 1742 1644 1129 1628 1188
1076 11 2 0 1 336 1272 337 390 1743 1626 363 1511 1512 1424
1077 11 2 0 1 996 1236 392 1252 1649 1366 1661 1744 1387 1392
1078 11 2 0 1 264 509 877 263 1720 1593 928 285 898 1596
1079 11 2 0 1 1027 304 15 310 1043 306 1044 1745 983 984
1080 11 2 0 1 533 189 883 882 1746 962 1747 1748 933 946
1081 11 2 0 1 97 793 487 791 1641 1658 595 1606 1749 873
1082 11 2 0 1 97 55 793 791 479 841 1641 1606 873 857
1083 11 2 0 1 886 511 885 281 1750 1751 963 940 953 1752
1084 11 2 0 1 996 279 1236 1252 1753 1446 1649 1744 1392 1412
1085 11 2 0 1 16 1271 1027 310 1280 1754 1755 312 1745 1281
1086 11 2 0 1 1255 338 391 392 1642 1517 1371 1372 418 1516
1087 11 2 0 1 534 139 11 189 716 160 671 1756 746 747
1088 11 2 0 1 230 1012 278 1252 1171 1663 1589 1757 1413 1758
1089 11 2 0 1 16 1027 15 310 1755 1044 309 312 983 1745
1090 11 2 0 1 534 883 189 12 1759 962 1756 1760 210 966
1091 11 2 0 1 524 223 48 222 1679 822 1761 1762 821 244
1092 11 2 0 1 503 786 502 785 1524 1525 540 1685 1763 807
1093 11 2 0 1 340 392 996 393 1518 1661 1125 1469 1646 419
1094 11 2 0 1 1232 992 324 325 1764 1083 1765 1766 351 1082
1095 11 2 0 1 222 47 48 524 820 68 821 1762 1761 1767
1096 11 2 0 1 271 181 180 491 912 201 911 1768 1713 1769
1097 11 2 0 1 85 42 794 43 455 851 1770 454 852 63
1098 11 2 0 1 181 523 491 272 1534 651 1769 913 1771 1533
1099 11 2 0 1 1026 1268 387 1260 1772 1435 1773 1774 1420 1342
1100 11 2 0 1 90 524 47 89 685 1767 464 110 462 689
1101 11 2 0 1 1008 1248 271 1014 1631 1301 1775 1057 1776 1777
1102 11 2 0 1 1008 385 384 1248 1778 411 1630 1631 1421 1422
1103 11 2 0 1 48 90 524 47 465 685 1761 68 1767 464
1104 11 2 0 1 505 276 490 227 1559 1779 664 1563 1604 1562
1105 11 2 0 1 45 87 532 492 458 694 1780 1528 662 591
1106 11 2 0 1 217 1016 1269 218 1169 1781 1782 239 1783 1133
1107 11 2 0 1 16 1271 393 1027 1280 1290 420 1755 1647 1754
1108 11 2 0 1 991 1257 1231 1238 1784 1456 1727 1785 1350 1455
1109 11 2 0 1 484 81 38 39 602 447 1577 1786 59 446
1110 11 2 0 1 214 263 503 509 1546 1787 1683 1788 539 1596
1111 11 2 0 1 503 502 484 785 540 619 618 1685 1691 1763
1112 11 2 0 1 6 3 212 486 423 233 1789 1790 1791 1792
1113 11 2 0 1 500 38 80 37 1695 444 575 1696 445 58
1114 11 2 0 1 50 489 92 93 1793 609 469 470 113 608
1115 11 2 0 1 996 230 279 1252 1205 1588 1753 1744 1412 1757
1116 11 2 0 1 489 226 274 495 1552 1553 1554 632 1794 1795
1117 11 2 0 1 386 1254 385 1014 1400 1399 412 1715 1796 1797
1118 11 2 0 1 886 163 511 483 1798 704 1750 1799 709 707
1119 11 2 0 1 988 1271 1027 1010 1585 1754 1061 1151 1220 1800
1120 11 2 0 1 393 1027 1271 1236 1647 1754 1290 1367 1457 1648
1121 11 2 0 1 339 1012 1255 1015 1142 1662 1801 1127 1645 1143
1122 11 2 0 1 530 490 54 96 640 1654 1656 686 477 610
1123 11 2 0 1 1266 1226 1009 1249 1303 1802 1707 1302 1601 1276
1124 11 2 0 1 98 56 55 791 443 76 480 1605 857 858
1125 11 2 0 1 1235 1008 331 384 1629 1184 1803 1418 1501 1630
1126 11 2 0 1 495 505 185 135 564 1804 1805 588 778 612
1127 11 2 0 1 514 217 265 266 1620 1699 1806 1807 287 1698
1128 11 2 0 1 996 231 1010 1236 1206 1149 1207 1649 1808 1809
1129 11 2 0 1 393 1027 340 15 1647 1050 1469 1468 367 1044
1130 11 2 0 1 230 278 279 1252 1589 300 1588 1757 1412 1413
1131 11 2 0 1 388 1026 1025 1268 1810 1100 1811 1436 1812 1772
1132 11 2 0 1 385 1008 1014 1248 1778 1057 1796 1422 1777 1631
1133 11 2 0 1 388 1026 335 1025 1810 1193 1509 1811 1190 1100
1134 11 2 0 1 274 183 273 498 920 919 295 1611 1612 1813
1135 11 2 0 1 129 178 497 128 764 1711 601 149 600 763
1136 11 2 0 1 45 88 532 87 461 690 1780 458 694 108
1137 11 2 0 1 1031 267 218 1028 1814 1815 1117 1118 1116 1816
1138 11 2 0 1 1028 1265 1002 1264 1817 1818 1196 1599 1819 1464
1139 11 2 0 1 530 487 97 793 639 595 684 1701 1641 1658
1140 11 2 0 1 494 229 278 487 1704 1665 1820 624 1591 1657
1141 11 2 0 1 514 482 215 216 720 1821 1723 1635 237 1636
1142 11 2 0 1 1004 1244 1226 1251 1520 1277 1519 1633 1278 1279
1143 11 2 0 1 1232 992 1002 1264 1764 1107 1822 1429 1819 1598
1144 11 2 0 1 1257 217 266 1256 1724 1698 1293 1462 1288 1700
1145 11 2 0 1 227 53 490 522 824 1603 1604 1650 663 1651
1146 11 2 0 1 310 1027 988 1271 1745 1061 1587 1281 1585 1754
1147 11 2 0 1 988 1271 1010 1250 1585 1800 1151 1823 1824 1460
1148 11 2 0 1 1027 1010 1271 1236 1220 1800 1754 1648 1457 1808
1149 11 2 0 1 32 6 486 3 437 1790 718 435 1792 423
1150 11 2 0 1 279 231 512 487 1825 1826 1827 1592 566 1828
1151 11 2 0 1 512 885 281 280 1829 953 1830 1831 302 952
1152 11 2 0 1 527 178 269 268 1832 903 1833 1834 290 902
1153 11 2 0 1 323 1241 377 376 1624 1319 1486 1487 403 1318
1154 11 2 0 1 1023 1261 993 1029 1549 1550 1192 1132 1210 1835
1155 11 2 0 1 997 1233 1261 1237 1836 1427 1548 1837 1428 1348
1156 11 2 0 1 177 527 268 178 1838 1834 901 198 902 1832
1157 11 2 0 1 185 184 275 495 205 924 921 1805 1839 1615
1158 11 2 0 1 277 186 276 525 915 914 298 1572 1671 1670
1159 11 2 0 1 325 377 1232 378 1488 1324 1766 1489 1325 404
1160 11 2 0 1 1230 1256 998 1238 1437 1840 1841 1356 1842 1438
1161 11 2 0 1 788 789 500 37 854 1697 1843 864 1696 838
1162 11 2 0 1 1004 1226 1009 986 1519 1802 1037 1035 1036 1693
1163 11 2 0 1 227 226 52 531 248 833 832 1739 1740 1844
1164 11 2 0 1 223 1254 1019 1014 1675 1845 1058 1055 1064 1797
1165 11 2 0 1 499 272 491 523 1846 1771 646 650 651 1533
1166 11 2 0 1 54 793 530 97 818 1701 1656 478 684 1641
1167 11 2 0 1 526 50 92 49 1847 469 688 1848 468 70
1168 11 2 0 1 181 131 491 523 770 607 1769 1534 651 692
1169 11 2 0 1 45 492 44 87 1528 1849 65 458 459 591
1170 11 2 0 1 517 519 125 881 556 713 702 1733 1734 1850
1171 11 2 0 1 271 270 491 180 292 1557 1768 911 1713 910
1172 11 2 0 1 385 1008 332 1014 1778 1183 1503 1796 1159 1057
1173 11 2 0 1 6 3 1011 212 423 1033 1708 1789 1034 233
1174 11 2 0 1 1031 992 1232 1264 1213 1764 1851 1597 1429 1598
1175 11 2 0 1 269 492 527 268 1852 629 1833 290 1834 1853
1176 11 2 0 1 331 383 330 995 1500 1498 357 1177 1178 1854
1177 11 2 0 1 1262 1261 997 1023 1465 1548 1855 1575 1191 1549
1178 11 2 0 1 327 997 328 1237 1073 1072 354 1535 1856 1837
1179 11 2 0 1 270 179 269 497 909 906 291 1857 1581 1712
1180 11 2 0 1 534 258 883 12 1858 925 1759 1760 966 260
1181 11 2 0 1 98 792 56 791 1859 871 443 1605 858 842
1182 11 2 0 1 534 189 11 12 1756 746 671 1760 211 210
1183 11 2 0 1 1258 281 1250 1018 1295 1393 1396 1672 1674 1860
1184 11 2 0 1 519 878 265 488 1861 959 1862 741 1863 1864
1185 11 2 0 1 1269 1030 1231 1241 1729 1730 1431 1432 1358 1865
1186 11 2 0 1 218 217 794 485 239 848 847 1866 1867 1621
1187 11 2 0 1 1002 1264 992 1028 1819 1598 1107 1196 1197 1599
1188 11 2 0 1 788 3 32 212 803 435 1868 853 1869 233
1189 11 2 0 1 82 40 502 482 448 1870 583 734 578 1607
1190 11 2 0 1 505 275 226 495 1871 1872 1560 564 1795 1839
1191 11 2 0 1 176 493 517 267 1873 579 1686 900 1874 1735
1192 11 2 0 1 222 221 270 995 243 1875 1876 1047 1568 1038
1193 11 2 0 1 527 178 497 269 1832 1711 660 1833 1581 903
1194 11 2 0 1 327 993 997 1233 1092 1103 1073 1536 1836 1617
1195 11 2 0 1 84 520 485 790 711 559 572 1877 1878 1682
1196 11 2 0 1 280 1250 1010 1236 1394 1824 1879 1445 1808 1447
1197 11 2 0 1 882 188 139 189 947 783 1880 946 747 209
1198 11 2 0 1 79 500 788 515 576 1843 1881 727 1882 740
1199 11 2 0 1 506 261 212 486 1883 1884 1706 675 1791 1885
1200 11 2 0 1 264 509 514 488 1720 721 1719 1886 724 668
1201 11 2 0 1 333 385 1014 386 1504 1796 1158 1507 1715 412
1202 11 2 0 1 493 267 485 517 1735 1887 580 579 557 1874
1203 11 2 0 1 332 384 1008 385 1502 1630 1183 1503 1778 411
1204 11 2 0 1 329 1234 1243 382 1537 1360 1888 1499 1340 1321
1205 11 2 0 1 231 279 280 1236 1825 301 1889 1809 1445 1446
1206 11 2 0 1 16 1027 393 15 1755 1647 420 309 1468 1044
1207 11 2 0 1 988 1228 1250 1018 1586 1398 1823 1152 1674 1673
1208 11 2 0 1 1232 1264 1002 1242 1429 1819 1822 1352 1890 1430
1209 11 2 0 1 329 1243 383 382 1888 1341 1497 1499 409 1340
1210 11 2 0 1 126 176 493 517 760 1873 581 679 579 1686
1211 11 2 0 1 41 787 520 790 860 1681 1891 855 1682 874
1212 11 2 0 1 787 216 482 520 867 1636 1892 1681 742 1637
1213 11 2 0 1 485 266 514 519 1893 1807 555 553 554 1894
1214 11 2 0 1 991 1231 375 1238 1727 1330 1544 1785 1323 1350
1215 11 2 0 1 324 992 1241 1001 1083 1895 1623 1076 1896 1104
1216 11 2 0 1 886 511 163 258 1750 704 1798 926 982 1897
1217 11 2 0 1 161 10 792 9 165 1898 1899 974 875 78
1218 11 2 0 1 13 14 1258 281 973 1294 1900 1901 1295 303
1219 11 2 0 1 886 483 14 163 1799 1741 941 1798 981 707
1220 11 2 0 1 534 11 164 12 671 169 672 1760 976 211
1221 11 2 0 1 220 492 45 532 1527 1528 812 1902 1780 662
1222 11 2 0 1 1013 1253 1245 265 1710 1461 1709 1903 1405 1411
1223 11 2 0 1 41 83 787 40 450 1904 860 61 859 451
1224 11 2 0 1 336 1267 388 1025 1905 1433 1510 1189 1811 1906
1225 11 2 0 1 486 788 212 500 1907 853 1791 676 1908 1843
1226 11 2 0 1 320 372 1239 373 1478 1328 1909 1479 1329 399
1227 11 2 0 1 50 51 489 93 71 1660 1793 470 608 471
1228 11 2 0 1 529 495 184 134 633 1615 1910 681 776 587
1229 11 2 0 1 1017 1016 1257 217 1221 1911 1725 1049 1724 1169
1230 11 2 0 1 324 323 1001 1241 350 1077 1076 1623 1896 1624
1231 11 2 0 1 324 1232 377 1241 1765 1324 1485 1623 1319 1349
1232 11 2 0 1 269 492 497 527 1852 661 1581 1833 660 629
1233 11 2 0 1 217 1257 266 1269 1724 1293 1698 1782 1291 1292
1234 11 2 0 1 1015 1263 338 1021 1644 1643 1128 1129 1120 1628
1235 11 2 0 1 228 227 490 276 249 1604 1602 1702 1779 1562
1236 11 2 0 1 326 378 1242 379 1490 1338 1619 1493 1339 405
1237 11 2 0 1 485 217 267 218 1621 1912 1887 1866 1815 239
1238 11 2 0 1 264 215 509 263 1721 1722 1720 285 1596 1913
1239 11 2 0 1 323 375 1231 376 1484 1330 1914 1487 1331 402
1240 11 2 0 1 486 506 261 507 675 1883 1885 677 1915 545
1241 11 2 0 1 514 215 482 509 1723 1821 720 721 577 1722
1242 11 2 0 1 124 878 174 881 1916 950 756 1917 949 965
1243 11 2 0 1 1004 212 261 1251 1053 1884 1918 1633 1273 1919
1244 11 2 0 1 273 498 183 182 1612 1813 919 918 203 1920
1245 11 2 0 1 498 183 133 529 1813 774 597 656 693 1921
1246 11 2 0 1 223 48 499 524 822 1922 1678 1679 645 1761
1247 11 2 0 1 264 265 514 216 286 1806 1719 1923 1635 1924
1248 11 2 0 1 26 1011 1226 1251 1694 1632 1408 1414 1278 1634
1249 11 2 0 1 1266 368 1009 315 1311 1925 1707 1666 1154 1467
1250 11 2 0 1 2 3 32 788 18 435 436 804 1868 803
1251 11 2 0 1 788 515 32 2 1882 735 1868 804 436 1926
1252 11 2 0 1 54 229 530 793 799 1655 1656 818 1701 817
1253 11 2 0 1 53 54 490 96 74 1654 1603 476 610 477
1254 11 2 0 1 505 525 186 136 666 1670 1669 613 780 699
1255 11 2 0 1 996 393 392 1236 1646 419 1661 1649 1366 1367
1256 11 2 0 1 270 528 497 496 1558 657 1857 1556 654 642
1257 11 2 0 1 1259 1003 1020 994 1731 1046 1542 1541 1202 1115
1258 11 2 0 1 1003 330 329 1243 1098 356 1099 1927 1888 1928
1259 11 2 0 1 1003 1243 329 1234 1927 1888 1099 1929 1537 1360
1260 11 2 0 1 991 998 1257 1238 1105 1930 1784 1785 1455 1842
1261 11 2 0 1 1262 994 997 1237 1931 1109 1855 1448 1837 1932
1262 11 2 0 1 224 49 50 526 826 70 829 1933 1847 1848
1263 11 2 0 1 310 988 305 1228 1587 1164 985 1305 1934 1586
1264 11 2 0 1 996 279 231 1236 1753 1825 1206 1649 1809 1446
1265 11 2 0 1 796 162 161 255 1935 166 1936 836 975 980
1266 11 2 0 1 13 14 281 483 973 303 1901 1937 1938 1741
1267 11 2 0 1 230 487 231 279 1590 1828 252 1588 1825 1592
1268 11 2 0 1 514 265 217 216 1806 1699 1620 1635 238 1924
1269 11 2 0 1 876 504 481 508 1939 620 1940 1941 670 543
1270 11 2 0 1 220 1262 1259 1024 1573 1441 1942 1179 1543 1943
1271 11 2 0 1 517 485 519 266 557 553 556 1944 1894 1893
1272 11 2 0 1 44 218 43 521 808 809 64 1945 1946 1947
1273 11 2 0 1 1014 386 1254 1019 1715 1400 1797 1064 1845 1716
1274 11 2 0 1 26 1226 422 25 1408 1948 429 28 432 1409
1275 11 2 0 1 1266 986 1009 1226 1949 1036 1707 1303 1802 1693
1276 11 2 0 1 219 1265 1261 1029 1950 1381 1951 1131 1835 1952
1277 11 2 0 1 1003 995 270 221 1040 1568 1953 1039 1875 1038
1278 11 2 0 1 995 330 1243 383 1178 1928 1566 1854 1341 1498
1279 11 2 0 1 512 279 513 280 1827 1954 570 1831 1955 301
1280 11 2 0 1 95 96 53 490 116 476 475 611 1603 610
1281 11 2 0 1 484 789 500 506 1689 1697 615 621 667 1690
1282 11 2 0 1 876 877 508 263 897 1594 1941 889 1595 898
1283 11 2 0 1 264 488 265 878 1886 1863 286 958 959 1864
1284 11 2 0 1 1006 215 1246 263 1138 1956 1957 1958 1384 1913
1285 11 2 0 1 219 492 521 44 1526 627 1959 810 1945 1849
1286 11 2 0 1 1032 1021 1272 227 1212 1627 1960 1146 1961 1187
1287 11 2 0 1 526 50 489 92 1847 1793 648 688 609 469
1288 11 2 0 1 219 1264 268 1265 1962 1380 1963 1950 1382 1464
1289 11 2 0 1 1032 1272 1021 337 1960 1627 1212 1185 1121 1626
1290 11 2 0 1 1261 269 268 219 1377 290 1378 1951 1963 1964
1291 11 2 0 1 485 266 217 514 1893 1698 1621 555 1620 1807
1292 11 2 0 1 876 172 481 504 916 1965 1940 1939 620 1966
1293 11 2 0 1 884 279 494 278 954 1967 1968 908 1820 300
1294 11 2 0 1 1004 1011 212 1251 1041 1034 1053 1633 1919 1634
1295 11 2 0 1 375 1238 321 322 1323 1969 1482 1481 348 1970
1296 11 2 0 1 792 255 161 9 834 975 1899 875 974 256
1297 11 2 0 1 1010 1250 1271 1236 1824 1460 1800 1808 1457 1447
1298 11 2 0 1 232 281 1018 1250 1971 1860 1051 1972 1674 1393
1299 11 2 0 1 310 305 311 1228 985 972 313 1305 1407 1934
1300 11 2 0 1 226 225 51 489 247 831 830 1552 1660 1551
1301 11 2 0 1 505 522 531 227 562 561 560 1563 1739 1650
1302 11 2 0 1 1272 276 227 1021 1389 1562 1961 1627 1187 1703
1303 11 2 0 1 278 187 494 884 891 1570 1820 908 1968 907
1304 11 2 0 1 84 485 794 790 572 1867 1973 1877 866 1878
1305 11 2 0 1 315 1266 368 5 1666 1311 1467 1466 394 1391
1306 11 2 0 1 219 267 1028 218 1974 1816 1140 240 1116 1815
1307 11 2 0 1 989 371 319 318 1975 1476 1084 1085 345 1474
1308 11 2 0 1 265 266 881 519 287 937 936 1862 1850 1894
1309 11 2 0 1 1013 216 1245 1005 1172 1976 1709 1223 1738 1168
1310 11 2 0 1 1005 1229 999 989 1977 1718 1195 1174 1108 1978
1311 11 2 0 1 265 217 1017 1256 1699 1049 1979 1289 1726 1700
1312 11 2 0 1 226 51 531 489 830 1659 1844 1552 631 1660
1313 11 2 0 1 223 499 224 273 1678 1980 245 1981 1982 1983
1314 11 2 0 1 336 388 335 1025 1510 1509 362 1189 1190 1811
1315 11 2 0 1 84 794 42 790 1973 851 453 1877 856 866
1316 11 2 0 1 338 390 1263 391 1514 1368 1643 1517 1369 417
1317 11 2 0 1 261 880 501 507 892 1984 1985 1915 625 1986
1318 11 2 0 1 879 120 7 516 1987 744 895 1988 1989 730
1319 11 2 0 1 1266 1249 1009 368 1302 1601 1707 1311 1925 1312
1320 11 2 0 1 33 879 7 516 1990 895 438 736 1989 1988
1321 11 2 0 1 232 231 795 518 253 863 862 1991 1992 1993
1322 11 2 0 1 796 162 510 161 1935 705 1994 1936 706 166
1323 11 2 0 1 1017 1257 998 1256 1725 1930 1198 1726 1840 1462
1324 11 2 0 1 787 215 786 482 868 837 865 1892 1995 1821
1325 11 2 0 1 1227 1004 1249 987 1996 1521 1395 1530 1600 1101
1326 11 2 0 1 878 124 173 488 1916 753 951 1864 1997 732
1327 11 2 0 1 217 1269 266 267 1782 1291 1698 1912 288 1299
1328 11 2 0 1 214 503 785 786 1683 1685 797 806 807 1524
1329 11 2 0 1 33 6 261 486 439 282 1998 719 1885 1790
1330 11 2 0 1 212 506 500 789 1706 667 1908 802 1697 1690
1331 11 2 0 1 486 212 506 500 1791 1706 675 676 667 1908
1332 11 2 0 1 187 186 277 525 207 915 890 1571 1572 1670
1333 11 2 0 1 261 501 880 879 1985 1984 892 944 945 1999
1334 11 2 0 1 32 3 486 212 435 1792 718 1869 1791 233
1335 11 2 0 1 120 501 516 879 573 737 730 1987 1988 1999
1336 11 2 0 1 1017 998 1257 1016 1198 1930 1725 1221 1911 1216
1337 11 2 0 1 532 46 221 496 2000 816 2001 653 2002 2003
1338 11 2 0 1 1013 265 1245 216 1903 1405 1709 1172 1976 1924
1339 11 2 0 1 176 493 127 126 1873 582 759 760 147 581
1340 11 2 0 1 1254 1019 1260 272 1845 2004 1313 1297 1307 2005
1341 11 2 0 1 517 887 266 881 1688 938 1944 1733 937 957
1342 11 2 0 1 991 1001 1231 1030 1113 2006 1727 1201 1730 1200
1343 11 2 0 1 265 216 1017 217 1924 1048 1979 1699 1049 238
1344 11 2 0 1 498 133 183 182 597 774 1813 1920 203 771
1345 11 2 0 1 223 273 1019 272 1981 2007 1058 1677 2005 294
1346 11 2 0 1 1268 225 273 1026 2008 1613 1310 1772 2009 1063
1347 11 2 0 1 226 505 495 531 1560 564 1795 1844 563 560
1348 11 2 0 1 1259 269 221 270 1388 1582 1732 1287 1875 291
1349 11 2 0 1 129 497 179 528 601 1712 766 695 2010 657
1350 11 2 0 1 1262 1023 997 1024 1575 1191 1855 1943 1209 1225
1351 11 2 0 1 994 1237 1234 328 1932 1354 2011 1079 2012 1856
1352 11 2 0 1 329 383 1243 330 1497 1341 1888 356 1928 1498
1353 11 2 0 1 317 1227 987 1000 1529 1530 1094 1091 1110 2013
1354 11 2 0 1 214 263 509 215 1546 1596 1788 236 1722 1913
1355 11 2 0 1 331 1235 383 995 1803 1417 1500 1177 1854 1567
1356 11 2 0 1 324 1232 1241 992 1765 1349 1623 1083 1895 1764
1357 11 2 0 1 1269 1030 1241 1270 1729 1865 1432 1463 1453 2014
1358 11 2 0 1 1031 1232 992 1241 1851 1764 1213 2015 1895 1349
1359 11 2 0 1 1257 991 1231 1269 1784 1727 1456 1292 1431 1728
1360 11 2 0 1 1232 1002 992 325 1822 1107 1764 1766 1082 1097
1361 11 2 0 1 498 132 133 182 596 153 597 1920 771 772
1362 11 2 0 1 274 495 529 489 1794 633 2016 1554 634 632
1363 11 2 0 1 1019 387 1260 1026 2017 1420 2004 1066 1774 1773
1364 11 2 0 1 339 338 1255 392 365 1642 1801 1515 1372 1516
1365 11 2 0 1 1239 1013 990 1253 1638 1218 1640 1458 2018 1710
1366 11 2 0 1 533 883 511 885 1747 2019 673 2020 1751 934
1367 11 2 0 1 321 373 1230 374 1480 1316 2021 1483 1317 400
1368 11 2 0 1 529 183 274 498 1921 920 2016 656 1611 1813
1369 11 2 0 1 121 170 171 501 748 191 750 574 2022 2023
1370 11 2 0 1 170 880 501 879 930 1984 2023 955 1999 945
1371 11 2 0 1 481 122 172 171 594 752 1965 2024 192 749
1372 11 2 0 1 876 877 504 508 897 2025 1939 1941 543 1594
1373 11 2 0 1 481 501 171 880 614 2022 2024 2026 929 1984
1374 11 2 0 1 262 508 876 507 2027 1941 888 1579 2028 548
1375 11 2 0 1 371 1000 318 989 2029 1090 1474 1975 1085 1106
1376 11 2 0 1 178 128 527 497 763 691 1832 1711 660 600
1377 11 2 0 1 269 492 220 497 1852 1527 1574 1581 1584 661
1378 11 2 0 1 183 529 134 133 1921 681 773 774 154 693
1379 11 2 0 1 223 1254 272 1019 1675 1297 1677 1058 2005 1845
1380 11 2 0 1 226 276 227 1272 1561 1562 248 2030 1961 1389
1381 11 2 0 1 181 491 131 180 1769 607 770 201 767 1713
1382 11 2 0 1 229 277 228 490 2031 2032 250 1653 1602 2033
1383 11 2 0 1 274 498 225 489 1611 1614 1555 1554 1551 649
1384 11 2 0 1 505 227 490 522 1563 1604 664 562 663 1650
1385 11 2 0 1 373 990 321 1230 1540 1074 1480 1316 2021 2034
1386 11 2 0 1 375 991 323 1231 1544 1088 1484 1330 1914 1727
1387 11 2 0 1 1262 994 1259 1024 1931 1541 1441 1943 1543 1208
1388 11 2 0 1 492 527 268 493 629 1834 1853 628 1736 630
1389 11 2 0 1 45 532 88 46 1780 690 461 66 460 2000
1390 11 2 0 1 1031 1232 1270 1264 1851 1454 2035 1597 1374 1429
1391 11 2 0 1 532 496 88 46 653 599 690 2000 460 2003
1392 11 2 0 1 1240 989 1229 1246 2036 1978 1351 1345 1370 2037
1393 11 2 0 1 1229 999 372 1239 1718 2038 1327 1353 1328 1639
1394 11 2 0 1 1009 315 368 369 1154 1467 1925 1565 395 1470
1395 11 2 0 1 161 792 796 255 1899 835 1936 975 836 834
1396 11 2 0 1 98 56 792 10 443 871 1859 119 1898 442
1397 11 2 0 1 98 792 518 510 1859 2039 536 537 535 2040
1398 11 2 0 1 339 1015 1255 338 1127 1645 1801 365 1642 1128
1399 11 2 0 1 1015 228 277 1263 1161 2032 2041 1644 1425 1742
1400 11 2 0 1 98 97 487 791 118 595 567 1605 1749 1606
1401 11 2 0 1 884 882 513 279 964 2042 2043 954 1954 960
1402 11 2 0 1 530 229 494 487 1655 1704 638 639 624 1657
1403 11 2 0 1 79 37 500 80 441 1696 576 100 575 445
1404 11 2 0 1 507 262 506 261 1579 1580 545 1915 1883 283
1405 11 2 0 1 484 80 500 38 603 575 615 1577 1695 444
1406 11 2 0 1 484 38 789 785 1577 839 1689 1691 805 840
1407 11 2 0 1 484 39 38 785 1786 59 1577 1691 840 825
1408 11 2 0 1 1009 368 1249 369 1925 1312 1601 1565 1379 395
1409 11 2 0 1 262 876 508 263 888 1941 2027 284 1595 889
1410 11 2 0 1 876 877 172 504 897 905 916 1939 1966 2025
1411 11 2 0 1 1240 1000 1007 1227 2044 1071 1608 1355 1610 2013
1412 11 2 0 1 19 1266 421 25 2045 2046 427 425 426 1443
1413 11 2 0 1 1240 989 1006 1000 2036 1124 2047 2044 1069 1106
1414 11 2 0 1 503 262 507 508 1578 1579 544 547 548 2027
1415 11 2 0 1 214 213 503 262 235 1684 1683 1545 1578 2048
1416 11 2 0 1 503 484 506 785 618 621 546 1685 1692 1691
1417 11 2 0 1 13 162 796 255 978 1935 849 257 836 980
1418 11 2 0 1 988 1250 1010 1018 1823 1824 1151 1152 1153 1674
1419 11 2 0 1 161 792 510 796 1899 2040 706 1936 1994 835
1420 11 2 0 1 495 505 275 185 564 1871 1839 1805 921 1804
1421 11 2 0 1 1267 336 1032 1025 1905 1186 2049 1906 1160 1189
1422 11 2 0 1 1026 224 273 1019 1062 1982 2009 1066 2007 1059
1423 11 2 0 1 529 495 274 184 633 1794 2016 1910 923 1615
1424 11 2 0 1 95 490 53 522 611 1603 475 698 1651 663
1425 11 2 0 1 1272 336 1267 389 1743 1905 1402 1423 1434 1513
1426 11 2 0 1 336 389 1272 390 1513 1423 1743 1511 1424 416
1427 11 2 0 1 50 51 225 489 71 831 828 1793 1551 1660
1428 11 2 0 1 498 132 182 523 596 772 1920 658 1532 696
1429 11 2 0 1 876 508 481 507 1941 670 1940 2028 626 548
1430 11 2 0 1 94 522 95 52 722 698 115 472 474 1652
1431 11 2 0 1 171 501 170 880 2022 2023 191 929 930 1984
1432 11 2 0 1 533 883 885 882 1747 934 2020 1748 935 933
1433 11 2 0 1 505 186 185 136 1669 206 1804 613 777 780
1434 11 2 0 1 94 531 522 52 723 561 722 472 1652 1740
1435 11 2 0 1 230 278 1012 229 1589 1663 1171 251 1170 1665
1436 11 2 0 1 232 280 1250 1010 2050 1394 1972 1150 1824 1879
1437 11 2 0 1 1255 278 277 229 1403 299 1404 1664 2031 1665
1438 11 2 0 1 795 231 791 518 863 869 843 1992 2051 1993
1439 11 2 0 1 86 521 43 85 680 1946 457 106 454 710
1440 11 2 0 1 533 512 513 882 568 570 569 1748 2042 2052
1441 11 2 0 1 788 486 32 515 1907 718 1868 1882 735 739
1442 11 2 0 1 20 6 3 1011 424 423 23 1176 1033 1708
1443 11 2 0 1 788 32 486 212 1868 718 1907 853 1791 1869
1444 11 2 0 1 26 986 422 1226 1539 1538 429 1408 1948 1693
1445 11 2 0 1 516 261 33 879 2053 1998 736 1988 1990 944
1446 11 2 0 1 988 1228 1271 1250 1586 1304 1585 1823 1460 1398
1447 11 2 0 1 338 390 337 1263 1514 1512 364 1643 1625 1368
1448 11 2 0 1 232 1018 1010 1250 1051 1153 1150 1972 1824 1674
1449 11 2 0 1 1232 378 1002 325 1325 2054 1822 1766 1097 1489
1450 11 2 0 1 1269 1030 267 218 1729 2055 1299 1783 1815 1135
1451 11 2 0 1 991 1030 1269 1016 1201 1729 1728 1215 1781 1134
1452 11 2 0 1 325 377 324 1232 1488 1485 351 1766 1765 1324
1453 11 2 0 1 1031 1264 267 1028 1597 1376 1814 1118 1816 1599
1454 11 2 0 1 229 490 228 54 1653 1602 250 799 800 1654
1455 11 2 0 1 229 277 490 494 2031 2033 1653 1704 637 1569
1456 11 2 0 1 333 385 332 1014 1504 1503 359 1158 1159 1796
1457 11 2 0 1 387 1260 386 1019 1420 1419 413 2017 1716 2004
1458 11 2 0 1 261 516 501 879 2053 737 1985 944 1999 1988
1459 11 2 0 1 6 261 212 1251 282 1884 1789 1274 1919 1273
1460 11 2 0 1 212 1251 1011 6 1919 1634 1034 1789 1708 1274
1461 11 2 0 1 261 501 516 486 1985 737 2053 1885 738 678
1462 11 2 0 1 86 521 44 43 680 1945 456 457 64 1946
1463 11 2 0 1 514 265 519 266 1806 1862 554 1807 1894 287
1464 11 2 0 1 987 1227 369 1249 1530 1336 1531 1600 1379 1395
1465 11 2 0 1 1227 317 369 370 1529 1472 1336 1337 396 1475
1466 11 2 0 1 1262 1234 1259 994 1449 1440 1441 1931 1541 2011
1467 11 2 0 1 521 218 493 219 1947 2056 617 1959 2057 240
1468 11 2 0 1 129 528 179 130 695 2010 766 150 765 687
1469 11 2 0 1 221 497 496 270 1583 654 2002 1875 1556 1857
1470 11 2 0 1 269 221 220 1259 1582 242 1574 1388 1942 1732
1471 11 2 0 1 372 999 320 1239 2038 1086 1478 1328 1909 1639
1472 11 2 0 1 878 877 488 173 956 2058 1864 951 1997 904
1473 11 2 0 1 1229 999 319 372 1718 1087 1564 1327 1477 2038
1474 11 2 0 1 125 881 174 175 1734 949 755 758 195 948
1475 11 2 0 1 494 187 137 138 1570 782 589 590 158 781
1476 11 2 0 1 138 188 884 187 784 932 2059 781 907 208
1477 11 2 0 1 494 487 278 279 624 1591 1820 1967 300 1592
1478 11 2 0 1 124 881 125 519 1917 1734 145 712 713 1850
1479 11 2 0 1 216 520 790 217 1637 1682 846 238 845 1622
1480 11 2 0 1 214 262 503 263 1545 1578 1683 1546 1787 284
1481 11 2 0 1 1229 319 999 989 1564 1087 1718 1978 1108 1084
1482 11 2 0 1 502 786 39 785 1525 813 2060 1763 825 807
1483 11 2 0 1 1004 261 1244 1251 1918 1296 1520 1633 1279 1273
1484 11 2 0 1 503 214 509 215 1683 1788 539 1523 1722 236
1485 11 2 0 1 223 273 224 1019 1981 1982 245 1058 1059 2007
1486 11 2 0 1 26 6 1011 1251 29 1708 1694 1414 1634 1274
1487 11 2 0 1 19 1266 1022 421 2045 1668 1203 427 2061 2046
1488 11 2 0 1 187 277 278 494 890 299 891 1570 1820 1569
1489 11 2 0 1 277 278 494 229 299 1820 1569 2031 1704 1665
1490 11 2 0 1 1263 228 276 1021 1742 1702 1426 1628 1703 1188
1491 11 2 0 1 483 13 162 796 1937 978 708 2062 1935 849
1492 11 2 0 1 232 483 512 518 2063 551 2064 1991 549 550
1493 11 2 0 1 483 13 14 162 1937 973 1741 708 979 978
1494 11 2 0 1 222 271 223 1014 2065 1676 244 1054 1055 1776
1495 11 2 0 1 270 221 222 496 1875 243 1876 1556 2066 2002
1496 11 2 0 1 47 524 222 496 1767 1762 820 2067 2066 655
1497 11 2 0 1 1003 329 994 1234 1099 1078 1115 1929 2011 1537
1498 11 2 0 1 491 223 272 499 1680 1677 1771 646 1846 1678
1499 11 2 0 1 89 88 496 46 109 599 598 463 2003 460
1500 11 2 0 1 1235 331 1008 995 1803 1184 1629 1567 1163 1177
1501 11 2 0 1 216 520 217 514 1637 1622 238 1635 1620 558
1502 11 2 0 1 1264 219 267 1028 1962 1974 1376 1599 1816 1140
1503 11 2 0 1 485 217 794 790 1621 848 1867 1878 866 845
1504 11 2 0 1 485 520 217 790 559 1622 1621 1878 845 1682
1505 11 2 0 1 84 42 41 790 453 62 452 1877 855 856
1506 11 2 0 1 519 881 265 878 1850 936 1862 1861 959 965
1507 11 2 0 1 499 91 48 49 604 466 1922 2068 69 467
1508 11 2 0 1 788 212 500 789 853 1908 1843 854 1697 802
1509 11 2 0 1 79 788 500 37 1881 1843 576 441 1696 864
1510 11 2 0 1 177 493 176 267 1737 1873 197 899 900 1735
1511 11 2 0 1 990 1253 1230 1239 2018 1459 2034 1640 1357 1458
1512 11 2 0 1 1013 999 1245 1239 1219 1717 1709 1638 1439 1639
1513 11 2 0 1 265 1256 1017 1253 1289 1726 1979 1411 2069 1410
1514 11 2 0 1 1263 276 1272 1021 1426 1389 1450 1628 1627 1703
1515 11 2 0 1 337 1263 390 1272 1625 1368 1512 1626 1424 1450
1516 11 2 0 1 1263 1021 337 338 1628 1121 1625 1643 364 1120
1517 11 2 0 1 1255 1252 278 1012 1386 1413 1403 1662 1663 1758
1518 11 2 0 1 422 986 19 25 1538 1165 431 432 425 2070
1519 11 2 0 1 422 19 986 20 431 1165 1538 430 1166 22
1520 11 2 0 1 422 25 1226 986 432 1409 1948 1538 1693 2070
1521 11 2 0 1 26 986 1011 20 1539 1042 1694 428 1176 1166
1522 11 2 0 1 331 1235 384 383 1803 1418 1501 1500 410 1417
1523 11 2 0 1 328 380 1237 381 1494 1314 1856 1495 1315 407
1524 11 2 0 1 1028 1265 1029 1002 1817 1952 1224 1196 1211 1818
1525 11 2 0 1 1233 326 1242 379 1616 1619 1359 1334 1339 1493
1526 11 2 0 1 5 1266 421 1022 1391 2046 434 1667 2061 1668
1527 11 2 0 1 486 788 500 515 1907 1843 676 739 740 1882
1528 11 2 0 1 32 2 515 1 436 1926 735 34 728 17
1529 11 2 0 1 230 278 229 487 1589 1665 251 1590 1657 1591
1530 11 2 0 1 232 1250 280 281 1972 1394 2050 1971 302 1393
1531 11 2 0 1 98 487 518 791 567 565 536 1605 2051 1749
1532 11 2 0 1 161 10 510 792 165 743 706 1899 2040 1898
1533 11 2 0 1 1235 995 1243 383 1567 1566 1282 1417 1341 1854
1534 11 2 0 1 991 1257 998 1016 1784 1930 1105 1215 1216 1911
1535 11 2 0 1 375 374 321 1238 401 1483 1482 1323 1969 1322
1536 11 2 0 1 1257 1238 998 1256 1455 1842 1930 1462 1840 1438
1537 11 2 0 1 217 1257 1269 1016 1724 1292 1782 1169 1781 1911
1538 11 2 0 1 176 517 126 175 1686 679 760 196 757 1687
1539 11 2 0 1 1241 1031 1030 1001 2015 1222 1865 1896 1200 1214
1540 11 2 0 1 267 219 268 493 1974 1963 289 1735 1736 2057
1541 11 2 0 1 884 279 513 494 954 1954 2043 1968 623 1967
1542 11 2 0 1 483 510 796 162 552 1994 2062 708 1935 705
1543 11 2 0 1 232 13 483 796 254 1937 2063 850 2062 849
1544 11 2 0 1 6 7 33 879 30 438 439 896 1990 895
1545 11 2 0 1 120 170 501 879 745 2023 573 1987 1999 955
1546 11 2 0 1 261 501 486 507 1985 678 1885 1915 677 625
1547 11 2 0 1 991 1231 1001 323 1727 2006 1113 1088 1077 1914
1548 11 2 0 1 267 1031 1030 1270 1814 1222 2055 1375 2014 2035
1549 11 2 0 1 219 492 493 521 1526 628 2057 1959 617 627
1550 11 2 0 1 219 1023 269 220 1130 1576 1964 241 1574 1136
1551 11 2 0 1 493 218 521 485 2056 1947 617 580 616 1866
1552 11 2 0 1 1258 14 967 311 1294 970 2071 1444 971 314
1553 11 2 0 1 886 14 483 281 941 1741 1799 940 1938 303
1554 11 2 0 1 534 258 12 164 1858 260 1760 672 976 977
1555 11 2 0 1 1006 1246 1247 263 1957 1344 2072 1958 1385 1384
1556 11 2 0 1 1007 262 213 214 2073 2048 1123 1139 235 1545
1557 11 2 0 1 1007 1000 987 1227 1071 1110 1119 1610 1530 2013
1558 11 2 0 1 213 506 789 785 1705 1690 801 798 805 1692
1559 11 2 0 1 1006 1246 215 1005 1957 1956 1138 1175 1167 2074
1560 11 2 0 1 1007 1240 1006 1000 1608 2047 1070 1071 1069 2044
1561 11 2 0 1 502 482 786 215 578 1995 1525 1522 837 1821
1562 11 2 0 1 371 317 318 1000 1473 344 1474 2029 1090 1091
1563 11 2 0 1 533 513 139 882 569 725 717 1748 1880 2042
1564 11 2 0 1 275 276 505 226 297 1559 1871 1872 1560 1561
1565 11 2 0 1 512 280 513 882 1831 1955 570 2052 2042 961
1566 11 2 0 1 525 494 187 137 635 1570 1571 682 782 589
1567 11 2 0 1 189 534 533 883 1756 715 1746 962 1747 1759
1568 11 2 0 1 511 163 258 164 704 982 1897 703 977 168
1569 11 2 0 1 513 882 280 279 2042 961 1955 1954 301 960
1570 11 2 0 1 381 328 1234 1237 1495 2012 1320 1315 1354 1856
1571 11 2 0 1 264 1005 1245 216 2075 1738 1406 1923 1976 1168
1572 11 2 0 1 485 217 266 267 1621 1698 1893 1887 288 1912
1573 11 2 0 1 52 226 51 531 833 830 72 1740 1659 1844
1574 11 2 0 1 276 185 505 186 922 1804 1559 914 1669 206
1575 11 2 0 1 94 93 531 51 114 683 723 473 1659 471
1576 11 2 0 1 1025 1267 274 226 1906 1347 2076 1068 1553 2077
1577 11 2 0 1 33 516 7 8 736 1989 438 36 31 729
1578 11 2 0 1 336 1272 1032 337 1743 1960 1186 363 1185 1626
1579 11 2 0 1 262 876 880 507 888 894 893 1579 1986 2028
1580 11 2 0 1 123 504 173 488 586 2078 754 731 1997 669
1581 11 2 0 1 1247 1227 1007 1244 1364 1610 1609 1363 2079 1365
1582 11 2 0 1 172 173 504 877 193 2078 1966 905 2025 904
1583 11 2 0 1 876 481 880 507 1940 2026 894 2028 1986 626
1584 11 2 0 1 184 183 529 134 204 1921 1910 776 681 773
1585 11 2 0 1 33 32 6 486 35 437 439 719 1790 718
1586 11 2 0 1 339 1012 996 1252 1142 1155 1126 2080 1744 1758
1587 11 2 0 1 1026 387 1268 388 1773 1435 1772 1810 1436 414
1588 11 2 0 1 1254 271 1248 1014 1298 1301 1300 1797 1777 1776
1589 11 2 0 1 1254 223 271 1014 1675 1676 1298 1797 1776 1055
1590 11 2 0 1 1031 1270 1232 1241 2035 1454 1851 2015 1349 1453
1591 11 2 0 1 221 220 532 497 242 1902 2001 1583 652 1584
1592 11 2 0 1 533 189 882 139 1746 946 1748 717 1880 747
1593 11 2 0 1 98 792 510 10 1859 2040 537 119 743 1898
1594 11 2 0 1 1265 1029 219 1028 1952 1131 1950 1817 1140 1224
1595 11 2 0 1 219 1264 1265 1028 1962 1464 1950 1140 1817 1599
1596 11 2 0 1 997 1261 1233 993 1548 1427 1836 1103 1617 1550
1597 11 2 0 1 224 223 49 499 245 827 826 1980 2068 1678
1598 11 2 0 1 223 499 273 272 1678 1983 1981 1677 294 1846
1599 11 2 0 1 1258 967 13 1018 2071 969 1900 1672 1052 2081
1600 11 2 0 1 1258 13 967 14 1900 969 2071 1294 970 973
1601 11 2 0 1 1262 997 994 1024 1855 1109 1931 1943 1208 1209
1602 11 2 0 1 1003 270 995 1243 1953 1568 1040 1927 1566 1283
1603 11 2 0 1 329 381 328 1234 1496 1495 355 1537 2012 1320
1604 11 2 0 1 1259 1243 1003 1234 1286 1927 1731 1440 1929 1360
1605 11 2 0 1 1005 1229 1245 999 1977 1416 1738 1195 1717 1718
1606 11 2 0 1 222 524 223 491 1762 1679 244 2082 1680 644
1607 11 2 0 1 1008 271 222 1014 1775 2065 1056 1057 1054 1776
1608 11 2 0 1 271 1008 1235 1248 1775 1629 1285 1301 1401 1631
1609 11 2 0 1 271 1008 222 1235 1775 1056 2065 1285 2083 1629
1610 11 2 0 1 532 220 492 497 1902 1527 662 652 661 1584
1611 11 2 0 1 491 222 271 223 2082 2065 1768 1680 1676 244
1612 11 2 0 1 217 1269 267 218 1782 1299 1912 239 1815 1783
1613 11 2 0 1 517 266 519 881 1944 1894 556 1733 1850 937
1614 11 2 0 1 1004 1011 1226 986 1041 1632 1519 1035 1693 1042
1615 11 2 0 1 261 1004 1244 213 1918 1520 1296 2084 2085 1065
1616 11 2 0 1 1004 1244 213 1007 1520 2085 1065 1122 1123 2079
1617 11 2 0 1 369 1009 316 987 1565 1141 1471 1531 1095 1102
1618 11 2 0 1 990 1017 998 1256 1199 1198 1111 2086 1840 1726
1619 11 2 0 1 1238 321 1230 374 1969 2021 1356 1322 1317 1483
1620 11 2 0 1 787 482 216 215 1892 1636 867 868 237 1821
1621 11 2 0 1 886 885 511 883 963 1751 1750 927 2019 934
1622 11 2 0 1 511 258 534 164 1897 1858 726 703 672 977
1623 11 2 0 1 882 138 188 884 2087 784 947 964 932 2059
1624 11 2 0 1 513 487 494 279 622 624 623 1954 1967 1592
1625 11 2 0 1 214 1006 1247 263 1137 2072 1547 1546 1385 1958
1626 11 2 0 1 317 370 1227 1000 1475 1337 1529 1091 2013 2088
1627 11 2 0 1 277 228 490 276 2032 1602 2033 298 1779 1702
1628 11 2 0 1 138 494 884 513 590 1968 2059 701 2043 623
1629 11 2 0 1 494 187 138 884 1570 781 590 1968 2059 907
1630 11 2 0 1 264 216 514 215 1923 1635 1719 1721 1723 237
1631 11 2 0 1 264 216 1245 265 1923 1976 1406 286 1405 1924
1632 11 2 0 1 214 1247 1006 1007 1547 2072 1137 1139 1070 1609
1633 11 2 0 1 214 215 1006 263 236 1138 1137 1546 1958 1913
1634 11 2 0 1 264 1005 216 215 2075 1168 1923 1721 237 1167
1635 11 2 0 1 372 999 319 320 2038 1087 1477 1478 346 1086
1636 11 2 0 1 231 280 1010 1236 1889 1879 1149 1809 1808 1445
1637 11 2 0 1 996 279 230 231 1753 1588 1205 1206 252 1825
1638 11 2 0 1 512 513 279 487 570 1954 1827 566 1592 622
1639 11 2 0 1 231 518 487 791 1993 565 1828 869 1749 2051
1640 11 2 0 1 232 1010 231 280 1150 1149 253 2050 1889 1879
1641 11 2 0 1 518 232 510 795 1991 2089 535 1992 2090 862
1642 11 2 0 1 1266 1009 986 1022 1707 1036 1949 1668 1156 1157
1643 11 2 0 1 1266 25 19 986 1443 425 2045 1949 1165 2070
1644 11 2 0 1 1266 986 19 1022 1949 1165 2045 1668 1203 1156
1645 11 2 0 1 1266 986 1226 25 1949 1693 1303 1443 1409 2070
1646 11 2 0 1 990 1230 373 1239 2034 1316 1540 1640 1329 1357
1647 11 2 0 1 84 794 485 85 1973 1867 572 105 571 1770
1648 11 2 0 1 84 794 85 42 1973 1770 105 453 455 851
1649 11 2 0 1 1241 323 1001 1231 1624 1077 1896 1358 2006 1914
1650 11 2 0 1 128 527 177 178 691 1838 762 763 198 1832
1651 11 2 0 1 1231 1241 1030 1001 1358 1865 1730 2006 1200 1896
1652 11 2 0 1 1241 323 1231 376 1624 1914 1358 1318 1331 1487
1653 11 2 0 1 4 421 19 1022 433 427 21 1148 1203 2061
1654 11 2 0 1 4 5 421 1022 24 434 433 1148 2061 1667
1655 11 2 0 1 5 25 421 1266 27 426 434 1391 2046 1443
1656 11 2 0 1 315 5 4 1022 1466 24 341 1147 1148 1667
1657 11 2 0 1 219 1029 1261 1023 1131 1835 1951 1130 1549 1132
1658 11 2 0 1 1252 339 1255 392 2080 1801 1386 1387 1372 1515
1659 11 2 0 1 44 219 492 45 810 1526 1849 65 1528 811
1660 11 2 0 1 521 218 43 794 1947 809 1946 2091 852 847
1661 11 2 0 1 521 43 85 794 1946 454 710 2091 1770 852
1662 11 2 0 1 521 485 218 794 616 1866 1947 2091 847 1867
1663 11 2 0 1 521 85 485 794 710 571 616 2091 1867 1770
1664 11 2 0 1 275 1267 1272 226 1346 1402 1390 1872 2030 2077
1665 11 2 0 1 184 183 274 529 204 920 923 1910 2016 1921
1666 11 2 0 1 1007 262 214 1247 2073 1545 1139 1609 1547 1362
1667 11 2 0 1 274 1268 1025 225 1309 1812 2076 1555 1067 2008
1668 11 2 0 1 121 122 481 171 142 594 593 750 2024 749
1669 11 2 0 1 121 481 501 171 593 614 574 750 2022 2024
1670 11 2 0 1 1020 1259 220 221 1542 1942 1144 1045 242 1732
1671 11 2 0 1 994 1234 329 328 2011 1537 1078 1079 355 2012
1672 11 2 0 1 1259 1020 220 1024 1542 1144 1942 1543 1179 1180
1673 11 2 0 1 1006 989 1246 1005 1124 2037 1957 1175 2074 1174
1674 11 2 0 1 371 1000 989 1240 2029 1106 1975 1333 2036 2044
1675 11 2 0 1 98 518 792 791 536 2039 1859 1605 842 2051
1676 11 2 0 1 56 9 792 10 77 875 871 442 1898 78
1677 11 2 0 1 1269 1030 218 1016 1729 1135 1783 1781 1133 1134
1678 11 2 0 1 517 887 881 175 1688 957 1733 1687 948 943
1679 11 2 0 1 1269 1270 267 1030 1463 1375 1299 1729 2055 2014
1680 11 2 0 1 991 375 322 1238 1544 1481 1089 1785 1970 1323
1681 11 2 0 1 1257 991 1269 1016 1784 1728 1292 1911 1781 1215
1682 11 2 0 1 378 1002 325 326 2054 1097 1489 1490 352 1096
1683 11 2 0 1 997 1237 994 328 1837 1932 1109 1072 1079 1856
1684 11 2 0 1 1262 1024 220 1023 1943 1179 1573 1575 1136 1225
1685 11 2 0 1 86 44 492 87 456 1849 592 107 591 459
1686 11 2 0 1 1003 1243 995 330 1927 1566 1040 1098 1178 1928
1687 11 2 0 1 94 531 52 51 723 1740 472 473 72 1659
1688 11 2 0 1 95 53 52 522 475 73 474 698 1652 1651
1689 11 2 0 1 990 320 999 1239 1075 1086 1112 1640 1639 1909
1690 11 2 0 1 321 1238 998 322 1969 1842 1081 348 1080 1970
1691 11 2 0 1 886 163 14 258 1798 981 941 926 259 982
1692 11 2 0 1 512 885 280 882 1829 952 1831 2052 961 935
1693 11 2 0 1 886 483 511 281 1799 709 1750 940 1752 1938
1694 11 2 0 1 989 371 1229 319 1975 1326 1978 1084 1564 1476
1695 11 2 0 1 264 1246 1005 215 1383 2074 2075 1721 1167 1956
1696 11 2 0 1 264 488 514 265 1886 724 1719 286 1806 1863
1697 11 2 0 1 503 508 509 263 547 541 539 1787 1596 1595
1698 11 2 0 1 386 1254 1019 1260 1400 1845 1716 1419 2004 1313
1699 11 2 0 1 185 275 276 505 921 297 922 1804 1559 1871
1700 11 2 0 1 505 226 227 531 1560 248 1563 560 1739 1844
1701 11 2 0 1 493 127 177 176 582 761 1737 1873 197 759
1702 11 2 0 1 527 493 127 177 630 582 700 1838 761 1737
1703 11 2 0 1 503 506 213 785 546 1705 1684 1685 798 1692
1704 11 2 0 1 219 1265 268 1261 1950 1382 1963 1951 1378 1381
1705 11 2 0 1 1265 1242 1002 1264 1451 1890 1818 1464 1819 1430
1706 11 2 0 1 267 218 493 485 1815 2056 1735 1887 580 1866
1707 11 2 0 1 270 497 269 221 1857 1581 291 1875 1582 1583
1708 11 2 0 1 45 220 532 46 812 1902 1780 66 2000 815
1709 11 2 0 1 326 1242 1002 993 1619 1890 1096 1093 1114 1618
1710 11 2 0 1 502 39 484 785 2060 1786 619 1763 1691 825
1711 11 2 0 1 502 509 482 215 538 577 578 1522 1821 1722
1712 11 2 0 1 215 502 509 503 1522 538 1722 1523 539 540
1713 11 2 0 1 491 130 131 180 606 151 607 1713 767 768
1714 11 2 0 1 990 373 320 1239 1540 1479 1075 1640 1909 1329
1715 11 2 0 1 1237 327 997 1233 1535 1073 1837 1348 1836 1536
1716 11 2 0 1 328 380 327 1237 1494 1492 354 1856 1535 1314
1717 11 2 0 1 527 268 493 177 1834 1736 630 1838 1737 901
1718 11 2 0 1 180 179 270 528 200 909 910 1714 1558 2010
1719 11 2 0 1 994 1003 1234 1259 1115 1929 2011 1541 1440 1731
1720 11 2 0 1 129 178 179 497 764 199 766 601 1712 1711
1721 11 2 0 1 1243 270 1259 1003 1283 1287 1286 1927 1731 1953
1722 11 2 0 1 270 179 497 528 909 1712 1857 1558 657 2010
1723 11 2 0 1 1238 321 998 1230 1969 1081 1842 1356 1841 2021
1724 11 2 0 1 1256 990 1253 1230 2086 2018 1410 1437 1459 2034
1725 11 2 0 1 268 219 269 492 1963 1964 290 1853 1852 1526
1726 11 2 0 1 878 519 124 488 1861 712 1916 1864 732 741
1727 11 2 0 1 517 266 267 485 1944 288 1874 557 1887 1893
1728 11 2 0 1 123 173 124 488 754 753 144 731 732 1997
1729 11 2 0 1 219 268 493 492 1963 1736 2057 1526 628 1853
1730 11 2 0 1 878 519 881 124 1861 1850 965 1916 1917 712
1731 11 2 0 1 121 120 170 501 141 745 748 574 2023 573
1732 11 2 0 1 181 271 272 491 912 293 913 1769 1771 1768
1733 11 2 0 1 387 386 333 1019 413 1507 1505 2017 1182 1716
1734 11 2 0 1 1254 385 1014 1248 1399 1796 1797 1300 1777 1422
1735 11 2 0 1 181 182 132 523 202 772 769 1534 696 1532
1736 11 2 0 1 181 132 131 523 769 152 770 1534 692 696
1737 11 2 0 1 223 48 49 499 822 69 827 1678 2068 1922
1738 11 2 0 1 503 262 508 263 1578 2027 547 1787 1595 284
1739 11 2 0 1 281 1018 1258 13 1860 1672 1295 1901 1900 1052
1740 11 2 0 1 967 1018 305 13 2081 1204 968 969 308 1052
1741 11 2 0 1 262 503 506 213 1578 546 1580 2048 1705 1684
1742 11 2 0 1 225 526 498 224 2092 647 1614 246 2093 1933
1743 11 2 0 1 1267 1272 226 1032 1402 2030 2077 2049 1145 1960
1744 11 2 0 1 232 512 231 518 2064 1826 253 1991 1993 549
1745 11 2 0 1 232 231 512 280 253 1826 2064 2050 1831 1889
1746 11 2 0 1 512 231 518 487 1826 1993 549 566 565 1828
1747 11 2 0 1 279 231 280 512 1825 1889 301 1827 1831 1826
1748 11 2 0 1 327 326 993 1233 353 1093 1092 1536 1617 1616
1749 11 2 0 1 327 380 326 1233 1492 1491 353 1536 1616 1335
1750 11 2 0 1 525 137 187 186 682 782 1571 1670 207 779
1751 11 2 0 1 277 276 1263 228 298 1426 1425 2032 1742 1702
1752 11 2 0 1 1255 277 1015 229 1404 2041 1645 1664 1162 2031
1753 11 2 0 1 521 218 219 44 1947 240 1959 1945 810 808
1754 11 2 0 1 532 221 497 496 2001 1583 652 653 654 2002
1755 11 2 0 1 124 125 881 174 145 1734 1917 756 949 755
1756 11 2 0 1 481 504 172 122 620 1966 1965 594 752 585
1757 11 2 0 1 504 173 488 877 2078 1997 669 2025 2058 904
1758 11 2 0 1 504 877 488 509 2025 2058 669 542 668 1593
1759 11 2 0 1 504 508 877 509 543 1594 2025 542 1593 541
1760 11 2 0 1 511 281 512 885 1752 1830 674 1751 1829 953
1761 11 2 0 1 511 512 281 483 674 1830 1752 709 1938 551
1762 11 2 0 1 1240 1227 370 1000 1355 1337 1332 2044 2088 2013
1763 11 2 0 1 6 261 486 212 282 1885 1790 1789 1791 1884
1764 11 2 0 1 1240 371 1000 370 1333 2029 2044 1332 2088 397
1765 11 2 0 1 1026 273 1260 1019 2009 1306 1774 1066 2004 2007
1766 11 2 0 1 1240 371 1229 989 1333 1326 1351 2036 1978 1975
1767 11 2 0 1 1235 270 222 271 1284 1876 2083 1285 2065 292
1768 11 2 0 1 46 221 220 532 816 242 815 2000 1902 2001
1769 11 2 0 1 90 524 499 48 685 645 605 465 1922 1761
1770 11 2 0 1 222 271 270 491 2065 292 1876 2082 1557 1768
1771 11 2 0 1 270 491 180 528 1557 1713 910 1558 1714 641
1772 11 2 0 1 222 270 496 491 1876 1556 2066 2082 643 1557
1773 11 2 0 1 47 524 496 89 1767 655 2067 462 598 689
1774 11 2 0 1 1026 334 387 388 1194 1506 1773 1810 414 1508
1775 11 2 0 1 1264 219 268 267 1962 1963 1380 1376 289 1974
1776 11 2 0 1 1272 336 1032 1267 1743 1186 1960 1402 2049 1905
1777 11 2 0 1 1268 1025 1267 274 1812 1906 1361 1309 1347 2076
1778 11 2 0 1 1268 1025 225 1026 1812 1067 2008 1772 1063 1100
1779 11 2 0 1 226 275 1267 274 1872 1346 2077 1553 1347 296
1780 11 2 0 1 232 280 512 281 2050 1831 2064 1971 1830 302
1781 11 2 0 1 795 510 792 796 2090 2040 844 872 835 1994
1782 11 2 0 1 795 792 510 518 844 2040 2090 1992 535 2039
1783 11 2 0 1 795 792 518 791 844 2039 1992 843 2051 842
1784 11 2 0 1 82 39 502 40 449 2060 583 448 1870 60
1785 11 2 0 1 502 786 40 39 1525 814 1870 2060 60 813
1786 11 2 0 1 502 484 39 81 619 1786 2060 584 446 602
1787 11 2 0 1 502 482 40 786 578 1607 1870 1525 814 1995
1788 11 2 0 1 526 489 50 225 648 1793 1847 2092 828 1551
1789 11 2 0 1 495 274 275 226 1794 296 1839 1795 1872 1553
1790 11 2 0 1 271 491 223 272 1768 1680 1676 293 1677 1771
1791 11 2 0 1 222 221 47 496 243 819 820 2066 2067 2002
1792 11 2 0 1 222 496 524 491 2066 655 1762 2082 644 643
1793 11 2 0 1 1267 388 1025 1268 1433 1811 1906 1361 1812 1436
1794 11 2 0 1 336 1267 389 388 1905 1434 1513 1510 415 1433
1795 11 2 0 1 218 219 267 493 240 1974 1815 2056 1735 2057
1796 11 2 0 1 387 333 334 1019 1505 360 1506 2017 1181 1182
1797 11 2 0 1 516 261 486 33 2053 1885 738 736 719 1998
1798 11 2 0 1 33 261 6 879 1998 282 439 1990 896 944
1799 11 2 0 1 1262 1234 994 1237 1449 2011 1931 1448 1932 1354
1800 11 2 0 1 1262 1023 269 1261 1575 1576 1442 1465 1377 1549
1801 11 2 0 1 1262 997 1261 1237 1855 1548 1465 1448 1428 1837
1802 11 2 0 1 220 1262 269 1259 1573 1442 1574 1942 1388 1441
1803 11 2 0 1 787 482 83 520 1892 733 1904 1681 714 742
1804 11 2 0 1 41 520 787 83 1891 1681 860 450 1904 714
1805 11 2 0 1 787 786 40 482 865 814 859 1892 1607 1995
1806 11 2 0 1 787 482 40 83 1892 1607 859 1904 451 733
1807 11 2 0 1 882 138 884 513 2087 2059 964 2042 2043 701
1808 11 2 0 1 1255 1015 1012 229 1645 1143 1662 1664 1170 1162
1809 11 2 0 1 1255 1015 277 1263 1645 2041 1404 1373 1425 1644
1810 11 2 0 1 481 507 501 880 626 625 614 2026 1984 1986
1811 11 2 0 1 991 322 998 1238 1089 1080 1105 1785 1842 1970
1812 11 2 0 1 230 231 487 791 252 1828 1590 870 1749 869
1813 11 2 0 1 339 996 392 1252 1126 1661 1515 2080 1387 1744
1814 11 2 0 1 230 487 793 791 1590 1658 861 870 873 1749
1815 11 2 0 1 1252 339 1012 1255 2080 1142 1758 1386 1662 1801
1816 11 2 0 1 138 139 513 882 159 725 701 2087 2042 1880
1817 11 2 0 1 1240 1247 1006 1246 1343 2072 2047 1345 1957 1344
1818 11 2 0 1 138 139 882 188 159 1880 2087 784 947 783
1819 11 2 0 1 261 1004 213 212 1918 1065 2084 1884 234 1053
1820 11 2 0 1 262 506 261 213 1580 1883 283 2048 2084 1705
1821 11 2 0 1 1004 1009 1226 1249 1037 1802 1519 1521 1276 1601
1822 11 2 0 1 261 212 213 506 1884 234 2084 1883 1705 1706
1823 11 2 0 1 1265 993 1233 1261 2094 1617 1452 1381 1427 1550
1824 11 2 0 1 1265 993 1261 1029 2094 1550 1381 1952 1835 1210
1825 11 2 0 1 1265 993 1002 1242 2094 1114 1818 1451 1890 1618
1826 11 2 0 1 1265 1002 993 1029 1818 1114 2094 1952 1210 1211
1827 11 2 0 1 1265 1242 1233 993 1451 1359 1452 2094 1617 1618
1828 11 2 0 1 44 492 521 86 1849 627 1945 456 680 592
1829 11 2 0 1 496 46 47 89 2003 67 2067 598 462 463
1830 11 2 0 1 1007 1240 1247 1006 1608 1343 1609 1070 2072 2047
1831 11 2 0 1 788 79 2 37 1881 440 804 864 57 441
1832 11 2 0 1 876 481 171 880 1940 2024 931 894 929 2026
1833 11 2 0 1 876 171 481 172 931 2024 1940 916 1965 192
1834 11 2 0 1 1232 1002 378 1242 1822 2054 1325 1352 1338 1890
1835 11 2 0 1 1031 1270 267 1264 2035 1375 1814 1597 1376 1374
1836 11 2 0 1 498 273 225 224 1612 1613 1614 2093 246 1982
1837 11 2 0 1 225 226 1025 274 247 1068 1067 1555 2076 1553
1838 11 2 0 1 225 273 1026 224 1613 2009 1063 246 1062 1982
1839 11 2 0 1 185 184 495 135 205 1615 1805 778 588 775
1840 11 2 0 1 225 273 274 1268 1613 295 1555 2008 1309 1310
1841 11 2 0 1 274 529 498 489 2016 656 1611 1554 649 634
1842 11 2 0 1 530 97 96 54 684 117 686 1656 477 478
1843 11 2 0 1 179 130 528 180 765 687 2010 200 1714 768
1844 11 2 0 1 533 511 883 534 673 2019 1747 715 1759 726
1845 11 2 0 1 533 885 512 882 2020 1829 568 1748 2052 935
1846 11 2 0 1 533 885 511 512 2020 1751 673 568 674 1829
1847 11 2 0 1 189 534 139 533 1756 716 747 1746 717 715
1848 11 2 0 1 1004 1007 987 1227 1122 1119 1101 1996 1530 1610
1849 11 2 0 1 1004 1244 1007 1227 1520 2079 1122 1996 1610 1365
1850 11 2 0 1 1272 226 276 275 2030 1561 1389 1390 297 1872
1851 11 2 0 1 1004 1009 1249 987 1037 1601 1521 1101 1600 1102
1852 11 2 0 1 1227 1004 1244 1249 1996 1520 1365 1395 1275 1521
1853 11 2 0 1 46 47 221 496 67 819 816 2003 2002 2067
1854 11 2 0 1 90 48 499 91 465 1922 605 111 604 466
1855 11 2 0 1 219 220 269 492 241 1574 1964 1526 1852 1527
1856 11 2 0 1 1261 269 219 1023 1377 1964 1951 1549 1130 1576
1857 11 2 0 1 221 1003 1259 270 1039 1731 1732 1875 1287 1953
1858 11 2 0 1 82 502 39 81 583 2060 449 102 446 584
1859 11 2 0 1 379 1233 326 380 1334 1616 1493 406 1491 1335
1860 11 2 0 1 378 1002 326 1242 2054 1096 1490 1338 1619 1890
1861 11 2 0 1 1026 1260 273 1268 1774 1306 2009 1772 1310 1342
1862 11 2 0 1 266 267 887 517 288 939 938 1944 1688 1874
1863 11 2 0 1 127 128 527 177 148 691 700 761 1838 762
1864 11 2 0 1 175 517 126 125 1687 679 757 758 146 702
1865 11 2 0 1 264 1246 1245 1005 1383 1415 1406 2075 1738 2074
1866 11 2 0 1 514 488 519 265 724 741 554 1806 1862 1863
1867 11 2 0 1 1013 1253 265 1017 1710 1411 1903 1173 1979 2069
1868 11 2 0 1 1013 1017 265 216 1173 1979 1903 1172 1924 1048
1869 11 2 0 1 990 998 1230 1256 1111 1841 2034 2086 1437 1840
1870 11 2 0 1 225 224 50 526 246 829 828 2092 1847 1933
1871 11 2 0 1 272 498 273 182 2095 1612 294 917 918 1920
1872 11 2 0 1 272 498 182 523 2095 1920 917 1533 1532 658
1873 11 2 0 1 1032 1025 226 1267 1160 1068 1145 2049 2077 1906
1874 11 2 0 1 498 523 272 499 658 1533 2095 659 1846 650
1875 11 2 0 1 499 498 224 273 659 2093 1980 1983 1982 1612
1876 11 2 0 1 499 498 273 272 659 1612 1983 1846 294 2095
1877 11 2 0 1 1019 273 1260 272 2007 1306 2004 2005 1307 294
1878 11 2 0 1 120 8 7 516 140 31 744 730 1989 729
1879 11 2 0 1 879 120 170 7 1987 745 955 895 190 744
1880 11 2 0 1 227 226 1272 1032 248 2030 1961 1146 1960 1145
1881 11 2 0 1 317 369 316 987 1472 1471 343 1094 1095 1531
1882 11 2 0 1 988 1018 305 1228 1152 1204 1164 1586 1934 1673
1883 11 2 0 1 310 988 304 305 1587 1060 984 985 307 1164
1884 11 2 0 1 310 1027 304 988 1745 1043 984 1587 1060 1061
1885 11 2 0 1 264 1246 215 263 1383 1956 1721 285 1913 1384
1886 11 2 0 1 264 488 878 877 1886 1864 958 928 956 2058
1887 11 2 0 1 264 509 488 877 1720 668 1886 928 2058 1593
1888 11 2 0 1 525 136 137 186 699 157 682 1670 779 780
1889 11 2 0 1 525 277 494 490 1572 1569 635 636 637 2033
1890 11 2 0 1 525 277 490 276 1572 2033 636 1671 1779 298
1891 11 2 0 1 1229 1005 1245 1246 1977 1738 1416 1370 1415 2074
1892 11 2 0 1 1229 989 1005 1246 1978 1174 1977 1370 2074 2037
1893 11 2 0 1 1240 1246 1006 989 1345 1957 2047 2036 1124 2037
1894 11 2 0 1 371 370 317 1000 397 1475 1473 2029 1091 2088
1895 11 2 0 1 84 41 520 790 452 1891 711 1877 1682 855
1896 11 2 0 1 262 880 261 507 893 892 283 1579 1915 1986
1897 11 2 0 1 262 213 1244 1007 2048 2085 1308 2073 2079 1123
1898 11 2 0 1 489 531 226 495 631 1844 1552 632 1795 563
1899 11 2 0 1 262 1244 1247 1007 1308 1363 1362 2073 1609 2079
1900 11 2 0 1 503 214 215 786 1683 236 1523 1524 837 806
1901 11 2 0 1 262 1244 213 261 1308 2085 2048 283 2084 1296
1902 11 2 0 1 495 274 184 275 1794 923 1615 1839 924 296
1903 11 2 0 1 1031 1241 992 1001 2015 1895 1213 1214 1104 1896
1904 11 2 0 1 267 1031 218 1030 1814 1117 1815 2055 1135 1222
1905 11 2 0 1 1241 1031 1270 1030 2015 2035 1453 1865 2014 1222
1906 11 2 0 1 996 1010 1027 1236 1207 1220 1217 1649 1648 1808
1907 11 2 0 1 996 1012 230 1252 1155 1171 1205 1744 1757 1758
1908 11 2 0 1 393 996 340 1027 1646 1125 1469 1647 1050 1217
1909 11 2 0 1 176 887 267 517 942 939 900 1686 1874 1688
1910 11 2 0 1 13 232 281 1018 254 1971 1901 1052 1860 1051
1911 11 2 0 1 886 883 511 534 927 2019 1750 2096 726 1759
1912 11 2 0 1 886 534 511 258 2096 726 1750 926 1897 1858
1913 11 2 0 1 886 883 534 258 927 1759 2096 926 1858 925
1914 11 2 0 1 1015 277 228 229 2041 2032 1161 1162 250 2031
1915 11 2 0 1 1258 305 967 1018 2097 968 2071 1672 2081 1204
1916 11 2 0 1 1258 967 305 311 2071 968 2097 1444 972 971
1917 11 2 0 1 1258 311 305 1228 1444 972 2097 1397 1934 1407
1918 11 2 0 1 1258 1228 305 1018 1397 1934 2097 1672 1204 1673
1919 11 2 0 1 878 124 174 173 1916 756 950 951 194 753
1920 11 2 0 1 232 281 512 483 1971 1830 2064 2063 551 1938
1921 11 2 0 1 232 795 796 510 862 872 850 2089 1994 2090
1922 11 2 0 1 518 232 483 510 1991 2063 550 535 552 2089
1923 11 2 0 1 232 796 483 510 850 2062 2063 2089 552 1994
1924 11 2 0 1 13 232 483 281 254 2063 1937 1901 1938 1971
1925 11 2 0 1 1235 222 270 995 2083 1876 1284 1567 1568 1047
1926 11 2 0 1 1235 995 1008 222 1567 1163 1629 2083 1056 1047
1927 11 2 0 1 332 384 331 1008 1502 1501 358 1183 1184 1630
1928 11 2 0 1 788 79 515 2 1881 727 1882 804 1926 440
1929 11 2 0 1 79 515 2 1 727 1926 440 99 17 728
1930 11 2 0 1 123 122 172 504 143 752 751 586 1966 585
1931 11 2 0 1 123 504 172 173 586 1966 751 754 193 2078
1932 11 2 0 1 526 499 224 49 665 1980 1933 1848 826 2068
1933 11 2 0 1 526 91 499 49 697 604 665 1848 2068 467
1934 11 2 0 1 526 224 499 498 1933 1980 665 647 659 2093
1935 11 2 0 1 225 526 489 498 2092 648 1551 1614 649 647
1936 11 2 0 1 526 92 91 49 688 112 697 1848 467 468
1937 11 2 0 1 990 1253 1013 1017 2018 1710 1218 1199 1173 2069
1938 11 2 0 1 1256 990 1017 1253 2086 1199 1726 1410 2069 2018
1939 11 2 0 1 990 321 1230 998 1074 2021 2034 1111 1841 1081
1940 11 2 0 1 505 276 525 490 1559 1671 666 664 636 1779
1941 11 2 0 1 505 185 135 136 1804 778 612 613 156 777
1942 11 2 0 1 1019 387 1026 334 2017 1773 1066 1181 1194 1506
1943 11 2 0 1 1026 335 334 388 1193 361 1194 1810 1508 1509
1944 11 2 0 1 84 520 41 83 711 1891 452 104 450 714
1945 11 2 0 1 338 1255 391 1263 1642 1371 1517 1643 1369 1373
$EndElements
