
                        S T E P       1


                                INCREMENT     1


 displacements (vx,vy,vz) for set TIP_TOP and time  0.5000000E-01

      1991  2.380200E-02 -6.395616E-04 -8.144667E-01
      1992  2.377012E-02 -6.270279E-04 -8.129769E-01
      1995  2.370866E-02 -6.049613E-04 -8.115100E-01
      1998  2.365625E-02 -4.888062E-04 -8.101666E-01
      2000  2.363283E-02 -1.920127E-04 -8.093256E-01
      2002  2.362666E-02 -9.124652E-15 -8.092827E-01
      2004  2.363283E-02  1.920127E-04 -8.093256E-01
      2007  2.365625E-02  4.888062E-04 -8.101666E-01
      2010  2.370866E-02  6.049613E-04 -8.115100E-01
      2013  2.377012E-02  6.270279E-04 -8.129769E-01
      2016  2.380200E-02  6.395616E-04 -8.144667E-01

 forces (fx,fy,fz) for set CLAMP and time  0.5000000E-01

         1  1.265106E+03  1.188285E+03  5.058940E+02
         4  2.285400E+03 -9.524432E-11  1.009927E+03
         5  1.678753E+03  1.813339E+03  2.660725E+00
         8  2.955520E+03 -4.324085E-10  1.014846E+01
         9  1.127137E+03  1.193849E+03 -5.117388E+01
        12  1.967560E+03  1.714374E-10 -9.775672E+01
        13  6.345308E+02  6.623222E+02 -9.613566E+01
        16  1.103642E+03  2.609235E-09 -1.871566E+02
        17  1.518083E+02  1.491149E+02 -1.072449E+02
        20  2.596492E+02 -1.242457E-09 -2.106987E+02
        21 -2.597177E+02 -1.118787E+02 -2.874526E+02
        24 -2.853869E+02  1.404817E-10 -1.345659E+02
        26  1.265106E+03 -1.188285E+03  5.058940E+02
        28  1.678753E+03 -1.813339E+03  2.660725E+00
        30  1.127137E+03 -1.193849E+03 -5.117388E+01
        32  6.345308E+02 -6.623222E+02 -9.613566E+01
        34  1.518083E+02 -1.491149E+02 -1.072449E+02
        36 -2.597177E+02  1.118787E+02 -2.874526E+02
        37 -2.485707E+02 -1.319301E+02 -2.858972E+02
        40 -2.761557E+02 -5.321888E+01 -4.718261E+02
        41 -6.448798E+02 -3.187492E+02 -1.074694E+02
        44 -9.283635E+02 -1.260034E+02 -2.048826E+02
        45 -4.615280E+02 -1.878382E+02  3.576811E+02
        48 -7.806444E+02 -7.293343E+01  6.547901E+02
        50 -2.169177E+02 -5.121577E+01 -4.259451E+02
        52 -8.866276E+02 -1.119344E+02 -2.111709E+02
        54 -8.022112E+02 -6.081694E+01  6.383427E+02
        56 -2.120332E+02 -3.776896E+01 -4.280293E+02
        58 -9.052860E+02 -7.673349E+01 -2.128717E+02
        60 -8.305466E+02 -3.963734E+01  6.531827E+02
        62 -6.368661E+02 -2.957630E+01 -1.367286E+02
        64 -5.819115E+02 -1.434433E+01  4.587617E+02
        66 -3.434901E+02  1.151528E-10 -7.049732E+01
        68 -3.130443E+02  1.311325E-09  2.478826E+02
        70 -6.368661E+02  2.957630E+01 -1.367286E+02
        72 -5.819115E+02  1.434433E+01  4.587617E+02
        74 -2.120332E+02  3.776896E+01 -4.280293E+02
        76 -9.052860E+02  7.673349E+01 -2.128717E+02
        78 -8.305466E+02  3.963734E+01  6.531827E+02
        80 -2.169177E+02  5.121577E+01 -4.259451E+02
        82 -8.866276E+02  1.119344E+02 -2.111709E+02
        84 -8.022112E+02  6.081694E+01  6.383427E+02
        86 -2.761557E+02  5.321888E+01 -4.718261E+02
        88 -9.283635E+02  1.260034E+02 -2.048826E+02
        90 -7.806444E+02  7.293343E+01  6.547901E+02
        92 -2.485707E+02  1.319301E+02 -2.858972E+02
        94 -6.448798E+02  3.187492E+02 -1.074694E+02
        96 -4.615280E+02  1.878382E+02  3.576811E+02

 internal energy (element, energy) for set EALL and time  0.5000000E-01

         1  4.509466E+00
         2  2.079653E+00
         3  8.330319E-01
         4  1.865958E-01
         5  4.541327E-02
         6  4.509466E+00
         7  2.079653E+00
         8  8.330319E-01
         9  1.865958E-01
        10  4.541327E-02
        11  2.686268E-01
        12  4.907727E-01
        13  2.059844E-01
        14  4.216532E-01
        15  1.971203E-01
        16  4.222622E-01
        17  2.077245E-01
        18  4.388997E-01
        19  7.893015E-02
        20  1.640736E-01
        21  7.893015E-02
        22  1.640736E-01
        23  2.077245E-01
        24  4.388997E-01
        25  1.971203E-01
        26  4.222622E-01
        27  2.059844E-01
        28  4.216532E-01
        29  2.686268E-01
        30  4.907727E-01
        31  4.574461E+00
        32  2.596763E+00
        33  1.062945E+00
        34  2.504377E-01
        35  7.421235E-02
        36  4.574461E+00
        37  2.596763E+00
        38  1.062945E+00
        39  2.504377E-01
        40  7.421235E-02
        41  2.279137E-01
        42  4.742766E-01
        43  2.479301E-01
        44  5.005802E-01
        45  2.475733E-01
        46  4.989718E-01
        47  2.633335E-01
        48  5.152452E-01
        49  1.001012E-01
        50  1.913116E-01
        51  1.001012E-01
        52  1.913116E-01
        53  2.633335E-01
        54  5.152452E-01
        55  2.475733E-01
        56  4.989718E-01
        57  2.479301E-01
        58  5.005802E-01
        59  2.279137E-01
        60  4.742766E-01
        61  4.793943E+00
        62  2.717711E+00
        63  1.191310E+00
        64  3.011736E-01
        65  9.879725E-02
        66  4.793943E+00
        67  2.717711E+00
        68  1.191310E+00
        69  3.011736E-01
        70  9.879725E-02
        71  2.427536E-01
        72  4.961179E-01
        73  2.709513E-01
        74  5.335527E-01
        75  2.865871E-01
        76  5.542801E-01
        77  2.994473E-01
        78  5.691844E-01
        79  1.103802E-01
        80  2.089312E-01
        81  1.103802E-01
        82  2.089312E-01
        83  2.994473E-01
        84  5.691844E-01
        85  2.865871E-01
        86  5.542801E-01
        87  2.709513E-01
        88  5.335527E-01
        89  2.427536E-01
        90  4.961179E-01
        91  5.423480E+00
        92  3.033864E+00
        93  1.330166E+00
        94  3.495490E-01
        95  1.227562E-01
        96  5.423480E+00
        97  3.033864E+00
        98  1.330166E+00
        99  3.495490E-01
       100  1.227562E-01
       101  3.074585E-01
       102  5.591001E-01
       103  3.243633E-01
       104  5.831223E-01
       105  3.387596E-01
       106  6.035915E-01
       107  3.469081E-01
       108  6.133323E-01
       109  1.251626E-01
       110  2.224454E-01
       111  1.251626E-01
       112  2.224454E-01
       113  3.469081E-01
       114  6.133323E-01
       115  3.387596E-01
       116  6.035915E-01
       117  3.243633E-01
       118  5.831223E-01
       119  3.074585E-01
       120  5.591001E-01
       121  5.134587E+00
       122  2.837631E+00
       123  1.232695E+00
       124  3.197103E-01
       125  1.076049E-01
       126  5.134587E+00
       127  2.837631E+00
       128  1.232695E+00
       129  3.197103E-01
       130  1.076049E-01
       131  2.991734E-01
       132  5.539391E-01
       133  3.049120E-01
       134  5.624885E-01
       135  3.110482E-01
       136  5.714540E-01
       137  3.165378E-01
       138  5.757314E-01
       139  1.147537E-01
       140  2.085905E-01
       141  1.147537E-01
       142  2.085905E-01
       143  3.165378E-01
       144  5.757314E-01
       145  3.110482E-01
       146  5.714540E-01
       147  3.049120E-01
       148  5.624885E-01
       149  2.991734E-01
       150  5.539391E-01
       151  4.839933E+00
       152  2.667214E+00
       153  1.154296E+00
       154  2.984501E-01
       155  9.924049E-02
       156  4.839933E+00
       157  2.667214E+00
       158  1.154296E+00
       159  2.984501E-01
       160  9.924049E-02
       161  2.858069E-01
       162  5.335955E-01
       163  2.870809E-01
       164  5.343107E-01
       165  2.894428E-01
       166  5.361283E-01
       167  2.935620E-01
       168  5.368741E-01
       169  1.066204E-01
       170  1.943077E-01
       171  1.066204E-01
       172  1.943077E-01
       173  2.935620E-01
       174  5.368741E-01
       175  2.894428E-01
       176  5.361283E-01
       177  2.870809E-01
       178  5.343107E-01
       179  2.858069E-01
       180  5.335955E-01
       181  4.550074E+00
       182  2.507165E+00
       183  1.084867E+00
       184  2.809524E-01
       185  9.353634E-02
       186  4.550074E+00
       187  2.507165E+00
       188  1.084867E+00
       189  2.809524E-01
       190  9.353634E-02
       191  2.696536E-01
       192  5.040682E-01
       193  2.700229E-01
       194  5.028308E-01
       195  2.711739E-01
       196  5.024869E-01
       197  2.745296E-01
       198  5.023588E-01
       199  9.959751E-02
       200  1.817704E-01
       201  9.959751E-02
       202  1.817704E-01
       203  2.745296E-01
       204  5.023588E-01
       205  2.711739E-01
       206  5.024869E-01
       207  2.700229E-01
       208  5.028308E-01
       209  2.696536E-01
       210  5.040682E-01
       211  4.270775E+00
       212  2.353408E+00
       213  1.018869E+00
       214  2.646101E-01
       215  8.865907E-02
       216  4.270775E+00
       217  2.353408E+00
       218  1.018869E+00
       219  2.646101E-01
       220  8.865907E-02
       221  2.531702E-01
       222  4.720896E-01
       223  2.535451E-01
       224  4.711211E-01
       225  2.544147E-01
       226  4.708587E-01
       227  2.575100E-01
       228  4.708425E-01
       229  9.334331E-02
       230  1.703515E-01
       231  9.334331E-02
       232  1.703515E-01
       233  2.575100E-01
       234  4.708425E-01
       235  2.544147E-01
       236  4.708587E-01
       237  2.535451E-01
       238  4.711211E-01
       239  2.531702E-01
       240  4.720896E-01
       241  4.001349E+00
       242  2.205186E+00
       243  9.552660E-01
       244  2.489106E-01
       245  8.415673E-02
       246  4.001349E+00
       247  2.205186E+00
       248  9.552660E-01
       249  2.489106E-01
       250  8.415673E-02
       251  2.370930E-01
       252  4.407519E-01
       253  2.375665E-01
       254  4.403936E-01
       255  2.384125E-01
       256  4.406472E-01
       257  2.414348E-01
       258  4.409461E-01
       259  8.745842E-02
       260  1.595332E-01
       261  8.745842E-02
       262  1.595332E-01
       263  2.414348E-01
       264  4.409461E-01
       265  2.384125E-01
       266  4.406472E-01
       267  2.375665E-01
       268  4.403936E-01
       269  2.370930E-01
       270  4.407519E-01
       271  3.741461E+00
       272  2.062248E+00
       273  8.939247E-01
       274  2.337605E-01
       275  7.983084E-02
       276  3.741461E+00
       277  2.062248E+00
       278  8.939247E-01
       279  2.337605E-01
       280  7.983084E-02
       281  2.216019E-01
       282  4.109555E-01
       283  2.221218E-01
       284  4.110210E-01
       285  2.229741E-01
       286  4.116775E-01
       287  2.259697E-01
       288  4.122300E-01
       289  8.181962E-02
       290  1.491350E-01
       291  8.181962E-02
       292  1.491350E-01
       293  2.259697E-01
       294  4.122300E-01
       295  2.229741E-01
       296  4.116775E-01
       297  2.221218E-01
       298  4.110210E-01
       299  2.216019E-01
       300  4.109555E-01
       301  3.490984E+00
       302  1.924519E+00
       303  8.348186E-01
       304  2.191600E-01
       305  7.565122E-02
       306  3.490984E+00
       307  1.924519E+00
       308  8.348186E-01
       309  2.191600E-01
       310  7.565122E-02
       311  2.066976E-01
       312  3.827374E-01
       313  2.072234E-01
       314  3.830249E-01
       315  2.080714E-01
       316  3.839061E-01
       317  2.110470E-01
       318  3.846018E-01
       319  7.639022E-02
       320  1.391171E-01
       321  7.639022E-02
       322  1.391171E-01
       323  2.110470E-01
       324  3.846018E-01
       325  2.080714E-01
       326  3.839061E-01
       327  2.072234E-01
       328  3.830249E-01
       329  2.066976E-01
       330  3.827374E-01
       331  3.249928E+00
       332  1.791990E+00
       333  7.779540E-01
       334  2.051171E-01
       335  7.161984E-02
       336  3.249928E+00
       337  1.791990E+00
       338  7.779540E-01
       339  2.051171E-01
       340  7.161984E-02
       341  1.923620E-01
       342  3.559294E-01
       343  1.928793E-01
       344  3.563140E-01
       345  1.937167E-01
       346  3.572950E-01
       347  1.966742E-01
       348  3.580518E-01
       349  7.116696E-02
       350  1.294796E-01
       351  7.116696E-02
       352  1.294796E-01
       353  1.966742E-01
       354  3.580518E-01
       355  1.937167E-01
       356  3.572950E-01
       357  1.928793E-01
       358  3.563140E-01
       359  1.923620E-01
       360  3.559294E-01
       361  3.018321E+00
       362  1.664663E+00
       363  7.233304E-01
       364  1.916325E-01
       365  6.774453E-02
       366  3.018321E+00
       367  1.664663E+00
       368  7.233304E-01
       369  1.916325E-01
       370  6.774453E-02
       371  1.785871E-01
       372  3.303700E-01
       373  1.790951E-01
       374  3.307878E-01
       375  1.799225E-01
       376  3.318011E-01
       377  1.828648E-01
       378  3.325743E-01
       379  6.615146E-02
       380  1.202257E-01
       381  6.615146E-02
       382  1.202257E-01
       383  1.828648E-01
       384  3.325743E-01
       385  1.799225E-01
       386  3.318011E-01
       387  1.790951E-01
       388  3.307878E-01
       389  1.785871E-01
       390  3.303700E-01
       391  2.796148E+00
       392  1.542522E+00
       393  6.709362E-01
       394  1.787027E-01
       395  6.402989E-02
       396  2.796148E+00
       397  1.542522E+00
       398  6.709362E-01
       399  1.787027E-01
       400  6.402989E-02
       401  1.653716E-01
       402  3.059477E-01
       403  1.658734E-01
       404  3.063709E-01
       405  1.666939E-01
       406  3.073868E-01
       407  1.696244E-01
       408  3.081572E-01
       409  6.134402E-02
       410  1.113548E-01
       411  6.134402E-02
       412  1.113548E-01
       413  1.696244E-01
       414  3.081572E-01
       415  1.666939E-01
       416  3.073868E-01
       417  1.658734E-01
       418  3.063709E-01
       419  1.653716E-01
       420  3.059477E-01
       421  2.583346E+00
       422  1.425530E+00
       423  6.207534E-01
       424  1.663227E-01
       425  6.047746E-02
       426  2.583346E+00
       427  1.425530E+00
       428  6.207534E-01
       429  1.663227E-01
       430  6.047746E-02
       431  1.527152E-01
       432  2.825957E-01
       433  1.532137E-01
       434  2.830148E-01
       435  1.540302E-01
       436  2.840232E-01
       437  1.569515E-01
       438  2.847855E-01
       439  5.674320E-02
       440  1.028635E-01
       441  5.674320E-02
       442  1.028635E-01
       443  1.569515E-01
       444  2.847855E-01
       445  1.540302E-01
       446  2.840232E-01
       447  1.532137E-01
       448  2.830148E-01
       449  1.527152E-01
       450  2.825957E-01
       451  2.379825E+00
       452  1.313637E+00
       453  5.727599E-01
       454  1.544872E-01
       455  5.708679E-02
       456  2.379825E+00
       457  1.313637E+00
       458  5.727599E-01
       459  1.544872E-01
       460  5.708679E-02
       461  1.406156E-01
       462  2.602763E-01
       463  1.411125E-01
       464  2.606895E-01
       465  1.419267E-01
       466  2.616892E-01
       467  1.448406E-01
       468  2.624438E-01
       469  5.234660E-02
       470  9.474670E-02
       471  5.234660E-02
       472  9.474670E-02
       473  1.448406E-01
       474  2.624438E-01
       475  1.419267E-01
       476  2.616892E-01
       477  1.411125E-01
       478  2.606895E-01
       479  1.406156E-01
       480  2.602763E-01
       481  2.185476E+00
       482  1.206787E+00
       483  5.269318E-01
       484  1.431906E-01
       485  5.385630E-02
       486  2.185476E+00
       487  1.206787E+00
       488  5.269318E-01
       489  1.431906E-01
       490  5.385630E-02
       491  1.290684E-01
       492  2.389676E-01
       493  1.295644E-01
       494  2.393759E-01
       495  1.303772E-01
       496  2.403685E-01
       497  1.332845E-01
       498  2.411174E-01
       499  4.815143E-02
       500  8.699928E-02
       501  4.815143E-02
       502  8.699928E-02
       503  1.332845E-01
       504  2.411174E-01
       505  1.303772E-01
       506  2.403685E-01
       507  1.295644E-01
       508  2.393759E-01
       509  1.290684E-01
       510  2.389676E-01
       511  2.000186E+00
       512  1.104918E+00
       513  4.832436E-01
       514  1.324267E-01
       515  5.078376E-02
       516  2.000186E+00
       517  1.104918E+00
       518  4.832436E-01
       519  1.324267E-01
       520  5.078376E-02
       521  1.180673E-01
       522  2.186550E-01
       523  1.185627E-01
       524  2.190599E-01
       525  1.193744E-01
       526  2.200474E-01
       527  1.222755E-01
       528  2.207924E-01
       529  4.415483E-02
       530  7.961607E-02
       531  4.415483E-02
       532  7.961607E-02
       533  1.222755E-01
       534  2.207924E-01
       535  1.193744E-01
       536  2.200474E-01
       537  1.185627E-01
       538  2.190599E-01
       539  1.180673E-01
       540  2.186550E-01
       541  1.823843E+00
       542  1.007971E+00
       543  4.416695E-01
       544  1.221887E-01
       545  4.786664E-02
       546  1.823843E+00
       547  1.007971E+00
       548  4.416695E-01
       549  1.221887E-01
       550  4.786664E-02
       551  1.076054E-01
       552  1.993269E-01
       553  1.081003E-01
       554  1.997296E-01
       555  1.089109E-01
       556  2.007133E-01
       557  1.118060E-01
       558  2.014557E-01
       559  4.035402E-02
       560  7.259210E-02
       561  4.035402E-02
       562  7.259210E-02
       563  1.118060E-01
       564  2.014557E-01
       565  1.089109E-01
       566  2.007133E-01
       567  1.081003E-01
       568  1.997296E-01
       569  1.076054E-01
       570  1.993269E-01
       571  1.656336E+00
       572  9.158850E-01
       573  4.021835E-01
       574  1.124699E-01
       575  4.510226E-02
       576  1.656336E+00
       577  9.158850E-01
       578  4.021835E-01
       579  1.124699E-01
       580  4.510226E-02
       581  9.767556E-02
       582  1.809722E-01
       583  9.816983E-02
       584  1.813733E-01
       585  9.897936E-02
       586  1.823540E-01
       587  1.018684E-01
       588  1.830944E-01
       589  3.674625E-02
       590  6.592259E-02
       591  3.674625E-02
       592  6.592259E-02
       593  1.018684E-01
       594  1.830944E-01
       595  9.897936E-02
       596  1.823540E-01
       597  9.816983E-02
       598  1.813733E-01
       599  9.767556E-02
       600  1.809722E-01
       601  1.497556E+00
       602  8.285997E-01
       603  3.647597E-01
       604  1.032634E-01
       605  4.248790E-02
       606  1.497556E+00
       607  8.285997E-01
       608  3.647597E-01
       609  1.032634E-01
       610  4.248790E-02
       611  8.827044E-02
       612  1.635798E-01
       613  8.876408E-02
       614  1.639794E-01
       615  8.957242E-02
       616  1.649575E-01
       617  9.245529E-02
       618  1.656959E-01
       619  3.332888E-02
       620  5.960292E-02
       621  3.332888E-02
       622  5.960292E-02
       623  9.245529E-02
       624  1.656959E-01
       625  8.957242E-02
       626  1.649575E-01
       627  8.876408E-02
       628  1.639794E-01
       629  8.827044E-02
       630  1.635798E-01
       631  1.347398E+00
       632  7.460567E-01
       633  3.293728E-01
       634  9.456226E-02
       635  4.002084E-02
       636  1.347398E+00
       637  7.460567E-01
       638  3.293728E-01
       639  9.456226E-02
       640  4.002084E-02
       641  7.938297E-02
       642  1.471381E-01
       643  7.987591E-02
       644  1.475362E-01
       645  8.068295E-02
       646  1.485114E-01
       647  8.355957E-02
       648  1.492480E-01
       649  3.009928E-02
       650  5.362853E-02
       651  3.009928E-02
       652  5.362853E-02
       653  8.355957E-02
       654  1.492480E-01
       655  8.068295E-02
       656  1.485114E-01
       657  7.987591E-02
       658  1.475362E-01
       659  7.938297E-02
       660  1.471381E-01
       661  1.205756E+00
       662  6.681985E-01
       663  2.959973E-01
       664  8.635943E-02
       665  3.769830E-02
       666  1.205756E+00
       667  6.681985E-01
       668  2.959973E-01
       669  8.635943E-02
       670  3.769830E-02
       671  7.100632E-02
       672  1.316347E-01
       673  7.149844E-02
       674  1.320313E-01
       675  7.230398E-02
       676  1.330037E-01
       677  7.517414E-02
       678  1.337382E-01
       679  2.705489E-02
       680  4.799497E-02
       681  2.705489E-02
       682  4.799497E-02
       683  7.517414E-02
       684  1.337382E-01
       685  7.230398E-02
       686  1.330037E-01
       687  7.149844E-02
       688  1.320313E-01
       689  7.100632E-02
       690  1.316347E-01
       691  1.072528E+00
       692  5.949686E-01
       693  2.646085E-01
       694  7.864792E-02
       695  3.551750E-02
       696  1.072528E+00
       697  5.949686E-01
       698  2.646085E-01
       699  7.864792E-02
       700  3.551750E-02
       701  6.313393E-02
       702  1.170565E-01
       703  6.362495E-02
       704  1.174520E-01
       705  6.442868E-02
       706  1.184219E-01
       707  6.729207E-02
       708  1.191545E-01
       709  2.419321E-02
       710  4.269784E-02
       711  2.419321E-02
       712  4.269784E-02
       713  6.729207E-02
       714  1.191545E-01
       715  6.442868E-02
       716  1.184219E-01
       717  6.362495E-02
       718  1.174520E-01
       719  6.313393E-02
       720  1.170565E-01
       721  9.476163E-01
       722  5.263117E-01
       723  2.351816E-01
       724  7.142053E-02
       725  3.347561E-02
       726  9.476163E-01
       727  5.263117E-01
       728  2.351816E-01
       729  7.142053E-02
       730  3.347561E-02
       731  5.575951E-02
       732  1.033891E-01
       733  5.624889E-02
       734  1.037849E-01
       735  5.705034E-02
       736  1.047536E-01
       737  5.990657E-02
       738  1.054849E-01
       739  2.151181E-02
       740  3.773290E-02
       741  2.151181E-02
       742  3.773290E-02
       743  5.990657E-02
       744  1.054849E-01
       745  5.705034E-02
       746  1.047536E-01
       747  5.624889E-02
       748  1.037849E-01
       749  5.575951E-02
       750  1.033891E-01
       751  8.309241E-01
       752  4.621739E-01
       753  2.076918E-01
       754  6.466978E-02
       755  3.156987E-02
       756  8.309241E-01
       757  4.621739E-01
       758  2.076918E-01
       759  6.466978E-02
       760  3.156987E-02
       761  4.887694E-02
       762  9.061679E-02
       763  4.936374E-02
       764  9.101577E-02
       765  5.016228E-02
       766  9.198628E-02
       767  5.301106E-02
       768  9.271796E-02
       769  1.900843E-02
       770  3.309606E-02
       771  1.900843E-02
       772  3.309606E-02
       773  5.301106E-02
       774  9.271796E-02
       775  5.016228E-02
       776  9.198628E-02
       777  4.936374E-02
       778  9.101577E-02
       779  4.887694E-02
       780  9.061679E-02
       781  7.223607E-01
       782  4.025025E-01
       783  1.821144E-01
       784  5.838795E-02
       785  2.979790E-02
       786  7.223607E-01
       787  4.025025E-01
       788  1.821144E-01
       789  5.838795E-02
       790  2.979790E-02
       791  4.248000E-02
       792  7.872230E-02
       793  4.296277E-02
       794  7.912997E-02
       795  4.375775E-02
       796  8.010789E-02
       797  4.659921E-02
       798  8.084314E-02
       799  1.668107E-02
       800  2.878359E-02
       801  1.668107E-02
       802  2.878359E-02
       803  4.659921E-02
       804  8.084314E-02
       805  4.375775E-02
       806  8.010789E-02
       807  4.296277E-02
       808  7.912997E-02
       809  4.248000E-02
       810  7.872230E-02
       811  6.218388E-01
       812  3.472455E-01
       813  1.584242E-01
       814  5.256740E-02
       815  2.815826E-02
       816  6.218388E-01
       817  3.472455E-01
       818  1.584242E-01
       819  5.256740E-02
       820  2.815826E-02
       821  3.656174E-02
       822  6.768863E-02
       823  3.703861E-02
       824  6.811337E-02
       825  3.782968E-02
       826  6.910743E-02
       827  4.066507E-02
       828  6.985119E-02
       829  1.452806E-02
       830  2.479214E-02
       831  1.452806E-02
       832  2.479214E-02
       833  4.066507E-02
       834  6.985119E-02
       835  3.782968E-02
       836  6.910743E-02
       837  3.703861E-02
       838  6.811337E-02
       839  3.656174E-02
       840  6.768863E-02
       841  5.292729E-01
       842  2.963504E-01
       843  1.365959E-01
       844  4.720158E-02
       845  2.665161E-02
       846  5.292729E-01
       847  2.963504E-01
       848  1.365959E-01
       849  4.720158E-02
       850  2.665161E-02
       851  3.111363E-02
       852  5.750223E-02
       853  3.158270E-02
       854  5.795471E-02
       855  3.237050E-02
       856  5.897621E-02
       857  3.520322E-02
       858  5.973487E-02
       859  1.254817E-02
       860  2.111892E-02
       861  1.254817E-02
       862  2.111892E-02
       863  3.520322E-02
       864  5.973487E-02
       865  3.237050E-02
       866  5.897621E-02
       867  3.158270E-02
       868  5.795471E-02
       869  3.111363E-02
       870  5.750223E-02
       871  4.445736E-01
       872  2.497619E-01
       873  1.166052E-01
       874  4.228707E-02
       875  2.528259E-02
       876  4.445736E-01
       877  2.497619E-01
       878  1.166052E-01
       879  4.228707E-02
       880  2.528259E-02
       881  2.612435E-02
       882  4.815938E-02
       883  2.658473E-02
       884  4.864953E-02
       885  2.737198E-02
       886  4.970957E-02
       887  3.020912E-02
       888  5.048937E-02
       889  1.074056E-02
       890  1.776162E-02
       891  1.074056E-02
       892  1.776162E-02
       893  3.020912E-02
       894  5.048937E-02
       895  2.737198E-02
       896  4.970957E-02
       897  2.658473E-02
       898  4.864953E-02
       899  2.612435E-02
       900  4.815938E-02
       901  3.676368E-01
       902  2.074188E-01
       903  9.842987E-02
       904  3.782713E-02
       905  2.406265E-02
       906  3.676368E-01
       907  2.074188E-01
       908  9.842987E-02
       909  3.782713E-02
       910  2.406265E-02
       911  2.157852E-02
       912  3.967549E-02
       913  2.203242E-02
       914  4.020543E-02
       915  2.282564E-02
       916  4.130835E-02
       917  2.567985E-02
       918  4.211204E-02
       919  9.104531E-03
       920  1.471823E-02
       921  9.104531E-03
       922  1.471823E-02
       923  2.567985E-02
       924  4.211204E-02
       925  2.282564E-02
       926  4.130835E-02
       927  2.203242E-02
       928  4.020543E-02
       929  2.157852E-02
       930  3.967549E-02
       931  2.983306E-01
       932  1.692507E-01
       933  8.205316E-02
       934  3.383664E-02
       935  2.301381E-02
       936  2.983306E-01
       937  1.692507E-01
       938  8.205316E-02
       939  3.383664E-02
       940  2.301381E-02
       941  1.745620E-02
       942  3.209523E-02
       943  1.791254E-02
       944  3.264647E-02
       945  1.872442E-02
       946  3.377860E-02
       947  2.161591E-02
       948  3.460045E-02
       949  7.638927E-03
       950  1.198651E-02
       951  7.638927E-03
       952  1.198651E-02
       953  2.161591E-02
       954  3.460045E-02
       955  1.872442E-02
       956  3.377860E-02
       957  1.791254E-02
       958  3.264647E-02
       959  1.745620E-02
       960  3.209523E-02
       961  2.364811E-01
       962  1.351777E-01
       963  6.746980E-02
       964  3.034791E-02
       965  2.217121E-02
       966  2.364811E-01
       967  1.351777E-01
       968  6.746980E-02
       969  3.034791E-02
       970  2.217121E-02
       971  1.373568E-02
       972  2.549829E-02
       973  1.421531E-02
       974  2.601267E-02
       975  1.506711E-02
       976  2.712656E-02
       977  1.802379E-02
       978  2.794688E-02
       979  6.341019E-03
       980  9.562703E-03
       981  6.341019E-03
       982  9.562703E-03
       983  1.802379E-02
       984  2.794688E-02
       985  1.506711E-02
       986  2.712656E-02
       987  1.421531E-02
       988  2.601267E-02
       989  1.373568E-02
       990  2.549829E-02
       991  1.818628E-01
       992  1.051202E-01
       993  5.469962E-02
       994  2.741448E-02
       995  2.157753E-02
       996  1.818628E-01
       997  1.051202E-01
       998  5.469962E-02
       999  2.741448E-02
      1000  2.157753E-02
      1001  1.040906E-02
      1002  1.999590E-02
      1003  1.094998E-02
      1004  2.035110E-02
      1005  1.186963E-02
      1006  2.134597E-02
      1007  1.491782E-02
      1008  2.212594E-02
      1009  5.204542E-03
      1010  7.438186E-03
      1011  5.204542E-03
      1012  7.438186E-03
      1013  1.491782E-02
      1014  2.212594E-02
      1015  1.186963E-02
      1016  2.134597E-02
      1017  1.094998E-02
      1018  2.035110E-02
      1019  1.040906E-02
      1020  1.999590E-02
      1021  1.341927E-01
      1022  7.903095E-02
      1023  4.381658E-02
      1024  2.510476E-02
      1025  2.125142E-02
      1026  1.341927E-01
      1027  7.903095E-02
      1028  4.381658E-02
      1029  2.510476E-02
      1030  2.125142E-02
      1031  7.541281E-03
      1032  1.572389E-02
      1033  8.194035E-03
      1034  1.570582E-02
      1035  9.194092E-03
      1036  1.640238E-02
      1037  1.231967E-02
      1038  1.707709E-02
      1039  4.216263E-03
      1040  5.594004E-03
      1041  4.216263E-03
      1042  5.594004E-03
      1043  1.231967E-02
      1044  1.707709E-02
      1045  9.194092E-03
      1046  1.640238E-02
      1047  8.194035E-03
      1048  1.570582E-02
      1049  7.541281E-03
      1050  1.572389E-02
      1051  9.314534E-02
      1052  5.696305E-02
      1053  3.498332E-02
      1054  2.347205E-02
      1055  2.110880E-02
      1056  9.314534E-02
      1057  5.696305E-02
      1058  3.498332E-02
      1059  2.347205E-02
      1060  2.110880E-02
      1061  5.436298E-03
      1062  1.287615E-02
      1063  6.231212E-03
      1064  1.215110E-02
      1065  7.233289E-03
      1066  1.225431E-02
      1067  1.028455E-02
      1068  1.271340E-02
      1069  3.353153E-03
      1070  4.002701E-03
      1071  3.353153E-03
      1072  4.002701E-03
      1073  1.028455E-02
      1074  1.271340E-02
      1075  7.233289E-03
      1076  1.225431E-02
      1077  6.231212E-03
      1078  1.215110E-02
      1079  5.436298E-03
      1080  1.287615E-02
      1081  5.847536E-02
      1082  3.910998E-02
      1083  2.839637E-02
      1084  2.246904E-02
      1085  2.090988E-02
      1086  5.847536E-02
      1087  3.910998E-02
      1088  2.839637E-02
      1089  2.246904E-02
      1090  2.090988E-02
      1091  4.961363E-03
      1092  1.178167E-02
      1093  5.843185E-03
      1094  9.952156E-03
      1095  6.528831E-03
      1096  9.041928E-03
      1097  9.101656E-03
      1098  9.117123E-03
      1099  2.587006E-03
      1100  2.708521E-03
      1101  2.587006E-03
      1102  2.708521E-03
      1103  9.101656E-03
      1104  9.117123E-03
      1105  6.528831E-03
      1106  9.041928E-03
      1107  5.843185E-03
      1108  9.952156E-03
      1109  4.961363E-03
      1110  1.178167E-02
      1111  3.062683E-02
      1112  2.557137E-02
      1113  2.389789E-02
      1114  2.195521E-02
      1115  2.050579E-02
      1116  3.062683E-02
      1117  2.557137E-02
      1118  2.389789E-02
      1119  2.195521E-02
      1120  2.050579E-02
      1121  7.521398E-03
      1122  1.279033E-02
      1123  8.501639E-03
      1124  9.862394E-03
      1125  8.463466E-03
      1126  7.757557E-03
      1127  1.025056E-02
      1128  7.367873E-03
      1129  1.971852E-03
      1130  2.207893E-03
      1131  1.971852E-03
      1132  2.207893E-03
      1133  1.025056E-02
      1134  7.367873E-03
      1135  8.463466E-03
      1136  7.757557E-03
      1137  8.501639E-03
      1138  9.862394E-03
      1139  7.521398E-03
      1140  1.279033E-02
      1141  1.128858E-02
      1142  1.527230E-02
      1143  1.986094E-02
      1144  2.181793E-02
      1145  2.119789E-02
      1146  1.128858E-02
      1147  1.527230E-02
      1148  1.986094E-02
      1149  2.181793E-02
      1150  2.119789E-02
      1151  1.265977E-02
      1152  1.460107E-02
      1153  1.453752E-02
      1154  1.214614E-02
      1155  1.497880E-02
      1156  1.097144E-02
      1157  1.899120E-02
      1158  1.217042E-02
      1159  1.769602E-03
      1160  5.066948E-03
      1161  1.769602E-03
      1162  5.066948E-03
      1163  1.899120E-02
      1164  1.217042E-02
      1165  1.497880E-02
      1166  1.097144E-02
      1167  1.453752E-02
      1168  1.214614E-02
      1169  1.265977E-02
      1170  1.460107E-02
      1171  2.125039E-03
      1172  6.705556E-03
      1173  1.391953E-02
      1174  2.294763E-02
      1175  3.360749E-02
      1176  2.125039E-03
      1177  6.705556E-03
      1178  1.391953E-02
      1179  2.294763E-02
      1180  3.360749E-02
      1181  1.509697E-02
      1182  1.398693E-02
      1183  1.880944E-02
      1184  1.413186E-02
      1185  2.594083E-02
      1186  2.088269E-02
      1187  5.805761E-02
      1188  4.312543E-02
      1189  3.614820E-03
      1190  2.697666E-02
      1191  3.614820E-03
      1192  2.697666E-02
      1193  5.805761E-02
      1194  4.312543E-02
      1195  2.594083E-02
      1196  2.088269E-02
      1197  1.880944E-02
      1198  1.413186E-02
      1199  1.509697E-02
      1200  1.398693E-02
      1201  1.792931E-05
      1202  4.069253E-04
      1203  2.230290E-03
      1204  9.430259E-03
      1205  2.611003E-02
      1206  1.792931E-05
      1207  4.069253E-04
      1208  2.230290E-03
      1209  9.430259E-03
      1210  2.611003E-02
      1211  5.827983E-03
      1212  8.599321E-03
      1213  8.232900E-03
      1214  8.369315E-03
      1215  1.510664E-02
      1216  1.883227E-02
      1217  5.913680E-02
      1218  5.260013E-02
      1219  4.822826E-03
      1220  3.900293E-02
      1221  4.822826E-03
      1222  3.900293E-02
      1223  5.913680E-02
      1224  5.260013E-02
      1225  1.510664E-02
      1226  1.883227E-02
      1227  8.232900E-03
      1228  8.369315E-03
      1229  5.827983E-03
      1230  8.599321E-03

                                INCREMENT     2


 displacements (vx,vy,vz) for set TIP_TOP and time  0.1000000E+00

      1991  4.720751E-02 -1.278872E-03 -1.628910E+00
      1992  4.714549E-02 -1.253907E-03 -1.625930E+00
      1995  4.702437E-02 -1.209864E-03 -1.622996E+00
      1998  4.692119E-02 -9.776217E-04 -1.620309E+00
      2000  4.687542E-02 -3.840425E-04 -1.618627E+00
      2002  4.686317E-02 -3.313923E-14 -1.618541E+00
      2004  4.687542E-02  3.840425E-04 -1.618627E+00
      2007  4.692119E-02  9.776217E-04 -1.620309E+00
      2010  4.702437E-02  1.209864E-03 -1.622996E+00
      2013  4.714549E-02  1.253907E-03 -1.625930E+00
      2016  4.720751E-02  1.278872E-03 -1.628910E+00

 forces (fx,fy,fz) for set CLAMP and time  0.1000000E+00

         1  2.530265E+03  2.376357E+03  1.011664E+03
         4  4.570829E+03  2.643874E-12  2.019614E+03
         5  3.357526E+03  3.626395E+03  5.248848E+00
         8  5.910980E+03  3.130301E-11  2.016270E+01
         9  2.254267E+03  2.387540E+03 -1.024151E+02
        12  3.935060E+03  9.018645E-11 -1.956419E+02
        13  1.269042E+03  1.324562E+03 -1.923191E+02
        16  2.207229E+03 -1.277613E-09 -3.744055E+02
        17  3.036025E+02  2.981949E+02 -2.145166E+02
        20  5.192640E+02  1.017665E-09 -4.214499E+02
        21 -5.194303E+02 -2.237723E+02 -5.749164E+02
        24 -5.707719E+02  6.895543E-09 -2.691519E+02
        26  2.530265E+03 -2.376357E+03  1.011664E+03
        28  3.357526E+03 -3.626395E+03  5.248848E+00
        30  2.254267E+03 -2.387540E+03 -1.024151E+02
        32  1.269042E+03 -1.324562E+03 -1.923191E+02
        34  3.036025E+02 -2.981949E+02 -2.145166E+02
        36 -5.194303E+02  2.237723E+02 -5.749164E+02
        37 -4.968250E+02 -2.638361E+02 -5.716774E+02
        40 -5.518123E+02 -1.064744E+02 -9.434707E+02
        41 -1.289750E+03 -6.375085E+02 -2.150273E+02
        44 -1.856744E+03 -2.520015E+02 -4.099188E+02
        45 -9.233536E+02 -3.757109E+02  7.155077E+02
        48 -1.561785E+03 -1.458249E+02  1.309817E+03
        50 -4.335461E+02 -1.024674E+02 -8.517876E+02
        52 -1.773271E+03 -2.238592E+02 -4.224292E+02
        54 -1.604705E+03 -1.215884E+02  1.276838E+03
        56 -4.239640E+02 -7.556156E+01 -8.560262E+02
        58 -1.810581E+03 -1.534543E+02 -4.257772E+02
        60 -1.661180E+03 -7.923804E+01  1.306440E+03
        62 -1.273729E+03 -5.914501E+01 -2.734683E+02
        64 -1.163802E+03 -2.867364E+01  9.175404E+02
        66 -6.869782E+02 -3.383804E-10 -1.410009E+02
        68 -6.260642E+02 -2.552859E-09  4.957680E+02
        70 -1.273729E+03  5.914501E+01 -2.734683E+02
        72 -1.163802E+03  2.867364E+01  9.175404E+02
        74 -4.239640E+02  7.556156E+01 -8.560262E+02
        76 -1.810581E+03  1.534543E+02 -4.257772E+02
        78 -1.661180E+03  7.923804E+01  1.306440E+03
        80 -4.335461E+02  1.024674E+02 -8.517876E+02
        82 -1.773271E+03  2.238592E+02 -4.224292E+02
        84 -1.604705E+03  1.215884E+02  1.276838E+03
        86 -5.518123E+02  1.064744E+02 -9.434707E+02
        88 -1.856744E+03  2.520015E+02 -4.099188E+02
        90 -1.561785E+03  1.458249E+02  1.309817E+03
        92 -4.968250E+02  2.638361E+02 -5.716774E+02
        94 -1.289750E+03  6.375085E+02 -2.150273E+02
        96 -9.233536E+02  3.757109E+02  7.155077E+02

 internal energy (element, energy) for set EALL and time  0.1000000E+00

         1  1.803630E+01
         2  8.317891E+00
         3  3.331824E+00
         4  7.463021E-01
         5  1.816570E-01
         6  1.803630E+01
         7  8.317891E+00
         8  3.331824E+00
         9  7.463021E-01
        10  1.816570E-01
        11  1.074388E+00
        12  1.963553E+00
        13  8.239063E-01
        14  1.686922E+00
        15  7.884829E-01
        16  1.689212E+00
        17  8.309092E-01
        18  1.755652E+00
        19  3.157259E-01
        20  6.562987E-01
        21  3.157259E-01
        22  6.562987E-01
        23  8.309092E-01
        24  1.755652E+00
        25  7.884829E-01
        26  1.689212E+00
        27  8.239063E-01
        28  1.686922E+00
        29  1.074388E+00
        30  1.963553E+00
        31  1.829652E+01
        32  1.038604E+01
        33  4.251252E+00
        34  1.001574E+00
        35  2.968530E-01
        36  1.829652E+01
        37  1.038604E+01
        38  4.251252E+00
        39  1.001574E+00
        40  2.968530E-01
        41  9.116976E-01
        42  1.897196E+00
        43  9.917811E-01
        44  2.002364E+00
        45  9.903515E-01
        46  1.995914E+00
        47  1.053385E+00
        48  2.061021E+00
        49  4.004202E-01
        50  7.652702E-01
        51  4.004202E-01
        52  7.652702E-01
        53  1.053385E+00
        54  2.061021E+00
        55  9.903515E-01
        56  1.995914E+00
        57  9.917811E-01
        58  2.002364E+00
        59  9.116976E-01
        60  1.897196E+00
        61  1.917457E+01
        62  1.086987E+01
        63  4.764639E+00
        64  1.204468E+00
        65  3.951943E-01
        66  1.917457E+01
        67  1.086987E+01
        68  4.764639E+00
        69  1.204468E+00
        70  3.951943E-01
        71  9.710980E-01
        72  1.984388E+00
        73  1.083885E+00
        74  2.134143E+00
        75  1.146427E+00
        76  2.217095E+00
        77  1.197876E+00
        78  2.276774E+00
        79  4.415430E-01
        80  8.357570E-01
        81  4.415430E-01
        82  8.357570E-01
        83  1.197876E+00
        84  2.276774E+00
        85  1.146427E+00
        86  2.217095E+00
        87  1.083885E+00
        88  2.134143E+00
        89  9.710980E-01
        90  1.984388E+00
        91  2.169254E+01
        92  1.213439E+01
        93  5.320005E+00
        94  1.397942E+00
        95  4.910341E-01
        96  2.169254E+01
        97  1.213439E+01
        98  5.320005E+00
        99  1.397942E+00
       100  4.910341E-01
       101  1.229941E+00
       102  2.236300E+00
       103  1.297544E+00
       104  2.332419E+00
       105  1.355127E+00
       106  2.414347E+00
       107  1.387744E+00
       108  2.453374E+00
       109  5.006781E-01
       110  8.898158E-01
       111  5.006781E-01
       112  8.898158E-01
       113  1.387744E+00
       114  2.453374E+00
       115  1.355127E+00
       116  2.414347E+00
       117  1.297544E+00
       118  2.332419E+00
       119  1.229941E+00
       120  2.236300E+00
       121  2.053699E+01
       122  1.134953E+01
       123  4.930187E+00
       124  1.278618E+00
       125  4.304313E-01
       126  2.053699E+01
       127  1.134953E+01
       128  4.930187E+00
       129  1.278618E+00
       130  4.304313E-01
       131  1.196800E+00
       132  2.215690E+00
       133  1.219736E+00
       134  2.249911E+00
       135  1.244275E+00
       136  2.285813E+00
       137  1.266251E+00
       138  2.302968E+00
       139  4.590411E-01
       140  8.343896E-01
       141  4.590411E-01
       142  8.343896E-01
       143  1.266251E+00
       144  2.302968E+00
       145  1.244275E+00
       146  2.285813E+00
       147  1.219736E+00
       148  2.249911E+00
       149  1.196800E+00
       150  2.215690E+00
       151  1.935841E+01
       152  1.066792E+01
       153  4.616638E+00
       154  1.193597E+00
       155  3.969684E-01
       156  1.935841E+01
       157  1.066792E+01
       158  4.616638E+00
       159  1.193597E+00
       160  3.969684E-01
       161  1.143330E+00
       162  2.134370E+00
       163  1.148406E+00
       164  2.137237E+00
       165  1.157845E+00
       166  2.144527E+00
       167  1.174325E+00
       168  2.147534E+00
       169  4.265049E-01
       170  7.772499E-01
       171  4.265049E-01
       172  7.772499E-01
       173  1.174325E+00
       174  2.147534E+00
       175  1.157845E+00
       176  2.144527E+00
       177  1.148406E+00
       178  2.137237E+00
       179  1.143330E+00
       180  2.134370E+00
       181  1.819904E+01
       182  1.002778E+01
       183  4.338964E+00
       184  1.123622E+00
       185  3.741474E-01
       186  1.819904E+01
       187  1.002778E+01
       188  4.338964E+00
       189  1.123622E+00
       190  3.741474E-01
       191  1.078712E+00
       192  2.016307E+00
       193  1.080169E+00
       194  2.011350E+00
       195  1.084761E+00
       196  2.009976E+00
       197  1.098178E+00
       198  2.009470E+00
       199  3.984108E-01
       200  7.270958E-01
       201  3.984108E-01
       202  7.270958E-01
       203  1.098178E+00
       204  2.009470E+00
       205  1.084761E+00
       206  2.009976E+00
       207  1.080169E+00
       208  2.011350E+00
       209  1.078712E+00
       210  2.016307E+00
       211  1.708194E+01
       212  9.412821E+00
       213  4.075008E+00
       214  1.058267E+00
       215  3.546355E-01
       216  1.708194E+01
       217  9.412821E+00
       218  4.075008E+00
       219  1.058267E+00
       220  3.546355E-01
       221  1.012773E+00
       222  1.888423E+00
       223  1.014253E+00
       224  1.884533E+00
       225  1.017718E+00
       226  1.883474E+00
       227  1.030089E+00
       228  1.883405E+00
       229  3.733927E-01
       230  6.814182E-01
       231  3.733927E-01
       232  6.814182E-01
       233  1.030089E+00
       234  1.883405E+00
       235  1.017718E+00
       236  1.883474E+00
       237  1.014253E+00
       238  1.884533E+00
       239  1.012773E+00
       240  1.888423E+00
       241  1.600434E+01
       242  8.820001E+00
       243  3.820637E+00
       244  9.954813E-01
       245  3.366250E-01
       246  1.600434E+01
       247  8.820001E+00
       248  3.820637E+00
       249  9.954813E-01
       250  3.366250E-01
       251  9.484590E-01
       252  1.763089E+00
       253  9.503345E-01
       254  1.761635E+00
       255  9.537060E-01
       256  1.762635E+00
       257  9.657842E-01
       258  1.763822E+00
       259  3.498525E-01
       260  6.381455E-01
       261  3.498525E-01
       262  6.381455E-01
       263  9.657842E-01
       264  1.763822E+00
       265  9.537060E-01
       266  1.762635E+00
       267  9.503345E-01
       268  1.761635E+00
       269  9.484590E-01
       270  1.763089E+00
       271  1.496489E+01
       272  8.248321E+00
       273  3.575310E+00
       274  9.348934E-01
       275  3.193214E-01
       276  1.496489E+01
       277  8.248321E+00
       278  3.575310E+00
       279  9.348934E-01
       280  3.193214E-01
       281  8.864902E-01
       282  1.643911E+00
       283  8.885527E-01
       284  1.644152E+00
       285  8.919506E-01
       286  1.646761E+00
       287  9.039229E-01
       288  1.648962E+00
       289  3.272971E-01
       290  5.965538E-01
       291  3.272971E-01
       292  5.965538E-01
       293  9.039229E-01
       294  1.648962E+00
       295  8.919506E-01
       296  1.646761E+00
       297  8.885527E-01
       298  1.644152E+00
       299  8.864902E-01
       300  1.643911E+00
       301  1.396309E+01
       302  7.697474E+00
       303  3.338921E+00
       304  8.765035E-01
       305  3.026035E-01
       306  1.396309E+01
       307  7.697474E+00
       308  3.338921E+00
       309  8.765035E-01
       310  3.026035E-01
       311  8.268693E-01
       312  1.531040E+00
       313  8.289571E-01
       314  1.532170E+00
       315  8.323388E-01
       316  1.535679E+00
       317  8.442321E-01
       318  1.538453E+00
       319  3.055794E-01
       320  5.564836E-01
       321  3.055794E-01
       322  5.564836E-01
       323  8.442321E-01
       324  1.538453E+00
       325  8.323388E-01
       326  1.535679E+00
       327  8.289571E-01
       328  1.532170E+00
       329  8.268693E-01
       330  1.531040E+00
       331  1.299897E+01
       332  7.167423E+00
       333  3.111497E+00
       334  8.203435E-01
       335  2.864787E-01
       336  1.299897E+01
       337  7.167423E+00
       338  3.111497E+00
       339  8.203435E-01
       340  2.864787E-01
       341  7.695239E-01
       342  1.423808E+00
       343  7.715791E-01
       344  1.425327E+00
       345  7.749196E-01
       346  1.429237E+00
       347  7.867412E-01
       348  1.432256E+00
       349  2.846864E-01
       350  5.179350E-01
       351  2.846864E-01
       352  5.179350E-01
       353  7.867412E-01
       354  1.432256E+00
       355  7.749196E-01
       356  1.429237E+00
       357  7.715791E-01
       358  1.425327E+00
       359  7.695239E-01
       360  1.423808E+00
       361  1.207263E+01
       362  6.658176E+00
       363  2.893035E+00
       364  7.664162E-01
       365  2.709783E-01
       366  1.207263E+01
       367  6.658176E+00
       368  2.893035E+00
       369  7.664162E-01
       370  2.709783E-01
       371  7.144210E-01
       372  1.321568E+00
       373  7.164406E-01
       374  1.323223E+00
       375  7.197422E-01
       376  1.327264E+00
       377  7.315041E-01
       378  1.330349E+00
       379  2.646243E-01
       380  4.809207E-01
       381  2.646243E-01
       382  4.809207E-01
       383  7.315041E-01
       384  1.330349E+00
       385  7.197422E-01
       386  1.327264E+00
       387  7.164406E-01
       388  1.323223E+00
       389  7.144210E-01
       390  1.321568E+00
       391  1.118402E+01
       392  6.169666E+00
       393  2.683489E+00
       394  7.147072E-01
       395  2.561206E-01
       396  1.118402E+01
       397  6.169666E+00
       398  2.683489E+00
       399  7.147072E-01
       400  2.561206E-01
       401  6.615560E-01
       402  1.223877E+00
       403  6.635523E-01
       404  1.225555E+00
       405  6.668272E-01
       406  1.229608E+00
       407  6.785428E-01
       408  1.232683E+00
       409  2.453944E-01
       410  4.454383E-01
       411  2.453944E-01
       412  4.454383E-01
       413  6.785428E-01
       414  1.232683E+00
       415  6.668272E-01
       416  1.229608E+00
       417  6.635523E-01
       418  1.225555E+00
       419  6.615560E-01
       420  1.223877E+00
       421  1.033289E+01
       422  5.701748E+00
       423  2.482785E+00
       424  6.651968E-01
       425  2.419115E-01
       426  1.033289E+01
       427  5.701748E+00
       428  2.482785E+00
       429  6.651968E-01
       430  2.419115E-01
       431  6.109276E-01
       432  1.130467E+00
       433  6.129117E-01
       434  1.132131E+00
       435  6.161713E-01
       436  1.136154E+00
       437  6.278510E-01
       438  1.139198E+00
       439  2.269909E-01
       440  4.114736E-01
       441  2.269909E-01
       442  4.114736E-01
       443  6.278510E-01
       444  1.139198E+00
       445  6.161713E-01
       446  1.136154E+00
       447  6.129117E-01
       448  1.132131E+00
       449  6.109276E-01
       450  1.130467E+00
       451  9.518876E+00
       452  5.254224E+00
       453  2.290837E+00
       454  6.178640E-01
       455  2.283495E-01
       456  9.518876E+00
       457  5.254224E+00
       458  2.290837E+00
       459  6.178640E-01
       460  2.283495E-01
       461  5.625266E-01
       462  1.041187E+00
       463  5.645052E-01
       464  1.042829E+00
       465  5.677564E-01
       466  1.046819E+00
       467  5.794069E-01
       468  1.049833E+00
       469  2.094042E-01
       470  3.790071E-01
       471  2.094042E-01
       472  3.790071E-01
       473  5.794069E-01
       474  1.049833E+00
       475  5.677564E-01
       476  1.046819E+00
       477  5.645052E-01
       478  1.042829E+00
       479  5.625266E-01
       480  1.041187E+00
       481  8.741542E+00
       482  4.826865E+00
       483  2.107548E+00
       484  5.726859E-01
       485  2.154280E-01
       486  8.741542E+00
       487  4.826865E+00
       488  2.107548E+00
       489  5.726859E-01
       490  2.154280E-01
       491  5.163347E-01
       492  9.559500E-01
       493  5.183110E-01
       494  9.575736E-01
       495  5.215570E-01
       496  9.615364E-01
       497  5.331819E-01
       498  9.645279E-01
       499  1.926232E-01
       500  3.480178E-01
       501  1.926232E-01
       502  3.480178E-01
       503  5.331819E-01
       504  9.645279E-01
       505  5.215570E-01
       506  9.615364E-01
       507  5.183110E-01
       508  9.575736E-01
       509  5.163347E-01
       510  9.559500E-01
       511  8.000440E+00
       512  4.419431E+00
       513  1.932817E+00
       514  5.296377E-01
       515  2.031383E-01
       516  8.000440E+00
       517  4.419431E+00
       518  1.932817E+00
       519  5.296377E-01
       520  2.031383E-01
       521  4.723276E-01
       522  8.746974E-01
       523  4.743024E-01
       524  8.763087E-01
       525  4.775446E-01
       526  8.802519E-01
       527  4.891453E-01
       528  8.832284E-01
       529  1.766364E-01
       530  3.184851E-01
       531  1.766364E-01
       532  3.184851E-01
       533  4.891453E-01
       534  8.832284E-01
       535  4.775446E-01
       536  8.802519E-01
       537  4.743024E-01
       538  8.763087E-01
       539  4.723276E-01
       540  8.746974E-01
       541  7.295120E+00
       542  4.031679E+00
       543  1.766540E+00
       544  4.886930E-01
       545  1.914701E-01
       546  7.295120E+00
       547  4.031679E+00
       548  1.766540E+00
       549  4.886930E-01
       550  1.914701E-01
       551  4.304774E-01
       552  7.973825E-01
       553  4.324508E-01
       554  7.989860E-01
       555  4.356894E-01
       556  8.029152E-01
       557  4.472662E-01
       558  8.058815E-01
       559  1.614327E-01
       560  2.903893E-01
       561  1.614327E-01
       562  2.903893E-01
       563  4.472662E-01
       564  8.058815E-01
       565  4.356894E-01
       566  8.029152E-01
       567  4.324508E-01
       568  7.989860E-01
       569  4.304774E-01
       570  7.973825E-01
       571  6.625138E+00
       572  3.663365E+00
       573  1.608614E+00
       574  4.498244E-01
       575  1.804129E-01
       576  6.625138E+00
       577  3.663365E+00
       578  1.608614E+00
       579  4.498244E-01
       580  1.804129E-01
       581  3.907552E-01
       582  7.239614E-01
       583  3.927270E-01
       584  7.255594E-01
       585  3.959617E-01
       586  7.294774E-01
       587  4.075147E-01
       588  7.324359E-01
       589  1.470011E-01
       590  2.637112E-01
       591  1.470011E-01
       592  2.637112E-01
       593  4.075147E-01
       594  7.324359E-01
       595  3.959617E-01
       596  7.294774E-01
       597  3.927270E-01
       598  7.255594E-01
       599  3.907552E-01
       600  7.239614E-01
       601  5.990060E+00
       602  3.314252E+00
       603  1.458935E+00
       604  4.130044E-01
       605  1.699557E-01
       606  5.990060E+00
       607  3.314252E+00
       608  1.458935E+00
       609  4.130044E-01
       610  1.699557E-01
       611  3.531320E-01
       612  6.543892E-01
       613  3.551019E-01
       614  6.559823E-01
       615  3.583323E-01
       616  6.598902E-01
       617  3.698612E-01
       618  6.628415E-01
       619  1.333311E-01
       620  2.384323E-01
       621  1.333311E-01
       622  2.384323E-01
       623  3.698612E-01
       624  6.628415E-01
       625  3.583323E-01
       626  6.598902E-01
       627  3.551019E-01
       628  6.559823E-01
       629  3.531320E-01
       630  6.543892E-01
       631  5.389462E+00
       632  2.984106E+00
       633  1.317402E+00
       634  3.782051E-01
       635  1.600875E-01
       636  5.389462E+00
       637  2.984106E+00
       638  1.317402E+00
       639  3.782051E-01
       640  1.600875E-01
       641  3.175794E-01
       642  5.886195E-01
       643  3.195472E-01
       644  5.902075E-01
       645  3.227728E-01
       646  5.941048E-01
       647  3.342770E-01
       648  5.970486E-01
       649  1.204121E-01
       650  2.145344E-01
       651  1.204121E-01
       652  2.145344E-01
       653  3.342770E-01
       654  5.970486E-01
       655  3.227728E-01
       656  5.941048E-01
       657  3.195472E-01
       658  5.902075E-01
       659  3.175794E-01
       660  5.886195E-01
       661  4.822926E+00
       662  2.672696E+00
       663  1.183913E+00
       664  3.453987E-01
       665  1.507975E-01
       666  4.822926E+00
       667  2.672696E+00
       668  1.183913E+00
       669  3.453987E-01
       670  1.507975E-01
       671  2.840702E-01
       672  5.266031E-01
       673  2.860352E-01
       674  5.281858E-01
       675  2.892551E-01
       676  5.320723E-01
       677  3.007338E-01
       678  5.350082E-01
       679  1.082340E-01
       680  1.919997E-01
       681  1.082340E-01
       682  1.919997E-01
       683  3.007338E-01
       684  5.350082E-01
       685  2.892551E-01
       686  5.320723E-01
       687  2.860352E-01
       688  5.281858E-01
       689  2.840702E-01
       690  5.266031E-01
       691  4.290044E+00
       692  2.379796E+00
       693  1.058369E+00
       694  3.145572E-01
       695  1.420743E-01
       696  4.290044E+00
       697  2.379796E+00
       698  1.058369E+00
       699  3.145572E-01
       700  1.420743E-01
       701  2.525779E-01
       702  4.682874E-01
       703  2.545391E-01
       704  4.698663E-01
       705  2.577521E-01
       706  4.737432E-01
       707  2.692040E-01
       708  4.766717E-01
       709  9.678661E-02
       710  1.708107E-01
       711  9.678661E-02
       712  1.708107E-01
       713  2.692040E-01
       714  4.766717E-01
       715  2.577521E-01
       716  4.737432E-01
       717  2.545391E-01
       718  4.698663E-01
       719  2.525779E-01
       720  4.682874E-01
       721  3.790419E+00
       722  2.105185E+00
       723  9.406720E-01
       724  2.856518E-01
       725  1.339067E-01
       726  3.790419E+00
       727  2.105185E+00
       728  9.406720E-01
       729  2.856518E-01
       730  1.339067E-01
       731  2.230776E-01
       732  4.136149E-01
       733  2.250327E-01
       734  4.151953E-01
       735  2.282369E-01
       736  4.190678E-01
       737  2.396604E-01
       738  4.219914E-01
       739  8.606034E-02
       740  1.509502E-01
       741  8.606034E-02
       742  1.509502E-01
       743  2.396604E-01
       744  4.219914E-01
       745  2.282369E-01
       746  4.190678E-01
       747  2.250327E-01
       748  4.151953E-01
       749  2.230776E-01
       750  4.136149E-01
       751  3.323671E+00
       752  1.848649E+00
       753  8.307221E-01
       754  2.586525E-01
       755  1.262837E-01
       756  3.323671E+00
       757  1.848649E+00
       758  8.307221E-01
       759  2.586525E-01
       760  1.262837E-01
       761  1.955448E-01
       762  3.625223E-01
       763  1.974899E-01
       764  3.641161E-01
       765  2.006827E-01
       766  3.679963E-01
       767  2.120767E-01
       768  3.709217E-01
       769  7.604615E-02
       770  1.324022E-01
       771  7.604615E-02
       772  1.324022E-01
       773  2.120767E-01
       774  3.709217E-01
       775  2.006827E-01
       776  3.679963E-01
       777  1.974899E-01
       778  3.641161E-01
       779  1.955448E-01
       780  3.625223E-01
       781  2.889434E+00
       782  1.609976E+00
       783  7.284203E-01
       784  2.335285E-01
       785  1.191957E-01
       786  2.889434E+00
       787  1.609976E+00
       788  7.284203E-01
       789  2.335285E-01
       790  1.191957E-01
       791  1.699544E-01
       792  3.149411E-01
       793  1.718837E-01
       794  3.165700E-01
       795  1.750626E-01
       796  3.204802E-01
       797  1.864274E-01
       798  3.234201E-01
       799  6.673599E-02
       800  1.151514E-01
       801  6.673599E-02
       802  1.151514E-01
       803  1.864274E-01
       804  3.234201E-01
       805  1.750626E-01
       806  3.204802E-01
       807  1.718837E-01
       808  3.165700E-01
       809  1.699544E-01
       810  3.149411E-01
       811  2.487360E+00
       812  1.388959E+00
       813  6.336663E-01
       814  2.102494E-01
       815  1.126370E-01
       816  2.487360E+00
       817  1.388959E+00
       818  6.336663E-01
       819  2.102494E-01
       820  1.126370E-01
       821  1.462788E-01
       822  2.708031E-01
       823  1.481848E-01
       824  2.725006E-01
       825  1.513482E-01
       826  2.764756E-01
       827  1.626890E-01
       828  2.794497E-01
       829  5.812321E-02
       830  9.918475E-02
       831  5.812321E-02
       832  9.918475E-02
       833  1.626890E-01
       834  2.794497E-01
       835  1.513482E-01
       836  2.764756E-01
       837  1.481848E-01
       838  2.725006E-01
       839  1.462788E-01
       840  2.708031E-01
       841  2.117107E+00
       842  1.185387E+00
       843  5.463594E-01
       844  1.887888E-01
       845  1.066102E-01
       846  2.117107E+00
       847  1.185387E+00
       848  5.463594E-01
       849  1.887888E-01
       850  1.066102E-01
       851  1.244839E-01
       852  2.300540E-01
       853  1.263589E-01
       854  2.318629E-01
       855  1.295094E-01
       856  2.359478E-01
       857  1.408396E-01
       858  2.389816E-01
       859  5.020288E-02
       860  8.449087E-02
       861  5.020288E-02
       862  8.449087E-02
       863  1.408396E-01
       864  2.389816E-01
       865  1.295094E-01
       866  2.359478E-01
       867  1.263589E-01
       868  2.318629E-01
       869  1.244839E-01
       870  2.300540E-01
       871  1.778317E+00
       872  9.990404E-01
       873  4.664016E-01
       874  1.691332E-01
       875  1.011339E-01
       876  1.778317E+00
       877  9.990404E-01
       878  4.664016E-01
       879  1.691332E-01
       880  1.011339E-01
       881  1.045243E-01
       882  1.926791E-01
       883  1.063648E-01
       884  1.946389E-01
       885  1.095132E-01
       886  1.988782E-01
       887  1.208611E-01
       888  2.019967E-01
       889  4.297165E-02
       890  7.106059E-02
       891  4.297165E-02
       892  7.106059E-02
       893  1.208611E-01
       894  2.019967E-01
       895  1.095132E-01
       896  1.988782E-01
       897  1.063648E-01
       898  1.946389E-01
       899  1.045243E-01
       900  1.926791E-01
       901  1.470576E+00
       902  8.296734E-01
       903  3.937045E-01
       904  1.512956E-01
       905  9.625392E-02
       906  1.470576E+00
       907  8.296734E-01
       908  3.937045E-01
       909  1.512956E-01
       910  9.625392E-02
       911  8.633856E-02
       912  1.587400E-01
       913  8.815332E-02
       914  1.608591E-01
       915  9.132565E-02
       916  1.652701E-01
       917  1.027419E-01
       918  1.684841E-01
       919  3.642671E-02
       920  5.888588E-02
       921  3.642671E-02
       922  5.888588E-02
       923  1.027419E-01
       924  1.684841E-01
       925  9.132565E-02
       926  1.652701E-01
       927  8.815332E-02
       928  1.608591E-01
       929  8.633856E-02
       930  1.587400E-01
       931  1.193354E+00
       932  6.770051E-01
       933  3.282012E-01
       934  1.353356E-01
       935  9.205823E-02
       936  1.193354E+00
       937  6.770051E-01
       938  3.282012E-01
       939  1.353356E-01
       940  9.205823E-02
       941  6.984686E-02
       942  1.284152E-01
       943  7.167148E-02
       944  1.306198E-01
       945  7.491852E-02
       946  1.351477E-01
       947  8.648393E-02
       948  1.384345E-01
       949  3.056348E-02
       950  4.795781E-02
       951  3.056348E-02
       952  4.795781E-02
       953  8.648393E-02
       954  1.384345E-01
       955  7.491852E-02
       956  1.351477E-01
       957  7.167148E-02
       958  1.306198E-01
       959  6.984686E-02
       960  1.284152E-01
       961  9.459576E-01
       962  5.407161E-01
       963  2.698706E-01
       964  1.213823E-01
       965  8.868752E-02
       966  9.459576E-01
       967  5.407161E-01
       968  2.698706E-01
       969  1.213823E-01
       970  8.868752E-02
       971  5.496226E-02
       972  1.020237E-01
       973  5.688020E-02
       974  1.040809E-01
       975  6.028700E-02
       976  1.085361E-01
       977  7.211318E-02
       978  1.118168E-01
       979  2.537102E-02
       980  3.826133E-02
       981  2.537102E-02
       982  3.826133E-02
       983  7.211318E-02
       984  1.118168E-01
       985  6.028700E-02
       986  1.085361E-01
       987  5.688020E-02
       988  1.040809E-01
       989  5.496226E-02
       990  1.020237E-01
       991  7.274842E-01
       992  4.204878E-01
       993  2.187921E-01
       994  1.096501E-01
       995  8.631243E-02
       996  7.274842E-01
       997  4.204878E-01
       998  2.187921E-01
       999  1.096501E-01
      1000  8.631243E-02
      1001  4.165313E-02
      1002  8.001045E-02
      1003  4.381636E-02
      1004  8.143110E-02
      1005  4.749470E-02
      1006  8.541028E-02
      1007  5.968700E-02
      1008  8.852964E-02
      1009  2.082428E-02
      1010  2.976202E-02
      1011  2.082428E-02
      1012  2.976202E-02
      1013  5.968700E-02
      1014  8.852964E-02
      1015  4.749470E-02
      1016  8.541028E-02
      1017  4.381636E-02
      1018  8.143110E-02
      1019  4.165313E-02
      1020  8.001045E-02
      1021  5.368025E-01
      1022  3.161318E-01
      1023  1.752617E-01
      1024  1.004125E-01
      1025  8.500761E-02
      1026  5.368025E-01
      1027  3.161318E-01
      1028  1.752617E-01
      1029  1.004125E-01
      1030  8.500761E-02
      1031  3.017901E-02
      1032  6.291907E-02
      1033  3.278981E-02
      1034  6.284661E-02
      1035  3.679004E-02
      1036  6.563256E-02
      1037  4.929213E-02
      1038  6.833092E-02
      1039  1.687034E-02
      1040  2.238408E-02
      1041  1.687034E-02
      1042  2.238408E-02
      1043  4.929213E-02
      1044  6.833092E-02
      1045  3.679004E-02
      1046  6.563256E-02
      1047  3.278981E-02
      1048  6.284661E-02
      1049  3.017901E-02
      1050  6.291907E-02
      1051  3.726101E-01
      1052  2.278603E-01
      1053  1.399301E-01
      1054  9.388290E-02
      1055  8.443681E-02
      1056  3.726101E-01
      1057  2.278603E-01
      1058  1.399301E-01
      1059  9.388290E-02
      1060  8.443681E-02
      1061  2.175558E-02
      1062  5.152557E-02
      1063  2.493533E-02
      1064  4.862475E-02
      1065  2.894409E-02
      1066  4.903706E-02
      1067  4.114940E-02
      1068  5.087289E-02
      1069  1.341707E-02
      1070  1.601768E-02
      1071  1.341707E-02
      1072  1.601768E-02
      1073  4.114940E-02
      1074  5.087289E-02
      1075  2.894409E-02
      1076  4.903706E-02
      1077  2.493533E-02
      1078  4.862475E-02
      1079  2.175558E-02
      1080  5.152557E-02
      1081  2.339255E-01
      1082  1.564474E-01
      1083  1.135839E-01
      1084  8.987231E-02
      1085  8.364073E-02
      1086  2.339255E-01
      1087  1.564474E-01
      1088  1.135839E-01
      1089  8.987231E-02
      1090  8.364073E-02
      1091  1.985206E-02
      1092  4.714654E-02
      1093  2.337975E-02
      1094  3.982683E-02
      1095  2.612331E-02
      1096  3.618459E-02
      1097  3.641542E-02
      1098  3.648452E-02
      1099  1.035163E-02
      1100  1.083976E-02
      1101  1.035163E-02
      1102  1.083976E-02
      1103  3.641542E-02
      1104  3.648452E-02
      1105  2.612331E-02
      1106  3.618459E-02
      1107  2.337975E-02
      1108  3.982683E-02
      1109  1.985206E-02
      1110  4.714654E-02
      1111  1.225244E-01
      1112  1.022925E-01
      1113  9.559235E-02
      1114  8.781867E-02
      1115  8.202375E-02
      1116  1.225244E-01
      1117  1.022925E-01
      1118  9.559235E-02
      1119  8.781867E-02
      1120  8.202375E-02
      1121  3.008947E-02
      1122  5.118248E-02
      1123  3.401099E-02
      1124  3.946744E-02
      1125  3.385933E-02
      1126  3.104503E-02
      1127  4.100820E-02
      1128  2.948424E-02
      1129  7.890093E-03
      1130  8.835821E-03
      1131  7.890093E-03
      1132  8.835821E-03
      1133  4.100820E-02
      1134  2.948424E-02
      1135  3.385933E-02
      1136  3.104503E-02
      1137  3.401099E-02
      1138  3.946744E-02
      1139  3.008947E-02
      1140  5.118248E-02
      1141  4.516277E-02
      1142  6.109602E-02
      1143  7.944836E-02
      1144  8.727186E-02
      1145  8.479028E-02
      1146  4.516277E-02
      1147  6.109602E-02
      1148  7.944836E-02
      1149  8.727186E-02
      1150  8.479028E-02
      1151  5.064270E-02
      1152  5.842865E-02
      1153  5.815490E-02
      1154  4.860508E-02
      1155  5.992087E-02
      1156  4.390150E-02
      1157  7.596911E-02
      1158  4.869260E-02
      1159  7.080232E-03
      1160  2.027080E-02
      1161  7.080232E-03
      1162  2.027080E-02
      1163  7.596911E-02
      1164  4.869260E-02
      1165  5.992087E-02
      1166  4.390150E-02
      1167  5.815490E-02
      1168  4.860508E-02
      1169  5.064270E-02
      1170  5.842865E-02
      1171  8.502365E-03
      1172  2.682754E-02
      1173  5.568656E-02
      1174  9.179805E-02
      1175  1.344302E-01
      1176  8.502365E-03
      1177  2.682754E-02
      1178  5.568656E-02
      1179  9.179805E-02
      1180  1.344302E-01
      1181  6.039351E-02
      1182  5.597056E-02
      1183  7.524634E-02
      1184  5.654865E-02
      1185  1.037756E-01
      1186  8.354856E-02
      1187  2.322467E-01
      1188  1.725213E-01
      1189  1.446125E-02
      1190  1.079134E-01
      1191  1.446125E-02
      1192  1.079134E-01
      1193  2.322467E-01
      1194  1.725213E-01
      1195  1.037756E-01
      1196  8.354856E-02
      1197  7.524634E-02
      1198  5.654865E-02
      1199  6.039351E-02
      1200  5.597056E-02
      1201  7.174098E-05
      1202  1.628231E-03
      1203  8.923717E-03
      1204  3.773030E-02
      1205  1.044607E-01
      1206  7.174098E-05
      1207  1.628231E-03
      1208  8.923717E-03
      1209  3.773030E-02
      1210  1.044607E-01
      1211  2.331804E-02
      1212  3.441467E-02
      1213  3.293760E-02
      1214  3.348747E-02
      1215  6.043421E-02
      1216  7.534107E-02
      1217  2.365706E-01
      1218  2.104232E-01
      1219  1.929421E-02
      1220  1.560306E-01
      1221  1.929421E-02
      1222  1.560306E-01
      1223  2.365706E-01
      1224  2.104232E-01
      1225  6.043421E-02
      1226  7.534107E-02
      1227  3.293760E-02
      1228  3.348747E-02
      1229  2.331804E-02
      1230  3.441467E-02

                                INCREMENT     3


 displacements (vx,vy,vz) for set TIP_TOP and time  0.1750000E+00

      1991  8.157245E-02 -2.237364E-03 -2.850528E+00
      1992  8.146846E-02 -2.193947E-03 -2.845313E+00
      1995  8.126122E-02 -2.117107E-03 -2.840177E+00
      1998  8.108494E-02 -1.710861E-03 -2.835475E+00
      2000  8.100763E-02 -6.721189E-04 -2.832531E+00
      2002  8.098645E-02  1.125830E-14 -2.832381E+00
      2004  8.100763E-02  6.721189E-04 -2.832531E+00
      2007  8.108494E-02  1.710861E-03 -2.835475E+00
      2010  8.126122E-02  2.117107E-03 -2.840177E+00
      2013  8.146846E-02  2.193947E-03 -2.845313E+00
      2016  8.157245E-02  2.237364E-03 -2.850528E+00

 forces (fx,fy,fz) for set CLAMP and time  0.1750000E+00

         1  4.428102E+03  4.158066E+03  1.770086E+03
         4  7.999022E+03  1.262226E-10  3.533692E+03
         5  5.875720E+03  6.345445E+03  8.994899E+00
         8  1.034405E+04 -1.447041E-10  3.493239E+01
         9  3.944949E+03  4.177777E+03 -1.794029E+02
        12  6.886198E+03 -1.525745E-10 -3.427106E+02
        13  2.220773E+03  2.317766E+03 -3.366836E+02
        16  3.862503E+03 -1.089676E-09 -6.554518E+02
        17  5.312670E+02  5.217489E+02 -3.754743E+02
        20  9.086211E+02 -8.769815E-10 -7.376747E+02
        21 -9.089892E+02 -3.916406E+02 -1.006133E+03
        24 -9.988454E+02 -3.026009E-09 -4.710684E+02
        26  4.428102E+03 -4.158066E+03  1.770086E+03
        28  5.875720E+03 -6.345445E+03  8.994899E+00
        30  3.944949E+03 -4.177777E+03 -1.794029E+02
        32  2.220773E+03 -2.317766E+03 -3.366836E+02
        34  5.312670E+02 -5.217489E+02 -3.754743E+02
        36 -9.089892E+02  3.916406E+02 -1.006133E+03
        37 -8.686128E+02 -4.616499E+02 -1.000128E+03
        40 -9.643610E+02 -1.864265E+02 -1.650596E+03
        41 -2.257036E+03 -1.115666E+03 -3.765300E+02
        44 -3.249343E+03 -4.409888E+02 -7.177605E+02
        45 -1.616649E+03 -6.575841E+02  1.252520E+03
        48 -2.734424E+03 -2.550836E+02  2.292800E+03
        50 -7.579462E+02 -1.794120E+02 -1.490358E+03
        52 -3.103265E+03 -3.917284E+02 -7.394802E+02
        54 -2.808975E+03 -2.126605E+02  2.234866E+03
        56 -7.416678E+02 -1.322948E+02 -1.497960E+03
        58 -3.168539E+03 -2.685119E+02 -7.451987E+02
        60 -2.907291E+03 -1.385704E+02  2.286465E+03
        62 -2.229015E+03 -1.034839E+02 -4.785986E+02
        64 -2.036596E+03 -5.013945E+01  1.605740E+03
        66 -1.202206E+03 -2.185833E-09 -2.467677E+02
        68 -1.095548E+03 -2.347032E-09  8.676011E+02
        70 -2.229015E+03  1.034839E+02 -4.785986E+02
        72 -2.036596E+03  5.013945E+01  1.605740E+03
        74 -7.416678E+02  1.322948E+02 -1.497960E+03
        76 -3.168539E+03  2.685119E+02 -7.451987E+02
        78 -2.907291E+03  1.385704E+02  2.286465E+03
        80 -7.579462E+02  1.794120E+02 -1.490358E+03
        82 -3.103265E+03  3.917284E+02 -7.394802E+02
        84 -2.808975E+03  2.126605E+02  2.234866E+03
        86 -9.643610E+02  1.864265E+02 -1.650596E+03
        88 -3.249343E+03  4.409888E+02 -7.177605E+02
        90 -2.734424E+03  2.550836E+02  2.292800E+03
        92 -8.686128E+02  4.616499E+02 -1.000128E+03
        94 -2.257036E+03  1.115666E+03 -3.765300E+02
        96 -1.616649E+03  6.575841E+02  1.252520E+03

 internal energy (element, energy) for set EALL and time  0.1750000E+00

         1  5.523101E+01
         2  2.547086E+01
         3  1.020248E+01
         4  2.285195E+00
         5  5.563402E-01
         6  5.523101E+01
         7  2.547086E+01
         8  1.020248E+01
         9  2.285195E+00
        10  5.563402E-01
        11  3.289734E+00
        12  6.015421E+00
        13  2.523047E+00
        14  5.167556E+00
        15  2.414716E+00
        16  5.173900E+00
        17  2.544688E+00
        18  5.376859E+00
        19  9.669264E-01
        20  2.009909E+00
        21  9.669264E-01
        22  2.009909E+00
        23  2.544688E+00
        24  5.376859E+00
        25  2.414716E+00
        26  5.173900E+00
        27  2.523047E+00
        28  5.167556E+00
        29  3.289734E+00
        30  6.015421E+00
        31  5.602899E+01
        32  3.180351E+01
        33  1.301727E+01
        34  3.066535E+00
        35  9.091255E-01
        36  5.602899E+01
        37  3.180351E+01
        38  1.301727E+01
        39  3.066535E+00
        40  9.091255E-01
        41  2.792246E+00
        42  5.810503E+00
        43  3.037579E+00
        44  6.132353E+00
        45  3.033190E+00
        46  6.112525E+00
        47  3.226191E+00
        48  6.311974E+00
        49  1.226346E+00
        50  2.343717E+00
        51  1.226346E+00
        52  2.343717E+00
        53  3.226191E+00
        54  6.311974E+00
        55  3.033190E+00
        56  6.112525E+00
        57  3.037579E+00
        58  6.132353E+00
        59  2.792246E+00
        60  5.810503E+00
        61  5.871868E+01
        62  3.328537E+01
        63  1.458920E+01
        64  3.687675E+00
        65  1.210303E+00
        66  5.871868E+01
        67  3.328537E+01
        68  1.458920E+01
        69  3.687675E+00
        70  1.210303E+00
        71  2.974345E+00
        72  6.076729E+00
        73  3.319736E+00
        74  6.535419E+00
        75  3.511259E+00
        76  6.789644E+00
        77  3.668862E+00
        78  6.972692E+00
        79  1.352314E+00
        80  2.559620E+00
        81  1.352314E+00
        82  2.559620E+00
        83  3.668862E+00
        84  6.972692E+00
        85  3.511259E+00
        86  6.789644E+00
        87  3.319736E+00
        88  6.535419E+00
        89  2.974345E+00
        90  6.076729E+00
        91  6.642937E+01
        92  3.715762E+01
        93  1.628978E+01
        94  4.280068E+00
        95  1.503830E+00
        96  6.642937E+01
        97  3.715762E+01
        98  1.628978E+01
        99  4.280068E+00
       100  1.503830E+00
       101  3.767152E+00
       102  6.848124E+00
       103  3.974110E+00
       104  7.142625E+00
       105  4.150442E+00
       106  7.393758E+00
       107  4.250439E+00
       108  7.513571E+00
       109  1.533440E+00
       110  2.725185E+00
       111  1.533440E+00
       112  2.725185E+00
       113  4.250439E+00
       114  7.513571E+00
       115  4.150442E+00
       116  7.393758E+00
       117  3.974110E+00
       118  7.142625E+00
       119  3.767152E+00
       120  6.848124E+00
       121  6.289040E+01
       122  3.475422E+01
       123  1.509622E+01
       124  3.914773E+00
       125  1.318245E+00
       126  6.289040E+01
       127  3.475422E+01
       128  1.509622E+01
       129  3.914773E+00
       130  1.318245E+00
       131  3.665658E+00
       132  6.785166E+00
       133  3.735811E+00
       134  6.890070E+00
       135  3.810938E+00
       136  7.000204E+00
       137  3.878323E+00
       138  7.052952E+00
       139  1.405922E+00
       140  2.555414E+00
       141  1.405922E+00
       142  2.555414E+00
       143  3.878323E+00
       144  7.052952E+00
       145  3.810938E+00
       146  7.000204E+00
       147  3.735811E+00
       148  6.890070E+00
       149  3.665658E+00
       150  6.785166E+00
       151  5.928100E+01
       152  3.266699E+01
       153  1.413617E+01
       154  3.654490E+00
       155  1.215742E+00
       156  5.928100E+01
       157  3.266699E+01
       158  1.413617E+01
       159  3.654490E+00
       160  1.215742E+00
       161  3.501888E+00
       162  6.536372E+00
       163  3.517343E+00
       164  6.545185E+00
       165  3.546210E+00
       166  6.567604E+00
       167  3.596698E+00
       168  6.576917E+00
       169  1.306267E+00
       170  2.380388E+00
       171  1.306267E+00
       172  2.380388E+00
       173  3.596698E+00
       174  6.576917E+00
       175  3.546210E+00
       176  6.567604E+00
       177  3.517343E+00
       178  6.545185E+00
       179  3.501888E+00
       180  6.536372E+00
       181  5.573059E+01
       182  3.070678E+01
       183  1.328596E+01
       184  3.440259E+00
       185  1.145832E+00
       186  5.573059E+01
       187  3.070678E+01
       188  1.328596E+01
       189  3.440259E+00
       190  1.145832E+00
       191  3.303971E+00
       192  6.175023E+00
       193  3.308342E+00
       194  6.159807E+00
       195  3.322353E+00
       196  6.155612E+00
       197  3.363418E+00
       198  6.154091E+00
       199  1.220219E+00
       200  2.226772E+00
       201  1.220219E+00
       202  2.226772E+00
       203  3.363418E+00
       204  6.154091E+00
       205  3.322353E+00
       206  6.155612E+00
       207  3.308342E+00
       208  6.159807E+00
       209  3.303971E+00
       210  6.175023E+00
       211  5.230972E+01
       212  2.882370E+01
       213  1.247776E+01
       214  3.240167E+00
       215  1.086065E+00
       216  5.230972E+01
       217  2.882370E+01
       218  1.247776E+01
       219  3.240167E+00
       220  1.086065E+00
       221  3.102012E+00
       222  5.783526E+00
       223  3.106454E+00
       224  5.771536E+00
       225  3.117009E+00
       226  5.768251E+00
       227  3.154852E+00
       228  5.768027E+00
       229  1.143595E+00
       230  2.086878E+00
       231  1.143595E+00
       232  2.086878E+00
       233  3.154852E+00
       234  5.768027E+00
       235  3.117009E+00
       236  5.768251E+00
       237  3.106454E+00
       238  5.771536E+00
       239  3.102012E+00
       240  5.783526E+00
       241  4.900989E+01
       242  2.700845E+01
       243  1.169891E+01
       244  3.047944E+00
       245  1.030902E+00
       246  4.900989E+01
       247  2.700845E+01
       248  1.169891E+01
       249  3.047944E+00
       250  1.030902E+00
       251  2.905031E+00
       252  5.399774E+00
       253  2.910689E+00
       254  5.395228E+00
       255  2.920959E+00
       256  5.398221E+00
       257  2.957899E+00
       258  5.401823E+00
       259  1.071501E+00
       260  1.954358E+00
       261  1.071501E+00
       262  1.954358E+00
       263  2.957899E+00
       264  5.401823E+00
       265  2.920959E+00
       266  5.398221E+00
       267  2.910689E+00
       268  5.395228E+00
       269  2.905031E+00
       270  5.399774E+00
       271  4.582694E+01
       272  2.525794E+01
       273  1.094775E+01
       274  2.862449E+00
       275  9.779101E-01
       276  4.582694E+01
       277  2.525794E+01
       278  1.094775E+01
       279  2.862449E+00
       280  9.779101E-01
       281  2.715234E+00
       282  5.034831E+00
       283  2.721473E+00
       284  5.035470E+00
       285  2.731827E+00
       286  5.043386E+00
       287  2.768445E+00
       288  5.050085E+00
       289  1.002425E+00
       290  1.826991E+00
       291  1.002425E+00
       292  1.826991E+00
       293  2.768445E+00
       294  5.050085E+00
       295  2.731827E+00
       296  5.043386E+00
       297  2.721473E+00
       298  5.035470E+00
       299  2.715234E+00
       300  5.034831E+00
       301  4.275926E+01
       302  2.357123E+01
       303  1.022396E+01
       304  2.683684E+00
       305  9.267140E-01
       306  4.275926E+01
       307  2.357123E+01
       308  1.022396E+01
       309  2.683684E+00
       310  9.267140E-01
       311  2.532630E+00
       312  4.689179E+00
       313  2.538954E+00
       314  4.692545E+00
       315  2.549263E+00
       316  4.703220E+00
       317  2.585645E+00
       318  4.711674E+00
       319  9.359151E-01
       320  1.704284E+00
       321  9.359151E-01
       322  1.704284E+00
       323  2.585645E+00
       324  4.711674E+00
       325  2.549263E+00
       326  4.703220E+00
       327  2.538954E+00
       328  4.692545E+00
       329  2.532630E+00
       330  4.689179E+00
       331  3.980697E+01
       332  2.194820E+01
       333  9.527621E+00
       334  2.511745E+00
       335  8.773359E-01
       336  3.980697E+01
       337  2.194820E+01
       338  9.527621E+00
       339  2.511745E+00
       340  8.773359E-01
       341  2.356996E+00
       342  4.360780E+00
       343  2.363228E+00
       344  4.365350E+00
       345  2.373416E+00
       346  4.377258E+00
       347  2.409583E+00
       348  4.386468E+00
       349  8.719307E-01
       350  1.586238E+00
       351  8.719307E-01
       352  1.586238E+00
       353  2.409583E+00
       354  4.386468E+00
       355  2.373416E+00
       356  4.377258E+00
       357  2.363228E+00
       358  4.365350E+00
       359  2.356996E+00
       360  4.360780E+00
       361  3.697037E+01
       362  2.038886E+01
       363  8.858716E+00
       364  2.346641E+00
       365  8.298700E-01
       366  3.697037E+01
       367  2.038886E+01
       368  8.858716E+00
       369  2.346641E+00
       370  8.298700E-01
       371  2.188232E+00
       372  4.047667E+00
       373  2.194360E+00
       374  4.052660E+00
       375  2.204434E+00
       376  4.064977E+00
       377  2.240422E+00
       378  4.074395E+00
       379  8.104909E-01
       380  1.472888E+00
       381  8.104909E-01
       382  1.472888E+00
       383  2.240422E+00
       384  4.074395E+00
       385  2.204434E+00
       386  4.064977E+00
       387  2.194360E+00
       388  4.052660E+00
       389  2.188232E+00
       390  4.047667E+00
       391  3.424928E+01
       392  1.889301E+01
       393  8.217105E+00
       394  2.188328E+00
       395  7.843718E-01
       396  3.424928E+01
       397  1.889301E+01
       398  8.217105E+00
       399  2.188328E+00
       400  7.843718E-01
       401  2.026321E+00
       402  3.748482E+00
       403  2.032384E+00
       404  3.753557E+00
       405  2.042381E+00
       406  3.765916E+00
       407  2.078230E+00
       408  3.775307E+00
       409  7.515992E-01
       410  1.364230E+00
       411  7.515992E-01
       412  1.364230E+00
       413  2.078230E+00
       414  3.775307E+00
       415  2.042381E+00
       416  3.765916E+00
       417  2.032384E+00
       418  3.753557E+00
       419  2.026321E+00
       420  3.748482E+00
       421  3.164296E+01
       422  1.746021E+01
       423  7.602567E+00
       424  2.036746E+00
       425  7.408601E-01
       426  3.164296E+01
       427  1.746021E+01
       428  7.602567E+00
       429  2.036746E+00
       430  7.408601E-01
       431  1.871260E+00
       432  3.462408E+00
       433  1.877291E+00
       434  3.467445E+00
       435  1.887244E+00
       436  3.479724E+00
       437  1.922988E+00
       438  3.489021E+00
       439  6.952380E-01
       440  1.260217E+00
       441  6.952380E-01
       442  1.260217E+00
       443  1.922988E+00
       444  3.489021E+00
       445  1.887244E+00
       446  3.479724E+00
       447  1.877291E+00
       448  3.467445E+00
       449  1.871260E+00
       450  3.462408E+00
       451  2.915027E+01
       452  1.608984E+01
       453  7.014834E+00
       454  1.891829E+00
       455  6.993292E-01
       456  2.915027E+01
       457  1.608984E+01
       458  7.014834E+00
       459  1.891829E+00
       460  6.993292E-01
       461  1.723020E+00
       462  3.188982E+00
       463  1.729040E+00
       464  3.193960E+00
       465  1.738970E+00
       466  3.206140E+00
       467  1.774627E+00
       468  3.215349E+00
       469  6.413780E-01
       470  1.160792E+00
       471  6.413780E-01
       472  1.160792E+00
       473  1.774627E+00
       474  3.215349E+00
       475  1.738970E+00
       476  3.206140E+00
       477  1.729040E+00
       478  3.193960E+00
       479  1.723020E+00
       480  3.188982E+00
       481  2.676989E+01
       482  1.478122E+01
       483  6.453609E+00
       484  1.753508E+00
       485  6.597597E-01
       486  2.676989E+01
       487  1.478122E+01
       488  6.453609E+00
       489  1.753508E+00
       490  6.597597E-01
       491  1.581546E+00
       492  2.927937E+00
       493  1.587563E+00
       494  2.932865E+00
       495  1.597481E+00
       496  2.944967E+00
       497  1.633062E+00
       498  2.954110E+00
       499  5.899849E-01
       500  1.065890E+00
       501  5.899849E-01
       502  1.065890E+00
       503  1.633062E+00
       504  2.954110E+00
       505  1.597481E+00
       506  2.944967E+00
       507  1.587563E+00
       508  2.932865E+00
       509  1.581546E+00
       510  2.927937E+00
       511  2.450046E+01
       512  1.353360E+01
       513  5.918585E+00
       514  1.621707E+00
       515  6.221244E-01
       516  2.450046E+01
       517  1.353360E+01
       518  5.918585E+00
       519  1.621707E+00
       520  6.221244E-01
       521  1.446763E+00
       522  2.679094E+00
       523  1.452779E+00
       524  2.683990E+00
       525  1.462688E+00
       526  2.696036E+00
       527  1.498197E+00
       528  2.705135E+00
       529  5.410239E-01
       530  9.754486E-01
       531  5.410239E-01
       532  9.754486E-01
       533  1.498197E+00
       534  2.705135E+00
       535  1.462688E+00
       536  2.696036E+00
       537  1.452779E+00
       538  2.683990E+00
       539  1.446763E+00
       540  2.679094E+00
       541  2.234058E+01
       542  1.234625E+01
       543  5.409445E+00
       544  1.496345E+00
       545  5.863924E-01
       546  2.234058E+01
       547  1.234625E+01
       548  5.409445E+00
       549  1.496345E+00
       550  5.863924E-01
       551  1.318585E+00
       552  2.442309E+00
       553  1.324601E+00
       554  2.447186E+00
       555  1.334501E+00
       556  2.459193E+00
       557  1.369939E+00
       558  2.468262E+00
       559  4.944609E-01
       560  8.894063E-01
       561  4.944609E-01
       562  8.894063E-01
       563  1.369939E+00
       564  2.468262E+00
       565  1.334501E+00
       566  2.459193E+00
       567  1.324601E+00
       568  2.447186E+00
       569  1.318585E+00
       570  2.442309E+00
       571  2.028892E+01
       572  1.121841E+01
       573  4.925871E+00
       574  1.377339E+00
       575  5.525308E-01
       576  2.028892E+01
       577  1.121841E+01
       578  4.925871E+00
       579  1.377339E+00
       580  5.525308E-01
       581  1.196924E+00
       582  2.217448E+00
       583  1.202938E+00
       584  2.222313E+00
       585  1.212829E+00
       586  2.234289E+00
       587  1.248196E+00
       588  2.243336E+00
       589  4.502624E-01
       590  8.077051E-01
       591  4.502624E-01
       592  8.077051E-01
       593  1.248196E+00
       594  2.243336E+00
       595  1.212829E+00
       596  2.234289E+00
       597  1.202938E+00
       598  2.222313E+00
       599  1.196924E+00
       600  2.217448E+00
       601  1.834413E+01
       602  1.014936E+01
       603  4.467547E+00
       604  1.264604E+00
       605  5.205066E-01
       606  1.834413E+01
       607  1.014936E+01
       608  4.467547E+00
       609  1.264604E+00
       610  5.205066E-01
       611  1.081691E+00
       612  2.004374E+00
       613  1.087703E+00
       614  2.009228E+00
       615  1.097583E+00
       616  2.021176E+00
       617  1.132878E+00
       618  2.030202E+00
       619  4.083958E-01
       620  7.302883E-01
       621  4.083958E-01
       622  7.302883E-01
       623  1.132878E+00
       624  2.030202E+00
       625  1.097583E+00
       626  2.021176E+00
       627  1.087703E+00
       628  2.009228E+00
       629  1.081691E+00
       630  2.004374E+00
       631  1.650491E+01
       632  9.138381E+00
       633  4.034163E+00
       634  1.158056E+00
       635  4.902862E-01
       636  1.650491E+01
       637  9.138381E+00
       638  4.034163E+00
       639  1.158056E+00
       640  4.902862E-01
       641  9.728001E-01
       642  1.802943E+00
       643  9.788079E-01
       644  1.807785E+00
       645  9.886746E-01
       646  1.819704E+00
       647  1.023896E+00
       648  1.828709E+00
       649  3.688292E-01
       650  6.571002E-01
       651  3.688292E-01
       652  6.571002E-01
       653  1.023896E+00
       654  1.828709E+00
       655  9.886746E-01
       656  1.819704E+00
       657  9.788079E-01
       658  1.807785E+00
       659  9.728001E-01
       660  1.802943E+00
       661  1.477000E+01
       662  8.184772E+00
       663  3.625409E+00
       664  1.057608E+00
       665  4.618358E-01
       666  1.477000E+01
       667  8.184772E+00
       668  3.625409E+00
       669  1.057608E+00
       670  4.618358E-01
       671  8.701664E-01
       672  1.613007E+00
       673  8.761684E-01
       674  1.617836E+00
       675  8.860195E-01
       676  1.629724E+00
       677  9.211639E-01
       678  1.638706E+00
       679  3.315311E-01
       680  5.880864E-01
       681  3.315311E-01
       682  5.880864E-01
       683  9.211639E-01
       684  1.638706E+00
       685  8.860195E-01
       686  1.629724E+00
       687  8.761684E-01
       688  1.617836E+00
       689  8.701664E-01
       690  1.613007E+00
       691  1.313814E+01
       692  7.287842E+00
       693  3.240981E+00
       694  9.631763E-01
       695  4.351213E-01
       696  1.313814E+01
       697  7.287842E+00
       698  3.240981E+00
       699  9.631763E-01
       700  4.351213E-01
       701  7.737099E-01
       702  1.434403E+00
       703  7.797024E-01
       704  1.439223E+00
       705  7.895339E-01
       706  1.451084E+00
       707  8.245974E-01
       708  1.460045E+00
       709  2.964708E-01
       710  5.231930E-01
       711  2.964708E-01
       712  5.231930E-01
       713  8.245974E-01
       714  1.460045E+00
       715  7.895339E-01
       716  1.451084E+00
       717  7.797024E-01
       718  1.439223E+00
       719  7.737099E-01
       720  1.434403E+00
       721  1.160811E+01
       722  6.446914E+00
       723  2.880577E+00
       724  8.746717E-01
       725  4.101080E-01
       726  1.160811E+01
       727  6.446914E+00
       728  2.880577E+00
       729  8.746717E-01
       730  4.101080E-01
       731  6.833538E-01
       732  1.266956E+00
       733  6.893296E-01
       734  1.271783E+00
       735  6.991354E-01
       736  1.283633E+00
       737  7.341133E-01
       738  1.292579E+00
       739  2.636188E-01
       740  4.623680E-01
       741  2.636188E-01
       742  4.623680E-01
       743  7.341133E-01
       744  1.292579E+00
       745  6.991354E-01
       746  1.283633E+00
       747  6.893296E-01
       748  1.271783E+00
       749  6.833538E-01
       750  1.266956E+00
       751  1.017876E+01
       752  5.661328E+00
       753  2.543894E+00
       754  7.920031E-01
       755  3.867624E-01
       756  1.017876E+01
       757  5.661328E+00
       758  2.543894E+00
       759  7.920031E-01
       760  3.867624E-01
       761  5.990230E-01
       762  1.110471E+00
       763  6.049701E-01
       764  1.115342E+00
       765  6.147423E-01
       766  1.127217E+00
       767  6.496307E-01
       768  1.136170E+00
       769  2.329473E-01
       770  4.055616E-01
       771  2.329473E-01
       772  4.055616E-01
       773  6.496307E-01
       774  1.136170E+00
       775  6.147423E-01
       776  1.127217E+00
       777  6.049701E-01
       778  1.115342E+00
       779  5.990230E-01
       780  1.110471E+00
       781  8.848956E+00
       782  4.930441E+00
       783  2.230628E+00
       784  7.150760E-01
       785  3.650550E-01
       786  8.848956E+00
       787  4.930441E+00
       788  2.230628E+00
       789  7.150760E-01
       790  3.650550E-01
       791  5.206412E-01
       792  9.647399E-01
       793  5.265416E-01
       794  9.697206E-01
       795  5.362718E-01
       796  9.816885E-01
       797  5.710722E-01
       798  9.906866E-01
       799  2.044318E-01
       800  3.527278E-01
       801  2.044318E-01
       802  3.527278E-01
       803  5.710722E-01
       804  9.906866E-01
       805  5.362718E-01
       806  9.816885E-01
       807  5.265416E-01
       808  9.697206E-01
       809  5.206412E-01
       810  9.647399E-01
       811  7.617643E+00
       812  4.253615E+00
       813  1.940474E+00
       814  6.437972E-01
       815  3.449683E-01
       816  7.617643E+00
       817  4.253615E+00
       818  1.940474E+00
       819  6.437972E-01
       820  3.449683E-01
       821  4.481235E-01
       822  8.295529E-01
       823  4.539539E-01
       824  8.347454E-01
       825  4.636377E-01
       826  8.469130E-01
       827  4.983648E-01
       828  8.560165E-01
       829  1.780519E-01
       830  3.038260E-01
       831  1.780519E-01
       832  3.038260E-01
       833  4.983648E-01
       834  8.560165E-01
       835  4.636377E-01
       836  8.469130E-01
       837  4.539539E-01
       838  8.347454E-01
       839  4.481235E-01
       840  8.295529E-01
       841  6.483774E+00
       842  3.630210E+00
       843  1.673121E+00
       844  5.780865E-01
       845  3.265106E-01
       846  6.483774E+00
       847  3.630210E+00
       848  1.673121E+00
       849  5.780865E-01
       850  3.265106E-01
       851  3.813654E-01
       852  7.047442E-01
       853  3.871021E-01
       854  7.102788E-01
       855  3.967469E-01
       856  7.227842E-01
       857  4.314423E-01
       858  7.320713E-01
       859  1.537925E-01
       860  2.588218E-01
       861  1.537925E-01
       862  2.588218E-01
       863  4.314423E-01
       864  7.320713E-01
       865  3.967469E-01
       866  7.227842E-01
       867  3.871021E-01
       868  7.102788E-01
       869  3.813654E-01
       870  7.047442E-01
       871  5.446252E+00
       872  3.059549E+00
       873  1.428272E+00
       874  5.179022E-01
       875  3.097384E-01
       876  5.446252E+00
       877  3.059549E+00
       878  1.428272E+00
       879  5.179022E-01
       880  3.097384E-01
       881  3.202282E-01
       882  5.902682E-01
       883  3.258600E-01
       884  5.962662E-01
       885  3.354989E-01
       886  6.092451E-01
       887  3.702490E-01
       888  6.187918E-01
       889  1.316433E-01
       890  2.176869E-01
       891  1.316433E-01
       892  2.176869E-01
       893  3.702490E-01
       894  6.187918E-01
       895  3.354989E-01
       896  6.092451E-01
       897  3.258600E-01
       898  5.962662E-01
       899  3.202282E-01
       900  5.902682E-01
       901  4.503805E+00
       902  2.540882E+00
       903  1.205656E+00
       904  4.632843E-01
       905  2.947923E-01
       906  4.503805E+00
       907  2.540882E+00
       908  1.205656E+00
       909  4.632843E-01
       910  2.947923E-01
       911  2.645234E-01
       912  4.863136E-01
       913  2.700771E-01
       914  4.928006E-01
       915  2.797898E-01
       916  5.063060E-01
       917  3.147493E-01
       918  5.161458E-01
       919  1.115959E-01
       920  1.803968E-01
       921  1.115959E-01
       922  1.803968E-01
       923  3.147493E-01
       924  5.161458E-01
       925  2.797898E-01
       926  5.063060E-01
       927  2.700771E-01
       928  4.928006E-01
       929  2.645234E-01
       930  4.863136E-01
       931  3.654818E+00
       932  2.073350E+00
       933  1.005067E+00
       934  4.144153E-01
       935  2.819416E-01
       936  3.654818E+00
       937  2.073350E+00
       938  1.005067E+00
       939  4.144153E-01
       940  2.819416E-01
       941  2.140066E-01
       942  3.934275E-01
       943  2.195912E-01
       944  4.001769E-01
       945  2.295330E-01
       946  4.140412E-01
       947  2.649493E-01
       948  4.241041E-01
       949  9.363602E-02
       950  1.469242E-01
       951  9.363602E-02
       952  1.469242E-01
       953  2.649493E-01
       954  4.241041E-01
       955  2.295330E-01
       956  4.140412E-01
       957  2.195912E-01
       958  4.001769E-01
       959  2.140066E-01
       960  3.934275E-01
       961  2.897166E+00
       962  1.655975E+00
       963  8.264413E-01
       964  3.716910E-01
       965  2.716173E-01
       966  2.897166E+00
       967  1.655975E+00
       968  8.264413E-01
       969  3.716910E-01
       970  2.716173E-01
       971  1.684113E-01
       972  3.125866E-01
       973  1.742822E-01
       974  3.188856E-01
       975  1.847136E-01
       976  3.325276E-01
       977  2.209286E-01
       978  3.425722E-01
       979  7.773040E-02
       980  1.172232E-01
       981  7.773040E-02
       982  1.172232E-01
       983  2.209286E-01
       984  3.425722E-01
       985  1.847136E-01
       986  3.325276E-01
       987  1.742822E-01
       988  3.188856E-01
       989  1.684113E-01
       990  3.125866E-01
       991  2.228084E+00
       992  1.287782E+00
       993  6.700231E-01
       994  3.357674E-01
       995  2.643419E-01
       996  2.228084E+00
       997  1.287782E+00
       998  6.700231E-01
       999  3.357674E-01
      1000  2.643419E-01
      1001  1.276399E-01
      1002  2.451545E-01
      1003  1.342628E-01
      1004  2.495045E-01
      1005  1.455265E-01
      1006  2.616893E-01
      1007  1.828631E-01
      1008  2.712400E-01
      1009  6.380229E-02
      1010  9.118848E-02
      1011  6.380229E-02
      1012  9.118848E-02
      1013  1.828631E-01
      1014  2.712400E-01
      1015  1.455265E-01
      1016  2.616893E-01
      1017  1.342628E-01
      1018  2.495045E-01
      1019  1.276399E-01
      1020  2.451545E-01
      1021  1.644110E+00
      1022  9.681935E-01
      1023  5.367186E-01
      1024  3.074831E-01
      1025  2.603442E-01
      1026  1.644110E+00
      1027  9.681935E-01
      1028  5.367186E-01
      1029  3.074831E-01
      1030  2.603442E-01
      1031  9.248678E-02
      1032  1.927970E-01
      1033  1.004813E-01
      1034  1.925742E-01
      1035  1.127320E-01
      1036  2.011048E-01
      1037  1.510186E-01
      1038  2.093664E-01
      1039  5.168960E-02
      1040  6.858805E-02
      1041  5.168960E-02
      1042  6.858805E-02
      1043  1.510186E-01
      1044  2.093664E-01
      1045  1.127320E-01
      1046  2.011048E-01
      1047  1.004813E-01
      1048  1.925742E-01
      1049  9.248678E-02
      1050  1.927970E-01
      1051  1.141255E+00
      1052  6.978606E-01
      1053  4.285218E-01
      1054  2.874920E-01
      1055  2.585946E-01
      1056  1.141255E+00
      1057  6.978606E-01
      1058  4.285218E-01
      1059  2.874920E-01
      1060  2.585946E-01
      1061  6.667408E-02
      1062  1.578928E-01
      1063  7.641243E-02
      1064  1.490063E-01
      1065  8.869130E-02
      1066  1.502666E-01
      1067  1.260713E-01
      1068  1.558863E-01
      1069  4.111018E-02
      1070  4.908562E-02
      1071  4.111018E-02
      1072  4.908562E-02
      1073  1.260713E-01
      1074  1.558863E-01
      1075  8.869130E-02
      1076  1.502666E-01
      1077  7.641243E-02
      1078  1.490063E-01
      1079  6.667408E-02
      1080  1.578928E-01
      1081  7.165091E-01
      1082  4.791556E-01
      1083  3.478435E-01
      1084  2.752161E-01
      1085  2.561549E-01
      1086  7.165091E-01
      1087  4.791556E-01
      1088  3.478435E-01
      1089  2.752161E-01
      1090  2.561549E-01
      1091  6.082717E-02
      1092  1.444772E-01
      1093  7.163256E-02
      1094  1.220529E-01
      1095  8.003919E-02
      1096  1.108926E-01
      1097  1.115624E-01
      1098  1.118072E-01
      1099  3.171836E-02
      1100  3.322276E-02
      1101  3.171836E-02
      1102  3.322276E-02
      1103  1.115624E-01
      1104  1.118072E-01
      1105  8.003919E-02
      1106  1.108926E-01
      1107  7.163256E-02
      1108  1.220529E-01
      1109  6.082717E-02
      1110  1.444772E-01
      1111  3.753096E-01
      1112  3.133033E-01
      1113  2.927553E-01
      1114  2.689345E-01
      1115  2.512001E-01
      1116  3.753096E-01
      1117  3.133033E-01
      1118  2.927553E-01
      1119  2.689345E-01
      1120  2.512001E-01
      1121  9.216672E-02
      1122  1.568431E-01
      1123  1.041789E-01
      1124  1.209508E-01
      1125  1.037192E-01
      1126  9.514315E-02
      1127  1.256148E-01
      1128  9.035386E-02
      1129  2.417570E-02
      1130  2.707916E-02
      1131  2.417570E-02
      1132  2.707916E-02
      1133  1.256148E-01
      1134  9.035386E-02
      1135  1.037192E-01
      1136  9.514315E-02
      1137  1.041789E-01
      1138  1.209508E-01
      1139  9.216672E-02
      1140  1.568431E-01
      1141  1.383499E-01
      1142  1.871380E-01
      1143  2.433318E-01
      1144  2.672705E-01
      1145  2.596641E-01
      1146  1.383499E-01
      1147  1.871380E-01
      1148  2.433318E-01
      1149  2.672705E-01
      1150  2.596641E-01
      1151  1.551099E-01
      1152  1.790492E-01
      1153  1.781215E-01
      1154  1.489469E-01
      1155  1.835336E-01
      1156  1.345203E-01
      1157  2.326753E-01
      1158  1.491710E-01
      1159  2.169155E-02
      1160  6.209298E-02
      1161  2.169155E-02
      1162  6.209298E-02
      1163  2.326753E-01
      1164  1.491710E-01
      1165  1.835336E-01
      1166  1.345203E-01
      1167  1.781215E-01
      1168  1.489469E-01
      1169  1.551099E-01
      1170  1.790492E-01
      1171  2.604862E-02
      1172  8.218374E-02
      1173  1.705788E-01
      1174  2.811661E-01
      1175  4.116937E-01
      1176  2.604862E-02
      1177  8.218374E-02
      1178  1.705788E-01
      1179  2.811661E-01
      1180  4.116937E-01
      1181  1.849810E-01
      1182  1.715144E-01
      1183  2.304814E-01
      1184  1.732772E-01
      1185  3.178692E-01
      1186  2.559485E-01
      1187  7.113316E-01
      1188  5.284339E-01
      1189  4.429663E-02
      1190  3.305142E-01
      1191  4.429663E-02
      1192  3.305142E-01
      1193  7.113316E-01
      1194  5.284339E-01
      1195  3.178692E-01
      1196  2.559485E-01
      1197  2.304814E-01
      1198  1.732772E-01
      1199  1.849810E-01
      1200  1.715144E-01
      1201  2.198158E-04
      1202  4.988889E-03
      1203  2.734062E-02
      1204  1.155916E-01
      1205  3.200060E-01
      1206  2.198158E-04
      1207  4.988889E-03
      1208  2.734062E-02
      1209  1.155916E-01
      1210  3.200060E-01
      1211  7.143952E-02
      1212  1.054747E-01
      1213  1.008990E-01
      1214  1.026021E-01
      1215  1.851150E-01
      1216  2.307864E-01
      1217  7.246075E-01
      1218  6.445219E-01
      1219  5.910183E-02
      1220  4.779265E-01
      1221  5.910183E-02
      1222  4.779265E-01
      1223  7.246075E-01
      1224  6.445219E-01
      1225  1.851150E-01
      1226  2.307864E-01
      1227  1.008990E-01
      1228  1.026021E-01
      1229  7.143952E-02
      1230  1.054747E-01

                                INCREMENT     4


 displacements (vx,vy,vz) for set TIP_TOP and time  0.2750000E+00

      1991  1.260049E-01 -3.514465E-03 -4.479261E+00
      1992  1.258511E-01 -3.446807E-03 -4.471065E+00
      1995  1.255353E-01 -3.326553E-03 -4.462995E+00
      1998  1.252673E-01 -2.688541E-03 -4.455604E+00
      2000  1.251517E-01 -1.056279E-03 -4.450977E+00
      2002  1.251189E-01  1.380127E-14 -4.450741E+00
      2004  1.251517E-01  1.056279E-03 -4.450977E+00
      2007  1.252673E-01  2.688541E-03 -4.455604E+00
      2010  1.255353E-01  3.326553E-03 -4.462995E+00
      2013  1.258511E-01  3.446807E-03 -4.471065E+00
      2016  1.260049E-01  3.514465E-03 -4.479261E+00

 forces (fx,fy,fz) for set CLAMP and time  0.2750000E+00

         1  6.958732E+03  6.532928E+03  2.780879E+03
         4  1.257003E+04  1.796329E-09  5.551617E+03
         5  9.233373E+03  9.969842E+03  1.373553E+01
         8  1.625459E+04  1.375274E-09  5.415552E+01
         9  6.199163E+03  6.564198E+03 -2.822886E+02
        12  1.082083E+04  3.650282E-09 -5.392513E+02
        13  3.489675E+03  3.641747E+03 -5.293362E+02
        16  6.069336E+03 -1.416635E-10 -1.030502E+03
        17  8.347692E+02  8.196975E+02 -5.901780E+02
        20  1.427641E+03 -2.121242E-09 -1.159490E+03
        21 -1.428382E+03 -6.155169E+02 -1.581125E+03
        24 -1.569602E+03 -1.128045E-09 -7.403600E+02
        26  6.958732E+03 -6.532928E+03  2.780879E+03
        28  9.233373E+03 -9.969842E+03  1.373553E+01
        30  6.199163E+03 -6.564198E+03 -2.822886E+02
        32  3.489675E+03 -3.641747E+03 -5.293362E+02
        34  8.347692E+02 -8.196975E+02 -5.901780E+02
        36 -1.428382E+03  6.155169E+02 -1.581125E+03
        37 -1.363221E+03 -7.253166E+02 -1.570984E+03
        40 -1.512678E+03 -2.931573E+02 -2.592792E+03
        41 -3.546712E+03 -1.753244E+03 -5.921756E+02
        44 -5.106194E+03 -6.929531E+02 -1.128752E+03
        45 -2.542082E+03 -1.033535E+03  1.969043E+03
        48 -4.299673E+03 -4.006149E+02  3.604270E+03
        50 -1.189466E+03 -2.821300E+02 -2.341425E+03
        52 -4.876640E+03 -6.155201E+02 -1.162519E+03
        54 -4.415654E+03 -3.339308E+02  3.512766E+03
        56 -1.164913E+03 -2.080216E+02 -2.353757E+03
        58 -4.979175E+03 -4.218777E+02 -1.171211E+03
        60 -4.569072E+03 -2.175521E+02  3.593422E+03
        62 -3.502714E+03 -1.625758E+02 -7.521438E+02
        64 -3.200245E+03 -7.870801E+01  2.523396E+03
        66 -1.889169E+03 -3.082880E-09 -3.878116E+02
        68 -1.721440E+03 -2.716356E-10  1.363387E+03
        70 -3.502714E+03  1.625758E+02 -7.521438E+02
        72 -3.200245E+03  7.870801E+01  2.523396E+03
        74 -1.164913E+03  2.080216E+02 -2.353757E+03
        76 -4.979175E+03  4.218777E+02 -1.171211E+03
        78 -4.569072E+03  2.175521E+02  3.593422E+03
        80 -1.189466E+03  2.821300E+02 -2.341425E+03
        82 -4.876640E+03  6.155201E+02 -1.162519E+03
        84 -4.415654E+03  3.339308E+02  3.512766E+03
        86 -1.512678E+03  2.931573E+02 -2.592792E+03
        88 -5.106194E+03  6.929531E+02 -1.128752E+03
        90 -4.299673E+03  4.006149E+02  3.604270E+03
        92 -1.363221E+03  7.253166E+02 -1.570984E+03
        94 -3.546712E+03  1.753244E+03 -5.921756E+02
        96 -2.542082E+03  1.033535E+03  1.969043E+03

 internal energy (element, energy) for set EALL and time  0.2750000E+00

         1  1.363702E+02
         2  6.288870E+01
         3  2.518982E+01
         4  5.641860E+00
         5  1.373869E+00
         6  1.363702E+02
         7  6.288870E+01
         8  2.518982E+01
         9  5.641860E+00
        10  1.373869E+00
        11  8.121700E+00
        12  1.486108E+01
        13  6.229823E+00
        14  1.276513E+01
        15  5.962813E+00
        16  1.277860E+01
        17  6.283903E+00
        18  1.327809E+01
        19  2.387763E+00
        20  4.963214E+00
        21  2.387763E+00
        22  4.963214E+00
        23  6.283903E+00
        24  1.327809E+01
        25  5.962813E+00
        26  1.277860E+01
        27  6.229823E+00
        28  1.276513E+01
        29  8.121700E+00
        30  1.486108E+01
        31  1.383443E+02
        32  7.852304E+01
        33  3.213754E+01
        34  7.569880E+00
        35  2.245024E+00
        36  1.383443E+02
        37  7.852304E+01
        38  3.213754E+01
        39  7.569880E+00
        40  2.245024E+00
        41  6.895689E+00
        42  1.434946E+01
        43  7.501763E+00
        44  1.514349E+01
        45  7.490892E+00
        46  1.509428E+01
        47  7.967361E+00
        48  1.558699E+01
        49  3.028513E+00
        50  5.787785E+00
        51  3.028513E+00
        52  5.787785E+00
        53  7.967361E+00
        54  1.558699E+01
        55  7.490892E+00
        56  1.509428E+01
        57  7.501763E+00
        58  1.514349E+01
        59  6.895689E+00
        60  1.434946E+01
        61  1.449883E+02
        62  8.218281E+01
        63  3.601819E+01
        64  9.102984E+00
        65  2.988769E+00
        66  1.449883E+02
        67  8.218281E+01
        68  3.601819E+01
        69  9.102984E+00
        70  2.988769E+00
        71  7.345970E+00
        72  1.500424E+01
        73  8.198807E+00
        74  1.613714E+01
        75  8.671719E+00
        76  1.676553E+01
        77  9.061029E+00
        78  1.721847E+01
        79  3.339674E+00
        80  6.321053E+00
        81  3.339674E+00
        82  6.321053E+00
        83  9.061029E+00
        84  1.721847E+01
        85  8.671719E+00
        86  1.676553E+01
        87  8.198807E+00
        88  1.613714E+01
        89  7.345970E+00
        90  1.500424E+01
        91  1.640271E+02
        92  9.174377E+01
        93  4.021679E+01
        94  1.056543E+01
        95  3.713661E+00
        96  1.640271E+02
        97  9.174377E+01
        98  4.021679E+01
        99  1.056543E+01
       100  3.713661E+00
       101  9.304037E+00
       102  1.690883E+01
       103  9.814848E+00
       104  1.763652E+01
       105  1.025023E+01
       106  1.825742E+01
       107  1.049753E+01
       108  1.855425E+01
       109  3.787024E+00
       110  6.729931E+00
       111  3.787024E+00
       112  6.729931E+00
       113  1.049753E+01
       114  1.855425E+01
       115  1.025023E+01
       116  1.825742E+01
       117  9.814848E+00
       118  1.763652E+01
       119  9.304037E+00
       120  1.690883E+01
       121  1.552876E+02
       122  8.580960E+01
       123  3.727029E+01
       124  9.663821E+00
       125  3.255420E+00
       126  1.552876E+02
       127  8.580960E+01
       128  3.727029E+01
       129  9.663821E+00
       130  3.255420E+00
       131  9.053409E+00
       132  1.675388E+01
       133  9.226362E+00
       134  1.701328E+01
       135  9.411801E+00
       136  1.728585E+01
       137  9.578480E+00
       138  1.741680E+01
       139  3.472116E+00
       140  6.310615E+00
       141  3.472116E+00
       142  6.310615E+00
       143  9.578480E+00
       144  1.741680E+01
       145  9.411801E+00
       146  1.728585E+01
       147  9.226362E+00
       148  1.701328E+01
       149  9.053409E+00
       150  1.675388E+01
       151  1.463746E+02
       152  8.065602E+01
       153  3.490021E+01
       154  9.021383E+00
       155  3.002224E+00
       156  1.463746E+02
       157  8.065602E+01
       158  3.490021E+01
       159  9.021383E+00
       160  3.002224E+00
       161  8.648937E+00
       162  1.614034E+01
       163  8.686810E+00
       164  1.616221E+01
       165  8.757968E+00
       166  1.621788E+01
       167  8.882709E+00
       168  1.624124E+01
       169  3.225989E+00
       170  5.878289E+00
       171  3.225989E+00
       172  5.878289E+00
       173  8.882709E+00
       174  1.624124E+01
       175  8.757968E+00
       176  1.621788E+01
       177  8.686810E+00
       178  1.616221E+01
       179  8.648937E+00
       180  1.614034E+01
       181  1.376077E+02
       182  7.581618E+01
       183  3.280126E+01
       184  8.492585E+00
       185  2.829523E+00
       186  1.376077E+02
       187  7.581618E+01
       188  3.280126E+01
       189  8.492585E+00
       190  2.829523E+00
       191  8.160134E+00
       192  1.524875E+01
       193  8.170630E+00
       194  1.521107E+01
       195  8.205061E+00
       196  1.520075E+01
       197  8.306389E+00
       198  1.519710E+01
       199  3.013470E+00
       200  5.498888E+00
       201  3.013470E+00
       202  5.498888E+00
       203  8.306389E+00
       204  1.519710E+01
       205  8.205061E+00
       206  1.520075E+01
       207  8.170630E+00
       208  1.521107E+01
       209  8.160134E+00
       210  1.524875E+01
       211  1.291610E+02
       212  7.116690E+01
       213  3.080602E+01
       214  7.998679E+00
       215  2.681893E+00
       216  1.291610E+02
       217  7.116690E+01
       218  3.080602E+01
       219  7.998679E+00
       220  2.681893E+00
       221  7.661347E+00
       222  1.428248E+01
       223  7.672023E+00
       224  1.425263E+01
       225  7.697905E+00
       226  1.424438E+01
       227  7.791216E+00
       228  1.424379E+01
       229  2.824238E+00
       230  5.153418E+00
       231  2.824238E+00
       232  5.153418E+00
       233  7.791216E+00
       234  1.424379E+01
       235  7.697905E+00
       236  1.424438E+01
       237  7.672023E+00
       238  1.425263E+01
       239  7.661347E+00
       240  1.428248E+01
       241  1.210135E+02
       242  6.668517E+01
       243  2.888325E+01
       244  7.524193E+00
       245  2.545659E+00
       246  1.210135E+02
       247  6.668517E+01
       248  2.888325E+01
       249  7.524193E+00
       250  2.545659E+00
       251  7.174860E+00
       252  1.333513E+01
       253  7.188557E+00
       254  1.332359E+01
       255  7.213735E+00
       256  1.333077E+01
       257  7.304803E+00
       258  1.333955E+01
       259  2.646203E+00
       260  4.826183E+00
       261  2.646203E+00
       262  4.826183E+00
       263  7.304803E+00
       264  1.333955E+01
       265  7.213735E+00
       266  1.333077E+01
       267  7.188557E+00
       268  1.332359E+01
       269  7.174860E+00
       270  1.333513E+01
       271  1.131547E+02
       272  6.236335E+01
       273  2.702886E+01
       274  7.066315E+00
       275  2.414799E+00
       276  1.131547E+02
       277  6.236335E+01
       278  2.702886E+01
       279  7.066315E+00
       280  2.414799E+00
       281  6.706122E+00
       282  1.243407E+01
       283  6.721275E+00
       284  1.243533E+01
       285  6.746676E+00
       286  1.245464E+01
       287  6.836954E+00
       288  1.247105E+01
       289  2.475627E+00
       290  4.511687E+00
       291  2.475627E+00
       292  4.511687E+00
       293  6.836954E+00
       294  1.247105E+01
       295  6.746676E+00
       296  1.245464E+01
       297  6.721275E+00
       298  1.243533E+01
       299  6.706122E+00
       300  1.243407E+01
       301  1.055805E+02
       302  5.819905E+01
       303  2.524205E+01
       304  6.625049E+00
       305  2.288385E+00
       306  1.055805E+02
       307  5.819905E+01
       308  2.524205E+01
       309  6.625049E+00
       310  2.288385E+00
       311  6.255154E+00
       312  1.158057E+01
       313  6.270542E+00
       314  1.158858E+01
       315  6.295849E+00
       316  1.161471E+01
       317  6.385556E+00
       318  1.163546E+01
       319  2.311390E+00
       320  4.208706E+00
       321  2.311390E+00
       322  4.208706E+00
       323  6.385556E+00
       324  1.163546E+01
       325  6.295849E+00
       326  1.161471E+01
       327  6.270542E+00
       328  1.158858E+01
       329  6.255154E+00
       330  1.158057E+01
       331  9.829122E+01
       332  5.419195E+01
       333  2.352298E+01
       334  6.200635E+00
       335  2.166463E+00
       336  9.829122E+01
       337  5.419195E+01
       338  2.352298E+01
       339  6.200635E+00
       340  2.166463E+00
       341  5.821405E+00
       342  1.076964E+01
       343  5.836587E+00
       344  1.078065E+01
       345  5.861611E+00
       346  1.080984E+01
       347  5.950803E+00
       348  1.083247E+01
       349  2.153390E+00
       350  3.917230E+00
       351  2.153390E+00
       352  3.917230E+00
       353  5.950803E+00
       354  1.083247E+01
       355  5.861611E+00
       356  1.080984E+01
       357  5.836587E+00
       358  1.078065E+01
       359  5.821405E+00
       360  1.076964E+01
       361  9.128754E+01
       362  5.034209E+01
       363  2.187164E+01
       364  5.793090E+00
       365  2.049265E+00
       366  9.128754E+01
       367  5.034209E+01
       368  2.187164E+01
       369  5.793090E+00
       370  2.049265E+00
       371  5.404621E+00
       372  9.996429E+00
       373  5.419572E+00
       374  1.000852E+01
       375  5.444327E+00
       376  1.003874E+01
       377  5.533092E+00
       378  1.006190E+01
       379  2.001672E+00
       380  3.637351E+00
       381  2.001672E+00
       382  3.637351E+00
       383  5.533092E+00
       384  1.006190E+01
       385  5.444327E+00
       386  1.003874E+01
       387  5.419572E+00
       388  1.000852E+01
       389  5.404621E+00
       390  9.996429E+00
       391  8.456902E+01
       392  4.664895E+01
       393  2.028766E+01
       394  5.402304E+00
       395  1.936925E+00
       396  8.456902E+01
       397  4.664895E+01
       398  2.028766E+01
       399  5.402304E+00
       400  1.936925E+00
       401  5.004764E+00
       402  9.257608E+00
       403  5.019571E+00
       404  9.269926E+00
       405  5.044149E+00
       406  9.300281E+00
       407  5.132584E+00
       408  9.323383E+00
       409  1.856246E+00
       410  3.369050E+00
       411  1.856246E+00
       412  3.369050E+00
       413  5.132584E+00
       414  9.323383E+00
       415  5.044149E+00
       416  9.300281E+00
       417  5.019571E+00
       418  9.269926E+00
       419  5.004764E+00
       420  9.257608E+00
       421  7.813382E+01
       422  4.311145E+01
       423  1.877051E+01
       424  5.028129E+00
       425  1.829489E+00
       426  7.813382E+01
       427  4.311145E+01
       428  1.877051E+01
       429  5.028129E+00
       430  1.829489E+00
       431  4.621821E+00
       432  8.551162E+00
       433  4.636568E+00
       434  8.563414E+00
       435  4.661050E+00
       436  8.593590E+00
       437  4.749233E+00
       438  8.616473E+00
       439  1.717067E+00
       440  3.112220E+00
       441  1.717067E+00
       442  3.112220E+00
       443  4.749233E+00
       444  8.616473E+00
       445  4.661050E+00
       446  8.593590E+00
       447  4.636568E+00
       448  8.563414E+00
       449  4.621821E+00
       450  8.551162E+00
       451  7.197915E+01
       452  3.972807E+01
       453  1.731952E+01
       454  4.670404E+00
       455  1.726942E+00
       456  7.197915E+01
       457  3.972807E+01
       458  1.731952E+01
       459  4.670404E+00
       460  1.726942E+00
       461  4.255723E+00
       462  7.875951E+00
       463  4.270457E+00
       464  7.888077E+00
       465  4.294894E+00
       466  7.918030E+00
       467  4.382872E+00
       468  7.940701E+00
       469  1.584063E+00
       470  2.866714E+00
       471  1.584063E+00
       472  2.866714E+00
       473  4.382872E+00
       474  7.940701E+00
       475  4.294894E+00
       476  7.918030E+00
       477  4.270457E+00
       478  7.888077E+00
       479  4.255723E+00
       480  7.875951E+00
       481  6.610176E+01
       482  3.649711E+01
       483  1.593397E+01
       484  4.328957E+00
       485  1.629238E+00
       486  6.610176E+01
       487  3.649711E+01
       488  1.593397E+01
       489  4.328957E+00
       490  1.629238E+00
       491  3.906332E+00
       492  7.231309E+00
       493  3.921073E+00
       494  7.243335E+00
       495  3.945489E+00
       496  7.273108E+00
       497  4.033287E+00
       498  7.295624E+00
       499  1.457150E+00
       500  2.632374E+00
       501  1.457150E+00
       502  2.632374E+00
       503  4.033287E+00
       504  7.295624E+00
       505  3.945489E+00
       506  7.273108E+00
       507  3.921073E+00
       508  7.243335E+00
       509  3.906332E+00
       510  7.231309E+00
       511  6.049825E+01
       512  3.341674E+01
       513  1.461308E+01
       514  4.003602E+00
       515  1.536308E+00
       516  6.049825E+01
       517  3.341674E+01
       518  1.461308E+01
       519  4.003602E+00
       520  1.536308E+00
       521  3.573462E+00
       522  6.616797E+00
       523  3.588215E+00
       524  6.628762E+00
       525  3.612618E+00
       526  6.658411E+00
       527  3.700246E+00
       528  6.680825E+00
       529  1.336242E+00
       530  2.409045E+00
       531  1.336242E+00
       532  2.409045E+00
       533  3.700246E+00
       534  6.680825E+00
       535  3.612618E+00
       536  6.658411E+00
       537  3.588215E+00
       538  6.628762E+00
       539  3.573462E+00
       540  6.616797E+00
       541  5.516523E+01
       542  3.048513E+01
       543  1.335609E+01
       544  3.694139E+00
       545  1.448078E+00
       546  5.516523E+01
       547  3.048513E+01
       548  1.335609E+01
       549  3.694139E+00
       550  1.448078E+00
       551  3.256904E+00
       552  6.032059E+00
       553  3.271668E+00
       554  6.043994E+00
       555  3.296058E+00
       556  6.073559E+00
       557  3.383517E+00
       558  6.095906E+00
       559  1.221254E+00
       560  2.196577E+00
       561  1.221254E+00
       562  2.196577E+00
       563  3.383517E+00
       564  6.095906E+00
       565  3.296058E+00
       566  6.073559E+00
       567  3.271668E+00
       568  6.043994E+00
       569  3.256904E+00
       570  6.032059E+00
       571  5.009935E+01
       572  2.770045E+01
       573  1.216220E+01
       574  3.400362E+00
       575  1.364465E+00
       576  5.009935E+01
       577  2.770045E+01
       578  1.216220E+01
       579  3.400362E+00
       580  1.364465E+00
       581  2.956439E+00
       582  5.476763E+00
       583  2.971211E+00
       584  5.488682E+00
       585  2.995584E+00
       586  5.518182E+00
       587  3.082873E+00
       588  5.540479E+00
       589  1.112105E+00
       590  1.994827E+00
       591  1.112105E+00
       592  1.994827E+00
       593  3.082873E+00
       594  5.540479E+00
       595  2.995584E+00
       596  5.518182E+00
       597  2.971211E+00
       598  5.488682E+00
       599  2.956439E+00
       600  5.476763E+00
       601  4.529734E+01
       602  2.506091E+01
       603  1.103065E+01
       604  3.122063E+00
       605  1.285388E+00
       606  4.529734E+01
       607  2.506091E+01
       608  1.103065E+01
       609  3.122063E+00
       610  1.285388E+00
       611  2.671847E+00
       612  4.950570E+00
       613  2.686623E+00
       614  4.962476E+00
       615  2.710975E+00
       616  4.991916E+00
       617  2.798093E+00
       618  5.014167E+00
       619  1.008713E+00
       620  1.803655E+00
       621  1.008713E+00
       622  1.803655E+00
       623  2.798093E+00
       624  5.014167E+00
       625  2.710975E+00
       626  4.991916E+00
       627  2.686623E+00
       628  4.962476E+00
       629  2.671847E+00
       630  4.950570E+00
       631  4.075599E+01
       632  2.256473E+01
       633  9.960653E+00
       634  2.859034E+00
       635  1.210764E+00
       636  4.075599E+01
       637  2.256473E+01
       638  9.960653E+00
       639  2.859034E+00
       640  1.210764E+00
       641  2.402915E+00
       642  4.453127E+00
       643  2.417691E+00
       644  4.465016E+00
       645  2.442017E+00
       646  4.494392E+00
       647  2.528957E+00
       648  4.516595E+00
       649  9.110007E-01
       650  1.622923E+00
       651  9.110007E-01
       652  1.622923E+00
       653  2.528957E+00
       654  4.516595E+00
       655  2.442017E+00
       656  4.494392E+00
       657  2.417691E+00
       658  4.465016E+00
       659  2.402915E+00
       660  4.453127E+00
       661  3.647215E+01
       662  2.021019E+01
       663  8.951463E+00
       664  2.611063E+00
       665  1.140511E+00
       666  3.647215E+01
       667  2.021019E+01
       668  8.951463E+00
       669  2.611063E+00
       670  1.140511E+00
       671  2.149435E+00
       672  3.984065E+00
       673  2.164205E+00
       674  3.995932E+00
       675  2.188498E+00
       676  4.025241E+00
       677  2.275254E+00
       678  4.047391E+00
       679  8.188892E-01
       680  1.452497E+00
       681  8.188892E-01
       682  1.452497E+00
       683  2.275254E+00
       684  4.047391E+00
       685  2.188498E+00
       686  4.025241E+00
       687  2.164205E+00
       688  3.995932E+00
       689  2.149435E+00
       690  3.984065E+00
       691  3.244273E+01
       692  1.799557E+01
       693  8.002323E+00
       694  2.377941E+00
       695  1.074543E+00
       696  3.244273E+01
       697  1.799557E+01
       698  8.002323E+00
       699  2.377941E+00
       700  1.074543E+00
       701  1.911210E+00
       702  3.542984E+00
       703  1.925963E+00
       704  3.554839E+00
       705  1.950213E+00
       706  3.584089E+00
       707  2.036773E+00
       708  3.606189E+00
       709  7.323032E-01
       710  1.292244E+00
       711  7.323032E-01
       712  1.292244E+00
       713  2.036773E+00
       714  3.606189E+00
       715  1.950213E+00
       716  3.584089E+00
       717  1.925963E+00
       718  3.554839E+00
       719  1.911210E+00
       720  3.542984E+00
       721  2.866475E+01
       722  1.591920E+01
       723  7.112489E+00
       724  2.159450E+00
       725  1.012776E+00
       726  2.866475E+01
       727  1.591920E+01
       728  7.112489E+00
       729  2.159450E+00
       730  1.012776E+00
       731  1.688049E+00
       732  3.129452E+00
       733  1.702767E+00
       734  3.141333E+00
       735  1.726958E+00
       736  3.170561E+00
       737  1.813311E+00
       738  3.192630E+00
       739  6.511696E-01
       740  1.142036E+00
       741  6.511696E-01
       742  1.142036E+00
       743  1.813311E+00
       744  3.192630E+00
       745  1.726958E+00
       746  3.170561E+00
       747  1.702767E+00
       748  3.141333E+00
       749  1.688049E+00
       750  3.129452E+00
       751  2.513533E+01
       752  1.397947E+01
       753  6.281216E+00
       754  1.955364E+00
       755  9.551253E-01
       756  2.513533E+01
       757  1.397947E+01
       758  6.281216E+00
       759  1.955364E+00
       760  9.551253E-01
       761  1.479766E+00
       762  2.742988E+00
       763  1.494420E+00
       764  2.754984E+00
       765  1.518532E+00
       766  2.784279E+00
       767  1.604667E+00
       768  2.806368E+00
       769  5.754202E-01
       770  1.001749E+00
       771  5.754202E-01
       772  1.001749E+00
       773  1.604667E+00
       774  2.806368E+00
       775  1.518532E+00
       776  2.784279E+00
       777  1.494420E+00
       778  2.754984E+00
       779  1.479766E+00
       780  2.742988E+00
       781  2.185170E+01
       782  1.217479E+01
       783  5.507755E+00
       784  1.765451E+00
       785  9.015200E-01
       786  2.185170E+01
       787  1.217479E+01
       788  5.507755E+00
       789  1.765451E+00
       790  9.015200E-01
       791  1.286175E+00
       792  2.383076E+00
       793  1.300718E+00
       794  2.395350E+00
       795  1.324730E+00
       796  2.424880E+00
       797  1.410650E+00
       798  2.447083E+00
       799  5.049942E-01
       800  8.712715E-01
       801  5.049942E-01
       802  8.712715E-01
       803  1.410650E+00
       804  2.447083E+00
       805  1.324730E+00
       806  2.424880E+00
       807  1.300718E+00
       808  2.395350E+00
       809  1.286175E+00
       810  2.383076E+00
       811  1.881124E+01
       812  1.050358E+01
       813  4.791348E+00
       814  1.589481E+00
       815  8.519164E-01
       816  1.881124E+01
       817  1.050358E+01
       818  4.791348E+00
       819  1.589481E+00
       820  8.519164E-01
       821  1.107064E+00
       822  2.049201E+00
       823  1.121439E+00
       824  2.062003E+00
       825  1.145338E+00
       826  2.092030E+00
       827  1.231080E+00
       828  2.114495E+00
       829  4.398414E-01
       830  7.505016E-01
       831  4.398414E-01
       832  7.505016E-01
       833  1.231080E+00
       834  2.114495E+00
       835  1.145338E+00
       836  2.092030E+00
       837  1.121439E+00
       838  2.062003E+00
       839  1.107064E+00
       840  2.049201E+00
       841  1.601138E+01
       842  8.964256E+00
       843  4.131236E+00
       844  1.427256E+00
       845  8.063346E-01
       846  1.601138E+01
       847  8.964256E+00
       848  4.131236E+00
       849  1.427256E+00
       850  8.063346E-01
       851  9.421760E-01
       852  1.740952E+00
       853  9.563234E-01
       854  1.754603E+00
       855  9.801289E-01
       856  1.785468E+00
       857  1.065794E+00
       858  1.808388E+00
       859  3.799245E-01
       860  6.393550E-01
       861  3.799245E-01
       862  6.393550E-01
       863  1.065794E+00
       864  1.808388E+00
       865  9.801289E-01
       866  1.785468E+00
       867  9.563234E-01
       868  1.754603E+00
       869  9.421760E-01
       870  1.740952E+00
       871  1.344940E+01
       872  7.555159E+00
       873  3.526680E+00
       874  1.278674E+00
       875  7.649145E-01
       876  1.344940E+01
       877  7.555159E+00
       878  3.526680E+00
       879  1.278674E+00
       880  7.649145E-01
       881  7.911686E-01
       882  1.458217E+00
       883  8.050601E-01
       884  1.473016E+00
       885  8.288527E-01
       886  1.505053E+00
       887  9.146542E-01
       888  1.528615E+00
       889  3.252181E-01
       890  5.377618E-01
       891  3.252181E-01
       892  5.377618E-01
       893  9.146542E-01
       894  1.528615E+00
       895  8.288527E-01
       896  1.505053E+00
       897  8.050601E-01
       898  1.473016E+00
       899  7.911686E-01
       900  1.458217E+00
       901  1.112218E+01
       902  6.274438E+00
       903  2.977014E+00
       904  1.143833E+00
       905  7.280030E-01
       906  1.112218E+01
       907  6.274438E+00
       908  2.977014E+00
       909  1.143833E+00
       910  7.280030E-01
       911  6.535764E-01
       912  1.201461E+00
       913  6.672776E-01
       914  1.217471E+00
       915  6.912535E-01
       916  1.250810E+00
       917  7.775725E-01
       918  1.275098E+00
       919  2.757014E-01
       920  4.456618E-01
       921  2.757014E-01
       922  4.456618E-01
       923  7.775725E-01
       924  1.275098E+00
       925  6.912535E-01
       926  1.250810E+00
       927  6.672776E-01
       928  1.217471E+00
       929  6.535764E-01
       930  1.201461E+00
       931  9.025716E+00
       932  5.119970E+00
       933  2.481732E+00
       934  1.023185E+00
       935  6.962654E-01
       936  9.025716E+00
       937  5.119970E+00
       938  2.481732E+00
       939  1.023185E+00
       940  6.962654E-01
       941  5.287951E-01
       942  9.720356E-01
       943  5.425745E-01
       944  9.886959E-01
       945  5.671172E-01
       946  1.022924E+00
       947  6.545645E-01
       948  1.047763E+00
       949  2.313395E-01
       950  3.629877E-01
       951  2.313395E-01
       952  3.629877E-01
       953  6.545645E-01
       954  1.047763E+00
       955  5.671172E-01
       956  1.022924E+00
       957  5.425745E-01
       958  9.886959E-01
       959  5.287951E-01
       960  9.720356E-01
       961  7.154775E+00
       962  4.089343E+00
       963  2.040677E+00
       964  9.177074E-01
       965  6.707655E-01
       966  7.154775E+00
       967  4.089343E+00
       968  2.040677E+00
       969  9.177074E-01
       970  6.707655E-01
       971  4.161657E-01
       972  7.723531E-01
       973  4.306543E-01
       974  7.879039E-01
       975  4.564072E-01
       976  8.215848E-01
       977  5.458271E-01
       978  8.463802E-01
       979  1.920502E-01
       980  2.896264E-01
       981  1.920502E-01
       982  2.896264E-01
       983  5.458271E-01
       984  8.463802E-01
       985  4.564072E-01
       986  8.215848E-01
       987  4.306543E-01
       988  7.879039E-01
       989  4.161657E-01
       990  7.723531E-01
       991  5.502534E+00
       992  3.180151E+00
       993  1.654452E+00
       994  8.290198E-01
       995  6.527943E-01
       996  5.502534E+00
       997  3.180151E+00
       998  1.654452E+00
       999  8.290198E-01
      1000  6.527943E-01
      1001  3.154460E-01
      1002  6.057829E-01
      1003  3.317937E-01
      1004  6.165224E-01
      1005  3.596039E-01
      1006  6.466068E-01
      1007  4.517950E-01
      1008  6.701835E-01
      1009  1.576441E-01
      1010  2.253184E-01
      1011  1.576441E-01
      1012  2.253184E-01
      1013  4.517950E-01
      1014  6.701835E-01
      1015  3.596039E-01
      1016  6.466068E-01
      1017  3.317937E-01
      1018  6.165224E-01
      1019  3.154460E-01
      1020  6.057829E-01
      1021  4.060440E+00
      1022  2.390971E+00
      1023  1.325296E+00
      1024  7.591944E-01
      1025  6.429170E-01
      1026  4.060440E+00
      1027  2.390971E+00
      1028  1.325296E+00
      1029  7.591944E-01
      1030  6.429170E-01
      1031  2.285945E-01
      1032  4.764428E-01
      1033  2.483327E-01
      1034  4.758897E-01
      1035  2.785842E-01
      1036  4.969506E-01
      1037  3.731249E-01
      1038  5.173442E-01
      1039  1.277209E-01
      1040  1.694913E-01
      1041  1.277209E-01
      1042  1.694913E-01
      1043  3.731249E-01
      1044  5.173442E-01
      1045  2.785842E-01
      1046  4.969506E-01
      1047  2.483327E-01
      1048  4.758897E-01
      1049  2.285945E-01
      1050  4.764428E-01
      1051  2.818642E+00
      1052  1.723412E+00
      1053  1.058138E+00
      1054  7.098475E-01
      1055  6.385916E-01
      1056  2.818642E+00
      1057  1.723412E+00
      1058  1.058138E+00
      1059  7.098475E-01
      1060  6.385916E-01
      1061  1.648005E-01
      1062  3.902130E-01
      1063  1.888495E-01
      1064  3.682597E-01
      1065  2.191774E-01
      1066  3.713637E-01
      1067  3.114867E-01
      1068  3.852329E-01
      1069  1.015839E-01
      1070  1.213147E-01
      1071  1.015839E-01
      1072  1.213147E-01
      1073  3.114867E-01
      1074  3.852329E-01
      1075  2.191774E-01
      1076  3.713637E-01
      1077  1.888495E-01
      1078  3.682597E-01
      1079  1.648005E-01
      1080  3.902130E-01
      1081  1.769705E+00
      1082  1.183334E+00
      1083  8.589351E-01
      1084  6.795547E-01
      1085  6.325612E-01
      1086  1.769705E+00
      1087  1.183334E+00
      1088  8.589351E-01
      1089  6.795547E-01
      1090  6.325612E-01
      1091  1.503051E-01
      1092  3.570686E-01
      1093  1.769938E-01
      1094  3.016694E-01
      1095  1.977677E-01
      1096  2.740905E-01
      1097  2.756226E-01
      1098  2.763361E-01
      1099  7.837906E-02
      1100  8.212529E-02
      1101  7.837906E-02
      1102  8.212529E-02
      1103  2.756226E-01
      1104  2.763361E-01
      1105  1.977677E-01
      1106  2.740905E-01
      1107  1.769938E-01
      1108  3.016694E-01
      1109  1.503051E-01
      1110  3.570686E-01
      1111  9.270421E-01
      1112  7.737727E-01
      1113  7.229366E-01
      1114  6.640683E-01
      1115  6.203166E-01
      1116  9.270421E-01
      1117  7.737727E-01
      1118  7.229366E-01
      1119  6.640683E-01
      1120  6.203166E-01
      1121  2.276532E-01
      1122  3.876241E-01
      1123  2.573241E-01
      1124  2.989426E-01
      1125  2.562048E-01
      1126  2.351679E-01
      1127  3.102805E-01
      1128  2.233104E-01
      1129  5.973952E-02
      1130  6.693289E-02
      1131  5.973952E-02
      1132  6.693289E-02
      1133  3.102805E-01
      1134  2.233104E-01
      1135  2.562048E-01
      1136  2.351679E-01
      1137  2.573241E-01
      1138  2.989426E-01
      1139  2.276532E-01
      1140  3.876241E-01
      1141  3.417669E-01
      1142  4.622184E-01
      1143  6.009488E-01
      1144  6.599940E-01
      1145  6.411894E-01
      1146  3.417669E-01
      1147  4.622184E-01
      1148  6.009488E-01
      1149  6.599940E-01
      1150  6.411894E-01
      1151  3.830801E-01
      1152  4.425076E-01
      1153  4.399230E-01
      1154  3.681158E-01
      1155  4.533001E-01
      1156  3.324187E-01
      1157  5.746298E-01
      1158  3.685244E-01
      1159  5.359223E-02
      1160  1.533762E-01
      1161  5.359223E-02
      1162  1.533762E-01
      1163  5.746298E-01
      1164  3.685244E-01
      1165  4.533001E-01
      1166  3.324187E-01
      1167  4.399230E-01
      1168  3.681158E-01
      1169  3.830801E-01
      1170  4.425076E-01
      1171  6.435732E-02
      1172  2.030233E-01
      1173  4.213516E-01
      1174  6.944204E-01
      1175  1.016633E+00
      1176  6.435732E-02
      1177  2.030233E-01
      1178  4.213516E-01
      1179  6.944204E-01
      1180  1.016633E+00
      1181  4.568737E-01
      1182  4.238789E-01
      1183  5.692765E-01
      1184  4.282065E-01
      1185  7.851264E-01
      1186  6.323010E-01
      1187  1.756801E+00
      1188  1.305193E+00
      1189  1.094151E-01
      1190  8.162615E-01
      1191  1.094151E-01
      1192  8.162615E-01
      1193  1.756801E+00
      1194  1.305193E+00
      1195  7.851264E-01
      1196  6.323010E-01
      1197  5.692765E-01
      1198  4.282065E-01
      1199  4.568737E-01
      1200  4.238789E-01
      1201  5.431682E-04
      1202  1.232748E-02
      1203  6.755305E-02
      1204  2.855800E-01
      1205  7.905305E-01
      1206  5.431682E-04
      1207  1.232748E-02
      1208  6.755305E-02
      1209  2.855800E-01
      1210  7.905305E-01
      1211  1.765037E-01
      1212  2.607204E-01
      1213  2.492488E-01
      1214  2.535175E-01
      1215  4.572353E-01
      1216  5.700789E-01
      1217  1.789696E+00
      1218  1.591903E+00
      1219  1.459889E-01
      1220  1.180455E+00
      1221  1.459889E-01
      1222  1.180455E+00
      1223  1.789696E+00
      1224  1.591903E+00
      1225  4.572353E-01
      1226  5.700789E-01
      1227  2.492488E-01
      1228  2.535175E-01
      1229  1.765037E-01
      1230  2.607204E-01

                                INCREMENT     5


 displacements (vx,vy,vz) for set TIP_TOP and time  0.3750000E+00

      1991  1.688520E-01 -4.790546E-03 -6.107886E+00
      1992  1.686552E-01 -4.699060E-03 -6.096708E+00
      1995  1.682382E-01 -4.535752E-03 -6.085702E+00
      1998  1.678849E-01 -3.666248E-03 -6.075622E+00
      2000  1.677352E-01 -1.440503E-03 -6.069312E+00
      2002  1.676912E-01  3.792650E-14 -6.068990E+00
      2004  1.677352E-01  1.440503E-03 -6.069312E+00
      2007  1.678849E-01  3.666248E-03 -6.075622E+00
      2010  1.682382E-01  4.535752E-03 -6.085702E+00
      2013  1.686552E-01  4.699060E-03 -6.096708E+00
      2016  1.688520E-01  4.790546E-03 -6.107886E+00

 forces (fx,fy,fz) for set CLAMP and time  0.3750000E+00

         1  9.489561E+03  8.906927E+03  3.791171E+03
         4  1.714113E+04 -4.077567E-11  7.568570E+03
         5  1.259109E+04  1.359309E+04  1.818575E+01
         8  2.216485E+04 -7.696512E-11  7.284174E+01
         9  8.453341E+03  8.949971E+03 -3.854429E+02
        12  1.475521E+04  9.650240E-11 -7.363049E+02
        13  4.758494E+03  4.965391E+03 -7.221788E+02
        16  8.275936E+03 -2.385876E-10 -1.405920E+03
        17  1.138213E+03  1.117504E+03 -8.049877E+02
        20  1.946520E+03 -7.803145E-09 -1.581513E+03
        21 -1.947752E+03 -8.394522E+02 -2.156159E+03
        24 -2.140349E+03 -1.621886E-09 -1.009730E+03
        26  9.489561E+03 -8.906927E+03  3.791171E+03
        28  1.259109E+04 -1.359309E+04  1.818575E+01
        30  8.453341E+03 -8.949971E+03 -3.854429E+02
        32  4.758494E+03 -4.965391E+03 -7.221788E+02
        34  1.138213E+03 -1.117504E+03 -8.049877E+02
        36 -1.947752E+03  8.394522E+02 -2.156159E+03
        37 -1.856563E+03 -9.888856E+02 -2.141368E+03
        40 -2.058997E+03 -4.000343E+02 -3.534256E+03
        41 -4.836343E+03 -2.390858E+03 -8.081733E+02
        44 -6.963101E+03 -9.448955E+02 -1.540353E+03
        45 -3.468698E+03 -1.409620E+03  2.686144E+03
        48 -5.866895E+03 -5.459784E+02  4.916678E+03
        50 -1.619828E+03 -3.849910E+02 -3.192076E+03
        52 -6.650069E+03 -8.392730E+02 -1.585905E+03
        54 -6.023453E+03 -4.550193E+02  4.791269E+03
        56 -1.587747E+03 -2.838429E+02 -3.209420E+03
        58 -6.789839E+03 -5.751927E+02 -1.597357E+03
        60 -6.231191E+03 -2.963873E+02  4.900671E+03
        62 -4.776393E+03 -2.216373E+02 -1.025732E+03
        64 -4.363803E+03 -1.072166E+02  3.441116E+03
        66 -2.576120E+03  3.037629E-10 -5.288795E+02
        68 -2.347231E+03  3.551368E-10  1.859183E+03
        70 -4.776393E+03  2.216373E+02 -1.025732E+03
        72 -4.363803E+03  1.072166E+02  3.441116E+03
        74 -1.587747E+03  2.838429E+02 -3.209420E+03
        76 -6.789839E+03  5.751927E+02 -1.597357E+03
        78 -6.231191E+03  2.963873E+02  4.900671E+03
        80 -1.619828E+03  3.849910E+02 -3.192076E+03
        82 -6.650069E+03  8.392730E+02 -1.585905E+03
        84 -6.023453E+03  4.550193E+02  4.791269E+03
        86 -2.058997E+03  4.000343E+02 -3.534256E+03
        88 -6.963101E+03  9.448955E+02 -1.540353E+03
        90 -5.866895E+03  5.459784E+02  4.916678E+03
        92 -1.856563E+03  9.888856E+02 -2.141368E+03
        94 -4.836343E+03  2.390858E+03 -8.081733E+02
        96 -3.468698E+03  1.409620E+03  2.686144E+03

 internal energy (element, energy) for set EALL and time  0.3750000E+00

         1  2.535490E+02
         2  1.169251E+02
         3  4.683290E+01
         4  1.048886E+01
         5  2.554806E+00
         6  2.535490E+02
         7  1.169251E+02
         8  4.683290E+01
         9  1.048886E+01
        10  2.554806E+00
        11  1.509875E+01
        12  2.764665E+01
        13  1.158333E+01
        14  2.374505E+01
        15  1.108776E+01
        16  2.376599E+01
        17  1.168509E+01
        18  2.469168E+01
        19  4.440141E+00
        20  9.229058E+00
        21  4.440141E+00
        22  9.229058E+00
        23  1.168509E+01
        24  2.469168E+01
        25  1.108776E+01
        26  2.376599E+01
        27  1.158333E+01
        28  2.374505E+01
        29  1.509875E+01
        30  2.764665E+01
        31  2.572263E+02
        32  1.459907E+02
        33  5.974638E+01
        34  1.407138E+01
        35  4.174704E+00
        36  2.572263E+02
        37  1.459907E+02
        38  5.974638E+01
        39  1.407138E+01
        40  4.174704E+00
        41  1.282357E+01
        42  2.668484E+01
        43  1.395104E+01
        44  2.815999E+01
        45  1.393077E+01
        46  2.806804E+01
        47  1.481653E+01
        48  2.898459E+01
        49  5.631882E+00
        50  1.076285E+01
        51  5.631882E+00
        52  1.076285E+01
        53  1.481653E+01
        54  2.898459E+01
        55  1.393077E+01
        56  2.806804E+01
        57  1.395104E+01
        58  2.815999E+01
        59  1.282357E+01
        60  2.668484E+01
        61  2.695849E+02
        62  1.527969E+02
        63  6.696048E+01
        64  1.692083E+01
        65  5.557744E+00
        66  2.695849E+02
        67  1.527969E+02
        68  6.696048E+01
        69  1.692083E+01
        70  5.557744E+00
        71  1.366200E+01
        72  2.789752E+01
        73  1.524773E+01
        74  3.000456E+01
        75  1.612706E+01
        76  3.117420E+01
        77  1.685123E+01
        78  3.201818E+01
        79  6.210666E+00
        80  1.175470E+01
        81  6.210666E+00
        82  1.175470E+01
        83  1.685123E+01
        84  3.201818E+01
        85  1.612706E+01
        86  3.117420E+01
        87  1.524773E+01
        88  3.000456E+01
        89  1.366200E+01
        90  2.789752E+01
        91  3.049837E+02
        92  1.705734E+02
        93  7.476633E+01
        94  1.963950E+01
        95  6.905793E+00
        96  3.049837E+02
        97  1.705734E+02
        98  7.476633E+01
        99  1.963950E+01
       100  6.905793E+00
       101  1.730362E+01
       102  3.143858E+01
       103  1.825302E+01
       104  3.279256E+01
       105  1.906254E+01
       106  3.394855E+01
       107  1.952307E+01
       108  3.450231E+01
       109  7.042665E+00
       110  1.251507E+01
       111  7.042665E+00
       112  1.251507E+01
       113  1.952307E+01
       114  3.450231E+01
       115  1.906254E+01
       116  3.394855E+01
       117  1.825302E+01
       118  3.279256E+01
       119  1.730362E+01
       120  3.143858E+01
       121  2.887322E+02
       122  1.595403E+02
       123  6.928893E+01
       124  1.796379E+01
       125  6.053768E+00
       126  2.887322E+02
       127  1.595403E+02
       128  6.928893E+01
       129  1.796379E+01
       130  6.053768E+00
       131  1.683757E+01
       132  3.115142E+01
       133  1.715866E+01
       134  3.163443E+01
       135  1.750335E+01
       136  3.214242E+01
       137  1.781383E+01
       138  3.238724E+01
       139  6.457065E+00
       140  1.173519E+01
       141  6.457065E+00
       142  1.173519E+01
       143  1.781383E+01
       144  3.238724E+01
       145  1.750335E+01
       146  3.214242E+01
       147  1.715866E+01
       148  3.163443E+01
       149  1.683757E+01
       150  3.115142E+01
       151  2.721584E+02
       152  1.499583E+02
       153  6.488295E+01
       154  1.676973E+01
       155  5.582809E+00
       156  2.721584E+02
       157  1.499583E+02
       158  6.488295E+01
       159  1.676973E+01
       160  5.582809E+00
       161  1.608535E+01
       162  3.001207E+01
       163  1.615524E+01
       164  3.005295E+01
       165  1.628733E+01
       166  3.015707E+01
       167  1.651943E+01
       168  3.020118E+01
       169  5.999315E+00
       170  1.093106E+01
       171  5.999315E+00
       172  1.093106E+01
       173  1.651943E+01
       174  3.020118E+01
       175  1.628733E+01
       176  3.015707E+01
       177  1.615524E+01
       178  3.005295E+01
       179  1.608535E+01
       180  3.001207E+01
       181  2.558572E+02
       182  1.409599E+02
       183  6.098098E+01
       184  1.578685E+01
       185  5.261545E+00
       186  2.558572E+02
       187  1.409599E+02
       188  6.098098E+01
       189  1.578685E+01
       190  5.261545E+00
       191  1.517628E+01
       192  2.835549E+01
       193  1.519525E+01
       194  2.828524E+01
       195  1.525898E+01
       196  2.826615E+01
       197  1.544728E+01
       198  2.825958E+01
       199  5.604073E+00
       200  1.022545E+01
       201  5.604073E+00
       202  1.022545E+01
       203  1.544728E+01
       204  2.825958E+01
       205  1.525898E+01
       206  2.826615E+01
       207  1.519525E+01
       208  2.828524E+01
       209  1.517628E+01
       210  2.835549E+01
       211  2.401522E+02
       212  1.323160E+02
       213  5.727181E+01
       214  1.486880E+01
       215  4.986952E+00
       216  2.401522E+02
       217  1.323160E+02
       218  5.727181E+01
       219  1.486880E+01
       220  4.986952E+00
       221  1.424866E+01
       222  2.655962E+01
       223  1.426797E+01
       224  2.650367E+01
       225  1.431576E+01
       226  2.648810E+01
       227  1.448904E+01
       228  2.648694E+01
       229  5.252162E+00
       230  9.583005E+00
       231  5.252162E+00
       232  9.583005E+00
       233  1.448904E+01
       234  2.648694E+01
       235  1.431576E+01
       236  2.648810E+01
       237  1.426797E+01
       238  2.650367E+01
       239  1.424866E+01
       240  2.655962E+01
       241  2.250038E+02
       242  1.239838E+02
       243  5.369740E+01
       244  1.398684E+01
       245  4.733590E+00
       246  2.250038E+02
       247  1.239838E+02
       248  5.369740E+01
       249  1.398684E+01
       250  4.733590E+00
       251  1.334391E+01
       252  2.479853E+01
       253  1.336888E+01
       254  2.477652E+01
       255  1.341537E+01
       256  2.478947E+01
       257  1.358444E+01
       258  2.480562E+01
       259  4.921092E+00
       260  8.974526E+00
       261  4.921092E+00
       262  8.974526E+00
       263  1.358444E+01
       264  2.480562E+01
       265  1.341537E+01
       266  2.478947E+01
       267  1.336888E+01
       268  2.477652E+01
       269  1.334391E+01
       270  2.479853E+01
       271  2.103924E+02
       272  1.159490E+02
       273  5.025012E+01
       274  1.313575E+01
       275  4.490255E+00
       276  2.103924E+02
       277  1.159490E+02
       278  5.025012E+01
       279  1.313575E+01
       280  4.490255E+00
       281  1.247219E+01
       282  2.312327E+01
       283  1.249990E+01
       284  2.312502E+01
       285  1.254683E+01
       286  2.316048E+01
       287  1.271444E+01
       288  2.319077E+01
       289  4.603903E+00
       290  8.389761E+00
       291  4.603903E+00
       292  8.389761E+00
       293  1.271444E+01
       294  2.319077E+01
       295  1.254683E+01
       296  2.316048E+01
       297  1.249990E+01
       298  2.312502E+01
       299  1.247219E+01
       300  2.312327E+01
       301  1.963104E+02
       302  1.082071E+02
       303  4.692846E+01
       304  1.231555E+01
       305  4.255202E+00
       306  1.963104E+02
       307  1.082071E+02
       308  4.692846E+01
       309  1.231555E+01
       310  4.255202E+00
       311  1.163353E+01
       312  2.153627E+01
       313  1.166172E+01
       314  2.155061E+01
       315  1.170850E+01
       316  2.159877E+01
       317  1.187508E+01
       318  2.163712E+01
       319  4.298507E+00
       320  7.826418E+00
       321  4.298507E+00
       322  7.826418E+00
       323  1.187508E+01
       324  2.163712E+01
       325  1.170850E+01
       326  2.159877E+01
       327  1.166172E+01
       328  2.155061E+01
       329  1.163353E+01
       330  2.153627E+01
       331  1.827579E+02
       332  1.007574E+02
       333  4.373274E+01
       334  1.152666E+01
       335  4.028511E+00
       336  1.827579E+02
       337  1.007574E+02
       338  4.373274E+01
       339  1.152666E+01
       340  4.028511E+00
       341  1.082689E+01
       342  2.002835E+01
       343  1.085475E+01
       344  2.004832E+01
       345  1.090103E+01
       346  2.010221E+01
       347  1.106667E+01
       348  2.014408E+01
       349  4.004708E+00
       350  7.284467E+00
       351  4.004708E+00
       352  7.284467E+00
       353  1.106667E+01
       354  2.014408E+01
       355  1.090103E+01
       356  2.010221E+01
       357  1.085475E+01
       358  2.004832E+01
       359  1.082689E+01
       360  2.002835E+01
       361  1.697365E+02
       362  9.359998E+01
       363  4.066289E+01
       364  1.076913E+01
       365  3.810604E+00
       366  1.697365E+02
       367  9.359998E+01
       368  4.066289E+01
       369  1.076913E+01
       370  3.810604E+00
       371  1.005181E+01
       372  1.859055E+01
       373  1.007927E+01
       374  1.861257E+01
       375  1.012509E+01
       376  1.866843E+01
       377  1.028996E+01
       378  1.871131E+01
       379  3.722590E+00
       380  6.764075E+00
       381  3.722590E+00
       382  6.764075E+00
       383  1.028996E+01
       384  1.871131E+01
       385  1.012509E+01
       386  1.866843E+01
       387  1.007927E+01
       388  1.861257E+01
       389  1.005181E+01
       390  1.859055E+01
       391  1.572451E+02
       392  8.673389E+01
       393  3.771826E+01
       394  1.004274E+01
       395  3.601730E+00
       396  1.572451E+02
       397  8.673389E+01
       398  3.771826E+01
       399  1.004274E+01
       400  3.601730E+00
       401  9.308204E+00
       402  1.721668E+01
       403  9.335436E+00
       404  1.723919E+01
       405  9.380944E+00
       406  1.729533E+01
       407  9.545224E+00
       408  1.733813E+01
       409  3.452169E+00
       410  6.265204E+00
       411  3.452169E+00
       412  6.265204E+00
       413  9.545224E+00
       414  1.733813E+01
       415  9.380944E+00
       416  1.729533E+01
       417  9.335436E+00
       418  1.723919E+01
       419  9.308204E+00
       420  1.721668E+01
       421  1.452804E+02
       422  8.015710E+01
       423  3.489783E+01
       424  9.347226E+00
       425  3.401972E+00
       426  1.452804E+02
       427  8.015710E+01
       428  3.489783E+01
       429  9.347226E+00
       430  3.401972E+00
       431  8.596054E+00
       432  1.590301E+01
       433  8.623204E+00
       434  1.592544E+01
       435  8.668555E+00
       436  1.598129E+01
       437  8.832384E+00
       438  1.602370E+01
       439  3.193362E+00
       440  5.787657E+00
       441  3.193362E+00
       442  5.787657E+00
       443  8.832384E+00
       444  1.602370E+01
       445  8.668555E+00
       446  1.598129E+01
       447  8.623204E+00
       448  1.592544E+01
       449  8.596054E+00
       450  1.590301E+01
       451  1.338372E+02
       452  7.386681E+01
       453  3.220037E+01
       454  8.682280E+00
       455  3.211304E+00
       456  1.338372E+02
       457  7.386681E+01
       458  3.220037E+01
       459  8.682280E+00
       460  3.211304E+00
       461  7.915225E+00
       462  1.464741E+01
       463  7.942381E+00
       464  1.466966E+01
       465  7.987667E+00
       466  1.472513E+01
       467  8.151132E+00
       468  1.476716E+01
       469  2.946036E+00
       470  5.331159E+00
       471  2.946036E+00
       472  5.331159E+00
       473  8.151132E+00
       474  1.476716E+01
       475  7.987667E+00
       476  1.472513E+01
       477  7.942381E+00
       478  1.466966E+01
       479  7.915225E+00
       480  1.464741E+01
       481  1.229095E+02
       482  6.785983E+01
       483  2.962453E+01
       484  8.047586E+00
       485  3.029637E+00
       486  1.229095E+02
       487  6.785983E+01
       488  2.962453E+01
       489  8.047586E+00
       490  3.029637E+00
       491  7.265463E+00
       492  1.344867E+01
       493  7.292659E+00
       494  1.347076E+01
       495  7.337923E+00
       496  1.352592E+01
       497  7.501067E+00
       498  1.356768E+01
       499  2.710034E+00
       500  4.895420E+00
       501  2.710034E+00
       502  4.895420E+00
       503  7.501067E+00
       504  1.356768E+01
       505  7.337923E+00
       506  1.352592E+01
       507  7.292659E+00
       508  1.347076E+01
       509  7.265463E+00
       510  1.344867E+01
       511  1.124909E+02
       512  6.213279E+01
       513  2.716890E+01
       514  7.442796E+00
       515  2.856847E+00
       516  1.124909E+02
       517  6.213279E+01
       518  2.716890E+01
       519  7.442796E+00
       520  2.856847E+00
       521  6.646422E+00
       522  1.230594E+01
       523  6.673666E+00
       524  1.232796E+01
       525  6.718922E+00
       526  1.238291E+01
       527  6.881761E+00
       528  1.242449E+01
       529  2.485197E+00
       530  4.480151E+00
       531  2.485197E+00
       532  4.480151E+00
       533  6.881761E+00
       534  1.242449E+01
       535  6.718922E+00
       536  1.238291E+01
       537  6.673666E+00
       538  1.232796E+01
       539  6.646422E+00
       540  1.230594E+01
       541  1.025752E+02
       542  5.668228E+01
       543  2.483202E+01
       544  6.867542E+00
       545  2.692791E+00
       546  1.025752E+02
       547  5.668228E+01
       548  2.483202E+01
       549  6.867542E+00
       550  2.692791E+00
       551  6.057713E+00
       552  1.121857E+01
       553  6.085000E+00
       554  1.124056E+01
       555  6.130245E+00
       556  1.129538E+01
       557  6.292784E+00
       558  1.133685E+01
       559  2.271368E+00
       560  4.085075E+00
       561  2.271368E+00
       562  4.085075E+00
       563  6.292784E+00
       564  1.133685E+01
       565  6.130245E+00
       566  1.129538E+01
       567  6.085000E+00
       568  1.124056E+01
       569  6.057713E+00
       570  1.121857E+01
       571  9.315611E+01
       572  5.150492E+01
       573  2.261245E+01
       574  6.321441E+00
       575  2.537321E+00
       576  9.315611E+01
       577  5.150492E+01
       578  2.261245E+01
       579  6.321441E+00
       580  2.537321E+00
       581  5.498928E+00
       582  1.018595E+01
       583  5.526250E+00
       584  1.020794E+01
       585  5.571478E+00
       586  1.026266E+01
       587  5.733712E+00
       588  1.030404E+01
       589  2.068393E+00
       590  3.709924E+00
       591  2.068393E+00
       592  3.709924E+00
       593  5.733712E+00
       594  1.030404E+01
       595  5.571478E+00
       596  1.026266E+01
       597  5.526250E+00
       598  1.020794E+01
       599  5.498928E+00
       600  1.018595E+01
       601  8.422760E+01
       602  4.659736E+01
       603  2.050875E+01
       604  5.804108E+00
       605  2.390283E+00
       606  8.422760E+01
       607  4.659736E+01
       608  2.050875E+01
       609  5.804108E+00
       610  2.390283E+00
       611  4.969661E+00
       612  9.207435E+00
       613  4.997008E+00
       614  9.229425E+00
       615  5.042209E+00
       616  9.284051E+00
       617  5.204134E+00
       618  9.325357E+00
       619  1.876124E+00
       620  3.354438E+00
       621  1.876124E+00
       622  3.354438E+00
       623  5.204134E+00
       624  9.325357E+00
       625  5.042209E+00
       626  9.284051E+00
       627  4.997008E+00
       628  9.229425E+00
       629  4.969661E+00
       630  9.207435E+00
       631  7.578369E+01
       632  4.195632E+01
       633  1.851947E+01
       634  5.315153E+00
       635  2.251524E+00
       636  7.578369E+01
       637  4.195632E+01
       638  1.851947E+01
       639  5.315153E+00
       640  2.251524E+00
       641  4.469512E+00
       642  8.282379E+00
       643  4.496876E+00
       644  8.304358E+00
       645  4.542040E+00
       646  8.358882E+00
       647  4.703644E+00
       648  8.400106E+00
       649  1.694413E+00
       650  3.018362E+00
       651  1.694413E+00
       652  3.018362E+00
       653  4.703644E+00
       654  8.400106E+00
       655  4.542040E+00
       656  8.358882E+00
       657  4.496876E+00
       658  8.304358E+00
       659  4.469512E+00
       660  8.282379E+00
       661  6.781852E+01
       662  3.757857E+01
       663  1.664322E+01
       664  4.854189E+00
       665  2.120891E+00
       666  6.781852E+01
       667  3.757857E+01
       668  1.664322E+01
       669  4.854189E+00
       670  2.120891E+00
       671  3.998097E+00
       672  7.410090E+00
       673  4.025465E+00
       674  7.432050E+00
       675  4.070579E+00
       676  7.486463E+00
       677  4.231847E+00
       678  7.527597E+00
       679  1.523116E+00
       680  2.701446E+00
       681  1.523116E+00
       682  2.701446E+00
       683  4.231847E+00
       684  7.527597E+00
       685  4.070579E+00
       686  7.486463E+00
       687  4.025465E+00
       688  7.432050E+00
       689  3.998097E+00
       690  7.410090E+00
       691  6.032638E+01
       692  3.346095E+01
       693  1.487860E+01
       694  4.420822E+00
       695  1.998225E+00
       696  6.032638E+01
       697  3.346095E+01
       698  1.487860E+01
       699  4.420822E+00
       700  1.998225E+00
       701  3.555048E+00
       702  6.589829E+00
       703  3.582399E+00
       704  6.611784E+00
       705  3.627441E+00
       706  6.666101E+00
       707  3.788354E+00
       708  6.707148E+00
       709  1.362093E+00
       710  2.403444E+00
       711  1.362093E+00
       712  2.403444E+00
       713  3.788354E+00
       714  6.707148E+00
       715  3.627441E+00
       716  6.666101E+00
       717  3.582399E+00
       718  6.611784E+00
       719  3.555048E+00
       720  6.589829E+00
       721  5.330169E+01
       722  2.960036E+01
       723  1.322423E+01
       724  4.014650E+00
       725  1.883368E+00
       726  5.330169E+01
       727  2.960036E+01
       728  1.322423E+01
       729  4.014650E+00
       730  1.883368E+00
       731  3.140010E+00
       732  5.820789E+00
       733  3.167310E+00
       734  5.842809E+00
       735  3.212249E+00
       736  5.897097E+00
       737  3.372783E+00
       738  5.938093E+00
       739  1.211208E+00
       740  2.124118E+00
       741  1.211208E+00
       742  2.124118E+00
       743  3.372783E+00
       744  5.938093E+00
       745  3.212249E+00
       746  5.897097E+00
       747  3.167310E+00
       748  5.842809E+00
       749  3.140010E+00
       750  5.820789E+00
       751  4.673912E+01
       752  2.599379E+01
       753  1.167871E+01
       754  3.635255E+00
       755  1.776166E+00
       756  4.673912E+01
       757  2.599379E+01
       758  1.167871E+01
       759  3.635255E+00
       760  1.776166E+00
       761  2.752641E+00
       762  5.102081E+00
       763  2.779830E+00
       764  5.124328E+00
       765  2.824630E+00
       766  5.178751E+00
       767  2.984764E+00
       768  5.219788E+00
       769  1.070334E+00
       770  1.863238E+00
       771  1.070334E+00
       772  1.863238E+00
       773  2.984764E+00
       774  5.219788E+00
       775  2.824630E+00
       776  5.178751E+00
       777  2.779830E+00
       778  5.124328E+00
       779  2.752641E+00
       780  5.102081E+00
       781  4.063354E+01
       782  2.263828E+01
       783  1.024067E+01
       784  3.282204E+00
       785  1.676484E+00
       786  4.063354E+01
       787  2.263828E+01
       788  1.024067E+01
       789  3.282204E+00
       790  1.676484E+00
       791  2.392588E+00
       792  4.432743E+00
       793  2.419583E+00
       794  4.455516E+00
       795  2.464202E+00
       796  4.510386E+00
       797  2.623943E+00
       798  4.551640E+00
       799  9.393581E-01
       800  1.620594E+00
       801  9.393581E-01
       802  1.620594E+00
       803  2.623943E+00
       804  4.551640E+00
       805  2.464202E+00
       806  4.510386E+00
       807  2.419583E+00
       808  4.455516E+00
       809  2.392588E+00
       810  4.432743E+00
       811  3.498006E+01
       812  1.953091E+01
       813  8.908694E+00
       814  2.955072E+00
       815  1.584242E+00
       816  3.498006E+01
       817  1.953091E+01
       818  8.908694E+00
       819  2.955072E+00
       820  1.584242E+00
       821  2.059464E+00
       822  3.811816E+00
       823  2.086153E+00
       824  3.835582E+00
       825  2.130569E+00
       826  3.891383E+00
       827  2.289983E+00
       828  3.933129E+00
       829  8.181866E-01
       830  1.395999E+00
       831  8.181866E-01
       832  1.395999E+00
       833  2.289983E+00
       834  3.933129E+00
       835  2.130569E+00
       836  3.891383E+00
       837  2.086153E+00
       838  3.835582E+00
       839  2.059464E+00
       840  3.811816E+00
       841  2.977390E+01
       842  1.666875E+01
       843  7.681374E+00
       844  2.653490E+00
       845  1.499478E+00
       846  2.977390E+01
       847  1.666875E+01
       848  7.681374E+00
       849  2.653490E+00
       850  1.499478E+00
       851  1.752788E+00
       852  3.238538E+00
       853  1.779061E+00
       854  3.263891E+00
       855  1.823306E+00
       856  3.321256E+00
       857  1.982581E+00
       858  3.363851E+00
       859  7.067505E-01
       860  1.189296E+00
       861  7.067505E-01
       862  1.189296E+00
       863  1.982581E+00
       864  3.363851E+00
       865  1.823306E+00
       866  3.321256E+00
       867  1.779061E+00
       868  3.263891E+00
       869  1.752788E+00
       870  3.238538E+00
       871  2.501004E+01
       872  1.404870E+01
       873  6.557338E+00
       874  2.377270E+00
       875  1.422452E+00
       876  2.501004E+01
       877  1.404870E+01
       878  6.557338E+00
       879  2.377270E+00
       880  1.422452E+00
       881  1.471923E+00
       882  2.712699E+00
       883  1.497726E+00
       884  2.740194E+00
       885  1.541950E+00
       886  2.799743E+00
       887  1.701480E+00
       888  2.843536E+00
       889  6.050027E-01
       890  1.000356E+00
       891  6.050027E-01
       892  1.000356E+00
       893  1.701480E+00
       894  2.843536E+00
       895  1.541950E+00
       896  2.799743E+00
       897  1.497726E+00
       898  2.740194E+00
       899  1.471923E+00
       900  2.712699E+00
       901  2.068265E+01
       902  1.166733E+01
       903  5.535346E+00
       904  2.126594E+00
       905  1.353808E+00
       906  2.068265E+01
       907  1.166733E+01
       908  5.535346E+00
       909  2.126594E+00
       910  1.353808E+00
       911  1.216005E+00
       912  2.235166E+00
       913  1.241458E+00
       914  2.264918E+00
       915  1.286025E+00
       916  2.326892E+00
       917  1.446518E+00
       918  2.372035E+00
       919  5.129044E-01
       920  8.290653E-01
       921  5.129044E-01
       922  8.290653E-01
       923  1.446518E+00
       924  2.372035E+00
       925  1.286025E+00
       926  2.326892E+00
       927  1.241458E+00
       928  2.264918E+00
       929  1.216005E+00
       930  2.235166E+00
       931  1.678432E+01
       932  9.520692E+00
       933  4.614464E+00
       934  1.902302E+00
       935  1.294784E+00
       936  1.678432E+01
       937  9.520692E+00
       938  4.614464E+00
       939  1.902302E+00
       940  1.294784E+00
       941  9.839075E-01
       942  1.808449E+00
       943  1.009510E+00
       944  1.839417E+00
       945  1.055133E+00
       946  1.903047E+00
       947  1.217724E+00
       948  1.949219E+00
       949  4.303912E-01
       950  6.753006E-01
       951  4.303912E-01
       952  6.753006E-01
       953  1.217724E+00
       954  1.949219E+00
       955  1.055133E+00
       956  1.903047E+00
       957  1.009510E+00
       958  1.839417E+00
       959  9.839075E-01
       960  1.808449E+00
       961  1.330531E+01
       962  7.604306E+00
       963  3.794398E+00
       964  1.706212E+00
       965  1.247357E+00
       966  1.330531E+01
       967  7.604306E+00
       968  3.794398E+00
       969  1.706212E+00
       970  1.247357E+00
       971  7.744049E-01
       972  1.437037E+00
       973  8.013294E-01
       974  1.465946E+00
       975  8.492052E-01
       976  1.528564E+00
       977  1.015465E+00
       978  1.574655E+00
       979  3.573102E-01
       980  5.388517E-01
       981  3.573102E-01
       982  5.388517E-01
       983  1.015465E+00
       984  1.574655E+00
       985  8.492052E-01
       986  1.528564E+00
       987  8.013294E-01
       988  1.465946E+00
       989  7.744049E-01
       990  1.437037E+00
       991  1.023293E+01
       992  5.913703E+00
       993  3.076273E+00
       994  1.541338E+00
       995  1.213929E+00
       996  1.023293E+01
       997  5.913703E+00
       998  3.076273E+00
       999  1.541338E+00
      1000  1.213929E+00
      1001  5.870432E-01
      1002  1.127200E+00
      1003  6.174291E-01
      1004  1.147165E+00
      1005  6.691343E-01
      1006  1.203099E+00
      1007  8.405494E-01
      1008  1.246925E+00
      1009  2.933093E-01
      1010  4.192372E-01
      1011  2.933093E-01
      1012  4.192372E-01
      1013  8.405494E-01
      1014  1.246925E+00
      1015  6.691343E-01
      1016  1.203099E+00
      1017  6.174291E-01
      1018  1.147165E+00
      1019  5.870432E-01
      1020  1.127200E+00
      1021  7.551299E+00
      1022  4.446240E+00
      1023  2.464256E+00
      1024  1.411534E+00
      1025  1.195552E+00
      1026  7.551299E+00
      1027  4.446240E+00
      1028  2.464256E+00
      1029  1.411534E+00
      1030  1.195552E+00
      1031  4.254595E-01
      1032  8.866002E-01
      1033  4.621565E-01
      1034  8.855661E-01
      1035  5.184086E-01
      1036  9.247206E-01
      1037  6.942002E-01
      1038  9.626288E-01
      1039  2.376444E-01
      1040  3.153934E-01
      1041  2.376444E-01
      1042  3.153934E-01
      1043  6.942002E-01
      1044  9.626288E-01
      1045  5.184086E-01
      1046  9.247206E-01
      1047  4.621565E-01
      1048  8.855661E-01
      1049  4.254595E-01
      1050  8.866002E-01
      1051  5.242081E+00
      1052  3.204910E+00
      1053  1.967515E+00
      1054  1.319808E+00
      1055  1.187500E+00
      1056  5.242081E+00
      1057  3.204910E+00
      1058  1.967515E+00
      1059  1.319808E+00
      1060  1.187500E+00
      1061  3.067374E-01
      1062  7.261854E-01
      1063  3.514586E-01
      1064  6.853466E-01
      1065  4.078656E-01
      1066  6.911034E-01
      1067  5.795215E-01
      1068  7.168779E-01
      1069  1.890196E-01
      1070  2.257766E-01
      1071  1.890196E-01
      1072  2.257766E-01
      1073  5.795215E-01
      1074  7.168779E-01
      1075  4.078656E-01
      1076  6.911034E-01
      1077  3.514586E-01
      1078  6.853466E-01
      1079  3.067374E-01
      1080  7.261854E-01
      1081  3.291442E+00
      1082  2.200619E+00
      1083  1.597141E+00
      1084  1.263518E+00
      1085  1.176276E+00
      1086  3.291442E+00
      1087  2.200619E+00
      1088  1.597141E+00
      1089  1.263518E+00
      1090  1.176276E+00
      1091  2.796769E-01
      1092  6.645236E-01
      1093  3.293156E-01
      1094  5.614626E-01
      1095  3.679718E-01
      1096  5.101429E-01
      1097  5.127651E-01
      1098  5.142947E-01
      1099  1.458465E-01
      1100  1.528707E-01
      1101  1.458465E-01
      1102  1.528707E-01
      1103  5.127651E-01
      1104  5.142947E-01
      1105  3.679718E-01
      1106  5.101429E-01
      1107  3.293156E-01
      1108  5.614626E-01
      1109  2.796769E-01
      1110  6.645236E-01
      1111  1.724311E+00
      1112  1.439025E+00
      1113  1.344319E+00
      1114  1.234769E+00
      1115  1.153489E+00
      1116  1.724311E+00
      1117  1.439025E+00
      1118  1.344319E+00
      1119  1.234769E+00
      1120  1.153489E+00
      1121  4.234283E-01
      1122  7.213773E-01
      1123  4.786166E-01
      1124  5.563826E-01
      1125  4.765646E-01
      1126  4.377085E-01
      1127  5.771316E-01
      1128  4.156022E-01
      1129  1.111606E-01
      1130  1.245806E-01
      1131  1.111606E-01
      1132  1.245806E-01
      1133  5.771316E-01
      1134  4.156022E-01
      1135  4.765646E-01
      1136  4.377085E-01
      1137  4.786166E-01
      1138  5.563826E-01
      1139  4.234283E-01
      1140  7.213773E-01
      1141  6.357516E-01
      1142  8.596844E-01
      1143  1.117590E+00
      1144  1.227257E+00
      1145  1.192250E+00
      1146  6.357516E-01
      1147  8.596844E-01
      1148  1.117590E+00
      1149  1.227257E+00
      1150  1.192250E+00
      1151  7.124365E-01
      1152  8.235226E-01
      1153  8.181697E-01
      1154  6.850841E-01
      1155  8.430677E-01
      1156  6.185713E-01
      1157  1.068643E+00
      1158  6.855748E-01
      1159  9.970565E-02
      1160  2.852859E-01
      1161  9.970565E-02
      1162  2.852859E-01
      1163  1.068643E+00
      1164  6.855748E-01
      1165  8.430677E-01
      1166  6.185713E-01
      1167  8.181697E-01
      1168  6.850841E-01
      1169  7.124365E-01
      1170  8.235226E-01
      1171  1.197340E-01
      1172  3.776699E-01
      1173  7.837376E-01
      1174  1.291482E+00
      1175  1.890430E+00
      1176  1.197340E-01
      1177  3.776699E-01
      1178  7.837376E-01
      1179  1.291482E+00
      1180  1.890430E+00
      1181  8.497120E-01
      1182  7.888413E-01
      1183  1.058808E+00
      1184  7.968412E-01
      1185  1.460283E+00
      1186  1.176256E+00
      1187  3.267226E+00
      1188  2.427535E+00
      1189  2.035124E-01
      1190  1.518012E+00
      1191  2.035124E-01
      1192  1.518012E+00
      1193  3.267226E+00
      1194  2.427535E+00
      1195  1.460283E+00
      1196  1.176256E+00
      1197  1.058808E+00
      1198  7.968412E-01
      1199  8.497120E-01
      1200  7.888413E-01
      1201  1.010686E-03
      1202  2.293775E-02
      1203  1.256863E-01
      1204  5.312949E-01
      1205  1.470569E+00
      1206  1.010686E-03
      1207  2.293775E-02
      1208  1.256863E-01
      1209  5.312949E-01
      1210  1.470569E+00
      1211  3.283792E-01
      1212  4.852986E-01
      1213  4.636452E-01
      1214  4.717007E-01
      1215  8.504415E-01
      1216  1.060392E+00
      1217  3.328602E+00
      1218  2.960752E+00
      1219  2.715470E-01
      1220  2.195555E+00
      1221  2.715470E-01
      1222  2.195555E+00
      1223  3.328602E+00
      1224  2.960752E+00
      1225  8.504415E-01
      1226  1.060392E+00
      1227  4.636452E-01
      1228  4.717007E-01
      1229  3.283792E-01
      1230  4.852986E-01

                                INCREMENT     6


 displacements (vx,vy,vz) for set TIP_TOP and time  0.4750000E+00

      1991  2.101140E-01 -6.065601E-03 -7.736396E+00
      1992  2.098812E-01 -5.950699E-03 -7.722236E+00
      1995  2.093701E-01 -5.744699E-03 -7.708292E+00
      1998  2.089381E-01 -4.643977E-03 -7.695524E+00
      2000  2.087586E-01 -1.824789E-03 -7.687530E+00
      2002  2.087038E-01  3.339027E-14 -7.687122E+00
      2004  2.087586E-01  1.824789E-03 -7.687530E+00
      2007  2.089381E-01  4.643977E-03 -7.695524E+00
      2010  2.093701E-01  5.744699E-03 -7.708292E+00
      2013  2.098812E-01  5.950699E-03 -7.722236E+00
      2016  2.101140E-01  6.065601E-03 -7.736396E+00

 forces (fx,fy,fz) for set CLAMP and time  0.4750000E+00

         1  1.202058E+04  1.128006E+04  4.800961E+03
         4  2.171231E+04  7.914350E-10  9.584548E+03
         5  1.594886E+04  1.721517E+04  2.234557E+01
         8  2.807483E+04 -1.435605E-09  9.099105E+01
         9  1.070748E+04  1.133509E+04 -4.888656E+02
        12  1.868932E+04 -3.052752E-10 -9.338708E+02
        13  6.027225E+03  6.288695E+03 -9.152108E+02
        16  1.048230E+04  7.123807E-11 -1.781704E+03
        17  1.441597E+03  1.415168E+03 -1.019903E+03
        20  2.465255E+03  6.107052E-10 -2.003742E+03
        21 -2.467098E+03 -1.063446E+03 -2.731233E+03
        24 -2.711085E+03 -3.798709E-10 -1.279179E+03
        26  1.202058E+04 -1.128006E+04  4.800961E+03
        28  1.594886E+04 -1.721517E+04  2.234557E+01
        30  1.070748E+04 -1.133509E+04 -4.888656E+02
        32  6.027225E+03 -6.288695E+03 -9.152108E+02
        34  1.441597E+03 -1.415168E+03 -1.019903E+03
        36 -2.467098E+03  1.063446E+03 -2.731233E+03
        37 -2.348636E+03 -1.252356E+03 -2.711279E+03
        40 -2.603317E+03 -5.070573E+02 -4.474986E+03
        41 -6.125924E+03 -3.028508E+03 -1.024522E+03
        44 -8.820059E+03 -1.196816E+03 -1.952563E+03
        45 -4.396495E+03 -1.785841E+03  3.403821E+03
        48 -7.436084E+03 -6.911737E+02  6.230022E+03
        50 -2.049030E+03 -4.879948E+02 -4.042310E+03
        52 -8.423548E+03 -1.062987E+03 -2.009636E+03
        54 -7.632369E+03 -5.759261E+02  6.070371E+03
        56 -2.010169E+03 -3.597583E+02 -4.064947E+03
        58 -8.600525E+03 -7.284571E+02 -2.023635E+03
        60 -7.893644E+03 -3.750761E+02  6.208209E+03
        62 -6.050050E+03 -2.806685E+02 -1.299362E+03
        64 -5.527268E+03 -1.356651E+02  4.358899E+03
        66 -3.263059E+03  1.302552E-10 -6.699712E+02
        68 -2.972921E+03  1.827881E-10  2.354986E+03
        70 -6.050050E+03  2.806685E+02 -1.299362E+03
        72 -5.527268E+03  1.356651E+02  4.358899E+03
        74 -2.010169E+03  3.597583E+02 -4.064947E+03
        76 -8.600525E+03  7.284571E+02 -2.023635E+03
        78 -7.893644E+03  3.750761E+02  6.208209E+03
        80 -2.049030E+03  4.879948E+02 -4.042310E+03
        82 -8.423548E+03  1.062987E+03 -2.009636E+03
        84 -7.632369E+03  5.759261E+02  6.070371E+03
        86 -2.603317E+03  5.070573E+02 -4.474986E+03
        88 -8.820059E+03  1.196816E+03 -1.952563E+03
        90 -7.436084E+03  6.911737E+02  6.230022E+03
        92 -2.348636E+03  1.252356E+03 -2.711279E+03
        94 -6.125924E+03  3.028508E+03 -1.024522E+03
        96 -4.396495E+03  1.785841E+03  3.403821E+03

 internal energy (element, energy) for set EALL and time  0.4750000E+00

         1  4.067534E+02
         2  1.875729E+02
         3  7.512837E+01
         4  1.682523E+01
         5  4.099185E+00
         6  4.067534E+02
         7  1.875729E+02
         8  7.512837E+01
         9  1.682523E+01
        10  4.099185E+00
        11  2.421931E+01
        12  4.437734E+01
        13  1.858311E+01
        14  3.811076E+01
        15  1.778950E+01
        16  3.813779E+01
        17  1.874828E+01
        18  3.961798E+01
        19  7.124086E+00
        20  1.480739E+01
        21  7.124086E+00
        22  1.480739E+01
        23  1.874828E+01
        24  3.961798E+01
        25  1.778950E+01
        26  3.813779E+01
        27  1.858311E+01
        28  3.811076E+01
        29  2.421931E+01
        30  4.437734E+01
        31  4.126639E+02
        32  2.341964E+02
        33  9.583795E+01
        34  2.256896E+01
        35  6.698191E+00
        36  4.126639E+02
        37  2.341964E+02
        38  9.583795E+01
        39  2.256896E+01
        40  6.698191E+00
        41  2.057629E+01
        42  4.281743E+01
        43  2.238601E+01
        44  4.518203E+01
        45  2.235339E+01
        46  4.503379E+01
        47  2.377419E+01
        48  4.650492E+01
        49  9.036589E+00
        50  1.726909E+01
        51  9.036589E+00
        52  1.726909E+01
        53  2.377419E+01
        54  4.650492E+01
        55  2.235339E+01
        56  4.503379E+01
        57  2.238601E+01
        58  4.518203E+01
        59  2.057629E+01
        60  4.281743E+01
        61  4.324990E+02
        62  2.451181E+02
        63  1.074094E+02
        64  2.713854E+01
        65  8.917270E+00
        66  4.324990E+02
        67  2.451181E+02
        68  1.074094E+02
        69  2.713854E+01
        70  8.917270E+00
        71  2.192330E+01
        72  4.475525E+01
        73  2.446732E+01
        74  4.813653E+01
        75  2.587807E+01
        76  5.001500E+01
        77  2.704036E+01
        78  5.137191E+01
        79  9.965505E+00
        80  1.886081E+01
        81  9.965505E+00
        82  1.886081E+01
        83  2.704036E+01
        84  5.137191E+01
        85  2.587807E+01
        86  5.001500E+01
        87  2.446732E+01
        88  4.813653E+01
        89  2.192330E+01
        90  4.475525E+01
        91  4.892883E+02
        92  2.736360E+02
        93  1.199311E+02
        94  3.149928E+01
        95  1.108032E+01
        96  4.892883E+02
        97  2.736360E+02
        98  1.199311E+02
        99  3.149928E+01
       100  1.108032E+01
       101  2.776701E+01
       102  5.043582E+01
       103  2.928954E+01
       104  5.260956E+01
       105  3.058825E+01
       106  5.446658E+01
       107  3.132826E+01
       108  5.535796E+01
       109  1.130064E+01
       110  2.008090E+01
       111  1.130064E+01
       112  2.008090E+01
       113  3.132826E+01
       114  5.535796E+01
       115  3.058825E+01
       116  5.446658E+01
       117  2.928954E+01
       118  5.260956E+01
       119  2.776701E+01
       120  5.043582E+01
       121  4.632129E+02
       122  2.559362E+02
       123  1.111455E+02
       124  2.881203E+01
       125  9.713415E+00
       126  4.632129E+02
       127  2.559362E+02
       128  1.111455E+02
       129  2.881203E+01
       130  9.713415E+00
       131  2.701926E+01
       132  4.997663E+01
       133  2.753360E+01
       134  5.075265E+01
       135  2.808643E+01
       136  5.156955E+01
       137  2.858547E+01
       138  5.196448E+01
       139  1.036104E+01
       140  1.882937E+01
       141  1.036104E+01
       142  1.882937E+01
       143  2.858547E+01
       144  5.196448E+01
       145  2.808643E+01
       146  5.156955E+01
       147  2.753360E+01
       148  5.075265E+01
       149  2.701926E+01
       150  4.997663E+01
       151  4.366212E+02
       152  2.405645E+02
       153  1.040783E+02
       154  2.689715E+01
       155  8.957565E+00
       156  4.366212E+02
       157  2.405645E+02
       158  1.040783E+02
       159  2.689715E+01
       160  8.957565E+00
       161  2.581217E+01
       162  4.815106E+01
       163  2.592346E+01
       164  4.821701E+01
       165  2.613506E+01
       166  4.838502E+01
       167  2.650770E+01
       168  4.845692E+01
       169  9.626481E+00
       170  1.753884E+01
       171  9.626481E+00
       172  1.753884E+01
       173  2.650770E+01
       174  4.845692E+01
       175  2.613506E+01
       176  4.838502E+01
       177  2.592346E+01
       178  4.821701E+01
       179  2.581217E+01
       180  4.815106E+01
       181  4.104683E+02
       182  2.261291E+02
       183  9.781944E+01
       184  2.532083E+01
       185  8.441917E+00
       186  4.104683E+02
       187  2.261291E+02
       188  9.781944E+01
       189  2.532083E+01
       190  8.441917E+00
       191  2.435342E+01
       192  4.549531E+01
       193  2.438299E+01
       194  4.538232E+01
       195  2.448477E+01
       196  4.535186E+01
       197  2.478672E+01
       198  4.534169E+01
       199  8.992238E+00
       200  1.640654E+01
       201  8.992238E+00
       202  1.640654E+01
       203  2.478672E+01
       204  4.534169E+01
       205  2.448477E+01
       206  4.535186E+01
       207  2.438299E+01
       208  4.538232E+01
       209  2.435342E+01
       210  4.549531E+01
       211  3.852730E+02
       212  2.122628E+02
       213  9.186988E+01
       214  2.384846E+01
       215  8.001223E+00
       216  3.852730E+02
       217  2.122628E+02
       218  9.186988E+01
       219  2.384846E+01
       220  8.001223E+00
       221  2.286489E+01
       222  4.261540E+01
       223  2.289503E+01
       224  4.252493E+01
       225  2.297119E+01
       226  4.249961E+01
       227  2.324884E+01
       228  4.249768E+01
       229  8.427563E+00
       230  1.537572E+01
       231  8.427563E+00
       232  1.537572E+01
       233  2.324884E+01
       234  4.249768E+01
       235  2.297119E+01
       236  4.249961E+01
       237  2.289503E+01
       238  4.252493E+01
       239  2.286489E+01
       240  4.261540E+01
       241  3.609714E+02
       242  1.988968E+02
       243  8.613651E+01
       244  2.243397E+01
       245  7.594665E+00
       246  3.609714E+02
       247  1.988968E+02
       248  8.613651E+01
       249  2.243397E+01
       250  7.594665E+00
       251  2.141309E+01
       252  3.979066E+01
       253  2.145234E+01
       254  3.975447E+01
       255  2.152642E+01
       256  3.977464E+01
       257  2.179727E+01
       258  3.980026E+01
       259  7.896359E+00
       260  1.439947E+01
       261  7.896359E+00
       262  1.439947E+01
       263  2.179727E+01
       264  3.980026E+01
       265  2.152642E+01
       266  3.977464E+01
       267  2.145234E+01
       268  3.975447E+01
       269  2.141309E+01
       270  3.979066E+01
       271  3.375317E+02
       272  1.860080E+02
       273  8.060709E+01
       274  2.106899E+01
       275  7.204243E+00
       276  3.375317E+02
       277  1.860080E+02
       278  8.060709E+01
       279  2.106899E+01
       280  7.204243E+00
       281  2.001429E+01
       282  3.710320E+01
       283  2.005802E+01
       284  3.710510E+01
       285  2.013284E+01
       286  3.716131E+01
       287  2.040137E+01
       288  3.720954E+01
       289  7.387443E+00
       290  1.346131E+01
       291  7.387443E+00
       292  1.346131E+01
       293  2.040137E+01
       294  3.720954E+01
       295  2.013284E+01
       296  3.716131E+01
       297  2.005802E+01
       298  3.710510E+01
       299  2.001429E+01
       300  3.710320E+01
       301  3.149413E+02
       302  1.735890E+02
       303  7.527917E+01
       304  1.975354E+01
       305  6.827137E+00
       306  3.149413E+02
       307  1.735890E+02
       308  7.527917E+01
       309  1.975354E+01
       310  6.827137E+00
       311  1.866857E+01
       312  3.455711E+01
       313  1.871314E+01
       314  3.457924E+01
       315  1.878777E+01
       316  3.465583E+01
       317  1.905467E+01
       318  3.471702E+01
       319  6.897457E+00
       320  1.255754E+01
       321  6.897457E+00
       322  1.255754E+01
       323  1.905467E+01
       324  3.471702E+01
       325  1.878777E+01
       326  3.465583E+01
       327  1.871314E+01
       328  3.457924E+01
       329  1.866857E+01
       330  3.455711E+01
       331  2.932004E+02
       332  1.616389E+02
       333  7.015323E+01
       334  1.848833E+01
       335  6.463459E+00
       336  2.932004E+02
       337  1.616389E+02
       338  7.015323E+01
       339  1.848833E+01
       340  6.463459E+00
       341  1.737425E+01
       342  3.213776E+01
       343  1.741834E+01
       344  3.216900E+01
       345  1.749222E+01
       346  3.225486E+01
       347  1.775766E+01
       348  3.232172E+01
       349  6.426078E+00
       350  1.168809E+01
       351  6.426078E+00
       352  1.168809E+01
       353  1.775766E+01
       354  3.232172E+01
       355  1.749222E+01
       356  3.225486E+01
       357  1.741834E+01
       358  3.216900E+01
       359  1.737425E+01
       360  3.213776E+01
       361  2.723112E+02
       362  1.501575E+02
       363  6.522918E+01
       364  1.727339E+01
       365  6.113878E+00
       366  2.723112E+02
       367  1.501575E+02
       368  6.522918E+01
       369  1.727339E+01
       370  6.113878E+00
       371  1.613056E+01
       372  2.983086E+01
       373  1.617409E+01
       374  2.986550E+01
       375  1.624725E+01
       376  2.995458E+01
       377  1.651149E+01
       378  3.002309E+01
       379  5.973438E+00
       380  1.085322E+01
       381  5.973438E+00
       382  1.085322E+01
       383  1.651149E+01
       384  3.002309E+01
       385  1.624725E+01
       386  2.995458E+01
       387  1.617409E+01
       388  2.986550E+01
       389  1.613056E+01
       390  2.983086E+01
       391  2.522723E+02
       392  1.391434E+02
       393  6.050594E+01
       394  1.610840E+01
       395  5.778787E+00
       396  2.522723E+02
       397  1.391434E+02
       398  6.050594E+01
       399  1.610840E+01
       400  5.778787E+00
       401  1.493738E+01
       402  2.762652E+01
       403  1.498060E+01
       404  2.766202E+01
       405  1.505330E+01
       406  2.775162E+01
       407  1.531663E+01
       408  2.782005E+01
       409  5.539561E+00
       410  1.005287E+01
       411  5.539561E+00
       412  1.005287E+01
       413  1.531663E+01
       414  2.782005E+01
       415  1.505330E+01
       416  2.775162E+01
       417  1.498060E+01
       418  2.766202E+01
       419  1.493738E+01
       420  2.762652E+01
       421  2.330782E+02
       422  1.285932E+02
       423  5.598187E+01
       424  1.499290E+01
       425  5.458318E+00
       426  2.330782E+02
       427  1.285932E+02
       428  5.598187E+01
       429  1.499290E+01
       430  5.458318E+00
       431  1.379467E+01
       432  2.551877E+01
       433  1.383781E+01
       434  2.555422E+01
       435  1.391030E+01
       436  2.564341E+01
       437  1.417292E+01
       438  2.571124E+01
       439  5.124317E+00
       440  9.286714E+00
       441  5.124317E+00
       442  9.286714E+00
       443  1.417292E+01
       444  2.571124E+01
       445  1.391030E+01
       446  2.564341E+01
       447  1.383781E+01
       448  2.555422E+01
       449  1.379467E+01
       450  2.551877E+01
       451  2.147205E+02
       452  1.185026E+02
       453  5.165502E+01
       454  1.392643E+01
       455  5.152430E+00
       456  2.147205E+02
       457  1.185026E+02
       458  5.165502E+01
       459  1.392643E+01
       460  5.152430E+00
       461  1.270222E+01
       462  2.350419E+01
       463  1.274540E+01
       464  2.353940E+01
       465  1.281782E+01
       466  2.362803E+01
       467  1.307989E+01
       468  2.369528E+01
       469  4.727488E+00
       470  8.554327E+00
       471  4.727488E+00
       472  8.554327E+00
       473  1.307989E+01
       474  2.369528E+01
       475  1.281782E+01
       476  2.362803E+01
       477  1.274540E+01
       478  2.353940E+01
       479  1.270222E+01
       480  2.350419E+01
       481  1.971897E+02
       482  1.088664E+02
       483  4.752321E+01
       484  1.290846E+01
       485  4.860979E+00
       486  1.971897E+02
       487  1.088664E+02
       488  4.752321E+01
       489  1.290846E+01
       490  4.860979E+00
       491  1.165960E+01
       492  2.158082E+01
       493  1.170290E+01
       494  2.161585E+01
       495  1.177531E+01
       496  2.170403E+01
       497  1.203688E+01
       498  2.177086E+01
       499  4.348826E+00
       500  7.855236E+00
       501  4.348826E+00
       502  7.855236E+00
       503  1.203688E+01
       504  2.177086E+01
       505  1.177531E+01
       506  2.170403E+01
       507  1.170290E+01
       508  2.161585E+01
       509  1.165960E+01
       510  2.158082E+01
       511  1.804756E+02
       512  9.967914E+01
       513  4.358418E+01
       514  1.193845E+01
       515  4.583766E+00
       516  1.804756E+02
       517  9.967914E+01
       518  4.358418E+01
       519  1.193845E+01
       520  4.583766E+00
       521  1.066628E+01
       522  1.974731E+01
       523  1.070969E+01
       524  1.978227E+01
       525  1.078211E+01
       526  1.987016E+01
       527  1.104321E+01
       528  1.993672E+01
       529  3.988075E+00
       530  7.188980E+00
       531  3.988075E+00
       532  7.188980E+00
       533  1.104321E+01
       534  1.993672E+01
       535  1.078211E+01
       536  1.987016E+01
       537  1.070969E+01
       538  1.978227E+01
       539  1.066628E+01
       540  1.974731E+01
       541  1.645681E+02
       542  9.093546E+01
       543  3.983562E+01
       544  1.101580E+01
       545  4.320564E+00
       546  1.645681E+02
       547  9.093546E+01
       548  3.983562E+01
       549  1.101580E+01
       550  4.320564E+00
       551  9.721623E+00
       552  1.800263E+01
       553  9.765136E+00
       554  1.803760E+01
       555  9.837561E+00
       556  1.812530E+01
       557  1.009820E+01
       558  1.819170E+01
       559  3.644982E+00
       560  6.555115E+00
       561  3.644982E+00
       562  6.555115E+00
       563  1.009820E+01
       564  1.819170E+01
       565  9.837561E+00
       566  1.812530E+01
       567  9.765136E+00
       568  1.803760E+01
       569  9.721623E+00
       570  1.800263E+01
       571  1.494573E+02
       572  8.262990E+01
       573  3.627520E+01
       574  1.013990E+01
       575  4.071133E+00
       576  1.494573E+02
       577  8.262990E+01
       578  3.627520E+01
       579  1.013990E+01
       580  4.071133E+00
       581  8.824977E+00
       582  1.634577E+01
       583  8.868578E+00
       584  1.638077E+01
       585  8.940995E+00
       586  1.646835E+01
       587  9.201165E+00
       588  1.653463E+01
       589  3.319303E+00
       590  5.953212E+00
       591  3.319303E+00
       592  5.953212E+00
       593  9.201165E+00
       594  1.653463E+01
       595  8.940995E+00
       596  1.646835E+01
       597  8.868578E+00
       598  1.638077E+01
       599  8.824977E+00
       600  1.634577E+01
       601  1.351334E+02
       602  7.475709E+01
       603  3.290060E+01
       604  9.310131E+00
       605  3.835228E+00
       606  1.351334E+02
       607  7.475709E+01
       608  3.290060E+01
       609  9.310131E+00
       610  3.835228E+00
       611  7.975688E+00
       612  1.477571E+01
       613  8.019361E+00
       614  1.481076E+01
       615  8.091755E+00
       616  1.489822E+01
       617  8.351442E+00
       618  1.496438E+01
       619  3.010798E+00
       620  5.382855E+00
       621  3.010798E+00
       622  5.382855E+00
       623  8.351442E+00
       624  1.496438E+01
       625  8.091755E+00
       626  1.489822E+01
       627  8.019361E+00
       628  1.481076E+01
       629  7.975688E+00
       630  1.477571E+01
       631  1.215868E+02
       632  6.731179E+01
       633  2.970954E+01
       634  8.525872E+00
       635  3.612605E+00
       636  1.215868E+02
       637  6.731179E+01
       638  2.970954E+01
       639  8.525872E+00
       640  3.612605E+00
       641  7.173120E+00
       642  1.329142E+01
       643  7.216846E+00
       644  1.332648E+01
       645  7.289199E+00
       646  1.341380E+01
       647  7.548385E+00
       648  1.347985E+01
       649  2.719231E+00
       650  4.843634E+00
       651  2.719231E+00
       652  4.843634E+00
       653  7.548385E+00
       654  1.347985E+01
       655  7.289199E+00
       656  1.341380E+01
       657  7.216846E+00
       658  1.332648E+01
       659  7.173120E+00
       660  1.329142E+01
       661  1.088083E+02
       662  6.028881E+01
       663  2.669976E+01
       664  7.786502E+00
       665  3.403015E+00
       666  1.088083E+02
       667  6.028881E+01
       668  2.669976E+01
       669  7.786502E+00
       670  3.403015E+00
       671  6.416653E+00
       672  1.189178E+01
       673  6.460410E+00
       674  1.192684E+01
       675  6.532697E+00
       676  1.201401E+01
       677  6.791358E+00
       678  1.207992E+01
       679  2.444373E+00
       680  4.335149E+00
       681  2.444373E+00
       682  4.335149E+00
       683  6.791358E+00
       684  1.207992E+01
       685  6.532697E+00
       686  1.201401E+01
       687  6.460410E+00
       688  1.192684E+01
       689  6.416653E+00
       690  1.189178E+01
       691  9.678845E+01
       692  5.368310E+01
       693  2.386902E+01
       694  7.091391E+00
       695  3.206207E+00
       696  9.678845E+01
       697  5.368310E+01
       698  2.386902E+01
       699  7.091391E+00
       700  3.206207E+00
       701  5.705698E+00
       702  1.057561E+01
       703  5.749450E+00
       704  1.061069E+01
       705  5.821635E+00
       706  1.069772E+01
       707  6.079738E+00
       708  1.076351E+01
       709  2.185995E+00
       710  3.857005E+00
       711  2.185995E+00
       712  3.857005E+00
       713  6.079738E+00
       714  1.076351E+01
       715  5.821635E+00
       716  1.069772E+01
       717  5.749450E+00
       718  1.061069E+01
       719  5.705698E+00
       720  1.057561E+01
       721  8.551854E+01
       722  4.748968E+01
       723  2.121511E+01
       724  6.439894E+00
       725  3.021925E+00
       726  8.551854E+01
       727  4.748968E+01
       728  2.121511E+01
       729  6.439894E+00
       730  3.021925E+00
       731  5.039685E+00
       732  9.341612E+00
       733  5.083374E+00
       734  9.376824E+00
       735  5.155409E+00
       736  9.463827E+00
       737  5.412913E+00
       738  9.529537E+00
       739  1.943882E+00
       740  3.408819E+00
       741  1.943882E+00
       742  3.408819E+00
       743  5.412913E+00
       744  9.529537E+00
       745  5.155409E+00
       746  9.463827E+00
       747  5.083374E+00
       748  9.376824E+00
       749  5.039685E+00
       750  9.341612E+00
       751  7.498993E+01
       752  4.170372E+01
       753  1.873582E+01
       754  5.831343E+00
       755  2.849923E+00
       756  7.498993E+01
       757  4.170372E+01
       758  1.873582E+01
       759  5.831343E+00
       760  2.849923E+00
       761  4.418065E+00
       762  8.188363E+00
       763  4.461595E+00
       764  8.223960E+00
       765  4.533416E+00
       766  8.311198E+00
       767  4.790290E+00
       768  8.376982E+00
       769  1.717830E+00
       770  2.990225E+00
       771  1.717830E+00
       772  2.990225E+00
       773  4.790290E+00
       774  8.376982E+00
       775  4.533416E+00
       776  8.311198E+00
       777  4.461595E+00
       778  8.223960E+00
       779  4.418065E+00
       780  8.188363E+00
       781  6.519442E+01
       782  3.632049E+01
       783  1.642890E+01
       784  5.265044E+00
       785  2.689986E+00
       786  6.519442E+01
       787  3.632049E+01
       788  1.642890E+01
       789  5.265044E+00
       790  2.689986E+00
       791  3.840275E+00
       792  7.114319E+00
       793  3.883506E+00
       794  7.150781E+00
       795  3.955047E+00
       796  7.238748E+00
       797  4.211297E+00
       798  7.304887E+00
       799  1.507656E+00
       800  2.600886E+00
       801  1.507656E+00
       802  2.600886E+00
       803  4.211297E+00
       804  7.304887E+00
       805  3.955047E+00
       806  7.238748E+00
       807  3.883506E+00
       808  7.150781E+00
       809  3.840275E+00
       810  7.114319E+00
       811  5.612418E+01
       812  3.133532E+01
       813  1.429213E+01
       814  4.740315E+00
       815  2.541984E+00
       816  5.612418E+01
       817  3.133532E+01
       818  1.429213E+01
       819  4.740315E+00
       820  2.541984E+00
       821  3.305689E+00
       822  6.117943E+00
       823  3.348444E+00
       824  6.156013E+00
       825  3.419667E+00
       826  6.245487E+00
       827  3.675399E+00
       828  6.312422E+00
       829  1.313212E+00
       830  2.240501E+00
       831  1.313212E+00
       832  2.240501E+00
       833  3.675399E+00
       834  6.312422E+00
       835  3.419667E+00
       836  6.245487E+00
       837  3.348444E+00
       838  6.156013E+00
       839  3.305689E+00
       840  6.117943E+00
       841  4.777154E+01
       842  2.674350E+01
       843  1.232322E+01
       844  4.256567E+00
       845  2.405977E+00
       846  4.777154E+01
       847  2.674350E+01
       848  1.232322E+01
       849  4.256567E+00
       850  2.405977E+00
       851  2.813540E+00
       852  5.198013E+00
       853  2.855637E+00
       854  5.238642E+00
       855  2.926593E+00
       856  5.330634E+00
       857  3.182106E+00
       858  5.398937E+00
       859  1.134387E+00
       860  1.908818E+00
       861  1.134387E+00
       862  1.908818E+00
       863  3.182106E+00
       864  5.398937E+00
       865  2.926593E+00
       866  5.330634E+00
       867  2.855637E+00
       868  5.238642E+00
       869  2.813540E+00
       870  5.198013E+00
       871  4.012844E+01
       872  2.254006E+01
       873  1.051999E+01
       874  3.813497E+00
       875  2.282384E+00
       876  4.012844E+01
       877  2.254006E+01
       878  1.051999E+01
       879  3.813497E+00
       880  2.282384E+00
       881  2.362803E+00
       882  4.354190E+00
       883  2.404156E+00
       884  4.398266E+00
       885  2.475082E+00
       886  4.493770E+00
       887  2.731008E+00
       888  4.563998E+00
       889  9.711050E-01
       890  1.605630E+00
       891  9.711050E-01
       892  1.605630E+00
       893  2.731008E+00
       894  4.563998E+00
       895  2.475082E+00
       896  4.493770E+00
       897  2.404156E+00
       898  4.398266E+00
       899  2.362803E+00
       900  4.354190E+00
       901  3.318554E+01
       902  1.871951E+01
       903  8.880453E+00
       904  3.411401E+00
       905  2.172238E+00
       906  3.318554E+01
       907  1.871951E+01
       908  8.880453E+00
       909  3.411401E+00
       910  2.172238E+00
       911  1.952092E+00
       912  3.587864E+00
       913  1.992891E+00
       914  3.635570E+00
       915  2.064372E+00
       916  3.734973E+00
       917  2.321844E+00
       918  3.807371E+00
       919  8.233040E-01
       920  1.330756E+00
       921  8.233040E-01
       922  1.330756E+00
       923  2.321844E+00
       924  3.807371E+00
       925  2.064372E+00
       926  3.734973E+00
       927  1.992891E+00
       928  3.635570E+00
       929  1.952092E+00
       930  3.587864E+00
       931  2.693099E+01
       932  1.527552E+01
       933  7.403106E+00
       934  3.051624E+00
       935  2.077524E+00
       936  2.693099E+01
       937  1.527552E+01
       938  7.403106E+00
       939  3.051624E+00
       940  2.077524E+00
       941  1.579601E+00
       942  2.903064E+00
       943  1.620645E+00
       944  2.952730E+00
       945  1.693822E+00
       946  3.054796E+00
       947  1.954662E+00
       948  3.128846E+00
       949  6.908809E-01
       950  1.083998E+00
       951  6.908809E-01
       952  1.083998E+00
       953  1.954662E+00
       954  3.128846E+00
       955  1.693822E+00
       956  3.054796E+00
       957  1.620645E+00
       958  2.952730E+00
       959  1.579601E+00
       960  2.903064E+00
       961  2.134913E+01
       962  1.220090E+01
       963  6.087485E+00
       964  2.737084E+00
       965  2.001416E+00
       966  2.134913E+01
       967  1.220090E+01
       968  6.087485E+00
       969  2.737084E+00
       970  2.001416E+00
       971  1.243357E+00
       972  2.306994E+00
       973  1.286529E+00
       974  2.353364E+00
       975  1.363324E+00
       976  2.453811E+00
       977  1.630050E+00
       978  2.527736E+00
       979  5.735908E-01
       980  8.650211E-01
       981  5.735908E-01
       982  8.650211E-01
       983  1.630050E+00
       984  2.527736E+00
       985  1.363324E+00
       986  2.453811E+00
       987  1.286529E+00
       988  2.353364E+00
       989  1.243357E+00
       990  2.306994E+00
       991  1.641965E+01
       992  9.488502E+00
       993  4.935396E+00
       994  2.472619E+00
       995  1.947766E+00
       996  1.641965E+01
       997  9.488502E+00
       998  4.935396E+00
       999  2.472619E+00
      1000  1.947766E+00
      1001  9.426297E-01
      1002  1.809717E+00
      1003  9.913620E-01
      1004  1.841744E+00
      1005  1.074307E+00
      1006  1.931471E+00
      1007  1.349309E+00
      1008  2.001765E+00
      1009  4.708690E-01
      1010  6.730530E-01
      1011  4.708690E-01
      1012  6.730530E-01
      1013  1.349309E+00
      1014  2.001765E+00
      1015  1.074307E+00
      1016  1.931471E+00
      1017  9.913620E-01
      1018  1.841744E+00
      1019  9.426297E-01
      1020  1.809717E+00
      1021  1.211704E+01
      1022  7.134077E+00
      1023  3.953530E+00
      1024  2.264414E+00
      1025  1.918265E+00
      1026  1.211704E+01
      1027  7.134077E+00
      1028  3.953530E+00
      1029  2.264414E+00
      1030  1.918265E+00
      1031  6.832457E-01
      1032  1.423544E+00
      1033  7.421134E-01
      1034  1.421876E+00
      1035  8.323656E-01
      1036  1.484684E+00
      1037  1.114401E+00
      1038  1.545483E+00
      1039  3.815218E-01
      1040  5.063888E-01
      1041  3.815218E-01
      1042  5.063888E-01
      1043  1.114401E+00
      1044  1.545483E+00
      1045  8.323656E-01
      1046  1.484684E+00
      1047  7.421134E-01
      1048  1.421876E+00
      1049  6.832457E-01
      1050  1.423544E+00
      1051  8.411893E+00
      1052  5.142436E+00
      1053  3.156604E+00
      1054  2.117303E+00
      1055  1.905330E+00
      1056  8.411893E+00
      1057  5.142436E+00
      1058  3.156604E+00
      1059  2.117303E+00
      1060  1.905330E+00
      1061  4.926074E-01
      1062  1.166056E+00
      1063  5.643632E-01
      1064  1.100506E+00
      1065  6.548845E-01
      1066  1.109718E+00
      1067  9.303062E-01
      1068  1.151047E+00
      1069  3.034695E-01
      1070  3.625523E-01
      1071  3.034695E-01
      1072  3.625523E-01
      1073  9.303062E-01
      1074  1.151047E+00
      1075  6.548845E-01
      1076  1.109718E+00
      1077  5.643632E-01
      1078  1.100506E+00
      1079  4.926074E-01
      1080  1.166056E+00
      1081  5.281994E+00
      1082  3.531088E+00
      1083  2.562432E+00
      1084  2.027053E+00
      1085  1.887304E+00
      1086  5.281994E+00
      1087  3.531088E+00
      1088  2.562432E+00
      1089  2.027053E+00
      1090  1.887304E+00
      1091  4.490201E-01
      1092  1.067076E+00
      1093  5.286799E-01
      1094  9.016466E-01
      1095  5.907451E-01
      1096  8.192488E-01
      1097  8.230919E-01
      1098  8.258716E-01
      1099  2.341629E-01
      1100  2.455262E-01
      1101  2.341629E-01
      1102  2.455262E-01
      1103  8.230919E-01
      1104  8.258716E-01
      1105  5.907451E-01
      1106  8.192488E-01
      1107  5.286799E-01
      1108  9.016466E-01
      1109  4.490201E-01
      1110  1.067076E+00
      1111  2.767311E+00
      1112  2.309135E+00
      1113  2.156902E+00
      1114  1.981001E+00
      1115  1.850718E+00
      1116  2.767311E+00
      1117  2.309135E+00
      1118  2.156902E+00
      1119  1.981001E+00
      1120  1.850718E+00
      1121  6.795358E-01
      1122  1.158351E+00
      1123  7.681065E-01
      1124  8.934807E-01
      1125  7.648613E-01
      1126  7.029396E-01
      1127  9.262358E-01
      1128  6.673794E-01
      1129  1.784706E-01
      1130  2.000726E-01
      1131  1.784706E-01
      1132  2.000726E-01
      1133  9.262358E-01
      1134  6.673794E-01
      1135  7.648613E-01
      1136  7.029396E-01
      1137  7.681065E-01
      1138  8.934807E-01
      1139  6.795358E-01
      1140  1.158351E+00
      1141  1.020402E+00
      1142  1.379612E+00
      1143  1.793304E+00
      1144  1.969053E+00
      1145  1.912822E+00
      1146  1.020402E+00
      1147  1.379612E+00
      1148  1.793304E+00
      1149  1.969053E+00
      1150  1.912822E+00
      1151  1.143218E+00
      1152  1.322380E+00
      1153  1.312914E+00
      1154  1.100093E+00
      1155  1.352899E+00
      1156  9.931624E-01
      1157  1.714760E+00
      1158  1.100449E+00
      1159  1.600531E-01
      1160  4.578561E-01
      1161  1.600531E-01
      1162  4.578561E-01
      1163  1.714760E+00
      1164  1.100449E+00
      1165  1.352899E+00
      1166  9.931624E-01
      1167  1.312914E+00
      1168  1.100093E+00
      1169  1.143218E+00
      1170  1.322380E+00
      1171  1.922044E-01
      1172  6.061847E-01
      1173  1.257833E+00
      1174  2.072433E+00
      1175  3.033075E+00
      1176  1.922044E-01
      1177  6.061847E-01
      1178  1.257833E+00
      1179  2.072433E+00
      1180  3.033075E+00
      1181  1.363558E+00
      1182  1.266670E+00
      1183  1.699171E+00
      1184  1.279430E+00
      1185  2.343478E+00
      1186  1.888018E+00
      1187  5.242786E+00
      1188  3.895673E+00
      1189  3.266110E-01
      1190  2.435833E+00
      1191  3.266110E-01
      1192  2.435833E+00
      1193  5.242786E+00
      1194  3.895673E+00
      1195  2.343478E+00
      1196  1.888018E+00
      1197  1.699171E+00
      1198  1.279430E+00
      1199  1.363558E+00
      1200  1.266670E+00
      1201  1.622648E-03
      1202  3.682592E-02
      1203  2.017703E-01
      1204  8.528441E-01
      1205  2.360361E+00
      1206  1.622648E-03
      1207  3.682592E-02
      1208  2.017703E-01
      1209  8.528441E-01
      1210  2.360361E+00
      1211  5.271370E-01
      1212  7.794169E-01
      1213  7.441571E-01
      1214  7.572711E-01
      1215  1.364820E+00
      1216  1.701861E+00
      1217  5.341593E+00
      1218  4.751314E+00
      1219  4.358094E-01
      1220  3.523429E+00
      1221  4.358094E-01
      1222  3.523429E+00
      1223  5.341593E+00
      1224  4.751314E+00
      1225  1.364820E+00
      1226  1.701861E+00
      1227  7.441571E-01
      1228  7.572711E-01
      1229  5.271370E-01
      1230  7.794169E-01

                                INCREMENT     7


 displacements (vx,vy,vz) for set TIP_TOP and time  0.5750000E+00

      1991  2.497911E-01 -7.339622E-03 -9.364784E+00
      1992  2.495293E-01 -7.201719E-03 -9.347642E+00
      1995  2.489313E-01 -6.953386E-03 -9.330761E+00
      1998  2.484272E-01 -5.621724E-03 -9.315303E+00
      2000  2.482221E-01 -2.209137E-03 -9.305624E+00
      2002  2.481568E-01 -3.089973E-14 -9.305131E+00
      2004  2.482221E-01  2.209137E-03 -9.305624E+00
      2007  2.484272E-01  5.621724E-03 -9.315303E+00
      2010  2.489313E-01  6.953386E-03 -9.330761E+00
      2013  2.495293E-01  7.201719E-03 -9.347642E+00
      2016  2.497911E-01  7.339622E-03 -9.364784E+00

 forces (fx,fy,fz) for set CLAMP and time  0.5750000E+00

         1  1.455180E+04  1.365232E+04  5.810245E+03
         4  2.628356E+04  1.314597E-09  1.159954E+04
         5  1.930667E+04  2.083608E+04  2.621501E+01
         8  3.398451E+04 -8.958908E-10  1.086034E+02
         9  1.296156E+04  1.371955E+04 -5.925562E+02
        12  2.262315E+04  1.983718E-10 -1.131949E+03
        13  7.295866E+03  7.611655E+03 -1.108432E+03
        16  1.268841E+04  1.786326E-09 -2.157853E+03
        17  1.744920E+03  1.712687E+03 -1.234923E+03
        20  2.983846E+03  2.664671E-09 -2.426177E+03
        21 -2.986420E+03 -1.287499E+03 -3.306347E+03
        24 -3.281808E+03  5.156820E-10 -1.548705E+03
        26  1.455180E+04 -1.365232E+04  5.810245E+03
        28  1.930667E+04 -2.083608E+04  2.621501E+01
        30  1.296156E+04 -1.371955E+04 -5.925562E+02
        32  7.295866E+03 -7.611655E+03 -1.108432E+03
        34  1.744920E+03 -1.712687E+03 -1.234923E+03
        36 -2.986420E+03  1.287499E+03 -3.306347E+03
        37 -2.839440E+03 -1.515728E+03 -3.280716E+03
        40 -3.145638E+03 -6.142261E+02 -5.414978E+03
        41 -7.415452E+03 -3.666192E+03 -1.241221E+03
        44 -1.067706E+04 -1.448714E+03 -2.365381E+03
        45 -5.325468E+03 -2.162195E+03  4.122071E+03
        48 -9.007235E+03 -8.362010E+02  7.544299E+03
        50 -2.477073E+03 -5.911413E+02 -4.892125E+03
        52 -1.019707E+04 -1.286662E+03 -2.433711E+03
        54 -9.242398E+03 -6.966510E+02  7.350070E+03
        56 -2.432177E+03 -4.357679E+02 -4.920337E+03
        58 -1.041123E+04 -8.816707E+02 -2.450043E+03
        60 -9.556427E+03 -4.536186E+02  7.516032E+03
        62 -7.323680E+03 -3.396693E+02 -1.573034E+03
        64 -6.690637E+03 -1.640538E+02  5.276741E+03
        66 -3.949984E+03 -1.062242E-09 -8.110862E+02
        68 -3.598508E+03  7.630691E-13  2.850796E+03
        70 -7.323680E+03  3.396693E+02 -1.573034E+03
        72 -6.690637E+03  1.640538E+02  5.276741E+03
        74 -2.432177E+03  4.357679E+02 -4.920337E+03
        76 -1.041123E+04  8.816707E+02 -2.450043E+03
        78 -9.556427E+03  4.536186E+02  7.516032E+03
        80 -2.477073E+03  5.911413E+02 -4.892125E+03
        82 -1.019707E+04  1.286662E+03 -2.433711E+03
        84 -9.242398E+03  6.966510E+02  7.350070E+03
        86 -3.145638E+03  6.142261E+02 -5.414978E+03
        88 -1.067706E+04  1.448714E+03 -2.365381E+03
        90 -9.007235E+03  8.362010E+02  7.544299E+03
        92 -2.839440E+03  1.515728E+03 -3.280716E+03
        94 -7.415452E+03  3.666192E+03 -1.241221E+03
        96 -5.325468E+03  2.162195E+03  4.122071E+03

 internal energy (element, energy) for set EALL and time  0.5750000E+00

         1  5.959694E+02
         2  2.748246E+02
         3  1.100728E+02
         4  2.465000E+01
         5  6.007037E+00
         6  5.959694E+02
         7  2.748246E+02
         8  1.100728E+02
         9  2.465000E+01
        10  6.007037E+00
        11  3.548181E+01
        12  6.505832E+01
        13  2.722867E+01
        14  5.586567E+01
        15  2.606792E+01
        16  5.589568E+01
        17  2.747350E+01
        18  5.805734E+01
        19  1.043962E+01
        20  2.169816E+01
        21  1.043962E+01
        22  2.169816E+01
        23  2.747350E+01
        24  5.805734E+01
        25  2.606792E+01
        26  5.589568E+01
        27  2.722867E+01
        28  5.586567E+01
        29  3.548181E+01
        30  6.505832E+01
        31  6.046458E+02
        32  3.431299E+02
        33  1.404063E+02
        34  3.306049E+01
        35  9.815508E+00
        36  6.046458E+02
        37  3.431299E+02
        38  1.404063E+02
        39  3.306049E+01
        40  9.815508E+00
        41  3.015422E+01
        42  6.274793E+01
        43  3.280724E+01
        44  6.620975E+01
        45  3.275931E+01
        46  6.599149E+01
        47  3.484079E+01
        48  6.814810E+01
        49  1.324277E+01
        50  2.530664E+01
        51  1.324277E+01
        52  2.530664E+01
        53  3.484079E+01
        54  6.814810E+01
        55  3.275931E+01
        56  6.599149E+01
        57  3.280724E+01
        58  6.620975E+01
        59  3.015422E+01
        60  6.274793E+01
        61  6.337210E+02
        62  3.591363E+02
        63  1.573581E+02
        64  3.975342E+01
        65  1.306739E+01
        66  6.337210E+02
        67  3.591363E+02
        68  1.573581E+02
        69  3.975342E+01
        70  1.306739E+01
        71  3.213072E+01
        72  6.557606E+01
        73  3.585839E+01
        74  7.053185E+01
        75  3.792554E+01
        76  7.328723E+01
        77  3.962934E+01
        78  7.527970E+01
        79  1.460440E+01
        80  2.763965E+01
        81  1.460440E+01
        82  2.763965E+01
        83  3.962934E+01
        84  7.527970E+01
        85  3.792554E+01
        86  7.328723E+01
        87  3.585839E+01
        88  7.053185E+01
        89  3.213072E+01
        90  6.557606E+01
        91  7.169294E+02
        92  4.009206E+02
        93  1.757035E+02
        94  4.614175E+01
        95  1.623733E+01
        96  7.169294E+02
        97  4.009206E+02
        98  1.757035E+02
        99  4.614175E+01
       100  1.623733E+01
       101  4.069529E+01
       102  7.389893E+01
       103  4.292530E+01
       104  7.708628E+01
       105  4.482825E+01
       106  7.981087E+01
       107  4.591431E+01
       108  8.112137E+01
       109  1.656122E+01
       110  2.942772E+01
       111  1.656122E+01
       112  2.942772E+01
       113  4.591431E+01
       114  8.112137E+01
       115  4.482825E+01
       116  7.981087E+01
       117  4.292530E+01
       118  7.708628E+01
       119  4.069529E+01
       120  7.389893E+01
       121  6.787180E+02
       122  3.749873E+02
       123  1.628332E+02
       124  4.220589E+01
       125  1.423449E+01
       126  6.787180E+02
       127  3.749873E+02
       128  1.628332E+02
       129  4.220589E+01
       130  1.423449E+01
       131  3.959952E+01
       132  7.322829E+01
       133  4.035205E+01
       134  7.436704E+01
       135  4.116187E+01
       136  7.556684E+01
       137  4.189450E+01
       138  7.614870E+01
       139  1.518429E+01
       140  2.759340E+01
       141  1.518429E+01
       142  2.759340E+01
       143  4.189450E+01
       144  7.614870E+01
       145  4.116187E+01
       146  7.556684E+01
       147  4.035205E+01
       148  7.436704E+01
       149  3.959952E+01
       150  7.322829E+01
       151  6.397513E+02
       152  3.524647E+02
       153  1.524800E+02
       154  3.940119E+01
       155  1.312656E+01
       156  6.397513E+02
       157  3.524647E+02
       158  1.524800E+02
       159  3.940119E+01
       160  1.312656E+01
       161  3.783043E+01
       162  7.055674E+01
       163  3.799229E+01
       164  7.065394E+01
       165  3.830189E+01
       166  7.090159E+01
       167  3.884837E+01
       168  7.100863E+01
       169  1.410772E+01
       170  2.570178E+01
       171  1.410772E+01
       172  2.570178E+01
       173  3.884837E+01
       174  7.100863E+01
       175  3.830189E+01
       176  7.090159E+01
       177  3.799229E+01
       178  7.065394E+01
       179  3.783043E+01
       180  7.055674E+01
       181  6.014297E+02
       182  3.313145E+02
       183  1.433109E+02
       184  3.709229E+01
       185  1.237065E+01
       186  6.014297E+02
       187  3.313145E+02
       188  1.433109E+02
       189  3.709229E+01
       190  1.237065E+01
       191  3.569252E+01
       192  6.666823E+01
       193  3.573461E+01
       194  6.650228E+01
       195  3.588308E+01
       196  6.645791E+01
       197  3.632536E+01
       198  6.644358E+01
       199  1.317817E+01
       200  2.404225E+01
       201  1.317817E+01
       202  2.404225E+01
       203  3.632536E+01
       204  6.644358E+01
       205  3.588308E+01
       206  6.645791E+01
       207  3.573461E+01
       208  6.650228E+01
       209  3.569252E+01
       210  6.666823E+01
       211  5.645128E+02
       212  3.109987E+02
       213  1.345949E+02
       214  3.493558E+01
       215  1.172469E+01
       216  5.645128E+02
       217  3.109987E+02
       218  1.345949E+02
       219  3.493558E+01
       220  1.172469E+01
       221  3.351096E+01
       222  6.245022E+01
       223  3.355390E+01
       224  6.231667E+01
       225  3.366477E+01
       226  6.227908E+01
       227  3.407115E+01
       228  6.227616E+01
       229  1.235063E+01
       230  2.253163E+01
       231  1.235063E+01
       232  2.253163E+01
       233  3.407115E+01
       234  6.227616E+01
       235  3.366477E+01
       236  6.227908E+01
       237  3.355390E+01
       238  6.231667E+01
       239  3.351096E+01
       240  6.245022E+01
       241  5.289066E+02
       242  2.914162E+02
       243  1.261957E+02
       244  3.286364E+01
       245  1.112885E+01
       246  5.289066E+02
       247  2.914162E+02
       248  1.261957E+02
       249  3.286364E+01
       250  1.112885E+01
       251  3.138326E+01
       252  5.831216E+01
       253  3.143962E+01
       254  5.825785E+01
       255  3.154744E+01
       256  5.828654E+01
       257  3.194378E+01
       258  5.832369E+01
       259  1.157219E+01
       260  2.110109E+01
       261  1.157219E+01
       262  2.110109E+01
       263  3.194378E+01
       264  5.832369E+01
       265  3.154744E+01
       266  5.828654E+01
       267  3.143962E+01
       268  5.825785E+01
       269  3.138326E+01
       270  5.831216E+01
       271  4.945637E+02
       272  2.725331E+02
       273  1.180953E+02
       274  3.086424E+01
       275  1.055673E+01
       276  4.945637E+02
       277  2.725331E+02
       278  1.180953E+02
       279  3.086424E+01
       280  1.055673E+01
       281  2.933327E+01
       282  5.437462E+01
       283  2.939629E+01
       284  5.437607E+01
       285  2.950525E+01
       286  5.445745E+01
       287  2.989819E+01
       288  5.452763E+01
       289  1.082643E+01
       290  1.972643E+01
       291  1.082643E+01
       292  1.972643E+01
       293  2.989819E+01
       294  5.452763E+01
       295  2.950525E+01
       296  5.445745E+01
       297  2.939629E+01
       298  5.437607E+01
       299  2.933327E+01
       300  5.437462E+01
       301  4.614653E+02
       302  2.543385E+02
       303  1.102901E+02
       304  2.893739E+01
       305  1.000416E+01
       306  4.614653E+02
       307  2.543385E+02
       308  1.102901E+02
       309  2.893739E+01
       310  1.000416E+01
       311  2.736109E+01
       312  5.064388E+01
       313  2.742544E+01
       314  5.067504E+01
       315  2.753419E+01
       316  5.078631E+01
       317  2.792479E+01
       318  5.087548E+01
       319  1.010843E+01
       320  1.840219E+01
       321  1.010843E+01
       322  1.840219E+01
       323  2.792479E+01
       324  5.087548E+01
       325  2.753419E+01
       326  5.078631E+01
       327  2.742544E+01
       328  5.067504E+01
       329  2.736109E+01
       330  5.064388E+01
       331  4.296117E+02
       332  2.368306E+02
       333  1.027808E+02
       334  2.708412E+01
       335  9.471288E+00
       336  4.296117E+02
       337  2.368306E+02
       338  1.027808E+02
       339  2.708412E+01
       340  9.471288E+00
       341  2.546425E+01
       342  4.709868E+01
       343  2.552800E+01
       344  4.714331E+01
       345  2.563571E+01
       346  4.726824E+01
       347  2.602424E+01
       348  4.736577E+01
       349  9.417687E+00
       350  1.712823E+01
       351  9.417687E+00
       352  1.712823E+01
       353  2.602424E+01
       354  4.736577E+01
       355  2.563571E+01
       356  4.726824E+01
       357  2.552800E+01
       358  4.714331E+01
       359  2.546425E+01
       360  4.709868E+01
       361  3.990057E+02
       362  2.200095E+02
       363  9.556714E+01
       364  2.530449E+01
       365  8.959074E+00
       366  3.990057E+02
       367  2.200095E+02
       368  9.556714E+01
       369  2.530449E+01
       370  8.959074E+00
       371  2.364163E+01
       372  4.371819E+01
       373  2.370464E+01
       374  4.376791E+01
       375  2.381135E+01
       376  4.389767E+01
       377  2.419817E+01
       378  4.399768E+01
       379  8.754405E+00
       380  1.590494E+01
       381  8.754405E+00
       382  1.590494E+01
       383  2.419817E+01
       384  4.399768E+01
       385  2.381135E+01
       386  4.389767E+01
       387  2.370464E+01
       388  4.376791E+01
       389  2.364163E+01
       390  4.371819E+01
       391  3.696453E+02
       392  2.038728E+02
       393  8.864766E+01
       394  2.359800E+01
       395  8.468093E+00
       396  3.696453E+02
       397  2.038728E+02
       398  8.864766E+01
       399  2.359800E+01
       400  8.468093E+00
       401  2.189303E+01
       402  4.048795E+01
       403  2.195565E+01
       404  4.053906E+01
       405  2.206176E+01
       406  4.066968E+01
       407  2.244727E+01
       408  4.076961E+01
       409  8.118612E+00
       410  1.473220E+01
       411  8.118612E+00
       412  1.473220E+01
       413  2.244727E+01
       414  4.076961E+01
       415  2.206176E+01
       416  4.066968E+01
       417  2.195565E+01
       418  4.053906E+01
       419  2.189303E+01
       420  4.048795E+01
       421  3.415225E+02
       422  1.884157E+02
       423  8.201992E+01
       424  2.196401E+01
       425  7.998533E+00
       426  3.415225E+02
       427  1.884157E+02
       428  8.201992E+01
       429  2.196401E+01
       430  7.998533E+00
       431  2.021838E+01
       432  3.739924E+01
       433  2.028096E+01
       434  3.745040E+01
       435  2.038679E+01
       436  3.758049E+01
       437  2.077132E+01
       438  3.767959E+01
       439  7.510118E+00
       440  1.360957E+01
       441  7.510118E+00
       442  1.360957E+01
       443  2.077132E+01
       444  3.767959E+01
       445  2.038679E+01
       446  3.758049E+01
       447  2.028096E+01
       448  3.745040E+01
       449  2.021838E+01
       450  3.739924E+01
       451  3.146251E+02
       452  1.736318E+02
       453  7.568103E+01
       454  2.040181E+01
       455  7.550333E+00
       456  3.146251E+02
       457  1.736318E+02
       458  7.568103E+01
       459  2.040181E+01
       460  7.550333E+00
       461  1.861737E+01
       462  3.444708E+01
       463  1.868010E+01
       464  3.449798E+01
       465  1.878587E+01
       466  3.462732E+01
       467  1.916961E+01
       468  3.472560E+01
       469  6.928606E+00
       470  1.253641E+01
       471  6.928606E+00
       472  1.253641E+01
       473  1.916961E+01
       474  3.472560E+01
       475  1.878587E+01
       476  3.462732E+01
       477  1.868010E+01
       478  3.449798E+01
       479  1.861737E+01
       480  3.444708E+01
       481  2.889390E+02
       482  1.595136E+02
       483  6.962784E+01
       484  1.891065E+01
       485  7.123282E+00
       486  2.889390E+02
       487  1.595136E+02
       488  6.962784E+01
       489  1.891065E+01
       490  7.123282E+00
       491  1.708940E+01
       492  3.162854E+01
       493  1.715235E+01
       494  3.167926E+01
       495  1.725814E+01
       496  3.180802E+01
       497  1.764119E+01
       498  3.190571E+01
       499  6.373710E+00
       500  1.151202E+01
       501  6.373710E+00
       502  1.151202E+01
       503  1.764119E+01
       504  3.190571E+01
       505  1.725814E+01
       506  3.180802E+01
       507  1.715235E+01
       508  3.167926E+01
       509  1.708940E+01
       510  3.162854E+01
       511  2.644495E+02
       512  1.460530E+02
       513  6.385702E+01
       514  1.748971E+01
       515  6.717089E+00
       516  2.644495E+02
       517  1.460530E+02
       518  6.385702E+01
       519  1.748971E+01
       520  6.717089E+00
       521  1.563366E+01
       522  2.894170E+01
       523  1.569683E+01
       524  2.899239E+01
       525  1.580268E+01
       526  2.912077E+01
       527  1.618507E+01
       528  2.921810E+01
       529  5.845055E+00
       530  1.053574E+01
       531  5.845055E+00
       532  1.053574E+01
       533  1.618507E+01
       534  2.921810E+01
       535  1.580268E+01
       536  2.912077E+01
       537  1.569683E+01
       538  2.899239E+01
       539  1.563366E+01
       540  2.894170E+01
       541  2.411416E+02
       542  1.332423E+02
       543  5.836520E+01
       544  1.613814E+01
       545  6.331423E+00
       546  2.411416E+02
       547  1.332423E+02
       548  5.836520E+01
       549  1.613814E+01
       550  6.331423E+00
       551  1.424923E+01
       552  2.638499E+01
       553  1.431261E+01
       554  2.643576E+01
       555  1.441849E+01
       556  2.656393E+01
       557  1.480023E+01
       558  2.666103E+01
       559  5.342275E+00
       560  9.606906E+00
       561  5.342275E+00
       562  9.606906E+00
       563  1.480023E+01
       564  2.666103E+01
       565  1.441849E+01
       566  2.656393E+01
       567  1.431261E+01
       568  2.643576E+01
       569  1.424923E+01
       570  2.638499E+01
       571  2.190009E+02
       572  1.210733E+02
       573  5.314896E+01
       574  1.485505E+01
       575  5.965931E+00
       576  2.190009E+02
       577  1.210733E+02
       578  5.314896E+01
       579  1.485505E+01
       580  5.965931E+00
       581  1.293515E+01
       582  2.395696E+01
       583  1.299871E+01
       584  2.400786E+01
       585  1.310461E+01
       586  2.413588E+01
       587  1.348568E+01
       588  2.423282E+01
       589  4.865008E+00
       590  8.724904E+00
       591  4.865008E+00
       592  8.724904E+00
       593  1.348568E+01
       594  2.423282E+01
       595  1.310461E+01
       596  2.413588E+01
       597  1.299871E+01
       598  2.400786E+01
       599  1.293515E+01
       600  2.395696E+01
       601  1.980131E+02
       602  1.095384E+02
       603  4.820492E+01
       604  1.363951E+01
       605  5.620258E+00
       606  1.980131E+02
       607  1.095384E+02
       608  4.820492E+01
       609  1.363951E+01
       610  5.620258E+00
       611  1.169048E+01
       612  2.165613E+01
       613  1.175417E+01
       614  2.170714E+01
       615  1.186007E+01
       616  2.183502E+01
       617  1.224045E+01
       618  2.193182E+01
       619  4.412905E+00
       620  7.889118E+00
       621  4.412905E+00
       622  7.889118E+00
       623  1.224045E+01
       624  2.193182E+01
       625  1.186007E+01
       626  2.183502E+01
       627  1.175417E+01
       628  2.170714E+01
       629  1.169048E+01
       630  2.165613E+01
       631  1.781641E+02
       632  9.862969E+01
       633  4.352973E+01
       634  1.249064E+01
       635  5.294042E+00
       636  1.781641E+02
       637  9.862969E+01
       638  4.352973E+01
       639  1.249064E+01
       640  5.294042E+00
       641  1.051426E+01
       642  1.948096E+01
       643  1.057807E+01
       644  1.953204E+01
       645  1.068394E+01
       646  1.965976E+01
       647  1.106360E+01
       648  1.975640E+01
       649  3.985620E+00
       650  7.098950E+00
       651  3.985620E+00
       652  7.098950E+00
       653  1.106360E+01
       654  1.975640E+01
       655  1.068394E+01
       656  1.965976E+01
       657  1.057807E+01
       658  1.953204E+01
       659  1.051426E+01
       660  1.948096E+01
       661  1.594403E+02
       662  8.833971E+01
       663  3.912010E+01
       664  1.140751E+01
       665  4.986921E+00
       666  1.594403E+02
       667  8.833971E+01
       668  3.912010E+01
       669  1.140751E+01
       670  4.986921E+00
       671  9.405597E+00
       672  1.742982E+01
       673  9.469494E+00
       674  1.748095E+01
       675  9.575282E+00
       676  1.760848E+01
       677  9.954196E+00
       678  1.770494E+01
       679  3.582816E+00
       680  6.353814E+00
       681  3.582816E+00
       682  6.353814E+00
       683  9.954196E+00
       684  1.770494E+01
       685  9.575282E+00
       686  1.760848E+01
       687  9.469494E+00
       688  1.748095E+01
       689  9.405597E+00
       690  1.742982E+01
       691  1.418282E+02
       692  7.866102E+01
       693  3.497275E+01
       694  1.038921E+01
       695  4.698526E+00
       696  1.418282E+02
       697  7.866102E+01
       698  3.497275E+01
       699  1.038921E+01
       700  4.698526E+00
       701  8.363626E+00
       702  1.550098E+01
       703  8.427548E+00
       704  1.555218E+01
       705  8.533208E+00
       706  1.567955E+01
       707  8.911320E+00
       708  1.577583E+01
       709  3.204161E+00
       710  5.653131E+00
       711  3.204161E+00
       712  5.653131E+00
       713  8.911320E+00
       714  1.577583E+01
       715  8.533208E+00
       716  1.567955E+01
       717  8.427548E+00
       718  1.555218E+01
       719  8.363626E+00
       720  1.550098E+01
       721  1.253148E+02
       722  6.958636E+01
       723  3.108444E+01
       724  9.434797E+00
       725  4.428485E+00
       726  1.253148E+02
       727  6.958636E+01
       728  3.108444E+01
       729  9.434797E+00
       730  4.428485E+00
       731  7.387514E+00
       732  1.369255E+01
       733  7.451372E+00
       734  1.374398E+01
       735  7.556829E+00
       736  1.387133E+01
       737  7.934079E+00
       738  1.396752E+01
       739  2.849336E+00
       740  4.996340E+00
       741  2.849336E+00
       742  4.996340E+00
       743  7.934079E+00
       744  1.396752E+01
       745  7.556829E+00
       746  1.387133E+01
       747  7.451372E+00
       748  1.374398E+01
       749  7.387514E+00
       750  1.369255E+01
       751  1.098874E+02
       752  6.110865E+01
       753  2.745193E+01
       754  8.543287E+00
       755  4.176435E+00
       756  1.098874E+02
       757  6.110865E+01
       758  2.745193E+01
       759  8.543287E+00
       760  4.176435E+00
       761  6.476454E+00
       762  1.200243E+01
       763  6.540104E+00
       764  1.205446E+01
       765  6.645264E+00
       766  1.218217E+01
       767  7.021603E+00
       768  1.227849E+01
       769  2.518044E+00
       770  4.382907E+00
       771  2.518044E+00
       772  4.382907E+00
       773  7.021603E+00
       774  1.227849E+01
       775  6.645264E+00
       776  1.218217E+01
       777  6.540104E+00
       778  1.205446E+01
       779  6.476454E+00
       780  1.200243E+01
       781  9.553421E+01
       782  5.322097E+01
       783  2.407196E+01
       784  7.713672E+00
       785  3.942062E+00
       786  9.553421E+01
       787  5.322097E+01
       788  2.407196E+01
       789  7.713672E+00
       790  3.942062E+00
       791  5.629621E+00
       792  1.042838E+01
       793  5.692855E+00
       794  1.048169E+01
       795  5.797619E+00
       796  1.061050E+01
       797  6.173056E+00
       798  1.070734E+01
       799  2.210019E+00
       800  3.812335E+00
       801  2.210019E+00
       802  3.812335E+00
       803  6.173056E+00
       804  1.070734E+01
       805  5.797619E+00
       806  1.061050E+01
       807  5.692855E+00
       808  1.048169E+01
       809  5.629621E+00
       810  1.042838E+01
       811  8.224361E+01
       812  4.591647E+01
       813  2.094123E+01
       814  6.944949E+00
       815  3.725176E+00
       816  8.224361E+01
       817  4.591647E+01
       818  2.094123E+01
       819  6.944949E+00
       820  3.725176E+00
       821  4.846100E+00
       822  8.968122E+00
       823  4.908655E+00
       824  9.023819E+00
       825  5.012964E+00
       826  9.154849E+00
       827  5.387651E+00
       828  9.252870E+00
       829  1.925042E+00
       830  3.284186E+00
       831  1.925042E+00
       832  3.284186E+00
       833  5.387651E+00
       834  9.252870E+00
       835  5.012964E+00
       836  9.154849E+00
       837  4.908655E+00
       838  9.023819E+00
       839  4.846100E+00
       840  8.968122E+00
       841  7.000440E+01
       842  3.918827E+01
       843  1.805644E+01
       844  6.236260E+00
       845  3.525865E+00
       846  7.000440E+01
       847  3.918827E+01
       848  1.805644E+01
       849  6.236260E+00
       850  3.525865E+00
       851  4.124764E+00
       852  7.619881E+00
       853  4.186372E+00
       854  7.679347E+00
       855  4.290299E+00
       856  7.814081E+00
       857  4.664672E+00
       858  7.914113E+00
       859  1.662949E+00
       860  2.798089E+00
       861  1.662949E+00
       862  2.798089E+00
       863  4.664672E+00
       864  7.914113E+00
       865  4.290299E+00
       866  7.814081E+00
       867  4.186372E+00
       868  7.679347E+00
       869  4.124764E+00
       870  7.619881E+00
       871  5.880480E+01
       872  3.302909E+01
       873  1.541437E+01
       874  5.587160E+00
       875  3.344741E+00
       876  5.880480E+01
       877  3.302909E+01
       878  1.541437E+01
       879  5.587160E+00
       880  3.344741E+00
       881  3.464116E+00
       882  6.383158E+00
       883  3.524645E+00
       884  6.447690E+00
       885  3.628536E+00
       886  6.587582E+00
       887  4.003518E+00
       888  6.690441E+00
       889  1.423632E+00
       890  2.353742E+00
       891  1.423632E+00
       892  2.353742E+00
       893  4.003518E+00
       894  6.690441E+00
       895  3.628536E+00
       896  6.587582E+00
       897  3.524645E+00
       898  6.447690E+00
       899  3.464116E+00
       900  6.383158E+00
       901  4.863113E+01
       902  2.743090E+01
       903  1.301212E+01
       904  4.998084E+00
       905  3.183321E+00
       906  4.863113E+01
       907  2.743090E+01
       908  1.301212E+01
       909  4.998084E+00
       910  3.183321E+00
       911  2.862120E+00
       912  5.259986E+00
       913  2.921849E+00
       914  5.329853E+00
       915  3.026557E+00
       916  5.475467E+00
       917  3.403807E+00
       918  5.581511E+00
       919  1.206998E+00
       920  1.950880E+00
       921  1.206998E+00
       922  1.950880E+00
       923  3.403807E+00
       924  5.581511E+00
       925  3.026557E+00
       926  5.475467E+00
       927  2.921849E+00
       928  5.329853E+00
       929  2.862120E+00
       930  5.259986E+00
       931  3.946602E+01
       932  2.238442E+01
       933  1.084749E+01
       934  4.471005E+00
       935  3.044511E+00
       936  3.946602E+01
       937  2.238442E+01
       938  1.084749E+01
       939  4.471005E+00
       940  3.044511E+00
       941  2.316129E+00
       942  4.256273E+00
       943  2.376226E+00
       944  4.329021E+00
       945  2.483425E+00
       946  4.478548E+00
       947  2.865609E+00
       948  4.587018E+00
       949  1.012897E+00
       950  1.589215E+00
       951  1.012897E+00
       952  1.589215E+00
       953  2.865609E+00
       954  4.587018E+00
       955  2.483425E+00
       956  4.478548E+00
       957  2.376226E+00
       958  4.329021E+00
       959  2.316129E+00
       960  4.256273E+00
       961  3.128658E+01
       962  1.787915E+01
       963  8.919808E+00
       964  4.010199E+00
       965  2.932962E+00
       966  3.128658E+01
       967  1.787915E+01
       968  8.919808E+00
       969  4.010199E+00
       970  2.932962E+00
       971  1.823250E+00
       972  3.382574E+00
       973  1.886473E+00
       974  3.450505E+00
       975  1.998978E+00
       976  3.597668E+00
       977  2.389789E+00
       978  3.705957E+00
       979  8.409718E-01
       980  1.268255E+00
       981  8.409718E-01
       982  1.268255E+00
       983  2.389789E+00
       984  3.705957E+00
       985  1.998978E+00
       986  3.597668E+00
       987  1.886473E+00
       988  3.450505E+00
       989  1.823250E+00
       990  3.382574E+00
       991  2.406302E+01
       992  1.390459E+01
       993  7.231721E+00
       994  3.622756E+00
       995  2.854322E+00
       996  2.406302E+01
       997  1.390459E+01
       998  7.231721E+00
       999  3.622756E+00
      1000  2.854322E+00
      1001  1.382403E+00
      1002  2.653647E+00
      1003  1.453784E+00
      1004  2.700567E+00
      1005  1.575310E+00
      1006  2.832030E+00
      1007  1.978254E+00
      1008  2.935002E+00
      1009  6.903939E-01
      1010  9.868726E-01
      1011  6.903939E-01
      1012  9.868726E-01
      1013  1.978254E+00
      1014  2.935002E+00
      1015  1.575310E+00
      1016  2.832030E+00
      1017  1.453784E+00
      1018  2.700567E+00
      1019  1.382403E+00
      1020  2.653647E+00
      1021  1.775799E+01
      1022  1.045455E+01
      1023  5.793043E+00
      1024  3.317746E+00
      1025  2.811067E+00
      1026  1.775799E+01
      1027  1.045455E+01
      1028  5.793043E+00
      1029  3.317746E+00
      1030  2.811067E+00
      1031  1.002116E+00
      1032  2.087548E+00
      1033  1.088363E+00
      1034  2.085091E+00
      1035  1.220614E+00
      1036  2.177107E+00
      1037  1.633882E+00
      1038  2.266168E+00
      1039  5.594144E-01
      1040  7.425710E-01
      1041  5.594144E-01
      1042  7.425710E-01
      1043  1.633882E+00
      1044  2.266168E+00
      1045  1.220614E+00
      1046  2.177107E+00
      1047  1.088363E+00
      1048  2.085091E+00
      1049  1.002116E+00
      1050  2.087548E+00
      1051  1.232839E+01
      1052  7.536062E+00
      1053  4.625351E+00
      1054  3.102256E+00
      1055  2.792090E+00
      1056  1.232839E+01
      1057  7.536062E+00
      1058  4.625351E+00
      1059  3.102256E+00
      1060  2.792090E+00
      1061  7.225327E-01
      1062  1.710069E+00
      1063  8.276862E-01
      1064  1.613975E+00
      1065  9.603614E-01
      1066  1.627439E+00
      1067  1.363970E+00
      1068  1.687965E+00
      1069  4.449853E-01
      1070  5.317220E-01
      1071  4.449853E-01
      1072  5.317220E-01
      1073  1.363970E+00
      1074  1.687965E+00
      1075  9.603614E-01
      1076  1.627439E+00
      1077  8.276862E-01
      1078  1.613975E+00
      1079  7.225327E-01
      1080  1.710069E+00
      1081  7.741625E+00
      1082  5.174813E+00
      1083  3.754776E+00
      1084  2.970100E+00
      1085  2.765650E+00
      1086  7.741625E+00
      1087  5.174813E+00
      1088  3.754776E+00
      1089  2.970100E+00
      1090  2.765650E+00
      1091  6.584117E-01
      1092  1.564957E+00
      1093  7.751682E-01
      1094  1.322434E+00
      1095  8.661802E-01
      1096  1.201606E+00
      1097  1.206704E+00
      1098  1.211254E+00
      1099  3.433703E-01
      1100  3.601584E-01
      1101  3.433703E-01
      1102  3.601584E-01
      1103  1.206704E+00
      1104  1.211254E+00
      1105  8.661802E-01
      1106  1.201606E+00
      1107  7.751682E-01
      1108  1.322434E+00
      1109  6.584117E-01
      1110  1.564957E+00
      1111  4.056232E+00
      1112  3.384175E+00
      1113  3.160685E+00
      1114  2.902727E+00
      1115  2.711997E+00
      1116  4.056232E+00
      1117  3.384175E+00
      1118  3.160685E+00
      1119  2.902727E+00
      1120  2.711997E+00
      1121  9.960185E-01
      1122  1.698792E+00
      1123  1.125843E+00
      1124  1.310446E+00
      1125  1.121156E+00
      1126  1.031035E+00
      1127  1.357660E+00
      1128  9.787916E-01
      1129  2.617007E-01
      1130  2.934588E-01
      1131  2.617007E-01
      1132  2.934588E-01
      1133  1.357660E+00
      1134  9.787916E-01
      1135  1.121156E+00
      1136  1.031035E+00
      1137  1.125843E+00
      1138  1.310446E+00
      1139  9.960185E-01
      1140  1.698792E+00
      1141  1.495813E+00
      1142  2.022076E+00
      1143  2.628136E+00
      1144  2.885371E+00
      1145  2.802880E+00
      1146  1.495813E+00
      1147  2.022076E+00
      1148  2.628136E+00
      1149  2.885371E+00
      1150  2.802880E+00
      1151  1.675461E+00
      1152  1.939365E+00
      1153  1.924207E+00
      1154  1.613382E+00
      1155  1.982855E+00
      1156  1.456375E+00
      1157  2.513025E+00
      1158  1.613271E+00
      1159  2.346557E-01
      1160  6.711203E-01
      1161  2.346557E-01
      1162  6.711203E-01
      1163  2.513025E+00
      1164  1.613271E+00
      1165  1.982855E+00
      1166  1.456375E+00
      1167  1.924207E+00
      1168  1.613382E+00
      1169  1.675461E+00
      1170  1.939365E+00
      1171  2.817939E-01
      1172  8.886280E-01
      1173  1.843731E+00
      1174  3.037352E+00
      1175  4.444556E+00
      1176  2.817939E-01
      1177  8.886280E-01
      1178  1.843731E+00
      1179  3.037352E+00
      1180  4.444556E+00
      1181  1.998472E+00
      1182  1.857634E+00
      1183  2.490461E+00
      1184  1.876219E+00
      1185  3.434846E+00
      1186  2.767788E+00
      1187  7.683651E+00
      1188  5.709814E+00
      1189  4.787330E-01
      1190  3.569787E+00
      1191  4.787330E-01
      1192  3.569787E+00
      1193  7.683651E+00
      1194  5.709814E+00
      1195  3.434846E+00
      1196  2.767788E+00
      1197  2.490461E+00
      1198  1.876219E+00
      1199  1.998472E+00
      1200  1.857634E+00
      1201  2.379331E-03
      1202  5.399813E-02
      1203  2.958345E-01
      1204  1.250334E+00
      1205  3.460141E+00
      1206  2.379331E-03
      1207  5.399813E-02
      1208  2.958345E-01
      1209  1.250334E+00
      1210  3.460141E+00
      1211  7.728475E-01
      1212  1.143283E+00
      1213  1.090852E+00
      1214  1.110348E+00
      1215  2.000454E+00
      1216  2.494619E+00
      1217  7.828925E+00
      1218  6.963828E+00
      1219  6.388085E-01
      1220  5.164275E+00
      1221  6.388085E-01
      1222  5.164275E+00
      1223  7.828925E+00
      1224  6.963828E+00
      1225  2.000454E+00
      1226  2.494619E+00
      1227  1.090852E+00
      1228  1.110348E+00
      1229  7.728475E-01
      1230  1.143283E+00

                                INCREMENT     8


 displacements (vx,vy,vz) for set TIP_TOP and time  0.6750000E+00

      1991  2.878837E-01 -8.612603E-03 -1.099305E+01
      1992  2.875998E-01 -8.452114E-03 -1.097292E+01
      1995  2.869221E-01 -8.161809E-03 -1.095310E+01
      1998  2.863524E-01 -6.599484E-03 -1.093495E+01
      2000  2.861260E-01 -2.593543E-03 -1.092359E+01
      2002  2.860506E-01  2.930595E-14 -1.092301E+01
      2004  2.861260E-01  2.593543E-03 -1.092359E+01
      2007  2.863524E-01  6.599484E-03 -1.093495E+01
      2010  2.869221E-01  8.161809E-03 -1.095310E+01
      2013  2.875998E-01  8.452114E-03 -1.097292E+01
      2016  2.878837E-01  8.612603E-03 -1.099305E+01

 forces (fx,fy,fz) for set CLAMP and time  0.6750000E+00

         1  1.708319E+04  1.602370E+04  6.819022E+03
         4  3.085486E+04  1.071121E-09  1.361356E+04
         5  2.266453E+04  2.445582E+04  2.979408E+01
         8  3.989388E+04  7.487320E-10  1.256789E+02
         9  1.521560E+04  1.610335E+04 -6.965147E+02
        12  2.655670E+04 -1.403518E-10 -1.330538E+03
        13  8.564414E+03  8.934270E+03 -1.301841E+03
        16  1.489428E+04 -5.456881E-10 -2.534367E+03
        17  2.048182E+03  2.010062E+03 -1.450048E+03
        20  3.502290E+03 -1.698376E-09 -2.848815E+03
        21 -3.505715E+03 -1.511609E+03 -3.881498E+03
        24 -3.852519E+03  9.155840E-11 -1.818307E+03
        26  1.708319E+04 -1.602370E+04  6.819022E+03
        28  2.266453E+04 -2.445582E+04  2.979408E+01
        30  1.521560E+04 -1.610335E+04 -6.965147E+02
        32  8.564414E+03 -8.934270E+03 -1.301841E+03
        34  2.048182E+03 -2.010062E+03 -1.450048E+03
        36 -3.505715E+03  1.511609E+03 -3.881498E+03
        37 -3.328975E+03 -1.779000E+03 -3.849676E+03
        40 -3.685958E+03 -7.215404E+02 -6.354231E+03
        41 -8.704924E+03 -4.303908E+03 -1.458269E+03
        44 -1.253411E+04 -1.700589E+03 -2.778805E+03
        45 -6.255616E+03 -2.538682E+03  4.840892E+03
        48 -1.058034E+04 -9.810599E+02  8.859503E+03
        50 -2.903955E+03 -6.944303E+02 -5.741518E+03
        52 -1.197064E+04 -1.510297E+03 -2.858128E+03
        54 -1.085353E+04 -8.171943E+02  8.630362E+03
        56 -2.853771E+03 -5.118715E+02 -5.775587E+03
        58 -1.222195E+04 -1.034833E+03 -2.876581E+03
        60 -1.121954E+04 -5.320148E+02  8.824139E+03
        62 -8.597283E+03 -3.986397E+02 -1.846747E+03
        64 -7.853909E+03 -1.923825E+02  6.194642E+03
        66 -4.636893E+03 -9.110107E-10 -9.522243E+02
        68 -4.223992E+03 -1.961232E-09  3.346613E+03
        70 -8.597283E+03  3.986397E+02 -1.846747E+03
        72 -7.853909E+03  1.923825E+02  6.194642E+03
        74 -2.853771E+03  5.118715E+02 -5.775587E+03
        76 -1.222195E+04  1.034833E+03 -2.876581E+03
        78 -1.121954E+04  5.320148E+02  8.824139E+03
        80 -2.903955E+03  6.944303E+02 -5.741518E+03
        82 -1.197064E+04  1.510297E+03 -2.858128E+03
        84 -1.085353E+04  8.171943E+02  8.630362E+03
        86 -3.685958E+03  7.215404E+02 -6.354231E+03
        88 -1.253411E+04  1.700589E+03 -2.778805E+03
        90 -1.058034E+04  9.810599E+02  8.859503E+03
        92 -3.328975E+03  1.779000E+03 -3.849676E+03
        94 -8.704924E+03  4.303908E+03 -1.458269E+03
        96 -6.255616E+03  2.538682E+03  4.840892E+03

 internal energy (element, energy) for set EALL and time  0.6750000E+00

         1  8.211824E+02
         2  3.786726E+02
         3  1.516628E+02
         4  3.396217E+01
         5  8.278392E+00
         6  8.211824E+02
         7  3.786726E+02
         8  1.516628E+02
         9  3.396217E+01
        10  8.278392E+00
        11  4.888466E+01
        12  8.969475E+01
        13  3.751951E+01
        14  7.701318E+01
        15  3.592295E+01
        16  7.704129E+01
        17  3.786076E+01
        18  8.001007E+01
        19  1.438676E+01
        20  2.990130E+01
        21  1.438676E+01
        22  2.990130E+01
        23  3.786076E+01
        24  8.001007E+01
        25  3.592295E+01
        26  7.704129E+01
        27  3.751951E+01
        28  7.701318E+01
        29  4.888466E+01
        30  8.969475E+01
        31  8.331602E+02
        32  4.727809E+02
        33  1.934455E+02
        34  4.554387E+01
        35  1.352667E+01
        36  8.331602E+02
        37  4.727809E+02
        38  1.934455E+02
        39  4.554387E+01
        40  1.352667E+01
        41  4.155772E+01
        42  8.647701E+01
        43  4.521530E+01
        44  9.124325E+01
        45  4.514908E+01
        46  9.094107E+01
        47  4.801678E+01
        48  9.391423E+01
        49  1.825054E+01
        50  3.487566E+01
        51  1.825054E+01
        52  3.487566E+01
        53  4.801678E+01
        54  9.391423E+01
        55  4.514908E+01
        56  9.094107E+01
        57  4.521530E+01
        58  9.124325E+01
        59  4.155772E+01
        60  8.647701E+01
        61  8.732408E+02
        62  4.948416E+02
        63  2.167998E+02
        64  5.476274E+01
        65  1.800813E+01
        66  8.732408E+02
        67  4.948416E+02
        68  2.167998E+02
        69  5.476274E+01
        70  1.800813E+01
        71  4.428509E+01
        72  9.035853E+01
        73  4.942169E+01
        74  9.718930E+01
        75  5.227022E+01
        76  1.009902E+02
        77  5.461905E+01
        78  1.037416E+02
        79  2.012755E+01
        80  3.809146E+01
        81  2.012755E+01
        82  3.809146E+01
        83  5.461905E+01
        84  1.037416E+02
        85  5.227022E+01
        86  1.009902E+02
        87  4.942169E+01
        88  9.718930E+01
        89  4.428509E+01
        90  9.035853E+01
        91  9.878952E+02
        92  5.524161E+02
        93  2.420762E+02
        94  6.356385E+01
        95  2.237690E+01
        96  9.878952E+02
        97  5.524161E+02
        98  2.420762E+02
        99  6.356385E+01
       100  2.237690E+01
       101  5.608948E+01
       102  1.018262E+02
       103  5.916117E+01
       104  1.062214E+02
       105  6.178337E+01
       106  1.099808E+02
       107  6.328238E+01
       108  1.117927E+02
       109  2.282467E+01
       110  4.055579E+01
       111  2.282467E+01
       112  4.055579E+01
       113  6.328238E+01
       114  1.117927E+02
       115  6.178337E+01
       116  1.099808E+02
       117  5.916117E+01
       118  1.062214E+02
       119  5.608948E+01
       120  1.018262E+02
       121  9.352356E+02
       122  5.166830E+02
       123  2.243453E+02
       124  5.814267E+01
       125  1.961711E+01
       126  9.352356E+02
       127  5.166830E+02
       128  2.243453E+02
       129  5.814267E+01
       130  1.961711E+01
       131  5.457941E+01
       132  1.009051E+02
       133  5.561485E+01
       134  1.024766E+02
       135  5.673047E+01
       136  1.041339E+02
       137  5.774202E+01
       138  1.049401E+02
       139  2.092709E+01
       140  3.802748E+01
       141  2.092709E+01
       142  3.802748E+01
       143  5.774202E+01
       144  1.049401E+02
       145  5.673047E+01
       146  1.041339E+02
       147  5.561485E+01
       148  1.024766E+02
       149  5.457941E+01
       150  1.009051E+02
       151  8.815368E+02
       152  4.856490E+02
       153  2.100817E+02
       154  5.427943E+01
       155  1.808987E+01
       156  8.815368E+02
       157  4.856490E+02
       158  2.100817E+02
       159  5.427943E+01
       160  1.808987E+01
       161  5.214111E+01
       162  9.722851E+01
       163  5.236252E+01
       164  9.736325E+01
       165  5.278854E+01
       166  9.770657E+01
       167  5.354228E+01
       168  9.785643E+01
       169  1.944326E+01
       170  3.542001E+01
       171  1.944326E+01
       172  3.542001E+01
       173  5.354228E+01
       174  9.785643E+01
       175  5.278854E+01
       176  9.770657E+01
       177  5.236252E+01
       178  9.736325E+01
       179  5.214111E+01
       180  9.722851E+01
       181  8.287298E+02
       182  4.565068E+02
       183  1.974494E+02
       184  5.109895E+01
       185  1.704777E+01
       186  8.287298E+02
       187  4.565068E+02
       188  1.974494E+02
       189  5.109895E+01
       190  1.704777E+01
       191  4.919451E+01
       192  9.187419E+01
       193  4.925082E+01
       194  9.164501E+01
       195  4.945455E+01
       196  9.158430E+01
       197  5.006383E+01
       198  9.156540E+01
       199  1.816208E+01
       200  3.313268E+01
       201  1.816208E+01
       202  3.313268E+01
       203  5.006383E+01
       204  9.156540E+01
       205  4.945455E+01
       206  9.158430E+01
       207  4.925082E+01
       208  9.164501E+01
       209  4.919451E+01
       210  9.187419E+01
       211  7.778608E+02
       212  4.285149E+02
       213  1.854414E+02
       214  4.812805E+01
       215  1.615734E+01
       216  7.778608E+02
       217  4.285149E+02
       218  1.854414E+02
       219  4.812805E+01
       220  1.615734E+01
       221  4.618776E+01
       222  8.606443E+01
       223  4.624527E+01
       224  8.587907E+01
       225  4.639706E+01
       226  8.582663E+01
       227  4.695647E+01
       228  8.582256E+01
       229  1.702156E+01
       230  3.105080E+01
       231  1.702156E+01
       232  3.105080E+01
       233  4.695647E+01
       234  8.582256E+01
       235  4.639706E+01
       236  8.582663E+01
       237  4.624527E+01
       238  8.587907E+01
       239  4.618776E+01
       240  8.606443E+01
       241  7.287994E+02
       242  4.015340E+02
       243  1.738698E+02
       244  4.527391E+01
       245  1.533612E+01
       246  7.287994E+02
       247  4.015340E+02
       248  1.738698E+02
       249  4.527391E+01
       250  1.533612E+01
       251  4.325527E+01
       252  8.036360E+01
       253  4.333137E+01
       254  8.028703E+01
       255  4.347897E+01
       256  8.032542E+01
       257  4.402442E+01
       258  8.037611E+01
       259  1.594876E+01
       260  2.907946E+01
       261  1.594876E+01
       262  2.907946E+01
       263  4.402442E+01
       264  8.037611E+01
       265  4.347897E+01
       266  8.032542E+01
       267  4.333137E+01
       268  8.028703E+01
       269  4.325527E+01
       270  8.036360E+01
       271  6.814794E+02
       272  3.755171E+02
       273  1.627101E+02
       274  4.251969E+01
       275  1.454768E+01
       276  6.814794E+02
       277  3.755171E+02
       278  1.627101E+02
       279  4.251969E+01
       280  1.454768E+01
       281  4.042993E+01
       282  7.493823E+01
       283  4.051533E+01
       284  7.493842E+01
       285  4.066456E+01
       286  7.504924E+01
       287  4.120534E+01
       288  7.514531E+01
       289  1.492105E+01
       290  2.718522E+01
       291  1.492105E+01
       292  2.718522E+01
       293  4.120534E+01
       294  7.514531E+01
       295  4.066456E+01
       296  7.504924E+01
       297  4.051533E+01
       298  7.493842E+01
       299  4.042993E+01
       300  7.493823E+01
       301  6.358744E+02
       302  3.504488E+02
       303  1.519570E+02
       304  3.986542E+01
       305  1.378624E+01
       306  6.358744E+02
       307  3.504488E+02
       308  1.519570E+02
       309  3.986542E+01
       310  1.378624E+01
       311  3.771186E+01
       312  6.979733E+01
       313  3.779923E+01
       314  6.983855E+01
       315  3.794826E+01
       316  6.999059E+01
       317  3.848588E+01
       318  7.011282E+01
       319  1.393159E+01
       320  2.536047E+01
       321  1.393159E+01
       322  2.536047E+01
       323  3.848588E+01
       324  7.011282E+01
       325  3.794826E+01
       326  6.999059E+01
       327  3.779923E+01
       328  6.983855E+01
       329  3.771186E+01
       330  6.979733E+01
       331  5.919844E+02
       332  3.263266E+02
       333  1.416115E+02
       334  3.731251E+01
       335  1.305197E+01
       336  5.919844E+02
       337  3.263266E+02
       338  1.416115E+02
       339  3.731251E+01
       340  1.305197E+01
       341  3.509766E+01
       342  6.491187E+01
       343  3.518433E+01
       344  6.497181E+01
       345  3.533201E+01
       346  6.514278E+01
       347  3.586684E+01
       348  6.527660E+01
       349  1.297972E+01
       350  2.360503E+01
       351  1.297972E+01
       352  2.360503E+01
       353  3.586684E+01
       354  6.527660E+01
       355  3.533201E+01
       356  6.514278E+01
       357  3.518433E+01
       358  6.497181E+01
       359  3.509766E+01
       360  6.491187E+01
       361  5.498134E+02
       362  3.031505E+02
       363  1.316733E+02
       364  3.486103E+01
       365  1.234618E+01
       366  5.498134E+02
       367  3.031505E+02
       368  1.316733E+02
       369  3.486103E+01
       370  1.234618E+01
       371  3.258574E+01
       372  6.025329E+01
       373  3.267151E+01
       374  6.032042E+01
       375  3.281791E+01
       376  6.049818E+01
       377  3.335045E+01
       378  6.063547E+01
       379  1.206567E+01
       380  2.191937E+01
       381  1.206567E+01
       382  2.191937E+01
       383  3.335045E+01
       384  6.063547E+01
       385  3.281791E+01
       386  6.049818E+01
       387  3.267151E+01
       388  6.032042E+01
       389  3.258574E+01
       390  6.025329E+01
       391  5.093585E+02
       392  2.809173E+02
       393  1.221403E+02
       394  3.251029E+01
       395  1.166964E+01
       396  5.093585E+02
       397  2.809173E+02
       398  1.221403E+02
       399  3.251029E+01
       400  1.166964E+01
       401  3.017584E+01
       402  5.580173E+01
       403  3.026119E+01
       404  5.587094E+01
       405  3.040681E+01
       406  5.605001E+01
       407  3.093762E+01
       408  5.618727E+01
       409  1.118951E+01
       410  2.030338E+01
       411  1.118951E+01
       412  2.030338E+01
       413  3.093762E+01
       414  5.618727E+01
       415  3.040681E+01
       416  5.605001E+01
       417  3.026119E+01
       418  5.587094E+01
       419  3.017584E+01
       420  5.580173E+01
       421  4.706084E+02
       422  2.596204E+02
       423  1.130092E+02
       424  3.025939E+01
       425  1.102262E+01
       426  4.706084E+02
       427  2.596204E+02
       428  1.130092E+02
       429  3.025939E+01
       430  1.102262E+01
       431  2.786785E+01
       432  5.154520E+01
       433  2.795325E+01
       434  5.161461E+01
       435  2.809855E+01
       436  5.179308E+01
       437  2.862805E+01
       438  5.192925E+01
       439  1.035095E+01
       440  1.875641E+01
       441  1.035095E+01
       442  1.875641E+01
       443  2.862805E+01
       444  5.192925E+01
       445  2.809855E+01
       446  5.179308E+01
       447  2.795325E+01
       448  5.161461E+01
       449  2.786785E+01
       450  5.154520E+01
       451  4.335467E+02
       452  2.392508E+02
       453  1.042759E+02
       454  2.810737E+01
       455  1.040502E+01
       456  4.335467E+02
       457  2.392508E+02
       458  1.042759E+02
       459  2.810737E+01
       460  1.040502E+01
       461  2.566135E+01
       462  4.747682E+01
       463  2.574703E+01
       464  4.754601E+01
       465  2.589231E+01
       466  4.772355E+01
       467  2.642076E+01
       468  4.785863E+01
       469  9.549570E+00
       470  1.727758E+01
       471  9.549570E+00
       472  1.727758E+01
       473  2.642076E+01
       474  4.785863E+01
       475  2.589231E+01
       476  4.772355E+01
       477  2.574703E+01
       478  4.754601E+01
       479  2.566135E+01
       480  4.747682E+01
       481  3.981537E+02
       482  2.197981E+02
       483  9.593621E+01
       484  2.605318E+01
       485  9.816561E+00
       486  3.981537E+02
       487  2.197981E+02
       488  9.593621E+01
       489  2.605318E+01
       490  9.816561E+00
       491  2.355549E+01
       492  4.359259E+01
       493  2.364156E+01
       494  4.366165E+01
       495  2.378693E+01
       496  4.383846E+01
       497  2.431446E+01
       498  4.397276E+01
       499  8.784864E+00
       500  1.586596E+01
       501  8.784864E+00
       502  1.586596E+01
       503  2.431446E+01
       504  4.397276E+01
       505  2.378693E+01
       506  4.383846E+01
       507  2.364156E+01
       508  4.366165E+01
       509  2.355549E+01
       510  4.359259E+01
       511  3.644093E+02
       512  2.012516E+02
       513  8.798546E+01
       514  2.409572E+01
       515  9.256837E+00
       516  3.644093E+02
       517  2.012516E+02
       518  8.798546E+01
       519  2.409572E+01
       520  9.256837E+00
       521  2.154917E+01
       522  3.988982E+01
       523  2.163563E+01
       524  3.995896E+01
       525  2.178111E+01
       526  4.013533E+01
       527  2.230777E+01
       528  4.026915E+01
       529  8.056316E+00
       530  1.452062E+01
       531  8.056316E+00
       532  1.452062E+01
       533  2.230777E+01
       534  4.026915E+01
       535  2.178111E+01
       536  4.013533E+01
       537  2.163563E+01
       538  3.995896E+01
       539  2.154917E+01
       540  3.988982E+01
       541  3.322929E+02
       542  1.836003E+02
       543  8.041902E+01
       544  2.223380E+01
       545  8.725392E+00
       546  3.322929E+02
       547  1.836003E+02
       548  8.041902E+01
       549  2.223380E+01
       550  8.725392E+00
       551  1.964112E+01
       552  3.636638E+01
       553  1.972793E+01
       554  3.643572E+01
       555  1.987351E+01
       556  3.661186E+01
       557  2.039930E+01
       558  3.674540E+01
       559  7.363419E+00
       560  1.324065E+01
       561  7.363419E+00
       562  1.324065E+01
       563  2.039930E+01
       564  3.674540E+01
       565  1.987351E+01
       566  3.661186E+01
       567  1.972793E+01
       568  3.643572E+01
       569  1.964112E+01
       570  3.636638E+01
       571  3.017846E+02
       572  1.668331E+02
       573  7.323220E+01
       574  2.046618E+01
       575  8.221744E+00
       576  3.017846E+02
       577  1.668331E+02
       578  7.323220E+01
       579  2.046618E+01
       580  8.221744E+00
       581  1.783002E+01
       582  3.302025E+01
       583  1.791713E+01
       584  3.308984E+01
       585  1.806279E+01
       586  3.326584E+01
       587  1.858768E+01
       588  3.339920E+01
       589  6.705678E+00
       590  1.202520E+01
       591  6.705678E+00
       592  1.202520E+01
       593  1.858768E+01
       594  3.339920E+01
       595  1.806279E+01
       596  3.326584E+01
       597  1.791713E+01
       598  3.308984E+01
       599  1.783002E+01
       600  3.302025E+01
       601  2.728648E+02
       602  1.509394E+02
       603  6.642037E+01
       604  1.879163E+01
       605  7.745401E+00
       606  2.728648E+02
       607  1.509394E+02
       608  6.642037E+01
       609  1.879163E+01
       610  7.745401E+00
       611  1.611455E+01
       612  2.984939E+01
       613  1.620193E+01
       614  2.991921E+01
       615  1.634761E+01
       616  3.009508E+01
       617  1.687159E+01
       618  3.022826E+01
       619  6.082610E+00
       620  1.087343E+01
       621  6.082610E+00
       622  1.087343E+01
       623  1.687159E+01
       624  3.022826E+01
       625  1.634761E+01
       626  3.009508E+01
       627  1.620193E+01
       628  2.991921E+01
       629  1.611455E+01
       630  2.984939E+01
       631  2.455141E+02
       632  1.359085E+02
       633  5.997890E+01
       634  1.720889E+01
       635  7.295866E+00
       636  2.455141E+02
       637  1.359085E+02
       638  5.997890E+01
       639  1.720889E+01
       640  7.295866E+00
       641  1.449343E+01
       642  2.685167E+01
       643  1.458102E+01
       644  2.692167E+01
       645  1.472669E+01
       646  2.709736E+01
       647  1.524971E+01
       648  2.723035E+01
       649  5.493739E+00
       650  9.784517E+00
       651  5.493739E+00
       652  9.784517E+00
       653  1.524971E+01
       654  2.723035E+01
       655  1.472669E+01
       656  2.709736E+01
       657  1.458102E+01
       658  2.692167E+01
       659  1.449343E+01
       660  2.685167E+01
       661  2.197135E+02
       662  1.217300E+02
       663  5.390325E+01
       664  1.571672E+01
       665  6.872641E+00
       666  2.197135E+02
       667  1.217300E+02
       668  5.390325E+01
       669  1.571672E+01
       670  6.872641E+00
       671  1.296541E+01
       672  2.402486E+01
       673  1.305316E+01
       674  2.409499E+01
       675  1.319875E+01
       676  2.427046E+01
       677  1.372076E+01
       678  2.440322E+01
       679  4.938601E+00
       680  8.757645E+00
       681  4.938601E+00
       682  8.757645E+00
       683  1.372076E+01
       684  2.440322E+01
       685  1.319875E+01
       686  2.427046E+01
       687  1.305316E+01
       688  2.409499E+01
       689  1.296541E+01
       690  2.402486E+01
       691  1.954448E+02
       692  1.083937E+02
       693  4.818894E+01
       694  1.431384E+01
       695  6.475216E+00
       696  1.954448E+02
       697  1.083937E+02
       698  4.818894E+01
       699  1.431384E+01
       700  6.475216E+00
       701  1.152929E+01
       702  2.136658E+01
       703  1.161712E+01
       704  2.143686E+01
       705  1.176256E+01
       706  2.161215E+01
       707  1.228348E+01
       708  2.174469E+01
       709  4.416739E+00
       710  7.792024E+00
       711  4.416739E+00
       712  7.792024E+00
       713  1.228348E+01
       714  2.174469E+01
       715  1.176256E+01
       716  2.161215E+01
       717  1.161712E+01
       718  2.143686E+01
       719  1.152929E+01
       720  2.136658E+01
       721  1.726898E+02
       722  9.588957E+01
       723  4.283149E+01
       724  1.299896E+01
       725  6.103081E+00
       726  1.726898E+02
       727  9.588957E+01
       728  4.283149E+01
       729  1.299896E+01
       730  6.103081E+00
       731  1.018393E+01
       732  1.887422E+01
       733  1.027171E+01
       734  1.894485E+01
       735  1.041690E+01
       736  1.912015E+01
       737  1.093665E+01
       738  1.925258E+01
       739  3.927713E+00
       740  6.886879E+00
       741  3.927713E+00
       742  6.886879E+00
       743  1.093665E+01
       744  1.925258E+01
       745  1.041690E+01
       746  1.912015E+01
       747  1.027171E+01
       748  1.894485E+01
       749  1.018393E+01
       750  1.887422E+01
       751  1.514313E+02
       752  8.420792E+01
       753  3.782645E+01
       754  1.177074E+01
       755  5.755735E+00
       756  1.514313E+02
       757  8.420792E+01
       758  3.782645E+01
       759  1.177074E+01
       760  5.755735E+00
       761  8.928213E+00
       762  1.654488E+01
       763  9.015738E+00
       764  1.661638E+01
       765  9.160540E+00
       766  1.679222E+01
       767  9.679057E+00
       768  1.692484E+01
       769  3.471115E+00
       770  6.041473E+00
       771  3.471115E+00
       772  6.041473E+00
       773  9.679057E+00
       774  1.692484E+01
       775  9.160540E+00
       776  1.679222E+01
       777  9.015738E+00
       778  1.661638E+01
       779  8.928213E+00
       780  1.654488E+01
       781  1.316527E+02
       782  7.333919E+01
       783  3.316932E+01
       784  1.062778E+01
       785  5.432745E+00
       786  1.316527E+02
       787  7.333919E+01
       788  3.316932E+01
       789  1.062778E+01
       790  5.432745E+00
       791  7.761007E+00
       792  1.437547E+01
       793  7.847990E+00
       794  1.444879E+01
       795  7.992265E+00
       796  1.462616E+01
       797  8.509553E+00
       798  1.475952E+01
       799  3.046576E+00
       800  5.255125E+00
       801  3.046576E+00
       802  5.255125E+00
       803  8.509553E+00
       804  1.475952E+01
       805  7.992265E+00
       806  1.462616E+01
       807  7.847990E+00
       808  1.444879E+01
       809  7.761007E+00
       810  1.437547E+01
       811  1.133383E+02
       812  6.327398E+01
       813  2.885559E+01
       814  9.568705E+00
       815  5.133850E+00
       816  1.133383E+02
       817  6.327398E+01
       818  2.885559E+01
       819  9.568705E+00
       820  5.133850E+00
       821  6.681051E+00
       822  1.236288E+01
       823  6.767122E+00
       824  1.243951E+01
       825  6.910788E+00
       826  1.261997E+01
       827  7.427055E+00
       828  1.275496E+01
       829  2.653796E+00
       830  4.527229E+00
       831  2.653796E+00
       832  4.527229E+00
       833  7.427055E+00
       834  1.275496E+01
       835  6.910788E+00
       836  1.261997E+01
       837  6.767122E+00
       838  1.243951E+01
       839  6.681051E+00
       840  1.236288E+01
       841  9.647253E+01
       842  5.400279E+01
       843  2.488068E+01
       844  8.592334E+00
       845  4.859171E+00
       846  9.647253E+01
       847  5.400279E+01
       848  2.488068E+01
       849  8.592334E+00
       850  4.859171E+00
       851  5.686791E+00
       852  1.050464E+01
       853  5.771580E+00
       854  1.058649E+01
       855  5.914730E+00
       856  1.077207E+01
       857  6.430575E+00
       858  1.090984E+01
       859  2.292551E+00
       860  3.857276E+00
       861  2.292551E+00
       862  3.857276E+00
       863  6.430575E+00
       864  1.090984E+01
       865  5.914730E+00
       866  1.077207E+01
       867  5.771580E+00
       868  1.058649E+01
       869  5.686791E+00
       870  1.050464E+01
       871  8.103926E+01
       872  4.551562E+01
       873  2.124019E+01
       874  7.698055E+00
       875  4.609552E+00
       876  8.103926E+01
       877  4.551562E+01
       878  2.124019E+01
       879  7.698055E+00
       880  4.609552E+00
       881  4.776165E+00
       882  8.800065E+00
       883  4.859484E+00
       884  8.888919E+00
       885  5.002595E+00
       886  9.081620E+00
       887  5.519285E+00
       888  9.223297E+00
       889  1.962688E+00
       890  3.244848E+00
       891  1.962688E+00
       892  3.244848E+00
       893  5.519285E+00
       894  9.223297E+00
       895  5.002595E+00
       896  9.081620E+00
       897  4.859484E+00
       898  8.888919E+00
       899  4.776165E+00
       900  8.800065E+00
       901  6.701962E+01
       902  3.780139E+01
       903  1.793012E+01
       904  6.886468E+00
       905  4.387082E+00
       906  6.701962E+01
       907  3.780139E+01
       908  1.793012E+01
       909  6.886468E+00
       910  4.387082E+00
       911  3.946366E+00
       912  7.251959E+00
       913  4.028598E+00
       914  7.348182E+00
       915  4.172841E+00
       916  7.548784E+00
       917  4.692659E+00
       918  7.694855E+00
       919  1.664083E+00
       920  2.689583E+00
       921  1.664083E+00
       922  2.689583E+00
       923  4.692659E+00
       924  7.694855E+00
       925  4.172841E+00
       926  7.548784E+00
       927  4.028598E+00
       928  7.348182E+00
       929  3.946366E+00
       930  7.251959E+00
       931  5.438969E+01
       932  3.084737E+01
       933  1.494744E+01
       934  6.160295E+00
       935  4.195766E+00
       936  5.438969E+01
       937  3.084737E+01
       938  1.494744E+01
       939  6.160295E+00
       940  4.195766E+00
       941  3.193745E+00
       942  5.868461E+00
       943  3.276496E+00
       944  5.968673E+00
       945  3.424177E+00
       946  6.174679E+00
       947  3.950793E+00
       948  6.324099E+00
       949  1.396529E+00
       950  2.191082E+00
       951  1.396529E+00
       952  2.191082E+00
       953  3.950793E+00
       954  6.324099E+00
       955  3.424177E+00
       956  6.174679E+00
       957  3.276496E+00
       958  5.968673E+00
       959  3.193745E+00
       960  5.868461E+00
       961  4.311794E+01
       962  2.463906E+01
       963  1.229123E+01
       964  5.525428E+00
       965  4.042015E+00
       966  4.311794E+01
       967  2.463906E+01
       968  1.229123E+01
       969  5.525428E+00
       970  4.042015E+00
       971  2.514309E+00
       972  4.664124E+00
       973  2.601378E+00
       974  4.757712E+00
       975  2.756378E+00
       976  4.960473E+00
       977  3.294885E+00
       978  5.109650E+00
       979  1.159532E+00
       980  1.748672E+00
       981  1.159532E+00
       982  1.748672E+00
       983  3.294885E+00
       984  5.109650E+00
       985  2.756378E+00
       986  4.960473E+00
       987  2.601378E+00
       988  4.757712E+00
       989  2.514309E+00
       990  4.664124E+00
       991  3.316337E+01
       992  1.916201E+01
       993  9.965142E+00
       994  4.991639E+00
       995  3.933610E+00
       996  3.316337E+01
       997  1.916201E+01
       998  9.965142E+00
       999  4.991639E+00
      1000  3.933610E+00
      1001  1.906558E+00
      1002  3.659295E+00
      1003  2.004884E+00
      1004  3.723940E+00
      1005  2.172329E+00
      1006  3.905074E+00
      1007  2.727563E+00
      1008  4.046929E+00
      1009  9.519536E-01
      1010  1.360802E+00
      1011  9.519536E-01
      1012  1.360802E+00
      1013  2.727563E+00
      1014  4.046929E+00
      1015  2.172329E+00
      1016  3.905074E+00
      1017  2.004884E+00
      1018  3.723940E+00
      1019  1.906558E+00
      1020  3.659295E+00
      1021  2.447447E+01
      1022  1.440770E+01
      1023  7.982715E+00
      1024  4.571434E+00
      1025  3.873967E+00
      1026  2.447447E+01
      1027  1.440770E+01
      1028  7.982715E+00
      1029  4.571434E+00
      1030  3.873967E+00
      1031  1.382231E+00
      1032  2.878882E+00
      1033  1.501065E+00
      1034  2.875478E+00
      1035  1.683313E+00
      1036  3.002255E+00
      1037  2.252797E+00
      1038  3.124942E+00
      1039  7.713827E-01
      1040  1.024033E+00
      1041  7.713827E-01
      1042  1.024033E+00
      1043  2.252797E+00
      1044  3.124942E+00
      1045  1.683313E+00
      1046  3.002255E+00
      1047  1.501065E+00
      1048  2.875478E+00
      1049  1.382231E+00
      1050  2.878882E+00
      1051  1.699186E+01
      1052  1.038585E+01
      1053  6.373697E+00
      1054  4.274590E+00
      1055  3.847786E+00
      1056  1.699186E+01
      1057  1.038585E+01
      1058  6.373697E+00
      1059  4.274590E+00
      1060  3.847786E+00
      1061  9.966349E-01
      1062  2.358466E+00
      1063  1.141549E+00
      1064  2.225989E+00
      1065  1.324423E+00
      1066  2.244495E+00
      1067  1.880640E+00
      1068  2.327855E+00
      1069  6.136185E-01
      1070  7.333655E-01
      1071  6.136185E-01
      1072  7.333655E-01
      1073  1.880640E+00
      1074  2.327855E+00
      1075  1.324423E+00
      1076  2.244495E+00
      1077  1.141549E+00
      1078  2.225989E+00
      1079  9.966349E-01
      1080  2.358466E+00
      1081  1.067059E+01
      1082  7.131862E+00
      1083  5.174136E+00
      1084  4.092599E+00
      1085  3.811315E+00
      1086  1.067059E+01
      1087  7.131862E+00
      1088  5.174136E+00
      1089  4.092599E+00
      1090  3.811315E+00
      1091  9.079279E-01
      1092  2.158397E+00
      1093  1.068861E+00
      1094  1.824038E+00
      1095  1.194369E+00
      1096  1.657411E+00
      1097  1.663701E+00
      1098  1.670629E+00
      1099  4.735104E-01
      1100  4.968337E-01
      1101  4.735104E-01
      1102  4.968337E-01
      1103  1.663701E+00
      1104  1.670629E+00
      1105  1.194369E+00
      1106  1.657411E+00
      1107  1.068861E+00
      1108  1.824038E+00
      1109  9.079279E-01
      1110  2.158397E+00
      1111  5.591260E+00
      1112  4.664214E+00
      1113  4.355660E+00
      1114  3.999907E+00
      1115  3.737321E+00
      1116  5.591260E+00
      1117  4.664214E+00
      1118  4.355660E+00
      1119  3.999907E+00
      1120  3.737321E+00
      1121  1.372918E+00
      1122  2.342945E+00
      1123  1.551872E+00
      1124  1.807486E+00
      1125  1.545510E+00
      1126  1.422167E+00
      1127  1.871468E+00
      1128  1.349987E+00
      1129  3.608820E-01
      1130  4.047891E-01
      1131  3.608820E-01
      1132  4.047891E-01
      1133  1.871468E+00
      1134  1.349987E+00
      1135  1.545510E+00
      1136  1.422167E+00
      1137  1.551872E+00
      1138  1.807486E+00
      1139  1.372918E+00
      1140  2.342945E+00
      1141  2.062079E+00
      1142  2.787148E+00
      1143  3.622127E+00
      1144  3.976198E+00
      1145  3.862392E+00
      1146  2.062079E+00
      1147  2.787148E+00
      1148  3.622127E+00
      1149  3.976198E+00
      1150  3.862392E+00
      1151  2.309201E+00
      1152  2.674759E+00
      1153  2.652096E+00
      1154  2.225188E+00
      1155  2.732993E+00
      1156  2.008390E+00
      1157  3.463477E+00
      1158  2.224165E+00
      1159  3.235344E-01
      1160  9.251113E-01
      1161  3.235344E-01
      1162  9.251113E-01
      1163  3.463477E+00
      1164  2.224165E+00
      1165  2.732993E+00
      1166  2.008390E+00
      1167  2.652096E+00
      1168  2.225188E+00
      1169  2.309201E+00
      1170  2.674759E+00
      1171  3.885274E-01
      1172  1.225059E+00
      1173  2.541525E+00
      1174  4.186313E+00
      1175  6.124852E+00
      1176  3.885274E-01
      1177  1.225059E+00
      1178  2.541525E+00
      1179  4.186313E+00
      1180  6.124852E+00
      1181  2.754511E+00
      1182  2.561996E+00
      1183  3.432766E+00
      1184  2.587453E+00
      1185  4.734515E+00
      1186  3.815764E+00
      1187  1.058998E+01
      1188  7.870160E+00
      1189  6.599001E-01
      1190  4.919932E+00
      1191  6.599001E-01
      1192  4.919932E+00
      1193  1.058998E+01
      1194  7.870160E+00
      1195  4.734515E+00
      1196  3.815764E+00
      1197  3.432766E+00
      1198  2.587453E+00
      1199  2.754511E+00
      1200  2.561996E+00
      1201  3.281008E-03
      1202  7.446047E-02
      1203  4.079082E-01
      1204  1.723870E+00
      1205  4.770141E+00
      1206  3.281008E-03
      1207  7.446047E-02
      1208  4.079082E-01
      1209  1.723870E+00
      1210  4.770141E+00
      1211  1.065580E+00
      1212  1.577104E+00
      1213  1.503796E+00
      1214  1.531048E+00
      1215  2.757425E+00
      1216  3.438798E+00
      1217  1.079085E+01
      1218  9.598522E+00
      1219  8.805761E-01
      1220  7.118282E+00
      1221  8.805761E-01
      1222  7.118282E+00
      1223  1.079085E+01
      1224  9.598522E+00
      1225  2.757425E+00
      1226  3.438798E+00
      1227  1.503796E+00
      1228  1.531048E+00
      1229  1.065580E+00
      1230  1.577104E+00

                                INCREMENT     9


 displacements (vx,vy,vz) for set TIP_TOP and time  0.7750000E+00

      1991  3.243921E-01 -9.884539E-03 -1.262118E+01
      1992  3.240930E-01 -9.701876E-03 -1.259807E+01
      1995  3.233429E-01 -9.369962E-03 -1.257531E+01
      1998  3.227141E-01 -7.577253E-03 -1.255447E+01
      2000  3.224707E-01 -2.978007E-03 -1.254142E+01
      2002  3.223856E-01  2.755650E-14 -1.254076E+01
      2004  3.224707E-01  2.978007E-03 -1.254142E+01
      2007  3.227141E-01  7.577253E-03 -1.255447E+01
      2010  3.233429E-01  9.369962E-03 -1.257531E+01
      2013  3.240930E-01  9.701876E-03 -1.259807E+01
      2016  3.243921E-01  9.884539E-03 -1.262118E+01

 forces (fx,fy,fz) for set CLAMP and time  0.7750000E+00

         1  1.961476E+04  1.839420E+04  7.827289E+03
         4  3.542621E+04  1.291973E-09  1.562658E+04
         5  2.602241E+04  2.807437E+04  3.308279E+01
         8  4.580292E+04  2.426622E-10  1.422175E+02
         9  1.746958E+04  1.848648E+04 -8.007407E+02
        12  3.048996E+04 -8.355507E-10 -1.529638E+03
        13  9.832865E+03  1.025653E+04 -1.495439E+03
        16  1.709989E+04 -2.981422E-09 -2.911244E+03
        17  2.351381E+03  2.307290E+03 -1.665277E+03
        20  4.020586E+03 -1.477842E-09 -3.271657E+03
        21 -4.024984E+03 -1.735777E+03 -4.456686E+03
        24 -4.423216E+03 -3.766840E-10 -2.087985E+03
        26  1.961476E+04 -1.839420E+04  7.827289E+03
        28  2.602241E+04 -2.807437E+04  3.308279E+01
        30  1.746958E+04 -1.848648E+04 -8.007407E+02
        32  9.832865E+03 -1.025653E+04 -1.495439E+03
        34  2.351381E+03 -2.307290E+03 -1.665277E+03
        36 -4.024984E+03  1.735777E+03 -4.456686E+03
        37 -3.817240E+03 -2.042172E+03 -4.418158E+03
        40 -4.224278E+03 -8.290000E+02 -7.292741E+03
        41 -9.994338E+03 -4.941655E+03 -1.675666E+03
        44 -1.439119E+04 -1.952441E+03 -3.192832E+03
        45 -7.186935E+03 -2.915300E+03  5.560283E+03
        48 -1.215540E+04 -1.125751E+03  1.017563E+04
        50 -3.329675E+03 -7.978615E+02 -6.590487E+03
        52 -1.374424E+04 -1.733893E+03 -3.282887E+03
        54 -1.246577E+04 -9.375557E+02  9.911243E+03
        56 -3.274949E+03 -5.880690E+02 -6.630695E+03
        58 -1.403268E+04 -1.187945E+03 -3.303248E+03
        60 -1.288297E+04 -6.102648E+02  1.013253E+04
        62 -9.870854E+03 -4.575797E+02 -2.120501E+03
        64 -9.017081E+03 -2.206513E+02  7.112599E+03
        66 -5.323787E+03  9.508498E-10 -1.093385E+03
        68 -4.849371E+03 -1.851609E-09  3.842435E+03
        70 -9.870854E+03  4.575797E+02 -2.120501E+03
        72 -9.017081E+03  2.206513E+02  7.112599E+03
        74 -3.274949E+03  5.880690E+02 -6.630695E+03
        76 -1.403268E+04  1.187945E+03 -3.303248E+03
        78 -1.288297E+04  6.102648E+02  1.013253E+04
        80 -3.329675E+03  7.978615E+02 -6.590487E+03
        82 -1.374424E+04  1.733893E+03 -3.282887E+03
        84 -1.246577E+04  9.375557E+02  9.911243E+03
        86 -4.224278E+03  8.290000E+02 -7.292741E+03
        88 -1.439119E+04  1.952441E+03 -3.192832E+03
        90 -1.215540E+04  1.125751E+03  1.017563E+04
        92 -3.817240E+03  2.042172E+03 -4.418158E+03
        94 -9.994338E+03  4.941655E+03 -1.675666E+03
        96 -7.186935E+03  2.915300E+03  5.560283E+03

 internal energy (element, energy) for set EALL and time  0.7750000E+00

         1  1.082378E+03
         2  4.991094E+02
         3  1.998947E+02
         4  4.476076E+01
         5  1.091328E+01
         6  1.082378E+03
         7  4.991094E+02
         8  1.998947E+02
         9  4.476076E+01
        10  1.091328E+01
        11  6.442626E+01
        12  1.182917E+02
        13  4.945513E+01
        14  1.015566E+02
        15  4.735446E+01
        16  1.015762E+02
        17  4.991006E+01
        18  1.054765E+02
        19  1.896552E+01
        20  3.941673E+01
        21  1.896552E+01
        22  3.941673E+01
        23  4.991006E+01
        24  1.054765E+02
        25  4.735446E+01
        26  1.015762E+02
        27  4.945513E+01
        28  1.015566E+02
        29  6.442626E+01
        30  1.182917E+02
        31  1.098195E+03
        32  6.231386E+02
        33  2.549494E+02
        34  6.001695E+01
        35  1.783171E+01
        36  1.098195E+03
        37  6.231386E+02
        38  2.549494E+02
        39  6.001695E+01
        40  1.783171E+01
        41  5.478712E+01
        42  1.140053E+02
        43  5.961072E+01
        44  1.202826E+02
        45  5.952322E+01
        46  1.198824E+02
        47  6.330260E+01
        48  1.238034E+02
        49  2.406003E+01
        50  4.597627E+01
        51  2.406003E+01
        52  4.597627E+01
        53  6.330260E+01
        54  1.238034E+02
        55  5.952322E+01
        56  1.198824E+02
        57  5.961072E+01
        58  1.202826E+02
        59  5.478712E+01
        60  1.140053E+02
        61  1.151048E+03
        62  6.522236E+02
        63  2.857274E+02
        64  7.216377E+01
        65  2.373954E+01
        66  1.151048E+03
        67  6.522236E+02
        68  2.857274E+02
        69  7.216377E+01
        70  2.373954E+01
        71  5.838720E+01
        72  1.191012E+02
        73  6.515800E+01
        74  1.281076E+02
        75  6.891287E+01
        76  1.331230E+02
        77  7.201035E+01
        78  1.367576E+02
        79  2.653515E+01
        80  5.021647E+01
        81  2.653515E+01
        82  5.021647E+01
        83  7.201035E+01
        84  1.367576E+02
        85  6.891287E+01
        86  1.331230E+02
        87  6.515800E+01
        88  1.281076E+02
        89  5.838720E+01
        90  1.191012E+02
        91  1.302174E+03
        92  7.281113E+02
        93  3.190415E+02
        94  8.376251E+01
        95  2.949913E+01
        96  1.302174E+03
        97  7.281113E+02
        98  3.190415E+02
        99  8.376251E+01
       100  2.949913E+01
       101  7.395062E+01
       102  1.342160E+02
       103  7.799797E+01
       104  1.400136E+02
       105  8.145444E+01
       106  1.449756E+02
       107  8.343366E+01
       108  1.473720E+02
       109  3.009126E+01
       110  5.346540E+01
       111  3.009126E+01
       112  5.346540E+01
       113  8.343366E+01
       114  1.473720E+02
       115  8.145444E+01
       116  1.449756E+02
       117  7.799797E+01
       118  1.400136E+02
       119  7.395062E+01
       120  1.342160E+02
       121  1.232753E+03
       122  6.810126E+02
       123  2.956748E+02
       124  7.661966E+01
       125  2.586142E+01
       126  1.232753E+03
       127  6.810126E+02
       128  2.956748E+02
       129  7.661966E+01
       130  2.586142E+01
       131  7.195993E+01
       132  1.330059E+02
       133  7.332280E+01
       134  1.350804E+02
       135  7.479303E+01
       136  1.372701E+02
       137  7.612910E+01
       138  1.383388E+02
       139  2.758968E+01
       140  5.013184E+01
       141  2.758968E+01
       142  5.013184E+01
       143  7.612910E+01
       144  1.383388E+02
       145  7.479303E+01
       146  1.372701E+02
       147  7.332280E+01
       148  1.350804E+02
       149  7.195993E+01
       150  1.330059E+02
       151  1.161965E+03
       152  6.401074E+02
       153  2.768772E+02
       154  7.152940E+01
       155  2.384755E+01
       156  1.161965E+03
       157  6.401074E+02
       158  2.768772E+02
       159  7.152940E+01
       160  2.384755E+01
       161  6.874518E+01
       162  1.281657E+02
       163  6.903491E+01
       164  1.283444E+02
       165  6.959572E+01
       166  1.287997E+02
       167  7.059027E+01
       168  1.290005E+02
       169  2.563331E+01
       170  4.669365E+01
       171  2.563331E+01
       172  4.669365E+01
       173  7.059027E+01
       174  1.290005E+02
       175  6.959572E+01
       176  1.287997E+02
       177  6.903491E+01
       178  1.283444E+02
       179  6.874518E+01
       180  1.281657E+02
       181  1.092357E+03
       182  6.016965E+02
       183  2.602291E+02
       184  6.733854E+01
       185  2.247328E+01
       186  1.092357E+03
       187  6.016965E+02
       188  2.602291E+02
       189  6.733854E+01
       190  2.247328E+01
       191  6.486030E+01
       192  1.211131E+02
       193  6.493234E+01
       194  1.208104E+02
       195  6.519979E+01
       196  1.207310E+02
       197  6.600276E+01
       198  1.207072E+02
       199  2.394415E+01
       200  4.367791E+01
       201  2.394415E+01
       202  4.367791E+01
       203  6.600276E+01
       204  1.207072E+02
       205  6.519979E+01
       206  1.207310E+02
       207  6.493234E+01
       208  1.208104E+02
       209  6.486030E+01
       210  1.211131E+02
       211  1.025306E+03
       212  5.648026E+02
       213  2.444038E+02
       214  6.342375E+01
       215  2.129914E+01
       216  1.025306E+03
       217  5.648026E+02
       218  2.444038E+02
       219  6.342375E+01
       220  2.129914E+01
       221  6.089615E+01
       222  1.134583E+02
       223  6.096980E+01
       224  1.132123E+02
       225  6.116863E+01
       226  1.131424E+02
       227  6.190534E+01
       228  1.131370E+02
       229  2.244053E+01
       230  4.093331E+01
       231  2.244053E+01
       232  4.093331E+01
       233  6.190534E+01
       234  1.131370E+02
       235  6.116863E+01
       236  1.131424E+02
       237  6.096980E+01
       238  1.132123E+02
       239  6.089615E+01
       240  1.134583E+02
       241  9.606394E+02
       242  5.292421E+02
       243  2.291540E+02
       244  5.966279E+01
       245  2.021642E+01
       246  9.606394E+02
       247  5.292421E+02
       248  2.291540E+02
       249  5.966279E+01
       250  2.021642E+01
       251  5.702994E+01
       252  1.059455E+02
       253  5.712821E+01
       254  1.058424E+02
       255  5.732152E+01
       256  1.058915E+02
       257  5.803965E+01
       258  1.059577E+02
       259  2.102626E+01
       260  3.833465E+01
       261  2.102626E+01
       262  3.833465E+01
       263  5.803965E+01
       264  1.059577E+02
       265  5.732152E+01
       266  1.058915E+02
       267  5.712821E+01
       268  1.058424E+02
       269  5.702994E+01
       270  1.059455E+02
       271  8.982693E+02
       272  4.949524E+02
       273  2.144468E+02
       274  5.603352E+01
       275  1.917705E+01
       276  8.982693E+02
       277  4.949524E+02
       278  2.144468E+02
       279  5.603352E+01
       280  1.917705E+01
       281  5.330505E+01
       282  9.879467E+01
       283  5.341575E+01
       284  9.879257E+01
       285  5.361129E+01
       286  9.893697E+01
       287  5.432328E+01
       288  9.906279E+01
       289  1.967147E+01
       290  3.583775E+01
       291  1.967147E+01
       292  3.583775E+01
       293  5.432328E+01
       294  9.906279E+01
       295  5.361129E+01
       296  9.893697E+01
       297  5.341575E+01
       298  9.879257E+01
       299  5.330505E+01
       300  9.879467E+01
       301  8.381600E+02
       302  4.619131E+02
       303  2.002756E+02
       304  5.253596E+01
       305  1.817335E+01
       306  8.381600E+02
       307  4.619131E+02
       308  2.002756E+02
       309  5.253596E+01
       310  1.817335E+01
       311  4.972163E+01
       312  9.201817E+01
       313  4.983510E+01
       314  9.207027E+01
       315  5.003049E+01
       316  9.226902E+01
       317  5.073839E+01
       318  9.242933E+01
       319  1.836714E+01
       320  3.343249E+01
       321  1.836714E+01
       322  3.343249E+01
       323  5.073839E+01
       324  9.242933E+01
       325  5.003049E+01
       326  9.226902E+01
       327  4.983510E+01
       328  9.207027E+01
       329  4.972163E+01
       330  9.201817E+01
       331  7.803111E+02
       332  4.301208E+02
       333  1.866416E+02
       334  4.917195E+01
       335  1.720549E+01
       336  7.803111E+02
       337  4.301208E+02
       338  1.866416E+02
       339  4.917195E+01
       340  1.720549E+01
       341  4.627518E+01
       342  8.557807E+01
       343  4.638790E+01
       344  8.565503E+01
       345  4.658163E+01
       346  8.587889E+01
       347  4.728593E+01
       348  8.605454E+01
       349  1.711235E+01
       350  3.111859E+01
       351  1.711235E+01
       352  3.111859E+01
       353  4.728593E+01
       354  8.605454E+01
       355  4.658163E+01
       356  8.587889E+01
       357  4.638790E+01
       358  8.565503E+01
       359  4.627518E+01
       360  8.557807E+01
       361  7.247277E+02
       362  3.995752E+02
       363  1.735443E+02
       364  4.594159E+01
       365  1.627518E+01
       366  7.247277E+02
       367  3.995752E+02
       368  1.735443E+02
       369  4.594159E+01
       370  1.627518E+01
       371  4.296359E+01
       372  7.943690E+01
       373  4.307528E+01
       374  7.952357E+01
       375  4.326741E+01
       376  7.975655E+01
       377  4.396878E+01
       378  7.993687E+01
       379  1.590742E+01
       380  2.889667E+01
       381  1.590742E+01
       382  2.889667E+01
       383  4.396878E+01
       384  7.993687E+01
       385  4.326741E+01
       386  7.975655E+01
       387  4.307528E+01
       388  7.952357E+01
       389  4.296359E+01
       390  7.943690E+01
       391  6.714057E+02
       392  3.702721E+02
       393  1.609808E+02
       394  4.284396E+01
       395  1.538343E+01
       396  6.714057E+02
       397  3.702721E+02
       398  1.609808E+02
       399  4.284396E+01
       400  1.538343E+01
       401  3.978650E+01
       402  7.356859E+01
       403  3.989778E+01
       404  7.365821E+01
       405  4.008897E+01
       406  7.389308E+01
       407  4.078812E+01
       408  7.407344E+01
       409  1.475242E+01
       410  2.676655E+01
       411  1.475242E+01
       412  2.676655E+01
       413  4.078812E+01
       414  7.407344E+01
       415  4.008897E+01
       416  7.389308E+01
       417  3.989778E+01
       418  7.365821E+01
       419  3.978650E+01
       420  7.356859E+01
       421  6.203306E+02
       422  3.422029E+02
       423  1.489469E+02
       424  3.987786E+01
       425  1.453058E+01
       426  6.203306E+02
       427  3.422029E+02
       428  1.489469E+02
       429  3.987786E+01
       430  1.453058E+01
       431  3.674375E+01
       432  6.795736E+01
       433  3.685521E+01
       434  6.804745E+01
       435  3.704608E+01
       436  6.828166E+01
       437  3.774355E+01
       438  6.846066E+01
       439  1.364699E+01
       440  2.472739E+01
       441  1.364699E+01
       442  2.472739E+01
       443  3.774355E+01
       444  6.846066E+01
       445  3.704608E+01
       446  6.828166E+01
       447  3.685521E+01
       448  6.804745E+01
       449  3.674375E+01
       450  6.795736E+01
       451  5.714805E+02
       452  3.153556E+02
       453  1.374372E+02
       454  3.704202E+01
       455  1.371650E+01
       456  5.714805E+02
       457  3.153556E+02
       458  1.374372E+02
       459  3.704202E+01
       460  1.371650E+01
       461  3.383478E+01
       462  6.259415E+01
       463  3.394674E+01
       464  6.268413E+01
       465  3.413764E+01
       466  6.291723E+01
       467  3.483379E+01
       468  6.309485E+01
       469  1.259056E+01
       470  2.277804E+01
       471  1.259056E+01
       472  2.277804E+01
       473  3.483379E+01
       474  6.309485E+01
       475  3.413764E+01
       476  6.291723E+01
       477  3.394674E+01
       478  6.268413E+01
       479  3.383478E+01
       480  6.259415E+01
       481  5.248297E+02
       482  2.897167E+02
       483  1.264461E+02
       484  3.433509E+01
       485  1.294083E+01
       486  5.248297E+02
       487  2.897167E+02
       488  1.264461E+02
       489  3.433509E+01
       490  1.294083E+01
       491  3.105849E+01
       492  5.747368E+01
       493  3.117106E+01
       494  5.756364E+01
       495  3.136214E+01
       496  5.779590E+01
       497  3.205713E+01
       498  5.797254E+01
       499  1.158246E+01
       500  2.091725E+01
       501  1.158246E+01
       502  2.091725E+01
       503  3.205713E+01
       504  5.797254E+01
       505  3.136214E+01
       506  5.779590E+01
       507  3.117106E+01
       508  5.756364E+01
       509  3.105849E+01
       510  5.747368E+01
       511  4.803516E+02
       512  2.652720E+02
       513  1.159675E+02
       514  3.175559E+01
       515  1.220303E+01
       516  4.803516E+02
       517  2.652720E+02
       518  1.159675E+02
       519  3.175559E+01
       520  1.220303E+01
       521  2.841340E+01
       522  5.259241E+01
       523  2.852659E+01
       524  5.268260E+01
       525  2.871789E+01
       526  5.291438E+01
       527  2.941176E+01
       528  5.309043E+01
       529  1.062203E+01
       530  1.914381E+01
       531  1.062203E+01
       532  1.914381E+01
       533  2.941176E+01
       534  5.309043E+01
       535  2.871789E+01
       536  5.291438E+01
       537  2.852659E+01
       538  5.268260E+01
       539  2.841340E+01
       540  5.259241E+01
       541  4.380191E+02
       542  2.420069E+02
       543  1.059953E+02
       544  2.930196E+01
       545  1.150249E+01
       546  4.380191E+02
       547  2.420069E+02
       548  1.059953E+02
       549  2.930196E+01
       550  1.150249E+01
       551  2.589786E+01
       552  4.794752E+01
       553  2.601160E+01
       554  4.803809E+01
       555  2.620309E+01
       556  4.826966E+01
       557  2.689585E+01
       558  4.844537E+01
       559  9.708584E+00
       560  1.745655E+01
       561  9.708584E+00
       562  1.745655E+01
       563  2.689585E+01
       564  4.844537E+01
       565  2.620309E+01
       566  4.826966E+01
       567  2.601160E+01
       568  4.803809E+01
       569  2.589786E+01
       570  4.794752E+01
       571  3.978061E+02
       572  2.199070E+02
       573  9.652337E+01
       574  2.697259E+01
       575  1.083860E+01
       576  3.978061E+02
       577  2.199070E+02
       578  9.652337E+01
       579  2.697259E+01
       580  1.083860E+01
       581  2.351012E+01
       582  4.353634E+01
       583  2.362435E+01
       584  4.362735E+01
       585  2.381598E+01
       586  4.385881E+01
       587  2.450761E+01
       588  4.403431E+01
       589  8.841478E+00
       590  1.585431E+01
       591  8.841478E+00
       592  1.585431E+01
       593  2.450761E+01
       594  4.403431E+01
       595  2.381598E+01
       596  4.385881E+01
       597  2.362435E+01
       598  4.362735E+01
       599  2.351012E+01
       600  4.353634E+01
       601  3.596865E+02
       602  1.989582E+02
       603  8.754557E+01
       604  2.476584E+01
       605  1.021068E+01
       606  3.596865E+02
       607  1.989582E+02
       608  8.754557E+01
       609  2.476584E+01
       610  1.021068E+01
       611  2.124845E+01
       612  3.935617E+01
       613  2.136310E+01
       614  3.944759E+01
       615  2.155481E+01
       616  3.967895E+01
       617  2.224527E+01
       618  3.985425E+01
       619  8.020074E+00
       620  1.433600E+01
       621  8.020074E+00
       622  1.433600E+01
       623  2.224527E+01
       624  3.985425E+01
       625  2.155481E+01
       626  3.967895E+01
       627  2.136310E+01
       628  3.944759E+01
       629  2.124845E+01
       630  3.935617E+01
       631  3.236350E+02
       632  1.791466E+02
       633  7.905583E+01
       634  2.268006E+01
       635  9.618107E+00
       636  3.236350E+02
       637  1.791466E+02
       638  7.905583E+01
       639  2.268006E+01
       640  9.618107E+00
       641  1.911115E+01
       642  3.540423E+01
       643  1.922615E+01
       644  3.549598E+01
       645  1.941789E+01
       646  3.572716E+01
       647  2.010711E+01
       648  3.590223E+01
       649  7.243745E+00
       650  1.290053E+01
       651  7.243745E+00
       652  1.290053E+01
       653  2.010711E+01
       654  3.590223E+01
       655  1.941789E+01
       656  3.572716E+01
       657  1.922615E+01
       658  3.549598E+01
       659  1.911115E+01
       660  3.540423E+01
       661  2.896266E+02
       662  1.604583E+02
       663  7.104817E+01
       664  2.071361E+01
       665  9.060205E+00
       666  2.896266E+02
       667  1.604583E+02
       668  7.104817E+01
       669  2.071361E+01
       670  9.060205E+00
       671  1.709657E+01
       672  3.167757E+01
       673  1.721184E+01
       674  3.176957E+01
       675  1.740352E+01
       676  3.200052E+01
       677  1.809144E+01
       678  3.217532E+01
       679  6.511879E+00
       680  1.154684E+01
       681  6.511879E+00
       682  1.154684E+01
       683  1.809144E+01
       684  3.217532E+01
       685  1.740352E+01
       686  3.200052E+01
       687  1.721184E+01
       688  3.176957E+01
       689  1.709657E+01
       690  3.167757E+01
       691  2.576371E+02
       692  1.428799E+02
       693  6.351668E+01
       694  1.886482E+01
       695  8.536309E+00
       696  2.576371E+02
       697  1.428799E+02
       698  6.351668E+01
       699  1.886482E+01
       700  8.536309E+00
       701  1.520314E+01
       702  2.817304E+01
       703  1.531857E+01
       704  2.826532E+01
       705  1.551010E+01
       706  2.849608E+01
       707  1.619661E+01
       708  2.867061E+01
       709  5.823875E+00
       710  1.027388E+01
       711  5.823875E+00
       712  1.027388E+01
       713  1.619661E+01
       714  2.867061E+01
       715  1.551010E+01
       716  2.849608E+01
       717  1.531857E+01
       718  2.826532E+01
       719  1.520314E+01
       720  2.817304E+01
       721  2.276428E+02
       722  1.263984E+02
       723  5.645549E+01
       724  1.713199E+01
       725  8.045744E+00
       726  2.276428E+02
       727  1.263984E+02
       728  5.645549E+01
       729  1.713199E+01
       730  8.045744E+00
       731  1.342936E+01
       732  2.488722E+01
       733  1.354477E+01
       734  2.498002E+01
       735  1.373599E+01
       736  2.521086E+01
       737  1.442099E+01
       738  2.538526E+01
       739  5.179153E+00
       740  9.080626E+00
       741  5.179153E+00
       742  9.080626E+00
       743  1.442099E+01
       744  2.538526E+01
       745  1.373599E+01
       746  2.521086E+01
       747  1.354477E+01
       748  2.498002E+01
       749  1.342936E+01
       750  2.488722E+01
       751  1.996209E+02
       752  1.110008E+02
       753  4.985871E+01
       754  1.551335E+01
       755  7.587853E+00
       756  1.996209E+02
       757  1.110008E+02
       758  4.985871E+01
       759  1.551335E+01
       760  7.587853E+00
       761  1.177374E+01
       762  2.181629E+01
       763  1.188887E+01
       764  2.191029E+01
       765  1.207961E+01
       766  2.214188E+01
       767  1.276300E+01
       768  2.231654E+01
       769  4.577174E+00
       770  7.966111E+00
       771  4.577174E+00
       772  7.966111E+00
       773  1.276300E+01
       774  2.231654E+01
       775  1.207961E+01
       776  2.214188E+01
       777  1.188887E+01
       778  2.191029E+01
       779  1.177374E+01
       780  2.181629E+01
       781  1.735495E+02
       782  9.667458E+01
       783  4.372045E+01
       784  1.400706E+01
       785  7.162064E+00
       786  1.735495E+02
       787  9.667458E+01
       788  4.372045E+01
       789  1.400706E+01
       790  7.162064E+00
       791  1.023481E+01
       792  1.895616E+01
       793  1.034926E+01
       794  1.905261E+01
       795  1.053933E+01
       796  1.928624E+01
       797  1.122112E+01
       798  1.946191E+01
       799  4.017454E+00
       800  6.929436E+00
       801  4.017454E+00
       802  6.929436E+00
       803  1.122112E+01
       804  1.946191E+01
       805  1.053933E+01
       806  1.928624E+01
       807  1.034926E+01
       808  1.905261E+01
       809  1.023481E+01
       810  1.895616E+01
       811  1.494080E+02
       812  8.340740E+01
       813  3.803474E+01
       814  1.261131E+01
       815  6.768034E+00
       816  1.494080E+02
       817  8.340740E+01
       818  3.803474E+01
       819  1.261131E+01
       820  6.768034E+00
       821  8.810893E+00
       822  1.630274E+01
       823  8.924180E+00
       824  1.640359E+01
       825  9.113461E+00
       826  1.664133E+01
       827  9.793924E+00
       828  1.681917E+01
       829  3.499595E+00
       830  5.969804E+00
       831  3.499595E+00
       832  5.969804E+00
       833  9.793924E+00
       834  1.681917E+01
       835  9.113461E+00
       836  1.664133E+01
       837  8.924180E+00
       838  1.640359E+01
       839  8.810893E+00
       840  1.630274E+01
       841  1.271759E+02
       842  7.118674E+01
       843  3.279558E+01
       844  1.132455E+01
       845  6.405923E+00
       846  1.271759E+02
       847  7.118674E+01
       848  3.279558E+01
       849  1.132455E+01
       850  6.405923E+00
       851  7.499947E+00
       852  1.385277E+01
       853  7.611572E+00
       854  1.396055E+01
       855  7.800189E+00
       856  1.420506E+01
       857  8.480108E+00
       858  1.438657E+01
       859  3.023303E+00
       860  5.086543E+00
       861  3.023303E+00
       862  5.086543E+00
       863  8.480108E+00
       864  1.438657E+01
       865  7.800189E+00
       866  1.420506E+01
       867  7.611572E+00
       868  1.396055E+01
       869  7.499947E+00
       870  1.385277E+01
       871  1.068319E+02
       872  5.999942E+01
       873  2.799716E+01
       874  1.014597E+01
       875  6.076841E+00
       876  1.068319E+02
       877  5.999942E+01
       878  2.799716E+01
       879  1.014597E+01
       880  6.076841E+00
       881  6.299251E+00
       882  1.160537E+01
       883  6.408963E+00
       884  1.172240E+01
       885  6.597540E+00
       886  1.197632E+01
       887  7.278579E+00
       888  1.216299E+01
       889  2.588377E+00
       890  4.279102E+00
       891  2.588377E+00
       892  4.279102E+00
       893  7.278579E+00
       894  1.216299E+01
       895  6.597540E+00
       896  1.197632E+01
       897  6.408963E+00
       898  1.172240E+01
       899  6.299251E+00
       900  1.160537E+01
       901  8.835118E+01
       902  4.983086E+01
       903  2.363421E+01
       904  9.076375E+00
       905  5.783543E+00
       906  8.835118E+01
       907  4.983086E+01
       908  2.363421E+01
       909  9.076375E+00
       910  5.783543E+00
       911  5.205106E+00
       912  9.564202E+00
       913  5.313403E+00
       914  9.690971E+00
       915  5.503483E+00
       916  9.955326E+00
       917  6.188648E+00
       918  1.014780E+01
       919  2.194654E+00
       920  3.547006E+00
       921  2.194654E+00
       922  3.547006E+00
       923  6.188648E+00
       924  1.014780E+01
       925  5.503483E+00
       926  9.955326E+00
       927  5.313403E+00
       928  9.690971E+00
       929  5.205106E+00
       930  9.564202E+00
       931  7.170223E+01
       932  4.066428E+01
       933  1.970276E+01
       934  8.119339E+00
       935  5.531309E+00
       936  7.170223E+01
       937  4.066428E+01
       938  1.970276E+01
       939  8.119339E+00
       940  5.531309E+00
       941  4.212698E+00
       942  7.740014E+00
       943  4.321696E+00
       944  7.872063E+00
       945  4.516314E+00
       946  8.143558E+00
       947  5.210441E+00
       948  8.340452E+00
       949  1.841862E+00
       950  2.889731E+00
       951  1.841862E+00
       952  2.889731E+00
       953  5.210441E+00
       954  8.340452E+00
       955  4.516314E+00
       956  8.143558E+00
       957  4.321696E+00
       958  7.872063E+00
       959  4.212698E+00
       960  7.740014E+00
       961  5.684350E+01
       962  3.248059E+01
       963  1.620159E+01
       964  7.282637E+00
       965  5.328589E+00
       966  5.684350E+01
       967  3.248059E+01
       968  1.620159E+01
       969  7.282637E+00
       970  5.328589E+00
       971  3.316756E+00
       972  6.151989E+00
       973  3.431461E+00
       974  6.275327E+00
       975  3.635737E+00
       976  6.542561E+00
       977  4.345539E+00
       978  6.739142E+00
       979  1.529350E+00
       980  2.306392E+00
       981  1.529350E+00
       982  2.306392E+00
       983  4.345539E+00
       984  6.739142E+00
       985  3.635737E+00
       986  6.542561E+00
       987  3.431461E+00
       988  6.275327E+00
       989  3.316756E+00
       990  6.151989E+00
       991  4.372097E+01
       992  2.526078E+01
       993  1.313554E+01
       994  6.579155E+00
       995  5.185640E+00
       996  4.372097E+01
       997  2.526078E+01
       998  1.313554E+01
       999  6.579155E+00
      1000  5.185640E+00
      1001  2.515290E+00
      1002  4.826968E+00
      1003  2.644853E+00
      1004  4.912165E+00
      1005  2.865549E+00
      1006  5.150904E+00
      1007  3.597413E+00
      1008  5.337839E+00
      1009  1.255617E+00
      1010  1.794946E+00
      1011  1.255617E+00
      1012  1.794946E+00
      1013  3.597413E+00
      1014  5.337839E+00
      1015  2.865549E+00
      1016  5.150904E+00
      1017  2.644853E+00
      1018  4.912165E+00
      1019  2.515290E+00
      1020  4.826968E+00
      1021  3.226677E+01
      1022  1.899359E+01
      1023  1.052246E+01
      1024  6.025382E+00
      1025  5.106973E+00
      1026  3.226677E+01
      1027  1.899359E+01
      1028  1.052246E+01
      1029  6.025382E+00
      1030  5.106973E+00
      1031  1.823754E+00
      1032  3.797816E+00
      1033  1.980376E+00
      1034  3.793306E+00
      1035  2.220619E+00
      1036  3.960389E+00
      1037  2.971297E+00
      1038  4.122060E+00
      1039  1.017487E+00
      1040  1.350866E+00
      1041  1.017487E+00
      1042  1.350866E+00
      1043  2.971297E+00
      1044  4.122060E+00
      1045  2.220619E+00
      1046  3.960389E+00
      1047  1.980376E+00
      1048  3.793306E+00
      1049  1.823754E+00
      1050  3.797816E+00
      1051  2.240260E+01
      1052  1.369186E+01
      1053  8.401579E+00
      1054  5.634224E+00
      1055  5.072419E+00
      1056  2.240260E+01
      1057  1.369186E+01
      1058  8.401579E+00
      1059  5.634224E+00
      1060  5.072419E+00
      1061  1.315035E+00
      1062  3.111489E+00
      1063  1.506074E+00
      1064  2.936784E+00
      1065  1.747196E+00
      1066  2.961114E+00
      1067  2.480444E+00
      1068  3.070936E+00
      1069  8.094199E-01
      1070  9.675620E-01
      1071  8.094199E-01
      1072  9.675620E-01
      1073  2.480444E+00
      1074  3.070936E+00
      1075  1.747196E+00
      1076  2.961114E+00
      1077  1.506074E+00
      1078  2.936784E+00
      1079  1.315035E+00
      1080  3.111489E+00
      1081  1.406913E+01
      1082  9.402295E+00
      1083  6.820471E+00
      1084  5.394485E+00
      1085  5.024296E+00
      1086  1.406913E+01
      1087  9.402295E+00
      1088  6.820471E+00
      1089  5.394485E+00
      1090  5.024296E+00
      1091  1.197645E+00
      1092  2.847626E+00
      1093  1.409838E+00
      1094  2.406667E+00
      1095  1.575403E+00
      1096  2.186860E+00
      1097  2.194183E+00
      1098  2.204182E+00
      1099  6.246244E-01
      1100  6.556183E-01
      1101  6.246244E-01
      1102  6.556183E-01
      1103  2.194183E+00
      1104  2.204182E+00
      1105  1.575403E+00
      1106  2.186860E+00
      1107  1.409838E+00
      1108  2.406667E+00
      1109  1.197645E+00
      1110  2.847626E+00
      1111  7.372575E+00
      1112  6.149317E+00
      1113  5.741820E+00
      1114  5.272497E+00
      1115  4.926681E+00
      1116  7.372575E+00
      1117  6.149317E+00
      1118  5.741820E+00
      1119  5.272497E+00
      1120  4.926681E+00
      1121  1.810275E+00
      1122  3.091054E+00
      1123  2.046243E+00
      1124  2.384807E+00
      1125  2.037982E+00
      1126  1.876508E+00
      1127  2.467725E+00
      1128  1.781114E+00
      1129  4.760454E-01
      1130  5.341129E-01
      1131  4.760454E-01
      1132  5.341129E-01
      1133  2.467725E+00
      1134  1.781114E+00
      1135  2.037982E+00
      1136  1.876508E+00
      1137  2.046243E+00
      1138  2.384807E+00
      1139  1.810275E+00
      1140  3.091054E+00
      1141  2.719294E+00
      1142  3.674898E+00
      1143  4.775318E+00
      1144  5.241518E+00
      1145  5.091327E+00
      1146  2.719294E+00
      1147  3.674898E+00
      1148  4.775318E+00
      1149  5.241518E+00
      1150  5.091327E+00
      1151  3.044472E+00
      1152  3.528843E+00
      1153  3.496628E+00
      1154  2.935749E+00
      1155  3.603369E+00
      1156  2.649389E+00
      1157  4.566155E+00
      1158  2.933254E+00
      1159  4.267100E-01
      1160  1.219861E+00
      1161  4.267100E-01
      1162  1.219861E+00
      1163  4.566155E+00
      1164  2.933254E+00
      1165  3.603369E+00
      1166  2.649389E+00
      1167  3.496628E+00
      1168  2.935749E+00
      1169  3.044472E+00
      1170  3.528843E+00
      1171  5.124298E-01
      1172  1.615536E+00
      1173  3.351303E+00
      1174  5.519389E+00
      1175  8.073940E+00
      1176  5.124298E-01
      1177  1.615536E+00
      1178  3.351303E+00
      1179  5.519389E+00
      1180  8.073940E+00
      1181  3.631732E+00
      1182  3.380023E+00
      1183  4.526177E+00
      1184  3.413375E+00
      1185  6.242615E+00
      1186  5.032144E+00
      1187  1.396193E+01
      1188  1.037691E+01
      1189  8.701338E-01
      1190  6.486324E+00
      1191  8.701338E-01
      1192  6.486324E+00
      1193  1.396193E+01
      1194  1.037691E+01
      1195  6.242615E+00
      1196  5.032144E+00
      1197  4.526177E+00
      1198  3.413375E+00
      1199  3.631732E+00
      1200  3.380023E+00
      1201  4.327952E-03
      1202  9.821897E-02
      1203  5.380202E-01
      1204  2.273556E+00
      1205  6.290590E+00
      1206  4.327952E-03
      1207  9.821897E-02
      1208  5.380202E-01
      1209  2.273556E+00
      1210  6.290590E+00
      1211  1.405403E+00
      1212  2.081086E+00
      1213  1.983055E+00
      1214  2.019488E+00
      1215  3.635814E+00
      1216  4.534525E+00
      1217  1.422760E+01
      1218  1.265562E+01
      1219  1.161143E+00
      1220  9.385638E+00
      1221  1.161143E+00
      1222  9.385638E+00
      1223  1.422760E+01
      1224  1.265562E+01
      1225  3.635814E+00
      1226  4.534525E+00
      1227  1.983055E+00
      1228  2.019488E+00
      1229  1.405403E+00
      1230  2.081086E+00

                                INCREMENT    10


 displacements (vx,vy,vz) for set TIP_TOP and time  0.8750000E+00

      1991  3.593839E-01 -1.115541E-02 -1.426978E+01
      1992  3.590769E-01 -1.095100E-02 -1.424369E+01
      1995  3.582619E-01 -1.057784E-02 -1.421799E+01
      1998  3.575808E-01 -8.555026E-03 -1.419446E+01
      2000  3.573248E-01 -3.362527E-03 -1.417972E+01
      2002  3.572303E-01  1.702439E-14 -1.417897E+01
      2004  3.573248E-01  3.362527E-03 -1.417972E+01
      2007  3.575808E-01  8.555026E-03 -1.419446E+01
      2010  3.582619E-01  1.057784E-02 -1.421799E+01
      2013  3.590769E-01  1.095100E-02 -1.424369E+01
      2016  3.593839E-01  1.115541E-02 -1.426978E+01

 forces (fx,fy,fz) for set CLAMP and time  0.8750000E+00

         1  2.192115E+04  2.002223E+04  8.769632E+03
         4  3.939124E+04 -2.332120E-11  1.750876E+04
         5  2.943380E+04  3.166229E+04  2.774576E+02
         8  5.168753E+04  1.138797E-11  6.698963E+02
         9  1.998329E+04  2.112223E+04 -9.714780E+02
        12  3.487017E+04 -1.752805E-11 -1.862500E+03
        13  1.126370E+04  1.172764E+04 -1.745958E+03
        16  1.958297E+04 -1.194116E-10 -3.400486E+03
        17  2.726327E+03  2.665202E+03 -1.915877E+03
        20  4.658925E+03 -6.784794E-11 -3.764301E+03
        21 -4.539912E+03 -1.957349E+03 -5.063479E+03
        24 -4.981268E+03  3.515125E-09 -2.391692E+03
        26  2.192115E+04 -2.002223E+04  8.769632E+03
        28  2.943380E+04 -3.166229E+04  2.774576E+02
        30  1.998329E+04 -2.112223E+04 -9.714780E+02
        32  1.126370E+04 -1.172764E+04 -1.745958E+03
        34  2.726327E+03 -2.665202E+03 -1.915877E+03
        36 -4.539912E+03  1.957349E+03 -5.063479E+03
        37 -4.293708E+03 -2.307328E+03 -4.989444E+03
        40 -4.729742E+03 -9.414458E+02 -8.233318E+03
        41 -1.131008E+04 -5.593470E+03 -1.911425E+03
        44 -1.628531E+04 -2.214469E+03 -3.641716E+03
        45 -8.158734E+03 -3.304047E+03  6.301459E+03
        48 -1.380534E+04 -1.275663E+03  1.153406E+04
        50 -3.729415E+03 -9.087763E+02 -7.445926E+03
        52 -1.555942E+04 -1.969565E+03 -3.742734E+03
        54 -1.415161E+04 -1.062563E+03  1.123528E+04
        56 -3.688473E+03 -6.717306E+02 -7.504558E+03
        58 -1.589563E+04 -1.351674E+03 -3.767228E+03
        60 -1.461372E+04 -6.917469E+02  1.148563E+04
        62 -1.118508E+04 -5.209293E+02 -2.422260E+03
        64 -1.022186E+04 -2.502142E+02  8.061862E+03
        66 -6.033705E+03  1.075447E-09 -1.250408E+03
        68 -5.496304E+03 -1.200212E-11  4.355202E+03
        70 -1.118508E+04  5.209293E+02 -2.422260E+03
        72 -1.022186E+04  2.502142E+02  8.061862E+03
        74 -3.688473E+03  6.717306E+02 -7.504558E+03
        76 -1.589563E+04  1.351674E+03 -3.767228E+03
        78 -1.461372E+04  6.917469E+02  1.148563E+04
        80 -3.729415E+03  9.087763E+02 -7.445926E+03
        82 -1.555942E+04  1.969565E+03 -3.742734E+03
        84 -1.415161E+04  1.062563E+03  1.123528E+04
        86 -4.729742E+03  9.414458E+02 -8.233318E+03
        88 -1.628531E+04  2.214469E+03 -3.641716E+03
        90 -1.380534E+04  1.275663E+03  1.153406E+04
        92 -4.293708E+03  2.307328E+03 -4.989444E+03
        94 -1.131008E+04  5.593470E+03 -1.911425E+03
        96 -8.158734E+03  3.304047E+03  6.301459E+03

 internal energy (element, energy) for set EALL and time  0.8750000E+00

         1  1.380512E+03
         2  6.506485E+02
         3  2.608151E+02
         4  5.853163E+01
         5  1.400692E+01
         6  1.380512E+03
         7  6.506485E+02
         8  2.608151E+02
         9  5.853163E+01
        10  1.400692E+01
        11  8.232437E+01
        12  1.519260E+02
        13  6.325323E+01
        14  1.305095E+02
        15  6.065828E+01
        16  1.306031E+02
        17  6.403801E+01
        18  1.357178E+02
        19  2.435814E+01
        20  5.074308E+01
        21  2.435814E+01
        22  5.074308E+01
        23  6.403801E+01
        24  1.357178E+02
        25  6.065828E+01
        26  1.306031E+02
        27  6.325323E+01
        28  1.305095E+02
        29  8.232437E+01
        30  1.519260E+02
        31  1.480499E+03
        32  8.124957E+02
        33  3.307255E+02
        34  7.802156E+01
        35  2.305063E+01
        36  1.480499E+03
        37  8.124957E+02
        38  3.307255E+02
        39  7.802156E+01
        40  2.305063E+01
        41  7.002816E+01
        42  1.462247E+02
        43  7.625101E+01
        44  1.543644E+02
        45  7.621455E+01
        46  1.540373E+02
        47  8.123417E+01
        48  1.593716E+02
        49  3.092308E+01
        50  5.925030E+01
        51  3.092308E+01
        52  5.925030E+01
        53  8.123417E+01
        54  1.593716E+02
        55  7.621455E+01
        56  1.540373E+02
        57  7.625101E+01
        58  1.543644E+02
        59  7.002816E+01
        60  1.462247E+02
        61  1.471198E+03
        62  8.445782E+02
        63  3.700107E+02
        64  9.397408E+01
        65  3.091351E+01
        66  1.471198E+03
        67  8.445782E+02
        68  3.700107E+02
        69  9.397408E+01
        70  3.091351E+01
        71  7.463981E+01
        72  1.525371E+02
        73  8.332674E+01
        74  1.641468E+02
        75  8.817863E+01
        76  1.706947E+02
        77  9.228670E+01
        78  1.755172E+02
        79  3.403301E+01
        80  6.447239E+01
        81  3.403301E+01
        82  6.447239E+01
        83  9.228670E+01
        84  1.755172E+02
        85  8.817863E+01
        86  1.706947E+02
        87  8.332674E+01
        88  1.641468E+02
        89  7.463981E+01
        90  1.525371E+02
        91  1.650151E+03
        92  9.307730E+02
        93  4.109522E+02
        94  1.086241E+02
        95  3.819184E+01
        96  1.650151E+03
        97  9.307730E+02
        98  4.109522E+02
        99  1.086241E+02
       100  3.819184E+01
       101  9.451961E+01
       102  1.716416E+02
       103  9.968607E+01
       104  1.790423E+02
       105  1.040905E+02
       106  1.853485E+02
       107  1.066093E+02
       108  1.883105E+02
       109  3.843271E+01
       110  6.827450E+01
       111  3.843271E+01
       112  6.827450E+01
       113  1.066093E+02
       114  1.883105E+02
       115  1.040905E+02
       116  1.853485E+02
       117  9.968607E+01
       118  1.790423E+02
       119  9.451961E+01
       120  1.716416E+02
       121  1.569845E+03
       122  8.678225E+02
       123  3.778642E+02
       124  9.838192E+01
       125  3.316338E+01
       126  1.569845E+03
       127  8.678225E+02
       128  3.778642E+02
       129  9.838192E+01
       130  3.316338E+01
       131  9.192283E+01
       132  1.698695E+02
       133  9.362562E+01
       134  1.724372E+02
       135  9.544223E+01
       136  1.751034E+02
       137  9.704433E+01
       138  1.762690E+02
       139  3.513425E+01
       140  6.382238E+01
       141  3.513425E+01
       142  6.382238E+01
       143  9.704433E+01
       144  1.762690E+02
       145  9.544223E+01
       146  1.751034E+02
       147  9.362562E+01
       148  1.724372E+02
       149  9.192283E+01
       150  1.698695E+02
       151  1.480976E+03
       152  8.157723E+02
       153  3.529725E+02
       154  9.128769E+01
       155  3.042576E+01
       156  1.480976E+03
       157  8.157723E+02
       158  3.529725E+02
       159  9.128769E+01
       160  3.042576E+01
       161  8.775687E+01
       162  1.635137E+02
       163  8.808673E+01
       164  1.636677E+02
       165  8.874365E+01
       166  1.641468E+02
       167  8.993097E+01
       168  1.642778E+02
       169  3.263236E+01
       170  5.943321E+01
       171  3.263236E+01
       172  5.943321E+01
       173  8.993097E+01
       174  1.642778E+02
       175  8.874365E+01
       176  1.641468E+02
       177  8.808673E+01
       178  1.636677E+02
       179  8.775687E+01
       180  1.635137E+02
       181  1.392416E+03
       182  7.668857E+02
       183  3.316490E+02
       184  8.582128E+01
       185  2.864046E+01
       186  1.392416E+03
       187  7.668857E+02
       188  3.316490E+02
       189  8.582128E+01
       190  2.864046E+01
       191  8.274929E+01
       192  1.544171E+02
       193  8.281567E+01
       194  1.539972E+02
       195  8.312082E+01
       196  1.538516E+02
       197  8.410490E+01
       198  1.537753E+02
       199  3.050063E+01
       200  5.563382E+01
       201  3.050063E+01
       202  5.563382E+01
       203  8.410490E+01
       204  1.537753E+02
       205  8.312082E+01
       206  1.538516E+02
       207  8.281567E+01
       208  1.539972E+02
       209  8.274929E+01
       210  1.544171E+02
       211  1.306887E+03
       212  7.198671E+02
       213  3.114771E+02
       214  8.082244E+01
       215  2.714684E+01
       216  1.306887E+03
       217  7.198671E+02
       218  3.114771E+02
       219  8.082244E+01
       220  2.714684E+01
       221  7.766229E+01
       222  1.446218E+02
       223  7.774430E+01
       224  1.443019E+02
       225  7.798090E+01
       226  1.442022E+02
       227  7.890417E+01
       228  1.441843E+02
       229  2.859891E+01
       230  5.216394E+01
       231  2.859891E+01
       232  5.216394E+01
       233  7.890417E+01
       234  1.441843E+02
       235  7.798090E+01
       236  1.442022E+02
       237  7.774430E+01
       238  1.443019E+02
       239  7.766229E+01
       240  1.446218E+02
       241  1.224427E+03
       242  6.745408E+02
       243  2.920478E+02
       244  7.603175E+01
       245  2.577024E+01
       246  1.224427E+03
       247  6.745408E+02
       248  2.920478E+02
       249  7.603175E+01
       250  2.577024E+01
       251  7.271756E+01
       252  1.350427E+02
       253  7.283798E+01
       254  1.349133E+02
       255  7.307750E+01
       256  1.349758E+02
       257  7.398661E+01
       258  1.350584E+02
       259  2.680228E+01
       260  4.886242E+01
       261  2.680228E+01
       262  4.886242E+01
       263  7.398661E+01
       264  1.350584E+02
       265  7.307750E+01
       266  1.349758E+02
       267  7.283798E+01
       268  1.349133E+02
       269  7.271756E+01
       270  1.350427E+02
       271  1.144923E+03
       272  6.308357E+02
       273  2.733055E+02
       274  7.140714E+01
       275  2.444618E+01
       276  1.144923E+03
       277  6.308357E+02
       278  2.733055E+02
       279  7.140714E+01
       280  2.444618E+01
       281  6.796264E+01
       282  1.259348E+02
       283  6.810126E+01
       284  1.259336E+02
       285  6.834756E+01
       286  1.261181E+02
       287  6.925226E+01
       288  1.262779E+02
       289  2.507729E+01
       290  4.568298E+01
       291  2.507729E+01
       292  4.568298E+01
       293  6.925226E+01
       294  1.262779E+02
       295  6.834756E+01
       296  1.261181E+02
       297  6.810126E+01
       298  1.259336E+02
       299  6.796264E+01
       300  1.259348E+02
       301  1.068311E+03
       302  5.887261E+02
       303  2.552444E+02
       304  6.694921E+01
       305  2.316641E+01
       306  1.068311E+03
       307  5.887261E+02
       308  2.552444E+02
       309  6.694921E+01
       310  2.316641E+01
       311  6.339221E+01
       312  1.173031E+02
       313  6.353488E+01
       314  1.173688E+02
       315  6.378227E+01
       316  1.176214E+02
       317  6.468302E+01
       318  1.178248E+02
       319  2.341515E+01
       320  4.261802E+01
       321  2.341515E+01
       322  4.261802E+01
       323  6.468302E+01
       324  1.178248E+02
       325  6.378227E+01
       326  1.176214E+02
       327  6.353488E+01
       328  1.173688E+02
       329  6.339221E+01
       330  1.173031E+02
       331  9.945816E+02
       332  5.482070E+02
       333  2.378682E+02
       334  6.266173E+01
       335  2.193227E+01
       336  9.945816E+02
       337  5.482070E+02
       338  2.378682E+02
       339  6.266173E+01
       340  2.193227E+01
       341  5.899788E+01
       342  1.090973E+02
       343  5.913972E+01
       344  1.091934E+02
       345  5.938540E+01
       346  1.094771E+02
       347  6.028207E+01
       348  1.096999E+02
       349  2.181575E+01
       350  3.966892E+01
       351  2.181575E+01
       352  3.966892E+01
       353  6.028207E+01
       354  1.096999E+02
       355  5.938540E+01
       356  1.094771E+02
       357  5.913972E+01
       358  1.091934E+02
       359  5.899788E+01
       360  1.090973E+02
       361  9.237397E+02
       362  5.092775E+02
       363  2.211767E+02
       364  5.854502E+01
       365  2.074621E+01
       366  9.237397E+02
       367  5.092775E+02
       368  2.211767E+02
       369  5.854502E+01
       370  2.074621E+01
       371  5.477597E+01
       372  1.012703E+02
       373  5.491662E+01
       374  1.013785E+02
       375  5.516044E+01
       376  1.016736E+02
       377  5.605361E+01
       378  1.019023E+02
       379  2.027983E+01
       380  3.683691E+01
       381  2.027983E+01
       382  3.683691E+01
       383  5.605361E+01
       384  1.019023E+02
       385  5.516044E+01
       386  1.016736E+02
       387  5.491662E+01
       388  1.013785E+02
       389  5.477597E+01
       390  1.012703E+02
       391  8.557798E+02
       392  4.719317E+02
       393  2.051659E+02
       394  5.459775E+01
       395  1.960947E+01
       396  8.557798E+02
       397  4.719317E+02
       398  2.051659E+02
       399  5.459775E+01
       400  1.960947E+01
       401  5.072568E+01
       402  9.379007E+01
       403  5.086597E+01
       404  9.390209E+01
       405  5.110873E+01
       406  9.419972E+01
       407  5.199921E+01
       408  9.442867E+01
       409  1.880754E+01
       410  3.412186E+01
       411  1.880754E+01
       412  3.412186E+01
       413  5.199921E+01
       414  9.442867E+01
       415  5.110873E+01
       416  9.419972E+01
       417  5.086597E+01
       418  9.390209E+01
       419  5.072568E+01
       420  9.379007E+01
       421  7.906831E+02
       422  4.361583E+02
       423  1.898299E+02
       424  5.081819E+01
       425  1.852239E+01
       426  7.906831E+02
       427  4.361583E+02
       428  1.898299E+02
       429  5.081819E+01
       430  1.852239E+01
       431  4.684672E+01
       432  8.663711E+01
       433  4.698740E+01
       434  8.674999E+01
       435  4.722985E+01
       436  8.704703E+01
       437  4.811829E+01
       438  8.727441E+01
       439  1.739843E+01
       440  3.152270E+01
       441  1.739843E+01
       442  3.152270E+01
       443  4.811829E+01
       444  8.727441E+01
       445  4.722985E+01
       446  8.704703E+01
       447  4.698740E+01
       448  8.674999E+01
       449  4.684672E+01
       450  8.663711E+01
       451  7.284216E+02
       452  4.019420E+02
       453  1.751621E+02
       454  4.720465E+01
       455  1.748477E+01
       456  7.284216E+02
       457  4.019420E+02
       458  1.751621E+02
       459  4.720465E+01
       460  1.748477E+01
       461  4.313831E+01
       462  7.980024E+01
       463  4.327978E+01
       464  7.991326E+01
       465  4.352236E+01
       466  8.020912E+01
       467  4.440918E+01
       468  8.043488E+01
       469  1.605177E+01
       470  2.903797E+01
       471  1.605177E+01
       472  2.903797E+01
       473  4.440918E+01
       474  8.043488E+01
       475  4.352236E+01
       476  8.020912E+01
       477  4.327978E+01
       478  7.991326E+01
       479  4.313831E+01
       480  7.980024E+01
       481  6.689629E+02
       482  3.692656E+02
       483  1.611550E+02
       484  4.375534E+01
       485  1.649609E+01
       486  6.689629E+02
       487  3.692656E+02
       488  1.611550E+02
       489  4.375534E+01
       490  1.649609E+01
       491  3.959902E+01
       492  7.327281E+01
       493  3.974141E+01
       494  7.338606E+01
       495  3.998431E+01
       496  7.368104E+01
       497  4.086970E+01
       498  7.390566E+01
       499  1.476671E+01
       500  2.666610E+01
       501  1.476671E+01
       502  2.666610E+01
       503  4.086970E+01
       504  7.390566E+01
       505  3.998431E+01
       506  7.368104E+01
       507  3.974141E+01
       508  7.338606E+01
       509  3.959902E+01
       510  7.327281E+01
       511  6.122728E+02
       512  3.381109E+02
       513  1.478009E+02
       514  4.046839E+01
       515  1.555567E+01
       516  6.122728E+02
       517  3.381109E+02
       518  1.478009E+02
       519  4.046839E+01
       520  1.555567E+01
       521  3.622698E+01
       522  6.705035E+01
       523  3.637027E+01
       524  6.716408E+01
       525  3.661352E+01
       526  6.745861E+01
       527  3.749755E+01
       528  6.768255E+01
       529  1.354239E+01
       530  2.440555E+01
       531  1.354239E+01
       532  2.440555E+01
       533  3.749755E+01
       534  6.768255E+01
       535  3.661352E+01
       536  6.745861E+01
       537  3.637027E+01
       538  6.716408E+01
       539  3.622698E+01
       540  6.705035E+01
       541  5.583173E+02
       542  3.084593E+02
       543  1.350922E+02
       544  3.734180E+01
       545  1.466275E+01
       546  5.583173E+02
       547  3.084593E+02
       548  1.350922E+02
       549  3.734180E+01
       550  1.466275E+01
       551  3.302006E+01
       552  6.112921E+01
       553  3.316417E+01
       554  6.124361E+01
       555  3.340773E+01
       556  6.153799E+01
       557  3.429039E+01
       558  6.176156E+01
       559  1.237796E+01
       560  2.225482E+01
       561  1.237796E+01
       562  2.225482E+01
       563  3.429039E+01
       564  6.176156E+01
       565  3.340773E+01
       566  6.153799E+01
       567  3.316417E+01
       568  6.124361E+01
       569  3.302006E+01
       570  6.112921E+01
       571  5.070627E+02
       572  2.802927E+02
       573  1.230208E+02
       574  3.437352E+01
       575  1.381652E+01
       576  5.070627E+02
       577  2.802927E+02
       578  1.230208E+02
       579  3.437352E+01
       580  1.381652E+01
       581  2.997605E+01
       582  5.550598E+01
       583  3.012089E+01
       584  5.562110E+01
       585  3.036469E+01
       586  5.591545E+01
       587  3.124594E+01
       588  5.613879E+01
       589  1.127259E+01
       590  2.021246E+01
       591  1.127259E+01
       592  2.021246E+01
       593  3.124594E+01
       594  5.613879E+01
       595  3.036469E+01
       596  5.591545E+01
       597  3.012089E+01
       598  5.562110E+01
       599  2.997605E+01
       600  5.550598E+01
       601  4.584761E+02
       602  2.535929E+02
       603  1.115791E+02
       604  3.156146E+01
       605  1.301614E+01
       606  4.584761E+02
       607  2.535929E+02
       608  1.115791E+02
       609  3.156146E+01
       610  1.301614E+01
       611  2.709273E+01
       612  5.017723E+01
       613  2.723820E+01
       614  5.029299E+01
       615  2.748217E+01
       616  5.058730E+01
       617  2.836196E+01
       618  5.081042E+01
       619  1.022548E+01
       620  1.827705E+01
       621  1.022548E+01
       622  1.827705E+01
       623  2.836196E+01
       624  5.081042E+01
       625  2.748217E+01
       626  5.058730E+01
       627  2.723820E+01
       628  5.029299E+01
       629  2.709273E+01
       630  5.017723E+01
       631  4.125252E+02
       632  2.283422E+02
       633  1.007593E+02
       634  2.890353E+01
       635  1.226080E+01
       636  4.125252E+02
       637  2.283422E+02
       638  1.007593E+02
       639  2.890353E+01
       640  1.226080E+01
       641  2.436794E+01
       642  4.513936E+01
       643  2.451395E+01
       644  4.525565E+01
       645  2.475800E+01
       646  4.554983E+01
       647  2.563626E+01
       648  4.577269E+01
       649  9.235814E+00
       650  1.644723E+01
       651  9.235814E+00
       652  1.644723E+01
       653  2.563626E+01
       654  4.577269E+01
       655  2.475800E+01
       656  4.554983E+01
       657  2.451395E+01
       658  4.525565E+01
       659  2.436794E+01
       660  4.513936E+01
       661  3.691782E+02
       662  2.045232E+02
       663  9.055377E+01
       664  2.639764E+01
       665  1.154965E+01
       666  3.691782E+02
       667  2.045232E+02
       668  9.055377E+01
       669  2.639764E+01
       670  1.154965E+01
       671  2.179959E+01
       672  4.038864E+01
       673  2.194602E+01
       674  4.050535E+01
       675  2.219005E+01
       676  4.079931E+01
       677  2.306669E+01
       678  4.102185E+01
       679  8.302820E+00
       680  1.472163E+01
       681  8.302820E+00
       682  1.472163E+01
       683  2.306669E+01
       684  4.102185E+01
       685  2.219005E+01
       686  4.079931E+01
       687  2.194602E+01
       688  4.050535E+01
       689  2.179959E+01
       690  4.038864E+01
       691  3.284043E+02
       692  1.821186E+02
       693  8.095505E+01
       694  2.404167E+01
       695  1.088184E+01
       696  3.284043E+02
       697  1.821186E+02
       698  8.095505E+01
       699  2.404167E+01
       700  1.088184E+01
       701  1.938567E+01
       702  3.592105E+01
       703  1.953238E+01
       704  3.603821E+01
       705  1.977625E+01
       706  3.633198E+01
       707  2.065113E+01
       708  3.655422E+01
       709  7.425732E+00
       710  1.309892E+01
       711  7.425732E+00
       712  1.309892E+01
       713  2.065113E+01
       714  3.655422E+01
       715  1.977625E+01
       716  3.633198E+01
       717  1.953238E+01
       718  3.603821E+01
       719  1.938567E+01
       720  3.592105E+01
       721  2.901731E+02
       722  1.611118E+02
       723  7.195563E+01
       724  2.183345E+01
       725  1.025651E+01
       726  2.901731E+02
       727  1.611118E+02
       728  7.195563E+01
       729  2.183345E+01
       730  1.025651E+01
       731  1.712426E+01
       732  3.173221E+01
       733  1.727101E+01
       734  3.185013E+01
       735  1.751453E+01
       736  3.214405E+01
       737  1.838751E+01
       738  3.236616E+01
       739  6.603812E+00
       740  1.157780E+01
       741  6.603812E+00
       742  1.157780E+01
       743  1.838751E+01
       744  3.236616E+01
       745  1.751453E+01
       746  3.214405E+01
       747  1.727101E+01
       748  3.185013E+01
       749  1.712426E+01
       750  3.173221E+01
       751  2.544557E+02
       752  1.414865E+02
       753  6.354804E+01
       754  1.977072E+01
       755  9.672827E+00
       756  2.544557E+02
       757  1.414865E+02
       758  6.354804E+01
       759  1.977072E+01
       760  9.672827E+00
       761  1.501349E+01
       762  2.781728E+01
       763  1.515993E+01
       764  2.793679E+01
       765  1.540287E+01
       766  2.823172E+01
       767  1.627382E+01
       768  2.845419E+01
       769  5.836370E+00
       770  1.015703E+01
       771  5.836370E+00
       772  1.015703E+01
       773  1.627382E+01
       774  2.845419E+01
       775  1.540287E+01
       776  2.823172E+01
       777  1.515993E+01
       778  2.793679E+01
       779  1.501349E+01
       780  2.781728E+01
       781  2.212244E+02
       782  1.232265E+02
       783  5.572476E+01
       784  1.785117E+01
       785  9.130056E+00
       786  2.212244E+02
       787  1.232265E+02
       788  5.572476E+01
       789  1.785117E+01
       790  9.130056E+00
       791  1.305144E+01
       792  2.417104E+01
       793  1.319707E+01
       794  2.429373E+01
       795  1.343919E+01
       796  2.459132E+01
       797  1.430813E+01
       798  2.481508E+01
       799  5.122792E+00
       800  8.835470E+00
       801  5.122792E+00
       802  8.835470E+00
       803  1.430813E+01
       804  2.481508E+01
       805  1.343919E+01
       806  2.459132E+01
       807  1.319707E+01
       808  2.429373E+01
       809  1.305144E+01
       810  2.417104E+01
       811  1.904526E+02
       812  1.063163E+02
       813  4.847820E+01
       814  1.607247E+01
       815  8.627763E+00
       816  1.904526E+02
       817  1.063163E+02
       818  4.847820E+01
       819  1.607247E+01
       820  8.627763E+00
       821  1.123601E+01
       822  2.078827E+01
       823  1.138020E+01
       824  2.091662E+01
       825  1.162134E+01
       826  2.121948E+01
       827  1.248861E+01
       828  2.144603E+01
       829  4.462571E+00
       830  7.612104E+00
       831  4.462571E+00
       832  7.612104E+00
       833  1.248861E+01
       834  2.144603E+01
       835  1.162134E+01
       836  2.121948E+01
       837  1.138020E+01
       838  2.091662E+01
       839  1.123601E+01
       840  2.078827E+01
       841  1.621145E+02
       842  9.073979E+01
       843  4.180073E+01
       844  1.443265E+01
       845  8.166151E+00
       846  1.621145E+02
       847  9.073979E+01
       848  4.180073E+01
       849  1.443265E+01
       850  8.166151E+00
       851  9.564589E+00
       852  1.766483E+01
       853  9.706692E+00
       854  1.780204E+01
       855  9.947010E+00
       856  1.811357E+01
       857  1.081360E+01
       858  1.834482E+01
       859  3.855330E+00
       860  6.486073E+00
       861  3.855330E+00
       862  6.486073E+00
       863  1.081360E+01
       864  1.834482E+01
       865  9.947010E+00
       866  1.811357E+01
       867  9.706692E+00
       868  1.780204E+01
       869  9.564589E+00
       870  1.766483E+01
       871  1.361828E+02
       872  7.648027E+01
       873  3.568494E+01
       874  1.293069E+01
       875  7.746637E+00
       876  1.361828E+02
       877  7.648027E+01
       878  3.568494E+01
       879  1.293069E+01
       880  7.746637E+00
       881  8.033705E+00
       882  1.479956E+01
       883  8.173400E+00
       884  1.494862E+01
       885  8.413683E+00
       886  1.527216E+01
       887  9.281704E+00
       888  1.551000E+01
       889  3.300815E+00
       890  5.456676E+00
       891  3.300815E+00
       892  5.456676E+00
       893  9.281704E+00
       894  1.551000E+01
       895  8.413683E+00
       896  1.527216E+01
       897  8.173400E+00
       898  1.494862E+01
       899  8.033705E+00
       900  1.479956E+01
       901  1.126260E+02
       902  6.351916E+01
       903  3.012413E+01
       904  1.156761E+01
       905  7.372730E+00
       906  1.126260E+02
       907  6.351916E+01
       908  3.012413E+01
       909  1.156761E+01
       910  7.372730E+00
       911  6.638644E+00
       912  1.219718E+01
       913  6.776559E+00
       914  1.235868E+01
       915  7.018768E+00
       916  1.269554E+01
       917  7.892052E+00
       918  1.294078E+01
       919  2.798818E+00
       920  4.523309E+00
       921  2.798818E+00
       922  4.523309E+00
       923  7.892052E+00
       924  1.294078E+01
       925  7.018768E+00
       926  1.269554E+01
       927  6.776559E+00
       928  1.235868E+01
       929  6.638644E+00
       930  1.219718E+01
       931  9.140388E+01
       932  5.183508E+01
       933  2.511324E+01
       934  1.034797E+01
       935  7.051162E+00
       936  9.140388E+01
       937  5.183508E+01
       938  2.511324E+01
       939  1.034797E+01
       940  7.051162E+00
       941  5.373265E+00
       942  9.871352E+00
       943  5.512093E+00
       944  1.003961E+01
       945  5.760096E+00
       946  1.038560E+01
       947  6.644804E+00
       948  1.063648E+01
       949  2.348993E+00
       950  3.685307E+00
       951  2.348993E+00
       952  3.685307E+00
       953  6.644804E+00
       954  1.063648E+01
       955  5.760096E+00
       956  1.038560E+01
       957  5.512093E+00
       958  1.003961E+01
       959  5.373265E+00
       960  9.871352E+00
       961  7.246354E+01
       962  4.140374E+01
       963  2.065075E+01
       964  9.281681E+00
       965  6.792701E+00
       966  7.246354E+01
       967  4.140374E+01
       968  2.065075E+01
       969  9.281681E+00
       970  6.792701E+00
       971  4.230839E+00
       972  7.846547E+00
       973  4.376962E+00
       974  8.003724E+00
       975  4.637287E+00
       976  8.344302E+00
       977  5.541977E+00
       978  8.594796E+00
       979  1.950512E+00
       980  2.941544E+00
       981  1.950512E+00
       982  2.941544E+00
       983  5.541977E+00
       984  8.594796E+00
       985  4.637287E+00
       986  8.344302E+00
       987  4.376962E+00
       988  8.003724E+00
       989  4.230839E+00
       990  7.846547E+00
       991  5.573615E+01
       992  3.220090E+01
       993  1.674280E+01
       994  8.385176E+00
       995  6.610427E+00
       996  5.573615E+01
       997  3.220090E+01
       998  1.674280E+01
       999  8.385176E+00
      1000  6.610427E+00
      1001  3.208813E+00
      1002  6.157001E+00
      1003  3.373898E+00
      1004  6.265578E+00
      1005  3.655175E+00
      1006  6.569850E+00
      1007  4.588000E+00
      1008  6.808056E+00
      1009  1.601462E+00
      1010  2.289422E+00
      1011  1.601462E+00
      1012  2.289422E+00
      1013  4.588000E+00
      1014  6.808056E+00
      1015  3.655175E+00
      1016  6.569850E+00
      1017  3.373898E+00
      1018  6.265578E+00
      1019  3.208813E+00
      1020  6.157001E+00
      1021  4.113521E+01
      1022  2.421225E+01
      1023  1.341218E+01
      1024  7.679482E+00
      1025  6.510092E+00
      1026  4.113521E+01
      1027  2.421225E+01
      1028  1.341218E+01
      1029  7.679482E+00
      1030  6.510092E+00
      1031  2.326861E+00
      1032  4.844646E+00
      1033  2.526472E+00
      1034  4.838867E+00
      1035  2.832705E+00
      1036  5.051802E+00
      1037  3.789551E+00
      1038  5.257808E+00
      1039  1.297794E+00
      1040  1.723173E+00
      1041  1.297794E+00
      1042  1.723173E+00
      1043  3.789551E+00
      1044  5.257808E+00
      1045  2.832705E+00
      1046  5.051802E+00
      1047  2.526472E+00
      1048  4.838867E+00
      1049  2.326861E+00
      1050  4.844646E+00
      1051  2.856090E+01
      1052  1.745416E+01
      1053  1.070892E+01
      1054  7.181066E+00
      1055  6.465993E+00
      1056  2.856090E+01
      1057  1.745416E+01
      1058  1.070892E+01
      1059  7.181066E+00
      1060  6.465993E+00
      1061  1.677867E+00
      1062  3.969404E+00
      1063  1.921395E+00
      1064  3.746617E+00
      1065  2.228819E+00
      1066  3.777549E+00
      1067  3.163522E+00
      1068  3.917454E+00
      1069  1.032446E+00
      1070  1.234400E+00
      1071  1.032446E+00
      1072  1.234400E+00
      1073  3.163522E+00
      1074  3.917454E+00
      1075  2.228819E+00
      1076  3.777549E+00
      1077  1.921395E+00
      1078  3.746617E+00
      1079  1.677867E+00
      1080  3.969404E+00
      1081  1.793753E+01
      1082  1.198618E+01
      1083  8.693733E+00
      1084  6.875688E+00
      1085  6.404589E+00
      1086  1.793753E+01
      1087  1.198618E+01
      1088  8.693733E+00
      1089  6.875688E+00
      1090  6.404589E+00
      1091  1.527646E+00
      1092  3.632895E+00
      1093  1.798189E+00
      1094  3.070555E+00
      1095  2.009383E+00
      1096  2.790168E+00
      1097  2.798257E+00
      1098  2.812117E+00
      1099  7.967581E-01
      1100  8.365852E-01
      1101  7.967581E-01
      1102  8.365852E-01
      1103  2.798257E+00
      1104  2.812117E+00
      1105  2.009383E+00
      1106  2.790168E+00
      1107  1.798189E+00
      1108  3.070555E+00
      1109  1.527646E+00
      1110  3.632895E+00
      1111  9.400378E+00
      1112  7.839552E+00
      1113  7.319150E+00
      1114  6.720446E+00
      1115  6.280063E+00
      1116  9.400378E+00
      1117  7.839552E+00
      1118  7.319150E+00
      1119  6.720446E+00
      1120  6.280063E+00
      1121  2.308134E+00
      1122  3.943385E+00
      1123  2.609005E+00
      1124  3.042637E+00
      1125  2.598638E+00
      1126  2.394247E+00
      1127  3.146501E+00
      1128  2.272335E+00
      1129  6.072249E-01
      1130  6.814848E-01
      1131  6.072249E-01
      1132  6.814848E-01
      1133  3.146501E+00
      1134  2.272335E+00
      1135  2.598638E+00
      1136  2.394247E+00
      1137  2.609005E+00
      1138  3.042637E+00
      1139  2.308134E+00
      1140  3.943385E+00
      1141  3.467558E+00
      1142  4.685402E+00
      1143  6.087749E+00
      1144  6.681310E+00
      1145  6.489647E+00
      1146  3.467558E+00
      1147  4.685402E+00
      1148  6.087749E+00
      1149  6.681310E+00
      1150  6.489647E+00
      1151  3.881307E+00
      1152  4.501923E+00
      1153  4.457852E+00
      1154  3.745323E+00
      1155  4.594044E+00
      1156  3.379569E+00
      1157  5.821096E+00
      1158  3.740668E+00
      1159  5.442050E-01
      1160  1.555405E+00
      1161  5.442050E-01
      1162  1.555405E+00
      1163  5.821096E+00
      1164  3.740668E+00
      1165  4.594044E+00
      1166  3.379569E+00
      1167  4.457852E+00
      1168  3.745323E+00
      1169  3.881307E+00
      1170  4.501923E+00
      1171  6.535285E-01
      1172  2.060124E+00
      1173  4.273165E+00
      1174  7.036657E+00
      1175  1.029179E+01
      1176  6.535285E-01
      1177  2.060124E+00
      1178  4.273165E+00
      1179  7.036657E+00
      1180  1.029179E+01
      1181  4.630192E+00
      1182  4.312003E+00
      1183  5.770784E+00
      1184  4.354252E+00
      1185  7.959279E+00
      1186  6.417138E+00
      1187  1.779966E+01
      1188  1.323026E+01
      1189  1.109457E+00
      1190  8.269017E+00
      1191  1.109457E+00
      1192  8.269017E+00
      1193  1.779966E+01
      1194  1.323026E+01
      1195  7.959279E+00
      1196  6.417138E+00
      1197  5.770784E+00
      1198  4.354252E+00
      1199  4.630192E+00
      1200  4.312003E+00
      1201  5.520463E-03
      1202  1.252803E-01
      1203  6.862025E-01
      1204  2.899505E+00
      1205  8.021736E+00
      1206  5.520463E-03
      1207  1.252803E-01
      1208  6.862025E-01
      1209  2.899505E+00
      1210  8.021736E+00
      1211  1.792391E+00
      1212  2.655457E+00
      1213  2.528700E+00
      1214  2.575796E+00
      1215  4.635707E+00
      1216  5.781937E+00
      1217  1.813944E+01
      1218  1.613536E+01
      1219  1.480544E+00
      1220  1.196654E+01
      1221  1.480544E+00
      1222  1.196654E+01
      1223  1.813944E+01
      1224  1.613536E+01
      1225  4.635707E+00
      1226  5.781937E+00
      1227  2.528700E+00
      1228  2.575796E+00
      1229  1.792391E+00
      1230  2.655457E+00

                                INCREMENT    11


 displacements (vx,vy,vz) for set TIP_TOP and time  0.9750000E+00

      1991  3.930847E-01 -1.242514E-02 -1.606773E+01
      1992  3.927789E-01 -1.219943E-02 -1.603866E+01
      1995  3.919085E-01 -1.178542E-02 -1.601002E+01
      1998  3.911837E-01 -9.532810E-03 -1.598379E+01
      2000  3.909208E-01 -3.747111E-03 -1.596738E+01
      2002  3.908175E-01 -2.969813E-14 -1.596654E+01
      2004  3.909208E-01  3.747111E-03 -1.596738E+01
      2007  3.911837E-01  9.532810E-03 -1.598379E+01
      2010  3.919085E-01  1.178542E-02 -1.601002E+01
      2013  3.927789E-01  1.219943E-02 -1.603866E+01
      2016  3.930847E-01  1.242514E-02 -1.606773E+01

 forces (fx,fy,fz) for set CLAMP and time  0.9750000E+00

         1  2.359596E+04  2.129812E+04  9.597927E+03
         4  4.199840E+04 -3.196390E-09  1.914115E+04
         5  3.281811E+04  3.455275E+04  9.577782E+02
         8  5.728174E+04 -1.353188E-08  2.126539E+03
         9  2.313416E+04  2.447149E+04 -9.633503E+02
        12  4.032555E+04 -4.356905E-10 -1.823181E+03
        13  1.331219E+04  1.385189E+04 -2.124866E+03
        16  2.315045E+04 -1.284005E-09 -4.146152E+03
        17  3.426425E+03  3.349518E+03 -2.315491E+03
        20  5.859379E+03 -6.531045E-09 -4.549503E+03
        21 -5.046811E+03 -2.120285E+03 -5.816295E+03
        24 -5.438124E+03 -8.651128E-10 -2.879074E+03
        26  2.359596E+04 -2.129812E+04  9.597927E+03
        28  3.281811E+04 -3.455275E+04  9.577782E+02
        30  2.313416E+04 -2.447149E+04 -9.633503E+02
        32  1.331219E+04 -1.385189E+04 -2.124866E+03
        34  3.426425E+03 -3.349518E+03 -2.315491E+03
        36 -5.046811E+03  2.120285E+03 -5.816295E+03
        37 -4.766859E+03 -2.590115E+03 -5.596369E+03
        40 -5.200750E+03 -1.072136E+03 -9.232024E+03
        41 -1.275080E+04 -6.307927E+03 -2.207098E+03
        44 -1.835621E+04 -2.504928E+03 -4.202681E+03
        45 -9.270985E+03 -3.738009E+03  7.130021E+03
        48 -1.569031E+04 -1.435729E+03  1.304916E+04
        50 -4.131816E+03 -1.042472E+03 -8.371610E+03
        52 -1.754529E+04 -2.230118E+03 -4.307507E+03
        54 -1.603019E+04 -1.190006E+03  1.269620E+04
        56 -4.168971E+03 -7.658175E+02 -8.475063E+03
        58 -1.792425E+04 -1.519024E+03 -4.341335E+03
        60 -1.646819E+04 -7.653497E+02  1.294555E+04
        62 -1.258779E+04 -5.762630E+02 -2.826452E+03
        64 -1.146563E+04 -2.731721E+02  9.059271E+03
        66 -6.785555E+03  1.795646E-09 -1.472312E+03
        68 -6.155809E+03  2.358216E-10  4.887936E+03
        70 -1.258779E+04  5.762630E+02 -2.826452E+03
        72 -1.146563E+04  2.731721E+02  9.059271E+03
        74 -4.168971E+03  7.658175E+02 -8.475063E+03
        76 -1.792425E+04  1.519024E+03 -4.341335E+03
        78 -1.646819E+04  7.653497E+02  1.294555E+04
        80 -4.131816E+03  1.042472E+03 -8.371610E+03
        82 -1.754529E+04  2.230118E+03 -4.307507E+03
        84 -1.603019E+04  1.190006E+03  1.269620E+04
        86 -5.200750E+03  1.072136E+03 -9.232024E+03
        88 -1.835621E+04  2.504928E+03 -4.202681E+03
        90 -1.569031E+04  1.435729E+03  1.304916E+04
        92 -4.766859E+03  2.590115E+03 -5.596369E+03
        94 -1.275080E+04  6.307927E+03 -2.207098E+03
        96 -9.270985E+03  3.738009E+03  7.130021E+03

 internal energy (element, energy) for set EALL and time  0.9750000E+00

         1  1.731517E+03
         2  8.577608E+02
         3  3.588470E+02
         4  8.258616E+01
         5  1.783742E+01
         6  1.731517E+03
         7  8.577608E+02
         8  3.588470E+02
         9  8.258616E+01
        10  1.783742E+01
        11  1.040180E+02
        12  1.947466E+02
        13  8.010388E+01
        14  1.673106E+02
        15  7.703556E+01
        16  1.672304E+02
        17  8.124259E+01
        18  1.734645E+02
        19  3.085137E+01
        20  6.480059E+01
        21  3.085137E+01
        22  6.480059E+01
        23  8.124259E+01
        24  1.734645E+02
        25  7.703556E+01
        26  1.672304E+02
        27  8.010388E+01
        28  1.673106E+02
        29  1.040180E+02
        30  1.947466E+02
        31  2.069511E+03
        32  1.145003E+03
        33  4.499909E+02
        34  1.076831E+02
        35  2.913808E+01
        36  2.069511E+03
        37  1.145003E+03
        38  4.499909E+02
        39  1.076831E+02
        40  2.913808E+01
        41  8.844852E+01
        42  1.874510E+02
        43  9.645432E+01
        44  1.981206E+02
        45  9.658213E+01
        46  1.983080E+02
        47  1.033240E+02
        48  2.061254E+02
        49  3.945035E+01
        50  7.686080E+01
        51  3.945035E+01
        52  7.686080E+01
        53  1.033240E+02
        54  2.061254E+02
        55  9.658213E+01
        56  1.983080E+02
        57  9.645432E+01
        58  1.981206E+02
        59  8.844852E+01
        60  1.874510E+02
        61  2.014905E+03
        62  1.159219E+03
        63  5.043525E+02
        64  1.290469E+02
        65  4.032789E+01
        66  2.014905E+03
        67  1.159219E+03
        68  5.043525E+02
        69  1.290469E+02
        70  4.032789E+01
        71  9.422485E+01
        72  1.951867E+02
        73  1.053194E+02
        74  2.104518E+02
        75  1.117268E+02
        76  2.195939E+02
        77  1.177048E+02
        78  2.268637E+02
        79  4.356100E+01
        80  8.355661E+01
        81  4.356100E+01
        82  8.355661E+01
        83  1.177048E+02
        84  2.268637E+02
        85  1.117268E+02
        86  2.195939E+02
        87  1.053194E+02
        88  2.104518E+02
        89  9.422485E+01
        90  1.951867E+02
        91  2.145228E+03
        92  1.229364E+03
        93  5.515227E+02
        94  1.485957E+02
        95  5.049495E+01
        96  2.145228E+03
        97  1.229364E+03
        98  5.515227E+02
        99  1.485957E+02
       100  5.049495E+01
       101  1.192375E+02
       102  2.186570E+02
       103  1.258870E+02
       104  2.283914E+02
       105  1.316986E+02
       106  2.368986E+02
       107  1.355172E+02
       108  2.412418E+02
       109  4.894072E+01
       110  8.753114E+01
       111  4.894072E+01
       112  8.753114E+01
       113  1.355172E+02
       114  2.412418E+02
       115  1.316986E+02
       116  2.368986E+02
       117  1.258870E+02
       118  2.283914E+02
       119  1.192375E+02
       120  2.186570E+02
       121  2.020977E+03
       122  1.127576E+03
       123  4.950272E+02
       124  1.315788E+02
       125  4.344303E+01
       126  2.020977E+03
       127  1.127576E+03
       128  4.950272E+02
       129  1.315788E+02
       130  4.344303E+01
       131  1.157010E+02
       132  2.153424E+02
       133  1.178650E+02
       134  2.186053E+02
       135  1.201935E+02
       136  2.219927E+02
       137  1.224037E+02
       138  2.233984E+02
       139  4.430546E+01
       140  8.080755E+01
       141  4.430546E+01
       142  8.080755E+01
       143  1.224037E+02
       144  2.233984E+02
       145  1.201935E+02
       146  2.219927E+02
       147  1.178650E+02
       148  2.186053E+02
       149  1.157010E+02
       150  2.153424E+02
       151  1.884529E+03
       152  1.042699E+03
       153  4.536679E+02
       154  1.191778E+02
       155  3.933404E+01
       156  1.884529E+03
       157  1.042699E+03
       158  4.536679E+02
       159  1.191778E+02
       160  3.933404E+01
       161  1.101575E+02
       162  2.060819E+02
       163  1.104919E+02
       164  2.060684E+02
       165  1.112022E+02
       166  2.063946E+02
       167  1.126345E+02
       168  2.061904E+02
       169  4.081617E+01
       170  7.446982E+01
       171  4.081617E+01
       172  7.446982E+01
       173  1.126345E+02
       174  2.061904E+02
       175  1.112022E+02
       176  2.063946E+02
       177  1.104919E+02
       178  2.060684E+02
       179  1.101575E+02
       180  2.060819E+02
       181  1.736012E+03
       182  9.641067E+02
       183  4.200605E+02
       184  1.100699E+02
       185  3.655367E+01
       186  1.736012E+03
       187  9.641067E+02
       188  4.200605E+02
       189  1.100699E+02
       190  3.655367E+01
       191  1.035752E+02
       192  1.935350E+02
       193  1.035385E+02
       194  1.927391E+02
       195  1.037405E+02
       196  1.921906E+02
       197  1.047888E+02
       198  1.916374E+02
       199  3.792510E+01
       200  6.920078E+01
       201  3.792510E+01
       202  6.920078E+01
       203  1.047888E+02
       204  1.916374E+02
       205  1.037405E+02
       206  1.921906E+02
       207  1.035385E+02
       208  1.927391E+02
       209  1.035752E+02
       210  1.935350E+02
       211  1.616323E+03
       212  8.959678E+02
       213  3.901471E+02
       214  1.021076E+02
       215  3.419561E+01
       216  1.616323E+03
       217  8.959678E+02
       218  3.901471E+02
       219  1.021076E+02
       220  3.419561E+01
       221  9.695992E+01
       222  1.804632E+02
       223  9.694889E+01
       224  1.798357E+02
       225  9.706589E+01
       226  1.793850E+02
       227  9.799810E+01
       228  1.789465E+02
       229  3.544143E+01
       230  6.463032E+01
       231  3.544143E+01
       232  6.463032E+01
       233  9.799810E+01
       234  1.789465E+02
       235  9.706589E+01
       236  1.793850E+02
       237  9.694889E+01
       238  1.798357E+02
       239  9.695992E+01
       240  1.804632E+02
       241  1.518834E+03
       242  8.373698E+02
       243  3.634314E+02
       244  9.499826E+01
       245  3.215253E+01
       246  1.518834E+03
       247  8.373698E+02
       248  3.634314E+02
       249  9.499826E+01
       250  3.215253E+01
       251  9.060230E+01
       252  1.680219E+02
       253  9.066835E+01
       254  1.677179E+02
       255  9.083042E+01
       256  1.675813E+02
       257  9.178649E+01
       258  1.674114E+02
       259  3.319305E+01
       260  6.049893E+01
       261  3.319305E+01
       262  6.049893E+01
       263  9.178649E+01
       264  1.674114E+02
       265  9.083042E+01
       266  1.675813E+02
       267  9.066835E+01
       268  1.677179E+02
       269  9.060230E+01
       270  1.680219E+02
       271  1.421568E+03
       272  7.831423E+02
       273  3.393897E+02
       274  8.876785E+01
       275  3.037706E+01
       276  1.421568E+03
       277  7.831423E+02
       278  3.393897E+02
       279  8.876785E+01
       280  3.037706E+01
       281  8.455490E+01
       282  1.564449E+02
       283  8.467707E+01
       284  1.563821E+02
       285  8.490007E+01
       286  1.565121E+02
       287  8.592301E+01
       288  1.565859E+02
       289  3.108342E+01
       290  5.661716E+01
       291  3.108342E+01
       292  5.661716E+01
       293  8.592301E+01
       294  1.565859E+02
       295  8.490007E+01
       296  1.565121E+02
       297  8.467707E+01
       298  1.563821E+02
       299  8.455490E+01
       300  1.564449E+02
       301  1.326437E+03
       302  7.309152E+02
       303  3.168762E+02
       304  8.312379E+01
       305  2.876434E+01
       306  1.326437E+03
       307  7.309152E+02
       308  3.168762E+02
       309  8.312379E+01
       310  2.876434E+01
       311  7.879611E+01
       312  1.456323E+02
       313  7.894910E+01
       314  1.457031E+02
       315  7.921492E+01
       316  1.459888E+02
       317  8.028764E+01
       318  1.462026E+02
       319  2.905128E+01
       320  5.287266E+01
       321  2.905128E+01
       322  5.287266E+01
       323  8.028764E+01
       324  1.462026E+02
       325  7.921492E+01
       326  1.459888E+02
       327  7.894910E+01
       328  1.457031E+02
       329  7.879611E+01
       330  1.456323E+02
       331  1.234841E+03
       332  6.806047E+02
       333  2.953001E+02
       334  7.778974E+01
       335  2.723404E+01
       336  1.234841E+03
       337  6.806047E+02
       338  2.953001E+02
       339  7.778974E+01
       340  2.723404E+01
       341  7.329700E+01
       342  1.354317E+02
       343  7.346346E+01
       344  1.355583E+02
       345  7.375104E+01
       346  1.359100E+02
       347  7.484632E+01
       348  1.361791E+02
       349  2.708192E+01
       350  4.924147E+01
       351  2.708192E+01
       352  4.924147E+01
       353  7.484632E+01
       354  1.361791E+02
       355  7.375104E+01
       356  1.359100E+02
       357  7.346346E+01
       358  1.355583E+02
       359  7.329700E+01
       360  1.354317E+02
       361  1.146852E+03
       362  6.322652E+02
       363  2.745775E+02
       364  7.267729E+01
       365  2.576274E+01
       366  1.146852E+03
       367  6.322652E+02
       368  2.745775E+02
       369  7.267729E+01
       370  2.576274E+01
       371  6.803566E+01
       372  1.257279E+02
       373  6.820656E+01
       374  1.258696E+02
       375  6.850256E+01
       376  1.262398E+02
       377  6.960455E+01
       378  1.265230E+02
       379  2.518100E+01
       380  4.573616E+01
       381  2.518100E+01
       382  4.573616E+01
       383  6.960455E+01
       384  1.265230E+02
       385  6.850256E+01
       386  1.262398E+02
       387  6.820656E+01
       388  1.258696E+02
       389  6.803566E+01
       390  1.257279E+02
       391  1.062471E+03
       392  5.858963E+02
       393  2.546988E+02
       394  6.777508E+01
       395  2.435051E+01
       396  1.062471E+03
       397  5.858963E+02
       398  2.546988E+02
       399  6.777508E+01
       400  2.435051E+01
       401  6.299878E+01
       402  1.164552E+02
       403  6.317095E+01
       404  1.165972E+02
       405  6.346959E+01
       406  1.169682E+02
       407  6.457225E+01
       408  1.172516E+02
       409  2.335473E+01
       410  4.236841E+01
       411  2.335473E+01
       412  4.236841E+01
       413  6.457225E+01
       414  1.172516E+02
       415  6.346959E+01
       416  1.169682E+02
       417  6.317095E+01
       418  1.165972E+02
       419  6.299878E+01
       420  1.164552E+02
       421  9.816550E+02
       422  5.414832E+02
       423  2.356583E+02
       424  6.308150E+01
       425  2.299960E+01
       426  9.816550E+02
       427  5.414832E+02
       428  2.356583E+02
       429  6.308150E+01
       430  2.299960E+01
       431  5.817934E+01
       432  1.075827E+02
       433  5.835236E+01
       434  1.077224E+02
       435  5.865190E+01
       436  1.080903E+02
       437  5.975350E+01
       438  1.083712E+02
       439  2.160553E+01
       440  3.914227E+01
       441  2.160553E+01
       442  3.914227E+01
       443  5.975350E+01
       444  1.083712E+02
       445  5.865190E+01
       446  1.080903E+02
       447  5.835236E+01
       448  1.077224E+02
       449  5.817934E+01
       450  1.075827E+02
       451  9.043608E+02
       452  4.990054E+02
       453  2.174487E+02
       454  5.859495E+01
       455  2.171050E+01
       456  9.043608E+02
       457  4.990054E+02
       458  2.174487E+02
       459  5.859495E+01
       460  2.171050E+01
       461  5.357345E+01
       462  9.909731E+01
       463  5.374758E+01
       464  9.923571E+01
       465  5.404773E+01
       466  9.960119E+01
       467  5.514789E+01
       468  9.987996E+01
       469  1.993352E+01
       470  3.605760E+01
       471  1.993352E+01
       472  3.605760E+01
       473  5.514789E+01
       474  9.987996E+01
       475  5.404773E+01
       476  9.960119E+01
       477  5.374758E+01
       478  9.923571E+01
       479  5.357345E+01
       480  9.909731E+01
       481  8.305460E+02
       482  4.584403E+02
       483  2.000604E+02
       484  5.431302E+01
       485  2.048261E+01
       486  8.305460E+02
       487  4.584403E+02
       488  2.000604E+02
       489  5.431302E+01
       490  2.048261E+01
       491  4.917821E+01
       492  9.099326E+01
       493  4.935365E+01
       494  9.113169E+01
       495  4.965439E+01
       496  9.149599E+01
       497  5.075303E+01
       498  9.177353E+01
       499  1.833793E+01
       500  3.311288E+01
       501  1.833793E+01
       502  3.311288E+01
       503  5.075303E+01
       504  9.177353E+01
       505  4.965439E+01
       506  9.149599E+01
       507  4.935365E+01
       508  9.113169E+01
       509  4.917821E+01
       510  9.099326E+01
       511  7.601677E+02
       512  4.197643E+02
       513  1.834833E+02
       514  5.023300E+01
       515  1.931489E+01
       516  7.601677E+02
       517  4.197643E+02
       518  1.834833E+02
       519  5.023300E+01
       520  1.931489E+01
       521  4.499090E+01
       522  8.326670E+01
       523  4.516761E+01
       524  8.340597E+01
       525  4.546891E+01
       526  8.376999E+01
       527  4.656598E+01
       528  8.404699E+01
       529  1.681775E+01
       530  3.030628E+01
       531  1.681775E+01
       532  3.030628E+01
       533  4.656598E+01
       534  8.404699E+01
       535  4.546891E+01
       536  8.376999E+01
       537  4.516761E+01
       538  8.340597E+01
       539  4.499090E+01
       540  8.326670E+01
       541  6.931835E+02
       542  3.829543E+02
       543  1.677073E+02
       544  4.635220E+01
       545  1.820625E+01
       546  6.931835E+02
       547  3.829543E+02
       548  1.677073E+02
       549  4.635220E+01
       550  1.820625E+01
       551  4.100869E+01
       552  7.591400E+01
       553  4.118657E+01
       554  7.605445E+01
       555  4.148835E+01
       556  7.641862E+01
       557  4.258380E+01
       558  7.669543E+01
       559  1.537191E+01
       560  2.763596E+01
       561  1.537191E+01
       562  2.763596E+01
       563  4.258380E+01
       564  7.669543E+01
       565  4.148835E+01
       566  7.641862E+01
       567  4.118657E+01
       568  7.605445E+01
       569  4.100869E+01
       570  7.591400E+01
       571  6.295518E+02
       572  3.479874E+02
       573  1.527224E+02
       574  4.266792E+01
       575  1.715560E+01
       576  6.295518E+02
       577  3.479874E+02
       578  1.527224E+02
       579  4.266792E+01
       580  1.715560E+01
       581  3.722878E+01
       582  6.893126E+01
       583  3.740768E+01
       584  6.907291E+01
       585  3.770984E+01
       586  6.943735E+01
       587  3.880359E+01
       588  6.971406E+01
       589  1.399938E+01
       590  2.510014E+01
       591  1.399938E+01
       592  2.510014E+01
       593  3.880359E+01
       594  6.971406E+01
       595  3.770984E+01
       596  6.943735E+01
       597  3.740768E+01
       598  6.907291E+01
       599  3.722878E+01
       600  6.893126E+01
       601  5.692318E+02
       602  3.148412E+02
       603  1.385191E+02
       604  3.917755E+01
       605  1.616188E+01
       606  5.692318E+02
       607  3.148412E+02
       608  1.385191E+02
       609  3.917755E+01
       610  1.616188E+01
       611  3.364837E+01
       612  6.231428E+01
       613  3.382817E+01
       614  6.245698E+01
       615  3.413060E+01
       616  6.282158E+01
       617  3.522258E+01
       618  6.309815E+01
       619  1.269917E+01
       620  2.269708E+01
       621  1.269917E+01
       622  2.269708E+01
       623  3.522258E+01
       624  6.309815E+01
       625  3.413060E+01
       626  6.282158E+01
       627  3.382817E+01
       628  6.245698E+01
       629  3.364837E+01
       630  6.231428E+01
       631  5.121834E+02
       632  2.834937E+02
       633  1.250877E+02
       634  3.587846E+01
       635  1.522406E+01
       636  5.121834E+02
       637  2.834937E+02
       638  1.250877E+02
       639  3.587846E+01
       640  1.522406E+01
       641  3.026478E+01
       642  5.605858E+01
       643  3.044535E+01
       644  5.620212E+01
       645  3.074794E+01
       646  5.656672E+01
       647  3.183806E+01
       648  5.684305E+01
       649  1.147028E+01
       650  2.042509E+01
       651  1.147028E+01
       652  2.042509E+01
       653  3.183806E+01
       654  5.684305E+01
       655  3.074794E+01
       656  5.656672E+01
       657  3.044535E+01
       658  5.620212E+01
       659  3.026478E+01
       660  5.605858E+01
       661  4.583675E+02
       662  2.539232E+02
       663  1.124187E+02
       664  3.276805E+01
       665  1.434110E+01
       666  4.583675E+02
       667  2.539232E+02
       668  1.124187E+02
       669  3.276805E+01
       670  1.434110E+01
       671  2.707541E+01
       672  5.015947E+01
       673  2.725660E+01
       674  5.030368E+01
       675  2.755922E+01
       676  5.066811E+01
       677  2.864736E+01
       678  5.094410E+01
       679  1.031175E+01
       680  1.828247E+01
       681  1.031175E+01
       682  1.828247E+01
       683  2.864736E+01
       684  5.094410E+01
       685  2.755922E+01
       686  5.066811E+01
       687  2.725660E+01
       688  5.030368E+01
       689  2.707541E+01
       690  5.015947E+01
       691  4.077456E+02
       692  2.261086E+02
       693  1.005029E+02
       694  2.984370E+01
       695  1.351194E+01
       696  4.077456E+02
       697  2.261086E+02
       698  1.005029E+02
       699  2.984370E+01
       700  1.351194E+01
       701  2.407778E+01
       702  4.461190E+01
       703  2.425939E+01
       704  4.475679E+01
       705  2.456186E+01
       706  4.512108E+01
       707  2.564786E+01
       708  4.539673E+01
       709  9.222619E+00
       710  1.626759E+01
       711  9.222619E+00
       712  1.626759E+01
       713  2.564786E+01
       714  4.539673E+01
       715  2.456186E+01
       716  4.512108E+01
       717  2.425939E+01
       718  4.475679E+01
       719  2.407778E+01
       720  4.461190E+01
       721  3.602803E+02
       722  2.000290E+02
       723  8.933092E+01
       724  2.710272E+01
       725  1.273550E+01
       726  3.602803E+02
       727  2.000290E+02
       728  8.933092E+01
       729  2.710272E+01
       730  1.273550E+01
       731  2.126949E+01
       732  3.941043E+01
       733  2.145124E+01
       734  3.955636E+01
       735  2.175332E+01
       736  3.992092E+01
       737  2.283699E+01
       738  4.019644E+01
       739  8.201982E+00
       740  1.437882E+01
       741  8.201982E+00
       742  1.437882E+01
       743  2.283699E+01
       744  4.019644E+01
       745  2.175332E+01
       746  3.992092E+01
       747  2.145124E+01
       748  3.955636E+01
       749  2.126949E+01
       750  3.941043E+01
       751  3.159357E+02
       752  1.756643E+02
       753  7.889358E+01
       754  2.454233E+01
       755  1.201077E+01
       756  3.159357E+02
       757  1.756643E+02
       758  7.889358E+01
       759  2.454233E+01
       760  1.201077E+01
       761  1.864824E+01
       762  3.454903E+01
       763  1.882967E+01
       764  3.469703E+01
       765  1.913108E+01
       766  3.506290E+01
       767  2.021227E+01
       768  3.533889E+01
       769  7.248981E+00
       770  1.261464E+01
       771  7.248981E+00
       772  1.261464E+01
       773  2.021227E+01
       774  3.533889E+01
       775  1.913108E+01
       776  3.506290E+01
       777  1.882967E+01
       778  3.469703E+01
       779  1.864824E+01
       780  3.454903E+01
       781  2.746774E+02
       782  1.529945E+02
       783  6.918153E+01
       784  2.215962E+01
       785  1.133682E+01
       786  2.746774E+02
       787  1.529945E+02
       788  6.918153E+01
       789  2.215962E+01
       790  1.133682E+01
       791  1.621165E+01
       792  3.002122E+01
       793  1.639214E+01
       794  3.017324E+01
       795  1.669256E+01
       796  3.054246E+01
       797  1.777128E+01
       798  3.082009E+01
       799  6.362853E+00
       800  1.097362E+01
       801  6.362853E+00
       802  1.097362E+01
       803  1.777128E+01
       804  3.082009E+01
       805  1.669256E+01
       806  3.054246E+01
       807  1.639214E+01
       808  3.017324E+01
       809  1.621165E+01
       810  3.002122E+01
       811  2.364725E+02
       812  1.320003E+02
       813  6.018536E+01
       814  1.995174E+01
       815  1.071313E+01
       816  2.364725E+02
       817  1.320003E+02
       818  6.018536E+01
       819  1.995174E+01
       820  1.071313E+01
       821  1.395711E+01
       822  2.582052E+01
       823  1.413586E+01
       824  2.597964E+01
       825  1.443510E+01
       826  2.635544E+01
       827  1.551176E+01
       828  2.663654E+01
       829  5.542968E+00
       830  9.454493E+00
       831  5.542968E+00
       832  9.454493E+00
       833  1.551176E+01
       834  2.663654E+01
       835  1.443510E+01
       836  2.635544E+01
       837  1.413586E+01
       838  2.597964E+01
       839  1.395711E+01
       840  2.582052E+01
       841  2.012888E+02
       842  1.126617E+02
       843  5.189562E+01
       844  1.791625E+01
       845  1.013995E+01
       846  2.012888E+02
       847  1.126617E+02
       848  5.189562E+01
       849  1.791625E+01
       850  1.013995E+01
       851  1.188137E+01
       852  2.194178E+01
       853  1.205757E+01
       854  2.211194E+01
       855  1.235582E+01
       856  2.249855E+01
       857  1.343165E+01
       858  2.278552E+01
       859  4.788860E+00
       860  8.056208E+00
       861  4.788860E+00
       862  8.056208E+00
       863  1.343165E+01
       864  2.278552E+01
       865  1.235582E+01
       866  2.249855E+01
       867  1.205757E+01
       868  2.211194E+01
       869  1.188137E+01
       870  2.194178E+01
       871  1.690926E+02
       872  9.495802E+01
       873  4.430312E+01
       874  1.605187E+01
       875  9.619021E+00
       876  1.690926E+02
       877  9.495802E+01
       878  4.430312E+01
       879  1.605187E+01
       880  9.619021E+00
       881  9.980127E+00
       882  1.838357E+01
       883  1.015338E+01
       884  1.856848E+01
       885  1.045160E+01
       886  1.897004E+01
       887  1.152923E+01
       888  1.926519E+01
       889  4.100212E+00
       890  6.777889E+00
       891  4.100212E+00
       892  6.777889E+00
       893  1.152923E+01
       894  1.926519E+01
       895  1.045160E+01
       896  1.897004E+01
       897  1.015338E+01
       898  1.856848E+01
       899  9.980127E+00
       900  1.838357E+01
       901  1.398447E+02
       902  7.886624E+01
       903  3.739953E+01
       904  1.435986E+01
       905  9.154715E+00
       906  1.398447E+02
       907  7.886624E+01
       908  3.739953E+01
       909  1.435986E+01
       910  9.154715E+00
       911  8.247529E+00
       912  1.515173E+01
       913  8.418603E+00
       914  1.535213E+01
       915  8.719226E+00
       916  1.577025E+01
       917  9.803389E+00
       918  1.607461E+01
       919  3.476768E+00
       920  5.618787E+00
       921  3.476768E+00
       922  5.618787E+00
       923  9.803389E+00
       924  1.607461E+01
       925  8.719226E+00
       926  1.577025E+01
       927  8.418603E+00
       928  1.535213E+01
       929  8.247529E+00
       930  1.515173E+01
       931  1.134953E+02
       932  6.435981E+01
       933  3.117861E+01
       934  1.284592E+01
       935  8.755386E+00
       936  1.134953E+02
       937  6.435981E+01
       938  3.117861E+01
       939  1.284592E+01
       940  8.755386E+00
       941  6.675943E+00
       942  1.226324E+01
       943  6.848174E+00
       944  1.247206E+01
       945  7.156004E+00
       946  1.290154E+01
       947  8.254350E+00
       948  1.321292E+01
       949  2.918097E+00
       950  4.578078E+00
       951  2.918097E+00
       952  4.578078E+00
       953  8.254350E+00
       954  1.321292E+01
       955  7.156004E+00
       956  1.290154E+01
       957  6.848174E+00
       958  1.247206E+01
       959  6.675943E+00
       960  1.226324E+01
       961  8.997875E+01
       962  5.140859E+01
       963  2.563846E+01
       964  1.152233E+01
       965  8.434403E+00
       966  8.997875E+01
       967  5.140859E+01
       968  2.563846E+01
       969  1.152233E+01
       970  8.434403E+00
       971  5.257002E+00
       972  9.748480E+00
       973  5.438315E+00
       974  9.943583E+00
       975  5.761458E+00
       976  1.036637E+01
       977  6.884616E+00
       978  1.067728E+01
       979  2.423175E+00
       980  3.654370E+00
       981  2.423175E+00
       982  3.654370E+00
       983  6.884616E+00
       984  1.067728E+01
       985  5.761458E+00
       986  1.036637E+01
       987  5.438315E+00
       988  9.943583E+00
       989  5.257002E+00
       990  9.748480E+00
       991  6.920959E+01
       992  3.998251E+01
       993  2.078674E+01
       994  1.040950E+01
       995  8.208011E+00
       996  6.920959E+01
       997  3.998251E+01
       998  2.078674E+01
       999  1.040950E+01
      1000  8.208011E+00
      1001  3.987515E+00
      1002  7.649997E+00
      1003  4.192401E+00
      1004  7.784779E+00
      1005  4.541585E+00
      1006  8.162508E+00
      1007  5.699693E+00
      1008  8.458172E+00
      1009  1.989627E+00
      1010  2.844444E+00
      1011  1.989627E+00
      1012  2.844444E+00
      1013  5.699693E+00
      1014  8.458172E+00
      1015  4.541585E+00
      1016  8.162508E+00
      1017  4.192401E+00
      1018  7.784779E+00
      1019  3.987515E+00
      1020  7.649997E+00
      1021  5.108046E+01
      1022  3.006382E+01
      1023  1.665173E+01
      1024  9.533561E+00
      1025  8.083354E+00
      1026  5.108046E+01
      1027  3.006382E+01
      1028  1.665173E+01
      1029  9.533561E+00
      1030  8.083354E+00
      1031  2.891873E+00
      1032  6.019903E+00
      1033  3.139670E+00
      1034  6.012691E+00
      1035  3.519893E+00
      1036  6.277017E+00
      1037  4.707877E+00
      1038  6.532704E+00
      1039  1.612424E+00
      1040  2.141142E+00
      1041  1.612424E+00
      1042  2.141142E+00
      1043  4.707877E+00
      1044  6.532704E+00
      1045  3.519893E+00
      1046  6.277017E+00
      1047  3.139670E+00
      1048  6.012691E+00
      1049  2.891873E+00
      1050  6.019903E+00
      1051  3.546738E+01
      1052  2.167287E+01
      1053  1.329563E+01
      1054  8.914972E+00
      1055  8.028527E+00
      1056  3.546738E+01
      1057  2.167287E+01
      1058  1.329563E+01
      1059  8.914972E+00
      1060  8.028527E+00
      1061  2.085370E+00
      1062  4.932684E+00
      1063  2.387759E+00
      1064  4.655952E+00
      1065  2.769549E+00
      1066  4.694252E+00
      1067  3.930136E+00
      1068  4.867853E+00
      1069  1.282799E+00
      1070  1.534039E+00
      1071  1.282799E+00
      1072  1.534039E+00
      1073  3.930136E+00
      1074  4.867853E+00
      1075  2.769549E+00
      1076  4.694252E+00
      1077  2.387759E+00
      1078  4.655952E+00
      1079  2.085370E+00
      1080  4.932684E+00
      1081  2.227629E+01
      1082  1.488365E+01
      1083  1.079386E+01
      1084  8.536093E+00
      1085  7.952205E+00
      1086  2.227629E+01
      1087  1.488365E+01
      1088  1.079386E+01
      1089  8.536093E+00
      1090  7.952205E+00
      1091  1.898083E+00
      1092  4.514650E+00
      1093  2.234078E+00
      1094  3.816116E+00
      1095  2.496495E+00
      1096  3.467722E+00
      1097  3.476126E+00
      1098  3.494802E+00
      1099  9.899942E-01
      1100  1.039866E+00
      1101  9.899942E-01
      1102  1.039866E+00
      1103  3.476126E+00
      1104  3.494802E+00
      1105  2.496495E+00
      1106  3.467722E+00
      1107  2.234078E+00
      1108  3.816116E+00
      1109  1.898083E+00
      1110  4.514650E+00
      1111  1.167504E+01
      1112  9.735055E+00
      1113  9.087641E+00
      1114  8.343675E+00
      1115  7.797458E+00
      1116  1.167504E+01
      1117  9.735055E+00
      1118  9.087641E+00
      1119  8.343675E+00
      1120  7.797458E+00
      1121  2.866575E+00
      1122  4.900404E+00
      1123  3.240256E+00
      1124  3.781379E+00
      1125  3.227595E+00
      1126  2.975719E+00
      1127  3.907917E+00
      1128  2.823936E+00
      1129  7.544814E-01
      1130  8.470001E-01
      1131  7.544814E-01
      1132  8.470001E-01
      1133  3.907917E+00
      1134  2.823936E+00
      1135  3.227595E+00
      1136  2.975719E+00
      1137  3.240256E+00
      1138  3.781379E+00
      1139  2.866575E+00
      1140  4.900404E+00
      1141  4.307060E+00
      1142  5.818800E+00
      1143  7.559502E+00
      1144  8.295544E+00
      1145  8.057286E+00
      1146  4.307060E+00
      1147  5.818800E+00
      1148  7.559502E+00
      1149  8.295544E+00
      1150  8.057286E+00
      1151  4.819766E+00
      1152  5.594527E+00
      1153  5.535851E+00
      1154  4.654369E+00
      1155  5.705116E+00
      1156  4.199274E+00
      1157  7.228356E+00
      1158  4.646636E+00
      1159  6.760588E-01
      1160  1.931800E+00
      1161  6.760588E-01
      1162  1.931800E+00
      1163  7.228356E+00
      1164  4.646636E+00
      1165  5.705116E+00
      1166  4.199274E+00
      1167  5.535851E+00
      1168  4.654369E+00
      1169  4.819766E+00
      1170  5.594527E+00
      1171  8.118730E-01
      1172  2.558938E+00
      1173  5.307289E+00
      1174  8.738258E+00
      1175  1.277835E+01
      1176  8.118730E-01
      1177  2.558938E+00
      1178  5.307289E+00
      1179  8.738258E+00
      1180  1.277835E+01
      1181  5.749982E+00
      1182  5.358439E+00
      1183  7.166745E+00
      1184  5.410549E+00
      1185  9.884740E+00
      1186  7.971108E+00
      1187  2.210345E+01
      1188  1.643056E+01
      1189  1.377908E+00
      1190  1.026810E+01
      1191  1.377908E+00
      1192  1.026810E+01
      1193  2.210345E+01
      1194  1.643056E+01
      1195  9.884740E+00
      1196  7.971108E+00
      1197  7.166745E+00
      1198  5.410549E+00
      1199  5.749982E+00
      1200  5.358439E+00
      1201  6.859084E-03
      1202  1.556566E-01
      1203  8.525127E-01
      1204  3.601924E+00
      1205  9.964026E+00
      1206  6.859084E-03
      1207  1.556566E-01
      1208  8.525127E-01
      1209  3.601924E+00
      1210  9.964026E+00
      1211  2.226666E+00
      1212  3.300602E+00
      1213  3.140857E+00
      1214  3.200183E+00
      1215  5.757264E+00
      1216  7.181252E+00
      1217  2.252687E+01
      1218  2.003810E+01
      1219  1.838834E+00
      1220  1.486130E+01
      1221  1.838834E+00
      1222  1.486130E+01
      1223  2.252687E+01
      1224  2.003810E+01
      1225  5.757264E+00
      1226  7.181252E+00
      1227  3.140857E+00
      1228  3.200183E+00
      1229  2.226666E+00
      1230  3.300602E+00

                                INCREMENT    12


 displacements (vx,vy,vz) for set TIP_TOP and time  0.1000000E+01

      1991  4.012766E-01 -1.274238E-02 -1.656203E+01
      1992  4.009730E-01 -1.251142E-02 -1.653221E+01
      1995  4.000906E-01 -1.208726E-02 -1.650284E+01
      1998  3.993567E-01 -9.777258E-03 -1.647594E+01
      2000  3.990932E-01 -3.843268E-03 -1.645910E+01
      2002  3.989878E-01  2.838154E-14 -1.645824E+01
      2004  3.990932E-01  3.843268E-03 -1.645910E+01
      2007  3.993567E-01  9.777258E-03 -1.647594E+01
      2010  4.000906E-01  1.208726E-02 -1.650284E+01
      2013  4.009730E-01  1.251142E-02 -1.653221E+01
      2016  4.012766E-01  1.274238E-02 -1.656203E+01

 forces (fx,fy,fz) for set CLAMP and time  0.1000000E+01

         1  2.387496E+04  2.205580E+04  9.850418E+03
         4  4.243010E+04 -1.226532E-09  1.963709E+04
         5  3.364689E+04  3.510204E+04  1.058264E+03
         8  5.860348E+04  1.006053E-09  2.341281E+03
         9  2.402775E+04  2.537614E+04 -8.503197E+02
        12  4.184245E+04 -3.708727E-10 -1.585575E+03
        13  1.397439E+04  1.454298E+04 -2.230836E+03
        16  2.430233E+04 -1.365743E-09 -4.354671E+03
        17  3.687177E+03  3.608733E+03 -2.444219E+03
        20  6.308269E+03  1.810245E-09 -4.802327E+03
        21 -5.160731E+03 -2.144119E+03 -6.032551E+03
        24 -5.522966E+03 -3.706446E-11 -3.038477E+03
        26  2.387496E+04 -2.205580E+04  9.850418E+03
        28  3.364689E+04 -3.510204E+04  1.058264E+03
        30  2.402775E+04 -2.537614E+04 -8.503197E+02
        32  1.397439E+04 -1.454298E+04 -2.230836E+03
        34  3.687177E+03 -3.608733E+03 -2.444219E+03
        36 -5.160731E+03  2.144119E+03 -6.032551E+03
        37 -4.882429E+03 -2.663822E+03 -5.755232E+03
        40 -5.305054E+03 -1.107850E+03 -9.492140E+03
        41 -1.313781E+04 -6.499899E+03 -2.296283E+03
        44 -1.891232E+04 -2.583182E+03 -4.371687E+03
        45 -9.581237E+03 -3.856892E+03  7.356660E+03
        48 -1.621857E+04 -1.478338E+03  1.346414E+04
        50 -4.223341E+03 -1.079886E+03 -8.614558E+03
        52 -1.807863E+04 -2.300072E+03 -4.476674E+03
        54 -1.655114E+04 -1.222746E+03  1.309452E+04
        56 -4.290839E+03 -7.913414E+02 -8.733715E+03
        58 -1.846751E+04 -1.561887E+03 -4.514291E+03
        60 -1.697160E+04 -7.826065E+02  1.333851E+04
        62 -1.295916E+04 -5.889434E+02 -2.952364E+03
        64 -1.179592E+04 -2.778669E+02  9.323546E+03
        66 -6.983816E+03 -6.157980E-10 -1.542776E+03
        68 -6.329615E+03  6.778777E-10  5.028133E+03
        70 -1.295916E+04  5.889434E+02 -2.952364E+03
        72 -1.179592E+04  2.778669E+02  9.323546E+03
        74 -4.290839E+03  7.913414E+02 -8.733715E+03
        76 -1.846751E+04  1.561887E+03 -4.514291E+03
        78 -1.697160E+04  7.826065E+02  1.333851E+04
        80 -4.223341E+03  1.079886E+03 -8.614558E+03
        82 -1.807863E+04  2.300072E+03 -4.476674E+03
        84 -1.655114E+04  1.222746E+03  1.309452E+04
        86 -5.305054E+03  1.107850E+03 -9.492140E+03
        88 -1.891232E+04  2.583182E+03 -4.371687E+03
        90 -1.621857E+04  1.478338E+03  1.346414E+04
        92 -4.882429E+03  2.663822E+03 -5.755232E+03
        94 -1.313781E+04  6.499899E+03 -2.296283E+03
        96 -9.581237E+03  3.856892E+03  7.356660E+03

 internal energy (element, energy) for set EALL and time  0.1000000E+01

         1  1.840324E+03
         2  9.206890E+02
         3  3.931326E+02
         4  9.166688E+01
         5  1.897976E+01
         6  1.840324E+03
         7  9.206890E+02
         8  3.931326E+02
         9  9.166688E+01
        10  1.897976E+01
        11  1.101768E+02
        12  2.074754E+02
        13  8.490764E+01
        14  1.782606E+02
        15  8.172402E+01
        16  1.780879E+02
        17  8.613481E+01
        18  1.845844E+02
        19  3.268641E+01
        20  6.892858E+01
        21  3.268641E+01
        22  6.892858E+01
        23  8.613481E+01
        24  1.845844E+02
        25  8.172402E+01
        26  1.780879E+02
        27  8.490764E+01
        28  1.782606E+02
        29  1.101768E+02
        30  2.074754E+02
        31  2.251883E+03
        32  1.271227E+03
        33  4.940857E+02
        34  1.186958E+02
        35  3.085698E+01
        36  2.251883E+03
        37  1.271227E+03
        38  4.940857E+02
        39  1.186958E+02
        40  3.085698E+01
        41  9.368440E+01
        42  1.997826E+02
        43  1.022034E+02
        44  2.112170E+02
        45  1.023899E+02
        46  2.116212E+02
        47  1.096516E+02
        48  2.202842E+02
        49  4.190176E+01
        50  8.221839E+01
        51  4.190176E+01
        52  8.221839E+01
        53  1.096516E+02
        54  2.202842E+02
        55  1.023899E+02
        56  2.116212E+02
        57  1.022034E+02
        58  2.112170E+02
        59  9.368440E+01
        60  1.997826E+02
        61  2.198280E+03
        62  1.270493E+03
        63  5.520117E+02
        64  1.417761E+02
        65  4.315017E+01
        66  2.198280E+03
        67  1.270493E+03
        68  5.520117E+02
        69  1.417761E+02
        70  4.315017E+01
        71  9.979888E+01
        72  2.079393E+02
        73  1.115832E+02
        74  2.243251E+02
        75  1.184609E+02
        76  2.343231E+02
        77  1.250684E+02
        78  2.424545E+02
        79  4.633749E+01
        80  8.937938E+01
        81  4.633749E+01
        82  8.937938E+01
        83  1.250684E+02
        84  2.424545E+02
        85  1.184609E+02
        86  2.343231E+02
        87  1.115832E+02
        88  2.243251E+02
        89  9.979888E+01
        90  2.079393E+02
        91  2.325376E+03
        92  1.338618E+03
        93  5.997007E+02
        94  1.627728E+02
        95  5.435321E+01
        96  2.325376E+03
        97  1.338618E+03
        98  5.997007E+02
        99  1.627728E+02
       100  5.435321E+01
       101  1.262778E+02
       102  2.326012E+02
       103  1.333636E+02
       104  2.430521E+02
       105  1.396070E+02
       106  2.522606E+02
       107  1.438846E+02
       108  2.570861E+02
       109  5.199514E+01
       110  9.330680E+01
       111  5.199514E+01
       112  9.330680E+01
       113  1.438846E+02
       114  2.570861E+02
       115  1.396070E+02
       116  2.522606E+02
       117  1.333636E+02
       118  2.430521E+02
       119  1.262778E+02
       120  2.326012E+02
       121  2.145352E+03
       122  1.206862E+03
       123  5.346988E+02
       124  1.432422E+02
       125  4.662775E+01
       126  2.145352E+03
       127  1.206862E+03
       128  5.346988E+02
       129  1.432422E+02
       130  4.662775E+01
       131  1.224425E+02
       132  2.287214E+02
       133  1.247485E+02
       134  2.321917E+02
       135  1.272389E+02
       136  2.357907E+02
       137  1.296489E+02
       138  2.372451E+02
       139  4.692337E+01
       140  8.578482E+01
       141  4.692337E+01
       142  8.578482E+01
       143  1.296489E+02
       144  2.372451E+02
       145  1.272389E+02
       146  2.357907E+02
       147  1.247485E+02
       148  2.321917E+02
       149  1.224425E+02
       150  2.287214E+02
       151  2.005088E+03
       152  1.113702E+03
       153  4.859428E+02
       154  1.284626E+02
       155  4.197891E+01
       156  2.005088E+03
       157  1.113702E+03
       158  4.859428E+02
       159  1.284626E+02
       160  4.197891E+01
       161  1.164632E+02
       162  2.184464E+02
       163  1.168076E+02
       164  2.183874E+02
       165  1.175475E+02
       166  2.186735E+02
       167  1.190740E+02
       168  2.183675E+02
       169  4.313405E+01
       170  7.883183E+01
       171  4.313405E+01
       172  7.883183E+01
       173  1.190740E+02
       174  2.183675E+02
       175  1.175475E+02
       176  2.186735E+02
       177  1.168076E+02
       178  2.183874E+02
       179  1.164632E+02
       180  2.184464E+02
       181  1.859752E+03
       182  1.028401E+03
       183  4.475834E+02
       184  1.177131E+02
       185  3.893444E+01
       186  1.859752E+03
       187  1.028401E+03
       188  4.475834E+02
       189  1.177131E+02
       190  3.893444E+01
       191  1.093856E+02
       192  2.047118E+02
       193  1.093266E+02
       194  2.038220E+02
       195  1.095144E+02
       196  2.031921E+02
       197  1.106393E+02
       198  2.025657E+02
       199  4.003410E+01
       200  7.312728E+01
       201  4.003410E+01
       202  7.312728E+01
       203  1.106393E+02
       204  2.025657E+02
       205  1.095144E+02
       206  2.031921E+02
       207  1.093266E+02
       208  2.038220E+02
       209  1.093856E+02
       210  2.047118E+02
       211  1.708027E+03
       212  9.495640E+02
       213  4.142142E+02
       214  1.088385E+02
       215  3.639587E+01
       216  1.708027E+03
       217  9.495640E+02
       218  4.142142E+02
       219  1.088385E+02
       220  3.639587E+01
       221  1.022962E+02
       222  1.905235E+02
       223  1.022582E+02
       224  1.898114E+02
       225  1.023434E+02
       226  1.892739E+02
       227  1.033190E+02
       228  1.887414E+02
       229  3.735339E+01
       230  6.814189E+01
       231  3.735339E+01
       232  6.814189E+01
       233  1.033190E+02
       234  1.887414E+02
       235  1.023434E+02
       236  1.892739E+02
       237  1.022582E+02
       238  1.898114E+02
       239  1.022962E+02
       240  1.905235E+02
       241  1.593947E+03
       242  8.822626E+02
       243  3.842114E+02
       244  1.008277E+02
       245  3.408829E+01
       246  1.593947E+03
       247  8.822626E+02
       248  3.842114E+02
       249  1.008277E+02
       250  3.408829E+01
       251  9.550821E+01
       252  1.771216E+02
       253  9.554774E+01
       254  1.767431E+02
       255  9.566958E+01
       256  1.765107E+02
       257  9.662367E+01
       258  1.762071E+02
       259  3.491845E+01
       260  6.364049E+01
       261  3.491845E+01
       262  6.364049E+01
       263  9.662367E+01
       264  1.762071E+02
       265  9.566958E+01
       266  1.765107E+02
       267  9.554774E+01
       268  1.767431E+02
       269  9.550821E+01
       270  1.771216E+02
       271  1.494539E+03
       272  8.237582E+02
       273  3.575206E+02
       274  9.372546E+01
       275  3.205400E+01
       276  1.494539E+03
       277  8.237582E+02
       278  3.575206E+02
       279  9.372546E+01
       280  3.205400E+01
       281  8.907241E+01
       282  1.647390E+02
       283  8.917280E+01
       284  1.646201E+02
       285  8.936030E+01
       286  1.646746E+02
       287  9.037241E+01
       288  1.646385E+02
       289  3.266927E+01
       290  5.949847E+01
       291  3.266927E+01
       292  5.949847E+01
       293  9.037241E+01
       294  1.646385E+02
       295  8.936030E+01
       296  1.646746E+02
       297  8.917280E+01
       298  1.646201E+02
       299  8.907241E+01
       300  1.647390E+02
       301  1.395323E+03
       302  7.688322E+02
       303  3.333837E+02
       304  8.751151E+01
       305  3.027638E+01
       306  1.395323E+03
       307  7.688322E+02
       308  3.333837E+02
       309  8.751151E+01
       310  3.027638E+01
       311  8.296116E+01
       312  1.532497E+02
       313  8.310160E+01
       314  1.532927E+02
       315  8.334727E+01
       316  1.535449E+02
       317  8.443158E+01
       318  1.537080E+02
       319  3.053630E+01
       320  5.557166E+01
       321  3.053630E+01
       322  5.557166E+01
       323  8.443158E+01
       324  1.537080E+02
       325  8.334727E+01
       326  1.535449E+02
       327  8.310160E+01
       328  1.532927E+02
       329  8.296116E+01
       330  1.532497E+02
       331  1.299003E+03
       332  7.159431E+02
       333  3.106304E+02
       334  8.183452E+01
       335  2.864844E+01
       336  1.299003E+03
       337  7.159431E+02
       338  3.106304E+02
       339  8.183452E+01
       340  2.864844E+01
       341  7.714172E+01
       342  1.424689E+02
       343  7.730549E+01
       344  1.425921E+02
       345  7.758920E+01
       346  1.429446E+02
       347  7.871987E+01
       348  1.432060E+02
       349  2.847721E+01
       350  5.177715E+01
       351  2.847721E+01
       352  5.177715E+01
       353  7.871987E+01
       354  1.432060E+02
       355  7.758920E+01
       356  1.429446E+02
       357  7.730549E+01
       358  1.425921E+02
       359  7.714172E+01
       360  1.424689E+02
       361  1.206420E+03
       362  6.650933E+02
       363  2.888289E+02
       364  7.644982E+01
       365  2.710099E+01
       366  1.206420E+03
       367  6.650933E+02
       368  2.888289E+02
       369  7.644982E+01
       370  2.710099E+01
       371  7.158772E+01
       372  1.322485E+02
       373  7.176275E+01
       374  1.323985E+02
       375  7.206577E+01
       376  1.327855E+02
       377  7.321640E+01
       378  1.330786E+02
       379  2.648537E+01
       380  4.810455E+01
       381  2.648537E+01
       382  4.810455E+01
       383  7.321640E+01
       384  1.330786E+02
       385  7.206577E+01
       386  1.327855E+02
       387  7.176275E+01
       388  1.323985E+02
       389  7.158772E+01
       390  1.322485E+02
       391  1.117637E+03
       392  6.163134E+02
       393  2.679188E+02
       394  7.129284E+01
       395  2.561653E+01
       396  1.117637E+03
       397  6.163134E+02
       398  2.679188E+02
       399  7.129284E+01
       400  2.561653E+01
       401  6.628003E+01
       402  1.224969E+02
       403  6.645956E+01
       404  1.226494E+02
       405  6.677054E+01
       406  1.230410E+02
       407  6.792726E+01
       408  1.233387E+02
       409  2.456739E+01
       410  4.456753E+01
       411  2.456739E+01
       412  4.456753E+01
       413  6.792726E+01
       414  1.233387E+02
       415  6.677054E+01
       416  1.230410E+02
       417  6.645956E+01
       418  1.226494E+02
       419  6.628003E+01
       420  1.224969E+02
       421  1.032620E+03
       422  5.695924E+02
       423  2.478896E+02
       424  6.635511E+01
       425  2.419542E+01
       426  1.032620E+03
       427  5.695924E+02
       428  2.478896E+02
       429  6.635511E+01
       430  2.419542E+01
       431  6.120644E+01
       432  1.131689E+02
       433  6.138788E+01
       434  1.133177E+02
       435  6.170184E+01
       436  1.137058E+02
       437  6.285941E+01
       438  1.140012E+02
       439  2.272831E+01
       440  4.117555E+01
       441  2.272831E+01
       442  4.117555E+01
       443  6.285941E+01
       444  1.140012E+02
       445  6.170184E+01
       446  1.137058E+02
       447  6.138788E+01
       448  1.133177E+02
       449  6.120644E+01
       450  1.131689E+02
       451  9.513127E+02
       452  5.249086E+02
       453  2.287339E+02
       454  6.163498E+01
       455  2.283893E+01
       456  9.513127E+02
       457  5.249086E+02
       458  2.287339E+02
       459  6.163498E+01
       460  2.283893E+01
       461  5.635982E+01
       462  1.042466E+02
       463  5.654264E+01
       464  1.043926E+02
       465  5.685790E+01
       466  1.047772E+02
       467  5.801465E+01
       468  1.050701E+02
       469  2.096969E+01
       470  3.793116E+01
       471  2.096969E+01
       472  3.793116E+01
       473  5.801465E+01
       474  1.050701E+02
       475  5.685790E+01
       476  1.047772E+02
       477  5.654264E+01
       478  1.043926E+02
       479  5.635982E+01
       480  1.042466E+02
       481  8.736669E+02
       482  4.822376E+02
       483  2.104426E+02
       484  5.713038E+01
       485  2.154690E+01
       486  8.736669E+02
       487  4.822376E+02
       488  2.104426E+02
       489  5.713038E+01
       490  2.154690E+01
       491  5.173570E+01
       492  9.572333E+01
       493  5.191990E+01
       494  9.586865E+01
       495  5.223599E+01
       496  9.625149E+01
       497  5.339141E+01
       498  9.654302E+01
       499  1.929127E+01
       500  3.483366E+01
       501  1.929127E+01
       502  3.483366E+01
       503  5.339141E+01
       504  9.654302E+01
       505  5.223599E+01
       506  9.625149E+01
       507  5.191990E+01
       508  9.586865E+01
       509  5.173570E+01
       510  9.572333E+01
       511  7.996362E+02
       512  4.415544E+02
       513  1.930051E+02
       514  5.283849E+01
       515  2.031834E+01
       516  7.996362E+02
       517  4.415544E+02
       518  1.930051E+02
       519  5.283849E+01
       520  2.031834E+01
       521  4.733062E+01
       522  8.759592E+01
       523  4.751619E+01
       524  8.774190E+01
       525  4.783294E+01
       526  8.812431E+01
       527  4.898681E+01
       528  8.841528E+01
       529  1.769212E+01
       530  3.188136E+01
       531  1.769212E+01
       532  3.188136E+01
       533  4.898681E+01
       534  8.841528E+01
       535  4.783294E+01
       536  8.812431E+01
       537  4.751619E+01
       538  8.774190E+01
       539  4.733062E+01
       540  8.759592E+01
       541  7.291755E+02
       542  4.028341E+02
       543  1.764105E+02
       544  4.875633E+01
       545  1.915205E+01
       546  7.291755E+02
       547  4.028341E+02
       548  1.764105E+02
       549  4.875633E+01
       550  1.915205E+01
       551  4.314142E+01
       552  7.986122E+01
       553  4.332826E+01
       554  8.000845E+01
       555  4.364555E+01
       556  8.039108E+01
       557  4.479776E+01
       558  8.068193E+01
       559  1.617117E+01
       560  2.907239E+01
       561  1.617117E+01
       562  2.907239E+01
       563  4.479776E+01
       564  8.068193E+01
       565  4.364555E+01
       566  8.039108E+01
       567  4.332826E+01
       568  8.000845E+01
       569  4.314142E+01
       570  7.986122E+01
       571  6.622410E+02
       572  3.660527E+02
       573  1.606482E+02
       574  4.488098E+01
       575  1.804682E+01
       576  6.622410E+02
       577  3.660527E+02
       578  1.606482E+02
       579  4.488098E+01
       580  1.804682E+01
       581  3.916506E+01
       582  7.251553E+01
       583  3.935302E+01
       584  7.266411E+01
       585  3.967073E+01
       586  7.304711E+01
       587  4.082118E+01
       588  7.333796E+01
       589  1.472734E+01
       590  2.640488E+01
       591  1.472734E+01
       592  2.640488E+01
       593  4.082118E+01
       594  7.333796E+01
       595  3.967073E+01
       596  7.304711E+01
       597  3.935302E+01
       598  7.266411E+01
       599  3.916506E+01
       600  7.251553E+01
       601  5.987899E+02
       602  3.311863E+02
       603  1.457080E+02
       604  4.120962E+01
       605  1.700150E+01
       606  5.987899E+02
       607  3.311863E+02
       608  1.457080E+02
       609  4.120962E+01
       610  1.700150E+01
       611  3.539859E+01
       612  6.555459E+01
       613  3.558752E+01
       614  6.570437E+01
       615  3.590554E+01
       616  6.608764E+01
       617  3.705414E+01
       618  6.637841E+01
       619  1.335958E+01
       620  2.387702E+01
       621  1.335958E+01
       622  2.387702E+01
       623  3.705414E+01
       624  6.637841E+01
       625  3.590554E+01
       626  6.608764E+01
       627  3.558752E+01
       628  6.570437E+01
       629  3.539859E+01
       630  6.555459E+01
       631  5.387802E+02
       632  2.982118E+02
       633  1.315797E+02
       634  3.773946E+01
       635  1.601499E+01
       636  5.387802E+02
       637  2.982118E+02
       638  1.315797E+02
       639  3.773946E+01
       640  1.601499E+01
       641  3.183916E+01
       642  5.897375E+01
       643  3.202892E+01
       644  5.912449E+01
       645  3.234712E+01
       646  5.950782E+01
       647  3.349377E+01
       648  5.979838E+01
       649  1.206683E+01
       650  2.148701E+01
       651  1.206683E+01
       652  2.148701E+01
       653  3.349377E+01
       654  5.979838E+01
       655  3.234712E+01
       656  5.950782E+01
       657  3.202892E+01
       658  5.912449E+01
       659  3.183916E+01
       660  5.897375E+01
       661  4.821705E+02
       662  2.671066E+02
       663  1.182534E+02
       664  3.446777E+01
       665  1.508617E+01
       666  4.821705E+02
       667  2.671066E+02
       668  1.182534E+02
       669  3.446777E+01
       670  1.508617E+01
       671  2.848403E+01
       672  5.276805E+01
       673  2.867447E+01
       674  5.291955E+01
       675  2.899271E+01
       676  5.330276E+01
       677  3.013728E+01
       678  5.359299E+01
       679  1.084810E+01
       680  1.923310E+01
       681  1.084810E+01
       682  1.923310E+01
       683  3.013728E+01
       684  5.359299E+01
       685  2.899271E+01
       686  5.330276E+01
       687  2.867447E+01
       688  5.291955E+01
       689  2.848403E+01
       690  5.276805E+01
       691  4.289205E+02
       692  2.378483E+02
       693  1.057192E+02
       694  3.139178E+01
       695  1.421394E+01
       696  4.289205E+02
       697  2.378483E+02
       698  1.057192E+02
       699  3.139178E+01
       700  1.421394E+01
       701  2.533058E+01
       702  4.693219E+01
       703  2.552149E+01
       704  4.708444E+01
       705  2.583959E+01
       706  4.746753E+01
       707  2.698191E+01
       708  4.775742E+01
       709  9.702371E+00
       710  1.711353E+01
       711  9.702371E+00
       712  1.711353E+01
       713  2.698191E+01
       714  4.775742E+01
       715  2.583959E+01
       716  4.746753E+01
       717  2.552149E+01
       718  4.708444E+01
       719  2.533058E+01
       720  4.693219E+01
       721  3.789910E+02
       722  2.104150E+02
       723  9.396757E+01
       724  2.850867E+01
       725  1.339718E+01
       726  3.789910E+02
       727  2.104150E+02
       728  9.396757E+01
       729  2.850867E+01
       730  1.339718E+01
       731  2.237631E+01
       732  4.146041E+01
       733  2.256738E+01
       734  4.161379E+01
       735  2.288508E+01
       736  4.199718E+01
       737  2.402497E+01
       738  4.228694E+01
       739  8.628690E+00
       740  1.512664E+01
       741  8.628690E+00
       742  1.512664E+01
       743  2.402497E+01
       744  4.228694E+01
       745  2.288508E+01
       746  4.199718E+01
       747  2.256738E+01
       748  4.161379E+01
       749  2.237631E+01
       750  4.146041E+01
       751  3.323440E+02
       752  1.847855E+02
       753  8.298861E+01
       754  2.581548E+01
       755  1.263480E+01
       756  3.323440E+02
       757  1.847855E+02
       758  8.298861E+01
       759  2.581548E+01
       760  1.263480E+01
       761  1.961879E+01
       762  3.634637E+01
       763  1.980954E+01
       764  3.650195E+01
       765  2.012654E+01
       766  3.688674E+01
       767  2.126383E+01
       768  3.717701E+01
       769  7.626156E+00
       770  1.327079E+01
       771  7.626156E+00
       772  1.327079E+01
       773  2.126383E+01
       774  3.717701E+01
       775  2.012654E+01
       776  3.688674E+01
       777  1.980954E+01
       778  3.650195E+01
       779  1.961879E+01
       780  3.634637E+01
       781  2.889435E+02
       782  1.609390E+02
       783  7.277256E+01
       784  2.330920E+01
       785  1.192585E+01
       786  2.889435E+02
       787  1.609390E+02
       788  7.277256E+01
       789  2.330920E+01
       790  1.192585E+01
       791  1.705552E+01
       792  3.158323E+01
       793  1.724530E+01
       794  3.174307E+01
       795  1.756127E+01
       796  3.213140E+01
       797  1.869596E+01
       798  3.242339E+01
       799  6.693967E+00
       800  1.154449E+01
       801  6.693967E+00
       802  1.154449E+01
       803  1.869596E+01
       804  3.242339E+01
       805  1.756127E+01
       806  3.213140E+01
       807  1.724530E+01
       808  3.174307E+01
       809  1.705552E+01
       810  3.158323E+01
       811  2.487549E+02
       812  1.388548E+02
       813  6.330951E+01
       814  2.098682E+01
       815  1.126975E+01
       816  2.487549E+02
       817  1.388548E+02
       818  6.330951E+01
       819  2.098682E+01
       820  1.126975E+01
       821  1.468375E+01
       822  2.716419E+01
       823  1.487171E+01
       824  2.733151E+01
       825  1.518646E+01
       826  2.772677E+01
       827  1.631899E+01
       828  2.802243E+01
       829  5.831459E+00
       830  9.946423E+00
       831  5.831459E+00
       832  9.946423E+00
       833  1.631899E+01
       834  2.802243E+01
       835  1.518646E+01
       836  2.772677E+01
       837  1.487171E+01
       838  2.733151E+01
       839  1.468375E+01
       840  2.716419E+01
       841  2.117443E+02
       842  1.185123E+02
       843  5.458954E+01
       844  1.884575E+01
       845  1.066678E+01
       846  2.117443E+02
       847  1.185123E+02
       848  5.458954E+01
       849  1.884575E+01
       850  1.066678E+01
       851  1.250008E+01
       852  2.308383E+01
       853  1.268537E+01
       854  2.326278E+01
       855  1.299907E+01
       856  2.366942E+01
       857  1.413074E+01
       858  2.397125E+01
       859  5.038144E+00
       860  8.475462E+00
       861  5.038144E+00
       862  8.475462E+00
       863  1.413074E+01
       864  2.397125E+01
       865  1.299907E+01
       866  2.366942E+01
       867  1.268537E+01
       868  2.326278E+01
       869  1.250008E+01
       870  2.308383E+01
       871  1.778762E+02
       872  9.988947E+01
       873  4.660296E+01
       874  1.688468E+01
       875  1.011879E+01
       876  1.778762E+02
       877  9.988947E+01
       878  4.660296E+01
       879  1.688468E+01
       880  1.011879E+01
       881  1.049996E+01
       882  1.934064E+01
       883  1.068216E+01
       884  1.953511E+01
       885  1.099584E+01
       886  1.995749E+01
       887  1.212940E+01
       888  2.026793E+01
       889  4.313687E+00
       890  7.130695E+00
       891  4.313687E+00
       892  7.130695E+00
       893  1.212940E+01
       894  2.026793E+01
       895  1.099584E+01
       896  1.995749E+01
       897  1.068216E+01
       898  1.953511E+01
       899  1.049996E+01
       900  1.934064E+01
       901  1.471095E+02
       902  8.296219E+01
       903  3.934106E+01
       904  1.510491E+01
       905  9.630350E+00
       906  1.471095E+02
       907  8.296219E+01
       908  3.934106E+01
       909  1.510491E+01
       910  9.630350E+00
       911  8.677247E+00
       912  1.594076E+01
       913  8.857162E+00
       914  1.615154E+01
       915  9.173370E+00
       916  1.659134E+01
       917  1.031381E+01
       918  1.691147E+01
       919  3.657819E+00
       920  5.911331E+00
       921  3.657819E+00
       922  5.911331E+00
       923  1.031381E+01
       924  1.691147E+01
       925  9.173370E+00
       926  1.659134E+01
       927  8.857162E+00
       928  1.615154E+01
       929  8.677247E+00
       930  1.594076E+01
       931  1.193917E+02
       932  6.770255E+01
       933  3.279723E+01
       934  1.351244E+01
       935  9.210262E+00
       936  1.193917E+02
       937  6.770255E+01
       938  3.279723E+01
       939  1.351244E+01
       940  9.210262E+00
       941  7.023907E+00
       942  1.290205E+01
       943  7.205047E+00
       944  1.312170E+01
       945  7.528838E+00
       946  1.357346E+01
       947  8.684195E+00
       948  1.390098E+01
       949  3.070089E+00
       950  4.816506E+00
       951  3.070089E+00
       952  4.816506E+00
       953  8.684195E+00
       954  1.390098E+01
       955  7.528838E+00
       956  1.357346E+01
       957  7.205047E+00
       958  1.312170E+01
       959  7.023907E+00
       960  1.290205E+01
       961  9.465380E+01
       962  5.407883E+01
       963  2.696950E+01
       964  1.212020E+01
       965  8.872588E+00
       966  9.465380E+01
       967  5.407883E+01
       968  2.696950E+01
       969  1.212020E+01
       970  8.872588E+00
       971  5.531135E+00
       972  1.025649E+01
       973  5.721835E+00
       974  1.046171E+01
       975  6.061738E+00
       976  1.090643E+01
       977  7.243197E+00
       978  1.123346E+01
       979  2.549417E+00
       980  3.844758E+00
       981  2.549417E+00
       982  3.844758E+00
       983  7.243197E+00
       984  1.123346E+01
       985  6.061738E+00
       986  1.090643E+01
       987  5.721835E+00
       988  1.046171E+01
       989  5.531135E+00
       990  1.025649E+01
       991  7.280593E+01
       992  4.205942E+01
       993  2.186592E+01
       994  1.094966E+01
       995  8.634414E+00
       996  7.280593E+01
       997  4.205942E+01
       998  2.186592E+01
       999  1.094966E+01
      1000  8.634414E+00
      1001  4.195569E+00
      1002  8.048817E+00
      1003  4.411073E+00
      1004  8.190592E+00
      1005  4.778378E+00
      1006  8.587923E+00
      1007  5.996606E+00
      1008  8.898917E+00
      1009  2.093306E+00
      1010  2.992698E+00
      1011  2.093306E+00
      1012  2.992698E+00
      1013  5.996606E+00
      1014  8.898917E+00
      1015  4.778378E+00
      1016  8.587923E+00
      1017  4.411073E+00
      1018  8.190592E+00
      1019  4.195569E+00
      1020  8.048817E+00
      1021  5.373514E+01
      1022  3.162563E+01
      1023  1.751626E+01
      1024  1.002830E+01
      1025  8.503261E+00
      1026  5.373514E+01
      1027  3.162563E+01
      1028  1.751626E+01
      1029  1.002830E+01
      1030  8.503261E+00
      1031  3.042856E+00
      1032  6.333879E+00
      1033  3.303512E+00
      1034  6.326284E+00
      1035  3.703483E+00
      1036  6.604322E+00
      1037  4.953152E+00
      1038  6.873263E+00
      1039  1.696467E+00
      1040  2.252803E+00
      1041  1.696467E+00
      1042  2.252803E+00
      1043  4.953152E+00
      1044  6.873263E+00
      1045  3.703483E+00
      1046  6.604322E+00
      1047  3.303512E+00
      1048  6.326284E+00
      1049  3.042856E+00
      1050  6.333879E+00
      1051  3.731101E+01
      1052  2.279890E+01
      1053  1.398593E+01
      1054  9.377651E+00
      1055  8.445566E+00
      1056  3.731101E+01
      1057  2.279890E+01
      1058  1.398593E+01
      1059  9.377651E+00
      1060  8.445566E+00
      1061  2.194269E+00
      1062  5.190053E+00
      1063  2.512370E+00
      1064  4.898917E+00
      1065  2.914014E+00
      1066  4.939176E+00
      1067  4.134890E+00
      1068  5.121764E+00
      1069  1.349676E+00
      1070  1.614104E+00
      1071  1.349676E+00
      1072  1.614104E+00
      1073  4.134890E+00
      1074  5.121764E+00
      1075  2.914014E+00
      1076  4.939176E+00
      1077  2.512370E+00
      1078  4.898917E+00
      1079  2.194269E+00
      1080  5.190053E+00
      1081  2.343456E+01
      1082  1.565704E+01
      1083  1.135432E+01
      1084  8.979174E+00
      1085  8.365255E+00
      1086  2.343456E+01
      1087  1.565704E+01
      1088  1.135432E+01
      1089  8.979174E+00
      1090  8.365255E+00
      1091  1.997037E+00
      1092  4.750245E+00
      1093  2.350508E+00
      1094  4.015342E+00
      1095  2.626609E+00
      1096  3.648781E+00
      1097  3.657161E+00
      1098  3.677219E+00
      1099  1.041615E+00
      1100  1.094197E+00
      1101  1.041615E+00
      1102  1.094197E+00
      1103  3.657161E+00
      1104  3.677219E+00
      1105  2.626609E+00
      1106  3.648781E+00
      1107  2.350508E+00
      1108  4.015342E+00
      1109  1.997037E+00
      1110  4.750245E+00
      1111  1.228234E+01
      1112  1.024103E+01
      1113  9.559630E+00
      1114  8.776856E+00
      1115  8.202431E+00
      1116  1.228234E+01
      1117  1.024103E+01
      1118  9.559630E+00
      1119  8.776856E+00
      1120  8.202431E+00
      1121  3.015666E+00
      1122  5.156099E+00
      1123  3.408787E+00
      1124  3.978779E+00
      1125  3.395528E+00
      1126  3.131105E+00
      1127  4.111205E+00
      1128  2.971321E+00
      1129  7.938185E-01
      1130  8.912307E-01
      1131  7.938185E-01
      1132  8.912307E-01
      1133  4.111205E+00
      1134  2.971321E+00
      1135  3.395528E+00
      1136  3.131105E+00
      1137  3.408787E+00
      1138  3.978779E+00
      1139  3.015666E+00
      1140  5.156099E+00
      1141  4.531225E+00
      1142  6.121377E+00
      1143  7.952349E+00
      1144  8.726354E+00
      1145  8.475639E+00
      1146  4.531225E+00
      1147  6.121377E+00
      1148  7.952349E+00
      1149  8.726354E+00
      1150  8.475639E+00
      1151  5.070270E+00
      1152  5.886447E+00
      1153  5.823611E+00
      1154  4.897254E+00
      1155  6.001713E+00
      1156  4.418250E+00
      1157  7.603979E+00
      1158  4.888566E+00
      1159  7.112728E-01
      1160  2.032292E+00
      1161  7.112728E-01
      1162  2.032292E+00
      1163  7.603979E+00
      1164  4.888566E+00
      1165  6.001713E+00
      1166  4.418250E+00
      1167  5.823611E+00
      1168  4.897254E+00
      1169  5.070270E+00
      1170  5.886447E+00
      1171  8.541628E-01
      1172  2.692135E+00
      1173  5.583393E+00
      1174  9.192486E+00
      1175  1.344196E+01
      1176  8.541628E-01
      1177  2.692135E+00
      1178  5.583393E+00
      1179  9.192486E+00
      1180  1.344196E+01
      1181  6.048902E+00
      1182  5.638020E+00
      1183  7.539410E+00
      1184  5.692740E+00
      1185  1.039877E+01
      1186  8.386067E+00
      1187  2.325226E+01
      1188  1.728490E+01
      1189  1.449579E+00
      1190  1.080169E+01
      1191  1.449579E+00
      1192  1.080169E+01
      1193  2.325226E+01
      1194  1.728490E+01
      1195  1.039877E+01
      1196  8.386067E+00
      1197  7.539410E+00
      1198  5.692740E+00
      1199  6.048902E+00
      1200  5.638020E+00
      1201  7.216669E-03
      1202  1.637708E-01
      1203  8.969332E-01
      1204  3.789513E+00
      1205  1.048267E+01
      1206  7.216669E-03
      1207  1.637708E-01
      1208  8.969332E-01
      1209  3.789513E+00
      1210  1.048267E+01
      1211  2.342645E+00
      1212  3.473014E+00
      1213  3.304311E+00
      1214  3.366954E+00
      1215  6.056693E+00
      1216  7.554853E+00
      1217  2.369813E+01
      1218  2.107994E+01
      1219  1.934492E+00
      1220  1.563408E+01
      1221  1.934492E+00
      1222  1.563408E+01
      1223  2.369813E+01
      1224  2.107994E+01
      1225  6.056693E+00
      1226  7.554853E+00
      1227  3.304311E+00
      1228  3.366954E+00
      1229  2.342645E+00
      1230  3.473014E+00

                        S T E P       2


                                INCREMENT     1


 displacements (vx,vy,vz) for set TIP_TOP and time  0.1050000E+01

      1991  3.768942E-01 -1.179032E-02 -1.534123E+01
      1992  3.765891E-01 -1.157525E-02 -1.531364E+01
      1995  3.757480E-01 -1.118165E-02 -1.528648E+01
      1998  3.750464E-01 -9.043931E-03 -1.526160E+01
      2000  3.747879E-01 -3.554823E-03 -1.524602E+01
      2002  3.746891E-01  1.181918E-14 -1.524523E+01
      2004  3.747879E-01  3.554823E-03 -1.524602E+01
      2007  3.750464E-01  9.043931E-03 -1.526160E+01
      2010  3.757480E-01  1.118165E-02 -1.528648E+01
      2013  3.765891E-01  1.157525E-02 -1.531364E+01
      2016  3.768942E-01  1.179032E-02 -1.534123E+01

 forces (fx,fy,fz) for set CLAMP and time  0.1050000E+01

         1  2.197592E+04  2.027929E+04  9.095048E+03
         4  3.900170E+04  6.019345E-10  1.812891E+04
         5  3.112838E+04  3.239024E+04  1.056535E+03
         8  5.417243E+04  1.583076E-09  2.330262E+03
         9  2.233741E+04  2.359033E+04 -7.715471E+02
        12  3.889317E+04  9.812397E-10 -1.435092E+03
        13  1.302330E+04  1.355216E+04 -2.085233E+03
        16  2.264876E+04 -3.918233E-09 -4.071233E+03
        17  3.459946E+03  3.386179E+03 -2.282581E+03
        20  5.919928E+03 -3.172056E-09 -4.484774E+03
        21 -4.771323E+03 -1.975869E+03 -5.601097E+03
        24 -5.094962E+03  2.409667E-10 -2.836069E+03
        26  2.197592E+04 -2.027929E+04  9.095048E+03
        28  3.112838E+04 -3.239024E+04  1.056535E+03
        30  2.233741E+04 -2.359033E+04 -7.715471E+02
        32  1.302330E+04 -1.355216E+04 -2.085233E+03
        34  3.459946E+03 -3.386179E+03 -2.282581E+03
        36 -4.771323E+03  1.975869E+03 -5.601097E+03
        37 -4.518793E+03 -2.466653E+03 -5.329857E+03
        40 -4.905348E+03 -1.026967E+03 -8.789792E+03
        41 -1.217089E+04 -6.021548E+03 -2.132560E+03
        44 -1.751947E+04 -2.394347E+03 -4.059994E+03
        45 -8.880416E+03 -3.574176E+03  6.815991E+03
        48 -1.503339E+04 -1.370162E+03  1.247522E+04
        50 -3.906393E+03 -1.002029E+03 -7.978715E+03
        52 -1.674838E+04 -2.132460E+03 -4.157454E+03
        54 -1.533978E+04 -1.132843E+03  1.213271E+04
        56 -3.975789E+03 -7.340060E+02 -8.092691E+03
        58 -1.710948E+04 -1.447160E+03 -4.194061E+03
        60 -1.572341E+04 -7.242162E+02  1.235670E+04
        62 -1.200407E+04 -5.448024E+02 -2.746981E+03
        64 -1.092377E+04 -2.567873E+02  8.634997E+03
        66 -6.468695E+03  3.780169E-10 -1.436865E+03
        68 -5.860810E+03  1.220776E-10  4.656274E+03
        70 -1.200407E+04  5.448024E+02 -2.746981E+03
        72 -1.092377E+04  2.567873E+02  8.634997E+03
        74 -3.975789E+03  7.340060E+02 -8.092691E+03
        76 -1.710948E+04  1.447160E+03 -4.194061E+03
        78 -1.572341E+04  7.242162E+02  1.235670E+04
        80 -3.906393E+03  1.002029E+03 -7.978715E+03
        82 -1.674838E+04  2.132460E+03 -4.157454E+03
        84 -1.533978E+04  1.132843E+03  1.213271E+04
        86 -4.905348E+03  1.026967E+03 -8.789792E+03
        88 -1.751947E+04  2.394347E+03 -4.059994E+03
        90 -1.503339E+04  1.370162E+03  1.247522E+04
        92 -4.518793E+03  2.466653E+03 -5.329857E+03
        94 -1.217089E+04  6.021548E+03 -2.132560E+03
        96 -8.880416E+03  3.574176E+03  6.815991E+03

 internal energy (element, energy) for set EALL and time  0.1050000E+01

         1  1.592829E+03
         2  7.943097E+02
         3  3.408131E+02
         4  7.971295E+01
         5  1.631071E+01
         6  1.592829E+03
         7  7.943097E+02
         8  3.408131E+02
         9  7.971295E+01
        10  1.631071E+01
        11  9.449689E+01
        12  1.781887E+02
        13  7.283672E+01
        14  1.531220E+02
        15  7.012928E+01
        16  1.529848E+02
        17  7.391356E+01
        18  1.585631E+02
        19  2.804592E+01
        20  5.921096E+01
        21  2.804592E+01
        22  5.921096E+01
        23  7.391356E+01
        24  1.585631E+02
        25  7.012928E+01
        26  1.529848E+02
        27  7.283672E+01
        28  1.531220E+02
        29  9.449689E+01
        30  1.781887E+02
        31  2.020919E+03
        32  1.108673E+03
        33  4.278940E+02
        34  1.029668E+02
        35  2.649443E+01
        36  2.020919E+03
        37  1.108673E+03
        38  4.278940E+02
        39  1.029668E+02
        40  2.649443E+01
        41  8.032799E+01
        42  1.716327E+02
        43  8.764854E+01
        44  1.814941E+02
        45  8.783242E+01
        46  1.819191E+02
        47  9.411580E+01
        48  1.894816E+02
        49  3.598041E+01
        50  7.074786E+01
        51  3.598041E+01
        52  7.074786E+01
        53  9.411580E+01
        54  1.894816E+02
        55  8.783242E+01
        56  1.819191E+02
        57  8.764854E+01
        58  1.814941E+02
        59  8.032799E+01
        60  1.716327E+02
        61  1.945799E+03
        62  1.100611E+03
        63  4.779373E+02
        64  1.229229E+02
        65  3.719111E+01
        66  1.945799E+03
        67  1.100611E+03
        68  4.779373E+02
        69  1.229229E+02
        70  3.719111E+01
        71  8.556205E+01
        72  1.786186E+02
        73  9.568167E+01
        74  1.927346E+02
        75  1.016111E+02
        76  2.013991E+02
        77  1.073660E+02
        78  2.084939E+02
        79  3.979750E+01
        80  7.688010E+01
        81  3.979750E+01
        82  7.688010E+01
        83  1.073660E+02
        84  2.084939E+02
        85  1.016111E+02
        86  2.013991E+02
        87  9.568167E+01
        88  1.927346E+02
        89  8.556205E+01
        90  1.786186E+02
        91  2.032861E+03
        92  1.154570E+03
        93  5.181454E+02
        94  1.410088E+02
        95  4.689861E+01
        96  2.032861E+03
        97  1.154570E+03
        98  5.181454E+02
        99  1.410088E+02
       100  4.689861E+01
       101  1.082542E+02
       102  1.996864E+02
       103  1.143438E+02
       104  2.086795E+02
       105  1.197204E+02
       106  2.166166E+02
       107  1.234468E+02
       108  2.207934E+02
       109  4.461942E+01
       110  8.013364E+01
       111  4.461942E+01
       112  8.013364E+01
       113  1.234468E+02
       114  2.207934E+02
       115  1.197204E+02
       116  2.166166E+02
       117  1.143438E+02
       118  2.086795E+02
       119  1.082542E+02
       120  1.996864E+02
       121  1.861380E+03
       122  1.037948E+03
       123  4.606141E+02
       124  1.237265E+02
       125  4.016212E+01
       126  1.861380E+03
       127  1.037948E+03
       128  4.606141E+02
       129  1.237265E+02
       130  4.016212E+01
       131  1.049352E+02
       132  1.962279E+02
       133  1.069136E+02
       134  1.991940E+02
       135  1.090480E+02
       136  2.022629E+02
       137  1.111211E+02
       138  2.034763E+02
       139  4.021559E+01
       140  7.355892E+01
       141  4.021559E+01
       142  7.355892E+01
       143  1.111211E+02
       144  2.034763E+02
       145  1.090480E+02
       146  2.022629E+02
       147  1.069136E+02
       148  1.991940E+02
       149  1.049352E+02
       150  1.962279E+02
       151  1.734024E+03
       152  9.564283E+02
       153  4.176317E+02
       154  1.106161E+02
       155  3.608538E+01
       156  1.734024E+03
       157  9.564283E+02
       158  4.176317E+02
       159  1.106161E+02
       160  3.608538E+01
       161  9.977536E+01
       162  1.872701E+02
       163  1.000633E+02
       164  1.871929E+02
       165  1.006839E+02
       166  1.874010E+02
       167  1.019810E+02
       168  1.870900E+02
       169  3.693593E+01
       170  6.752478E+01
       171  3.693593E+01
       172  6.752478E+01
       173  1.019810E+02
       174  1.870900E+02
       175  1.006839E+02
       176  1.874010E+02
       177  1.000633E+02
       178  1.871929E+02
       179  9.977536E+01
       180  1.872701E+02
       181  1.601842E+03
       182  8.819184E+02
       183  3.840468E+02
       184  1.011445E+02
       185  3.342378E+01
       186  1.601842E+03
       187  8.819184E+02
       188  3.840468E+02
       189  1.011445E+02
       190  3.342378E+01
       191  9.367747E+01
       192  1.753702E+02
       193  9.361752E+01
       194  1.745827E+02
       195  9.376198E+01
       196  1.740084E+02
       197  9.471094E+01
       198  1.734301E+02
       199  3.426354E+01
       200  6.259680E+01
       201  3.426354E+01
       202  6.259680E+01
       203  9.471094E+01
       204  1.734301E+02
       205  9.376198E+01
       206  1.740084E+02
       207  9.361752E+01
       208  1.745827E+02
       209  9.367747E+01
       210  1.753702E+02
       211  1.463235E+03
       212  8.132305E+02
       213  3.549947E+02
       214  9.338135E+01
       215  3.120891E+01
       216  1.463235E+03
       217  8.132305E+02
       218  3.549947E+02
       219  9.338135E+01
       220  3.120891E+01
       221  8.757817E+01
       222  1.631239E+02
       223  8.753744E+01
       224  1.624959E+02
       225  8.759500E+01
       226  1.620079E+02
       227  8.841392E+01
       228  1.615161E+02
       229  3.195756E+01
       230  5.830245E+01
       231  3.195756E+01
       232  5.830245E+01
       233  8.841392E+01
       234  1.615161E+02
       235  8.759500E+01
       236  1.620079E+02
       237  8.753744E+01
       238  1.624959E+02
       239  8.757817E+01
       240  1.631239E+02
       241  1.363577E+03
       242  7.550707E+02
       243  3.289949E+02
       244  8.640144E+01
       245  2.919797E+01
       246  1.363577E+03
       247  7.550707E+02
       248  3.289949E+02
       249  8.640144E+01
       250  2.919797E+01
       251  8.174641E+01
       252  1.515916E+02
       253  8.177435E+01
       254  1.512564E+02
       255  8.186644E+01
       256  1.510378E+02
       257  8.266750E+01
       258  1.507503E+02
       259  2.986855E+01
       260  5.443870E+01
       261  2.986855E+01
       262  5.443870E+01
       263  8.266750E+01
       264  1.507503E+02
       265  8.186644E+01
       266  1.510378E+02
       267  8.177435E+01
       268  1.512564E+02
       269  8.174641E+01
       270  1.515916E+02
       271  1.278816E+03
       272  7.049043E+02
       273  3.059981E+02
       274  8.024822E+01
       275  2.743564E+01
       276  1.278816E+03
       277  7.049043E+02
       278  3.059981E+02
       279  8.024822E+01
       280  2.743564E+01
       281  7.622403E+01
       282  1.409622E+02
       283  7.630658E+01
       284  1.408556E+02
       285  7.645899E+01
       286  1.408916E+02
       287  7.731420E+01
       288  1.408448E+02
       289  2.794450E+01
       290  5.089545E+01
       291  2.794450E+01
       292  5.089545E+01
       293  7.731420E+01
       294  1.408448E+02
       295  7.645899E+01
       296  1.408916E+02
       297  7.630658E+01
       298  1.408556E+02
       299  7.622403E+01
       300  1.409622E+02
       301  1.193970E+03
       302  6.579045E+02
       303  2.853026E+02
       304  7.490219E+01
       305  2.590702E+01
       306  1.193970E+03
       307  6.579045E+02
       308  2.853026E+02
       309  7.490219E+01
       310  2.590702E+01
       311  7.098544E+01
       312  1.311167E+02
       313  7.110446E+01
       314  1.311535E+02
       315  7.131051E+01
       316  1.313660E+02
       317  7.223276E+01
       318  1.314994E+02
       319  2.612212E+01
       320  4.754065E+01
       321  2.612212E+01
       322  4.754065E+01
       323  7.223276E+01
       324  1.314994E+02
       325  7.131051E+01
       326  1.313660E+02
       327  7.110446E+01
       328  1.311535E+02
       329  7.098544E+01
       330  1.311167E+02
       331  1.111544E+03
       332  6.126453E+02
       333  2.658255E+02
       334  7.003769E+01
       335  2.451279E+01
       336  1.111544E+03
       337  6.126453E+02
       338  2.658255E+02
       339  7.003769E+01
       340  2.451279E+01
       341  6.600088E+01
       342  1.218883E+02
       343  6.614134E+01
       344  1.219960E+02
       345  6.638261E+01
       346  1.222982E+02
       347  6.734800E+01
       348  1.225207E+02
       349  2.436237E+01
       350  4.429770E+01
       351  2.436237E+01
       352  4.429770E+01
       353  6.734800E+01
       354  1.225207E+02
       355  6.638261E+01
       356  1.222982E+02
       357  6.614134E+01
       358  1.219960E+02
       359  6.600088E+01
       360  1.218883E+02
       361  1.032314E+03
       362  5.691291E+02
       363  2.471670E+02
       364  6.542822E+01
       365  2.318872E+01
       366  1.032314E+03
       367  5.691291E+02
       368  2.471670E+02
       369  6.542822E+01
       370  2.318872E+01
       371  6.124625E+01
       372  1.131438E+02
       373  6.139705E+01
       374  1.132749E+02
       375  6.165623E+01
       376  1.136077E+02
       377  6.264031E+01
       378  1.138588E+02
       379  2.265907E+01
       380  4.115694E+01
       381  2.265907E+01
       382  4.115694E+01
       383  6.264031E+01
       384  1.138588E+02
       385  6.165623E+01
       386  1.136077E+02
       387  6.139705E+01
       388  1.132749E+02
       389  6.124625E+01
       390  1.131438E+02
       391  9.563387E+02
       392  5.273845E+02
       393  2.292718E+02
       394  6.101417E+01
       395  2.191847E+01
       396  9.563387E+02
       397  5.273845E+02
       398  2.292718E+02
       399  6.101417E+01
       400  2.191847E+01
       401  5.670393E+01
       402  1.048015E+02
       403  5.685874E+01
       404  1.049343E+02
       405  5.712528E+01
       406  1.052709E+02
       407  5.811517E+01
       408  1.055261E+02
       409  2.101834E+01
       410  3.813104E+01
       411  2.101834E+01
       412  3.813104E+01
       413  5.811517E+01
       414  1.055261E+02
       415  5.712528E+01
       416  1.052709E+02
       417  5.685874E+01
       418  1.049343E+02
       419  5.670393E+01
       420  1.048015E+02
       421  8.835875E+02
       422  4.874025E+02
       423  2.121305E+02
       424  5.678784E+01
       425  2.070234E+01
       426  8.835875E+02
       427  4.874025E+02
       428  2.121305E+02
       429  5.678784E+01
       430  2.070234E+01
       431  5.236263E+01
       432  9.682133E+01
       433  5.251902E+01
       434  9.695040E+01
       435  5.278825E+01
       436  9.728367E+01
       437  5.377907E+01
       438  9.753685E+01
       439  1.944489E+01
       440  3.522883E+01
       441  1.944489E+01
       442  3.522883E+01
       443  5.377907E+01
       444  9.753685E+01
       445  5.278825E+01
       446  9.728367E+01
       447  5.251902E+01
       448  9.695040E+01
       449  5.236263E+01
       450  9.682133E+01
       451  8.140122E+02
       452  4.491644E+02
       453  1.957370E+02
       454  5.274785E+01
       455  1.954152E+01
       456  8.140122E+02
       457  4.491644E+02
       458  1.957370E+02
       459  5.274785E+01
       460  1.954152E+01
       461  4.821583E+01
       462  8.918774E+01
       463  4.837329E+01
       464  8.931403E+01
       465  4.864363E+01
       466  8.964404E+01
       467  4.963379E+01
       468  8.989503E+01
       469  1.794022E+01
       470  3.245280E+01
       471  1.794022E+01
       472  3.245280E+01
       473  4.963379E+01
       474  8.989503E+01
       475  4.864363E+01
       476  8.964404E+01
       477  4.837329E+01
       478  8.931403E+01
       479  4.821583E+01
       480  8.918774E+01
       481  7.475703E+02
       482  4.126492E+02
       483  1.800835E+02
       484  4.889243E+01
       485  1.843591E+01
       486  7.475703E+02
       487  4.126492E+02
       488  1.800835E+02
       489  4.889243E+01
       490  1.843591E+01
       491  4.425952E+01
       492  8.189528E+01
       493  4.441805E+01
       494  8.202072E+01
       495  4.468906E+01
       496  8.234906E+01
       497  4.567806E+01
       498  8.259881E+01
       499  1.650414E+01
       500  2.980244E+01
       501  1.650414E+01
       502  2.980244E+01
       503  4.567806E+01
       504  8.259881E+01
       505  4.468906E+01
       506  8.234906E+01
       507  4.441805E+01
       508  8.202072E+01
       509  4.425952E+01
       510  8.189528E+01
       511  6.842221E+02
       512  3.778352E+02
       513  1.651608E+02
       514  4.521915E+01
       515  1.738465E+01
       516  6.842221E+02
       517  3.778352E+02
       518  1.651608E+02
       519  4.521915E+01
       520  1.738465E+01
       521  4.049067E+01
       522  7.494137E+01
       523  4.065027E+01
       524  7.506721E+01
       525  4.092179E+01
       526  7.539508E+01
       527  4.190945E+01
       528  7.564435E+01
       529  1.513591E+01
       530  2.727633E+01
       531  1.513591E+01
       532  2.727633E+01
       533  4.190945E+01
       534  7.564435E+01
       535  4.092179E+01
       536  7.539508E+01
       537  4.065027E+01
       538  7.506721E+01
       539  4.049067E+01
       540  7.494137E+01
       541  6.239291E+02
       542  3.447011E+02
       543  1.509596E+02
       544  4.172543E+01
       545  1.638669E+01
       546  6.239291E+02
       547  3.447011E+02
       548  1.509596E+02
       549  4.172543E+01
       550  1.638669E+01
       551  3.690656E+01
       552  6.832344E+01
       553  3.706715E+01
       554  6.845024E+01
       555  3.733908E+01
       556  6.877823E+01
       557  3.832527E+01
       558  6.902738E+01
       559  1.383458E+01
       560  2.487286E+01
       561  1.383458E+01
       562  2.487286E+01
       563  3.832527E+01
       564  6.902738E+01
       565  3.733908E+01
       566  6.877823E+01
       567  3.706715E+01
       568  6.845024E+01
       569  3.690656E+01
       570  6.832344E+01
       571  5.666536E+02
       572  3.132263E+02
       573  1.374708E+02
       574  3.840874E+01
       575  1.544100E+01
       576  5.666536E+02
       577  3.132263E+02
       578  1.374708E+02
       579  3.840874E+01
       580  1.544100E+01
       581  3.350456E+01
       582  6.203838E+01
       583  3.366602E+01
       584  6.216624E+01
       585  3.393826E+01
       586  6.249449E+01
       587  3.492292E+01
       588  6.274362E+01
       589  1.259925E+01
       590  2.259045E+01
       591  1.259925E+01
       592  2.259045E+01
       593  3.492292E+01
       594  6.274362E+01
       595  3.393826E+01
       596  6.249449E+01
       597  3.366602E+01
       598  6.216624E+01
       599  3.350456E+01
       600  6.203838E+01
       601  5.123590E+02
       602  2.833904E+02
       603  1.246855E+02
       604  3.526666E+01
       605  1.454657E+01
       606  5.123590E+02
       607  2.833904E+02
       608  1.246855E+02
       609  3.526666E+01
       610  1.454657E+01
       611  3.028215E+01
       612  5.608256E+01
       613  3.044437E+01
       614  5.621136E+01
       615  3.071682E+01
       616  5.653978E+01
       617  3.169986E+01
       618  5.678883E+01
       619  1.142901E+01
       620  2.042754E+01
       621  1.142901E+01
       622  2.042754E+01
       623  3.169986E+01
       624  5.678883E+01
       625  3.071682E+01
       626  5.653978E+01
       627  3.044437E+01
       628  5.621136E+01
       629  3.028215E+01
       630  5.608256E+01
       631  4.610093E+02
       632  2.551737E+02
       633  1.125951E+02
       634  3.229680E+01
       635  1.370247E+01
       636  4.610093E+02
       637  2.551737E+02
       638  1.125951E+02
       639  3.229680E+01
       640  1.370247E+01
       641  2.723689E+01
       642  5.045202E+01
       643  2.739975E+01
       644  5.058154E+01
       645  2.767231E+01
       646  5.090995E+01
       647  2.865365E+01
       648  5.115881E+01
       649  1.032296E+01
       650  1.838260E+01
       651  1.032296E+01
       652  1.838260E+01
       653  2.865365E+01
       654  5.115881E+01
       655  2.767231E+01
       656  5.090995E+01
       657  2.739975E+01
       658  5.058154E+01
       659  2.723689E+01
       660  5.045202E+01
       661  4.125692E+02
       662  2.285565E+02
       663  1.011911E+02
       664  2.949681E+01
       665  1.290774E+01
       666  4.125692E+02
       667  2.285565E+02
       668  1.011911E+02
       669  2.949681E+01
       670  1.290774E+01
       671  2.436643E+01
       672  4.514249E+01
       673  2.452981E+01
       674  4.527258E+01
       675  2.480236E+01
       676  4.560083E+01
       677  2.578190E+01
       678  4.584938E+01
       679  9.280238E+00
       680  1.645411E+01
       681  9.280238E+00
       682  1.645411E+01
       683  2.578190E+01
       684  4.584938E+01
       685  2.480236E+01
       686  4.560083E+01
       687  2.452981E+01
       688  4.527258E+01
       689  2.436643E+01
       690  4.514249E+01
       691  3.670042E+02
       692  2.035199E+02
       693  9.046511E+01
       694  2.686433E+01
       695  1.216143E+01
       696  3.670042E+02
       697  2.035199E+02
       698  9.046511E+01
       699  2.686433E+01
       700  1.216143E+01
       701  2.166854E+01
       702  4.014943E+01
       703  2.183226E+01
       704  4.028009E+01
       705  2.210465E+01
       706  4.060819E+01
       707  2.308224E+01
       708  4.085643E+01
       709  8.299988E+00
       710  1.464060E+01
       711  8.299988E+00
       712  1.464060E+01
       713  2.308224E+01
       714  4.085643E+01
       715  2.210465E+01
       716  4.060819E+01
       717  2.183226E+01
       718  4.028009E+01
       719  2.166854E+01
       720  4.014943E+01
       721  3.242806E+02
       722  1.800452E+02
       723  8.040874E+01
       724  2.439692E+01
       725  1.146259E+01
       726  3.242806E+02
       727  1.800452E+02
       728  8.040874E+01
       729  2.439692E+01
       730  1.146259E+01
       731  1.914108E+01
       732  3.546792E+01
       733  1.930487E+01
       734  3.559948E+01
       735  1.957689E+01
       736  3.592778E+01
       737  2.055238E+01
       738  3.617589E+01
       739  7.381388E+00
       740  1.294061E+01
       741  7.381388E+00
       742  1.294061E+01
       743  2.055238E+01
       744  3.617589E+01
       745  1.957689E+01
       746  3.592778E+01
       747  1.930487E+01
       748  3.559948E+01
       749  1.914108E+01
       750  3.546792E+01
       751  2.843660E+02
       752  1.581141E+02
       753  7.101365E+01
       754  2.209207E+01
       755  1.081028E+01
       756  2.843660E+02
       757  1.581141E+02
       758  7.101365E+01
       759  2.209207E+01
       760  1.081028E+01
       761  1.678195E+01
       762  3.109251E+01
       763  1.694543E+01
       764  3.122590E+01
       765  1.721682E+01
       766  3.155536E+01
       767  1.819006E+01
       768  3.180387E+01
       769  6.523668E+00
       770  1.135276E+01
       771  6.523668E+00
       772  1.135276E+01
       773  1.819006E+01
       774  3.180387E+01
       775  1.721682E+01
       776  3.155536E+01
       777  1.694543E+01
       778  3.122590E+01
       779  1.678195E+01
       780  3.109251E+01
       781  2.472295E+02
       782  1.377088E+02
       783  6.227148E+01
       784  1.994719E+01
       785  1.020369E+01
       786  2.472295E+02
       787  1.377088E+02
       788  6.227148E+01
       789  1.994719E+01
       790  1.020369E+01
       791  1.458903E+01
       792  2.701737E+01
       793  1.475163E+01
       794  2.715435E+01
       795  1.502212E+01
       796  2.748680E+01
       797  1.599312E+01
       798  2.773677E+01
       799  5.726140E+00
       800  9.875773E+00
       801  5.726140E+00
       802  9.875773E+00
       803  1.599312E+01
       804  2.773677E+01
       805  1.502212E+01
       806  2.748680E+01
       807  1.475163E+01
       808  2.715435E+01
       809  1.458903E+01
       810  2.701737E+01
       811  2.128415E+02
       812  1.188116E+02
       813  5.417372E+01
       814  1.795969E+01
       815  9.642332E+00
       816  2.128415E+02
       817  1.188116E+02
       818  5.417372E+01
       819  1.795969E+01
       820  9.642332E+00
       821  1.255997E+01
       822  2.323667E+01
       823  1.272098E+01
       824  2.338000E+01
       825  1.299039E+01
       826  2.371836E+01
       827  1.395953E+01
       828  2.397145E+01
       829  4.988238E+00
       830  8.508514E+00
       831  4.988238E+00
       832  8.508514E+00
       833  1.395953E+01
       834  2.397145E+01
       835  1.299039E+01
       836  2.371836E+01
       837  1.272098E+01
       838  2.338000E+01
       839  1.255997E+01
       840  2.323667E+01
       841  1.811730E+02
       842  1.014048E+02
       843  4.671187E+01
       844  1.612737E+01
       845  9.126434E+00
       846  1.811730E+02
       847  1.014048E+02
       848  4.671187E+01
       849  1.612737E+01
       850  9.126434E+00
       851  1.069184E+01
       852  1.974576E+01
       853  1.085054E+01
       854  1.989902E+01
       855  1.111904E+01
       856  2.024708E+01
       857  1.208742E+01
       858  2.050544E+01
       859  4.309542E+00
       860  7.250025E+00
       861  4.309542E+00
       862  7.250025E+00
       863  1.208742E+01
       864  2.050544E+01
       865  1.111904E+01
       866  2.024708E+01
       867  1.085054E+01
       868  1.989902E+01
       869  1.069184E+01
       870  1.974576E+01
       871  1.521936E+02
       872  8.546974E+01
       873  3.987765E+01
       874  1.444910E+01
       875  8.657579E+00
       876  1.521936E+02
       877  8.546974E+01
       878  3.987765E+01
       879  1.444910E+01
       880  8.657579E+00
       881  8.980764E+00
       882  1.654337E+01
       883  9.136791E+00
       884  1.670987E+01
       885  9.405263E+00
       886  1.707138E+01
       887  1.037526E+01
       888  1.733710E+01
       889  3.689768E+00
       890  6.099521E+00
       891  3.689768E+00
       892  6.099521E+00
       893  1.037526E+01
       894  1.733710E+01
       895  9.405263E+00
       896  1.707138E+01
       897  9.136791E+00
       898  1.670987E+01
       899  8.980764E+00
       900  1.654337E+01
       901  1.258681E+02
       902  7.098555E+01
       903  3.366357E+01
       904  1.292599E+01
       905  8.239689E+00
       906  1.258681E+02
       907  7.098555E+01
       908  3.366357E+01
       909  1.292599E+01
       910  8.239689E+00
       911  7.421482E+00
       912  1.363474E+01
       913  7.575534E+00
       914  1.381516E+01
       915  7.846163E+00
       916  1.419157E+01
       917  8.822040E+00
       918  1.446557E+01
       919  3.128683E+00
       920  5.056327E+00
       921  3.128683E+00
       922  5.056327E+00
       923  8.822040E+00
       924  1.446557E+01
       925  7.846163E+00
       926  1.419157E+01
       927  7.575534E+00
       928  1.381516E+01
       929  7.421482E+00
       930  1.363474E+01
       931  1.021515E+02
       932  5.792839E+01
       933  2.806401E+01
       934  1.156317E+01
       935  7.880285E+00
       936  1.021515E+02
       937  5.792839E+01
       938  2.806401E+01
       939  1.156317E+01
       940  7.880285E+00
       941  6.007123E+00
       942  1.103516E+01
       943  6.162206E+00
       944  1.122315E+01
       945  6.439317E+00
       946  1.160976E+01
       947  7.427960E+00
       948  1.189008E+01
       949  2.625901E+00
       950  4.119702E+00
       951  2.625901E+00
       952  4.119702E+00
       953  7.427960E+00
       954  1.189008E+01
       955  6.439317E+00
       956  1.160976E+01
       957  6.162206E+00
       958  1.122315E+01
       959  6.007123E+00
       960  1.103516E+01
       961  8.098484E+01
       962  4.627113E+01
       963  2.307723E+01
       964  1.037171E+01
       965  7.591404E+00
       966  8.098484E+01
       967  4.627113E+01
       968  2.307723E+01
       969  1.037171E+01
       970  7.591404E+00
       971  4.730162E+00
       972  8.771977E+00
       973  4.893409E+00
       974  8.947608E+00
       975  5.184296E+00
       976  9.328183E+00
       977  6.195272E+00
       978  9.608074E+00
       979  2.180497E+00
       980  3.288390E+00
       981  2.180497E+00
       982  3.288390E+00
       983  6.195272E+00
       984  9.608074E+00
       985  5.184296E+00
       986  9.328183E+00
       987  4.893409E+00
       988  8.947608E+00
       989  4.730162E+00
       990  8.771977E+00
       991  6.229112E+01
       992  3.598668E+01
       993  1.871014E+01
       994  9.369967E+00
       995  7.387663E+00
       996  6.229112E+01
       997  3.598668E+01
       998  1.871014E+01
       999  9.369967E+00
      1000  7.387663E+00
      1001  3.587735E+00
      1002  6.883468E+00
      1003  3.772186E+00
      1004  7.004796E+00
      1005  4.086501E+00
      1006  7.344808E+00
      1007  5.128928E+00
      1008  7.610972E+00
      1009  1.790335E+00
      1010  2.559490E+00
      1011  1.790335E+00
      1012  2.559490E+00
      1013  5.128928E+00
      1014  7.610972E+00
      1015  4.086501E+00
      1016  7.344808E+00
      1017  3.772186E+00
      1018  7.004796E+00
      1019  3.587735E+00
      1020  6.883468E+00
      1021  4.597370E+01
      1022  2.705907E+01
      1023  1.498819E+01
      1024  8.581451E+00
      1025  7.275492E+00
      1026  4.597370E+01
      1027  2.705907E+01
      1028  1.498819E+01
      1029  8.581451E+00
      1030  7.275492E+00
      1031  2.601809E+00
      1032  5.416519E+00
      1033  2.824865E+00
      1034  5.410045E+00
      1035  3.167097E+00
      1036  5.647983E+00
      1037  4.236394E+00
      1038  5.878162E+00
      1039  1.450888E+00
      1040  1.926559E+00
      1041  1.450888E+00
      1042  1.926559E+00
      1043  4.236394E+00
      1044  5.878162E+00
      1045  3.167097E+00
      1046  5.647983E+00
      1047  2.824865E+00
      1048  5.410045E+00
      1049  2.601809E+00
      1050  5.416519E+00
      1051  3.192102E+01
      1052  1.950659E+01
      1053  1.196733E+01
      1054  8.024575E+00
      1055  7.226170E+00
      1056  3.192102E+01
      1057  1.950659E+01
      1058  1.196733E+01
      1059  8.024575E+00
      1060  7.226170E+00
      1061  1.876169E+00
      1062  4.438139E+00
      1063  2.148338E+00
      1064  4.189108E+00
      1065  2.491945E+00
      1066  4.223623E+00
      1067  3.536543E+00
      1068  4.379923E+00
      1069  1.154265E+00
      1070  1.380212E+00
      1071  1.154265E+00
      1072  1.380212E+00
      1073  3.536543E+00
      1074  4.379923E+00
      1075  2.491945E+00
      1076  4.223623E+00
      1077  2.148338E+00
      1078  4.189108E+00
      1079  1.876169E+00
      1080  4.438139E+00
      1081  2.004844E+01
      1082  1.339582E+01
      1083  9.715420E+00
      1084  7.683444E+00
      1085  7.157504E+00
      1086  2.004844E+01
      1087  1.339582E+01
      1088  9.715420E+00
      1089  7.683444E+00
      1090  7.157504E+00
      1091  1.707896E+00
      1092  4.061959E+00
      1093  2.010288E+00
      1094  3.433358E+00
      1095  2.246407E+00
      1096  3.119881E+00
      1097  3.128086E+00
      1098  3.144322E+00
      1099  8.907855E-01
      1100  9.355104E-01
      1101  8.907855E-01
      1102  9.355104E-01
      1103  3.128086E+00
      1104  3.144322E+00
      1105  2.246407E+00
      1106  3.119881E+00
      1107  2.010288E+00
      1108  3.433358E+00
      1109  1.707896E+00
      1110  4.061959E+00
      1111  1.050708E+01
      1112  8.761735E+00
      1113  8.179509E+00
      1114  7.510121E+00
      1115  7.018266E+00
      1116  1.050708E+01
      1117  8.761735E+00
      1118  8.179509E+00
      1119  7.510121E+00
      1120  7.018266E+00
      1121  2.579829E+00
      1122  4.409061E+00
      1123  2.916129E+00
      1124  3.402117E+00
      1125  2.904648E+00
      1126  2.677200E+00
      1127  3.516948E+00
      1128  2.540744E+00
      1129  6.788776E-01
      1130  7.620261E-01
      1131  6.788776E-01
      1132  7.620261E-01
      1133  3.516948E+00
      1134  2.540744E+00
      1135  2.904648E+00
      1136  2.677200E+00
      1137  2.916129E+00
      1138  3.402117E+00
      1139  2.579829E+00
      1140  4.409061E+00
      1141  3.876015E+00
      1142  5.236825E+00
      1143  6.803765E+00
      1144  7.466617E+00
      1145  7.252274E+00
      1146  3.876015E+00
      1147  5.236825E+00
      1148  6.803765E+00
      1149  7.466617E+00
      1150  7.252274E+00
      1151  4.337868E+00
      1152  5.033565E+00
      1153  4.982302E+00
      1154  4.187662E+00
      1155  5.134584E+00
      1156  3.778418E+00
      1157  6.505712E+00
      1158  4.181453E+00
      1159  6.083583E-01
      1160  1.738526E+00
      1161  6.083583E-01
      1162  1.738526E+00
      1163  6.505712E+00
      1164  4.181453E+00
      1165  5.134584E+00
      1166  3.778418E+00
      1167  4.982302E+00
      1168  4.187662E+00
      1169  4.337868E+00
      1170  5.033565E+00
      1171  7.305738E-01
      1172  2.302820E+00
      1173  4.776299E+00
      1174  7.864504E+00
      1175  1.150146E+01
      1176  7.305738E-01
      1177  2.302820E+00
      1178  4.776299E+00
      1179  7.864504E+00
      1180  1.150146E+01
      1181  5.174964E+00
      1182  4.821183E+00
      1183  6.449927E+00
      1184  4.868225E+00
      1185  8.896037E+00
      1186  7.173192E+00
      1187  1.989346E+01
      1188  1.478722E+01
      1189  1.240062E+00
      1190  9.241551E+00
      1191  1.240062E+00
      1192  9.241551E+00
      1193  1.989346E+01
      1194  1.478722E+01
      1195  8.896037E+00
      1196  7.173192E+00
      1197  6.449927E+00
      1198  4.868225E+00
      1199  5.174964E+00
      1200  4.821183E+00
      1201  6.171823E-03
      1202  1.400610E-01
      1203  7.671247E-01
      1204  3.241273E+00
      1205  8.966744E+00
      1206  6.171823E-03
      1207  1.400610E-01
      1208  7.671247E-01
      1209  3.241273E+00
      1210  8.966744E+00
      1211  2.003680E+00
      1212  2.969381E+00
      1213  2.826537E+00
      1214  2.879587E+00
      1215  5.181376E+00
      1216  6.462712E+00
      1217  2.027402E+01
      1218  1.803403E+01
      1219  1.654858E+00
      1220  1.337484E+01
      1221  1.654858E+00
      1222  1.337484E+01
      1223  2.027402E+01
      1224  1.803403E+01
      1225  5.181376E+00
      1226  6.462712E+00
      1227  2.826537E+00
      1228  2.879587E+00
      1229  2.003680E+00
      1230  2.969381E+00

                                INCREMENT     2


 displacements (vx,vy,vz) for set TIP_TOP and time  0.1100000E+01

      1991  3.516211E-01 -1.083767E-02 -1.412034E+01
      1992  3.513187E-01 -1.063871E-02 -1.409499E+01
      1995  3.505227E-01 -1.027588E-02 -1.407003E+01
      1998  3.498572E-01 -8.310601E-03 -1.404717E+01
      2000  3.496060E-01 -3.266408E-03 -1.403286E+01
      2002  3.495140E-01  3.932838E-15 -1.403213E+01
      2004  3.496060E-01  3.266408E-03 -1.403286E+01
      2007  3.498572E-01  8.310601E-03 -1.404717E+01
      2010  3.505227E-01  1.027588E-02 -1.407003E+01
      2013  3.513187E-01  1.063871E-02 -1.409499E+01
      2016  3.516211E-01  1.083767E-02 -1.412034E+01

 forces (fx,fy,fz) for set CLAMP and time  0.1100000E+01

         1  2.007696E+04  1.850227E+04  8.339388E+03
         4  3.557331E+04  2.048534E-09  1.662018E+04
         5  2.860987E+04  2.967776E+04  1.054642E+03
         8  4.974117E+04  6.070240E-10  2.318941E+03
         9  2.064702E+04  2.180413E+04 -6.929245E+02
        12  3.594372E+04 -3.062280E-10 -1.284897E+03
        13  1.207216E+04  1.256112E+04 -1.939735E+03
        16  2.099504E+04 -1.082715E-09 -3.787998E+03
        17  3.232677E+03  3.163541E+03 -2.121001E+03
        20  5.531500E+03 -1.813489E-09 -4.167334E+03
        21 -4.381899E+03 -1.807650E+03 -5.169661E+03
        24 -4.666948E+03 -2.185373E-10 -2.633703E+03
        26  2.007696E+04 -1.850227E+04  8.339388E+03
        28  2.860987E+04 -2.967776E+04  1.054642E+03
        30  2.064702E+04 -2.180413E+04 -6.929245E+02
        32  1.207216E+04 -1.256112E+04 -1.939735E+03
        34  3.232677E+03 -3.163541E+03 -2.121001E+03
        36 -4.381899E+03  1.807650E+03 -5.169661E+03
        37 -4.154441E+03 -2.269426E+03 -4.904211E+03
        40 -4.504517E+03 -9.461656E+02 -8.087022E+03
        41 -1.120393E+04 -5.543211E+03 -1.969031E+03
        44 -1.612663E+04 -2.205498E+03 -3.748639E+03
        45 -8.180248E+03 -3.291533E+03  6.275638E+03
        48 -1.384930E+04 -1.261892E+03  1.148681E+04
        50 -3.588791E+03 -9.242525E+02 -7.342631E+03
        52 -1.541815E+04 -1.964826E+03 -3.838425E+03
        54 -1.412903E+04 -1.042839E+03  1.117122E+04
        56 -3.660504E+03 -6.767233E+02 -7.451584E+03
        58 -1.575145E+04 -1.332405E+03 -3.873901E+03
        60 -1.447540E+04 -6.657438E+02  1.137503E+04
        62 -1.104896E+04 -5.006442E+02 -2.541620E+03
        64 -1.005156E+04 -2.356741E+02  7.946476E+03
        66 -5.953562E+03  1.777277E-09 -1.330966E+03
        68 -5.391944E+03  2.559096E-09  4.284417E+03
        70 -1.104896E+04  5.006442E+02 -2.541620E+03
        72 -1.005156E+04  2.356741E+02  7.946476E+03
        74 -3.660504E+03  6.767233E+02 -7.451584E+03
        76 -1.575145E+04  1.332405E+03 -3.873901E+03
        78 -1.447540E+04  6.657438E+02  1.137503E+04
        80 -3.588791E+03  9.242525E+02 -7.342631E+03
        82 -1.541815E+04  1.964826E+03 -3.838425E+03
        84 -1.412903E+04  1.042839E+03  1.117122E+04
        86 -4.504517E+03  9.461656E+02 -8.087022E+03
        88 -1.612663E+04  2.205498E+03 -3.748639E+03
        90 -1.384930E+04  1.261892E+03  1.148681E+04
        92 -4.154441E+03  2.269426E+03 -4.904211E+03
        94 -1.120393E+04  5.543211E+03 -1.969031E+03
        96 -8.180248E+03  3.291533E+03  6.275638E+03

 internal energy (element, energy) for set EALL and time  0.1100000E+01

         1  1.365554E+03
         2  6.772480E+02
         3  2.922231E+02
         4  6.859326E+01
         5  1.384620E+01
         6  1.365554E+03
         7  6.772480E+02
         8  2.922231E+02
         9  6.859326E+01
        10  1.384620E+01
        11  8.001760E+01
        12  1.511377E+02
        13  6.169023E+01
        14  1.298987E+02
        15  5.942112E+01
        16  1.297905E+02
        17  6.262716E+01
        18  1.345184E+02
        19  2.376072E+01
        20  5.023132E+01
        21  2.376072E+01
        22  5.023132E+01
        23  6.262716E+01
        24  1.345184E+02
        25  5.942112E+01
        26  1.297905E+02
        27  6.169023E+01
        28  1.298987E+02
        29  8.001760E+01
        30  1.511377E+02
        31  1.810481E+03
        32  9.577467E+02
        33  3.664525E+02
        34  8.835322E+01
        35  2.246593E+01
        36  1.810481E+03
        37  9.577467E+02
        38  3.664525E+02
        39  8.835322E+01
        40  2.246593E+01
        41  6.799912E+01
        42  1.456205E+02
        43  7.421239E+01
        44  1.540243E+02
        45  7.439187E+01
        46  1.544619E+02
        47  7.976746E+01
        48  1.609981E+02
        49  3.051019E+01
        50  6.013900E+01
        51  3.051019E+01
        52  6.013900E+01
        53  7.976746E+01
        54  1.609981E+02
        55  7.439187E+01
        56  1.544619E+02
        57  7.421239E+01
        58  1.540243E+02
        59  6.799912E+01
        60  1.456205E+02
        61  1.714841E+03
        62  9.429025E+02
        63  4.091860E+02
        64  1.054102E+02
        65  3.167676E+01
        66  1.714841E+03
        67  9.429025E+02
        68  4.091860E+02
        69  1.054102E+02
        70  3.167676E+01
        71  7.242191E+01
        72  1.515228E+02
        73  8.100352E+01
        74  1.635384E+02
        75  8.605490E+01
        76  1.709654E+02
        77  9.101581E+01
        78  1.770948E+02
        79  3.375528E+01
        80  6.532231E+01
        81  3.375528E+01
        82  6.532231E+01
        83  9.101581E+01
        84  1.770948E+02
        85  8.605490E+01
        86  1.709654E+02
        87  8.100352E+01
        88  1.635384E+02
        89  7.242191E+01
        90  1.515228E+02
        91  1.764694E+03
        92  9.841145E+02
        93  4.425353E+02
        94  1.208013E+02
        95  3.999673E+01
        96  1.764694E+03
        97  9.841145E+02
        98  4.425353E+02
        99  1.208013E+02
       100  3.999673E+01
       101  9.161958E+01
       102  1.692787E+02
       103  9.678821E+01
       104  1.769240E+02
       105  1.013626E+02
       106  1.836852E+02
       107  1.045764E+02
       108  1.872614E+02
       109  3.780833E+01
       110  6.796300E+01
       111  3.780833E+01
       112  6.796300E+01
       113  1.045764E+02
       114  1.872614E+02
       115  1.013626E+02
       116  1.836852E+02
       117  9.678821E+01
       118  1.769240E+02
       119  9.161958E+01
       120  1.692787E+02
       121  1.600453E+03
       122  8.817489E+02
       123  3.920404E+02
       124  1.056352E+02
       125  3.418124E+01
       126  1.600453E+03
       127  8.817489E+02
       128  3.920404E+02
       129  1.056352E+02
       130  3.418124E+01
       131  8.877972E+01
       132  1.662206E+02
       133  9.045529E+01
       134  1.687225E+02
       135  9.226096E+01
       136  1.713044E+02
       137  9.402334E+01
       138  1.722992E+02
       139  3.402556E+01
       140  6.227286E+01
       141  3.402556E+01
       142  6.227286E+01
       143  9.402334E+01
       144  1.722992E+02
       145  9.226096E+01
       146  1.713044E+02
       147  9.045529E+01
       148  1.687225E+02
       149  8.877972E+01
       150  1.662206E+02
       151  1.484678E+03
       152  8.111057E+02
       153  3.544820E+02
       154  9.409973E+01
       155  3.063869E+01
       156  1.484678E+03
       157  8.111057E+02
       158  3.544820E+02
       159  9.409973E+01
       160  3.063869E+01
       161  8.437884E+01
       162  1.584919E+02
       163  8.461495E+01
       164  1.584005E+02
       165  8.512660E+01
       166  1.585401E+02
       167  8.621344E+01
       168  1.582293E+02
       169  3.121877E+01
       170  5.709283E+01
       171  3.121877E+01
       172  5.709283E+01
       173  8.621344E+01
       174  1.582293E+02
       175  8.512660E+01
       176  1.585401E+02
       177  8.461495E+01
       178  1.584005E+02
       179  8.437884E+01
       180  1.584919E+02
       181  1.364348E+03
       182  7.466694E+02
       183  3.253618E+02
       184  8.582854E+01
       185  2.833405E+01
       186  1.364348E+03
       187  7.466694E+02
       188  3.253618E+02
       189  8.582854E+01
       190  2.833405E+01
       191  7.918771E+01
       192  1.482968E+02
       193  7.912737E+01
       194  1.476058E+02
       195  7.923307E+01
       196  1.470859E+02
       197  8.002113E+01
       198  1.465558E+02
       199  2.894222E+01
       200  5.288473E+01
       201  2.894222E+01
       202  5.288473E+01
       203  8.002113E+01
       204  1.465558E+02
       205  7.923307E+01
       206  1.470859E+02
       207  7.912737E+01
       208  1.476058E+02
       209  7.918771E+01
       210  1.482968E+02
       211  1.237604E+03
       212  6.874426E+02
       213  3.003323E+02
       214  7.910404E+01
       215  2.642078E+01
       216  1.237604E+03
       217  6.874426E+02
       218  3.003323E+02
       219  7.910404E+01
       220  2.642078E+01
       221  7.400405E+01
       222  1.378507E+02
       223  7.396118E+01
       224  1.373016E+02
       225  7.399446E+01
       226  1.368616E+02
       227  7.467025E+01
       228  1.364105E+02
       229  2.698274E+01
       230  4.922996E+01
       231  2.698274E+01
       232  4.922996E+01
       233  7.467025E+01
       234  1.364105E+02
       235  7.399446E+01
       236  1.368616E+02
       237  7.396118E+01
       238  1.373016E+02
       239  7.400405E+01
       240  1.378507E+02
       241  1.151162E+03
       242  6.377611E+02
       243  2.780515E+02
       244  7.308523E+01
       245  2.468614E+01
       246  1.151162E+03
       247  6.377611E+02
       248  2.780515E+02
       249  7.308523E+01
       250  2.468614E+01
       251  6.905594E+01
       252  1.280481E+02
       253  6.907340E+01
       254  1.277536E+02
       255  6.913892E+01
       256  1.275492E+02
       257  6.980013E+01
       258  1.272788E+02
       259  2.521315E+01
       260  4.595519E+01
       261  2.521315E+01
       262  4.595519E+01
       263  6.980013E+01
       264  1.272788E+02
       265  6.913892E+01
       266  1.275492E+02
       267  6.907340E+01
       268  1.277536E+02
       269  6.905594E+01
       270  1.280481E+02
       271  1.079882E+03
       272  5.952932E+02
       273  2.584747E+02
       274  6.781366E+01
       275  2.317631E+01
       276  1.079882E+03
       277  5.952932E+02
       278  2.584747E+02
       279  6.781366E+01
       280  2.317631E+01
       281  6.437707E+01
       282  1.190384E+02
       283  6.444319E+01
       284  1.189432E+02
       285  6.456376E+01
       286  1.189630E+02
       287  6.527513E+01
       288  1.189076E+02
       289  2.358885E+01
       290  4.296401E+01
       291  2.358885E+01
       292  4.296401E+01
       293  6.527513E+01
       294  1.189076E+02
       295  6.456376E+01
       296  1.189630E+02
       297  6.444319E+01
       298  1.189432E+02
       299  6.437707E+01
       300  1.190384E+02
       301  1.008286E+03
       302  5.556034E+02
       303  2.409569E+02
       304  6.327060E+01
       305  2.187792E+01
       306  1.008286E+03
       307  5.556034E+02
       308  2.409569E+02
       309  6.327060E+01
       310  2.187792E+01
       311  5.994390E+01
       312  1.107101E+02
       313  6.004302E+01
       314  1.107407E+02
       315  6.021275E+01
       316  1.109168E+02
       317  6.098595E+01
       318  1.110233E+02
       319  2.205264E+01
       320  4.013625E+01
       321  2.205264E+01
       322  4.013625E+01
       323  6.098595E+01
       324  1.110233E+02
       325  6.021275E+01
       326  1.109168E+02
       327  6.004302E+01
       328  1.107407E+02
       329  5.994390E+01
       330  1.107101E+02
       331  9.386731E+02
       332  5.173811E+02
       333  2.245020E+02
       334  5.915608E+01
       335  2.069932E+01
       336  9.386731E+02
       337  5.173811E+02
       338  2.245020E+02
       339  5.915608E+01
       340  2.069932E+01
       341  5.572958E+01
       342  1.029134E+02
       343  5.584829E+01
       344  1.030064E+02
       345  5.605043E+01
       346  1.032620E+02
       347  5.686352E+01
       348  1.034485E+02
       349  2.056873E+01
       350  3.740160E+01
       351  2.056873E+01
       352  3.740160E+01
       353  5.686352E+01
       354  1.034485E+02
       355  5.605043E+01
       356  1.032620E+02
       357  5.584829E+01
       358  1.030064E+02
       359  5.572958E+01
       360  1.029134E+02
       361  8.717572E+02
       362  4.806286E+02
       363  2.087426E+02
       364  5.526183E+01
       365  1.958123E+01
       366  8.717572E+02
       367  4.806286E+02
       368  2.087426E+02
       369  5.526183E+01
       370  1.958123E+01
       371  5.171222E+01
       372  9.552987E+01
       373  5.184037E+01
       374  9.564306E+01
       375  5.205902E+01
       376  9.592558E+01
       377  5.288950E+01
       378  9.613784E+01
       379  1.913141E+01
       380  3.475113E+01
       381  1.913141E+01
       382  3.475113E+01
       383  5.288950E+01
       384  9.613784E+01
       385  5.205902E+01
       386  9.592558E+01
       387  5.184037E+01
       388  9.564306E+01
       389  5.171222E+01
       390  9.552987E+01
       391  8.075939E+02
       392  4.453728E+02
       393  1.936282E+02
       394  5.153316E+01
       395  1.850852E+01
       396  8.075939E+02
       397  4.453728E+02
       398  1.936282E+02
       399  5.153316E+01
       400  1.850852E+01
       401  4.787566E+01
       402  8.848690E+01
       403  4.800739E+01
       404  8.860107E+01
       405  4.823282E+01
       406  8.888675E+01
       407  4.906881E+01
       408  8.910270E+01
       409  1.774631E+01
       410  3.219650E+01
       411  1.774631E+01
       412  3.219650E+01
       413  4.906881E+01
       414  8.910270E+01
       415  4.823282E+01
       416  8.888675E+01
       417  4.800739E+01
       418  8.860107E+01
       419  4.787566E+01
       420  8.848690E+01
       421  7.461550E+02
       422  4.116062E+02
       423  1.791507E+02
       424  4.796310E+01
       425  1.748143E+01
       426  7.461550E+02
       427  4.116062E+02
       428  1.791507E+02
       429  4.796310E+01
       430  1.748143E+01
       431  4.420957E+01
       432  8.174945E+01
       433  4.434261E+01
       434  8.185996E+01
       435  4.457046E+01
       436  8.214243E+01
       437  4.540742E+01
       438  8.235658E+01
       439  1.641777E+01
       440  2.974591E+01
       441  1.641777E+01
       442  2.974591E+01
       443  4.540742E+01
       444  8.235658E+01
       445  4.457046E+01
       446  8.214243E+01
       447  4.434261E+01
       448  8.185996E+01
       449  4.420957E+01
       450  8.174945E+01
       451  6.873990E+02
       452  3.793128E+02
       453  1.653049E+02
       454  4.455053E+01
       455  1.650106E+01
       456  6.873990E+02
       457  3.793128E+02
       458  1.653049E+02
       459  4.455053E+01
       460  1.650106E+01
       461  4.070802E+01
       462  7.530414E+01
       463  4.084186E+01
       464  7.541193E+01
       465  4.107065E+01
       466  7.569139E+01
       467  4.190710E+01
       468  7.590361E+01
       469  1.514725E+01
       470  2.740177E+01
       471  1.514725E+01
       472  2.740177E+01
       473  4.190710E+01
       474  7.590361E+01
       475  4.107065E+01
       476  7.569139E+01
       477  4.084186E+01
       478  7.541193E+01
       479  4.070802E+01
       480  7.530414E+01
       481  6.312896E+02
       482  3.484747E+02
       483  1.520844E+02
       484  4.129398E+01
       485  1.556736E+01
       486  6.312896E+02
       487  3.484747E+02
       488  1.520844E+02
       489  4.129398E+01
       490  1.556736E+01
       491  3.736743E+01
       492  6.914654E+01
       493  3.750209E+01
       494  6.925339E+01
       495  3.773140E+01
       496  6.953129E+01
       497  3.856687E+01
       498  6.974244E+01
       499  1.393464E+01
       500  2.516373E+01
       501  1.393464E+01
       502  2.516373E+01
       503  3.856687E+01
       504  6.974244E+01
       505  3.773140E+01
       506  6.953129E+01
       507  3.750209E+01
       508  6.925339E+01
       509  3.736743E+01
       510  6.914654E+01
       511  5.777929E+02
       512  3.190736E+02
       513  1.394812E+02
       514  3.819134E+01
       515  1.467960E+01
       516  5.777929E+02
       517  3.190736E+02
       518  1.394812E+02
       519  3.819134E+01
       520  1.467960E+01
       521  3.418519E+01
       522  6.327466E+01
       523  3.432066E+01
       524  6.338172E+01
       525  3.455036E+01
       526  6.365914E+01
       527  3.538467E+01
       528  6.386988E+01
       529  1.277931E+01
       530  2.303061E+01
       531  1.277931E+01
       532  2.303061E+01
       533  3.538467E+01
       534  6.386988E+01
       535  3.455036E+01
       536  6.365914E+01
       537  3.432066E+01
       538  6.338172E+01
       539  3.418519E+01
       540  6.327466E+01
       541  5.268764E+02
       542  2.910915E+02
       543  1.274874E+02
       544  3.524042E+01
       545  1.383687E+01
       546  5.268764E+02
       547  2.910915E+02
       548  1.274874E+02
       549  3.524042E+01
       550  1.383687E+01
       551  3.115895E+01
       552  5.768646E+01
       553  3.129517E+01
       554  5.779423E+01
       555  3.152517E+01
       556  5.807170E+01
       557  3.235823E+01
       558  5.828234E+01
       559  1.168049E+01
       560  2.100107E+01
       561  1.168049E+01
       562  2.100107E+01
       563  3.235823E+01
       564  5.828234E+01
       565  3.152517E+01
       566  5.807170E+01
       567  3.129517E+01
       568  5.779423E+01
       569  3.115895E+01
       570  5.768646E+01
       571  4.785084E+02
       572  2.645107E+02
       573  1.160954E+02
       574  3.243906E+01
       575  1.303829E+01
       576  4.785084E+02
       577  2.645107E+02
       578  1.160954E+02
       579  3.243906E+01
       580  1.303829E+01
       581  2.828650E+01
       582  5.237936E+01
       583  2.842339E+01
       584  5.248794E+01
       585  2.865360E+01
       586  5.276558E+01
       587  2.948533E+01
       588  5.297619E+01
       589  1.063740E+01
       590  1.907375E+01
       591  1.063740E+01
       592  1.907375E+01
       593  2.948533E+01
       594  5.297619E+01
       595  2.865360E+01
       596  5.276558E+01
       597  2.842339E+01
       598  5.248794E+01
       599  2.828650E+01
       600  5.237936E+01
       601  4.326578E+02
       602  2.393141E+02
       603  1.052977E+02
       604  2.978519E+01
       605  1.228300E+01
       606  4.326578E+02
       607  2.393141E+02
       608  1.052977E+02
       609  2.978519E+01
       610  1.228300E+01
       611  2.556570E+01
       612  4.735032E+01
       613  2.570316E+01
       614  4.745961E+01
       615  2.593351E+01
       616  4.773734E+01
       617  2.676384E+01
       618  4.794788E+01
       619  9.649277E+00
       620  1.724736E+01
       621  9.649277E+00
       622  1.724736E+01
       623  2.676384E+01
       624  4.794788E+01
       625  2.593351E+01
       626  4.773734E+01
       627  2.570316E+01
       628  4.745961E+01
       629  2.556570E+01
       630  4.735032E+01
       631  3.892943E+02
       632  2.154850E+02
       633  9.508690E+01
       634  2.727682E+01
       635  1.157021E+01
       636  3.892943E+02
       637  2.154850E+02
       638  9.508690E+01
       639  2.727682E+01
       640  1.157021E+01
       641  2.299449E+01
       642  4.259598E+01
       643  2.313242E+01
       644  4.270582E+01
       645  2.336283E+01
       646  4.298349E+01
       647  2.419170E+01
       648  4.319384E+01
       649  8.715363E+00
       650  1.552059E+01
       651  8.715363E+00
       652  1.552059E+01
       653  2.419170E+01
       654  4.319384E+01
       655  2.336283E+01
       656  4.298349E+01
       657  2.313242E+01
       658  4.270582E+01
       659  2.299449E+01
       660  4.259598E+01
       661  3.483881E+02
       662  1.930069E+02
       663  8.545583E+01
       664  2.491193E+01
       665  1.089912E+01
       666  3.483881E+02
       667  1.930069E+02
       668  8.545583E+01
       669  2.491193E+01
       670  1.089912E+01
       671  2.057088E+01
       672  3.811274E+01
       673  2.070919E+01
       674  3.822299E+01
       675  2.093955E+01
       676  3.850048E+01
       677  2.176687E+01
       678  3.871055E+01
       679  7.834927E+00
       680  1.389217E+01
       681  7.834927E+00
       682  1.389217E+01
       683  2.176687E+01
       684  3.871055E+01
       685  2.093955E+01
       686  3.850048E+01
       687  2.070919E+01
       688  3.822299E+01
       689  2.057088E+01
       690  3.811274E+01
       691  3.099099E+02
       692  1.718637E+02
       693  7.639739E+01
       694  2.268852E+01
       695  1.026893E+01
       696  3.099099E+02
       697  1.718637E+02
       698  7.639739E+01
       699  2.268852E+01
       700  1.026893E+01
       701  1.829298E+01
       702  3.389676E+01
       703  1.843153E+01
       704  3.400743E+01
       705  1.866173E+01
       706  3.428475E+01
       707  1.948739E+01
       708  3.449453E+01
       709  7.007246E+00
       710  1.236085E+01
       711  7.007246E+00
       712  1.236085E+01
       713  1.948739E+01
       714  3.449453E+01
       715  1.866173E+01
       716  3.428475E+01
       717  1.843153E+01
       718  3.400743E+01
       719  1.829298E+01
       720  3.389676E+01
       721  2.738314E+02
       722  1.520396E+02
       723  6.790453E+01
       724  2.060456E+01
       725  9.678819E+00
       726  2.738314E+02
       727  1.520396E+02
       728  6.790453E+01
       729  2.060456E+01
       730  9.678819E+00
       731  1.615900E+01
       732  2.994387E+01
       733  1.629757E+01
       734  3.005524E+01
       735  1.652743E+01
       736  3.033269E+01
       737  1.735128E+01
       738  3.054235E+01
       739  6.231628E+00
       740  1.092540E+01
       741  6.231628E+00
       742  1.092540E+01
       743  1.735128E+01
       744  3.054235E+01
       745  1.652743E+01
       746  3.033269E+01
       747  1.629757E+01
       748  3.005524E+01
       749  1.615900E+01
       750  2.994387E+01
       751  2.401252E+02
       752  1.335192E+02
       753  5.997021E+01
       754  1.865790E+01
       755  9.128005E+00
       756  2.401252E+02
       757  1.335192E+02
       758  5.997021E+01
       759  1.865790E+01
       760  9.128005E+00
       761  1.416716E+01
       762  2.624949E+01
       763  1.430543E+01
       764  2.636235E+01
       765  1.453473E+01
       766  2.664074E+01
       767  1.535667E+01
       768  2.685072E+01
       769  5.507420E+00
       770  9.584656E+00
       771  5.507420E+00
       772  9.584656E+00
       773  1.535667E+01
       774  2.685072E+01
       775  1.453473E+01
       776  2.664074E+01
       777  1.430543E+01
       778  2.636235E+01
       779  1.416716E+01
       780  2.624949E+01
       781  2.087651E+02
       782  1.162873E+02
       783  5.258731E+01
       784  1.684636E+01
       785  8.615800E+00
       786  2.087651E+02
       787  1.162873E+02
       788  5.258731E+01
       789  1.684636E+01
       790  8.615800E+00
       791  1.231567E+01
       792  2.280867E+01
       793  1.245316E+01
       794  2.292451E+01
       795  1.268168E+01
       796  2.320540E+01
       797  1.350171E+01
       798  2.341659E+01
       799  4.834044E+00
       800  8.337536E+00
       801  4.834044E+00
       802  8.337536E+00
       803  1.350171E+01
       804  2.341659E+01
       805  1.268168E+01
       806  2.320540E+01
       807  1.245316E+01
       808  2.292451E+01
       809  1.231567E+01
       810  2.280867E+01
       811  1.797261E+02
       812  1.003292E+02
       813  4.574868E+01
       814  1.516776E+01
       815  8.141795E+00
       816  1.797261E+02
       817  1.003292E+02
       818  4.574868E+01
       819  1.516776E+01
       820  8.141795E+00
       821  1.060254E+01
       822  1.961648E+01
       823  1.073866E+01
       824  1.973766E+01
       825  1.096625E+01
       826  2.002350E+01
       827  1.178470E+01
       828  2.023732E+01
       829  4.211020E+00
       830  7.183082E+00
       831  4.211020E+00
       832  7.183082E+00
       833  1.178470E+01
       834  2.023732E+01
       835  1.096625E+01
       836  2.002350E+01
       837  1.073866E+01
       838  1.973766E+01
       839  1.060254E+01
       840  1.961648E+01
       841  1.529838E+02
       842  8.562970E+01
       843  3.944712E+01
       844  1.362022E+01
       845  7.706180E+00
       846  1.529838E+02
       847  8.562970E+01
       848  3.944712E+01
       849  1.362022E+01
       850  7.706180E+00
       851  9.025309E+00
       852  1.666902E+01
       853  9.159451E+00
       854  1.679855E+01
       855  9.386259E+00
       856  1.709256E+01
       857  1.020406E+01
       858  1.731082E+01
       859  3.637993E+00
       860  6.120485E+00
       861  3.637993E+00
       862  6.120485E+00
       863  1.020406E+01
       864  1.731082E+01
       865  9.386259E+00
       866  1.709256E+01
       867  9.159451E+00
       868  1.679855E+01
       869  9.025309E+00
       870  1.666902E+01
       871  1.285124E+02
       872  7.217309E+01
       873  3.367564E+01
       874  1.220278E+01
       875  7.310293E+00
       876  1.285124E+02
       877  7.217309E+01
       878  3.367564E+01
       879  1.220278E+01
       880  7.310293E+00
       881  7.580696E+00
       882  1.396520E+01
       883  7.712559E+00
       884  1.410589E+01
       885  7.939330E+00
       886  1.441124E+01
       887  8.758481E+00
       888  1.463571E+01
       889  3.114725E+00
       890  5.149082E+00
       891  3.114725E+00
       892  5.149082E+00
       893  8.758481E+00
       894  1.463571E+01
       895  7.939330E+00
       896  1.441124E+01
       897  7.712559E+00
       898  1.410589E+01
       899  7.580696E+00
       900  1.396520E+01
       901  1.062822E+02
       902  5.994182E+01
       903  2.842789E+01
       904  1.091641E+01
       905  6.957445E+00
       906  1.062822E+02
       907  5.994182E+01
       908  2.842789E+01
       909  1.091641E+01
       910  6.957445E+00
       911  6.264256E+00
       912  1.150945E+01
       913  6.394433E+00
       914  1.166188E+01
       915  6.623018E+00
       916  1.197980E+01
       917  7.447136E+00
       918  1.221125E+01
       919  2.641016E+00
       920  4.268304E+00
       921  2.641016E+00
       922  4.268304E+00
       923  7.447136E+00
       924  1.221125E+01
       925  6.623018E+00
       926  1.197980E+01
       927  6.394433E+00
       928  1.166188E+01
       929  6.264256E+00
       930  1.150945E+01
       931  8.625528E+01
       932  4.891569E+01
       933  2.369913E+01
       934  9.765409E+00
       935  6.653990E+00
       936  8.625528E+01
       937  4.891569E+01
       938  2.369913E+01
       939  9.765409E+00
       940  6.653990E+00
       941  5.070193E+00
       942  9.314691E+00
       943  5.201227E+00
       944  9.473487E+00
       945  5.435279E+00
       946  9.800009E+00
       947  6.270177E+00
       948  1.003679E+01
       949  2.216541E+00
       950  3.477520E+00
       951  2.216541E+00
       952  3.477520E+00
       953  6.270177E+00
       954  1.003679E+01
       955  5.435279E+00
       956  9.800009E+00
       957  5.201227E+00
       958  9.473487E+00
       959  5.070193E+00
       960  9.314691E+00
       961  6.838165E+01
       962  3.907177E+01
       963  1.948788E+01
       964  8.759133E+00
       965  6.410090E+00
       966  6.838165E+01
       967  3.907177E+01
       968  1.948788E+01
       969  8.759133E+00
       970  6.410090E+00
       971  3.992160E+00
       972  7.404000E+00
       973  4.130074E+00
       974  7.552337E+00
       975  4.375751E+00
       976  7.873749E+00
       977  5.229506E+00
       978  8.110156E+00
       979  1.840519E+00
       980  2.775670E+00
       981  1.840519E+00
       982  2.775670E+00
       983  5.229506E+00
       984  8.110156E+00
       985  4.375751E+00
       986  7.873749E+00
       987  4.130074E+00
       988  7.552337E+00
       989  3.992160E+00
       990  7.404000E+00
       991  5.259636E+01
       992  3.038719E+01
       993  1.579998E+01
       994  7.913084E+00
       995  6.238088E+00
       996  5.259636E+01
       997  3.038719E+01
       998  1.579998E+01
       999  7.913084E+00
      1000  6.238088E+00
      1001  3.027749E+00
      1002  5.809686E+00
      1003  3.183552E+00
      1004  5.912156E+00
      1005  3.448998E+00
      1006  6.199303E+00
      1007  4.329303E+00
      1008  6.424113E+00
      1009  1.511145E+00
      1010  2.160301E+00
      1011  1.511145E+00
      1012  2.160301E+00
      1013  4.329303E+00
      1014  6.424113E+00
      1015  3.448998E+00
      1016  6.199303E+00
      1017  3.183552E+00
      1018  5.912156E+00
      1019  3.027749E+00
      1020  5.809686E+00
      1021  3.881779E+01
      1022  2.284844E+01
      1023  1.265689E+01
      1024  7.247104E+00
      1025  6.143409E+00
      1026  3.881779E+01
      1027  2.284844E+01
      1028  1.265689E+01
      1029  7.247104E+00
      1030  6.143409E+00
      1031  2.195530E+00
      1032  4.571312E+00
      1033  2.383909E+00
      1034  4.565866E+00
      1035  2.672900E+00
      1036  4.766819E+00
      1037  3.575866E+00
      1038  4.961241E+00
      1039  1.224596E+00
      1040  1.625967E+00
      1041  1.224596E+00
      1042  1.625967E+00
      1043  3.575866E+00
      1044  4.961241E+00
      1045  2.672900E+00
      1046  4.766819E+00
      1047  2.383909E+00
      1048  4.565866E+00
      1049  2.195530E+00
      1050  4.571312E+00
      1051  2.695174E+01
      1052  1.647096E+01
      1053  1.010585E+01
      1054  6.776731E+00
      1055  6.101798E+00
      1056  2.695174E+01
      1057  1.647096E+01
      1058  1.010585E+01
      1059  6.776731E+00
      1060  6.101798E+00
      1061  1.583158E+00
      1062  3.745416E+00
      1063  1.812976E+00
      1064  3.535193E+00
      1065  2.103078E+00
      1066  3.564396E+00
      1067  2.985136E+00
      1068  3.696438E+00
      1069  9.742088E-01
      1070  1.164743E+00
      1071  9.742088E-01
      1072  1.164743E+00
      1073  2.985136E+00
      1074  3.696438E+00
      1075  2.103078E+00
      1076  3.564396E+00
      1077  1.812976E+00
      1078  3.535193E+00
      1079  1.583158E+00
      1080  3.745416E+00
      1081  1.692678E+01
      1082  1.131095E+01
      1083  8.204123E+00
      1084  6.488521E+00
      1085  6.043857E+00
      1086  1.692678E+01
      1087  1.131095E+01
      1088  8.204123E+00
      1089  6.488521E+00
      1090  6.043857E+00
      1091  1.441474E+00
      1092  3.427876E+00
      1093  1.696778E+00
      1094  2.897248E+00
      1095  1.896057E+00
      1096  2.632681E+00
      1097  2.640484E+00
      1098  2.653412E+00
      1099  7.518116E-01
      1100  7.893542E-01
      1101  7.518116E-01
      1102  7.893542E-01
      1103  2.640484E+00
      1104  2.653412E+00
      1105  1.896057E+00
      1106  2.632681E+00
      1107  1.696778E+00
      1108  2.897248E+00
      1109  1.441474E+00
      1110  3.427876E+00
      1111  8.870594E+00
      1112  7.397873E+00
      1113  6.906906E+00
      1114  6.341983E+00
      1115  5.926349E+00
      1116  8.870594E+00
      1117  7.397873E+00
      1118  6.906906E+00
      1119  6.341983E+00
      1120  5.926349E+00
      1121  2.178055E+00
      1122  3.720840E+00
      1123  2.461975E+00
      1124  2.870905E+00
      1125  2.452167E+00
      1126  2.259094E+00
      1127  2.969155E+00
      1128  2.144087E+00
      1129  5.729702E-01
      1130  6.430129E-01
      1131  5.729702E-01
      1132  6.430129E-01
      1133  2.969155E+00
      1134  2.144087E+00
      1135  2.452167E+00
      1136  2.259094E+00
      1137  2.461975E+00
      1138  2.870905E+00
      1139  2.178055E+00
      1140  3.720840E+00
      1141  3.272091E+00
      1142  4.421373E+00
      1143  5.744780E+00
      1144  6.304999E+00
      1145  6.124155E+00
      1146  3.272091E+00
      1147  4.421373E+00
      1148  5.744780E+00
      1149  6.304999E+00
      1150  6.124155E+00
      1151  3.662619E+00
      1152  4.247840E+00
      1153  4.206665E+00
      1154  3.533953E+00
      1155  4.335163E+00
      1156  3.188892E+00
      1157  5.493118E+00
      1158  3.529743E+00
      1159  5.135148E-01
      1160  1.467732E+00
      1161  5.135148E-01
      1162  1.467732E+00
      1163  5.493118E+00
      1164  3.529743E+00
      1165  4.335163E+00
      1166  3.188892E+00
      1167  4.206665E+00
      1168  3.533953E+00
      1169  3.662619E+00
      1170  4.247840E+00
      1171  6.166768E-01
      1172  1.943987E+00
      1173  4.032320E+00
      1174  6.640180E+00
      1175  9.712107E+00
      1176  6.166768E-01
      1177  1.943987E+00
      1178  4.032320E+00
      1179  6.640180E+00
      1180  9.712107E+00
      1181  4.369265E+00
      1182  4.068654E+00
      1183  5.445558E+00
      1184  4.108564E+00
      1185  7.510716E+00
      1186  6.055316E+00
      1187  1.679676E+01
      1188  1.248464E+01
      1189  1.046924E+00
      1190  7.803118E+00
      1191  1.046924E+00
      1192  7.803118E+00
      1193  1.679676E+01
      1194  1.248464E+01
      1195  7.510716E+00
      1196  6.055316E+00
      1197  5.445558E+00
      1198  4.108564E+00
      1199  4.369265E+00
      1200  4.068654E+00
      1201  5.209070E-03
      1202  1.182138E-01
      1203  6.475033E-01
      1204  2.736012E+00
      1205  7.569510E+00
      1206  5.209070E-03
      1207  1.182138E-01
      1208  6.475033E-01
      1209  2.736012E+00
      1210  7.569510E+00
      1211  1.691299E+00
      1212  2.505508E+00
      1213  2.386154E+00
      1214  2.430489E+00
      1215  4.374464E+00
      1216  5.455993E+00
      1217  1.711732E+01
      1218  1.522602E+01
      1219  1.397090E+00
      1220  1.129211E+01
      1221  1.397090E+00
      1222  1.129211E+01
      1223  1.711732E+01
      1224  1.522602E+01
      1225  4.374464E+00
      1226  5.455993E+00
      1227  2.386154E+00
      1228  2.430489E+00
      1229  1.691299E+00
      1230  2.505508E+00

                                INCREMENT     3


 displacements (vx,vy,vz) for set TIP_TOP and time  0.1175000E+01

      1991  3.120414E-01 -9.407573E-03 -1.228886E+01
      1992  3.117502E-01 -9.233235E-03 -1.226687E+01
      1995  3.110296E-01 -8.916924E-03 -1.224521E+01
      1998  3.104251E-01 -7.210607E-03 -1.222538E+01
      2000  3.101895E-01 -2.833841E-03 -1.221296E+01
      2002  3.101081E-01 -4.073008E-14 -1.221233E+01
      2004  3.101895E-01  2.833841E-03 -1.221296E+01
      2007  3.104251E-01  7.210607E-03 -1.222538E+01
      2010  3.110296E-01  8.916924E-03 -1.224521E+01
      2013  3.117502E-01  9.233235E-03 -1.226687E+01
      2016  3.120414E-01  9.407573E-03 -1.228886E+01

 forces (fx,fy,fz) for set CLAMP and time  0.1175000E+01

         1  1.722871E+04  1.583579E+04  7.205356E+03
         4  3.043075E+04  5.200599E-11  1.435603E+04
         5  2.483212E+04  2.560779E+04  1.051496E+03
         8  4.309392E+04  1.179558E-09  2.301393E+03
         9  1.811137E+04  1.912412E+04 -5.752722E+02
        12  3.151922E+04  1.256117E-09 -1.060141E+03
        13  1.064533E+04  1.107420E+04 -1.721686E+03
        16  1.851418E+04  2.124517E-10 -3.363527E+03
        17  2.891707E+03  2.829429E+03 -1.878739E+03
        20  4.948700E+03  2.609147E-10 -3.691387E+03
        21 -3.797734E+03 -1.555382E+03 -4.522544E+03
        24 -4.024911E+03 -1.515069E-11 -2.330231E+03
        26  1.722871E+04 -1.583579E+04  7.205356E+03
        28  2.483212E+04 -2.560779E+04  1.051496E+03
        30  1.811137E+04 -1.912412E+04 -5.752722E+02
        32  1.064533E+04 -1.107420E+04 -1.721686E+03
        34  2.891707E+03 -2.829429E+03 -1.878739E+03
        36 -3.797734E+03  1.555382E+03 -4.522544E+03
        37 -3.606573E+03 -1.973479E+03 -4.265234E+03
        40 -3.901159E+03 -8.251160E+02 -7.032080E+03
        41 -9.753432E+03 -4.825736E+03 -1.724104E+03
        44 -1.403741E+04 -1.922201E+03 -3.282241E+03
        45 -7.131226E+03 -2.867706E+03  5.465706E+03
        48 -1.207521E+04 -1.099309E+03  1.000517E+04
        50 -3.111163E+03 -8.077371E+02 -6.388054E+03
        52 -1.342284E+04 -1.713334E+03 -3.360238E+03
        54 -1.231406E+04 -9.076397E+02  9.729613E+03
        56 -3.187137E+03 -5.908981E+02 -6.489771E+03
        58 -1.371440E+04 -1.160219E+03 -3.393796E+03
        60 -1.260373E+04 -5.778812E+02  9.902833E+03
        62 -9.616261E+03 -4.343750E+02 -2.233620E+03
        64 -8.743142E+03 -2.039412E+02  6.913752E+03
        66 -5.180844E+03  7.410105E-11 -1.172140E+03
        68 -4.688531E+03 -3.290296E-11  3.726635E+03
        70 -9.616261E+03  4.343750E+02 -2.233620E+03
        72 -8.743142E+03  2.039412E+02  6.913752E+03
        74 -3.187137E+03  5.908981E+02 -6.489771E+03
        76 -1.371440E+04  1.160219E+03 -3.393796E+03
        78 -1.260373E+04  5.778812E+02  9.902833E+03
        80 -3.111163E+03  8.077371E+02 -6.388054E+03
        82 -1.342284E+04  1.713334E+03 -3.360238E+03
        84 -1.231406E+04  9.076397E+02  9.729613E+03
        86 -3.901159E+03  8.251160E+02 -7.032080E+03
        88 -1.403741E+04  1.922201E+03 -3.282241E+03
        90 -1.207521E+04  1.099309E+03  1.000517E+04
        92 -3.606573E+03  1.973479E+03 -4.265234E+03
        94 -9.753432E+03  4.825736E+03 -1.724104E+03
        96 -7.131226E+03  2.867706E+03  5.465706E+03

 internal energy (element, energy) for set EALL and time  0.1175000E+01

         1  1.062566E+03
         2  5.191329E+02
         3  2.263346E+02
         4  5.347888E+01
         5  1.053294E+01
         6  1.062566E+03
         7  5.191329E+02
         8  2.263346E+02
         9  5.347888E+01
        10  1.053294E+01
        11  6.055135E+01
        12  1.147484E+02
        13  4.670430E+01
        14  9.865204E+01
        15  4.502134E+01
        16  9.857678E+01
        17  4.745045E+01
        18  1.021576E+02
        19  1.799910E+01
        20  3.814567E+01
        21  1.799910E+01
        22  3.814567E+01
        23  4.745045E+01
        24  1.021576E+02
        25  4.502134E+01
        26  9.857678E+01
        27  4.670430E+01
        28  9.865204E+01
        29  6.055135E+01
        30  1.147484E+02
        31  1.533318E+03
        32  7.531670E+02
        33  2.832026E+02
        34  6.852612E+01
        35  1.704952E+01
        36  1.533318E+03
        37  7.531670E+02
        38  2.832026E+02
        39  6.852612E+01
        40  1.704952E+01
        41  5.143222E+01
        42  1.106101E+02
        43  5.615523E+01
        44  1.170442E+02
        45  5.632494E+01
        46  1.174856E+02
        47  6.047106E+01
        48  1.226211E+02
        49  2.315065E+01
        50  4.584126E+01
        51  2.315065E+01
        52  4.584126E+01
        53  6.047106E+01
        54  1.226211E+02
        55  5.632494E+01
        56  1.174856E+02
        57  5.615523E+01
        58  1.170442E+02
        59  5.143222E+01
        60  1.106101E+02
        61  1.408767E+03
        62  7.291747E+02
        63  3.160467E+02
        64  8.165706E+01
        65  2.423905E+01
        66  1.408767E+03
        67  7.291747E+02
        68  3.160467E+02
        69  8.165706E+01
        70  2.423905E+01
        71  5.476736E+01
        72  1.150524E+02
        73  6.127944E+01
        74  1.242348E+02
        75  6.514562E+01
        76  1.299851E+02
        77  6.902535E+01
        78  1.347990E+02
        79  2.562515E+01
        80  4.975080E+01
        81  2.562515E+01
        82  4.975080E+01
        83  6.902535E+01
        84  1.347990E+02
        85  6.514562E+01
        86  1.299851E+02
        87  6.127944E+01
        88  1.242348E+02
        89  5.476736E+01
        90  1.150524E+02
        91  1.408104E+03
        92  7.539283E+02
        93  3.402744E+02
        94  9.341118E+01
        95  3.068016E+01
        96  1.408104E+03
        97  7.539283E+02
        98  3.402744E+02
        99  9.341118E+01
       100  3.068016E+01
       101  6.927120E+01
       102  1.283698E+02
       103  7.319942E+01
       104  1.341995E+02
       105  7.669198E+01
       106  1.393752E+02
       107  7.920857E+01
       108  1.421399E+02
       109  2.865017E+01
       110  5.158656E+01
       111  2.865017E+01
       112  5.158656E+01
       113  7.920857E+01
       114  1.421399E+02
       115  7.669198E+01
       116  1.393752E+02
       117  7.319942E+01
       118  1.341995E+02
       119  6.927120E+01
       120  1.283698E+02
       121  1.252283E+03
       122  6.712993E+02
       123  2.995194E+02
       124  8.117137E+01
       125  2.611870E+01
       126  1.252283E+03
       127  6.712993E+02
       128  2.995194E+02
       129  8.117137E+01
       130  2.611870E+01
       131  6.708008E+01
       132  1.258724E+02
       133  6.834805E+01
       134  1.277530E+02
       135  6.971221E+01
       136  1.296846E+02
       137  7.105726E+01
       138  1.303929E+02
       139  2.571106E+01
       140  4.710581E+01
       141  2.571106E+01
       142  4.710581E+01
       143  7.105726E+01
       144  1.303929E+02
       145  6.971221E+01
       146  1.296846E+02
       147  6.834805E+01
       148  1.277530E+02
       149  6.708008E+01
       150  1.258724E+02
       151  1.151393E+03
       152  6.155385E+02
       153  2.694411E+02
       154  7.182163E+01
       155  2.330642E+01
       156  1.151393E+03
       157  6.155385E+02
       158  2.694411E+02
       159  7.182163E+01
       160  2.330642E+01
       161  6.370451E+01
       162  1.198219E+02
       163  6.387179E+01
       164  1.197161E+02
       165  6.423930E+01
       166  1.197708E+02
       167  6.504628E+01
       168  1.194695E+02
       169  2.354469E+01
       170  4.308559E+01
       171  2.354469E+01
       172  4.308559E+01
       173  6.504628E+01
       174  1.194695E+02
       175  6.423930E+01
       176  1.197708E+02
       177  6.387179E+01
       178  1.197161E+02
       179  6.370451E+01
       180  1.198219E+02
       181  1.046397E+03
       182  5.648681E+02
       183  2.464366E+02
       184  6.520514E+01
       185  2.148866E+01
       186  1.046397E+03
       187  5.648681E+02
       188  2.464366E+02
       189  6.520514E+01
       190  2.148866E+01
       191  5.973675E+01
       192  1.119402E+02
       193  5.967706E+01
       194  1.113830E+02
       195  5.973338E+01
       196  1.109422E+02
       197  6.030820E+01
       198  1.104843E+02
       199  2.180239E+01
       200  3.985109E+01
       201  2.180239E+01
       202  3.985109E+01
       203  6.030820E+01
       204  1.104843E+02
       205  5.973338E+01
       206  1.109422E+02
       207  5.967706E+01
       208  1.113830E+02
       209  5.973675E+01
       210  1.119402E+02
       211  9.350995E+02
       212  5.185420E+02
       213  2.268883E+02
       214  5.990234E+01
       215  1.998637E+01
       216  9.350995E+02
       217  5.185420E+02
       218  2.268883E+02
       219  5.990234E+01
       220  1.998637E+01
       221  5.578702E+01
       222  1.039279E+02
       223  5.574225E+01
       224  1.034875E+02
       225  5.574533E+01
       226  1.031166E+02
       227  5.623189E+01
       228  1.027263E+02
       229  2.030977E+01
       230  3.705919E+01
       231  2.030977E+01
       232  3.705919E+01
       233  5.623189E+01
       234  1.027263E+02
       235  5.574533E+01
       236  1.031166E+02
       237  5.574225E+01
       238  1.034875E+02
       239  5.578702E+01
       240  1.039279E+02
       241  8.662138E+02
       242  4.803338E+02
       243  2.096532E+02
       244  5.519415E+01
       245  1.862811E+01
       246  8.662138E+02
       247  4.803338E+02
       248  2.096532E+02
       249  5.519415E+01
       250  1.862811E+01
       251  5.202832E+01
       252  9.645758E+01
       253  5.203230E+01
       254  9.621895E+01
       255  5.206403E+01
       256  9.603682E+01
       257  5.254014E+01
       258  9.579404E+01
       259  1.896961E+01
       260  3.457668E+01
       261  1.896961E+01
       262  3.457668E+01
       263  5.254014E+01
       264  9.579404E+01
       265  5.206403E+01
       266  9.603682E+01
       267  5.203230E+01
       268  9.621895E+01
       269  5.202832E+01
       270  9.645758E+01
       271  8.129713E+02
       272  4.482137E+02
       273  1.946928E+02
       274  5.111855E+01
       275  1.746056E+01
       276  8.129713E+02
       277  4.482137E+02
       278  1.946928E+02
       279  5.111855E+01
       280  1.746056E+01
       281  4.848367E+01
       282  8.962685E+01
       283  4.852791E+01
       284  8.954738E+01
       285  4.860691E+01
       286  8.954668E+01
       287  4.912702E+01
       288  8.948234E+01
       289  1.774736E+01
       290  3.232602E+01
       291  1.774736E+01
       292  3.232602E+01
       293  4.912702E+01
       294  8.948234E+01
       295  4.860691E+01
       296  8.954668E+01
       297  4.852791E+01
       298  8.954738E+01
       299  4.848367E+01
       300  8.962685E+01
       301  7.591434E+02
       302  4.183329E+02
       303  1.814463E+02
       304  4.765801E+01
       305  1.647230E+01
       306  7.591434E+02
       307  4.183329E+02
       308  1.814463E+02
       309  4.765801E+01
       310  1.647230E+01
       311  4.513259E+01
       312  8.333653E+01
       313  4.520484E+01
       314  8.335858E+01
       315  4.532633E+01
       316  8.348589E+01
       317  4.590040E+01
       318  8.355712E+01
       319  1.659460E+01
       320  3.020447E+01
       321  1.659460E+01
       322  3.020447E+01
       323  4.590040E+01
       324  8.355712E+01
       325  4.532633E+01
       326  8.348589E+01
       327  4.520484E+01
       328  8.335858E+01
       329  4.513259E+01
       330  8.333653E+01
       331  7.067252E+02
       332  3.895536E+02
       333  1.690482E+02
       334  4.455117E+01
       335  1.558323E+01
       336  7.067252E+02
       337  3.895536E+02
       338  1.690482E+02
       339  4.455117E+01
       340  1.558323E+01
       341  4.195243E+01
       342  7.746141E+01
       343  4.204157E+01
       344  7.753381E+01
       345  4.219126E+01
       346  7.772642E+01
       347  4.280026E+01
       348  7.786485E+01
       349  1.548038E+01
       350  2.815114E+01
       351  1.548038E+01
       352  2.815114E+01
       353  4.280026E+01
       354  7.786485E+01
       355  4.219126E+01
       356  7.772642E+01
       357  4.204157E+01
       358  7.753381E+01
       359  4.195243E+01
       360  7.746141E+01
       361  6.563346E+02
       362  3.618779E+02
       363  1.571797E+02
       364  4.161711E+01
       365  1.474150E+01
       366  6.563346E+02
       367  3.618779E+02
       368  1.571797E+02
       369  4.161711E+01
       370  1.474150E+01
       371  3.892451E+01
       372  7.190355E+01
       373  3.902180E+01
       374  7.199184E+01
       375  3.918592E+01
       376  7.220632E+01
       377  3.981030E+01
       378  7.236629E+01
       379  1.439973E+01
       380  2.615819E+01
       381  1.439973E+01
       382  2.615819E+01
       383  3.981030E+01
       384  7.236629E+01
       385  3.918592E+01
       386  7.220632E+01
       387  3.902180E+01
       388  7.199184E+01
       389  3.892451E+01
       390  7.190355E+01
       391  6.080206E+02
       392  3.353296E+02
       393  1.457975E+02
       394  3.880846E+01
       395  1.393384E+01
       396  6.080206E+02
       397  3.353296E+02
       398  1.457975E+02
       399  3.880846E+01
       400  1.393384E+01
       401  3.603488E+01
       402  6.660349E+01
       403  3.613518E+01
       404  6.669197E+01
       405  3.630520E+01
       406  6.690872E+01
       407  3.693459E+01
       408  6.707179E+01
       409  1.335749E+01
       410  2.423575E+01
       411  1.335749E+01
       412  2.423575E+01
       413  3.693459E+01
       414  6.707179E+01
       415  3.630520E+01
       416  6.690872E+01
       417  3.613518E+01
       418  6.669197E+01
       419  3.603488E+01
       420  6.660349E+01
       421  5.617609E+02
       422  3.099036E+02
       423  1.348949E+02
       424  3.611935E+01
       425  1.316040E+01
       426  5.617609E+02
       427  3.099036E+02
       428  1.348949E+02
       429  3.611935E+01
       430  1.316040E+01
       431  3.327461E+01
       432  6.153301E+01
       433  3.337587E+01
       434  6.161801E+01
       435  3.354795E+01
       436  6.183190E+01
       437  3.417835E+01
       438  6.199352E+01
       439  1.235751E+01
       440  2.239105E+01
       441  1.235751E+01
       442  2.239105E+01
       443  3.417835E+01
       444  6.199352E+01
       445  3.354795E+01
       446  6.183190E+01
       447  3.337587E+01
       448  6.161801E+01
       449  3.327461E+01
       450  6.153301E+01
       451  5.175223E+02
       452  2.855875E+02
       453  1.244683E+02
       454  3.354898E+01
       455  1.242216E+01
       456  5.175223E+02
       457  2.855875E+02
       458  1.244683E+02
       459  3.354898E+01
       460  1.242216E+01
       461  3.063861E+01
       462  5.668171E+01
       463  3.074038E+01
       464  5.676418E+01
       465  3.091320E+01
       466  5.697546E+01
       467  3.154329E+01
       468  5.713555E+01
       469  1.140109E+01
       470  2.062633E+01
       471  1.140109E+01
       472  2.062633E+01
       473  3.154329E+01
       474  5.713555E+01
       475  3.091320E+01
       476  5.697546E+01
       477  3.074038E+01
       478  5.676418E+01
       479  3.063861E+01
       480  5.668171E+01
       481  4.752769E+02
       482  2.623676E+02
       483  1.145128E+02
       484  3.109626E+01
       485  1.171913E+01
       486  4.752769E+02
       487  2.623676E+02
       488  1.145128E+02
       489  3.109626E+01
       490  1.171913E+01
       491  2.812396E+01
       492  5.204652E+01
       493  2.822623E+01
       494  5.212801E+01
       495  2.839940E+01
       496  5.233794E+01
       497  2.902876E+01
       498  5.249719E+01
       499  1.048826E+01
       500  1.894146E+01
       501  1.048826E+01
       502  1.894146E+01
       503  2.902876E+01
       504  5.249719E+01
       505  2.839940E+01
       506  5.233794E+01
       507  2.822623E+01
       508  5.212801E+01
       509  2.812396E+01
       510  5.204652E+01
       511  4.349988E+02
       512  2.402299E+02
       513  1.050224E+02
       514  2.875956E+01
       515  1.105073E+01
       516  4.349988E+02
       517  2.402299E+02
       518  1.050224E+02
       519  2.875956E+01
       520  1.105073E+01
       521  2.572858E+01
       522  4.762621E+01
       523  2.583136E+01
       524  4.770770E+01
       525  2.600477E+01
       526  4.791718E+01
       527  2.663323E+01
       528  4.807611E+01
       529  9.618550E+00
       530  1.733559E+01
       531  9.618550E+00
       532  1.733559E+01
       533  2.663323E+01
       534  4.807611E+01
       535  2.600477E+01
       536  4.791718E+01
       537  2.583136E+01
       538  4.770770E+01
       539  2.572858E+01
       540  4.762621E+01
       541  3.966636E+02
       542  2.191609E+02
       543  9.599108E+01
       544  2.653719E+01
       545  1.041626E+01
       546  3.966636E+02
       547  2.191609E+02
       548  9.599108E+01
       549  2.653719E+01
       550  1.041626E+01
       551  2.345066E+01
       552  4.341941E+01
       553  2.355392E+01
       554  4.350133E+01
       555  2.372750E+01
       556  4.371078E+01
       557  2.435498E+01
       558  4.386964E+01
       559  8.791388E+00
       560  1.580769E+01
       561  8.791388E+00
       562  1.580769E+01
       563  2.435498E+01
       564  4.386964E+01
       565  2.372750E+01
       566  4.371078E+01
       567  2.355392E+01
       568  4.350133E+01
       569  2.345066E+01
       570  4.341941E+01
       571  3.602473E+02
       572  1.991472E+02
       573  8.741296E+01
       574  2.442749E+01
       575  9.815040E+00
       576  3.602473E+02
       577  1.991472E+02
       578  8.741296E+01
       579  2.442749E+01
       580  9.815040E+00
       581  2.128853E+01
       582  3.942426E+01
       583  2.139220E+01
       584  3.950669E+01
       585  2.156589E+01
       586  3.971622E+01
       587  2.219233E+01
       588  3.987505E+01
       589  8.006184E+00
       590  1.435677E+01
       591  8.006184E+00
       592  1.435677E+01
       593  2.219233E+01
       594  3.987505E+01
       595  2.156589E+01
       596  3.971622E+01
       597  2.139220E+01
       598  3.950669E+01
       599  2.128853E+01
       600  3.942426E+01
       601  3.257266E+02
       602  1.801758E+02
       603  7.928239E+01
       604  2.242891E+01
       605  9.246431E+00
       606  3.257266E+02
       607  1.801758E+02
       608  7.928239E+01
       609  2.242891E+01
       610  9.246431E+00
       611  1.924055E+01
       612  3.563847E+01
       613  1.934457E+01
       614  3.572136E+01
       615  1.951832E+01
       616  3.593091E+01
       617  2.014368E+01
       618  3.608966E+01
       619  7.262360E+00
       620  1.298183E+01
       621  7.262360E+00
       622  1.298183E+01
       623  2.014368E+01
       624  3.608966E+01
       625  1.951832E+01
       626  3.593091E+01
       627  1.934457E+01
       628  3.572136E+01
       629  1.924055E+01
       630  3.563847E+01
       631  2.930785E+02
       632  1.622342E+02
       633  7.159385E+01
       634  2.053990E+01
       635  8.709820E+00
       636  2.930785E+02
       637  1.622342E+02
       638  7.159385E+01
       639  2.053990E+01
       640  8.709820E+00
       641  1.730519E+01
       642  3.205953E+01
       643  1.740950E+01
       644  3.214275E+01
       645  1.758324E+01
       646  3.235220E+01
       647  1.820747E+01
       648  3.251079E+01
       649  6.559353E+00
       650  1.168191E+01
       651  6.559353E+00
       652  1.168191E+01
       653  1.820747E+01
       654  3.251079E+01
       655  1.758324E+01
       656  3.235220E+01
       657  1.740950E+01
       658  3.214275E+01
       659  1.730519E+01
       660  3.205953E+01
       661  2.622807E+02
       662  1.453099E+02
       663  6.434191E+01
       664  1.875897E+01
       665  8.204605E+00
       666  2.622807E+02
       667  1.453099E+02
       668  6.434191E+01
       669  1.875897E+01
       670  8.204605E+00
       671  1.548094E+01
       672  2.868472E+01
       673  1.558547E+01
       674  2.876817E+01
       675  1.575914E+01
       676  2.897742E+01
       677  1.638218E+01
       678  2.913578E+01
       679  5.896608E+00
       680  1.045604E+01
       681  5.896608E+00
       682  1.045604E+01
       683  1.638218E+01
       684  2.913578E+01
       685  1.575914E+01
       686  2.897742E+01
       687  1.558547E+01
       688  2.876817E+01
       689  1.548094E+01
       690  2.868472E+01
       691  2.333112E+02
       692  1.293908E+02
       693  5.752121E+01
       694  1.708461E+01
       695  7.730181E+00
       696  2.333112E+02
       697  1.293908E+02
       698  5.752121E+01
       699  1.708461E+01
       700  7.730181E+00
       701  1.376639E+01
       702  2.551114E+01
       703  1.387104E+01
       704  2.559482E+01
       705  1.404455E+01
       706  2.580390E+01
       707  1.466630E+01
       708  2.596202E+01
       709  5.273584E+00
       710  9.303281E+00
       711  5.273584E+00
       712  9.303281E+00
       713  1.466630E+01
       714  2.596202E+01
       715  1.404455E+01
       716  2.580390E+01
       717  1.387104E+01
       718  2.559482E+01
       719  1.376639E+01
       720  2.551114E+01
       721  2.061484E+02
       722  1.144650E+02
       723  5.112643E+01
       724  1.551527E+01
       725  7.285939E+00
       726  2.061484E+02
       727  1.144650E+02
       728  5.112643E+01
       729  1.551527E+01
       730  7.285939E+00
       731  1.216018E+01
       732  2.253564E+01
       733  1.226479E+01
       734  2.261979E+01
       735  1.243802E+01
       736  2.282892E+01
       737  1.305838E+01
       738  2.298692E+01
       739  4.689756E+00
       740  8.222709E+00
       741  4.689756E+00
       742  8.222709E+00
       743  1.305838E+01
       744  2.298692E+01
       745  1.243802E+01
       746  2.282892E+01
       747  1.226479E+01
       748  2.261979E+01
       749  1.216018E+01
       750  2.253564E+01
       751  1.807719E+02
       752  1.005209E+02
       753  4.515225E+01
       754  1.404934E+01
       755  6.871284E+00
       756  1.807719E+02
       757  1.005209E+02
       758  4.515225E+01
       759  1.404934E+01
       760  6.871284E+00
       761  1.066097E+01
       762  1.975476E+01
       763  1.076531E+01
       764  1.983998E+01
       765  1.093809E+01
       766  2.004977E+01
       767  1.155699E+01
       768  2.020800E+01
       769  4.144635E+00
       770  7.213444E+00
       771  4.144635E+00
       772  7.213444E+00
       773  1.155699E+01
       774  2.020800E+01
       775  1.093809E+01
       776  2.004977E+01
       777  1.076531E+01
       778  1.983998E+01
       779  1.066097E+01
       780  1.975476E+01
       781  1.571620E+02
       782  8.754707E+01
       783  3.959333E+01
       784  1.268517E+01
       785  6.485699E+00
       786  1.571620E+02
       787  8.754707E+01
       788  3.959333E+01
       789  1.268517E+01
       790  6.485699E+00
       791  9.267424E+00
       792  1.716478E+01
       793  9.371141E+00
       794  1.725220E+01
       795  9.543299E+00
       796  1.746384E+01
       797  1.016075E+01
       798  1.762296E+01
       799  3.637785E+00
       800  6.274673E+00
       801  3.637785E+00
       802  6.274673E+00
       803  1.016075E+01
       804  1.762296E+01
       805  9.543299E+00
       806  1.746384E+01
       807  9.371141E+00
       808  1.725220E+01
       809  9.267424E+00
       810  1.716478E+01
       811  1.352997E+02
       812  7.553232E+01
       813  3.444426E+01
       814  1.142111E+01
       815  6.128876E+00
       816  1.352997E+02
       817  7.553232E+01
       818  3.444426E+01
       819  1.142111E+01
       820  6.128876E+00
       821  7.978032E+00
       822  1.476200E+01
       823  8.080681E+00
       824  1.485339E+01
       825  8.252122E+00
       826  1.506873E+01
       827  8.868361E+00
       828  1.522981E+01
       829  3.168845E+00
       830  5.405674E+00
       831  3.168845E+00
       832  5.405674E+00
       833  8.868361E+00
       834  1.522981E+01
       835  8.252122E+00
       836  1.506873E+01
       837  8.080681E+00
       838  1.485339E+01
       839  7.978032E+00
       840  1.476200E+01
       841  1.151666E+02
       842  6.446533E+01
       843  2.969961E+01
       844  1.025576E+01
       845  5.800958E+00
       846  1.151666E+02
       847  6.446533E+01
       848  2.969961E+01
       849  1.025576E+01
       850  5.800958E+00
       851  6.790943E+00
       852  1.254347E+01
       853  6.892076E+00
       854  1.264111E+01
       855  7.062911E+00
       856  1.286258E+01
       857  7.678653E+00
       858  1.302699E+01
       859  2.737547E+00
       860  4.605839E+00
       861  2.737547E+00
       862  4.605839E+00
       863  7.678653E+00
       864  1.302699E+01
       865  7.062911E+00
       866  1.286258E+01
       867  6.892076E+00
       868  1.264111E+01
       869  6.790943E+00
       870  1.254347E+01
       871  9.674344E+01
       872  5.433417E+01
       873  2.535412E+01
       874  9.188394E+00
       875  5.502952E+00
       876  9.674344E+01
       877  5.433417E+01
       878  2.535412E+01
       879  9.188394E+00
       880  5.502952E+00
       881  5.703692E+00
       882  1.050837E+01
       883  5.803085E+00
       884  1.061438E+01
       885  5.973880E+00
       886  1.084436E+01
       887  6.590633E+00
       888  1.101344E+01
       889  2.343710E+00
       890  3.874667E+00
       891  2.343710E+00
       892  3.874667E+00
       893  6.590633E+00
       894  1.101344E+01
       895  5.973880E+00
       896  1.084436E+01
       897  5.803085E+00
       898  1.061438E+01
       899  5.703692E+00
       900  1.050837E+01
       901  8.000765E+01
       902  4.512561E+01
       903  2.140300E+01
       904  8.219719E+00
       905  5.237353E+00
       906  8.000765E+01
       907  4.512561E+01
       908  2.140300E+01
       909  8.219719E+00
       910  5.237353E+00
       911  4.712930E+00
       912  8.660039E+00
       913  4.811035E+00
       914  8.774864E+00
       915  4.983187E+00
       916  9.014285E+00
       917  5.603676E+00
       918  9.188611E+00
       919  1.987187E+00
       920  3.211729E+00
       921  1.987187E+00
       922  3.211729E+00
       923  5.603676E+00
       924  9.188611E+00
       925  4.983187E+00
       926  9.014285E+00
       927  4.811035E+00
       928  8.774864E+00
       929  4.712930E+00
       930  8.660039E+00
       931  6.493072E+01
       932  3.682447E+01
       933  1.784266E+01
       934  7.352990E+00
       935  5.008942E+00
       936  6.493072E+01
       937  3.682447E+01
       938  1.784266E+01
       939  7.352990E+00
       940  5.008942E+00
       941  3.814298E+00
       942  7.008201E+00
       943  3.913032E+00
       944  7.127800E+00
       945  4.089292E+00
       946  7.373683E+00
       947  4.717898E+00
       948  7.552010E+00
       949  1.667729E+00
       950  2.616548E+00
       951  1.667729E+00
       952  2.616548E+00
       953  4.717898E+00
       954  7.552010E+00
       955  4.089292E+00
       956  7.373683E+00
       957  3.913032E+00
       958  7.127800E+00
       959  3.814298E+00
       960  7.008201E+00
       961  5.147503E+01
       962  2.941344E+01
       963  1.467201E+01
       964  6.595240E+00
       965  4.825370E+00
       966  5.147503E+01
       967  2.941344E+01
       968  1.467201E+01
       969  6.595240E+00
       970  4.825370E+00
       971  3.003025E+00
       972  5.570230E+00
       973  3.106923E+00
       974  5.681934E+00
       975  3.291926E+00
       976  5.923953E+00
       977  3.934726E+00
       978  6.101995E+00
       979  1.384749E+00
       980  2.088324E+00
       981  1.384749E+00
       982  2.088324E+00
       983  3.934726E+00
       984  6.101995E+00
       985  3.291926E+00
       986  5.923953E+00
       987  3.106923E+00
       988  5.681934E+00
       989  3.003025E+00
       990  5.570230E+00
       991  3.959162E+01
       992  2.287531E+01
       993  1.189540E+01
       994  5.958139E+00
       995  4.695929E+00
       996  3.959162E+01
       997  2.287531E+01
       998  1.189540E+01
       999  5.958139E+00
      1000  4.695929E+00
      1001  2.277312E+00
      1002  4.370427E+00
      1003  2.394659E+00
      1004  4.447588E+00
      1005  2.594527E+00
      1006  4.663798E+00
      1007  3.257304E+00
      1008  4.833103E+00
      1009  1.136886E+00
      1010  1.625206E+00
      1011  1.136886E+00
      1012  1.625206E+00
      1013  3.257304E+00
      1014  4.833103E+00
      1015  2.594527E+00
      1016  4.663798E+00
      1017  2.394659E+00
      1018  4.447588E+00
      1019  2.277312E+00
      1020  4.370427E+00
      1021  2.921905E+01
      1022  1.719988E+01
      1023  9.528999E+00
      1024  5.456617E+00
      1025  4.624699E+00
      1026  2.921905E+01
      1027  1.719988E+01
      1028  9.528999E+00
      1029  5.456617E+00
      1030  4.624699E+00
      1031  1.651158E+00
      1032  3.438547E+00
      1033  1.793002E+00
      1034  3.434471E+00
      1035  2.010563E+00
      1036  3.585790E+00
      1037  2.690370E+00
      1038  3.732215E+00
      1039  9.212641E-01
      1040  1.223091E+00
      1041  9.212641E-01
      1042  1.223091E+00
      1043  2.690370E+00
      1044  3.732215E+00
      1045  2.010563E+00
      1046  3.585790E+00
      1047  1.793002E+00
      1048  3.434471E+00
      1049  1.651158E+00
      1050  3.438547E+00
      1051  2.028640E+01
      1052  1.239877E+01
      1053  7.608341E+00
      1054  5.102357E+00
      1055  4.593415E+00
      1056  2.028640E+01
      1057  1.239877E+01
      1058  7.608341E+00
      1059  5.102357E+00
      1060  4.593415E+00
      1061  1.190572E+00
      1062  2.817098E+00
      1063  1.363575E+00
      1064  2.658909E+00
      1065  1.581918E+00
      1066  2.680959E+00
      1067  2.245924E+00
      1068  2.780430E+00
      1069  7.328667E-01
      1070  8.760117E-01
      1071  7.328667E-01
      1072  8.760117E-01
      1073  2.245924E+00
      1074  2.780430E+00
      1075  1.581918E+00
      1076  2.680959E+00
      1077  1.363575E+00
      1078  2.658909E+00
      1079  1.190572E+00
      1080  2.817098E+00
      1081  1.273996E+01
      1082  8.514261E+00
      1083  6.176483E+00
      1084  4.885215E+00
      1085  4.549844E+00
      1086  1.273996E+01
      1087  8.514261E+00
      1088  6.176483E+00
      1089  4.885215E+00
      1090  4.549844E+00
      1091  1.084372E+00
      1092  2.578176E+00
      1093  1.276523E+00
      1094  2.178907E+00
      1095  1.426427E+00
      1096  1.979893E+00
      1097  1.986754E+00
      1098  1.995604E+00
      1099  5.655437E-01
      1100  5.935536E-01
      1101  5.655437E-01
      1102  5.935536E-01
      1103  1.986754E+00
      1104  1.995604E+00
      1105  1.426427E+00
      1106  1.979893E+00
      1107  1.276523E+00
      1108  2.178907E+00
      1109  1.084372E+00
      1110  2.578176E+00
      1111  6.675937E+00
      1112  5.568461E+00
      1113  5.199616E+00
      1114  4.774694E+00
      1115  4.461457E+00
      1116  6.675937E+00
      1117  5.568461E+00
      1118  5.199616E+00
      1119  4.774694E+00
      1120  4.461457E+00
      1121  1.639226E+00
      1122  2.798571E+00
      1123  1.852902E+00
      1124  2.159116E+00
      1125  1.845390E+00
      1126  1.698898E+00
      1127  2.234533E+00
      1128  1.612567E+00
      1129  4.310188E-01
      1130  4.835569E-01
      1131  4.310188E-01
      1132  4.835569E-01
      1133  2.234533E+00
      1134  1.612567E+00
      1135  1.845390E+00
      1136  1.698898E+00
      1137  1.852902E+00
      1138  2.159116E+00
      1139  1.639226E+00
      1140  2.798571E+00
      1141  2.462286E+00
      1142  3.327699E+00
      1143  4.324269E+00
      1144  4.746572E+00
      1145  4.610599E+00
      1146  2.462286E+00
      1147  3.327699E+00
      1148  4.324269E+00
      1149  4.746572E+00
      1150  4.610599E+00
      1151  2.756881E+00
      1152  3.194920E+00
      1153  3.166306E+00
      1154  2.657954E+00
      1155  3.262940E+00
      1156  2.398766E+00
      1157  4.134838E+00
      1158  2.655953E+00
      1159  3.863641E-01
      1160  1.104583E+00
      1161  3.863641E-01
      1162  1.104583E+00
      1163  4.134838E+00
      1164  2.655953E+00
      1165  3.262940E+00
      1166  2.398766E+00
      1167  3.166306E+00
      1168  2.657954E+00
      1169  2.756881E+00
      1170  3.194920E+00
      1171  4.639820E-01
      1172  1.462839E+00
      1173  3.034614E+00
      1174  4.997996E+00
      1175  7.311517E+00
      1176  4.639820E-01
      1177  1.462839E+00
      1178  3.034614E+00
      1179  4.997996E+00
      1180  7.311517E+00
      1181  3.288616E+00
      1182  3.060199E+00
      1183  4.098520E+00
      1184  3.090454E+00
      1185  5.652775E+00
      1186  4.556450E+00
      1187  1.264305E+01
      1188  9.396453E+00
      1189  7.879097E-01
      1190  5.873628E+00
      1191  7.879097E-01
      1192  5.873628E+00
      1193  1.264305E+01
      1194  9.396453E+00
      1195  5.652775E+00
      1196  4.556450E+00
      1197  4.098520E+00
      1198  3.090454E+00
      1199  3.288616E+00
      1200  3.060199E+00
      1201  3.918623E-03
      1202  8.892990E-02
      1203  4.871460E-01
      1204  2.058612E+00
      1205  5.696005E+00
      1206  3.918623E-03
      1207  8.892990E-02
      1208  4.871460E-01
      1209  2.058612E+00
      1210  5.696005E+00
      1211  1.272511E+00
      1212  1.884059E+00
      1213  1.795632E+00
      1214  1.828488E+00
      1215  3.292285E+00
      1216  4.105969E+00
      1217  1.288348E+01
      1218  1.145988E+01
      1219  1.051413E+00
      1220  8.498808E+00
      1221  1.051413E+00
      1222  8.498808E+00
      1223  1.288348E+01
      1224  1.145988E+01
      1225  3.292285E+00
      1226  4.105969E+00
      1227  1.795632E+00
      1228  1.828488E+00
      1229  1.272511E+00
      1230  1.884059E+00

                                INCREMENT     4


 displacements (vx,vy,vz) for set TIP_TOP and time  0.1275000E+01

      1991  2.561500E-01 -7.498713E-03 -9.846612E+00
      1992  2.558875E-01 -7.358011E-03 -9.829097E+00
      1995  2.552817E-01 -7.104445E-03 -9.811848E+00
      1998  2.547713E-01 -5.743960E-03 -9.796053E+00
      2000  2.545648E-01 -2.257197E-03 -9.786164E+00
      2002  2.544984E-01  2.738553E-14 -9.785660E+00
      2004  2.545648E-01  2.257197E-03 -9.786164E+00
      2007  2.547713E-01  5.743960E-03 -9.796053E+00
      2010  2.552817E-01  7.104445E-03 -9.811848E+00
      2013  2.558875E-01  7.358011E-03 -9.829097E+00
      2016  2.561500E-01  7.498713E-03 -9.846612E+00

 forces (fx,fy,fz) for set CLAMP and time  0.1275000E+01

         1  1.343137E+04  1.227876E+04  5.692308E+03
         4  2.357408E+04 -2.628799E-09  1.133521E+04
         5  1.979519E+04  2.017881E+04  1.046731E+03
         8  3.423026E+04  5.553728E-10  2.276940E+03
         9  1.473038E+04  1.554944E+04 -4.189288E+02
        12  2.561929E+04  5.632909E-10 -7.614712E+02
        13  8.742707E+03  9.090953E+03 -1.431323E+03
        16  1.520586E+04  1.566957E-10 -2.798279E+03
        17  2.436956E+03  2.383657E+03 -1.555927E+03
        20  4.171340E+03  7.306488E-10 -3.057188E+03
        21 -3.018792E+03 -1.219139E+03 -3.659791E+03
        24 -3.168834E+03 -7.608569E-09 -1.925752E+03
        26  1.343137E+04 -1.227876E+04  5.692308E+03
        28  1.979519E+04 -2.017881E+04  1.046731E+03
        30  1.473038E+04 -1.554944E+04 -4.189288E+02
        32  8.742707E+03 -9.090953E+03 -1.431323E+03
        34  2.436956E+03 -2.383657E+03 -1.555927E+03
        36 -3.018792E+03  1.219139E+03 -3.659791E+03
        37 -2.873581E+03 -1.578684E+03 -3.412323E+03
        40 -3.092744E+03 -6.640023E+02 -5.624026E+03
        41 -7.819308E+03 -3.869161E+03 -1.398219E+03
        44 -1.125185E+04 -1.544425E+03 -2.661563E+03
        45 -5.734830E+03 -2.302861E+03  4.386915E+03
        48 -9.713599E+03 -8.822004E+02  8.031469E+03
        50 -2.472039E+03 -6.526632E+02 -5.114448E+03
        52 -1.076250E+04 -1.377932E+03 -2.723325E+03
        54 -9.896272E+03 -7.270169E+02  7.808622E+03
        56 -2.555164E+03 -4.766493E+02 -5.207074E+03
        58 -1.099836E+04 -9.305378E+02 -2.753907E+03
        60 -1.010878E+04 -4.604434E+02  7.940447E+03
        62 -7.705929E+03 -3.459562E+02 -1.823031E+03
        64 -6.998384E+03 -1.615129E+02  5.536896E+03
        66 -4.150519E+03 -1.375584E-09 -9.604176E+02
        68 -3.750440E+03  1.662319E-11  2.982935E+03
        70 -7.705929E+03  3.459562E+02 -1.823031E+03
        72 -6.998384E+03  1.615129E+02  5.536896E+03
        74 -2.555164E+03  4.766493E+02 -5.207074E+03
        76 -1.099836E+04  9.305378E+02 -2.753907E+03
        78 -1.010878E+04  4.604434E+02  7.940447E+03
        80 -2.472039E+03  6.526632E+02 -5.114448E+03
        82 -1.076250E+04  1.377932E+03 -2.723325E+03
        84 -9.896272E+03  7.270169E+02  7.808622E+03
        86 -3.092744E+03  6.640023E+02 -5.624026E+03
        88 -1.125185E+04  1.544425E+03 -2.661563E+03
        90 -9.713599E+03  8.822004E+02  8.031469E+03
        92 -2.873581E+03  1.578684E+03 -3.412323E+03
        94 -7.819308E+03  3.869161E+03 -1.398219E+03
        96 -5.734830E+03  2.302861E+03  4.386915E+03

 internal energy (element, energy) for set EALL and time  0.1275000E+01

         1  7.294079E+02
         2  3.409550E+02
         3  1.515510E+02
         4  3.625024E+01
         5  6.831071E+00
         6  7.294079E+02
         7  3.409550E+02
         8  1.515510E+02
         9  3.625024E+01
        10  6.831071E+00
        11  3.880502E+01
        12  7.403441E+01
        13  2.996066E+01
        14  6.368059E+01
        15  2.892521E+01
        16  6.363347E+01
        17  3.048695E+01
        18  6.592742E+01
        19  1.156046E+01
        20  2.461480E+01
        21  1.156046E+01
        22  2.461480E+01
        23  3.048695E+01
        24  6.592742E+01
        25  2.892521E+01
        26  6.363347E+01
        27  2.996066E+01
        28  6.368059E+01
        29  3.880502E+01
        30  7.403441E+01
        31  1.235654E+03
        32  5.211307E+02
        33  1.888528E+02
        34  4.600227E+01
        35  1.099679E+01
        36  1.235654E+03
        37  5.211307E+02
        38  1.888528E+02
        39  4.600227E+01
        40  1.099679E+01
        41  3.293828E+01
        42  7.140939E+01
        43  3.599244E+01
        44  7.562324E+01
        45  3.614317E+01
        46  7.604176E+01
        47  3.889705E+01
        48  7.956855E+01
        49  1.491647E+01
        50  2.979306E+01
        51  1.491647E+01
        52  2.979306E+01
        53  3.889705E+01
        54  7.956855E+01
        55  3.614317E+01
        56  7.604176E+01
        57  3.599244E+01
        58  7.562324E+01
        59  3.293828E+01
        60  7.140939E+01
        61  1.076037E+03
        62  4.868536E+02
        63  2.105202E+02
        64  5.468881E+01
        65  1.587848E+01
        66  1.076037E+03
        67  4.868536E+02
        68  2.105202E+02
        69  5.468881E+01
        70  1.587848E+01
        71  3.506348E+01
        72  7.421857E+01
        73  3.925965E+01
        74  8.021572E+01
        75  4.179166E+01
        76  8.406414E+01
        77  4.443444E+01
        78  8.737004E+01
        79  1.652649E+01
        80  3.228326E+01
        81  1.652649E+01
        82  3.228326E+01
        83  4.443444E+01
        84  8.737004E+01
        85  4.179166E+01
        86  8.406414E+01
        87  3.925965E+01
        88  8.021572E+01
        89  3.506348E+01
        90  7.421857E+01
        91  1.017912E+03
        92  4.946337E+02
        93  2.247650E+02
        94  6.235083E+01
        95  2.019228E+01
        96  1.017912E+03
        97  4.946337E+02
        98  2.247650E+02
        99  6.235083E+01
       100  2.019228E+01
       101  4.433122E+01
       102  8.260657E+01
       103  4.686920E+01
       104  8.639930E+01
       105  4.914585E+01
       106  8.979268E+01
       107  5.086608E+01
       108  9.164055E+01
       109  1.841452E+01
       110  3.325914E+01
       111  1.841452E+01
       112  3.325914E+01
       113  5.086608E+01
       114  9.164055E+01
       115  4.914585E+01
       116  8.979268E+01
       117  4.686920E+01
       118  8.639930E+01
       119  4.433122E+01
       120  8.260657E+01
       121  8.687627E+02
       122  4.352426E+02
       123  1.954743E+02
       124  5.354889E+01
       125  1.706477E+01
       126  8.687627E+02
       127  4.352426E+02
       128  1.954743E+02
       129  5.354889E+01
       130  1.706477E+01
       131  4.287456E+01
       132  8.078199E+01
       133  4.368653E+01
       134  8.197304E+01
       135  4.455812E+01
       136  8.318643E+01
       137  4.543698E+01
       138  8.358861E+01
       139  1.643623E+01
       140  3.017173E+01
       141  1.643623E+01
       142  3.017173E+01
       143  4.543698E+01
       144  8.358861E+01
       145  4.455812E+01
       146  8.318643E+01
       147  4.368653E+01
       148  8.197304E+01
       149  4.287456E+01
       150  8.078199E+01
       151  7.830769E+02
       152  3.966500E+02
       153  1.741438E+02
       154  4.678297E+01
       155  1.509374E+01
       156  7.830769E+02
       157  3.966500E+02
       158  1.741438E+02
       159  4.678297E+01
       160  1.509374E+01
       161  4.065491E+01
       162  7.665830E+01
       163  4.074747E+01
       164  7.654630E+01
       165  4.095888E+01
       166  7.652052E+01
       167  4.145877E+01
       168  7.624801E+01
       169  1.499516E+01
       170  2.747162E+01
       171  1.499516E+01
       172  2.747162E+01
       173  4.145877E+01
       174  7.624801E+01
       175  4.095888E+01
       176  7.652052E+01
       177  4.074747E+01
       178  7.654630E+01
       179  4.065491E+01
       180  7.665830E+01
       181  6.939671E+02
       182  3.618230E+02
       183  1.582075E+02
       184  4.210023E+01
       185  1.383464E+01
       186  6.939671E+02
       187  3.618230E+02
       188  1.582075E+02
       189  4.210023E+01
       190  1.383464E+01
       191  3.806315E+01
       192  7.140449E+01
       193  3.800703E+01
       194  7.100535E+01
       195  3.801399E+01
       196  7.066554E+01
       197  3.835687E+01
       198  7.030361E+01
       199  1.385421E+01
       200  2.533707E+01
       201  1.385421E+01
       202  2.533707E+01
       203  3.835687E+01
       204  7.030361E+01
       205  3.801399E+01
       206  7.066554E+01
       207  3.800703E+01
       208  7.100535E+01
       209  3.806315E+01
       210  7.140449E+01
       211  5.988740E+02
       212  3.302866E+02
       213  1.449346E+02
       214  3.843815E+01
       215  1.280308E+01
       216  5.988740E+02
       217  3.302866E+02
       218  1.449346E+02
       219  3.843815E+01
       220  1.280308E+01
       221  3.549828E+01
       222  6.613954E+01
       223  3.545379E+01
       224  6.582634E+01
       225  3.542849E+01
       226  6.554219E+01
       227  3.571026E+01
       228  6.523258E+01
       229  1.288535E+01
       230  2.351559E+01
       231  1.288535E+01
       232  2.351559E+01
       233  3.571026E+01
       234  6.523258E+01
       235  3.542849E+01
       236  6.554219E+01
       237  3.545379E+01
       238  6.582634E+01
       239  3.549828E+01
       240  6.613954E+01
       241  5.491655E+02
       242  3.050519E+02
       243  1.334319E+02
       244  3.523249E+01
       245  1.187560E+01
       246  5.491655E+02
       247  3.050519E+02
       248  1.334319E+02
       249  3.523249E+01
       250  1.187560E+01
       251  3.307155E+01
       252  6.128840E+01
       253  3.306213E+01
       254  6.111548E+01
       255  3.306031E+01
       256  6.096481E+01
       257  3.333583E+01
       258  6.076263E+01
       259  1.202499E+01
       260  2.191912E+01
       261  1.202499E+01
       262  2.191912E+01
       263  3.333583E+01
       264  6.076263E+01
       265  3.306031E+01
       266  6.096481E+01
       267  3.306213E+01
       268  6.111548E+01
       269  3.307155E+01
       270  6.128840E+01
       271  5.158933E+02
       272  2.844876E+02
       273  1.236665E+02
       274  3.251511E+01
       275  1.109633E+01
       276  5.158933E+02
       277  2.844876E+02
       278  1.236665E+02
       279  3.251511E+01
       280  1.109633E+01
       281  3.079463E+01
       282  5.689524E+01
       283  3.081525E+01
       284  5.683435E+01
       285  3.085057E+01
       286  5.681430E+01
       287  3.116153E+01
       288  5.674553E+01
       289  1.124999E+01
       290  2.049232E+01
       291  1.124999E+01
       292  2.049232E+01
       293  3.116153E+01
       294  5.674553E+01
       295  3.085057E+01
       296  5.681430E+01
       297  3.081525E+01
       298  5.683435E+01
       299  3.079463E+01
       300  5.689524E+01
       301  4.818251E+02
       302  2.655260E+02
       303  1.151898E+02
       304  3.027000E+01
       305  1.045590E+01
       306  4.818251E+02
       307  2.655260E+02
       308  1.151898E+02
       309  3.027000E+01
       310  1.045590E+01
       311  2.865111E+01
       312  5.287836E+01
       313  2.869345E+01
       314  5.289025E+01
       315  2.876248E+01
       316  5.296404E+01
       317  2.911672E+01
       318  5.299807E+01
       319  1.052301E+01
       320  1.915491E+01
       321  1.052301E+01
       322  1.915491E+01
       323  2.911672E+01
       324  5.299807E+01
       325  2.876248E+01
       326  5.296404E+01
       327  2.869345E+01
       328  5.289025E+01
       329  2.865111E+01
       330  5.287836E+01
       331  4.485487E+02
       332  2.472594E+02
       333  1.073106E+02
       334  2.828748E+01
       335  9.889504E+00
       336  4.485487E+02
       337  2.472594E+02
       338  1.073106E+02
       339  2.828748E+01
       340  9.889504E+00
       341  2.662364E+01
       342  4.914315E+01
       343  2.667937E+01
       344  4.919127E+01
       345  2.677098E+01
       346  4.931320E+01
       347  2.715342E+01
       348  4.939837E+01
       349  9.819486E+00
       350  1.785850E+01
       351  9.819486E+00
       352  1.785850E+01
       353  2.715342E+01
       354  4.939837E+01
       355  2.677098E+01
       356  4.931320E+01
       357  2.667937E+01
       358  4.919127E+01
       359  2.662364E+01
       360  4.914315E+01
       361  4.165558E+02
       362  2.296894E+02
       363  9.977484E+01
       364  2.642308E+01
       365  9.355364E+00
       366  4.165558E+02
       367  2.296894E+02
       368  9.977484E+01
       369  2.642308E+01
       370  9.355364E+00
       371  2.469764E+01
       372  4.561688E+01
       373  2.475988E+01
       374  4.567601E+01
       375  2.486313E+01
       376  4.581382E+01
       377  2.525816E+01
       378  4.591536E+01
       379  9.135399E+00
       380  1.659674E+01
       381  9.135399E+00
       382  1.659674E+01
       383  2.525816E+01
       384  4.591536E+01
       385  2.486313E+01
       386  4.581382E+01
       387  2.475988E+01
       388  4.567601E+01
       389  2.469764E+01
       390  4.561688E+01
       391  3.858859E+02
       392  2.128356E+02
       393  9.254823E+01
       394  2.463919E+01
       395  8.842727E+00
       396  3.858859E+02
       397  2.128356E+02
       398  9.254823E+01
       399  2.463919E+01
       400  8.842727E+00
       401  2.286209E+01
       402  4.225594E+01
       403  2.292667E+01
       404  4.231458E+01
       405  2.303468E+01
       406  4.245377E+01
       407  2.343396E+01
       408  4.255768E+01
       409  8.474606E+00
       410  1.537772E+01
       411  8.474606E+00
       412  1.537772E+01
       413  2.343396E+01
       414  4.255768E+01
       415  2.303468E+01
       416  4.245377E+01
       417  2.292667E+01
       418  4.231458E+01
       419  2.286209E+01
       420  4.225594E+01
       421  3.565234E+02
       422  1.966952E+02
       423  8.562625E+01
       424  2.293129E+01
       425  8.351659E+00
       426  3.565234E+02
       427  1.966952E+02
       428  8.562625E+01
       429  2.293129E+01
       430  8.351659E+00
       431  2.110987E+01
       432  3.904013E+01
       433  2.117508E+01
       434  3.909577E+01
       435  2.128472E+01
       436  3.923264E+01
       437  2.168500E+01
       438  3.933554E+01
       439  7.840205E+00
       440  1.420730E+01
       441  7.840205E+00
       442  1.420730E+01
       443  2.168500E+01
       444  3.933554E+01
       445  2.128472E+01
       446  3.923264E+01
       447  2.117508E+01
       448  3.909577E+01
       449  2.110987E+01
       450  3.904013E+01
       451  3.284449E+02
       452  1.812600E+02
       453  7.900677E+01
       454  2.129893E+01
       455  7.882957E+00
       456  3.284449E+02
       457  1.812600E+02
       458  7.900677E+01
       459  2.129893E+01
       460  7.882957E+00
       461  1.943704E+01
       462  3.596253E+01
       463  1.950248E+01
       464  3.601602E+01
       465  1.961264E+01
       466  3.615088E+01
       467  2.001283E+01
       468  3.625271E+01
       469  7.233332E+00
       470  1.308745E+01
       471  7.233332E+00
       472  1.308745E+01
       473  2.001283E+01
       474  3.625271E+01
       475  1.961264E+01
       476  3.615088E+01
       477  1.950248E+01
       478  3.601602E+01
       479  1.943704E+01
       480  3.596253E+01
       481  3.016320E+02
       482  1.665210E+02
       483  7.268663E+01
       484  1.974143E+01
       485  7.436671E+00
       486  3.016320E+02
       487  1.665210E+02
       488  7.268663E+01
       489  1.974143E+01
       490  7.436671E+00
       491  1.784140E+01
       492  3.302147E+01
       493  1.790706E+01
       494  3.307406E+01
       495  1.801743E+01
       496  3.320787E+01
       497  1.841716E+01
       498  3.330914E+01
       499  6.654092E+00
       500  1.201822E+01
       501  6.654092E+00
       502  1.201822E+01
       503  1.841716E+01
       504  3.330914E+01
       505  1.801743E+01
       506  3.320787E+01
       507  1.790706E+01
       508  3.307406E+01
       509  1.784140E+01
       510  3.302147E+01
       511  2.760680E+02
       512  1.524693E+02
       513  6.666196E+01
       514  1.825773E+01
       515  7.012429E+00
       516  2.760680E+02
       517  1.524693E+02
       518  6.666196E+01
       519  1.825773E+01
       520  7.012429E+00
       521  1.632152E+01
       522  3.021649E+01
       523  1.638743E+01
       524  3.026894E+01
       525  1.649790E+01
       526  3.040239E+01
       527  1.689704E+01
       528  3.050347E+01
       529  6.102219E+00
       530  1.099912E+01
       531  6.102219E+00
       532  1.099912E+01
       533  1.689704E+01
       534  3.050347E+01
       535  1.649790E+01
       536  3.040239E+01
       537  1.638743E+01
       538  3.026894E+01
       539  1.632152E+01
       540  3.021649E+01
       541  2.517372E+02
       542  1.390961E+02
       543  6.092885E+01
       544  1.684669E+01
       545  6.609757E+00
       546  2.517372E+02
       547  1.390961E+02
       548  6.092885E+01
       549  1.684669E+01
       550  6.609757E+00
       551  1.487622E+01
       552  2.754694E+01
       553  1.494235E+01
       554  2.759958E+01
       555  1.505288E+01
       556  2.773297E+01
       557  1.545138E+01
       558  2.783400E+01
       559  5.577348E+00
       560  1.002952E+01
       561  5.577348E+00
       562  1.002952E+01
       563  1.545138E+01
       564  2.783400E+01
       565  1.505288E+01
       566  2.773297E+01
       567  1.494235E+01
       568  2.759958E+01
       569  1.487622E+01
       570  2.754694E+01
       571  2.286244E+02
       572  1.263928E+02
       573  5.548354E+01
       574  1.550723E+01
       575  6.228203E+00
       576  2.286244E+02
       577  1.263928E+02
       578  5.548354E+01
       579  1.550723E+01
       580  6.228203E+00
       581  1.350439E+01
       582  2.501172E+01
       583  1.357071E+01
       584  2.506461E+01
       585  1.368127E+01
       586  2.519801E+01
       587  1.407908E+01
       588  2.529904E+01
       589  5.079106E+00
       590  9.108767E+00
       591  5.079106E+00
       592  9.108767E+00
       593  1.407908E+01
       594  2.529904E+01
       595  1.368127E+01
       596  2.519801E+01
       597  1.357071E+01
       598  2.506461E+01
       599  1.350439E+01
       600  2.501172E+01
       601  2.067148E+02
       602  1.143513E+02
       603  5.032240E+01
       604  1.423834E+01
       605  5.867352E+00
       606  2.067148E+02
       607  1.143513E+02
       608  5.032240E+01
       609  1.423834E+01
       610  5.867352E+00
       611  1.220502E+01
       612  2.260941E+01
       613  1.227149E+01
       614  2.266252E+01
       615  1.238204E+01
       616  2.279589E+01
       617  1.277913E+01
       618  2.289686E+01
       619  4.607127E+00
       620  8.236246E+00
       621  4.607127E+00
       622  8.236246E+00
       623  1.277913E+01
       624  2.289686E+01
       625  1.238204E+01
       626  2.279589E+01
       627  1.227149E+01
       628  2.266252E+01
       629  1.220502E+01
       630  2.260941E+01
       631  1.859940E+02
       632  1.029635E+02
       633  4.544192E+01
       634  1.303904E+01
       635  5.526813E+00
       636  1.859940E+02
       637  1.029635E+02
       638  4.544192E+01
       639  1.303904E+01
       640  5.526813E+00
       641  1.097710E+01
       642  2.033840E+01
       643  1.104370E+01
       644  2.039166E+01
       645  1.115420E+01
       646  2.052493E+01
       647  1.155055E+01
       648  2.062578E+01
       649  4.161054E+00
       650  7.411339E+00
       651  4.161054E+00
       652  7.411339E+00
       653  1.155055E+01
       654  2.062578E+01
       655  1.115420E+01
       656  2.052493E+01
       657  1.104370E+01
       658  2.039166E+01
       659  1.097710E+01
       660  2.033840E+01
       661  1.664476E+02
       662  9.222152E+01
       663  4.083863E+01
       664  1.190838E+01
       665  5.206201E+00
       666  1.664476E+02
       667  9.222152E+01
       668  4.083863E+01
       669  1.190838E+01
       670  5.206201E+00
       671  9.819695E+00
       672  1.819698E+01
       673  9.886377E+00
       674  1.825032E+01
       675  9.996803E+00
       676  1.838342E+01
       677  1.039236E+01
       678  1.848410E+01
       679  3.740535E+00
       680  6.633438E+00
       681  3.740535E+00
       682  6.633438E+00
       683  1.039236E+01
       684  1.848410E+01
       685  9.996803E+00
       686  1.838342E+01
       687  9.886377E+00
       688  1.825032E+01
       689  9.819695E+00
       690  1.819698E+01
       691  1.480616E+02
       692  8.211764E+01
       693  3.650912E+01
       694  1.084538E+01
       695  4.905134E+00
       696  1.480616E+02
       697  8.211764E+01
       698  3.650912E+01
       699  1.084538E+01
       700  4.905134E+00
       701  8.731899E+00
       702  1.618328E+01
       703  8.798609E+00
       704  1.623671E+01
       705  8.908900E+00
       706  1.636965E+01
       707  9.303618E+00
       708  1.647016E+01
       709  3.345225E+00
       710  5.901943E+00
       711  3.345225E+00
       712  5.901943E+00
       713  9.303618E+00
       714  1.647016E+01
       715  8.908900E+00
       716  1.636965E+01
       717  8.798609E+00
       718  1.623671E+01
       719  8.731899E+00
       720  1.618328E+01
       721  1.308226E+02
       722  7.264430E+01
       723  3.245003E+01
       724  9.849066E+00
       725  4.623223E+00
       726  1.308226E+02
       727  7.264430E+01
       728  3.245003E+01
       729  9.849066E+00
       730  4.623223E+00
       731  7.712851E+00
       732  1.429531E+01
       733  7.779495E+00
       734  1.434898E+01
       735  7.889575E+00
       736  1.448191E+01
       737  8.283394E+00
       738  1.458232E+01
       739  2.974793E+00
       740  5.216269E+00
       741  2.974793E+00
       742  5.216269E+00
       743  8.283394E+00
       744  1.458232E+01
       745  7.889575E+00
       746  1.448191E+01
       747  7.779495E+00
       748  1.434898E+01
       749  7.712851E+00
       750  1.429531E+01
       751  1.147174E+02
       752  6.379413E+01
       753  2.865796E+01
       754  8.918418E+00
       755  4.360092E+00
       756  1.147174E+02
       757  6.379413E+01
       758  2.865796E+01
       759  8.918418E+00
       760  4.360092E+00
       761  6.761710E+00
       762  1.253086E+01
       763  6.828139E+00
       764  1.258515E+01
       765  6.937910E+00
       766  1.271847E+01
       767  7.330779E+00
       768  1.281901E+01
       769  2.628927E+00
       770  4.575857E+00
       771  2.628927E+00
       772  4.575857E+00
       773  7.330779E+00
       774  1.281901E+01
       775  6.937910E+00
       776  1.271847E+01
       777  6.828139E+00
       778  1.258515E+01
       779  6.761710E+00
       780  1.253086E+01
       781  9.973343E+01
       782  5.555988E+01
       783  2.512952E+01
       784  8.052379E+00
       785  4.115412E+00
       786  9.973343E+01
       787  5.555988E+01
       788  2.512952E+01
       789  8.052379E+00
       790  4.115412E+00
       791  5.877617E+00
       792  1.088757E+01
       793  5.943616E+00
       794  1.094322E+01
       795  6.052974E+00
       796  1.107767E+01
       797  6.444902E+00
       798  1.117877E+01
       799  2.307351E+00
       800  3.980190E+00
       801  2.307351E+00
       802  3.980190E+00
       803  6.444902E+00
       804  1.117877E+01
       805  6.052974E+00
       806  1.107767E+01
       807  5.943616E+00
       808  1.094322E+01
       809  5.877617E+00
       810  1.088757E+01
       811  8.585878E+01
       812  4.793444E+01
       813  2.186126E+01
       814  7.249906E+00
       815  3.888988E+00
       816  8.585878E+01
       817  4.793444E+01
       818  2.186126E+01
       819  7.249906E+00
       820  3.888988E+00
       821  5.059619E+00
       822  9.363080E+00
       823  5.124910E+00
       824  9.421215E+00
       825  5.233797E+00
       826  9.557995E+00
       827  5.624943E+00
       828  9.660316E+00
       829  2.009835E+00
       830  3.428809E+00
       831  2.009835E+00
       832  3.428809E+00
       833  5.624943E+00
       834  9.660316E+00
       835  5.233797E+00
       836  9.557995E+00
       837  5.124910E+00
       838  9.421215E+00
       839  5.059619E+00
       840  9.363080E+00
       841  7.308172E+01
       842  4.091060E+01
       843  1.884975E+01
       844  6.510101E+00
       845  3.680911E+00
       846  7.308172E+01
       847  4.091060E+01
       848  1.884975E+01
       849  6.510101E+00
       850  3.680911E+00
       851  4.306540E+00
       852  7.955528E+00
       853  4.370844E+00
       854  8.017599E+00
       855  4.479332E+00
       856  8.158246E+00
       857  4.870152E+00
       858  8.262668E+00
       859  1.736210E+00
       860  2.921330E+00
       861  1.736210E+00
       862  2.921330E+00
       863  4.870152E+00
       864  8.262668E+00
       865  4.479332E+00
       866  8.158246E+00
       867  4.370844E+00
       868  8.017599E+00
       869  4.306540E+00
       870  7.955528E+00
       871  6.138993E+01
       872  3.448079E+01
       873  1.609161E+01
       874  5.832502E+00
       875  3.491820E+00
       876  6.138993E+01
       877  3.448079E+01
       878  1.609161E+01
       879  5.832502E+00
       880  3.491820E+00
       881  3.616815E+00
       882  6.664392E+00
       883  3.679995E+00
       884  6.731754E+00
       885  3.788447E+00
       886  6.877787E+00
       887  4.179903E+00
       888  6.985160E+00
       889  1.486360E+00
       890  2.457433E+00
       891  1.486360E+00
       892  2.457433E+00
       893  4.179903E+00
       894  6.985160E+00
       895  3.788447E+00
       896  6.877787E+00
       897  3.679995E+00
       898  6.731754E+00
       899  3.616815E+00
       900  6.664392E+00
       901  5.076915E+01
       902  2.863659E+01
       903  1.358382E+01
       904  5.217562E+00
       905  3.323297E+00
       906  5.076915E+01
       907  2.863659E+01
       908  1.358382E+01
       909  5.217562E+00
       910  3.323297E+00
       911  2.988321E+00
       912  5.491796E+00
       913  3.050668E+00
       914  5.564729E+00
       915  3.159972E+00
       916  5.716737E+00
       917  3.553797E+00
       918  5.827436E+00
       919  1.260192E+00
       920  2.036845E+00
       921  1.260192E+00
       922  2.036845E+00
       923  3.553797E+00
       924  5.827436E+00
       925  3.159972E+00
       926  5.716737E+00
       927  3.050668E+00
       928  5.564729E+00
       929  2.988321E+00
       930  5.491796E+00
       931  4.120123E+01
       932  2.336836E+01
       933  1.132410E+01
       934  4.667342E+00
       935  3.178379E+00
       936  4.120123E+01
       937  2.336836E+01
       938  1.132410E+01
       939  4.667342E+00
       940  3.178379E+00
       941  2.418294E+00
       942  4.443907E+00
       943  2.481026E+00
       944  4.519850E+00
       945  2.592931E+00
       946  4.675945E+00
       947  2.991906E+00
       948  4.789177E+00
       949  1.057546E+00
       950  1.659263E+00
       951  1.057546E+00
       952  1.659263E+00
       953  2.991906E+00
       954  4.789177E+00
       955  2.592931E+00
       956  4.675945E+00
       957  2.481026E+00
       958  4.519850E+00
       959  2.418294E+00
       960  4.443907E+00
       961  3.266228E+01
       962  1.866510E+01
       963  9.311722E+00
       964  4.186305E+00
       965  3.061921E+00
       966  3.266228E+01
       967  1.866510E+01
       968  9.311722E+00
       969  4.186305E+00
       970  3.061921E+00
       971  1.903712E+00
       972  3.531747E+00
       973  1.969707E+00
       974  3.602662E+00
       975  2.087153E+00
       976  3.756291E+00
       977  2.495135E+00
       978  3.869335E+00
       979  8.780506E-01
       980  1.324176E+00
       981  8.780506E-01
       982  1.324176E+00
       983  2.495135E+00
       984  3.869335E+00
       985  2.087153E+00
       986  3.756291E+00
       987  1.969707E+00
       988  3.602662E+00
       989  1.903712E+00
       990  3.531747E+00
       991  2.512121E+01
       992  1.451586E+01
       993  7.549469E+00
       994  3.781854E+00
       995  2.979816E+00
       996  2.512121E+01
       997  1.451586E+01
       998  7.549469E+00
       999  3.781854E+00
      1000  2.979816E+00
      1001  1.443444E+00
      1002  2.770723E+00
      1003  1.517959E+00
      1004  2.819705E+00
      1005  1.644824E+00
      1006  2.956944E+00
      1007  2.065474E+00
      1008  3.064438E+00
      1009  7.208408E-01
      1010  1.030406E+00
      1011  7.208408E-01
      1012  1.030406E+00
      1013  2.065474E+00
      1014  3.064438E+00
      1015  1.644824E+00
      1016  2.956944E+00
      1017  1.517959E+00
      1018  2.819705E+00
      1019  1.443444E+00
      1020  2.770723E+00
      1021  1.853902E+01
      1022  1.091418E+01
      1023  6.047582E+00
      1024  3.463457E+00
      1025  2.934652E+00
      1026  1.853902E+01
      1027  1.091418E+01
      1028  6.047582E+00
      1029  3.463457E+00
      1030  2.934652E+00
      1031  1.046393E+00
      1032  2.179689E+00
      1033  1.136431E+00
      1034  2.177122E+00
      1035  1.274497E+00
      1036  2.273180E+00
      1037  1.705927E+00
      1038  2.366151E+00
      1039  5.840907E-01
      1040  7.753462E-01
      1041  5.840907E-01
      1042  7.753462E-01
      1043  1.705927E+00
      1044  2.366151E+00
      1045  1.274497E+00
      1046  2.273180E+00
      1047  1.136431E+00
      1048  2.177122E+00
      1049  1.046393E+00
      1050  2.179689E+00
      1051  1.287073E+01
      1052  7.867420E+00
      1053  4.828588E+00
      1054  3.238515E+00
      1055  2.914835E+00
      1056  1.287073E+01
      1057  7.867420E+00
      1058  4.828588E+00
      1059  3.238515E+00
      1060  2.914835E+00
      1061  7.544640E-01
      1062  1.785577E+00
      1063  8.642436E-01
      1064  1.685251E+00
      1065  1.002759E+00
      1066  1.699300E+00
      1067  1.424112E+00
      1068  1.762480E+00
      1069  4.646184E-01
      1070  5.552094E-01
      1071  4.646184E-01
      1072  5.552094E-01
      1073  1.424112E+00
      1074  1.762480E+00
      1075  1.002759E+00
      1076  1.699300E+00
      1077  8.642436E-01
      1078  1.685251E+00
      1079  7.544640E-01
      1080  1.785577E+00
      1081  8.082283E+00
      1082  5.402377E+00
      1083  3.919773E+00
      1084  3.100572E+00
      1085  2.887225E+00
      1086  8.082283E+00
      1087  5.402377E+00
      1088  3.919773E+00
      1089  3.100572E+00
      1090  2.887225E+00
      1091  6.874606E-01
      1092  1.634066E+00
      1093  8.093589E-01
      1094  1.380861E+00
      1095  9.043873E-01
      1096  1.254701E+00
      1097  1.259890E+00
      1098  1.264759E+00
      1099  3.585226E-01
      1100  3.760836E-01
      1101  3.585226E-01
      1102  3.760836E-01
      1103  1.259890E+00
      1104  1.264759E+00
      1105  9.043873E-01
      1106  1.254701E+00
      1107  8.093589E-01
      1108  1.380861E+00
      1109  6.874606E-01
      1110  1.634066E+00
      1111  4.234793E+00
      1112  3.533028E+00
      1113  3.299608E+00
      1114  3.030264E+00
      1115  2.831198E+00
      1116  4.234793E+00
      1117  3.533028E+00
      1118  3.299608E+00
      1119  3.030264E+00
      1120  2.831198E+00
      1121  1.039857E+00
      1122  1.773798E+00
      1123  1.175399E+00
      1124  1.368337E+00
      1125  1.170523E+00
      1126  1.076594E+00
      1127  1.417424E+00
      1128  1.022019E+00
      1129  2.732474E-01
      1130  3.064261E-01
      1131  2.732474E-01
      1132  3.064261E-01
      1133  1.417424E+00
      1134  1.022019E+00
      1135  1.170523E+00
      1136  1.076594E+00
      1137  1.175399E+00
      1138  1.368337E+00
      1139  1.039857E+00
      1140  1.773798E+00
      1141  1.561697E+00
      1142  2.111060E+00
      1143  2.743717E+00
      1144  3.012180E+00
      1145  2.926037E+00
      1146  1.561697E+00
      1147  2.111060E+00
      1148  2.743717E+00
      1149  3.012180E+00
      1150  2.926037E+00
      1151  1.749151E+00
      1152  2.024990E+00
      1153  2.008848E+00
      1154  1.684627E+00
      1155  2.070084E+00
      1156  1.520639E+00
      1157  2.623526E+00
      1158  1.684346E+00
      1159  2.449983E-01
      1160  7.006615E-01
      1161  2.449983E-01
      1162  7.006615E-01
      1163  2.623526E+00
      1164  1.684346E+00
      1165  2.070084E+00
      1166  1.520639E+00
      1167  2.008848E+00
      1168  1.684627E+00
      1169  1.749151E+00
      1170  2.024990E+00
      1171  2.942161E-01
      1172  9.277722E-01
      1173  1.924903E+00
      1174  3.170964E+00
      1175  4.639882E+00
      1176  2.942161E-01
      1177  9.277722E-01
      1178  1.924903E+00
      1179  3.170964E+00
      1180  4.639882E+00
      1181  2.086381E+00
      1182  1.939646E+00
      1183  2.600043E+00
      1184  1.959023E+00
      1185  3.585994E+00
      1186  2.889708E+00
      1187  8.021593E+00
      1188  5.961042E+00
      1189  4.998036E-01
      1190  3.726765E+00
      1191  4.998036E-01
      1192  3.726765E+00
      1193  8.021593E+00
      1194  5.961042E+00
      1195  3.585994E+00
      1196  2.889708E+00
      1197  2.600043E+00
      1198  1.959023E+00
      1199  2.086381E+00
      1200  1.939646E+00
      1201  2.484307E-03
      1202  5.638035E-02
      1203  3.088796E-01
      1204  1.305441E+00
      1205  3.612555E+00
      1206  2.484307E-03
      1207  5.638035E-02
      1208  3.088796E-01
      1209  1.305441E+00
      1210  3.612555E+00
      1211  8.069070E-01
      1212  1.193809E+00
      1213  1.138893E+00
      1214  1.159305E+00
      1215  2.088502E+00
      1216  2.604429E+00
      1217  8.173406E+00
      1218  7.270199E+00
      1219  6.669287E-01
      1220  5.391506E+00
      1221  6.669287E-01
      1222  5.391506E+00
      1223  8.173406E+00
      1224  7.270199E+00
      1225  2.088502E+00
      1226  2.604429E+00
      1227  1.138893E+00
      1228  1.159305E+00
      1229  8.069070E-01
      1230  1.193809E+00

                                INCREMENT     5


 displacements (vx,vy,vz) for set TIP_TOP and time  0.1375000E+01

      1991  1.966938E-01 -5.587512E-03 -7.404077E+00
      1992  1.964755E-01 -5.481377E-03 -7.391035E+00
      1995  1.960007E-01 -5.291369E-03 -7.378193E+00
      1998  1.955992E-01 -4.277340E-03 -7.366433E+00
      2000  1.954315E-01 -1.680684E-03 -7.359070E+00
      2002  1.953808E-01 -2.412279E-14 -7.358695E+00
      2004  1.954315E-01  1.680684E-03 -7.359070E+00
      2007  1.955992E-01  4.277340E-03 -7.366433E+00
      2010  1.960007E-01  5.291369E-03 -7.378193E+00
      2013  1.964755E-01  5.481377E-03 -7.391035E+00
      2016  1.966938E-01  5.587512E-03 -7.404077E+00

 forces (fx,fy,fz) for set CLAMP and time  0.1375000E+01

         1  9.634448E+03  8.719740E+03  4.178117E+03
         4  1.671753E+04 -1.395002E-09  8.312165E+03
         5  1.475833E+04  1.474717E+04  1.041313E+03
         8  2.536588E+04 -2.440532E-09  2.251278E+03
         9  1.134928E+04  1.197328E+04 -2.631878E+02
        12  1.971872E+04 -7.212977E-10 -4.639519E+02
        13  6.839870E+03  7.106921E+03 -1.141383E+03
        16  1.189698E+04 -1.244553E-09 -2.233852E+03
        17  1.982067E+03  1.937559E+03 -1.233349E+03
        20  3.393650E+03  1.329940E-09 -2.423448E+03
        21 -2.239793E+03 -8.830260E+02 -2.797123E+03
        24 -2.312728E+03  2.066961E-09 -1.521444E+03
        26  9.634448E+03 -8.719740E+03  4.178117E+03
        28  1.475833E+04 -1.474717E+04  1.041313E+03
        30  1.134928E+04 -1.197328E+04 -2.631878E+02
        32  6.839870E+03 -7.106921E+03 -1.141383E+03
        34  1.982067E+03 -1.937559E+03 -1.233349E+03
        36 -2.239793E+03  8.830260E+02 -2.797123E+03
        37 -2.137734E+03 -1.183665E+03 -2.558339E+03
        40 -2.279828E+03 -5.032159E+02 -4.214306E+03
        41 -5.885057E+03 -2.912658E+03 -1.073119E+03
        44 -8.466371E+03 -1.166598E+03 -2.042247E+03
        45 -4.341073E+03 -1.738313E+03  3.309409E+03
        48 -7.356383E+03 -6.647131E+02  6.059851E+03
        50 -1.830304E+03 -4.979098E+02 -3.839893E+03
        52 -8.102242E+03 -1.042443E+03 -2.087183E+03
        54 -7.480973E+03 -5.459852E+02  5.888963E+03
        56 -1.922258E+03 -3.626121E+02 -3.924061E+03
        58 -8.282348E+03 -7.007420E+02 -2.114310E+03
        60 -7.614574E+03 -3.426766E+02  5.978696E+03
        62 -5.795532E+03 -2.574690E+02 -1.412534E+03
        64 -5.253404E+03 -1.189499E+02  4.160170E+03
        66 -3.120159E+03 -3.964149E-11 -7.487465E+02
        68 -2.812115E+03  2.709019E-11  2.239249E+03
        70 -5.795532E+03  2.574690E+02 -1.412534E+03
        72 -5.253404E+03  1.189499E+02  4.160170E+03
        74 -1.922258E+03  3.626121E+02 -3.924061E+03
        76 -8.282348E+03  7.007420E+02 -2.114310E+03
        78 -7.614574E+03  3.426766E+02  5.978696E+03
        80 -1.830304E+03  4.979098E+02 -3.839893E+03
        82 -8.102242E+03  1.042443E+03 -2.087183E+03
        84 -7.480973E+03  5.459852E+02  5.888963E+03
        86 -2.279828E+03  5.032159E+02 -4.214306E+03
        88 -8.466371E+03  1.166598E+03 -2.042247E+03
        90 -7.356383E+03  6.647131E+02  6.059851E+03
        92 -2.137734E+03  1.183665E+03 -2.558339E+03
        94 -5.885057E+03  2.912658E+03 -1.073119E+03
        96 -4.341073E+03  1.738313E+03  3.309409E+03

 internal energy (element, energy) for set EALL and time  0.1375000E+01

         1  4.772443E+02
         2  2.001077E+02
         3  9.171332E+01
         4  2.236633E+01
         5  3.947199E+00
         6  4.772443E+02
         7  2.001077E+02
         8  9.171332E+01
         9  2.236633E+01
        10  3.947199E+00
        11  2.187353E+01
        12  4.222465E+01
        13  1.691872E+01
        14  3.634529E+01
        15  1.637635E+01
        16  3.631364E+01
        17  1.726300E+01
        18  3.760213E+01
        19  6.542939E+00
        20  1.403653E+01
        21  6.542939E+00
        22  1.403653E+01
        23  1.726300E+01
        24  3.760213E+01
        25  1.637635E+01
        26  3.631364E+01
        27  1.691872E+01
        28  3.634529E+01
        29  2.187353E+01
        30  4.222465E+01
        31  1.020185E+03
        32  3.356852E+02
        33  1.135509E+02
        34  2.795633E+01
        35  6.280160E+00
        36  1.020185E+03
        37  3.356852E+02
        38  1.135509E+02
        39  2.795633E+01
        40  6.280160E+00
        41  1.855215E+01
        42  4.075521E+01
        43  2.030043E+01
        44  4.321444E+01
        45  2.042546E+01
        46  4.357880E+01
        47  2.206969E+01
        48  4.579212E+01
        49  8.485960E+00
        50  1.719066E+01
        51  8.485960E+00
        52  1.719066E+01
        53  2.206969E+01
        54  4.579212E+01
        55  2.042546E+01
        56  4.357880E+01
        57  2.030043E+01
        58  4.321444E+01
        59  1.855215E+01
        60  4.075521E+01
        61  8.294786E+02
        62  2.933078E+02
        63  1.263405E+02
        64  3.310353E+01
        65  9.296524E+00
        66  8.294786E+02
        67  2.933078E+02
        68  1.263405E+02
        69  3.310353E+01
        70  9.296524E+00
        71  1.974056E+01
        72  4.229600E+01
        73  2.212777E+01
        74  4.578413E+01
        75  2.360689E+01
        76  4.811068E+01
        77  2.524619E+01
        78  5.018730E+01
        79  9.417523E+00
        80  1.858008E+01
        81  9.417523E+00
        82  1.858008E+01
        83  2.524619E+01
        84  5.018730E+01
        85  2.360689E+01
        86  4.811068E+01
        87  2.212777E+01
        88  4.578413E+01
        89  1.974056E+01
        90  4.229600E+01
        91  7.252052E+02
        92  2.897992E+02
        93  1.330953E+02
        94  3.753986E+01
        95  1.191463E+01
        96  7.252052E+02
        97  2.897992E+02
        98  1.330953E+02
        99  3.753986E+01
       100  1.191463E+01
       101  2.493994E+01
       102  4.688522E+01
       103  2.638952E+01
       104  4.907845E+01
       105  2.770923E+01
       106  5.106645E+01
       107  2.878426E+01
       108  5.218372E+01
       109  1.043549E+01
       110  1.893978E+01
       111  1.043549E+01
       112  1.893978E+01
       113  2.878426E+01
       114  5.218372E+01
       115  2.770923E+01
       116  5.106645E+01
       117  2.638952E+01
       118  4.907845E+01
       119  2.493994E+01
       120  4.688522E+01
       121  5.775195E+02
       122  2.501264E+02
       123  1.135267E+02
       124  3.164454E+01
       125  9.948870E+00
       126  5.775195E+02
       127  2.501264E+02
       128  1.135267E+02
       129  3.164454E+01
       130  9.948870E+00
       131  2.406861E+01
       132  4.564651E+01
       133  2.452511E+01
       134  4.630601E+01
       135  2.501405E+01
       136  4.696937E+01
       137  2.552891E+01
       138  4.715029E+01
       139  9.230503E+00
       140  1.699538E+01
       141  9.230503E+00
       142  1.699538E+01
       143  2.552891E+01
       144  4.715029E+01
       145  2.501405E+01
       146  4.696937E+01
       147  2.452511E+01
       148  4.630601E+01
       149  2.406861E+01
       150  4.564651E+01
       151  5.017328E+02
       152  2.256431E+02
       153  9.954167E+01
       154  2.708397E+01
       155  8.667875E+00
       156  5.017328E+02
       157  2.256431E+02
       158  9.954167E+01
       159  2.708397E+01
       160  8.667875E+00
       161  2.276369E+01
       162  4.309275E+01
       163  2.280160E+01
       164  4.298884E+01
       165  2.289831E+01
       166  4.291882E+01
       167  2.316619E+01
       168  4.269261E+01
       169  8.367896E+00
       170  1.535703E+01
       171  8.367896E+00
       172  1.535703E+01
       173  2.316619E+01
       174  4.269261E+01
       175  2.289831E+01
       176  4.291882E+01
       177  2.280160E+01
       178  4.298884E+01
       179  2.276369E+01
       180  4.309275E+01
       181  4.232956E+02
       182  2.037879E+02
       183  8.943084E+01
       184  2.402297E+01
       185  7.864172E+00
       186  4.232956E+02
       187  2.037879E+02
       188  8.943084E+01
       189  2.402297E+01
       190  7.864172E+00
       191  2.125646E+01
       192  3.994326E+01
       193  2.120760E+01
       194  3.967900E+01
       195  2.118435E+01
       196  3.943461E+01
       197  2.135504E+01
       198  3.916757E+01
       199  7.701516E+00
       200  1.409608E+01
       201  7.701516E+00
       202  1.409608E+01
       203  2.135504E+01
       204  3.916757E+01
       205  2.118435E+01
       206  3.943461E+01
       207  2.120760E+01
       208  3.967900E+01
       209  2.125646E+01
       210  3.994326E+01
       211  3.393883E+02
       212  1.842834E+02
       213  8.125172E+01
       214  2.170983E+01
       215  7.215192E+00
       216  3.393883E+02
       217  1.842834E+02
       218  8.125172E+01
       219  2.170983E+01
       220  7.215192E+00
       221  1.977903E+01
       222  3.685524E+01
       223  1.973868E+01
       224  3.664943E+01
       225  1.969885E+01
       226  3.644606E+01
       227  1.983025E+01
       228  3.621657E+01
       229  7.143651E+00
       230  1.303928E+01
       231  7.143651E+00
       232  1.303928E+01
       233  1.983025E+01
       234  3.621657E+01
       235  1.969885E+01
       236  3.644606E+01
       237  1.973868E+01
       238  3.664943E+01
       239  1.977903E+01
       240  3.685524E+01
       241  3.040182E+02
       242  1.693637E+02
       243  7.434249E+01
       244  1.972628E+01
       245  6.637329E+00
       246  3.040182E+02
       247  1.693637E+02
       248  7.434249E+01
       249  1.972628E+01
       250  6.637329E+00
       251  1.839422E+01
       252  3.406217E+01
       253  1.837720E+01
       254  3.394546E+01
       255  1.835532E+01
       256  3.382867E+01
       257  1.848320E+01
       258  3.367147E+01
       259  6.657098E+00
       260  1.213422E+01
       261  6.657098E+00
       262  1.213422E+01
       263  1.848320E+01
       264  3.367147E+01
       265  1.835532E+01
       266  3.382867E+01
       267  1.837720E+01
       268  3.394546E+01
       269  1.839422E+01
       270  3.406217E+01
       271  2.860502E+02
       272  1.577915E+02
       273  6.867358E+01
       274  1.809644E+01
       275  6.168547E+00
       276  2.860502E+02
       277  1.577915E+02
       278  6.867358E+01
       279  1.809644E+01
       280  6.168547E+00
       281  1.710565E+01
       282  3.157161E+01
       283  1.710952E+01
       284  3.152731E+01
       285  1.711491E+01
       286  3.149733E+01
       287  1.726929E+01
       288  3.143286E+01
       289  6.227842E+00
       290  1.134436E+01
       291  6.227842E+00
       292  1.134436E+01
       293  1.726929E+01
       294  3.143286E+01
       295  1.711491E+01
       296  3.149733E+01
       297  1.710952E+01
       298  3.152731E+01
       299  1.710565E+01
       300  3.157161E+01
       301  2.672453E+02
       302  1.472789E+02
       303  6.390795E+01
       304  1.680585E+01
       305  5.800837E+00
       306  2.672453E+02
       307  1.472789E+02
       308  6.390795E+01
       309  1.680585E+01
       310  5.800837E+00
       311  1.590096E+01
       312  2.932071E+01
       313  1.592060E+01
       314  2.932461E+01
       315  1.595101E+01
       316  2.935846E+01
       317  1.613782E+01
       318  2.936665E+01
       319  5.828929E+00
       320  1.061108E+01
       321  5.828929E+00
       322  1.061108E+01
       323  1.613782E+01
       324  2.936665E+01
       325  1.595101E+01
       326  2.935846E+01
       327  1.592060E+01
       328  2.932461E+01
       329  1.590096E+01
       330  2.932071E+01
       331  2.487832E+02
       332  1.371480E+02
       333  5.952910E+01
       334  1.569663E+01
       335  5.484693E+00
       336  2.487832E+02
       337  1.371480E+02
       338  5.952910E+01
       339  1.569663E+01
       340  5.484693E+00
       341  1.476774E+01
       342  2.724291E+01
       343  1.479737E+01
       344  2.727097E+01
       345  1.484471E+01
       346  2.733781E+01
       347  1.505281E+01
       348  2.738231E+01
       349  5.442107E+00
       350  9.898389E+00
       351  5.442107E+00
       352  9.898389E+00
       353  1.505281E+01
       354  2.738231E+01
       355  1.484471E+01
       356  2.733781E+01
       357  1.479737E+01
       358  2.727097E+01
       359  1.476774E+01
       360  2.724291E+01
       361  2.310298E+02
       362  1.273997E+02
       363  5.534740E+01
       364  1.466085E+01
       365  5.188526E+00
       366  2.310298E+02
       367  1.273997E+02
       368  5.534740E+01
       369  1.466085E+01
       370  5.188526E+00
       371  1.369537E+01
       372  2.528805E+01
       373  1.372991E+01
       374  2.532315E+01
       375  1.378605E+01
       376  2.540074E+01
       377  1.400380E+01
       378  2.545686E+01
       379  5.064322E+00
       380  9.201488E+00
       381  5.064322E+00
       382  9.201488E+00
       383  1.400380E+01
       384  2.545686E+01
       385  1.378605E+01
       386  2.540074E+01
       387  1.372991E+01
       388  2.532315E+01
       389  1.369537E+01
       390  2.528805E+01
       391  2.140147E+02
       392  1.180493E+02
       393  5.133768E+01
       394  1.367053E+01
       395  4.904174E+00
       396  2.140147E+02
       397  1.180493E+02
       398  5.133768E+01
       399  1.367053E+01
       400  4.904174E+00
       401  1.267567E+01
       402  2.342647E+01
       403  1.271195E+01
       404  2.346080E+01
       405  1.277171E+01
       406  2.353915E+01
       407  1.299284E+01
       408  2.359699E+01
       409  4.698437E+00
       410  8.526401E+00
       411  4.698437E+00
       412  8.526401E+00
       413  1.299284E+01
       414  2.359699E+01
       415  1.277171E+01
       416  2.353915E+01
       417  1.271195E+01
       418  2.346080E+01
       419  1.267567E+01
       420  2.342647E+01
       421  1.977278E+02
       422  1.090953E+02
       423  4.749703E+01
       424  1.272245E+01
       425  4.631642E+00
       426  1.977278E+02
       427  1.090953E+02
       428  4.749703E+01
       429  1.272245E+01
       430  4.631642E+00
       431  1.170335E+01
       432  2.164486E+01
       433  1.174005E+01
       434  2.167685E+01
       435  1.180103E+01
       436  2.175348E+01
       437  1.202307E+01
       438  2.181070E+01
       439  4.346794E+00
       440  7.877584E+00
       441  4.346794E+00
       442  7.877584E+00
       443  1.202307E+01
       444  2.181070E+01
       445  1.180103E+01
       446  2.175348E+01
       447  1.174005E+01
       448  2.167685E+01
       449  1.170335E+01
       450  2.164486E+01
       451  1.821543E+02
       452  1.005332E+02
       453  4.382444E+01
       454  1.181643E+01
       455  4.371534E+00
       456  1.821543E+02
       457  1.005332E+02
       458  4.382444E+01
       459  1.181643E+01
       460  4.371534E+00
       461  1.077553E+01
       462  1.993906E+01
       463  1.081231E+01
       464  1.996941E+01
       465  1.087367E+01
       466  2.004463E+01
       467  1.109576E+01
       468  2.010119E+01
       469  4.010300E+00
       470  7.256612E+00
       471  4.010300E+00
       472  7.256612E+00
       473  1.109576E+01
       474  2.010119E+01
       475  1.087367E+01
       476  2.004463E+01
       477  1.081231E+01
       478  1.996941E+01
       479  1.077553E+01
       480  1.993906E+01
       481  1.672830E+02
       482  9.235758E+01
       483  4.031816E+01
       484  1.095209E+01
       485  4.123928E+00
       486  1.672830E+02
       487  9.235758E+01
       488  4.031816E+01
       489  1.095209E+01
       490  4.123928E+00
       491  9.890712E+00
       492  1.830841E+01
       493  9.927561E+00
       494  1.833805E+01
       495  9.989024E+00
       496  1.841255E+01
       497  1.021090E+01
       498  1.846879E+01
       499  3.689105E+00
       500  6.663674E+00
       501  3.689105E+00
       502  6.663674E+00
       503  1.021090E+01
       504  1.846879E+01
       505  9.989024E+00
       506  1.841255E+01
       507  9.927561E+00
       508  1.833805E+01
       509  9.890712E+00
       510  1.830841E+01
       511  1.531045E+02
       512  8.456340E+01
       513  3.697596E+01
       514  1.012880E+01
       515  3.888602E+00
       516  1.531045E+02
       517  8.456340E+01
       518  3.697596E+01
       519  1.012880E+01
       520  3.888602E+00
       521  9.047973E+00
       522  1.675297E+01
       523  9.084905E+00
       524  1.678244E+01
       525  9.146409E+00
       526  1.685670E+01
       527  9.367951E+00
       528  1.691284E+01
       529  3.383084E+00
       530  6.098525E+00
       531  3.383084E+00
       532  6.098525E+00
       533  9.367951E+00
       534  1.691284E+01
       535  9.146409E+00
       536  1.685670E+01
       537  9.084905E+00
       538  1.678244E+01
       539  9.047973E+00
       540  1.675297E+01
       541  1.396100E+02
       542  7.714566E+01
       543  3.379562E+01
       544  9.345879E+00
       545  3.665271E+00
       546  1.396100E+02
       547  7.714566E+01
       548  3.379562E+01
       549  9.345879E+00
       550  3.665271E+00
       551  8.246614E+00
       552  1.527256E+01
       553  8.283626E+00
       554  1.530209E+01
       555  8.345139E+00
       556  1.537630E+01
       557  8.566306E+00
       558  1.543245E+01
       559  3.092039E+00
       560  5.560822E+00
       561  3.092039E+00
       562  5.560822E+00
       563  8.566306E+00
       564  1.543245E+01
       565  8.345139E+00
       566  1.537630E+01
       567  8.283626E+00
       568  1.530209E+01
       569  8.246614E+00
       570  1.527256E+01
       571  1.267911E+02
       572  7.009961E+01
       573  3.077498E+01
       574  8.602711E+00
       575  3.453665E+00
       576  1.267911E+02
       577  7.009961E+01
       578  3.077498E+01
       579  8.602711E+00
       580  3.453665E+00
       581  7.486012E+00
       582  1.386665E+01
       583  7.523090E+00
       584  1.389630E+01
       585  7.584589E+00
       586  1.397051E+01
       587  7.805355E+00
       588  1.402665E+01
       589  2.815762E+00
       590  5.050214E+00
       591  2.815762E+00
       592  5.050214E+00
       593  7.805355E+00
       594  1.402665E+01
       595  7.584589E+00
       596  1.397051E+01
       597  7.523090E+00
       598  1.389630E+01
       599  7.486012E+00
       600  1.386665E+01
       601  1.146396E+02
       602  6.342066E+01
       603  2.791202E+01
       604  7.898714E+00
       605  3.253546E+00
       606  1.146396E+02
       607  6.342066E+01
       608  2.791202E+01
       609  7.898714E+00
       610  3.253546E+00
       611  6.765586E+00
       612  1.253449E+01
       613  6.802711E+00
       614  1.256423E+01
       615  6.864181E+00
       616  1.263841E+01
       617  7.084530E+00
       618  1.269452E+01
       619  2.554051E+00
       620  4.566357E+00
       621  2.554051E+00
       622  4.566357E+00
       623  7.084530E+00
       624  1.269452E+01
       625  6.864181E+00
       626  1.263841E+01
       627  6.802711E+00
       628  1.256423E+01
       629  6.765586E+00
       630  1.253449E+01
       631  1.031474E+02
       632  5.710435E+01
       633  2.520478E+01
       634  7.233339E+00
       635  3.064694E+00
       636  1.031474E+02
       637  5.710435E+01
       638  2.520478E+01
       639  7.233339E+00
       640  3.064694E+00
       641  6.084784E+00
       642  1.127518E+01
       643  6.121943E+00
       644  1.130496E+01
       645  6.183366E+00
       646  1.137906E+01
       647  6.403282E+00
       648  1.143511E+01
       649  2.306708E+00
       650  4.108911E+00
       651  2.306708E+00
       652  4.108911E+00
       653  6.403282E+00
       654  1.143511E+01
       655  6.183366E+00
       656  1.137906E+01
       657  6.121943E+00
       658  1.130496E+01
       659  6.084784E+00
       660  1.127518E+01
       661  9.230668E+01
       662  5.114631E+01
       663  2.265133E+01
       664  6.606050E+00
       665  2.886896E+00
       666  9.230668E+01
       667  5.114631E+01
       668  2.265133E+01
       669  6.606050E+00
       670  2.886896E+00
       671  5.443082E+00
       672  1.008776E+01
       673  5.480256E+00
       674  1.011755E+01
       675  5.541614E+00
       676  1.019153E+01
       677  5.761078E+00
       678  1.024748E+01
       679  2.073537E+00
       680  3.677538E+00
       681  2.073537E+00
       682  3.677538E+00
       683  5.761078E+00
       684  1.024748E+01
       685  5.541614E+00
       686  1.019153E+01
       687  5.480256E+00
       688  1.011755E+01
       689  5.443082E+00
       690  1.008776E+01
       691  8.210966E+01
       692  4.554224E+01
       693  2.024978E+01
       694  6.016310E+00
       695  2.719937E+00
       696  8.210966E+01
       697  4.554224E+01
       698  2.024978E+01
       699  6.016310E+00
       700  2.719937E+00
       701  4.839980E+00
       702  8.971187E+00
       703  4.877141E+00
       704  9.000996E+00
       705  4.938407E+00
       706  9.074867E+00
       707  5.157390E+00
       708  9.130701E+00
       709  1.854349E+00
       710  3.271906E+00
       711  1.854349E+00
       712  3.271906E+00
       713  5.157390E+00
       714  9.130701E+00
       715  4.938407E+00
       716  9.074867E+00
       717  4.877141E+00
       718  9.000996E+00
       719  4.839980E+00
       720  8.971187E+00
       721  7.254881E+01
       722  4.028797E+01
       723  1.799825E+01
       724  5.463572E+00
       725  2.563604E+00
       726  7.254881E+01
       727  4.028797E+01
       728  1.799825E+01
       729  5.463572E+00
       730  2.563604E+00
       731  4.275002E+00
       732  7.924349E+00
       733  4.312101E+00
       734  7.954261E+00
       735  4.373233E+00
       736  8.028104E+00
       737  4.591705E+00
       738  8.083874E+00
       739  1.648959E+00
       740  2.891691E+00
       741  1.648959E+00
       742  2.891691E+00
       743  4.591705E+00
       744  8.083874E+00
       745  4.373233E+00
       746  8.028104E+00
       747  4.312101E+00
       748  7.954261E+00
       749  4.275002E+00
       750  7.924349E+00
       751  6.361685E+01
       752  3.537937E+01
       753  1.589486E+01
       754  4.947270E+00
       755  2.417687E+00
       756  6.361685E+01
       757  3.537937E+01
       758  1.589486E+01
       759  4.947270E+00
       760  2.417687E+00
       761  3.747680E+00
       762  6.946023E+00
       763  3.784638E+00
       764  6.976254E+00
       765  3.845585E+00
       766  7.050291E+00
       767  4.063518E+00
       768  7.106119E+00
       769  1.457194E+00
       770  2.536582E+00
       771  1.457194E+00
       772  2.536582E+00
       773  4.063518E+00
       774  7.106119E+00
       775  3.845585E+00
       776  7.050291E+00
       777  3.784638E+00
       778  6.976254E+00
       779  3.747680E+00
       780  6.946023E+00
       781  5.530683E+01
       782  3.081244E+01
       783  1.393772E+01
       784  4.466816E+00
       785  2.282004E+00
       786  5.530683E+01
       787  3.081244E+01
       788  1.393772E+01
       789  4.466816E+00
       790  2.282004E+00
       791  3.257540E+00
       792  6.034893E+00
       793  3.294240E+00
       794  6.065851E+00
       795  3.354946E+00
       796  6.140501E+00
       797  3.572347E+00
       798  6.196627E+00
       799  1.278900E+00
       800  2.206292E+00
       801  1.278900E+00
       802  2.206292E+00
       803  3.572347E+00
       804  6.196627E+00
       805  3.354946E+00
       806  6.140501E+00
       807  3.294240E+00
       808  6.065851E+00
       809  3.257540E+00
       810  6.034893E+00
       811  4.761212E+01
       812  2.658322E+01
       813  1.212493E+01
       814  4.021630E+00
       815  2.156448E+00
       816  4.761212E+01
       817  2.658322E+01
       818  1.212493E+01
       819  4.021630E+00
       820  2.156448E+00
       821  2.804051E+00
       822  5.189654E+00
       823  2.840343E+00
       824  5.221971E+00
       825  2.900777E+00
       826  5.297894E+00
       827  3.117736E+00
       828  5.354693E+00
       829  1.113951E+00
       830  1.900568E+00
       831  1.113951E+00
       832  1.900568E+00
       833  3.117736E+00
       834  5.354693E+00
       835  2.900777E+00
       836  5.297894E+00
       837  2.840343E+00
       838  5.221971E+00
       839  2.804051E+00
       840  5.189654E+00
       841  4.052619E+01
       842  2.268771E+01
       843  1.045456E+01
       844  3.611214E+00
       845  2.041067E+00
       846  4.052619E+01
       847  2.268771E+01
       848  1.045456E+01
       849  3.611214E+00
       850  2.041067E+00
       851  2.386563E+00
       852  4.409267E+00
       853  2.422293E+00
       854  4.443751E+00
       855  2.482498E+00
       856  4.521806E+00
       857  2.699271E+00
       858  4.579763E+00
       859  9.622528E-01
       860  1.619194E+00
       861  9.622528E-01
       862  1.619194E+00
       863  2.699271E+00
       864  4.579763E+00
       865  2.482498E+00
       866  4.521806E+00
       867  2.422293E+00
       868  4.443751E+00
       869  2.386563E+00
       870  4.409267E+00
       871  3.404221E+01
       872  1.912170E+01
       873  8.924748E+00
       874  3.235311E+00
       875  1.936218E+00
       876  3.404221E+01
       877  1.912170E+01
       878  8.924748E+00
       879  3.235311E+00
       880  1.936218E+00
       881  2.004207E+00
       882  3.693447E+00
       883  2.039303E+00
       884  3.730851E+00
       885  2.099481E+00
       886  3.811883E+00
       887  2.316603E+00
       888  3.871472E+00
       889  8.237407E-01
       890  1.361994E+00
       891  8.237407E-01
       892  1.361994E+00
       893  2.316603E+00
       894  3.871472E+00
       895  2.099481E+00
       896  3.811883E+00
       897  2.039303E+00
       898  3.730851E+00
       899  2.004207E+00
       900  3.693447E+00
       901  2.815226E+01
       902  1.588052E+01
       903  7.533813E+00
       904  2.894170E+00
       905  1.842777E+00
       906  2.815226E+01
       907  1.588052E+01
       908  7.533813E+00
       909  2.894170E+00
       910  1.842777E+00
       911  1.655806E+00
       912  3.043372E+00
       913  1.690430E+00
       914  3.083853E+00
       915  1.751078E+00
       916  3.168191E+00
       917  1.969511E+00
       918  3.229619E+00
       919  6.983620E-01
       920  1.128817E+00
       921  6.983620E-01
       922  1.128817E+00
       923  1.969511E+00
       924  3.229619E+00
       925  1.751078E+00
       926  3.168191E+00
       927  1.690430E+00
       928  3.083853E+00
       929  1.655806E+00
       930  3.043372E+00
       931  2.284626E+01
       932  1.295881E+01
       933  6.280480E+00
       934  2.588935E+00
       935  1.762429E+00
       936  2.284626E+01
       937  1.295881E+01
       938  6.280480E+00
       939  2.588935E+00
       940  1.762429E+00
       941  1.339829E+00
       942  2.462461E+00
       943  1.374659E+00
       944  2.504601E+00
       945  1.436745E+00
       946  2.591197E+00
       947  1.658034E+00
       948  2.654026E+00
       949  5.860294E-01
       950  9.194920E-01
       951  5.860294E-01
       952  9.194920E-01
       953  1.658034E+00
       954  2.654026E+00
       955  1.436745E+00
       956  2.591197E+00
       957  1.374659E+00
       958  2.504601E+00
       959  1.339829E+00
       960  2.462461E+00
       961  1.811096E+01
       962  1.035047E+01
       963  5.164355E+00
       964  2.322079E+00
       965  1.697866E+00
       966  1.811096E+01
       967  1.035047E+01
       968  5.164355E+00
       969  2.322079E+00
       970  1.697866E+00
       971  1.054603E+00
       972  1.956825E+00
       973  1.091236E+00
       974  1.996167E+00
       975  1.156390E+00
       976  2.081387E+00
       977  1.382673E+00
       978  2.144109E+00
       979  4.865350E-01
       980  7.337354E-01
       981  4.865350E-01
       982  7.337354E-01
       983  1.382673E+00
       984  2.144109E+00
       985  1.156390E+00
       986  2.081387E+00
       987  1.091236E+00
       988  1.996167E+00
       989  1.054603E+00
       990  1.956825E+00
       991  1.392910E+01
       992  8.049409E+00
       993  4.186966E+00
       994  2.097706E+00
       995  1.652356E+00
       996  1.392910E+01
       997  8.049409E+00
       998  4.186966E+00
       999  2.097706E+00
      1000  1.652356E+00
      1001  7.995087E-01
      1002  1.534999E+00
      1003  8.408567E-01
      1004  1.562171E+00
      1005  9.112268E-01
      1006  1.638296E+00
      1007  1.144530E+00
      1008  1.697937E+00
      1009  3.993995E-01
      1010  5.708921E-01
      1011  3.993995E-01
      1012  5.708921E-01
      1013  1.144530E+00
      1014  1.697937E+00
      1015  9.112268E-01
      1016  1.638296E+00
      1017  8.408567E-01
      1018  1.562171E+00
      1019  7.995087E-01
      1020  1.534999E+00
      1021  1.027905E+01
      1022  6.052049E+00
      1023  3.353990E+00
      1024  1.921064E+00
      1025  1.627331E+00
      1026  1.027905E+01
      1027  6.052049E+00
      1028  3.353990E+00
      1029  1.921064E+00
      1030  1.627331E+00
      1031  5.794912E-01
      1032  1.207424E+00
      1033  6.294351E-01
      1034  1.206012E+00
      1035  7.060013E-01
      1036  1.259298E+00
      1037  9.452682E-01
      1038  1.310884E+00
      1039  3.236103E-01
      1040  4.295150E-01
      1041  3.236103E-01
      1042  4.295150E-01
      1043  9.452682E-01
      1044  1.310884E+00
      1045  7.060013E-01
      1046  1.259298E+00
      1047  6.294351E-01
      1048  1.206012E+00
      1049  5.794912E-01
      1050  1.207424E+00
      1051  7.135862E+00
      1052  4.362459E+00
      1053  2.677909E+00
      1054  1.796250E+00
      1055  1.616361E+00
      1056  7.135862E+00
      1057  4.362459E+00
      1058  2.677909E+00
      1059  1.796250E+00
      1060  1.616361E+00
      1061  4.177985E-01
      1062  9.890099E-01
      1063  4.786730E-01
      1064  9.334078E-01
      1065  5.554625E-01
      1066  9.412290E-01
      1067  7.891131E-01
      1068  9.762972E-01
      1069  2.574030E-01
      1070  3.075029E-01
      1071  2.574030E-01
      1072  3.075029E-01
      1073  7.891131E-01
      1074  9.762972E-01
      1075  5.554625E-01
      1076  9.412290E-01
      1077  4.786730E-01
      1078  9.334078E-01
      1079  4.177985E-01
      1080  9.890099E-01
      1081  4.480693E+00
      1082  2.995492E+00
      1083  2.173833E+00
      1084  1.719673E+00
      1085  1.601071E+00
      1086  4.480693E+00
      1087  2.995492E+00
      1088  2.173833E+00
      1089  1.719673E+00
      1090  1.601071E+00
      1091  3.808583E-01
      1092  9.050496E-01
      1093  4.484352E-01
      1094  7.647272E-01
      1095  5.010782E-01
      1096  6.948388E-01
      1097  6.981796E-01
      1098  7.004659E-01
      1099  1.986154E-01
      1100  2.082352E-01
      1101  1.986154E-01
      1102  2.082352E-01
      1103  6.981796E-01
      1104  7.004659E-01
      1105  5.010782E-01
      1106  6.948388E-01
      1107  4.484352E-01
      1108  7.647272E-01
      1109  3.808583E-01
      1110  9.050496E-01
      1111  2.347456E+00
      1112  1.958864E+00
      1113  1.829781E+00
      1114  1.680587E+00
      1115  1.570037E+00
      1116  2.347456E+00
      1117  1.958864E+00
      1118  1.829781E+00
      1119  1.680587E+00
      1120  1.570037E+00
      1121  5.764399E-01
      1122  9.824660E-01
      1123  6.515745E-01
      1124  7.578014E-01
      1125  6.488102E-01
      1126  5.961869E-01
      1127  7.857038E-01
      1128  5.660388E-01
      1129  1.513777E-01
      1130  1.696874E-01
      1131  1.513777E-01
      1132  1.696874E-01
      1133  7.857038E-01
      1134  5.660388E-01
      1135  6.488102E-01
      1136  5.961869E-01
      1137  6.515745E-01
      1138  7.578014E-01
      1139  5.764399E-01
      1140  9.824660E-01
      1141  8.655664E-01
      1142  1.170315E+00
      1143  1.521288E+00
      1144  1.670427E+00
      1145  1.622737E+00
      1146  8.655664E-01
      1147  1.170315E+00
      1148  1.521288E+00
      1149  1.670427E+00
      1150  1.622737E+00
      1151  9.698001E-01
      1152  1.121583E+00
      1153  1.113748E+00
      1154  9.330512E-01
      1155  1.147659E+00
      1156  8.423836E-01
      1157  1.454649E+00
      1158  9.334439E-01
      1159  1.357612E-01
      1160  3.883869E-01
      1161  1.357612E-01
      1162  3.883869E-01
      1163  1.454649E+00
      1164  9.334439E-01
      1165  1.147659E+00
      1166  8.423836E-01
      1167  1.113748E+00
      1168  9.330512E-01
      1169  9.698001E-01
      1170  1.121583E+00
      1171  1.630336E-01
      1172  5.141996E-01
      1173  1.066988E+00
      1174  1.758054E+00
      1175  2.573072E+00
      1176  1.630336E-01
      1177  5.141996E-01
      1178  1.066988E+00
      1179  1.758054E+00
      1180  2.573072E+00
      1181  1.156698E+00
      1182  1.074338E+00
      1183  1.441384E+00
      1184  1.085181E+00
      1185  1.987938E+00
      1186  1.601501E+00
      1187  4.447489E+00
      1188  3.304658E+00
      1189  2.770565E-01
      1190  2.066350E+00
      1191  2.770565E-01
      1192  2.066350E+00
      1193  4.447489E+00
      1194  3.304658E+00
      1195  1.987938E+00
      1196  1.601501E+00
      1197  1.441384E+00
      1198  1.085181E+00
      1199  1.156698E+00
      1200  1.074338E+00
      1201  1.376330E-03
      1202  3.123583E-02
      1203  1.711452E-01
      1204  7.234116E-01
      1205  2.002183E+00
      1206  1.376330E-03
      1207  3.123583E-02
      1208  1.711452E-01
      1209  7.234116E-01
      1210  2.002183E+00
      1211  4.471271E-01
      1212  6.610314E-01
      1213  6.312391E-01
      1214  6.423175E-01
      1215  1.157758E+00
      1216  1.443629E+00
      1217  4.531252E+00
      1218  4.030496E+00
      1219  3.696844E-01
      1220  2.988882E+00
      1221  3.696844E-01
      1222  2.988882E+00
      1223  4.531252E+00
      1224  4.030496E+00
      1225  1.157758E+00
      1226  1.443629E+00
      1227  6.312391E-01
      1228  6.423175E-01
      1229  4.471271E-01
      1230  6.610314E-01

                                INCREMENT     6


 displacements (vx,vy,vz) for set TIP_TOP and time  0.1475000E+01

      1991  1.336717E-01 -3.673990E-03 -4.961273E+00
      1992  1.335132E-01 -3.603353E-03 -4.952704E+00
      1995  1.331857E-01 -3.477715E-03 -4.944267E+00
      1998  1.329077E-01 -2.810763E-03 -4.936540E+00
      2000  1.327883E-01 -1.104310E-03 -4.931702E+00
      2002  1.327542E-01 -4.269386E-15 -4.931456E+00
      2004  1.327883E-01  1.104310E-03 -4.931702E+00
      2007  1.329077E-01  2.810763E-03 -4.936540E+00
      2010  1.331857E-01  3.477715E-03 -4.944267E+00
      2013  1.335132E-01  3.603353E-03 -4.952704E+00
      2016  1.336717E-01  3.673990E-03 -4.961273E+00

 forces (fx,fy,fz) for set CLAMP and time  0.1475000E+01

         1  5.837949E+03  5.158764E+03  2.662790E+03
         4  9.861147E+03 -8.023340E-10  5.286921E+03
         5  9.721587E+03  9.312918E+03  1.035241E+03
         8  1.650085E+04 -2.200846E-09  2.224409E+03
         9  7.968064E+03  8.395630E+03 -1.080499E+02
        12  1.381754E+04  9.217240E-10 -1.675845E+02
        13  4.936831E+03  5.122119E+03 -8.518693E+02
        16  8.587549E+03  5.830347E-09 -1.670246E+03
        17  1.527041E+03  1.491138E+03 -9.110088E+02
        20  2.615634E+03  6.977140E-09 -1.790170E+03
        21 -1.460739E+03 -5.470448E+02 -1.934544E+03
        24 -1.456595E+03  1.150482E-08 -1.117311E+03
        26  5.837949E+03 -5.158764E+03  2.662790E+03
        28  9.721587E+03 -9.312918E+03  1.035241E+03
        30  7.968064E+03 -8.395630E+03 -1.080499E+02
        32  4.936831E+03 -5.122119E+03 -8.518693E+02
        34  1.527041E+03 -1.491138E+03 -9.110088E+02
        36 -1.460739E+03  5.470448E+02 -1.934544E+03
        37 -1.399032E+03 -7.884238E+02 -1.703288E+03
        40 -1.462415E+03 -3.427577E+02 -2.802929E+03
        41 -3.950689E+03 -1.956231E+03 -7.488071E+02
        44 -5.681003E+03 -7.887210E+02 -1.424297E+03
        45 -2.949966E+03 -1.174067E+03  2.233194E+03
        48 -5.003583E+03 -4.468477E+02  4.090332E+03
        50 -1.185960E+03 -3.434776E+02 -2.564396E+03
        52 -5.442093E+03 -7.068650E+02 -1.451815E+03
        54 -5.068179E+03 -3.645448E+02  3.970649E+03
        56 -1.288424E+03 -2.487867E+02 -2.640741E+03
        58 -5.566381E+03 -4.708322E+02 -1.475007E+03
        60 -5.121111E+03 -2.245807E+02  4.017590E+03
        62 -3.885080E+03 -1.689136E+02 -1.002130E+03
        64 -3.508212E+03 -7.625200E+01  2.783581E+03
        66 -2.089768E+03  3.986197E-09 -5.371283E+02
        68 -1.873560E+03 -3.075030E-10  1.495579E+03
        70 -3.885080E+03  1.689136E+02 -1.002130E+03
        72 -3.508212E+03  7.625200E+01  2.783581E+03
        74 -1.288424E+03  2.487867E+02 -2.640741E+03
        76 -5.566381E+03  4.708322E+02 -1.475007E+03
        78 -5.121111E+03  2.245807E+02  4.017590E+03
        80 -1.185960E+03  3.434776E+02 -2.564396E+03
        82 -5.442093E+03  7.068650E+02 -1.451815E+03
        84 -5.068179E+03  3.645448E+02  3.970649E+03
        86 -1.462415E+03  3.427577E+02 -2.802929E+03
        88 -5.681003E+03  7.887210E+02 -1.424297E+03
        90 -5.003583E+03  4.468477E+02  4.090332E+03
        92 -1.399032E+03  7.884238E+02 -1.703288E+03
        94 -3.950689E+03  1.956231E+03 -7.488071E+02
        96 -2.949966E+03  1.174067E+03  2.233194E+03

 internal energy (element, energy) for set EALL and time  0.1475000E+01

         1  3.061233E+02
         2  9.661646E+01
         3  4.683334E+01
         4  1.183051E+01
         5  1.881221E+00
         6  3.061233E+02
         7  9.661646E+01
         8  4.683334E+01
         9  1.183051E+01
        10  1.881221E+00
        11  9.762232E+00
        12  1.930178E+01
        13  7.580139E+00
        14  1.663472E+01
        15  7.375078E+00
        16  1.661172E+01
        17  7.778566E+00
        18  1.718067E+01
        19  2.946477E+00
        20  6.411076E+00
        21  2.946477E+00
        22  6.411076E+00
        23  7.778566E+00
        24  1.718067E+01
        25  7.375078E+00
        26  1.661172E+01
        27  7.580139E+00
        28  1.663472E+01
        29  9.762232E+00
        30  1.930178E+01
        31  8.869507E+02
        32  1.968659E+02
        33  5.731730E+01
        34  1.439547E+01
        35  2.899577E+00
        36  8.869507E+02
        37  1.968659E+02
        38  5.731730E+01
        39  1.439547E+01
        40  2.899577E+00
        41  8.272650E+00
        42  1.864525E+01
        43  9.077320E+00
        44  1.981749E+01
        45  9.169974E+00
        46  2.009693E+01
        47  9.987453E+00
        48  2.129149E+01
        49  3.858703E+00
        50  8.033580E+00
        51  3.858703E+00
        52  8.033580E+00
        53  9.987453E+00
        54  2.129149E+01
        55  9.169974E+00
        56  2.009693E+01
        57  9.077320E+00
        58  1.981749E+01
        59  8.272650E+00
        60  1.864525E+01
        61  6.691251E+02
        62  1.485717E+02
        63  6.353091E+01
        64  1.691039E+01
        65  4.493053E+00
        66  6.691251E+02
        67  1.485717E+02
        68  6.353091E+01
        69  1.691039E+01
        70  4.493053E+00
        71  8.795814E+00
        72  1.928940E+01
        73  9.881178E+00
        74  2.094420E+01
        75  1.058875E+01
        76  2.212715E+01
        77  1.145759E+01
        78  2.325068E+01
        79  4.297570E+00
        80  8.640443E+00
        81  4.297570E+00
        82  8.640443E+00
        83  1.145759E+01
        84  2.325068E+01
        85  1.058875E+01
        86  2.212715E+01
        87  9.881178E+00
        88  2.094420E+01
        89  8.795814E+00
        90  1.928940E+01
        91  5.300214E+02
        92  1.394622E+02
        93  6.529063E+01
        94  1.898855E+01
        95  5.846935E+00
        96  5.300214E+02
        97  1.394622E+02
        98  6.529063E+01
        99  1.898855E+01
       100  5.846935E+00
       101  1.109384E+01
       102  2.121138E+01
       103  1.175748E+01
       104  2.224128E+01
       105  1.237924E+01
       106  2.319876E+01
       107  1.295912E+01
       108  2.376895E+01
       109  4.712172E+00
       110  8.627546E+00
       111  4.712172E+00
       112  8.627546E+00
       113  1.295912E+01
       114  2.376895E+01
       115  1.237924E+01
       116  2.319876E+01
       117  1.175748E+01
       118  2.224128E+01
       119  1.109384E+01
       120  2.121138E+01
       121  3.785939E+02
       122  1.159860E+02
       123  5.369975E+01
       124  1.546742E+01
       125  4.770576E+00
       126  3.785939E+02
       127  1.159860E+02
       128  5.369975E+01
       129  1.546742E+01
       130  4.770576E+00
       131  1.065871E+01
       132  2.047026E+01
       133  1.086097E+01
       134  2.075509E+01
       135  1.107727E+01
       136  2.103491E+01
       137  1.132936E+01
       138  2.107737E+01
       139  4.093010E+00
       140  7.576006E+00
       141  4.093010E+00
       142  7.576006E+00
       143  1.132936E+01
       144  2.107737E+01
       145  1.107727E+01
       146  2.103491E+01
       147  1.086097E+01
       148  2.075509E+01
       149  1.065871E+01
       150  2.047026E+01
       151  3.074008E+02
       152  1.025513E+02
       153  4.565603E+01
       154  1.273289E+01
       155  4.028610E+00
       156  3.074008E+02
       157  1.025513E+02
       158  4.565603E+01
       159  1.273289E+01
       160  4.028610E+00
       161  1.002753E+01
       162  1.912728E+01
       163  1.003151E+01
       164  1.904536E+01
       165  1.005517E+01
       166  1.896640E+01
       167  1.016568E+01
       168  1.880282E+01
       169  3.662119E+00
       170  6.741351E+00
       171  3.662119E+00
       172  6.741351E+00
       173  1.016568E+01
       174  1.880282E+01
       175  1.005517E+01
       176  1.896640E+01
       177  1.003151E+01
       178  1.904536E+01
       179  1.002753E+01
       180  1.912728E+01
       181  2.344217E+02
       182  9.079406E+01
       183  4.012642E+01
       184  1.098100E+01
       185  3.577208E+00
       186  2.344217E+02
       187  9.079406E+01
       188  4.012642E+01
       189  1.098100E+01
       190  3.577208E+00
       191  9.313520E+00
       192  1.755662E+01
       193  9.276319E+00
       194  1.740421E+01
       195  9.242303E+00
       196  1.724941E+01
       197  9.300563E+00
       198  1.707578E+01
       199  3.343624E+00
       200  6.127836E+00
       201  3.343624E+00
       202  6.127836E+00
       203  9.300563E+00
       204  1.707578E+01
       205  9.242303E+00
       206  1.724941E+01
       207  9.276319E+00
       208  1.740421E+01
       209  9.313520E+00
       210  1.755662E+01
       211  1.566790E+02
       212  8.056161E+01
       213  3.585802E+01
       214  9.724478E+00
       215  3.222753E+00
       216  1.566790E+02
       217  8.056161E+01
       218  3.585802E+01
       219  9.724478E+00
       220  3.222753E+00
       221  8.626268E+00
       222  1.607385E+01
       223  8.594591E+00
       224  1.595614E+01
       225  8.554497E+00
       226  1.582780E+01
       227  8.590098E+00
       228  1.567778E+01
       229  3.084035E+00
       230  5.630027E+00
       231  3.084035E+00
       232  5.630027E+00
       233  8.590098E+00
       234  1.567778E+01
       235  8.554497E+00
       236  1.582780E+01
       237  8.594591E+00
       238  1.595614E+01
       239  8.626268E+00
       240  1.607385E+01
       241  1.308055E+02
       242  7.329619E+01
       243  3.240192E+01
       244  8.682105E+00
       245  2.913407E+00
       246  1.308055E+02
       247  7.329619E+01
       248  3.240192E+01
       249  8.682105E+00
       250  2.913407E+00
       251  7.993487E+00
       252  1.477693E+01
       253  7.975320E+00
       254  1.470763E+01
       255  7.947259E+00
       256  1.462760E+01
       257  7.980678E+00
       258  1.451990E+01
       259  2.865308E+00
       260  5.221735E+00
       261  2.865308E+00
       262  5.221735E+00
       263  7.980678E+00
       264  1.451990E+01
       265  7.947259E+00
       266  1.462760E+01
       267  7.975320E+00
       268  1.470763E+01
       269  7.993487E+00
       270  1.477693E+01
       271  1.234727E+02
       272  6.814989E+01
       273  2.972946E+01
       274  7.868654E+00
       275  2.677316E+00
       276  1.234727E+02
       277  6.814989E+01
       278  2.972946E+01
       279  7.868654E+00
       280  2.677316E+00
       281  7.413985E+00
       282  1.365358E+01
       283  7.408594E+00
       284  1.362464E+01
       285  7.398161E+00
       286  1.359471E+01
       287  7.448794E+00
       288  1.354349E+01
       289  2.680301E+00
       290  4.881858E+00
       291  2.680301E+00
       292  4.881858E+00
       293  7.448794E+00
       294  1.354349E+01
       295  7.398161E+00
       296  1.359471E+01
       297  7.408594E+00
       298  1.362464E+01
       299  7.413985E+00
       300  1.365358E+01
       301  1.154314E+02
       302  6.361386E+01
       303  2.761489E+01
       304  7.271169E+00
       305  2.507210E+00
       306  1.154314E+02
       307  6.361386E+01
       308  2.761489E+01
       309  7.271169E+00
       310  2.507210E+00
       311  6.879510E+00
       312  1.266104E+01
       313  6.884242E+00
       314  1.265985E+01
       315  6.890190E+00
       316  1.266787E+01
       317  6.962184E+00
       318  1.266180E+01
       319  2.511751E+00
       320  4.572607E+00
       321  2.511751E+00
       322  4.572607E+00
       323  6.962184E+00
       324  1.266180E+01
       325  6.890190E+00
       326  1.266787E+01
       327  6.884242E+00
       328  1.265985E+01
       329  6.879510E+00
       330  1.266104E+01
       331  1.074533E+02
       332  5.923941E+01
       333  2.571642E+01
       334  6.783791E+00
       335  2.368874E+00
       336  1.074533E+02
       337  5.923941E+01
       338  2.571642E+01
       339  6.783791E+00
       340  2.368874E+00
       341  6.382200E+00
       342  1.175809E+01
       343  6.393534E+00
       344  1.177097E+01
       345  6.410713E+00
       346  1.179882E+01
       347  6.496893E+00
       348  1.181547E+01
       349  2.347627E+00
       350  4.270375E+00
       351  2.347627E+00
       352  4.270375E+00
       353  6.496893E+00
       354  1.181547E+01
       355  6.410713E+00
       356  1.179882E+01
       357  6.393534E+00
       358  1.177097E+01
       359  6.382200E+00
       360  1.175809E+01
       361  9.977825E+01
       362  5.502691E+01
       363  2.390900E+01
       364  6.335115E+00
       365  2.241031E+00
       366  9.977825E+01
       367  5.502691E+01
       368  2.390900E+01
       369  6.335115E+00
       370  2.241031E+00
       371  5.915232E+00
       372  1.091444E+01
       373  5.929864E+00
       374  1.093124E+01
       375  5.952940E+00
       376  1.096548E+01
       377  6.045661E+00
       378  1.098941E+01
       379  2.185875E+00
       380  3.971941E+00
       381  2.185875E+00
       382  3.971941E+00
       383  6.045661E+00
       384  1.098941E+01
       385  5.952940E+00
       386  1.096548E+01
       387  5.929864E+00
       388  1.093124E+01
       389  5.915232E+00
       390  1.091444E+01
       391  9.242601E+01
       392  5.098661E+01
       393  2.217624E+01
       394  5.906788E+00
       395  2.118195E+00
       396  9.242601E+01
       397  5.098661E+01
       398  2.217624E+01
       399  5.906788E+00
       400  2.118195E+00
       401  5.473238E+00
       402  1.011249E+01
       403  5.489048E+00
       404  1.012857E+01
       405  5.514572E+00
       406  1.016316E+01
       407  5.609673E+00
       408  1.018821E+01
       409  2.028364E+00
       410  3.681256E+00
       411  2.028364E+00
       412  3.681256E+00
       413  5.609673E+00
       414  1.018821E+01
       415  5.514572E+00
       416  1.016316E+01
       417  5.489048E+00
       418  1.012857E+01
       419  5.473238E+00
       420  1.011249E+01
       421  8.539097E+01
       422  4.711826E+01
       423  2.051658E+01
       424  5.496778E+00
       425  2.000338E+00
       426  8.539097E+01
       427  4.711826E+01
       428  2.051658E+01
       429  5.496778E+00
       430  2.000338E+00
       431  5.052744E+00
       432  9.344617E+00
       433  5.068820E+00
       434  9.359122E+00
       435  5.095174E+00
       436  9.392634E+00
       437  5.190993E+00
       438  9.417371E+00
       439  1.876653E+00
       440  3.401306E+00
       441  1.876653E+00
       442  3.401306E+00
       443  5.190993E+00
       444  9.417371E+00
       445  5.095174E+00
       446  9.392634E+00
       447  5.068820E+00
       448  9.359122E+00
       449  5.052744E+00
       450  9.344617E+00
       451  7.866491E+01
       452  4.341964E+01
       453  1.892969E+01
       454  5.105042E+00
       455  1.887862E+00
       456  7.866491E+01
       457  4.341964E+01
       458  1.892969E+01
       459  5.105042E+00
       460  1.887862E+00
       461  4.651892E+00
       462  8.608739E+00
       463  4.667992E+00
       464  8.622183E+00
       465  4.694585E+00
       466  8.654845E+00
       467  4.790541E+00
       468  8.679247E+00
       469  1.731380E+00
       470  3.133207E+00
       471  1.731380E+00
       472  3.133207E+00
       473  4.790541E+00
       474  8.679247E+00
       475  4.694585E+00
       476  8.654845E+00
       477  4.667992E+00
       478  8.622183E+00
       479  4.651892E+00
       480  8.608739E+00
       481  7.224235E+01
       482  3.988827E+01
       483  1.741486E+01
       484  4.731444E+00
       485  1.780845E+00
       486  7.224235E+01
       487  3.988827E+01
       488  1.741486E+01
       489  4.731444E+00
       490  1.780845E+00
       491  4.269769E+00
       492  7.904818E+00
       493  4.285872E+00
       494  7.917798E+00
       495  4.312528E+00
       496  7.950054E+00
       497  4.408421E+00
       498  7.974316E+00
       499  1.592690E+00
       500  2.877169E+00
       501  1.592690E+00
       502  2.877169E+00
       503  4.408421E+00
       504  7.974316E+00
       505  4.312528E+00
       506  7.950054E+00
       507  4.285872E+00
       508  7.917798E+00
       509  4.269769E+00
       510  7.904818E+00
       511  6.611902E+01
       512  3.652177E+01
       513  1.597104E+01
       514  4.375670E+00
       515  1.679179E+00
       516  6.611902E+01
       517  3.652177E+01
       518  1.597104E+01
       519  4.375670E+00
       520  1.679179E+00
       521  3.905879E+00
       522  7.233143E+00
       523  3.921998E+00
       524  7.246003E+00
       525  3.948665E+00
       526  7.278135E+00
       527  4.044423E+00
       528  7.302380E+00
       529  1.460549E+00
       530  2.633120E+00
       531  1.460549E+00
       532  2.633120E+00
       533  4.044423E+00
       534  7.302380E+00
       535  3.948665E+00
       536  7.278135E+00
       537  3.921998E+00
       538  7.246003E+00
       539  3.905879E+00
       540  7.233143E+00
       541  6.029109E+01
       542  3.331793E+01
       543  1.459722E+01
       544  4.037387E+00
       545  1.582718E+00
       546  6.029109E+01
       547  3.331793E+01
       548  1.459722E+01
       549  4.037387E+00
       550  1.582718E+00
       551  3.559882E+00
       552  6.593799E+00
       553  3.576016E+00
       554  6.606677E+00
       555  3.602677E+00
       556  6.638799E+00
       557  3.698268E+00
       558  6.663069E+00
       559  1.334876E+00
       560  2.400920E+00
       561  1.334876E+00
       562  2.400920E+00
       563  3.698268E+00
       564  6.663069E+00
       565  3.602677E+00
       566  6.638799E+00
       567  3.576016E+00
       568  6.606677E+00
       569  3.559882E+00
       570  6.593799E+00
       571  5.475492E+01
       572  3.027465E+01
       573  1.329241E+01
       574  3.716300E+00
       575  1.491333E+00
       576  5.475492E+01
       577  3.027465E+01
       578  1.329241E+01
       579  3.716300E+00
       580  1.491333E+00
       581  3.231491E+00
       582  5.986636E+00
       583  3.247635E+00
       584  5.999560E+00
       585  3.274279E+00
       586  6.031691E+00
       587  3.369689E+00
       588  6.055979E+00
       589  1.215580E+00
       590  2.180419E+00
       591  1.215580E+00
       592  2.180419E+00
       593  3.369689E+00
       594  6.055979E+00
       595  3.274279E+00
       596  6.031691E+00
       597  3.247635E+00
       598  5.999560E+00
       599  3.231491E+00
       600  5.986636E+00
       601  4.950697E+01
       602  2.738994E+01
       603  1.205574E+01
       604  3.412148E+00
       605  1.404911E+00
       606  4.950697E+01
       607  2.738994E+01
       608  1.205574E+01
       609  3.412148E+00
       610  1.404911E+00
       611  2.920450E+00
       612  5.411347E+00
       613  2.936598E+00
       614  5.424304E+00
       615  2.963217E+00
       616  5.456425E+00
       617  3.058438E+00
       618  5.480707E+00
       619  1.102574E+00
       620  1.971471E+00
       621  1.102574E+00
       622  1.971471E+00
       623  3.058438E+00
       624  5.480707E+00
       625  2.963217E+00
       626  5.456425E+00
       627  2.936598E+00
       628  5.424304E+00
       629  2.920450E+00
       630  5.411347E+00
       631  4.454378E+01
       632  2.466188E+01
       633  1.088634E+01
       634  3.124687E+00
       635  1.323357E+00
       636  4.454378E+01
       637  2.466188E+01
       638  1.088634E+01
       639  3.124687E+00
       640  1.323357E+00
       641  2.626518E+00
       642  4.867546E+00
       643  2.642664E+00
       644  4.880512E+00
       645  2.669253E+00
       646  4.912595E+00
       647  2.764278E+00
       648  4.936848E+00
       649  9.957737E-01
       650  1.773930E+00
       651  9.957737E-01
       652  1.773930E+00
       653  2.764278E+00
       654  4.936848E+00
       655  2.669253E+00
       656  4.912595E+00
       657  2.642664E+00
       658  4.880512E+00
       659  2.626518E+00
       660  4.867546E+00
       661  3.986195E+01
       662  2.208858E+01
       663  9.783390E+00
       664  2.853684E+00
       665  1.246576E+00
       666  3.986195E+01
       667  2.208858E+01
       668  9.783390E+00
       669  2.853684E+00
       670  1.246576E+00
       671  2.349468E+00
       672  4.354809E+00
       673  2.365607E+00
       674  4.367767E+00
       675  2.392158E+00
       676  4.399791E+00
       677  2.486979E+00
       678  4.423997E+00
       679  8.950943E-01
       680  1.587651E+00
       681  8.950943E-01
       682  1.587651E+00
       683  2.486979E+00
       684  4.423997E+00
       685  2.392158E+00
       686  4.399791E+00
       687  2.365607E+00
       688  4.367767E+00
       689  2.349468E+00
       690  4.354809E+00
       691  3.545815E+01
       692  1.966818E+01
       693  8.746059E+00
       694  2.598906E+00
       695  1.174477E+00
       696  3.545815E+01
       697  1.966818E+01
       698  8.746059E+00
       699  2.598906E+00
       700  1.174477E+00
       701  2.089086E+00
       702  3.872682E+00
       703  2.105207E+00
       704  3.885633E+00
       705  2.131709E+00
       706  3.917599E+00
       707  2.226316E+00
       708  3.941754E+00
       709  8.004537E-01
       710  1.412492E+00
       711  8.004537E-01
       712  1.412492E+00
       713  2.226316E+00
       714  3.941754E+00
       715  2.131709E+00
       716  3.917599E+00
       717  2.105207E+00
       718  3.885633E+00
       719  2.089086E+00
       720  3.872682E+00
       721  3.132912E+01
       722  1.739887E+01
       723  7.773540E+00
       724  2.360116E+00
       725  1.106967E+00
       726  3.132912E+01
       727  1.739887E+01
       728  7.773540E+00
       729  2.360116E+00
       730  1.106967E+00
       731  1.845166E+00
       732  3.420677E+00
       733  1.861249E+00
       734  3.433660E+00
       735  1.887687E+00
       736  3.465603E+00
       737  1.982066E+00
       738  3.489725E+00
       739  7.117725E-01
       740  1.248311E+00
       741  7.117725E-01
       742  1.248311E+00
       743  1.982066E+00
       744  3.489725E+00
       745  1.887687E+00
       746  3.465603E+00
       747  1.861249E+00
       748  3.433660E+00
       749  1.845166E+00
       750  3.420677E+00
       751  2.747172E+01
       752  1.527889E+01
       753  6.865019E+00
       754  2.137069E+00
       755  1.043956E+00
       756  2.747172E+01
       757  1.527889E+01
       758  6.865019E+00
       759  2.137069E+00
       760  1.043956E+00
       761  1.617507E+00
       762  2.998264E+00
       763  1.633520E+00
       764  3.011372E+00
       765  1.659871E+00
       766  3.043390E+00
       767  1.754012E+00
       768  3.067532E+00
       769  6.289762E-01
       770  1.094975E+00
       771  6.289762E-01
       772  1.094975E+00
       773  1.754012E+00
       774  3.067532E+00
       775  1.659871E+00
       776  3.043390E+00
       777  1.633520E+00
       778  3.011372E+00
       779  1.617507E+00
       780  2.998264E+00
       781  2.388295E+01
       782  1.330649E+01
       783  6.019678E+00
       784  1.929510E+00
       785  9.853651E-01
       786  2.388295E+01
       787  1.330649E+01
       788  6.019678E+00
       789  1.929510E+00
       790  9.853651E-01
       791  1.405905E+00
       792  2.604872E+00
       793  1.421797E+00
       794  2.618284E+00
       795  1.448039E+00
       796  2.650559E+00
       797  1.541946E+00
       798  2.674825E+00
       799  5.519983E-01
       800  9.523592E-01
       801  5.519983E-01
       802  9.523592E-01
       803  1.541946E+00
       804  2.674825E+00
       805  1.448039E+00
       806  2.650559E+00
       807  1.421797E+00
       808  2.618284E+00
       809  1.405905E+00
       810  2.604872E+00
       811  2.055993E+01
       812  1.147996E+01
       813  5.236692E+00
       814  1.737189E+00
       815  9.311479E-01
       816  2.055993E+01
       817  1.147996E+01
       818  5.236692E+00
       819  1.737189E+00
       820  9.311479E-01
       821  1.210129E+00
       822  2.239938E+00
       823  1.225838E+00
       824  2.253928E+00
       825  1.251957E+00
       826  2.286746E+00
       827  1.345670E+00
       828  2.311298E+00
       829  4.807839E-01
       830  8.203546E-01
       831  4.807839E-01
       832  8.203546E-01
       833  1.345670E+00
       834  2.311298E+00
       835  1.251957E+00
       836  2.286746E+00
       837  1.225838E+00
       838  2.253928E+00
       839  1.210129E+00
       840  2.239938E+00
       841  1.749986E+01
       842  9.797575E+00
       843  4.515231E+00
       844  1.559891E+00
       845  8.813261E-01
       846  1.749986E+01
       847  9.797575E+00
       848  4.515231E+00
       849  1.559891E+00
       850  8.813261E-01
       851  1.029899E+00
       852  1.903013E+00
       853  1.045360E+00
       854  1.917931E+00
       855  1.071377E+00
       856  1.951664E+00
       857  1.165006E+00
       858  1.976714E+00
       859  4.152923E-01
       860  6.988680E-01
       861  4.152923E-01
       862  6.988680E-01
       863  1.165006E+00
       864  1.976714E+00
       865  1.071377E+00
       866  1.951664E+00
       867  1.045360E+00
       868  1.917931E+00
       869  1.029899E+00
       870  1.903013E+00
       871  1.469977E+01
       872  8.257512E+00
       873  3.854489E+00
       874  1.397503E+00
       875  8.360531E-01
       876  1.469977E+01
       877  8.257512E+00
       878  3.854489E+00
       879  1.397503E+00
       880  8.360531E-01
       881  8.648409E-01
       882  1.593973E+00
       883  8.800218E-01
       884  1.610146E+00
       885  9.060253E-01
       886  1.645161E+00
       887  9.998032E-01
       888  1.670913E+00
       889  3.554957E-01
       890  5.878232E-01
       891  3.554957E-01
       892  5.878232E-01
       893  9.998032E-01
       894  1.670913E+00
       895  9.060253E-01
       896  1.645161E+00
       897  8.800218E-01
       898  1.610146E+00
       899  8.648409E-01
       900  1.593973E+00
       901  1.215623E+01
       902  6.857752E+00
       903  3.253735E+00
       904  1.250133E+00
       905  7.957078E-01
       906  1.215623E+01
       907  6.857752E+00
       908  3.253735E+00
       909  1.250133E+00
       910  7.957078E-01
       911  7.144451E-01
       912  1.313328E+00
       913  7.294185E-01
       914  1.330825E+00
       915  7.556224E-01
       916  1.367263E+00
       917  8.499660E-01
       918  1.393808E+00
       919  3.013714E-01
       920  4.871542E-01
       921  3.013714E-01
       922  4.871542E-01
       923  8.499660E-01
       924  1.393808E+00
       925  7.556224E-01
       926  1.367263E+00
       927  7.294185E-01
       928  1.330825E+00
       929  7.144451E-01
       930  1.313328E+00
       931  9.864908E+00
       932  5.595976E+00
       933  2.712419E+00
       934  1.118274E+00
       935  7.610175E-01
       936  9.864908E+00
       937  5.595976E+00
       938  2.712419E+00
       939  1.118274E+00
       940  7.610175E-01
       941  5.780517E-01
       942  1.062554E+00
       943  5.931107E-01
       944  1.080763E+00
       945  6.199342E-01
       946  1.118173E+00
       947  7.155110E-01
       948  1.145321E+00
       949  2.528813E-01
       950  3.967876E-01
       951  2.528813E-01
       952  3.967876E-01
       953  7.155110E-01
       954  1.145321E+00
       955  6.199342E-01
       956  1.118173E+00
       957  5.931107E-01
       958  1.080763E+00
       959  5.780517E-01
       960  1.062554E+00
       961  7.820053E+00
       962  4.469547E+00
       963  2.230370E+00
       964  1.002995E+00
       965  7.331448E-01
       966  7.820053E+00
       967  4.469547E+00
       968  2.230370E+00
       969  1.002995E+00
       970  7.331448E-01
       971  4.549398E-01
       972  8.442896E-01
       973  4.707741E-01
       974  8.612860E-01
       975  4.989207E-01
       976  8.980981E-01
       977  5.966536E-01
       978  9.251981E-01
       979  2.099354E-01
       980  3.165997E-01
       981  2.099354E-01
       982  3.165997E-01
       983  5.966536E-01
       984  9.251981E-01
       985  4.989207E-01
       986  8.980981E-01
       987  4.707741E-01
       988  8.612860E-01
       989  4.549398E-01
       990  8.442896E-01
       991  6.014218E+00
       992  3.475838E+00
       993  1.808245E+00
       994  9.060671E-01
       995  7.135007E-01
       996  6.014218E+00
       997  3.475838E+00
       998  1.808245E+00
       999  9.060671E-01
      1000  7.135007E-01
      1001  3.448443E-01
      1002  6.622165E-01
      1003  3.627111E-01
      1004  6.739546E-01
      1005  3.931066E-01
      1006  7.068360E-01
      1007  4.938688E-01
      1008  7.326040E-01
      1009  1.723268E-01
      1010  2.463070E-01
      1011  1.723268E-01
      1012  2.463070E-01
      1013  4.938688E-01
      1014  7.326040E-01
      1015  3.931066E-01
      1016  7.068360E-01
      1017  3.627111E-01
      1018  6.739546E-01
      1019  3.448443E-01
      1020  6.622165E-01
      1021  4.438058E+00
      1022  2.613293E+00
      1023  1.448495E+00
      1024  8.297546E-01
      1025  7.027032E-01
      1026  4.438058E+00
      1027  2.613293E+00
      1028  1.448495E+00
      1029  8.297546E-01
      1030  7.027032E-01
      1031  2.499051E-01
      1032  5.208369E-01
      1033  2.714785E-01
      1034  5.202319E-01
      1035  3.045433E-01
      1036  5.432506E-01
      1037  4.078745E-01
      1038  5.655394E-01
      1039  1.396179E-01
      1040  1.852839E-01
      1041  1.396179E-01
      1042  1.852839E-01
      1043  4.078745E-01
      1044  5.655394E-01
      1045  3.045433E-01
      1046  5.432506E-01
      1047  2.714785E-01
      1048  5.202319E-01
      1049  2.499051E-01
      1050  5.208369E-01
      1051  3.080805E+00
      1052  1.883672E+00
      1053  1.156503E+00
      1054  7.758247E-01
      1055  6.979740E-01
      1056  3.080805E+00
      1057  1.883672E+00
      1058  1.156503E+00
      1059  7.758247E-01
      1060  6.979740E-01
      1061  1.801656E-01
      1062  4.265790E-01
      1063  2.064517E-01
      1064  4.025824E-01
      1065  2.396016E-01
      1066  4.059732E-01
      1067  3.404953E-01
      1068  4.211304E-01
      1069  1.110472E-01
      1070  1.326228E-01
      1071  1.110472E-01
      1072  1.326228E-01
      1073  3.404953E-01
      1074  4.211304E-01
      1075  2.396016E-01
      1076  4.059732E-01
      1077  2.064517E-01
      1078  4.025824E-01
      1079  1.801656E-01
      1080  4.265790E-01
      1081  1.934332E+00
      1082  1.293381E+00
      1083  9.387864E-01
      1084  7.427209E-01
      1085  6.913807E-01
      1086  1.934332E+00
      1087  1.293381E+00
      1088  9.387864E-01
      1089  7.427209E-01
      1090  6.913807E-01
      1091  1.643069E-01
      1092  3.903477E-01
      1093  1.934795E-01
      1094  3.297917E-01
      1095  2.161888E-01
      1096  2.996432E-01
      1097  3.012857E-01
      1098  3.020944E-01
      1099  8.568128E-02
      1100  8.978426E-02
      1101  8.568128E-02
      1102  8.978426E-02
      1103  3.012857E-01
      1104  3.020944E-01
      1105  2.161888E-01
      1106  2.996432E-01
      1107  1.934795E-01
      1108  3.297917E-01
      1109  1.643069E-01
      1110  3.903477E-01
      1111  1.013300E+00
      1112  8.457404E-01
      1113  7.901533E-01
      1114  7.258011E-01
      1115  6.779940E-01
      1116  1.013300E+00
      1117  8.457404E-01
      1118  7.901533E-01
      1119  7.258011E-01
      1120  6.779940E-01
      1121  2.488347E-01
      1122  4.237477E-01
      1123  2.812672E-01
      1124  3.268092E-01
      1125  2.800476E-01
      1126  2.570923E-01
      1127  3.391520E-01
      1128  2.441237E-01
      1129  6.530474E-02
      1130  7.317289E-02
      1131  6.530474E-02
      1132  7.317289E-02
      1133  3.391520E-01
      1134  2.441237E-01
      1135  2.800476E-01
      1136  2.570923E-01
      1137  2.812672E-01
      1138  3.268092E-01
      1139  2.488347E-01
      1140  4.237477E-01
      1141  3.735765E-01
      1142  5.052198E-01
      1143  6.568394E-01
      1144  7.213564E-01
      1145  7.007977E-01
      1146  3.735765E-01
      1147  5.052198E-01
      1148  6.568394E-01
      1149  7.213564E-01
      1150  7.007977E-01
      1151  4.187097E-01
      1152  4.837452E-01
      1153  4.808420E-01
      1154  4.024239E-01
      1155  4.954653E-01
      1156  3.633879E-01
      1157  6.280679E-01
      1158  4.028304E-01
      1159  5.858208E-02
      1160  1.676479E-01
      1161  5.858208E-02
      1162  1.676479E-01
      1163  6.280679E-01
      1164  4.028304E-01
      1165  4.954653E-01
      1166  3.633879E-01
      1167  4.808420E-01
      1168  4.024239E-01
      1169  4.187097E-01
      1170  4.837452E-01
      1171  7.034993E-02
      1172  2.219207E-01
      1173  4.605600E-01
      1174  7.590124E-01
      1175  1.111149E+00
      1176  7.034993E-02
      1177  2.219207E-01
      1178  4.605600E-01
      1179  7.590124E-01
      1180  1.111149E+00
      1181  4.993698E-01
      1182  4.633791E-01
      1183  6.222348E-01
      1184  4.681036E-01
      1185  8.581669E-01
      1186  6.911586E-01
      1187  1.920188E+00
      1188  1.426620E+00
      1189  1.195952E-01
      1190  8.921828E-01
      1191  1.195952E-01
      1192  8.921828E-01
      1193  1.920188E+00
      1194  1.426620E+00
      1195  8.581669E-01
      1196  6.911586E-01
      1197  6.222348E-01
      1198  4.681036E-01
      1199  4.993698E-01
      1200  4.633791E-01
      1201  5.937671E-04
      1202  1.347579E-02
      1203  7.384413E-02
      1204  3.121685E-01
      1205  8.641077E-01
      1206  5.937671E-04
      1207  1.347579E-02
      1208  7.384413E-02
      1209  3.121685E-01
      1210  8.641077E-01
      1211  1.929364E-01
      1212  2.850278E-01
      1213  2.724459E-01
      1214  2.771269E-01
      1215  4.997768E-01
      1216  6.231258E-01
      1217  1.956173E+00
      1218  1.739997E+00
      1219  1.595727E-01
      1220  1.290288E+00
      1221  1.595727E-01
      1222  1.290288E+00
      1223  1.956173E+00
      1224  1.739997E+00
      1225  4.997768E-01
      1226  6.231258E-01
      1227  2.724459E-01
      1228  2.771269E-01
      1229  1.929364E-01
      1230  2.850278E-01

                                INCREMENT     7


 displacements (vx,vy,vz) for set TIP_TOP and time  0.1575000E+01

      1991  6.708264E-02 -1.758169E-03 -2.518222E+00
      1992  6.699972E-02 -1.723961E-03 -2.514124E+00
      1995  6.683562E-02 -1.663502E-03 -2.510089E+00
      1998  6.669596E-02 -1.344244E-03 -2.506395E+00
      2000  6.663448E-02 -5.280794E-04 -2.504082E+00
      2002  6.661777E-02 -2.353047E-14 -2.503964E+00
      2004  6.663448E-02  5.280794E-04 -2.504082E+00
      2007  6.669596E-02  1.344244E-03 -2.506395E+00
      2010  6.683562E-02  1.663502E-03 -2.510089E+00
      2013  6.699972E-02  1.723961E-03 -2.514124E+00
      2016  6.708264E-02  1.758169E-03 -2.518222E+00

 forces (fx,fy,fz) for set CLAMP and time  0.1575000E+01

         1  2.041897E+03  1.595846E+03  1.146336E+03
         4  3.004955E+03  1.724745E-09  2.259489E+03
         5  4.684977E+03  3.876062E+03  1.028516E+03
         8  7.635192E+03  3.844205E-10  2.196332E+03
         9  4.586766E+03  4.816526E+03  4.648380E+01
        12  7.915768E+03  1.323807E-10  1.276293E+02
        13  3.033602E+03  3.136557E+03 -5.627825E+02
        16  5.277592E+03  1.246266E-10 -1.107467E+03
        17  1.071883E+03  1.044396E+03 -5.889066E+02
        20  1.837299E+03  2.139226E-09 -1.157358E+03
        21 -6.816330E+02 -2.111963E+02 -1.072058E+03
        24 -6.004396E+02  4.537527E-09 -7.133552E+02
        26  2.041897E+03 -1.595846E+03  1.146336E+03
        28  4.684977E+03 -3.876062E+03  1.028516E+03
        30  4.586766E+03 -4.816526E+03  4.648380E+01
        32  3.033602E+03 -3.136557E+03 -5.627825E+02
        34  1.071883E+03 -1.044396E+03 -5.889066E+02
        36 -6.816330E+02  2.111963E+02 -1.072058E+03
        37 -6.574786E+02 -3.929622E+02 -8.471744E+02
        40 -6.405061E+02 -1.826283E+02 -1.389904E+03
        41 -2.016216E+03 -9.998878E+02 -4.252867E+02
        44 -2.895757E+03 -4.107950E+02 -8.077208E+02
        45 -1.561520E+03 -6.101250E+02  1.158277E+03
        48 -2.655218E+03 -2.286045E+02  2.122924E+03
        50 -5.390097E+02 -1.893670E+02 -1.287964E+03
        52 -2.782062E+03 -3.712003E+02 -8.172267E+02
        54 -2.657905E+03 -1.826955E+02  2.053688E+03
        56 -6.536626E+02 -1.351736E+02 -1.357118E+03
        58 -2.850473E+03 -2.408084E+02 -8.360035E+02
        60 -2.628406E+03 -1.061554E+02  2.057140E+03
        62 -1.974581E+03 -8.029000E+01 -5.918235E+02
        64 -1.762815E+03 -3.341920E+01  1.407134E+03
        66 -1.059353E+03  1.758014E-09 -3.255640E+02
        68 -9.347790E+02  8.905367E-10  7.519298E+02
        70 -1.974581E+03  8.029000E+01 -5.918235E+02
        72 -1.762815E+03  3.341920E+01  1.407134E+03
        74 -6.536626E+02  1.351736E+02 -1.357118E+03
        76 -2.850473E+03  2.408084E+02 -8.360035E+02
        78 -2.628406E+03  1.061554E+02  2.057140E+03
        80 -5.390097E+02  1.893670E+02 -1.287964E+03
        82 -2.782062E+03  3.712003E+02 -8.172267E+02
        84 -2.657905E+03  1.826955E+02  2.053688E+03
        86 -6.405061E+02  1.826283E+02 -1.389904E+03
        88 -2.895757E+03  4.107950E+02 -8.077208E+02
        90 -2.655218E+03  2.286045E+02  2.122924E+03
        92 -6.574786E+02  3.929622E+02 -8.471744E+02
        94 -2.016216E+03  9.998878E+02 -4.252867E+02
        96 -1.561520E+03  6.101250E+02  1.158277E+03

 internal energy (element, energy) for set EALL and time  0.1575000E+01

         1  2.160921E+02
         2  3.050593E+01
         3  1.692245E+01
         4  4.646033E+00
         5  6.330257E-01
         6  2.160921E+02
         7  3.050593E+01
         8  1.692245E+01
         9  4.646033E+00
        10  6.330257E-01
        11  2.476433E+00
        12  5.248252E+00
        13  1.946531E+00
        14  4.537301E+00
        15  1.921671E+00
        16  4.522010E+00
        17  2.033549E+00
        18  4.661845E+00
        19  7.709906E-01
        20  1.738623E+00
        21  7.709906E-01
        22  1.738623E+00
        23  2.033549E+00
        24  4.661845E+00
        25  1.921671E+00
        26  4.522010E+00
        27  1.946531E+00
        28  4.537301E+00
        29  2.476433E+00
        30  5.248252E+00
        31  8.359883E+02
        32  1.047070E+02
        33  2.017185E+01
        34  5.326775E+00
        35  8.549548E-01
        36  8.359883E+02
        37  1.047070E+02
        38  2.017185E+01
        39  5.326775E+00
        40  8.549548E-01
        41  2.098462E+00
        42  5.077011E+00
        43  2.321139E+00
        44  5.431835E+00
        45  2.374807E+00
        46  5.596228E+00
        47  2.648755E+00
        48  6.066200E+00
        49  1.034241E+00
        50  2.321275E+00
        51  1.034241E+00
        52  2.321275E+00
        53  2.648755E+00
        54  6.066200E+00
        55  2.374807E+00
        56  5.596228E+00
        57  2.321139E+00
        58  5.431835E+00
        59  2.098462E+00
        60  5.077011E+00
        61  5.950084E+02
        62  5.267837E+01
        63  2.211430E+01
        64  6.118476E+00
        65  1.467926E+00
        66  5.950084E+02
        67  5.267837E+01
        68  2.211430E+01
        69  6.118476E+00
        70  1.467926E+00
        71  2.226346E+00
        72  5.203354E+00
        73  2.517142E+00
        74  5.699885E+00
        75  2.734567E+00
        76  6.115854E+00
        77  3.065584E+00
        78  6.559949E+00
        79  1.165917E+00
        80  2.463471E+00
        81  1.165917E+00
        82  2.463471E+00
        83  3.065584E+00
        84  6.559949E+00
        85  2.734567E+00
        86  6.115854E+00
        87  2.517142E+00
        88  5.699885E+00
        89  2.226346E+00
        90  5.203354E+00
        91  4.323986E+02
        92  4.365897E+01
        93  2.137608E+01
        94  6.707092E+00
        95  1.988884E+00
        96  4.323986E+02
        97  4.365897E+01
        98  2.137608E+01
        99  6.707092E+00
       100  1.988884E+00
       101  2.789222E+00
       102  5.590395E+00
       103  2.970005E+00
       104  5.891920E+00
       105  3.152904E+00
       106  6.191650E+00
       107  3.386614E+00
       108  6.395601E+00
       109  1.243640E+00
       110  2.321432E+00
       111  1.243640E+00
       112  2.321432E+00
       113  3.386614E+00
       114  6.395601E+00
       115  3.152904E+00
       116  6.191650E+00
       117  2.970005E+00
       118  5.891920E+00
       119  2.789222E+00
       120  5.590395E+00
       121  2.720243E+02
       122  3.285550E+01
       123  1.601607E+01
       124  5.026480E+00
       125  1.529461E+00
       126  2.720243E+02
       127  3.285550E+01
       128  1.601607E+01
       129  5.026480E+00
       130  1.529461E+00
       131  2.641214E+00
       132  5.257246E+00
       133  2.691131E+00
       134  5.323275E+00
       135  2.744947E+00
       136  5.384328E+00
       137  2.834613E+00
       138  5.369154E+00
       139  1.022856E+00
       140  1.912828E+00
       141  1.022856E+00
       142  1.912828E+00
       143  2.834613E+00
       144  5.369154E+00
       145  2.744947E+00
       146  5.384328E+00
       147  2.691131E+00
       148  5.323275E+00
       149  2.641214E+00
       150  5.257246E+00
       151  2.001193E+02
       152  2.740697E+01
       153  1.250768E+01
       154  3.737871E+00
       155  1.175706E+00
       156  2.001193E+02
       157  2.740697E+01
       158  1.250768E+01
       159  3.737871E+00
       160  1.175706E+00
       161  2.442892E+00
       162  4.763698E+00
       163  2.434430E+00
       164  4.717268E+00
       165  2.426908E+00
       166  4.663745E+00
       167  2.454394E+00
       168  4.578050E+00
       169  8.770421E-01
       170  1.624102E+00
       171  8.770421E-01
       172  1.624102E+00
       173  2.454394E+00
       174  4.578050E+00
       175  2.426908E+00
       176  4.663745E+00
       177  2.434430E+00
       178  4.717268E+00
       179  2.442892E+00
       180  4.763698E+00
       181  1.273825E+02
       182  2.287222E+01
       183  1.031357E+01
       184  2.981857E+00
       185  9.736914E-01
       186  1.273825E+02
       187  2.287222E+01
       188  1.031357E+01
       189  2.981857E+00
       190  9.736914E-01
       191  2.230992E+00
       192  4.244419E+00
       193  2.210586E+00
       194  4.181052E+00
       195  2.185636E+00
       196  4.109782E+00
       197  2.191268E+00
       198  4.027683E+00
       199  7.798301E-01
       200  1.432016E+00
       201  7.798301E-01
       202  1.432016E+00
       203  2.191268E+00
       204  4.027683E+00
       205  2.185636E+00
       206  4.109782E+00
       207  2.210586E+00
       208  4.181052E+00
       209  2.230992E+00
       210  4.244419E+00
       211  5.078118E+01
       212  1.914976E+01
       213  8.771370E+00
       214  2.489101E+00
       215  8.258247E-01
       216  5.078118E+01
       217  1.914976E+01
       218  8.771370E+00
       219  2.489101E+00
       220  8.258247E-01
       221  2.036834E+00
       222  3.793918E+00
       223  2.019105E+00
       224  3.745578E+00
       225  1.993427E+00
       226  3.686757E+00
       227  1.988051E+00
       228  3.615587E+00
       229  7.058479E-01
       230  1.287572E+00
       231  7.058479E-01
       232  1.287572E+00
       233  1.988051E+00
       234  3.615587E+00
       235  1.993427E+00
       236  3.686757E+00
       237  2.019105E+00
       238  3.745578E+00
       239  2.036834E+00
       240  3.793918E+00
       241  2.955963E+01
       242  1.687548E+01
       243  7.626637E+00
       244  2.106475E+00
       245  7.039443E-01
       246  2.955963E+01
       247  1.687548E+01
       248  7.626637E+00
       249  2.106475E+00
       250  7.039443E-01
       251  1.866343E+00
       252  3.430445E+00
       253  1.854182E+00
       254  3.400524E+00
       255  1.834235E+00
       256  3.360622E+00
       257  1.826688E+00
       258  3.307128E+00
       259  6.489874E-01
       260  1.181394E+00
       261  6.489874E-01
       262  1.181394E+00
       263  1.826688E+00
       264  3.307128E+00
       265  1.834235E+00
       266  3.360622E+00
       267  1.854182E+00
       268  3.400524E+00
       269  1.866343E+00
       270  3.430445E+00
       271  2.818986E+01
       272  1.558670E+01
       273  6.849226E+00
       274  1.837759E+00
       275  6.227576E-01
       276  2.818986E+01
       277  1.558670E+01
       278  6.849226E+00
       279  1.837759E+00
       280  6.227576E-01
       281  1.716785E+00
       282  3.138566E+00
       283  1.710250E+00
       284  3.124524E+00
       285  1.698497E+00
       286  3.105178E+00
       287  1.698497E+00
       288  3.076439E+00
       289  6.067352E-01
       290  1.104473E+00
       291  6.067352E-01
       292  1.104473E+00
       293  1.698497E+00
       294  3.076439E+00
       295  1.698497E+00
       296  3.105178E+00
       297  1.710250E+00
       298  3.124524E+00
       299  1.716785E+00
       300  3.138566E+00
       301  2.640963E+01
       302  1.455234E+01
       303  6.324324E+00
       304  1.671501E+00
       305  5.751208E-01
       306  2.640963E+01
       307  1.455234E+01
       308  6.324324E+00
       309  1.671501E+00
       310  5.751208E-01
       311  1.584002E+00
       312  2.896578E+00
       313  1.582183E+00
       314  2.893965E+00
       315  1.578198E+00
       316  2.890823E+00
       317  1.588272E+00
       318  2.882367E+00
       319  5.708350E-01
       320  1.039091E+00
       321  5.708350E-01
       322  1.039091E+00
       323  1.588272E+00
       324  2.882367E+00
       325  1.578198E+00
       326  2.890823E+00
       327  1.582183E+00
       328  2.893965E+00
       329  1.584002E+00
       330  2.896578E+00
       331  2.458206E+01
       332  1.355292E+01
       333  5.885028E+00
       334  1.554031E+00
       335  5.421141E-01
       336  2.458206E+01
       337  1.355292E+01
       338  5.885028E+00
       339  1.554031E+00
       340  5.421141E-01
       341  1.464364E+00
       342  2.685886E+00
       343  1.465729E+00
       344  2.689163E+00
       345  1.467168E+00
       346  2.694625E+00
       347  1.484107E+00
       348  2.696474E+00
       349  5.354065E-01
       350  9.739897E-01
       351  5.354065E-01
       352  9.739897E-01
       353  1.484107E+00
       354  2.696474E+00
       355  1.467168E+00
       356  2.694625E+00
       357  1.465729E+00
       358  2.689163E+00
       359  1.464364E+00
       360  2.685886E+00
       361  2.282155E+01
       362  1.258809E+01
       363  5.470843E+00
       364  1.450532E+00
       365  5.129162E-01
       366  2.282155E+01
       367  1.258809E+01
       368  5.470843E+00
       369  1.450532E+00
       370  5.129162E-01
       371  1.354665E+00
       372  2.493275E+00
       373  1.357658E+00
       374  2.498116E+00
       375  1.361988E+00
       376  2.506329E+00
       377  1.382164E+00
       378  2.511501E+00
       379  4.994158E-01
       380  9.075688E-01
       381  4.994158E-01
       382  9.075688E-01
       383  1.382164E+00
       384  2.511501E+00
       385  1.361988E+00
       386  2.506329E+00
       387  1.357658E+00
       388  2.498116E+00
       389  1.354665E+00
       390  2.493275E+00
       391  2.113769E+01
       392  1.166290E+01
       393  5.074011E+00
       394  1.352201E+00
       395  4.847971E-01
       396  2.113769E+01
       397  1.166290E+01
       398  5.074011E+00
       399  1.352201E+00
       400  4.847971E-01
       401  1.252324E+00
       402  2.311228E+00
       403  1.255912E+00
       404  2.315648E+00
       405  1.261458E+00
       406  2.323979E+00
       407  1.282859E+00
       408  2.329695E+00
       409  4.637427E-01
       410  8.417040E-01
       411  4.637427E-01
       412  8.417040E-01
       413  1.282859E+00
       414  2.329695E+00
       415  1.261458E+00
       416  2.323979E+00
       417  1.255912E+00
       418  2.315648E+00
       419  1.252324E+00
       420  2.311228E+00
       421  1.952827E+01
       422  1.077752E+01
       423  4.693919E+00
       424  1.258104E+00
       425  4.577246E-01
       426  1.952827E+01
       427  1.077752E+01
       428  4.693919E+00
       429  1.258104E+00
       430  4.577246E-01
       431  1.155663E+00
       432  2.136648E+00
       433  1.159389E+00
       434  2.140320E+00
       435  1.165354E+00
       436  2.148176E+00
       437  1.187164E+00
       438  2.153796E+00
       439  4.291417E-01
       440  7.778479E-01
       441  4.291417E-01
       442  7.778479E-01
       443  1.187164E+00
       444  2.153796E+00
       445  1.165354E+00
       446  2.148176E+00
       447  1.159389E+00
       448  2.140320E+00
       449  1.155663E+00
       450  2.136648E+00
       451  1.799012E+01
       452  9.931281E+00
       453  4.330602E+00
       454  1.168265E+00
       455  4.318942E-01
       456  1.799012E+01
       457  9.931281E+00
       458  4.330602E+00
       459  1.168265E+00
       460  4.318942E-01
       461  1.063805E+00
       462  1.968851E+00
       463  1.067540E+00
       464  1.972040E+00
       465  1.073628E+00
       466  1.979542E+00
       467  1.095556E+00
       468  1.985057E+00
       469  3.959366E-01
       470  7.165731E-01
       471  3.959366E-01
       472  7.165731E-01
       473  1.095556E+00
       474  1.985057E+00
       475  1.073628E+00
       476  1.979542E+00
       477  1.067540E+00
       478  1.972040E+00
       479  1.063805E+00
       480  1.968851E+00
       481  1.652149E+01
       482  9.123476E+00
       483  3.983907E+00
       484  1.082665E+00
       485  4.073549E-01
       486  1.652149E+01
       487  9.123476E+00
       488  3.983907E+00
       489  1.082665E+00
       490  4.073549E-01
       491  9.763498E-01
       492  1.808001E+00
       493  9.800787E-01
       494  1.810986E+00
       495  9.861987E-01
       496  1.818338E+00
       497  1.008143E+00
       498  1.823825E+00
       499  3.642192E-01
       500  6.580236E-01
       501  3.642192E-01
       502  6.580236E-01
       503  1.008143E+00
       504  1.823825E+00
       505  9.861987E-01
       506  1.818338E+00
       507  9.800787E-01
       508  1.810986E+00
       509  9.763498E-01
       510  1.808001E+00
       511  1.512127E+01
       512  8.353459E+00
       513  3.653549E+00
       514  1.001205E+00
       515  3.840735E-01
       516  1.512127E+01
       517  8.353459E+00
       518  3.653549E+00
       519  1.001205E+00
       520  3.840735E-01
       521  8.931096E-01
       522  1.654356E+00
       523  8.968370E-01
       524  1.657294E+00
       525  9.029630E-01
       526  1.664615E+00
       527  9.248861E-01
       528  1.670119E+00
       529  3.339969E-01
       530  6.022063E-01
       531  3.339969E-01
       532  6.022063E-01
       533  9.248861E-01
       534  1.670119E+00
       535  9.029630E-01
       536  1.664615E+00
       537  8.968370E-01
       538  1.657294E+00
       539  8.931096E-01
       540  1.654356E+00
       541  1.378856E+01
       542  7.620667E+00
       543  3.339244E+00
       544  9.237785E-01
       545  3.620008E-01
       546  1.378856E+01
       547  7.620667E+00
       548  3.339244E+00
       549  9.237785E-01
       550  3.620008E-01
       551  8.139785E-01
       552  1.508056E+00
       553  8.177055E-01
       554  1.511004E+00
       555  8.238289E-01
       556  1.518339E+00
       557  8.457157E-01
       558  1.523872E+00
       559  3.052534E-01
       560  5.490945E-01
       561  3.052534E-01
       562  5.490945E-01
       563  8.457157E-01
       564  1.523872E+00
       565  8.238289E-01
       566  1.518339E+00
       567  8.177055E-01
       568  1.511004E+00
       569  8.139785E-01
       570  1.508056E+00
       571  1.252252E+01
       572  6.924601E+00
       573  3.040745E+00
       574  8.503013E-01
       575  3.410962E-01
       576  1.252252E+01
       577  6.924601E+00
       578  3.040745E+00
       579  8.503013E-01
       580  3.410962E-01
       581  7.388798E-01
       582  1.369120E+00
       583  7.426049E-01
       584  1.372089E+00
       585  7.487217E-01
       586  1.379441E+00
       587  7.705655E-01
       588  1.384994E+00
       589  2.779683E-01
       590  4.986566E-01
       591  2.779683E-01
       592  4.986566E-01
       593  7.705655E-01
       594  1.384994E+00
       595  7.487217E-01
       596  1.379441E+00
       597  7.426049E-01
       598  1.372089E+00
       599  7.388798E-01
       600  1.369120E+00
       601  1.132235E+01
       602  6.264797E+00
       603  2.757838E+00
       604  7.807047E-01
       605  3.213293E-01
       606  1.132235E+01
       607  6.264797E+00
       608  2.757838E+00
       609  7.807047E-01
       610  3.213293E-01
       611  6.677498E-01
       612  1.237493E+00
       613  6.714715E-01
       614  1.240477E+00
       615  6.775795E-01
       616  1.247836E+00
       617  6.993773E-01
       618  1.253397E+00
       619  2.521218E-01
       620  4.508603E-01
       621  2.521218E-01
       622  4.508603E-01
       623  6.993773E-01
       624  1.253397E+00
       625  6.775795E-01
       626  1.247836E+00
       627  6.714715E-01
       628  1.240477E+00
       629  6.677498E-01
       630  1.237493E+00
       631  1.018728E+01
       632  5.640814E+00
       633  2.490322E+00
       634  7.149295E-01
       635  3.026758E-01
       636  1.018728E+01
       637  5.640814E+00
       638  2.490322E+00
       639  7.149295E-01
       640  3.026758E-01
       641  6.005320E-01
       642  1.113088E+00
       643  6.042492E-01
       644  1.116075E+00
       645  6.103471E-01
       646  1.123430E+00
       647  6.320975E-01
       648  1.128989E+00
       649  2.276944E-01
       650  4.056733E-01
       651  2.276944E-01
       652  4.056733E-01
       653  6.320975E-01
       654  1.128989E+00
       655  6.103471E-01
       656  1.123430E+00
       657  6.042492E-01
       658  1.116075E+00
       659  6.005320E-01
       660  1.113088E+00
       661  9.116542E+00
       662  5.052224E+00
       663  2.238007E+00
       664  6.529207E-01
       665  2.851139E-01
       666  9.116542E+00
       667  5.052224E+00
       668  2.238007E+00
       669  6.529207E-01
       670  2.851139E-01
       671  5.371745E-01
       672  9.958008E-01
       673  5.408863E-01
       674  9.987855E-01
       675  5.469728E-01
       676  1.006128E+00
       677  5.686743E-01
       678  1.011676E+00
       679  2.046674E-01
       680  3.630630E-01
       681  2.046674E-01
       682  3.630630E-01
       683  5.686743E-01
       684  1.011676E+00
       685  5.469728E-01
       686  1.006128E+00
       687  5.408863E-01
       688  9.987855E-01
       689  5.371745E-01
       690  9.958008E-01
       691  8.109377E+00
       692  4.498605E+00
       693  2.000704E+00
       694  5.946245E-01
       695  2.686226E-01
       696  8.109377E+00
       697  4.498605E+00
       698  2.000704E+00
       699  5.946245E-01
       700  2.686226E-01
       701  4.776284E-01
       702  8.855238E-01
       703  4.813329E-01
       704  8.885048E-01
       705  4.874060E-01
       706  8.958322E-01
       707  5.090564E-01
       708  9.013682E-01
       709  1.830219E-01
       710  3.229970E-01
       711  1.830219E-01
       712  3.229970E-01
       713  5.090564E-01
       714  9.013682E-01
       715  4.874060E-01
       716  8.958322E-01
       717  4.813329E-01
       718  8.885048E-01
       719  4.776284E-01
       720  8.855238E-01
       721  7.165048E+00
       722  3.979545E+00
       723  1.778228E+00
       724  5.399867E-01
       725  2.531808E-01
       726  7.165048E+00
       727  3.979545E+00
       728  1.778228E+00
       729  5.399867E-01
       730  2.531808E-01
       731  4.218472E-01
       732  7.821418E-01
       733  4.255404E-01
       734  7.851270E-01
       735  4.315967E-01
       736  7.924472E-01
       737  4.531935E-01
       738  7.979743E-01
       739  1.627398E-01
       740  2.854432E-01
       741  1.627398E-01
       742  2.854432E-01
       743  4.531935E-01
       744  7.979743E-01
       745  4.315967E-01
       746  7.924472E-01
       747  4.255404E-01
       748  7.851270E-01
       749  4.218472E-01
       750  7.821418E-01
       751  6.282839E+00
       752  3.494640E+00
       753  1.570393E+00
       754  4.889511E-01
       755  2.387681E-01
       756  6.282839E+00
       757  3.494640E+00
       758  1.570393E+00
       759  4.889511E-01
       760  2.387681E-01
       761  3.697855E-01
       762  6.855312E-01
       763  3.734601E-01
       764  6.885424E-01
       765  3.794951E-01
       766  6.958773E-01
       767  4.010361E-01
       768  7.014077E-01
       769  1.438041E-01
       770  2.503710E-01
       771  1.438041E-01
       772  2.503710E-01
       773  4.010361E-01
       774  7.014077E-01
       775  3.794951E-01
       776  6.958773E-01
       777  3.734601E-01
       778  6.885424E-01
       779  3.697855E-01
       780  6.855312E-01
       781  5.462064E+00
       782  3.043493E+00
       783  1.377013E+00
       784  4.414597E-01
       785  2.253667E-01
       786  5.462064E+00
       787  3.043493E+00
       788  1.377013E+00
       789  4.414597E-01
       790  2.253667E-01
       791  3.213963E-01
       792  5.955607E-01
       793  3.250416E-01
       794  5.986388E-01
       795  3.310503E-01
       796  6.060304E-01
       797  3.525364E-01
       798  6.115879E-01
       799  1.261996E-01
       800  2.177520E-01
       801  1.261996E-01
       802  2.177520E-01
       803  3.525364E-01
       804  6.115879E-01
       805  3.310503E-01
       806  6.060304E-01
       807  3.250416E-01
       808  5.986388E-01
       809  3.213963E-01
       810  5.955607E-01
       811  4.702068E+00
       812  2.625712E+00
       813  1.197898E+00
       814  3.974551E-01
       815  2.129658E-01
       816  4.702068E+00
       817  2.625712E+00
       818  1.197898E+00
       819  3.974551E-01
       820  2.129658E-01
       821  2.766276E-01
       822  5.121008E-01
       823  2.802291E-01
       824  5.153088E-01
       825  2.862089E-01
       826  5.228231E-01
       827  3.076496E-01
       828  5.284451E-01
       829  1.099137E-01
       830  1.875609E-01
       831  1.099137E-01
       832  1.875609E-01
       833  3.076496E-01
       834  5.284451E-01
       835  2.862089E-01
       836  5.228231E-01
       837  2.802291E-01
       838  5.153088E-01
       839  2.766276E-01
       840  5.121008E-01
       841  4.002208E+00
       842  2.240903E+00
       843  1.032859E+00
       844  3.568879E-01
       845  2.015705E-01
       846  4.002208E+00
       847  2.240903E+00
       848  1.032859E+00
       849  3.568879E-01
       850  2.015705E-01
       851  2.354148E-01
       852  4.350486E-01
       853  2.389582E-01
       854  4.384672E-01
       855  2.449136E-01
       856  4.461895E-01
       857  2.663345E-01
       858  4.519245E-01
       859  9.493711E-02
       860  1.597764E-01
       861  9.493711E-02
       862  1.597764E-01
       863  2.663345E-01
       864  4.519245E-01
       865  2.449136E-01
       866  4.461895E-01
       867  2.389582E-01
       868  4.384672E-01
       869  2.354148E-01
       870  4.350486E-01
       871  3.361808E+00
       872  1.888647E+00
       873  8.817102E-01
       874  3.197325E-01
       875  1.912160E-01
       876  3.361808E+00
       877  1.888647E+00
       878  8.817102E-01
       879  3.197325E-01
       880  1.912160E-01
       881  1.976724E-01
       882  3.643760E-01
       883  2.011507E-01
       884  3.680803E-01
       885  2.071024E-01
       886  3.760945E-01
       887  2.285569E-01
       888  3.819895E-01
       889  8.126340E-02
       890  1.343811E-01
       891  8.126340E-02
       892  1.343811E-01
       893  2.285569E-01
       894  3.819895E-01
       895  2.071024E-01
       896  3.760945E-01
       897  2.011507E-01
       898  3.680803E-01
       899  1.976724E-01
       900  3.643760E-01
       901  2.780084E+00
       902  1.568485E+00
       903  7.442852E-01
       904  2.860135E-01
       905  1.819888E-01
       906  2.780084E+00
       907  1.568485E+00
       908  7.442852E-01
       909  2.860135E-01
       910  1.819888E-01
       911  1.632840E-01
       912  3.001995E-01
       913  1.667139E-01
       914  3.042053E-01
       915  1.727110E-01
       916  3.125443E-01
       917  1.942946E-01
       918  3.186202E-01
       919  6.888731E-02
       920  1.113597E-01
       921  6.888731E-02
       922  1.113597E-01
       923  1.942946E-01
       924  3.186202E-01
       925  1.727110E-01
       926  3.125443E-01
       927  1.667139E-01
       928  3.042053E-01
       929  1.632840E-01
       930  3.001995E-01
       931  2.256042E+00
       932  1.279884E+00
       933  6.204579E-01
       934  2.558436E-01
       935  1.740554E-01
       936  2.256042E+00
       937  1.279884E+00
       938  6.204579E-01
       939  2.558436E-01
       940  1.740554E-01
       941  1.320987E-01
       942  2.428569E-01
       943  1.355474E-01
       944  2.470245E-01
       945  1.416858E-01
       946  2.555848E-01
       947  1.635514E-01
       948  2.617982E-01
       949  5.780013E-02
       950  9.069548E-02
       951  5.780013E-02
       952  9.069548E-02
       953  1.635514E-01
       954  2.617982E-01
       955  1.416858E-01
       956  2.555848E-01
       957  1.355474E-01
       958  2.470245E-01
       959  1.320987E-01
       960  2.428569E-01
       961  1.788371E+00
       962  1.022242E+00
       963  5.101887E-01
       964  2.294673E-01
       965  1.676817E-01
       966  1.788371E+00
       967  1.022242E+00
       968  5.101887E-01
       969  2.294673E-01
       970  1.676817E-01
       971  1.039519E-01
       972  1.929511E-01
       973  1.075772E-01
       974  1.968404E-01
       975  1.140178E-01
       976  2.052632E-01
       977  1.363764E-01
       978  2.114653E-01
       979  4.798123E-02
       980  7.235986E-02
       981  4.798123E-02
       982  7.235986E-02
       983  1.363764E-01
       984  2.114653E-01
       985  1.140178E-01
       986  2.052632E-01
       987  1.075772E-01
       988  1.968404E-01
       989  1.039519E-01
       990  1.929511E-01
       991  1.375366E+00
       992  7.949576E-01
       993  4.136281E-01
       994  2.072894E-01
       995  1.631905E-01
       996  1.375366E+00
       997  7.949576E-01
       998  4.136281E-01
       999  2.072894E-01
      1000  1.631905E-01
      1001  7.878355E-02
      1002  1.513238E-01
      1003  8.287289E-02
      1004  1.540096E-01
      1005  8.982709E-02
      1006  1.615326E-01
      1007  1.128781E-01
      1008  1.674296E-01
      1009  3.938322E-02
      1010  5.628783E-02
      1011  3.938322E-02
      1012  5.628783E-02
      1013  1.128781E-01
      1014  1.674296E-01
      1015  8.982709E-02
      1016  1.615326E-01
      1017  8.287289E-02
      1018  1.540096E-01
      1019  7.878355E-02
      1020  1.513238E-01
      1021  1.014891E+00
      1022  5.976754E-01
      1023  3.313359E-01
      1024  1.898277E-01
      1025  1.607227E-01
      1026  1.014891E+00
      1027  5.976754E-01
      1028  3.313359E-01
      1029  1.898277E-01
      1030  1.607227E-01
      1031  5.708411E-02
      1032  1.190030E-01
      1033  6.202003E-02
      1034  1.188657E-01
      1035  6.958325E-02
      1036  1.241326E-01
      1037  9.322038E-02
      1038  1.292337E-01
      1039  3.190602E-02
      1040  4.233610E-02
      1041  3.190602E-02
      1042  4.233610E-02
      1043  9.322038E-02
      1044  1.292337E-01
      1045  6.958325E-02
      1046  1.241326E-01
      1047  6.202003E-02
      1048  1.188657E-01
      1049  5.708411E-02
      1050  1.190030E-01
      1051  7.044850E-01
      1052  4.307975E-01
      1053  2.645429E-01
      1054  1.774857E-01
      1055  1.596428E-01
      1056  7.044850E-01
      1057  4.307975E-01
      1058  2.645429E-01
      1059  1.774857E-01
      1060  1.596428E-01
      1061  4.115166E-02
      1062  9.745668E-02
      1063  4.716380E-02
      1064  9.197111E-02
      1065  5.474392E-02
      1066  9.274970E-02
      1067  7.782069E-02
      1068  9.621975E-02
      1069  2.537544E-02
      1070  3.029700E-02
      1071  2.537544E-02
      1072  3.029700E-02
      1073  7.782069E-02
      1074  9.621975E-02
      1075  5.474392E-02
      1076  9.274970E-02
      1077  4.716380E-02
      1078  9.197111E-02
      1079  4.115166E-02
      1080  9.745668E-02
      1081  4.422933E-01
      1082  2.957887E-01
      1083  2.147372E-01
      1084  1.699063E-01
      1085  1.581367E-01
      1086  4.422933E-01
      1087  2.957887E-01
      1088  2.147372E-01
      1089  1.699063E-01
      1090  1.581367E-01
      1091  3.754548E-02
      1092  8.917515E-02
      1093  4.421603E-02
      1094  7.533300E-02
      1095  4.940500E-02
      1096  6.844427E-02
      1097  6.886527E-02
      1098  6.900974E-02
      1099  1.957808E-02
      1100  2.050491E-02
      1101  1.957808E-02
      1102  2.050491E-02
      1103  6.886527E-02
      1104  6.900974E-02
      1105  4.940500E-02
      1106  6.844427E-02
      1107  4.421603E-02
      1108  7.533300E-02
      1109  3.754548E-02
      1110  8.917515E-02
      1111  2.316732E-01
      1112  1.934055E-01
      1113  1.807279E-01
      1114  1.660270E-01
      1115  1.550779E-01
      1116  2.316732E-01
      1117  1.934055E-01
      1118  1.807279E-01
      1119  1.660270E-01
      1120  1.550779E-01
      1121  5.689506E-02
      1122  9.680775E-02
      1123  6.431037E-02
      1124  7.465268E-02
      1125  6.402552E-02
      1126  5.872285E-02
      1127  7.754195E-02
      1128  5.576799E-02
      1129  1.492237E-02
      1130  1.671328E-02
      1131  1.492237E-02
      1132  1.671328E-02
      1133  7.754195E-02
      1134  5.576799E-02
      1135  6.402552E-02
      1136  5.872285E-02
      1137  6.431037E-02
      1138  7.465268E-02
      1139  5.689506E-02
      1140  9.680775E-02
      1141  8.540043E-02
      1142  1.155207E-01
      1143  1.502137E-01
      1144  1.649972E-01
      1145  1.603036E-01
      1146  8.540043E-02
      1147  1.155207E-01
      1148  1.502137E-01
      1149  1.649972E-01
      1150  1.603036E-01
      1151  9.575195E-02
      1152  1.105133E-01
      1153  1.099567E-01
      1154  9.193374E-02
      1155  1.132966E-01
      1156  8.303145E-02
      1157  1.436336E-01
      1158  9.208057E-02
      1159  1.338943E-02
      1160  3.833056E-02
      1161  1.338943E-02
      1162  3.833056E-02
      1163  1.436336E-01
      1164  9.208057E-02
      1165  1.132966E-01
      1166  8.303145E-02
      1167  1.099567E-01
      1168  9.193374E-02
      1169  9.575195E-02
      1170  1.105133E-01
      1171  1.607885E-02
      1172  5.073035E-02
      1173  1.052969E-01
      1174  1.735673E-01
      1175  2.541518E-01
      1176  1.607885E-02
      1177  5.073035E-02
      1178  1.052969E-01
      1179  1.735673E-01
      1180  2.541518E-01
      1181  1.141901E-01
      1182  1.058627E-01
      1183  1.422759E-01
      1184  1.069535E-01
      1185  1.962190E-01
      1186  1.579945E-01
      1187  4.391036E-01
      1188  3.262178E-01
      1189  2.734405E-02
      1190  2.040459E-01
      1191  2.734405E-02
      1192  2.040459E-01
      1193  4.391036E-01
      1194  3.262178E-01
      1195  1.962190E-01
      1196  1.579945E-01
      1197  1.422759E-01
      1198  1.069535E-01
      1199  1.141901E-01
      1200  1.058627E-01
      1201  1.356803E-04
      1202  3.079364E-03
      1203  1.687605E-02
      1204  7.135007E-02
      1205  1.975271E-01
      1206  1.356803E-04
      1207  3.079364E-03
      1208  1.687605E-02
      1209  7.135007E-02
      1210  1.975271E-01
      1211  4.409620E-02
      1212  6.509726E-02
      1213  6.228290E-02
      1214  6.333144E-02
      1215  1.142707E-01
      1216  1.424653E-01
      1217  4.472846E-01
      1218  3.978849E-01
      1219  3.648286E-02
      1220  2.950509E-01
      1221  3.648286E-02
      1222  2.950509E-01
      1223  4.472846E-01
      1224  3.978849E-01
      1225  1.142707E-01
      1226  1.424653E-01
      1227  6.228290E-02
      1228  6.333144E-02
      1229  4.409620E-02
      1230  6.509726E-02

                                INCREMENT     8


 displacements (vx,vy,vz) for set TIP_TOP and time  0.1675000E+01

      1991 -3.074060E-03  1.599279E-04 -7.494222E-02
      1992 -3.065871E-03  1.567793E-04 -7.531466E-02
      1995 -3.050277E-03  1.512494E-04 -7.568137E-02
      1998 -3.036970E-03  1.222005E-04 -7.601718E-02
      2000 -3.030981E-03  4.800079E-05 -7.622743E-02
      2002 -3.029427E-03 -5.750810E-15 -7.623815E-02
      2004 -3.030981E-03 -4.800079E-05 -7.622743E-02
      2007 -3.036970E-03 -1.222005E-04 -7.601718E-02
      2010 -3.050277E-03 -1.512494E-04 -7.568137E-02
      2013 -3.065871E-03 -1.567793E-04 -7.531466E-02
      2016 -3.074060E-03 -1.599279E-04 -7.494222E-02

 forces (fx,fy,fz) for set CLAMP and time  0.1675000E+01

         1 -1.753687E+03 -1.968997E+03 -3.712388E+02
         4 -3.851005E+03 -1.791706E-09 -7.701166E+02
         5 -3.514710E+02 -1.563365E+03  1.021138E+03
         8 -1.231037E+03 -2.014189E-09  2.167048E+03
         9  1.205400E+03  1.235982E+03  2.004125E+02
        12  2.013449E+03  6.806450E-10  4.216878E+02
        13  1.130193E+03  1.150248E+03 -2.741243E+02
        16  1.967125E+03  3.547805E-10 -5.455166E+02
        17  6.165960E+02  5.973373E+02 -2.670448E+02
        20  1.058650E+03  2.081211E-10 -5.250162E+02
        21  9.752120E+01  1.245184E+02 -2.096698E+02
        24  2.557352E+02 -1.723045E-10 -3.095785E+02
        26 -1.753687E+03  1.968997E+03 -3.712388E+02
        28 -3.514710E+02  1.563365E+03  1.021138E+03
        30  1.205400E+03 -1.235982E+03  2.004125E+02
        32  1.130193E+03 -1.150248E+03 -2.741243E+02
        34  6.165960E+02 -5.973373E+02 -2.670448E+02
        36  9.752120E+01 -1.245184E+02 -2.096698E+02
        37  8.692392E+01  2.717320E+00  9.995299E+00
        40  1.858960E+02 -2.282848E+01  2.476069E+01
        41 -8.164796E+01 -4.363212E+01 -1.025609E+02
        44 -1.106483E+02 -3.282106E+01 -1.925220E+02
        45 -1.757456E+02 -4.649083E+01  8.466593E+01
        48 -3.113048E+02 -9.984054E+00  1.576385E+02
        50  1.105454E+02 -3.557864E+01 -1.060424E+01
        52 -1.221651E+02 -3.544895E+01 -1.834216E+02
        54 -2.501662E+02 -4.374222E-01  1.380929E+02
        56 -1.797791E+01 -2.177298E+01 -7.320038E+01
        58 -1.346354E+02 -1.067097E+01 -1.973020E+02
        60 -1.364737E+02  1.259928E+01  9.735371E+01
        62 -6.404331E+01  8.401851E+00 -1.816153E+02
        64 -1.722068E+01  9.548646E+00  3.083691E+01
        66 -2.891690E+01  7.574833E-10 -1.140549E+02
        68  4.223985E+00  6.766848E-10  8.303551E+00
        70 -6.404331E+01 -8.401851E+00 -1.816153E+02
        72 -1.722068E+01 -9.548646E+00  3.083691E+01
        74 -1.797791E+01  2.177298E+01 -7.320038E+01
        76 -1.346354E+02  1.067097E+01 -1.973020E+02
        78 -1.364737E+02 -1.259928E+01  9.735371E+01
        80  1.105454E+02  3.557864E+01 -1.060424E+01
        82 -1.221651E+02  3.544895E+01 -1.834216E+02
        84 -2.501662E+02  4.374222E-01  1.380929E+02
        86  1.858960E+02  2.282848E+01  2.476069E+01
        88 -1.106483E+02  3.282106E+01 -1.925220E+02
        90 -3.113048E+02  9.984054E+00  1.576385E+02
        92  8.692392E+01 -2.717320E+00  9.995299E+00
        94 -8.164796E+01  4.363212E+01 -1.025609E+02
        96 -1.757456E+02  4.649083E+01  8.466593E+01

 internal energy (element, energy) for set EALL and time  0.1675000E+01

         1  2.071959E+02
         2  1.800129E+00
         3  1.991769E+00
         4  8.161137E-01
         5  2.024881E-01
         6  2.071959E+02
         7  1.800129E+00
         8  1.991769E+00
         9  8.161137E-01
        10  2.024881E-01
        11  2.134457E-02
        12  4.634157E-02
        13  1.943967E-02
        14  4.127619E-02
        15  1.632386E-02
        16  3.865123E-02
        17  2.777594E-02
        18  4.429648E-02
        19  1.637257E-02
        20  1.928709E-02
        21  1.637257E-02
        22  1.928709E-02
        23  2.777594E-02
        24  4.429648E-02
        25  1.632386E-02
        26  3.865123E-02
        27  1.943967E-02
        28  4.127619E-02
        29  2.134457E-02
        30  4.634157E-02
        31  8.673335E+02
        32  5.924201E+01
        33  2.134052E+00
        34  7.572491E-01
        35  1.461967E-01
        36  8.673335E+02
        37  5.924201E+01
        38  2.134052E+00
        39  7.572491E-01
        40  1.461967E-01
        41  2.819256E-02
        42  4.779823E-02
        43  2.980733E-02
        44  5.674219E-02
        45  3.796020E-02
        46  7.658486E-02
        47  5.192314E-02
        48  1.156326E-01
        49  1.209114E-02
        50  5.315005E-02
        51  1.209114E-02
        52  5.315005E-02
        53  5.192314E-02
        54  1.156326E-01
        55  3.796020E-02
        56  7.658486E-02
        57  2.980733E-02
        58  5.674219E-02
        59  2.819256E-02
        60  4.779823E-02
        61  6.071587E+02
        62  5.659850E+00
        63  2.112970E+00
        64  7.367469E-01
        65  2.209852E-01
        66  6.071587E+02
        67  5.659850E+00
        68  2.112970E+00
        69  7.367469E-01
        70  2.209852E-01
        71  2.914140E-02
        72  4.218702E-02
        73  3.282557E-02
        74  5.493287E-02
        75  4.158430E-02
        76  7.887630E-02
        77  6.704293E-02
        78  1.146934E-01
        79  2.182057E-02
        80  4.823769E-02
        81  2.182057E-02
        82  4.823769E-02
        83  6.704293E-02
        84  1.146934E-01
        85  4.158430E-02
        86  7.887630E-02
        87  3.282557E-02
        88  5.493287E-02
        89  2.914140E-02
        90  4.218702E-02
        91  4.323725E+02
        92  2.424757E+00
        93  1.376112E+00
        94  7.055430E-01
        95  3.401592E-01
        96  4.323725E+02
        97  2.424757E+00
        98  1.376112E+00
        99  7.055430E-01
       100  3.401592E-01
       101  2.225797E-02
       102  2.740452E-02
       103  2.391922E-02
       104  3.425837E-02
       105  2.714005E-02
       106  4.694994E-02
       107  6.262880E-02
       108  6.289850E-02
       109  2.893787E-02
       110  2.041192E-02
       111  2.893787E-02
       112  2.041192E-02
       113  6.262880E-02
       114  6.289850E-02
       115  2.714005E-02
       116  4.694994E-02
       117  2.391922E-02
       118  3.425837E-02
       119  2.225797E-02
       120  2.740452E-02
       121  2.578471E+02
       122  7.680352E-01
       123  4.977807E-01
       124  3.305804E-01
       125  2.250930E-01
       126  2.578471E+02
       127  7.680352E-01
       128  4.977807E-01
       129  3.305804E-01
       130  2.250930E-01
       131  1.227637E-02
       132  1.120267E-02
       133  1.249404E-02
       134  1.334346E-02
       135  1.417288E-02
       136  1.874748E-02
       137  4.093295E-02
       138  2.483862E-02
       139  1.911834E-02
       140  5.037034E-03
       141  1.911834E-02
       142  5.037034E-03
       143  4.093295E-02
       144  2.483862E-02
       145  1.417288E-02
       146  1.874748E-02
       147  1.249404E-02
       148  1.334346E-02
       149  1.227637E-02
       150  1.120267E-02
       151  1.799250E+02
       152  2.416112E-01
       153  1.170293E-01
       154  1.069493E-01
       155  1.089334E-01
       156  1.799250E+02
       157  2.416112E-01
       158  1.170293E-01
       159  1.069493E-01
       160  1.089334E-01
       161  6.119068E-03
       162  3.533990E-03
       163  7.425041E-03
       164  5.784964E-03
       165  1.091966E-02
       166  1.119519E-02
       167  2.946768E-02
       168  1.762639E-02
       169  1.184976E-02
       170  4.787861E-03
       171  1.184976E-02
       172  4.787861E-03
       173  2.946768E-02
       174  1.762639E-02
       175  1.091966E-02
       176  1.119519E-02
       177  7.425041E-03
       178  5.784964E-03
       179  6.119068E-03
       180  3.533990E-03
       181  1.022132E+02
       182  5.188261E-02
       183  1.120675E-02
       184  3.298213E-02
       185  5.356993E-02
       186  1.022132E+02
       187  5.188261E-02
       188  1.120675E-02
       189  3.298213E-02
       190  5.356993E-02
       191  5.386045E-03
       192  6.273748E-03
       193  7.681084E-03
       194  9.362574E-03
       195  1.204214E-02
       196  1.542648E-02
       197  2.499672E-02
       198  2.264361E-02
       199  9.409715E-03
       200  8.296977E-03
       201  9.409715E-03
       202  8.296977E-03
       203  2.499672E-02
       204  2.264361E-02
       205  1.204214E-02
       206  1.542648E-02
       207  7.681084E-03
       208  9.362574E-03
       209  5.386045E-03
       210  6.273748E-03
       211  2.172794E+01
       212  7.527575E-02
       213  9.255418E-03
       214  1.060295E-02
       215  2.446575E-02
       216  2.172794E+01
       217  7.527575E-02
       218  9.255418E-03
       219  1.060295E-02
       220  2.446575E-02
       221  7.420745E-03
       222  1.372269E-02
       223  9.668977E-03
       224  1.665747E-02
       225  1.355563E-02
       226  2.216274E-02
       227  2.233876E-02
       228  2.926408E-02
       229  8.411960E-03
       230  1.164619E-02
       231  8.411960E-03
       232  1.164619E-02
       233  2.233876E-02
       234  2.926408E-02
       235  1.355563E-02
       236  2.216274E-02
       237  9.668977E-03
       238  1.665747E-02
       239  7.420745E-03
       240  1.372269E-02
       241  3.110165E-01
       242  1.268002E-01
       243  3.271694E-02
       244  5.787364E-03
       245  9.047060E-03
       246  3.110165E-01
       247  1.268002E-01
       248  3.271694E-02
       249  5.787364E-03
       250  9.047060E-03
       251  9.646192E-03
       252  2.025638E-02
       253  1.136023E-02
       254  2.245278E-02
       255  1.428471E-02
       256  2.659793E-02
       257  1.962792E-02
       258  3.228410E-02
       259  7.478802E-03
       260  1.290319E-02
       261  7.478802E-03
       262  1.290319E-02
       263  1.962792E-02
       264  3.228410E-02
       265  1.428471E-02
       266  2.659793E-02
       267  1.136023E-02
       268  2.245278E-02
       269  9.646191E-03
       270  2.025638E-02
       271  2.290331E-01
       272  1.247528E-01
       273  4.757422E-02
       274  9.664375E-03
       275  4.983155E-03
       276  2.290331E-01
       277  1.247528E-01
       278  4.757422E-02
       279  9.664375E-03
       280  4.983155E-03
       281  1.104327E-02
       282  2.371367E-02
       283  1.214260E-02
       284  2.495583E-02
       285  1.399938E-02
       286  2.735263E-02
       287  1.684612E-02
       288  3.063821E-02
       289  6.489491E-03
       290  1.185732E-02
       291  6.489491E-03
       292  1.185732E-02
       293  1.684612E-02
       294  3.063821E-02
       295  1.399938E-02
       296  2.735263E-02
       297  1.214260E-02
       298  2.495583E-02
       299  1.104327E-02
       300  2.371367E-02
       301  2.042285E-01
       302  1.149638E-01
       303  4.959405E-02
       304  1.227984E-02
       305  4.659327E-03
       306  2.042285E-01
       307  1.149638E-01
       308  4.959405E-02
       309  1.227984E-02
       310  4.659327E-03
       311  1.156077E-02
       312  2.435406E-02
       313  1.214380E-02
       314  2.476621E-02
       315  1.313885E-02
       316  2.573193E-02
       317  1.451069E-02
       318  2.707004E-02
       319  5.521539E-03
       320  1.011009E-02
       321  5.521539E-03
       322  1.011009E-02
       323  1.451069E-02
       324  2.707004E-02
       325  1.313885E-02
       326  2.573193E-02
       327  1.214380E-02
       328  2.476621E-02
       329  1.156077E-02
       330  2.435406E-02
       331  1.909084E-01
       332  1.069709E-01
       333  4.698540E-02
       334  1.233719E-02
       335  4.473486E-03
       336  1.909084E-01
       337  1.069709E-01
       338  4.698540E-02
       339  1.233719E-02
       340  4.473486E-03
       341  1.145891E-02
       342  2.328917E-02
       343  1.171424E-02
       344  2.325364E-02
       345  1.218675E-02
       346  2.348012E-02
       347  1.284732E-02
       348  2.388004E-02
       349  4.779109E-03
       350  8.734922E-03
       351  4.779109E-03
       352  8.734922E-03
       353  1.284732E-02
       354  2.388004E-02
       355  1.218675E-02
       356  2.348012E-02
       357  1.171424E-02
       358  2.325364E-02
       359  1.145891E-02
       360  2.328917E-02
       361  1.784810E-01
       362  9.970099E-02
       363  4.382250E-02
       364  1.165188E-02
       365  4.205049E-03
       366  1.784810E-01
       367  9.970099E-02
       368  4.382250E-02
       369  1.165188E-02
       370  4.205049E-03
       371  1.099319E-02
       372  2.154590E-02
       373  1.109295E-02
       374  2.140587E-02
       375  1.130845E-02
       376  2.141128E-02
       377  1.167467E-02
       378  2.152099E-02
       379  4.274963E-03
       380  7.810183E-03
       381  4.274963E-03
       382  7.810183E-03
       383  1.167467E-02
       384  2.152099E-02
       385  1.130845E-02
       386  2.141128E-02
       387  1.109295E-02
       388  2.140587E-02
       389  1.099319E-02
       390  2.154590E-02
       391  1.660688E-01
       392  9.267787E-02
       393  4.074235E-02
       394  1.091337E-02
       395  3.971278E-03
       396  1.660688E-01
       397  9.267787E-02
       398  4.074235E-02
       399  1.091337E-02
       400  3.971278E-03
       401  1.034164E-02
       402  1.972106E-02
       403  1.038698E-02
       404  1.963084E-02
       405  1.049500E-02
       406  1.963291E-02
       407  1.074825E-02
       408  1.969240E-02
       409  3.905394E-03
       410  7.129133E-03
       411  3.905394E-03
       412  7.129133E-03
       413  1.074825E-02
       414  1.969240E-02
       415  1.049500E-02
       416  1.963291E-02
       417  1.038698E-02
       418  1.963084E-02
       419  1.034164E-02
       420  1.972106E-02
       421  1.538296E-01
       422  8.586165E-02
       423  3.778856E-02
       424  1.020124E-02
       425  3.765602E-03
       426  1.538296E-01
       427  8.586165E-02
       428  3.778856E-02
       429  1.020124E-02
       430  3.765602E-03
       431  9.615629E-03
       432  1.803523E-02
       433  9.648106E-03
       434  1.801259E-02
       435  9.717183E-03
       436  1.805389E-02
       437  9.927418E-03
       438  1.811570E-02
       439  3.594679E-03
       440  6.551362E-03
       441  3.594679E-03
       442  6.551362E-03
       443  9.927418E-03
       444  1.811570E-02
       445  9.717183E-03
       446  1.805389E-02
       447  9.648106E-03
       448  1.801259E-02
       449  9.615629E-03
       450  1.803523E-02
       451  1.419872E-01
       452  7.927604E-02
       453  3.494168E-02
       454  9.509338E-03
       455  3.568913E-03
       456  1.419872E-01
       457  7.927604E-02
       458  3.494168E-02
       459  9.509338E-03
       460  3.568913E-03
       461  8.876636E-03
       462  1.651397E-02
       463  8.907723E-03
       464  1.653158E-02
       465  8.964211E-03
       466  1.659866E-02
       467  9.157698E-03
       468  1.666375E-02
       469  3.310708E-03
       470  6.021149E-03
       471  3.310708E-03
       472  6.021149E-03
       473  9.157698E-03
       474  1.666375E-02
       475  8.964211E-03
       476  1.659866E-02
       477  8.907723E-03
       478  1.653158E-02
       479  8.876636E-03
       480  1.651397E-02
       481  1.306228E-01
       482  7.294495E-02
       483  3.219783E-02
       484  8.834910E-03
       485  3.375305E-03
       486  1.306228E-01
       487  7.294495E-02
       488  3.219783E-02
       489  8.834910E-03
       490  3.375305E-03
       491  8.153414E-03
       492  1.512272E-02
       493  8.184645E-03
       494  1.515547E-02
       495  8.237217E-03
       496  1.523095E-02
       497  8.423975E-03
       498  1.529400E-02
       499  3.042979E-03
       500  5.521500E-03
       501  3.042979E-03
       502  5.521500E-03
       503  8.423975E-03
       504  1.529400E-02
       505  8.237217E-03
       506  1.523095E-02
       507  8.184645E-03
       508  1.515547E-02
       509  8.153414E-03
       510  1.512272E-02
       511  1.197580E-01
       512  6.688342E-02
       513  2.956452E-02
       514  8.182349E-03
       515  3.186003E-03
       516  1.197580E-01
       517  6.688342E-02
       518  2.956452E-02
       519  8.182349E-03
       520  3.186003E-03
       521  7.457670E-03
       522  1.382626E-02
       523  7.488812E-03
       524  1.386109E-02
       525  7.540092E-03
       526  1.393559E-02
       527  7.724036E-03
       528  1.399405E-02
       529  2.788670E-03
       530  5.047770E-03
       531  2.788670E-03
       532  5.047770E-03
       533  7.724036E-03
       534  1.399405E-02
       535  7.540092E-03
       536  1.393559E-02
       537  7.488812E-03
       538  1.386109E-02
       539  7.457670E-03
       540  1.382626E-02
       541  1.093942E-01
       542  6.109855E-02
       543  2.704859E-02
       544  7.556301E-03
       545  3.003511E-03
       546  1.093942E-01
       547  6.109855E-02
       548  2.704859E-02
       549  7.556301E-03
       550  3.003511E-03
       551  6.793802E-03
       552  1.260297E-02
       553  6.824776E-03
       554  1.263543E-02
       555  6.875616E-03
       556  1.270603E-02
       557  7.058318E-03
       558  1.275994E-02
       559  2.547135E-03
       560  4.598489E-03
       561  2.547135E-03
       562  4.598489E-03
       563  7.058318E-03
       564  1.275994E-02
       565  6.875616E-03
       566  1.270603E-02
       567  6.824776E-03
       568  1.263543E-02
       569  6.793802E-03
       570  1.260297E-02
       571  9.952805E-02
       572  5.559212E-02
       573  2.465335E-02
       574  6.959441E-03
       575  2.829482E-03
       576  9.952805E-02
       577  5.559212E-02
       578  2.465335E-02
       579  6.959441E-03
       580  2.829482E-03
       581  6.163316E-03
       582  1.144276E-02
       583  6.194218E-03
       584  1.147233E-02
       585  6.244948E-03
       586  1.153923E-02
       587  6.427033E-03
       588  1.158978E-02
       589  2.318146E-03
       590  4.172868E-03
       591  2.318146E-03
       592  4.172868E-03
       593  6.427033E-03
       594  1.158978E-02
       595  6.244948E-03
       596  1.153923E-02
       597  6.194218E-03
       598  1.147233E-02
       599  6.163316E-03
       600  1.144276E-02
       601  9.015421E-02
       602  5.036296E-02
       603  2.237954E-02
       604  6.392869E-03
       605  2.664629E-03
       606  9.015421E-02
       607  5.036296E-02
       608  2.237954E-02
       609  6.392868E-03
       610  2.664629E-03
       611  5.566520E-03
       612  1.034203E-02
       613  5.597440E-03
       614  1.036945E-02
       615  5.648182E-03
       616  1.043375E-02
       617  5.829863E-03
       618  1.048218E-02
       619  2.101494E-03
       620  3.770284E-03
       621  2.101494E-03
       622  3.770284E-03
       623  5.829863E-03
       624  1.048218E-02
       625  5.648182E-03
       626  1.043375E-02
       627  5.597440E-03
       628  1.036945E-02
       629  5.566520E-03
       630  1.034203E-02
       631  8.126731E-02
       632  4.540870E-02
       633  2.022661E-02
       634  5.856824E-03
       635  2.509110E-03
       636  8.126731E-02
       637  4.540870E-02
       638  2.022661E-02
       639  5.856824E-03
       640  2.509110E-03
       641  5.003182E-03
       642  9.299938E-03
       643  5.034143E-03
       644  9.326060E-03
       645  5.084909E-03
       646  9.388791E-03
       647  5.266226E-03
       648  9.436044E-03
       649  1.896953E-03
       650  3.390214E-03
       651  1.896953E-03
       652  3.390214E-03
       653  5.266226E-03
       654  9.436044E-03
       655  5.084909E-03
       656  9.388791E-03
       657  5.034143E-03
       658  9.326060E-03
       659  5.003182E-03
       660  9.299938E-03
       661  7.286236E-02
       662  4.072664E-02
       663  1.819350E-02
       664  5.351153E-03
       665  2.362830E-03
       666  7.286236E-02
       667  4.072664E-02
       668  1.819350E-02
       669  5.351153E-03
       670  2.362830E-03
       671  4.472834E-03
       672  8.316468E-03
       673  4.503814E-03
       674  8.341890E-03
       675  4.554564E-03
       676  8.403756E-03
       677  4.735483E-03
       678  8.450401E-03
       679  1.704306E-03
       680  3.032220E-03
       681  1.704306E-03
       682  3.032220E-03
       683  4.735483E-03
       684  8.450401E-03
       685  4.554564E-03
       686  8.403756E-03
       687  4.503814E-03
       688  8.341890E-03
       689  4.472834E-03
       690  8.316468E-03
       691  6.493500E-02
       692  3.631413E-02
       693  1.627899E-02
       694  4.875526E-03
       695  2.225597E-03
       696  6.493500E-02
       697  3.631413E-02
       698  1.627899E-02
       699  4.875526E-03
       700  2.225597E-03
       701  3.974939E-03
       702  7.391512E-03
       703  4.005890E-03
       704  7.416606E-03
       705  4.056566E-03
       706  7.478025E-03
       707  4.237032E-03
       708  7.524368E-03
       709  1.523355E-03
       710  2.695925E-03
       711  1.523355E-03
       712  2.695925E-03
       713  4.237032E-03
       714  7.524368E-03
       715  4.056566E-03
       716  7.478025E-03
       717  4.005890E-03
       718  7.416606E-03
       719  3.974939E-03
       720  7.391512E-03
       721  5.748151E-02
       722  3.216871E-02
       723  1.448183E-02
       724  4.429537E-03
       725  2.097196E-03
       726  5.748151E-02
       727  3.216871E-02
       728  1.448183E-02
       729  4.429537E-03
       730  2.097196E-03
       731  3.508969E-03
       732  6.524634E-03
       733  3.539831E-03
       734  6.549654E-03
       735  3.590370E-03
       736  6.610893E-03
       737  3.770331E-03
       738  6.657105E-03
       739  1.353916E-03
       740  2.380999E-03
       741  1.353916E-03
       742  2.380999E-03
       743  3.770331E-03
       744  6.657105E-03
       745  3.590370E-03
       746  6.610893E-03
       747  3.539831E-03
       748  6.549654E-03
       749  3.508969E-03
       750  6.524634E-03
       751  5.049870E-02
       752  2.828813E-02
       753  1.280078E-02
       754  4.012743E-03
       755  1.977421E-03
       756  5.049870E-02
       757  2.828813E-02
       758  1.280078E-02
       759  4.012743E-03
       760  1.977421E-03
       761  3.074429E-03
       762  5.715056E-03
       763  3.105124E-03
       764  5.740258E-03
       765  3.155466E-03
       766  5.801578E-03
       767  3.334883E-03
       768  5.847807E-03
       769  1.195828E-03
       770  2.087139E-03
       771  1.195828E-03
       772  2.087139E-03
       773  3.334883E-03
       774  5.847807E-03
       775  3.155466E-03
       776  5.801578E-03
       777  3.105124E-03
       778  5.740258E-03
       779  3.074429E-03
       780  5.715056E-03
       781  4.398381E-02
       782  2.467026E-02
       783  1.123460E-02
       784  3.624685E-03
       785  1.866094E-03
       786  4.398381E-02
       787  2.467026E-02
       788  1.123460E-02
       789  3.624685E-03
       790  1.866094E-03
       791  2.670843E-03
       792  4.961751E-03
       793  2.701270E-03
       794  4.987499E-03
       795  2.751363E-03
       796  5.049268E-03
       797  2.930235E-03
       798  5.095715E-03
       799  1.048948E-03
       800  1.814073E-03
       801  1.048948E-03
       802  1.814073E-03
       803  2.930235E-03
       804  5.095715E-03
       805  2.751363E-03
       806  5.049268E-03
       807  2.701270E-03
       808  4.987499E-03
       809  2.670843E-03
       810  4.961751E-03
       811  3.793435E-02
       812  2.131306E-02
       813  9.782056E-03
       814  3.264916E-03
       815  1.763109E-03
       816  3.793435E-02
       817  2.131306E-02
       818  9.782056E-03
       819  3.264916E-03
       820  1.763109E-03
       821  2.297712E-03
       822  4.263603E-03
       823  2.327749E-03
       824  4.290423E-03
       825  2.377566E-03
       826  4.353186E-03
       827  2.555967E-03
       828  4.400153E-03
       829  9.131553E-04
       830  1.561554E-03
       831  9.131553E-04
       832  1.561554E-03
       833  2.555967E-03
       834  4.400153E-03
       835  2.377566E-03
       836  4.353186E-03
       837  2.327749E-03
       838  4.290423E-03
       839  2.297712E-03
       840  4.263603E-03
       841  3.234794E-02
       842  1.821444E-02
       843  8.441900E-03
       844  2.933060E-03
       845  1.668497E-03
       846  3.234794E-02
       847  1.821444E-02
       848  8.441900E-03
       849  2.933060E-03
       850  1.668497E-03
       851  1.954448E-03
       852  3.619670E-03
       853  1.983975E-03
       854  3.648228E-03
       855  2.033556E-03
       856  3.712687E-03
       857  2.211702E-03
       858  3.760567E-03
       859  7.883596E-04
       860  1.329371E-03
       861  7.883596E-04
       862  1.329371E-03
       863  2.211702E-03
       864  3.760567E-03
       865  2.033556E-03
       866  3.712687E-03
       867  1.983975E-03
       868  3.648228E-03
       869  1.954448E-03
       870  3.619670E-03
       871  2.722190E-02
       872  1.537216E-02
       873  7.212944E-03
       874  2.628943E-03
       875  1.582542E-03
       876  2.722190E-02
       877  1.537216E-02
       878  7.212944E-03
       879  2.628943E-03
       880  1.582542E-03
       881  1.640296E-03
       882  3.029620E-03
       883  1.669259E-03
       884  3.060533E-03
       885  1.718776E-03
       886  3.127375E-03
       887  1.897116E-03
       888  3.176552E-03
       889  6.744937E-04
       890  1.117343E-03
       891  6.744937E-04
       892  1.117343E-03
       893  1.897116E-03
       894  3.176552E-03
       895  1.718776E-03
       896  3.127375E-03
       897  1.669259E-03
       898  3.060533E-03
       899  1.640296E-03
       900  3.029620E-03
       901  2.255264E-02
       902  1.278358E-02
       903  6.094136E-03
       904  2.352809E-03
       905  1.505959E-03
       906  2.255264E-02
       907  1.278358E-02
       908  6.094136E-03
       909  2.352809E-03
       910  1.505959E-03
       911  1.354252E-03
       912  2.494320E-03
       913  1.382791E-03
       914  2.527713E-03
       915  1.432657E-03
       916  2.597201E-03
       917  1.611992E-03
       918  2.647838E-03
       919  5.714998E-04
       920  9.253065E-04
       921  5.714998E-04
       922  9.253065E-04
       923  1.611992E-03
       924  2.647838E-03
       925  1.432657E-03
       926  2.597201E-03
       927  1.382791E-03
       928  2.527713E-03
       929  1.354252E-03
       930  2.494320E-03
       931  1.833479E-02
       932  1.044546E-02
       933  5.084755E-03
       934  2.105629E-03
       935  1.440124E-03
       936  1.833479E-02
       937  1.044546E-02
       938  5.084755E-03
       939  2.105629E-03
       940  1.440124E-03
       941  1.095025E-03
       942  2.016481E-03
       943  1.123702E-03
       944  2.051182E-03
       945  1.174715E-03
       946  2.122445E-03
       947  1.356322E-03
       948  2.174175E-03
       949  4.792910E-04
       950  7.530863E-04
       951  4.792910E-04
       952  7.530863E-04
       953  1.356322E-03
       954  2.174175E-03
       955  1.174715E-03
       956  2.122445E-03
       957  1.123702E-03
       958  2.051182E-03
       959  1.095025E-03
       960  2.016481E-03
       961  1.456034E-02
       962  8.353983E-03
       963  4.184787E-03
       964  1.889461E-03
       965  1.387238E-03
       966  1.456034E-02
       967  8.353983E-03
       968  4.184787E-03
       969  1.889461E-03
       970  1.387238E-03
       971  8.612189E-04
       972  1.601009E-03
       973  8.913426E-04
       974  1.633356E-03
       975  9.448365E-04
       976  1.703401E-03
       977  1.130470E-03
       978  1.754975E-03
       979  3.976816E-04
       980  6.004103E-04
       981  3.976816E-04
       982  6.004103E-04
       983  1.130470E-03
       984  1.754975E-03
       985  9.448365E-04
       986  1.703401E-03
       987  8.913426E-04
       988  1.633356E-03
       989  8.612189E-04
       990  1.601009E-03
       991  1.121798E-02
       992  6.505272E-03
       993  3.395775E-03
       994  1.707690E-03
       995  1.349965E-03
       996  1.121798E-02
       997  6.505272E-03
       998  3.395775E-03
       999  1.707690E-03
      1000  1.349965E-03
      1001  6.523073E-04
      1002  1.254777E-03
      1003  6.862575E-04
      1004  1.277086E-03
      1005  7.439810E-04
      1006  1.339580E-03
      1007  9.352890E-04
      1008  1.388554E-03
      1009  3.262644E-04
      1010  4.667065E-04
      1011  3.262644E-04
      1012  4.667065E-04
      1013  9.352890E-04
      1014  1.388554E-03
      1015  7.439810E-04
      1016  1.339580E-03
      1017  6.862575E-04
      1018  1.277086E-03
      1019  6.523073E-04
      1020  1.254777E-03
      1021  8.292767E-03
      1022  4.897444E-03
      1023  2.722621E-03
      1024  1.564631E-03
      1025  1.329463E-03
      1026  8.292767E-03
      1027  4.897444E-03
      1028  2.722621E-03
      1029  1.564631E-03
      1030  1.329463E-03
      1031  4.723333E-04
      1032  9.861832E-04
      1033  5.132695E-04
      1034  9.850257E-04
      1035  5.760013E-04
      1036  1.028725E-03
      1037  7.720811E-04
      1038  1.071032E-03
      1039  2.641966E-04
      1040  3.507592E-04
      1041  2.641966E-04
      1042  3.507592E-04
      1043  7.720811E-04
      1044  1.071032E-03
      1045  5.760013E-04
      1046  1.028725E-03
      1047  5.132695E-04
      1048  9.850257E-04
      1049  4.723333E-04
      1050  9.861832E-04
      1051  5.766944E-03
      1052  3.534787E-03
      1053  2.175752E-03
      1054  1.463658E-03
      1055  1.320449E-03
      1056  5.766944E-03
      1057  3.534787E-03
      1058  2.175752E-03
      1059  1.463658E-03
      1060  1.320449E-03
      1061  3.402982E-04
      1062  8.072518E-04
      1063  3.901000E-04
      1064  7.617102E-04
      1065  4.529174E-04
      1066  7.681402E-04
      1067  6.442223E-04
      1068  7.968870E-04
      1069  2.100239E-04
      1070  2.508256E-04
      1071  2.100239E-04
      1072  2.508256E-04
      1073  6.442223E-04
      1074  7.968870E-04
      1075  4.529174E-04
      1076  7.681402E-04
      1077  3.901000E-04
      1078  7.617102E-04
      1079  3.402982E-04
      1080  8.072518E-04
      1081  3.627485E-03
      1082  2.430310E-03
      1083  1.767723E-03
      1084  1.401832E-03
      1085  1.307852E-03
      1086  3.627485E-03
      1087  2.430310E-03
      1088  1.767723E-03
      1089  1.401832E-03
      1090  1.307852E-03
      1091  3.103507E-04
      1092  7.384793E-04
      1093  3.655261E-04
      1094  6.236452E-04
      1095  4.084910E-04
      1096  5.664842E-04
      1097  5.696342E-04
      1098  5.711723E-04
      1099  1.619681E-04
      1100  1.696392E-04
      1101  1.619681E-04
      1102  1.696392E-04
      1103  5.696342E-04
      1104  5.711723E-04
      1105  4.084910E-04
      1106  5.664842E-04
      1107  3.655261E-04
      1108  6.236452E-04
      1109  3.103507E-04
      1110  7.384793E-04
      1111  1.903886E-03
      1112  1.591227E-03
      1113  1.488970E-03
      1114  1.370268E-03
      1115  1.282161E-03
      1116  1.903886E-03
      1117  1.591227E-03
      1118  1.488970E-03
      1119  1.370268E-03
      1120  1.282161E-03
      1121  4.698977E-04
      1122  8.016869E-04
      1123  5.311080E-04
      1124  6.179660E-04
      1125  5.287548E-04
      1126  4.857592E-04
      1127  6.402972E-04
      1128  4.613048E-04
      1129  1.233874E-04
      1130  1.382064E-04
      1131  1.233874E-04
      1132  1.382064E-04
      1133  6.402972E-04
      1134  4.613048E-04
      1135  5.287548E-04
      1136  4.857592E-04
      1137  5.311080E-04
      1138  6.179660E-04
      1139  4.698977E-04
      1140  8.016869E-04
      1141  7.032626E-04
      1142  9.515912E-04
      1143  1.238157E-03
      1144  1.361500E-03
      1145  1.324067E-03
      1146  7.032626E-04
      1147  9.515912E-04
      1148  1.238157E-03
      1149  1.361500E-03
      1150  1.324067E-03
      1151  7.897670E-04
      1152  9.151023E-04
      1153  9.067215E-04
      1154  7.612756E-04
      1155  9.340254E-04
      1156  6.871013E-04
      1157  1.182742E-03
      1158  7.622390E-04
      1159  1.105936E-04
      1160  3.176201E-04
      1161  1.105936E-04
      1162  3.176201E-04
      1163  1.182742E-03
      1164  7.622390E-04
      1165  9.340254E-04
      1166  6.871013E-04
      1167  9.067215E-04
      1168  7.612756E-04
      1169  7.897670E-04
      1170  9.151023E-04
      1171  1.326348E-04
      1172  4.183056E-04
      1173  8.679033E-04
      1174  1.430490E-03
      1175  2.092565E-03
      1176  1.326348E-04
      1177  4.183056E-04
      1178  8.679033E-04
      1179  1.430490E-03
      1180  2.092565E-03
      1181  9.417143E-04
      1182  8.756949E-04
      1183  1.172399E-03
      1184  8.858728E-04
      1185  1.615408E-03
      1186  1.309597E-03
      1187  3.602987E-03
      1188  2.709860E-03
      1189  2.254239E-04
      1190  1.701161E-03
      1191  2.254239E-04
      1192  1.701161E-03
      1193  3.602987E-03
      1194  2.709860E-03
      1195  1.615408E-03
      1196  1.309597E-03
      1197  1.172399E-03
      1198  8.858728E-04
      1199  9.417143E-04
      1200  8.756949E-04
      1201  1.120309E-06
      1202  2.540768E-05
      1203  1.391095E-04
      1204  5.875444E-04
      1205  1.620740E-03
      1206  1.120309E-06
      1207  2.540768E-05
      1208  1.391095E-04
      1209  5.875444E-04
      1210  1.620740E-03
      1211  3.635388E-04
      1212  5.376734E-04
      1213  5.131074E-04
      1214  5.240600E-04
      1215  9.407542E-04
      1216  1.180569E-03
      1217  3.657091E-03
      1218  3.308045E-03
      1219  3.006437E-04
      1220  2.470399E-03
      1221  3.006437E-04
      1222  2.470399E-03
      1223  3.657091E-03
      1224  3.308045E-03
      1225  9.407542E-04
      1226  1.180569E-03
      1227  5.131074E-04
      1228  5.240600E-04
      1229  3.635388E-04
      1230  5.376734E-04

                                INCREMENT     9


 displacements (vx,vy,vz) for set TIP_TOP and time  0.1775000E+01

      1991 -7.679919E-02  2.080280E-03  2.368545E+00
      1992 -7.668428E-02  2.038847E-03  2.363704E+00
      1995 -7.647278E-02  1.966520E-03  2.358938E+00
      1998 -7.629183E-02  1.588555E-03  2.354573E+00
      2000 -7.620880E-02  6.239246E-04  2.351840E+00
      2002 -7.618813E-02  3.940767E-16  2.351701E+00
      2004 -7.620880E-02 -6.239246E-04  2.351840E+00
      2007 -7.629183E-02 -1.588555E-03  2.354573E+00
      2010 -7.647278E-02 -1.966520E-03  2.358938E+00
      2013 -7.668428E-02 -2.038847E-03  2.363704E+00
      2016 -7.679919E-02 -2.080280E-03  2.368545E+00

 forces (fx,fy,fz) for set CLAMP and time  0.1775000E+01

         1 -5.548784E+03 -5.535746E+03 -1.889926E+03
         4 -1.070670E+04 -8.029753E-09 -3.801880E+03
         5 -5.387732E+03 -7.005335E+03  1.013106E+03
         8 -1.009779E+04 -9.356941E-09  2.136556E+03
         9 -2.176017E+03 -2.345984E+03  3.537354E+02
        12 -3.889390E+03  2.953741E-09  7.145893E+02
        13 -7.733870E+02 -8.367988E+02  1.410341E+01
        16 -1.343833E+03  6.927221E-09  1.560170E+01
        17  1.611826E+02  1.499651E+02  5.457469E+01
        20  2.796922E+02  1.394847E-09  1.068522E+02
        21  8.767203E+02  4.600982E+02  6.526168E+02
        24  1.111926E+03 -1.208628E-10  9.401635E+01
        26 -5.548784E+03  5.535746E+03 -1.889926E+03
        28 -5.387732E+03  7.005335E+03  1.013106E+03
        30 -2.176017E+03  2.345984E+03  3.537354E+02
        32 -7.733870E+02  8.367988E+02  1.410341E+01
        34  1.611826E+02 -1.499651E+02  5.457469E+01
        36  8.767203E+02 -4.600982E+02  6.526168E+02
        37  8.341733E+02  3.986126E+02  8.682162E+02
        40  1.016789E+03  1.366410E+02  1.441056E+03
        41  1.853004E+03  9.125299E+02  2.193674E+02
        44  2.674307E+03  3.451996E+02  4.212936E+02
        45  1.207347E+03  5.168324E+02 -9.876337E+02
        48  2.028140E+03  2.090134E+02 -1.805512E+03
        50  7.627027E+02  1.178869E+02  1.267676E+03
        52  2.537585E+03  3.003885E+02  4.495955E+02
        54  2.155023E+03  1.822295E+02 -1.776127E+03
        56  6.186275E+02  9.141471E+01  1.211006E+03
        58  2.581117E+03  2.195800E+02  4.410933E+02
        60  2.354675E+03  1.316837E+02 -1.861758E+03
        62  1.846523E+03  9.716188E+01  2.284920E+02
        64  1.728563E+03  5.265162E+01 -1.345306E+03
        66  1.001535E+03  1.765367E-10  9.739778E+01
        68  9.434449E+02 -4.486951E-11 -7.352962E+02
        70  1.846523E+03 -9.716188E+01  2.284920E+02
        72  1.728563E+03 -5.265162E+01 -1.345306E+03
        74  6.186275E+02 -9.141471E+01  1.211006E+03
        76  2.581117E+03 -2.195800E+02  4.410933E+02
        78  2.354675E+03 -1.316837E+02 -1.861758E+03
        80  7.627027E+02 -1.178869E+02  1.267676E+03
        82  2.537585E+03 -3.003885E+02  4.495955E+02
        84  2.155023E+03 -1.822295E+02 -1.776127E+03
        86  1.016789E+03 -1.366410E+02  1.441056E+03
        88  2.674307E+03 -3.451996E+02  4.212936E+02
        90  2.028140E+03 -2.090134E+02 -1.805512E+03
        92  8.341733E+02 -3.986126E+02  8.682162E+02
        94  1.853004E+03 -9.125299E+02  2.193674E+02
        96  1.207347E+03 -5.168324E+02 -9.876337E+02

 internal energy (element, energy) for set EALL and time  0.1775000E+01

         1  2.794787E+02
         2  1.052229E+01
         3  2.052100E+00
         4  3.438814E-01
         5  5.894728E-01
         6  2.794787E+02
         7  1.052229E+01
         8  2.052100E+00
         9  3.438814E-01
        10  5.894728E-01
        11  2.402103E+00
        12  3.678121E+00
        13  1.800344E+00
        14  3.134737E+00
        15  1.659169E+00
        16  3.155627E+00
        17  1.761011E+00
        18  3.326528E+00
        19  6.824896E-01
        20  1.253138E+00
        21  6.824896E-01
        22  1.253138E+00
        23  1.761011E+00
        24  3.326528E+00
        25  1.659169E+00
        26  3.155627E+00
        27  1.800344E+00
        28  3.134737E+00
        29  2.402103E+00
        30  3.678121E+00
        31  9.810205E+02
        32  6.050323E+01
        33  3.223012E+00
        34  6.937967E-01
        35  7.731889E-01
        36  9.810205E+02
        37  6.050323E+01
        38  3.223012E+00
        39  6.937967E-01
        40  7.731889E-01
        41  2.060342E+00
        42  3.554691E+00
        43  2.201150E+00
        44  3.691270E+00
        45  2.157351E+00
        46  3.537721E+00
        47  2.195211E+00
        48  3.438994E+00
        49  7.917382E-01
        50  1.228552E+00
        51  7.917382E-01
        52  1.228552E+00
        53  2.195211E+00
        54  3.438994E+00
        55  2.157351E+00
        56  3.537721E+00
        57  2.201150E+00
        58  3.691270E+00
        59  2.060342E+00
        60  3.554691E+00
        61  7.056043E+02
        62  7.547309E+00
        63  3.548857E+00
        64  7.740682E-01
        65  7.520576E-01
        66  7.056043E+02
        67  7.547309E+00
        68  3.548857E+00
        69  7.740682E-01
        70  7.520576E-01
        71  2.201071E+00
        72  3.810027E+00
        73  2.425280E+00
        74  4.012902E+00
        75  2.506939E+00
        76  4.018135E+00
        77  2.458766E+00
        78  3.914354E+00
        79  8.645088E-01
        80  1.393765E+00
        81  8.645088E-01
        82  1.393765E+00
        83  2.458766E+00
        84  3.914354E+00
        85  2.506939E+00
        86  4.018135E+00
        87  2.425280E+00
        88  4.012902E+00
        89  2.201071E+00
        90  3.810027E+00
        91  5.299766E+02
        92  1.579360E+01
        93  5.314690E+00
        94  9.938388E-01
        95  9.004306E-01
        96  5.299766E+02
        97  1.579360E+01
        98  5.314690E+00
        99  9.938388E-01
       100  9.004306E-01
       101  2.788944E+00
       102  4.527277E+00
       103  2.915892E+00
       104  4.671979E+00
       105  2.998747E+00
       106  4.766317E+00
       107  2.983017E+00
       108  4.769923E+00
       109  1.067076E+00
       110  1.723416E+00
       111  1.067076E+00
       112  1.723416E+00
       113  2.983017E+00
       114  4.769923E+00
       115  2.998747E+00
       116  4.766317E+00
       117  2.915892E+00
       118  4.671979E+00
       119  2.788944E+00
       120  4.527277E+00
       121  3.360970E+02
       122  1.975560E+01
       123  7.166549E+00
       124  1.388462E+00
       125  8.570387E-01
       126  3.360970E+02
       127  1.975560E+01
       128  7.166549E+00
       129  1.388462E+00
       130  8.570387E-01
       131  2.767901E+00
       132  4.735608E+00
       133  2.821823E+00
       134  4.827848E+00
       135  2.881925E+00
       136  4.939097E+00
       137  2.944567E+00
       138  5.043500E+00
       139  1.080851E+00
       140  1.851804E+00
       141  1.080851E+00
       142  1.851804E+00
       143  2.944567E+00
       144  5.043500E+00
       145  2.881925E+00
       146  4.939097E+00
       147  2.821823E+00
       148  4.827848E+00
       149  2.767901E+00
       150  4.735608E+00
       151  2.468524E+02
       152  2.108556E+01
       153  8.504008E+00
       154  1.848059E+00
       155  8.280617E-01
       156  2.468524E+02
       157  2.108556E+01
       158  8.504008E+00
       159  1.848059E+00
       160  8.280617E-01
       161  2.713364E+00
       162  4.848051E+00
       163  2.747448E+00
       164  4.911887E+00
       165  2.804495E+00
       166  5.008907E+00
       167  2.888037E+00
       168  5.120760E+00
       169  1.065706E+00
       170  1.882898E+00
       171  1.065706E+00
       172  1.882898E+00
       173  2.888037E+00
       174  5.120760E+00
       175  2.804495E+00
       176  5.008907E+00
       177  2.747448E+00
       178  4.911887E+00
       179  2.713364E+00
       180  4.848051E+00
       181  1.589477E+02
       182  2.236163E+01
       183  9.237802E+00
       184  2.141708E+00
       185  8.167942E-01
       186  1.589477E+02
       187  2.236163E+01
       188  9.237802E+00
       189  2.141708E+00
       190  8.167942E-01
       191  2.633049E+00
       192  4.841511E+00
       193  2.664759E+00
       194  4.888770E+00
       195  2.719136E+00
       196  4.965867E+00
       197  2.799583E+00
       198  5.059913E+00
       199  1.031616E+00
       200  1.856336E+00
       201  1.031616E+00
       202  1.856336E+00
       203  2.799583E+00
       204  5.059913E+00
       205  2.719136E+00
       206  4.965867E+00
       207  2.664759E+00
       208  4.888770E+00
       209  2.633049E+00
       210  4.841511E+00
       211  6.955081E+01
       212  2.336468E+01
       213  9.588740E+00
       214  2.295791E+00
       215  8.187362E-01
       216  6.955081E+01
       217  2.336468E+01
       218  9.588740E+00
       219  2.295791E+00
       220  8.187362E-01
       221  2.534564E+00
       222  4.731289E+00
       223  2.563614E+00
       224  4.768061E+00
       225  2.612716E+00
       226  4.833066E+00
       227  2.691186E+00
       228  4.917991E+00
       229  9.910285E-01
       230  1.801958E+00
       231  9.910285E-01
       232  1.801958E+00
       233  2.691186E+00
       234  4.917991E+00
       235  2.612716E+00
       236  4.833066E+00
       237  2.563614E+00
       238  4.768061E+00
       239  2.534564E+00
       240  4.731289E+00
       241  4.308845E+01
       242  2.307442E+01
       243  9.635826E+00
       244  2.386345E+00
       245  8.288214E-01
       246  4.308845E+01
       247  2.307442E+01
       248  9.635826E+00
       249  2.386345E+00
       250  8.288214E-01
       251  2.420109E+00
       252  4.543637E+00
       253  2.444313E+00
       254  4.571530E+00
       255  2.485361E+00
       256  4.624233E+00
       257  2.557882E+00
       258  4.694380E+00
       259  9.401017E-01
       260  1.715948E+00
       261  9.401017E-01
       262  1.715948E+00
       263  2.557882E+00
       264  4.694380E+00
       265  2.485361E+00
       266  4.624233E+00
       267  2.444313E+00
       268  4.571530E+00
       269  2.420109E+00
       270  4.543637E+00
       271  3.961608E+01
       272  2.178605E+01
       273  9.338798E+00
       274  2.390190E+00
       275  8.240995E-01
       276  3.961608E+01
       277  2.178605E+01
       278  9.338798E+00
       279  2.390190E+00
       280  8.240995E-01
       281  2.293624E+00
       282  4.305952E+00
       283  2.311820E+00
       284  4.323721E+00
       285  2.342675E+00
       286  4.359678E+00
       287  2.402259E+00
       288  4.404899E+00
       289  8.788852E-01
       290  1.603632E+00
       291  8.788852E-01
       292  1.603632E+00
       293  2.402259E+00
       294  4.404899E+00
       295  2.342675E+00
       296  4.359678E+00
       297  2.311820E+00
       298  4.323721E+00
       299  2.293624E+00
       300  4.305952E+00
       301  3.683809E+01
       302  2.032148E+01
       303  8.803674E+00
       304  2.298854E+00
       305  7.959089E-01
       306  3.683809E+01
       307  2.032148E+01
       308  8.803674E+00
       309  2.298854E+00
       310  7.959089E-01
       311  2.159178E+00
       312  4.041160E+00
       313  2.171735E+00
       314  4.049865E+00
       315  2.193036E+00
       316  4.070849E+00
       317  2.239297E+00
       318  4.094520E+00
       319  8.151273E-01
       320  1.485208E+00
       321  8.151273E-01
       322  1.485208E+00
       323  2.239297E+00
       324  4.094520E+00
       325  2.193036E+00
       326  4.070849E+00
       327  2.171735E+00
       328  4.049865E+00
       329  2.159178E+00
       330  4.041160E+00
       331  3.429990E+01
       332  1.891917E+01
       333  8.214009E+00
       334  2.163606E+00
       335  7.560008E-01
       336  3.429990E+01
       337  1.891917E+01
       338  8.214009E+00
       339  2.163606E+00
       340  7.560008E-01
       341  2.020591E+00
       342  3.767079E+00
       343  2.029154E+00
       344  3.770763E+00
       345  2.043800E+00
       346  3.783488E+00
       347  2.081476E+00
       348  3.796108E+00
       349  7.550566E-01
       350  1.374081E+00
       351  7.550566E-01
       352  1.374081E+00
       353  2.081476E+00
       354  3.796108E+00
       355  2.043800E+00
       356  3.783488E+00
       357  2.029154E+00
       358  3.770763E+00
       359  2.020591E+00
       360  3.767079E+00
       361  3.186644E+01
       362  1.757734E+01
       363  7.638465E+00
       364  2.022942E+00
       365  7.149113E-01
       366  3.186644E+01
       367  1.757734E+01
       368  7.638465E+00
       369  2.022942E+00
       370  7.149113E-01
       371  1.881429E+00
       372  3.496068E+00
       373  1.887878E+00
       374  3.498583E+00
       375  1.898941E+00
       376  3.508711E+00
       377  1.932523E+00
       378  3.517731E+00
       379  6.997611E-01
       380  1.272071E+00
       381  6.997611E-01
       382  1.272071E+00
       383  1.932523E+00
       384  3.517731E+00
       385  1.898941E+00
       386  3.508711E+00
       387  1.887878E+00
       388  3.498583E+00
       389  1.881429E+00
       390  3.496068E+00
       391  2.952614E+01
       392  1.628969E+01
       393  7.085867E+00
       394  1.886991E+00
       395  6.756973E-01
       396  2.952614E+01
       397  1.628969E+01
       398  7.085867E+00
       399  1.886991E+00
       400  6.756973E-01
       401  1.744607E+00
       402  3.234829E+00
       403  1.750232E+00
       404  3.237960E+00
       405  1.759734E+00
       406  3.248008E+00
       407  1.791650E+00
       408  3.256334E+00
       409  6.481606E-01
       410  1.176884E+00
       411  6.481606E-01
       412  1.176884E+00
       413  1.791650E+00
       414  3.256334E+00
       415  1.759734E+00
       416  3.248008E+00
       417  1.750232E+00
       418  3.237960E+00
       419  1.744607E+00
       420  3.234829E+00
       421  2.728045E+01
       422  1.505535E+01
       423  6.556596E+00
       424  1.756758E+00
       425  6.384100E-01
       426  2.728045E+01
       427  1.505535E+01
       428  6.556596E+00
       429  1.756758E+00
       430  6.384100E-01
       431  1.612018E+00
       432  2.985687E+00
       433  1.617411E+00
       434  2.989617E+00
       435  1.626336E+00
       436  3.000078E+00
       437  1.657585E+00
       438  3.008355E+00
       439  5.993244E-01
       440  1.086725E+00
       441  5.993244E-01
       442  1.086725E+00
       443  1.657585E+00
       444  3.008355E+00
       445  1.626336E+00
       446  3.000078E+00
       447  1.617411E+00
       448  2.989617E+00
       449  1.612018E+00
       450  2.985687E+00
       451  2.513135E+01
       452  1.387413E+01
       453  6.050182E+00
       454  1.632114E+00
       455  6.028095E-01
       456  2.513135E+01
       457  1.387413E+01
       458  6.050182E+00
       459  1.632114E+00
       460  6.028095E-01
       461  1.484622E+00
       462  2.748689E+00
       463  1.489965E+00
       464  2.753065E+00
       465  1.498694E+00
       466  2.763765E+00
       467  1.529650E+00
       468  2.772009E+00
       469  5.528219E-01
       470  1.000825E+00
       471  5.528219E-01
       472  1.000825E+00
       473  1.529650E+00
       474  2.772009E+00
       475  1.498694E+00
       476  2.763765E+00
       477  1.489965E+00
       478  2.753065E+00
       479  1.484622E+00
       480  2.748689E+00
       481  2.307878E+01
       482  1.274576E+01
       483  5.566339E+00
       484  1.512968E+00
       485  5.688073E-01
       486  2.307878E+01
       487  1.274576E+01
       488  5.566339E+00
       489  1.512968E+00
       490  5.688073E-01
       491  1.362797E+00
       492  2.523202E+00
       493  1.368121E+00
       494  2.527712E+00
       495  1.376779E+00
       496  2.538443E+00
       497  1.407580E+00
       498  2.546601E+00
       499  5.084903E-01
       500  9.189117E-01
       501  5.084903E-01
       502  9.189117E-01
       503  1.407580E+00
       504  2.546601E+00
       505  1.376779E+00
       506  2.538443E+00
       507  1.368121E+00
       508  2.527712E+00
       509  1.362797E+00
       510  2.523202E+00
       511  2.112190E+01
       512  1.166985E+01
       513  5.104912E+00
       514  1.399317E+00
       515  5.363995E-01
       516  2.112190E+01
       517  1.166985E+01
       518  5.104912E+00
       519  1.399317E+00
       520  5.363995E-01
       521  1.246641E+00
       522  2.308633E+00
       523  1.251949E+00
       524  2.313123E+00
       525  1.260573E+00
       526  2.323781E+00
       527  1.291273E+00
       528  2.331837E+00
       529  4.662656E-01
       530  8.408757E-01
       531  4.662656E-01
       532  8.408757E-01
       533  1.291273E+00
       534  2.331837E+00
       535  1.260573E+00
       536  2.323781E+00
       537  1.251949E+00
       538  2.313123E+00
       539  1.246641E+00
       540  2.308633E+00
       541  1.925958E+01
       542  1.064586E+01
       543  4.665732E+00
       544  1.291159E+00
       545  5.055949E-01
       546  1.925958E+01
       547  1.064586E+01
       548  4.665732E+00
       549  1.291159E+00
       550  5.055949E-01
       551  1.136147E+00
       552  2.104587E+00
       553  1.141439E+00
       554  2.109012E+00
       555  1.150040E+00
       556  2.119574E+00
       557  1.180660E+00
       558  2.127541E+00
       559  4.261124E-01
       560  7.666513E-01
       561  4.261124E-01
       562  7.666513E-01
       563  1.180660E+00
       564  2.127541E+00
       565  1.150040E+00
       566  2.119574E+00
       567  1.141439E+00
       568  2.109012E+00
       569  1.136147E+00
       570  2.104587E+00
       571  1.749064E+01
       572  9.673214E+00
       573  4.248582E+00
       574  1.188459E+00
       575  4.763891E-01
       576  1.749064E+01
       577  9.673214E+00
       578  4.248582E+00
       579  1.188459E+00
       580  4.763891E-01
       581  1.031263E+00
       582  1.910827E+00
       583  1.036539E+00
       584  1.915188E+00
       585  1.045124E+00
       586  1.925664E+00
       587  1.075672E+00
       588  1.933563E+00
       589  3.880013E-01
       590  6.961826E-01
       591  3.880013E-01
       592  6.961826E-01
       593  1.075672E+00
       594  1.933563E+00
       595  1.045124E+00
       596  1.925664E+00
       597  1.036539E+00
       598  1.915188E+00
       599  1.031263E+00
       600  1.910827E+00
       601  1.581393E+01
       602  8.751294E+00
       603  3.853217E+00
       604  1.091163E+00
       605  4.487650E-01
       606  1.581393E+01
       607  8.751294E+00
       608  3.853217E+00
       609  1.091163E+00
       610  4.487650E-01
       611  9.319234E-01
       612  1.727199E+00
       613  9.371862E-01
       614  1.731508E+00
       615  9.457540E-01
       616  1.741917E+00
       617  9.762337E-01
       618  1.749767E+00
       619  3.519038E-01
       620  6.294167E-01
       621  3.519038E-01
       622  6.294167E-01
       623  9.762337E-01
       624  1.749767E+00
       625  9.457540E-01
       626  1.741917E+00
       627  9.371862E-01
       628  1.731508E+00
       629  9.319234E-01
       630  1.727199E+00
       631  1.422829E+01
       632  7.879480E+00
       633  3.479372E+00
       634  9.992067E-01
       635  4.226981E-01
       636  1.422829E+01
       637  7.879480E+00
       638  3.479372E+00
       639  9.992067E-01
       640  4.226981E-01
       641  8.380563E-01
       642  1.553581E+00
       643  8.433060E-01
       644  1.557849E+00
       645  8.518571E-01
       646  1.568204E+00
       647  8.822679E-01
       648  1.576016E+00
       649  3.177918E-01
       650  5.663031E-01
       651  3.177918E-01
       652  5.663031E-01
       653  8.822679E-01
       654  1.576016E+00
       655  8.518571E-01
       656  1.568204E+00
       657  8.433060E-01
       658  1.557849E+00
       659  8.380563E-01
       660  1.553581E+00
       661  1.273259E+01
       662  7.057157E+00
       663  3.126785E+00
       664  9.125183E-01
       665  3.981601E-01
       666  1.273259E+01
       667  7.057157E+00
       668  3.126785E+00
       669  9.125183E-01
       670  3.981601E-01
       671  7.495897E-01
       672  1.389852E+00
       673  7.548256E-01
       674  1.394089E+00
       675  7.633580E-01
       676  1.404399E+00
       677  7.936979E-01
       678  1.412182E+00
       679  2.856374E-01
       680  5.067929E-01
       681  2.856374E-01
       682  5.067929E-01
       683  7.936979E-01
       684  1.412182E+00
       685  7.633580E-01
       686  1.404399E+00
       687  7.548256E-01
       688  1.394089E+00
       689  7.495897E-01
       690  1.389852E+00
       691  1.132575E+01
       692  6.283724E+00
       693  2.795190E+00
       694  8.310244E-01
       695  3.751214E-01
       696  1.132575E+01
       697  6.283724E+00
       698  2.795190E+00
       699  8.310244E-01
       700  3.751214E-01
       701  6.664532E-01
       702  1.235886E+00
       703  6.716727E-01
       704  1.240101E+00
       705  6.801830E-01
       706  1.250376E+00
       707  7.104487E-01
       708  1.258133E+00
       709  2.554139E-01
       710  4.508388E-01
       711  2.554139E-01
       712  4.508388E-01
       713  7.104487E-01
       714  1.258133E+00
       715  6.801830E-01
       716  1.250376E+00
       717  6.716727E-01
       718  1.240101E+00
       719  6.664532E-01
       720  1.235886E+00
       721  1.000671E+01
       722  5.558594E+00
       723  2.484324E+00
       724  7.546485E-01
       725  3.535515E-01
       726  1.000671E+01
       727  5.558594E+00
       728  2.484324E+00
       729  7.546485E-01
       730  3.535515E-01
       731  5.885792E-01
       732  1.091538E+00
       733  5.937768E-01
       734  1.095748E+00
       735  6.022602E-01
       736  1.106005E+00
       737  6.324475E-01
       738  1.113746E+00
       739  2.270955E-01
       740  3.983955E-01
       741  2.270955E-01
       742  3.983955E-01
       743  6.324475E-01
       744  1.113746E+00
       745  6.022602E-01
       746  1.106005E+00
       747  5.937768E-01
       748  1.095748E+00
       749  5.885792E-01
       750  1.091538E+00
       751  8.774464E+00
       752  4.881193E+00
       753  2.193926E+00
       754  6.833111E-01
       755  3.334210E-01
       756  8.774464E+00
       757  4.881193E+00
       758  2.193926E+00
       759  6.833111E-01
       760  3.334210E-01
       761  5.159022E-01
       762  9.566443E-01
       763  5.210682E-01
       764  9.608825E-01
       765  5.295181E-01
       766  9.711544E-01
       767  5.596240E-01
       768  9.788975E-01
       769  2.006582E-01
       770  3.494198E-01
       771  2.006582E-01
       772  3.494198E-01
       773  5.596240E-01
       774  9.788975E-01
       775  5.295181E-01
       776  9.711544E-01
       777  5.210682E-01
       778  9.608825E-01
       779  5.159022E-01
       780  9.566443E-01
       781  7.628044E+00
       782  4.250966E+00
       783  1.923732E+00
       784  6.169300E-01
       785  3.147042E-01
       786  7.628044E+00
       787  4.250966E+00
       788  1.923732E+00
       789  6.169300E-01
       790  3.147042E-01
       791  4.483556E-01
       792  8.310256E-01
       793  4.534752E-01
       794  8.353511E-01
       795  4.618850E-01
       796  8.456979E-01
       797  4.919113E-01
       798  8.534771E-01
       799  1.760807E-01
       800  3.038718E-01
       801  1.760807E-01
       802  3.038718E-01
       803  4.919113E-01
       804  8.534771E-01
       805  4.618850E-01
       806  8.456979E-01
       807  4.534752E-01
       808  8.353511E-01
       809  4.483556E-01
       810  8.310256E-01
       811  6.566534E+00
       812  3.667362E+00
       813  1.673476E+00
       814  5.554242E-01
       815  2.973859E-01
       816  6.566534E+00
       817  3.667362E+00
       818  1.673476E+00
       819  5.554242E-01
       820  2.973859E-01
       821  3.858658E-01
       822  7.145027E-01
       823  3.909196E-01
       824  7.190046E-01
       825  3.992860E-01
       826  7.295190E-01
       827  4.292461E-01
       828  7.373867E-01
       829  1.533453E-01
       830  2.617165E-01
       831  1.533453E-01
       832  2.617165E-01
       833  4.292461E-01
       834  7.373867E-01
       835  3.992860E-01
       836  7.295190E-01
       837  3.909196E-01
       838  7.190046E-01
       839  3.858658E-01
       840  7.145027E-01
       841  5.589034E+00
       842  3.129828E+00
       843  1.442891E+00
       844  4.987241E-01
       845  2.814729E-01
       846  5.589034E+00
       847  3.129828E+00
       848  1.442891E+00
       849  4.987241E-01
       850  2.814729E-01
       851  3.283423E-01
       852  6.069322E-01
       853  3.333109E-01
       854  6.117240E-01
       855  3.416410E-01
       856  6.225259E-01
       857  3.715713E-01
       858  6.305498E-01
       859  1.324391E-01
       860  2.229242E-01
       861  1.324391E-01
       862  2.229242E-01
       863  3.715713E-01
       864  6.305498E-01
       865  3.416410E-01
       866  6.225259E-01
       867  3.333109E-01
       868  6.117240E-01
       869  3.283423E-01
       870  6.069322E-01
       871  4.694599E+00
       872  2.637779E+00
       873  1.231719E+00
       874  4.467933E-01
       875  2.670140E-01
       876  4.694599E+00
       877  2.637779E+00
       878  1.231719E+00
       879  4.467933E-01
       880  2.670140E-01
       881  2.756654E-01
       882  5.082750E-01
       883  2.805400E-01
       884  5.134620E-01
       885  2.888629E-01
       886  5.246690E-01
       887  3.188388E-01
       888  5.329151E-01
       889  1.133531E-01
       890  1.874702E-01
       891  1.133531E-01
       892  1.874702E-01
       893  3.188388E-01
       894  5.329151E-01
       895  2.888629E-01
       896  5.246690E-01
       897  2.805400E-01
       898  5.134620E-01
       899  2.756654E-01
       900  5.082750E-01
       901  3.882133E+00
       902  2.190569E+00
       903  1.039725E+00
       904  3.996661E-01
       905  2.541304E-01
       906  3.882133E+00
       907  2.190569E+00
       908  1.039725E+00
       909  3.996661E-01
       910  2.541304E-01
       911  2.276729E-01
       912  4.186935E-01
       913  2.324771E-01
       914  4.242985E-01
       915  2.408621E-01
       916  4.359568E-01
       917  2.710177E-01
       918  4.444541E-01
       919  9.607981E-02
       920  1.553334E-01
       921  9.607981E-02
       922  1.553334E-01
       923  2.710177E-01
       924  4.444541E-01
       925  2.408621E-01
       926  4.359568E-01
       927  2.324771E-01
       928  4.242985E-01
       929  2.276729E-01
       930  4.186935E-01
       931  3.150245E+00
       932  1.787455E+00
       933  8.667326E-01
       934  3.574998E-01
       935  2.430545E-01
       936  3.150245E+00
       937  1.787455E+00
       938  8.667326E-01
       939  3.574998E-01
       940  2.430545E-01
       941  1.841542E-01
       942  3.386596E-01
       943  1.889825E-01
       944  3.444874E-01
       945  1.975639E-01
       946  3.564526E-01
       947  2.281131E-01
       948  3.651410E-01
       949  8.060703E-02
       950  1.264899E-01
       951  8.060703E-02
       952  1.264899E-01
       953  2.281131E-01
       954  3.651410E-01
       955  1.975639E-01
       956  3.564526E-01
       957  1.889825E-01
       958  3.444874E-01
       959  1.841542E-01
       960  3.386596E-01
       961  2.497100E+00
       962  1.427593E+00
       963  7.126850E-01
       964  3.206354E-01
       965  2.341577E-01
       966  2.497100E+00
       967  1.427593E+00
       968  7.126850E-01
       969  3.206354E-01
       970  2.341577E-01
       971  1.448805E-01
       972  2.690142E-01
       973  1.499535E-01
       974  2.744507E-01
       975  1.589556E-01
       976  2.862214E-01
       977  1.901930E-01
       978  2.948928E-01
       979  6.690581E-02
       980  1.008995E-01
       981  6.690581E-02
       982  1.008995E-01
       983  1.901930E-01
       984  2.948928E-01
       985  1.589556E-01
       986  2.862214E-01
       987  1.499535E-01
       988  2.744507E-01
       989  1.448805E-01
       990  2.690142E-01
       991  1.920317E+00
       992  1.110143E+00
       993  5.777917E-01
       994  2.896381E-01
       995  2.278904E-01
       996  1.920317E+00
       997  1.110143E+00
       998  5.777917E-01
       999  2.896381E-01
      1000  2.278904E-01
      1001  1.097698E-01
      1002  2.109305E-01
      1003  1.154883E-01
      1004  2.146842E-01
      1005  1.252056E-01
      1006  2.251964E-01
      1007  1.574085E-01
      1008  2.334408E-01
      1009  5.490987E-02
      1010  7.847091E-02
      1011  5.490987E-02
      1012  7.847091E-02
      1013  1.574085E-01
      1014  2.334408E-01
      1015  1.252056E-01
      1016  2.251964E-01
      1017  1.154883E-01
      1018  2.146842E-01
      1019  1.097698E-01
      1020  2.109305E-01
      1021  1.416911E+00
      1022  8.346054E-01
      1023  4.628330E-01
      1024  2.652300E-01
      1025  2.244494E-01
      1026  1.416911E+00
      1027  8.346054E-01
      1028  4.628330E-01
      1029  2.652300E-01
      1030  2.244494E-01
      1031  7.950950E-02
      1032  1.658402E-01
      1033  8.640695E-02
      1034  1.656515E-01
      1035  9.697055E-02
      1036  1.730124E-01
      1037  1.299879E-01
      1038  1.801445E-01
      1039  4.447941E-02
      1040  5.900346E-02
      1041  4.447941E-02
      1042  5.900346E-02
      1043  1.299879E-01
      1044  1.801445E-01
      1045  9.697055E-02
      1046  1.730124E-01
      1047  8.640695E-02
      1048  1.656515E-01
      1049  7.950950E-02
      1050  1.658402E-01
      1051  9.834467E-01
      1052  6.015416E-01
      1053  3.695252E-01
      1054  2.479729E-01
      1055  2.229463E-01
      1056  9.834467E-01
      1057  6.015416E-01
      1058  3.695252E-01
      1059  2.479729E-01
      1060  2.229463E-01
      1061  5.731183E-02
      1062  1.357864E-01
      1063  6.570758E-02
      1064  1.281343E-01
      1065  7.628761E-02
      1066  1.292302E-01
      1067  1.085145E-01
      1068  1.340853E-01
      1069  3.537122E-02
      1070  4.220698E-02
      1071  3.537122E-02
      1072  4.220698E-02
      1073  1.085145E-01
      1074  1.340853E-01
      1075  7.628761E-02
      1076  1.292302E-01
      1077  6.570758E-02
      1078  1.281343E-01
      1079  5.731183E-02
      1080  1.357864E-01
      1081  6.173427E-01
      1082  4.129939E-01
      1083  2.999403E-01
      1084  2.373649E-01
      1085  2.208487E-01
      1086  6.173427E-01
      1087  4.129939E-01
      1088  2.999403E-01
      1089  2.373649E-01
      1090  2.208487E-01
      1091  5.233487E-02
      1092  1.242365E-01
      1093  6.164519E-02
      1094  1.049296E-01
      1095  6.887717E-02
      1096  9.532889E-02
      1097  9.604440E-02
      1098  9.613219E-02
      1099  2.728755E-02
      1100  2.854931E-02
      1101  2.728755E-02
      1102  2.854931E-02
      1103  9.604440E-02
      1104  9.613219E-02
      1105  6.887717E-02
      1106  9.532889E-02
      1107  6.164519E-02
      1108  1.049296E-01
      1109  5.233487E-02
      1110  1.242365E-01
      1111  3.232970E-01
      1112  2.700100E-01
      1113  2.524039E-01
      1114  2.319205E-01
      1115  2.165859E-01
      1116  3.232970E-01
      1117  2.700100E-01
      1118  2.524039E-01
      1119  2.319205E-01
      1120  2.165859E-01
      1121  7.940292E-02
      1122  1.348766E-01
      1123  8.975101E-02
      1124  1.039847E-01
      1125  8.933676E-02
      1126  8.178378E-02
      1127  1.082073E-01
      1128  7.768916E-02
      1129  2.079946E-02
      1130  2.327613E-02
      1131  2.079946E-02
      1132  2.327613E-02
      1133  1.082073E-01
      1134  7.768916E-02
      1135  8.933676E-02
      1136  8.178378E-02
      1137  8.975101E-02
      1138  1.039847E-01
      1139  7.940292E-02
      1140  1.348766E-01
      1141  1.191417E-01
      1142  1.612356E-01
      1143  2.097256E-01
      1144  2.304456E-01
      1145  2.239133E-01
      1146  1.191417E-01
      1147  1.612356E-01
      1148  2.097256E-01
      1149  2.304456E-01
      1150  2.239133E-01
      1151  1.336767E-01
      1152  1.539684E-01
      1153  1.534968E-01
      1154  1.280791E-01
      1155  1.581484E-01
      1156  1.157209E-01
      1157  2.005395E-01
      1158  1.284357E-01
      1159  1.867199E-02
      1160  5.348884E-02
      1161  1.867199E-02
      1162  5.348884E-02
      1163  2.005395E-01
      1164  1.284357E-01
      1165  1.581484E-01
      1166  1.157209E-01
      1167  1.534968E-01
      1168  1.280791E-01
      1169  1.336767E-01
      1170  1.539684E-01
      1171  2.242199E-02
      1172  7.076951E-02
      1173  1.469315E-01
      1174  2.422966E-01
      1175  3.549604E-01
      1176  2.242199E-02
      1177  7.076951E-02
      1178  1.469315E-01
      1179  2.422966E-01
      1180  3.549604E-01
      1181  1.593969E-01
      1182  1.474964E-01
      1183  1.985760E-01
      1184  1.490465E-01
      1185  2.738575E-01
      1186  2.203901E-01
      1187  6.130129E-01
      1188  4.553250E-01
      1189  3.815948E-02
      1190  2.848915E-01
      1191  3.815948E-02
      1192  2.848915E-01
      1193  6.130129E-01
      1194  4.553250E-01
      1195  2.738575E-01
      1196  2.203901E-01
      1197  1.985760E-01
      1198  1.490465E-01
      1199  1.593969E-01
      1200  1.474964E-01
      1201  1.891256E-04
      1202  4.292487E-03
      1203  2.352983E-02
      1204  9.950549E-02
      1205  2.755491E-01
      1206  1.891256E-04
      1207  4.292487E-03
      1208  2.352983E-02
      1209  9.950549E-02
      1210  2.755491E-01
      1211  6.149124E-02
      1212  9.064578E-02
      1213  8.689342E-02
      1214  8.829323E-02
      1215  1.594764E-01
      1216  1.987921E-01
      1217  6.243163E-01
      1218  5.553770E-01
      1219  5.090854E-02
      1220  4.118190E-01
      1221  5.090854E-02
      1222  4.118190E-01
      1223  6.243163E-01
      1224  5.553770E-01
      1225  1.594764E-01
      1226  1.987921E-01
      1227  8.689342E-02
      1228  8.829323E-02
      1229  6.149124E-02
      1230  9.064578E-02

                                INCREMENT    10


 displacements (vx,vy,vz) for set TIP_TOP and time  0.1875000E+01

      1991 -1.540934E-01  4.002866E-03  4.812219E+00
      1992 -1.538562E-01  3.922220E-03  4.802911E+00
      1995 -1.534325E-01  3.782289E-03  4.793747E+00
      1998 -1.530693E-01  3.054804E-03  4.785356E+00
      2000 -1.528996E-01  1.199686E-03  4.780101E+00
      2002 -1.528590E-01 -3.017978E-15  4.779834E+00
      2004 -1.528996E-01 -1.199686E-03  4.780101E+00
      2007 -1.530693E-01 -3.054804E-03  4.785356E+00
      2010 -1.534325E-01 -3.782289E-03  4.793747E+00
      2013 -1.538562E-01 -3.922220E-03  4.802911E+00
      2016 -1.540934E-01 -4.002866E-03  4.812219E+00

 forces (fx,fy,fz) for set CLAMP and time  0.1875000E+01

         1 -9.343374E+03 -9.104384E+03 -3.409719E+03
         4 -1.756209E+04 -7.897378E-10 -6.835787E+03
         5 -1.042378E+04 -1.244982E+04  1.004421E+03
         8 -1.896503E+04  8.880800E-10  2.104856E+03
         9 -5.557466E+03 -5.929353E+03  5.064515E+02
        12 -9.792721E+03  4.804989E-09  1.006332E+03
        13 -2.677126E+03 -2.824572E+03  3.018992E+02
        16 -4.655266E+03  1.468348E-09  5.758846E+02
        17 -2.943535E+02 -2.977176E+02  3.759500E+02
        20 -4.995683E+02 -1.477778E-09  7.382434E+02
        21  1.655961E+03  7.955422E+02  1.514797E+03
        24  1.968130E+03  1.303295E-11  4.974269E+02
        26 -9.343374E+03  9.104384E+03 -3.409719E+03
        28 -1.042378E+04  1.244982E+04  1.004421E+03
        30 -5.557466E+03  5.929353E+03  5.064515E+02
        32 -2.677126E+03  2.824572E+03  3.018992E+02
        34 -2.943535E+02  2.977176E+02  3.759500E+02
        36  1.655961E+03 -7.955422E+02  1.514797E+03
        37  1.584267E+03  7.947213E+02  1.727483E+03
        40  1.852170E+03  2.957794E+02  2.858973E+03
        41  3.787730E+03  1.868593E+03  5.404949E+02
        44  5.459093E+03  7.232659E+02  1.033721E+03
        45  2.587747E+03  1.079841E+03 -2.058615E+03
        48  4.363098E+03  4.283873E+02 -3.766514E+03
        50  1.417460E+03  2.710292E+02  2.546870E+03
        52  5.197174E+03  6.363114E+02  1.081820E+03
        54  4.557647E+03  3.653052E+02 -3.688961E+03
        56  1.256151E+03  2.043892E+02  2.495496E+03
        58  5.296772E+03  4.499443E+02  1.079179E+03
        60  4.845026E+03  2.510978E+02 -3.820187E+03
        62  3.757110E+03  1.859900E+02  6.384961E+02
        64  3.474528E+03  9.588983E+01 -2.721287E+03
        66  2.031999E+03  7.918520E-11  3.087929E+02
        68  1.882880E+03 -5.373130E-11 -1.478866E+03
        70  3.757110E+03 -1.859900E+02  6.384961E+02
        72  3.474528E+03 -9.588983E+01 -2.721287E+03
        74  1.256151E+03 -2.043892E+02  2.495496E+03
        76  5.296772E+03 -4.499443E+02  1.079179E+03
        78  4.845026E+03 -2.510978E+02 -3.820187E+03
        80  1.417460E+03 -2.710292E+02  2.546870E+03
        82  5.197174E+03 -6.363114E+02  1.081820E+03
        84  4.557647E+03 -3.653052E+02 -3.688961E+03
        86  1.852170E+03 -2.957794E+02  2.858973E+03
        88  5.459093E+03 -7.232659E+02  1.033721E+03
        90  4.363098E+03 -4.283873E+02 -3.766514E+03
        92  1.584267E+03 -7.947213E+02  1.727483E+03
        94  3.787730E+03 -1.868593E+03  5.404949E+02
        96  2.587747E+03 -1.079841E+03 -2.058615E+03

 internal energy (element, energy) for set EALL and time  0.1875000E+01

         1  4.329824E+02
         2  5.669488E+01
         3  1.711394E+01
         4  3.232395E+00
         5  1.793831E+00
         6  4.329824E+02
         7  5.669488E+01
         8  1.711394E+01
         9  3.232395E+00
        10  1.793831E+00
        11  9.623768E+00
        12  1.612547E+01
        13  7.290658E+00
        14  1.380561E+01
        15  6.850271E+00
        16  1.386677E+01
        17  7.232951E+00
        18  1.450690E+01
        19  2.769184E+00
        20  5.440190E+00
        21  2.769184E+00
        22  5.440190E+00
        23  7.232951E+00
        24  1.450690E+01
        25  6.850271E+00
        26  1.386677E+01
        27  7.290658E+00
        28  1.380561E+01
        29  9.623768E+00
        30  1.612547E+01
        31  1.177082E+03
        32  1.085222E+02
        33  2.345744E+01
        34  5.143232E+00
        35  2.735803E+00
        36  1.177082E+03
        37  1.085222E+02
        38  2.345744E+01
        39  5.143232E+00
        40  2.735803E+00
        41  8.193315E+00
        42  1.559456E+01
        43  8.832895E+00
        44  1.633428E+01
        45  8.730810E+00
        46  1.597918E+01
        47  9.076793E+00
        48  1.603533E+01
        49  3.372639E+00
        50  5.846768E+00
        51  3.372639E+00
        52  5.846768E+00
        53  9.076793E+00
        54  1.603533E+01
        55  8.730810E+00
        56  1.597918E+01
        57  8.832895E+00
        58  1.633428E+01
        59  8.193315E+00
        60  1.559456E+01
        61  8.903718E+02
        62  5.837085E+01
        63  2.644343E+01
        64  6.239195E+00
        65  3.060953E+00
        66  8.903718E+02
        67  5.837085E+01
        68  2.644343E+01
        69  6.239195E+00
        70  3.060953E+00
        71  8.738891E+00
        72  1.651079E+01
        73  9.691447E+00
        74  1.757714E+01
        75  1.012767E+01
        76  1.793536E+01
        77  1.023748E+01
        78  1.795820E+01
        79  3.693178E+00
        80  6.499023E+00
        81  3.693178E+00
        82  6.499023E+00
        83  1.023748E+01
        84  1.795820E+01
        85  1.012767E+01
        86  1.793536E+01
        87  9.691447E+00
        88  1.757714E+01
        89  8.738891E+00
        90  1.651079E+01
        91  7.252424E+02
        92  8.379844E+01
        93  3.321530E+01
        94  7.581794E+00
        95  3.669355E+00
        96  7.252424E+02
        97  8.379844E+01
        98  3.321530E+01
        99  7.581794E+00
       100  3.669355E+00
       101  1.108512E+01
       102  1.909464E+01
       103  1.164246E+01
       104  1.980854E+01
       105  1.206441E+01
       106  2.035121E+01
       107  1.214357E+01
       108  2.051561E+01
       109  4.357033E+00
       110  7.429338E+00
       111  4.357033E+00
       112  7.429338E+00
       113  1.214357E+01
       114  2.051561E+01
       115  1.206441E+01
       116  2.035121E+01
       117  1.164246E+01
       118  1.980854E+01
       119  1.108512E+01
       120  1.909464E+01
       121  5.068065E+02
       122  8.984914E+01
       123  3.604358E+01
       124  8.208754E+00
       125  3.424862E+00
       126  5.068065E+02
       127  8.984914E+01
       128  3.604358E+01
       129  8.208754E+00
       130  3.424862E+00
       131  1.090392E+01
       132  1.943367E+01
       133  1.111575E+01
       134  1.976912E+01
       135  1.134509E+01
       136  2.014614E+01
       137  1.154174E+01
       138  2.042410E+01
       139  4.207082E+00
       140  7.452275E+00
       141  4.207082E+00
       142  7.452275E+00
       143  1.154174E+01
       144  2.042410E+01
       145  1.134509E+01
       146  2.014614E+01
       147  1.111575E+01
       148  1.976912E+01
       149  1.090392E+01
       150  1.943367E+01
       151  4.009346E+02
       152  8.996819E+01
       153  3.768812E+01
       154  8.969027E+00
       155  3.332864E+00
       156  4.009346E+02
       157  8.996819E+01
       158  3.768812E+01
       159  8.969027E+00
       160  3.332864E+00
       161  1.056062E+01
       162  1.929824E+01
       163  1.065132E+01
       164  1.943633E+01
       165  1.080484E+01
       166  1.965688E+01
       167  1.102723E+01
       168  1.988657E+01
       169  4.037753E+00
       170  7.257906E+00
       171  4.037753E+00
       172  7.257906E+00
       173  1.102723E+01
       174  1.988657E+01
       175  1.080484E+01
       176  1.965688E+01
       177  1.065132E+01
       178  1.943633E+01
       179  1.056062E+01
       180  1.929824E+01
       181  2.976176E+02
       182  8.982903E+01
       183  3.801140E+01
       184  9.315263E+00
       185  3.263317E+00
       186  2.976176E+02
       187  8.982903E+01
       188  3.801140E+01
       189  9.315263E+00
       190  3.263317E+00
       191  1.011016E+01
       192  1.874919E+01
       193  1.017885E+01
       194  1.881868E+01
       195  1.030445E+01
       196  1.896047E+01
       197  1.051286E+01
       198  1.913865E+01
       199  3.845679E+00
       200  6.975775E+00
       201  3.845679E+00
       202  6.975775E+00
       203  1.051286E+01
       204  1.913865E+01
       205  1.030445E+01
       206  1.896047E+01
       207  1.017885E+01
       208  1.881868E+01
       209  1.011016E+01
       210  1.874919E+01
       211  1.942796E+02
       212  8.904352E+01
       213  3.752647E+01
       214  9.351368E+00
       215  3.208696E+00
       216  1.942796E+02
       217  8.904352E+01
       218  3.752647E+01
       219  9.351368E+00
       220  3.208696E+00
       221  9.614646E+00
       222  1.794438E+01
       223  9.678151E+00
       224  1.799826E+01
       225  9.788664E+00
       226  1.811836E+01
       227  9.992810E+00
       228  1.828084E+01
       229  3.652977E+00
       230  6.658200E+00
       231  3.652977E+00
       232  6.658200E+00
       233  9.992810E+00
       234  1.828084E+01
       235  9.788664E+00
       236  1.811836E+01
       237  9.678151E+00
       238  1.799826E+01
       239  9.614646E+00
       240  1.794438E+01
       241  1.579191E+02
       242  8.574169E+01
       243  3.645123E+01
       244  9.254355E+00
       245  3.163371E+00
       246  1.579191E+02
       247  8.574169E+01
       248  3.645123E+01
       249  9.254355E+00
       250  3.163371E+00
       251  9.094297E+00
       252  1.699761E+01
       253  9.150385E+00
       254  1.704566E+01
       255  9.245340E+00
       256  1.715207E+01
       257  9.439820E+00
       258  1.729232E+01
       259  3.446154E+00
       260  6.290193E+00
       261  3.446154E+00
       262  6.290193E+00
       263  9.439820E+00
       264  1.729232E+01
       265  9.245340E+00
       266  1.715207E+01
       267  9.150385E+00
       268  1.704566E+01
       269  9.094297E+00
       270  1.699761E+01
       271  1.463752E+02
       272  8.059168E+01
       273  3.473680E+01
       274  8.985058E+00
       275  3.080208E+00
       276  1.463752E+02
       277  8.059168E+01
       278  3.473680E+01
       279  8.985058E+00
       280  3.080208E+00
       281  8.561255E+00
       282  1.598197E+01
       283  8.606719E+00
       284  1.601841E+01
       285  8.682452E+00
       286  1.610044E+01
       287  8.853131E+00
       288  1.619792E+01
       289  3.223221E+00
       290  5.879394E+00
       291  3.223221E+00
       292  5.879394E+00
       293  8.853131E+00
       294  1.619792E+01
       295  8.682452E+00
       296  1.610044E+01
       297  8.606719E+00
       298  1.601841E+01
       299  8.561255E+00
       300  1.598197E+01
       301  1.363325E+02
       302  7.519076E+01
       303  3.259916E+01
       304  8.536480E+00
       305  2.948945E+00
       306  1.363325E+02
       307  7.519076E+01
       308  3.259916E+01
       309  8.536480E+00
       310  2.948945E+00
       311  8.023719E+00
       312  1.494357E+01
       313  8.058463E+00
       314  1.496669E+01
       315  8.115835E+00
       316  1.502427E+01
       317  8.260999E+00
       318  1.508321E+01
       319  2.998946E+00
       320  5.463900E+00
       321  2.998946E+00
       322  5.463900E+00
       323  8.260999E+00
       324  1.508321E+01
       325  8.115835E+00
       326  1.502427E+01
       327  8.058463E+00
       328  1.496669E+01
       329  8.023719E+00
       330  1.494357E+01
       331  1.269275E+02
       332  7.000628E+01
       333  3.039745E+01
       334  8.012645E+00
       335  2.796736E+00
       336  1.269275E+02
       337  7.000628E+01
       338  3.039745E+01
       339  8.012645E+00
       340  2.796736E+00
       341  7.488748E+00
       342  1.391383E+01
       343  7.515610E+00
       344  1.392903E+01
       345  7.559963E+00
       346  1.397260E+01
       347  7.688317E+00
       348  1.401147E+01
       349  2.785527E+00
       350  5.069468E+00
       351  2.785527E+00
       352  5.069468E+00
       353  7.688317E+00
       354  1.401147E+01
       355  7.559963E+00
       356  1.397260E+01
       357  7.515610E+00
       358  1.392903E+01
       359  7.488748E+00
       360  1.391383E+01
       361  1.179014E+02
       362  6.503579E+01
       363  2.826495E+01
       364  7.488786E+00
       365  2.645037E+00
       366  1.179014E+02
       367  6.503579E+01
       368  2.826495E+01
       369  7.488786E+00
       370  2.645037E+00
       371  6.963073E+00
       372  1.291346E+01
       373  6.985631E+00
       374  1.292695E+01
       375  7.022848E+00
       376  1.296607E+01
       377  7.142999E+00
       378  1.299828E+01
       379  2.585159E+00
       380  4.699724E+00
       381  2.585159E+00
       382  4.699724E+00
       383  7.142999E+00
       384  1.299828E+01
       385  7.022848E+00
       386  1.296607E+01
       387  6.985631E+00
       388  1.292695E+01
       389  6.963073E+00
       390  1.291346E+01
       391  1.092315E+02
       392  6.026692E+01
       393  2.621848E+01
       394  6.984417E+00
       395  2.499942E+00
       396  1.092315E+02
       397  6.026692E+01
       398  2.621848E+01
       399  6.984417E+00
       400  2.499942E+00
       401  6.452329E+00
       402  1.195323E+01
       403  6.473118E+00
       404  1.196791E+01
       405  6.507155E+00
       406  1.200685E+01
       407  6.623829E+00
       408  1.203764E+01
       409  2.395794E+00
       410  4.350286E+00
       411  2.395794E+00
       412  4.350286E+00
       413  6.623829E+00
       414  1.203764E+01
       415  6.507155E+00
       416  1.200685E+01
       417  6.473118E+00
       418  1.196791E+01
       419  6.452329E+00
       420  1.195323E+01
       421  1.009196E+02
       422  5.569731E+01
       423  2.425843E+01
       424  6.501385E+00
       425  2.361593E+00
       426  1.009196E+02
       427  5.569731E+01
       428  2.425843E+01
       429  6.501385E+00
       430  2.361593E+00
       431  5.960189E+00
       432  1.103634E+01
       433  5.980406E+00
       434  1.105240E+01
       435  6.013214E+00
       436  1.109193E+01
       437  6.128393E+00
       438  1.112242E+01
       439  2.215621E+00
       440  4.017644E+00
       441  2.215621E+00
       442  4.017644E+00
       443  6.128393E+00
       444  1.112242E+01
       445  6.013214E+00
       446  1.109193E+01
       447  5.980406E+00
       448  1.105240E+01
       449  5.960189E+00
       450  1.103634E+01
       451  9.296777E+01
       452  5.132565E+01
       453  2.238350E+01
       454  6.039341E+00
       455  2.229524E+00
       456  9.296777E+01
       457  5.132565E+01
       458  2.238350E+01
       459  6.039341E+00
       460  2.229524E+00
       461  5.488468E+00
       462  1.016218E+01
       463  5.508503E+00
       464  1.017890E+01
       465  5.540852E+00
       466  1.021867E+01
       467  5.655290E+00
       468  1.024892E+01
       469  2.043767E+00
       470  3.700225E+00
       471  2.043767E+00
       472  3.700225E+00
       473  5.655290E+00
       474  1.024892E+01
       475  5.540852E+00
       476  1.021867E+01
       477  5.508503E+00
       478  1.017890E+01
       479  5.488468E+00
       480  1.016218E+01
       481  8.537383E+01
       482  4.715037E+01
       483  2.059266E+01
       484  5.598006E+00
       485  2.103537E+00
       486  8.537383E+01
       487  4.715037E+01
       488  2.059266E+01
       489  5.598006E+00
       490  2.103537E+00
       491  5.037814E+00
       492  9.329111E+00
       493  5.057747E+00
       494  9.345929E+00
       495  5.089897E+00
       496  9.385561E+00
       497  5.203882E+00
       498  9.415515E+00
       499  1.879869E+00
       500  3.397409E+00
       501  1.879869E+00
       502  3.397409E+00
       503  5.203882E+00
       504  9.415515E+00
       505  5.089897E+00
       506  9.385561E+00
       507  5.057747E+00
       508  9.345929E+00
       509  5.037814E+00
       510  9.329111E+00
       511  7.813402E+01
       512  4.316955E+01
       513  1.888515E+01
       514  5.177257E+00
       515  1.983581E+00
       516  7.813402E+01
       517  4.316955E+01
       518  1.888515E+01
       519  5.177257E+00
       520  1.983581E+00
       521  4.608304E+00
       522  8.535720E+00
       523  4.628147E+00
       524  8.552374E+00
       525  4.660179E+00
       526  8.591720E+00
       527  4.773824E+00
       528  8.621379E+00
       529  1.723748E+00
       530  3.108888E+00
       531  1.723748E+00
       532  3.108888E+00
       533  4.773824E+00
       534  8.621379E+00
       535  4.660179E+00
       536  8.591720E+00
       537  4.628147E+00
       538  8.552374E+00
       539  4.608304E+00
       540  8.535720E+00
       541  7.124406E+01
       542  3.938102E+01
       543  1.726014E+01
       544  4.776960E+00
       545  1.869627E+00
       546  7.124406E+01
       547  3.938102E+01
       548  1.726014E+01
       549  4.776960E+00
       550  1.869627E+00
       551  4.199790E+00
       552  7.781031E+00
       553  4.219548E+00
       554  7.797460E+00
       555  4.251489E+00
       556  7.836508E+00
       557  4.364840E+00
       558  7.865922E+00
       559  1.575285E+00
       560  2.834441E+00
       561  1.575285E+00
       562  2.834441E+00
       563  4.364840E+00
       564  7.865922E+00
       565  4.251489E+00
       566  7.836508E+00
       567  4.219548E+00
       568  7.797460E+00
       569  4.199790E+00
       570  7.781031E+00
       571  6.469960E+01
       572  3.578253E+01
       573  1.571675E+01
       574  4.396923E+00
       575  1.761615E+00
       576  6.469960E+01
       577  3.578253E+01
       578  1.571675E+01
       579  4.396923E+00
       580  1.761615E+00
       581  3.812038E+00
       582  7.064382E+00
       583  3.831719E+00
       584  7.080605E+00
       585  3.863579E+00
       586  7.119394E+00
       587  3.976655E+00
       588  7.148620E+00
       589  1.434371E+00
       590  2.573870E+00
       591  1.434371E+00
       592  2.573870E+00
       593  3.976655E+00
       594  7.148620E+00
       595  3.863579E+00
       596  7.119394E+00
       597  3.831719E+00
       598  7.080605E+00
       599  3.812038E+00
       600  7.064382E+00
       601  5.849635E+01
       602  3.237175E+01
       603  1.425399E+01
       604  4.036910E+00
       605  1.659461E+00
       606  5.849635E+01
       607  3.237175E+01
       608  1.425399E+01
       609  4.036910E+00
       610  1.659461E+00
       611  3.444786E+00
       612  6.385268E+00
       613  3.464395E+00
       614  6.401318E+00
       615  3.496178E+00
       616  6.439891E+00
       617  3.608986E+00
       618  6.468968E+00
       619  1.300902E+00
       620  2.326986E+00
       621  1.300902E+00
       622  2.326986E+00
       623  3.608986E+00
       624  6.468968E+00
       625  3.496178E+00
       626  6.439891E+00
       627  3.464395E+00
       628  6.401318E+00
       629  3.444786E+00
       630  6.385268E+00
       631  5.263008E+01
       632  2.914639E+01
       633  1.287088E+01
       634  3.696664E+00
       635  1.563067E+00
       636  5.263008E+01
       637  2.914639E+01
       638  1.287088E+01
       639  3.696664E+00
       640  1.563067E+00
       641  3.097764E+00
       642  5.743233E+00
       643  3.117303E+00
       644  5.759136E+00
       645  3.149009E+00
       646  5.797522E+00
       647  3.261547E+00
       648  5.826475E+00
       649  1.174773E+00
       650  2.093607E+00
       651  1.174773E+00
       652  2.093607E+00
       653  3.261547E+00
       654  5.826475E+00
       655  3.149009E+00
       656  5.797522E+00
       657  3.117303E+00
       658  5.759136E+00
       659  3.097764E+00
       660  5.743233E+00
       661  4.709666E+01
       662  2.610418E+01
       663  1.156643E+01
       664  3.375915E+00
       665  1.472326E+00
       666  4.709666E+01
       667  2.610418E+01
       668  1.156643E+01
       669  3.375915E+00
       670  1.472326E+00
       671  2.770704E+00
       672  5.137819E+00
       673  2.790173E+00
       674  5.153597E+00
       675  2.821796E+00
       676  5.191816E+00
       677  2.934059E+00
       678  5.220657E+00
       679  1.055884E+00
       680  1.873553E+00
       681  1.055884E+00
       682  1.873553E+00
       683  2.934059E+00
       684  5.220657E+00
       685  2.821796E+00
       686  5.191816E+00
       687  2.790173E+00
       688  5.153597E+00
       689  2.770704E+00
       690  5.137819E+00
       691  4.189208E+01
       692  2.324288E+01
       693  1.033968E+01
       694  3.074390E+00
       695  1.387128E+00
       696  4.189208E+01
       697  2.324288E+01
       698  1.033968E+01
       699  3.074390E+00
       700  1.387128E+00
       701  2.463349E+00
       702  4.568533E+00
       703  2.482740E+00
       704  4.584215E+00
       705  2.514269E+00
       706  4.622295E+00
       707  2.626247E+00
       708  4.651038E+00
       709  9.441356E-01
       710  1.666653E+00
       711  9.441356E-01
       712  1.666653E+00
       713  2.626247E+00
       714  4.651038E+00
       715  2.514269E+00
       716  4.622295E+00
       717  2.482740E+00
       718  4.584215E+00
       719  2.463349E+00
       720  4.568533E+00
       721  3.701243E+01
       722  2.056034E+01
       723  9.189629E+00
       724  2.791805E+00
       725  1.307363E+00
       726  3.701243E+01
       727  2.056034E+01
       728  9.189629E+00
       729  2.791805E+00
       730  1.307363E+00
       731  2.175449E+00
       732  4.034827E+00
       733  2.194745E+00
       734  4.050475E+00
       735  2.226165E+00
       736  4.088474E+00
       737  2.337844E+00
       738  4.117150E+00
       739  8.394327E-01
       740  1.472737E+00
       741  8.394327E-01
       742  1.472737E+00
       743  2.337844E+00
       744  4.117150E+00
       745  2.226165E+00
       746  4.088474E+00
       747  2.194745E+00
       748  4.050475E+00
       749  2.175449E+00
       750  4.034827E+00
       751  3.245396E+01
       752  1.805442E+01
       753  8.115322E+00
       754  2.527864E+00
       755  1.232920E+00
       756  3.245396E+01
       757  1.805442E+01
       758  8.115322E+00
       759  2.527864E+00
       760  1.232920E+00
       761  1.906764E+00
       762  3.536088E+00
       763  1.925931E+00
       764  3.551826E+00
       765  1.957219E+00
       766  3.589869E+00
       767  2.068589E+00
       768  3.618546E+00
       769  7.416868E-01
       770  1.291646E+00
       771  7.416868E-01
       772  1.291646E+00
       773  2.068589E+00
       774  3.618546E+00
       775  1.957219E+00
       776  3.589869E+00
       777  1.925931E+00
       778  3.551826E+00
       779  1.906764E+00
       780  3.536088E+00
       781  2.821311E+01
       782  1.572306E+01
       783  7.115777E+00
       784  2.282265E+00
       785  1.163706E+00
       786  2.821311E+01
       787  1.572306E+01
       788  7.115777E+00
       789  2.282265E+00
       790  1.163706E+00
       791  1.657050E+00
       792  3.071650E+00
       793  1.676035E+00
       794  3.087698E+00
       795  1.707167E+00
       796  3.126008E+00
       797  1.818237E+00
       798  3.154811E+00
       799  6.508190E-01
       800  1.123234E+00
       801  6.508190E-01
       802  1.123234E+00
       803  1.818237E+00
       804  3.154811E+00
       805  1.707167E+00
       806  3.126008E+00
       807  1.676035E+00
       808  3.087698E+00
       809  1.657050E+00
       810  3.071650E+00
       811  2.428646E+01
       812  1.356423E+01
       813  6.190008E+00
       814  2.054706E+00
       815  1.099665E+00
       816  2.428646E+01
       817  1.356423E+01
       818  6.190008E+00
       819  2.054706E+00
       820  1.099665E+00
       821  1.426034E+00
       822  2.640848E+00
       823  1.444767E+00
       824  2.657538E+00
       825  1.475733E+00
       826  2.696459E+00
       827  1.586553E+00
       828  2.725584E+00
       829  5.667644E-01
       830  9.673704E-01
       831  5.667644E-01
       832  9.673704E-01
       833  1.586553E+00
       834  2.725584E+00
       835  1.475733E+00
       836  2.696459E+00
       837  1.444767E+00
       838  2.657538E+00
       839  1.426034E+00
       840  2.640848E+00
       841  2.067066E+01
       842  1.157586E+01
       843  5.337027E+00
       844  1.844929E+00
       845  1.040821E+00
       846  2.067066E+01
       847  1.157586E+01
       848  5.337027E+00
       849  1.844929E+00
       850  1.040821E+00
       851  1.213382E+00
       852  2.243153E+00
       853  1.231792E+00
       854  2.260906E+00
       855  1.262620E+00
       856  2.300883E+00
       857  1.373326E+00
       858  2.330581E+00
       859  4.894745E-01
       860  8.239447E-01
       861  4.894745E-01
       862  8.239447E-01
       863  1.373326E+00
       864  2.330581E+00
       865  1.262620E+00
       866  2.300883E+00
       867  1.231792E+00
       868  2.260906E+00
       869  1.213382E+00
       870  2.243153E+00
       871  1.736222E+01
       872  9.755789E+00
       873  4.555873E+00
       874  1.652800E+00
       875  9.873565E-01
       876  1.736222E+01
       877  9.755789E+00
       878  4.555873E+00
       879  1.652800E+00
       880  9.873565E-01
       881  1.018651E+00
       882  1.878420E+00
       883  1.036708E+00
       884  1.897627E+00
       885  1.067506E+00
       886  1.939096E+00
       887  1.178378E+00
       888  1.969614E+00
       889  4.189163E-01
       890  6.928666E-01
       891  4.189163E-01
       892  6.928666E-01
       893  1.178378E+00
       894  1.969614E+00
       895  1.067506E+00
       896  1.939096E+00
       897  1.036708E+00
       898  1.897627E+00
       899  1.018651E+00
       900  1.878420E+00
       901  1.435706E+01
       902  8.101617E+00
       903  3.845676E+00
       904  1.478444E+00
       905  9.397187E-01
       906  1.435706E+01
       907  8.101617E+00
       908  3.845676E+00
       909  1.478444E+00
       910  9.397187E-01
       911  8.412425E-01
       912  1.547251E+00
       913  8.590344E-01
       914  1.567997E+00
       915  8.900593E-01
       916  1.611131E+00
       917  1.001595E+00
       918  1.642575E+00
       919  3.550622E-01
       920  5.740571E-01
       921  3.550622E-01
       922  5.740571E-01
       923  1.001595E+00
       924  1.642575E+00
       925  8.900593E-01
       926  1.611131E+00
       927  8.590344E-01
       928  1.567997E+00
       929  8.412425E-01
       930  1.547251E+00
       931  1.165002E+01
       932  6.610588E+00
       933  3.205778E+00
       934  1.322444E+00
       935  8.987671E-01
       936  1.165002E+01
       937  6.610588E+00
       938  3.205778E+00
       939  1.322444E+00
       940  8.987671E-01
       941  6.803781E-01
       942  1.251391E+00
       943  6.982550E-01
       944  1.272955E+00
       945  7.300041E-01
       946  1.317219E+00
       947  8.429953E-01
       948  1.349368E+00
       949  2.978667E-01
       950  4.674276E-01
       951  2.978667E-01
       952  4.674276E-01
       953  8.429953E-01
       954  1.349368E+00
       955  7.300041E-01
       956  1.317219E+00
       957  6.982550E-01
       958  1.272955E+00
       959  6.803781E-01
       960  1.251391E+00
       961  9.234303E+00
       962  5.279575E+00
       963  2.635969E+00
       964  1.186058E+00
       965  8.658755E-01
       966  9.234303E+00
       967  5.279575E+00
       968  2.635969E+00
       969  1.186058E+00
       970  8.658755E-01
       971  5.352135E-01
       972  9.939482E-01
       973  5.539913E-01
       974  1.014061E+00
       975  5.872939E-01
       976  1.057602E+00
       977  7.028299E-01
       978  1.089686E+00
       979  2.472226E-01
       980  3.728291E-01
       981  2.472226E-01
       982  3.728291E-01
       983  7.028299E-01
       984  1.089686E+00
       985  5.872939E-01
       986  1.057602E+00
       987  5.539913E-01
       988  1.014061E+00
       989  5.352135E-01
       990  9.939482E-01
       991  7.101077E+00
       992  4.105457E+00
       993  2.137021E+00
       994  1.071378E+00
       995  8.427092E-01
       996  7.101077E+00
       997  4.105457E+00
       998  2.137021E+00
       999  1.071378E+00
      1000  8.427092E-01
      1001  4.054486E-01
      1002  7.792586E-01
      1003  4.266094E-01
      1004  7.931448E-01
      1005  4.625525E-01
      1006  8.320285E-01
      1007  5.816561E-01
      1008  8.625319E-01
      1009  2.028847E-01
      1010  2.899228E-01
      1011  2.028847E-01
      1012  2.899228E-01
      1013  5.816561E-01
      1014  8.625319E-01
      1015  4.625525E-01
      1016  8.320285E-01
      1017  4.266094E-01
      1018  7.931448E-01
      1019  4.054486E-01
      1020  7.792586E-01
      1021  5.239296E+00
      1022  3.086389E+00
      1023  1.711814E+00
      1024  9.810712E-01
      1025  8.299946E-01
      1026  5.239296E+00
      1027  3.086389E+00
      1028  1.711814E+00
      1029  9.810712E-01
      1030  8.299946E-01
      1031  2.936308E-01
      1032  6.126083E-01
      1033  3.191448E-01
      1034  6.119165E-01
      1035  3.582102E-01
      1036  6.391464E-01
      1037  4.803183E-01
      1038  6.655359E-01
      1039  1.643359E-01
      1040  2.179660E-01
      1041  1.643359E-01
      1042  2.179660E-01
      1043  4.803183E-01
      1044  6.655359E-01
      1045  3.582102E-01
      1046  6.391464E-01
      1047  3.191448E-01
      1048  6.119165E-01
      1049  2.936308E-01
      1050  6.126083E-01
      1051  3.636253E+00
      1052  2.224434E+00
      1053  1.366689E+00
      1054  9.172114E-01
      1055  8.244453E-01
      1056  3.636253E+00
      1057  2.224434E+00
      1058  1.366689E+00
      1059  9.172114E-01
      1060  8.244453E-01
      1061  2.116436E-01
      1062  5.015415E-01
      1063  2.426896E-01
      1064  4.732609E-01
      1065  2.818027E-01
      1066  4.773295E-01
      1067  4.009736E-01
      1068  4.953000E-01
      1069  1.306772E-01
      1070  1.558856E-01
      1071  1.306772E-01
      1072  1.558856E-01
      1073  4.009736E-01
      1074  4.953000E-01
      1075  2.818027E-01
      1076  4.773295E-01
      1077  2.426896E-01
      1078  4.732609E-01
      1079  2.116436E-01
      1080  5.015415E-01
      1081  2.282404E+00
      1082  1.527139E+00
      1083  1.109297E+00
      1084  8.779372E-01
      1085  8.166994E-01
      1086  2.282404E+00
      1087  1.527139E+00
      1088  1.109297E+00
      1089  8.779372E-01
      1090  8.166994E-01
      1091  1.933496E-01
      1092  4.588601E-01
      1093  2.277688E-01
      1094  3.875105E-01
      1095  2.544850E-01
      1096  3.520449E-01
      1097  3.549295E-01
      1098  3.550407E-01
      1099  1.008079E-01
      1100  1.054132E-01
      1101  1.008079E-01
      1102  1.054132E-01
      1103  3.549295E-01
      1104  3.550407E-01
      1105  2.544850E-01
      1106  3.520449E-01
      1107  2.277688E-01
      1108  3.875105E-01
      1109  1.933496E-01
      1110  4.588601E-01
      1111  1.195135E+00
      1112  9.983557E-01
      1113  9.334223E-01
      1114  8.577515E-01
      1115  8.009542E-01
      1116  1.195135E+00
      1117  9.983557E-01
      1118  9.334223E-01
      1119  8.577515E-01
      1120  8.009542E-01
      1121  2.935329E-01
      1122  4.981709E-01
      1123  3.317859E-01
      1124  3.840262E-01
      1125  3.302235E-01
      1126  3.020149E-01
      1127  3.999969E-01
      1128  2.869328E-01
      1129  7.684112E-02
      1130  8.595435E-02
      1131  7.684112E-02
      1132  8.595435E-02
      1133  3.999969E-01
      1134  2.869328E-01
      1135  3.302235E-01
      1136  3.020149E-01
      1137  3.317859E-01
      1138  3.840262E-01
      1139  2.935329E-01
      1140  4.981709E-01
      1141  4.403643E-01
      1142  5.960844E-01
      1143  7.754745E-01
      1144  8.522298E-01
      1145  8.281106E-01
      1146  4.403643E-01
      1147  5.960844E-01
      1148  7.754745E-01
      1149  8.522298E-01
      1150  8.281106E-01
      1151  4.942572E-01
      1152  5.686814E-01
      1153  5.675206E-01
      1154  4.730519E-01
      1155  5.847002E-01
      1156  4.274919E-01
      1157  7.415150E-01
      1158  4.746538E-01
      1159  6.899908E-02
      1160  1.977208E-01
      1161  6.899908E-02
      1162  1.977208E-01
      1163  7.415150E-01
      1164  4.746538E-01
      1165  5.847002E-01
      1166  4.274919E-01
      1167  5.675206E-01
      1168  4.730519E-01
      1169  4.942572E-01
      1170  5.686814E-01
      1171  8.285609E-02
      1172  2.615640E-01
      1173  5.431360E-01
      1174  8.958435E-01
      1175  1.312719E+00
      1176  8.285609E-02
      1177  2.615640E-01
      1178  5.431360E-01
      1179  8.958435E-01
      1180  1.312719E+00
      1181  5.893169E-01
      1182  5.447949E-01
      1183  7.341244E-01
      1184  5.505721E-01
      1185  1.012428E+00
      1186  8.145080E-01
      1187  2.266618E+00
      1188  1.683262E+00
      1189  1.410642E-01
      1190  1.053341E+00
      1191  1.410642E-01
      1192  1.053341E+00
      1193  2.266618E+00
      1194  1.683262E+00
      1195  1.012428E+00
      1196  8.145080E-01
      1197  7.341244E-01
      1198  5.505721E-01
      1199  5.893169E-01
      1200  5.447949E-01
      1201  6.987228E-04
      1202  1.585888E-02
      1203  8.694315E-02
      1204  3.677217E-01
      1205  1.018454E+00
      1206  6.987228E-04
      1207  1.585888E-02
      1208  8.694315E-02
      1209  3.677217E-01
      1210  1.018454E+00
      1211  2.272280E-01
      1212  3.347171E-01
      1213  3.211744E-01
      1214  3.262227E-01
      1215  5.895556E-01
      1216  7.348079E-01
      1217  2.308244E+00
      1218  2.053166E+00
      1219  1.881857E-01
      1220  1.522343E+00
      1221  1.881857E-01
      1222  1.522343E+00
      1223  2.308244E+00
      1224  2.053166E+00
      1225  5.895556E-01
      1226  7.348079E-01
      1227  3.211744E-01
      1228  3.262227E-01
      1229  2.272280E-01
      1230  3.347171E-01

                                INCREMENT    11


 displacements (vx,vy,vz) for set TIP_TOP and time  0.1975000E+01

      1991 -2.349572E-01  5.927663E-03  7.256060E+00
      1992 -2.345821E-01  5.806878E-03  7.242287E+00
      1995 -2.339301E-01  5.598537E-03  7.228727E+00
      1998 -2.333699E-01  4.520932E-03  7.216311E+00
      2000 -2.331041E-01  1.775279E-03  7.208536E+00
      2002 -2.330427E-01  5.642575E-15  7.208140E+00
      2004 -2.331041E-01 -1.775279E-03  7.208536E+00
      2007 -2.333699E-01 -4.520932E-03  7.216311E+00
      2010 -2.339301E-01 -5.598537E-03  7.228727E+00
      2013 -2.345821E-01 -5.806878E-03  7.242287E+00
      2016 -2.349572E-01 -5.927663E-03  7.256060E+00

 forces (fx,fy,fz) for set CLAMP and time  0.1975000E+01

         1 -1.313744E+04 -1.267489E+04 -4.930610E+03
         4 -2.441713E+04 -1.373340E-09 -9.871822E+03
         5 -1.545959E+04 -1.789680E+04  9.950830E+02
         8 -2.783271E+04 -4.968931E-10  2.071949E+03
         9 -8.938931E+03 -9.514108E+03  6.585601E+02
        12 -1.569651E+04 -3.281461E-10  1.296915E+03
        13 -4.581014E+03 -4.813062E+03  5.892613E+02
        16 -7.967154E+03 -2.233872E-09  1.135329E+03
        17 -7.500093E+02 -7.457073E+02  6.970792E+02
        20 -1.279126E+03  4.682150E-10  1.369154E+03
        21  2.435240E+03  1.130849E+03  2.376867E+03
        24  2.824344E+03  6.137075E-10  9.006507E+02
        26 -1.313744E+04  1.267489E+04 -4.930610E+03
        28 -1.545959E+04  1.789680E+04  9.950830E+02
        30 -8.938931E+03  9.514108E+03  6.585601E+02
        32 -4.581014E+03  4.813062E+03  5.892613E+02
        34 -7.500093E+02  7.457073E+02  6.970792E+02
        36  2.435240E+03 -1.130849E+03  2.376867E+03
        37  2.337203E+03  1.191041E+03  2.587789E+03
        40  2.692038E+03  4.545861E+02  4.278503E+03
        41  5.722517E+03  2.824551E+03  8.608186E+02
        44  8.243694E+03  1.101377E+03  1.644754E+03
        45  3.965444E+03  1.642533E+03 -3.128271E+03
        48  6.693553E+03  6.481374E+02 -5.725358E+03
        50  2.074814E+03  4.238475E+02  3.826969E+03
        52  7.856587E+03  9.723193E+02  1.713248E+03
        54  6.957691E+03  5.487897E+02 -5.600398E+03
        56  1.894589E+03  3.171501E+02  3.780261E+03
        58  8.012316E+03  6.804218E+02  1.716950E+03
        60  7.334567E+03  3.708420E+02 -5.777922E+03
        62  5.667709E+03  2.748863E+02  1.048395E+03
        64  5.220666E+03  1.392634E+02 -4.097100E+03
        66  3.062469E+03  8.051185E-10  5.201293E+02
        68  2.822524E+03  6.704246E-10 -2.222403E+03
        70  5.667709E+03 -2.748863E+02  1.048395E+03
        72  5.220666E+03 -1.392634E+02 -4.097100E+03
        74  1.894589E+03 -3.171501E+02  3.780261E+03
        76  8.012316E+03 -6.804218E+02  1.716950E+03
        78  7.334567E+03 -3.708420E+02 -5.777922E+03
        80  2.074814E+03 -4.238475E+02  3.826969E+03
        82  7.856587E+03 -9.723193E+02  1.713248E+03
        84  6.957691E+03 -5.487897E+02 -5.600398E+03
        86  2.692038E+03 -4.545861E+02  4.278503E+03
        88  8.243694E+03 -1.101377E+03  1.644754E+03
        90  6.693553E+03 -6.481374E+02 -5.725358E+03
        92  2.337203E+03 -1.191041E+03  2.587789E+03
        94  5.722517E+03 -2.824551E+03  8.608186E+02
        96  3.965444E+03 -1.642533E+03 -3.128271E+03

 internal energy (element, energy) for set EALL and time  0.1975000E+01

         1  6.677476E+02
         2  1.403396E+02
         3  4.718748E+01
         4  9.484643E+00
         5  3.815403E+00
         6  6.677476E+02
         7  1.403396E+02
         8  4.718748E+01
         9  9.484643E+00
        10  3.815403E+00
        11  2.169132E+01
        12  3.737009E+01
        13  1.649173E+01
        14  3.204167E+01
        15  1.558963E+01
        16  3.216576E+01
        17  1.644323E+01
        18  3.358361E+01
        19  6.276275E+00
        20  1.258041E+01
        21  6.276275E+00
        22  1.258041E+01
        23  1.644323E+01
        24  3.358361E+01
        25  1.558963E+01
        26  3.216576E+01
        27  1.649173E+01
        28  3.204167E+01
        29  2.169132E+01
        30  3.737009E+01
        31  1.455548E+03
        32  2.033294E+02
        33  6.285566E+01
        34  1.411228E+01
        35  6.033893E+00
        36  1.455548E+03
        37  2.033294E+02
        38  6.285566E+01
        39  1.411228E+01
        40  6.033893E+00
        41  1.842542E+01
        42  3.616405E+01
        43  1.992267E+01
        44  3.798442E+01
        45  1.975609E+01
        46  3.740031E+01
        47  2.069477E+01
        48  3.790351E+01
        49  7.754221E+00
        50  1.390703E+01
        51  7.754221E+00
        52  1.390703E+01
        53  2.069477E+01
        54  3.790351E+01
        55  1.975609E+01
        56  3.740031E+01
        57  1.992267E+01
        58  3.798442E+01
        59  1.842542E+01
        60  3.616405E+01
        61  1.161486E+03
        62  1.581596E+02
        63  7.081771E+01
        64  1.714077E+01
        65  7.147467E+00
        66  1.161486E+03
        67  1.581596E+02
        68  7.081771E+01
        69  1.714077E+01
        70  7.147467E+00
        71  1.963924E+01
        72  3.814816E+01
        73  2.182816E+01
        74  4.075080E+01
        75  2.290073E+01
        76  4.183210E+01
        77  2.339985E+01
        78  4.224536E+01
        79  8.506994E+00
        80  1.536293E+01
        81  8.506994E+00
        82  1.536293E+01
        83  2.339985E+01
        84  4.224536E+01
        85  2.290073E+01
        86  4.183210E+01
        87  2.182816E+01
        88  4.075080E+01
        89  1.963924E+01
        90  3.814816E+01
        91  1.018200E+03
        92  2.064711E+02
        93  8.510092E+01
        94  2.047910E+01
        95  8.646578E+00
        96  1.018200E+03
        97  2.064711E+02
        98  8.510092E+01
        99  2.047910E+01
       100  8.646578E+00
       101  2.490647E+01
       102  4.373386E+01
       103  2.620001E+01
       104  4.544717E+01
       105  2.722072E+01
       106  4.680291E+01
       107  2.754004E+01
       108  4.729873E+01
       109  9.897760E+00
       110  1.713703E+01
       111  9.897760E+00
       112  1.713703E+01
       113  2.754004E+01
       114  4.729873E+01
       115  2.722072E+01
       116  4.680291E+01
       117  2.620001E+01
       118  4.544717E+01
       119  2.490647E+01
       120  4.373386E+01
       121  7.700065E+02
       122  2.110786E+02
       123  8.714961E+01
       124  2.079997E+01
       125  7.928127E+00
       126  7.700065E+02
       127  2.110786E+02
       128  8.714961E+01
       129  2.079997E+01
       130  7.928127E+00
       131  2.441601E+01
       132  4.410835E+01
       133  2.489076E+01
       134  4.483927E+01
       135  2.540045E+01
       136  4.564045E+01
       137  2.582865E+01
       138  4.616547E+01
       139  9.396813E+00
       140  1.680557E+01
       141  9.396813E+00
       142  1.680557E+01
       143  2.582865E+01
       144  4.616547E+01
       145  2.540045E+01
       146  4.564045E+01
       147  2.489076E+01
       148  4.483927E+01
       149  2.441601E+01
       150  4.410835E+01
       151  6.422026E+02
       152  2.069178E+02
       153  8.768840E+01
       154  2.147757E+01
       155  7.623115E+00
       156  6.422026E+02
       157  2.069178E+02
       158  8.768840E+01
       159  2.147757E+01
       160  7.623115E+00
       161  2.354370E+01
       162  4.335482E+01
       163  2.371572E+01
       164  4.357966E+01
       165  2.400907E+01
       166  4.395493E+01
       167  2.444418E+01
       168  4.431406E+01
       169  8.927109E+00
       170  1.612927E+01
       171  8.927109E+00
       172  1.612927E+01
       173  2.444418E+01
       174  4.431406E+01
       175  2.400907E+01
       176  4.395493E+01
       177  2.371572E+01
       178  4.357966E+01
       179  2.354370E+01
       180  4.335482E+01
       181  5.182531E+02
       182  2.024807E+02
       183  8.634961E+01
       184  2.156078E+01
       185  7.393093E+00
       186  5.182531E+02
       187  2.024807E+02
       188  8.634961E+01
       189  2.156078E+01
       190  7.393093E+00
       191  2.243275E+01
       192  4.172810E+01
       193  2.254685E+01
       194  4.179827E+01
       195  2.276543E+01
       196  4.199843E+01
       197  2.316265E+01
       198  4.225792E+01
       199  8.450811E+00
       200  1.536624E+01
       201  8.450811E+00
       202  1.536624E+01
       203  2.316265E+01
       204  4.225792E+01
       205  2.276543E+01
       206  4.199843E+01
       207  2.254685E+01
       208  4.179827E+01
       209  2.243275E+01
       210  4.172810E+01
       211  3.959424E+02
       212  1.971364E+02
       213  8.383867E+01
       214  2.118394E+01
       215  7.194407E+00
       216  3.959424E+02
       217  1.971364E+02
       218  8.383867E+01
       219  2.118394E+01
       220  7.194407E+00
       221  2.124390E+01
       222  3.965048E+01
       223  2.135037E+01
       224  3.970550E+01
       225  2.153907E+01
       226  3.987678E+01
       227  2.192542E+01
       228  4.011680E+01
       229  7.993516E+00
       230  1.458005E+01
       231  7.993516E+00
       232  1.458005E+01
       233  2.192542E+01
       234  4.011680E+01
       235  2.153907E+01
       236  3.987678E+01
       237  2.135037E+01
       238  3.970550E+01
       239  2.124390E+01
       240  3.965048E+01
       241  3.448283E+02
       242  1.881510E+02
       243  8.049377E+01
       244  2.061593E+01
       245  7.012796E+00
       246  3.448283E+02
       247  1.881510E+02
       248  8.049377E+01
       249  2.061593E+01
       250  7.012796E+00
       251  2.002863E+01
       252  3.737896E+01
       253  2.012680E+01
       254  3.744253E+01
       255  2.029202E+01
       256  3.760851E+01
       257  2.066379E+01
       258  3.782492E+01
       259  7.524910E+00
       260  1.373528E+01
       261  7.524910E+00
       262  1.373528E+01
       263  2.066379E+01
       264  3.782492E+01
       265  2.029202E+01
       266  3.760851E+01
       267  2.012680E+01
       268  3.744253E+01
       269  2.002863E+01
       270  3.737896E+01
       271  3.205290E+02
       272  1.765618E+02
       273  7.625509E+01
       274  1.979990E+01
       275  6.773407E+00
       276  3.205290E+02
       277  1.765618E+02
       278  7.625509E+01
       279  1.979990E+01
       280  6.773407E+00
       281  1.881053E+01
       282  3.504821E+01
       283  1.889417E+01
       284  3.510640E+01
       285  1.903118E+01
       286  3.524779E+01
       287  1.936783E+01
       288  3.540831E+01
       289  7.038772E+00
       290  1.283871E+01
       291  7.038772E+00
       292  1.283871E+01
       293  1.936783E+01
       294  3.540831E+01
       295  1.903118E+01
       296  3.524779E+01
       297  1.889417E+01
       298  3.510640E+01
       299  1.881053E+01
       300  3.504821E+01
       301  2.987072E+02
       302  1.647408E+02
       303  7.144825E+01
       304  1.873032E+01
       305  6.463837E+00
       306  2.987072E+02
       307  1.647408E+02
       308  7.144825E+01
       309  1.873032E+01
       310  6.463837E+00
       311  1.760192E+01
       312  3.272793E+01
       313  1.766973E+01
       314  3.277246E+01
       315  1.777941E+01
       316  3.288395E+01
       317  1.807795E+01
       318  3.299153E+01
       319  6.556247E+00
       320  1.194567E+01
       321  6.556247E+00
       322  1.194567E+01
       323  1.807795E+01
       324  3.299153E+01
       325  1.777941E+01
       326  3.288395E+01
       327  1.766973E+01
       328  3.277246E+01
       329  1.760192E+01
       330  3.272793E+01
       331  2.780908E+02
       332  1.533842E+02
       333  6.660828E+01
       334  1.756417E+01
       335  6.126709E+00
       336  2.780908E+02
       337  1.533842E+02
       338  6.660828E+01
       339  1.756417E+01
       340  6.126709E+00
       341  1.641280E+01
       342  3.045990E+01
       343  1.646855E+01
       344  3.049522E+01
       345  1.655855E+01
       346  3.058863E+01
       347  1.683166E+01
       348  3.066815E+01
       349  6.095454E+00
       350  1.109430E+01
       351  6.095454E+00
       352  1.109430E+01
       353  1.683166E+01
       354  3.066815E+01
       355  1.655855E+01
       356  3.058863E+01
       357  1.646855E+01
       358  3.049522E+01
       359  1.641280E+01
       360  3.045990E+01
       361  2.582978E+02
       362  1.424891E+02
       363  6.193311E+01
       364  1.641348E+01
       365  5.794572E+00
       366  2.582978E+02
       367  1.424891E+02
       368  6.193311E+01
       369  1.641348E+01
       370  5.794572E+00
       371  1.525292E+01
       372  2.827014E+01
       373  1.530187E+01
       374  2.830362E+01
       375  1.538092E+01
       376  2.839117E+01
       377  1.564135E+01
       378  2.846120E+01
       379  5.659730E+00
       380  1.029011E+01
       381  5.659730E+00
       382  1.029011E+01
       383  1.564135E+01
       384  2.846120E+01
       385  1.538092E+01
       386  2.839117E+01
       387  1.530187E+01
       388  2.830362E+01
       389  1.525292E+01
       390  2.827014E+01
       391  2.392944E+02
       392  1.320366E+02
       393  5.744735E+01
       394  1.530709E+01
       395  5.476658E+00
       396  2.392944E+02
       397  1.320366E+02
       398  5.744735E+01
       399  1.530709E+01
       400  5.476658E+00
       401  1.413062E+01
       402  2.617141E+01
       403  1.417663E+01
       404  2.620660E+01
       405  1.425066E+01
       406  2.629378E+01
       407  1.450551E+01
       408  2.636151E+01
       409  5.246067E+00
       410  9.526618E+00
       411  5.246067E+00
       412  9.526618E+00
       413  1.450551E+01
       414  2.636151E+01
       415  1.425066E+01
       416  2.629378E+01
       417  1.417663E+01
       418  2.620660E+01
       419  1.413062E+01
       420  2.617141E+01
       421  2.210815E+02
       422  1.220223E+02
       423  5.315108E+01
       424  1.424761E+01
       425  5.173236E+00
       426  2.210815E+02
       427  1.220223E+02
       428  5.315108E+01
       429  1.424761E+01
       430  5.173236E+00
       431  1.305135E+01
       432  2.416657E+01
       433  1.309628E+01
       434  2.420346E+01
       435  1.316828E+01
       436  2.429114E+01
       437  1.342056E+01
       438  2.435812E+01
       439  4.851750E+00
       440  8.798546E+00
       441  4.851750E+00
       442  8.798546E+00
       443  1.342056E+01
       444  2.435812E+01
       445  1.316828E+01
       446  2.429114E+01
       447  1.309628E+01
       448  2.420346E+01
       449  1.305135E+01
       450  2.416657E+01
       451  2.036596E+02
       452  1.124430E+02
       453  4.904175E+01
       454  1.323438E+01
       455  4.883607E+00
       456  2.036596E+02
       457  1.124430E+02
       458  4.904175E+01
       459  1.323438E+01
       460  4.883607E+00
       461  1.201775E+01
       462  2.225363E+01
       463  1.206223E+01
       464  2.229116E+01
       465  1.213340E+01
       466  2.237879E+01
       467  1.238429E+01
       468  2.244512E+01
       469  4.475422E+00
       470  8.103428E+00
       471  4.475422E+00
       472  8.103428E+00
       473  1.238429E+01
       474  2.244512E+01
       475  1.213340E+01
       476  2.237879E+01
       477  1.206223E+01
       478  2.229116E+01
       479  1.201775E+01
       480  2.225363E+01
       481  1.870224E+02
       482  1.032946E+02
       483  4.511720E+01
       484  1.226682E+01
       485  4.607433E+00
       486  1.870224E+02
       487  1.032946E+02
       488  4.511720E+01
       489  1.226682E+01
       490  4.607433E+00
       491  1.103066E+01
       492  2.042957E+01
       493  1.107484E+01
       494  2.046694E+01
       495  1.114560E+01
       496  2.055405E+01
       497  1.139555E+01
       498  2.061970E+01
       499  4.116465E+00
       500  7.440195E+00
       501  4.116465E+00
       502  7.440195E+00
       503  1.139555E+01
       504  2.061970E+01
       505  1.114560E+01
       506  2.055405E+01
       507  1.107484E+01
       508  2.046694E+01
       509  1.103066E+01
       510  2.042957E+01
       511  1.711613E+02
       512  9.457256E+01
       513  4.137555E+01
       514  1.134458E+01
       515  4.344581E+00
       516  1.711613E+02
       517  9.457256E+01
       518  4.137555E+01
       519  1.134458E+01
       520  4.344581E+00
       521  1.009001E+01
       522  1.869189E+01
       523  1.013394E+01
       524  1.872878E+01
       525  1.020441E+01
       526  1.881521E+01
       527  1.045362E+01
       528  1.888025E+01
       529  3.774537E+00
       530  6.808249E+00
       531  3.774537E+00
       532  6.808249E+00
       533  1.045362E+01
       534  1.888025E+01
       535  1.020441E+01
       536  1.881521E+01
       537  1.013394E+01
       538  1.872878E+01
       539  1.009001E+01
       540  1.869189E+01
       541  1.560668E+02
       542  8.627209E+01
       543  3.781489E+01
       544  1.046727E+01
       545  4.094934E+00
       546  1.560668E+02
       547  8.627209E+01
       548  3.781489E+01
       549  1.046727E+01
       550  4.094934E+00
       551  9.195402E+00
       552  1.703883E+01
       553  9.239092E+00
       554  1.707519E+01
       555  9.309333E+00
       556  1.716097E+01
       557  9.557873E+00
       558  1.722552E+01
       559  3.449382E+00
       560  6.207122E+00
       561  3.449382E+00
       562  6.207122E+00
       563  9.557873E+00
       564  1.722552E+01
       565  9.309333E+00
       566  1.716097E+01
       567  9.239092E+00
       568  1.707519E+01
       569  9.195402E+00
       570  1.703883E+01
       571  1.417292E+02
       572  7.838807E+01
       573  3.443313E+01
       574  9.634416E+00
       575  3.858329E+00
       576  1.417292E+02
       577  7.838807E+01
       578  3.443313E+01
       579  9.634416E+00
       580  3.858329E+00
       581  8.346283E+00
       582  1.546910E+01
       583  8.389751E+00
       584  1.550499E+01
       585  8.459781E+00
       586  1.559021E+01
       587  8.707688E+00
       588  1.565437E+01
       589  3.140763E+00
       590  5.636388E+00
       591  3.140763E+00
       592  5.636388E+00
       593  8.707688E+00
       594  1.565437E+01
       595  8.459781E+00
       596  1.559021E+01
       597  8.389751E+00
       598  1.550499E+01
       599  8.346283E+00
       600  1.546910E+01
       601  1.281392E+02
       602  7.091541E+01
       603  3.122811E+01
       604  8.845471E+00
       605  3.634567E+00
       606  1.281392E+02
       607  7.091541E+01
       608  3.122811E+01
       609  8.845471E+00
       610  3.634567E+00
       611  7.542064E+00
       612  1.398164E+01
       613  7.585326E+00
       614  1.401712E+01
       615  7.655153E+00
       616  1.410187E+01
       617  7.902440E+00
       618  1.416572E+01
       619  2.848451E+00
       620  5.095636E+00
       621  2.848451E+00
       622  5.095636E+00
       623  7.902440E+00
       624  1.416572E+01
       625  7.655153E+00
       626  1.410187E+01
       627  7.585326E+00
       628  1.401712E+01
       629  7.542064E+00
       630  1.398164E+01
       631  1.152876E+02
       632  6.384906E+01
       633  2.819767E+01
       634  8.099859E+00
       635  3.423423E+00
       636  1.152876E+02
       637  6.384906E+01
       638  2.819767E+01
       639  8.099859E+00
       640  3.423423E+00
       641  6.782148E+00
       642  1.257546E+01
       643  6.825214E+00
       644  1.261059E+01
       645  6.894839E+00
       646  1.269491E+01
       647  7.141508E+00
       648  1.275848E+01
       649  2.572220E+00
       650  4.584468E+00
       651  2.572220E+00
       652  4.584468E+00
       653  7.141508E+00
       654  1.275848E+01
       655  6.894839E+00
       656  1.269491E+01
       657  6.825214E+00
       658  1.261059E+01
       659  6.782148E+00
       660  1.257546E+01
       661  1.031653E+02
       662  5.718403E+01
       663  2.533962E+01
       664  7.396986E+00
       665  3.224664E+00
       666  1.031653E+02
       667  5.718403E+01
       668  2.533962E+01
       669  7.396986E+00
       670  3.224664E+00
       671  6.065950E+00
       672  1.124954E+01
       673  6.108824E+00
       674  1.128435E+01
       675  6.178239E+00
       676  1.136828E+01
       677  6.424279E+00
       678  1.143159E+01
       679  2.311847E+00
       680  4.102496E+00
       681  2.311847E+00
       682  4.102496E+00
       683  6.424279E+00
       684  1.143159E+01
       685  6.178239E+00
       686  1.136828E+01
       687  6.108824E+00
       688  1.128435E+01
       689  6.065950E+00
       690  1.124954E+01
       691  9.176350E+01
       692  5.091546E+01
       693  2.265182E+01
       694  6.736246E+00
       695  3.038049E+00
       696  9.176350E+01
       697  5.091546E+01
       698  2.265182E+01
       699  6.736246E+00
       700  3.038049E+00
       701  5.392905E+00
       702  1.000278E+01
       703  5.435574E+00
       704  1.003734E+01
       705  5.504761E+00
       706  1.012093E+01
       707  5.750153E+00
       708  1.018401E+01
       709  2.067117E+00
       710  3.649340E+00
       711  2.067117E+00
       712  3.649340E+00
       713  5.750153E+00
       714  1.018401E+01
       715  5.504761E+00
       716  1.012093E+01
       717  5.435574E+00
       718  1.003734E+01
       719  5.392905E+00
       720  1.000278E+01
       721  8.107370E+01
       722  4.503858E+01
       723  2.013212E+01
       724  6.117017E+00
       725  2.863333E+00
       726  8.107370E+01
       727  4.503858E+01
       728  2.013212E+01
       729  6.117017E+00
       730  2.863333E+00
       731  4.762471E+00
       732  8.833966E+00
       733  4.804902E+00
       734  8.868418E+00
       735  4.873827E+00
       736  8.951801E+00
       737  5.118545E+00
       738  9.014717E+00
       739  1.837821E+00
       740  3.224633E+00
       741  1.837821E+00
       742  3.224633E+00
       743  5.118545E+00
       744  9.014717E+00
       745  4.873827E+00
       746  8.951801E+00
       747  4.804902E+00
       748  8.868418E+00
       749  4.762471E+00
       750  8.833966E+00
       751  7.108767E+01
       752  3.954873E+01
       753  1.777841E+01
       754  5.538652E+00
       755  2.700279E+00
       756  7.108767E+01
       757  3.954873E+01
       758  1.777841E+01
       759  5.538652E+00
       760  2.700279E+00
       761  4.174123E+00
       762  7.741753E+00
       763  4.216245E+00
       764  7.776370E+00
       765  4.284863E+00
       766  7.859823E+00
       767  4.528887E+00
       768  7.922726E+00
       769  1.623766E+00
       770  2.828025E+00
       771  1.623766E+00
       772  2.828025E+00
       773  4.528887E+00
       774  7.922726E+00
       775  4.284863E+00
       776  7.859823E+00
       777  4.216245E+00
       778  7.776370E+00
       779  4.174123E+00
       780  7.741753E+00
       781  6.179755E+01
       782  3.444138E+01
       783  1.558852E+01
       784  5.000482E+00
       785  2.548681E+00
       786  6.179755E+01
       787  3.444138E+01
       788  1.558852E+01
       789  5.000482E+00
       790  2.548681E+00
       791  3.627324E+00
       792  6.724679E+00
       793  3.669024E+00
       794  6.759946E+00
       795  3.737287E+00
       796  6.843959E+00
       797  3.980638E+00
       798  6.907127E+00
       799  1.424778E+00
       800  2.459193E+00
       801  1.424778E+00
       802  2.459193E+00
       803  3.980638E+00
       804  6.907127E+00
       805  3.737287E+00
       806  6.843959E+00
       807  3.669024E+00
       808  6.759946E+00
       809  3.627324E+00
       810  6.724679E+00
       811  5.319587E+01
       812  2.971205E+01
       813  1.356030E+01
       814  4.501849E+00
       815  2.408414E+00
       816  5.319587E+01
       817  2.971205E+01
       818  1.356030E+01
       819  4.501849E+00
       820  2.408414E+00
       821  3.121479E+00
       822  5.781285E+00
       823  3.162607E+00
       824  5.817933E+00
       825  3.230493E+00
       826  5.903266E+00
       827  3.473285E+00
       828  5.967128E+00
       829  1.240716E+00
       830  2.117852E+00
       831  1.240716E+00
       832  2.117852E+00
       833  3.473285E+00
       834  5.967128E+00
       835  3.230493E+00
       836  5.903266E+00
       837  3.162607E+00
       838  5.817933E+00
       839  3.121479E+00
       840  5.781285E+00
       841  4.527528E+01
       842  2.535623E+01
       843  1.169158E+01
       844  4.042186E+00
       845  2.279536E+00
       846  4.527528E+01
       847  2.535623E+01
       848  1.169158E+01
       849  4.042186E+00
       850  2.279536E+00
       851  2.655855E+00
       852  4.910412E+00
       853  2.696261E+00
       854  4.949367E+00
       855  2.763833E+00
       856  5.036998E+00
       857  3.006367E+00
       858  5.102107E+00
       859  1.071472E+00
       860  1.803762E+00
       861  1.071472E+00
       862  1.803762E+00
       863  3.006367E+00
       864  5.102107E+00
       865  2.763833E+00
       866  5.036998E+00
       867  2.696261E+00
       868  4.949367E+00
       869  2.655855E+00
       870  4.910412E+00
       871  3.802808E+01
       872  2.136915E+01
       873  9.980238E+00
       874  3.621196E+00
       875  2.162442E+00
       876  3.802808E+01
       877  2.136915E+01
       878  9.980238E+00
       879  3.621196E+00
       880  2.162442E+00
       881  2.229484E+00
       882  4.111741E+00
       883  2.269101E+00
       884  4.153865E+00
       885  2.336600E+00
       886  4.244754E+00
       887  2.579493E+00
       888  4.311648E+00
       889  9.169747E-01
       890  1.516722E+00
       891  9.169747E-01
       892  1.516722E+00
       893  2.579493E+00
       894  4.311648E+00
       895  2.336600E+00
       896  4.244754E+00
       897  2.269101E+00
       898  4.153865E+00
       899  2.229484E+00
       900  4.111741E+00
       901  3.144533E+01
       902  1.774556E+01
       903  8.424374E+00
       904  3.239154E+00
       905  2.058113E+00
       906  3.144533E+01
       907  1.774556E+01
       908  8.424374E+00
       909  3.239154E+00
       910  2.058113E+00
       911  1.841052E+00
       912  3.386595E+00
       913  1.880078E+00
       914  3.432077E+00
       915  1.948069E+00
       916  3.526599E+00
       917  2.192412E+00
       918  3.595518E+00
       919  7.771630E-01
       920  1.256560E+00
       921  7.771630E-01
       922  1.256560E+00
       923  2.192412E+00
       924  3.595518E+00
       925  1.948069E+00
       926  3.526599E+00
       927  1.880078E+00
       928  3.432077E+00
       929  1.841052E+00
       930  3.386595E+00
       931  2.551572E+01
       932  1.447940E+01
       933  7.022540E+00
       934  2.897332E+00
       935  1.968432E+00
       936  2.551572E+01
       937  1.447940E+01
       938  7.022540E+00
       939  2.897332E+00
       940  1.968432E+00
       941  1.488857E+00
       942  2.738793E+00
       943  1.528061E+00
       944  2.786055E+00
       945  1.597634E+00
       946  2.883045E+00
       947  1.845163E+00
       948  2.953502E+00
       949  6.519368E-01
       950  1.023080E+00
       951  6.519368E-01
       952  1.023080E+00
       953  1.845163E+00
       954  2.953502E+00
       955  1.597634E+00
       956  2.883045E+00
       957  1.528061E+00
       958  2.786055E+00
       959  1.488857E+00
       960  2.738793E+00
       961  2.022431E+01
       962  1.156382E+01
       963  5.774271E+00
       964  2.598492E+00
       965  1.896409E+00
       966  2.022431E+01
       967  1.156382E+01
       968  5.774271E+00
       969  2.598492E+00
       970  1.896409E+00
       971  1.171055E+00
       972  2.175144E+00
       973  1.212224E+00
       974  2.219214E+00
       975  1.285194E+00
       976  2.314612E+00
       977  1.538295E+00
       978  2.384923E+00
       979  5.410609E-01
       980  8.159545E-01
       981  5.410609E-01
       982  8.159545E-01
       983  1.538295E+00
       984  2.384923E+00
       985  1.285194E+00
       986  2.314612E+00
       987  1.212224E+00
       988  2.219214E+00
       989  1.171055E+00
       990  2.175144E+00
       991  1.555178E+01
       992  8.991961E+00
       993  4.681250E+00
       994  2.347207E+00
       995  1.845690E+00
       996  1.555178E+01
       997  8.991961E+00
       998  4.681250E+00
       999  2.347207E+00
      1000  1.845690E+00
      1001  8.869948E-01
      1002  1.705134E+00
      1003  9.333727E-01
      1004  1.735559E+00
      1005  1.012118E+00
      1006  1.820747E+00
      1007  1.273027E+00
      1008  1.887592E+00
      1009  4.439979E-01
      1010  6.344396E-01
      1011  4.439979E-01
      1012  6.344396E-01
      1013  1.273027E+00
      1014  1.887592E+00
      1015  1.012118E+00
      1016  1.820747E+00
      1017  9.333727E-01
      1018  1.735559E+00
      1019  8.869948E-01
      1020  1.705134E+00
      1021  1.147390E+01
      1022  6.759780E+00
      1023  3.749783E+00
      1024  2.149319E+00
      1025  1.817863E+00
      1026  1.147390E+01
      1027  6.759780E+00
      1028  3.749783E+00
      1029  2.149319E+00
      1030  1.817863E+00
      1031  6.422669E-01
      1032  1.340324E+00
      1033  6.981654E-01
      1034  1.338821E+00
      1035  7.837327E-01
      1036  1.398483E+00
      1037  1.051206E+00
      1038  1.456316E+00
      1039  3.596153E-01
      1040  4.769067E-01
      1041  3.596153E-01
      1042  4.769067E-01
      1043  1.051206E+00
      1044  1.456316E+00
      1045  7.837327E-01
      1046  1.398483E+00
      1047  6.981654E-01
      1048  1.338821E+00
      1049  6.422669E-01
      1050  1.340324E+00
      1051  7.962847E+00
      1052  4.871789E+00
      1053  2.993742E+00
      1054  2.009361E+00
      1055  1.805728E+00
      1056  7.962847E+00
      1057  4.871789E+00
      1058  2.993742E+00
      1059  2.009361E+00
      1060  1.805728E+00
      1061  4.629098E-01
      1062  1.097211E+00
      1063  5.309061E-01
      1064  1.035306E+00
      1065  6.165486E-01
      1066  1.044252E+00
      1067  8.775571E-01
      1068  1.083648E+00
      1069  2.859439E-01
      1070  3.410042E-01
      1071  2.859439E-01
      1072  3.410042E-01
      1073  8.775571E-01
      1074  1.083648E+00
      1075  6.165486E-01
      1076  1.044252E+00
      1077  5.309061E-01
      1078  1.035306E+00
      1079  4.629098E-01
      1080  1.097211E+00
      1081  4.997735E+00
      1082  3.344496E+00
      1083  2.429858E+00
      1084  1.923244E+00
      1085  1.788786E+00
      1086  4.997735E+00
      1087  3.344496E+00
      1088  2.429858E+00
      1089  1.923244E+00
      1090  1.788786E+00
      1091  4.230822E-01
      1092  1.003793E+00
      1093  4.984467E-01
      1094  8.476196E-01
      1095  5.569022E-01
      1096  7.700222E-01
      1097  7.768592E-01
      1098  7.766389E-01
      1099  2.205744E-01
      1100  2.305288E-01
      1101  2.205744E-01
      1102  2.305288E-01
      1103  7.768592E-01
      1104  7.766389E-01
      1105  5.569022E-01
      1106  7.700222E-01
      1107  4.984467E-01
      1108  8.476196E-01
      1109  4.230822E-01
      1110  1.003793E+00
      1111  2.616678E+00
      1112  2.186303E+00
      1113  2.044477E+00
      1114  1.878921E+00
      1115  1.754338E+00
      1116  2.616678E+00
      1117  2.186303E+00
      1118  2.044477E+00
      1119  1.878921E+00
      1120  1.754338E+00
      1121  6.426934E-01
      1122  1.089815E+00
      1123  7.264460E-01
      1124  8.400095E-01
      1125  7.229576E-01
      1126  6.605727E-01
      1127  8.757562E-01
      1128  6.276695E-01
      1129  1.681378E-01
      1130  1.879990E-01
      1131  1.681378E-01
      1132  1.879990E-01
      1133  8.757562E-01
      1134  6.276695E-01
      1135  7.229576E-01
      1136  6.605727E-01
      1137  7.264460E-01
      1138  8.400095E-01
      1139  6.426934E-01
      1140  1.089815E+00
      1141  9.640113E-01
      1142  1.305199E+00
      1143  1.698268E+00
      1144  1.866678E+00
      1145  1.813940E+00
      1146  9.640113E-01
      1147  1.305199E+00
      1148  1.698268E+00
      1149  1.866678E+00
      1150  1.813940E+00
      1151  1.082366E+00
      1152  1.244053E+00
      1153  1.242762E+00
      1154  1.034836E+00
      1155  1.280339E+00
      1156  9.353524E-01
      1157  1.623908E+00
      1158  1.038962E+00
      1159  1.510164E-01
      1160  4.328871E-01
      1161  1.510164E-01
      1162  4.328871E-01
      1163  1.623908E+00
      1164  1.038962E+00
      1165  1.280339E+00
      1166  9.353524E-01
      1167  1.242762E+00
      1168  1.034836E+00
      1169  1.082366E+00
      1170  1.244053E+00
      1171  1.813426E-01
      1172  5.725769E-01
      1173  1.189120E+00
      1174  1.961732E+00
      1175  2.875309E+00
      1176  1.813426E-01
      1177  5.725769E-01
      1178  1.189120E+00
      1179  1.961732E+00
      1180  2.875309E+00
      1181  1.290453E+00
      1182  1.191833E+00
      1183  1.607442E+00
      1184  1.204590E+00
      1185  2.216790E+00
      1186  1.782922E+00
      1187  4.963659E+00
      1188  3.685689E+00
      1189  3.088556E-01
      1190  2.306753E+00
      1191  3.088556E-01
      1192  2.306753E+00
      1193  4.963659E+00
      1194  3.685689E+00
      1195  2.216790E+00
      1196  1.782922E+00
      1197  1.607442E+00
      1198  1.204590E+00
      1199  1.290453E+00
      1200  1.191833E+00
      1201  1.528927E-03
      1202  3.470258E-02
      1203  1.902724E-01
      1204  8.048471E-01
      1205  2.229457E+00
      1206  1.528927E-03
      1207  3.470258E-02
      1208  1.902724E-01
      1209  8.048471E-01
      1210  2.229457E+00
      1211  4.973182E-01
      1212  7.320458E-01
      1213  7.031005E-01
      1214  7.138916E-01
      1215  1.290845E+00
      1216  1.608724E+00
      1217  5.054376E+00
      1218  4.495712E+00
      1219  4.120078E-01
      1220  3.333262E+00
      1221  4.120078E-01
      1222  3.333262E+00
      1223  5.054376E+00
      1224  4.495712E+00
      1225  1.290845E+00
      1226  1.608724E+00
      1227  7.031005E-01
      1228  7.138916E-01
      1229  4.973182E-01
      1230  7.320458E-01

                                INCREMENT    12


 displacements (vx,vy,vz) for set TIP_TOP and time  0.2000000E+01

      1991 -2.557310E-01  6.409205E-03  7.867044E+00
      1992 -2.553189E-01  6.278241E-03  7.852155E+00
      1995 -2.546074E-01  6.052672E-03  7.837497E+00
      1998 -2.539956E-01  4.887443E-03  7.824074E+00
      2000 -2.537042E-01  1.919150E-03  7.815669E+00
      2002 -2.536375E-01 -2.314816E-14  7.815241E+00
      2004 -2.537042E-01 -1.919150E-03  7.815669E+00
      2007 -2.539956E-01 -4.887443E-03  7.824074E+00
      2010 -2.546074E-01 -6.052672E-03  7.837497E+00
      2013 -2.553189E-01 -6.278241E-03  7.852155E+00
      2016 -2.557310E-01 -6.409205E-03  7.867044E+00

 forces (fx,fy,fz) for set CLAMP and time  0.2000000E+01

         1 -1.408587E+04 -1.356781E+04 -5.311004E+03
         4 -2.613084E+04 -1.415251E-09 -1.063116E+04
         5 -1.671850E+04 -1.925893E+04  9.926464E+02
         8 -3.004969E+04 -4.901626E-10  2.063533E+03
         9 -9.784297E+03 -1.041051E+04  6.964922E+02
        12 -1.717253E+04 -1.154997E-09  1.369379E+03
        13 -5.057008E+03 -5.310294E+03  6.610339E+02
        16 -8.795195E+03 -2.041363E-10  1.275059E+03
        17 -8.639415E+02 -8.577523E+02  7.773228E+02
        20 -1.474062E+03 -3.971826E-11  1.526806E+03
        21  2.630066E+03  1.214655E+03  2.592367E+03
        24  3.038399E+03 -6.606726E-11  1.001427E+03
        26 -1.408587E+04  1.356781E+04 -5.311004E+03
        28 -1.671850E+04  1.925893E+04  9.926464E+02
        30 -9.784297E+03  1.041051E+04  6.964922E+02
        32 -5.057008E+03  5.310294E+03  6.610339E+02
        34 -8.639415E+02  8.577523E+02  7.773228E+02
        36  2.630066E+03 -1.214655E+03  2.592367E+03
        37  2.525880E+03  1.290154E+03  2.803028E+03
        40  2.902705E+03  4.942358E+02  4.633636E+03
        41  6.206223E+03  3.063524E+03  9.407736E+02
        44  8.939814E+03  1.195911E+03  1.797293E+03
        45  4.309444E+03  1.783156E+03 -3.395477E+03
        48  7.275461E+03  7.031336E+02 -6.214730E+03
        50  2.239558E+03  4.620015E+02  4.147135E+03
        52  8.521412E+03  1.056334E+03  1.870980E+03
        54  7.557297E+03  5.947247E+02 -6.078038E+03
        56  2.054341E+03  3.453069E+02  4.101495E+03
        58  8.691184E+03  7.380588E+02  1.876344E+03
        60  7.956824E+03  4.008296E+02 -6.267246E+03
        62  6.145359E+03  2.971210E+02  1.150853E+03
        64  5.657227E+03  1.501279E+02 -4.441027E+03
        66  3.320087E+03 -1.876494E-10  5.729541E+02
        68  3.057467E+03 -6.926982E-11 -2.408282E+03
        70  6.145359E+03 -2.971210E+02  1.150853E+03
        72  5.657227E+03 -1.501279E+02 -4.441027E+03
        74  2.054341E+03 -3.453069E+02  4.101495E+03
        76  8.691184E+03 -7.380588E+02  1.876344E+03
        78  7.956824E+03 -4.008296E+02 -6.267246E+03
        80  2.239558E+03 -4.620015E+02  4.147135E+03
        82  8.521412E+03 -1.056334E+03  1.870980E+03
        84  7.557297E+03 -5.947247E+02 -6.078038E+03
        86  2.902705E+03 -4.942358E+02  4.633636E+03
        88  8.939814E+03 -1.195911E+03  1.797293E+03
        90  7.275461E+03 -7.031336E+02 -6.214730E+03
        92  2.525880E+03 -1.290154E+03  2.803028E+03
        94  6.206223E+03 -3.063524E+03  9.407736E+02
        96  4.309444E+03 -1.783156E+03 -3.395477E+03

 internal energy (element, energy) for set EALL and time  0.2000000E+01

         1  7.391421E+02
         2  1.671088E+02
         3  5.705273E+01
         4  1.157365E+01
         5  4.448465E+00
         6  7.391421E+02
         7  1.671088E+02
         8  5.705273E+01
         9  1.157365E+01
        10  4.448465E+00
        11  2.546593E+01
        12  4.405360E+01
        13  1.937194E+01
        14  3.778125E+01
        15  1.832886E+01
        16  3.792532E+01
        17  1.932984E+01
        18  3.958632E+01
        19  7.374954E+00
        20  1.482687E+01
        21  7.374954E+00
        22  1.482687E+01
        23  1.932984E+01
        24  3.958632E+01
        25  1.832886E+01
        26  3.792532E+01
        27  1.937194E+01
        28  3.778125E+01
        29  2.546593E+01
        30  4.405360E+01
        31  1.538045E+03
        32  2.343460E+02
        33  7.570184E+01
        34  1.706153E+01
        35  7.067063E+00
        36  1.538045E+03
        37  2.343460E+02
        38  7.570184E+01
        39  1.706153E+01
        40  7.067063E+00
        41  2.162371E+01
        42  4.263871E+01
        43  2.339138E+01
        44  4.480409E+01
        45  2.320771E+01
        46  4.415852E+01
        47  2.433907E+01
        48  4.481907E+01
        49  9.130895E+00
        50  1.645979E+01
        51  9.130895E+00
        52  1.645979E+01
        53  2.433907E+01
        54  4.481907E+01
        55  2.320771E+01
        56  4.415852E+01
        57  2.339138E+01
        58  4.480409E+01
        59  2.162371E+01
        60  4.263871E+01
        61  1.242761E+03
        62  1.907616E+02
        63  8.527011E+01
        64  2.071665E+01
        65  8.446819E+00
        66  1.242761E+03
        67  1.907616E+02
        68  8.527011E+01
        69  2.071665E+01
        70  8.446819E+00
        71  2.304555E+01
        72  4.495420E+01
        73  2.562295E+01
        74  4.804598E+01
        75  2.689866E+01
        76  4.936568E+01
        77  2.753122E+01
        78  4.991747E+01
        79  1.002052E+01
        80  1.816604E+01
        81  1.002052E+01
        82  1.816604E+01
        83  2.753122E+01
        84  4.991747E+01
        85  2.689866E+01
        86  4.936568E+01
        87  2.562295E+01
        88  4.804598E+01
        89  2.304555E+01
        90  4.495420E+01
        91  1.106708E+03
        92  2.456854E+02
        93  1.018228E+02
        94  2.469042E+01
        95  1.023588E+01
        96  1.106708E+03
        97  2.456854E+02
        98  1.018228E+02
        99  2.469042E+01
       100  1.023588E+01
       101  2.922457E+01
       102  5.146782E+01
       103  3.075003E+01
       104  5.349807E+01
       105  3.196102E+01
       106  5.511384E+01
       107  3.236299E+01
       108  5.571889E+01
       109  1.163449E+01
       110  2.018907E+01
       111  1.163449E+01
       112  2.018907E+01
       113  3.236299E+01
       114  5.571889E+01
       115  3.196102E+01
       116  5.511384E+01
       117  3.075003E+01
       118  5.349807E+01
       119  2.922457E+01
       120  5.146782E+01
       121  8.502631E+02
       122  2.493800E+02
       123  1.034020E+02
       124  2.485050E+01
       125  9.356300E+00
       126  8.502631E+02
       127  2.493800E+02
       128  1.034020E+02
       129  2.485050E+01
       130  9.356300E+00
       131  2.863349E+01
       132  5.183612E+01
       133  2.919049E+01
       134  5.268961E+01
       135  2.978766E+01
       136  5.362140E+01
       137  3.028893E+01
       138  5.421947E+01
       139  1.101654E+01
       140  1.973015E+01
       141  1.101654E+01
       142  1.973015E+01
       143  3.028893E+01
       144  5.421947E+01
       145  2.978766E+01
       146  5.362140E+01
       147  2.919049E+01
       148  5.268961E+01
       149  2.863349E+01
       150  5.183612E+01
       151  7.161474E+02
       152  2.436696E+02
       153  1.034434E+02
       154  2.544743E+01
       155  8.974625E+00
       156  7.161474E+02
       157  2.436696E+02
       158  1.034434E+02
       159  2.544743E+01
       160  8.974625E+00
       161  2.759142E+01
       162  5.086996E+01
       163  2.778773E+01
       164  5.111843E+01
       165  2.812287E+01
       166  5.153718E+01
       167  2.862271E+01
       168  5.193039E+01
       169  1.044891E+01
       170  1.889333E+01
       171  1.044891E+01
       172  1.889333E+01
       173  2.862271E+01
       174  5.193039E+01
       175  2.812287E+01
       176  5.153718E+01
       177  2.778773E+01
       178  5.111843E+01
       179  2.759142E+01
       180  5.086996E+01
       181  5.862238E+02
       182  2.377073E+02
       183  1.014933E+02
       184  2.541550E+01
       185  8.688538E+00
       186  5.862238E+02
       187  2.377073E+02
       188  1.014933E+02
       189  2.541550E+01
       190  8.688538E+00
       191  2.627001E+01
       192  4.888999E+01
       193  2.639688E+01
       194  4.895702E+01
       195  2.664217E+01
       196  4.917079E+01
       197  2.709616E+01
       198  4.945015E+01
       199  9.881846E+00
       200  1.797489E+01
       201  9.881846E+00
       202  1.797489E+01
       203  2.709616E+01
       204  4.945015E+01
       205  2.664217E+01
       206  4.917079E+01
       207  2.639688E+01
       208  4.895702E+01
       209  2.627001E+01
       210  4.888999E+01
       211  4.583834E+02
       212  2.307901E+02
       213  9.828974E+01
       214  2.488927E+01
       215  8.440175E+00
       216  4.583834E+02
       217  2.307901E+02
       218  9.828974E+01
       219  2.488927E+01
       220  8.440175E+00
       221  2.486154E+01
       222  4.640368E+01
       223  2.498019E+01
       224  4.645658E+01
       225  2.519113E+01
       226  4.664010E+01
       227  2.563193E+01
       228  4.689954E+01
       229  9.340834E+00
       230  1.703945E+01
       231  9.340834E+00
       232  1.703945E+01
       233  2.563193E+01
       234  4.689954E+01
       235  2.519113E+01
       236  4.664010E+01
       237  2.498019E+01
       238  4.645658E+01
       239  2.486154E+01
       240  4.640368E+01
       241  4.028219E+02
       242  2.199661E+02
       243  9.419799E+01
       244  2.415916E+01
       245  8.211862E+00
       246  4.028219E+02
       247  2.199661E+02
       248  9.419799E+01
       249  2.415916E+01
       250  8.211862E+00
       251  2.342742E+01
       252  4.371251E+01
       253  2.353780E+01
       254  4.377934E+01
       255  2.372320E+01
       256  4.396121E+01
       257  2.414802E+01
       258  4.419767E+01
       259  8.790241E+00
       260  1.604506E+01
       261  8.790241E+00
       262  1.604506E+01
       263  2.414802E+01
       264  4.419767E+01
       265  2.372320E+01
       266  4.396121E+01
       267  2.353780E+01
       268  4.377934E+01
       269  2.342742E+01
       270  4.371251E+01
       271  3.746014E+02
       272  2.063640E+02
       273  8.915513E+01
       274  2.316364E+01
       275  7.921260E+00
       276  3.746014E+02
       277  2.063640E+02
       278  8.915513E+01
       279  2.316364E+01
       280  7.921260E+00
       281  2.199455E+01
       282  4.096902E+01
       283  2.208953E+01
       284  4.103324E+01
       285  2.224448E+01
       286  4.119163E+01
       287  2.263128E+01
       288  4.136965E+01
       289  8.222445E+00
       290  1.499778E+01
       291  8.222445E+00
       292  1.499778E+01
       293  2.263128E+01
       294  4.136965E+01
       295  2.224448E+01
       296  4.119163E+01
       297  2.208953E+01
       298  4.103324E+01
       299  2.199455E+01
       300  4.096902E+01
       301  3.491290E+02
       302  1.925496E+02
       303  8.351416E+01
       304  2.189755E+01
       305  7.555355E+00
       306  3.491290E+02
       307  1.925496E+02
       308  8.351416E+01
       309  2.189755E+01
       310  7.555355E+00
       311  2.057633E+01
       312  3.824885E+01
       313  2.065418E+01
       314  3.829993E+01
       315  2.077952E+01
       316  3.842769E+01
       317  2.112499E+01
       318  3.854957E+01
       319  7.660086E+00
       320  1.395715E+01
       321  7.660086E+00
       322  1.395715E+01
       323  2.112499E+01
       324  3.854957E+01
       325  2.077952E+01
       326  3.842769E+01
       327  2.065418E+01
       328  3.829993E+01
       329  2.057633E+01
       330  3.824885E+01
       331  3.250305E+02
       332  1.792763E+02
       333  7.785412E+01
       334  2.053113E+01
       335  7.160647E+00
       336  3.250305E+02
       337  1.792763E+02
       338  7.785412E+01
       339  2.053113E+01
       340  7.160647E+00
       341  1.918341E+01
       342  3.559583E+01
       343  1.924810E+01
       344  3.563762E+01
       345  1.935206E+01
       346  3.574654E+01
       347  1.966986E+01
       348  3.583852E+01
       349  7.122758E+00
       350  1.296440E+01
       351  7.122758E+00
       352  1.296440E+01
       353  1.966986E+01
       354  3.583852E+01
       355  1.935206E+01
       356  3.574654E+01
       357  1.924810E+01
       358  3.563762E+01
       359  1.918341E+01
       360  3.559583E+01
       361  3.018931E+02
       362  1.665410E+02
       363  7.238912E+01
       364  1.918561E+01
       365  6.772485E+00
       366  3.018931E+02
       367  1.665410E+02
       368  7.238912E+01
       369  1.918561E+01
       370  6.772485E+00
       371  1.782629E+01
       372  3.303685E+01
       373  1.788351E+01
       374  3.307684E+01
       375  1.797551E+01
       376  3.317960E+01
       377  1.827945E+01
       378  3.326141E+01
       379  6.614089E+00
       380  1.202554E+01
       381  6.614089E+00
       382  1.202554E+01
       383  1.827945E+01
       384  3.326141E+01
       385  1.797551E+01
       386  3.317960E+01
       387  1.788351E+01
       388  3.307684E+01
       389  1.782629E+01
       390  3.303685E+01
       391  2.796805E+02
       392  1.543232E+02
       393  6.714568E+01
       394  1.789217E+01
       395  6.400903E+00
       396  2.796805E+02
       397  1.543232E+02
       398  6.714568E+01
       399  1.789217E+01
       400  6.400903E+00
       401  1.651398E+01
       402  3.058484E+01
       403  1.656792E+01
       404  3.062663E+01
       405  1.665442E+01
       406  3.072895E+01
       407  1.695219E+01
       408  3.080822E+01
       409  6.130831E+00
       410  1.113356E+01
       411  6.130831E+00
       412  1.113356E+01
       413  1.695219E+01
       414  3.080822E+01
       415  1.665442E+01
       416  3.072895E+01
       417  1.656792E+01
       418  3.062663E+01
       419  1.651398E+01
       420  3.058484E+01
       421  2.583928E+02
       422  1.426180E+02
       423  6.212376E+01
       424  1.665359E+01
       425  6.046206E+00
       426  2.583928E+02
       427  1.426180E+02
       428  6.212376E+01
       429  1.665359E+01
       430  6.046206E+00
       431  1.525239E+01
       432  2.824237E+01
       433  1.530509E+01
       434  2.828590E+01
       435  1.538932E+01
       436  2.838865E+01
       437  1.568422E+01
       438  2.846701E+01
       439  5.670040E+00
       440  1.028273E+01
       441  5.670040E+00
       442  1.028273E+01
       443  1.568422E+01
       444  2.846701E+01
       445  1.538932E+01
       446  2.838865E+01
       447  1.530509E+01
       448  2.828590E+01
       449  1.525239E+01
       450  2.824237E+01
       451  2.380301E+02
       452  1.314213E+02
       453  5.732043E+01
       454  1.546911E+01
       455  5.707638E+00
       456  2.380301E+02
       457  1.314213E+02
       458  5.732043E+01
       459  1.546911E+01
       460  5.707638E+00
       461  1.404435E+01
       462  2.600700E+01
       463  1.409651E+01
       464  2.605111E+01
       465  1.417979E+01
       466  2.615369E+01
       467  1.447310E+01
       468  2.623126E+01
       469  5.230231E+00
       470  9.470344E+00
       471  5.230231E+00
       472  9.470344E+00
       473  1.447310E+01
       474  2.623126E+01
       475  1.417979E+01
       476  2.615369E+01
       477  1.409651E+01
       478  2.605111E+01
       479  1.404435E+01
       480  2.600700E+01
       481  2.185847E+02
       482  1.207284E+02
       483  5.273317E+01
       484  1.433808E+01
       485  5.384822E+00
       486  2.185847E+02
       487  1.207284E+02
       488  5.273317E+01
       489  1.433808E+01
       490  5.384822E+00
       491  1.289072E+01
       492  2.387530E+01
       493  1.294251E+01
       494  2.391914E+01
       495  1.302531E+01
       496  2.402106E+01
       497  1.331753E+01
       498  2.409783E+01
       499  4.810715E+00
       500  8.695207E+00
       501  4.810715E+00
       502  8.695207E+00
       503  1.331753E+01
       504  2.409783E+01
       505  1.302531E+01
       506  2.402106E+01
       507  1.294251E+01
       508  2.391914E+01
       509  1.289072E+01
       510  2.387530E+01
       511  2.000465E+02
       512  1.105341E+02
       513  4.835976E+01
       514  1.326005E+01
       515  5.077595E+00
       516  2.000465E+02
       517  1.105341E+02
       518  4.835976E+01
       519  1.326005E+01
       520  5.077595E+00
       521  1.179140E+01
       522  2.184446E+01
       523  1.184288E+01
       524  2.188770E+01
       525  1.192533E+01
       526  2.198881E+01
       527  1.221667E+01
       528  2.206487E+01
       529  4.411102E+00
       530  7.956631E+00
       531  4.411102E+00
       532  7.956631E+00
       533  1.221667E+01
       534  2.206487E+01
       535  1.192533E+01
       536  2.198881E+01
       537  1.184288E+01
       538  2.188770E+01
       539  1.179140E+01
       540  2.184446E+01
       541  1.824041E+02
       542  1.008324E+02
       543  4.419794E+01
       544  1.223457E+01
       545  4.785813E+00
       546  1.824041E+02
       547  1.008324E+02
       548  4.419794E+01
       549  1.223457E+01
       550  4.785813E+00
       551  1.074589E+01
       552  1.991248E+01
       553  1.079707E+01
       554  1.995509E+01
       555  1.087925E+01
       556  2.005544E+01
       557  1.116980E+01
       558  2.013093E+01
       559  4.031091E+00
       560  7.254075E+00
       561  4.031091E+00
       562  7.254075E+00
       563  1.116980E+01
       564  2.013093E+01
       565  1.087925E+01
       566  2.005544E+01
       567  1.079707E+01
       568  1.995509E+01
       569  1.074589E+01
       570  1.991248E+01
       571  1.656466E+02
       572  9.161759E+01
       573  4.024524E+01
       574  1.126107E+01
       575  4.509280E+00
       576  1.656466E+02
       577  9.161759E+01
       578  4.024524E+01
       579  1.126107E+01
       580  4.509280E+00
       581  9.753555E+00
       582  1.807790E+01
       583  9.804463E+00
       584  1.811995E+01
       585  9.886380E+00
       586  1.821964E+01
       587  1.017618E+01
       588  1.829468E+01
       589  3.670408E+00
       590  6.587041E+00
       591  3.670408E+00
       592  6.587041E+00
       593  1.017618E+01
       594  1.829468E+01
       595  9.886380E+00
       596  1.821964E+01
       597  9.804463E+00
       598  1.811995E+01
       599  9.753555E+00
       600  1.807790E+01
       601  1.497629E+02
       602  8.288356E+01
       603  3.649914E+01
       604  1.033889E+01
       605  4.247758E+00
       606  1.497629E+02
       607  8.288356E+01
       608  3.649914E+01
       609  1.033889E+01
       610  4.247758E+00
       611  8.813694E+00
       612  1.633949E+01
       613  8.864347E+00
       614  1.638106E+01
       615  8.946017E+00
       616  1.648018E+01
       617  9.235088E+00
       618  1.655485E+01
       619  3.328783E+00
       620  5.955050E+00
       621  3.328783E+00
       622  5.955050E+00
       623  9.235088E+00
       624  1.655485E+01
       625  8.946017E+00
       626  1.648018E+01
       627  8.864347E+00
       628  1.638106E+01
       629  8.813694E+00
       630  1.633949E+01
       631  1.347421E+02
       632  7.462445E+01
       633  3.295710E+01
       634  9.467370E+00
       635  4.000985E+00
       636  1.347421E+02
       637  7.462445E+01
       638  3.295710E+01
       639  9.467370E+00
       640  4.000985E+00
       641  7.925610E+00
       642  1.469608E+01
       643  7.976021E+00
       644  1.473722E+01
       645  8.057446E+00
       646  1.483583E+01
       647  8.345786E+00
       648  1.491018E+01
       649  3.005953E+00
       650  5.357637E+00
       651  3.005953E+00
       652  5.357637E+00
       653  8.345786E+00
       654  1.491018E+01
       655  8.057446E+00
       656  1.483583E+01
       657  7.976021E+00
       658  1.473722E+01
       659  7.925610E+00
       660  1.469608E+01
       661  1.205739E+02
       662  6.683443E+01
       663  2.961657E+01
       664  8.645808E+00
       665  3.768688E+00
       666  1.205739E+02
       667  6.683443E+01
       668  2.961657E+01
       669  8.645808E+00
       670  3.768688E+00
       671  7.088618E+00
       672  1.314648E+01
       673  7.138793E+00
       674  1.318724E+01
       675  7.219965E+00
       676  1.328539E+01
       677  7.507562E+00
       678  1.335942E+01
       679  2.701658E+00
       680  4.794348E+00
       681  2.701658E+00
       682  4.794348E+00
       683  7.507562E+00
       684  1.335942E+01
       685  7.219965E+00
       686  1.328539E+01
       687  7.138793E+00
       688  1.318724E+01
       689  7.088618E+00
       690  1.314648E+01
       691  1.072478E+02
       692  5.950781E+01
       693  2.647504E+01
       694  7.873497E+00
       695  3.550584E+00
       696  1.072478E+02
       697  5.950781E+01
       698  2.647504E+01
       699  7.873497E+00
       700  3.550584E+00
       701  6.302060E+00
       702  1.168940E+01
       703  6.351987E+00
       704  1.172986E+01
       705  6.432885E+00
       706  1.182761E+01
       707  6.719717E+00
       708  1.190137E+01
       709  2.415646E+00
       710  4.264739E+00
       711  2.415646E+00
       712  4.264739E+00
       713  6.719717E+00
       714  1.190137E+01
       715  6.432885E+00
       716  1.182761E+01
       717  6.351987E+00
       718  1.172986E+01
       719  6.302060E+00
       720  1.168940E+01
       721  9.475392E+01
       722  5.263900E+01
       723  2.353001E+01
       724  7.149709E+00
       725  3.346387E+00
       726  9.475392E+01
       727  5.263900E+01
       728  2.353001E+01
       729  7.149709E+00
       730  3.346387E+00
       731  5.565303E+00
       732  1.032343E+01
       733  5.614941E+00
       734  1.036375E+01
       735  5.695527E+00
       736  1.046124E+01
       737  5.981566E+00
       738  1.053481E+01
       739  2.147673E+00
       740  3.768381E+00
       741  2.147673E+00
       742  3.768381E+00
       743  5.981566E+00
       744  1.053481E+01
       745  5.695527E+00
       746  1.046124E+01
       747  5.614941E+00
       748  1.036375E+01
       749  5.565303E+00
       750  1.032343E+01
       751  8.308259E+01
       752  4.622258E+01
       753  2.077899E+01
       754  6.473686E+00
       755  3.155822E+00
       756  8.308259E+01
       757  4.622258E+01
       758  2.077899E+01
       759  6.473686E+00
       760  3.155822E+00
       761  4.877731E+00
       762  9.046988E+00
       763  4.927000E+00
       764  9.087489E+00
       765  5.007222E+00
       766  9.185059E+00
       767  5.292446E+00
       768  9.258603E+00
       769  1.897513E+00
       770  3.304866E+00
       771  1.897513E+00
       772  3.304866E+00
       773  5.292446E+00
       774  9.258603E+00
       775  5.007222E+00
       776  9.185059E+00
       777  4.927000E+00
       778  9.087489E+00
       779  4.877731E+00
       780  9.046988E+00
       781  7.222467E+01
       782  4.025324E+01
       783  1.821945E+01
       784  5.844648E+00
       785  2.978646E+00
       786  7.222467E+01
       787  4.025324E+01
       788  1.821945E+01
       789  5.844648E+00
       790  2.978646E+00
       791  4.238718E+00
       792  7.858364E+00
       793  4.287488E+00
       794  7.899615E+00
       795  4.367290E+00
       796  7.997834E+00
       797  4.651722E+00
       798  8.071683E+00
       799  1.664963E+00
       800  2.873815E+00
       801  1.664963E+00
       802  2.873815E+00
       803  4.651722E+00
       804  8.071683E+00
       805  4.367290E+00
       806  7.997834E+00
       807  4.287488E+00
       808  7.899615E+00
       809  4.238718E+00
       810  7.858364E+00
       811  6.217140E+01
       812  3.472575E+01
       813  1.584888E+01
       814  5.261824E+00
       815  2.814714E+00
       816  6.217140E+01
       817  3.472575E+01
       818  1.584888E+01
       819  5.261824E+00
       820  2.814714E+00
       821  3.647569E+00
       822  6.755853E+00
       823  3.695665E+00
       824  6.798711E+00
       825  3.775023E+00
       826  6.898467E+00
       827  4.058798E+00
       828  6.973124E+00
       829  1.449857E+00
       830  2.474896E+00
       831  1.449857E+00
       832  2.474896E+00
       833  4.058798E+00
       834  6.973124E+00
       835  3.775023E+00
       836  6.898467E+00
       837  3.695665E+00
       838  6.798711E+00
       839  3.647569E+00
       840  6.755853E+00
       841  5.291419E+01
       842  2.963481E+01
       843  1.366474E+01
       844  4.724550E+00
       845  2.664093E+00
       846  5.291419E+01
       847  2.963481E+01
       848  1.366474E+01
       849  4.724550E+00
       850  2.664093E+00
       851  3.103428E+00
       852  5.738101E+00
       853  3.150674E+00
       854  5.783650E+00
       855  3.229662E+00
       856  5.886087E+00
       857  3.513133E+00
       858  5.962199E+00
       859  1.252071E+00
       860  2.107827E+00
       861  1.252071E+00
       862  2.107827E+00
       863  3.513133E+00
       864  5.962199E+00
       865  3.229662E+00
       866  5.886087E+00
       867  3.150674E+00
       868  5.783650E+00
       869  3.103428E+00
       870  5.738101E+00
       871  4.444404E+01
       872  2.497487E+01
       873  1.166455E+01
       874  4.232480E+00
       875  2.527245E+00
       876  4.444404E+01
       877  2.497487E+01
       878  1.166455E+01
       879  4.232480E+00
       880  2.527245E+00
       881  2.605161E+00
       882  4.804736E+00
       883  2.651481E+00
       884  4.853984E+00
       885  2.730382E+00
       886  4.960224E+00
       887  3.014270E+00
       888  5.038420E+00
       889  1.071520E+00
       890  1.772375E+00
       891  1.071520E+00
       892  1.772375E+00
       893  3.014270E+00
       894  5.038420E+00
       895  2.730382E+00
       896  4.960224E+00
       897  2.651481E+00
       898  4.853984E+00
       899  2.605161E+00
       900  4.804736E+00
       901  3.675050E+01
       902  2.073977E+01
       903  9.846089E+00
       904  3.785936E+00
       905  2.405317E+00
       906  3.675050E+01
       907  2.073977E+01
       908  9.846089E+00
       909  3.785936E+00
       910  2.405317E+00
       911  2.151233E+00
       912  3.957303E+00
       913  2.196861E+00
       914  4.010471E+00
       915  2.276335E+00
       916  4.120956E+00
       917  2.561917E+00
       918  4.201517E+00
       919  9.081330E-01
       920  1.468337E+00
       921  9.081330E-01
       922  1.468337E+00
       923  2.561917E+00
       924  4.201517E+00
       925  2.276335E+00
       926  4.120956E+00
       927  2.196861E+00
       928  4.010471E+00
       929  2.151233E+00
       930  3.957303E+00
       931  2.982034E+01
       932  1.692244E+01
       933  8.207659E+00
       934  3.386404E+00
       935  2.300510E+00
       936  2.982034E+01
       937  1.692244E+01
       938  8.207659E+00
       939  3.386404E+00
       940  2.300510E+00
       941  1.739659E+00
       942  3.200267E+00
       943  1.785491E+00
       944  3.255512E+00
       945  1.866813E+00
       946  3.368877E+00
       947  2.156118E+00
       948  3.451235E+00
       949  7.617927E-01
       950  1.195484E+00
       951  7.617927E-01
       952  1.195484E+00
       953  2.156118E+00
       954  3.451235E+00
       955  1.866813E+00
       956  3.368877E+00
       957  1.785491E+00
       958  3.255512E+00
       959  1.739659E+00
       960  3.200267E+00
       961  2.363610E+01
       962  1.351486E+01
       963  6.748719E+00
       964  3.037109E+00
       965  2.216340E+00
       966  2.363610E+01
       967  1.351486E+01
       968  6.748719E+00
       969  3.037109E+00
       970  2.216340E+00
       971  1.368281E+00
       972  2.541584E+00
       973  1.416407E+00
       974  2.593095E+00
       975  1.501698E+00
       976  2.704597E+00
       977  1.797515E+00
       978  2.786782E+00
       979  6.322241E-01
       980  9.534335E-01
       981  6.322241E-01
       982  9.534335E-01
       983  1.797515E+00
       984  2.786782E+00
       985  1.501698E+00
       986  2.704597E+00
       987  1.416407E+00
       988  2.593095E+00
       989  1.368281E+00
       990  2.541584E+00
       991  1.817518E+01
       992  1.050903E+01
       993  5.471232E+00
       994  2.743398E+00
       995  2.157070E+00
       996  1.817518E+01
       997  1.050903E+01
       998  5.471232E+00
       999  2.743398E+00
      1000  2.157070E+00
      1001  1.036341E+00
      1002  1.992338E+00
      1003  1.090552E+00
      1004  2.027900E+00
      1005  1.182590E+00
      1006  2.127467E+00
      1007  1.487531E+00
      1008  2.205601E+00
      1009  5.187991E-01
      1010  7.413148E-01
      1011  5.187991E-01
      1012  7.413148E-01
      1013  1.487531E+00
      1014  2.205601E+00
      1015  1.182590E+00
      1016  2.127467E+00
      1017  1.090552E+00
      1018  2.027900E+00
      1019  1.036341E+00
      1020  1.992338E+00
      1021  1.340928E+01
      1022  7.900197E+00
      1023  4.382566E+00
      1024  2.512095E+00
      1025  2.124554E+00
      1026  1.340928E+01
      1027  7.900197E+00
      1028  4.382566E+00
      1029  2.512095E+00
      1030  2.124554E+00
      1031  7.503766E-01
      1032  1.566036E+00
      1033  8.157110E-01
      1034  1.564284E+00
      1035  9.157159E-01
      1036  1.634017E+00
      1037  1.228323E+00
      1038  1.701617E+00
      1039  4.201940E-01
      1040  5.572241E-01
      1041  4.201940E-01
      1042  5.572241E-01
      1043  1.228323E+00
      1044  1.701617E+00
      1045  9.157159E-01
      1046  1.634017E+00
      1047  8.157110E-01
      1048  1.564284E+00
      1049  7.503766E-01
      1050  1.566036E+00
      1051  9.305865E+00
      1052  5.693648E+00
      1053  3.498932E+00
      1054  2.348498E+00
      1055  2.110379E+00
      1056  9.305865E+00
      1057  5.693648E+00
      1058  3.498932E+00
      1059  2.348498E+00
      1060  2.110379E+00
      1061  5.408222E-01
      1062  1.281951E+00
      1063  6.202898E-01
      1064  1.209612E+00
      1065  7.203742E-01
      1066  1.220077E+00
      1067  1.025417E+00
      1068  1.266131E+00
      1069  3.341077E-01
      1070  3.984129E-01
      1071  3.341077E-01
      1072  3.984129E-01
      1073  1.025417E+00
      1074  1.266131E+00
      1075  7.203742E-01
      1076  1.220077E+00
      1077  6.202898E-01
      1078  1.209612E+00
      1079  5.408222E-01
      1080  1.281951E+00
      1081  5.840544E+00
      1082  3.908667E+00
      1083  2.839876E+00
      1084  2.247824E+00
      1085  2.090584E+00
      1086  5.840544E+00
      1087  3.908667E+00
      1088  2.839876E+00
      1089  2.247824E+00
      1090  2.090584E+00
      1091  4.943453E-01
      1092  1.172790E+00
      1093  5.824185E-01
      1094  9.902975E-01
      1095  6.507188E-01
      1096  8.996319E-01
      1097  9.077739E-01
      1098  9.073811E-01
      1099  2.577244E-01
      1100  2.693196E-01
      1101  2.577244E-01
      1102  2.693196E-01
      1103  9.077739E-01
      1104  9.073811E-01
      1105  6.507188E-01
      1106  8.996319E-01
      1107  5.824185E-01
      1108  9.902975E-01
      1109  4.943453E-01
      1110  1.172790E+00
      1111  3.057867E+00
      1112  2.555064E+00
      1113  2.389424E+00
      1114  2.195991E+00
      1115  2.050335E+00
      1116  3.057867E+00
      1117  2.555064E+00
      1118  2.389424E+00
      1119  2.195991E+00
      1120  2.050335E+00
      1121  7.510621E-01
      1122  1.273302E+00
      1123  8.489359E-01
      1124  9.814096E-01
      1125  8.448396E-01
      1126  7.717541E-01
      1127  1.023411E+00
      1128  7.333377E-01
      1129  1.964574E-01
      1130  2.196407E-01
      1131  1.964574E-01
      1132  2.196407E-01
      1133  1.023411E+00
      1134  7.333377E-01
      1135  8.448396E-01
      1136  7.717541E-01
      1137  8.489359E-01
      1138  9.814096E-01
      1139  7.510621E-01
      1140  1.273302E+00
      1141  1.126509E+00
      1142  1.525295E+00
      1143  1.984729E+00
      1144  2.181639E+00
      1145  2.120029E+00
      1146  1.126509E+00
      1147  1.525295E+00
      1148  1.984729E+00
      1149  2.181639E+00
      1150  2.120029E+00
      1151  1.264925E+00
      1152  1.453505E+00
      1153  1.452361E+00
      1154  1.209060E+00
      1155  1.496263E+00
      1156  1.092880E+00
      1157  1.897828E+00
      1158  1.214061E+00
      1159  1.764633E-01
      1160  5.058720E-01
      1161  1.764633E-01
      1162  5.058720E-01
      1163  1.897828E+00
      1164  1.214061E+00
      1165  1.496263E+00
      1166  1.092880E+00
      1167  1.452361E+00
      1168  1.209060E+00
      1169  1.264925E+00
      1170  1.453505E+00
      1171  2.118990E-01
      1172  6.690875E-01
      1173  1.389600E+00
      1174  2.292591E+00
      1175  3.360452E+00
      1176  2.118990E-01
      1177  6.690875E-01
      1178  1.389600E+00
      1179  2.292591E+00
      1180  3.360452E+00
      1181  1.508084E+00
      1182  1.392504E+00
      1183  1.878502E+00
      1184  1.407443E+00
      1185  2.590596E+00
      1186  2.083420E+00
      1187  5.800866E+00
      1188  4.307209E+00
      1189  3.609319E-01
      1190  2.695844E+00
      1191  3.609319E-01
      1192  2.695844E+00
      1193  5.800866E+00
      1194  4.307209E+00
      1195  2.590596E+00
      1196  2.083420E+00
      1197  1.878502E+00
      1198  1.407443E+00
      1199  1.508084E+00
      1200  1.392504E+00
      1201  1.786456E-03
      1202  4.054798E-02
      1203  2.223290E-01
      1204  9.404744E-01
      1205  2.605244E+00
      1206  1.786456E-03
      1207  4.054798E-02
      1208  2.223290E-01
      1209  9.404744E-01
      1210  2.605244E+00
      1211  5.811157E-01
      1212  8.552417E-01
      1213  8.216211E-01
      1214  8.341558E-01
      1215  1.508504E+00
      1216  1.879939E+00
      1217  5.906753E+00
      1218  5.253849E+00
      1219  4.814711E-01
      1220  3.895332E+00
      1221  4.814711E-01
      1222  3.895332E+00
      1223  5.906753E+00
      1224  5.253849E+00
      1225  1.508504E+00
      1226  1.879939E+00
      1227  8.216211E-01
      1228  8.341558E-01
      1229  5.811157E-01
      1230  8.552417E-01
