
                        S T E P       1


                                INCREMENT     5


 displacements (vx,vy,vz) for set TIP_TOP and time  0.4562500E-02

      1751  8.414438E-02 -3.096677E-03 -1.738069E+00
      1752  8.416419E-02 -2.992952E-03 -1.733647E+00
      1755  8.394337E-02 -2.854077E-03 -1.729377E+00
      1758  8.378190E-02 -2.241947E-03 -1.725340E+00
      1760  8.374876E-02 -7.850324E-04 -1.722888E+00
      1762  8.374748E-02  5.882439E-16 -1.722843E+00
      1764  8.374876E-02  7.850324E-04 -1.722888E+00
      1767  8.378190E-02  2.241947E-03 -1.725340E+00
      1770  8.394337E-02  2.854077E-03 -1.729377E+00
      1773  8.416419E-02  2.992952E-03 -1.733647E+00
      1776  8.414438E-02  3.096677E-03 -1.738069E+00

 forces (fx,fy,fz) for set CLAMP and time  0.4562500E-02

         1  2.021996E+03  1.682897E+03  7.985762E+02
         4  3.651808E+03 -7.507328E-13  1.598025E+03
         5  3.018660E+03  2.712303E+03  2.765250E+01
         8  5.368295E+03  5.161427E-13  7.096209E+01
         9  2.057498E+03  1.820750E+03 -2.128797E+02
        12  3.639422E+03 -1.021405E-14 -4.134181E+02
        13  1.047988E+03  9.104716E+02 -3.535410E+02
        16  1.848702E+03 -1.013634E-13 -6.964251E+02
        17  6.151080E+00 -2.564118E+01 -3.798903E+02
        20 -2.383046E+00  9.764412E-14 -7.480054E+02
        21 -8.021695E+02 -3.282158E+02 -7.066936E+02
        24 -9.012097E+02 -1.909584E-13 -3.871163E+02
        26  2.021996E+03 -1.682897E+03  7.985762E+02
        28  3.018660E+03 -2.712303E+03  2.765250E+01
        30  2.057498E+03 -1.820750E+03 -2.128797E+02
        32  1.047988E+03 -9.104716E+02 -3.535410E+02
        34  6.151080E+00  2.564118E+01 -3.798903E+02
        36 -8.021695E+02  3.282158E+02 -7.066936E+02
        37 -5.011213E+02 -2.468771E+02 -6.714621E+02
        40 -7.276214E+02 -1.114476E+02 -1.182952E+03
        41 -1.030354E+03 -5.196816E+02 -7.532027E+01
        44 -1.585156E+03 -2.327448E+02 -1.521654E+02
        45 -6.393370E+02 -2.738929E+02  7.174121E+02
        48 -1.074682E+03 -1.213287E+02  1.302057E+03
        50 -6.654482E+02 -8.206231E+01 -1.101177E+03
        52 -1.503862E+03 -1.650901E+02 -1.592913E+02
        54 -1.058986E+03 -8.329225E+01  1.236117E+03
        56 -6.559691E+02 -3.591154E+01 -1.062532E+03
        58 -1.461610E+03 -6.996358E+01 -1.629190E+02
        60 -1.026502E+03 -3.326804E+01  1.190511E+03
        62 -9.782188E+02 -8.312319E+00 -1.384978E+02
        64 -6.779097E+02 -2.682020E+00  7.957444E+02
        66 -5.549670E+02 -1.086631E-14 -9.299874E+01
        68 -3.831197E+02 -5.358214E-14  4.530658E+02
        70 -9.782188E+02  8.312319E+00 -1.384978E+02
        72 -6.779097E+02  2.682020E+00  7.957444E+02
        74 -6.559691E+02  3.591154E+01 -1.062532E+03
        76 -1.461610E+03  6.996358E+01 -1.629190E+02
        78 -1.026502E+03  3.326804E+01  1.190511E+03
        80 -6.654482E+02  8.206231E+01 -1.101177E+03
        82 -1.503862E+03  1.650901E+02 -1.592913E+02
        84 -1.058986E+03  8.329225E+01  1.236117E+03
        86 -7.276214E+02  1.114476E+02 -1.182952E+03
        88 -1.585156E+03  2.327448E+02 -1.521654E+02
        90 -1.074682E+03  1.213287E+02  1.302057E+03
        92 -5.011213E+02  2.468771E+02 -6.714621E+02
        94 -1.030354E+03  5.196816E+02 -7.532027E+01
        96 -6.393370E+02  2.738929E+02  7.174121E+02

 internal energy (element, energy) for set EALL and time  0.4562500E-02

         1  7.691711E+00
         2  3.874110E+00
         3  1.503446E+00
         4  2.976109E-01
         5  3.252306E-01
         6  7.691711E+00
         7  3.874110E+00
         8  1.503446E+00
         9  2.976109E-01
        10  3.252306E-01
        11  8.750161E-01
        12  1.071543E+00
        13  6.943425E-01
        14  8.909583E-01
        15  6.337518E-01
        16  8.277460E-01
        17  5.691007E-01
        18  7.552373E-01
        19  2.134738E-01
        20  2.936659E-01
        21  2.134738E-01
        22  2.936659E-01
        23  5.691007E-01
        24  7.552373E-01
        25  6.337518E-01
        26  8.277460E-01
        27  6.943425E-01
        28  8.909583E-01
        29  8.750161E-01
        30  1.071543E+00
        31  8.985476E+00
        32  5.055376E+00
        33  1.895002E+00
        34  3.127056E-01
        35  3.925651E-01
        36  8.985476E+00
        37  5.055376E+00
        38  1.895002E+00
        39  3.127056E-01
        40  3.925651E-01
        41  7.851087E-01
        42  1.060712E+00
        43  8.197196E-01
        44  1.107720E+00
        45  7.641928E-01
        46  1.054409E+00
        47  7.220581E-01
        48  1.019703E+00
        49  2.909186E-01
        50  4.173630E-01
        51  2.909186E-01
        52  4.173630E-01
        53  7.220581E-01
        54  1.019703E+00
        55  7.641928E-01
        56  1.054409E+00
        57  8.197196E-01
        58  1.107720E+00
        59  7.851087E-01
        60  1.060712E+00
        61  1.003119E+01
        62  5.421437E+00
        63  2.090053E+00
        64  3.535541E-01
        65  4.356344E-01
        66  1.003119E+01
        67  5.421437E+00
        68  2.090053E+00
        69  3.535541E-01
        70  4.356344E-01
        71  7.773101E-01
        72  1.118214E+00
        73  8.354387E-01
        74  1.194155E+00
        75  8.349758E-01
        76  1.206323E+00
        77  8.175645E-01
        78  1.194568E+00
        79  3.331489E-01
        80  4.899410E-01
        81  3.331489E-01
        82  4.899410E-01
        83  8.175645E-01
        84  1.194568E+00
        85  8.349758E-01
        86  1.206323E+00
        87  8.354387E-01
        88  1.194155E+00
        89  7.773101E-01
        90  1.118214E+00
        91  1.248368E+01
        92  6.564619E+00
        93  2.508730E+00
        94  4.474453E-01
        95  5.508692E-01
        96  1.248368E+01
        97  6.564619E+00
        98  2.508730E+00
        99  4.474453E-01
       100  5.508692E-01
       101  9.637848E-01
       102  1.361171E+00
       103  1.006927E+00
       104  1.417795E+00
       105  1.026161E+00
       106  1.446289E+00
       107  1.017715E+00
       108  1.439962E+00
       109  4.105873E-01
       110  5.863144E-01
       111  4.105873E-01
       112  5.863144E-01
       113  1.017715E+00
       114  1.439962E+00
       115  1.026161E+00
       116  1.446289E+00
       117  1.006927E+00
       118  1.417795E+00
       119  9.637848E-01
       120  1.361171E+00
       121  1.366554E+01
       122  7.087859E+00
       123  2.678416E+00
       124  4.810635E-01
       125  5.864971E-01
       126  1.366554E+01
       127  7.087859E+00
       128  2.678416E+00
       129  4.810635E-01
       130  5.864971E-01
       131  1.035204E+00
       132  1.506939E+00
       133  1.060431E+00
       134  1.537358E+00
       135  1.076939E+00
       136  1.557399E+00
       137  1.081910E+00
       138  1.558861E+00
       139  4.395865E-01
       140  6.365084E-01
       141  4.395865E-01
       142  6.365084E-01
       143  1.081910E+00
       144  1.558861E+00
       145  1.076939E+00
       146  1.557399E+00
       147  1.060431E+00
       148  1.537358E+00
       149  1.035204E+00
       150  1.506939E+00
       151  1.486962E+01
       152  7.691972E+00
       153  2.899984E+00
       154  5.253833E-01
       155  6.144050E-01
       156  1.486962E+01
       157  7.691972E+00
       158  2.899984E+00
       159  5.253833E-01
       160  6.144050E-01
       161  1.113017E+00
       162  1.651850E+00
       163  1.127890E+00
       164  1.665012E+00
       165  1.141382E+00
       166  1.676933E+00
       167  1.154242E+00
       168  1.682549E+00
       169  4.705257E-01
       170  6.877934E-01
       171  4.705257E-01
       172  6.877934E-01
       173  1.154242E+00
       174  1.682549E+00
       175  1.141382E+00
       176  1.676933E+00
       177  1.127890E+00
       178  1.665012E+00
       179  1.113017E+00
       180  1.651850E+00
       181  1.611589E+01
       182  8.349596E+00
       183  3.159753E+00
       184  5.787710E-01
       185  6.368047E-01
       186  1.611589E+01
       187  8.349596E+00
       188  3.159753E+00
       189  5.787710E-01
       190  6.368047E-01
       191  1.191215E+00
       192  1.792147E+00
       193  1.202554E+00
       194  1.799136E+00
       195  1.215239E+00
       196  1.808576E+00
       197  1.232812E+00
       198  1.818384E+00
       199  5.027877E-01
       200  7.434153E-01
       201  5.027877E-01
       202  7.434153E-01
       203  1.232812E+00
       204  1.818384E+00
       205  1.215239E+00
       206  1.808576E+00
       207  1.202554E+00
       208  1.799136E+00
       209  1.191215E+00
       210  1.792147E+00
       211  1.742783E+01
       212  9.053803E+00
       213  3.447274E+00
       214  6.394866E-01
       215  6.554244E-01
       216  1.742783E+01
       217  9.053803E+00
       218  3.447274E+00
       219  6.394866E-01
       220  6.554244E-01
       221  1.271215E+00
       222  1.933525E+00
       223  1.282204E+00
       224  1.940635E+00
       225  1.295604E+00
       226  1.951704E+00
       227  1.316716E+00
       228  1.965599E+00
       229  5.365702E-01
       230  8.030103E-01
       231  5.365702E-01
       232  8.030103E-01
       233  1.316716E+00
       234  1.965599E+00
       235  1.295604E+00
       236  1.951704E+00
       237  1.282204E+00
       238  1.940635E+00
       239  1.271215E+00
       240  1.933525E+00
       241  1.880698E+01
       242  9.800157E+00
       243  3.757266E+00
       244  7.066082E-01
       245  6.711678E-01
       246  1.880698E+01
       247  9.800157E+00
       248  3.757266E+00
       249  7.066082E-01
       250  6.711678E-01
       251  1.353191E+00
       252  2.080032E+00
       253  1.364907E+00
       254  2.089520E+00
       255  1.379752E+00
       256  2.103745E+00
       257  1.403843E+00
       258  2.121592E+00
       259  5.712517E-01
       260  8.656632E-01
       261  5.712517E-01
       262  8.656632E-01
       263  1.403843E+00
       264  2.121592E+00
       265  1.379752E+00
       266  2.103745E+00
       267  1.364907E+00
       268  2.089520E+00
       269  1.353191E+00
       270  2.080032E+00
       271  2.024648E+01
       272  1.058398E+01
       273  4.087047E+00
       274  7.799504E-01
       275  6.841018E-01
       276  2.024648E+01
       277  1.058398E+01
       278  4.087047E+00
       279  7.799504E-01
       280  6.841018E-01
       281  1.436768E+00
       282  2.233198E+00
       283  1.449411E+00
       284  2.245310E+00
       285  1.465862E+00
       286  2.262882E+00
       287  1.492544E+00
       288  2.284515E+00
       289  6.062848E-01
       290  9.306584E-01
       291  6.062848E-01
       292  9.306584E-01
       293  1.492544E+00
       294  2.284515E+00
       295  1.465862E+00
       296  2.262882E+00
       297  1.449411E+00
       298  2.245310E+00
       299  1.436768E+00
       300  2.233198E+00
       301  2.173453E+01
       302  1.139953E+01
       303  4.434700E+00
       304  8.597478E-01
       305  6.941186E-01
       306  2.173453E+01
       307  1.139953E+01
       308  4.434700E+00
       309  8.597478E-01
       310  6.941186E-01
       311  1.521043E+00
       312  2.392675E+00
       313  1.534538E+00
       314  2.407060E+00
       315  1.552519E+00
       316  2.427688E+00
       317  1.581444E+00
       318  2.452854E+00
       319  6.411292E-01
       320  9.973309E-01
       321  6.411292E-01
       322  9.973309E-01
       323  1.581444E+00
       324  2.452854E+00
       325  1.552519E+00
       326  2.427688E+00
       327  1.534538E+00
       328  2.407060E+00
       329  1.521043E+00
       330  2.392675E+00
       331  2.325627E+01
       332  1.223975E+01
       333  4.798175E+00
       334  9.463194E-01
       335  7.011721E-01
       336  2.325627E+01
       337  1.223975E+01
       338  4.798175E+00
       339  9.463194E-01
       340  7.011721E-01
       341  1.604859E+00
       342  2.557085E+00
       343  1.619084E+00
       344  2.573349E+00
       345  1.638456E+00
       346  2.596660E+00
       347  1.669285E+00
       348  2.625076E+00
       349  6.752512E-01
       350  1.064988E+00
       351  6.752512E-01
       352  1.064988E+00
       353  1.669285E+00
       354  2.625076E+00
       355  1.638456E+00
       356  2.596660E+00
       357  1.619084E+00
       358  2.573349E+00
       359  1.604859E+00
       360  2.557085E+00
       361  2.479421E+01
       362  1.309612E+01
       363  5.174855E+00
       364  1.039903E+00
       365  7.053549E-01
       366  2.479421E+01
       367  1.309612E+01
       368  5.174855E+00
       369  1.039903E+00
       370  7.053549E-01
       371  1.686907E+00
       372  2.724514E+00
       373  1.701754E+00
       374  2.742353E+00
       375  1.722370E+00
       376  2.768035E+00
       377  1.754781E+00
       378  2.799432E+00
       379  7.080948E-01
       380  1.132854E+00
       381  7.080948E-01
       382  1.132854E+00
       383  1.754781E+00
       384  2.799432E+00
       385  1.722370E+00
       386  2.768035E+00
       387  1.701754E+00
       388  2.742353E+00
       389  1.686907E+00
       390  2.724514E+00
       391  2.632825E+01
       392  1.395850E+01
       393  5.561366E+00
       394  1.140579E+00
       395  7.069000E-01
       396  2.632825E+01
       397  1.395850E+01
       398  5.561366E+00
       399  1.140579E+00
       400  7.069000E-01
       401  1.765759E+00
       402  2.892731E+00
       403  1.781126E+00
       404  2.911932E+00
       405  1.802851E+00
       406  2.939753E+00
       407  1.836553E+00
       408  2.973898E+00
       409  7.390735E-01
       410  1.200052E+00
       411  7.390735E-01
       412  1.200052E+00
       413  1.836553E+00
       414  2.973898E+00
       415  1.802851E+00
       416  2.939753E+00
       417  1.781126E+00
       418  2.911932E+00
       419  1.765759E+00
       420  2.892731E+00
       421  2.783546E+01
       422  1.481505E+01
       423  5.953495E+00
       424  1.248223E+00
       425  7.061754E-01
       426  2.783546E+01
       427  1.481505E+01
       428  5.953495E+00
       429  1.248223E+00
       430  7.061754E-01
       431  1.839861E+00
       432  3.059262E+00
       433  1.855658E+00
       434  3.079666E+00
       435  1.878372E+00
       436  3.109465E+00
       437  1.913131E+00
       438  3.146160E+00
       439  7.675731E-01
       440  1.265600E+00
       441  7.675731E-01
       442  1.265600E+00
       443  1.913131E+00
       444  3.146160E+00
       445  1.878372E+00
       446  3.109465E+00
       447  1.855658E+00
       448  3.079666E+00
       449  1.839861E+00
       450  3.059262E+00
       451  2.928984E+01
       452  1.565203E+01
       453  6.346097E+00
       454  1.362462E+00
       455  7.036815E-01
       456  2.928984E+01
       457  1.565203E+01
       458  6.346097E+00
       459  1.362462E+00
       460  7.036815E-01
       461  1.907534E+00
       462  3.221390E+00
       463  1.923680E+00
       464  3.242867E+00
       465  1.947290E+00
       466  3.274531E+00
       467  1.982958E+00
       468  3.313614E+00
       469  7.929578E-01
       470  1.328415E+00
       471  7.929578E-01
       472  1.328415E+00
       473  1.982958E+00
       474  3.313614E+00
       475  1.947290E+00
       476  3.274531E+00
       477  1.923680E+00
       478  3.242867E+00
       479  1.907534E+00
       480  3.221390E+00
       481  3.066208E+01
       482  1.645363E+01
       483  6.732992E+00
       484  1.482626E+00
       485  7.000548E-01
       486  3.066208E+01
       487  1.645363E+01
       488  6.732992E+00
       489  1.482626E+00
       490  7.000548E-01
       491  1.966977E+00
       492  3.376116E+00
       493  1.983412E+00
       494  3.398543E+00
       495  2.007859E+00
       496  3.431993E+00
       497  2.044402E+00
       498  3.473332E+00
       499  8.145758E-01
       500  1.387300E+00
       501  8.145758E-01
       502  1.387300E+00
       503  2.044402E+00
       504  3.473332E+00
       505  2.007859E+00
       506  3.431993E+00
       507  1.983412E+00
       508  3.398543E+00
       509  1.966977E+00
       510  3.376116E+00
       511  3.191918E+01
       512  1.720178E+01
       513  7.106828E+00
       514  1.607691E+00
       515  6.960751E-01
       516  3.191918E+01
       517  1.720178E+01
       518  7.106828E+00
       519  1.607691E+00
       520  6.960751E-01
       521  2.016281E+00
       522  3.520094E+00
       523  2.032967E+00
       524  3.543343E+00
       525  2.058239E+00
       526  3.578526E+00
       527  2.095759E+00
       528  3.622016E+00
       529  8.317622E-01
       530  1.440931E+00
       531  8.317622E-01
       532  1.440931E+00
       533  2.095759E+00
       534  3.622016E+00
       535  2.058239E+00
       536  3.578526E+00
       537  2.032967E+00
       538  3.543343E+00
       539  2.016281E+00
       540  3.520094E+00
       541  3.302395E+01
       542  1.787577E+01
       543  7.458921E+00
       544  1.736225E+00
       545  6.926810E-01
       546  3.302395E+01
       547  1.787577E+01
       548  7.458921E+00
       549  1.736225E+00
       550  6.926810E-01
       551  2.053439E+00
       552  3.649552E+00
       553  2.070367E+00
       554  3.673483E+00
       555  2.096494E+00
       556  3.710365E+00
       557  2.135252E+00
       558  3.755921E+00
       559  8.438401E-01
       560  1.487826E+00
       561  8.438401E-01
       562  1.487826E+00
       563  2.135252E+00
       564  3.755921E+00
       565  2.096494E+00
       566  3.710365E+00
       567  2.070367E+00
       568  3.673483E+00
       569  2.053439E+00
       570  3.649552E+00
       571  3.393453E+01
       572  1.845203E+01
       573  7.779090E+00
       574  1.866325E+00
       575  6.909916E-01
       576  3.393453E+01
       577  1.845203E+01
       578  7.779090E+00
       579  1.866325E+00
       580  6.909916E-01
       581  2.076366E+00
       582  3.760204E+00
       583  2.093549E+00
       584  3.784659E+00
       585  2.120603E+00
       586  3.823221E+00
       587  2.161030E+00
       588  3.870760E+00
       589  8.501222E-01
       590  1.526314E+00
       591  8.501222E-01
       592  1.526314E+00
       593  2.161030E+00
       594  3.870760E+00
       595  2.120603E+00
       596  3.823221E+00
       597  2.093549E+00
       598  3.784659E+00
       599  2.076366E+00
       600  3.760204E+00
       601  3.460392E+01
       602  1.890379E+01
       603  8.055505E+00
       604  1.995562E+00
       605  6.923352E-01
       606  3.460392E+01
       607  1.890379E+01
       608  8.055505E+00
       609  1.995562E+00
       610  6.923352E-01
       611  2.082917E+00
       612  3.847153E+00
       613  2.100386E+00
       614  3.871956E+00
       615  2.128466E+00
       616  3.912180E+00
       617  2.171176E+00
       618  3.961605E+00
       619  8.499154E-01
       620  1.554499E+00
       621  8.499154E-01
       622  1.554499E+00
       623  2.171176E+00
       624  3.961605E+00
       625  2.128466E+00
       626  3.912180E+00
       627  2.100386E+00
       628  3.871956E+00
       629  2.082917E+00
       630  3.847153E+00
       631  3.497984E+01
       632  1.920099E+01
       633  8.274583E+00
       634  2.120924E+00
       635  6.982799E-01
       636  3.497984E+01
       637  1.920099E+01
       638  8.274583E+00
       639  2.120924E+00
       640  6.982799E-01
       641  2.070920E+00
       642  3.904820E+00
       643  2.088716E+00
       644  3.929769E+00
       645  2.117930E+00
       646  3.971633E+00
       647  2.163730E+00
       648  4.022797E+00
       649  8.425352E-01
       650  1.570236E+00
       651  8.425352E-01
       652  1.570236E+00
       653  2.163730E+00
       654  4.022797E+00
       655  2.117930E+00
       656  3.971633E+00
       657  2.088716E+00
       658  3.929769E+00
       659  2.070920E+00
       660  3.904820E+00
       661  3.500512E+01
       662  1.931047E+01
       663  8.421009E+00
       664  2.238765E+00
       665  7.106530E-01
       666  3.500512E+01
       667  1.931047E+01
       668  8.421009E+00
       669  2.238765E+00
       670  7.106530E-01
       671  2.038225E+00
       672  3.926894E+00
       673  2.056391E+00
       674  3.951770E+00
       675  2.086836E+00
       676  3.995235E+00
       677  2.136743E+00
       678  4.047908E+00
       679  8.273315E-01
       680  1.571122E+00
       681  8.273315E-01
       682  1.571122E+00
       683  2.136743E+00
       684  4.047908E+00
       685  2.086836E+00
       686  3.995235E+00
       687  2.056391E+00
       688  3.951770E+00
       689  2.038225E+00
       690  3.926894E+00
       691  3.461909E+01
       692  1.919666E+01
       693  8.477955E+00
       694  2.344780E+00
       695  7.315337E-01
       696  3.461909E+01
       697  1.919666E+01
       698  8.477955E+00
       699  2.344780E+00
       700  7.315337E-01
       701  1.982779E+00
       702  3.906350E+00
       703  2.001358E+00
       704  3.930928E+00
       705  2.033098E+00
       706  3.975947E+00
       707  2.088371E+00
       708  4.029788E+00
       709  8.037362E-01
       710  1.554543E+00
       711  8.037362E-01
       712  1.554543E+00
       713  2.088371E+00
       714  4.029788E+00
       715  2.033098E+00
       716  3.975947E+00
       717  2.001358E+00
       718  3.930928E+00
       719  1.982779E+00
       720  3.906350E+00
       721  3.376053E+01
       722  1.882312E+01
       723  8.427601E+00
       724  2.434003E+00
       725  7.631947E-01
       726  3.376053E+01
       727  1.882312E+01
       728  8.427601E+00
       729  2.434003E+00
       730  7.631947E-01
       731  1.902729E+00
       732  3.835569E+00
       733  1.921767E+00
       734  3.859666E+00
       735  1.954833E+00
       736  3.906224E+00
       737  2.017035E+00
       738  3.960782E+00
       739  7.713345E-01
       740  1.517772E+00
       741  7.713345E-01
       742  1.517772E+00
       743  2.017035E+00
       744  3.960782E+00
       745  1.954833E+00
       746  3.906224E+00
       747  1.921767E+00
       748  3.859666E+00
       749  1.902729E+00
       750  3.835569E+00
       751  3.237244E+01
       752  1.815505E+01
       753  8.252108E+00
       754  2.500881E+00
       755  8.079768E-01
       756  3.237244E+01
       757  1.815505E+01
       758  8.252108E+00
       759  2.500881E+00
       760  8.079768E-01
       761  1.796557E+00
       762  3.706639E+00
       763  1.816123E+00
       764  3.730199E+00
       765  1.850540E+00
       766  3.778412E+00
       767  1.921648E+00
       768  3.833184E+00
       769  7.299684E-01
       770  1.458183E+00
       771  7.299684E-01
       772  1.458183E+00
       773  1.921648E+00
       774  3.833184E+00
       775  1.850540E+00
       776  3.778412E+00
       777  1.816123E+00
       778  3.730199E+00
       779  1.796557E+00
       780  3.706639E+00
       781  3.040938E+01
       782  1.716320E+01
       783  7.935147E+00
       784  2.539481E+00
       785  8.681075E-01
       786  3.040938E+01
       787  1.716320E+01
       788  7.935147E+00
       789  2.539481E+00
       790  8.681075E-01
       791  1.663251E+00
       792  3.511982E+00
       793  1.683482E+00
       794  3.535212E+00
       795  1.719346E+00
       796  3.585498E+00
       797  1.801942E+00
       798  3.640054E+00
       799  6.798747E-01
       800  1.373588E+00
       801  6.798747E-01
       802  1.373588E+00
       803  1.801942E+00
       804  3.640054E+00
       805  1.719346E+00
       806  3.585498E+00
       807  1.683482E+00
       808  3.535212E+00
       809  1.663251E+00
       810  3.511982E+00
       811  2.784689E+01
       812  1.582901E+01
       813  7.464184E+00
       814  2.544018E+00
       815  9.455610E-01
       816  2.784689E+01
       817  1.582901E+01
       818  7.464184E+00
       819  2.544018E+00
       820  9.455610E-01
       821  1.502572E+00
       822  3.245645E+00
       823  1.523733E+00
       824  3.269130E+00
       825  1.561343E+00
       826  3.322366E+00
       827  1.658902E+00
       828  3.376501E+00
       829  6.218601E-01
       830  1.262736E+00
       831  6.218601E-01
       832  1.262736E+00
       833  1.658902E+00
       834  3.376501E+00
       835  1.561343E+00
       836  3.322366E+00
       837  1.523733E+00
       838  3.269130E+00
       839  1.502572E+00
       840  3.245645E+00
       841  2.469223E+01
       842  1.415074E+01
       843  6.833569E+00
       844  2.510066E+00
       845  1.042292E+00
       846  2.469223E+01
       847  1.415074E+01
       848  6.833569E+00
       849  2.510066E+00
       850  1.042292E+00
       851  1.315605E+00
       852  2.905944E+00
       853  1.338133E+00
       854  2.930434E+00
       855  1.378095E+00
       856  2.987742E+00
       857  1.495299E+00
       858  3.041416E+00
       859  5.574800E-01
       860  1.125914E+00
       861  5.574800E-01
       862  1.125914E+00
       863  1.495299E+00
       864  3.041416E+00
       865  1.378095E+00
       866  2.987742E+00
       867  1.338133E+00
       868  2.930434E+00
       869  1.315605E+00
       870  2.905944E+00
       871  2.099491E+01
       872  1.214997E+01
       873  6.048430E+00
       874  2.436915E+00
       875  1.161635E+00
       876  2.099491E+01
       877  1.214997E+01
       878  6.048430E+00
       879  2.436915E+00
       880  1.161635E+00
       881  1.106322E+00
       882  2.500487E+00
       883  1.130540E+00
       884  2.525442E+00
       885  1.173465E+00
       886  2.586583E+00
       887  1.316413E+00
       888  2.639151E+00
       889  4.892089E-01
       890  9.654206E-01
       891  4.892089E-01
       892  9.654206E-01
       893  1.316413E+00
       894  2.639151E+00
       895  1.173465E+00
       896  2.586583E+00
       897  1.130540E+00
       898  2.525442E+00
       899  1.106322E+00
       900  2.500487E+00
       901  1.685599E+01
       902  9.877844E+00
       903  5.129771E+00
       904  2.332239E+00
       905  1.312140E+00
       906  1.685599E+01
       907  9.877844E+00
       908  5.129771E+00
       909  2.332239E+00
       910  1.312140E+00
       911  8.845485E-01
       912  2.054254E+00
       913  9.099726E-01
       914  2.073196E+00
       915  9.551438E-01
       916  2.131771E+00
       917  1.130731E+00
       918  2.179430E+00
       919  4.203472E-01
       920  7.852816E-01
       921  4.203472E-01
       922  7.852816E-01
       923  1.130731E+00
       924  2.179430E+00
       925  9.551438E-01
       926  2.131771E+00
       927  9.099726E-01
       928  2.073196E+00
       929  8.845485E-01
       930  2.054254E+00
       931  1.243489E+01
       932  7.427464E+00
       933  4.129507E+00
       934  2.222791E+00
       935  1.510932E+00
       936  1.243489E+01
       937  7.427464E+00
       938  4.129507E+00
       939  2.222791E+00
       940  1.510932E+00
       941  6.739194E-01
       942  1.615807E+00
       943  6.980480E-01
       944  1.608886E+00
       945  7.401584E-01
       946  1.644740E+00
       947  9.529040E-01
       948  1.677074E+00
       949  3.548526E-01
       950  5.910160E-01
       951  3.548526E-01
       952  5.910160E-01
       953  9.529040E-01
       954  1.677074E+00
       955  7.401584E-01
       956  1.644740E+00
       957  6.980480E-01
       958  1.608886E+00
       959  6.739194E-01
       960  1.615807E+00
       961  7.920349E+00
       962  4.975210E+00
       963  3.184910E+00
       964  2.163369E+00
       965  1.758913E+00
       966  7.920349E+00
       967  4.975210E+00
       968  3.184910E+00
       969  2.163369E+00
       970  1.758913E+00
       971  5.199118E-01
       972  1.246863E+00
       973  5.455163E-01
       974  1.181125E+00
       975  5.703312E-01
       976  1.158593E+00
       977  8.083857E-01
       978  1.159406E+00
       979  2.943772E-01
       980  3.934278E-01
       981  2.943772E-01
       982  3.934278E-01
       983  8.083857E-01
       984  1.159406E+00
       985  5.703312E-01
       986  1.158593E+00
       987  5.455163E-01
       988  1.181125E+00
       989  5.199118E-01
       990  1.246863E+00
       991  3.667174E+00
       992  2.844823E+00
       993  2.479277E+00
       994  2.198635E+00
       995  1.965504E+00
       996  3.667174E+00
       997  2.844823E+00
       998  2.479277E+00
       999  2.198635E+00
      1000  1.965504E+00
      1001  5.074736E-01
      1002  9.484937E-01
      1003  5.768327E-01
      1004  8.494790E-01
      1005  5.720027E-01
      1006  7.745689E-01
      1007  7.938973E-01
      1008  7.443532E-01
      1009  2.324977E-01
      1010  2.408962E-01
      1011  2.324977E-01
      1012  2.408962E-01
      1013  7.938973E-01
      1014  7.443532E-01
      1015  5.720027E-01
      1016  7.745689E-01
      1017  5.768327E-01
      1018  8.494790E-01
      1019  5.074736E-01
      1020  9.484937E-01
      1021  7.763118E-01
      1022  1.129668E+00
      1023  1.603927E+00
      1024  1.980708E+00
      1025  2.040247E+00
      1026  7.763118E-01
      1027  1.129668E+00
      1028  1.603927E+00
      1029  1.980708E+00
      1030  2.040247E+00
      1031  5.771115E-01
      1032  6.428550E-01
      1033  6.894618E-01
      1034  5.907765E-01
      1035  7.741960E-01
      1036  6.384393E-01
      1037  1.245593E+00
      1038  8.759393E-01
      1039  1.778063E-01
      1040  3.798681E-01
      1041  1.778063E-01
      1042  3.798681E-01
      1043  1.245593E+00
      1044  8.759393E-01
      1045  7.741960E-01
      1046  6.384393E-01
      1047  6.894618E-01
      1048  5.907765E-01
      1049  5.771115E-01
      1050  6.428550E-01
      1051  2.124900E-02
      1052  1.158623E-01
      1053  3.661523E-01
      1054  9.603869E-01
      1055  1.872903E+00
      1056  2.124900E-02
      1057  1.158623E-01
      1058  3.661523E-01
      1059  9.603869E-01
      1060  1.872903E+00
      1061  3.331751E-01
      1062  5.096388E-01
      1063  4.033686E-01
      1064  4.083022E-01
      1065  6.277014E-01
      1066  7.468760E-01
      1067  2.044861E+00
      1068  1.874305E+00
      1069  3.255881E-01
      1070  1.159308E+00
      1071  3.255881E-01
      1072  1.159308E+00
      1073  2.044861E+00
      1074  1.874305E+00
      1075  6.277014E-01
      1076  7.468760E-01
      1077  4.033686E-01
      1078  4.083022E-01
      1079  3.331751E-01
      1080  5.096388E-01

                                INCREMENT    10


 displacements (vx,vy,vz) for set TIP_TOP and time  0.1456250E-01

      1751  3.583346E-02 -1.071549E-03 -7.979614E-01
      1752  3.583888E-02 -1.035381E-03 -7.964290E-01
      1755  3.575943E-02 -9.880562E-04 -7.949495E-01
      1758  3.570085E-02 -7.770031E-04 -7.935489E-01
      1760  3.568809E-02 -2.722904E-04 -7.926977E-01
      1762  3.568765E-02 -6.179982E-16 -7.926831E-01
      1764  3.568809E-02  2.722904E-04 -7.926977E-01
      1767  3.570085E-02  7.770031E-04 -7.935489E-01
      1770  3.575943E-02  9.880562E-04 -7.949495E-01
      1773  3.583888E-02  1.035381E-03 -7.964290E-01
      1776  3.583346E-02  1.071549E-03 -7.979614E-01

 forces (fx,fy,fz) for set CLAMP and time  0.1456250E-01

         1  1.790019E+03  1.453559E+03  7.204828E+02
         4  3.244734E+03 -2.000705E-12  1.443578E+03
         5  2.515682E+03  2.246860E+03  1.068293E+02
         8  4.476279E+03 -3.760756E-12  2.301797E+02
         9  1.640573E+03  1.442767E+03 -4.100808E+01
        12  2.900099E+03 -2.867068E-12 -6.898586E+01
        13  7.923001E+02  6.851129E+02 -1.349280E+02
        16  1.397287E+03 -1.448702E-12 -2.569602E+02
        17 -7.064908E+01 -8.173195E+01 -1.545399E+02
        20 -1.317729E+02 -8.650719E-13 -3.004139E+02
        21 -6.116392E+02 -3.293832E+02 -4.954969E+02
        24 -8.439452E+02 -5.540568E-13 -1.567165E+02
        26  1.790019E+03 -1.453559E+03  7.204828E+02
        28  2.515682E+03 -2.246860E+03  1.068293E+02
        30  1.640573E+03 -1.442767E+03 -4.100808E+01
        32  7.923001E+02 -6.851129E+02 -1.349280E+02
        34 -7.064908E+01  8.173195E+01 -1.545399E+02
        36 -6.116392E+02  3.293832E+02 -4.954969E+02
        37 -3.303597E+02 -1.843009E+02 -4.911968E+02
        40 -4.238354E+02 -9.620988E+01 -8.538582E+02
        41 -7.920746E+02 -4.042656E+02 -9.516296E+01
        44 -1.207341E+03 -2.061977E+02 -1.911030E+02
        45 -5.450400E+02 -2.207714E+02  5.624910E+02
        48 -9.493335E+02 -1.101485E+02  1.033402E+03
        50 -3.607339E+02 -8.066818E+01 -8.045925E+02
        52 -1.175534E+03 -1.717313E+02 -2.027506E+02
        54 -9.881331E+02 -9.110764E+01  1.017970E+03
        56 -3.361870E+02 -5.730747E+01 -8.119953E+02
        58 -1.213480E+03 -1.204425E+02 -2.003869E+02
        60 -1.058666E+03 -6.380139E+01  1.059089E+03
        62 -8.958091E+02 -5.119074E+01 -1.212092E+02
        64 -7.957310E+02 -2.572275E+01  7.856729E+02
        66 -5.318440E+02 -1.194010E-13 -6.498218E+01
        68 -4.756470E+02 -1.821217E-13  4.702168E+02
        70 -8.958091E+02  5.119074E+01 -1.212092E+02
        72 -7.957310E+02  2.572275E+01  7.856729E+02
        74 -3.361870E+02  5.730747E+01 -8.119953E+02
        76 -1.213480E+03  1.204425E+02 -2.003869E+02
        78 -1.058666E+03  6.380139E+01  1.059089E+03
        80 -3.607339E+02  8.066818E+01 -8.045925E+02
        82 -1.175534E+03  1.717313E+02 -2.027506E+02
        84 -9.881331E+02  9.110764E+01  1.017970E+03
        86 -4.238354E+02  9.620988E+01 -8.538582E+02
        88 -1.207341E+03  2.061977E+02 -1.911030E+02
        90 -9.493335E+02  1.101485E+02  1.033402E+03
        92 -3.303597E+02  1.843009E+02 -4.911968E+02
        94 -7.920746E+02  4.042656E+02 -9.516296E+01
        96 -5.450400E+02  2.207714E+02  5.624910E+02

 internal energy (element, energy) for set EALL and time  0.1456250E-01

         1  5.631465E+00
         2  2.558696E+00
         3  8.971499E-01
         4  1.247277E-01
         5  2.257809E-01
         6  5.631465E+00
         7  2.558696E+00
         8  8.971499E-01
         9  1.247277E-01
        10  2.257809E-01
        11  4.774928E-01
        12  6.685911E-01
        13  3.876629E-01
        14  5.830069E-01
        15  3.790050E-01
        16  5.918362E-01
        17  4.053525E-01
        18  6.260528E-01
        19  1.758185E-01
        20  2.694892E-01
        21  1.758185E-01
        22  2.694892E-01
        23  4.053525E-01
        24  6.260528E-01
        25  3.790050E-01
        26  5.918362E-01
        27  3.876629E-01
        28  5.830069E-01
        29  4.774928E-01
        30  6.685911E-01
        31  5.915623E+00
        32  3.185833E+00
        33  1.133099E+00
        34  1.774626E-01
        35  2.930617E-01
        36  5.915623E+00
        37  3.185833E+00
        38  1.133099E+00
        39  1.774626E-01
        40  2.930617E-01
        41  4.123192E-01
        42  6.217368E-01
        43  4.563767E-01
        44  6.730539E-01
        45  4.634786E-01
        46  6.766779E-01
        47  4.904654E-01
        48  6.966073E-01
        49  2.091316E-01
        50  2.937680E-01
        51  2.091316E-01
        52  2.937680E-01
        53  4.904654E-01
        54  6.966073E-01
        55  4.634786E-01
        56  6.766779E-01
        57  4.563767E-01
        58  6.730539E-01
        59  4.123192E-01
        60  6.217368E-01
        61  5.986532E+00
        62  3.158731E+00
        63  1.183311E+00
        64  1.989707E-01
        65  2.936828E-01
        66  5.986532E+00
        67  3.158731E+00
        68  1.183311E+00
        69  1.989707E-01
        70  2.936828E-01
        71  3.994490E-01
        72  6.154304E-01
        73  4.536720E-01
        74  6.756746E-01
        75  4.829672E-01
        76  7.074633E-01
        77  5.016053E-01
        78  7.288800E-01
        79  2.098876E-01
        80  3.046436E-01
        81  2.098876E-01
        82  3.046436E-01
        83  5.016053E-01
        84  7.288800E-01
        85  4.829672E-01
        86  7.074633E-01
        87  4.536720E-01
        88  6.756746E-01
        89  3.994490E-01
        90  6.154304E-01
        91  6.763838E+00
        92  3.502383E+00
        93  1.310749E+00
        94  2.325565E-01
        95  3.206935E-01
        96  6.763838E+00
        97  3.502383E+00
        98  1.310749E+00
        99  2.325565E-01
       100  3.206935E-01
       101  4.805193E-01
       102  6.979258E-01
       103  5.165154E-01
       104  7.399483E-01
       105  5.449978E-01
       106  7.739487E-01
       107  5.590177E-01
       108  7.912011E-01
       109  2.299730E-01
       110  3.265288E-01
       111  2.299730E-01
       112  3.265288E-01
       113  5.590177E-01
       114  7.912011E-01
       115  5.449978E-01
       116  7.739487E-01
       117  5.165154E-01
       118  7.399483E-01
       119  4.805193E-01
       120  6.979258E-01
       121  6.684742E+00
       122  3.432126E+00
       123  1.280629E+00
       124  2.286882E-01
       125  2.936506E-01
       126  6.684742E+00
       127  3.432126E+00
       128  1.280629E+00
       129  2.286882E-01
       130  2.936506E-01
       131  4.861499E-01
       132  7.148191E-01
       133  5.025685E-01
       134  7.350706E-01
       135  5.187202E-01
       136  7.548460E-01
       137  5.298395E-01
       138  7.664610E-01
       139  2.181758E-01
       140  3.156359E-01
       141  2.181758E-01
       142  3.156359E-01
       143  5.298395E-01
       144  7.664610E-01
       145  5.187202E-01
       146  7.548460E-01
       147  5.025685E-01
       148  7.350706E-01
       149  4.861499E-01
       150  7.148191E-01
       151  6.564660E+00
       152  3.373455E+00
       153  1.264238E+00
       154  2.299988E-01
       155  2.720274E-01
       156  6.564660E+00
       157  3.373455E+00
       158  1.264238E+00
       159  2.299988E-01
       160  2.720274E-01
       161  4.837859E-01
       162  7.190233E-01
       163  4.899366E-01
       164  7.257747E-01
       165  4.981613E-01
       166  7.346713E-01
       167  5.065072E-01
       168  7.412342E-01
       169  2.081424E-01
       170  3.042211E-01
       171  2.081424E-01
       172  3.042211E-01
       173  5.065072E-01
       174  7.412342E-01
       175  4.981613E-01
       176  7.346713E-01
       177  4.899366E-01
       178  7.257747E-01
       179  4.837859E-01
       180  7.190233E-01
       181  6.419183E+00
       182  3.312665E+00
       183  1.252686E+00
       184  2.341202E-01
       185  2.540392E-01
       186  6.419183E+00
       187  3.312665E+00
       188  1.252686E+00
       189  2.341202E-01
       190  2.540392E-01
       191  4.740946E-01
       192  7.111748E-01
       193  4.763490E-01
       194  7.122705E-01
       195  4.805475E-01
       196  7.156988E-01
       197  4.866088E-01
       198  7.194200E-01
       199  1.990891E-01
       200  2.941853E-01
       201  1.990891E-01
       202  2.941853E-01
       203  4.866088E-01
       204  7.194200E-01
       205  4.805475E-01
       206  7.156988E-01
       207  4.763490E-01
       208  7.122705E-01
       209  4.740946E-01
       210  7.111748E-01
       211  6.262100E+00
       212  3.247324E+00
       213  1.240813E+00
       214  2.387585E-01
       215  2.380635E-01
       216  6.262100E+00
       217  3.247324E+00
       218  1.240813E+00
       219  2.387585E-01
       220  2.380635E-01
       221  4.606644E-01
       222  6.964887E-01
       223  4.616743E-01
       224  6.960693E-01
       225  4.639946E-01
       226  6.974898E-01
       227  4.685946E-01
       228  6.996950E-01
       229  1.908422E-01
       230  2.850203E-01
       231  1.908422E-01
       232  2.850203E-01
       233  4.685946E-01
       234  6.996950E-01
       235  4.639946E-01
       236  6.974898E-01
       237  4.616743E-01
       238  6.960693E-01
       239  4.606644E-01
       240  6.964887E-01
       241  6.097681E+00
       242  3.177622E+00
       243  1.226998E+00
       244  2.430125E-01
       245  2.232893E-01
       246  6.097681E+00
       247  3.177622E+00
       248  1.226998E+00
       249  2.430125E-01
       250  2.232893E-01
       251  4.454221E-01
       252  6.786466E-01
       253  4.460241E-01
       254  6.781783E-01
       255  4.474479E-01
       256  6.790204E-01
       257  4.511324E-01
       258  6.803935E-01
       259  1.829037E-01
       260  2.761208E-01
       261  1.829037E-01
       262  2.761208E-01
       263  4.511324E-01
       264  6.803935E-01
       265  4.474479E-01
       266  6.790204E-01
       267  4.460241E-01
       268  6.781783E-01
       269  4.454221E-01
       270  6.786466E-01
       271  5.928059E+00
       272  3.104282E+00
       273  1.211065E+00
       274  2.465836E-01
       275  2.092047E-01
       276  5.928059E+00
       277  3.104282E+00
       278  1.211065E+00
       279  2.465836E-01
       280  2.092047E-01
       281  4.293792E-01
       282  6.595833E-01
       283  4.297487E-01
       284  6.593278E-01
       285  4.306375E-01
       286  6.600147E-01
       287  4.336887E-01
       288  6.608775E-01
       289  1.750691E-01
       290  2.672339E-01
       291  1.750691E-01
       292  2.672339E-01
       293  4.336887E-01
       294  6.608775E-01
       295  4.306375E-01
       296  6.600147E-01
       297  4.297487E-01
       298  6.593278E-01
       299  4.293792E-01
       300  6.595833E-01
       301  5.755121E+00
       302  3.028313E+00
       303  1.193335E+00
       304  2.494445E-01
       305  1.956334E-01
       306  5.755121E+00
       307  3.028313E+00
       308  1.193335E+00
       309  2.494445E-01
       310  1.956334E-01
       311  4.130078E-01
       312  6.401661E-01
       313  4.131465E-01
       314  6.400511E-01
       315  4.136196E-01
       316  6.406433E-01
       317  4.161758E-01
       318  6.411170E-01
       319  1.672884E-01
       320  2.583259E-01
       321  1.672884E-01
       322  2.583259E-01
       323  4.161758E-01
       324  6.411170E-01
       325  4.136196E-01
       326  6.406433E-01
       327  4.131465E-01
       328  6.400511E-01
       329  4.130078E-01
       330  6.401661E-01
       331  5.581103E+00
       332  2.950932E+00
       333  1.174311E+00
       334  2.516722E-01
       335  1.825590E-01
       336  5.581103E+00
       337  2.950932E+00
       338  1.174311E+00
       339  2.516722E-01
       340  1.825590E-01
       341  3.965648E-01
       342  6.208161E-01
       343  3.964657E-01
       344  6.207463E-01
       345  3.965791E-01
       346  6.212164E-01
       347  3.987195E-01
       348  6.213453E-01
       349  1.596038E-01
       350  2.494751E-01
       351  1.596038E-01
       352  2.494751E-01
       353  3.987195E-01
       354  6.213453E-01
       355  3.965791E-01
       356  6.212164E-01
       357  3.964657E-01
       358  6.207463E-01
       359  3.965648E-01
       360  6.208161E-01
       361  5.408572E+00
       362  2.873482E+00
       363  1.154550E+00
       364  2.533832E-01
       365  1.700386E-01
       366  5.408572E+00
       367  2.873482E+00
       368  1.154550E+00
       369  2.533832E-01
       370  1.700386E-01
       371  3.802323E-01
       372  6.018148E-01
       373  3.799165E-01
       374  6.017360E-01
       375  3.797259E-01
       376  6.020627E-01
       377  3.815130E-01
       378  6.018788E-01
       379  1.520913E-01
       380  2.408007E-01
       381  1.520913E-01
       382  2.408007E-01
       383  3.815130E-01
       384  6.018788E-01
       385  3.797259E-01
       386  6.020627E-01
       387  3.799165E-01
       388  6.017360E-01
       389  3.802323E-01
       390  6.018148E-01
       391  5.240144E+00
       392  2.797311E+00
       393  1.134613E+00
       394  2.547214E-01
       395  1.581570E-01
       396  5.240144E+00
       397  2.797311E+00
       398  1.134613E+00
       399  2.547214E-01
       400  1.581570E-01
       401  3.641667E-01
       402  5.834088E-01
       403  3.636796E-01
       404  5.833032E-01
       405  3.632549E-01
       406  5.834907E-01
       407  3.647524E-01
       408  5.830386E-01
       409  1.448316E-01
       410  2.324268E-01
       411  1.448316E-01
       412  2.324268E-01
       413  3.647524E-01
       414  5.830386E-01
       415  3.632549E-01
       416  5.834907E-01
       417  3.636796E-01
       418  5.833032E-01
       419  3.641667E-01
       420  5.834088E-01
       421  5.078183E+00
       422  2.723648E+00
       423  1.115037E+00
       424  2.558556E-01
       425  1.470093E-01
       426  5.078183E+00
       427  2.723648E+00
       428  1.115037E+00
       429  2.558556E-01
       430  1.470093E-01
       431  3.485026E-01
       432  5.658245E-01
       433  3.479050E-01
       434  5.656969E-01
       435  3.473297E-01
       436  5.657723E-01
       437  3.486098E-01
       438  5.651144E-01
       439  1.378955E-01
       440  2.244641E-01
       441  1.378955E-01
       442  2.244641E-01
       443  3.486098E-01
       444  5.651144E-01
       445  3.473297E-01
       446  5.657723E-01
       447  3.479050E-01
       448  5.656969E-01
       449  3.485026E-01
       450  5.658245E-01
       451  4.924523E+00
       452  2.653476E+00
       453  1.096287E+00
       454  2.569728E-01
       455  1.366932E-01
       456  4.924523E+00
       457  2.653476E+00
       458  1.096287E+00
       459  2.569728E-01
       460  1.366932E-01
       461  3.333451E-01
       462  5.492499E-01
       463  3.327060E-01
       464  5.491172E-01
       465  3.320728E-01
       466  5.491247E-01
       467  3.332191E-01
       468  5.483397E-01
       469  1.313351E-01
       470  2.169993E-01
       471  1.313351E-01
       472  2.169993E-01
       473  3.332191E-01
       474  5.483397E-01
       475  3.320728E-01
       476  5.491247E-01
       477  3.327060E-01
       478  5.491172E-01
       479  3.333451E-01
       480  5.492499E-01
       481  4.780232E+00
       482  2.587407E+00
       483  1.078707E+00
       484  2.582600E-01
       485  1.273026E-01
       486  4.780232E+00
       487  2.587407E+00
       488  1.078707E+00
       489  2.582600E-01
       490  1.273026E-01
       491  3.187597E-01
       492  5.338061E-01
       493  3.181506E-01
       494  5.336912E-01
       495  3.175568E-01
       496  5.336873E-01
       497  3.186667E-01
       498  5.328676E-01
       499  1.251786E-01
       500  2.100859E-01
       501  1.251786E-01
       502  2.100859E-01
       503  3.186667E-01
       504  5.328676E-01
       505  3.175568E-01
       506  5.336873E-01
       507  3.181506E-01
       508  5.336912E-01
       509  3.187597E-01
       510  5.338061E-01
       511  4.645393E+00
       512  2.525557E+00
       513  1.062461E+00
       514  2.598816E-01
       515  1.189208E-01
       516  4.645393E+00
       517  2.525557E+00
       518  1.062461E+00
       519  2.598816E-01
       520  1.189208E-01
       521  3.047637E-01
       522  5.195179E-01
       523  3.042537E-01
       524  5.194466E-01
       525  3.037957E-01
       526  5.194974E-01
       527  3.049815E-01
       528  5.187465E-01
       529  1.194259E-01
       530  2.037355E-01
       531  1.194259E-01
       532  2.037355E-01
       533  3.049815E-01
       534  5.187465E-01
       535  3.037957E-01
       536  5.194974E-01
       537  3.042537E-01
       538  5.194466E-01
       539  3.047637E-01
       540  5.195179E-01
       541  4.518929E+00
       542  2.467445E+00
       543  1.047474E+00
       544  2.619526E-01
       545  1.116143E-01
       546  4.518929E+00
       547  2.467445E+00
       548  1.047474E+00
       549  2.619526E-01
       550  1.116143E-01
       551  2.913202E-01
       552  5.062882E-01
       553  2.909704E-01
       554  5.062878E-01
       555  2.907386E-01
       556  5.064670E-01
       557  2.921263E-01
       558  5.058966E-01
       559  1.140461E-01
       560  1.979088E-01
       561  1.140461E-01
       562  1.979088E-01
       563  2.921263E-01
       564  5.058966E-01
       565  2.907386E-01
       566  5.064670E-01
       567  2.909704E-01
       568  5.062878E-01
       569  2.913202E-01
       570  5.062882E-01
       571  4.398470E+00
       572  2.411900E+00
       573  1.033376E+00
       574  2.645149E-01
       575  1.054316E-01
       576  4.398470E+00
       577  2.411900E+00
       578  1.033376E+00
       579  2.645149E-01
       580  1.054316E-01
       581  2.783334E-01
       582  4.938781E-01
       583  2.781926E-01
       584  4.939765E-01
       585  2.782652E-01
       586  4.943631E-01
       587  2.799907E-01
       588  4.940873E-01
       589  1.089773E-01
       590  1.925078E-01
       591  1.089773E-01
       592  1.925078E-01
       593  2.799907E-01
       594  4.940873E-01
       595  2.782652E-01
       596  4.943631E-01
       597  2.781926E-01
       598  4.939765E-01
       599  2.783334E-01
       600  4.938781E-01
       601  4.280290E+00
       602  2.357012E+00
       603  1.019474E+00
       604  2.675191E-01
       605  1.004060E-01
       606  4.280290E+00
       607  2.357012E+00
       608  1.019474E+00
       609  2.675191E-01
       610  1.004060E-01
       611  2.656471E-01
       612  4.818944E-01
       613  2.657485E-01
       614  4.821194E-01
       615  2.661866E-01
       616  4.827939E-01
       617  2.683890E-01
       618  4.829220E-01
       619  1.041283E-01
       620  1.873694E-01
       621  1.041283E-01
       622  1.873694E-01
       623  2.683890E-01
       624  4.829220E-01
       625  2.661866E-01
       626  4.827939E-01
       627  2.657485E-01
       628  4.821194E-01
       629  2.656471E-01
       630  4.818944E-01
       631  4.159334E+00
       632  2.300128E+00
       633  1.004724E+00
       634  2.708118E-01
       635  9.656501E-02
       636  4.159334E+00
       637  2.300128E+00
       638  1.004724E+00
       639  2.708118E-01
       640  9.656501E-02
       641  2.530464E-01
       642  4.697867E-01
       643  2.534065E-01
       644  4.701654E-01
       645  2.542501E-01
       646  4.712048E-01
       647  2.570642E-01
       648  4.718312E-01
       649  9.938394E-02
       650  1.822634E-01
       651  9.938394E-02
       652  1.822634E-01
       653  2.570642E-01
       654  4.718312E-01
       655  2.542501E-01
       656  4.712048E-01
       657  2.534065E-01
       658  4.701654E-01
       659  2.530464E-01
       660  4.697867E-01
       661  4.029359E+00
       662  2.237907E+00
       663  9.877513E-01
       664  2.741312E-01
       665  9.394236E-02
       666  4.029359E+00
       667  2.237907E+00
       668  9.877513E-01
       669  2.741312E-01
       670  9.394236E-02
       671  2.402651E-01
       672  4.568564E-01
       673  2.408848E-01
       674  4.574144E-01
       675  2.421514E-01
       676  4.588883E-01
       677  2.457019E-01
       678  4.600822E-01
       679  9.461351E-02
       680  1.768972E-01
       681  9.461351E-02
       682  1.768972E-01
       683  2.457019E-01
       684  4.600822E-01
       685  2.421514E-01
       686  4.588883E-01
       687  2.408848E-01
       688  4.574144E-01
       689  2.402651E-01
       690  4.568564E-01
       691  3.883225E+00
       692  2.166452E+00
       693  9.668821E-01
       694  2.771082E-01
       695  9.259067E-02
       696  3.883225E+00
       697  2.166452E+00
       698  9.668821E-01
       699  2.771082E-01
       700  9.259067E-02
       701  2.269968E-01
       702  4.422793E-01
       703  2.278652E-01
       704  4.430411E-01
       705  2.295518E-01
       706  4.450089E-01
       707  2.339543E-01
       708  4.468072E-01
       709  8.968261E-02
       710  1.709304E-01
       711  8.968261E-02
       712  1.709304E-01
       713  2.339543E-01
       714  4.468072E-01
       715  2.295518E-01
       716  4.450089E-01
       717  2.278652E-01
       718  4.430411E-01
       719  2.269968E-01
       720  4.422793E-01
       721  3.713324E+00
       722  2.081515E+00
       723  9.402189E-01
       724  2.792749E-01
       725  9.259026E-02
       726  3.713324E+00
       727  2.081515E+00
       728  9.402189E-01
       729  2.792749E-01
       730  9.259026E-02
       731  2.129123E-01
       732  4.251414E-01
       733  2.140129E-01
       734  4.261330E-01
       735  2.161028E-01
       736  4.286471E-01
       737  2.214735E-01
       738  4.310539E-01
       739  8.446762E-02
       740  1.639973E-01
       741  8.446762E-02
       742  1.639973E-01
       743  2.214735E-01
       744  4.310539E-01
       745  2.161028E-01
       746  4.286471E-01
       747  2.140129E-01
       748  4.261330E-01
       749  2.129123E-01
       750  4.251414E-01
       751  3.512139E+00
       752  1.978784E+00
       753  9.057469E-01
       754  2.800819E-01
       755  9.405549E-02
       756  3.512139E+00
       757  1.978784E+00
       758  9.057469E-01
       759  2.800819E-01
       760  9.405549E-02
       761  1.976817E-01
       762  4.044895E-01
       763  1.989992E-01
       764  4.057447E-01
       765  2.014737E-01
       766  4.088604E-01
       767  2.079529E-01
       768  4.118566E-01
       769  7.887171E-02
       770  1.557397E-01
       771  7.887171E-02
       772  1.557397E-01
       773  2.079529E-01
       774  4.118566E-01
       775  2.014737E-01
       776  4.088604E-01
       777  1.989992E-01
       778  4.057447E-01
       779  1.976817E-01
       780  4.044895E-01
       781  3.272906E+00
       782  1.854222E+00
       783  8.614764E-01
       784  2.789351E-01
       785  9.714577E-02
       786  3.272906E+00
       787  1.854222E+00
       788  8.614764E-01
       789  2.789351E-01
       790  9.714577E-02
       791  1.809978E-01
       792  3.793992E-01
       793  1.825276E-01
       794  3.809690E-01
       795  1.853824E-01
       796  3.847623E-01
       797  1.931709E-01
       798  3.883233E-01
       799  7.284137E-02
       800  1.458426E-01
       801  7.284137E-02
       802  1.458426E-01
       803  1.931709E-01
       804  3.883233E-01
       805  1.853824E-01
       806  3.847623E-01
       807  1.825276E-01
       808  3.809690E-01
       809  1.809978E-01
       810  3.793992E-01
       811  2.990268E+00
       812  1.704438E+00
       813  8.056303E-01
       814  2.752733E-01
       815  1.021009E-01
       816  2.990268E+00
       817  1.704438E+00
       818  8.056303E-01
       819  2.752733E-01
       820  1.021009E-01
       821  1.626089E-01
       822  3.490847E-01
       823  1.643652E-01
       824  3.510418E-01
       825  1.676295E-01
       826  3.556215E-01
       827  1.770385E-01
       828  3.597356E-01
       829  6.638285E-02
       830  1.340728E-01
       831  6.638285E-02
       832  1.340728E-01
       833  1.770385E-01
       834  3.597356E-01
       835  1.676295E-01
       836  3.556215E-01
       837  1.643652E-01
       838  3.510418E-01
       839  1.626089E-01
       840  3.490847E-01
       841  2.660851E+00
       842  1.527066E+00
       843  7.368886E-01
       844  2.687263E-01
       845  1.093421E-01
       846  2.660851E+00
       847  1.527066E+00
       848  7.368886E-01
       849  2.687263E-01
       850  1.093421E-01
       851  1.423739E-01
       852  3.131129E-01
       853  1.443949E-01
       854  3.155173E-01
       855  1.481410E-01
       856  3.209935E-01
       857  1.596499E-01
       858  3.256508E-01
       859  5.957645E-02
       860  1.203111E-01
       861  5.957645E-02
       862  1.203111E-01
       863  1.596499E-01
       864  3.256508E-01
       865  1.481410E-01
       866  3.209935E-01
       867  1.443949E-01
       868  3.155173E-01
       869  1.423739E-01
       870  3.131129E-01
       871  2.283766E+00
       872  1.321155E+00
       873  6.547118E-01
       874  2.593992E-01
       875  1.197156E-01
       876  2.283766E+00
       877  1.321155E+00
       878  6.547118E-01
       879  2.593992E-01
       880  1.197156E-01
       881  1.204287E-01
       882  2.718442E-01
       883  1.227407E-01
       884  2.745679E-01
       885  1.270442E-01
       886  2.808633E-01
       887  1.413569E-01
       888  2.859631E-01
       889  5.259123E-02
       890  1.045605E-01
       891  5.259123E-02
       892  1.045605E-01
       893  1.413569E-01
       894  2.859631E-01
       895  1.270442E-01
       896  2.808633E-01
       897  1.227407E-01
       898  2.745679E-01
       899  1.204287E-01
       900  2.718442E-01
       901  1.861355E+00
       902  1.087754E+00
       903  5.598656E-01
       904  2.484049E-01
       905  1.349944E-01
       906  1.861355E+00
       907  1.087754E+00
       908  5.598656E-01
       909  2.484049E-01
       910  1.349944E-01
       911  9.752649E-02
       912  2.272338E-01
       913  1.000512E-01
       914  2.294144E-01
       915  1.048208E-01
       916  2.357088E-01
       917  1.228383E-01
       918  2.407607E-01
       919  4.567562E-02
       920  8.687013E-02
       921  4.567562E-02
       922  8.687013E-02
       923  1.228383E-01
       924  2.407607E-01
       925  1.048208E-01
       926  2.357088E-01
       927  1.000512E-01
       928  2.294144E-01
       929  9.752649E-02
       930  2.272338E-01
       931  1.400698E+00
       932  8.317249E-01
       933  4.562917E-01
       934  2.391058E-01
       935  1.582742E-01
       936  1.400698E+00
       937  8.317249E-01
       938  4.562917E-01
       939  2.391058E-01
       940  1.582742E-01
       941  7.604855E-02
       942  1.835915E-01
       943  7.840882E-02
       944  1.827319E-01
       945  8.294055E-02
       946  1.865262E-01
       947  1.053979E-01
       948  1.901975E-01
       949  3.915722E-02
       950  6.727118E-02
       951  3.915722E-02
       952  6.727118E-02
       953  1.053979E-01
       954  1.901975E-01
       955  8.294055E-02
       956  1.865262E-01
       957  7.840882E-02
       958  1.827319E-01
       959  7.604855E-02
       960  1.835915E-01
       961  9.125855E-01
       962  5.679062E-01
       963  3.580746E-01
       964  2.382735E-01
       965  1.909594E-01
       966  9.125855E-01
       967  5.679062E-01
       968  3.580746E-01
       969  2.382735E-01
       970  1.909594E-01
       971  6.115365E-02
       972  1.467778E-01
       973  6.347060E-02
       974  1.386986E-01
       975  6.575646E-02
       976  1.354170E-01
       977  9.137564E-02
       978  1.354311E-01
       979  3.311777E-02
       980  4.622258E-02
       981  3.311777E-02
       982  4.622258E-02
       983  9.137564E-02
       984  1.354311E-01
       985  6.575646E-02
       986  1.354170E-01
       987  6.347060E-02
       988  1.386986E-01
       989  6.115365E-02
       990  1.467778E-01
       991  4.317831E-01
       992  3.314329E-01
       993  2.859903E-01
       994  2.512268E-01
       995  2.227847E-01
       996  4.317831E-01
       997  3.314329E-01
       998  2.859903E-01
       999  2.512268E-01
      1000  2.227847E-01
      1001  6.277336E-02
      1002  1.157221E-01
      1003  7.002021E-02
      1004  1.033288E-01
      1005  6.809905E-02
      1006  9.317646E-02
      1007  9.168320E-02
      1008  8.875610E-02
      1009  2.677693E-02
      1010  2.873488E-02
      1011  2.677693E-02
      1012  2.873488E-02
      1013  9.168320E-02
      1014  8.875610E-02
      1015  6.809905E-02
      1016  9.317646E-02
      1017  7.002021E-02
      1018  1.033288E-01
      1019  6.277336E-02
      1020  1.157221E-01
      1021  9.308609E-02
      1022  1.346193E-01
      1023  1.906044E-01
      1024  2.347249E-01
      1025  2.406748E-01
      1026  9.308609E-02
      1027  1.346193E-01
      1028  1.906044E-01
      1029  2.347249E-01
      1030  2.406748E-01
      1031  7.245573E-02
      1032  8.026346E-02
      1033  8.504367E-02
      1034  7.354769E-02
      1035  9.381903E-02
      1036  7.784221E-02
      1037  1.475179E-01
      1038  1.045855E-01
      1039  2.100293E-02
      1040  4.501366E-02
      1041  2.100293E-02
      1042  4.501366E-02
      1043  1.475179E-01
      1044  1.045855E-01
      1045  9.381903E-02
      1046  7.784221E-02
      1047  8.504367E-02
      1048  7.354769E-02
      1049  7.245573E-02
      1050  8.026346E-02
      1051  2.590850E-03
      1052  1.412597E-02
      1053  4.460727E-02
      1054  1.169180E-01
      1055  2.278925E-01
      1056  2.590850E-03
      1057  1.412597E-02
      1058  4.460727E-02
      1059  1.169180E-01
      1060  2.278925E-01
      1061  4.154446E-02
      1062  6.345047E-02
      1063  4.966836E-02
      1064  5.062475E-02
      1065  7.626551E-02
      1066  9.078756E-02
      1067  2.470708E-01
      1068  2.256260E-01
      1069  3.965783E-02
      1070  1.396124E-01
      1071  3.965783E-02
      1072  1.396124E-01
      1073  2.470708E-01
      1074  2.256260E-01
      1075  7.626551E-02
      1076  9.078756E-02
      1077  4.966836E-02
      1078  5.062475E-02
      1079  4.154446E-02
      1080  6.345047E-02

                                INCREMENT    15


 displacements (vx,vy,vz) for set TIP_TOP and time  0.2456250E-01

      1751  5.178894E-02 -1.663460E-04 -1.295027E+00
      1752  5.179991E-02 -1.641679E-04 -1.294802E+00
      1755  5.180866E-02 -1.518545E-04 -1.294579E+00
      1758  5.181754E-02 -1.126644E-04 -1.294384E+00
      1760  5.182306E-02 -3.777667E-05 -1.294265E+00
      1762  5.182266E-02  1.428755E-15 -1.294256E+00
      1764  5.182306E-02  3.777667E-05 -1.294265E+00
      1767  5.181754E-02  1.126644E-04 -1.294384E+00
      1770  5.180866E-02  1.518545E-04 -1.294579E+00
      1773  5.179991E-02  1.641679E-04 -1.294802E+00
      1776  5.178894E-02  1.663460E-04 -1.295027E+00

 forces (fx,fy,fz) for set CLAMP and time  0.2456250E-01

         1  3.584659E+03  2.905991E+03  1.444565E+03
         4  6.499439E+03 -1.696032E-12  2.894613E+03
         5  5.016261E+03  4.478272E+03  2.247510E+02
         8  8.926055E+03 -3.324008E-12  4.829563E+02
         9  3.259636E+03  2.865228E+03 -6.248899E+01
        12  5.761915E+03 -1.805611E-12 -9.858975E+01
        13  1.566150E+03  1.353696E+03 -2.462978E+02
        16  2.761989E+03 -2.046419E-12 -4.662867E+02
        17 -1.547639E+02 -1.743294E+02 -2.848519E+02
        20 -2.866962E+02 -8.124335E-13 -5.525916E+02
        21 -1.214287E+03 -6.665701E+02 -9.759387E+02
        24 -1.700328E+03 -2.583489E-13 -2.884302E+02
        26  3.584659E+03 -2.905991E+03  1.444565E+03
        28  5.016261E+03 -4.478272E+03  2.247510E+02
        30  3.259636E+03 -2.865228E+03 -6.248899E+01
        32  1.566150E+03 -1.353696E+03 -2.462978E+02
        34 -1.547639E+02  1.743294E+02 -2.848519E+02
        36 -1.214287E+03  6.665701E+02 -9.759387E+02
        37 -6.468789E+02 -3.650357E+02 -9.710927E+02
        40 -8.197304E+02 -1.927254E+02 -1.686211E+03
        41 -1.572473E+03 -8.033198E+02 -1.946631E+02
        44 -2.395032E+03 -4.136672E+02 -3.907543E+02
        45 -1.090806E+03 -4.398808E+02  1.118518E+03
        48 -1.904327E+03 -2.212821E+02  2.056712E+03
        50 -6.924854E+02 -1.629780E+02 -1.590681E+03
        52 -2.336680E+03 -3.480302E+02 -4.147657E+02
        54 -1.988880E+03 -1.851154E+02  2.031445E+03
        56 -6.412973E+02 -1.184848E+02 -1.611311E+03
        58 -2.423091E+03 -2.496427E+02 -4.091899E+02
        60 -2.143670E+03 -1.326805E+02  2.124982E+03
        62 -1.800963E+03 -1.086934E+02 -2.425864E+02
        64 -1.622561E+03 -5.479309E+01  1.586965E+03
        66 -1.072354E+03  6.711992E-14 -1.277603E+02
        68 -9.725539E+02 -8.084505E-14  9.525859E+02
        70 -1.800963E+03  1.086934E+02 -2.425864E+02
        72 -1.622561E+03  5.479309E+01  1.586965E+03
        74 -6.412973E+02  1.184848E+02 -1.611311E+03
        76 -2.423091E+03  2.496427E+02 -4.091899E+02
        78 -2.143670E+03  1.326805E+02  2.124982E+03
        80 -6.924854E+02  1.629780E+02 -1.590681E+03
        82 -2.336680E+03  3.480302E+02 -4.147657E+02
        84 -1.988880E+03  1.851154E+02  2.031445E+03
        86 -8.197304E+02  1.927254E+02 -1.686211E+03
        88 -2.395032E+03  4.136672E+02 -3.907543E+02
        90 -1.904327E+03  2.212821E+02  2.056712E+03
        92 -6.468789E+02  3.650357E+02 -9.710927E+02
        94 -1.572473E+03  8.033198E+02 -1.946631E+02
        96 -1.090806E+03  4.398808E+02  1.118518E+03

 internal energy (element, energy) for set EALL and time  0.2456250E-01

         1  2.248305E+01
         2  1.014426E+01
         3  3.536407E+00
         4  4.877453E-01
         5  9.180411E-01
         6  2.248305E+01
         7  1.014426E+01
         8  3.536407E+00
         9  4.877453E-01
        10  9.180411E-01
        11  1.870877E+00
        12  2.646682E+00
        13  1.522307E+00
        14  2.316315E+00
        15  1.496912E+00
        16  2.366961E+00
        17  1.623318E+00
        18  2.530158E+00
        19  7.115982E-01
        20  1.096340E+00
        21  7.115982E-01
        22  1.096340E+00
        23  1.623318E+00
        24  2.530158E+00
        25  1.496912E+00
        26  2.366961E+00
        27  1.522307E+00
        28  2.316315E+00
        29  1.870877E+00
        30  2.646682E+00
        31  2.343751E+01
        32  1.258612E+01
        33  4.468530E+00
        34  7.145388E-01
        35  1.197635E+00
        36  2.343751E+01
        37  1.258612E+01
        38  4.468530E+00
        39  7.145388E-01
        40  1.197635E+00
        41  1.610546E+00
        42  2.447466E+00
        43  1.791092E+00
        44  2.657423E+00
        45  1.831470E+00
        46  2.683646E+00
        47  1.956908E+00
        48  2.776866E+00
        49  8.377496E-01
        50  1.173505E+00
        51  8.377496E-01
        52  1.173505E+00
        53  1.956908E+00
        54  2.776866E+00
        55  1.831470E+00
        56  2.683646E+00
        57  1.791092E+00
        58  2.657423E+00
        59  1.610546E+00
        60  2.447466E+00
        61  2.354298E+01
        62  1.240351E+01
        63  4.649355E+00
        64  8.036247E-01
        65  1.195058E+00
        66  2.354298E+01
        67  1.240351E+01
        68  4.649355E+00
        69  8.036247E-01
        70  1.195058E+00
        71  1.557235E+00
        72  2.408553E+00
        73  1.776812E+00
        74  2.651516E+00
        75  1.902124E+00
        76  2.786295E+00
        77  1.988260E+00
        78  2.882363E+00
        79  8.329804E-01
        80  1.206014E+00
        81  8.329804E-01
        82  1.206014E+00
        83  1.988260E+00
        84  2.882363E+00
        85  1.902124E+00
        86  2.786295E+00
        87  1.776812E+00
        88  2.651516E+00
        89  1.557235E+00
        90  2.408553E+00
        91  2.639638E+01
        92  1.365498E+01
        93  5.117124E+00
        94  9.343788E-01
        95  1.295795E+00
        96  2.639638E+01
        97  1.365498E+01
        98  5.117124E+00
        99  9.343788E-01
       100  1.295795E+00
       101  1.867834E+00
       102  2.714004E+00
       103  2.013263E+00
       104  2.883801E+00
       105  2.132346E+00
       106  3.026322E+00
       107  2.198616E+00
       108  3.104920E+00
       109  9.050641E-01
       110  1.282075E+00
       111  9.050641E-01
       112  1.282075E+00
       113  2.198616E+00
       114  3.104920E+00
       115  2.132346E+00
       116  3.026322E+00
       117  2.013263E+00
       118  2.883801E+00
       119  1.867834E+00
       120  2.714004E+00
       121  2.586421E+01
       122  1.326989E+01
       123  4.961772E+00
       124  9.142319E-01
       125  1.179134E+00
       126  2.586421E+01
       127  1.326989E+01
       128  4.961772E+00
       129  9.142319E-01
       130  1.179134E+00
       131  1.878974E+00
       132  2.759272E+00
       133  1.945165E+00
       134  2.842364E+00
       135  2.013170E+00
       136  2.927396E+00
       137  2.065957E+00
       138  2.981814E+00
       139  8.508041E-01
       140  1.228049E+00
       141  8.508041E-01
       142  1.228049E+00
       143  2.065957E+00
       144  2.981814E+00
       145  2.013170E+00
       146  2.927396E+00
       147  1.945165E+00
       148  2.842364E+00
       149  1.878974E+00
       150  2.759272E+00
       151  2.516485E+01
       152  1.292375E+01
       153  4.856637E+00
       154  9.143579E-01
       155  1.087255E+00
       156  2.516485E+01
       157  1.292375E+01
       158  4.856637E+00
       159  9.143579E-01
       160  1.087255E+00
       161  1.854872E+00
       162  2.752011E+00
       163  1.880099E+00
       164  2.781927E+00
       165  1.916075E+00
       166  2.823683E+00
       167  1.957363E+00
       168  2.857275E+00
       169  8.041339E-01
       170  1.172376E+00
       171  8.041339E-01
       172  1.172376E+00
       173  1.957363E+00
       174  2.857275E+00
       175  1.916075E+00
       176  2.823683E+00
       177  1.880099E+00
       178  2.781927E+00
       179  1.854872E+00
       180  2.752011E+00
       181  2.435744E+01
       182  1.256202E+01
       183  4.766287E+00
       184  9.251812E-01
       185  1.012181E+00
       186  2.435744E+01
       187  1.256202E+01
       188  4.766287E+00
       189  9.251812E-01
       190  1.012181E+00
       191  1.799342E+00
       192  2.695405E+00
       193  1.809500E+00
       194  2.703329E+00
       195  1.829839E+00
       196  2.723769E+00
       197  1.862671E+00
       198  2.746110E+00
       199  7.616800E-01
       200  1.122303E+00
       201  7.616800E-01
       202  1.122303E+00
       203  1.862671E+00
       204  2.746110E+00
       205  1.829839E+00
       206  2.723769E+00
       207  1.809500E+00
       208  2.703329E+00
       209  1.799342E+00
       210  2.695405E+00
       211  2.349126E+01
       212  1.217331E+01
       213  4.670096E+00
       214  9.374444E-01
       215  9.467528E-01
       216  2.349126E+01
       217  1.217331E+01
       218  4.670096E+00
       219  9.374444E-01
       220  9.467528E-01
       221  1.727142E+00
       222  2.610076E+00
       223  1.732997E+00
       224  2.612290E+00
       225  1.746719E+00
       226  2.625341E+00
       227  1.775123E+00
       228  2.642225E+00
       229  7.224969E-01
       230  1.075439E+00
       231  7.224969E-01
       232  1.075439E+00
       233  1.775123E+00
       234  2.642225E+00
       235  1.746719E+00
       236  2.625341E+00
       237  1.732997E+00
       238  2.612290E+00
       239  1.727142E+00
       240  2.610076E+00
       241  2.257731E+01
       242  1.175595E+01
       243  4.561126E+00
       244  9.475884E-01
       245  8.874162E-01
       246  2.257731E+01
       247  1.175595E+01
       248  4.561126E+00
       249  9.475884E-01
       250  8.874162E-01
       251  1.646097E+00
       252  2.510186E+00
       253  1.651094E+00
       254  2.512364E+00
       255  1.662357E+00
       256  2.523770E+00
       257  1.688974E+00
       258  2.538202E+00
       259  6.843566E-01
       260  1.028998E+00
       261  6.843566E-01
       262  1.028998E+00
       263  1.688974E+00
       264  2.538202E+00
       265  1.662357E+00
       266  2.523770E+00
       267  1.651094E+00
       268  2.512364E+00
       269  1.646097E+00
       270  2.510186E+00
       271  2.161724E+01
       272  1.130956E+01
       273  4.437686E+00
       274  9.543711E-01
       275  8.319902E-01
       276  2.161724E+01
       277  1.130956E+01
       278  4.437686E+00
       279  9.543711E-01
       280  8.319902E-01
       281  1.560172E+00
       282  2.402724E+00
       283  1.565080E+00
       284  2.405810E+00
       285  1.575451E+00
       286  2.417260E+00
       287  1.601677E+00
       288  2.430633E+00
       289  6.462217E-01
       290  9.815755E-01
       291  6.462217E-01
       292  9.815755E-01
       293  1.601677E+00
       294  2.430633E+00
       295  1.575451E+00
       296  2.417260E+00
       297  1.565080E+00
       298  2.405810E+00
       299  1.560172E+00
       300  2.402724E+00
       301  2.061082E+01
       302  1.083433E+01
       303  4.299640E+00
       304  9.574692E-01
       305  7.797108E-01
       306  2.061082E+01
       307  1.083433E+01
       308  4.299640E+00
       309  9.574692E-01
       310  7.797108E-01
       311  1.471085E+00
       312  2.290303E+00
       313  1.475942E+00
       314  2.293940E+00
       315  1.485927E+00
       316  2.305642E+00
       317  1.512445E+00
       318  2.318432E+00
       319  6.076754E-01
       320  9.326181E-01
       321  6.076754E-01
       322  9.326181E-01
       323  1.512445E+00
       324  2.318432E+00
       325  1.485927E+00
       326  2.305642E+00
       327  1.475942E+00
       328  2.293940E+00
       329  1.471085E+00
       330  2.290303E+00
       331  1.955869E+01
       332  1.033081E+01
       333  4.147258E+00
       334  9.568031E-01
       335  7.304304E-01
       336  1.955869E+01
       337  1.033081E+01
       338  4.147258E+00
       339  9.568031E-01
       340  7.304304E-01
       341  1.379668E+00
       342  2.173687E+00
       343  1.384419E+00
       344  2.177428E+00
       345  1.394178E+00
       346  2.189200E+00
       347  1.421332E+00
       348  2.201487E+00
       349  5.686714E-01
       350  8.820126E-01
       351  5.686714E-01
       352  8.820126E-01
       353  1.421332E+00
       354  2.201487E+00
       355  1.394178E+00
       356  2.189200E+00
       357  1.384419E+00
       358  2.177428E+00
       359  1.379668E+00
       360  2.173687E+00
       361  1.846279E+01
       362  9.800015E+00
       363  3.980842E+00
       364  9.522654E-01
       365  6.842301E-01
       366  1.846279E+01
       367  9.800015E+00
       368  3.980842E+00
       369  9.522654E-01
       370  6.842301E-01
       371  1.286474E+00
       372  2.053071E+00
       373  1.291110E+00
       374  2.056622E+00
       375  1.300712E+00
       376  2.068266E+00
       377  1.328691E+00
       378  2.080004E+00
       379  5.293153E-01
       380  8.298262E-01
       381  5.293153E-01
       382  8.298262E-01
       383  1.328691E+00
       384  2.080004E+00
       385  1.300712E+00
       386  2.068266E+00
       387  1.291110E+00
       388  2.056622E+00
       389  1.286474E+00
       390  2.053071E+00
       391  1.732608E+01
       392  9.243264E+00
       393  3.800676E+00
       394  9.436752E-01
       395  6.412124E-01
       396  1.732608E+01
       397  9.243264E+00
       398  3.800676E+00
       399  9.436752E-01
       400  6.412124E-01
       401  1.192013E+00
       402  1.928573E+00
       403  1.196559E+00
       404  1.931774E+00
       405  1.206042E+00
       406  1.943154E+00
       407  1.234961E+00
       408  1.954281E+00
       409  4.897698E-01
       410  7.761960E-01
       411  4.897698E-01
       412  7.761960E-01
       413  1.234961E+00
       414  1.954281E+00
       415  1.206042E+00
       416  1.943154E+00
       417  1.196559E+00
       418  1.931774E+00
       419  1.192013E+00
       420  1.928573E+00
       421  1.615234E+01
       422  8.662248E+00
       423  3.607098E+00
       424  9.307968E-01
       425  6.014276E-01
       426  1.615234E+01
       427  8.662248E+00
       428  3.607098E+00
       429  9.307968E-01
       430  6.014276E-01
       431  1.096816E+00
       432  1.800392E+00
       433  1.101298E+00
       434  1.803168E+00
       435  1.110677E+00
       436  1.814202E+00
       437  1.140603E+00
       438  1.824670E+00
       439  4.502196E-01
       440  7.212939E-01
       441  4.502196E-01
       442  7.212939E-01
       443  1.140603E+00
       444  1.824670E+00
       445  1.110677E+00
       446  1.814202E+00
       447  1.101298E+00
       448  1.803168E+00
       449  1.096816E+00
       450  1.800392E+00
       451  1.494619E+01
       452  8.059100E+00
       453  3.400581E+00
       454  9.133640E-01
       455  5.648461E-01
       456  1.494619E+01
       457  8.059100E+00
       458  3.400581E+00
       459  9.133640E-01
       460  5.648461E-01
       461  1.001449E+00
       462  1.668861E+00
       463  1.005881E+00
       464  1.671181E+00
       465  1.015145E+00
       466  1.681823E+00
       467  1.046105E+00
       468  1.691595E+00
       469  4.108644E-01
       470  6.653258E-01
       471  4.108644E-01
       472  6.653258E-01
       473  1.046105E+00
       474  1.691595E+00
       475  1.015145E+00
       476  1.681823E+00
       477  1.005881E+00
       478  1.671181E+00
       479  1.001449E+00
       480  1.668861E+00
       481  1.371335E+01
       482  7.436552E+00
       483  3.181814E+00
       484  8.910964E-01
       485  5.313423E-01
       486  1.371335E+01
       487  7.436552E+00
       488  3.181814E+00
       489  8.910964E-01
       490  5.313423E-01
       491  9.065138E-01
       492  1.534462E+00
       493  9.108932E-01
       494  1.536325E+00
       495  9.200077E-01
       496  1.546543E+00
       497  9.519909E-01
       498  1.555586E+00
       499  3.719214E-01
       500  6.085429E-01
       501  3.719214E-01
       502  6.085429E-01
       503  9.519909E-01
       504  1.555586E+00
       505  9.200077E-01
       506  1.546543E+00
       507  9.108932E-01
       508  1.536325E+00
       509  9.065138E-01
       510  1.534462E+00
       511  1.246098E+01
       512  6.798116E+00
       513  2.951789E+00
       514  8.637129E-01
       515  5.006798E-01
       516  1.246098E+01
       517  6.798116E+00
       518  2.951789E+00
       519  8.637129E-01
       520  5.006798E-01
       521  8.126577E-01
       522  1.397852E+00
       523  8.169674E-01
       524  1.399273E+00
       525  8.258767E-01
       526  1.409045E+00
       527  8.588363E-01
       528  1.417329E+00
       529  3.336299E-01
       530  5.512583E-01
       531  3.336299E-01
       532  5.512583E-01
       533  8.588363E-01
       534  1.417329E+00
       535  8.258767E-01
       536  1.409045E+00
       537  8.169674E-01
       538  1.399273E+00
       539  8.126577E-01
       540  1.397852E+00
       541  1.119800E+01
       542  6.148273E+00
       543  2.711876E+00
       544  8.309507E-01
       545  4.724980E-01
       546  1.119800E+01
       547  6.148273E+00
       548  2.711876E+00
       549  8.309507E-01
       550  4.724980E-01
       551  7.205782E-01
       552  1.259893E+00
       553  7.247905E-01
       554  1.260899E+00
       555  7.334269E-01
       556  1.270205E+00
       557  7.672791E-01
       558  1.277702E+00
       559  2.962554E-01
       560  4.938642E-01
       561  2.962554E-01
       562  4.938642E-01
       563  7.672791E-01
       564  1.277702E+00
       565  7.334269E-01
       566  1.270205E+00
       567  7.247905E-01
       568  1.260899E+00
       569  7.205782E-01
       570  1.259893E+00
       571  9.935438E+00
       572  5.492638E+00
       573  2.463917E+00
       574  7.925982E-01
       575  4.463059E-01
       576  9.935438E+00
       577  5.492638E+00
       578  2.463917E+00
       579  7.925982E-01
       580  4.463059E-01
       581  6.310261E-01
       582  1.121678E+00
       583  6.351078E-01
       584  1.122308E+00
       585  6.433997E-01
       586  1.131129E+00
       587  6.780237E-01
       588  1.137821E+00
       589  2.600892E-01
       590  4.368443E-01
       591  2.600892E-01
       592  4.368443E-01
       593  6.780237E-01
       594  1.137821E+00
       595  6.433997E-01
       596  1.131129E+00
       597  6.351078E-01
       598  1.122308E+00
       599  6.310261E-01
       600  1.121678E+00
       601  8.686490E+00
       602  4.838052E+00
       603  2.210296E+00
       604  7.485414E-01
       605  4.214896E-01
       606  8.686490E+00
       607  4.838052E+00
       608  2.210296E+00
       609  7.485414E-01
       610  4.214896E-01
       611  5.448029E-01
       612  9.845520E-01
       613  5.487193E-01
       614  9.848520E-01
       615  5.566001E-01
       616  9.931724E-01
       617  5.918364E-01
       618  9.990594E-01
       619  2.254450E-01
       620  3.807798E-01
       621  2.254450E-01
       622  3.807798E-01
       623  5.918364E-01
       624  9.990594E-01
       625  5.566001E-01
       626  9.931724E-01
       627  5.487193E-01
       628  9.848520E-01
       629  5.448029E-01
       630  9.845520E-01
       631  7.466453E+00
       632  4.192565E+00
       633  1.953979E+00
       634  6.988240E-01
       635  3.973381E-01
       636  7.466453E+00
       637  4.192565E+00
       638  1.953979E+00
       639  6.988240E-01
       640  3.973381E-01
       641  4.627490E-01
       642  8.501082E-01
       643  4.664678E-01
       644  8.501290E-01
       645  4.738832E-01
       646  8.579360E-01
       647  5.095288E-01
       648  8.630415E-01
       649  1.926482E-01
       650  3.263416E-01
       651  1.926482E-01
       652  3.263416E-01
       653  5.095288E-01
       654  8.630415E-01
       655  4.738832E-01
       656  8.579360E-01
       657  4.664678E-01
       658  8.501290E-01
       659  4.627490E-01
       660  8.501082E-01
       661  6.292316E+00
       662  3.565283E+00
       663  1.698520E+00
       664  6.437160E-01
       665  3.730909E-01
       666  6.292316E+00
       667  3.565283E+00
       668  1.698520E+00
       669  6.437160E-01
       670  3.730909E-01
       671  3.857216E-01
       672  7.201522E-01
       673  3.892153E-01
       674  7.199475E-01
       675  3.961275E-01
       676  7.272301E-01
       677  4.319276E-01
       678  7.316069E-01
       679  1.620212E-01
       680  2.742689E-01
       681  1.620212E-01
       682  2.742689E-01
       683  4.319276E-01
       684  7.316069E-01
       685  3.961275E-01
       686  7.272301E-01
       687  3.892153E-01
       688  7.199475E-01
       689  3.857216E-01
       690  7.201522E-01
       691  5.182042E+00
       692  2.966034E+00
       693  1.447986E+00
       694  5.837791E-01
       695  3.480060E-01
       696  5.182042E+00
       697  2.966034E+00
       698  1.447986E+00
       699  5.837791E-01
       700  3.480060E-01
       701  3.145608E-01
       702  5.966307E-01
       703  3.178082E-01
       704  5.962535E-01
       705  3.241961E-01
       706  6.030015E-01
       707  3.598331E-01
       708  6.067321E-01
       709  1.338626E-01
       710  2.253320E-01
       711  1.338626E-01
       712  2.253320E-01
       713  3.598331E-01
       714  6.067321E-01
       715  3.241961E-01
       716  6.030015E-01
       717  3.178082E-01
       718  5.962535E-01
       719  3.145608E-01
       720  5.966307E-01
       721  4.153558E+00
       722  2.404890E+00
       723  1.206823E+00
       724  5.199139E-01
       725  3.214402E-01
       726  4.153558E+00
       727  2.404890E+00
       728  1.206823E+00
       729  5.199139E-01
       730  3.214402E-01
       731  2.500452E-01
       732  4.815218E-01
       733  2.530302E-01
       734  4.810223E-01
       735  2.588858E-01
       736  4.872259E-01
       737  2.939700E-01
       738  4.904185E-01
       739  1.084249E-01
       740  1.802837E-01
       741  1.084249E-01
       742  1.802837E-01
       743  2.939700E-01
       744  4.904185E-01
       745  2.588858E-01
       746  4.872259E-01
       747  2.530302E-01
       748  4.810223E-01
       749  2.500452E-01
       750  4.815218E-01
       751  3.223537E+00
       752  1.891537E+00
       753  9.796348E-01
       754  4.533707E-01
       755  2.929270E-01
       756  3.223537E+00
       757  1.891537E+00
       758  9.796348E-01
       759  4.533707E-01
       760  2.929270E-01
       761  1.928376E-01
       762  3.767003E-01
       763  1.955481E-01
       764  3.761252E-01
       765  2.008705E-01
       766  3.817754E-01
       767  2.349351E-01
       768  3.845581E-01
       769  8.589260E-02
       770  1.398044E-01
       771  8.589260E-02
       772  1.398044E-01
       773  2.349351E-01
       774  3.845581E-01
       775  2.008705E-01
       776  3.817754E-01
       777  1.955481E-01
       778  3.761252E-01
       779  1.928376E-01
       780  3.767003E-01
       781  2.406110E+00
       782  1.434580E+00
       783  7.708914E-01
       784  3.857088E-01
       785  2.622363E-01
       786  2.406110E+00
       787  1.434580E+00
       788  7.708914E-01
       789  3.857088E-01
       790  2.622363E-01
       791  1.434273E-01
       792  2.837905E-01
       793  1.458531E-01
       794  2.831850E-01
       795  1.506419E-01
       796  2.882784E-01
       797  1.831501E-01
       798  2.907931E-01
       799  6.636435E-02
       800  1.044489E-01
       801  6.636435E-02
       802  1.044489E-01
       803  1.831501E-01
       804  2.907931E-01
       805  1.506419E-01
       806  2.882784E-01
       807  1.458531E-01
       808  2.831850E-01
       809  1.434273E-01
       810  2.837905E-01
       811  1.711644E+00
       812  1.040836E+00
       813  5.845923E-01
       814  3.187003E-01
       815  2.294025E-01
       816  1.711644E+00
       817  1.040836E+00
       818  5.845923E-01
       819  3.187003E-01
       820  2.294025E-01
       821  1.020768E-01
       822  2.040317E-01
       823  1.042060E-01
       824  2.034440E-01
       825  1.084579E-01
       826  2.079908E-01
       827  1.388219E-01
       828  2.103883E-01
       829  4.984193E-02
       830  7.460152E-02
       831  4.984193E-02
       832  7.460152E-02
       833  1.388219E-01
       834  2.103883E-01
       835  1.084579E-01
       836  2.079908E-01
       837  1.042060E-01
       838  2.034440E-01
       839  1.020768E-01
       840  2.040317E-01
       841  1.145707E+00
       842  7.146729E-01
       843  4.239073E-01
       844  2.541904E-01
       845  1.947258E-01
       846  1.145707E+00
       847  7.146729E-01
       848  4.239073E-01
       849  2.541904E-01
       850  1.947258E-01
       851  6.877860E-02
       852  1.381768E-01
       853  7.059526E-02
       854  1.376621E-01
       855  7.430252E-02
       856  1.416933E-01
       857  1.019156E-01
       858  1.441263E-01
       859  3.622791E-02
       860  5.044136E-02
       861  3.622791E-02
       862  5.044136E-02
       863  1.019156E-01
       864  1.441263E-01
       865  7.430252E-02
       866  1.416933E-01
       867  7.059526E-02
       868  1.376621E-01
       869  6.877860E-02
       870  1.381768E-01
       871  7.082522E-01
       872  4.574470E-01
       873  2.908392E-01
       874  1.939540E-01
       875  1.587775E-01
       876  7.082522E-01
       877  4.574470E-01
       878  2.908392E-01
       879  1.939540E-01
       880  1.587775E-01
       881  4.323400E-02
       882  8.643631E-02
       883  4.471455E-02
       884  8.605261E-02
       885  4.786671E-02
       886  8.961673E-02
       887  7.214089E-02
       888  9.222271E-02
       889  2.533245E-02
       890  3.191450E-02
       891  2.533245E-02
       892  3.191450E-02
       893  7.214089E-02
       894  9.222271E-02
       895  4.786671E-02
       896  8.961673E-02
       897  4.471455E-02
       898  8.605261E-02
       899  4.323400E-02
       900  8.643631E-02
       901  3.929774E-01
       902  2.670362E-01
       903  1.859538E-01
       904  1.396038E-01
       905  1.224618E-01
       906  3.929774E-01
       907  2.670362E-01
       908  1.859538E-01
       909  1.396038E-01
       910  1.224618E-01
       911  2.485254E-02
       912  4.844786E-02
       913  2.596836E-02
       914  4.823737E-02
       915  2.855586E-02
       916  5.137912E-02
       917  4.896641E-02
       918  5.424195E-02
       919  1.689029E-02
       920  1.870483E-02
       921  1.689029E-02
       922  1.870483E-02
       923  4.896641E-02
       924  5.424195E-02
       925  2.855586E-02
       926  5.137912E-02
       927  2.596836E-02
       928  4.823737E-02
       929  2.485254E-02
       930  4.844786E-02
       931  1.868541E-01
       932  1.375493E-01
       933  1.082585E-01
       934  9.259475E-02
       935  8.715048E-02
       936  1.868541E-01
       937  1.375493E-01
       938  1.082585E-01
       939  9.259475E-02
       940  8.715048E-02
       941  1.275264E-02
       942  2.319918E-02
       943  1.349837E-02
       944  2.316820E-02
       945  1.553798E-02
       946  2.590784E-02
       947  3.168984E-02
       948  2.900618E-02
       949  1.058499E-02
       950  1.020359E-02
       951  1.058499E-02
       952  1.020359E-02
       953  3.168984E-02
       954  2.900618E-02
       955  1.553798E-02
       956  2.590784E-02
       957  1.349837E-02
       958  2.316820E-02
       959  1.275264E-02
       960  2.319918E-02
       961  7.001364E-02
       962  5.932482E-02
       963  5.523863E-02
       964  5.428275E-02
       965  5.481603E-02
       966  7.001364E-02
       967  5.932482E-02
       968  5.523863E-02
       969  5.428275E-02
       970  5.481603E-02
       971  5.706885E-03
       972  8.803594E-03
       973  6.195833E-03
       974  8.953689E-03
       975  7.807032E-03
       976  1.131600E-02
       977  1.957254E-02
       978  1.449443E-02
       979  6.076146E-03
       980  5.497189E-03
       981  6.076146E-03
       982  5.497189E-03
       983  1.957254E-02
       984  1.449443E-02
       985  7.807032E-03
       986  1.131600E-02
       987  6.195833E-03
       988  8.953689E-03
       989  5.706885E-03
       990  8.803594E-03
       991  1.737954E-02
       992  1.949309E-02
       993  2.280406E-02
       994  2.596579E-02
       995  2.827360E-02
       996  1.737954E-02
       997  1.949309E-02
       998  2.280406E-02
       999  2.596579E-02
      1000  2.827360E-02
      1001  2.135703E-03
      1002  2.322040E-03
      1003  2.669929E-03
      1004  2.721236E-03
      1005  4.100946E-03
      1006  4.799465E-03
      1007  1.186687E-02
      1008  7.877220E-03
      1009  3.016294E-03
      1010  3.447176E-03
      1011  3.016294E-03
      1012  3.447176E-03
      1013  1.186687E-02
      1014  7.877220E-03
      1015  4.100946E-03
      1016  4.799465E-03
      1017  2.669929E-03
      1018  2.721236E-03
      1019  2.135703E-03
      1020  2.322040E-03
      1021  1.792479E-03
      1022  3.496383E-03
      1023  5.676791E-03
      1024  8.047370E-03
      1025  1.015407E-02
      1026  1.792479E-03
      1027  3.496383E-03
      1028  5.676791E-03
      1029  8.047370E-03
      1030  1.015407E-02
      1031  5.372049E-04
      1032  2.983882E-04
      1033  1.112102E-03
      1034  7.455270E-04
      1035  2.436134E-03
      1036  2.560113E-03
      1037  7.204190E-03
      1038  5.568206E-03
      1039  1.128464E-03
      1040  2.798698E-03
      1041  1.128464E-03
      1042  2.798698E-03
      1043  7.204190E-03
      1044  5.568206E-03
      1045  2.436134E-03
      1046  2.560113E-03
      1047  1.112102E-03
      1048  7.455270E-04
      1049  5.372049E-04
      1050  2.983882E-04
      1051  2.648482E-05
      1052  1.234917E-04
      1053  3.737360E-04
      1054  9.654734E-04
      1055  1.970580E-03
      1056  2.648482E-05
      1057  1.234917E-04
      1058  3.737360E-04
      1059  9.654734E-04
      1060  1.970580E-03
      1061  6.216333E-05
      1062  2.879096E-05
      1063  3.557201E-04
      1064  2.818884E-04
      1065  1.218066E-03
      1066  1.699980E-03
      1067  4.104546E-03
      1068  4.953845E-03
      1069  3.698071E-04
      1070  2.813864E-03
      1071  3.698071E-04
      1072  2.813864E-03
      1073  4.104546E-03
      1074  4.953845E-03
      1075  1.218066E-03
      1076  1.699980E-03
      1077  3.557201E-04
      1078  2.818884E-04
      1079  6.216333E-05
      1080  2.879096E-05

                                INCREMENT    20


 displacements (vx,vy,vz) for set TIP_TOP and time  0.3456250E-01

      1751 -8.916594E-02  2.479936E-04  2.252689E+00
      1752 -8.918218E-02  2.447177E-04  2.252355E+00
      1755 -8.919517E-02  2.262385E-04  2.252022E+00
      1758 -8.920836E-02  1.677161E-04  2.251730E+00
      1760 -8.921656E-02  5.620022E-05  2.251554E+00
      1762 -8.921596E-02 -1.275028E-15  2.251540E+00
      1764 -8.921656E-02 -5.620022E-05  2.251554E+00
      1767 -8.920836E-02 -1.677161E-04  2.251730E+00
      1770 -8.919517E-02 -2.262385E-04  2.252022E+00
      1773 -8.918218E-02 -2.447177E-04  2.252355E+00
      1776 -8.916594E-02 -2.479936E-04  2.252689E+00

 forces (fx,fy,fz) for set CLAMP and time  0.3456250E-01

         1 -6.505621E+03 -5.270974E+03 -2.622741E+03
         4 -1.179648E+04  6.871170E-13 -5.255587E+03
         5 -9.090768E+03 -8.114582E+03 -4.145306E+02
         8 -1.617654E+04  3.679945E-12 -8.899978E+02
         9 -5.900473E+03 -5.185658E+03  1.013581E+02
        12 -1.042983E+04  1.947109E-12  1.546499E+02
        13 -2.830615E+03 -2.446261E+03  4.322732E+02
        16 -4.991890E+03  1.154410E-12  8.165100E+02
        17  2.876131E+02  3.217026E+02  5.017370E+02
        20  5.318345E+02  1.061012E-12  9.725718E+02
        21  2.195891E+03  1.213019E+03  1.760213E+03
        24  3.089903E+03 -5.306866E-14  5.076540E+02
        26 -6.505621E+03  5.270974E+03 -2.622741E+03
        28 -9.090768E+03  8.114582E+03 -4.145306E+02
        30 -5.900473E+03  5.185658E+03  1.013581E+02
        32 -2.830615E+03  2.446261E+03  4.322732E+02
        34  2.876131E+02 -3.217026E+02  5.017370E+02
        36  2.195891E+03 -1.213019E+03  1.760213E+03
        37  1.171218E+03  6.601198E+02  1.755896E+03
        40  1.479857E+03  3.490537E+02  3.047332E+03
        41  2.843607E+03  1.453180E+03  3.522575E+02
        44  4.329670E+03  7.508992E+02  7.084643E+02
        45  1.971008E+03  7.959436E+02 -2.021370E+03
        48  3.444652E+03  4.024738E+02 -3.718429E+03
        50  1.243542E+03  2.960123E+02  2.874279E+03
        52  4.227119E+03  6.340480E+02  7.545853E+02
        54  3.607207E+03  3.381347E+02 -3.677828E+03
        56  1.145573E+03  2.169251E+02  2.914044E+03
        58  4.390396E+03  4.582580E+02  7.457881E+02
        60  3.900317E+03  2.442111E+02 -3.855876E+03
        62  3.270788E+03  2.010679E+02  4.397156E+02
        64  2.960579E+03  1.016036E+02 -2.886707E+03
        66  1.949443E+03 -2.007561E-13  2.302645E+02
        68  1.776400E+03  3.285705E-13 -1.734573E+03
        70  3.270788E+03 -2.010679E+02  4.397156E+02
        72  2.960579E+03 -1.016036E+02 -2.886707E+03
        74  1.145573E+03 -2.169251E+02  2.914044E+03
        76  4.390396E+03 -4.582580E+02  7.457881E+02
        78  3.900317E+03 -2.442111E+02 -3.855876E+03
        80  1.243542E+03 -2.960123E+02  2.874279E+03
        82  4.227119E+03 -6.340480E+02  7.545853E+02
        84  3.607207E+03 -3.381347E+02 -3.677828E+03
        86  1.479857E+03 -3.490537E+02  3.047332E+03
        88  4.329670E+03 -7.508992E+02  7.084643E+02
        90  3.444652E+03 -4.024738E+02 -3.718429E+03
        92  1.171218E+03 -6.601198E+02  1.755896E+03
        94  2.843607E+03 -1.453180E+03  3.522575E+02
        96  1.971008E+03 -7.959436E+02 -2.021370E+03

 internal energy (element, energy) for set EALL and time  0.3456250E-01

         1  7.394149E+01
         2  3.328619E+01
         3  1.158415E+01
         4  1.595653E+00
         5  3.035088E+00
         6  7.394149E+01
         7  3.328619E+01
         8  1.158415E+01
         9  1.595653E+00
        10  3.035088E+00
        11  6.112518E+00
        12  8.650871E+00
        13  4.974934E+00
        14  7.584509E+00
        15  4.900102E+00
        16  7.773853E+00
        17  5.338501E+00
        18  8.344308E+00
        19  2.348511E+00
        20  3.624470E+00
        21  2.348511E+00
        22  3.624470E+00
        23  5.338501E+00
        24  8.344308E+00
        25  4.900102E+00
        26  7.773853E+00
        27  4.974934E+00
        28  7.584509E+00
        29  6.112518E+00
        30  8.650871E+00
        31  7.688202E+01
        32  4.124864E+01
        33  1.463949E+01
        34  2.360304E+00
        35  3.966793E+00
        36  7.688202E+01
        37  4.124864E+01
        38  1.463949E+01
        39  2.360304E+00
        40  3.966793E+00
        41  5.251569E+00
        42  7.991200E+00
        43  5.848702E+00
        44  8.690018E+00
        45  5.994688E+00
        46  8.792598E+00
        47  6.427519E+00
        48  9.117018E+00
        49  2.755464E+00
        50  3.856055E+00
        51  2.755464E+00
        52  3.856055E+00
        53  6.427519E+00
        54  9.117018E+00
        55  5.994688E+00
        56  8.792598E+00
        57  5.848702E+00
        58  8.690018E+00
        59  5.251569E+00
        60  7.991200E+00
        61  7.703331E+01
        62  4.056523E+01
        63  1.521312E+01
        64  2.658231E+00
        65  3.953844E+00
        66  7.703331E+01
        67  4.056523E+01
        68  1.521312E+01
        69  2.658231E+00
        70  3.953844E+00
        71  5.070679E+00
        72  7.854485E+00
        73  5.795413E+00
        74  8.656623E+00
        75  6.217230E+00
        76  9.110266E+00
        77  6.515497E+00
        78  9.439824E+00
        79  2.731372E+00
        80  3.951253E+00
        81  2.731372E+00
        82  3.951253E+00
        83  6.515497E+00
        84  9.439824E+00
        85  6.217230E+00
        86  9.110266E+00
        87  5.795413E+00
        88  8.656623E+00
        89  5.070679E+00
        90  7.854485E+00
        91  8.613772E+01
        92  4.454494E+01
        93  1.670671E+01
        94  3.086984E+00
        95  4.279122E+00
        96  8.613772E+01
        97  4.454494E+01
        98  1.670671E+01
        99  3.086984E+00
       100  4.279122E+00
       101  6.072099E+00
       102  8.835034E+00
       103  6.552933E+00
       104  9.395018E+00
       105  6.952214E+00
       106  9.872048E+00
       107  7.184954E+00
       108  1.014317E+01
       109  2.959345E+00
       110  4.189039E+00
       111  2.959345E+00
       112  4.189039E+00
       113  7.184954E+00
       114  1.014317E+01
       115  6.952214E+00
       116  9.872048E+00
       117  6.552933E+00
       118  9.395018E+00
       119  6.072099E+00
       120  8.835034E+00
       121  8.413369E+01
       122  4.315475E+01
       123  1.615561E+01
       124  3.017801E+00
       125  3.888228E+00
       126  8.413369E+01
       127  4.315475E+01
       128  1.615561E+01
       129  3.017801E+00
       130  3.888228E+00
       131  6.092029E+00
       132  8.961224E+00
       133  6.312362E+00
       134  9.235532E+00
       135  6.542766E+00
       136  9.521823E+00
       137  6.730099E+00
       138  9.711253E+00
       139  2.772826E+00
       140  3.999602E+00
       141  2.772826E+00
       142  3.999602E+00
       143  6.730099E+00
       144  9.711253E+00
       145  6.542766E+00
       146  9.521823E+00
       147  6.312362E+00
       148  9.235532E+00
       149  6.092029E+00
       150  8.961224E+00
       151  8.155917E+01
       152  4.187733E+01
       153  1.576271E+01
       154  3.015261E+00
       155  3.582321E+00
       156  8.155917E+01
       157  4.187733E+01
       158  1.576271E+01
       159  3.015261E+00
       160  3.582321E+00
       161  5.992784E+00
       162  8.909796E+00
       163  6.079224E+00
       164  9.009326E+00
       165  6.204573E+00
       166  9.152696E+00
       167  6.354511E+00
       168  9.272553E+00
       169  2.611226E+00
       170  3.804087E+00
       171  2.611226E+00
       172  3.804087E+00
       173  6.354511E+00
       174  9.272553E+00
       175  6.204573E+00
       176  9.152696E+00
       177  6.079224E+00
       178  9.009326E+00
       179  5.992784E+00
       180  8.909796E+00
       181  7.860225E+01
       182  4.053230E+01
       183  1.541104E+01
       184  3.047512E+00
       185  3.333893E+00
       186  7.860225E+01
       187  4.053230E+01
       188  1.541104E+01
       189  3.047512E+00
       190  3.333893E+00
       191  5.788258E+00
       192  8.691888E+00
       193  5.825940E+00
       194  8.719086E+00
       195  5.900465E+00
       196  8.792199E+00
       197  6.023583E+00
       198  8.874578E+00
       199  2.463062E+00
       200  3.625725E+00
       201  2.463062E+00
       202  3.625725E+00
       203  6.023583E+00
       204  8.874578E+00
       205  5.900465E+00
       206  8.792199E+00
       207  5.825940E+00
       208  8.719086E+00
       209  5.788258E+00
       210  8.691888E+00
       211  7.541922E+01
       212  3.908077E+01
       213  1.503260E+01
       214  3.083545E+00
       215  3.118320E+00
       216  7.541922E+01
       217  3.908077E+01
       218  1.503260E+01
       219  3.083545E+00
       220  3.118320E+00
       221  5.527569E+00
       222  8.375420E+00
       223  5.551593E+00
       224  8.383597E+00
       225  5.604767E+00
       226  8.432273E+00
       227  5.714285E+00
       228  8.496420E+00
       229  2.324962E+00
       230  3.456312E+00
       231  2.324962E+00
       232  3.456312E+00
       233  5.714285E+00
       234  8.496420E+00
       235  5.604767E+00
       236  8.432273E+00
       237  5.551593E+00
       238  8.383597E+00
       239  5.527569E+00
       240  8.375420E+00
       241  7.204472E+01
       242  3.751693E+01
       243  1.460454E+01
       244  3.111181E+00
       245  2.923237E+00
       246  7.204472E+01
       247  3.751693E+01
       248  1.460454E+01
       249  3.111181E+00
       250  2.923237E+00
       251  5.236867E+00
       252  8.007088E+00
       253  5.258198E+00
       254  8.014744E+00
       255  5.303288E+00
       256  8.057726E+00
       257  5.407547E+00
       258  8.113410E+00
       259  2.189499E+00
       260  3.286579E+00
       261  2.189499E+00
       262  3.286579E+00
       263  5.407547E+00
       264  8.113410E+00
       265  5.303288E+00
       266  8.057726E+00
       267  5.258198E+00
       268  8.014744E+00
       269  5.236867E+00
       270  8.007088E+00
       271  6.848643E+01
       272  3.584079E+01
       273  1.412145E+01
       274  3.125773E+00
       275  2.741003E+00
       276  6.848643E+01
       277  3.584079E+01
       278  1.412145E+01
       279  3.125773E+00
       280  2.741003E+00
       281  4.929568E+00
       282  7.610206E+00
       283  4.950405E+00
       284  7.620385E+00
       285  4.992120E+00
       286  7.663045E+00
       287  5.095229E+00
       288  7.714565E+00
       289  2.053339E+00
       290  3.111999E+00
       291  2.053339E+00
       292  3.111999E+00
       293  5.095229E+00
       294  7.714565E+00
       295  4.992120E+00
       296  7.663045E+00
       297  4.950405E+00
       298  7.620385E+00
       299  4.929568E+00
       300  7.610206E+00
       301  6.475020E+01
       302  3.405590E+01
       303  1.358347E+01
       304  3.125622E+00
       305  2.568736E+00
       306  6.475020E+01
       307  3.405590E+01
       308  1.358347E+01
       309  3.125622E+00
       310  2.568736E+00
       311  4.611808E+00
       312  7.194064E+00
       313  4.631977E+00
       314  7.205600E+00
       315  4.671567E+00
       316  7.248450E+00
       317  4.775273E+00
       318  7.297048E+00
       319  1.915339E+00
       320  2.931090E+00
       321  1.915339E+00
       322  2.931090E+00
       323  4.775273E+00
       324  7.297048E+00
       325  4.671567E+00
       326  7.248450E+00
       327  4.631977E+00
       328  7.205600E+00
       329  4.611808E+00
       330  7.194064E+00
       331  6.084887E+01
       332  3.216916E+01
       333  1.299270E+01
       334  3.109849E+00
       335  2.405579E+00
       336  6.084887E+01
       337  3.216916E+01
       338  1.299270E+01
       339  3.109849E+00
       340  2.405579E+00
       341  4.286933E+00
       342  6.762324E+00
       343  4.306012E+00
       344  6.773780E+00
       345  4.343664E+00
       346  6.816085E+00
       347  4.448641E+00
       348  6.861723E+00
       349  1.775697E+00
       350  2.744040E+00
       351  1.775697E+00
       352  2.744040E+00
       353  4.448641E+00
       354  6.861723E+00
       355  4.343664E+00
       356  6.816085E+00
       357  4.306012E+00
       358  6.773780E+00
       359  4.286933E+00
       360  6.762324E+00
       361  5.680355E+01
       362  3.019086E+01
       363  1.235210E+01
       364  3.077598E+00
       365  2.251378E+00
       366  5.680355E+01
       367  3.019086E+01
       368  1.235210E+01
       369  3.077598E+00
       370  2.251378E+00
       371  3.957509E+00
       372  6.317218E+00
       373  3.975291E+00
       374  6.327667E+00
       375  4.010979E+00
       376  6.368666E+00
       377  4.117462E+00
       378  6.410972E+00
       379  1.635207E+00
       380  2.551832E+00
       381  1.635207E+00
       382  2.551832E+00
       383  4.117462E+00
       384  6.410972E+00
       385  4.010979E+00
       386  6.368666E+00
       387  3.975291E+00
       388  6.327667E+00
       389  3.957509E+00
       390  6.317218E+00
       391  5.264214E+01
       392  2.813422E+01
       393  1.166539E+01
       394  3.027977E+00
       395  2.106013E+00
       396  5.264214E+01
       397  2.813422E+01
       398  1.166539E+01
       399  3.027977E+00
       400  2.106013E+00
       401  3.626089E+00
       402  5.861109E+00
       403  3.642542E+00
       404  5.870076E+00
       405  3.676252E+00
       406  5.909244E+00
       407  3.784293E+00
       408  5.947885E+00
       409  1.494916E+00
       410  2.355829E+00
       411  1.494916E+00
       412  2.355829E+00
       413  3.784293E+00
       414  5.947885E+00
       415  3.676252E+00
       416  5.909244E+00
       417  3.642542E+00
       418  5.870076E+00
       419  3.626089E+00
       420  5.861109E+00
       421  4.839766E+01
       422  2.601505E+01
       423  1.093721E+01
       424  2.960210E+00
       425  1.969199E+00
       426  4.839766E+01
       427  2.601505E+01
       428  1.093721E+01
       429  2.960210E+00
       430  1.969199E+00
       431  3.295372E+00
       432  5.396918E+00
       433  3.310552E+00
       434  5.404206E+00
       435  3.342306E+00
       436  5.441231E+00
       437  3.451864E+00
       438  5.476018E+00
       439  1.355976E+00
       440  2.157611E+00
       441  1.355976E+00
       442  2.157611E+00
       443  3.451864E+00
       444  5.476018E+00
       445  3.342306E+00
       446  5.441231E+00
       447  3.310552E+00
       448  5.404206E+00
       449  3.295372E+00
       450  5.396918E+00
       451  4.410700E+01
       452  2.385143E+01
       453  1.017323E+01
       454  2.873794E+00
       455  1.840450E+00
       456  4.410700E+01
       457  2.385143E+01
       458  1.017323E+01
       459  2.873794E+00
       460  1.840450E+00
       461  2.968191E+00
       462  4.928128E+00
       463  2.982186E+00
       464  4.933697E+00
       465  3.012029E+00
       466  4.968415E+00
       467  3.122987E+00
       468  4.999303E+00
       469  1.219570E+00
       470  1.958894E+00
       471  1.219570E+00
       472  1.958894E+00
       473  3.122987E+00
       474  4.999303E+00
       475  3.012029E+00
       476  4.968415E+00
       477  2.982186E+00
       478  4.933697E+00
       479  2.968191E+00
       480  4.928128E+00
       481  3.981007E+01
       482  2.166342E+01
       483  9.380218E+00
       484  2.768600E+00
       485  1.719096E+00
       486  3.981007E+01
       487  2.166342E+01
       488  9.380218E+00
       489  2.768600E+00
       490  1.719096E+00
       491  2.647450E+00
       492  4.458664E+00
       493  2.660357E+00
       494  4.462568E+00
       495  2.688349E+00
       496  4.494908E+00
       497  2.800504E+00
       498  4.521969E+00
       499  1.086873E+00
       500  1.761487E+00
       501  1.086873E+00
       502  1.761487E+00
       503  2.800504E+00
       504  4.521969E+00
       505  2.688349E+00
       506  4.494908E+00
       507  2.660357E+00
       508  4.462568E+00
       509  2.647450E+00
       510  4.458664E+00
       511  3.554894E+01
       512  1.947270E+01
       513  8.565947E+00
       514  2.644929E+00
       515  1.604302E+00
       516  3.554894E+01
       517  1.947270E+01
       518  8.565947E+00
       519  2.644929E+00
       520  1.604302E+00
       521  2.336059E+00
       522  3.992760E+00
       523  2.347977E+00
       524  3.995113E+00
       525  2.374182E+00
       526  4.025068E+00
       527  2.487234E+00
       528  4.048472E+00
       529  9.590256E-01
       530  1.567254E+00
       531  9.590256E-01
       532  1.567254E+00
       533  2.487234E+00
       534  4.048472E+00
       535  2.374182E+00
       536  4.025068E+00
       537  2.347977E+00
       538  3.995113E+00
       539  2.336059E+00
       540  3.992760E+00
       541  3.136720E+01
       542  1.730223E+01
       543  7.739136E+00
       544  2.503535E+00
       545  1.495087E+00
       546  3.136720E+01
       547  1.730223E+01
       548  7.739136E+00
       549  2.503535E+00
       550  1.495087E+00
       551  2.036868E+00
       552  3.534842E+00
       553  2.047888E+00
       554  3.535807E+00
       555  2.072369E+00
       556  3.563420E+00
       557  2.185907E+00
       558  3.583414E+00
       559  8.371003E-01
       560  1.378078E+00
       561  8.371003E-01
       562  1.378078E+00
       563  2.185907E+00
       564  3.583414E+00
       565  2.072369E+00
       566  3.563420E+00
       567  2.047888E+00
       568  3.535807E+00
       569  2.036868E+00
       570  3.534842E+00
       571  2.730913E+01
       572  1.517584E+01
       573  6.909305E+00
       574  2.345647E+00
       575  1.390348E+00
       576  2.730913E+01
       577  1.517584E+01
       578  6.909305E+00
       579  2.345647E+00
       580  1.390348E+00
       581  1.752596E+00
       582  3.089443E+00
       583  1.762800E+00
       584  3.089219E+00
       585  1.785609E+00
       586  3.114571E+00
       587  1.899103E+00
       588  3.131470E+00
       589  7.220789E-01
       590  1.195830E+00
       591  7.220789E-01
       592  1.195830E+00
       593  1.899103E+00
       594  3.131470E+00
       595  1.785609E+00
       596  3.114571E+00
       597  1.762800E+00
       598  3.089219E+00
       599  1.752596E+00
       600  3.089443E+00
       601  2.341887E+01
       602  1.311784E+01
       603  6.086634E+00
       604  2.172970E+00
       605  1.288887E+00
       606  2.341887E+01
       607  1.311784E+01
       608  6.086634E+00
       609  2.172970E+00
       610  1.288887E+00
       611  1.485761E+00
       612  2.661123E+00
       613  1.495211E+00
       614  2.659939E+00
       615  1.516396E+00
       616  2.683143E+00
       617  1.629190E+00
       618  2.697314E+00
       619  6.148275E-01
       620  1.022338E+00
       621  6.148275E-01
       622  1.022338E+00
       623  1.629190E+00
       624  2.697314E+00
       625  1.516396E+00
       626  2.683143E+00
       627  1.495211E+00
       628  2.659939E+00
       629  1.485761E+00
       630  2.661123E+00
       631  1.973950E+01
       632  1.115248E+01
       633  5.281777E+00
       634  1.987698E+00
       635  1.189471E+00
       636  1.973950E+01
       637  1.115248E+01
       638  5.281777E+00
       639  1.987698E+00
       640  1.189471E+00
       641  1.238603E+00
       642  2.254391E+00
       643  1.247349E+00
       644  2.252494E+00
       645  1.266946E+00
       646  2.273685E+00
       647  1.378259E+00
       648  2.285536E+00
       649  5.160756E-01
       650  8.593470E-01
       651  5.160756E-01
       652  8.593470E-01
       653  1.378259E+00
       654  2.285536E+00
       655  1.266946E+00
       656  2.273685E+00
       657  1.247349E+00
       658  2.252494E+00
       659  1.238603E+00
       660  2.254391E+00
       661  1.631185E+01
       662  9.303311E+00
       663  4.505639E+00
       664  1.792514E+00
       665  1.090904E+00
       666  1.631185E+01
       667  9.303311E+00
       668  4.505639E+00
       669  1.792514E+00
       670  1.090904E+00
       671  1.013028E+00
       672  1.873615E+00
       673  1.021100E+00
       674  1.871257E+00
       675  1.039141E+00
       676  1.890578E+00
       677  1.148067E+00
       678  1.900539E+00
       679  4.263937E-01
       680  7.084798E-01
       681  4.263937E-01
       682  7.084798E-01
       683  1.148067E+00
       684  1.900539E+00
       685  1.039141E+00
       686  1.890578E+00
       687  1.021100E+00
       688  1.871257E+00
       689  1.013028E+00
       690  1.873615E+00
       691  1.317318E+01
       692  7.592504E+00
       693  3.769087E+00
       694  1.590595E+00
       695  9.921308E-01
       696  1.317318E+01
       697  7.592504E+00
       698  3.769087E+00
       699  1.590595E+00
       700  9.921308E-01
       701  8.105360E-01
       702  1.522894E+00
       703  8.179485E-01
       704  1.520315E+00
       705  8.344602E-01
       706  1.537903E+00
       707  9.399775E-01
       708  1.546407E+00
       709  3.461739E-01
       710  5.711792E-01
       711  3.461739E-01
       712  5.711792E-01
       713  9.399775E-01
       714  1.546407E+00
       715  8.344602E-01
       716  1.537903E+00
       717  8.179485E-01
       718  1.520315E+00
       719  8.105360E-01
       720  1.522894E+00
       721  1.035555E+01
       722  6.039901E+00
       723  3.082592E+00
       724  1.385586E+00
       725  8.923620E-01
       726  1.035555E+01
       727  6.039901E+00
       728  3.082592E+00
       729  1.385586E+00
       730  8.923620E-01
       731  6.321655E-01
       732  1.205891E+00
       733  6.389206E-01
       734  1.203302E+00
       735  6.539278E-01
       736  1.219276E+00
       737  7.549091E-01
       738  1.226740E+00
       739  2.756100E-01
       740  4.486454E-01
       741  2.756100E-01
       742  4.486454E-01
       743  7.549091E-01
       744  1.226740E+00
       745  6.539278E-01
       746  1.219276E+00
       747  6.389206E-01
       748  1.203302E+00
       749  6.321655E-01
       750  1.205891E+00
       751  7.883945E+00
       752  4.662011E+00
       753  2.455780E+00
       754  1.181543E+00
       755  7.911988E-01
       756  7.883945E+00
       757  4.662011E+00
       758  2.455780E+00
       759  1.181543E+00
       760  7.911988E-01
       761  4.784394E-01
       762  9.256255E-01
       763  4.845280E-01
       764  9.231999E-01
       765  4.980504E-01
       766  9.376525E-01
       767  5.932864E-01
       768  9.444596E-01
       769  2.146830E-01
       770  3.417633E-01
       771  2.146830E-01
       772  3.417633E-01
       773  5.932864E-01
       774  9.444596E-01
       775  4.980504E-01
       776  9.376525E-01
       777  4.845280E-01
       778  9.231999E-01
       779  4.784394E-01
       780  9.256255E-01
       781  5.774446E+00
       782  3.470898E+00
       783  1.896912E+00
       784  9.828042E-01
       785  6.887403E-01
       786  5.774446E+00
       787  3.470898E+00
       788  1.896912E+00
       789  9.828042E-01
       790  6.887403E-01
       791  3.493137E-01
       792  6.842424E-01
       793  3.547179E-01
       794  6.821120E-01
       795  3.667683E-01
       796  6.951122E-01
       797  4.550067E-01
       798  7.015994E-01
       799  1.631525E-01
       800  2.510304E-01
       801  1.631525E-01
       802  2.510304E-01
       803  4.550067E-01
       804  7.015994E-01
       805  3.667683E-01
       806  6.951122E-01
       807  3.547179E-01
       808  6.821120E-01
       809  3.493137E-01
       810  6.842424E-01
       811  4.032447E+00
       812  2.473096E+00
       813  1.412298E+00
       814  7.937852E-01
       815  5.856433E-01
       816  4.032447E+00
       817  2.473096E+00
       818  1.412298E+00
       819  7.937852E-01
       820  5.856433E-01
       821  2.441393E-01
       822  4.827894E-01
       823  2.488340E-01
       824  4.810494E-01
       825  2.594177E-01
       826  4.926550E-01
       827  3.394204E-01
       828  4.991069E-01
       829  1.205597E-01
       830  1.764936E-01
       831  1.205597E-01
       832  1.764936E-01
       833  3.394204E-01
       834  4.991069E-01
       835  2.594177E-01
       836  4.926550E-01
       837  2.488340E-01
       838  4.810494E-01
       839  2.441393E-01
       840  4.827894E-01
       841  2.651300E+00
       842  1.668662E+00
       843  1.005708E+00
       844  6.187086E-01
       845  4.831283E-01
       846  2.651300E+00
       847  1.668662E+00
       848  1.005708E+00
       849  6.187086E-01
       850  4.831283E-01
       851  1.616428E-01
       852  3.210461E-01
       853  1.655964E-01
       854  3.197646E-01
       855  1.747129E-01
       856  3.300374E-01
       857  2.453321E-01
       858  3.366811E-01
       859  8.624267E-02
       860  1.177032E-01
       861  8.624267E-02
       862  1.177032E-01
       863  2.453321E-01
       864  3.366811E-01
       865  1.747129E-01
       866  3.300374E-01
       867  1.655964E-01
       868  3.197646E-01
       869  1.616428E-01
       870  3.210461E-01
       871  1.611497E+00
       872  1.050475E+00
       873  6.778514E-01
       874  4.613063E-01
       875  3.829587E-01
       876  1.611497E+00
       877  1.050475E+00
       878  6.778514E-01
       879  4.613063E-01
       880  3.829587E-01
       881  9.994246E-02
       882  1.974469E-01
       883  1.031155E-01
       884  1.966632E-01
       885  1.107628E-01
       886  2.056726E-01
       887  1.710272E-01
       888  2.126592E-01
       889  5.936885E-02
       890  7.368506E-02
       891  5.936885E-02
       892  7.368506E-02
       893  1.710272E-01
       894  2.126592E-01
       895  1.107628E-01
       896  2.056726E-01
       897  1.031155E-01
       898  1.966632E-01
       899  9.994246E-02
       900  1.974469E-01
       901  8.804755E-01
       902  6.038825E-01
       903  4.260147E-01
       904  3.245917E-01
       905  2.874616E-01
       906  8.804755E-01
       907  6.038825E-01
       908  4.260147E-01
       909  3.245917E-01
       910  2.874616E-01
       911  5.659819E-02
       912  1.090918E-01
       913  5.895352E-02
       914  1.087940E-01
       915  6.513913E-02
       916  1.165931E-01
       917  1.143535E-01
       918  1.239509E-01
       919  3.898483E-02
       920  4.292945E-02
       921  3.898483E-02
       922  4.292945E-02
       923  1.143535E-01
       924  1.239509E-01
       925  6.513913E-02
       926  1.165931E-01
       927  5.895352E-02
       928  1.087940E-01
       929  5.659819E-02
       930  1.090918E-01
       931  4.131209E-01
       932  3.068624E-01
       933  2.440617E-01
       934  2.107852E-01
       935  1.996043E-01
       936  4.131209E-01
       937  3.068624E-01
       938  2.440617E-01
       939  2.107852E-01
       940  1.996043E-01
       941  2.866814E-02
       942  5.173764E-02
       943  3.023047E-02
       944  5.184681E-02
       945  3.503458E-02
       946  5.846522E-02
       947  7.291743E-02
       948  6.603938E-02
       949  2.407804E-02
       950  2.340390E-02
       951  2.407804E-02
       952  2.340390E-02
       953  7.291743E-02
       954  6.603938E-02
       955  3.503458E-02
       956  5.846522E-02
       957  3.023047E-02
       958  5.184681E-02
       959  2.866814E-02
       960  5.173764E-02
       961  1.531456E-01
       962  1.308634E-01
       963  1.227955E-01
       964  1.213757E-01
       965  1.230405E-01
       966  1.531456E-01
       967  1.308634E-01
       968  1.227955E-01
       969  1.213757E-01
       970  1.230405E-01
       971  1.266875E-02
       972  1.958227E-02
       973  1.371553E-02
       974  2.004789E-02
       975  1.745873E-02
       976  2.558411E-02
       977  4.439938E-02
       978  3.302285E-02
       979  1.364011E-02
       980  1.261877E-02
       981  1.364011E-02
       982  1.261877E-02
       983  4.439938E-02
       984  3.302285E-02
       985  1.745873E-02
       986  2.558411E-02
       987  1.371553E-02
       988  2.004789E-02
       989  1.266875E-02
       990  1.958227E-02
       991  3.770027E-02
       992  4.263217E-02
       993  5.015411E-02
       994  5.731893E-02
       995  6.258757E-02
       996  3.770027E-02
       997  4.263217E-02
       998  5.015411E-02
       999  5.731893E-02
      1000  6.258757E-02
      1001  4.659850E-03
      1002  5.184954E-03
      1003  5.844346E-03
      1004  6.144232E-03
      1005  9.117378E-03
      1006  1.088955E-02
      1007  2.659402E-02
      1008  1.788288E-02
      1009  6.701611E-03
      1010  7.845654E-03
      1011  6.701611E-03
      1012  7.845654E-03
      1013  2.659402E-02
      1014  1.788288E-02
      1015  9.117378E-03
      1016  1.088955E-02
      1017  5.844346E-03
      1018  6.144232E-03
      1019  4.659850E-03
      1020  5.184954E-03
      1021  3.856761E-03
      1022  7.601527E-03
      1023  1.240468E-02
      1024  1.764250E-02
      1025  2.232947E-02
      1026  3.856761E-03
      1027  7.601527E-03
      1028  1.240468E-02
      1029  1.764250E-02
      1030  2.232947E-02
      1031  1.148551E-03
      1032  6.655545E-04
      1033  2.422987E-03
      1034  1.682507E-03
      1035  5.396675E-03
      1036  5.756322E-03
      1037  1.602473E-02
      1038  1.247834E-02
      1039  2.496199E-03
      1040  6.267669E-03
      1041  2.496199E-03
      1042  6.267669E-03
      1043  1.602473E-02
      1044  1.247834E-02
      1045  5.396675E-03
      1046  5.756322E-03
      1047  2.422987E-03
      1048  1.682507E-03
      1049  1.148551E-03
      1050  6.655545E-04
      1051  5.633287E-05
      1052  2.666194E-04
      1053  8.137821E-04
      1054  2.112714E-03
      1055  4.326708E-03
      1056  5.633287E-05
      1057  2.666194E-04
      1058  8.137821E-04
      1059  2.112714E-03
      1060  4.326708E-03
      1061  1.333416E-04
      1062  6.248792E-05
      1063  7.837995E-04
      1064  6.294706E-04
      1065  2.702717E-03
      1066  3.787548E-03
      1067  9.097643E-03
      1068  1.099594E-02
      1069  8.172113E-04
      1070  6.237754E-03
      1071  8.172113E-04
      1072  6.237754E-03
      1073  9.097643E-03
      1074  1.099594E-02
      1075  2.702717E-03
      1076  3.787548E-03
      1077  7.837995E-04
      1078  6.294706E-04
      1079  1.333416E-04
      1080  6.248792E-05

                                INCREMENT    25


 displacements (vx,vy,vz) for set TIP_TOP and time  0.4456250E-01

      1751  9.713913E-02 -2.668795E-04 -2.458999E+00
      1752  9.715658E-02 -2.633704E-04 -2.458638E+00
      1755  9.717046E-02 -2.435073E-04 -2.458280E+00
      1758  9.718456E-02 -1.805330E-04 -2.457966E+00
      1760  9.719332E-02 -6.049922E-05 -2.457776E+00
      1762  9.719267E-02  1.633967E-16 -2.457762E+00
      1764  9.719332E-02  6.049922E-05 -2.457776E+00
      1767  9.718456E-02  1.805330E-04 -2.457966E+00
      1770  9.717046E-02  2.435073E-04 -2.458280E+00
      1773  9.715658E-02  2.633704E-04 -2.458638E+00
      1776  9.713913E-02  2.668795E-04 -2.458999E+00

 forces (fx,fy,fz) for set CLAMP and time  0.4456250E-01

         1  7.267789E+03  5.882733E+03  2.932204E+03
         4  1.318039E+04 -7.065459E-12  5.875987E+03
         5  1.013118E+04  9.041005E+03  4.763154E+02
         8  1.802831E+04 -1.183126E-11  1.021123E+03
         9  6.563713E+03  5.766986E+03 -8.975391E+01
        12  1.160187E+04 -7.150835E-12 -1.254810E+02
        13  3.141713E+03  2.714570E+03 -4.547542E+02
        16  5.540464E+03 -7.809864E-12 -8.553029E+02
        17 -3.323826E+02 -3.678325E+02 -5.319930E+02
        20 -6.129410E+02 -3.665457E-12 -1.029732E+03
        21 -2.436758E+03 -1.360919E+03 -1.945835E+03
        24 -3.458239E+03 -1.321387E-12 -5.382061E+02
        26  7.267789E+03 -5.882733E+03  2.932204E+03
        28  1.013118E+04 -9.041005E+03  4.763154E+02
        30  6.563713E+03 -5.766986E+03 -8.975391E+01
        32  3.141713E+03 -2.714570E+03 -4.547542E+02
        34 -3.323826E+02  3.678325E+02 -5.319930E+02
        36 -2.436758E+03  1.360919E+03 -1.945835E+03
        37 -1.282654E+03 -7.313790E+02 -1.942567E+03
        40 -1.606030E+03 -3.900995E+02 -3.369537E+03
        41 -3.157529E+03 -1.614462E+03 -4.018245E+02
        44 -4.805917E+03 -8.386304E+02 -8.063768E+02
        45 -2.206236E+03 -8.862802E+02  2.249274E+03
        48 -3.860243E+03 -4.492539E+02  4.139468E+03
        50 -1.346246E+03 -3.324319E+02 -3.181754E+03
        52 -4.697709E+03 -7.119680E+02 -8.563663E+02
        54 -4.044688E+03 -3.796170E+02  4.098968E+03
        56 -1.238598E+03 -2.466160E+02 -3.234092E+03
        58 -4.891805E+03 -5.207733E+02 -8.436564E+02
        60 -4.383237E+03 -2.775851E+02  4.308998E+03
        62 -3.658321E+03 -2.313430E+02 -4.914780E+02
        64 -3.338244E+03 -1.169326E+02  3.237412E+03
        66 -2.184007E+03  1.263989E-13 -2.546853E+02
        68 -2.005742E+03 -3.430312E-13  1.948387E+03
        70 -3.658321E+03  2.313430E+02 -4.914780E+02
        72 -3.338244E+03  1.169326E+02  3.237412E+03
        74 -1.238598E+03  2.466160E+02 -3.234092E+03
        76 -4.891805E+03  5.207733E+02 -8.436564E+02
        78 -4.383237E+03  2.775851E+02  4.308998E+03
        80 -1.346246E+03  3.324319E+02 -3.181754E+03
        82 -4.697709E+03  7.119680E+02 -8.563663E+02
        84 -4.044688E+03  3.796170E+02  4.098968E+03
        86 -1.606030E+03  3.900995E+02 -3.369537E+03
        88 -4.805917E+03  8.386304E+02 -8.063768E+02
        90 -3.860243E+03  4.492539E+02  4.139468E+03
        92 -1.282654E+03  7.313790E+02 -1.942567E+03
        94 -3.157529E+03  1.614462E+03 -4.018245E+02
        96 -2.206236E+03  8.862802E+02  2.249274E+03

 internal energy (element, energy) for set EALL and time  0.4456250E-01

         1  9.204431E+01
         2  4.128393E+01
         3  1.433388E+01
         4  1.974211E+00
         5  3.809914E+00
         6  9.204431E+01
         7  4.128393E+01
         8  1.433388E+01
         9  1.974211E+00
        10  3.809914E+00
        11  7.502692E+00
        12  1.071693E+01
        13  6.117765E+00
        14  9.411774E+00
        15  6.047963E+00
        16  9.676317E+00
        17  6.642817E+00
        18  1.044251E+01
        19  2.940113E+00
        20  4.551777E+00
        21  2.940113E+00
        22  4.551777E+00
        23  6.642817E+00
        24  1.044251E+01
        25  6.047963E+00
        26  9.676317E+00
        27  6.117765E+00
        28  9.411774E+00
        29  7.502692E+00
        30  1.071693E+01
        31  9.527059E+01
        32  5.105423E+01
        33  1.812047E+01
        34  2.967303E+00
        35  4.992356E+00
        36  9.527059E+01
        37  5.105423E+01
        38  1.812047E+01
        39  2.967303E+00
        40  4.992356E+00
        41  6.438866E+00
        42  9.863816E+00
        43  7.192474E+00
        44  1.073843E+01
        45  7.401361E+00
        46  1.088766E+01
        47  7.979528E+00
        48  1.131819E+01
        49  3.428424E+00
        50  4.792027E+00
        51  3.428424E+00
        52  4.792027E+00
        53  7.979528E+00
        54  1.131819E+01
        55  7.401361E+00
        56  1.088766E+01
        57  7.192474E+00
        58  1.073843E+01
        59  6.438866E+00
        60  9.863816E+00
        61  9.503632E+01
        62  5.003191E+01
        63  1.879301E+01
        64  3.347860E+00
        65  4.962903E+00
        66  9.503632E+01
        67  5.003191E+01
        68  1.879301E+01
        69  3.347860E+00
        70  4.962903E+00
        71  6.213530E+00
        72  9.658926E+00
        73  7.120705E+00
        74  1.065669E+01
        75  7.662532E+00
        76  1.123215E+01
        77  8.057817E+00
        78  1.166034E+01
        79  3.378991E+00
        80  4.882640E+00
        81  3.378991E+00
        82  4.882640E+00
        83  8.057817E+00
        84  1.166034E+01
        85  7.662532E+00
        86  1.123215E+01
        87  7.120705E+00
        88  1.065669E+01
        89  6.213530E+00
        90  9.658926E+00
        91  1.057856E+02
        92  5.471403E+01
        93  2.056415E+01
        94  3.875463E+00
        95  5.347123E+00
        96  1.057856E+02
        97  5.471403E+01
        98  2.056415E+01
        99  3.875463E+00
       100  5.347123E+00
       101  7.433432E+00
       102  1.082225E+01
       103  8.033052E+00
       104  1.151781E+01
       105  8.537634E+00
       106  1.211773E+01
       107  8.844836E+00
       108  1.246803E+01
       109  3.641625E+00
       110  5.148829E+00
       111  3.641625E+00
       112  5.148829E+00
       113  8.844836E+00
       114  1.246803E+01
       115  8.537634E+00
       116  1.211773E+01
       117  8.033052E+00
       118  1.151781E+01
       119  7.433432E+00
       120  1.082225E+01
       121  1.028096E+02
       122  5.275902E+01
       123  1.980339E+01
       124  3.776376E+00
       125  4.836853E+00
       126  1.028096E+02
       127  5.275902E+01
       128  1.980339E+01
       129  3.776376E+00
       130  4.836853E+00
       131  7.439965E+00
       132  1.093191E+01
       133  7.711999E+00
       134  1.127193E+01
       135  7.999988E+00
       136  1.163120E+01
       137  8.242750E+00
       138  1.187286E+01
       139  3.392470E+00
       140  4.887418E+00
       141  3.392470E+00
       142  4.887418E+00
       143  8.242750E+00
       144  1.187286E+01
       145  7.999988E+00
       146  1.163120E+01
       147  7.711999E+00
       148  1.127193E+01
       149  7.439965E+00
       150  1.093191E+01
       151  9.915459E+01
       152  5.094826E+01
       153  1.923556E+01
       154  3.758159E+00
       155  4.437894E+00
       156  9.915459E+01
       157  5.094826E+01
       158  1.923556E+01
       159  3.758159E+00
       160  4.437894E+00
       161  7.294109E+00
       162  1.082201E+01
       163  7.398072E+00
       164  1.094510E+01
       165  7.551764E+00
       166  1.112469E+01
       167  7.742505E+00
       168  1.127483E+01
       169  3.176643E+00
       170  4.621389E+00
       171  3.176643E+00
       172  4.621389E+00
       173  7.742505E+00
       174  1.127483E+01
       175  7.551764E+00
       176  1.112469E+01
       177  7.398072E+00
       178  1.094510E+01
       179  7.294109E+00
       180  1.082201E+01
       181  9.506722E+01
       182  4.906733E+01
       183  1.871847E+01
       184  3.780754E+00
       185  4.113931E+00
       186  9.506722E+01
       187  4.906733E+01
       188  1.871847E+01
       189  3.780754E+00
       190  4.113931E+00
       191  7.016815E+00
       192  1.050952E+01
       193  7.059358E+00
       194  1.054254E+01
       195  7.147717E+00
       196  1.063310E+01
       197  7.301485E+00
       198  1.073303E+01
       199  2.979818E+00
       200  4.379727E+00
       201  2.979818E+00
       202  4.379727E+00
       203  7.301485E+00
       204  1.073303E+01
       205  7.147717E+00
       206  1.063310E+01
       207  7.059358E+00
       208  1.054254E+01
       209  7.016815E+00
       210  1.050952E+01
       211  9.074998E+01
       212  4.707483E+01
       213  1.817126E+01
       214  3.805632E+00
       215  3.832756E+00
       216  9.074998E+01
       217  4.707483E+01
       218  1.817126E+01
       219  3.805632E+00
       220  3.832756E+00
       221  6.671323E+00
       222  1.008015E+01
       223  6.696377E+00
       224  1.008884E+01
       225  6.756896E+00
       226  1.014731E+01
       227  6.891404E+00
       228  1.022193E+01
       229  2.797766E+00
       230  4.152314E+00
       231  2.797766E+00
       232  4.152314E+00
       233  6.891404E+00
       234  1.022193E+01
       235  6.756896E+00
       236  1.014731E+01
       237  6.696377E+00
       238  1.008884E+01
       239  6.671323E+00
       240  1.008015E+01
       241  8.625471E+01
       242  4.496945E+01
       243  1.756879E+01
       244  3.818328E+00
       245  3.578332E+00
       246  8.625471E+01
       247  4.496945E+01
       248  1.756879E+01
       249  3.818328E+00
       250  3.578332E+00
       251  6.291624E+00
       252  9.592652E+00
       253  6.313039E+00
       254  9.599805E+00
       255  6.362764E+00
       256  9.649601E+00
       257  6.489191E+00
       258  9.711771E+00
       259  2.621305E+00
       260  3.927838E+00
       261  2.621305E+00
       262  3.927838E+00
       263  6.489191E+00
       264  9.711771E+00
       265  6.362764E+00
       266  9.649601E+00
       267  6.313039E+00
       268  9.599805E+00
       269  6.291624E+00
       270  9.592652E+00
       271  8.159817E+01
       272  4.275585E+01
       273  1.690692E+01
       274  3.813899E+00
       275  3.340994E+00
       276  8.159817E+01
       277  4.275585E+01
       278  1.690692E+01
       279  3.813899E+00
       280  3.340994E+00
       281  5.895323E+00
       282  9.076453E+00
       283  5.916048E+00
       284  9.085929E+00
       285  5.961249E+00
       286  9.134001E+00
       287  6.085218E+00
       288  9.189658E+00
       289  2.446361E+00
       290  3.700875E+00
       291  2.446361E+00
       292  3.700875E+00
       293  6.085218E+00
       294  9.189658E+00
       295  5.961249E+00
       296  9.134001E+00
       297  5.916048E+00
       298  9.085929E+00
       299  5.895323E+00
       300  9.076453E+00
       301  7.679259E+01
       302  4.044174E+01
       303  1.618778E+01
       304  3.791081E+00
       305  3.117190E+00
       306  7.679259E+01
       307  4.044174E+01
       308  1.618778E+01
       309  3.791081E+00
       310  3.117190E+00
       311  5.490614E+00
       312  8.543405E+00
       313  5.510629E+00
       314  8.553973E+00
       315  5.553176E+00
       316  8.601313E+00
       317  5.677179E+00
       318  8.652555E+00
       319  2.271526E+00
       320  3.469688E+00
       321  2.271526E+00
       322  3.469688E+00
       323  5.677179E+00
       324  8.652555E+00
       325  5.553176E+00
       326  8.601313E+00
       327  5.510629E+00
       328  8.553973E+00
       329  5.490614E+00
       330  8.543405E+00
       331  7.185599E+01
       332  3.803759E+01
       333  1.541544E+01
       334  3.749629E+00
       335  2.905898E+00
       336  7.185599E+01
       337  3.803759E+01
       338  1.541544E+01
       339  3.749629E+00
       340  2.905898E+00
       341  5.081924E+00
       342  7.998186E+00
       343  5.100854E+00
       344  8.008326E+00
       345  5.141210E+00
       346  8.054395E+00
       347  5.266266E+00
       348  8.101683E+00
       349  2.096980E+00
       350  3.234480E+00
       351  2.096980E+00
       352  3.234480E+00
       353  5.266266E+00
       354  8.101683E+00
       355  5.141210E+00
       356  8.054395E+00
       357  5.100854E+00
       358  8.008326E+00
       359  5.081924E+00
       360  7.998186E+00
       361  6.681386E+01
       362  3.555661E+01
       363  1.459451E+01
       364  3.689283E+00
       365  2.706955E+00
       366  6.681386E+01
       367  3.555661E+01
       368  1.459451E+01
       369  3.689283E+00
       370  2.706955E+00
       371  4.672458E+00
       372  7.443502E+00
       373  4.690141E+00
       374  7.452325E+00
       375  4.728427E+00
       376  7.496530E+00
       377  4.854911E+00
       378  7.539836E+00
       379  1.923560E+00
       380  2.996313E+00
       381  1.923560E+00
       382  2.996313E+00
       383  4.854911E+00
       384  7.539836E+00
       385  4.728427E+00
       386  7.496530E+00
       387  4.690141E+00
       388  7.452325E+00
       389  4.672458E+00
       390  7.443502E+00
       391  6.169741E+01
       392  3.301431E+01
       393  1.373005E+01
       394  3.609664E+00
       395  2.520227E+00
       396  6.169741E+01
       397  3.301431E+01
       398  1.373005E+01
       399  3.609664E+00
       400  2.520227E+00
       401  4.265171E+00
       402  6.882017E+00
       403  4.281621E+00
       404  6.889162E+00
       405  4.317907E+00
       406  6.931155E+00
       407  4.445906E+00
       408  6.970415E+00
       409  1.752353E+00
       410  2.756618E+00
       411  1.752353E+00
       412  2.756618E+00
       413  4.445906E+00
       414  6.970415E+00
       415  4.317907E+00
       416  6.931155E+00
       417  4.281621E+00
       418  6.889162E+00
       419  4.265171E+00
       420  6.882017E+00
       421  5.654198E+01
       422  3.042819E+01
       423  1.282772E+01
       424  3.510432E+00
       425  2.345363E+00
       426  5.654198E+01
       427  3.042819E+01
       428  1.282772E+01
       429  3.510432E+00
       430  2.345363E+00
       431  3.863011E+00
       432  6.316901E+00
       433  3.878313E+00
       434  6.322310E+00
       435  3.912668E+00
       436  6.361948E+00
       437  4.042118E+00
       438  6.397182E+00
       439  1.584522E+00
       440  2.517009E+00
       441  1.584522E+00
       442  2.517009E+00
       443  4.042118E+00
       444  6.397182E+00
       445  3.912668E+00
       446  6.361948E+00
       447  3.878313E+00
       448  6.322310E+00
       449  3.863011E+00
       450  6.316901E+00
       451  5.138588E+01
       452  2.781754E+01
       453  1.189403E+01
       454  3.391449E+00
       455  2.181768E+00
       456  5.138588E+01
       457  2.781754E+01
       458  1.189403E+01
       459  3.391449E+00
       460  2.181768E+00
       461  3.468938E+00
       462  5.751860E+00
       463  3.483194E+00
       464  5.755615E+00
       465  3.515682E+00
       466  5.792871E+00
       467  3.646413E+00
       468  5.824186E+00
       469  1.421235E+00
       470  2.279210E+00
       471  1.421235E+00
       472  2.279210E+00
       473  3.646413E+00
       474  5.824186E+00
       475  3.515682E+00
       476  5.792871E+00
       477  3.483194E+00
       478  5.755615E+00
       479  3.468938E+00
       480  5.751860E+00
       481  4.626977E+01
       482  2.520324E+01
       483  1.093637E+01
       484  3.252896E+00
       485  2.028620E+00
       486  4.626977E+01
       487  2.520324E+01
       488  1.093637E+01
       489  3.252896E+00
       490  2.028620E+00
       491  3.085894E+00
       492  5.191016E+00
       493  3.099202E+00
       494  5.193257E+00
       495  3.129886E+00
       496  5.228153E+00
       497  3.261631E+00
       498  5.255715E+00
       499  1.263640E+00
       500  2.045019E+00
       501  1.263640E+00
       502  2.045019E+00
       503  3.261631E+00
       504  5.255715E+00
       505  3.129886E+00
       506  5.228153E+00
       507  3.099202E+00
       508  5.193257E+00
       509  3.085894E+00
       510  5.191016E+00
       511  4.123610E+01
       512  2.260755E+01
       513  9.963076E+00
       514  3.095340E+00
       515  1.884907E+00
       516  4.123610E+01
       517  2.260755E+01
       518  9.963076E+00
       519  3.095340E+00
       520  1.884907E+00
       521  2.716768E+00
       522  4.638764E+00
       523  2.729219E+00
       524  4.639653E+00
       525  2.758154E+00
       526  4.672226E+00
       527  2.890546E+00
       528  4.696249E+00
       529  1.112833E+00
       530  1.816278E+00
       531  1.112833E+00
       532  1.816278E+00
       533  2.890546E+00
       534  4.696249E+00
       535  2.758154E+00
       536  4.672226E+00
       537  2.729219E+00
       538  4.639653E+00
       539  2.716768E+00
       540  4.638764E+00
       541  3.632863E+01
       542  2.005390E+01
       543  8.983313E+00
       544  2.919767E+00
       545  1.749442E+00
       546  3.632863E+01
       547  2.005390E+01
       548  8.983313E+00
       549  2.919767E+00
       550  1.749442E+00
       551  2.364350E+00
       552  4.099654E+00
       553  2.376025E+00
       554  4.099362E+00
       555  2.403256E+00
       556  4.129656E+00
       557  2.535821E+00
       558  4.150388E+00
       559  9.698361E-01
       560  1.594845E+00
       561  9.698361E-01
       562  1.594845E+00
       563  2.535821E+00
       564  4.150388E+00
       565  2.403256E+00
       566  4.129656E+00
       567  2.376025E+00
       568  4.099362E+00
       569  2.364350E+00
       570  4.099654E+00
       571  3.159177E+01
       572  1.756654E+01
       573  8.007033E+00
       574  2.727608E+00
       575  1.620897E+00
       576  3.159177E+01
       577  1.756654E+01
       578  8.007033E+00
       579  2.727608E+00
       580  1.620897E+00
       581  2.031283E+00
       582  3.578296E+00
       583  2.042249E+00
       584  3.577004E+00
       585  2.067811E+00
       586  3.605068E+00
       587  2.199952E+00
       588  3.622798E+00
       589  8.355785E-01
       590  1.382567E+00
       591  8.355785E-01
       592  1.382567E+00
       593  2.199952E+00
       594  3.622798E+00
       595  2.067811E+00
       596  3.605068E+00
       597  2.042249E+00
       598  3.577004E+00
       599  2.031283E+00
       600  3.578296E+00
       601  2.706990E+01
       602  1.517022E+01
       603  7.044838E+00
       604  2.520754E+00
       605  1.497828E+00
       606  2.706990E+01
       607  1.517022E+01
       608  7.044838E+00
       609  2.520754E+00
       610  1.497828E+00
       611  1.720004E+00
       612  3.079288E+00
       613  1.730308E+00
       614  3.077188E+00
       615  1.754220E+00
       616  3.103087E+00
       617  1.885217E+00
       618  3.118142E+00
       619  7.108699E-01
       620  1.181253E+00
       621  7.108699E-01
       622  1.181253E+00
       623  1.885217E+00
       624  3.118142E+00
       625  1.754220E+00
       626  3.103087E+00
       627  1.730308E+00
       628  3.077188E+00
       629  1.720004E+00
       630  3.079288E+00
       631  2.280651E+01
       632  1.288971E+01
       633  6.107827E+00
       634  2.301564E+00
       635  1.378725E+00
       636  2.280651E+01
       637  1.288971E+01
       638  6.107827E+00
       639  2.301564E+00
       640  1.378725E+00
       641  1.432675E+00
       642  2.607154E+00
       643  1.442344E+00
       644  2.604454E+00
       645  1.464613E+00
       646  2.628269E+00
       647  1.593613E+00
       648  2.641016E+00
       649  5.963819E-01
       650  9.926395E-01
       651  5.963819E-01
       652  9.926395E-01
       653  1.593613E+00
       654  2.641016E+00
       655  1.464613E+00
       656  2.628269E+00
       657  1.442344E+00
       658  2.604454E+00
       659  1.432675E+00
       660  2.607154E+00
       661  1.884320E+01
       662  1.074931E+01
       663  5.207399E+00
       664  2.072865E+00
       665  1.262075E+00
       666  1.884320E+01
       667  1.074931E+01
       668  5.207399E+00
       669  2.072865E+00
       670  1.262075E+00
       671  1.171119E+00
       672  2.166276E+00
       673  1.180161E+00
       674  2.163195E+00
       675  1.200782E+00
       676  2.185022E+00
       677  1.326803E+00
       678  2.195863E+00
       679  4.926279E-01
       680  8.183551E-01
       681  4.926279E-01
       682  8.183551E-01
       683  1.326803E+00
       684  2.195863E+00
       685  1.200782E+00
       686  2.185022E+00
       687  1.180161E+00
       688  2.163195E+00
       689  1.171119E+00
       690  2.166276E+00
       691  1.521836E+01
       692  8.772066E+00
       693  4.354978E+00
       694  1.837966E+00
       695  1.146463E+00
       696  1.521836E+01
       697  8.772066E+00
       698  4.354978E+00
       699  1.837966E+00
       700  1.146463E+00
       701  9.367587E-01
       702  1.760799E+00
       703  9.451619E-01
       704  1.757559E+00
       705  9.641260E-01
       706  1.777506E+00
       707  1.086058E+00
       708  1.786864E+00
       709  3.999433E-01
       710  6.598720E-01
       711  3.999433E-01
       712  6.598720E-01
       713  1.086058E+00
       714  1.786864E+00
       715  9.641260E-01
       716  1.777506E+00
       717  9.451619E-01
       718  1.757559E+00
       719  9.367587E-01
       720  1.760799E+00
       721  1.196561E+01
       722  6.978959E+00
       723  3.561673E+00
       724  1.600638E+00
       725  1.030698E+00
       726  1.196561E+01
       727  6.978959E+00
       728  3.561673E+00
       729  1.600638E+00
       730  1.030698E+00
       731  7.305508E-01
       732  1.394494E+00
       733  7.382868E-01
       734  1.391305E+00
       735  7.555835E-01
       736  1.409479E+00
       737  8.721984E-01
       738  1.417782E+00
       739  3.184665E-01
       740  5.184431E-01
       741  3.184665E-01
       742  5.184431E-01
       743  8.721984E-01
       744  1.417782E+00
       745  7.555835E-01
       746  1.409479E+00
       747  7.382868E-01
       748  1.391305E+00
       749  7.305508E-01
       750  1.394494E+00
       751  9.111781E+00
       752  5.387761E+00
       753  2.837824E+00
       754  1.365094E+00
       755  9.139719E-01
       756  9.111781E+00
       757  5.387761E+00
       758  2.837824E+00
       759  1.365094E+00
       760  9.139719E-01
       761  5.529267E-01
       762  1.070561E+00
       763  5.599548E-01
       764  1.067608E+00
       765  5.755751E-01
       766  1.084104E+00
       767  6.855444E-01
       768  1.091763E+00
       769  2.481215E-01
       770  3.950231E-01
       771  2.481215E-01
       772  3.950231E-01
       773  6.855444E-01
       774  1.091763E+00
       775  5.755751E-01
       776  1.084104E+00
       777  5.599548E-01
       778  1.067608E+00
       779  5.529267E-01
       780  1.070561E+00
       781  6.674727E+00
       782  4.011797E+00
       783  2.192448E+00
       784  1.135898E+00
       785  7.960206E-01
       786  6.674727E+00
       787  4.011797E+00
       788  2.192448E+00
       789  1.135898E+00
       790  7.960206E-01
       791  4.037344E-01
       792  7.913779E-01
       793  4.100055E-01
       794  7.888107E-01
       795  4.239423E-01
       796  8.037066E-01
       797  5.258697E-01
       798  8.110934E-01
       799  1.886053E-01
       800  2.901798E-01
       801  1.886053E-01
       802  2.901798E-01
       803  5.258697E-01
       804  8.110934E-01
       805  4.239423E-01
       806  8.037066E-01
       807  4.100055E-01
       808  7.888107E-01
       809  4.037344E-01
       810  7.913779E-01
       811  4.661006E+00
       812  2.858569E+00
       813  1.632586E+00
       814  9.178104E-01
       815  6.772687E-01
       816  4.661006E+00
       817  2.858569E+00
       818  1.632586E+00
       819  9.178104E-01
       820  6.772687E-01
       821  2.821853E-01
       822  5.582124E-01
       823  2.876463E-01
       824  5.561425E-01
       825  2.998930E-01
       826  5.695026E-01
       827  3.923700E-01
       828  5.769334E-01
       829  1.393845E-01
       830  2.040013E-01
       831  1.393845E-01
       832  2.040013E-01
       833  3.923700E-01
       834  5.769334E-01
       835  2.998930E-01
       836  5.695026E-01
       837  2.876463E-01
       838  5.561425E-01
       839  2.821853E-01
       840  5.582124E-01
       841  3.063792E+00
       842  1.928451E+00
       843  1.162582E+00
       844  7.155387E-01
       845  5.589171E-01
       846  3.063792E+00
       847  1.928451E+00
       848  1.162582E+00
       849  7.155387E-01
       850  5.589171E-01
       851  1.868156E-01
       852  3.709558E-01
       853  1.914124E-01
       854  3.694583E-01
       855  2.019627E-01
       856  3.813407E-01
       857  2.836506E-01
       858  3.890574E-01
       859  9.970481E-02
       860  1.360152E-01
       861  9.970481E-02
       862  1.360152E-01
       863  2.836506E-01
       864  3.890574E-01
       865  2.019627E-01
       866  3.813407E-01
       867  1.914124E-01
       868  3.694583E-01
       869  1.868156E-01
       870  3.709558E-01
       871  1.861366E+00
       872  1.213604E+00
       873  7.834053E-01
       874  5.334194E-01
       875  4.429780E-01
       876  1.861366E+00
       877  1.213604E+00
       878  7.834053E-01
       879  5.334194E-01
       880  4.429780E-01
       881  1.154787E-01
       882  2.279337E-01
       883  1.191570E-01
       884  2.270421E-01
       885  1.280063E-01
       886  2.374997E-01
       887  1.977437E-01
       888  2.456448E-01
       889  6.861926E-02
       890  8.512768E-02
       891  6.861926E-02
       892  8.512768E-02
       893  1.977437E-01
       894  2.456448E-01
       895  1.280063E-01
       896  2.374997E-01
       897  1.191570E-01
       898  2.270421E-01
       899  1.154787E-01
       900  2.279337E-01
       901  1.016456E+00
       902  6.973360E-01
       903  4.921175E-01
       904  3.751087E-01
       905  3.322892E-01
       906  1.016456E+00
       907  6.973360E-01
       908  4.921175E-01
       909  3.751087E-01
       910  3.322892E-01
       911  6.537575E-02
       912  1.258346E-01
       913  6.809427E-02
       914  1.255161E-01
       915  7.525011E-02
       916  1.345776E-01
       917  1.321895E-01
       918  1.431460E-01
       919  4.503930E-02
       920  4.959529E-02
       921  4.503930E-02
       922  4.959529E-02
       923  1.321895E-01
       924  1.431460E-01
       925  7.525011E-02
       926  1.345776E-01
       927  6.809427E-02
       928  1.255161E-01
       929  6.537575E-02
       930  1.258346E-01
       931  4.767437E-01
       932  3.541956E-01
       933  2.817576E-01
       934  2.433798E-01
       935  2.305017E-01
       936  4.767437E-01
       937  3.541956E-01
       938  2.817576E-01
       939  2.433798E-01
       940  2.305017E-01
       941  3.310411E-02
       942  5.967487E-02
       943  3.490132E-02
       944  5.982116E-02
       945  4.045726E-02
       946  6.749739E-02
       947  8.425191E-02
       948  7.628359E-02
       949  2.780212E-02
       950  2.704710E-02
       951  2.780212E-02
       952  2.704710E-02
       953  8.425191E-02
       954  7.628359E-02
       955  4.045726E-02
       956  6.749739E-02
       957  3.490132E-02
       958  5.982116E-02
       959  3.310411E-02
       960  5.967487E-02
       961  1.767428E-01
       962  1.510213E-01
       963  1.416983E-01
       964  1.400514E-01
       965  1.419760E-01
       966  1.767428E-01
       967  1.510213E-01
       968  1.416983E-01
       969  1.400514E-01
       970  1.419760E-01
       971  1.461976E-02
       972  2.261799E-02
       973  1.582707E-02
       974  2.316388E-02
       975  2.015706E-02
       976  2.956684E-02
       977  5.127282E-02
       978  3.816426E-02
       979  1.574289E-02
       980  1.458617E-02
       981  1.574289E-02
       982  1.458617E-02
       983  5.127282E-02
       984  3.816426E-02
       985  2.015706E-02
       986  2.956684E-02
       987  1.582707E-02
       988  2.316388E-02
       989  1.461976E-02
       990  2.261799E-02
       991  4.354117E-02
       992  4.921862E-02
       993  5.788984E-02
       994  6.615014E-02
       995  7.222629E-02
       996  4.354117E-02
       997  4.921862E-02
       998  5.788984E-02
       999  6.615014E-02
      1000  7.222629E-02
      1001  5.367109E-03
      1002  6.002896E-03
      1003  6.740403E-03
      1004  7.111087E-03
      1005  1.052847E-02
      1006  1.259216E-02
      1007  3.070883E-02
      1008  2.066507E-02
      1009  7.735352E-03
      1010  9.064220E-03
      1011  7.735352E-03
      1012  9.064220E-03
      1013  3.070883E-02
      1014  2.066507E-02
      1015  1.052847E-02
      1016  1.259216E-02
      1017  6.740403E-03
      1018  7.111087E-03
      1019  5.367109E-03
      1020  6.002896E-03
      1021  4.460969E-03
      1022  8.787977E-03
      1023  1.433828E-02
      1024  2.038977E-02
      1025  2.580462E-02
      1026  4.460969E-03
      1027  8.787977E-03
      1028  1.433828E-02
      1029  2.038977E-02
      1030  2.580462E-02
      1031  1.321107E-03
      1032  7.701069E-04
      1033  2.798425E-03
      1034  1.943458E-03
      1035  6.240819E-03
      1036  6.653198E-03
      1037  1.852998E-02
      1038  1.442547E-02
      1039  2.884680E-03
      1040  7.245996E-03
      1041  2.884680E-03
      1042  7.245996E-03
      1043  1.852998E-02
      1044  1.442547E-02
      1045  6.240819E-03
      1046  6.653198E-03
      1047  2.798425E-03
      1048  1.943458E-03
      1049  1.321107E-03
      1050  7.701069E-04
      1051  6.518849E-05
      1052  3.088210E-04
      1053  9.428515E-04
      1054  2.448250E-03
      1055  5.013390E-03
      1056  6.518849E-05
      1057  3.088210E-04
      1058  9.428515E-04
      1059  2.448250E-03
      1060  5.013390E-03
      1061  1.540316E-04
      1062  7.230050E-05
      1063  9.089597E-04
      1064  7.286526E-04
      1065  3.133291E-03
      1066  4.385627E-03
      1067  1.054524E-02
      1068  1.273387E-02
      1069  9.466765E-04
      1070  7.224053E-03
      1071  9.466765E-04
      1072  7.224053E-03
      1073  1.054524E-02
      1074  1.273387E-02
      1075  3.133291E-03
      1076  4.385627E-03
      1077  9.089597E-04
      1078  7.286526E-04
      1079  1.540316E-04
      1080  7.230050E-05

                                INCREMENT    28


 displacements (vx,vy,vz) for set TIP_TOP and time  0.5000000E-01

      1751 -5.404615E-02  1.261125E-04  1.380134E+00
      1752 -5.405443E-02  1.243662E-04  1.379964E+00
      1755 -5.406126E-02  1.147666E-04  1.379795E+00
      1758 -5.406821E-02  8.488869E-05  1.379647E+00
      1760 -5.407254E-02  2.839521E-05  1.379558E+00
      1762 -5.407225E-02 -1.733625E-15  1.379552E+00
      1764 -5.407254E-02 -2.839521E-05  1.379558E+00
      1767 -5.406821E-02 -8.488869E-05  1.379647E+00
      1770 -5.406126E-02 -1.147666E-04  1.379795E+00
      1773 -5.405443E-02 -1.243662E-04  1.379964E+00
      1776 -5.404615E-02 -1.261125E-04  1.380134E+00

 forces (fx,fy,fz) for set CLAMP and time  0.5000000E-01

         1 -4.242053E+03 -3.430763E+03 -1.712535E+03
         4 -7.694051E+03  1.365741E-12 -3.431973E+03
         5 -5.901002E+03 -5.264878E+03 -2.845245E+02
         8 -1.050097E+04  4.008294E-12 -6.092360E+02
         9 -3.816867E+03 -3.352758E+03  4.073820E+01
        12 -6.746441E+03  1.435518E-12  4.977625E+01
        13 -1.823136E+03 -1.574960E+03  2.513658E+02
        16 -3.215095E+03  1.221023E-12  4.708203E+02
        17  1.999012E+02  2.192579E+02  2.961585E+02
        20  3.678012E+02 -4.320155E-14  5.724625E+02
        21  1.414382E+03  7.973452E+02  1.125408E+03
        24  2.021981E+03 -1.835199E-13  2.994592E+02
        26 -4.242053E+03  3.430763E+03 -1.712535E+03
        28 -5.901002E+03  5.264878E+03 -2.845245E+02
        30 -3.816867E+03  3.352758E+03  4.073820E+01
        32 -1.823136E+03  1.574960E+03  2.513658E+02
        34  1.999012E+02 -2.192579E+02  2.961585E+02
        36  1.414382E+03 -7.973452E+02  1.125408E+03
        37  7.394554E+02  4.241415E+02  1.125534E+03
        40  9.196077E+02  2.275030E+02  1.951204E+03
        41  1.833375E+03  9.378577E+02  2.368614E+02
        44  2.789442E+03  4.894759E+02  4.752343E+02
        45  1.286197E+03  5.155699E+02 -1.307098E+03
        48  2.253157E+03  2.624054E+02 -2.406646E+03
        50  7.674917E+02  1.946746E+02  1.843486E+03
        52  2.729465E+03  4.175627E+02  5.047820E+02
        54  2.364834E+03  2.229203E+02 -2.386358E+03
        56  7.035042E+02  1.459656E+02  1.877367E+03
        58  2.848710E+03  3.085748E+02  4.968834E+02
        60  2.570164E+03  1.647173E+02 -2.515349E+03
        62  2.137513E+03  1.384875E+02  2.867614E+02
        64  1.963812E+03  7.008947E+01 -1.895919E+03
        66  1.277888E+03  3.650830E-13  1.472874E+02
        68  1.181425E+03  2.752382E-13 -1.142628E+03
        70  2.137513E+03 -1.384875E+02  2.867614E+02
        72  1.963812E+03 -7.008947E+01 -1.895919E+03
        74  7.035042E+02 -1.459656E+02  1.877367E+03
        76  2.848710E+03 -3.085748E+02  4.968834E+02
        78  2.570164E+03 -1.647173E+02 -2.515349E+03
        80  7.674917E+02 -1.946746E+02  1.843486E+03
        82  2.729465E+03 -4.175627E+02  5.047820E+02
        84  2.364834E+03 -2.229203E+02 -2.386358E+03
        86  9.196077E+02 -2.275030E+02  1.951204E+03
        88  2.789442E+03 -4.894759E+02  4.752343E+02
        90  2.253157E+03 -2.624054E+02 -2.406646E+03
        92  7.394554E+02 -4.241415E+02  1.125534E+03
        94  1.833375E+03 -9.378577E+02  2.368614E+02
        96  1.286197E+03 -5.155699E+02 -1.307098E+03

 internal energy (element, energy) for set EALL and time  0.5000000E-01

         1  3.128903E+01
         2  1.398915E+01
         3  4.847067E+00
         4  6.680547E-01
         5  1.305664E+00
         6  3.128903E+01
         7  1.398915E+01
         8  4.847067E+00
         9  6.680547E-01
        10  1.305664E+00
        11  2.521920E+00
        12  3.621751E+00
        13  2.058861E+00
        14  3.186668E+00
        15  2.041382E+00
        16  3.287041E+00
        17  2.257842E+00
        18  3.565592E+00
        19  1.004543E+00
        20  1.559156E+00
        21  1.004543E+00
        22  1.559156E+00
        23  2.257842E+00
        24  3.565592E+00
        25  2.041382E+00
        26  3.287041E+00
        27  2.058861E+00
        28  3.186668E+00
        29  2.521920E+00
        30  3.621751E+00
        31  3.226045E+01
        32  1.726904E+01
        33  6.129193E+00
        34  1.017853E+00
        35  1.714870E+00
        36  3.226045E+01
        37  1.726904E+01
        38  6.129193E+00
        39  1.017853E+00
        40  1.714870E+00
        41  2.160695E+00
        42  3.324858E+00
        43  2.419487E+00
        44  3.624841E+00
        45  2.498419E+00
        46  3.683151E+00
        47  2.706904E+00
        48  3.838457E+00
        49  1.165303E+00
        50  1.626799E+00
        51  1.165303E+00
        52  1.626799E+00
        53  2.706904E+00
        54  3.838457E+00
        55  2.498419E+00
        56  3.683151E+00
        57  2.419487E+00
        58  3.624841E+00
        59  2.160695E+00
        60  3.324858E+00
        61  3.205907E+01
        62  1.687148E+01
        63  6.345797E+00
        64  1.150496E+00
        65  1.701558E+00
        66  3.205907E+01
        67  1.687148E+01
        68  6.345797E+00
        69  1.150496E+00
        70  1.701558E+00
        71  2.082834E+00
        72  3.246894E+00
        73  2.392694E+00
        74  3.586551E+00
        75  2.582146E+00
        76  3.786435E+00
        77  2.724481E+00
        78  3.938382E+00
        79  1.143012E+00
        80  1.649800E+00
        81  1.143012E+00
        82  1.649800E+00
        83  2.724481E+00
        84  3.938382E+00
        85  2.582146E+00
        86  3.786435E+00
        87  2.392694E+00
        88  3.586551E+00
        89  2.082834E+00
        90  3.246894E+00
        91  3.554357E+01
        92  1.838309E+01
        93  6.922068E+00
        94  1.328841E+00
        95  1.827430E+00
        96  3.554357E+01
        97  1.838309E+01
        98  6.922068E+00
        99  1.328841E+00
       100  1.827430E+00
       101  2.488220E+00
       102  3.626532E+00
       103  2.692826E+00
       104  3.862989E+00
       105  2.867496E+00
       106  4.069890E+00
       107  2.978688E+00
       108  4.194191E+00
       109  1.226402E+00
       110  1.732050E+00
       111  1.226402E+00
       112  1.732050E+00
       113  2.978688E+00
       114  4.194191E+00
       115  2.867496E+00
       116  4.069890E+00
       117  2.692826E+00
       118  3.862989E+00
       119  2.488220E+00
       120  3.626532E+00
       121  3.438843E+01
       122  1.765055E+01
       123  6.641122E+00
       124  1.292263E+00
       125  1.648262E+00
       126  3.438843E+01
       127  1.765055E+01
       128  6.641122E+00
       129  1.292263E+00
       130  1.648262E+00
       131  2.483515E+00
       132  3.650153E+00
       133  2.576203E+00
       134  3.765685E+00
       135  2.675889E+00
       136  3.889861E+00
       137  2.763507E+00
       138  3.975495E+00
       139  1.136852E+00
       140  1.635932E+00
       141  1.136852E+00
       142  1.635932E+00
       143  2.763507E+00
       144  3.975495E+00
       145  2.675889E+00
       146  3.889861E+00
       147  2.576203E+00
       148  3.765685E+00
       149  2.483515E+00
       150  3.650153E+00
       151  3.300504E+01
       152  1.696501E+01
       153  6.423687E+00
       154  1.282783E+00
       155  1.508724E+00
       156  3.300504E+01
       157  1.696501E+01
       158  6.423687E+00
       159  1.282783E+00
       160  1.508724E+00
       161  2.425627E+00
       162  3.598424E+00
       163  2.461123E+00
       164  3.640411E+00
       165  2.514586E+00
       166  3.703122E+00
       167  2.583638E+00
       168  3.756547E+00
       169  1.059093E+00
       170  1.538718E+00
       171  1.059093E+00
       172  1.538718E+00
       173  2.583638E+00
       174  3.756547E+00
       175  2.514586E+00
       176  3.703122E+00
       177  2.461123E+00
       178  3.640411E+00
       179  2.425627E+00
       180  3.598424E+00
       181  3.147823E+01
       182  1.625532E+01
       183  6.221998E+00
       184  1.286637E+00
       185  1.395803E+00
       186  3.147823E+01
       187  1.625532E+01
       188  6.221998E+00
       189  1.286637E+00
       190  1.395803E+00
       191  2.322650E+00
       192  3.477864E+00
       193  2.337317E+00
       194  3.489305E+00
       195  2.368342E+00
       196  3.521516E+00
       197  2.424423E+00
       198  3.557177E+00
       199  9.881660E-01
       200  1.450144E+00
       201  9.881660E-01
       202  1.450144E+00
       203  2.424423E+00
       204  3.557177E+00
       205  2.368342E+00
       206  3.521516E+00
       207  2.337317E+00
       208  3.489305E+00
       209  2.322650E+00
       210  3.477864E+00
       211  2.987716E+01
       212  1.550844E+01
       213  6.009277E+00
       214  1.290631E+00
       215  1.298032E+00
       216  2.987716E+01
       217  1.550844E+01
       218  6.009277E+00
       219  1.290631E+00
       220  1.298032E+00
       221  2.196583E+00
       222  3.317897E+00
       223  2.205333E+00
       224  3.320977E+00
       225  2.226778E+00
       226  3.342041E+00
       227  2.276151E+00
       228  3.368639E+00
       229  9.225708E-01
       230  1.366716E+00
       231  9.225708E-01
       232  1.366716E+00
       233  2.276151E+00
       234  3.368639E+00
       235  2.226778E+00
       236  3.342041E+00
       237  2.205333E+00
       238  3.320977E+00
       239  2.196583E+00
       240  3.317897E+00
       241  2.822072E+01
       242  1.472497E+01
       243  5.777589E+00
       244  1.289893E+00
       245  1.209701E+00
       246  2.822072E+01
       247  1.472497E+01
       248  5.777589E+00
       249  1.289893E+00
       250  1.209701E+00
       251  2.059320E+00
       252  3.138674E+00
       253  2.066827E+00
       254  3.141053E+00
       255  2.084510E+00
       256  3.158915E+00
       257  2.131066E+00
       258  3.180932E+00
       259  8.591760E-01
       260  1.284610E+00
       261  8.591760E-01
       262  1.284610E+00
       263  2.131066E+00
       264  3.180932E+00
       265  2.084510E+00
       266  3.158915E+00
       267  2.066827E+00
       268  3.141053E+00
       269  2.059320E+00
       270  3.138674E+00
       271  2.651635E+01
       272  1.390758E+01
       273  5.526046E+00
       274  1.282799E+00
       275  1.127409E+00
       276  2.651635E+01
       277  1.390758E+01
       278  5.526046E+00
       279  1.282799E+00
       280  1.127409E+00
       281  1.917074E+00
       282  2.950363E+00
       283  1.924321E+00
       284  2.953341E+00
       285  1.940371E+00
       286  2.970362E+00
       287  1.986035E+00
       288  2.989869E+00
       289  7.966233E-01
       290  1.202036E+00
       291  7.966233E-01
       292  1.202036E+00
       293  1.986035E+00
       294  2.989869E+00
       295  1.940371E+00
       296  2.970362E+00
       297  1.924321E+00
       298  2.953341E+00
       299  1.917074E+00
       300  2.950363E+00
       301  2.477027E+01
       302  1.306000E+01
       303  5.255841E+00
       304  1.268963E+00
       305  1.049883E+00
       306  2.477027E+01
       307  1.306000E+01
       308  5.255841E+00
       309  1.268963E+00
       310  1.049883E+00
       311  1.772817E+00
       312  2.757185E+00
       313  1.779786E+00
       314  2.760367E+00
       315  1.794827E+00
       316  2.776900E+00
       317  1.840420E+00
       318  2.794643E+00
       319  7.344771E-01
       320  1.118483E+00
       321  7.344771E-01
       322  1.118483E+00
       323  1.840420E+00
       324  2.794643E+00
       325  1.794827E+00
       326  2.776900E+00
       327  1.779786E+00
       328  2.760367E+00
       329  1.772817E+00
       330  2.757185E+00
       331  2.299085E+01
       332  1.218703E+01
       333  4.968827E+00
       334  1.248342E+00
       335  9.767119E-01
       336  2.299085E+01
       337  1.218703E+01
       338  4.968827E+00
       339  1.248342E+00
       340  9.767119E-01
       341  1.628215E+00
       342  2.560957E+00
       343  1.634766E+00
       344  2.563861E+00
       345  1.648940E+00
       346  2.579746E+00
       347  1.694765E+00
       348  2.595908E+00
       349  6.728460E-01
       350  1.034114E+00
       351  6.728460E-01
       352  1.034114E+00
       353  1.694765E+00
       354  2.595908E+00
       355  1.648940E+00
       356  2.579746E+00
       357  1.634766E+00
       358  2.563861E+00
       359  1.628215E+00
       360  2.560957E+00
       361  2.118915E+01
       362  1.129444E+01
       363  4.667086E+00
       364  1.220898E+00
       365  9.077602E-01
       366  2.118915E+01
       367  1.129444E+01
       368  4.667086E+00
       369  1.220898E+00
       370  9.077602E-01
       371  1.484500E+00
       372  2.362851E+00
       373  1.490567E+00
       374  2.365213E+00
       375  1.503896E+00
       376  2.380273E+00
       377  1.550028E+00
       378  2.394874E+00
       379  6.120634E-01
       380  9.493902E-01
       381  6.120634E-01
       382  9.493902E-01
       383  1.550028E+00
       384  2.394874E+00
       385  1.503896E+00
       386  2.380273E+00
       387  1.490567E+00
       388  2.365213E+00
       389  1.484500E+00
       390  2.362851E+00
       391  1.937830E+01
       392  1.038887E+01
       393  4.352881E+00
       394  1.186567E+00
       395  8.428837E-01
       396  1.937830E+01
       397  1.038887E+01
       398  4.352881E+00
       399  1.186567E+00
       400  8.428837E-01
       401  1.342802E+00
       402  2.164045E+00
       403  1.348377E+00
       404  2.165779E+00
       405  1.360871E+00
       406  2.179923E+00
       407  1.407278E+00
       408  2.192972E+00
       409  5.525445E-01
       410  8.649056E-01
       411  5.525445E-01
       412  8.649056E-01
       413  1.407278E+00
       414  2.192972E+00
       415  1.360871E+00
       416  2.179923E+00
       417  1.348377E+00
       418  2.165779E+00
       419  1.342802E+00
       420  2.164045E+00
       421  1.757283E+01
       422  9.477668E+00
       423  4.028728E+00
       424  1.145324E+00
       425  7.818571E-01
       426  1.757283E+01
       427  9.477668E+00
       428  4.028728E+00
       429  1.145324E+00
       430  7.818571E-01
       431  1.204232E+00
       432  1.965902E+00
       433  1.209332E+00
       434  1.967023E+00
       435  1.221002E+00
       436  1.980228E+00
       437  1.267599E+00
       438  1.991763E+00
       439  4.947262E-01
       440  7.813173E-01
       441  4.947262E-01
       442  7.813173E-01
       443  1.267599E+00
       444  1.991763E+00
       445  1.221002E+00
       446  1.980228E+00
       447  1.209332E+00
       448  1.967023E+00
       449  1.204232E+00
       450  1.965902E+00
       451  1.578821E+01
       452  8.568764E+00
       453  3.697452E+00
       454  1.097247E+00
       455  7.243743E-01
       456  1.578821E+01
       457  8.568764E+00
       458  3.697452E+00
       459  1.097247E+00
       460  7.243743E-01
       461  1.069879E+00
       462  1.769969E+00
       463  1.074531E+00
       464  1.770535E+00
       465  1.085395E+00
       466  1.782814E+00
       467  1.132058E+00
       468  1.792906E+00
       469  4.390407E-01
       470  6.993159E-01
       471  4.390407E-01
       472  6.993159E-01
       473  1.132058E+00
       474  1.792906E+00
       475  1.085395E+00
       476  1.782814E+00
       477  1.074531E+00
       478  1.770535E+00
       479  1.069879E+00
       480  1.769969E+00
       481  1.404047E+01
       482  7.670540E+00
       483  3.362185E+00
       484  1.042565E+00
       485  6.700701E-01
       486  1.404047E+01
       487  7.670540E+00
       488  3.362185E+00
       489  1.042565E+00
       490  6.700701E-01
       491  9.407977E-01
       492  1.577914E+00
       493  9.450330E-01
       494  1.578002E+00
       495  9.551165E-01
       496  1.589380E+00
       497  1.001687E+00
       498  1.598121E+00
       499  3.859006E-01
       500  6.196042E-01
       501  3.859006E-01
       502  6.196042E-01
       503  1.001687E+00
       504  1.598121E+00
       505  9.551165E-01
       506  1.589380E+00
       507  9.450330E-01
       508  1.578002E+00
       509  9.407977E-01
       510  1.577914E+00
       511  1.234584E+01
       512  6.791651E+00
       513  3.026343E+00
       514  9.816873E-01
       515  6.185455E-01
       516  1.234584E+01
       517  6.791651E+00
       518  3.026343E+00
       519  9.816873E-01
       520  6.185455E-01
       521  8.179920E-01
       522  1.391461E+00
       523  8.218442E-01
       524  1.391145E+00
       525  8.311787E-01
       526  1.401651E+00
       527  8.774637E-01
       528  1.409148E+00
       529  3.356861E-01
       530  5.428777E-01
       531  3.356861E-01
       532  5.428777E-01
       533  8.774637E-01
       534  1.409148E+00
       535  8.311787E-01
       536  1.401651E+00
       537  8.218442E-01
       538  1.391145E+00
       539  8.179920E-01
       540  1.391461E+00
       541  1.072029E+01
       542  5.940824E+00
       543  2.693556E+00
       544  9.152156E-01
       545  5.693908E-01
       546  1.072029E+01
       547  5.940824E+00
       548  2.693556E+00
       549  9.152156E-01
       550  5.693908E-01
       551  7.023895E-01
       552  1.212313E+00
       553  7.058941E-01
       554  1.211666E+00
       555  7.145151E-01
       556  1.221327E+00
       557  7.602838E-01
       558  1.227697E+00
       559  2.887329E-01
       560  4.698042E-01
       561  2.887329E-01
       562  4.698042E-01
       563  7.602838E-01
       564  1.227697E+00
       565  7.145151E-01
       566  1.221327E+00
       567  7.058941E-01
       568  1.211666E+00
       569  7.023895E-01
       570  1.212313E+00
       571  9.179088E+00
       572  5.126628E+00
       573  2.367594E+00
       574  8.439458E-01
       575  5.222057E-01
       576  9.179088E+00
       577  5.126628E+00
       578  2.367594E+00
       579  8.439458E-01
       580  5.222057E-01
       581  5.948188E-01
       582  1.042095E+00
       583  5.980106E-01
       584  1.041187E+00
       585  6.059537E-01
       586  1.050029E+00
       587  6.509366E-01
       588  1.055403E+00
       589  2.453205E-01
       590  4.010043E-01
       591  2.453205E-01
       592  4.010043E-01
       593  6.509366E-01
       594  1.055403E+00
       595  6.059537E-01
       596  1.050029E+00
       597  5.980106E-01
       598  1.041187E+00
       599  5.948188E-01
       600  1.042095E+00
       601  7.736398E+00
       602  4.357233E+00
       603  2.052263E+00
       604  7.688547E-01
       605  4.766178E-01
       606  7.736398E+00
       607  4.357233E+00
       608  2.052263E+00
       609  7.688547E-01
       610  4.766178E-01
       611  4.959820E-01
       612  8.823030E-01
       613  4.988926E-01
       614  8.812047E-01
       615  5.061905E-01
       616  8.892580E-01
       617  5.500812E-01
       618  8.937742E-01
       619  2.056638E-01
       620  3.370339E-01
       621  2.056638E-01
       622  3.370339E-01
       623  5.500812E-01
       624  8.937742E-01
       625  5.061905E-01
       626  8.892580E-01
       627  4.988926E-01
       628  8.812047E-01
       629  4.959820E-01
       630  8.823030E-01
       631  6.404794E+00
       632  3.640165E+00
       633  1.751298E+00
       634  6.910779E-01
       635  4.322977E-01
       636  6.404794E+00
       637  3.640165E+00
       638  1.751298E+00
       639  6.910779E-01
       640  4.322977E-01
       641  4.064289E-01
       642  7.342644E-01
       643  4.090839E-01
       644  7.330486E-01
       645  4.157641E-01
       646  7.403519E-01
       647  4.582241E-01
       648  7.441585E-01
       649  1.699057E-01
       650  2.783684E-01
       651  1.699057E-01
       652  2.783684E-01
       653  4.582241E-01
       654  7.441585E-01
       655  4.157641E-01
       656  7.403519E-01
       657  4.090839E-01
       658  7.330486E-01
       659  4.064289E-01
       660  7.342644E-01
       661  5.194884E+00
       662  2.982061E+00
       663  1.468249E+00
       664  6.118789E-01
       665  3.889743E-01
       666  5.194884E+00
       667  2.982061E+00
       668  1.468249E+00
       669  6.118789E-01
       670  3.889743E-01
       671  3.265343E-01
       672  5.991112E-01
       673  3.289518E-01
       674  5.978536E-01
       675  3.350363E-01
       676  6.044541E-01
       677  3.757033E-01
       678  6.077043E-01
       679  1.381142E-01
       680  2.253900E-01
       681  1.381142E-01
       682  2.253900E-01
       683  3.757033E-01
       684  6.077043E-01
       685  3.350363E-01
       686  6.044541E-01
       687  3.289518E-01
       688  5.978536E-01
       689  3.265343E-01
       690  5.991112E-01
       691  4.114923E+00
       692  2.388443E+00
       693  1.206360E+00
       694  5.326160E-01
       695  3.464532E-01
       696  4.114923E+00
       697  2.388443E+00
       698  1.206360E+00
       699  5.326160E-01
       700  3.464532E-01
       701  2.564812E-01
       702  4.777556E-01
       703  2.586717E-01
       704  4.765316E-01
       705  2.641778E-01
       706  4.824828E-01
       707  3.026759E-01
       708  4.853284E-01
       709  1.102806E-01
       710  1.783751E-01
       711  1.102806E-01
       712  1.783751E-01
       713  3.026759E-01
       714  4.853284E-01
       715  2.641778E-01
       716  4.824828E-01
       717  2.586717E-01
       718  4.765316E-01
       719  2.564812E-01
       720  4.777556E-01
       721  3.170450E+00
       722  1.863476E+00
       723  9.684519E-01
       724  4.547085E-01
       725  3.046418E-01
       726  3.170450E+00
       727  1.863476E+00
       728  9.684519E-01
       729  4.547085E-01
       730  3.046418E-01
       731  1.962516E-01
       732  3.708640E-01
       733  1.982193E-01
       734  3.697431E-01
       735  2.031613E-01
       736  3.750996E-01
       737  2.391120E-01
       738  3.776814E-01
       739  8.632094E-02
       740  1.374826E-01
       741  8.632094E-02
       742  1.374826E-01
       743  2.391120E-01
       744  3.776814E-01
       745  2.031613E-01
       746  3.750996E-01
       747  1.982193E-01
       748  3.697431E-01
       749  1.962516E-01
       750  3.708640E-01
       751  2.363923E+00
       752  1.409741E+00
       753  7.567977E-01
       754  3.796025E-01
       755  2.635797E-01
       756  2.363923E+00
       757  1.409741E+00
       758  7.567977E-01
       759  3.796025E-01
       760  2.635797E-01
       761  1.456247E-01
       762  2.788218E-01
       763  1.473686E-01
       764  2.778605E-01
       765  1.517597E-01
       766  2.826706E-01
       767  1.847947E-01
       768  2.851084E-01
       769  6.607863E-02
       770  1.027407E-01
       771  6.607863E-02
       772  1.027407E-01
       773  1.847947E-01
       774  2.851084E-01
       775  1.517597E-01
       776  2.826706E-01
       777  1.473686E-01
       778  2.778605E-01
       779  1.456247E-01
       780  2.788218E-01
       781  1.694369E+00
       782  1.028001E+00
       783  5.729959E-01
       784  3.087290E-01
       785  2.234683E-01
       786  1.694369E+00
       787  1.028001E+00
       788  5.729959E-01
       789  3.087290E-01
       790  2.234683E-01
       791  1.041804E-01
       792  2.016865E-01
       793  1.056971E-01
       794  2.009221E-01
       795  1.095497E-01
       796  2.052223E-01
       797  1.393264E-01
       798  2.076059E-01
       799  4.932960E-02
       800  7.403465E-02
       801  4.932960E-02
       802  7.403465E-02
       803  1.393264E-01
       804  2.076059E-01
       805  1.095497E-01
       806  2.052223E-01
       807  1.056971E-01
       808  2.009221E-01
       809  1.041804E-01
       810  2.016865E-01
       811  1.157104E+00
       812  7.170048E-01
       813  4.178418E-01
       814  2.434459E-01
       815  1.846882E-01
       816  1.157104E+00
       817  7.170048E-01
       818  4.178418E-01
       819  2.434459E-01
       820  1.846882E-01
       821  7.130829E-02
       822  1.391342E-01
       823  7.259418E-02
       824  1.385824E-01
       825  7.592065E-02
       826  1.423958E-01
       827  1.021421E-01
       828  1.447807E-01
       829  3.578944E-02
       830  5.109682E-02
       831  3.578944E-02
       832  5.109682E-02
       833  1.021421E-01
       834  1.447807E-01
       835  7.592065E-02
       836  1.423958E-01
       837  7.259418E-02
       838  1.385824E-01
       839  7.130829E-02
       840  1.391342E-01
       841  7.436159E-01
       842  4.733618E-01
       843  2.912082E-01
       844  1.849563E-01
       845  1.477885E-01
       846  7.436159E-01
       847  4.733618E-01
       848  2.912082E-01
       849  1.849563E-01
       850  1.477885E-01
       851  4.622200E-02
       852  9.041747E-02
       853  4.727503E-02
       854  9.007442E-02
       855  5.008760E-02
       856  9.341461E-02
       857  7.252782E-02
       858  9.582317E-02
       859  2.512385E-02
       860  3.350428E-02
       861  2.512385E-02
       862  3.350428E-02
       863  7.252782E-02
       864  9.582317E-02
       865  5.008760E-02
       866  9.341461E-02
       867  4.727503E-02
       868  9.007442E-02
       869  4.622200E-02
       870  9.041747E-02
       871  4.416969E-01
       872  2.915328E-01
       873  1.919588E-01
       874  1.342076E-01
       875  1.134443E-01
       876  4.416969E-01
       877  2.915328E-01
       878  1.919588E-01
       879  1.342076E-01
       880  1.134443E-01
       881  2.798203E-02
       882  5.436106E-02
       883  2.880204E-02
       884  5.420658E-02
       885  3.111414E-02
       886  5.708400E-02
       887  4.964660E-02
       888  5.950993E-02
       889  1.696283E-02
       890  2.068739E-02
       891  1.696283E-02
       892  2.068739E-02
       893  4.964660E-02
       894  5.950993E-02
       895  3.111414E-02
       896  5.708400E-02
       897  2.880204E-02
       898  5.420658E-02
       899  2.798203E-02
       900  5.436106E-02
       901  2.358942E-01
       902  1.639940E-01
       903  1.179289E-01
       904  9.179894E-02
       905  8.239554E-02
       906  2.358942E-01
       907  1.639940E-01
       908  1.179289E-01
       909  9.179894E-02
       910  8.239554E-02
       911  1.552887E-02
       912  2.940896E-02
       913  1.611970E-02
       914  2.940788E-02
       915  1.794975E-02
       916  3.183267E-02
       917  3.257549E-02
       918  3.424213E-02
       919  1.091907E-02
       920  1.195051E-02
       921  1.091907E-02
       922  1.195051E-02
       923  3.257549E-02
       924  3.424213E-02
       925  1.794975E-02
       926  3.183267E-02
       927  1.611970E-02
       928  2.940788E-02
       929  1.552887E-02
       930  2.940896E-02
       931  1.082538E-01
       932  8.159619E-02
       933  6.603005E-02
       934  5.793468E-02
       935  5.538565E-02
       936  1.082538E-01
       937  8.159619E-02
       938  6.603005E-02
       939  5.793468E-02
       940  5.538565E-02
       941  7.721363E-03
       942  1.370245E-02
       943  8.104214E-03
       944  1.380843E-02
       945  9.493707E-03
       946  1.579681E-02
       947  2.036984E-02
       948  1.812565E-02
       949  6.608211E-03
       950  6.504988E-03
       951  6.608211E-03
       952  6.504988E-03
       953  2.036984E-02
       954  1.812565E-02
       955  9.493707E-03
       956  1.579681E-02
       957  8.104214E-03
       958  1.380843E-02
       959  7.721363E-03
       960  1.370245E-02
       961  3.927467E-02
       962  3.410290E-02
       963  3.247536E-02
       964  3.245197E-02
       965  3.312050E-02
       966  3.927467E-02
       967  3.410290E-02
       968  3.247536E-02
       969  3.245197E-02
       970  3.312050E-02
       971  3.354593E-03
       972  5.123831E-03
       973  3.612325E-03
       974  5.308155E-03
       975  4.668864E-03
       976  6.908121E-03
       977  1.215270E-02
       978  9.065580E-03
       979  3.667814E-03
       980  3.513452E-03
       981  3.667814E-03
       982  3.513452E-03
       983  1.215270E-02
       984  9.065580E-03
       985  4.668864E-03
       986  6.908121E-03
       987  3.612325E-03
       988  5.308155E-03
       989  3.354593E-03
       990  5.123831E-03
       991  9.459937E-03
       992  1.089339E-02
       993  1.296982E-02
       994  1.493937E-02
       995  1.640574E-02
       996  9.459937E-03
       997  1.089339E-02
       998  1.296982E-02
       999  1.493937E-02
      1000  1.640574E-02
      1001  1.209235E-03
      1002  1.352679E-03
      1003  1.510936E-03
      1004  1.643113E-03
      1005  2.407819E-03
      1006  2.958511E-03
      1007  7.124132E-03
      1008  4.888204E-03
      1009  1.767482E-03
      1010  2.159096E-03
      1011  1.767482E-03
      1012  2.159096E-03
      1013  7.124132E-03
      1014  4.888204E-03
      1015  2.407819E-03
      1016  2.958511E-03
      1017  1.510936E-03
      1018  1.643113E-03
      1019  1.209235E-03
      1020  1.352679E-03
      1021  9.424982E-04
      1022  1.901610E-03
      1023  3.137185E-03
      1024  4.494640E-03
      1025  5.727074E-03
      1026  9.424982E-04
      1027  1.901610E-03
      1028  3.137185E-03
      1029  4.494640E-03
      1030  5.727074E-03
      1031  2.880197E-04
      1032  1.752493E-04
      1033  6.136525E-04
      1034  4.569904E-04
      1035  1.400849E-03
      1036  1.543859E-03
      1037  4.194039E-03
      1038  3.319815E-03
      1039  6.482736E-04
      1040  1.664847E-03
      1041  6.482736E-04
      1042  1.664847E-03
      1043  4.194039E-03
      1044  3.319815E-03
      1045  1.400849E-03
      1046  1.543859E-03
      1047  6.136525E-04
      1048  4.569904E-04
      1049  2.880197E-04
      1050  1.752493E-04
      1051  1.343277E-05
      1052  6.493818E-05
      1053  2.011699E-04
      1054  5.268902E-04
      1055  1.087313E-03
      1056  1.343277E-05
      1057  6.493818E-05
      1058  2.011699E-04
      1059  5.268902E-04
      1060  1.087313E-03
      1061  3.264884E-05
      1062  1.558315E-05
      1063  1.975168E-04
      1064  1.651249E-04
      1065  6.921597E-04
      1066  9.857811E-04
      1067  2.326757E-03
      1068  2.836854E-03
      1069  2.085412E-04
      1070  1.604273E-03
      1071  2.085412E-04
      1072  1.604273E-03
      1073  2.326757E-03
      1074  2.836854E-03
      1075  6.921597E-04
      1076  9.857811E-04
      1077  1.975168E-04
      1078  1.651249E-04
      1079  3.264884E-05
      1080  1.558315E-05
