
                        S T E P       1


                                INCREMENT     1


 displacements (vx,vy,vz) for set TIP_TOP and time  0.5000000E-01

      2087  3.969080E-02 -1.248506E-03 -1.050670E+00
      2088  3.966519E-02 -1.230920E-03 -1.047911E+00
      2091  3.957971E-02 -1.195628E-03 -1.045163E+00
      2094  3.951844E-02 -9.771975E-04 -1.042615E+00
      2096  3.950285E-02 -3.899232E-04 -1.040962E+00
      2098  3.949412E-02  3.702121E-14 -1.040861E+00
      2100  3.950285E-02  3.899232E-04 -1.040962E+00
      2103  3.951844E-02  9.771975E-04 -1.042615E+00
      2106  3.957971E-02  1.195628E-03 -1.045163E+00
      2109  3.966519E-02  1.230920E-03 -1.047911E+00
      2112  3.969080E-02  1.248506E-03 -1.050670E+00

 forces (fx,fy,fz) for set CLAMP and time  0.5000000E-01

         1  1.667809E+03  2.008797E+03  6.661449E+02
         4  2.996468E+03  1.182657E-09  1.330363E+03
         5  2.373571E+03  3.124679E+03  9.655899E+01
         8  4.186251E+03  8.292894E-09  1.964634E+02
         9  1.587132E+03  2.053347E+03 -4.137240E+01
        12  2.779870E+03  1.667567E-08 -7.938936E+01
        13  8.257796E+02  1.050932E+03 -1.321663E+02
        16  1.442890E+03  2.486028E-09 -2.603226E+02
        17  5.100888E+01  4.018351E+01 -1.537792E+02
        20  8.472509E+01 -3.329647E-09 -3.049914E+02
        21 -5.037724E+02 -3.420828E+02 -4.665329E+02
        24 -6.156684E+02 -7.255481E-09 -1.700809E+02
        26  1.667809E+03 -2.008797E+03  6.661449E+02
        28  2.373571E+03 -3.124679E+03  9.655899E+01
        30  1.587132E+03 -2.053347E+03 -4.137240E+01
        32  8.257796E+02 -1.050932E+03 -1.321663E+02
        34  5.100888E+01 -4.018351E+01 -1.537792E+02
        36 -5.037724E+02  3.420828E+02 -4.665329E+02
        37 -3.448425E+02 -2.093539E+02 -4.757988E+02
        40 -4.121654E+02 -6.498006E+01 -8.251588E+02
        41 -8.621888E+02 -4.791385E+02 -1.236558E+02
        44 -1.235090E+03 -1.437379E+02 -2.392219E+02
        45 -5.996775E+02 -2.708626E+02  5.698315E+02
        48 -9.877740E+02 -7.896422E+01  1.041763E+03
        50 -3.489592E+02 -6.135642E+01 -7.573921E+02
        52 -1.172881E+03 -1.300306E+02 -2.412779E+02
        54 -9.942835E+02 -6.866211E+01  9.967868E+02
        56 -3.389199E+02 -4.526058E+01 -7.515508E+02
        58 -1.181238E+03 -8.896247E+01 -2.356952E+02
        60 -1.017970E+03 -4.461211E+01  1.002982E+03
        62 -8.233194E+02 -3.433115E+01 -1.448691E+02
        64 -7.086962E+02 -1.567426E+01  6.965243E+02
        66 -4.415669E+02 -3.696865E-10 -7.342194E+01
        68 -3.800164E+02 -4.846067E-11  3.746636E+02
        70 -8.233194E+02  3.433115E+01 -1.448691E+02
        72 -7.086962E+02  1.567426E+01  6.965243E+02
        74 -3.389199E+02  4.526058E+01 -7.515508E+02
        76 -1.181238E+03  8.896247E+01 -2.356952E+02
        78 -1.017970E+03  4.461211E+01  1.002982E+03
        80 -3.489592E+02  6.135642E+01 -7.573921E+02
        82 -1.172881E+03  1.300306E+02 -2.412779E+02
        84 -9.942835E+02  6.866211E+01  9.967868E+02
        86 -4.121654E+02  6.498006E+01 -8.251588E+02
        88 -1.235090E+03  1.437379E+02 -2.392219E+02
        90 -9.877740E+02  7.896422E+01  1.041763E+03
        92 -3.448425E+02  2.093539E+02 -4.757988E+02
        94 -8.621888E+02  4.791385E+02 -1.236558E+02
        96 -5.996775E+02  2.708626E+02  5.698315E+02

 internal energy (element, energy) for set EALL and time  0.5000000E-01

         1  7.665760E+00
         2  3.604707E+00
         3  1.357221E+00
         4  2.300910E-01
         5  1.912498E-01
         6  7.665760E+00
         7  3.604707E+00
         8  1.357221E+00
         9  2.300910E-01
        10  1.912498E-01
        11  6.216990E-01
        12  9.447573E-01
        13  5.034891E-01
        14  8.133389E-01
        15  4.758926E-01
        16  7.906795E-01
        17  4.869739E-01
        18  7.989004E-01
        19  1.806946E-01
        20  2.943328E-01
        21  1.806946E-01
        22  2.943328E-01
        23  4.869739E-01
        24  7.989004E-01
        25  4.758926E-01
        26  7.906795E-01
        27  5.034891E-01
        28  8.133389E-01
        29  6.216990E-01
        30  9.447573E-01
        31  9.522601E+00
        32  5.307871E+00
        33  2.028475E+00
        34  3.724246E-01
        35  3.268439E-01
        36  9.522601E+00
        37  5.307871E+00
        38  2.028475E+00
        39  3.724246E-01
        40  3.268439E-01
        41  6.753071E-01
        42  1.014610E+00
        43  7.298186E-01
        44  1.078567E+00
        45  7.275063E-01
        46  1.074729E+00
        47  7.344073E-01
        48  1.081885E+00
        49  2.679569E-01
        50  3.954901E-01
        51  2.679569E-01
        52  3.954901E-01
        53  7.344073E-01
        54  1.081885E+00
        55  7.275063E-01
        56  1.074729E+00
        57  7.298186E-01
        58  1.078567E+00
        59  6.753071E-01
        60  1.014610E+00
        61  1.003665E+01
        62  5.468188E+00
        63  2.184331E+00
        64  4.250202E-01
        65  3.509805E-01
        66  1.003665E+01
        67  5.468188E+00
        68  2.184331E+00
        69  4.250202E-01
        70  3.509805E-01
        71  7.018345E-01
        72  1.052178E+00
        73  7.501358E-01
        74  1.112282E+00
        75  7.788909E-01
        76  1.151534E+00
        77  7.860894E-01
        78  1.167279E+00
        79  2.846184E-01
        80  4.253270E-01
        81  2.846184E-01
        82  4.253270E-01
        83  7.860894E-01
        84  1.167279E+00
        85  7.788909E-01
        86  1.151534E+00
        87  7.501358E-01
        88  1.112282E+00
        89  7.018345E-01
        90  1.052178E+00
        91  1.007001E+01
        92  5.332778E+00
        93  2.108106E+00
        94  4.149147E-01
        95  3.215294E-01
        96  1.007001E+01
        97  5.332778E+00
        98  2.108106E+00
        99  4.149147E-01
       100  3.215294E-01
       101  7.131457E-01
       102  1.081877E+00
       103  7.274606E-01
       104  1.101262E+00
       105  7.426599E-01
       106  1.121171E+00
       107  7.513599E-01
       108  1.130555E+00
       109  2.732835E-01
       110  4.109836E-01
       111  2.732835E-01
       112  4.109836E-01
       113  7.513599E-01
       114  1.130555E+00
       115  7.426599E-01
       116  1.121171E+00
       117  7.274606E-01
       118  1.101262E+00
       119  7.131457E-01
       120  1.081877E+00
       121  9.767809E+00
       122  5.143315E+00
       123  2.021082E+00
       124  3.979052E-01
       125  2.897064E-01
       126  9.767809E+00
       127  5.143315E+00
       128  2.021082E+00
       129  3.979052E-01
       130  2.897064E-01
       131  6.880971E-01
       132  1.063639E+00
       133  6.913778E-01
       134  1.065784E+00
       135  6.963573E-01
       136  1.069288E+00
       137  7.011207E-01
       138  1.071522E+00
       139  2.552537E-01
       140  3.894534E-01
       141  2.552537E-01
       142  3.894534E-01
       143  7.011207E-01
       144  1.071522E+00
       145  6.963573E-01
       146  1.069288E+00
       147  6.913778E-01
       148  1.065784E+00
       149  6.880971E-01
       150  1.063639E+00
       151  9.437391E+00
       152  4.974507E+00
       153  1.960095E+00
       154  3.901519E-01
       155  2.655561E-01
       156  9.437391E+00
       157  4.974507E+00
       158  1.960095E+00
       159  3.901519E-01
       160  2.655561E-01
       161  6.576469E-01
       162  1.027578E+00
       163  6.583903E-01
       164  1.025812E+00
       165  6.604371E-01
       166  1.025487E+00
       167  6.635984E-01
       168  1.026135E+00
       169  2.415032E-01
       170  3.728881E-01
       171  2.415032E-01
       172  3.728881E-01
       173  6.635984E-01
       174  1.026135E+00
       175  6.604371E-01
       176  1.025487E+00
       177  6.583903E-01
       178  1.025812E+00
       179  6.576469E-01
       180  1.027578E+00
       181  9.093397E+00
       182  4.807386E+00
       183  1.905688E+00
       184  3.858602E-01
       185  2.453019E-01
       186  9.093397E+00
       187  4.807386E+00
       188  1.905688E+00
       189  3.858602E-01
       190  2.453019E-01
       191  6.252141E-01
       192  9.862744E-01
       193  6.259419E-01
       194  9.853805E-01
       195  6.274985E-01
       196  9.855520E-01
       197  6.305397E-01
       198  9.867549E-01
       199  2.294627E-01
       200  3.586727E-01
       201  2.294627E-01
       202  3.586727E-01
       203  6.305397E-01
       204  9.867549E-01
       205  6.274985E-01
       206  9.855520E-01
       207  6.259419E-01
       208  9.853805E-01
       209  6.252141E-01
       210  9.862744E-01
       211  8.750695E+00
       212  4.641627E+00
       213  1.852899E+00
       214  3.823465E-01
       215  2.270541E-01
       216  8.750695E+00
       217  4.641627E+00
       218  1.852899E+00
       219  3.823465E-01
       220  2.270541E-01
       221  5.934388E-01
       222  9.455983E-01
       223  5.943993E-01
       224  9.459001E-01
       225  5.960696E-01
       226  9.471477E-01
       227  5.992851E-01
       228  9.490737E-01
       229  2.180864E-01
       230  3.450486E-01
       231  2.180864E-01
       232  3.450486E-01
       233  5.992851E-01
       234  9.490737E-01
       235  5.960696E-01
       236  9.471477E-01
       237  5.943993E-01
       238  9.459001E-01
       239  5.934388E-01
       240  9.455983E-01
       241  8.411549E+00
       242  4.476682E+00
       243  1.799835E+00
       244  3.786431E-01
       245  2.102284E-01
       246  8.411549E+00
       247  4.476682E+00
       248  1.799835E+00
       249  3.786431E-01
       250  2.102284E-01
       251  5.625744E-01
       252  9.065982E-01
       253  5.636558E-01
       254  9.075735E-01
       255  5.654491E-01
       256  9.095166E-01
       257  5.688436E-01
       258  9.119124E-01
       259  2.070043E-01
       260  3.315695E-01
       261  2.070043E-01
       262  3.315695E-01
       263  5.688436E-01
       264  9.119124E-01
       265  5.654491E-01
       266  9.095166E-01
       267  5.636558E-01
       268  9.075735E-01
       269  5.625744E-01
       270  9.065982E-01
       271  8.076260E+00
       272  4.312485E+00
       273  1.746156E+00
       274  3.745297E-01
       275  1.946468E-01
       276  8.076260E+00
       277  4.312485E+00
       278  1.746156E+00
       279  3.745297E-01
       280  1.946468E-01
       281  5.325897E-01
       282  8.689751E-01
       283  5.337104E-01
       284  8.702466E-01
       285  5.355759E-01
       286  8.725411E-01
       287  5.391236E-01
       288  8.751924E-01
       289  1.961851E-01
       290  3.182215E-01
       291  1.961851E-01
       292  3.182215E-01
       293  5.391236E-01
       294  8.751924E-01
       295  5.355759E-01
       296  8.725411E-01
       297  5.337104E-01
       298  8.702466E-01
       299  5.325897E-01
       300  8.689751E-01
       301  7.744637E+00
       302  4.149038E+00
       303  1.691874E+00
       304  3.699898E-01
       305  1.802603E-01
       306  7.744637E+00
       307  4.149038E+00
       308  1.691874E+00
       309  3.699898E-01
       310  1.802603E-01
       311  5.034136E-01
       312  8.323360E-01
       313  5.045537E-01
       314  8.337282E-01
       315  5.064719E-01
       316  8.361970E-01
       317  5.101701E-01
       318  8.389896E-01
       319  1.856460E-01
       320  3.050445E-01
       321  1.856460E-01
       322  3.050445E-01
       323  5.101701E-01
       324  8.389896E-01
       325  5.064719E-01
       326  8.361970E-01
       327  5.045537E-01
       328  8.337282E-01
       329  5.034136E-01
       330  8.323360E-01
       331  7.416556E+00
       332  3.986349E+00
       333  1.637030E+00
       334  3.650257E-01
       335  1.670258E-01
       336  7.416556E+00
       337  3.986349E+00
       338  1.637030E+00
       339  3.650257E-01
       340  1.670258E-01
       341  4.750245E-01
       342  7.964201E-01
       343  4.761892E-01
       344  7.978681E-01
       345  4.781619E-01
       346  8.004404E-01
       347  4.820205E-01
       348  8.033288E-01
       349  1.754004E-01
       350  2.920568E-01
       351  1.754004E-01
       352  2.920568E-01
       353  4.820205E-01
       354  8.033288E-01
       355  4.781619E-01
       356  8.004404E-01
       357  4.761892E-01
       358  7.978681E-01
       359  4.750245E-01
       360  7.964201E-01
       361  7.091942E+00
       362  3.824412E+00
       363  1.581638E+00
       364  3.596271E-01
       365  1.548894E-01
       366  7.091942E+00
       367  3.824412E+00
       368  1.581638E+00
       369  3.596271E-01
       370  1.548894E-01
       371  4.474207E-01
       372  7.610859E-01
       373  4.486186E-01
       374  7.625710E-01
       375  4.506528E-01
       376  7.652268E-01
       377  4.546848E-01
       378  7.681989E-01
       379  1.654511E-01
       380  2.792586E-01
       381  1.654511E-01
       382  2.792586E-01
       383  4.546848E-01
       384  7.681989E-01
       385  4.506528E-01
       386  7.652268E-01
       387  4.486186E-01
       388  7.625710E-01
       389  4.474207E-01
       390  7.610859E-01
       391  6.770720E+00
       392  3.663204E+00
       393  1.525693E+00
       394  3.537778E-01
       395  1.437909E-01
       396  6.770720E+00
       397  3.663204E+00
       398  1.525693E+00
       399  3.537778E-01
       400  1.437909E-01
       401  4.206037E-01
       402  7.262614E-01
       403  4.218404E-01
       404  7.277819E-01
       405  4.239418E-01
       406  7.305211E-01
       407  4.281593E-01
       408  7.335778E-01
       409  1.557961E-01
       410  2.666433E-01
       411  1.557961E-01
       412  2.666433E-01
       413  4.281593E-01
       414  7.335778E-01
       415  4.239418E-01
       416  7.305211E-01
       417  4.218404E-01
       418  7.277819E-01
       419  4.206037E-01
       420  7.262614E-01
       421  6.452816E+00
       422  3.502703E+00
       423  1.469192E+00
       424  3.474612E-01
       425  1.336693E-01
       426  6.452816E+00
       427  3.502703E+00
       428  1.469192E+00
       429  3.474612E-01
       430  1.336693E-01
       431  3.945717E-01
       432  6.919107E-01
       433  3.958502E-01
       434  6.934699E-01
       435  3.980227E-01
       436  6.962984E-01
       437  4.024369E-01
       438  6.994448E-01
       439  1.464327E-01
       440  2.542037E-01
       441  1.464327E-01
       442  2.542037E-01
       443  4.024369E-01
       444  6.994448E-01
       445  3.980227E-01
       446  6.962984E-01
       447  3.958502E-01
       448  6.934699E-01
       449  3.945717E-01
       450  6.919107E-01
       451  6.138167E+00
       452  3.342894E+00
       453  1.412135E+00
       454  3.406626E-01
       455  1.244654E-01
       456  6.138167E+00
       457  3.342894E+00
       458  1.412135E+00
       459  3.406626E-01
       460  1.244654E-01
       461  3.693210E-01
       462  6.580153E-01
       463  3.706430E-01
       464  6.596172E-01
       465  3.728891E-01
       466  6.625417E-01
       467  3.775109E-01
       468  6.657831E-01
       469  1.373582E-01
       470  2.419335E-01
       471  1.373582E-01
       472  2.419335E-01
       473  3.775109E-01
       474  6.657831E-01
       475  3.728891E-01
       476  6.625417E-01
       477  3.706430E-01
       478  6.596172E-01
       479  3.693210E-01
       480  6.580153E-01
       481  5.826739E+00
       482  3.183780E+00
       483  1.354528E+00
       484  3.333694E-01
       485  1.161222E-01
       486  5.826739E+00
       487  3.183780E+00
       488  1.354528E+00
       489  3.333694E-01
       490  1.161222E-01
       491  3.448473E-01
       492  6.245650E-01
       493  3.462141E-01
       494  6.262124E-01
       495  3.485359E-01
       496  6.292390E-01
       497  3.533764E-01
       498  6.325795E-01
       499  1.285708E-01
       500  2.298273E-01
       501  1.285708E-01
       502  2.298273E-01
       503  3.533764E-01
       504  6.325795E-01
       505  3.485359E-01
       506  6.292390E-01
       507  3.462141E-01
       508  6.262124E-01
       509  3.448473E-01
       510  6.245650E-01
       511  5.518533E+00
       512  3.025376E+00
       513  1.296387E+00
       514  3.255710E-01
       515  1.085854E-01
       516  5.518533E+00
       517  3.025376E+00
       518  1.296387E+00
       519  3.255710E-01
       520  1.085854E-01
       521  3.211474E-01
       522  5.915535E-01
       523  3.225601E-01
       524  5.932485E-01
       525  3.249598E-01
       526  5.963818E-01
       527  3.300304E-01
       528  5.998247E-01
       529  1.200693E-01
       530  2.178814E-01
       531  1.200693E-01
       532  2.178814E-01
       533  3.300304E-01
       534  5.998247E-01
       535  3.249598E-01
       536  5.963818E-01
       537  3.225601E-01
       538  5.932485E-01
       539  3.211474E-01
       540  5.915535E-01
       541  5.213586E+00
       542  2.867723E+00
       543  1.237733E+00
       544  3.172592E-01
       545  1.018024E-01
       546  5.213586E+00
       547  2.867723E+00
       548  1.237733E+00
       549  3.172592E-01
       550  1.018024E-01
       551  2.982193E-01
       552  5.589774E-01
       553  2.996795E-01
       554  5.607211E-01
       555  3.021591E-01
       556  5.639649E-01
       557  3.074720E-01
       558  5.675124E-01
       559  1.118536E-01
       560  2.060931E-01
       561  1.118536E-01
       562  2.060931E-01
       563  3.074720E-01
       564  5.675124E-01
       565  3.021591E-01
       566  5.639649E-01
       567  2.996795E-01
       568  5.607211E-01
       569  2.982193E-01
       570  5.589774E-01
       571  4.911977E+00
       572  2.710878E+00
       573  1.178597E+00
       574  3.084284E-01
       575  9.572325E-02
       576  4.911977E+00
       577  2.710878E+00
       578  1.178597E+00
       579  3.084284E-01
       580  9.572325E-02
       581  2.760634E-01
       582  5.268356E-01
       583  2.775724E-01
       584  5.286284E-01
       585  2.801341E-01
       586  5.319860E-01
       587  2.857023E-01
       588  5.356397E-01
       589  1.039238E-01
       590  1.944609E-01
       591  1.039238E-01
       592  1.944609E-01
       593  2.857023E-01
       594  5.356397E-01
       595  2.801341E-01
       596  5.319860E-01
       597  2.775724E-01
       598  5.286284E-01
       599  2.760634E-01
       600  5.268356E-01
       601  4.613827E+00
       602  2.554926E+00
       603  1.119021E+00
       604  2.990761E-01
       605  9.029938E-02
       606  4.613827E+00
       607  2.554926E+00
       608  1.119021E+00
       609  2.990761E-01
       610  9.029938E-02
       611  2.546814E-01
       612  4.951299E-01
       613  2.562408E-01
       614  4.969719E-01
       615  2.588867E-01
       616  5.004461E-01
       617  2.647239E-01
       618  5.042071E-01
       619  9.628095E-02
       620  1.829846E-01
       621  9.628095E-02
       622  1.829846E-01
       623  2.647239E-01
       624  5.042071E-01
       625  2.588867E-01
       626  5.004461E-01
       627  2.562408E-01
       628  4.969719E-01
       629  2.546814E-01
       630  4.951299E-01
       631  4.319301E+00
       632  2.399973E+00
       633  1.059059E+00
       634  2.892037E-01
       635  8.548418E-02
       636  4.319301E+00
       637  2.399973E+00
       638  1.059059E+00
       639  2.892037E-01
       640  8.548418E-02
       641  2.340772E-01
       642  4.638648E-01
       643  2.356884E-01
       644  4.657560E-01
       645  2.384206E-01
       646  4.693497E-01
       647  2.445412E-01
       648  4.732191E-01
       649  8.892657E-02
       650  1.716655E-01
       651  8.892657E-02
       652  1.716655E-01
       653  2.445412E-01
       654  4.732191E-01
       655  2.384206E-01
       656  4.693497E-01
       657  2.356884E-01
       658  4.657560E-01
       659  2.340772E-01
       660  4.638648E-01
       661  4.028614E+00
       662  2.246156E+00
       663  9.987749E-01
       664  2.788167E-01
       665  8.123266E-02
       666  4.028614E+00
       667  2.246156E+00
       668  9.987749E-01
       669  2.788167E-01
       670  8.123266E-02
       671  2.142565E-01
       672  4.330476E-01
       673  2.159207E-01
       674  4.349887E-01
       675  2.187410E-01
       676  4.387055E-01
       677  2.251603E-01
       678  4.426843E-01
       679  8.186283E-02
       680  1.605064E-01
       681  8.186283E-02
       682  1.605064E-01
       683  2.251603E-01
       684  4.426843E-01
       685  2.187410E-01
       686  4.387055E-01
       687  2.159207E-01
       688  4.349887E-01
       689  2.142565E-01
       690  4.330476E-01
       691  3.742035E+00
       692  2.093643E+00
       693  9.382511E-01
       694  2.679253E-01
       695  7.750140E-02
       696  3.742035E+00
       697  2.093643E+00
       698  9.382511E-01
       699  2.679253E-01
       700  7.750140E-02
       701  1.952263E-01
       702  4.026886E-01
       703  1.969445E-01
       704  4.046813E-01
       705  1.998545E-01
       706  4.085263E-01
       707  2.065887E-01
       708  4.126162E-01
       709  7.509254E-02
       710  1.495119E-01
       711  7.509254E-02
       712  1.495119E-01
       713  2.065887E-01
       714  4.126162E-01
       715  1.998545E-01
       716  4.085263E-01
       717  1.969445E-01
       718  4.046813E-01
       719  1.952263E-01
       720  4.026886E-01
       721  3.459891E+00
       722  1.942635E+00
       723  8.775839E-01
       724  2.565452E-01
       725  7.424867E-02
       726  3.459891E+00
       727  1.942635E+00
       728  8.775839E-01
       729  2.565452E-01
       730  7.424867E-02
       731  1.769952E-01
       732  3.728009E-01
       733  1.787681E-01
       734  3.748493E-01
       735  1.817692E-01
       736  3.788299E-01
       737  1.888359E-01
       738  3.830340E-01
       739  6.861922E-02
       740  1.386886E-01
       741  6.861922E-02
       742  1.386886E-01
       743  1.888359E-01
       744  3.830340E-01
       745  1.817692E-01
       746  3.788299E-01
       747  1.787681E-01
       748  3.748493E-01
       749  1.769952E-01
       750  3.728009E-01
       751  3.182575E+00
       752  1.793370E+00
       753  8.168880E-01
       754  2.446982E-01
       755  7.143456E-02
       756  3.182575E+00
       757  1.793370E+00
       758  8.168880E-01
       759  2.446982E-01
       760  7.143456E-02
       761  1.595726E-01
       762  3.434011E-01
       763  1.614003E-01
       764  3.455126E-01
       765  1.644944E-01
       766  3.496404E-01
       767  1.719127E-01
       768  3.539639E-01
       769  6.244722E-02
       770  1.280459E-01
       771  6.244722E-02
       772  1.280459E-01
       773  1.719127E-01
       774  3.539639E-01
       775  1.644944E-01
       776  3.496404E-01
       777  1.614003E-01
       778  3.455126E-01
       779  1.595726E-01
       780  3.434011E-01
       781  2.910550E+00
       782  1.646127E+00
       783  7.562978E-01
       784  2.324132E-01
       785  6.902155E-02
       786  2.910550E+00
       787  1.646127E+00
       788  7.562978E-01
       789  2.324132E-01
       790  6.902155E-02
       791  1.429675E-01
       792  3.145116E-01
       793  1.448504E-01
       794  3.166978E-01
       795  1.480400E-01
       796  3.209894E-01
       797  1.558324E-01
       798  3.254411E-01
       799  5.658193E-02
       800  1.175963E-01
       801  5.658193E-02
       802  1.175963E-01
       803  1.558324E-01
       804  3.254411E-01
       805  1.480400E-01
       806  3.209894E-01
       807  1.448504E-01
       808  3.166978E-01
       809  1.429675E-01
       810  3.145116E-01
       811  2.644356E+00
       812  1.501230E+00
       813  6.959695E-01
       814  2.197279E-01
       815  6.697538E-02
       816  2.644356E+00
       817  1.501230E+00
       818  6.959695E-01
       819  2.197279E-01
       820  6.697538E-02
       821  1.271880E-01
       822  2.861640E-01
       823  1.291269E-01
       824  2.884410E-01
       825  1.324168E-01
       826  2.929192E-01
       827  1.406103E-01
       828  2.975114E-01
       829  5.102995E-02
       830  1.073563E-01
       831  5.102995E-02
       832  1.073563E-01
       833  1.406103E-01
       834  2.975114E-01
       835  1.324168E-01
       836  2.929192E-01
       837  1.291269E-01
       838  2.884410E-01
       839  1.271880E-01
       840  2.861640E-01
       841  2.384609E+00
       842  1.359047E+00
       843  6.360825E-01
       844  2.066904E-01
       845  6.526677E-02
       846  2.384609E+00
       847  1.359047E+00
       848  6.360825E-01
       849  2.066904E-01
       850  6.526677E-02
       851  1.122399E-01
       852  2.584070E-01
       853  1.142376E-01
       854  2.607935E-01
       855  1.176363E-01
       856  2.654854E-01
       857  1.262646E-01
       858  2.702344E-01
       859  4.579935E-02
       860  9.734683E-02
       861  4.579935E-02
       862  9.734683E-02
       863  1.262646E-01
       864  2.702344E-01
       865  1.176363E-01
       866  2.654854E-01
       867  1.142376E-01
       868  2.607935E-01
       869  1.122399E-01
       870  2.584070E-01
       871  2.131998E+00
       872  1.219989E+00
       873  5.768423E-01
       874  1.933626E-01
       875  6.387405E-02
       876  2.131998E+00
       877  1.219989E+00
       878  5.768423E-01
       879  1.933626E-01
       880  6.387405E-02
       881  9.812587E-02
       882  2.313180E-01
       883  1.001891E-01
       884  2.338293E-01
       885  1.037111E-01
       886  2.387621E-01
       887  1.128178E-01
       888  2.436857E-01
       889  4.089982E-02
       890  8.759436E-02
       891  4.089982E-02
       892  8.759436E-02
       893  1.128178E-01
       894  2.436857E-01
       895  1.037111E-01
       896  2.387621E-01
       897  1.001891E-01
       898  2.338293E-01
       899  9.812587E-02
       900  2.313180E-01
       901  1.887280E+00
       902  1.084511E+00
       903  5.184824E-01
       904  1.798250E-01
       905  6.278722E-02
       906  1.887280E+00
       907  1.084511E+00
       908  5.184824E-01
       909  1.798250E-01
       910  6.278722E-02
       911  8.484602E-02
       912  2.050186E-01
       913  8.698820E-02
       914  2.076552E-01
       915  9.065660E-02
       916  2.128458E-01
       917  1.002982E-01
       918  2.179587E-01
       919  3.634265E-02
       920  7.813067E-02
       921  3.634265E-02
       922  7.813067E-02
       923  1.002982E-01
       924  2.179587E-01
       925  9.065660E-02
       926  2.128458E-01
       927  8.698820E-02
       928  2.076552E-01
       929  8.484602E-02
       930  2.050186E-01
       931  1.651258E+00
       932  9.531054E-01
       933  4.612682E-01
       934  1.661826E-01
       935  6.201355E-02
       936  1.651258E+00
       937  9.531054E-01
       938  4.612682E-01
       939  1.661826E-01
       940  6.201355E-02
       941  7.240105E-02
       942  1.796929E-01
       943  7.464652E-02
       944  1.824213E-01
       945  7.849497E-02
       946  1.878588E-01
       947  8.874337E-02
       948  1.931640E-01
       949  3.214041E-02
       950  6.899261E-02
       951  3.214041E-02
       952  6.899261E-02
       953  8.874337E-02
       954  1.931640E-01
       955  7.849497E-02
       956  1.878588E-01
       957  7.464652E-02
       958  1.824213E-01
       959  7.240105E-02
       960  1.796929E-01
       961  1.424764E+00
       962  8.263005E-01
       963  4.055018E-01
       964  1.525738E-01
       965  6.158439E-02
       966  1.424764E+00
       967  8.263005E-01
       968  4.055018E-01
       969  1.525738E-01
       970  6.158439E-02
       971  6.080037E-02
       972  1.556037E-01
       973  6.318898E-02
       974  1.583270E-01
       975  6.726249E-02
       976  1.639475E-01
       977  7.820571E-02
       978  1.694250E-01
       979  2.830611E-02
       980  6.022024E-02
       981  2.830611E-02
       982  6.022024E-02
       983  7.820571E-02
       984  1.694250E-01
       985  6.726249E-02
       986  1.639475E-01
       987  6.318898E-02
       988  1.583270E-01
       989  6.080037E-02
       990  1.556037E-01
       991  1.208649E+00
       992  7.046612E-01
       993  3.515303E-01
       994  1.391785E-01
       995  6.156186E-02
       996  1.208649E+00
       997  7.046612E-01
       998  3.515303E-01
       999  1.391785E-01
      1000  6.156186E-02
      1001  5.008076E-02
      1002  1.330982E-01
      1003  5.267266E-02
      1004  1.356189E-01
      1005  5.702347E-02
      1006  1.412718E-01
      1007  6.875959E-02
      1008  1.468647E-01
      1009  2.485158E-02
      1010  5.185265E-02
      1011  2.485158E-02
      1012  5.185265E-02
      1013  6.875959E-02
      1014  1.468647E-01
      1015  5.702347E-02
      1016  1.412718E-01
      1017  5.267266E-02
      1018  1.356189E-01
      1019  5.008076E-02
      1020  1.330982E-01
      1021  1.003797E+00
      1022  5.888080E-01
      1023  2.997589E-01
      1024  1.262258E-01
      1025  6.204165E-02
      1026  1.003797E+00
      1027  5.888080E-01
      1028  2.997589E-01
      1029  1.262258E-01
      1030  6.204165E-02
      1031  4.034711E-02
      1032  1.125989E-01
      1033  4.322502E-02
      1034  1.145735E-01
      1035  4.789652E-02
      1036  1.199812E-01
      1037  6.051230E-02
      1038  1.255811E-01
      1039  2.178453E-02
      1040  4.391983E-02
      1041  2.178453E-02
      1042  4.391983E-02
      1043  6.051230E-02
      1044  1.255811E-01
      1045  4.789652E-02
      1046  1.199812E-01
      1047  4.322502E-02
      1048  1.145735E-01
      1049  4.034711E-02
      1050  1.125989E-01
      1051  8.111928E-01
      1052  4.794648E-01
      1053  2.506771E-01
      1054  1.140000E-01
      1055  6.314332E-02
      1056  8.111928E-01
      1057  4.794648E-01
      1058  2.506771E-01
      1059  1.140000E-01
      1060  6.314332E-02
      1061  3.185898E-02
      1062  9.457918E-02
      1063  3.512326E-02
      1064  9.547315E-02
      1065  4.010635E-02
      1066  1.001847E-01
      1067  5.362351E-02
      1068  1.056123E-01
      1069  1.910369E-02
      1070  3.643159E-02
      1071  1.910369E-02
      1072  3.643159E-02
      1073  5.362351E-02
      1074  1.056123E-01
      1075  4.010635E-02
      1076  1.001847E-01
      1077  3.512326E-02
      1078  9.547315E-02
      1079  3.185898E-02
      1080  9.457918E-02
      1081  6.320404E-01
      1082  3.775541E-01
      1083  2.049252E-01
      1084  1.028451E-01
      1085  6.497258E-02
      1086  6.320404E-01
      1087  3.775541E-01
      1088  2.049252E-01
      1089  1.028451E-01
      1090  6.497258E-02
      1091  2.520294E-02
      1092  7.953769E-02
      1093  2.895020E-02
      1094  7.860633E-02
      1095  3.408876E-02
      1096  8.194904E-02
      1097  4.835710E-02
      1098  8.692821E-02
      1099  1.679173E-02
      1100  2.937985E-02
      1101  1.679173E-02
      1102  2.937985E-02
      1103  4.835710E-02
      1104  8.692821E-02
      1105  3.408876E-02
      1106  8.194904E-02
      1107  2.895020E-02
      1108  7.860633E-02
      1109  2.520294E-02
      1110  7.953769E-02
      1111  4.678894E-01
      1112  2.843670E-01
      1113  1.634303E-01
      1114  9.318453E-02
      1115  6.751963E-02
      1116  4.678894E-01
      1117  2.843670E-01
      1118  1.634303E-01
      1119  9.318453E-02
      1120  6.751963E-02
      1121  2.155589E-02
      1122  6.799370E-02
      1123  2.585538E-02
      1124  6.436759E-02
      1125  3.069699E-02
      1126  6.544076E-02
      1127  4.524681E-02
      1128  6.956721E-02
      1129  1.481145E-02
      1130  2.280664E-02
      1131  1.481145E-02
      1132  2.280664E-02
      1133  4.524681E-02
      1134  6.956721E-02
      1135  3.069699E-02
      1136  6.544076E-02
      1137  2.585538E-02
      1138  6.436759E-02
      1139  2.155589E-02
      1140  6.799370E-02
      1141  3.207122E-01
      1142  2.017987E-01
      1143  1.275491E-01
      1144  8.546559E-02
      1145  7.053425E-02
      1146  3.207122E-01
      1147  2.017987E-01
      1148  1.275491E-01
      1149  8.546559E-02
      1150  7.053425E-02
      1151  2.288086E-02
      1152  6.035860E-02
      1153  2.779669E-02
      1154  5.351614E-02
      1155  3.152581E-02
      1156  5.143698E-02
      1157  4.554938E-02
      1158  5.429697E-02
      1159  1.310418E-02
      1160  1.713625E-02
      1161  1.310418E-02
      1162  1.713625E-02
      1163  4.554938E-02
      1164  5.429697E-02
      1165  3.152581E-02
      1166  5.143698E-02
      1167  2.779669E-02
      1168  5.351614E-02
      1169  2.288086E-02
      1170  6.035860E-02
      1171  1.934589E-01
      1172  1.324618E-01
      1173  9.892059E-02
      1174  7.980957E-02
      1175  7.344933E-02
      1176  1.934589E-01
      1177  1.324618E-01
      1178  9.892059E-02
      1179  7.980957E-02
      1180  7.344933E-02
      1181  3.089502E-02
      1182  5.640753E-02
      1183  3.691829E-02
      1184  4.732368E-02
      1185  3.921790E-02
      1186  4.236614E-02
      1187  5.267435E-02
      1188  4.422647E-02
      1189  1.180256E-02
      1190  1.406264E-02
      1191  1.180256E-02
      1192  1.406264E-02
      1193  5.267435E-02
      1194  4.422647E-02
      1195  3.921790E-02
      1196  4.236614E-02
      1197  3.691829E-02
      1198  4.732368E-02
      1199  3.089502E-02
      1200  5.640753E-02
      1201  9.236242E-02
      1202  7.983953E-02
      1203  7.830812E-02
      1204  7.671545E-02
      1205  7.767105E-02
      1206  9.236242E-02
      1207  7.983953E-02
      1208  7.830812E-02
      1209  7.671545E-02
      1210  7.767105E-02
      1211  4.320414E-02
      1212  5.309726E-02
      1213  5.236562E-02
      1214  4.578086E-02
      1215  5.669947E-02
      1216  4.336124E-02
      1217  7.626115E-02
      1218  5.006077E-02
      1219  1.154095E-02
      1220  1.989026E-02
      1221  1.154095E-02
      1222  1.989026E-02
      1223  7.626115E-02
      1224  5.006077E-02
      1225  5.669947E-02
      1226  4.336124E-02
      1227  5.236562E-02
      1228  4.578086E-02
      1229  4.320414E-02
      1230  5.309726E-02
      1231  2.688950E-02
      1232  4.125150E-02
      1233  5.933193E-02
      1234  7.595913E-02
      1235  1.023379E-01
      1236  2.688950E-02
      1237  4.125150E-02
      1238  5.933193E-02
      1239  7.595913E-02
      1240  1.023379E-01
      1241  5.080700E-02
      1242  4.681041E-02
      1243  6.511714E-02
      1244  4.567872E-02
      1245  8.604506E-02
      1246  5.930005E-02
      1247  1.575186E-01
      1248  1.109517E-01
      1249  1.813719E-02
      1250  6.617904E-02
      1251  1.813719E-02
      1252  6.617904E-02
      1253  1.575186E-01
      1254  1.109517E-01
      1255  8.604506E-02
      1256  5.930005E-02
      1257  6.511714E-02
      1258  4.567872E-02
      1259  5.080700E-02
      1260  4.681041E-02
      1261  1.220439E-03
      1262  5.476736E-03
      1263  1.592523E-02
      1264  3.861092E-02
      1265  1.016225E-01
      1266  1.220439E-03
      1267  5.476736E-03
      1268  1.592523E-02
      1269  3.861092E-02
      1270  1.016225E-01
      1271  2.870257E-02
      1272  3.669931E-02
      1273  4.164298E-02
      1274  3.743612E-02
      1275  7.163108E-02
      1276  7.768280E-02
      1277  2.412731E-01
      1278  2.331913E-01
      1279  2.781717E-02
      1280  1.802029E-01
      1281  2.781717E-02
      1282  1.802029E-01
      1283  2.412731E-01
      1284  2.331913E-01
      1285  7.163108E-02
      1286  7.768280E-02
      1287  4.164298E-02
      1288  3.743612E-02
      1289  2.870257E-02
      1290  3.669931E-02

                                INCREMENT     2


 displacements (vx,vy,vz) for set TIP_TOP and time  0.1000000E+00

      2087  7.864106E-02 -2.496182E-03 -2.101332E+00
      2088  7.859505E-02 -2.461338E-03 -2.095814E+00
      2091  7.842951E-02 -2.391054E-03 -2.090318E+00
      2094  7.831195E-02 -1.954425E-03 -2.085220E+00
      2096  7.828411E-02 -7.799074E-04 -2.081914E+00
      2098  7.826695E-02 -1.456355E-14 -2.081712E+00
      2100  7.828411E-02  7.799074E-04 -2.081914E+00
      2103  7.831195E-02  1.954425E-03 -2.085220E+00
      2106  7.842951E-02  2.391054E-03 -2.090318E+00
      2109  7.859505E-02  2.461338E-03 -2.095814E+00
      2112  7.864106E-02  2.496182E-03 -2.101332E+00

 forces (fx,fy,fz) for set CLAMP and time  0.1000000E+00

         1  3.335730E+03  4.017290E+03  1.332157E+03
         4  5.993047E+03 -9.320090E-10  2.660468E+03
         5  4.747226E+03  6.248948E+03  1.930154E+02
         8  8.372522E+03 -5.155386E-09  3.927341E+02
         9  3.174287E+03  4.106465E+03 -8.283947E+01
        12  5.559716E+03 -3.756034E-10 -1.589605E+02
        13  1.651543E+03  2.101744E+03 -2.643956E+02
        16  2.885723E+03  2.735650E-11 -5.207672E+02
        17  1.019933E+02  8.030047E+01 -3.075857E+02
        20  1.693942E+02 -1.789480E-10 -6.100369E+02
        21 -1.007535E+03 -6.842057E+02 -9.330866E+02
        24 -1.231351E+03  5.876734E-10 -3.401739E+02
        26  3.335730E+03 -4.017290E+03  1.332157E+03
        28  4.747226E+03 -6.248948E+03  1.930154E+02
        30  3.174287E+03 -4.106465E+03 -8.283947E+01
        32  1.651543E+03 -2.101744E+03 -2.643956E+02
        34  1.019933E+02 -8.030047E+01 -3.075857E+02
        36 -1.007535E+03  6.842057E+02 -9.330866E+02
        37 -6.892879E+02 -4.186862E+02 -9.514751E+02
        40 -8.237046E+02 -1.300064E+02 -1.650134E+03
        41 -1.724370E+03 -9.583075E+02 -2.474339E+02
        44 -2.470218E+03 -2.874761E+02 -4.786571E+02
        45 -1.199731E+03 -5.417773E+02  1.139858E+03
        48 -1.976186E+03 -1.578825E+02  2.083852E+03
        50 -6.975491E+02 -1.227562E+02 -1.514692E+03
        52 -2.345804E+03 -2.600562E+02 -4.826822E+02
        54 -1.988950E+03 -1.372759E+02  1.993804E+03
        56 -6.776949E+02 -9.055054E+01 -1.503091E+03
        58 -2.362515E+03 -1.779179E+02 -4.714459E+02
        60 -2.036096E+03 -8.918750E+01  2.006110E+03
        62 -1.646663E+03 -6.865831E+01 -2.897541E+02
        64 -1.417411E+03 -3.133436E+01  1.393116E+03
        66 -8.831489E+02  8.979839E-10 -1.468502E+02
        68 -7.600292E+02 -2.973522E-10  7.493578E+02
        70 -1.646663E+03  6.865831E+01 -2.897541E+02
        72 -1.417411E+03  3.133436E+01  1.393116E+03
        74 -6.776949E+02  9.055054E+01 -1.503091E+03
        76 -2.362515E+03  1.779179E+02 -4.714459E+02
        78 -2.036096E+03  8.918750E+01  2.006110E+03
        80 -6.975491E+02  1.227562E+02 -1.514692E+03
        82 -2.345804E+03  2.600562E+02 -4.826822E+02
        84 -1.988950E+03  1.372759E+02  1.993804E+03
        86 -8.237046E+02  1.300064E+02 -1.650134E+03
        88 -2.470218E+03  2.874761E+02 -4.786571E+02
        90 -1.976186E+03  1.578825E+02  2.083852E+03
        92 -6.892879E+02  4.186862E+02 -9.514751E+02
        94 -1.724370E+03  9.583075E+02 -2.474339E+02
        96 -1.199731E+03  5.417773E+02  1.139858E+03

 internal energy (element, energy) for set EALL and time  0.1000000E+00

         1  3.066102E+01
         2  1.441787E+01
         3  5.428478E+00
         4  9.202677E-01
         5  7.650570E-01
         6  3.066102E+01
         7  1.441787E+01
         8  5.428478E+00
         9  9.202677E-01
        10  7.650570E-01
        11  2.486669E+00
        12  3.779818E+00
        13  2.013951E+00
        14  3.253914E+00
        15  1.903625E+00
        16  3.163074E+00
        17  1.947978E+00
        18  3.195822E+00
        19  7.228164E-01
        20  1.177396E+00
        21  7.228164E-01
        22  1.177396E+00
        23  1.947978E+00
        24  3.195822E+00
        25  1.903625E+00
        26  3.163074E+00
        27  2.013951E+00
        28  3.253914E+00
        29  2.486669E+00
        30  3.779818E+00
        31  3.808825E+01
        32  2.122976E+01
        33  8.112963E+00
        34  1.489425E+00
        35  1.307523E+00
        36  3.808825E+01
        37  2.122976E+01
        38  8.112963E+00
        39  1.489425E+00
        40  1.307523E+00
        41  2.701422E+00
        42  4.058673E+00
        43  2.919499E+00
        44  4.314458E+00
        45  2.910244E+00
        46  4.299102E+00
        47  2.937831E+00
        48  4.327764E+00
        49  1.071899E+00
        50  1.582057E+00
        51  1.071899E+00
        52  1.582057E+00
        53  2.937831E+00
        54  4.327764E+00
        55  2.910244E+00
        56  4.299102E+00
        57  2.919499E+00
        58  4.314458E+00
        59  2.701422E+00
        60  4.058673E+00
        61  4.014454E+01
        62  2.187096E+01
        63  8.736187E+00
        64  1.699714E+00
        65  1.404093E+00
        66  4.014454E+01
        67  2.187096E+01
        68  8.736187E+00
        69  1.699714E+00
        70  1.404093E+00
        71  2.807622E+00
        72  4.208743E+00
        73  3.000804E+00
        74  4.449197E+00
        75  3.115817E+00
        76  4.606265E+00
        77  3.144631E+00
        78  4.669329E+00
        79  1.138556E+00
        80  1.701410E+00
        81  1.138556E+00
        82  1.701410E+00
        83  3.144631E+00
        84  4.669329E+00
        85  3.115817E+00
        86  4.606265E+00
        87  3.000804E+00
        88  4.449197E+00
        89  2.807622E+00
        90  4.208743E+00
        91  4.027781E+01
        92  2.132928E+01
        93  8.431275E+00
        94  1.659273E+00
        95  1.286272E+00
        96  4.027781E+01
        97  2.132928E+01
        98  8.431275E+00
        99  1.659273E+00
       100  1.286272E+00
       101  2.852893E+00
       102  4.327543E+00
       103  2.910115E+00
       104  4.405122E+00
       105  2.970897E+00
       106  4.484821E+00
       107  3.005715E+00
       108  4.522419E+00
       109  1.093217E+00
       110  1.644023E+00
       111  1.093217E+00
       112  1.644023E+00
       113  3.005715E+00
       114  4.522419E+00
       115  2.970897E+00
       116  4.484821E+00
       117  2.910115E+00
       118  4.405122E+00
       119  2.852893E+00
       120  4.327543E+00
       121  3.906890E+01
       122  2.057143E+01
       123  8.083212E+00
       124  1.591248E+00
       125  1.158959E+00
       126  3.906890E+01
       127  2.057143E+01
       128  8.083212E+00
       129  1.591248E+00
       130  1.158959E+00
       131  2.752694E+00
       132  4.254665E+00
       133  2.765779E+00
       134  4.263263E+00
       135  2.785676E+00
       136  4.277312E+00
       137  2.804727E+00
       138  4.286282E+00
       139  1.021095E+00
       140  1.557892E+00
       141  1.021095E+00
       142  1.557892E+00
       143  2.804727E+00
       144  4.286282E+00
       145  2.785676E+00
       146  4.277312E+00
       147  2.765779E+00
       148  4.263263E+00
       149  2.752694E+00
       150  4.254665E+00
       151  3.774716E+01
       152  1.989621E+01
       153  7.839292E+00
       154  1.560246E+00
       155  1.062342E+00
       156  3.774716E+01
       157  1.989621E+01
       158  7.839292E+00
       159  1.560246E+00
       160  1.062342E+00
       161  2.630884E+00
       162  4.110503E+00
       163  2.633820E+00
       164  4.103430E+00
       165  2.641983E+00
       166  4.102131E+00
       167  2.654612E+00
       168  4.104734E+00
       169  9.660906E-01
       170  1.491626E+00
       171  9.660906E-01
       172  1.491626E+00
       173  2.654612E+00
       174  4.104734E+00
       175  2.641983E+00
       176  4.102131E+00
       177  2.633820E+00
       178  4.103430E+00
       179  2.630884E+00
       180  4.110503E+00
       181  3.637119E+01
       182  1.922775E+01
       183  7.621696E+00
       184  1.543085E+00
       185  9.813124E-01
       186  3.637119E+01
       187  1.922775E+01
       188  7.621696E+00
       189  1.543085E+00
       190  9.813124E-01
       191  2.501143E+00
       192  3.945344E+00
       193  2.504018E+00
       194  3.941740E+00
       195  2.510220E+00
       196  3.942409E+00
       197  2.522363E+00
       198  3.947216E+00
       199  9.179270E-01
       200  1.434762E+00
       201  9.179270E-01
       202  1.434762E+00
       203  2.522363E+00
       204  3.947216E+00
       205  2.510220E+00
       206  3.942409E+00
       207  2.504018E+00
       208  3.941740E+00
       209  2.501143E+00
       210  3.945344E+00
       211  3.500044E+01
       212  1.856476E+01
       213  7.410565E+00
       214  1.529034E+00
       215  9.083107E-01
       216  3.500044E+01
       217  1.856476E+01
       218  7.410565E+00
       219  1.529034E+00
       220  9.083107E-01
       221  2.374036E+00
       222  3.782672E+00
       223  2.377843E+00
       224  3.783840E+00
       225  2.384499E+00
       226  3.788803E+00
       227  2.397339E+00
       228  3.796494E+00
       229  8.724211E-01
       230  1.380265E+00
       231  8.724211E-01
       232  1.380265E+00
       233  2.397339E+00
       234  3.796494E+00
       235  2.384499E+00
       236  3.788803E+00
       237  2.377843E+00
       238  3.783840E+00
       239  2.374036E+00
       240  3.782672E+00
       241  3.364394E+01
       242  1.790504E+01
       243  7.198338E+00
       244  1.514224E+00
       245  8.409990E-01
       246  3.364394E+01
       247  1.790504E+01
       248  7.198338E+00
       249  1.514224E+00
       250  8.409990E-01
       251  2.250574E+00
       252  3.626686E+00
       253  2.254866E+00
       254  3.630544E+00
       255  2.262015E+00
       256  3.638284E+00
       257  2.275571E+00
       258  3.647852E+00
       259  8.280920E-01
       260  1.326350E+00
       261  8.280920E-01
       262  1.326350E+00
       263  2.275571E+00
       264  3.647852E+00
       265  2.262015E+00
       266  3.638284E+00
       267  2.254866E+00
       268  3.630544E+00
       269  2.250574E+00
       270  3.626686E+00
       271  3.230288E+01
       272  1.724832E+01
       273  6.983654E+00
       274  1.497774E+00
       275  7.786647E-01
       276  3.230288E+01
       277  1.724832E+01
       278  6.983654E+00
       279  1.497774E+00
       280  7.786647E-01
       281  2.130633E+00
       282  3.476200E+00
       283  2.135082E+00
       284  3.481242E+00
       285  2.142521E+00
       286  3.490387E+00
       287  2.156691E+00
       288  3.500976E+00
       289  7.848152E-01
       290  1.272959E+00
       291  7.848152E-01
       292  1.272959E+00
       293  2.156691E+00
       294  3.500976E+00
       295  2.142521E+00
       296  3.490387E+00
       297  2.135082E+00
       298  3.481242E+00
       299  2.130633E+00
       300  3.476200E+00
       301  3.097649E+01
       302  1.659459E+01
       303  6.766557E+00
       304  1.479619E+00
       305  7.211115E-01
       306  3.097649E+01
       307  1.659459E+01
       308  6.766557E+00
       309  1.479619E+00
       310  7.211115E-01
       311  2.013926E+00
       312  3.329645E+00
       313  2.018454E+00
       314  3.335170E+00
       315  2.026104E+00
       316  3.345013E+00
       317  2.040877E+00
       318  3.356168E+00
       319  7.426586E-01
       320  1.220253E+00
       321  7.426586E-01
       322  1.220253E+00
       323  2.040877E+00
       324  3.356168E+00
       325  2.026104E+00
       326  3.345013E+00
       327  2.018454E+00
       328  3.335170E+00
       329  2.013926E+00
       330  3.329645E+00
       331  2.966426E+01
       332  1.594391E+01
       333  6.547216E+00
       334  1.459768E+00
       335  6.681663E-01
       336  2.966426E+01
       337  1.594391E+01
       338  6.547216E+00
       339  1.459768E+00
       340  6.681663E-01
       341  1.900368E+00
       342  3.185981E+00
       343  1.904994E+00
       344  3.191731E+00
       345  1.912863E+00
       346  3.201989E+00
       347  1.928278E+00
       348  3.213528E+00
       349  7.016757E-01
       350  1.168303E+00
       351  7.016757E-01
       352  1.168303E+00
       353  1.928278E+00
       354  3.213528E+00
       355  1.912863E+00
       356  3.201989E+00
       357  1.904994E+00
       358  3.191731E+00
       359  1.900368E+00
       360  3.185981E+00
       361  2.836591E+01
       362  1.529623E+01
       363  6.325681E+00
       364  1.438180E+00
       365  6.196138E-01
       366  2.836591E+01
       367  1.529623E+01
       368  6.325681E+00
       369  1.438180E+00
       370  6.196138E-01
       371  1.789950E+00
       372  3.044644E+00
       373  1.794709E+00
       374  3.050544E+00
       375  1.802825E+00
       376  3.061136E+00
       377  1.818934E+00
       378  3.073011E+00
       379  6.618778E-01
       380  1.117111E+00
       381  6.618778E-01
       382  1.117111E+00
       383  1.818934E+00
       384  3.073011E+00
       385  1.802825E+00
       386  3.061136E+00
       387  1.794709E+00
       388  3.050544E+00
       389  1.789950E+00
       390  3.044644E+00
       391  2.708112E+01
       392  1.465147E+01
       393  6.101938E+00
       394  1.414790E+00
       395  5.752130E-01
       396  2.708112E+01
       397  1.465147E+01
       398  6.101938E+00
       399  1.414790E+00
       400  5.752130E-01
       401  1.682678E+00
       402  2.905346E+00
       403  1.687594E+00
       404  2.911388E+00
       405  1.695978E+00
       406  2.922315E+00
       407  1.712830E+00
       408  2.934528E+00
       409  6.232573E-01
       410  1.066651E+00
       411  6.232573E-01
       412  1.066651E+00
       413  1.712830E+00
       414  2.934528E+00
       415  1.695978E+00
       416  2.922315E+00
       417  1.687594E+00
       418  2.911388E+00
       419  1.682678E+00
       420  2.905346E+00
       421  2.580961E+01
       422  1.400953E+01
       423  5.875970E+00
       424  1.389531E+00
       425  5.347200E-01
       426  2.580961E+01
       427  1.400953E+01
       428  5.875970E+00
       429  1.389531E+00
       430  5.347200E-01
       431  1.578547E+00
       432  2.767943E+00
       433  1.583630E+00
       434  2.774141E+00
       435  1.592299E+00
       436  2.785426E+00
       437  1.609939E+00
       438  2.797998E+00
       439  5.858027E-01
       440  1.016893E+00
       441  5.858027E-01
       442  1.016893E+00
       443  1.609939E+00
       444  2.797998E+00
       445  1.592299E+00
       446  2.785426E+00
       447  1.583630E+00
       448  2.774141E+00
       449  1.578547E+00
       450  2.767943E+00
       451  2.455112E+01
       452  1.337037E+01
       453  5.647778E+00
       454  1.362345E+00
       455  4.978980E-01
       456  2.455112E+01
       457  1.337037E+01
       458  5.647778E+00
       459  1.362345E+00
       460  4.978980E-01
       461  1.477540E+00
       462  2.632361E+00
       463  1.482798E+00
       464  2.638730E+00
       465  1.491762E+00
       466  2.650400E+00
       467  1.510232E+00
       468  2.663353E+00
       469  5.495037E-01
       470  9.678127E-01
       471  5.495037E-01
       472  9.678127E-01
       473  1.510232E+00
       474  2.663353E+00
       475  1.491762E+00
       476  2.650400E+00
       477  1.482798E+00
       478  2.638730E+00
       479  1.477540E+00
       480  2.632361E+00
       481  2.330551E+01
       482  1.273398E+01
       483  5.417392E+00
       484  1.333181E+00
       485  4.645192E-01
       486  2.330551E+01
       487  1.273398E+01
       488  5.417392E+00
       489  1.333181E+00
       490  4.645192E-01
       491  1.379640E+00
       492  2.498558E+00
       493  1.385078E+00
       494  2.505111E+00
       495  1.394346E+00
       496  2.517190E+00
       497  1.413691E+00
       498  2.530540E+00
       499  5.143529E-01
       500  9.193886E-01
       501  5.143529E-01
       502  9.193886E-01
       503  1.413691E+00
       504  2.530540E+00
       505  1.394346E+00
       506  2.517190E+00
       507  1.385078E+00
       508  2.505111E+00
       509  1.379640E+00
       510  2.498558E+00
       511  2.207279E+01
       512  1.210044E+01
       513  5.184866E+00
       514  1.301998E+00
       515  4.343659E-01
       516  2.207279E+01
       517  1.210044E+01
       518  5.184866E+00
       519  1.301998E+00
       520  4.343659E-01
       521  1.284835E+00
       522  2.366511E+00
       523  1.290457E+00
       524  2.373255E+00
       525  1.300037E+00
       526  2.385762E+00
       527  1.320304E+00
       528  2.399521E+00
       529  4.803460E-01
       530  8.716053E-01
       531  4.803460E-01
       532  8.716053E-01
       533  1.320304E+00
       534  2.399521E+00
       535  1.300037E+00
       536  2.385762E+00
       537  1.290457E+00
       538  2.373255E+00
       539  1.284835E+00
       540  2.366511E+00
       541  2.085311E+01
       542  1.146990E+01
       543  4.950288E+00
       544  1.268761E+00
       545  4.072287E-01
       546  2.085311E+01
       547  1.146990E+01
       548  4.950288E+00
       549  1.268761E+00
       550  4.072287E-01
       551  1.193117E+00
       552  2.236205E+00
       553  1.198930E+00
       554  2.243145E+00
       555  1.208830E+00
       556  2.256095E+00
       557  1.230067E+00
       558  2.270273E+00
       559  4.474816E-01
       560  8.244522E-01
       561  4.474816E-01
       562  8.244522E-01
       563  1.230067E+00
       564  2.270273E+00
       565  1.208830E+00
       566  2.256095E+00
       567  1.198930E+00
       568  2.243145E+00
       569  1.193117E+00
       570  2.236205E+00
       571  1.964677E+01
       572  1.084260E+01
       573  4.713785E+00
       574  1.233448E+00
       575  3.829066E-01
       576  1.964677E+01
       577  1.084260E+01
       578  4.713785E+00
       579  1.233448E+00
       580  3.829066E-01
       581  1.104486E+00
       582  2.107635E+00
       583  1.110496E+00
       584  2.114773E+00
       585  1.120726E+00
       586  2.128179E+00
       587  1.142984E+00
       588  2.142782E+00
       589  4.157610E-01
       590  7.779235E-01
       591  4.157610E-01
       592  7.779235E-01
       593  1.142984E+00
       594  2.142782E+00
       595  1.120726E+00
       596  2.128179E+00
       597  1.110496E+00
       598  2.114773E+00
       599  1.104486E+00
       600  2.107635E+00
       601  1.845428E+01
       602  1.021886E+01
       603  4.475521E+00
       604  1.196051E+00
       605  3.612062E-01
       606  1.845428E+01
       607  1.021886E+01
       608  4.475521E+00
       609  1.196051E+00
       610  3.612062E-01
       611  1.018951E+00
       612  1.980810E+00
       613  1.025164E+00
       614  1.988146E+00
       615  1.035731E+00
       616  2.002019E+00
       617  1.059066E+00
       618  2.017052E+00
       619  3.851880E-01
       620  7.320185E-01
       621  3.851880E-01
       622  7.320185E-01
       623  1.059066E+00
       624  2.017052E+00
       625  1.035731E+00
       626  2.002019E+00
       627  1.025164E+00
       628  1.988146E+00
       629  1.018951E+00
       630  1.980810E+00
       631  1.727628E+01
       632  9.599119E+00
       633  4.235710E+00
       634  1.156573E+00
       635  3.419408E-01
       636  1.727628E+01
       637  9.599119E+00
       638  4.235710E+00
       639  1.156573E+00
       640  3.419408E-01
       641  9.365271E-01
       642  1.855746E+00
       643  9.429478E-01
       644  1.863280E+00
       645  9.538611E-01
       646  1.877633E+00
       647  9.783311E-01
       648  1.893100E+00
       649  3.557688E-01
       650  6.867422E-01
       651  3.557688E-01
       652  6.867422E-01
       653  9.783311E-01
       654  1.893100E+00
       655  9.538611E-01
       656  1.877633E+00
       657  9.429478E-01
       658  1.863280E+00
       659  9.365271E-01
       660  1.855746E+00
       661  1.611363E+01
       662  8.983925E+00
       663  3.994616E+00
       664  1.115038E+00
       665  3.249304E-01
       666  1.611363E+01
       667  8.983925E+00
       668  3.994616E+00
       669  1.115038E+00
       670  3.249304E-01
       671  8.572360E-01
       672  1.732473E+00
       673  8.638702E-01
       674  1.740208E+00
       675  8.751368E-01
       676  1.755055E+00
       677  9.008025E-01
       678  1.770960E+00
       679  3.275120E-01
       680  6.421056E-01
       681  3.275120E-01
       682  6.421056E-01
       683  9.008025E-01
       684  1.770960E+00
       685  8.751368E-01
       686  1.755055E+00
       687  8.638702E-01
       688  1.740208E+00
       689  8.572360E-01
       690  1.732473E+00
       691  1.496742E+01
       692  8.373944E+00
       693  3.752561E+00
       694  1.071485E+00
       695  3.100015E-01
       696  1.496742E+01
       697  8.373944E+00
       698  3.752561E+00
       699  1.071485E+00
       700  3.100015E-01
       701  7.811069E-01
       702  1.611032E+00
       703  7.879585E-01
       704  1.618976E+00
       705  7.995848E-01
       706  1.634336E+00
       707  8.265112E-01
       708  1.650686E+00
       709  3.004289E-01
       710  5.981272E-01
       711  3.004289E-01
       712  5.981272E-01
       713  8.265112E-01
       714  1.650686E+00
       715  7.995848E-01
       716  1.634336E+00
       717  7.879585E-01
       718  1.618976E+00
       719  7.811069E-01
       720  1.611032E+00
       721  1.383894E+01
       722  7.769981E+00
       723  3.509932E+00
       724  1.025978E+00
       725  2.969871E-01
       726  1.383894E+01
       727  7.769981E+00
       728  3.509932E+00
       729  1.025978E+00
       730  2.969871E-01
       731  7.081737E-01
       732  1.491475E+00
       733  7.152452E-01
       734  1.499644E+00
       735  7.272372E-01
       736  1.515549E+00
       737  7.554942E-01
       738  1.532356E+00
       739  2.745336E-01
       740  5.548336E-01
       741  2.745336E-01
       742  5.548336E-01
       743  7.554942E-01
       744  1.532356E+00
       745  7.272372E-01
       746  1.515549E+00
       747  7.152452E-01
       748  1.499644E+00
       749  7.081737E-01
       750  1.491475E+00
       751  1.272977E+01
       752  7.172989E+00
       753  3.267188E+00
       754  9.786033E-01
       755  2.857276E-01
       756  1.272977E+01
       757  7.172989E+00
       758  3.267188E+00
       759  9.786033E-01
       760  2.857276E-01
       761  6.384736E-01
       762  1.373870E+00
       763  6.457662E-01
       764  1.382293E+00
       765  6.581309E-01
       766  1.398788E+00
       767  6.877959E-01
       768  1.416074E+00
       769  2.498435E-01
       770  5.122622E-01
       771  2.498435E-01
       772  5.122622E-01
       773  6.877959E-01
       774  1.416074E+00
       775  6.581309E-01
       776  1.398788E+00
       777  6.457662E-01
       778  1.382293E+00
       779  6.384736E-01
       780  1.373870E+00
       781  1.164177E+01
       782  6.584086E+00
       783  3.024866E+00
       784  9.294774E-01
       785  2.760728E-01
       786  1.164177E+01
       787  6.584086E+00
       788  3.024866E+00
       789  9.294774E-01
       790  2.760728E-01
       791  5.720436E-01
       792  1.258306E+00
       793  5.795581E-01
       794  1.267030E+00
       795  5.923061E-01
       796  1.284181E+00
       797  6.234684E-01
       798  1.301980E+00
       799  2.263801E-01
       800  4.704629E-01
       801  2.263801E-01
       802  4.704629E-01
       803  6.234684E-01
       804  1.301980E+00
       805  5.923061E-01
       806  1.284181E+00
       807  5.795581E-01
       808  1.267030E+00
       809  5.720436E-01
       810  1.258306E+00
       811  1.057708E+01
       812  6.004563E+00
       813  2.783591E+00
       814  8.787502E-01
       815  2.678859E-01
       816  1.057708E+01
       817  6.004563E+00
       818  2.783591E+00
       819  8.787502E-01
       820  2.678859E-01
       821  5.089157E-01
       822  1.144908E+00
       823  5.166557E-01
       824  1.153997E+00
       825  5.298059E-01
       826  1.171897E+00
       827  5.625732E-01
       828  1.190258E+00
       829  2.041698E-01
       830  4.295016E-01
       831  2.041698E-01
       832  4.295016E-01
       833  5.625732E-01
       834  1.190258E+00
       835  5.298059E-01
       836  1.171897E+00
       837  5.166557E-01
       838  1.153997E+00
       839  5.089157E-01
       840  1.144908E+00
       841  9.538171E+00
       842  5.435890E+00
       843  2.544080E+00
       844  8.266142E-01
       845  2.610495E-01
       846  9.538171E+00
       847  5.435890E+00
       848  2.544080E+00
       849  8.266142E-01
       850  2.610495E-01
       851  4.491131E-01
       852  1.033872E+00
       853  4.570896E-01
       854  1.043401E+00
       855  4.706760E-01
       856  1.062157E+00
       857  5.051834E-01
       858  1.081146E+00
       859  1.832449E-01
       860  3.894624E-01
       861  1.832449E-01
       862  3.894624E-01
       863  5.051834E-01
       864  1.081146E+00
       865  4.706760E-01
       866  1.062157E+00
       867  4.570896E-01
       868  1.043401E+00
       869  4.491131E-01
       870  1.033872E+00
       871  8.527807E+00
       872  4.879715E+00
       873  2.307155E+00
       874  7.733171E-01
       875  2.554771E-01
       876  8.527807E+00
       877  4.879715E+00
       878  2.307155E+00
       879  7.733171E-01
       880  2.554771E-01
       881  3.926465E-01
       882  9.255073E-01
       883  4.008862E-01
       884  9.355377E-01
       885  4.149668E-01
       886  9.552580E-01
       887  4.513885E-01
       888  9.749462E-01
       889  1.636442E-01
       890  3.504507E-01
       891  1.636442E-01
       892  3.504507E-01
       893  4.513885E-01
       894  9.749462E-01
       895  4.149668E-01
       896  9.552580E-01
       897  4.008862E-01
       898  9.355377E-01
       899  3.926465E-01
       900  9.255073E-01
       901  7.549005E+00
       902  4.337857E+00
       903  2.073749E+00
       904  7.191804E-01
       905  2.511286E-01
       906  7.549005E+00
       907  4.337857E+00
       908  2.073749E+00
       909  7.191804E-01
       910  2.511286E-01
       911  3.395164E-01
       912  8.202998E-01
       913  3.480734E-01
       914  8.308336E-01
       915  3.627403E-01
       916  8.515864E-01
       917  4.013018E-01
       918  8.720320E-01
       919  1.454127E-01
       920  3.125936E-01
       921  1.454127E-01
       922  3.125936E-01
       923  4.013018E-01
       924  8.720320E-01
       925  3.627403E-01
       926  8.515864E-01
       927  3.480734E-01
       928  8.308336E-01
       929  3.395164E-01
       930  8.202998E-01
       931  6.604980E+00
       932  3.812286E+00
       933  1.844923E+00
       934  6.646246E-01
       935  2.480330E-01
       936  6.604980E+00
       937  3.812286E+00
       938  1.844923E+00
       939  6.646246E-01
       940  2.480330E-01
       941  2.897255E-01
       942  7.189862E-01
       943  2.986969E-01
       944  7.298889E-01
       945  3.140849E-01
       946  7.516311E-01
       947  3.550741E-01
       948  7.728460E-01
       949  1.286009E-01
       950  2.760387E-01
       951  1.286009E-01
       952  2.760387E-01
       953  3.550741E-01
       954  7.728460E-01
       955  3.140849E-01
       956  7.516311E-01
       957  2.986969E-01
       958  7.298889E-01
       959  2.897255E-01
       960  7.189862E-01
       961  5.699061E+00
       962  3.305111E+00
       963  1.621887E+00
       964  6.102023E-01
       965  2.463157E-01
       966  5.699061E+00
       967  3.305111E+00
       968  1.621887E+00
       969  6.102023E-01
       970  2.463157E-01
       971  2.433113E-01
       972  6.226169E-01
       973  2.528566E-01
       974  6.335019E-01
       975  2.691458E-01
       976  6.559774E-01
       977  3.129147E-01
       978  6.778818E-01
       979  1.132608E-01
       980  2.409461E-01
       981  1.132608E-01
       982  2.409461E-01
       983  3.129147E-01
       984  6.778818E-01
       985  2.691458E-01
       986  6.559774E-01
       987  2.528566E-01
       988  6.335019E-01
       989  2.433113E-01
       990  6.226169E-01
       991  4.834651E+00
       992  2.818593E+00
       993  1.406027E+00
       994  5.566332E-01
       995  2.462253E-01
       996  4.834651E+00
       997  2.818593E+00
       998  1.406027E+00
       999  5.566332E-01
      1000  2.462253E-01
      1001  2.004207E-01
      1002  5.325814E-01
      1003  2.107807E-01
      1004  5.426585E-01
      1005  2.281803E-01
      1006  5.652650E-01
      1007  2.751213E-01
      1008  5.876319E-01
      1009  9.943981E-02
      1010  2.074724E-01
      1011  9.943981E-02
      1012  2.074724E-01
      1013  2.751213E-01
      1014  5.876319E-01
      1015  2.281803E-01
      1016  5.652650E-01
      1017  2.107807E-01
      1018  5.426585E-01
      1019  2.004207E-01
      1020  5.325814E-01
      1021  4.015284E+00
      1022  2.355215E+00
      1023  1.198966E+00
      1024  5.048341E-01
      1025  2.481444E-01
      1026  4.015284E+00
      1027  2.355215E+00
      1028  1.198966E+00
      1029  5.048341E-01
      1030  2.481444E-01
      1031  1.614727E-01
      1032  4.505698E-01
      1033  1.729786E-01
      1034  4.584647E-01
      1035  1.916628E-01
      1036  4.800930E-01
      1037  2.421236E-01
      1038  5.024883E-01
      1039  8.716873E-02
      1040  1.757378E-01
      1041  8.716873E-02
      1042  1.757378E-01
      1043  2.421236E-01
      1044  5.024883E-01
      1045  1.916628E-01
      1046  4.800930E-01
      1047  1.729786E-01
      1048  4.584647E-01
      1049  1.614727E-01
      1050  4.505698E-01
      1051  3.244898E+00
      1052  1.917871E+00
      1053  1.002659E+00
      1054  4.559413E-01
      1055  2.525516E-01
      1056  3.244898E+00
      1057  1.917871E+00
      1058  1.002659E+00
      1059  4.559413E-01
      1060  2.525516E-01
      1061  1.275054E-01
      1062  3.784764E-01
      1063  1.405589E-01
      1064  3.820507E-01
      1065  1.604919E-01
      1066  4.008964E-01
      1067  2.145604E-01
      1068  4.226042E-01
      1069  7.644261E-02
      1070  1.457816E-01
      1071  7.644261E-02
      1072  1.457816E-01
      1073  2.145604E-01
      1074  4.226042E-01
      1075  1.604919E-01
      1076  4.008964E-01
      1077  1.405589E-01
      1078  3.820507E-01
      1079  1.275054E-01
      1080  3.784764E-01
      1081  2.528310E+00
      1082  1.510249E+00
      1083  8.196692E-01
      1084  4.113318E-01
      1085  2.598700E-01
      1086  2.528310E+00
      1087  1.510249E+00
      1088  8.196692E-01
      1089  4.113318E-01
      1090  2.598700E-01
      1091  1.008649E-01
      1092  3.182973E-01
      1093  1.158527E-01
      1094  3.145710E-01
      1095  1.364108E-01
      1096  3.279431E-01
      1097  1.934876E-01
      1098  3.478587E-01
      1099  6.719209E-02
      1100  1.175716E-01
      1101  6.719209E-02
      1102  1.175716E-01
      1103  1.934876E-01
      1104  3.478587E-01
      1105  1.364108E-01
      1106  3.279431E-01
      1107  1.158527E-01
      1108  3.145710E-01
      1109  1.008649E-01
      1110  3.182973E-01
      1111  1.871716E+00
      1112  1.137515E+00
      1113  6.537037E-01
      1114  3.726998E-01
      1115  2.700612E-01
      1116  1.871716E+00
      1117  1.137515E+00
      1118  6.537037E-01
      1119  3.726998E-01
      1120  2.700612E-01
      1121  8.625974E-02
      1122  2.721116E-01
      1123  1.034585E-01
      1124  2.576045E-01
      1125  1.228325E-01
      1126  2.618987E-01
      1127  1.810397E-01
      1128  2.784048E-01
      1129  5.926833E-02
      1130  9.127567E-02
      1131  5.926833E-02
      1132  9.127567E-02
      1133  1.810397E-01
      1134  2.784048E-01
      1135  1.228325E-01
      1136  2.618987E-01
      1137  1.034585E-01
      1138  2.576045E-01
      1139  8.625974E-02
      1140  2.721116E-01
      1141  1.283003E+00
      1142  8.072479E-01
      1143  5.101904E-01
      1144  3.418351E-01
      1145  2.821249E-01
      1146  1.283003E+00
      1147  8.072479E-01
      1148  5.101904E-01
      1149  3.418351E-01
      1150  2.821249E-01
      1151  9.154466E-02
      1152  2.415679E-01
      1153  1.112101E-01
      1154  2.141898E-01
      1155  1.261371E-01
      1156  2.058717E-01
      1157  1.822435E-01
      1158  2.173120E-01
      1159  5.243650E-02
      1160  6.858994E-02
      1161  5.243650E-02
      1162  6.858994E-02
      1163  1.822435E-01
      1164  2.173120E-01
      1165  1.261371E-01
      1166  2.058717E-01
      1167  1.112101E-01
      1168  2.141898E-01
      1169  9.154466E-02
      1170  2.415679E-01
      1171  7.739661E-01
      1172  5.298982E-01
      1173  3.956869E-01
      1174  3.192241E-01
      1175  2.937935E-01
      1176  7.739661E-01
      1177  5.298982E-01
      1178  3.956869E-01
      1179  3.192241E-01
      1180  2.937935E-01
      1181  1.235942E-01
      1182  2.257682E-01
      1183  1.476897E-01
      1184  1.894167E-01
      1185  1.568988E-01
      1186  1.695774E-01
      1187  2.107370E-01
      1188  1.770146E-01
      1189  4.722677E-02
      1190  5.628882E-02
      1191  4.722677E-02
      1192  5.628882E-02
      1193  2.107370E-01
      1194  1.770146E-01
      1195  1.568988E-01
      1196  1.695774E-01
      1197  1.476897E-01
      1198  1.894167E-01
      1199  1.235942E-01
      1200  2.257682E-01
      1201  3.695377E-01
      1202  3.194034E-01
      1203  3.132515E-01
      1204  3.068631E-01
      1205  3.106874E-01
      1206  3.695377E-01
      1207  3.194034E-01
      1208  3.132515E-01
      1209  3.068631E-01
      1210  3.106874E-01
      1211  1.728339E-01
      1212  2.125357E-01
      1213  2.094853E-01
      1214  1.832512E-01
      1215  2.268315E-01
      1216  1.735561E-01
      1217  3.050854E-01
      1218  2.003384E-01
      1219  4.617692E-02
      1220  7.959228E-02
      1221  4.617692E-02
      1222  7.959228E-02
      1223  3.050854E-01
      1224  2.003384E-01
      1225  2.268315E-01
      1226  1.735561E-01
      1227  2.094853E-01
      1228  1.832512E-01
      1229  1.728339E-01
      1230  2.125357E-01
      1231  1.075942E-01
      1232  1.650455E-01
      1233  2.373687E-01
      1234  3.038661E-01
      1235  4.093688E-01
      1236  1.075942E-01
      1237  1.650455E-01
      1238  2.373687E-01
      1239  3.038661E-01
      1240  4.093688E-01
      1241  2.032571E-01
      1242  1.873747E-01
      1243  2.605122E-01
      1244  1.828405E-01
      1245  3.442470E-01
      1246  2.373108E-01
      1247  6.301632E-01
      1248  4.439201E-01
      1249  7.256258E-02
      1250  2.647513E-01
      1251  7.256258E-02
      1252  2.647513E-01
      1253  6.301632E-01
      1254  4.439201E-01
      1255  3.442470E-01
      1256  2.373108E-01
      1257  2.605122E-01
      1258  1.828405E-01
      1259  2.032571E-01
      1260  1.873747E-01
      1261  4.884436E-03
      1262  2.191688E-02
      1263  6.372619E-02
      1264  1.544964E-01
      1265  4.065904E-01
      1266  4.884436E-03
      1267  2.191688E-02
      1268  6.372619E-02
      1269  1.544964E-01
      1270  4.065904E-01
      1271  1.148488E-01
      1272  1.469095E-01
      1273  1.666113E-01
      1274  1.498179E-01
      1275  2.865777E-01
      1276  3.108139E-01
      1277  9.652426E-01
      1278  9.329278E-01
      1279  1.112905E-01
      1280  7.209485E-01
      1281  1.112905E-01
      1282  7.209485E-01
      1283  9.652426E-01
      1284  9.329278E-01
      1285  2.865777E-01
      1286  3.108139E-01
      1287  1.666113E-01
      1288  1.498179E-01
      1289  1.148488E-01
      1290  1.469095E-01

                                INCREMENT     3


 displacements (vx,vy,vz) for set TIP_TOP and time  0.1750000E+00

      2087  1.356779E-01 -4.366131E-03 -3.677307E+00
      2088  1.356110E-01 -4.306016E-03 -3.667648E+00
      2091  1.353356E-01 -4.183807E-03 -3.658030E+00
      2094  1.351430E-01 -3.420315E-03 -3.649107E+00
      2096  1.351030E-01 -1.364995E-03 -3.643320E+00
      2098  1.350738E-01  5.727005E-15 -3.642967E+00
      2100  1.351030E-01  1.364995E-03 -3.643320E+00
      2103  1.351430E-01  3.420315E-03 -3.649107E+00
      2106  1.353356E-01  4.183807E-03 -3.658030E+00
      2109  1.356110E-01  4.306016E-03 -3.667648E+00
      2112  1.356779E-01  4.366131E-03 -3.677307E+00

 forces (fx,fy,fz) for set CLAMP and time  0.1750000E+00

         1  5.837817E+03  7.029456E+03  2.330923E+03
         4  1.048812E+04  2.230578E-09  4.655138E+03
         5  8.307860E+03  1.093458E+04  3.375077E+02
         8  1.465196E+04  1.011859E-09  6.867782E+02
         9  5.555058E+03  7.185704E+03 -1.452174E+02
        12  9.729431E+03  5.269693E-11 -2.786576E+02
        13  2.890153E+03  3.677733E+03 -4.628572E+02
        16  5.049863E+03  2.384297E-10 -9.116619E+02
        17  1.784238E+02  1.403509E+02 -5.383463E+02
        20  2.962923E+02  1.069730E-08 -1.067706E+03
        21 -1.763161E+03 -1.197465E+03 -1.632955E+03
        24 -2.154901E+03  2.289500E-09 -5.953353E+02
        26  5.837817E+03 -7.029456E+03  2.330923E+03
        28  8.307860E+03 -1.093458E+04  3.375077E+02
        30  5.555058E+03 -7.185704E+03 -1.452174E+02
        32  2.890153E+03 -3.677733E+03 -4.628572E+02
        34  1.784238E+02 -1.403509E+02 -5.383463E+02
        36 -1.763161E+03  1.197465E+03 -1.632955E+03
        37 -1.205211E+03 -7.326439E+02 -1.664759E+03
        40 -1.439838E+03 -2.276327E+02 -2.887252E+03
        41 -3.017626E+03 -1.677117E+03 -4.333299E+02
        44 -4.322980E+03 -5.030837E+02 -8.382091E+02
        45 -2.100515E+03 -9.482466E+02  1.995263E+03
        48 -3.459995E+03 -2.761736E+02  3.647595E+03
        50 -1.219740E+03 -2.149372E+02 -2.650469E+03
        52 -4.105263E+03 -4.550852E+02 -8.450248E+02
        54 -3.481665E+03 -2.401058E+02  3.489758E+03
        56 -1.185585E+03 -1.585405E+02 -2.630379E+03
        58 -4.134505E+03 -3.113376E+02 -8.251756E+02
        60 -3.563573E+03 -1.559817E+02  3.511075E+03
        62 -2.881721E+03 -1.201416E+02 -5.071113E+02
        64 -2.480517E+03 -5.479798E+01  2.438130E+03
        66 -1.545549E+03  7.086207E-10 -2.570042E+02
        68 -1.330041E+03 -7.287952E-10  1.311456E+03
        70 -2.881721E+03  1.201416E+02 -5.071113E+02
        72 -2.480517E+03  5.479798E+01  2.438130E+03
        74 -1.185585E+03  1.585405E+02 -2.630379E+03
        76 -4.134505E+03  3.113376E+02 -8.251756E+02
        78 -3.563573E+03  1.559817E+02  3.511075E+03
        80 -1.219740E+03  2.149372E+02 -2.650469E+03
        82 -4.105263E+03  4.550852E+02 -8.450248E+02
        84 -3.481665E+03  2.401058E+02  3.489758E+03
        86 -1.439838E+03  2.276327E+02 -2.887252E+03
        88 -4.322980E+03  5.030837E+02 -8.382091E+02
        90 -3.459995E+03  2.761736E+02  3.647595E+03
        92 -1.205211E+03  7.326439E+02 -1.664759E+03
        94 -3.017626E+03  1.677117E+03 -4.333299E+02
        96 -2.100515E+03  9.482466E+02  1.995263E+03

 internal energy (element, energy) for set EALL and time  0.1750000E+00

         1  9.389340E+01
         2  4.415138E+01
         3  1.662308E+01
         4  2.817895E+00
         5  2.343233E+00
         6  9.389340E+01
         7  4.415138E+01
         8  1.662308E+01
         9  2.817895E+00
        10  2.343233E+00
        11  7.614733E+00
        12  1.157912E+01
        13  6.167625E+00
        14  9.967520E+00
        15  5.830032E+00
        16  9.688401E+00
        17  5.965986E+00
        18  9.788068E+00
        19  2.213772E+00
        20  3.606017E+00
        21  2.213772E+00
        22  3.606017E+00
        23  5.965986E+00
        24  9.788068E+00
        25  5.830032E+00
        26  9.688401E+00
        27  6.167625E+00
        28  9.967520E+00
        29  7.614733E+00
        30  1.157912E+01
        31  1.166395E+02
        32  6.500999E+01
        33  2.484207E+01
        34  4.560144E+00
        35  4.004934E+00
        36  1.166395E+02
        37  6.500999E+01
        38  2.484207E+01
        39  4.560144E+00
        40  4.004934E+00
        41  8.273887E+00
        42  1.243057E+01
        43  8.941870E+00
        44  1.321368E+01
        45  8.913503E+00
        46  1.316664E+01
        47  8.997911E+00
        48  1.325457E+01
        49  3.282977E+00
        50  4.845415E+00
        51  3.282977E+00
        52  4.845415E+00
        53  8.997911E+00
        54  1.325457E+01
        55  8.913503E+00
        56  1.316664E+01
        57  8.941870E+00
        58  1.321368E+01
        59  8.273887E+00
        60  1.243057E+01
        61  1.229378E+02
        62  6.697337E+01
        63  2.674981E+01
        64  5.203726E+00
        65  4.300784E+00
        66  1.229378E+02
        67  6.697337E+01
        68  2.674981E+01
        69  5.203726E+00
        70  4.300784E+00
        71  8.599529E+00
        72  1.288921E+01
        73  9.191036E+00
        74  1.362576E+01
        75  9.543221E+00
        76  1.410705E+01
        77  9.631559E+00
        78  1.430055E+01
        79  3.487156E+00
        80  5.210951E+00
        81  3.487156E+00
        82  5.210951E+00
        83  9.631559E+00
        84  1.430055E+01
        85  9.543221E+00
        86  1.410705E+01
        87  9.191036E+00
        88  1.362576E+01
        89  8.599529E+00
        90  1.288921E+01
        91  1.233452E+02
        92  6.531425E+01
        93  2.581594E+01
        94  5.079792E+00
        95  3.939881E+00
        96  1.233452E+02
        97  6.531425E+01
        98  2.581594E+01
        99  5.079792E+00
       100  3.939881E+00
       101  8.738290E+00
       102  1.325304E+01
       103  8.913360E+00
       104  1.349081E+01
       105  9.099431E+00
       106  1.373516E+01
       107  9.206148E+00
       108  1.385061E+01
       109  3.348317E+00
       110  5.035149E+00
       111  3.348317E+00
       112  5.035149E+00
       113  9.206148E+00
       114  1.385061E+01
       115  9.099431E+00
       116  1.373516E+01
       117  8.913360E+00
       118  1.349081E+01
       119  8.738290E+00
       120  1.325304E+01
       121  1.196422E+02
       122  6.299325E+01
       123  2.475012E+01
       124  4.871523E+00
       125  3.549898E+00
       126  1.196422E+02
       127  6.299325E+01
       128  2.475012E+01
       129  4.871523E+00
       130  3.549898E+00
       131  8.431417E+00
       132  1.303020E+01
       133  8.471319E+00
       134  1.305661E+01
       135  8.532159E+00
       136  1.309979E+01
       137  8.590492E+00
       138  1.312743E+01
       139  3.127431E+00
       140  4.771332E+00
       141  3.127431E+00
       142  4.771332E+00
       143  8.590492E+00
       144  1.312743E+01
       145  8.532159E+00
       146  1.309979E+01
       147  8.471319E+00
       148  1.305661E+01
       149  8.431417E+00
       150  1.303020E+01
       151  1.155940E+02
       152  6.092540E+01
       153  2.400325E+01
       154  4.776625E+00
       155  3.253939E+00
       156  1.155940E+02
       157  6.092540E+01
       158  2.400325E+01
       159  4.776625E+00
       160  3.253939E+00
       161  8.058332E+00
       162  1.258908E+01
       163  8.067157E+00
       164  1.256738E+01
       165  8.092049E+00
       166  1.256342E+01
       167  8.130653E+00
       168  1.257145E+01
       169  2.958972E+00
       170  4.568371E+00
       171  2.958972E+00
       172  4.568371E+00
       173  8.130653E+00
       174  1.257145E+01
       175  8.092049E+00
       176  1.256342E+01
       177  8.067157E+00
       178  1.256738E+01
       179  8.058332E+00
       180  1.258908E+01
       181  1.113799E+02
       182  5.887836E+01
       183  2.333698E+01
       184  4.724097E+00
       185  3.005728E+00
       186  1.113799E+02
       187  5.887836E+01
       188  2.333698E+01
       189  4.724097E+00
       190  3.005728E+00
       191  7.660969E+00
       192  1.208355E+01
       193  7.669609E+00
       194  1.207238E+01
       195  7.688488E+00
       196  1.207436E+01
       197  7.725583E+00
       198  1.208907E+01
       199  2.811466E+00
       200  4.394220E+00
       201  2.811466E+00
       202  4.394220E+00
       203  7.725583E+00
       204  1.208907E+01
       205  7.688488E+00
       206  1.207436E+01
       207  7.669609E+00
       208  1.207238E+01
       209  7.660969E+00
       210  1.208355E+01
       211  1.071821E+02
       212  5.684811E+01
       213  2.269051E+01
       214  4.681082E+00
       215  2.782115E+00
       216  1.071821E+02
       217  5.684811E+01
       218  2.269051E+01
       219  4.681082E+00
       220  2.782115E+00
       221  7.271681E+00
       222  1.158552E+01
       223  7.283177E+00
       224  1.158893E+01
       225  7.303453E+00
       226  1.160400E+01
       227  7.342676E+00
       228  1.162750E+01
       229  2.672102E+00
       230  4.227325E+00
       231  2.672102E+00
       232  4.227325E+00
       233  7.342676E+00
       234  1.162750E+01
       235  7.303453E+00
       236  1.160400E+01
       237  7.283177E+00
       238  1.158893E+01
       239  7.271681E+00
       240  1.158552E+01
       241  1.030280E+02
       242  5.482792E+01
       243  2.204068E+01
       244  4.635741E+00
       245  2.575934E+00
       246  1.030280E+02
       247  5.482792E+01
       248  2.204068E+01
       249  4.635741E+00
       250  2.575934E+00
       251  6.893567E+00
       252  1.110790E+01
       253  6.906552E+00
       254  1.111952E+01
       255  6.928340E+00
       256  1.114307E+01
       257  6.969760E+00
       258  1.117231E+01
       259  2.536345E+00
       260  4.062216E+00
       261  2.536345E+00
       262  4.062216E+00
       263  6.969760E+00
       264  1.117231E+01
       265  6.928340E+00
       266  1.114307E+01
       267  6.906552E+00
       268  1.111952E+01
       269  6.893567E+00
       270  1.110790E+01
       271  9.892129E+01
       272  5.281693E+01
       273  2.138334E+01
       274  4.585381E+00
       275  2.385001E+00
       276  9.892129E+01
       277  5.281693E+01
       278  2.138334E+01
       279  4.585381E+00
       280  2.385001E+00
       281  6.526239E+00
       282  1.064707E+01
       283  6.539711E+00
       284  1.066231E+01
       285  6.562389E+00
       286  1.069016E+01
       287  6.605693E+00
       288  1.072252E+01
       289  2.403811E+00
       290  3.898716E+00
       291  2.403811E+00
       292  3.898716E+00
       293  6.605693E+00
       294  1.072252E+01
       295  6.562389E+00
       296  1.069016E+01
       297  6.539711E+00
       298  1.066231E+01
       299  6.526239E+00
       300  1.064707E+01
       301  9.485950E+01
       302  5.081515E+01
       303  2.071862E+01
       304  4.529803E+00
       305  2.208713E+00
       306  9.485950E+01
       307  5.081515E+01
       308  2.071862E+01
       309  4.529803E+00
       310  2.208713E+00
       311  6.168821E+00
       312  1.019826E+01
       313  6.182535E+00
       314  1.021498E+01
       315  6.205862E+00
       316  1.024498E+01
       317  6.251015E+00
       318  1.027907E+01
       319  2.274707E+00
       320  3.737311E+00
       321  2.274707E+00
       322  3.737311E+00
       323  6.251015E+00
       324  1.027907E+01
       325  6.205862E+00
       326  1.024498E+01
       327  6.182535E+00
       328  1.021498E+01
       329  6.168821E+00
       330  1.019826E+01
       331  9.084111E+01
       332  4.882267E+01
       333  2.004703E+01
       334  4.469034E+00
       335  2.046537E+00
       336  9.084111E+01
       337  4.882267E+01
       338  2.004703E+01
       339  4.469034E+00
       340  2.046537E+00
       341  5.821042E+00
       342  9.758297E+00
       343  5.835061E+00
       344  9.775713E+00
       345  5.859060E+00
       346  9.806985E+00
       347  5.906184E+00
       348  9.842259E+00
       349  2.149197E+00
       350  3.578224E+00
       351  2.149197E+00
       352  3.578224E+00
       353  5.906184E+00
       354  9.842259E+00
       355  5.859060E+00
       356  9.806985E+00
       357  5.835061E+00
       358  9.775713E+00
       359  5.821042E+00
       360  9.758297E+00
       361  8.686520E+01
       362  4.683941E+01
       363  1.936873E+01
       364  4.402951E+00
       365  1.897814E+00
       366  8.686520E+01
       367  4.683941E+01
       368  1.936873E+01
       369  4.402951E+00
       370  1.897814E+00
       371  5.482881E+00
       372  9.325459E+00
       373  5.497311E+00
       374  9.343338E+00
       375  5.522065E+00
       376  9.375641E+00
       377  5.571317E+00
       378  9.411944E+00
       379  2.027315E+00
       380  3.421456E+00
       381  2.027315E+00
       382  3.421456E+00
       383  5.571317E+00
       384  9.411944E+00
       385  5.522065E+00
       386  9.375641E+00
       387  5.497311E+00
       388  9.343338E+00
       389  5.482881E+00
       390  9.325459E+00
       391  8.293085E+01
       392  4.486509E+01
       393  1.868366E+01
       394  4.331350E+00
       395  1.761807E+00
       396  8.293085E+01
       397  4.486509E+01
       398  1.868366E+01
       399  4.331350E+00
       400  1.761807E+00
       401  5.154352E+00
       402  8.898864E+00
       403  5.169262E+00
       404  8.917185E+00
       405  5.194844E+00
       406  8.950516E+00
       407  5.246373E+00
       408  8.987859E+00
       409  1.909038E+00
       410  3.266928E+00
       411  1.909038E+00
       412  3.266928E+00
       413  5.246373E+00
       414  8.987859E+00
       415  5.194844E+00
       416  8.950516E+00
       417  5.169262E+00
       418  8.917185E+00
       419  5.154352E+00
       420  8.898864E+00
       421  7.903714E+01
       422  4.289942E+01
       423  1.799179E+01
       424  4.254030E+00
       425  1.637768E+00
       426  7.903714E+01
       427  4.289942E+01
       428  1.799179E+01
       429  4.254030E+00
       430  1.637768E+00
       431  4.835436E+00
       432  8.478073E+00
       433  4.850863E+00
       434  8.496876E+00
       435  4.877319E+00
       436  8.531306E+00
       437  4.931262E+00
       438  8.569751E+00
       439  1.794331E+00
       440  3.114551E+00
       441  1.794331E+00
       442  3.114551E+00
       443  4.931262E+00
       444  8.569751E+00
       445  4.877319E+00
       446  8.531306E+00
       447  4.850863E+00
       448  8.496876E+00
       449  4.835436E+00
       450  8.478073E+00
       451  7.518332E+01
       452  4.094226E+01
       453  1.729311E+01
       454  4.170811E+00
       455  1.524972E+00
       456  7.518332E+01
       457  4.094226E+01
       458  1.729311E+01
       459  4.170811E+00
       460  1.524972E+00
       461  4.526085E+00
       462  8.062858E+00
       463  4.542051E+00
       464  8.082190E+00
       465  4.569413E+00
       466  8.117803E+00
       467  4.625904E+00
       468  8.157413E+00
       469  1.683163E+00
       470  2.964247E+00
       471  1.683163E+00
       472  2.964247E+00
       473  4.625904E+00
       474  8.157413E+00
       475  4.569413E+00
       476  8.117803E+00
       477  4.542051E+00
       478  8.082190E+00
       479  4.526085E+00
       480  8.062858E+00
       481  7.136896E+01
       482  3.899359E+01
       483  1.658771E+01
       484  4.081538E+00
       485  1.422723E+00
       486  7.136896E+01
       487  3.899359E+01
       488  1.658771E+01
       489  4.081538E+00
       490  1.422723E+00
       491  4.226249E+00
       492  7.653092E+00
       493  4.242770E+00
       494  7.672990E+00
       495  4.271064E+00
       496  7.709859E+00
       497  4.330237E+00
       498  7.750686E+00
       499  1.575509E+00
       500  2.815953E+00
       501  1.575509E+00
       502  2.815953E+00
       503  4.330237E+00
       504  7.750686E+00
       505  4.271064E+00
       506  7.709859E+00
       507  4.242770E+00
       508  7.672990E+00
       509  4.226249E+00
       510  7.653092E+00
       511  6.759407E+01
       512  3.705365E+01
       513  1.587577E+01
       514  3.986082E+00
       515  1.330352E+00
       516  6.759407E+01
       517  3.705365E+01
       518  1.587577E+01
       519  3.986082E+00
       520  1.330352E+00
       521  3.935887E+00
       522  7.248698E+00
       523  3.952978E+00
       524  7.269188E+00
       525  3.982231E+00
       526  7.307371E+00
       527  4.044228E+00
       528  7.349454E+00
       529  1.471359E+00
       530  2.669620E+00
       531  1.471359E+00
       532  2.669620E+00
       533  4.044228E+00
       534  7.349454E+00
       535  3.982231E+00
       536  7.307371E+00
       537  3.952978E+00
       538  7.269188E+00
       539  3.935887E+00
       540  7.248698E+00
       541  6.385911E+01
       542  3.512289E+01
       543  1.515754E+01
       544  3.884340E+00
       545  1.247219E+00
       546  6.385911E+01
       547  3.512289E+01
       548  1.515754E+01
       549  3.884340E+00
       550  1.247219E+00
       551  3.654977E+00
       552  6.849634E+00
       553  3.672655E+00
       554  6.870729E+00
       555  3.702893E+00
       556  6.910274E+00
       557  3.767865E+00
       558  6.953640E+00
       559  1.370707E+00
       560  2.525218E+00
       561  1.370707E+00
       562  2.525218E+00
       563  3.767865E+00
       564  6.953640E+00
       565  3.702893E+00
       566  6.910274E+00
       567  3.672655E+00
       568  6.870729E+00
       569  3.654977E+00
       570  6.849634E+00
       571  6.016505E+01
       572  3.320205E+01
       573  1.443341E+01
       574  3.776245E+00
       575  1.172709E+00
       576  6.016505E+01
       577  3.320205E+01
       578  1.443341E+01
       579  3.776245E+00
       580  1.172709E+00
       581  3.383520E+00
       582  6.455886E+00
       583  3.401805E+00
       584  6.477593E+00
       585  3.433055E+00
       586  6.518538E+00
       587  3.501159E+00
       588  6.563208E+00
       589  1.273557E+00
       590  2.382727E+00
       591  1.273557E+00
       592  2.382727E+00
       593  3.501159E+00
       594  6.563208E+00
       595  3.433055E+00
       596  6.518538E+00
       597  3.401805E+00
       598  6.477593E+00
       599  3.383520E+00
       600  6.455886E+00
       601  5.651335E+01
       602  3.129212E+01
       603  1.370390E+01
       604  3.661767E+00
       605  1.106230E+00
       606  5.651335E+01
       607  3.129212E+01
       608  1.370390E+01
       609  3.661767E+00
       610  1.106230E+00
       611  3.121541E+00
       612  6.067475E+00
       613  3.140451E+00
       614  6.089796E+00
       615  3.172739E+00
       616  6.132178E+00
       617  3.244145E+00
       618  6.178166E+00
       619  1.179921E+00
       620  2.242145E+00
       621  1.179921E+00
       622  2.242145E+00
       623  3.244145E+00
       624  6.178166E+00
       625  3.172739E+00
       626  6.132178E+00
       627  3.140451E+00
       628  6.089796E+00
       629  3.121541E+00
       630  6.067475E+00
       631  5.290605E+01
       632  2.939445E+01
       633  1.296965E+01
       634  3.540920E+00
       635  1.047209E+00
       636  5.290605E+01
       637  2.939445E+01
       638  1.296965E+01
       639  3.540920E+00
       640  1.047209E+00
       641  2.869086E+00
       642  5.684457E+00
       643  2.888640E+00
       644  5.707393E+00
       645  2.921991E+00
       646  5.751249E+00
       647  2.996875E+00
       648  5.798567E+00
       649  1.089818E+00
       650  2.103488E+00
       651  1.089818E+00
       652  2.103488E+00
       653  2.996875E+00
       654  5.798567E+00
       655  2.921991E+00
       656  5.751249E+00
       657  2.888640E+00
       658  5.707393E+00
       659  2.869086E+00
       660  5.684457E+00
       661  4.934577E+01
       662  2.751069E+01
       663  1.223147E+01
       664  3.413774E+00
       665  9.950955E-01
       666  4.934577E+01
       667  2.751069E+01
       668  1.223147E+01
       669  3.413774E+00
       670  9.950955E-01
       671  2.626223E+00
       672  5.306921E+00
       673  2.646437E+00
       674  5.330481E+00
       675  2.680874E+00
       676  5.375855E+00
       677  2.759424E+00
       678  5.424517E+00
       679  1.003275E+00
       680  1.966791E+00
       681  1.003275E+00
       682  1.966791E+00
       683  2.759424E+00
       684  5.424517E+00
       685  2.680874E+00
       686  5.375855E+00
       687  2.646437E+00
       688  5.330481E+00
       689  2.626223E+00
       690  5.306921E+00
       691  4.583581E+01
       692  2.564290E+01
       693  1.149035E+01
       694  3.280451E+00
       695  9.493584E-01
       696  4.583581E+01
       697  2.564290E+01
       698  1.149035E+01
       699  3.280451E+00
       700  9.493584E-01
       701  2.393042E+00
       702  4.934993E+00
       703  2.413927E+00
       704  4.959199E+00
       705  2.449471E+00
       706  5.006153E+00
       707  2.531886E+00
       708  5.056181E+00
       709  9.203250E-01
       710  1.832107E+00
       711  9.203250E-01
       712  1.832107E+00
       713  2.531886E+00
       714  5.056181E+00
       715  2.449471E+00
       716  5.006153E+00
       717  2.413927E+00
       718  4.959199E+00
       719  2.393042E+00
       720  4.934993E+00
       721  4.238016E+01
       722  2.379353E+01
       723  1.074747E+01
       724  3.141145E+00
       725  9.094860E-01
       726  4.238016E+01
       727  2.379353E+01
       728  1.074747E+01
       729  3.141145E+00
       730  9.094860E-01
       731  2.169646E+00
       732  4.568833E+00
       733  2.191211E+00
       734  4.593736E+00
       735  2.227879E+00
       736  4.642362E+00
       737  2.314374E+00
       738  4.693794E+00
       739  8.410123E-01
       740  1.699521E+00
       741  8.410123E-01
       742  1.699521E+00
       743  2.314374E+00
       744  4.693794E+00
       745  2.227879E+00
       746  4.642362E+00
       747  2.191211E+00
       748  4.593736E+00
       749  2.169646E+00
       750  4.568833E+00
       751  3.898364E+01
       752  2.196550E+01
       753  1.000423E+01
       754  2.996122E+00
       755  8.749898E-01
       756  3.898364E+01
       757  2.196550E+01
       758  1.000423E+01
       759  2.996122E+00
       760  8.749898E-01
       761  1.956149E+00
       762  4.208645E+00
       763  1.978398E+00
       764  4.234337E+00
       765  2.016212E+00
       766  4.284777E+00
       767  2.107023E+00
       768  4.337676E+00
       769  7.653898E-01
       770  1.569145E+00
       771  7.653898E-01
       772  1.569145E+00
       773  2.107023E+00
       774  4.337676E+00
       775  2.016212E+00
       776  4.284777E+00
       777  1.978398E+00
       778  4.234337E+00
       779  1.956149E+00
       780  4.208645E+00
       781  3.565191E+01
       782  2.016224E+01
       783  9.262284E+00
       784  2.845736E+00
       785  8.454100E-01
       786  3.565191E+01
       787  2.016224E+01
       788  9.262284E+00
       789  2.845736E+00
       790  8.454100E-01
       791  1.752665E+00
       792  3.854703E+00
       793  1.775600E+00
       794  3.881326E+00
       795  1.814593E+00
       796  3.933785E+00
       797  1.909993E+00
       798  3.988257E+00
       799  6.935236E-01
       800  1.441133E+00
       801  6.935236E-01
       802  1.441133E+00
       803  1.909993E+00
       804  3.988257E+00
       805  1.814593E+00
       806  3.933785E+00
       807  1.775600E+00
       808  3.881326E+00
       809  1.752665E+00
       810  3.854703E+00
       811  3.239159E+01
       812  1.838770E+01
       813  8.523539E+00
       814  2.690447E+00
       815  8.203270E-01
       816  3.239159E+01
       817  1.838770E+01
       818  8.523539E+00
       819  2.690447E+00
       820  8.203270E-01
       821  1.559293E+00
       822  3.507395E+00
       823  1.582924E+00
       824  3.535146E+00
       825  1.623153E+00
       826  3.589900E+00
       827  1.723473E+00
       828  3.646099E+00
       829  6.254944E-01
       830  1.315685E+00
       831  6.254944E-01
       832  1.315685E+00
       833  1.723473E+00
       834  3.646099E+00
       835  1.623153E+00
       836  3.589900E+00
       837  1.582924E+00
       838  3.535146E+00
       839  1.559293E+00
       840  3.507395E+00
       841  2.921020E+01
       842  1.664637E+01
       843  7.790193E+00
       844  2.530843E+00
       845  7.993820E-01
       846  2.921020E+01
       847  1.664637E+01
       848  7.790193E+00
       849  2.530843E+00
       850  7.993820E-01
       851  1.376102E+00
       852  3.167317E+00
       853  1.400464E+00
       854  3.196423E+00
       855  1.442034E+00
       856  3.253806E+00
       857  1.547686E+00
       858  3.311929E+00
       859  5.614011E-01
       860  1.193060E+00
       861  5.614011E-01
       862  1.193060E+00
       863  1.547686E+00
       864  3.311929E+00
       865  1.442034E+00
       866  3.253806E+00
       867  1.400464E+00
       868  3.196423E+00
       869  1.376102E+00
       870  3.167317E+00
       871  2.611620E+01
       872  1.494330E+01
       873  7.064758E+00
       874  2.367684E+00
       875  7.823094E-01
       876  2.611620E+01
       877  1.494330E+01
       878  7.064758E+00
       879  2.367684E+00
       880  7.823094E-01
       881  1.203127E+00
       882  2.835414E+00
       883  1.228301E+00
       884  2.866064E+00
       885  1.271388E+00
       886  2.926408E+00
       887  1.382905E+00
       888  2.986674E+00
       889  5.013624E-01
       890  1.073580E+00
       891  5.013624E-01
       892  1.073580E+00
       893  1.382905E+00
       894  2.986674E+00
       895  1.271388E+00
       896  2.926408E+00
       897  1.228301E+00
       898  2.866064E+00
       899  1.203127E+00
       900  2.835414E+00
       901  2.311884E+01
       902  1.328407E+01
       903  6.350095E+00
       904  2.201952E+00
       905  7.689866E-01
       906  2.311884E+01
       907  1.328407E+01
       908  6.350095E+00
       909  2.201952E+00
       910  7.689866E-01
       911  1.040368E+00
       912  2.513176E+00
       913  1.066520E+00
       914  2.545377E+00
       915  1.111406E+00
       916  2.608889E+00
       917  1.229479E+00
       918  2.671475E+00
       919  4.455166E-01
       920  9.576337E-01
       921  4.455166E-01
       922  9.576337E-01
       923  1.229479E+00
       924  2.671475E+00
       925  1.111406E+00
       926  2.608889E+00
       927  1.066520E+00
       928  2.545377E+00
       929  1.040368E+00
       930  2.513176E+00
       931  2.022796E+01
       932  1.167469E+01
       933  5.649450E+00
       934  2.034936E+00
       935  7.595023E-01
       936  2.022796E+01
       937  1.167469E+01
       938  5.649450E+00
       939  2.034936E+00
       940  7.595023E-01
       941  8.878348E-01
       942  2.202857E+00
       943  9.152615E-01
       944  2.236197E+00
       945  9.623600E-01
       946  2.302745E+00
       947  1.087869E+00
       948  2.367689E+00
       949  3.940178E-01
       950  8.456731E-01
       951  3.940178E-01
       952  8.456731E-01
       953  1.087869E+00
       954  2.367689E+00
       955  9.623600E-01
       956  2.302745E+00
       957  9.152615E-01
       958  2.236197E+00
       959  8.878348E-01
       960  2.202857E+00
       961  1.745376E+01
       962  1.012164E+01
       963  4.966524E+00
       964  1.868325E+00
       965  7.542403E-01
       966  1.745376E+01
       967  1.012164E+01
       968  4.966524E+00
       969  1.868325E+00
       970  7.542403E-01
       971  7.456401E-01
       972  1.907674E+00
       973  7.748304E-01
       974  1.940970E+00
       975  8.246933E-01
       976  2.009771E+00
       977  9.587165E-01
       978  2.076828E+00
       979  3.470259E-01
       980  7.381894E-01
       981  3.470259E-01
       982  7.381894E-01
       983  9.587165E-01
       984  2.076828E+00
       985  8.246933E-01
       986  2.009771E+00
       987  7.748304E-01
       988  1.940970E+00
       989  7.456401E-01
       990  1.907674E+00
       991  1.480665E+01
       992  8.631827E+00
       993  4.305567E+00
       994  1.704325E+00
       995  7.539615E-01
       996  1.480665E+01
       997  8.631827E+00
       998  4.305567E+00
       999  1.704325E+00
      1000  7.539615E-01
      1001  6.142325E-01
      1002  1.631882E+00
      1003  6.459249E-01
      1004  1.662715E+00
      1005  6.991944E-01
      1006  1.731925E+00
      1007  8.429348E-01
      1008  1.800400E+00
      1009  3.046861E-01
      1010  6.356623E-01
      1011  3.046861E-01
      1012  6.356623E-01
      1013  8.429348E-01
      1014  1.800400E+00
      1015  6.991944E-01
      1016  1.731925E+00
      1017  6.459249E-01
      1018  1.662715E+00
      1019  6.142325E-01
      1020  1.631882E+00
      1021  1.229746E+01
      1022  7.212859E+00
      1023  3.671541E+00
      1024  1.545741E+00
      1025  7.598386E-01
      1026  1.229746E+01
      1027  7.212859E+00
      1028  3.671541E+00
      1029  1.545741E+00
      1030  7.598386E-01
      1031  4.948943E-01
      1032  1.380658E+00
      1033  5.301042E-01
      1034  1.404819E+00
      1035  5.873158E-01
      1036  1.471043E+00
      1037  7.418406E-01
      1038  1.539609E+00
      1039  2.670930E-01
      1040  5.384607E-01
      1041  2.670930E-01
      1042  5.384607E-01
      1043  7.418406E-01
      1044  1.539609E+00
      1045  5.873158E-01
      1046  1.471043E+00
      1047  5.301042E-01
      1048  1.404819E+00
      1049  4.948943E-01
      1050  1.380658E+00
      1051  9.938238E+00
      1052  5.873597E+00
      1053  3.070439E+00
      1054  1.396055E+00
      1055  7.733377E-01
      1056  9.938238E+00
      1057  5.873597E+00
      1058  3.070439E+00
      1059  1.396055E+00
      1060  7.733377E-01
      1061  3.908023E-01
      1062  1.159807E+00
      1063  4.307617E-01
      1064  1.170746E+00
      1065  4.918093E-01
      1066  1.228459E+00
      1067  6.573923E-01
      1068  1.294925E+00
      1069  2.342318E-01
      1070  4.467063E-01
      1071  2.342318E-01
      1072  4.467063E-01
      1073  6.573923E-01
      1074  1.294925E+00
      1075  4.918093E-01
      1076  1.228459E+00
      1077  4.307617E-01
      1078  1.170746E+00
      1079  3.908023E-01
      1080  1.159807E+00
      1081  7.743739E+00
      1082  4.625336E+00
      1083  2.510107E+00
      1084  1.259484E+00
      1085  7.957567E-01
      1086  7.743739E+00
      1087  4.625336E+00
      1088  2.510107E+00
      1089  1.259484E+00
      1090  7.957567E-01
      1091  3.091414E-01
      1092  9.754501E-01
      1093  3.550354E-01
      1094  9.640349E-01
      1095  4.180121E-01
      1096  1.004993E+00
      1097  5.928239E-01
      1098  1.065978E+00
      1099  2.058901E-01
      1100  3.603003E-01
      1101  2.058901E-01
      1102  3.603003E-01
      1103  5.928239E-01
      1104  1.065978E+00
      1105  4.180121E-01
      1106  1.004993E+00
      1107  3.550354E-01
      1108  9.640349E-01
      1109  3.091414E-01
      1110  9.754501E-01
      1111  5.732925E+00
      1112  3.483886E+00
      1113  2.001898E+00
      1114  1.141219E+00
      1115  8.269807E-01
      1116  5.732925E+00
      1117  3.483886E+00
      1118  2.001898E+00
      1119  1.141219E+00
      1120  8.269807E-01
      1121  2.643353E-01
      1122  8.339635E-01
      1123  3.170099E-01
      1124  7.895240E-01
      1125  3.763775E-01
      1126  8.026818E-01
      1127  5.546724E-01
      1128  8.532330E-01
      1129  1.816118E-01
      1130  2.797552E-01
      1131  1.816118E-01
      1132  2.797552E-01
      1133  5.546724E-01
      1134  8.532330E-01
      1135  3.763775E-01
      1136  8.026818E-01
      1137  3.170099E-01
      1138  7.895240E-01
      1139  2.643353E-01
      1140  8.339635E-01
      1141  3.929937E+00
      1142  2.472457E+00
      1143  1.562437E+00
      1144  1.046746E+00
      1145  8.639494E-01
      1146  3.929937E+00
      1147  2.472457E+00
      1148  1.562437E+00
      1149  1.046746E+00
      1150  8.639494E-01
      1151  2.804520E-01
      1152  7.404088E-01
      1153  3.406865E-01
      1154  6.565264E-01
      1155  3.864485E-01
      1156  6.310462E-01
      1157  5.583294E-01
      1158  6.660835E-01
      1159  1.606768E-01
      1160  2.102616E-01
      1161  1.606768E-01
      1162  2.102616E-01
      1163  5.583294E-01
      1164  6.660835E-01
      1165  3.864485E-01
      1166  6.310462E-01
      1167  3.406865E-01
      1168  6.565264E-01
      1169  2.804520E-01
      1170  7.404088E-01
      1171  2.370886E+00
      1172  1.623055E+00
      1173  1.211815E+00
      1174  9.775585E-01
      1175  8.997225E-01
      1176  2.370886E+00
      1177  1.623055E+00
      1178  1.211815E+00
      1179  9.775585E-01
      1180  8.997225E-01
      1181  3.785713E-01
      1182  6.920436E-01
      1183  4.523742E-01
      1184  5.806443E-01
      1185  4.806264E-01
      1186  5.198454E-01
      1187  6.455625E-01
      1188  5.426030E-01
      1189  1.447072E-01
      1190  1.725593E-01
      1191  1.447072E-01
      1192  1.725593E-01
      1193  6.455625E-01
      1194  5.426030E-01
      1195  4.806264E-01
      1196  5.198454E-01
      1197  4.523742E-01
      1198  5.806443E-01
      1199  3.785713E-01
      1200  6.920436E-01
      1201  1.132117E+00
      1202  9.783833E-01
      1203  9.594207E-01
      1204  9.397733E-01
      1205  9.514927E-01
      1206  1.132117E+00
      1207  9.783833E-01
      1208  9.594207E-01
      1209  9.397733E-01
      1210  9.514927E-01
      1211  5.293830E-01
      1212  6.515597E-01
      1213  6.416530E-01
      1214  5.617895E-01
      1215  6.948251E-01
      1216  5.320232E-01
      1217  9.345118E-01
      1218  6.139709E-01
      1219  1.414767E-01
      1220  2.438934E-01
      1221  1.414767E-01
      1222  2.438934E-01
      1223  9.345118E-01
      1224  6.139709E-01
      1225  6.948251E-01
      1226  5.320232E-01
      1227  6.416530E-01
      1228  5.617895E-01
      1229  5.293830E-01
      1230  6.515597E-01
      1231  3.296736E-01
      1232  5.056330E-01
      1233  7.271300E-01
      1234  9.307254E-01
      1235  1.253771E+00
      1236  3.296736E-01
      1237  5.056330E-01
      1238  7.271300E-01
      1239  9.307254E-01
      1240  1.253771E+00
      1241  6.226079E-01
      1242  5.744430E-01
      1243  7.980183E-01
      1244  5.605220E-01
      1245  1.054563E+00
      1246  7.272674E-01
      1247  1.930289E+00
      1248  1.360015E+00
      1249  2.222863E-01
      1250  8.109538E-01
      1251  2.222863E-01
      1252  8.109538E-01
      1253  1.930289E+00
      1254  1.360015E+00
      1255  1.054563E+00
      1256  7.272674E-01
      1257  7.980183E-01
      1258  5.605220E-01
      1259  6.226079E-01
      1260  5.744430E-01
      1261  1.497086E-02
      1262  6.716594E-02
      1263  1.952773E-01
      1264  4.733871E-01
      1265  1.245649E+00
      1266  1.497086E-02
      1267  6.716594E-02
      1268  1.952773E-01
      1269  4.733871E-01
      1270  1.245649E+00
      1271  3.519002E-01
      1272  4.504254E-01
      1273  5.104274E-01
      1274  4.591522E-01
      1275  8.778886E-01
      1276  9.522415E-01
      1277  2.956762E+00
      1278  2.857810E+00
      1279  3.409270E-01
      1280  2.208495E+00
      1281  3.409270E-01
      1282  2.208495E+00
      1283  2.956762E+00
      1284  2.857810E+00
      1285  8.778886E-01
      1286  9.522415E-01
      1287  5.104274E-01
      1288  4.591522E-01
      1289  3.519002E-01
      1290  4.504254E-01

                                INCREMENT     4


 displacements (vx,vy,vz) for set TIP_TOP and time  0.2750000E+00

      2087  2.091350E-01 -6.856451E-03 -5.778559E+00
      2088  2.090586E-01 -6.763795E-03 -5.763379E+00
      2091  2.086556E-01 -6.573404E-03 -5.748261E+00
      2094  2.083804E-01 -5.374912E-03 -5.734237E+00
      2096  2.083360E-01 -2.145315E-03 -5.725142E+00
      2098  2.082917E-01  2.890418E-14 -5.724587E+00
      2100  2.083360E-01  2.145315E-03 -5.725142E+00
      2103  2.083804E-01  5.374912E-03 -5.734237E+00
      2106  2.086556E-01  6.573404E-03 -5.748261E+00
      2109  2.090586E-01  6.763795E-03 -5.763379E+00
      2112  2.091350E-01  6.856451E-03 -5.778559E+00

 forces (fx,fy,fz) for set CLAMP and time  0.2750000E+00

         1  9.174305E+03  1.104459E+04  3.662138E+03
         4  1.648190E+04  1.518177E-09  7.313779E+03
         5  1.305564E+04  1.718061E+04  5.298044E+02
         8  2.302457E+04 -2.223068E-09  1.078161E+03
         9  8.729482E+03  1.129053E+04 -2.287184E+02
        12  1.528894E+04 -7.301332E-11 -4.388882E+02
        13  4.541567E+03  5.778617E+03 -7.276912E+02
        16  7.935169E+03 -3.368747E-10 -1.433278E+03
        17  2.802443E+02  2.201840E+02 -8.461206E+02
        20  4.652919E+02 -2.547018E-11 -1.678116E+03
        21 -2.770624E+03 -1.881947E+03 -2.566181E+03
        24 -3.386345E+03 -2.474380E-09 -9.355902E+02
        26  9.174305E+03 -1.104459E+04  3.662138E+03
        28  1.305564E+04 -1.718061E+04  5.298044E+02
        30  8.729482E+03 -1.129053E+04 -2.287184E+02
        32  4.541567E+03 -5.778617E+03 -7.276912E+02
        34  2.802443E+02 -2.201840E+02 -8.461206E+02
        36 -2.770624E+03  1.881947E+03 -2.566181E+03
        37 -1.891715E+03 -1.151177E+03 -2.615369E+03
        40 -2.259154E+03 -3.579626E+02 -4.536090E+03
        41 -4.741932E+03 -2.635631E+03 -6.816173E+02
        44 -6.793450E+03 -7.905606E+02 -1.318355E+03
        45 -3.302869E+03 -1.490385E+03  3.136479E+03
        48 -5.440628E+03 -4.337338E+02  5.733714E+03
        50 -1.914699E+03 -3.379964E+02 -4.164507E+03
        52 -6.451344E+03 -7.151059E+02 -1.328588E+03
        54 -5.473282E+03 -3.770428E+02  5.485158E+03
        56 -1.862259E+03 -2.492963E+02 -4.133384E+03
        58 -6.497286E+03 -4.892054E+02 -1.297007E+03
        60 -5.600745E+03 -2.449121E+02  5.518199E+03
        62 -4.528541E+03 -1.887719E+02 -7.969753E+02
        64 -3.898050E+03 -8.603330E+01  3.831711E+03
        66 -2.428798E+03  8.683559E-12 -4.038975E+02
        68 -2.090041E+03  1.803686E-10  2.061024E+03
        70 -4.528541E+03  1.887719E+02 -7.969753E+02
        72 -3.898050E+03  8.603330E+01  3.831711E+03
        74 -1.862259E+03  2.492963E+02 -4.133384E+03
        76 -6.497286E+03  4.892054E+02 -1.297007E+03
        78 -5.600745E+03  2.449121E+02  5.518199E+03
        80 -1.914699E+03  3.379964E+02 -4.164507E+03
        82 -6.451344E+03  7.151059E+02 -1.328588E+03
        84 -5.473282E+03  3.770428E+02  5.485158E+03
        86 -2.259154E+03  3.579626E+02 -4.536090E+03
        88 -6.793450E+03  7.905606E+02 -1.318355E+03
        90 -5.440628E+03  4.337338E+02  5.733714E+03
        92 -1.891715E+03  1.151177E+03 -2.615369E+03
        94 -4.741932E+03  2.635631E+03 -6.816173E+02
        96 -3.302869E+03  1.490385E+03  3.136479E+03

 internal energy (element, energy) for set EALL and time  0.2750000E+00

         1  2.318400E+02
         2  1.090159E+02
         3  4.104342E+01
         4  6.957066E+00
         5  5.787145E+00
         6  2.318400E+02
         7  1.090159E+02
         8  4.104342E+01
         9  6.957066E+00
        10  5.787145E+00
        11  1.880138E+01
        12  2.860449E+01
        13  1.522987E+01
        14  2.462150E+01
        15  1.439715E+01
        16  2.392922E+01
        17  1.473328E+01
        18  2.417328E+01
        19  5.467127E+00
        20  8.905417E+00
        21  5.467127E+00
        22  8.905417E+00
        23  1.473328E+01
        24  2.417328E+01
        25  1.439715E+01
        26  2.392922E+01
        27  1.522987E+01
        28  2.462150E+01
        29  1.880138E+01
        30  2.860449E+01
        31  2.880100E+02
        32  1.605148E+02
        33  6.133189E+01
        34  1.125673E+01
        35  9.891824E+00
        36  2.880100E+02
        37  1.605148E+02
        38  6.133189E+01
        39  1.125673E+01
        40  9.891824E+00
        41  2.043392E+01
        42  3.069867E+01
        43  2.208383E+01
        44  3.263170E+01
        45  2.201371E+01
        46  3.251548E+01
        47  2.222189E+01
        48  3.273317E+01
        49  8.107849E+00
        50  1.196636E+01
        51  8.107849E+00
        52  1.196636E+01
        53  2.222189E+01
        54  3.273317E+01
        55  2.201371E+01
        56  3.251548E+01
        57  2.208383E+01
        58  3.263170E+01
        59  2.043392E+01
        60  3.069867E+01
        61  3.035657E+02
        62  1.653622E+02
        63  6.603995E+01
        64  1.284458E+01
        65  1.062274E+01
        66  3.035657E+02
        67  1.653622E+02
        68  6.603995E+01
        69  1.284458E+01
        70  1.062274E+01
        71  2.123939E+01
        72  3.182812E+01
        73  2.269967E+01
        74  3.364745E+01
        75  2.356922E+01
        76  3.483680E+01
        77  2.378768E+01
        78  3.531586E+01
        79  8.612190E+00
        80  1.286906E+01
        81  8.612190E+00
        82  1.286906E+01
        83  2.378768E+01
        84  3.531586E+01
        85  2.356922E+01
        86  3.483680E+01
        87  2.269967E+01
        88  3.364745E+01
        89  2.123939E+01
        90  3.182812E+01
        91  3.045692E+02
        92  1.612644E+02
        93  6.373358E+01
        94  1.253826E+01
        95  9.731290E+00
        96  3.045692E+02
        97  1.612644E+02
        98  6.373358E+01
        99  1.253826E+01
       100  9.731290E+00
       101  2.158243E+01
       102  3.272656E+01
       103  2.201418E+01
       104  3.331429E+01
       105  2.247342E+01
       106  3.391862E+01
       107  2.273725E+01
       108  3.420469E+01
       109  8.269375E+00
       110  1.243477E+01
       111  8.269375E+00
       112  1.243477E+01
       113  2.273725E+01
       114  3.420469E+01
       115  2.247342E+01
       116  3.391862E+01
       117  2.201418E+01
       118  3.331429E+01
       119  2.158243E+01
       120  3.272656E+01
       121  2.954229E+02
       122  1.555327E+02
       123  6.110211E+01
       124  1.202415E+01
       125  8.767984E+00
       126  2.954229E+02
       127  1.555327E+02
       128  6.110211E+01
       129  1.202415E+01
       130  8.767984E+00
       131  2.082458E+01
       132  3.217740E+01
       133  2.092257E+01
       134  3.224289E+01
       135  2.107250E+01
       136  3.235007E+01
       137  2.121653E+01
       138  3.241887E+01
       139  7.723892E+00
       140  1.178317E+01
       141  7.723892E+00
       142  1.178317E+01
       143  2.121653E+01
       144  3.241887E+01
       145  2.107250E+01
       146  3.235007E+01
       147  2.092257E+01
       148  3.224289E+01
       149  2.082458E+01
       150  3.217740E+01
       151  2.854247E+02
       152  1.504264E+02
       153  5.925820E+01
       154  1.178997E+01
       155  8.036917E+00
       156  2.854247E+02
       157  1.504264E+02
       158  5.925820E+01
       159  1.178997E+01
       160  8.036917E+00
       161  1.990317E+01
       162  3.108935E+01
       163  1.992442E+01
       164  3.103563E+01
       165  1.998554E+01
       166  3.102596E+01
       167  2.008065E+01
       168  3.104596E+01
       169  7.307874E+00
       170  1.128192E+01
       171  7.307874E+00
       172  1.128192E+01
       173  2.008065E+01
       174  3.104596E+01
       175  1.998554E+01
       176  3.102596E+01
       177  1.992442E+01
       178  3.103563E+01
       179  1.990317E+01
       180  3.108935E+01
       181  2.750182E+02
       182  1.453718E+02
       183  5.761331E+01
       184  1.166034E+01
       185  7.423804E+00
       186  2.750182E+02
       187  1.453718E+02
       188  5.761331E+01
       189  1.166034E+01
       190  7.423804E+00
       191  1.892182E+01
       192  2.984189E+01
       193  1.894262E+01
       194  2.981390E+01
       195  1.898888E+01
       196  2.981856E+01
       197  1.908019E+01
       198  2.985483E+01
       199  6.943609E+00
       200  1.085185E+01
       201  6.943609E+00
       202  1.085185E+01
       203  1.908019E+01
       204  2.985483E+01
       205  1.898888E+01
       206  2.981856E+01
       207  1.894262E+01
       208  2.981390E+01
       209  1.892182E+01
       210  2.984189E+01
       211  2.646524E+02
       212  1.403588E+02
       213  5.601730E+01
       214  1.155418E+01
       215  6.871465E+00
       216  2.646524E+02
       217  1.403588E+02
       218  5.601730E+01
       219  1.155418E+01
       220  6.871465E+00
       221  1.796044E+01
       222  2.861259E+01
       223  1.798831E+01
       224  2.862042E+01
       225  1.803803E+01
       226  2.865725E+01
       227  1.813458E+01
       228  2.871511E+01
       229  6.599462E+00
       230  1.043973E+01
       231  6.599462E+00
       232  1.043973E+01
       233  1.813458E+01
       234  2.871511E+01
       235  1.803803E+01
       236  2.865725E+01
       237  1.798831E+01
       238  2.862042E+01
       239  1.796044E+01
       240  2.861259E+01
       241  2.543950E+02
       242  1.353708E+02
       243  5.441304E+01
       244  1.144226E+01
       245  6.362200E+00
       246  2.543950E+02
       247  1.353708E+02
       248  5.441304E+01
       249  1.144226E+01
       250  6.362200E+00
       251  1.702669E+01
       252  2.743340E+01
       253  1.705825E+01
       254  2.746147E+01
       255  1.711171E+01
       256  2.751918E+01
       257  1.721370E+01
       258  2.759116E+01
       259  6.264226E+00
       260  1.003204E+01
       261  6.264226E+00
       262  1.003204E+01
       263  1.721370E+01
       264  2.759116E+01
       265  1.711171E+01
       266  2.751918E+01
       267  1.705825E+01
       268  2.746147E+01
       269  1.702669E+01
       270  2.743340E+01
       271  2.442547E+02
       272  1.304056E+02
       273  5.279023E+01
       274  1.131796E+01
       275  5.890602E+00
       276  2.442547E+02
       277  1.304056E+02
       278  5.279023E+01
       279  1.131796E+01
       280  5.890602E+00
       281  1.611960E+01
       282  2.629556E+01
       283  1.615237E+01
       284  2.633255E+01
       285  1.620804E+01
       286  2.640086E+01
       287  1.631469E+01
       288  2.648055E+01
       289  5.936952E+00
       290  9.628322E+00
       291  5.936952E+00
       292  9.628322E+00
       293  1.631469E+01
       294  2.648055E+01
       295  1.620804E+01
       296  2.640086E+01
       297  1.615237E+01
       298  2.633255E+01
       299  1.611960E+01
       300  2.629556E+01
       301  2.342255E+02
       302  1.254632E+02
       303  5.114921E+01
       304  1.118078E+01
       305  5.455173E+00
       306  2.342255E+02
       307  1.254632E+02
       308  5.114921E+01
       309  1.118078E+01
       310  5.455173E+00
       311  1.523698E+01
       312  2.518733E+01
       313  1.527036E+01
       314  2.522799E+01
       315  1.532764E+01
       316  2.530159E+01
       317  1.543887E+01
       318  2.538558E+01
       319  5.618148E+00
       320  9.229783E+00
       321  5.618148E+00
       322  9.229783E+00
       323  1.543887E+01
       324  2.538558E+01
       325  1.532764E+01
       326  2.530159E+01
       327  1.527036E+01
       328  2.522799E+01
       329  1.523698E+01
       330  2.518733E+01
       331  2.243035E+02
       332  1.205439E+02
       333  4.949126E+01
       334  1.103080E+01
       335  5.054597E+00
       336  2.243035E+02
       337  1.205439E+02
       338  4.949126E+01
       339  1.103080E+01
       340  5.054597E+00
       341  1.437817E+01
       342  2.410093E+01
       343  1.441231E+01
       344  2.414331E+01
       345  1.447125E+01
       346  2.422008E+01
       347  1.458735E+01
       348  2.430698E+01
       349  5.308216E+00
       350  8.836963E+00
       351  5.308216E+00
       352  8.836963E+00
       353  1.458735E+01
       354  2.430698E+01
       355  1.447125E+01
       356  2.422008E+01
       357  1.441231E+01
       358  2.414331E+01
       359  1.437817E+01
       360  2.410093E+01
       361  2.144864E+02
       362  1.156473E+02
       363  4.781674E+01
       364  1.086771E+01
       365  4.687244E+00
       366  2.144864E+02
       367  1.156473E+02
       368  4.781674E+01
       369  1.086771E+01
       370  4.687244E+00
       371  1.354310E+01
       372  2.303211E+01
       373  1.357826E+01
       374  2.307565E+01
       375  1.363907E+01
       376  2.315498E+01
       377  1.376044E+01
       378  2.324443E+01
       379  5.007241E+00
       380  8.449866E+00
       381  5.007241E+00
       382  8.449866E+00
       383  1.376044E+01
       384  2.324443E+01
       385  1.363907E+01
       386  2.315498E+01
       387  1.357826E+01
       388  2.307565E+01
       389  1.354310E+01
       390  2.303211E+01
       391  2.047719E+02
       392  1.107727E+02
       393  4.612555E+01
       394  1.069101E+01
       395  4.351291E+00
       396  2.047719E+02
       397  1.107727E+02
       398  4.612555E+01
       399  1.069101E+01
       400  4.351291E+00
       401  1.273180E+01
       402  2.197870E+01
       403  1.276816E+01
       404  2.202336E+01
       405  1.283102E+01
       406  2.210523E+01
       407  1.295802E+01
       408  2.219726E+01
       409  4.715166E+00
       410  8.068299E+00
       411  4.715166E+00
       412  8.068299E+00
       413  1.295802E+01
       414  2.219726E+01
       415  1.283102E+01
       416  2.210523E+01
       417  1.276816E+01
       418  2.202336E+01
       419  1.273180E+01
       420  2.197870E+01
       421  1.951578E+02
       422  1.059196E+02
       423  4.441755E+01
       424  1.050019E+01
       425  4.044896E+00
       426  1.951578E+02
       427  1.059196E+02
       428  4.441755E+01
       429  1.050019E+01
       430  4.044896E+00
       431  1.194424E+01
       432  2.093963E+01
       433  1.198188E+01
       434  2.098549E+01
       435  1.204691E+01
       436  2.107009E+01
       437  1.217987E+01
       438  2.116485E+01
       439  4.431903E+00
       440  7.692041E+00
       441  4.431903E+00
       442  7.692041E+00
       443  1.217987E+01
       444  2.116485E+01
       445  1.204691E+01
       446  2.107009E+01
       447  1.198188E+01
       448  2.098549E+01
       449  1.194424E+01
       450  2.093963E+01
       451  1.856422E+02
       452  1.010875E+02
       453  4.269276E+01
       454  1.029481E+01
       455  3.766266E+00
       456  1.856422E+02
       457  1.010875E+02
       458  4.269276E+01
       459  1.029481E+01
       460  3.766266E+00
       461  1.118028E+01
       462  1.991433E+01
       463  1.121926E+01
       464  1.996150E+01
       465  1.128654E+01
       466  2.004904E+01
       467  1.142580E+01
       468  2.014667E+01
       469  4.157375E+00
       470  7.320900E+00
       471  4.157375E+00
       472  7.320900E+00
       473  1.142580E+01
       474  2.014667E+01
       475  1.128654E+01
       476  2.004904E+01
       477  1.121926E+01
       478  1.996150E+01
       479  1.118028E+01
       480  1.991433E+01
       481  1.762240E+02
       482  9.627633E+01
       483  4.095138E+01
       484  1.007450E+01
       485  3.513683E+00
       486  1.762240E+02
       487  9.627633E+01
       488  4.095138E+01
       489  1.007450E+01
       490  3.513683E+00
       491  1.043981E+01
       492  1.890247E+01
       493  1.048018E+01
       494  1.895106E+01
       495  1.054976E+01
       496  1.904171E+01
       497  1.069566E+01
       498  1.914235E+01
       499  3.891527E+00
       500  6.954720E+00
       501  3.891527E+00
       502  6.954720E+00
       503  1.069566E+01
       504  1.914235E+01
       505  1.054976E+01
       506  1.904171E+01
       507  1.048018E+01
       508  1.895106E+01
       509  1.043981E+01
       510  1.890247E+01
       511  1.669034E+02
       512  9.148674E+01
       513  3.919384E+01
       514  9.838921E+00
       515  3.285497E+00
       516  1.669034E+02
       517  9.148674E+01
       518  3.919384E+01
       519  9.838921E+00
       520  3.285497E+00
       521  9.722731E+00
       522  1.790388E+01
       523  9.764516E+00
       524  1.795394E+01
       525  9.836478E+00
       526  1.804785E+01
       527  9.989357E+00
       528  1.815159E+01
       529  3.634326E+00
       530  6.593384E+00
       531  3.634326E+00
       532  6.593384E+00
       533  9.989357E+00
       534  1.815159E+01
       535  9.836478E+00
       536  1.804785E+01
       537  9.764516E+00
       538  1.795394E+01
       539  9.722731E+00
       540  1.790388E+01
       541  1.576814E+02
       542  8.671985E+01
       543  3.742081E+01
       544  9.587835E+00
       545  3.080129E+00
       546  1.576814E+02
       547  8.671985E+01
       548  3.742081E+01
       549  9.587835E+00
       550  3.080129E+00
       551  9.028980E+00
       552  1.691843E+01
       553  9.072231E+00
       554  1.697001E+01
       555  9.146636E+00
       556  1.706729E+01
       557  9.306869E+00
       558  1.717421E+01
       559  3.385762E+00
       560  6.236810E+00
       561  3.385762E+00
       562  6.236810E+00
       563  9.306869E+00
       564  1.717421E+01
       565  9.146636E+00
       566  1.706729E+01
       567  9.072231E+00
       568  1.697001E+01
       569  9.028980E+00
       570  1.691843E+01
       571  1.485603E+02
       572  8.197743E+01
       573  3.563322E+01
       574  9.321067E+00
       575  2.896058E+00
       576  1.485603E+02
       577  8.197743E+01
       578  3.563322E+01
       579  9.321067E+00
       580  2.896058E+00
       581  8.358565E+00
       582  1.594611E+01
       583  8.403329E+00
       584  1.599921E+01
       585  8.480244E+00
       586  1.609997E+01
       587  8.648223E+00
       588  1.621011E+01
       589  3.145844E+00
       590  5.884956E+00
       591  3.145844E+00
       592  5.884956E+00
       593  8.648223E+00
       594  1.621011E+01
       595  8.480244E+00
       596  1.609997E+01
       597  8.403329E+00
       598  1.599921E+01
       599  8.358565E+00
       600  1.594611E+01
       601  1.395439E+02
       602  7.726199E+01
       603  3.383232E+01
       604  9.038544E+00
       605  2.731821E+00
       606  1.395439E+02
       607  7.726199E+01
       608  3.383232E+01
       609  9.038544E+00
       610  2.731821E+00
       611  7.711546E+00
       612  1.498695E+01
       613  7.757870E+00
       614  1.504160E+01
       615  7.837361E+00
       616  1.514592E+01
       617  8.013504E+00
       618  1.525932E+01
       619  2.914602E+00
       620  5.537815E+00
       621  2.914602E+00
       622  5.537815E+00
       623  8.013504E+00
       624  1.525932E+01
       625  7.837361E+00
       626  1.514592E+01
       627  7.757870E+00
       628  1.504160E+01
       629  7.711546E+00
       630  1.498695E+01
       631  1.306371E+02
       632  7.257681E+01
       633  3.201973E+01
       634  8.740305E+00
       635  2.586008E+00
       636  1.306371E+02
       637  7.257681E+01
       638  3.201973E+01
       639  8.740305E+00
       640  2.586008E+00
       641  7.088037E+00
       642  1.404111E+01
       643  7.135969E+00
       644  1.409729E+01
       645  7.218098E+00
       646  1.420527E+01
       647  7.402842E+00
       648  1.432196E+01
       649  2.692081E+00
       650  5.195426E+00
       651  2.692081E+00
       652  5.195426E+00
       653  7.402842E+00
       654  1.432196E+01
       655  7.218098E+00
       656  1.420527E+01
       657  7.135969E+00
       658  1.409729E+01
       659  7.088037E+00
       660  1.404111E+01
       661  1.218465E+02
       662  6.792598E+01
       663  3.019744E+01
       664  8.426514E+00
       665  2.457257E+00
       666  1.218465E+02
       667  6.792598E+01
       668  3.019744E+01
       669  8.426514E+00
       670  2.457257E+00
       671  6.488208E+00
       672  1.310879E+01
       673  6.537787E+00
       674  1.316654E+01
       675  6.622613E+00
       676  1.327828E+01
       677  6.816422E+00
       678  1.339830E+01
       679  2.478349E+00
       680  4.857871E+00
       681  2.478349E+00
       682  4.857871E+00
       683  6.816422E+00
       684  1.339830E+01
       685  6.622613E+00
       686  1.327828E+01
       687  6.537787E+00
       688  1.316654E+01
       689  6.488208E+00
       690  1.310879E+01
       691  1.131800E+02
       692  6.331456E+01
       693  2.836788E+01
       694  8.097481E+00
       695  2.344258E+00
       696  1.131800E+02
       697  6.331456E+01
       698  2.836788E+01
       699  8.097481E+00
       700  2.344258E+00
       701  5.912278E+00
       702  1.219030E+01
       703  5.963536E+00
       704  1.224968E+01
       705  6.051107E+00
       706  1.236534E+01
       707  6.254473E+00
       708  1.248874E+01
       709  2.273489E+00
       710  4.525290E+00
       711  2.273489E+00
       712  4.525290E+00
       713  6.254473E+00
       714  1.248874E+01
       715  6.051107E+00
       716  1.236534E+01
       717  5.963536E+00
       718  1.224968E+01
       719  5.912278E+00
       720  1.219030E+01
       721  1.046477E+02
       722  5.874862E+01
       723  2.653398E+01
       724  7.753676E+00
       725  2.245746E+00
       726  1.046477E+02
       727  5.874862E+01
       728  2.653398E+01
       729  7.753676E+00
       730  2.245746E+00
       731  5.360505E+00
       732  1.128606E+01
       733  5.413461E+00
       734  1.134718E+01
       735  5.503825E+00
       736  1.146700E+01
       737  5.717278E+00
       738  1.159387E+01
       739  2.077608E+00
       740  4.197883E+00
       741  2.077608E+00
       742  4.197883E+00
       743  5.717278E+00
       744  1.159387E+01
       745  5.503825E+00
       746  1.146700E+01
       747  5.413461E+00
       748  1.134718E+01
       749  5.360505E+00
       750  1.128606E+01
       751  9.626136E+01
       752  5.423538E+01
       753  2.469920E+01
       754  7.395759E+00
       755  2.160515E+00
       756  9.626136E+01
       757  5.423538E+01
       758  2.469920E+01
       759  7.395759E+00
       760  2.160515E+00
       761  4.833171E+00
       762  1.039655E+01
       763  4.887835E+00
       764  1.045965E+01
       765  4.981043E+00
       766  1.058396E+01
       767  5.205169E+00
       768  1.071447E+01
       769  1.890838E+00
       770  3.875933E+00
       771  1.890838E+00
       772  3.875933E+00
       773  5.205169E+00
       774  1.071447E+01
       775  4.981043E+00
       776  1.058396E+01
       777  4.887835E+00
       778  1.045965E+01
       779  4.833171E+00
       780  1.039655E+01
       781  8.803500E+01
       782  4.978326E+01
       783  2.286759E+01
       784  7.024603E+00
       785  2.087431E+00
       786  8.803500E+01
       787  4.978326E+01
       788  2.286759E+01
       789  7.024603E+00
       790  2.087431E+00
       791  4.330555E+00
       792  9.522453E+00
       793  4.386934E+00
       794  9.587883E+00
       795  4.483067E+00
       796  9.717203E+00
       797  4.718541E+00
       798  9.851603E+00
       799  1.713342E+00
       800  3.559816E+00
       801  1.713342E+00
       802  3.559816E+00
       803  4.718541E+00
       804  9.851603E+00
       805  4.483067E+00
       806  9.717203E+00
       807  4.386934E+00
       808  9.587883E+00
       809  4.330555E+00
       810  9.522453E+00
       811  7.998490E+01
       812  4.540203E+01
       813  2.104387E+01
       814  6.641341E+00
       815  2.025457E+00
       816  7.998490E+01
       817  4.540203E+01
       818  2.104387E+01
       819  6.641341E+00
       820  2.025457E+00
       821  3.852902E+00
       822  8.664727E+00
       823  3.911023E+00
       824  8.732974E+00
       825  4.010224E+00
       826  8.867983E+00
       827  4.257856E+00
       828  9.006653E+00
       829  1.545319E+00
       830  3.250027E+00
       831  1.545319E+00
       832  3.250027E+00
       833  4.257856E+00
       834  9.006653E+00
       835  4.010224E+00
       836  8.867983E+00
       837  3.911023E+00
       838  8.732974E+00
       839  3.852902E+00
       840  8.664727E+00
       841  7.212968E+01
       842  4.110278E+01
       843  1.923347E+01
       844  6.247427E+00
       845  1.973706E+00
       846  7.212968E+01
       847  4.110278E+01
       848  1.923347E+01
       849  6.247427E+00
       850  1.973706E+00
       851  3.400389E+00
       852  7.824844E+00
       853  3.460333E+00
       854  7.896469E+00
       855  3.562858E+00
       856  8.037988E+00
       857  3.823669E+00
       858  8.181417E+00
       859  1.387013E+00
       860  2.947204E+00
       861  1.387013E+00
       862  2.947204E+00
       863  3.823669E+00
       864  8.181417E+00
       865  3.562858E+00
       866  8.037988E+00
       867  3.460333E+00
       868  7.896469E+00
       869  3.400389E+00
       870  7.824844E+00
       871  6.449021E+01
       872  3.689798E+01
       873  1.744259E+01
       874  5.844731E+00
       875  1.931524E+00
       876  6.449021E+01
       877  3.689798E+01
       878  1.744259E+01
       879  5.844731E+00
       880  1.931524E+00
       881  2.973096E+00
       882  7.005136E+00
       883  3.035066E+00
       884  7.080603E+00
       885  3.141351E+00
       886  7.229453E+00
       887  3.416654E+00
       888  7.378177E+00
       889  1.238717E+00
       890  2.652139E+00
       891  1.238717E+00
       892  2.652139E+00
       893  3.416654E+00
       894  7.378177E+00
       895  3.141351E+00
       896  7.229453E+00
       897  3.035066E+00
       898  7.080603E+00
       899  2.973096E+00
       900  7.005136E+00
       901  5.708930E+01
       902  3.280136E+01
       903  1.567828E+01
       904  5.435680E+00
       905  1.898607E+00
       906  5.708930E+01
       907  3.280136E+01
       908  1.567828E+01
       909  5.435680E+00
       910  1.898607E+00
       911  2.571029E+00
       912  6.209278E+00
       913  2.635431E+00
       914  6.288605E+00
       915  2.746172E+00
       916  6.445296E+00
       917  3.037668E+00
       918  6.599754E+00
       919  1.100773E+00
       920  2.365795E+00
       921  1.100773E+00
       922  2.365795E+00
       923  3.037668E+00
       924  6.599754E+00
       925  2.746172E+00
       926  6.445296E+00
       927  2.635431E+00
       928  6.288605E+00
       929  2.571029E+00
       930  6.209278E+00
       931  4.995125E+01
       932  2.882781E+01
       933  1.394856E+01
       934  5.023451E+00
       935  1.875172E+00
       936  4.995125E+01
       937  2.882781E+01
       938  1.394856E+01
       939  5.023451E+00
       940  1.875172E+00
       941  2.194206E+00
       942  5.442836E+00
       943  2.261775E+00
       944  5.525006E+00
       945  2.377990E+00
       946  5.689214E+00
       947  2.687854E+00
       948  5.849498E+00
       949  9.735618E-01
       950  2.089286E+00
       951  9.735618E-01
       952  2.089286E+00
       953  2.687854E+00
       954  5.849498E+00
       955  2.377990E+00
       956  5.689214E+00
       957  2.261775E+00
       958  5.525006E+00
       959  2.194206E+00
       960  5.442836E+00
       961  4.310125E+01
       962  2.499329E+01
       963  1.226256E+01
       964  4.612218E+00
       965  1.862169E+00
       966  4.310125E+01
       967  2.499329E+01
       968  1.226256E+01
       969  4.612218E+00
       970  1.862169E+00
       971  1.842905E+00
       972  4.713747E+00
       973  1.914849E+00
       974  4.795842E+00
       975  2.037906E+00
       976  4.965636E+00
       977  2.368798E+00
       978  5.131142E+00
       979  8.574787E-01
       980  1.823826E+00
       981  8.574787E-01
       982  1.823826E+00
       983  2.368798E+00
       984  5.131142E+00
       985  2.037906E+00
       986  4.965636E+00
       987  1.914849E+00
       988  4.795842E+00
       989  1.842905E+00
       990  4.713747E+00
       991  3.656499E+01
       992  2.131486E+01
       993  1.063078E+01
       994  4.207419E+00
       995  1.861474E+00
       996  3.656499E+01
       997  2.131486E+01
       998  1.063078E+01
       999  4.207419E+00
      1000  1.861474E+00
      1001  1.518231E+00
      1002  4.032522E+00
      1003  1.596376E+00
      1004  4.108569E+00
      1005  1.727863E+00
      1006  4.279402E+00
      1007  2.082759E+00
      1008  4.448417E+00
      1009  7.528830E-01
      1010  1.570602E+00
      1011  7.528830E-01
      1012  1.570602E+00
      1013  2.082759E+00
      1014  4.448417E+00
      1015  1.727863E+00
      1016  4.279402E+00
      1017  1.596376E+00
      1018  4.108569E+00
      1019  1.518231E+00
      1020  4.032522E+00
      1021  3.036923E+01
      1022  1.781131E+01
      1023  9.065454E+00
      1024  3.815985E+00
      1025  1.875986E+00
      1026  3.036923E+01
      1027  1.781131E+01
      1028  9.065454E+00
      1029  3.815985E+00
      1030  1.875986E+00
      1031  1.223342E+00
      1032  3.411948E+00
      1033  1.310201E+00
      1034  3.471557E+00
      1035  1.451449E+00
      1036  3.635048E+00
      1037  1.832992E+00
      1038  3.804301E+00
      1039  6.600095E-01
      1040  1.330528E+00
      1041  6.600095E-01
      1042  1.330528E+00
      1043  1.832992E+00
      1044  3.804301E+00
      1045  1.451449E+00
      1046  3.635048E+00
      1047  1.310201E+00
      1048  3.471557E+00
      1049  1.223342E+00
      1050  3.411948E+00
      1051  2.454370E+01
      1052  1.450451E+01
      1053  7.581395E+00
      1054  3.446511E+00
      1055  1.909326E+00
      1056  2.454370E+01
      1057  1.450451E+01
      1058  7.581395E+00
      1059  3.446511E+00
      1060  1.909326E+00
      1061  9.660798E-01
      1062  2.866375E+00
      1063  1.064699E+00
      1064  2.893364E+00
      1065  1.215457E+00
      1066  3.035870E+00
      1067  1.624339E+00
      1068  3.199957E+00
      1069  5.788218E-01
      1070  1.103907E+00
      1071  5.788218E-01
      1072  1.103907E+00
      1073  1.624339E+00
      1074  3.199957E+00
      1075  1.215457E+00
      1076  3.035870E+00
      1077  1.064699E+00
      1078  2.893364E+00
      1079  9.660798E-01
      1080  2.866375E+00
      1081  1.912481E+01
      1082  1.142234E+01
      1083  6.197965E+00
      1084  3.109415E+00
      1085  1.964707E+00
      1086  1.912481E+01
      1087  1.142234E+01
      1088  6.197965E+00
      1089  3.109415E+00
      1090  1.964707E+00
      1091  7.641841E-01
      1092  2.410936E+00
      1093  8.774932E-01
      1094  2.382737E+00
      1095  1.033064E+00
      1096  2.483896E+00
      1097  1.464787E+00
      1098  2.634471E+00
      1099  5.087959E-01
      1100  8.904961E-01
      1101  5.087959E-01
      1102  8.904961E-01
      1103  1.464787E+00
      1104  2.634471E+00
      1105  1.033064E+00
      1106  2.483896E+00
      1107  8.774932E-01
      1108  2.382737E+00
      1109  7.641841E-01
      1110  2.410936E+00
      1111  1.415936E+01
      1112  8.603829E+00
      1113  4.943204E+00
      1114  2.817523E+00
      1115  2.041855E+00
      1116  1.415936E+01
      1117  8.603829E+00
      1118  4.943204E+00
      1119  2.817523E+00
      1120  2.041855E+00
      1121  6.532854E-01
      1122  2.061411E+00
      1123  7.833697E-01
      1124  1.951636E+00
      1125  9.300844E-01
      1126  1.984151E+00
      1127  1.370478E+00
      1128  2.108985E+00
      1129  4.488046E-01
      1130  6.915555E-01
      1131  4.488046E-01
      1132  6.915555E-01
      1133  1.370478E+00
      1134  2.108985E+00
      1135  9.300844E-01
      1136  1.984151E+00
      1137  7.833697E-01
      1138  1.951636E+00
      1139  6.532854E-01
      1140  2.061411E+00
      1141  9.706928E+00
      1142  6.106276E+00
      1143  3.858169E+00
      1144  2.584396E+00
      1145  2.133222E+00
      1146  9.706928E+00
      1147  6.106276E+00
      1148  3.858169E+00
      1149  2.584396E+00
      1150  2.133222E+00
      1151  6.928580E-01
      1152  1.830343E+00
      1153  8.416300E-01
      1154  1.623085E+00
      1155  9.547915E-01
      1156  1.560145E+00
      1157  1.379411E+00
      1158  1.646670E+00
      1159  3.970672E-01
      1160  5.198891E-01
      1161  3.970672E-01
      1162  5.198891E-01
      1163  1.379411E+00
      1164  1.646670E+00
      1165  9.547915E-01
      1166  1.560145E+00
      1167  8.416300E-01
      1168  1.623085E+00
      1169  6.928580E-01
      1170  1.830343E+00
      1171  5.856628E+00
      1172  4.008723E+00
      1173  2.992500E+00
      1174  2.413741E+00
      1175  2.221684E+00
      1176  5.856628E+00
      1177  4.008723E+00
      1178  2.992500E+00
      1179  2.413741E+00
      1180  2.221684E+00
      1181  9.350435E-01
      1182  1.710982E+00
      1183  1.117326E+00
      1184  1.435656E+00
      1185  1.187253E+00
      1186  1.285387E+00
      1187  1.594729E+00
      1188  1.341522E+00
      1189  3.575839E-01
      1190  4.266889E-01
      1191  3.575839E-01
      1192  4.266889E-01
      1193  1.594729E+00
      1194  1.341522E+00
      1195  1.187253E+00
      1196  1.285387E+00
      1197  1.117326E+00
      1198  1.435656E+00
      1199  9.350435E-01
      1200  1.710982E+00
      1201  2.796964E+00
      1202  2.416685E+00
      1203  2.369457E+00
      1204  2.320667E+00
      1205  2.349630E+00
      1206  2.796964E+00
      1207  2.416685E+00
      1208  2.369457E+00
      1209  2.320667E+00
      1210  2.349630E+00
      1211  1.307503E+00
      1212  1.611145E+00
      1213  1.584822E+00
      1214  1.389186E+00
      1215  1.716287E+00
      1216  1.315434E+00
      1217  2.308277E+00
      1218  1.517554E+00
      1219  3.495559E-01
      1220  6.027316E-01
      1221  3.495559E-01
      1222  6.027316E-01
      1223  2.308277E+00
      1224  1.517554E+00
      1225  1.716287E+00
      1226  1.315434E+00
      1227  1.584822E+00
      1228  1.389186E+00
      1229  1.307503E+00
      1230  1.611145E+00
      1231  8.146341E-01
      1232  1.249193E+00
      1233  1.796174E+00
      1234  2.298753E+00
      1235  3.096288E+00
      1236  8.146341E-01
      1237  1.249193E+00
      1238  1.796174E+00
      1239  2.298753E+00
      1240  3.096288E+00
      1241  1.537888E+00
      1242  1.420516E+00
      1243  1.971261E+00
      1244  1.386024E+00
      1245  2.605118E+00
      1246  1.797550E+00
      1247  4.767967E+00
      1248  3.360060E+00
      1249  5.491165E-01
      1250  2.003048E+00
      1251  5.491165E-01
      1252  2.003048E+00
      1253  4.767967E+00
      1254  3.360060E+00
      1255  2.605118E+00
      1256  1.797550E+00
      1257  1.971261E+00
      1258  1.386024E+00
      1259  1.537888E+00
      1260  1.420516E+00
      1261  3.700901E-02
      1262  1.660075E-01
      1263  4.825937E-01
      1264  1.169766E+00
      1265  3.077505E+00
      1266  3.700901E-02
      1267  1.660075E-01
      1268  4.825937E-01
      1269  1.169766E+00
      1270  3.077505E+00
      1271  8.695516E-01
      1272  1.113967E+00
      1273  1.261027E+00
      1274  1.134921E+00
      1275  2.168638E+00
      1276  2.352668E+00
      1277  7.303675E+00
      1278  7.059357E+00
      1279  8.422052E-01
      1280  5.455527E+00
      1281  8.422052E-01
      1282  5.455527E+00
      1283  7.303675E+00
      1284  7.059357E+00
      1285  2.168638E+00
      1286  2.352668E+00
      1287  1.261027E+00
      1288  1.134921E+00
      1289  8.695516E-01
      1290  1.113967E+00

                                INCREMENT     5


 displacements (vx,vy,vz) for set TIP_TOP and time  0.3750000E+00

      2087  2.796299E-01 -9.343376E-03 -7.879741E+00
      2088  2.795648E-01 -9.219497E-03 -7.859038E+00
      2091  2.790560E-01 -8.962126E-03 -7.838419E+00
      2094  2.787181E-01 -7.329574E-03 -7.819292E+00
      2096  2.786827E-01 -2.925858E-03 -7.806887E+00
      2098  2.786246E-01 -1.295827E-14 -7.806130E+00
      2100  2.786827E-01  2.925858E-03 -7.806887E+00
      2103  2.787181E-01  7.329574E-03 -7.819292E+00
      2106  2.790560E-01  8.962126E-03 -7.838419E+00
      2109  2.795648E-01  9.219497E-03 -7.859038E+00
      2112  2.796299E-01  9.343376E-03 -7.879741E+00

 forces (fx,fy,fz) for set CLAMP and time  0.3750000E+00

         1  1.251121E+04  1.505848E+04  4.992807E+03
         4  2.247607E+04  1.367506E-11  9.971360E+03
         5  1.780371E+04  2.342495E+04  7.216896E+02
         8  3.139717E+04 -1.168771E-09  1.468769E+03
         9  1.190396E+04  1.539439E+04 -3.125965E+02
        12  2.084829E+04 -6.311761E-09 -5.998428E+02
        13  6.192897E+03  7.878996E+03 -9.927735E+02
        16  1.082022E+04  3.392267E-09 -1.955375E+03
        17  3.819648E+02  2.997486E+02 -1.154000E+03
        20  6.340639E+02  1.097403E-09 -2.288735E+03
        21 -3.778040E+03 -2.566585E+03 -3.499481E+03
        24 -4.617836E+03 -4.655819E-10 -1.275889E+03
        26  1.251121E+04 -1.505848E+04  4.992807E+03
        28  1.780371E+04 -2.342495E+04  7.216896E+02
        30  1.190396E+04 -1.539439E+04 -3.125965E+02
        32  6.192897E+03 -7.878996E+03 -9.927735E+02
        34  3.819648E+02 -2.997486E+02 -1.154000E+03
        36 -3.778040E+03  2.566585E+03 -3.499481E+03
        37 -2.576625E+03 -1.569619E+03 -3.565479E+03
        40 -3.075958E+03 -4.884766E+02 -6.184177E+03
        41 -6.466192E+03 -3.594256E+03 -9.303904E+02
        44 -9.264049E+03 -1.078037E+03 -1.799349E+03
        45 -4.506714E+03 -2.032727E+03  4.278463E+03
        48 -7.423788E+03 -5.911092E+02  7.821116E+03
        50 -2.608172E+03 -4.612281E+02 -5.678162E+03
        52 -8.797568E+03 -9.751052E+02 -1.812651E+03
        54 -7.466410E+03 -5.137860E+02  7.481459E+03
        56 -2.538346E+03 -3.401689E+02 -5.636331E+03
        58 -8.860205E+03 -6.670442E+02 -1.769056E+03
        60 -7.638521E+03 -3.336954E+02  7.525890E+03
        62 -6.175442E+03 -2.573861E+02 -1.086900E+03
        64 -5.315646E+03 -1.172120E+02  5.225551E+03
        66 -3.312100E+03 -3.554312E-09 -5.508145E+02
        68 -2.850020E+03 -9.657467E-10  2.810707E+03
        70 -6.175442E+03  2.573861E+02 -1.086900E+03
        72 -5.315646E+03  1.172120E+02  5.225551E+03
        74 -2.538346E+03  3.401689E+02 -5.636331E+03
        76 -8.860205E+03  6.670442E+02 -1.769056E+03
        78 -7.638521E+03  3.336954E+02  7.525890E+03
        80 -2.608172E+03  4.612281E+02 -5.678162E+03
        82 -8.797568E+03  9.751052E+02 -1.812651E+03
        84 -7.466410E+03  5.137860E+02  7.481459E+03
        86 -3.075958E+03  4.884766E+02 -6.184177E+03
        88 -9.264049E+03  1.078037E+03 -1.799349E+03
        90 -7.423788E+03  5.911092E+02  7.821116E+03
        92 -2.576625E+03  1.569619E+03 -3.565479E+03
        94 -6.466192E+03  3.594256E+03 -9.303904E+02
        96 -4.506714E+03  2.032727E+03  4.278463E+03

 internal energy (element, energy) for set EALL and time  0.3750000E+00

         1  4.310691E+02
         2  2.026941E+02
         3  7.631002E+01
         4  1.293402E+01
         5  1.076267E+01
         6  4.310691E+02
         7  2.026941E+02
         8  7.631002E+01
         9  1.293402E+01
        10  1.076267E+01
        11  3.495683E+01
        12  5.321083E+01
        13  2.831922E+01
        14  4.579825E+01
        15  2.677251E+01
        16  4.450533E+01
        17  2.739830E+01
        18  4.495536E+01
        19  1.016699E+01
        20  1.656106E+01
        21  1.016699E+01
        22  1.656106E+01
        23  2.739830E+01
        24  4.495536E+01
        25  2.677251E+01
        26  4.450533E+01
        27  2.831922E+01
        28  4.579825E+01
        29  3.495683E+01
        30  5.321083E+01
        31  5.355185E+02
        32  2.984390E+02
        33  1.140226E+02
        34  2.092436E+01
        35  1.839775E+01
        36  5.355185E+02
        37  2.984390E+02
        38  1.140226E+02
        39  2.092436E+01
        40  1.839775E+01
        41  3.800151E+01
        42  5.708935E+01
        43  4.107027E+01
        44  6.068241E+01
        45  4.093974E+01
        46  6.046620E+01
        47  4.132640E+01
        48  6.087200E+01
        49  1.507824E+01
        50  2.225360E+01
        51  1.507824E+01
        52  2.225360E+01
        53  4.132640E+01
        54  6.087200E+01
        55  4.093974E+01
        56  6.046620E+01
        57  4.107027E+01
        58  6.068241E+01
        59  3.800151E+01
        60  5.708935E+01
        61  5.644494E+02
        62  3.074507E+02
        63  1.227718E+02
        64  2.387436E+01
        65  1.975753E+01
        66  5.644494E+02
        67  3.074507E+02
        68  1.227718E+02
        69  2.387436E+01
        70  1.975753E+01
        71  3.950173E+01
        72  5.918376E+01
        73  4.221643E+01
        74  6.256778E+01
        75  4.383312E+01
        76  6.478100E+01
        77  4.423997E+01
        78  6.567411E+01
        79  1.601633E+01
        80  2.393230E+01
        81  1.601633E+01
        82  2.393230E+01
        83  4.423997E+01
        84  6.567411E+01
        85  4.383312E+01
        86  6.478100E+01
        87  4.221643E+01
        88  6.256778E+01
        89  3.950173E+01
        90  5.918376E+01
        91  5.663108E+02
        92  2.998295E+02
        93  1.184826E+02
        94  2.330422E+01
        95  1.809944E+01
        96  5.663108E+02
        97  2.998295E+02
        98  1.184826E+02
        99  2.330422E+01
       100  1.809944E+01
       101  4.014031E+01
       102  6.085441E+01
       103  4.094212E+01
       104  6.194842E+01
       105  4.179567E+01
       106  6.307391E+01
       107  4.228685E+01
       108  6.360772E+01
       109  1.537893E+01
       110  2.312441E+01
       111  1.537893E+01
       112  2.312441E+01
       113  4.228685E+01
       114  6.360772E+01
       115  4.179567E+01
       116  6.307391E+01
       117  4.094212E+01
       118  6.194842E+01
       119  4.014031E+01
       120  6.085441E+01
       121  5.492990E+02
       122  2.891710E+02
       123  1.135902E+02
       124  2.234860E+01
       125  1.630764E+01
       126  5.492990E+02
       127  2.891710E+02
       128  1.135902E+02
       129  2.234860E+01
       130  1.630764E+01
       131  3.873101E+01
       132  5.983534E+01
       133  3.891219E+01
       134  5.995764E+01
       135  3.919046E+01
       136  6.015798E+01
       137  3.945829E+01
       138  6.028697E+01
       139  1.436455E+01
       140  2.191252E+01
       141  1.436455E+01
       142  2.191252E+01
       143  3.945829E+01
       144  6.028697E+01
       145  3.919046E+01
       146  6.015798E+01
       147  3.891219E+01
       148  5.995764E+01
       149  3.873101E+01
       150  5.983534E+01
       151  5.307047E+02
       152  2.796759E+02
       153  1.101622E+02
       154  2.191343E+01
       155  1.494779E+01
       156  5.307047E+02
       157  2.796759E+02
       158  1.101622E+02
       159  2.191343E+01
       160  1.494779E+01
       161  3.701739E+01
       162  5.781440E+01
       163  3.705591E+01
       164  5.771431E+01
       165  3.716895E+01
       166  5.769653E+01
       167  3.734545E+01
       168  5.773410E+01
       169  1.359091E+01
       170  2.098033E+01
       171  1.359091E+01
       172  2.098033E+01
       173  3.734545E+01
       174  5.773410E+01
       175  3.716895E+01
       176  5.769653E+01
       177  3.705591E+01
       178  5.771431E+01
       179  3.701739E+01
       180  5.781440E+01
       181  5.113530E+02
       182  2.702773E+02
       183  1.071042E+02
       184  2.167255E+01
       185  1.380736E+01
       186  5.113530E+02
       187  2.702773E+02
       188  1.071042E+02
       189  2.167255E+01
       190  1.380736E+01
       191  3.519236E+01
       192  5.549639E+01
       193  3.523006E+01
       194  5.544362E+01
       195  3.531545E+01
       196  5.545189E+01
       197  3.548474E+01
       198  5.551928E+01
       199  1.291353E+01
       200  2.018058E+01
       201  1.291353E+01
       202  2.018058E+01
       203  3.548474E+01
       204  5.551928E+01
       205  3.531545E+01
       206  5.545189E+01
       207  3.523006E+01
       208  5.544362E+01
       209  3.519236E+01
       210  5.549639E+01
       211  4.920783E+02
       212  2.609566E+02
       213  1.041372E+02
       214  2.147523E+01
       215  1.278001E+01
       216  4.920783E+02
       217  2.609566E+02
       218  1.041372E+02
       219  2.147523E+01
       220  1.278001E+01
       221  3.340455E+01
       222  5.321146E+01
       223  3.345542E+01
       224  5.322500E+01
       225  3.354724E+01
       226  5.329277E+01
       227  3.372625E+01
       228  5.340011E+01
       229  1.227358E+01
       230  1.941425E+01
       231  1.227358E+01
       232  1.941425E+01
       233  3.372625E+01
       234  5.340011E+01
       235  3.354724E+01
       236  5.329277E+01
       237  3.345542E+01
       238  5.322500E+01
       239  3.340455E+01
       240  5.321146E+01
       241  4.730059E+02
       242  2.516827E+02
       243  1.011548E+02
       244  2.126721E+01
       245  1.183280E+01
       246  4.730059E+02
       247  2.516827E+02
       248  1.011548E+02
       249  2.126721E+01
       250  1.183280E+01
       251  3.166817E+01
       252  5.101925E+01
       253  3.172592E+01
       254  5.107029E+01
       255  3.182472E+01
       256  5.117676E+01
       257  3.201385E+01
       258  5.131025E+01
       259  1.165021E+01
       260  1.865618E+01
       261  1.165021E+01
       262  1.865618E+01
       263  3.201385E+01
       264  5.131025E+01
       265  3.182472E+01
       266  5.117676E+01
       267  3.172592E+01
       268  5.107029E+01
       269  3.166817E+01
       270  5.101925E+01
       271  4.541517E+02
       272  2.424514E+02
       273  9.813794E+01
       274  2.103617E+01
       275  1.095565E+01
       276  4.541517E+02
       277  2.424514E+02
       278  9.813794E+01
       279  2.103617E+01
       280  1.095565E+01
       281  2.998140E+01
       282  4.890365E+01
       283  3.004142E+01
       284  4.897126E+01
       285  3.014434E+01
       286  4.909741E+01
       287  3.034216E+01
       288  4.924523E+01
       289  1.104165E+01
       290  1.790553E+01
       291  1.104165E+01
       292  1.790553E+01
       293  3.034216E+01
       294  4.924523E+01
       295  3.014434E+01
       296  4.909741E+01
       297  3.004142E+01
       298  4.897126E+01
       299  2.998140E+01
       300  4.890365E+01
       301  4.355041E+02
       302  2.332625E+02
       303  9.508730E+01
       304  2.078122E+01
       305  1.014578E+01
       306  4.355041E+02
       307  2.332625E+02
       308  9.508730E+01
       309  2.078122E+01
       310  1.014578E+01
       311  2.834015E+01
       312  4.684300E+01
       313  2.840132E+01
       314  4.691745E+01
       315  2.850724E+01
       316  4.705346E+01
       317  2.871360E+01
       318  4.720926E+01
       319  1.044883E+01
       320  1.716450E+01
       321  1.044883E+01
       322  1.716450E+01
       323  2.871360E+01
       324  4.720926E+01
       325  2.850724E+01
       326  4.705346E+01
       327  2.840132E+01
       328  4.691745E+01
       329  2.834015E+01
       330  4.684300E+01
       331  4.170558E+02
       332  2.241164E+02
       333  9.200520E+01
       334  2.050249E+01
       335  9.400716E+00
       336  4.170558E+02
       337  2.241164E+02
       338  9.200520E+01
       339  2.050249E+01
       340  9.400716E+00
       341  2.674315E+01
       342  4.482288E+01
       343  2.680575E+01
       344  4.490056E+01
       345  2.691479E+01
       346  4.504249E+01
       347  2.713023E+01
       348  4.520375E+01
       349  9.872518E+00
       350  1.643410E+01
       351  9.872518E+00
       352  1.643410E+01
       353  2.713023E+01
       354  4.520375E+01
       355  2.691479E+01
       356  4.504249E+01
       357  2.680575E+01
       358  4.490056E+01
       359  2.674315E+01
       360  4.482288E+01
       361  3.988027E+02
       362  2.150127E+02
       363  8.889232E+01
       364  2.019938E+01
       365  8.717437E+00
       366  3.988027E+02
       367  2.150127E+02
       368  8.889232E+01
       369  2.019938E+01
       370  8.717437E+00
       371  2.519029E+01
       372  4.283546E+01
       373  2.525481E+01
       374  4.291533E+01
       375  2.536734E+01
       376  4.306204E+01
       377  2.559258E+01
       378  4.322805E+01
       379  9.312850E+00
       380  1.571434E+01
       381  9.312850E+00
       382  1.571434E+01
       383  2.559258E+01
       384  4.322805E+01
       385  2.536734E+01
       386  4.306204E+01
       387  2.525481E+01
       388  4.291533E+01
       389  2.519029E+01
       390  4.283546E+01
       391  3.807405E+02
       392  2.059501E+02
       393  8.574846E+01
       394  1.987099E+01
       395  8.092549E+00
       396  3.807405E+02
       397  2.059501E+02
       398  8.574846E+01
       399  1.987099E+01
       400  8.092549E+00
       401  2.368164E+01
       402  4.087670E+01
       403  2.374839E+01
       404  4.095865E+01
       405  2.386473E+01
       406  4.111013E+01
       407  2.410046E+01
       408  4.128094E+01
       409  8.769728E+00
       410  1.500485E+01
       411  8.769728E+00
       412  1.500485E+01
       413  2.410046E+01
       414  4.128094E+01
       415  2.386473E+01
       416  4.111013E+01
       417  2.374839E+01
       418  4.095865E+01
       419  2.368164E+01
       420  4.087670E+01
       421  3.628649E+02
       422  1.969273E+02
       423  8.257338E+01
       424  1.951638E+01
       425  7.522628E+00
       426  3.628649E+02
       427  1.969273E+02
       428  8.257338E+01
       429  1.951638E+01
       430  7.522628E+00
       431  2.221708E+01
       432  3.894459E+01
       433  2.228625E+01
       434  3.902880E+01
       435  2.240663E+01
       436  3.918537E+01
       437  2.265346E+01
       438  3.936126E+01
       439  8.242988E+00
       440  1.430523E+01
       441  8.242988E+00
       442  1.430523E+01
       443  2.265346E+01
       444  3.936126E+01
       445  2.240663E+01
       446  3.918537E+01
       447  2.228625E+01
       448  3.902880E+01
       449  2.221708E+01
       450  3.894459E+01
       451  3.451725E+02
       452  1.879436E+02
       453  7.936709E+01
       454  1.913471E+01
       455  7.004343E+00
       456  3.451725E+02
       457  1.879436E+02
       458  7.936709E+01
       459  1.913471E+01
       460  7.004343E+00
       461  2.079642E+01
       462  3.703807E+01
       463  2.086810E+01
       464  3.712476E+01
       465  2.099267E+01
       466  3.728681E+01
       467  2.125123E+01
       468  3.746805E+01
       469  7.732486E+00
       470  1.361513E+01
       471  7.732486E+00
       472  1.361513E+01
       473  2.125123E+01
       474  3.746805E+01
       475  2.099267E+01
       476  3.728681E+01
       477  2.086810E+01
       478  3.712476E+01
       479  2.079642E+01
       480  3.703807E+01
       481  3.276614E+02
       482  1.789990E+02
       483  7.612999E+01
       484  1.872528E+01
       485  6.534496E+00
       486  3.276614E+02
       487  1.789990E+02
       488  7.612999E+01
       489  1.872528E+01
       490  6.534496E+00
       491  1.941941E+01
       492  3.515655E+01
       493  1.949368E+01
       494  3.524590E+01
       495  1.962256E+01
       496  3.541375E+01
       497  1.989347E+01
       498  3.560059E+01
       499  7.238119E+00
       500  1.293424E+01
       501  7.238119E+00
       502  1.293424E+01
       503  1.989347E+01
       504  3.560059E+01
       505  1.962256E+01
       506  3.541375E+01
       507  1.949368E+01
       508  3.524590E+01
       509  1.941941E+01
       510  3.515655E+01
       511  3.103316E+02
       512  1.700944E+02
       513  7.286284E+01
       514  1.828750E+01
       515  6.110025E+00
       516  3.103316E+02
       517  1.700944E+02
       518  7.286284E+01
       519  1.828750E+01
       520  6.110025E+00
       521  1.808588E+01
       522  3.329968E+01
       523  1.816281E+01
       524  3.339180E+01
       525  1.829613E+01
       526  3.356573E+01
       527  1.858003E+01
       528  3.375834E+01
       529  6.759829E+00
       530  1.226236E+01
       531  6.759829E+00
       532  1.226236E+01
       533  1.858003E+01
       534  3.375834E+01
       535  1.829613E+01
       536  3.356573E+01
       537  1.816281E+01
       538  3.339180E+01
       539  1.808588E+01
       540  3.329968E+01
       541  2.931852E+02
       542  1.612320E+02
       543  6.956690E+01
       544  1.782088E+01
       545  5.727989E+00
       546  2.931852E+02
       547  1.612320E+02
       548  6.956690E+01
       549  1.782088E+01
       550  5.727989E+00
       551  1.679571E+01
       552  3.146724E+01
       553  1.687539E+01
       554  3.156221E+01
       555  1.701327E+01
       556  3.174244E+01
       557  1.731087E+01
       558  3.194096E+01
       559  6.297595E+00
       560  1.159934E+01
       561  6.297595E+00
       562  1.159934E+01
       563  1.731087E+01
       564  3.194096E+01
       565  1.701327E+01
       566  3.174244E+01
       567  1.687539E+01
       568  3.156221E+01
       569  1.679571E+01
       570  3.146724E+01
       571  2.762266E+02
       572  1.524152E+02
       573  6.624390E+01
       574  1.732513E+01
       575  5.385564E+00
       576  2.762266E+02
       577  1.524152E+02
       578  6.624390E+01
       579  1.732513E+01
       580  5.385564E+00
       581  1.554892E+01
       582  2.965919E+01
       583  1.563145E+01
       584  2.975704E+01
       585  1.577401E+01
       586  2.994375E+01
       587  1.608603E+01
       588  3.014827E+01
       589  5.851435E+00
       590  1.094508E+01
       591  5.851435E+00
       592  1.094508E+01
       593  1.608603E+01
       594  3.014827E+01
       595  1.577401E+01
       596  2.994375E+01
       597  1.563145E+01
       598  2.975704E+01
       599  1.554892E+01
       600  2.965919E+01
       601  2.594626E+02
       602  1.436486E+02
       603  6.289618E+01
       604  1.680009E+01
       605  5.080030E+00
       606  2.594626E+02
       607  1.436486E+02
       608  6.289618E+01
       609  1.680009E+01
       610  5.080030E+00
       611  1.434562E+01
       612  2.787561E+01
       613  1.443108E+01
       614  2.797635E+01
       615  1.457845E+01
       616  2.816972E+01
       617  1.490567E+01
       618  2.838032E+01
       619  5.421403E+00
       620  1.029959E+01
       621  5.421403E+00
       622  1.029959E+01
       623  1.490567E+01
       624  2.838032E+01
       625  1.457845E+01
       626  2.816972E+01
       627  1.443108E+01
       628  2.797635E+01
       629  1.434562E+01
       630  2.787561E+01
       631  2.429025E+02
       632  1.349382E+02
       633  5.952672E+01
       634  1.624584E+01
       635  4.808763E+00
       636  2.429025E+02
       637  1.349382E+02
       638  5.952672E+01
       639  1.624584E+01
       640  4.808763E+00
       641  1.318602E+01
       642  2.611676E+01
       643  1.327450E+01
       644  2.622041E+01
       645  1.342681E+01
       646  2.642061E+01
       647  1.377004E+01
       648  2.663734E+01
       649  5.007587E+00
       650  9.662930E+00
       651  5.007587E+00
       652  9.662930E+00
       653  1.377004E+01
       654  2.663734E+01
       655  1.342681E+01
       656  2.642061E+01
       657  1.327450E+01
       658  2.622041E+01
       659  1.318602E+01
       660  2.611676E+01
       661  2.265583E+02
       662  1.262917E+02
       663  5.613922E+01
       664  1.566269E+01
       665  4.569235E+00
       666  2.265583E+02
       667  1.262917E+02
       668  5.613922E+01
       669  1.566269E+01
       670  4.569235E+00
       671  1.207044E+01
       672  2.438304E+01
       673  1.216202E+01
       674  2.448966E+01
       675  1.231936E+01
       676  2.469689E+01
       677  1.267947E+01
       678  2.491981E+01
       679  4.610108E+00
       680  9.035256E+00
       681  4.610108E+00
       682  9.035256E+00
       683  1.267947E+01
       684  2.491981E+01
       685  1.231936E+01
       686  2.469689E+01
       687  1.216202E+01
       688  2.448966E+01
       689  1.207044E+01
       690  2.438304E+01
       691  2.104450E+02
       692  1.177184E+02
       693  5.273821E+01
       694  1.505121E+01
       695  4.359004E+00
       696  2.104450E+02
       697  1.177184E+02
       698  5.273821E+01
       699  1.505121E+01
       700  4.359004E+00
       701  1.099929E+01
       702  2.267504E+01
       703  1.109402E+01
       704  2.278472E+01
       705  1.125650E+01
       706  2.299928E+01
       707  1.163440E+01
       708  2.322850E+01
       709  4.229125E+00
       710  8.416827E+00
       711  4.229125E+00
       712  8.416827E+00
       713  1.163440E+01
       714  2.322850E+01
       715  1.125650E+01
       716  2.299928E+01
       717  1.109402E+01
       718  2.278472E+01
       719  1.099929E+01
       720  2.267504E+01
       721  1.945812E+02
       722  1.092297E+02
       723  4.932912E+01
       724  1.441227E+01
       725  4.175724E+00
       726  1.945812E+02
       727  1.092297E+02
       728  4.932912E+01
       729  1.441227E+01
       730  4.175724E+00
       731  9.973045E+00
       732  2.099349E+01
       733  1.007097E+01
       734  2.110648E+01
       735  1.023866E+01
       736  2.132879E+01
       737  1.063535E+01
       738  2.156449E+01
       739  3.864835E+00
       740  7.808015E+00
       741  3.864835E+00
       742  7.808015E+00
       743  1.063535E+01
       744  2.156449E+01
       745  1.023866E+01
       746  2.132879E+01
       747  1.007097E+01
       748  2.110648E+01
       749  9.973045E+00
       750  2.099349E+01
       751  1.789887E+02
       752  1.008390E+02
       753  4.591838E+01
       754  1.374710E+01
       755  4.017151E+00
       756  1.789887E+02
       757  1.008390E+02
       758  4.591838E+01
       759  1.374710E+01
       760  4.017151E+00
       761  8.992229E+00
       762  1.933933E+01
       763  9.093368E+00
       764  1.945604E+01
       765  9.266380E+00
       766  1.968676E+01
       767  9.682930E+00
       768  1.992923E+01
       769  3.517484E+00
       770  7.209344E+00
       771  3.517484E+00
       772  7.209344E+00
       773  9.682930E+00
       774  1.992923E+01
       775  9.266380E+00
       776  1.968676E+01
       777  9.093368E+00
       778  1.945604E+01
       779  8.992229E+00
       780  1.933933E+01
       781  1.636936E+02
       782  9.256188E+01
       783  4.251353E+01
       784  1.305732E+01
       785  3.881175E+00
       786  1.636936E+02
       787  9.256188E+01
       788  4.251353E+01
       789  1.305732E+01
       790  3.881175E+00
       791  8.057366E+00
       792  1.771381E+01
       793  8.161732E+00
       794  1.783491E+01
       795  8.340211E+00
       796  1.807498E+01
       797  8.777883E+00
       798  1.832469E+01
       799  3.187372E+00
       800  6.621513E+00
       801  3.187372E+00
       802  6.621513E+00
       803  8.777883E+00
       804  1.832469E+01
       805  8.340211E+00
       806  1.807498E+01
       807  8.161732E+00
       808  1.783491E+01
       809  8.057366E+00
       810  1.771381E+01
       811  1.487263E+02
       812  8.441651E+01
       813  3.912333E+01
       814  1.234503E+01
       815  3.765869E+00
       816  1.487263E+02
       817  8.441651E+01
       818  3.912333E+01
       819  1.234503E+01
       820  3.765869E+00
       821  7.168913E+00
       822  1.611871E+01
       823  7.276555E+00
       824  1.624510E+01
       825  7.460763E+00
       826  1.649578E+01
       827  7.921067E+00
       828  1.675345E+01
       829  2.874872E+00
       830  6.045443E+00
       831  2.874872E+00
       832  6.045443E+00
       833  7.921067E+00
       834  1.675345E+01
       835  7.460763E+00
       836  1.649578E+01
       837  7.276555E+00
       838  1.624510E+01
       839  7.168913E+00
       840  1.611871E+01
       841  1.341212E+02
       842  7.642354E+01
       843  3.575787E+01
       844  1.161293E+01
       845  3.669585E+00
       846  1.341212E+02
       847  7.642354E+01
       848  3.575787E+01
       849  1.161293E+01
       850  3.669585E+00
       851  6.327197E+00
       852  1.455677E+01
       853  6.438267E+00
       854  1.468950E+01
       855  6.628680E+00
       856  1.495232E+01
       857  7.113508E+00
       858  1.521885E+01
       859  2.580438E+00
       860  5.482313E+00
       861  2.580438E+00
       862  5.482313E+00
       863  7.113508E+00
       864  1.521885E+01
       865  6.628680E+00
       866  1.495232E+01
       867  6.438267E+00
       868  1.468950E+01
       869  6.327197E+00
       870  1.455677E+01
       871  1.199172E+02
       872  6.860611E+01
       873  3.242865E+01
       874  1.086451E+01
       875  3.591102E+00
       876  1.199172E+02
       877  6.860611E+01
       878  3.242865E+01
       879  1.086451E+01
       880  3.591102E+00
       881  5.532372E+00
       882  1.303232E+01
       883  5.647242E+00
       884  1.317224E+01
       885  5.844672E+00
       886  1.344874E+01
       887  6.356461E+00
       888  1.372512E+01
       889  2.304613E+00
       890  4.933601E+00
       891  2.304613E+00
       892  4.933601E+00
       893  6.356461E+00
       894  1.372512E+01
       895  5.844672E+00
       896  1.344874E+01
       897  5.647242E+00
       898  1.317224E+01
       899  5.532372E+00
       900  1.303232E+01
       901  1.061567E+02
       902  6.098975E+01
       903  2.914881E+01
       904  1.010426E+01
       905  3.529857E+00
       906  1.061567E+02
       907  6.098975E+01
       908  2.914881E+01
       909  1.010426E+01
       910  3.529857E+00
       911  4.784446E+00
       912  1.155219E+01
       913  4.903874E+00
       914  1.169935E+01
       915  5.109610E+00
       916  1.199045E+01
       917  5.651521E+00
       918  1.227750E+01
       919  2.048034E+00
       920  4.401092E+00
       921  2.048034E+00
       922  4.401092E+00
       923  5.651521E+00
       924  1.227750E+01
       925  5.109610E+00
       926  1.199045E+01
       927  4.903874E+00
       928  1.169935E+01
       929  4.784446E+00
       930  1.155219E+01
       931  9.288476E+01
       932  5.360214E+01
       933  2.593324E+01
       934  9.338096E+00
       935  3.486254E+00
       936  9.288476E+01
       937  5.360214E+01
       938  2.593324E+01
       939  9.338096E+00
       940  3.486254E+00
       941  4.083451E+00
       942  1.012673E+01
       943  4.208802E+00
       944  1.027923E+01
       945  4.424741E+00
       946  1.058434E+01
       947  5.000812E+00
       948  1.088223E+01
       949  1.811410E+00
       950  3.886859E+00
       951  1.811410E+00
       952  3.886859E+00
       953  5.000812E+00
       954  1.088223E+01
       955  4.424741E+00
       956  1.058434E+01
       957  4.208802E+00
       958  1.027923E+01
       959  4.083451E+00
       960  1.012673E+01
       961  8.014833E+01
       962  4.647292E+01
       963  2.279891E+01
       964  8.573769E+00
       965  3.462054E+00
       966  8.014833E+01
       967  4.647292E+01
       968  2.279891E+01
       969  8.573769E+00
       970  3.462054E+00
       971  3.429901E+00
       972  8.770682E+00
       973  3.563424E+00
       974  8.923102E+00
       975  3.792110E+00
       976  9.238648E+00
       977  4.407289E+00
       978  9.546252E+00
       979  1.595476E+00
       980  3.393161E+00
       981  1.595476E+00
       982  3.393161E+00
       983  4.407289E+00
       984  9.546252E+00
       985  3.792110E+00
       986  9.238648E+00
       987  3.563424E+00
       988  8.923102E+00
       989  3.429901E+00
       990  8.770682E+00
       991  6.799516E+01
       992  3.963387E+01
       993  1.976532E+01
       994  7.821387E+00
       995  3.460750E+00
       996  6.799516E+01
       997  3.963387E+01
       998  1.976532E+01
       999  7.821387E+00
      1000  3.460750E+00
      1001  2.825839E+00
      1002  7.503599E+00
      1003  2.970935E+00
      1004  7.644838E+00
      1005  3.215333E+00
      1006  7.962366E+00
      1007  3.875159E+00
      1008  8.276510E+00
      1009  1.400902E+00
      1010  2.922209E+00
      1011  1.400902E+00
      1012  2.922209E+00
      1013  3.875159E+00
      1014  8.276510E+00
      1015  3.215333E+00
      1016  7.962366E+00
      1017  2.970935E+00
      1018  7.644838E+00
      1019  2.825839E+00
      1020  7.503599E+00
      1021  5.647496E+01
      1022  3.311986E+01
      1023  1.685525E+01
      1024  7.093836E+00
      1025  3.487730E+00
      1026  5.647496E+01
      1027  3.311986E+01
      1028  1.685525E+01
      1029  7.093836E+00
      1030  3.487730E+00
      1031  2.277132E+00
      1032  6.349267E+00
      1033  2.438482E+00
      1034  6.460008E+00
      1035  2.701078E+00
      1036  6.763941E+00
      1037  3.410484E+00
      1038  7.078548E+00
      1039  1.228126E+00
      1040  2.475707E+00
      1041  1.228126E+00
      1042  2.475707E+00
      1043  3.410484E+00
      1044  7.078548E+00
      1045  2.701078E+00
      1046  6.763941E+00
      1047  2.438482E+00
      1048  6.460008E+00
      1049  2.277132E+00
      1050  6.349267E+00
      1051  4.564302E+01
      1052  2.697156E+01
      1053  1.409620E+01
      1054  6.407097E+00
      1055  3.549738E+00
      1056  4.564302E+01
      1057  2.697156E+01
      1058  1.409620E+01
      1059  6.407097E+00
      1060  3.549738E+00
      1061  1.798347E+00
      1062  5.334391E+00
      1063  1.981625E+00
      1064  5.384534E+00
      1065  2.261974E+00
      1066  5.649508E+00
      1067  3.022273E+00
      1068  5.954542E+00
      1069  1.077082E+00
      1070  2.054225E+00
      1071  1.077082E+00
      1072  2.054225E+00
      1073  3.022273E+00
      1074  5.954542E+00
      1075  2.261974E+00
      1076  5.649508E+00
      1077  1.981625E+00
      1078  5.384534E+00
      1079  1.798347E+00
      1080  5.334391E+00
      1081  3.556702E+01
      1082  2.124081E+01
      1083  1.152419E+01
      1084  5.780551E+00
      1085  3.652754E+00
      1086  3.556702E+01
      1087  2.124081E+01
      1088  1.152419E+01
      1089  5.780551E+00
      1090  3.652754E+00
      1091  1.422471E+00
      1092  4.487152E+00
      1093  1.633130E+00
      1094  4.434696E+00
      1095  1.922519E+00
      1096  4.622836E+00
      1097  2.725389E+00
      1098  4.902793E+00
      1099  9.467966E-01
      1100  1.657312E+00
      1101  9.467966E-01
      1102  1.657312E+00
      1103  2.725389E+00
      1104  4.902793E+00
      1105  1.922519E+00
      1106  4.622836E+00
      1107  1.633130E+00
      1108  4.434696E+00
      1109  1.422471E+00
      1110  4.487152E+00
      1111  2.633389E+01
      1112  1.600014E+01
      1113  9.191354E+00
      1114  5.238058E+00
      1115  3.796289E+00
      1116  2.633389E+01
      1117  1.600014E+01
      1118  9.191354E+00
      1119  5.238058E+00
      1120  3.796289E+00
      1121  1.215781E+00
      1122  3.836955E+00
      1123  1.457691E+00
      1124  3.632761E+00
      1125  1.730716E+00
      1126  3.693265E+00
      1127  2.549837E+00
      1128  3.925399E+00
      1129  8.351713E-01
      1130  1.287302E+00
      1131  8.351713E-01
      1132  1.287302E+00
      1133  2.549837E+00
      1134  3.925399E+00
      1135  1.730716E+00
      1136  3.693265E+00
      1137  1.457691E+00
      1138  3.632761E+00
      1139  1.215781E+00
      1140  3.836955E+00
      1141  1.805436E+01
      1142  1.135608E+01
      1143  7.174051E+00
      1144  4.804867E+00
      1145  3.966327E+00
      1146  1.805436E+01
      1147  1.135608E+01
      1148  7.174051E+00
      1149  4.804867E+00
      1150  3.966327E+00
      1151  1.288946E+00
      1152  3.407199E+00
      1153  1.565641E+00
      1154  3.021582E+00
      1155  1.776357E+00
      1156  2.904511E+00
      1157  2.566268E+00
      1158  3.065412E+00
      1159  7.388901E-01
      1160  9.679787E-01
      1161  7.388901E-01
      1162  9.679787E-01
      1163  2.566268E+00
      1164  3.065412E+00
      1165  1.776357E+00
      1166  2.904511E+00
      1167  1.565641E+00
      1168  3.021582E+00
      1169  1.288946E+00
      1170  3.407199E+00
      1171  1.089403E+01
      1172  7.455607E+00
      1173  5.564631E+00
      1174  4.487898E+00
      1175  4.131050E+00
      1176  1.089403E+01
      1177  7.455607E+00
      1178  5.564631E+00
      1179  4.487898E+00
      1180  4.131050E+00
      1181  1.739083E+00
      1182  3.185382E+00
      1183  2.078098E+00
      1184  2.672974E+00
      1185  2.208430E+00
      1186  2.393303E+00
      1187  2.966471E+00
      1188  2.497570E+00
      1189  6.653814E-01
      1190  7.944907E-01
      1191  6.653814E-01
      1192  7.944907E-01
      1193  2.966471E+00
      1194  2.497570E+00
      1195  2.208430E+00
      1196  2.393303E+00
      1197  2.078098E+00
      1198  2.672974E+00
      1199  1.739083E+00
      1200  3.185382E+00
      1201  5.203389E+00
      1202  4.495059E+00
      1203  4.406490E+00
      1204  4.315258E+00
      1205  4.369162E+00
      1206  5.203389E+00
      1207  4.495059E+00
      1208  4.406490E+00
      1209  4.315258E+00
      1210  4.369162E+00
      1211  2.431754E+00
      1212  2.999986E+00
      1213  2.947576E+00
      1214  2.586730E+00
      1215  3.192338E+00
      1216  2.449132E+00
      1217  4.293341E+00
      1218  2.824524E+00
      1219  6.503591E-01
      1220  1.121638E+00
      1221  6.503591E-01
      1222  1.121638E+00
      1223  4.293341E+00
      1224  2.824524E+00
      1225  3.192338E+00
      1226  2.449132E+00
      1227  2.947576E+00
      1228  2.586730E+00
      1229  2.431754E+00
      1230  2.999986E+00
      1231  1.515812E+00
      1232  2.323955E+00
      1233  3.341097E+00
      1234  4.275307E+00
      1235  5.757963E+00
      1236  1.515812E+00
      1237  2.323955E+00
      1238  3.341097E+00
      1239  4.275307E+00
      1240  5.757963E+00
      1241  2.860480E+00
      1242  2.645145E+00
      1243  3.666735E+00
      1244  2.580792E+00
      1245  4.846032E+00
      1246  3.345589E+00
      1247  8.868464E+00
      1248  6.251083E+00
      1249  1.021459E+00
      1250  3.725559E+00
      1251  1.021459E+00
      1252  3.725559E+00
      1253  8.868464E+00
      1254  6.251083E+00
      1255  4.846032E+00
      1256  3.345589E+00
      1257  3.666735E+00
      1258  2.580792E+00
      1259  2.860480E+00
      1260  2.645145E+00
      1261  6.889257E-02
      1262  3.089658E-01
      1263  8.980813E-01
      1264  2.176635E+00
      1265  5.725403E+00
      1266  6.889257E-02
      1267  3.089658E-01
      1268  8.980813E-01
      1269  2.176635E+00
      1270  5.725403E+00
      1271  1.617988E+00
      1272  2.074568E+00
      1273  2.345952E+00
      1274  2.112414E+00
      1275  4.034026E+00
      1276  4.377026E+00
      1277  1.358534E+01
      1278  1.313112E+01
      1279  1.566675E+00
      1280  1.014804E+01
      1281  1.566675E+00
      1282  1.014804E+01
      1283  1.358534E+01
      1284  1.313112E+01
      1285  4.034026E+00
      1286  4.377026E+00
      1287  2.345952E+00
      1288  2.112414E+00
      1289  1.617988E+00
      1290  2.074568E+00

                                INCREMENT     6


 displacements (vx,vy,vz) for set TIP_TOP and time  0.4750000E+00

      2087  3.471626E-01 -1.182687E-02 -9.980836E+00
      2088  3.471296E-01 -1.167309E-02 -9.954608E+00
      2091  3.465369E-01 -1.134995E-02 -9.928487E+00
      2094  3.461563E-01 -9.284277E-03 -9.904255E+00
      2096  3.461431E-01 -3.706613E-03 -9.888540E+00
      2098  3.460724E-01  1.495451E-14 -9.887580E+00
      2100  3.461431E-01  3.706613E-03 -9.888540E+00
      2103  3.461563E-01  9.284277E-03 -9.904255E+00
      2106  3.465369E-01  1.134995E-02 -9.928487E+00
      2109  3.471296E-01  1.167309E-02 -9.954608E+00
      2112  3.471626E-01  1.182687E-02 -9.980836E+00

 forces (fx,fy,fz) for set CLAMP and time  0.4750000E+00

         1  1.584851E+04  1.907109E+04  6.322925E+03
         4  2.847061E+04 -2.182016E-09  1.262787E+04
         5  2.255205E+04  2.966757E+04  9.131626E+02
         8  3.976975E+04 -1.136743E-08  1.858602E+03
         9  1.507849E+04  1.949728E+04 -3.968509E+02
        12  2.640746E+04 -1.523642E-08 -7.615197E+02
        13  7.844134E+03  9.978862E+03 -1.258102E+03
        16  1.370500E+04 -7.929096E-10 -2.477949E+03
        17  4.835843E+02  3.790437E+02 -1.461983E+03
        20  8.026065E+02 -5.051173E-11 -2.899558E+03
        21 -4.785404E+03 -3.251374E+03 -4.432850E+03
        24 -5.849368E+03  1.063375E-10 -1.616228E+03
        26  1.584851E+04 -1.907109E+04  6.322925E+03
        28  2.255205E+04 -2.966757E+04  9.131626E+02
        30  1.507849E+04 -1.949728E+04 -3.968509E+02
        32  7.844134E+03 -9.978862E+03 -1.258102E+03
        34  4.835843E+02 -3.790437E+02 -1.461983E+03
        36 -4.785404E+03  3.251374E+03 -4.432850E+03
        37 -3.259938E+03 -1.987969E+03 -4.515084E+03
        40 -3.890246E+03 -6.191740E+02 -7.831504E+03
        41 -8.190396E+03 -4.552989E+03 -1.179648E+03
        44 -1.173477E+04 -1.365511E+03 -2.281187E+03
        45 -5.712043E+03 -2.575270E+03  5.421211E+03
        48 -9.409466E+03 -7.482996E+02  9.909790E+03
        50 -3.300158E+03 -5.846318E+02 -7.191427E+03
        52 -1.114393E+04 -1.235083E+03 -2.297212E+03
        54 -9.461041E+03 -6.503350E+02  9.478652E+03
        56 -3.213841E+03 -4.311583E+02 -7.139213E+03
        58 -1.122325E+04 -8.448537E+02 -2.241320E+03
        60 -9.676893E+03 -4.223317E+02  9.534141E+03
        62 -7.822417E+03 -3.259841E+02 -1.376885E+03
        64 -6.733300E+03 -1.483342E+02  6.619644E+03
        66 -4.195450E+03  7.449582E-10 -6.977544E+02
        68 -3.609976E+03  2.714643E-09  3.560505E+03
        70 -7.822417E+03  3.259841E+02 -1.376885E+03
        72 -6.733300E+03  1.483342E+02  6.619644E+03
        74 -3.213841E+03  4.311583E+02 -7.139213E+03
        76 -1.122325E+04  8.448537E+02 -2.241320E+03
        78 -9.676893E+03  4.223317E+02  9.534141E+03
        80 -3.300158E+03  5.846318E+02 -7.191427E+03
        82 -1.114393E+04  1.235083E+03 -2.297212E+03
        84 -9.461041E+03  6.503350E+02  9.478652E+03
        86 -3.890246E+03  6.191740E+02 -7.831504E+03
        88 -1.173477E+04  1.365511E+03 -2.281187E+03
        90 -9.409466E+03  7.482996E+02  9.909790E+03
        92 -3.259938E+03  1.987969E+03 -4.515084E+03
        94 -8.190396E+03  4.552989E+03 -1.179648E+03
        96 -5.712043E+03  2.575270E+03  5.421211E+03

 internal energy (element, energy) for set EALL and time  0.4750000E+00

         1  6.915631E+02
         2  3.251761E+02
         3  1.224182E+02
         4  2.074757E+01
         5  1.727040E+01
         6  6.915631E+02
         7  3.251761E+02
         8  1.224182E+02
         9  2.074757E+01
        10  1.727040E+01
        11  5.607903E+01
        12  8.540671E+01
        13  4.543524E+01
        14  7.350376E+01
        15  4.295641E+01
        16  7.142031E+01
        17  4.396167E+01
        18  7.213625E+01
        19  1.631369E+01
        20  2.657346E+01
        21  1.631369E+01
        22  2.657346E+01
        23  4.396167E+01
        24  7.213625E+01
        25  4.295641E+01
        26  7.142031E+01
        27  4.543524E+01
        28  7.350376E+01
        29  5.607903E+01
        30  8.540671E+01
        31  8.591476E+02
        32  4.787650E+02
        33  1.829033E+02
        34  3.355973E+01
        35  2.952428E+01
        36  8.591476E+02
        37  4.787650E+02
        38  1.829033E+02
        39  3.355973E+01
        40  2.952428E+01
        41  6.097840E+01
        42  9.160447E+01
        43  6.590324E+01
        44  9.736706E+01
        45  6.569361E+01
        46  9.702003E+01
        47  6.631327E+01
        48  9.767274E+01
        49  2.419480E+01
        50  3.570795E+01
        51  2.419480E+01
        52  3.570795E+01
        53  6.631327E+01
        54  9.767274E+01
        55  6.569361E+01
        56  9.702003E+01
        57  6.590324E+01
        58  9.736706E+01
        59  6.097840E+01
        60  9.160447E+01
        61  9.055735E+02
        62  4.932206E+02
        63  1.969322E+02
        64  3.828862E+01
        65  3.170703E+01
        66  9.055735E+02
        67  4.932206E+02
        68  1.969322E+02
        69  3.828862E+01
        70  3.170703E+01
        71  6.338933E+01
        72  9.495549E+01
        73  6.774381E+01
        74  1.003865E+02
        75  7.033733E+01
        76  1.039401E+02
        77  7.099111E+01
        78  1.053768E+02
        79  2.570034E+01
        80  3.840150E+01
        81  2.570034E+01
        82  3.840150E+01
        83  7.099111E+01
        84  1.053768E+02
        85  7.033733E+01
        86  1.039401E+02
        87  6.774381E+01
        88  1.003865E+02
        89  6.338933E+01
        90  9.495549E+01
        91  9.085526E+02
        92  4.809905E+02
        93  1.900496E+02
        94  3.737304E+01
        95  2.904601E+01
        96  9.085526E+02
        97  4.809905E+02
        98  1.900496E+02
        99  3.737304E+01
       100  2.904601E+01
       101  6.441502E+01
       102  9.763594E+01
       103  6.569983E+01
       104  9.939304E+01
       105  6.706866E+01
       106  1.012016E+02
       107  6.785772E+01
       108  1.020612E+02
       109  2.467777E+01
       110  3.710479E+01
       111  2.467777E+01
       112  3.710479E+01
       113  6.785772E+01
       114  1.020612E+02
       115  6.706866E+01
       116  1.012016E+02
       117  6.569983E+01
       118  9.939304E+01
       119  6.441502E+01
       120  9.763594E+01
       121  8.812515E+02
       122  4.638889E+02
       123  1.822013E+02
       124  3.584037E+01
       125  2.617032E+01
       126  8.812515E+02
       127  4.638889E+02
       128  1.822013E+02
       129  3.584037E+01
       130  2.617032E+01
       131  6.215370E+01
       132  9.600425E+01
       133  6.244281E+01
       134  9.620135E+01
       135  6.288844E+01
       136  9.652448E+01
       137  6.331823E+01
       138  9.673318E+01
       139  2.305016E+01
       140  3.516002E+01
       141  2.305016E+01
       142  3.516002E+01
       143  6.331823E+01
       144  9.673318E+01
       145  6.288844E+01
       146  9.652448E+01
       147  6.244281E+01
       148  9.620135E+01
       149  6.215370E+01
       150  9.600425E+01
       151  8.514137E+02
       152  4.486547E+02
       153  1.767026E+02
       154  3.514263E+01
       155  2.398786E+01
       156  8.514137E+02
       157  4.486547E+02
       158  1.767026E+02
       159  3.514263E+01
       160  2.398786E+01
       161  5.940393E+01
       162  9.276544E+01
       163  5.946416E+01
       164  9.260457E+01
       165  5.964457E+01
       166  9.257640E+01
       167  5.992724E+01
       168  9.263736E+01
       169  2.180883E+01
       170  3.366420E+01
       171  2.180883E+01
       172  3.366420E+01
       173  5.992724E+01
       174  9.263736E+01
       175  5.964457E+01
       176  9.257640E+01
       177  5.946416E+01
       178  9.260457E+01
       179  5.940393E+01
       180  9.276544E+01
       181  8.203638E+02
       182  4.335761E+02
       183  1.717974E+02
       184  3.475640E+01
       185  2.215756E+01
       186  8.203638E+02
       187  4.335761E+02
       188  1.717974E+02
       189  3.475640E+01
       190  2.215756E+01
       191  5.647544E+01
       192  8.904897E+01
       193  5.653440E+01
       194  8.896316E+01
       195  5.667040E+01
       196  8.897585E+01
       197  5.694130E+01
       198  8.908395E+01
       199  2.072196E+01
       200  3.238098E+01
       201  2.072196E+01
       202  3.238098E+01
       203  5.694130E+01
       204  8.908395E+01
       205  5.667040E+01
       206  8.897585E+01
       207  5.653440E+01
       208  8.896316E+01
       209  5.647544E+01
       210  8.904897E+01
       211  7.894394E+02
       212  4.186232E+02
       213  1.670380E+02
       214  3.443996E+01
       215  2.050878E+01
       216  7.894394E+02
       217  4.186232E+02
       218  1.670380E+02
       219  3.443996E+01
       220  2.050878E+01
       221  5.360678E+01
       222  8.538449E+01
       223  5.368691E+01
       224  8.540460E+01
       225  5.383325E+01
       226  8.551224E+01
       227  5.411969E+01
       228  8.568407E+01
       229  1.969518E+01
       230  3.115147E+01
       231  1.969518E+01
       232  3.115147E+01
       233  5.411969E+01
       234  8.568407E+01
       235  5.383325E+01
       236  8.551224E+01
       237  5.368691E+01
       238  8.540460E+01
       239  5.360678E+01
       240  8.538449E+01
       241  7.588410E+02
       242  4.037457E+02
       243  1.622542E+02
       244  3.410635E+01
       245  1.898866E+01
       246  7.588410E+02
       247  4.037457E+02
       248  1.622542E+02
       249  3.410635E+01
       250  1.898866E+01
       251  5.082076E+01
       252  8.186799E+01
       253  5.091197E+01
       254  8.194807E+01
       255  5.106953E+01
       256  8.211760E+01
       257  5.137222E+01
       258  8.233125E+01
       259  1.869503E+01
       260  2.993526E+01
       261  1.869503E+01
       262  2.993526E+01
       263  5.137222E+01
       264  8.233125E+01
       265  5.106953E+01
       266  8.211760E+01
       267  5.091197E+01
       268  8.194807E+01
       269  5.082076E+01
       270  8.186799E+01
       271  7.285930E+02
       272  3.889368E+02
       273  1.574151E+02
       274  3.373584E+01
       275  1.758100E+01
       276  7.285930E+02
       277  3.889368E+02
       278  1.574151E+02
       279  3.373584E+01
       280  1.758100E+01
       281  4.811438E+01
       282  7.847398E+01
       283  4.820926E+01
       284  7.858061E+01
       285  4.837346E+01
       286  7.878167E+01
       287  4.869013E+01
       288  7.901828E+01
       289  1.771864E+01
       290  2.873096E+01
       291  1.771864E+01
       292  2.873096E+01
       293  4.869013E+01
       294  7.901828E+01
       295  4.837346E+01
       296  7.878167E+01
       297  4.820926E+01
       298  7.858061E+01
       299  4.811438E+01
       300  7.847398E+01
       301  6.986768E+02
       302  3.741961E+02
       303  1.525218E+02
       304  3.332698E+01
       305  1.628129E+01
       306  6.986768E+02
       307  3.741961E+02
       308  1.525218E+02
       309  3.332698E+01
       310  1.628129E+01
       311  4.548106E+01
       312  7.516795E+01
       313  4.557780E+01
       314  7.528557E+01
       315  4.574685E+01
       316  7.550248E+01
       317  4.607724E+01
       318  7.575192E+01
       319  1.676752E+01
       320  2.754211E+01
       321  1.676752E+01
       322  2.754211E+01
       323  4.607724E+01
       324  7.575192E+01
       325  4.574685E+01
       326  7.550248E+01
       327  4.557780E+01
       328  7.528557E+01
       329  4.548106E+01
       330  7.516795E+01
       331  6.690806E+02
       332  3.595242E+02
       333  1.475782E+02
       334  3.288000E+01
       335  1.508559E+01
       336  6.690806E+02
       337  3.595242E+02
       338  1.475782E+02
       339  3.288000E+01
       340  1.508559E+01
       341  4.291873E+01
       342  7.192689E+01
       343  4.301780E+01
       344  7.204974E+01
       345  4.319184E+01
       346  7.227618E+01
       347  4.353683E+01
       348  7.253439E+01
       349  1.584285E+01
       350  2.637030E+01
       351  1.584285E+01
       352  2.637030E+01
       353  4.353683E+01
       354  7.253439E+01
       355  4.319184E+01
       356  7.227618E+01
       357  4.301780E+01
       358  7.204974E+01
       359  4.291873E+01
       360  7.192689E+01
       361  6.397975E+02
       362  3.449204E+02
       363  1.425852E+02
       364  3.239396E+01
       365  1.398901E+01
       366  6.397975E+02
       367  3.449204E+02
       368  1.425852E+02
       369  3.239396E+01
       370  1.398901E+01
       371  4.042721E+01
       372  6.873827E+01
       373  4.052936E+01
       374  6.886466E+01
       375  4.070903E+01
       376  6.909883E+01
       377  4.106977E+01
       378  6.936469E+01
       379  1.494489E+01
       380  2.521556E+01
       381  1.494489E+01
       382  2.521556E+01
       383  4.106977E+01
       384  6.936469E+01
       385  4.070903E+01
       386  6.909883E+01
       387  4.052936E+01
       388  6.886466E+01
       389  4.042721E+01
       390  6.873827E+01
       391  6.108206E+02
       392  3.303825E+02
       393  1.375425E+02
       394  3.186738E+01
       395  1.298612E+01
       396  6.108206E+02
       397  3.303825E+02
       398  1.375425E+02
       399  3.186738E+01
       400  1.298612E+01
       401  3.800657E+01
       402  6.559563E+01
       403  3.811234E+01
       404  6.572542E+01
       405  3.829815E+01
       406  6.596726E+01
       407  3.867572E+01
       408  6.624084E+01
       409  1.407347E+01
       410  2.407729E+01
       411  1.407347E+01
       412  2.407729E+01
       413  3.867572E+01
       414  6.624084E+01
       415  3.829815E+01
       416  6.596726E+01
       417  3.811234E+01
       418  6.572542E+01
       419  3.800657E+01
       420  6.559563E+01
       421  5.821433E+02
       422  3.159086E+02
       423  1.324498E+02
       424  3.129876E+01
       425  1.207143E+01
       426  5.821433E+02
       427  3.159086E+02
       428  1.324498E+02
       429  3.129876E+01
       430  1.207143E+01
       431  3.565668E+01
       432  6.249575E+01
       433  3.576634E+01
       434  6.262920E+01
       435  3.595864E+01
       436  6.287924E+01
       437  3.635406E+01
       438  6.316098E+01
       439  1.322833E+01
       440  2.295485E+01
       441  1.322833E+01
       442  2.295485E+01
       443  3.635406E+01
       444  6.316098E+01
       445  3.595864E+01
       446  6.287924E+01
       447  3.576634E+01
       448  6.262920E+01
       449  3.565668E+01
       450  6.249575E+01
       451  5.537599E+02
       452  3.014974E+02
       453  1.273070E+02
       454  3.068676E+01
       455  1.123959E+01
       456  5.537599E+02
       457  3.014974E+02
       458  1.273070E+02
       459  3.068676E+01
       460  1.123959E+01
       461  3.337717E+01
       462  5.943692E+01
       463  3.349089E+01
       464  5.957439E+01
       465  3.368994E+01
       466  5.983324E+01
       467  3.410418E+01
       468  6.012358E+01
       469  1.240923E+01
       470  2.184767E+01
       471  1.240923E+01
       472  2.184767E+01
       473  3.410418E+01
       474  6.012358E+01
       475  3.368994E+01
       476  5.983324E+01
       477  3.349089E+01
       478  5.957439E+01
       479  3.337717E+01
       480  5.943692E+01
       481  5.256675E+02
       482  2.871489E+02
       483  1.221149E+02
       484  3.003026E+01
       485  1.048548E+01
       486  5.256675E+02
       487  2.871489E+02
       488  1.221149E+02
       489  3.003026E+01
       490  1.048548E+01
       491  3.116768E+01
       492  5.641819E+01
       493  3.128559E+01
       494  5.655996E+01
       495  3.149158E+01
       496  5.682815E+01
       497  3.192565E+01
       498  5.712748E+01
       499  1.161602E+01
       500  2.075528E+01
       501  1.161602E+01
       502  2.075528E+01
       503  3.192565E+01
       504  5.712748E+01
       505  3.149158E+01
       506  5.682815E+01
       507  3.128559E+01
       508  5.655996E+01
       509  3.116768E+01
       510  5.641819E+01
       511  4.978660E+02
       512  2.728648E+02
       513  1.168745E+02
       514  2.932828E+01
       515  9.804187E+00
       516  4.978660E+02
       517  2.728648E+02
       518  1.168745E+02
       519  2.932828E+01
       520  9.804187E+00
       521  2.902791E+01
       522  5.343897E+01
       523  2.915014E+01
       524  5.358524E+01
       525  2.936327E+01
       526  5.386321E+01
       527  2.981822E+01
       528  5.417182E+01
       529  1.084859E+01
       530  1.967733E+01
       531  1.084859E+01
       532  1.967733E+01
       533  2.981822E+01
       534  5.417182E+01
       535  2.936327E+01
       536  5.386321E+01
       537  2.915014E+01
       538  5.358524E+01
       539  2.902791E+01
       540  5.343897E+01
       541  4.703589E+02
       542  2.586484E+02
       543  1.115880E+02
       544  2.858008E+01
       545  9.190988E+00
       546  4.703589E+02
       547  2.586484E+02
       548  1.115880E+02
       549  2.858008E+01
       550  9.190988E+00
       551  2.695770E+01
       552  5.049895E+01
       553  2.708438E+01
       554  5.064983E+01
       555  2.730486E+01
       556  5.093795E+01
       557  2.778179E+01
       558  5.125603E+01
       559  1.010692E+01
       560  1.861357E+01
       561  1.010692E+01
       562  1.861357E+01
       563  2.778179E+01
       564  5.125603E+01
       565  2.730486E+01
       566  5.093795E+01
       567  2.708438E+01
       568  5.064983E+01
       569  2.695770E+01
       570  5.049895E+01
       571  4.431531E+02
       572  2.445051E+02
       573  1.062581E+02
       574  2.778515E+01
       575  8.641356E+00
       576  4.431531E+02
       577  2.445051E+02
       578  1.062581E+02
       579  2.778515E+01
       580  8.641356E+00
       581  2.495707E+01
       582  4.759802E+01
       583  2.508835E+01
       584  4.775358E+01
       585  2.531637E+01
       586  4.805214E+01
       587  2.581648E+01
       588  4.837986E+01
       589  9.391031E+00
       590  1.756389E+01
       591  9.391031E+00
       592  1.756389E+01
       593  2.581648E+01
       594  4.837986E+01
       595  2.531637E+01
       596  4.805214E+01
       597  2.508835E+01
       598  4.775358E+01
       599  2.495707E+01
       600  4.759802E+01
       601  4.162596E+02
       602  2.304423E+02
       603  1.008886E+02
       604  2.694326E+01
       605  8.150925E+00
       606  4.162596E+02
       607  2.304423E+02
       608  1.008886E+02
       609  2.694326E+01
       610  8.150925E+00
       611  2.302618E+01
       612  4.473633E+01
       613  2.316221E+01
       614  4.489659E+01
       615  2.339799E+01
       616  4.520588E+01
       617  2.392250E+01
       618  4.554335E+01
       619  8.701014E+00
       620  1.652827E+01
       621  8.701014E+00
       622  1.652827E+01
       623  2.392250E+01
       624  4.554335E+01
       625  2.339799E+01
       626  4.520588E+01
       627  2.316221E+01
       628  4.489659E+01
       629  2.302618E+01
       630  4.473633E+01
       631  3.896931E+02
       632  2.164697E+02
       633  9.548420E+01
       634  2.605453E+01
       635  7.715490E+00
       636  3.896931E+02
       637  2.164697E+02
       638  9.548420E+01
       639  2.605453E+01
       640  7.715490E+00
       641  2.116539E+01
       642  4.191428E+01
       643  2.130632E+01
       644  4.207929E+01
       645  2.155004E+01
       646  4.239958E+01
       647  2.210028E+01
       648  4.274690E+01
       649  8.037009E+00
       650  1.550680E+01
       651  8.037009E+00
       652  1.550680E+01
       653  2.210028E+01
       654  4.274690E+01
       655  2.155004E+01
       656  4.239958E+01
       657  2.130632E+01
       658  4.207929E+01
       659  2.116539E+01
       660  4.191428E+01
       661  3.634731E+02
       662  2.025997E+02
       663  9.005086E+01
       664  2.511945E+01
       665  7.330991E+00
       666  3.634731E+02
       667  2.025997E+02
       668  9.005086E+01
       669  2.511945E+01
       670  7.330991E+00
       671  1.937521E+01
       672  3.913255E+01
       673  1.952115E+01
       674  3.930237E+01
       675  1.977299E+01
       676  3.963400E+01
       677  2.035034E+01
       678  3.999128E+01
       679  7.399211E+00
       680  1.449976E+01
       681  7.399211E+00
       682  1.449976E+01
       683  2.035034E+01
       684  3.999128E+01
       685  1.977299E+01
       686  3.963400E+01
       687  1.952115E+01
       688  3.930237E+01
       689  1.937521E+01
       690  3.913255E+01
       691  3.376237E+02
       692  1.888472E+02
       693  8.459586E+01
       694  2.413893E+01
       695  6.993516E+00
       696  3.376237E+02
       697  1.888472E+02
       698  8.459586E+01
       699  2.413893E+01
       700  6.993516E+00
       701  1.765628E+01
       702  3.639203E+01
       703  1.780734E+01
       704  3.656686E+01
       705  1.806746E+01
       706  3.691030E+01
       707  1.867339E+01
       708  3.727770E+01
       709  6.787874E+00
       710  1.350753E+01
       711  6.787874E+00
       712  1.350753E+01
       713  1.867339E+01
       714  3.727770E+01
       715  1.806746E+01
       716  3.691030E+01
       717  1.780734E+01
       718  3.656686E+01
       719  1.765628E+01
       720  3.639203E+01
       721  3.121743E+02
       722  1.752303E+02
       723  7.912787E+01
       724  2.311438E+01
       725  6.699297E+00
       726  3.121743E+02
       727  1.752303E+02
       728  7.912787E+01
       729  2.311438E+01
       730  6.699297E+00
       731  1.600937E+01
       732  3.369393E+01
       733  1.616562E+01
       734  3.387414E+01
       735  1.643415E+01
       736  3.423008E+01
       737  1.707025E+01
       738  3.460789E+01
       739  6.203314E+00
       740  1.253073E+01
       741  6.203314E+00
       742  1.253073E+01
       743  1.707025E+01
       744  3.460789E+01
       745  1.643415E+01
       746  3.423008E+01
       747  1.616562E+01
       748  3.387414E+01
       749  1.600937E+01
       750  3.369393E+01
       751  2.871603E+02
       752  1.617705E+02
       753  7.365723E+01
       754  2.204776E+01
       755  6.444736E+00
       756  2.871603E+02
       757  1.617705E+02
       758  7.365723E+01
       759  2.204776E+01
       760  6.444736E+00
       761  1.443534E+01
       762  3.103975E+01
       763  1.459680E+01
       764  3.122602E+01
       765  1.487391E+01
       766  3.159551E+01
       767  1.554191E+01
       768  3.198420E+01
       769  5.645925E+00
       770  1.157020E+01
       771  5.645925E+00
       772  1.157020E+01
       773  1.554191E+01
       774  3.198420E+01
       775  1.487391E+01
       776  3.159551E+01
       777  1.459680E+01
       778  3.122602E+01
       779  1.443534E+01
       780  3.103975E+01
       781  2.626234E+02
       782  1.484930E+02
       783  6.819601E+01
       784  2.094166E+01
       785  6.226448E+00
       786  2.626234E+02
       787  1.484930E+02
       788  6.819601E+01
       789  2.094166E+01
       790  6.226448E+00
       791  1.293502E+01
       792  2.843149E+01
       793  1.310172E+01
       794  2.862488E+01
       795  1.338763E+01
       796  2.900942E+01
       797  1.408957E+01
       798  2.940977E+01
       799  5.116192E+00
       800  1.062704E+01
       801  5.116192E+00
       802  1.062704E+01
       803  1.408957E+01
       804  2.940977E+01
       805  1.338763E+01
       806  2.900942E+01
       807  1.310172E+01
       808  2.862488E+01
       809  1.293502E+01
       810  2.843149E+01
       811  2.386121E+02
       812  1.354268E+02
       813  6.275827E+01
       814  1.979946E+01
       815  6.041340E+00
       816  2.386121E+02
       817  1.354268E+02
       818  6.275827E+01
       819  1.979946E+01
       820  6.041340E+00
       821  1.150914E+01
       822  2.587201E+01
       823  1.168116E+01
       824  2.607398E+01
       825  1.197631E+01
       826  2.647561E+01
       827  1.271458E+01
       828  2.688873E+01
       829  4.614708E+00
       830  9.702743E+00
       831  4.614708E+00
       832  9.702743E+00
       833  1.271458E+01
       834  2.688873E+01
       835  1.197631E+01
       836  2.647561E+01
       837  1.168116E+01
       838  2.607398E+01
       839  1.150914E+01
       840  2.587201E+01
       841  2.151819E+02
       842  1.226049E+02
       843  5.736016E+01
       844  1.862548E+01
       845  5.886770E+00
       846  2.151819E+02
       847  1.226049E+02
       848  5.736016E+01
       849  1.862548E+01
       850  5.886770E+00
       851  1.015824E+01
       852  2.336570E+01
       853  1.033581E+01
       854  2.357792E+01
       855  1.064095E+01
       856  2.399909E+01
       857  1.141860E+01
       858  2.442643E+01
       859  4.142204E+00
       860  8.799192E+00
       861  4.142204E+00
       862  8.799192E+00
       863  1.141860E+01
       864  2.442643E+01
       865  1.064095E+01
       866  2.399909E+01
       867  1.033581E+01
       868  2.357792E+01
       869  1.015824E+01
       870  2.336570E+01
       871  1.923951E+02
       872  1.100646E+02
       873  5.202017E+01
       874  1.742531E+01
       875  5.760776E+00
       876  1.923951E+02
       877  1.100646E+02
       878  5.202017E+01
       879  1.742531E+01
       880  5.760776E+00
       881  8.882558E+00
       882  2.091950E+01
       883  9.066284E+00
       884  2.114336E+01
       885  9.382718E+00
       886  2.158650E+01
       887  1.020364E+01
       888  2.202967E+01
       889  3.699551E+00
       890  7.918754E+00
       891  3.699551E+00
       892  7.918754E+00
       893  1.020364E+01
       894  2.202967E+01
       895  9.382718E+00
       896  2.158650E+01
       897  9.066284E+00
       898  2.114336E+01
       899  8.882558E+00
       900  2.091950E+01
       901  1.703195E+02
       902  9.784678E+01
       903  4.675932E+01
       904  1.620616E+01
       905  5.662454E+00
       906  1.703195E+02
       907  9.784678E+01
       908  4.675932E+01
       909  1.620616E+01
       910  5.662454E+00
       911  7.682110E+00
       912  1.854437E+01
       913  7.873201E+00
       914  1.877991E+01
       915  8.202998E+00
       916  1.924655E+01
       917  9.072263E+00
       918  1.970684E+01
       919  3.287771E+00
       920  7.064294E+00
       921  3.287771E+00
       922  7.064294E+00
       923  9.072263E+00
       924  1.970684E+01
       925  8.202998E+00
       926  1.924655E+01
       927  7.873201E+00
       928  1.877991E+01
       929  7.682110E+00
       930  1.854437E+01
       931  1.490278E+02
       932  8.599579E+01
       933  4.160150E+01
       934  1.497750E+01
       935  5.592451E+00
       936  1.490278E+02
       937  8.599579E+01
       938  4.160150E+01
       939  1.497750E+01
       940  5.592451E+00
       941  6.556943E+00
       942  1.625688E+01
       943  6.757593E+00
       944  1.650109E+01
       945  7.103795E+00
       946  1.699027E+01
       947  8.027875E+00
       948  1.746796E+01
       949  2.908002E+00
       950  6.239137E+00
       951  2.908002E+00
       952  6.239137E+00
       953  8.027875E+00
       954  1.746796E+01
       955  7.103795E+00
       956  1.699027E+01
       957  6.757593E+00
       958  1.650109E+01
       959  6.556943E+00
       960  1.625688E+01
       961  1.285949E+02
       962  7.455920E+01
       963  3.657393E+01
       964  1.375177E+01
       965  5.553591E+00
       966  1.285949E+02
       967  7.455920E+01
       968  3.657393E+01
       969  1.375177E+01
       970  5.553591E+00
       971  5.507876E+00
       972  1.408071E+01
       973  5.721696E+00
       974  1.432489E+01
       975  6.088388E+00
       976  1.483086E+01
       977  7.075223E+00
       978  1.532415E+01
       979  2.561426E+00
       980  5.446911E+00
       981  2.561426E+00
       982  5.446911E+00
       983  7.075223E+00
       984  1.532415E+01
       985  6.088388E+00
       986  1.483086E+01
       987  5.721696E+00
       988  1.432489E+01
       989  5.507876E+00
       990  1.408071E+01
       991  1.090976E+02
       992  6.358797E+01
       993  3.170789E+01
       994  1.254517E+01
       995  5.551477E+00
       996  1.090976E+02
       997  6.358797E+01
       998  3.170789E+01
       999  1.254517E+01
      1000  5.551477E+00
      1001  4.538174E+00
      1002  1.204721E+01
      1003  4.770628E+00
      1004  1.227355E+01
      1005  5.162584E+00
      1006  1.278279E+01
      1007  6.221068E+00
      1008  1.328659E+01
      1009  2.249119E+00
      1010  4.691167E+00
      1011  2.249119E+00
      1012  4.691167E+00
      1013  6.221068E+00
      1014  1.328659E+01
      1015  5.162584E+00
      1016  1.278279E+01
      1017  4.770628E+00
      1018  1.227355E+01
      1019  4.538174E+00
      1020  1.204721E+01
      1021  9.061553E+01
      1022  5.313804E+01
      1023  2.703990E+01
      1024  1.137837E+01
      1025  5.594758E+00
      1026  9.061553E+01
      1027  5.313804E+01
      1028  2.703990E+01
      1029  1.137837E+01
      1030  5.594758E+00
      1031  3.657231E+00
      1032  1.019457E+01
      1033  3.915843E+00
      1034  1.037208E+01
      1035  4.337074E+00
      1036  1.085960E+01
      1037  5.475152E+00
      1038  1.136418E+01
      1039  1.971788E+00
      1040  3.974651E+00
      1041  1.971788E+00
      1042  3.974651E+00
      1043  5.475152E+00
      1044  1.136418E+01
      1045  4.337074E+00
      1046  1.085960E+01
      1047  3.915843E+00
      1048  1.037208E+01
      1049  3.657231E+00
      1050  1.019457E+01
      1051  7.323746E+01
      1052  4.327465E+01
      1053  2.261410E+01
      1054  1.027703E+01
      1055  5.694259E+00
      1056  7.323746E+01
      1057  4.327465E+01
      1058  2.261410E+01
      1059  1.027703E+01
      1060  5.694259E+00
      1061  2.888405E+00
      1062  8.565657E+00
      1063  3.182294E+00
      1064  8.646040E+00
      1065  3.632118E+00
      1066  9.071148E+00
      1067  4.851943E+00
      1068  9.560421E+00
      1069  1.729328E+00
      1070  3.298283E+00
      1071  1.729328E+00
      1072  3.298283E+00
      1073  4.851943E+00
      1074  9.560421E+00
      1075  3.632118E+00
      1076  9.071148E+00
      1077  3.182294E+00
      1078  8.646040E+00
      1079  2.888405E+00
      1080  8.565657E+00
      1081  5.707187E+01
      1082  3.408093E+01
      1083  1.848826E+01
      1084  9.272231E+00
      1085  5.859597E+00
      1086  5.707187E+01
      1087  3.408093E+01
      1088  1.848826E+01
      1089  9.272231E+00
      1090  5.859597E+00
      1091  2.284616E+00
      1092  7.205761E+00
      1093  2.622540E+00
      1094  7.121570E+00
      1095  3.087013E+00
      1096  7.423483E+00
      1097  4.375292E+00
      1098  7.872593E+00
      1099  1.520177E+00
      1100  2.661342E+00
      1101  1.520177E+00
      1102  2.661342E+00
      1103  4.375292E+00
      1104  7.872593E+00
      1105  3.087013E+00
      1106  7.423483E+00
      1107  2.622540E+00
      1108  7.121570E+00
      1109  2.284616E+00
      1110  7.205761E+00
      1111  4.225818E+01
      1112  2.567320E+01
      1113  1.474602E+01
      1114  8.402290E+00
      1115  6.090013E+00
      1116  4.225818E+01
      1117  2.567320E+01
      1118  1.474602E+01
      1119  8.402290E+00
      1120  6.090013E+00
      1121  1.952236E+00
      1122  6.162154E+00
      1123  2.340394E+00
      1124  5.834433E+00
      1125  2.778779E+00
      1126  5.931579E+00
      1127  4.093337E+00
      1128  6.304030E+00
      1129  1.340967E+00
      1130  2.067559E+00
      1131  1.340967E+00
      1132  2.067559E+00
      1133  4.093337E+00
      1134  6.304030E+00
      1135  2.778779E+00
      1136  5.931579E+00
      1137  2.340394E+00
      1138  5.834433E+00
      1139  1.952236E+00
      1140  6.162154E+00
      1141  2.897387E+01
      1142  1.822235E+01
      1143  1.150991E+01
      1144  7.707758E+00
      1145  6.363052E+00
      1146  2.897387E+01
      1147  1.822235E+01
      1148  1.150991E+01
      1149  7.707758E+00
      1150  6.363052E+00
      1151  2.068947E+00
      1152  5.472507E+00
      1153  2.512971E+00
      1154  4.853460E+00
      1155  2.851521E+00
      1156  4.665574E+00
      1157  4.119407E+00
      1158  4.923740E+00
      1159  1.186370E+00
      1160  1.555052E+00
      1161  1.186370E+00
      1162  1.555052E+00
      1163  4.119407E+00
      1164  4.923740E+00
      1165  2.851521E+00
      1166  4.665574E+00
      1167  2.512971E+00
      1168  4.853460E+00
      1169  2.068947E+00
      1170  5.472507E+00
      1171  1.748452E+01
      1172  1.196422E+01
      1173  8.928178E+00
      1174  7.199786E+00
      1175  6.627703E+00
      1176  1.748452E+01
      1177  1.196422E+01
      1178  8.928178E+00
      1179  7.199786E+00
      1180  6.627703E+00
      1181  2.790828E+00
      1182  5.116832E+00
      1183  3.334852E+00
      1184  4.294008E+00
      1185  3.544444E+00
      1186  3.844904E+00
      1187  4.761217E+00
      1188  4.012009E+00
      1189  1.068287E+00
      1190  1.276411E+00
      1191  1.068287E+00
      1192  1.276411E+00
      1193  4.761217E+00
      1194  4.012009E+00
      1195  3.544444E+00
      1196  3.844904E+00
      1197  3.334852E+00
      1198  4.294008E+00
      1199  2.790828E+00
      1200  5.116832E+00
      1201  8.352372E+00
      1202  7.213978E+00
      1203  7.070677E+00
      1204  6.923490E+00
      1205  7.010049E+00
      1206  8.352372E+00
      1207  7.213978E+00
      1208  7.070677E+00
      1209  6.923490E+00
      1210  7.010049E+00
      1211  3.902299E+00
      1212  4.819782E+00
      1213  4.730135E+00
      1214  4.155904E+00
      1215  5.123325E+00
      1216  3.934406E+00
      1217  6.890130E+00
      1218  4.535977E+00
      1219  1.044033E+00
      1220  1.800970E+00
      1221  1.044033E+00
      1222  1.800970E+00
      1223  6.890130E+00
      1224  4.535977E+00
      1225  5.123325E+00
      1226  3.934406E+00
      1227  4.730135E+00
      1228  4.155904E+00
      1229  3.902299E+00
      1230  4.819782E+00
      1231  2.433615E+00
      1232  3.730355E+00
      1233  5.362333E+00
      1234  6.860669E+00
      1235  9.238906E+00
      1236  2.433615E+00
      1237  3.730355E+00
      1238  5.362333E+00
      1239  6.860669E+00
      1240  9.238906E+00
      1241  4.590683E+00
      1242  4.249881E+00
      1243  5.884897E+00
      1244  4.146283E+00
      1245  7.778025E+00
      1246  5.372646E+00
      1247  1.423272E+01
      1248  1.003432E+01
      1249  1.639465E+00
      1250  5.978827E+00
      1251  1.639465E+00
      1252  5.978827E+00
      1253  1.423272E+01
      1254  1.003432E+01
      1255  7.778025E+00
      1256  5.372646E+00
      1257  5.884897E+00
      1258  4.146283E+00
      1259  4.590683E+00
      1260  4.249881E+00
      1261  1.106525E-01
      1262  4.961546E-01
      1263  1.442028E+00
      1264  3.494591E+00
      1265  9.190464E+00
      1266  1.106525E-01
      1267  4.961546E-01
      1268  1.442028E+00
      1269  3.494591E+00
      1270  9.190464E+00
      1271  2.597642E+00
      1272  3.333560E+00
      1273  3.765630E+00
      1274  3.392478E+00
      1275  6.474622E+00
      1276  7.026221E+00
      1277  2.180337E+01
      1278  2.107475E+01
      1279  2.514571E+00
      1280  1.628741E+01
      1281  2.514571E+00
      1282  1.628741E+01
      1283  2.180337E+01
      1284  2.107475E+01
      1285  6.474622E+00
      1286  7.026221E+00
      1287  3.765630E+00
      1288  3.392478E+00
      1289  2.597642E+00
      1290  3.333560E+00

                                INCREMENT     7


 displacements (vx,vy,vz) for set TIP_TOP and time  0.5750000E+00

      2087  4.117333E-01 -1.430691E-02 -1.208183E+01
      2088  4.117533E-01 -1.412454E-02 -1.205007E+01
      2091  4.110984E-01 -1.373683E-02 -1.201845E+01
      2094  4.106951E-01 -1.123900E-02 -1.198911E+01
      2096  4.107177E-01 -4.487573E-03 -1.197008E+01
      2098  4.106356E-01  2.051301E-14 -1.196892E+01
      2100  4.107177E-01  4.487573E-03 -1.197008E+01
      2103  4.106951E-01  1.123900E-02 -1.198911E+01
      2106  4.110984E-01  1.373683E-02 -1.201845E+01
      2109  4.117533E-01  1.412454E-02 -1.205007E+01
      2112  4.117333E-01  1.430691E-02 -1.208183E+01

 forces (fx,fy,fz) for set CLAMP and time  0.5750000E+00

         1  1.918620E+04  2.308242E+04  7.652486E+03
         4  3.446548E+04  2.941822E-09  1.528330E+04
         5  2.730064E+04  3.590843E+04  1.104223E+03
         8  4.814225E+04  8.546879E-10  2.247658E+03
         9  1.825305E+04  2.359917E+04 -4.814809E+02
        12  3.196643E+04 -1.964939E-10 -9.239177E+02
        13  9.495273E+03  1.207820E+04 -1.523676E+03
        16  1.658949E+04  2.965136E-09 -3.000998E+03
        17  5.851019E+02  4.580684E+02 -1.770067E+03
        20  9.709183E+02 -2.029315E-09 -3.510582E+03
        21 -5.792711E+03 -3.936313E+03 -5.366285E+03
        24 -7.080937E+03  1.258739E-09 -1.956607E+03
        26  1.918620E+04 -2.308242E+04  7.652486E+03
        28  2.730064E+04 -3.590843E+04  1.104223E+03
        30  1.825305E+04 -2.359917E+04 -4.814809E+02
        32  9.495273E+03 -1.207820E+04 -1.523676E+03
        34  5.851019E+02 -4.580684E+02 -1.770067E+03
        36 -5.792711E+03  3.936313E+03 -5.366285E+03
        37 -3.941651E+03 -2.406224E+03 -5.464178E+03
        40 -4.702014E+03 -7.500543E+02 -9.478063E+03
        41 -9.914537E+03 -5.511824E+03 -1.429387E+03
        44 -1.420559E+04 -1.652982E+03 -2.763866E+03
        45 -6.918850E+03 -3.118011E+03  6.564716E+03
        48 -1.139765E+04 -9.053044E+02  1.199973E+04
        50 -3.990652E+03 -7.082071E+02 -8.704293E+03
        52 -1.349041E+04 -1.495037E+03 -2.782268E+03
        54 -1.145716E+04 -7.866896E+02  1.147673E+04
        56 -3.888741E+03 -5.222639E+02 -8.642023E+03
        58 -1.358642E+04 -1.022633E+03 -2.713797E+03
        60 -1.171585E+04 -5.108210E+02  1.154294E+04
        62 -9.469459E+03 -3.945659E+02 -1.666928E+03
        64 -8.151006E+03 -1.793999E+02  8.013984E+03
        66 -5.078846E+03 -1.090714E-11 -8.447167E+02
        68 -4.369905E+03  1.175821E-11  4.310412E+03
        70 -9.469459E+03  3.945659E+02 -1.666928E+03
        72 -8.151006E+03  1.793999E+02  8.013984E+03
        74 -3.888741E+03  5.222639E+02 -8.642023E+03
        76 -1.358642E+04  1.022633E+03 -2.713797E+03
        78 -1.171585E+04  5.108210E+02  1.154294E+04
        80 -3.990652E+03  7.082071E+02 -8.704293E+03
        82 -1.349041E+04  1.495037E+03 -2.782268E+03
        84 -1.145716E+04  7.866896E+02  1.147673E+04
        86 -4.702014E+03  7.500543E+02 -9.478063E+03
        88 -1.420559E+04  1.652982E+03 -2.763866E+03
        90 -1.139765E+04  9.053044E+02  1.199973E+04
        92 -3.941651E+03  2.406224E+03 -5.464178E+03
        94 -9.914537E+03  5.511824E+03 -1.429387E+03
        96 -6.918850E+03  3.118011E+03  6.564716E+03

 internal energy (element, energy) for set EALL and time  0.5750000E+00

         1  1.013304E+03
         2  4.764518E+02
         3  1.793630E+02
         4  3.039649E+01
         5  2.531087E+01
         6  1.013304E+03
         7  4.764518E+02
         8  1.793630E+02
         9  3.039649E+01
        10  2.531087E+01
        11  8.216586E+01
        12  1.252006E+02
        13  6.657738E+01
        14  1.077439E+02
        15  6.294906E+01
        16  1.046776E+02
        17  6.442394E+01
        18  1.057178E+02
        19  2.390751E+01
        20  3.894312E+01
        21  2.390751E+01
        22  3.894312E+01
        23  6.442394E+01
        24  1.057178E+02
        25  6.294906E+01
        26  1.046776E+02
        27  6.657738E+01
        28  1.077439E+02
        29  8.216586E+01
        30  1.252006E+02
        31  1.258879E+03
        32  7.014745E+02
        33  2.679630E+02
        34  4.915948E+01
        35  4.327297E+01
        36  1.258879E+03
        37  7.014745E+02
        38  2.679630E+02
        39  4.915948E+01
        40  4.327297E+01
        41  8.936625E+01
        42  1.342457E+02
        43  9.658470E+01
        44  1.426867E+02
        45  9.627725E+01
        46  1.421780E+02
        47  9.718423E+01
        48  1.431369E+02
        49  3.545813E+01
        50  5.233016E+01
        51  3.545813E+01
        52  5.233016E+01
        53  9.718423E+01
        54  1.431369E+02
        55  9.627725E+01
        56  1.421780E+02
        57  9.658470E+01
        58  1.426867E+02
        59  8.936625E+01
        60  1.342457E+02
        61  1.326921E+03
        62  7.226527E+02
        63  2.885076E+02
        64  5.608290E+01
        65  4.647304E+01
        66  1.326921E+03
        67  7.226527E+02
        68  2.885076E+02
        69  5.608290E+01
        70  4.647304E+01
        71  9.290487E+01
        72  1.391425E+02
        73  9.928418E+01
        74  1.471033E+02
        75  1.030841E+02
        76  1.523145E+02
        77  1.040437E+02
        78  1.544252E+02
        79  3.766493E+01
        80  5.627749E+01
        81  3.766493E+01
        82  5.627749E+01
        83  1.040437E+02
        84  1.544252E+02
        85  1.030841E+02
        86  1.523145E+02
        87  9.928418E+01
        88  1.471033E+02
        89  9.290487E+01
        90  1.391425E+02
        91  1.331276E+03
        92  7.047278E+02
        93  2.784210E+02
        94  5.474001E+01
        95  4.257266E+01
        96  1.331276E+03
        97  7.047278E+02
        98  2.784210E+02
        99  5.474001E+01
       100  4.257266E+01
       101  9.440948E+01
       102  1.430703E+02
       103  9.628984E+01
       104  1.456478E+02
       105  9.829476E+01
       106  1.483023E+02
       107  9.945256E+01
       108  1.495663E+02
       109  3.616665E+01
       110  5.437662E+01
       111  3.616665E+01
       112  5.437662E+01
       113  9.945256E+01
       114  1.495663E+02
       115  9.829476E+01
       116  1.483023E+02
       117  9.628984E+01
       118  1.456478E+02
       119  9.440948E+01
       120  1.430703E+02
       121  1.291260E+03
       122  6.796666E+02
       123  2.669223E+02
       124  5.249492E+01
       125  3.835749E+01
       126  1.291260E+03
       127  6.796666E+02
       128  2.669223E+02
       129  5.249492E+01
       130  3.835749E+01
       131  9.109554E+01
       132  1.406842E+02
       133  9.151692E+01
       134  1.409743E+02
       135  9.216875E+01
       136  1.414504E+02
       137  9.279876E+01
       138  1.417588E+02
       139  3.378147E+01
       140  5.152627E+01
       141  3.378147E+01
       142  5.152627E+01
       143  9.279876E+01
       144  1.417588E+02
       145  9.216875E+01
       146  1.414504E+02
       147  9.151692E+01
       148  1.409743E+02
       149  9.109554E+01
       150  1.406842E+02
       151  1.247530E+03
       152  6.573429E+02
       153  2.588664E+02
       154  5.147314E+01
       155  3.515839E+01
       156  1.247530E+03
       157  6.573429E+02
       158  2.588664E+02
       159  5.147314E+01
       160  3.515839E+01
       161  8.706555E+01
       162  1.359435E+02
       163  8.715158E+01
       164  1.357074E+02
       165  8.741460E+01
       166  1.356667E+02
       167  8.782817E+01
       168  1.357571E+02
       169  3.196235E+01
       170  4.933408E+01
       171  3.196235E+01
       172  4.933408E+01
       173  8.782817E+01
       174  1.357571E+02
       175  8.741460E+01
       176  1.356667E+02
       177  8.715158E+01
       178  1.357074E+02
       179  8.706555E+01
       180  1.359435E+02
       181  1.202029E+03
       182  6.352486E+02
       183  2.516802E+02
       184  5.090755E+01
       185  3.247552E+01
       186  1.202029E+03
       187  6.352486E+02
       188  2.516802E+02
       189  5.090755E+01
       190  3.247552E+01
       191  8.277376E+01
       192  1.305014E+02
       193  8.285796E+01
       194  1.303740E+02
       195  8.305585E+01
       196  1.303918E+02
       197  8.345185E+01
       198  1.305503E+02
       199  3.036962E+01
       200  4.745361E+01
       201  3.036962E+01
       202  4.745361E+01
       203  8.345185E+01
       204  1.305503E+02
       205  8.305585E+01
       206  1.303918E+02
       207  8.285796E+01
       208  1.303740E+02
       209  8.277376E+01
       210  1.305014E+02
       211  1.156714E+03
       212  6.133392E+02
       213  2.447076E+02
       214  5.044407E+01
       215  3.005880E+01
       216  1.156714E+03
       217  6.133392E+02
       218  2.447076E+02
       219  5.044407E+01
       220  3.005880E+01
       221  7.856981E+01
       222  1.251338E+02
       223  7.868508E+01
       224  1.251610E+02
       225  7.889816E+01
       226  1.253172E+02
       227  7.931685E+01
       228  1.255685E+02
       229  2.886499E+01
       230  4.565194E+01
       231  2.886499E+01
       232  4.565194E+01
       233  7.931685E+01
       234  1.255685E+02
       235  7.889816E+01
       236  1.253172E+02
       237  7.868508E+01
       238  1.251610E+02
       239  7.856981E+01
       240  1.251338E+02
       241  1.111879E+03
       242  5.915410E+02
       243  2.376992E+02
       244  4.995540E+01
       245  2.783072E+01
       246  1.111879E+03
       247  5.915410E+02
       248  2.376992E+02
       249  4.995540E+01
       250  2.783072E+01
       251  7.448710E+01
       252  1.199820E+02
       253  7.461866E+01
       254  1.200967E+02
       255  7.484822E+01
       256  1.203433E+02
       257  7.529075E+01
       258  1.206557E+02
       259  2.739940E+01
       260  4.386983E+01
       261  2.739940E+01
       262  4.386983E+01
       263  7.529075E+01
       264  1.206557E+02
       265  7.484822E+01
       266  1.203433E+02
       267  7.461866E+01
       268  1.200967E+02
       269  7.448710E+01
       270  1.199820E+02
       271  1.067558E+03
       272  5.698437E+02
       273  2.306099E+02
       274  4.941269E+01
       275  2.576749E+01
       276  1.067558E+03
       277  5.698437E+02
       278  2.306099E+02
       279  4.941269E+01
       280  2.576749E+01
       281  7.052118E+01
       282  1.150090E+02
       283  7.065817E+01
       284  1.151626E+02
       285  7.089749E+01
       286  1.154553E+02
       287  7.136055E+01
       288  1.158013E+02
       289  2.596864E+01
       290  4.210521E+01
       291  2.596864E+01
       292  4.210521E+01
       293  7.136055E+01
       294  1.158013E+02
       295  7.089749E+01
       296  1.154553E+02
       297  7.065817E+01
       298  1.151626E+02
       299  7.052118E+01
       300  1.150090E+02
       301  1.023724E+03
       302  5.482466E+02
       303  2.234415E+02
       304  4.881386E+01
       305  2.386248E+01
       306  1.023724E+03
       307  5.482466E+02
       308  2.234415E+02
       309  4.881386E+01
       310  2.386248E+01
       311  6.666235E+01
       312  1.101647E+02
       313  6.680210E+01
       314  1.103344E+02
       315  6.704855E+01
       316  1.106504E+02
       317  6.753176E+01
       318  1.110152E+02
       319  2.457491E+01
       320  4.036323E+01
       321  2.457491E+01
       322  4.036323E+01
       323  6.753176E+01
       324  1.110152E+02
       325  6.704855E+01
       326  1.106504E+02
       327  6.680210E+01
       328  1.103344E+02
       329  6.666235E+01
       330  1.101647E+02
       331  9.803587E+02
       332  5.267505E+02
       333  2.161992E+02
       334  4.815921E+01
       335  2.210988E+01
       336  9.803587E+02
       337  5.267505E+02
       338  2.161992E+02
       339  4.815921E+01
       340  2.210988E+01
       341  6.290755E+01
       342  1.054155E+02
       343  6.305073E+01
       344  1.055929E+02
       345  6.330452E+01
       346  1.059229E+02
       347  6.380916E+01
       348  1.063007E+02
       349  2.321994E+01
       350  3.864622E+01
       351  2.321994E+01
       352  3.864622E+01
       353  6.380916E+01
       354  1.063007E+02
       355  6.330452E+01
       356  1.059229E+02
       357  6.305073E+01
       358  1.055929E+02
       359  6.290755E+01
       360  1.054155E+02
       361  9.374524E+02
       362  5.053542E+02
       363  2.088847E+02
       364  4.744738E+01
       365  2.050255E+01
       366  9.374524E+02
       367  5.053542E+02
       368  2.088847E+02
       369  4.744738E+01
       370  2.050255E+01
       371  5.925647E+01
       372  1.007431E+02
       373  5.940421E+01
       374  1.009258E+02
       375  5.966626E+01
       376  1.012672E+02
       377  6.019400E+01
       378  1.016561E+02
       379  2.190410E+01
       380  3.695419E+01
       381  2.190410E+01
       382  3.695419E+01
       383  6.019400E+01
       384  1.016561E+02
       385  5.966626E+01
       386  1.012672E+02
       387  5.940421E+01
       388  1.009258E+02
       389  5.925647E+01
       390  1.007431E+02
       391  8.949949E+02
       392  4.840546E+02
       393  2.014975E+02
       394  4.667618E+01
       395  1.903253E+01
       396  8.949949E+02
       397  4.840546E+02
       398  2.014975E+02
       399  4.667618E+01
       400  1.903253E+01
       401  5.570923E+01
       402  9.613810E+01
       403  5.586229E+01
       404  9.632584E+01
       405  5.613337E+01
       406  9.667852E+01
       407  5.668580E+01
       408  9.707880E+01
       409  2.062713E+01
       410  3.528630E+01
       411  2.062713E+01
       412  3.528630E+01
       413  5.668580E+01
       414  9.707880E+01
       415  5.613337E+01
       416  9.667852E+01
       417  5.586229E+01
       418  9.632584E+01
       419  5.570923E+01
       420  9.613810E+01
       421  8.529764E+02
       422  4.628487E+02
       423  1.940369E+02
       424  4.584343E+01
       425  1.769175E+01
       426  8.529764E+02
       427  4.628487E+02
       428  1.940369E+02
       429  4.584343E+01
       430  1.769175E+01
       431  5.226561E+01
       432  9.159574E+01
       433  5.242442E+01
       434  9.178891E+01
       435  5.270503E+01
       436  9.215366E+01
       437  5.328363E+01
       438  9.256589E+01
       439  1.938865E+01
       440  3.364160E+01
       441  1.938865E+01
       442  3.364160E+01
       443  5.328363E+01
       444  9.256589E+01
       445  5.270503E+01
       446  9.215366E+01
       447  5.242442E+01
       448  9.178891E+01
       449  5.226561E+01
       450  9.159574E+01
       451  8.113888E+02
       452  4.417348E+02
       453  1.865032E+02
       454  4.494717E+01
       455  1.647239E+01
       456  8.113888E+02
       457  4.417348E+02
       458  1.865032E+02
       459  4.494717E+01
       460  1.647239E+01
       461  4.892510E+01
       462  8.711353E+01
       463  4.908990E+01
       464  8.731264E+01
       465  4.938042E+01
       466  8.769034E+01
       467  4.998663E+01
       468  8.811518E+01
       469  1.818833E+01
       470  3.201924E+01
       471  1.818833E+01
       472  3.201924E+01
       473  4.998663E+01
       474  8.811518E+01
       475  4.938042E+01
       476  8.769034E+01
       477  4.908990E+01
       478  8.731264E+01
       479  4.892510E+01
       480  8.711353E+01
       481  7.702276E+02
       482  4.207129E+02
       483  1.788971E+02
       484  4.398572E+01
       485  1.536695E+01
       486  7.702276E+02
       487  4.207129E+02
       488  1.788971E+02
       489  4.398572E+01
       490  1.536695E+01
       491  4.568716E+01
       492  8.269006E+01
       493  4.585814E+01
       494  8.289553E+01
       495  4.615886E+01
       496  8.328695E+01
       497  4.679415E+01
       498  8.372497E+01
       499  1.702593E+01
       500  3.041854E+01
       501  1.702593E+01
       502  3.041854E+01
       503  4.679415E+01
       504  8.372497E+01
       505  4.615886E+01
       506  8.328695E+01
       507  4.585814E+01
       508  8.289553E+01
       509  4.568716E+01
       510  8.269006E+01
       511  7.294928E+02
       512  3.997853E+02
       513  1.712204E+02
       514  4.295768E+01
       515  1.436823E+01
       516  7.294928E+02
       517  3.997853E+02
       518  1.712204E+02
       519  4.295768E+01
       520  1.436823E+01
       521  4.255134E+01
       522  7.832446E+01
       523  4.272870E+01
       524  7.853659E+01
       525  4.303992E+01
       526  7.894239E+01
       527  4.370583E+01
       528  7.939401E+01
       529  1.590131E+01
       530  2.883900E+01
       531  1.590131E+01
       532  2.883900E+01
       533  4.370583E+01
       534  7.939401E+01
       535  4.303992E+01
       536  7.894239E+01
       537  4.272870E+01
       538  7.853659E+01
       539  4.255134E+01
       540  7.832446E+01
       541  6.891895E+02
       542  3.789571E+02
       543  1.634761E+02
       544  4.186195E+01
       545  1.346930E+01
       546  6.891895E+02
       547  3.789571E+02
       548  1.634761E+02
       549  4.186195E+01
       550  1.346930E+01
       551  3.951742E+01
       552  7.401626E+01
       553  3.970136E+01
       554  7.423522E+01
       555  4.002338E+01
       556  7.465594E+01
       557  4.072154E+01
       558  7.512146E+01
       559  1.481443E+01
       560  2.728027E+01
       561  1.481443E+01
       562  2.728027E+01
       563  4.072154E+01
       564  7.512146E+01
       565  4.002338E+01
       566  7.465594E+01
       567  3.970136E+01
       568  7.423522E+01
       569  3.951742E+01
       570  7.401626E+01
       571  6.493278E+02
       572  3.582359E+02
       573  1.556683E+02
       574  4.069778E+01
       575  1.266355E+01
       576  6.493278E+02
       577  3.582359E+02
       578  1.556683E+02
       579  4.069778E+01
       580  1.266355E+01
       581  3.658541E+01
       582  6.976532E+01
       583  3.677616E+01
       584  6.999121E+01
       585  3.710928E+01
       586  7.042728E+01
       587  3.784142E+01
       588  7.090694E+01
       589  1.376531E+01
       590  2.574215E+01
       591  1.376531E+01
       592  2.574215E+01
       593  3.784142E+01
       594  7.090694E+01
       595  3.710928E+01
       596  7.042728E+01
       597  3.677616E+01
       598  6.999121E+01
       599  3.658541E+01
       600  6.976532E+01
       601  6.099237E+02
       602  3.376329E+02
       603  1.478024E+02
       604  3.946485E+01
       605  1.194457E+01
       606  6.099237E+02
       607  3.376329E+02
       608  1.478024E+02
       609  3.946485E+01
       610  1.194457E+01
       611  3.375558E+01
       612  6.557184E+01
       613  3.395335E+01
       614  6.580472E+01
       615  3.429788E+01
       616  6.625656E+01
       617  3.506583E+01
       618  6.675052E+01
       619  1.275410E+01
       620  2.422461E+01
       621  1.275410E+01
       622  2.422461E+01
       623  3.506583E+01
       624  6.675052E+01
       625  3.429788E+01
       626  6.625656E+01
       627  3.395335E+01
       628  6.580472E+01
       629  3.375558E+01
       630  6.557184E+01
       631  5.709989E+02
       632  3.171620E+02
       633  1.398855E+02
       634  3.816330E+01
       635  1.130619E+01
       636  5.709989E+02
       637  3.171620E+02
       638  1.398855E+02
       639  3.816330E+01
       640  1.130619E+01
       641  3.102843E+01
       642  6.143641E+01
       643  3.123345E+01
       644  6.167633E+01
       645  3.158967E+01
       646  6.214437E+01
       647  3.239535E+01
       648  6.265278E+01
       649  1.178100E+01
       650  2.272782E+01
       651  1.178100E+01
       652  2.272782E+01
       653  3.239535E+01
       654  6.265278E+01
       655  3.158967E+01
       656  6.214437E+01
       657  3.123345E+01
       658  6.167633E+01
       659  3.102843E+01
       660  6.143641E+01
       661  5.325818E+02
       662  2.968414E+02
       663  1.319262E+02
       664  3.679387E+01
       665  1.074248E+01
       666  5.325818E+02
       667  2.968414E+02
       668  1.319262E+02
       669  3.679387E+01
       670  1.074248E+01
       671  2.840471E+01
       672  5.736002E+01
       673  2.861716E+01
       674  5.760709E+01
       675  2.898533E+01
       676  5.809182E+01
       677  2.983078E+01
       678  5.861484E+01
       679  1.084630E+01
       680  2.125215E+01
       681  1.084630E+01
       682  2.125215E+01
       683  2.983078E+01
       684  5.861484E+01
       685  2.898533E+01
       686  5.809182E+01
       687  2.861716E+01
       688  5.760709E+01
       689  2.840471E+01
       690  5.736002E+01
       691  4.947077E+02
       692  2.766930E+02
       693  1.239351E+02
       694  3.535789E+01
       695  1.024770E+01
       696  4.947077E+02
       697  2.766930E+02
       698  1.239351E+02
       699  3.535789E+01
       700  1.024770E+01
       701  2.588537E+01
       702  5.334399E+01
       703  2.610540E+01
       704  5.359850E+01
       705  2.648575E+01
       706  5.410062E+01
       707  2.737313E+01
       708  5.463849E+01
       709  9.950357E+00
       710  1.979819E+01
       711  9.950357E+00
       712  1.979819E+01
       713  2.737313E+01
       714  5.463849E+01
       715  2.648575E+01
       716  5.410062E+01
       717  2.610540E+01
       718  5.359850E+01
       719  2.588537E+01
       720  5.334399E+01
       721  4.574198E+02
       722  2.567432E+02
       723  1.159250E+02
       724  3.385740E+01
       725  9.816331E+00
       726  4.574198E+02
       727  2.567432E+02
       728  1.159250E+02
       729  3.385740E+01
       730  9.816331E+00
       731  2.347154E+01
       732  4.939007E+01
       733  2.369925E+01
       734  4.965259E+01
       735  2.409199E+01
       736  5.017310E+01
       737  2.502361E+01
       738  5.072625E+01
       739  9.093649E+00
       740  1.836683E+01
       741  9.093649E+00
       742  1.836683E+01
       743  2.502361E+01
       744  5.072625E+01
       745  2.409199E+01
       746  5.017310E+01
       747  2.369925E+01
       748  4.965259E+01
       749  2.347154E+01
       750  4.939007E+01
       751  4.207698E+02
       752  2.370237E+02
       753  1.079110E+02
       754  3.229529E+01
       755  9.443100E+00
       756  4.207698E+02
       757  2.370237E+02
       758  1.079110E+02
       759  3.229529E+01
       760  9.443100E+00
       761  2.116447E+01
       762  4.550047E+01
       763  2.139990E+01
       764  4.577199E+01
       765  2.180526E+01
       766  4.631243E+01
       767  2.278370E+01
       768  4.688155E+01
       769  8.276748E+00
       770  1.695928E+01
       771  8.276748E+00
       772  1.695928E+01
       773  2.278370E+01
       774  4.688155E+01
       775  2.180526E+01
       776  4.631243E+01
       777  2.139990E+01
       778  4.577199E+01
       779  2.116447E+01
       780  4.550047E+01
       781  3.848188E+02
       782  2.175711E+02
       783  9.991072E+01
       784  3.067535E+01
       785  9.123045E+00
       786  3.848188E+02
       787  2.175711E+02
       788  9.991072E+01
       789  3.067535E+01
       790  9.123045E+00
       791  1.896539E+01
       792  4.167812E+01
       793  1.920858E+01
       794  4.196020E+01
       795  1.962691E+01
       796  4.252279E+01
       797  2.065510E+01
       798  4.310900E+01
       799  7.500363E+00
       800  1.557719E+01
       801  7.500363E+00
       802  1.557719E+01
       803  2.065510E+01
       804  4.310900E+01
       805  1.962691E+01
       806  4.252279E+01
       807  1.920858E+01
       808  4.196020E+01
       809  1.896539E+01
       810  4.167812E+01
       811  3.496379E+02
       812  1.984280E+02
       813  9.194483E+01
       814  2.900252E+01
       815  8.851638E+00
       816  3.496379E+02
       817  1.984280E+02
       818  9.194483E+01
       819  2.900252E+01
       820  8.851638E+00
       821  1.687537E+01
       822  3.792721E+01
       823  1.712643E+01
       824  3.822198E+01
       825  1.755835E+01
       826  3.880969E+01
       827  1.863984E+01
       828  3.941465E+01
       829  6.765367E+00
       830  1.422271E+01
       831  6.765367E+00
       832  1.422271E+01
       833  1.863984E+01
       834  3.941465E+01
       835  1.755835E+01
       836  3.880969E+01
       837  1.712643E+01
       838  3.822198E+01
       839  1.687537E+01
       840  3.792721E+01
       841  3.153083E+02
       842  1.796429E+02
       843  8.403696E+01
       844  2.728315E+01
       845  8.625002E+00
       846  3.153083E+02
       847  1.796429E+02
       848  8.403696E+01
       849  2.728315E+01
       850  8.625002E+00
       851  1.489519E+01
       852  3.425415E+01
       853  1.515448E+01
       854  3.456407E+01
       855  1.560110E+01
       856  3.518049E+01
       857  1.674032E+01
       858  3.580631E+01
       859  6.072826E+00
       860  1.289862E+01
       861  6.072826E+00
       862  1.289862E+01
       863  1.674032E+01
       864  3.580631E+01
       865  1.560110E+01
       866  3.518049E+01
       867  1.515448E+01
       868  3.456407E+01
       869  1.489519E+01
       870  3.425415E+01
       871  2.819211E+02
       872  1.612701E+02
       873  7.621417E+01
       874  2.552537E+01
       875  8.440267E+00
       876  2.819211E+02
       877  1.612701E+02
       878  7.621417E+01
       879  2.552537E+01
       880  8.440267E+00
       881  1.302522E+01
       882  3.066914E+01
       883  1.329361E+01
       884  3.099622E+01
       885  1.375683E+01
       886  3.164492E+01
       887  1.495949E+01
       888  3.229394E+01
       889  5.424020E+00
       890  1.160837E+01
       891  5.424020E+00
       892  1.160837E+01
       893  1.495949E+01
       894  3.229394E+01
       895  1.375683E+01
       896  3.164492E+01
       897  1.329361E+01
       898  3.099622E+01
       899  1.302522E+01
       900  3.066914E+01
       901  2.495760E+02
       902  1.433697E+02
       903  6.850724E+01
       904  2.373979E+01
       905  8.296102E+00
       906  2.495760E+02
       907  1.433697E+02
       908  6.850724E+01
       909  2.373979E+01
       910  8.296102E+00
       911  1.126548E+01
       912  2.718819E+01
       913  1.154474E+01
       914  2.753252E+01
       915  1.202759E+01
       916  2.821573E+01
       917  1.330110E+01
       918  2.888985E+01
       919  4.820445E+00
       920  1.035615E+01
       921  4.820445E+00
       922  1.035615E+01
       923  1.330110E+01
       924  2.888985E+01
       925  1.202759E+01
       926  2.821573E+01
       927  1.154474E+01
       928  2.753252E+01
       929  1.126548E+01
       930  2.718819E+01
       931  2.183791E+02
       932  1.260066E+02
       933  6.095118E+01
       934  2.194024E+01
       935  8.193454E+00
       936  2.183791E+02
       937  1.260066E+02
       938  6.095118E+01
       939  2.194024E+01
       940  8.193454E+00
       941  9.616033E+00
       942  2.383559E+01
       943  9.909375E+00
       944  2.419275E+01
       945  1.041631E+01
       946  2.490906E+01
       947  1.177015E+01
       948  2.560868E+01
       949  4.263770E+00
       950  9.146848E+00
       951  4.263770E+00
       952  9.146848E+00
       953  1.177015E+01
       954  2.560868E+01
       955  1.041631E+01
       956  2.490906E+01
       957  9.909375E+00
       958  2.419275E+01
       959  9.616033E+00
       960  2.383559E+01
       961  1.884404E+02
       962  1.092505E+02
       963  5.358584E+01
       964  2.014495E+01
       965  8.136459E+00
       966  1.884404E+02
       967  1.092505E+02
       968  5.358584E+01
       969  2.014495E+01
       970  8.136459E+00
       971  8.078062E+00
       972  2.064602E+01
       973  8.390786E+00
       974  2.100328E+01
       975  8.927804E+00
       976  2.174429E+01
       977  1.037361E+01
       978  2.246678E+01
       979  3.755730E+00
       980  7.985776E+00
       981  3.755730E+00
       982  7.985776E+00
       983  1.037361E+01
       984  2.246678E+01
       985  8.927804E+00
       986  2.174429E+01
       987  8.390786E+00
       988  2.100328E+01
       989  8.078062E+00
       990  2.064602E+01
       991  1.598723E+02
       992  9.317605E+01
       993  4.645705E+01
       994  1.837765E+01
       995  8.133328E+00
       996  1.598723E+02
       997  9.317605E+01
       998  4.645705E+01
       999  1.837765E+01
      1000  8.133328E+00
      1001  6.656335E+00
      1002  1.766542E+01
      1003  6.996463E+00
      1004  1.799670E+01
      1005  7.570578E+00
      1006  1.874260E+01
      1007  9.121404E+00
      1008  1.948052E+01
      1009  3.297906E+00
      1010  6.878148E+00
      1011  3.297906E+00
      1012  6.878148E+00
      1013  9.121404E+00
      1014  1.948052E+01
      1015  7.570578E+00
      1016  1.874260E+01
      1017  6.996463E+00
      1018  1.799670E+01
      1019  6.656335E+00
      1020  1.766542E+01
      1021  1.327915E+02
      1022  7.786520E+01
      1023  3.961831E+01
      1024  1.666864E+01
      1025  8.196735E+00
      1026  1.327915E+02
      1027  7.786520E+01
      1028  3.961831E+01
      1029  1.666864E+01
      1030  8.196735E+00
      1031  5.364596E+00
      1032  1.494977E+01
      1033  5.743170E+00
      1034  1.520966E+01
      1035  6.360297E+00
      1036  1.592386E+01
      1037  8.027818E+00
      1038  1.666297E+01
      1039  2.891336E+00
      1040  5.828000E+00
      1041  2.891336E+00
      1042  5.828000E+00
      1043  8.027818E+00
      1044  1.666297E+01
      1045  6.360297E+00
      1046  1.592386E+01
      1047  5.743170E+00
      1048  1.520966E+01
      1049  5.364596E+00
      1050  1.494977E+01
      1051  1.073280E+02
      1052  6.341351E+01
      1053  3.313427E+01
      1054  1.505548E+01
      1055  8.342558E+00
      1056  1.073280E+02
      1057  6.341351E+01
      1058  3.313427E+01
      1059  1.505548E+01
      1060  8.342558E+00
      1061  4.237044E+00
      1062  1.256194E+01
      1063  4.667452E+00
      1064  1.267964E+01
      1065  5.326637E+00
      1066  1.330253E+01
      1067  7.114079E+00
      1068  1.401930E+01
      1069  2.535869E+00
      1070  4.836691E+00
      1071  2.535869E+00
      1072  4.836691E+00
      1073  7.114079E+00
      1074  1.401930E+01
      1075  5.326637E+00
      1076  1.330253E+01
      1077  4.667452E+00
      1078  1.267964E+01
      1079  4.237044E+00
      1080  1.256194E+01
      1081  8.364065E+01
      1082  4.994274E+01
      1083  2.708958E+01
      1084  1.358376E+01
      1085  8.584914E+00
      1086  8.364065E+01
      1087  4.994274E+01
      1088  2.708958E+01
      1089  1.358376E+01
      1090  8.584914E+00
      1091  3.351223E+00
      1092  1.056840E+01
      1093  3.846308E+00
      1094  1.044499E+01
      1095  4.527172E+00
      1096  1.088748E+01
      1097  6.415147E+00
      1098  1.154549E+01
      1099  2.229218E+00
      1100  3.903170E+00
      1101  2.229218E+00
      1102  3.903170E+00
      1103  6.415147E+00
      1104  1.154549E+01
      1105  4.527172E+00
      1106  1.088748E+01
      1107  3.846308E+00
      1108  1.044499E+01
      1109  3.351223E+00
      1110  1.056840E+01
      1111  6.193370E+01
      1112  3.762330E+01
      1113  2.160681E+01
      1114  1.230965E+01
      1115  8.922735E+00
      1116  6.193370E+01
      1117  3.762330E+01
      1118  2.160681E+01
      1119  1.230965E+01
      1120  8.922735E+00
      1121  2.863055E+00
      1122  9.038546E+00
      1123  3.431886E+00
      1124  8.558166E+00
      1125  4.074767E+00
      1126  8.700624E+00
      1127  6.001550E+00
      1128  9.246410E+00
      1129  1.966444E+00
      1130  3.032883E+00
      1131  1.966444E+00
      1132  3.032883E+00
      1133  6.001550E+00
      1134  9.246410E+00
      1135  4.074767E+00
      1136  8.700624E+00
      1137  3.431886E+00
      1138  8.558166E+00
      1139  2.863055E+00
      1140  9.038546E+00
      1141  4.246699E+01
      1142  2.670552E+01
      1143  1.686553E+01
      1144  1.129264E+01
      1145  9.323160E+00
      1146  4.246699E+01
      1147  2.670552E+01
      1148  1.686553E+01
      1149  1.129264E+01
      1150  9.323160E+00
      1151  3.033085E+00
      1152  8.027774E+00
      1153  3.683862E+00
      1154  7.120141E+00
      1155  4.180647E+00
      1156  6.844744E+00
      1157  6.039323E+00
      1158  7.223069E+00
      1159  1.739726E+00
      1160  2.281624E+00
      1161  1.739726E+00
      1162  2.281624E+00
      1163  6.039323E+00
      1164  7.223069E+00
      1165  4.180647E+00
      1166  6.844744E+00
      1167  3.683862E+00
      1168  7.120141E+00
      1169  3.033085E+00
      1170  8.027774E+00
      1171  2.562946E+01
      1172  1.753501E+01
      1173  1.308307E+01
      1174  1.054913E+01
      1175  9.711499E+00
      1176  2.562946E+01
      1177  1.753501E+01
      1178  1.308307E+01
      1179  1.054913E+01
      1180  9.711499E+00
      1181  4.090404E+00
      1182  7.506902E+00
      1183  4.887734E+00
      1184  6.300149E+00
      1185  5.195572E+00
      1186  5.641483E+00
      1187  6.979376E+00
      1188  5.886083E+00
      1189  1.566483E+00
      1190  1.872891E+00
      1191  1.566483E+00
      1192  1.872891E+00
      1193  6.979376E+00
      1194  5.886083E+00
      1195  5.195572E+00
      1196  5.641483E+00
      1197  4.887734E+00
      1198  6.300149E+00
      1199  4.090404E+00
      1200  7.506902E+00
      1201  1.224486E+01
      1202  1.057389E+01
      1203  1.036214E+01
      1204  1.014527E+01
      1205  1.027222E+01
      1206  1.224486E+01
      1207  1.057389E+01
      1208  1.036214E+01
      1209  1.014527E+01
      1210  1.027222E+01
      1211  5.719285E+00
      1212  7.072214E+00
      1213  6.932698E+00
      1214  6.098172E+00
      1215  7.509575E+00
      1216  5.772530E+00
      1217  1.009904E+01
      1218  6.652992E+00
      1219  1.530722E+00
      1220  2.641075E+00
      1221  1.530722E+00
      1222  2.641075E+00
      1223  1.009904E+01
      1224  6.652992E+00
      1225  7.509575E+00
      1226  5.772530E+00
      1227  6.932698E+00
      1228  6.098172E+00
      1229  5.719285E+00
      1230  7.072214E+00
      1231  3.568444E+00
      1232  5.468809E+00
      1233  7.860295E+00
      1234  1.005509E+01
      1235  1.353919E+01
      1236  3.568444E+00
      1237  5.468809E+00
      1238  7.860295E+00
      1239  1.005509E+01
      1240  1.353919E+01
      1241  6.728774E+00
      1242  6.236260E+00
      1243  8.626178E+00
      1244  6.083939E+00
      1245  1.140178E+01
      1246  7.879965E+00
      1247  2.086160E+01
      1248  1.471096E+01
      1249  2.403279E+00
      1250  8.763167E+00
      1251  2.403279E+00
      1252  8.763167E+00
      1253  2.086160E+01
      1254  1.471096E+01
      1255  1.140178E+01
      1256  7.879965E+00
      1257  8.626178E+00
      1258  6.083939E+00
      1259  6.728774E+00
      1260  6.236260E+00
      1261  1.623192E-01
      1262  7.276857E-01
      1263  2.114715E+00
      1264  5.124216E+00
      1265  1.347377E+01
      1266  1.623192E-01
      1267  7.276857E-01
      1268  2.114715E+00
      1269  5.124216E+00
      1270  1.347377E+01
      1271  3.808933E+00
      1272  4.892271E+00
      1273  5.520472E+00
      1274  4.975944E+00
      1275  9.490963E+00
      1276  1.030113E+01
      1277  3.195929E+01
      1278  3.089183E+01
      1279  3.686122E+00
      1280  2.387493E+01
      1281  3.686122E+00
      1282  2.387493E+01
      1283  3.195929E+01
      1284  3.089183E+01
      1285  9.490963E+00
      1286  1.030113E+01
      1287  5.520472E+00
      1288  4.975944E+00
      1289  3.808933E+00
      1290  4.892271E+00

                                INCREMENT     8


 displacements (vx,vy,vz) for set TIP_TOP and time  0.6750000E+00

      2087  4.733424E-01 -1.678345E-02 -1.418269E+01
      2088  4.734363E-01 -1.657383E-02 -1.414541E+01
      2091  4.727408E-01 -1.612275E-02 -1.410828E+01
      2094  4.723348E-01 -1.319371E-02 -1.407384E+01
      2096  4.724066E-01 -5.268726E-03 -1.405150E+01
      2098  4.723143E-01 -1.074281E-14 -1.405013E+01
      2100  4.724066E-01  5.268726E-03 -1.405150E+01
      2103  4.723348E-01  1.319371E-02 -1.407384E+01
      2106  4.727408E-01  1.612275E-02 -1.410828E+01
      2109  4.734363E-01  1.657383E-02 -1.414541E+01
      2112  4.733424E-01  1.678345E-02 -1.418269E+01

 forces (fx,fy,fz) for set CLAMP and time  0.6750000E+00

         1  2.252425E+04  2.709244E+04  8.981485E+03
         4  4.046065E+04  1.073478E-10  1.793764E+04
         5  3.204946E+04  4.214750E+04  1.294870E+03
         8  5.651464E+04 -8.072155E-11  2.635937E+03
         9  2.142762E+04  2.770004E+04 -5.664857E+02
        12  3.752517E+04 -3.023884E-09 -1.087035E+03
        13  1.114630E+04  1.417701E+04 -1.789494E+03
        16  1.947369E+04 -1.573612E-09 -3.524517E+03
        17  6.865166E+02  5.368217E+02 -2.078250E+03
        20  1.138998E+03 -4.886074E-11 -4.121804E+03
        21 -6.799958E+03 -4.621400E+03 -6.299779E+03
        24 -8.312539E+03 -9.393284E-11 -2.297023E+03
        26  2.252425E+04 -2.709244E+04  8.981485E+03
        28  3.204946E+04 -4.214750E+04  1.294870E+03
        30  2.142762E+04 -2.770004E+04 -5.664857E+02
        32  1.114630E+04 -1.417701E+04 -1.789494E+03
        34  6.865166E+02 -5.368217E+02 -2.078250E+03
        36 -6.799958E+03  4.621400E+03 -6.299779E+03
        37 -4.621762E+03 -2.824383E+03 -6.412758E+03
        40 -5.511259E+03 -8.811169E+02 -1.112385E+04
        41 -1.163861E+04 -6.470758E+03 -1.679608E+03
        44 -1.667651E+04 -1.940450E+03 -3.247384E+03
        45 -8.127129E+03 -3.660948E+03  7.708974E+03
        48 -1.338833E+04 -1.062123E+03  1.409092E+04
        50 -4.679651E+03 -8.319534E+02 -1.021675E+04
        52 -1.583700E+04 -1.754969E+03 -3.267817E+03
        54 -1.345477E+04 -9.228497E+02  1.347568E+04
        56 -4.563043E+03 -6.134857E+02 -1.014475E+04
        58 -1.594969E+04 -1.200383E+03 -3.186486E+03
        60 -1.375539E+04 -5.991631E+02  1.355229E+04
        62 -1.111656E+04 -4.631314E+02 -1.957028E+03
        64 -9.568758E+03 -2.104091E+02  9.408566E+03
        66 -5.962283E+03  2.912618E-09 -9.917004E+02
        68 -5.129806E+03  3.688516E-10  5.060427E+03
        70 -1.111656E+04  4.631314E+02 -1.957028E+03
        72 -9.568758E+03  2.104091E+02  9.408566E+03
        74 -4.563043E+03  6.134857E+02 -1.014475E+04
        76 -1.594969E+04  1.200383E+03 -3.186486E+03
        78 -1.375539E+04  5.991631E+02  1.355229E+04
        80 -4.679651E+03  8.319534E+02 -1.021675E+04
        82 -1.583700E+04  1.754969E+03 -3.267817E+03
        84 -1.345477E+04  9.228497E+02  1.347568E+04
        86 -5.511259E+03  8.811169E+02 -1.112385E+04
        88 -1.667651E+04  1.940450E+03 -3.247384E+03
        90 -1.338833E+04  1.062123E+03  1.409092E+04
        92 -4.621762E+03  2.824383E+03 -6.412758E+03
        94 -1.163861E+04  6.470758E+03 -1.679608E+03
        96 -8.127129E+03  3.660948E+03  7.708974E+03

 internal energy (element, energy) for set EALL and time  0.6750000E+00

         1  1.396271E+03
         2  6.565102E+02
         3  2.471394E+02
         4  4.187951E+01
         5  3.488463E+01
         6  1.396271E+03
         7  6.565102E+02
         8  2.471394E+02
         9  4.187951E+01
        10  3.488463E+01
        11  1.132151E+02
        12  1.726007E+02
        13  9.174506E+01
        14  1.485243E+02
        15  8.675063E+01
        16  1.442807E+02
        17  8.878559E+01
        18  1.457018E+02
        19  3.294872E+01
        20  5.367048E+01
        21  3.294872E+01
        22  5.367048E+01
        23  8.878559E+01
        24  1.457018E+02
        25  8.675063E+01
        26  1.442807E+02
        27  9.174506E+01
        28  1.485243E+02
        29  1.132151E+02
        30  1.726007E+02
        31  1.734692E+03
        32  9.665486E+02
        33  3.691905E+02
        34  6.772020E+01
        35  5.964533E+01
        36  1.734692E+03
        37  9.665486E+02
        38  3.691905E+02
        39  6.772020E+01
        40  5.964533E+01
        41  1.231666E+02
        42  1.850147E+02
        43  1.331165E+02
        44  1.966424E+02
        45  1.326925E+02
        46  1.959412E+02
        47  1.339409E+02
        48  1.972659E+02
        49  4.886882E+01
        50  7.212094E+01
        51  4.886882E+01
        52  7.212094E+01
        53  1.339409E+02
        54  1.972659E+02
        55  1.326925E+02
        56  1.959412E+02
        57  1.331165E+02
        58  1.966424E+02
        59  1.231666E+02
        60  1.850147E+02
        61  1.828475E+03
        62  9.957271E+02
        63  3.974845E+02
        64  7.725264E+01
        65  6.405737E+01
        66  1.828475E+03
        67  9.957271E+02
        68  3.974845E+02
        69  7.725264E+01
        70  6.405737E+01
        71  1.280509E+02
        72  1.917439E+02
        73  1.368398E+02
        74  2.027176E+02
        75  1.420757E+02
        76  2.099043E+02
        77  1.434003E+02
        78  2.128206E+02
        79  5.191080E+01
        80  7.756100E+01
        81  5.191080E+01
        82  7.756100E+01
        83  1.434003E+02
        84  2.128206E+02
        85  1.420757E+02
        86  2.099043E+02
        87  1.368398E+02
        88  2.027176E+02
        89  1.280509E+02
        90  1.917439E+02
        91  1.834461E+03
        92  9.710207E+02
        93  3.835829E+02
        94  7.540037E+01
        95  5.868101E+01
        96  1.834461E+03
        97  9.710207E+02
        98  3.835829E+02
        99  7.540037E+01
       100  5.868101E+01
       101  1.301265E+02
       102  1.971566E+02
       103  1.327145E+02
       104  2.007123E+02
       105  1.354762E+02
       106  2.043761E+02
       107  1.370740E+02
       108  2.061243E+02
       109  4.984628E+01
       110  7.494053E+01
       111  4.984628E+01
       112  7.494053E+01
       113  1.370740E+02
       114  2.061243E+02
       115  1.354762E+02
       116  2.043761E+02
       117  1.327145E+02
       118  2.007123E+02
       119  1.301265E+02
       120  1.971566E+02
       121  1.779302E+03
       122  9.364834E+02
       123  3.677395E+02
       124  7.230764E+01
       125  5.287056E+01
       126  1.779302E+03
       127  9.364834E+02
       128  3.677395E+02
       129  7.230764E+01
       130  5.287056E+01
       131  1.255593E+02
       132  1.938750E+02
       133  1.261369E+02
       134  1.942767E+02
       135  1.270336E+02
       136  1.949364E+02
       137  1.279022E+02
       138  1.953651E+02
       139  4.655918E+01
       140  7.101183E+01
       141  4.655918E+01
       142  7.101183E+01
       143  1.279022E+02
       144  1.953651E+02
       145  1.270336E+02
       146  1.949364E+02
       147  1.261369E+02
       148  1.942767E+02
       149  1.255593E+02
       150  1.938750E+02
       151  1.719031E+03
       152  9.057199E+02
       153  3.566404E+02
       154  7.090051E+01
       155  4.846065E+01
       156  1.719031E+03
       157  9.057199E+02
       158  3.566404E+02
       159  7.090051E+01
       160  4.846065E+01
       161  1.200049E+02
       162  1.873494E+02
       163  1.201205E+02
       164  1.870236E+02
       165  1.204811E+02
       166  1.869685E+02
       167  1.210503E+02
       168  1.870946E+02
       169  4.405216E+01
       170  6.799051E+01
       171  4.405216E+01
       172  6.799051E+01
       173  1.210503E+02
       174  1.870946E+02
       175  1.204811E+02
       176  1.869685E+02
       177  1.201205E+02
       178  1.870236E+02
       179  1.200049E+02
       180  1.873494E+02
       181  1.656324E+03
       182  8.752742E+02
       183  3.467397E+02
       184  7.012157E+01
       185  4.476238E+01
       186  1.656324E+03
       187  8.752742E+02
       188  3.467397E+02
       189  7.012157E+01
       190  4.476238E+01
       191  1.140899E+02
       192  1.798551E+02
       193  1.142030E+02
       194  1.796774E+02
       195  1.144738E+02
       196  1.797010E+02
       197  1.150184E+02
       198  1.799195E+02
       199  4.185718E+01
       200  6.539897E+01
       201  4.185718E+01
       202  6.539897E+01
       203  1.150184E+02
       204  1.799195E+02
       205  1.144738E+02
       206  1.797010E+02
       207  1.142030E+02
       208  1.796774E+02
       209  1.140899E+02
       210  1.798551E+02
       211  1.593879E+03
       212  8.450846E+02
       213  3.371332E+02
       214  6.948316E+01
       215  4.143107E+01
       216  1.593879E+03
       217  8.450846E+02
       218  3.371332E+02
       219  6.948316E+01
       220  4.143107E+01
       221  1.082962E+02
       222  1.724613E+02
       223  1.084521E+02
       224  1.724957E+02
       225  1.087439E+02
       226  1.727089E+02
       227  1.093196E+02
       228  1.730547E+02
       229  3.978367E+01
       230  6.291618E+01
       231  3.978367E+01
       232  6.291618E+01
       233  1.093196E+02
       234  1.730547E+02
       235  1.087439E+02
       236  1.727089E+02
       237  1.084521E+02
       238  1.724957E+02
       239  1.082962E+02
       240  1.724613E+02
       241  1.532097E+03
       242  8.150491E+02
       243  3.274774E+02
       244  6.881001E+01
       245  3.835987E+01
       246  1.532097E+03
       247  8.150491E+02
       248  3.274774E+02
       249  6.881001E+01
       250  3.835987E+01
       251  1.026697E+02
       252  1.653633E+02
       253  1.028482E+02
       254  1.655180E+02
       255  1.031628E+02
       256  1.658554E+02
       257  1.037713E+02
       258  1.662850E+02
       259  3.776400E+01
       260  6.046044E+01
       261  3.776400E+01
       262  6.046044E+01
       263  1.037713E+02
       264  1.662850E+02
       265  1.031628E+02
       266  1.658554E+02
       267  1.028482E+02
       268  1.655180E+02
       269  1.026697E+02
       270  1.653633E+02
       271  1.471025E+03
       272  7.851533E+02
       273  3.177105E+02
       274  6.806244E+01
       275  3.551594E+01
       276  1.471025E+03
       277  7.851533E+02
       278  3.177105E+02
       279  6.806244E+01
       280  3.551594E+01
       281  9.720431E+01
       282  1.585110E+02
       283  9.739034E+01
       284  1.587191E+02
       285  9.771841E+01
       286  1.591200E+02
       287  9.835533E+01
       288  1.595958E+02
       289  3.579235E+01
       290  5.802884E+01
       291  3.579235E+01
       292  5.802884E+01
       293  9.835533E+01
       294  1.595958E+02
       295  9.771841E+01
       296  1.591200E+02
       297  9.739034E+01
       298  1.587191E+02
       299  9.720431E+01
       300  1.585110E+02
       301  1.410624E+03
       302  7.553958E+02
       303  3.078345E+02
       304  6.723760E+01
       305  3.289008E+01
       306  1.410624E+03
       307  7.553958E+02
       308  3.078345E+02
       309  6.723760E+01
       310  3.289008E+01
       311  9.188654E+01
       312  1.518356E+02
       313  9.207641E+01
       314  1.520659E+02
       315  9.241434E+01
       316  1.524989E+02
       317  9.307908E+01
       318  1.530007E+02
       319  3.387172E+01
       320  5.562844E+01
       321  3.387172E+01
       322  5.562844E+01
       323  9.307908E+01
       324  1.530007E+02
       325  9.241434E+01
       326  1.524989E+02
       327  9.207641E+01
       328  1.520659E+02
       329  9.188654E+01
       330  1.518356E+02
       331  1.350870E+03
       332  7.257777E+02
       333  2.978569E+02
       334  6.633591E+01
       335  3.047428E+01
       336  1.350870E+03
       337  7.257777E+02
       338  2.978569E+02
       339  6.633591E+01
       340  3.047428E+01
       341  8.671212E+01
       342  1.452910E+02
       343  8.690675E+01
       344  1.455321E+02
       345  8.725483E+01
       346  1.459845E+02
       347  8.794914E+01
       348  1.465042E+02
       349  3.200449E+01
       350  5.326245E+01
       351  3.200449E+01
       352  5.326245E+01
       353  8.794914E+01
       354  1.465042E+02
       355  8.725483E+01
       356  1.459845E+02
       357  8.690675E+01
       358  1.455321E+02
       359  8.671212E+01
       360  1.452910E+02
       361  1.291748E+03
       362  6.962971E+02
       363  2.877799E+02
       364  6.535550E+01
       365  2.825867E+01
       366  1.291748E+03
       367  6.962971E+02
       368  2.877799E+02
       369  6.535550E+01
       370  2.825867E+01
       371  8.168059E+01
       372  1.388524E+02
       373  8.188155E+01
       374  1.391008E+02
       375  8.224103E+01
       376  1.395689E+02
       377  8.296720E+01
       378  1.401041E+02
       379  3.019116E+01
       380  5.093086E+01
       381  3.019116E+01
       382  5.093086E+01
       383  8.296720E+01
       384  1.401041E+02
       385  8.224103E+01
       386  1.395689E+02
       387  8.188155E+01
       388  1.391008E+02
       389  8.168059E+01
       390  1.388524E+02
       391  1.233245E+03
       392  6.669500E+02
       393  2.776028E+02
       394  6.429334E+01
       395  2.623229E+01
       396  1.233245E+03
       397  6.669500E+02
       398  2.776028E+02
       399  6.429334E+01
       400  2.623229E+01
       401  7.679212E+01
       402  1.325065E+02
       403  7.700045E+01
       404  1.327619E+02
       405  7.737240E+01
       406  1.332457E+02
       407  7.813263E+01
       408  1.337965E+02
       409  2.843139E+01
       410  4.863253E+01
       411  2.843139E+01
       412  4.863253E+01
       413  7.813263E+01
       414  1.337965E+02
       415  7.737240E+01
       416  1.332457E+02
       417  7.700045E+01
       418  1.327619E+02
       419  7.679212E+01
       420  1.325065E+02
       421  1.175346E+03
       422  6.377321E+02
       423  2.673248E+02
       424  6.314642E+01
       425  2.438403E+01
       426  1.175346E+03
       427  6.377321E+02
       428  2.673248E+02
       429  6.314642E+01
       430  2.438403E+01
       431  7.204638E+01
       432  1.262470E+02
       433  7.226268E+01
       434  1.265100E+02
       435  7.264781E+01
       436  1.270104E+02
       437  7.344412E+01
       438  1.275778E+02
       439  2.672465E+01
       440  4.636612E+01
       441  2.672465E+01
       442  4.636612E+01
       443  7.344412E+01
       444  1.275778E+02
       445  7.264781E+01
       446  1.270104E+02
       447  7.226268E+01
       448  1.265100E+02
       449  7.204638E+01
       450  1.262470E+02
       451  1.118042E+03
       452  6.086411E+02
       453  2.569459E+02
       454  6.191204E+01
       455  2.270312E+01
       456  1.118042E+03
       457  6.086411E+02
       458  2.569459E+02
       459  6.191204E+01
       460  2.270312E+01
       461  6.744269E+01
       462  1.200704E+02
       463  6.766730E+01
       464  1.203416E+02
       465  6.806610E+01
       466  1.208600E+02
       467  6.890049E+01
       468  1.214447E+02
       469  2.507048E+01
       470  4.413050E+01
       471  2.507048E+01
       472  4.413050E+01
       473  6.890049E+01
       474  1.214447E+02
       475  6.806610E+01
       476  1.208600E+02
       477  6.766730E+01
       478  1.203416E+02
       479  6.744269E+01
       480  1.200704E+02
       481  1.061326E+03
       482  5.796769E+02
       483  2.464673E+02
       484  6.058789E+01
       485  2.117921E+01
       486  1.061326E+03
       487  5.796769E+02
       488  2.464673E+02
       489  6.058789E+01
       490  2.117921E+01
       491  6.298028E+01
       492  1.139747E+02
       493  6.321347E+01
       494  1.142548E+02
       495  6.362638E+01
       496  1.147921E+02
       497  6.450087E+01
       498  1.153949E+02
       499  2.346855E+01
       500  4.192473E+01
       501  2.346855E+01
       502  4.192473E+01
       503  6.450087E+01
       504  1.153949E+02
       505  6.362638E+01
       506  1.147921E+02
       507  6.321347E+01
       508  1.142548E+02
       509  6.298028E+01
       510  1.139747E+02
       511  1.005197E+03
       512  5.508428E+02
       513  2.358917E+02
       514  5.917204E+01
       515  1.980238E+01
       516  1.005197E+03
       517  5.508428E+02
       518  2.358917E+02
       519  5.917204E+01
       520  1.980238E+01
       521  5.865856E+01
       522  1.079587E+02
       523  5.890061E+01
       524  1.082480E+02
       525  5.932803E+01
       526  1.088052E+02
       527  6.024475E+01
       528  1.094268E+02
       529  2.191868E+01
       530  3.974810E+01
       531  2.191868E+01
       532  3.974810E+01
       533  6.024475E+01
       534  1.094268E+02
       535  5.932803E+01
       536  1.088052E+02
       537  5.890061E+01
       538  1.082480E+02
       539  5.865856E+01
       540  1.079587E+02
       541  9.496627E+02
       542  5.221457E+02
       543  2.252228E+02
       544  5.766296E+01
       545  1.856311E+01
       546  9.496627E+02
       547  5.221457E+02
       548  2.252228E+02
       549  5.766296E+01
       550  1.856311E+01
       551  5.447722E+01
       552  1.020218E+02
       553  5.472841E+01
       554  1.023206E+02
       555  5.517077E+01
       556  1.028984E+02
       557  5.613197E+01
       558  1.035392E+02
       559  2.042079E+01
       560  3.760014E+01
       561  2.042079E+01
       562  3.760014E+01
       563  5.613197E+01
       564  1.035392E+02
       565  5.517077E+01
       566  1.028984E+02
       567  5.472841E+01
       568  1.023206E+02
       569  5.447722E+01
       570  1.020218E+02
       571  8.947374E+02
       572  4.935962E+02
       573  2.144665E+02
       574  5.605961E+01
       575  1.745225E+01
       576  8.947374E+02
       577  4.935962E+02
       578  2.144665E+02
       579  5.605961E+01
       580  1.745225E+01
       581  5.043627E+01
       582  9.616368E+01
       583  5.069692E+01
       584  9.647218E+01
       585  5.115463E+01
       586  9.707121E+01
       587  5.216270E+01
       588  9.773146E+01
       589  1.897494E+01
       590  3.548056E+01
       591  1.897494E+01
       592  3.548056E+01
       593  5.216270E+01
       594  9.773146E+01
       595  5.115463E+01
       596  9.707121E+01
       597  5.069692E+01
       598  9.647218E+01
       599  5.043627E+01
       600  9.616368E+01
       601  8.404427E+02
       602  4.652095E+02
       603  2.036303E+02
       604  5.436156E+01
       605  1.646100E+01
       606  8.404427E+02
       607  4.652095E+02
       608  2.036303E+02
       609  5.436156E+01
       610  1.646100E+01
       611  4.653608E+01
       612  9.038474E+01
       613  4.680650E+01
       614  9.070298E+01
       615  4.727999E+01
       616  9.132382E+01
       617  4.833744E+01
       618  9.200380E+01
       619  1.758132E+01
       620  3.338935E+01
       621  1.758132E+01
       622  3.338935E+01
       623  4.833744E+01
       624  9.200380E+01
       625  4.727999E+01
       626  9.132382E+01
       627  4.680650E+01
       628  9.070298E+01
       629  4.653608E+01
       630  9.038474E+01
       631  7.868086E+02
       632  4.370050E+02
       633  1.927236E+02
       634  5.256902E+01
       635  1.558087E+01
       636  7.868086E+02
       637  4.370050E+02
       638  1.927236E+02
       639  5.256902E+01
       640  1.558087E+01
       641  4.277734E+01
       642  8.468575E+01
       643  4.305784E+01
       644  8.501382E+01
       645  4.354751E+01
       646  8.565706E+01
       647  4.465701E+01
       648  8.635698E+01
       649  1.624020E+01
       650  3.132673E+01
       651  1.624020E+01
       652  3.132673E+01
       653  4.465701E+01
       654  8.635698E+01
       655  4.354751E+01
       656  8.565706E+01
       657  4.305784E+01
       658  8.501382E+01
       659  4.277734E+01
       660  8.468575E+01
       661  7.338742E+02
       662  4.090075E+02
       663  1.817586E+02
       664  5.068296E+01
       665  1.480365E+01
       666  7.338742E+02
       667  4.090075E+02
       668  1.817586E+02
       669  5.068296E+01
       670  1.480365E+01
       671  3.916109E+01
       672  7.906805E+01
       673  3.945193E+01
       674  7.940613E+01
       675  3.995813E+01
       676  8.007246E+01
       677  4.112249E+01
       678  8.079254E+01
       679  1.495199E+01
       680  2.929319E+01
       681  1.495199E+01
       682  2.929319E+01
       683  4.112249E+01
       684  8.079254E+01
       685  3.995813E+01
       686  8.007246E+01
       687  3.945193E+01
       688  7.940613E+01
       689  3.916109E+01
       690  7.906805E+01
       691  6.816880E+02
       692  3.812473E+02
       693  1.707499E+02
       694  4.870523E+01
       695  1.412146E+01
       696  6.816880E+02
       697  3.812473E+02
       698  1.707499E+02
       699  4.870523E+01
       700  1.412146E+01
       701  3.568863E+01
       702  7.353350E+01
       703  3.599003E+01
       704  7.388197E+01
       705  3.651308E+01
       706  7.457236E+01
       707  3.773527E+01
       708  7.531294E+01
       709  1.371718E+01
       710  2.728957E+01
       711  1.371718E+01
       712  2.728957E+01
       713  3.773527E+01
       714  7.531294E+01
       715  3.651308E+01
       716  7.457236E+01
       717  3.599003E+01
       718  7.388197E+01
       719  3.568863E+01
       720  7.353350E+01
       721  6.303096E+02
       722  3.537609E+02
       723  1.597149E+02
       724  4.663866E+01
       725  1.352668E+01
       726  6.303096E+02
       727  3.537609E+02
       728  1.597149E+02
       729  4.663866E+01
       730  1.352668E+01
       731  3.236155E+01
       732  6.808447E+01
       733  3.267363E+01
       734  6.844413E+01
       735  3.321383E+01
       736  6.915999E+01
       737  3.449705E+01
       738  6.992163E+01
       739  1.253643E+01
       740  2.531706E+01
       741  1.253643E+01
       742  2.531706E+01
       743  3.449705E+01
       744  6.992163E+01
       745  3.321383E+01
       746  6.915999E+01
       747  3.267363E+01
       748  6.844413E+01
       749  3.236155E+01
       750  6.808447E+01
       751  5.798102E+02
       752  3.265916E+02
       753  1.486745E+02
       754  4.448719E+01
       755  1.301206E+01
       756  5.798102E+02
       757  3.265916E+02
       758  1.486745E+02
       759  4.448719E+01
       760  1.301206E+01
       761  2.918153E+01
       762  6.272403E+01
       763  2.950438E+01
       764  6.309626E+01
       765  3.006205E+01
       766  6.383969E+01
       767  3.140983E+01
       768  6.462337E+01
       769  1.141052E+01
       770  2.337736E+01
       771  1.141052E+01
       772  2.337736E+01
       773  3.140983E+01
       774  6.462337E+01
       775  3.006205E+01
       776  6.383969E+01
       777  2.950438E+01
       778  6.309626E+01
       779  2.918153E+01
       780  6.272403E+01
       781  5.302738E+02
       782  2.997900E+02
       783  1.376531E+02
       784  4.225606E+01
       785  1.257075E+01
       786  5.302738E+02
       787  2.997900E+02
       788  1.376531E+02
       789  4.225606E+01
       790  1.257075E+01
       791  2.615029E+01
       792  5.745620E+01
       793  2.648395E+01
       794  5.784315E+01
       795  2.705957E+01
       796  5.861721E+01
       797  2.847598E+01
       798  5.942449E+01
       799  1.034044E+01
       800  2.147273E+01
       801  1.034044E+01
       802  2.147273E+01
       803  2.847598E+01
       804  5.942449E+01
       805  2.705957E+01
       806  5.861721E+01
       807  2.648395E+01
       808  5.784315E+01
       809  2.615029E+01
       810  5.745620E+01
       811  4.817985E+02
       812  2.734149E+02
       813  1.266790E+02
       814  3.995206E+01
       815  1.219651E+01
       816  4.817985E+02
       817  2.734149E+02
       818  1.266790E+02
       819  3.995206E+01
       820  1.219651E+01
       821  2.326932E+01
       822  5.228677E+01
       823  2.361394E+01
       824  5.269138E+01
       825  2.420837E+01
       826  5.350016E+01
       827  2.569826E+01
       828  5.433329E+01
       829  9.327377E+00
       830  1.960612E+01
       831  9.327377E+00
       832  1.960612E+01
       833  2.569826E+01
       834  5.433329E+01
       835  2.420837E+01
       836  5.350016E+01
       837  2.361394E+01
       838  5.269138E+01
       839  2.326932E+01
       840  5.228677E+01
       841  4.344960E+02
       842  2.475328E+02
       843  1.157847E+02
       844  3.758393E+01
       845  1.188401E+01
       846  4.344960E+02
       847  2.475328E+02
       848  1.157847E+02
       849  3.758393E+01
       850  1.188401E+01
       851  2.053969E+01
       852  4.722456E+01
       853  2.089575E+01
       854  4.765021E+01
       855  2.151051E+01
       856  4.849865E+01
       857  2.308000E+01
       858  4.936055E+01
       859  8.372809E+00
       860  1.778135E+01
       861  8.372809E+00
       862  1.778135E+01
       863  2.308000E+01
       864  4.936055E+01
       865  2.151051E+01
       866  4.849865E+01
       867  2.089575E+01
       868  4.765021E+01
       869  2.053969E+01
       870  4.722456E+01
       871  3.884920E+02
       872  2.222187E+02
       873  1.050075E+02
       874  3.516288E+01
       875  1.162928E+01
       876  3.884920E+02
       877  2.222187E+02
       878  1.050075E+02
       879  3.516288E+01
       880  1.162928E+01
       881  1.796191E+01
       882  4.228360E+01
       883  1.833062E+01
       884  4.273307E+01
       885  1.896831E+01
       886  4.362609E+01
       887  2.062526E+01
       888  4.451998E+01
       889  7.478498E+00
       890  1.600318E+01
       891  7.478498E+00
       892  1.600318E+01
       893  2.062526E+01
       894  4.451998E+01
       895  1.896831E+01
       896  4.362609E+01
       897  1.833062E+01
       898  4.273307E+01
       899  1.796191E+01
       900  4.228360E+01
       901  3.439236E+02
       902  1.975553E+02
       903  9.438988E+01
       904  3.270349E+01
       905  1.143049E+01
       906  3.439236E+02
       907  1.975553E+02
       908  9.438988E+01
       909  3.270349E+01
       910  1.143049E+01
       911  1.553600E+01
       912  3.748595E+01
       913  1.591979E+01
       914  3.795936E+01
       915  1.658460E+01
       916  3.890004E+01
       917  1.833920E+01
       918  3.982852E+01
       919  6.646507E+00
       920  1.427739E+01
       921  6.646507E+00
       922  1.427739E+01
       923  1.833920E+01
       924  3.982852E+01
       925  1.658460E+01
       926  3.890004E+01
       927  1.591979E+01
       928  3.795936E+01
       929  1.553600E+01
       930  3.748595E+01
       931  3.009370E+02
       932  1.736321E+02
       933  8.397998E+01
       934  3.022484E+01
       935  1.128894E+01
       936  3.009370E+02
       937  1.736321E+02
       938  8.397998E+01
       939  3.022484E+01
       940  1.128894E+01
       941  1.326204E+01
       942  3.286508E+01
       943  1.366535E+01
       944  3.335633E+01
       945  1.436342E+01
       946  3.434273E+01
       947  1.622873E+01
       948  3.530636E+01
       949  5.879137E+00
       950  1.261070E+01
       951  5.879137E+00
       952  1.261070E+01
       953  1.622873E+01
       954  3.530636E+01
       955  1.436342E+01
       956  3.434273E+01
       957  1.366535E+01
       958  3.335633E+01
       959  1.326204E+01
       960  3.286508E+01
       961  2.596838E+02
       962  1.505449E+02
       963  7.383274E+01
       964  2.775201E+01
       965  1.121032E+01
       966  2.596838E+02
       967  1.505449E+02
       968  7.383274E+01
       969  2.775201E+01
       970  1.121032E+01
       971  1.114167E+01
       972  2.846874E+01
       973  1.157180E+01
       974  2.896031E+01
       975  1.231140E+01
       976  2.998088E+01
       977  1.430345E+01
       978  3.097604E+01
       979  5.178782E+00
       980  1.101044E+01
       981  5.178782E+00
       982  1.101044E+01
       983  1.430345E+01
       984  3.097604E+01
       985  1.231140E+01
       986  2.998088E+01
       987  1.157180E+01
       988  2.896031E+01
       989  1.114167E+01
       990  2.846874E+01
       991  2.203188E+02
       992  1.283968E+02
       993  6.401126E+01
       994  2.531770E+01
       995  1.120596E+01
       996  2.203188E+02
       997  1.283968E+02
       998  6.401126E+01
       999  2.531770E+01
      1000  1.120596E+01
      1001  9.181407E+00
      1002  2.436023E+01
      1003  9.649431E+00
      1004  2.481621E+01
      1005  1.044026E+01
      1006  2.584367E+01
      1007  1.257706E+01
      1008  2.686013E+01
      1009  4.547625E+00
      1010  9.483806E+00
      1011  4.547625E+00
      1012  9.483806E+00
      1013  1.257706E+01
      1014  2.686013E+01
      1015  1.044026E+01
      1016  2.584367E+01
      1017  9.649431E+00
      1018  2.481621E+01
      1019  9.181407E+00
      1020  2.436023E+01
      1021  1.830030E+02
      1022  1.073005E+02
      1023  5.458925E+01
      1024  2.296363E+01
      1025  1.129331E+01
      1026  1.830030E+02
      1027  1.073005E+02
      1028  5.458925E+01
      1029  2.296363E+01
      1030  1.129331E+01
      1031  7.400168E+00
      1032  2.061674E+01
      1033  7.921332E+00
      1034  2.097456E+01
      1035  8.771590E+00
      1036  2.195853E+01
      1037  1.106929E+01
      1038  2.297668E+01
      1039  3.987101E+00
      1040  8.036379E+00
      1041  3.987101E+00
      1042  8.036379E+00
      1043  1.106929E+01
      1044  2.297668E+01
      1045  8.771590E+00
      1046  2.195853E+01
      1047  7.921332E+00
      1048  2.097456E+01
      1049  7.400168E+00
      1050  2.061674E+01
      1051  1.479152E+02
      1052  8.738769E+01
      1053  4.565579E+01
      1054  2.074158E+01
      1055  1.149429E+01
      1056  1.479152E+02
      1057  8.738769E+01
      1058  4.565579E+01
      1059  2.074158E+01
      1060  1.149429E+01
      1061  5.845046E+00
      1062  1.732498E+01
      1063  6.437830E+00
      1064  1.748704E+01
      1065  7.346264E+00
      1066  1.834537E+01
      1067  9.809396E+00
      1068  1.933284E+01
      1069  3.497007E+00
      1070  6.670050E+00
      1071  3.497007E+00
      1072  6.670050E+00
      1073  9.809396E+00
      1074  1.933284E+01
      1075  7.346264E+00
      1076  1.834537E+01
      1077  6.437830E+00
      1078  1.748704E+01
      1079  5.845046E+00
      1080  1.732498E+01
      1081  1.152744E+02
      1082  6.882616E+01
      1083  3.732750E+01
      1084  1.871441E+01
      1085  1.182836E+01
      1086  1.152744E+02
      1087  6.882616E+01
      1088  3.732750E+01
      1089  1.871441E+01
      1090  1.182836E+01
      1091  4.622889E+00
      1092  1.457667E+01
      1093  5.305010E+00
      1094  1.440655E+01
      1095  6.243612E+00
      1096  1.501644E+01
      1097  8.845587E+00
      1098  1.592309E+01
      1099  3.074193E+00
      1100  5.383373E+00
      1101  3.074193E+00
      1102  5.383373E+00
      1103  8.845587E+00
      1104  1.592309E+01
      1105  6.243612E+00
      1106  1.501644E+01
      1107  5.305010E+00
      1108  1.440655E+01
      1109  4.622889E+00
      1110  1.457667E+01
      1111  8.536179E+01
      1112  5.185062E+01
      1113  2.977329E+01
      1114  1.695954E+01
      1115  1.229414E+01
      1116  8.536179E+01
      1117  5.185062E+01
      1118  2.977329E+01
      1119  1.695954E+01
      1120  1.229414E+01
      1121  3.948638E+00
      1122  1.246764E+01
      1123  4.732571E+00
      1124  1.180545E+01
      1125  5.619168E+00
      1126  1.200191E+01
      1127  8.275034E+00
      1128  1.275404E+01
      1129  2.711848E+00
      1130  4.183824E+00
      1131  2.711848E+00
      1132  4.183824E+00
      1133  8.275034E+00
      1134  1.275404E+01
      1135  5.619168E+00
      1136  1.200191E+01
      1137  4.732571E+00
      1138  1.180545E+01
      1139  3.948638E+00
      1140  1.246764E+01
      1141  5.853512E+01
      1142  3.680593E+01
      1143  2.324064E+01
      1144  1.555904E+01
      1145  1.284639E+01
      1146  5.853512E+01
      1147  3.680593E+01
      1148  2.324064E+01
      1149  1.555904E+01
      1150  1.284639E+01
      1151  4.181576E+00
      1152  1.107448E+01
      1153  5.078548E+00
      1154  9.823026E+00
      1155  5.764091E+00
      1156  9.443416E+00
      1157  8.326495E+00
      1158  9.964792E+00
      1159  2.399176E+00
      1160  3.148205E+00
      1161  2.399176E+00
      1162  3.148205E+00
      1163  8.326495E+00
      1164  9.964792E+00
      1165  5.764091E+00
      1166  9.443416E+00
      1167  5.078548E+00
      1168  9.823026E+00
      1169  4.181576E+00
      1170  1.107448E+01
      1171  3.533012E+01
      1172  2.416839E+01
      1173  1.802922E+01
      1174  1.453563E+01
      1175  1.338227E+01
      1176  3.533012E+01
      1177  2.416839E+01
      1178  1.802922E+01
      1179  1.453563E+01
      1180  1.338227E+01
      1181  5.637924E+00
      1182  1.035714E+01
      1183  6.736875E+00
      1184  8.692772E+00
      1185  7.162072E+00
      1186  7.784321E+00
      1187  9.621340E+00
      1188  8.121024E+00
      1189  2.160150E+00
      1190  2.584368E+00
      1191  2.160150E+00
      1192  2.584368E+00
      1193  9.621340E+00
      1194  8.121024E+00
      1195  7.162072E+00
      1196  7.784321E+00
      1197  6.736875E+00
      1198  8.692772E+00
      1199  5.637924E+00
      1200  1.035714E+01
      1201  1.688175E+01
      1202  1.457520E+01
      1203  1.428099E+01
      1204  1.398049E+01
      1205  1.415559E+01
      1206  1.688175E+01
      1207  1.457520E+01
      1208  1.428099E+01
      1209  1.398049E+01
      1210  1.415559E+01
      1211  7.882841E+00
      1212  9.758942E+00
      1213  9.555445E+00
      1214  8.414984E+00
      1215  1.035139E+01
      1216  7.964767E+00
      1217  1.392044E+01
      1218  9.176633E+00
      1219  2.110565E+00
      1220  3.642298E+00
      1221  2.110565E+00
      1222  3.642298E+00
      1223  1.392044E+01
      1224  9.176633E+00
      1225  1.035139E+01
      1226  7.964767E+00
      1227  9.555445E+00
      1228  8.414984E+00
      1229  7.882841E+00
      1230  9.758942E+00
      1231  4.920686E+00
      1232  7.539723E+00
      1233  1.083537E+01
      1234  1.385880E+01
      1235  1.865885E+01
      1236  4.920686E+00
      1237  7.539723E+00
      1238  1.083537E+01
      1239  1.385880E+01
      1240  1.865885E+01
      1241  9.275012E+00
      1242  8.605801E+00
      1243  1.189098E+01
      1244  8.395185E+00
      1245  1.571795E+01
      1246  1.086877E+01
      1247  2.875594E+01
      1248  2.028216E+01
      1249  3.313038E+00
      1250  1.207887E+01
      1251  3.313038E+00
      1252  1.207887E+01
      1253  2.875594E+01
      1254  2.028216E+01
      1255  1.571795E+01
      1256  1.086877E+01
      1257  1.189098E+01
      1258  8.395185E+00
      1259  9.275012E+00
      1260  8.605801E+00
      1261  2.239229E-01
      1262  1.003669E+00
      1263  2.916420E+00
      1264  7.066076E+00
      1265  1.857637E+01
      1266  2.239229E-01
      1267  1.003669E+00
      1268  2.916420E+00
      1269  7.066076E+00
      1270  1.857637E+01
      1271  5.252273E+00
      1272  6.752020E+00
      1273  7.610873E+00
      1274  6.863635E+00
      1275  1.308356E+01
      1276  1.420262E+01
      1277  4.405453E+01
      1278  4.258384E+01
      1279  5.081541E+00
      1280  3.291185E+01
      1281  5.081541E+00
      1282  3.291185E+01
      1283  4.405453E+01
      1284  4.258384E+01
      1285  1.308356E+01
      1286  1.420262E+01
      1287  7.610873E+00
      1288  6.863635E+00
      1289  5.252273E+00
      1290  6.752020E+00

                                INCREMENT     9


 displacements (vx,vy,vz) for set TIP_TOP and time  0.7750000E+00

      2087  5.319901E-01 -1.925647E-02 -1.628342E+01
      2088  5.321787E-01 -1.902091E-02 -1.624061E+01
      2091  5.314646E-01 -1.850768E-02 -1.619797E+01
      2094  5.310759E-01 -1.514839E-02 -1.615842E+01
      2096  5.312101E-01 -6.050064E-03 -1.613277E+01
      2098  5.311089E-01  2.718480E-14 -1.613120E+01
      2100  5.312101E-01  6.050064E-03 -1.613277E+01
      2103  5.310759E-01  1.514839E-02 -1.615842E+01
      2106  5.314646E-01  1.850768E-02 -1.619797E+01
      2109  5.321787E-01  1.902091E-02 -1.624061E+01
      2112  5.319901E-01  1.925647E-02 -1.628342E+01

 forces (fx,fy,fz) for set CLAMP and time  0.7750000E+00

         1  2.586267E+04  3.110114E+04  1.030992E+04
         4  4.645612E+04  2.983295E-09  2.059087E+04
         5  3.679848E+04  4.838478E+04  1.485102E+03
         8  6.488688E+04 -1.118179E-09  3.023436E+03
         9  2.460219E+04  3.179987E+04 -6.518646E+02
        12  4.308366E+04 -5.943039E-10 -1.250871E+03
        13  1.279722E+04  1.627527E+04 -2.055553E+03
        16  2.235758E+04  3.226116E-09 -4.048505E+03
        17  7.878275E+02  6.153025E+02 -2.386531E+03
        20  1.306843E+03  1.453274E-09 -4.733218E+03
        21 -7.807139E+03 -5.306630E+03 -7.233331E+03
        24 -9.544167E+03 -3.749164E-10 -2.637474E+03
        26  2.586267E+04 -3.110114E+04  1.030992E+04
        28  3.679848E+04 -4.838478E+04  1.485102E+03
        30  2.460219E+04 -3.179987E+04 -6.518646E+02
        32  1.279722E+04 -1.627527E+04 -2.055553E+03
        34  7.878275E+02 -6.153025E+02 -2.386531E+03
        36 -7.807139E+03  5.306630E+03 -7.233331E+03
        37 -5.300267E+03 -3.242443E+03 -7.360817E+03
        40 -6.317979E+03 -1.012361E+03 -1.276884E+04
        41 -1.336260E+04 -7.429786E+03 -1.930308E+03
        44 -1.914751E+04 -2.227913E+03 -3.731738E+03
        45 -9.336873E+03 -4.204078E+03  8.853978E+03
        48 -1.538150E+04 -1.218756E+03  1.618335E+04
        50 -5.367152E+03 -9.558703E+02 -1.172880E+04
        52 -1.818369E+04 -2.014876E+03 -3.753857E+03
        54 -1.545385E+04 -1.058815E+03  1.547549E+04
        56 -5.236742E+03 -7.048233E+02 -1.164740E+04
        58 -1.831306E+04 -1.378103E+03 -3.659384E+03
        60 -1.579550E+04 -6.873581E+02  1.556217E+04
        62 -1.276372E+04 -5.316805E+02 -2.247184E+03
        64 -1.098655E+04 -2.413617E+02  1.080338E+04
        66 -6.845759E+03  3.416098E-09 -1.138705E+03
        68 -5.889676E+03  8.145780E-10  5.810547E+03
        70 -1.276372E+04  5.316805E+02 -2.247184E+03
        72 -1.098655E+04  2.413617E+02  1.080338E+04
        74 -5.236742E+03  7.048233E+02 -1.164740E+04
        76 -1.831306E+04  1.378103E+03 -3.659384E+03
        78 -1.579550E+04  6.873581E+02  1.556217E+04
        80 -5.367152E+03  9.558703E+02 -1.172880E+04
        82 -1.818369E+04  2.014876E+03 -3.753857E+03
        84 -1.545385E+04  1.058815E+03  1.547549E+04
        86 -6.317979E+03  1.012361E+03 -1.276884E+04
        88 -1.914751E+04  2.227913E+03 -3.731738E+03
        90 -1.538150E+04  1.218756E+03  1.618335E+04
        92 -5.300267E+03  3.242443E+03 -7.360817E+03
        94 -1.336260E+04  7.429786E+03 -1.930308E+03
        96 -9.336873E+03  4.204078E+03  8.853978E+03

 internal energy (element, energy) for set EALL and time  0.7750000E+00

         1  1.840444E+03
         2  8.653402E+02
         3  3.257421E+02
         4  5.519535E+01
         5  4.599217E+01
         6  1.840444E+03
         7  8.653402E+02
         8  3.257421E+02
         9  5.519535E+01
        10  4.599217E+01
        11  1.492245E+02
        12  2.276152E+02
        13  1.209376E+02
        14  1.958507E+02
        15  1.143612E+02
        16  1.902327E+02
        17  1.170470E+02
        18  1.920899E+02
        19  4.343759E+01
        20  7.075596E+01
        21  4.343759E+01
        22  7.075596E+01
        23  1.170470E+02
        24  1.920899E+02
        25  1.143612E+02
        26  1.902327E+02
        27  1.209376E+02
        28  1.958507E+02
        29  1.492245E+02
        30  2.276152E+02
        31  2.286566E+03
        32  1.273968E+03
        33  4.865739E+02
        34  8.923845E+01
        35  7.864283E+01
        36  2.286566E+03
        37  1.273968E+03
        38  4.865739E+02
        39  8.923845E+01
        40  7.864283E+01
        41  1.623809E+02
        42  2.439127E+02
        43  1.755004E+02
        44  2.592348E+02
        45  1.749410E+02
        46  2.583102E+02
        47  1.765850E+02
        48  2.600610E+02
        49  6.442741E+01
        50  9.508094E+01
        51  6.442741E+01
        52  9.508094E+01
        53  1.765850E+02
        54  2.600610E+02
        55  1.749410E+02
        56  2.583102E+02
        57  1.755004E+02
        58  2.592348E+02
        59  1.623809E+02
        60  2.439127E+02
        61  2.410215E+03
        62  1.312423E+03
        63  5.238486E+02
        64  1.017933E+02
        65  8.446177E+01
        66  2.410215E+03
        67  1.312423E+03
        68  5.238486E+02
        69  1.017933E+02
        70  8.446177E+01
        71  1.688298E+02
        72  2.527585E+02
        73  1.804128E+02
        74  2.672287E+02
        75  1.873141E+02
        76  2.767096E+02
        77  1.890632E+02
        78  2.805640E+02
        79  6.843858E+01
        80  1.022527E+02
        81  6.843858E+01
        82  1.022527E+02
        83  1.890632E+02
        84  2.805640E+02
        85  1.873141E+02
        86  2.767096E+02
        87  1.804128E+02
        88  2.672287E+02
        89  1.688298E+02
        90  2.527585E+02
        91  2.418085E+03
        92  1.279848E+03
        93  5.055210E+02
        94  9.934931E+01
        95  7.737268E+01
        96  2.418085E+03
        97  1.279848E+03
        98  5.055210E+02
        99  9.934931E+01
       100  7.737268E+01
       101  1.715688E+02
       102  2.598935E+02
       103  1.749762E+02
       104  2.645859E+02
       105  1.786153E+02
       106  2.694234E+02
       107  1.807246E+02
       108  2.717362E+02
       109  6.571736E+01
       110  9.879712E+01
       111  6.571736E+01
       112  9.879712E+01
       113  1.807246E+02
       114  2.717362E+02
       115  1.786153E+02
       116  2.694234E+02
       117  1.749762E+02
       118  2.645859E+02
       119  1.715688E+02
       120  2.598935E+02
       121  2.345355E+03
       122  1.234318E+03
       123  4.846391E+02
       124  9.527390E+01
       125  6.971094E+01
       126  2.345355E+03
       127  1.234318E+03
       128  4.846391E+02
       129  9.527390E+01
       130  6.971094E+01
       131  1.655476E+02
       132  2.555763E+02
       133  1.663050E+02
       134  2.561086E+02
       135  1.674851E+02
       136  2.569830E+02
       137  1.686309E+02
       138  2.575532E+02
       139  6.138397E+01
       140  9.361724E+01
       141  6.138397E+01
       142  9.361724E+01
       143  1.686309E+02
       144  2.575532E+02
       145  1.674851E+02
       146  2.569830E+02
       147  1.663050E+02
       148  2.561086E+02
       149  1.655476E+02
       150  2.555763E+02
       151  2.265891E+03
       152  1.193764E+03
       153  4.700111E+02
       154  9.342018E+01
       155  6.389587E+01
       156  2.265891E+03
       157  1.193764E+03
       158  4.700111E+02
       159  9.342018E+01
       160  6.389587E+01
       161  1.582246E+02
       162  2.469838E+02
       163  1.583730E+02
       164  2.465538E+02
       165  1.588462E+02
       166  2.464825E+02
       167  1.595957E+02
       168  2.466509E+02
       169  5.807893E+01
       170  8.963398E+01
       171  5.807893E+01
       172  8.963398E+01
       173  1.595957E+02
       174  2.466509E+02
       175  1.588462E+02
       176  2.464825E+02
       177  1.583730E+02
       178  2.465538E+02
       179  1.582246E+02
       180  2.469838E+02
       181  2.183225E+03
       182  1.153632E+03
       183  4.569626E+02
       184  9.239400E+01
       185  5.901921E+01
       186  2.183225E+03
       187  1.153632E+03
       188  4.569626E+02
       189  9.239400E+01
       190  5.901921E+01
       191  1.504263E+02
       192  2.371115E+02
       193  1.505716E+02
       194  2.368746E+02
       195  1.509263E+02
       196  2.369045E+02
       197  1.516427E+02
       198  2.371929E+02
       199  5.518531E+01
       200  8.621754E+01
       201  5.518531E+01
       202  8.621754E+01
       203  1.516427E+02
       204  2.371929E+02
       205  1.509263E+02
       206  2.369045E+02
       207  1.505716E+02
       208  2.368746E+02
       209  1.504263E+02
       210  2.371115E+02
       211  2.100910E+03
       212  1.113839E+03
       213  4.443019E+02
       214  9.155280E+01
       215  5.462658E+01
       216  2.100910E+03
       217  1.113839E+03
       218  4.443019E+02
       219  9.155280E+01
       220  5.462658E+01
       221  1.427883E+02
       222  2.273688E+02
       223  1.429901E+02
       224  2.274101E+02
       225  1.433725E+02
       226  2.276888E+02
       227  1.441299E+02
       228  2.281440E+02
       229  5.245189E+01
       230  8.294467E+01
       231  5.245189E+01
       232  8.294467E+01
       233  1.441299E+02
       234  2.281440E+02
       235  1.433725E+02
       236  2.276888E+02
       237  1.429901E+02
       238  2.274101E+02
       239  1.427883E+02
       240  2.273688E+02
       241  2.019472E+03
       242  1.074250E+03
       243  4.315764E+02
       244  9.066578E+01
       245  5.057702E+01
       246  2.019472E+03
       247  1.074250E+03
       248  4.315764E+02
       249  9.066578E+01
       250  5.057702E+01
       251  1.353710E+02
       252  2.180141E+02
       253  1.356026E+02
       254  2.182135E+02
       255  1.360151E+02
       256  2.186552E+02
       257  1.368158E+02
       258  2.192205E+02
       259  4.978950E+01
       260  7.970758E+01
       261  4.978950E+01
       262  7.970758E+01
       263  1.368158E+02
       264  2.192205E+02
       265  1.360151E+02
       266  2.186552E+02
       267  1.356026E+02
       268  2.182135E+02
       269  1.353710E+02
       270  2.180141E+02
       271  1.938971E+03
       272  1.034846E+03
       273  4.187045E+02
       274  8.968071E+01
       275  4.682717E+01
       276  1.938971E+03
       277  1.034846E+03
       278  4.187045E+02
       279  8.968071E+01
       280  4.682717E+01
       281  1.281662E+02
       282  2.089820E+02
       283  1.284079E+02
       284  2.092517E+02
       285  1.288381E+02
       286  2.097770E+02
       287  1.296763E+02
       288  2.104032E+02
       289  4.719043E+01
       290  7.650238E+01
       291  4.719043E+01
       292  7.650238E+01
       293  1.296763E+02
       294  2.104032E+02
       295  1.288381E+02
       296  2.097770E+02
       297  1.284079E+02
       298  2.092517E+02
       299  1.281662E+02
       300  2.089820E+02
       301  1.859355E+03
       302  9.956247E+02
       303  4.056891E+02
       304  8.859388E+01
       305  4.336483E+01
       306  1.859355E+03
       307  9.956247E+02
       308  4.056891E+02
       309  8.859388E+01
       310  4.336483E+01
       311  1.211560E+02
       312  2.001827E+02
       313  1.214028E+02
       314  2.004818E+02
       315  1.218462E+02
       316  2.010493E+02
       317  1.227211E+02
       318  2.017099E+02
       319  4.465860E+01
       320  7.333830E+01
       321  4.465860E+01
       322  7.333830E+01
       323  1.227211E+02
       324  2.017099E+02
       325  1.218462E+02
       326  2.010493E+02
       327  1.214028E+02
       328  2.004818E+02
       329  1.211560E+02
       330  2.001827E+02
       331  1.780593E+03
       332  9.565875E+02
       333  3.925399E+02
       334  8.740584E+01
       335  4.017943E+01
       336  1.780593E+03
       337  9.565875E+02
       338  3.925399E+02
       339  8.740584E+01
       340  4.017943E+01
       341  1.143349E+02
       342  1.915557E+02
       343  1.145880E+02
       344  1.918691E+02
       345  1.150447E+02
       346  1.924623E+02
       347  1.159587E+02
       348  1.931464E+02
       349  4.219716E+01
       350  7.021956E+01
       351  4.219716E+01
       352  7.021956E+01
       353  1.159587E+02
       354  1.931464E+02
       355  1.150447E+02
       356  1.924623E+02
       357  1.145880E+02
       358  1.918691E+02
       359  1.143349E+02
       360  1.915557E+02
       361  1.702663E+03
       362  9.177317E+02
       363  3.792597E+02
       364  8.611412E+01
       365  3.725794E+01
       366  1.702663E+03
       367  9.177317E+02
       368  3.792597E+02
       369  8.611412E+01
       370  3.725794E+01
       371  1.077020E+02
       372  1.830682E+02
       373  1.079635E+02
       374  1.833914E+02
       375  1.084353E+02
       376  1.840055E+02
       377  1.093913E+02
       378  1.847101E+02
       379  3.980675E+01
       380  6.714616E+01
       381  3.980675E+01
       382  6.714616E+01
       383  1.093913E+02
       384  1.847101E+02
       385  1.084353E+02
       386  1.840055E+02
       387  1.079635E+02
       388  1.833914E+02
       389  1.077020E+02
       390  1.830682E+02
       391  1.625550E+03
       392  8.790520E+02
       393  3.658478E+02
       394  8.471474E+01
       395  3.458591E+01
       396  1.625550E+03
       397  8.790520E+02
       398  3.658478E+02
       399  8.471474E+01
       400  3.458591E+01
       401  1.012576E+02
       402  1.747032E+02
       403  1.015289E+02
       404  1.750356E+02
       405  1.020172E+02
       406  1.756704E+02
       407  1.030181E+02
       408  1.763957E+02
       409  3.748692E+01
       410  6.411657E+01
       411  3.748692E+01
       412  6.411657E+01
       413  1.030181E+02
       414  1.763957E+02
       415  1.020172E+02
       416  1.756704E+02
       417  1.015289E+02
       418  1.750356E+02
       419  1.012576E+02
       420  1.747032E+02
       421  1.549234E+03
       422  8.405428E+02
       423  3.523029E+02
       424  8.320370E+01
       425  3.214871E+01
       426  1.549234E+03
       427  8.405428E+02
       428  3.523029E+02
       429  8.320370E+01
       430  3.214871E+01
       431  9.500138E+01
       432  1.664519E+02
       433  9.528322E+01
       434  1.667944E+02
       435  9.578890E+01
       436  1.674513E+02
       437  9.683740E+01
       438  1.681982E+02
       439  3.523699E+01
       440  6.112905E+01
       441  3.523699E+01
       442  6.112905E+01
       443  9.683740E+01
       444  1.681982E+02
       445  9.578890E+01
       446  1.674513E+02
       447  9.528322E+01
       448  1.667944E+02
       449  9.500138E+01
       450  1.664519E+02
       451  1.473702E+03
       452  8.022009E+02
       453  3.386251E+02
       454  8.157745E+01
       455  2.993213E+01
       456  1.473702E+03
       457  8.022009E+02
       458  3.386251E+02
       459  8.157745E+01
       460  2.993213E+01
       461  8.893231E+01
       462  1.583099E+02
       463  8.922516E+01
       464  1.586633E+02
       465  8.974892E+01
       466  1.593439E+02
       467  9.084764E+01
       468  1.601138E+02
       469  3.305634E+01
       470  5.818210E+01
       471  3.305634E+01
       472  5.818210E+01
       473  9.084764E+01
       474  1.601138E+02
       475  8.974892E+01
       476  1.593439E+02
       477  8.922516E+01
       478  1.586633E+02
       479  8.893231E+01
       480  1.583099E+02
       481  1.398944E+03
       482  7.640263E+02
       483  3.248161E+02
       484  7.983294E+01
       485  2.792254E+01
       486  1.398944E+03
       487  7.640263E+02
       488  3.248161E+02
       489  7.983294E+01
       490  2.792254E+01
       491  8.304941E+01
       492  1.502745E+02
       493  8.335366E+01
       494  1.506397E+02
       495  8.389605E+01
       496  1.513453E+02
       497  8.504767E+01
       498  1.521391E+02
       499  3.094454E+01
       500  5.527449E+01
       501  3.094454E+01
       502  5.527449E+01
       503  8.504767E+01
       504  1.521391E+02
       505  8.389605E+01
       506  1.513453E+02
       507  8.335366E+01
       508  1.506397E+02
       509  8.304941E+01
       510  1.502745E+02
       511  1.324962E+03
       512  7.260234E+02
       513  3.108792E+02
       514  7.796762E+01
       515  2.610686E+01
       516  1.324962E+03
       517  7.260234E+02
       518  3.108792E+02
       519  7.796762E+01
       520  2.610686E+01
       521  7.735190E+01
       522  1.423441E+02
       523  7.766791E+01
       524  1.427216E+02
       525  7.822950E+01
       526  1.434535E+02
       527  7.943681E+01
       528  1.442720E+02
       529  2.890134E+01
       530  5.240529E+01
       531  2.890134E+01
       532  5.240529E+01
       533  7.943681E+01
       534  1.442720E+02
       535  7.822950E+01
       536  1.434535E+02
       537  7.766791E+01
       538  1.427216E+02
       539  7.735190E+01
       540  1.423441E+02
       541  1.251763E+03
       542  6.882011E+02
       543  2.968195E+02
       544  7.597949E+01
       545  2.447256E+01
       546  1.251763E+03
       547  6.882011E+02
       548  2.968195E+02
       549  7.597949E+01
       550  2.447256E+01
       551  7.183939E+01
       552  1.345179E+02
       553  7.216755E+01
       554  1.349081E+02
       555  7.274888E+01
       556  1.356672E+02
       557  7.401487E+01
       558  1.365110E+02
       559  2.692666E+01
       560  4.957385E+01
       561  2.692666E+01
       562  4.957385E+01
       563  7.401487E+01
       564  1.365110E+02
       565  7.274888E+01
       566  1.356672E+02
       567  7.216755E+01
       568  1.349081E+02
       569  7.183939E+01
       570  1.345179E+02
       571  1.179368E+03
       572  6.505736E+02
       573  2.826446E+02
       574  7.386717E+01
       575  2.300756E+01
       576  1.179368E+03
       577  6.505736E+02
       578  2.826446E+02
       579  7.386717E+01
       580  2.300756E+01
       581  6.651188E+01
       582  1.267956E+02
       583  6.685262E+01
       584  1.271986E+02
       585  6.745426E+01
       586  1.279858E+02
       587  6.878207E+01
       588  1.288553E+02
       589  2.502057E+01
       590  4.677984E+01
       591  2.502057E+01
       592  4.677984E+01
       593  6.878207E+01
       594  1.288553E+02
       595  6.745426E+01
       596  1.279858E+02
       597  6.685262E+01
       598  1.271986E+02
       599  6.651188E+01
       600  1.267956E+02
       601  1.107803E+03
       602  6.131607E+02
       603  2.683644E+02
       604  7.163007E+01
       605  2.170028E+01
       606  1.107803E+03
       607  6.131607E+02
       608  2.683644E+02
       609  7.163007E+01
       610  2.170028E+01
       611  6.136987E+01
       612  1.191775E+02
       613  6.172360E+01
       614  1.195935E+02
       615  6.234611E+01
       616  1.204096E+02
       617  6.373907E+01
       618  1.213051E+02
       619  2.318330E+01
       620  4.402320E+01
       621  2.318330E+01
       622  4.402320E+01
       623  6.373907E+01
       624  1.213051E+02
       625  6.234611E+01
       626  1.204096E+02
       627  6.172360E+01
       628  1.195935E+02
       629  6.136987E+01
       630  1.191775E+02
       631  1.037110E+03
       632  5.759880E+02
       633  2.539914E+02
       634  6.926847E+01
       635  2.053950E+01
       636  1.037110E+03
       637  5.759880E+02
       638  2.539914E+02
       639  6.926847E+01
       640  2.053950E+01
       641  5.641426E+01
       642  1.116648E+02
       643  5.678140E+01
       644  1.120939E+02
       645  5.742531E+01
       646  1.129396E+02
       647  5.888694E+01
       648  1.138614E+02
       649  2.141523E+01
       650  4.130423E+01
       651  2.141523E+01
       652  4.130423E+01
       653  5.888694E+01
       654  1.138614E+02
       655  5.742531E+01
       656  1.129396E+02
       657  5.678140E+01
       658  1.120939E+02
       659  5.641426E+01
       660  1.116648E+02
       661  9.673390E+02
       662  5.390883E+02
       663  2.395416E+02
       664  6.678366E+01
       665  1.951444E+01
       666  9.673390E+02
       667  5.390883E+02
       668  2.395416E+02
       669  6.678366E+01
       670  1.951444E+01
       671  5.164642E+01
       672  1.042591E+02
       673  5.202732E+01
       674  1.047017E+02
       675  5.269312E+01
       676  1.055779E+02
       677  5.422712E+01
       678  1.065263E+02
       679  1.971689E+01
       680  3.862360E+01
       681  1.971689E+01
       682  3.862360E+01
       683  5.422712E+01
       684  1.065263E+02
       685  5.269312E+01
       686  1.055779E+02
       687  5.202732E+01
       688  1.047017E+02
       689  5.164642E+01
       690  1.042591E+02
       691  8.985544E+02
       692  5.025013E+02
       693  2.250341E+02
       694  6.417807E+01
       695  1.861468E+01
       696  8.985544E+02
       697  5.025013E+02
       698  2.250341E+02
       699  6.417807E+01
       700  1.861468E+01
       701  4.706809E+01
       702  9.696301E+01
       703  4.746304E+01
       704  9.741945E+01
       705  4.815114E+01
       706  9.832756E+01
       707  4.976144E+01
       708  9.930300E+01
       709  1.808894E+01
       710  3.598237E+01
       711  1.808894E+01
       712  3.598237E+01
       713  4.976144E+01
       714  9.930300E+01
       715  4.815114E+01
       716  9.832756E+01
       717  4.746304E+01
       718  9.741945E+01
       719  4.706809E+01
       720  9.696301E+01
       721  8.308345E+02
       722  4.662752E+02
       723  2.104920E+02
       724  6.145541E+01
       725  1.783020E+01
       726  8.308345E+02
       727  4.662752E+02
       728  2.104920E+02
       729  6.145541E+01
       730  1.783020E+01
       731  4.268133E+01
       732  8.977959E+01
       733  4.309050E+01
       734  9.025097E+01
       735  4.380131E+01
       736  9.119278E+01
       737  4.549213E+01
       738  9.219603E+01
       739  1.653223E+01
       740  3.338216E+01
       741  1.653223E+01
       742  3.338216E+01
       743  4.549213E+01
       744  9.219603E+01
       745  4.380131E+01
       746  9.119278E+01
       747  4.309050E+01
       748  9.025097E+01
       749  4.268133E+01
       750  8.977959E+01
       751  7.642732E+02
       752  4.304670E+02
       753  1.959428E+02
       754  5.862087E+01
       755  1.715142E+01
       756  7.642732E+02
       757  4.304670E+02
       758  1.959428E+02
       759  5.862087E+01
       760  1.715142E+01
       761  3.848839E+01
       762  8.271287E+01
       763  3.891189E+01
       764  8.320102E+01
       765  3.964583E+01
       766  8.417933E+01
       767  4.142183E+01
       768  8.521167E+01
       769  1.504780E+01
       770  3.082518E+01
       771  1.504780E+01
       772  3.082518E+01
       773  4.142183E+01
       774  8.521167E+01
       775  3.964583E+01
       776  8.417933E+01
       777  3.891189E+01
       778  8.320102E+01
       779  3.848839E+01
       780  8.271287E+01
       781  6.989814E+02
       782  3.951434E+02
       783  1.814184E+02
       784  5.568137E+01
       785  1.656934E+01
       786  6.989814E+02
       787  3.951434E+02
       788  1.814184E+02
       789  5.568137E+01
       790  1.656934E+01
       791  3.449152E+01
       792  7.576816E+01
       793  3.492942E+01
       794  7.627594E+01
       795  3.568712E+01
       796  7.729475E+01
       797  3.755365E+01
       798  7.835823E+01
       799  1.363695E+01
       800  2.831438E+01
       801  1.363695E+01
       802  2.831438E+01
       803  3.755365E+01
       804  7.835823E+01
       805  3.568712E+01
       806  7.729475E+01
       807  3.492942E+01
       808  7.627594E+01
       809  3.449152E+01
       810  7.576816E+01
       811  6.350878E+02
       812  3.603817E+02
       813  1.669564E+02
       814  5.264584E+01
       815  1.607571E+01
       816  6.350878E+02
       817  3.603817E+02
       818  1.669564E+02
       819  5.264584E+01
       820  1.607571E+01
       821  3.069269E+01
       822  6.895308E+01
       823  3.114519E+01
       824  6.948435E+01
       825  3.192777E+01
       826  7.054908E+01
       827  3.389124E+01
       828  7.164666E+01
       829  1.230125E+01
       830  2.585369E+01
       831  1.230125E+01
       832  2.585369E+01
       833  3.389124E+01
       834  7.164666E+01
       835  3.192777E+01
       836  7.054908E+01
       837  3.114519E+01
       838  6.948435E+01
       839  3.069269E+01
       840  6.895308E+01
       841  5.727401E+02
       842  3.262698E+02
       843  1.525995E+02
       844  4.952577E+01
       845  1.566351E+01
       846  5.727401E+02
       847  3.262698E+02
       848  1.525995E+02
       849  4.952577E+01
       850  1.566351E+01
       851  2.709334E+01
       852  6.227927E+01
       853  2.756107E+01
       854  6.283849E+01
       855  2.837054E+01
       856  6.395562E+01
       857  3.043898E+01
       858  6.509115E+01
       859  1.104265E+01
       860  2.344811E+01
       861  1.104265E+01
       862  2.344811E+01
       863  3.043898E+01
       864  6.509115E+01
       865  2.837054E+01
       866  6.395562E+01
       867  2.756107E+01
       868  6.283849E+01
       869  2.709334E+01
       870  6.227927E+01
       871  5.121036E+02
       872  2.929064E+02
       873  1.383968E+02
       874  4.633596E+01
       875  1.532751E+01
       876  5.121036E+02
       877  2.929064E+02
       878  1.383968E+02
       879  4.633596E+01
       880  1.532751E+01
       881  2.369412E+01
       882  5.576519E+01
       883  2.417865E+01
       884  5.635603E+01
       885  2.501845E+01
       886  5.753205E+01
       887  2.720220E+01
       888  5.870975E+01
       889  9.863455E+00
       890  2.110391E+01
       891  9.863455E+00
       892  2.110391E+01
       893  2.720220E+01
       894  5.870975E+01
       895  2.501845E+01
       896  5.753205E+01
       897  2.417865E+01
       898  5.635603E+01
       899  2.369412E+01
       900  5.576519E+01
       901  4.533590E+02
       902  2.604002E+02
       903  1.244043E+02
       904  4.309558E+01
       905  1.506529E+01
       906  4.533590E+02
       907  2.604002E+02
       908  1.244043E+02
       909  4.309558E+01
       910  1.506529E+01
       911  2.049506E+01
       912  4.943991E+01
       913  2.099962E+01
       914  5.006252E+01
       915  2.187524E+01
       916  5.130148E+01
       917  2.418774E+01
       918  5.252480E+01
       919  8.766400E+00
       920  1.882872E+01
       921  8.766400E+00
       922  1.882872E+01
       923  2.418774E+01
       924  5.252480E+01
       925  2.187524E+01
       926  5.130148E+01
       927  2.099962E+01
       928  5.006252E+01
       929  2.049506E+01
       930  4.943991E+01
       931  3.966990E+02
       932  2.288694E+02
       933  1.106855E+02
       934  3.982978E+01
       935  1.487856E+01
       936  3.966990E+02
       937  2.288694E+02
       938  1.106855E+02
       939  3.982978E+01
       940  1.487856E+01
       941  1.749628E+01
       942  4.334751E+01
       943  1.802670E+01
       944  4.399387E+01
       945  1.894624E+01
       946  4.529325E+01
       947  2.140468E+01
       948  4.656289E+01
       949  7.754517E+00
       950  1.663138E+01
       951  7.754517E+00
       952  1.663138E+01
       953  2.140468E+01
       954  4.656289E+01
       955  1.894624E+01
       956  4.529325E+01
       957  1.802670E+01
       958  4.399387E+01
       959  1.749628E+01
       960  4.334751E+01
       961  3.423235E+02
       962  1.984403E+02
       963  9.731259E+01
       964  3.657159E+01
       965  1.477483E+01
       966  3.423235E+02
       967  1.984403E+02
       968  9.731259E+01
       969  3.657159E+01
       970  1.477483E+01
       971  1.469988E+01
       972  3.755093E+01
       973  1.526581E+01
       974  3.819795E+01
       975  1.624020E+01
       976  3.954253E+01
       977  1.886572E+01
       978  4.085376E+01
       979  6.830967E+00
       980  1.452156E+01
       981  6.830967E+00
       982  1.452156E+01
       983  1.886572E+01
       984  4.085376E+01
       985  1.624020E+01
       986  3.954253E+01
       987  1.526581E+01
       988  3.819795E+01
       989  1.469988E+01
       990  3.755093E+01
       991  2.904364E+02
       992  1.692485E+02
       993  8.436885E+01
       994  3.336410E+01
       995  1.476900E+01
       996  2.904364E+02
       997  1.692485E+02
       998  8.436885E+01
       999  3.336410E+01
      1000  1.476900E+01
      1001  1.211445E+01
      1002  3.213361E+01
      1003  1.273051E+01
      1004  3.273399E+01
      1005  1.377257E+01
      1006  3.408784E+01
      1007  1.658893E+01
      1008  3.542718E+01
      1009  5.998632E+00
      1010  1.250878E+01
      1011  5.998632E+00
      1012  1.250878E+01
      1013  1.658893E+01
      1014  3.542718E+01
      1015  1.377257E+01
      1016  3.408784E+01
      1017  1.273051E+01
      1018  3.273399E+01
      1019  1.211445E+01
      1020  3.213361E+01
      1021  2.412498E+02
      1022  1.414428E+02
      1023  7.195140E+01
      1024  3.026230E+01
      1025  1.488412E+01
      1026  2.412498E+02
      1027  1.414428E+02
      1028  7.195140E+01
      1029  3.026230E+01
      1030  1.488412E+01
      1031  9.764875E+00
      1032  2.719732E+01
      1033  1.045119E+01
      1034  2.766858E+01
      1035  1.157178E+01
      1036  2.896535E+01
      1037  1.460034E+01
      1038  3.030701E+01
      1039  5.259410E+00
      1040  1.060040E+01
      1041  5.259410E+00
      1042  1.060040E+01
      1043  1.460034E+01
      1044  3.030701E+01
      1045  1.157178E+01
      1046  2.896535E+01
      1047  1.045119E+01
      1048  2.766858E+01
      1049  9.764875E+00
      1050  2.719732E+01
      1051  1.949996E+02
      1052  1.151966E+02
      1053  6.017764E+01
      1054  2.733445E+01
      1055  1.514907E+01
      1056  1.949996E+02
      1057  1.151966E+02
      1058  6.017764E+01
      1059  2.733445E+01
      1060  1.514907E+01
      1061  7.713180E+00
      1062  2.285648E+01
      1063  8.494150E+00
      1064  2.306993E+01
      1065  9.691722E+00
      1066  2.420134E+01
      1067  1.293859E+01
      1068  2.550268E+01
      1069  4.613041E+00
      1070  8.798947E+00
      1071  4.613041E+00
      1072  8.798947E+00
      1073  1.293859E+01
      1074  2.550268E+01
      1075  9.691722E+00
      1076  2.420134E+01
      1077  8.494150E+00
      1078  2.306993E+01
      1079  7.713180E+00
      1080  2.285648E+01
      1081  1.519740E+02
      1082  9.073098E+01
      1083  4.920128E+01
      1084  2.466342E+01
      1085  1.558959E+01
      1086  1.519740E+02
      1087  9.073098E+01
      1088  4.920128E+01
      1089  2.466342E+01
      1090  1.558959E+01
      1091  6.100204E+00
      1092  1.923214E+01
      1093  6.999213E+00
      1094  1.900783E+01
      1095  8.236937E+00
      1096  1.981195E+01
      1097  1.166723E+01
      1098  2.100694E+01
      1099  4.055373E+00
      1100  7.102515E+00
      1101  4.055373E+00
      1102  7.102515E+00
      1103  1.166723E+01
      1104  2.100694E+01
      1105  8.236937E+00
      1106  1.981195E+01
      1107  6.999213E+00
      1108  1.900783E+01
      1109  6.100204E+00
      1110  1.923214E+01
      1111  1.125436E+02
      1112  6.835523E+01
      1113  3.924495E+01
      1114  2.235132E+01
      1115  1.620389E+01
      1116  1.125436E+02
      1117  6.835523E+01
      1118  3.924495E+01
      1119  2.235132E+01
      1120  1.620389E+01
      1121  5.209376E+00
      1122  1.645092E+01
      1123  6.242841E+00
      1124  1.557775E+01
      1125  7.412456E+00
      1126  1.583692E+01
      1127  1.091433E+01
      1128  1.682842E+01
      1129  3.577420E+00
      1130  5.520922E+00
      1131  3.577420E+00
      1132  5.520922E+00
      1133  1.091433E+01
      1134  1.682842E+01
      1135  7.412456E+00
      1136  1.583692E+01
      1137  6.242841E+00
      1138  1.557775E+01
      1139  5.209376E+00
      1140  1.645092E+01
      1141  7.717956E+01
      1142  4.852385E+01
      1143  3.063493E+01
      1144  2.050649E+01
      1145  1.693245E+01
      1146  7.717956E+01
      1147  4.852385E+01
      1148  3.063493E+01
      1149  2.050649E+01
      1150  1.693245E+01
      1151  5.514628E+00
      1152  1.461410E+01
      1153  6.697251E+00
      1154  1.296350E+01
      1155  7.602196E+00
      1156  1.246297E+01
      1157  1.098139E+01
      1158  1.315029E+01
      1159  3.164932E+00
      1160  4.155300E+00
      1161  3.164932E+00
      1162  4.155300E+00
      1163  1.098139E+01
      1164  1.315029E+01
      1165  7.602196E+00
      1166  1.246297E+01
      1167  6.697251E+00
      1168  1.296350E+01
      1169  5.514628E+00
      1170  1.461410E+01
      1171  4.658771E+01
      1172  3.186472E+01
      1173  2.376647E+01
      1174  1.915896E+01
      1175  1.763981E+01
      1176  4.658771E+01
      1177  3.186472E+01
      1178  2.376647E+01
      1179  1.915896E+01
      1180  1.763981E+01
      1181  7.433491E+00
      1182  1.366907E+01
      1183  8.882395E+00
      1184  1.147323E+01
      1185  9.444194E+00
      1186  1.027468E+01
      1187  1.268748E+01
      1188  1.071805E+01
      1189  2.849463E+00
      1190  3.411277E+00
      1191  2.849463E+00
      1192  3.411277E+00
      1193  1.268748E+01
      1194  1.071805E+01
      1195  9.444194E+00
      1196  1.027468E+01
      1197  8.882395E+00
      1198  1.147323E+01
      1199  7.433491E+00
      1200  1.366907E+01
      1201  2.226394E+01
      1202  1.921830E+01
      1203  1.882728E+01
      1204  1.842900E+01
      1205  1.866002E+01
      1206  2.226394E+01
      1207  1.921830E+01
      1208  1.882728E+01
      1209  1.842900E+01
      1210  1.866002E+01
      1211  1.039308E+01
      1212  1.288161E+01
      1213  1.259853E+01
      1214  1.110777E+01
      1215  1.364907E+01
      1216  1.051236E+01
      1217  1.835467E+01
      1218  1.210795E+01
      1219  2.783698E+00
      1220  4.804977E+00
      1221  2.783698E+00
      1222  4.804977E+00
      1223  1.835467E+01
      1224  1.210795E+01
      1225  1.364907E+01
      1226  1.051236E+01
      1227  1.259853E+01
      1228  1.110777E+01
      1229  1.039308E+01
      1230  1.288161E+01
      1231  6.490719E+00
      1232  9.943483E+00
      1233  1.428793E+01
      1234  1.827198E+01
      1235  2.459788E+01
      1236  6.490719E+00
      1237  9.943483E+00
      1238  1.428793E+01
      1239  1.827198E+01
      1240  2.459788E+01
      1241  1.222964E+01
      1242  1.136001E+01
      1243  1.567969E+01
      1244  1.108143E+01
      1245  2.072715E+01
      1246  1.434026E+01
      1247  3.791650E+01
      1248  2.674905E+01
      1249  4.368876E+00
      1250  1.592621E+01
      1251  4.368876E+00
      1252  1.592621E+01
      1253  3.791650E+01
      1254  2.674905E+01
      1255  2.072715E+01
      1256  1.434026E+01
      1257  1.567969E+01
      1258  1.108143E+01
      1259  1.222964E+01
      1260  1.136001E+01
      1261  2.954930E-01
      1262  1.324211E+00
      1263  3.847410E+00
      1264  9.320724E+00
      1265  2.449926E+01
      1266  2.954930E-01
      1267  1.324211E+00
      1268  3.847410E+00
      1269  9.320724E+00
      1270  2.449926E+01
      1271  6.928059E+00
      1272  8.914126E+00
      1273  1.003721E+01
      1274  9.056358E+00
      1275  1.725290E+01
      1276  1.873150E+01
      1277  5.809043E+01
      1278  5.615220E+01
      1279  6.701036E+00
      1280  4.339933E+01
      1281  6.701036E+00
      1282  4.339933E+01
      1283  5.809043E+01
      1284  5.615220E+01
      1285  1.725290E+01
      1286  1.873150E+01
      1287  1.003721E+01
      1288  9.056358E+00
      1289  6.928059E+00
      1290  8.914126E+00

                                INCREMENT    10


 displacements (vx,vy,vz) for set TIP_TOP and time  0.8750000E+00

      2087  5.889251E-01 -2.172566E-02 -1.863082E+01
      2088  5.892367E-01 -2.146561E-02 -1.858248E+01
      2091  5.885335E-01 -2.089155E-02 -1.853433E+01
      2094  5.881892E-01 -1.710307E-02 -1.848967E+01
      2096  5.884043E-01 -6.831617E-03 -1.846070E+01
      2098  5.882957E-01 -9.703257E-15 -1.845893E+01
      2100  5.884043E-01  6.831617E-03 -1.846070E+01
      2103  5.881892E-01  1.710307E-02 -1.848967E+01
      2106  5.885335E-01  2.089155E-02 -1.853433E+01
      2109  5.892367E-01  2.146561E-02 -1.858248E+01
      2112  5.889251E-01  2.172566E-02 -1.863082E+01

 forces (fx,fy,fz) for set CLAMP and time  0.8750000E+00

         1  2.887349E+04  3.352913E+04  1.156829E+04
         4  5.168165E+04  7.961275E-09  2.310552E+04
         5  4.148656E+04  5.433658E+04  2.130634E+03
         8  7.301295E+04 -1.083683E-09  4.341879E+03
         9  2.821040E+04  3.646613E+04 -7.456904E+02
        12  4.939433E+04 -4.332595E-09 -1.432760E+03
        13  1.480978E+04  1.883678E+04 -2.413756E+03
        16  2.587273E+04 -1.556648E-09 -4.755883E+03
        17  1.074898E+03  9.222744E+02 -2.810937E+03
        20  1.795642E+03 -1.104608E-08 -5.574774E+03
        21 -8.854096E+03 -5.955423E+03 -8.273591E+03
        24 -1.073535E+04 -8.618816E-11 -3.110015E+03
        26  2.887349E+04 -3.352913E+04  1.156829E+04
        28  4.148656E+04 -5.433658E+04  2.130634E+03
        30  2.821040E+04 -3.646613E+04 -7.456904E+02
        32  1.480978E+04 -1.883678E+04 -2.413756E+03
        34  1.074898E+03 -9.222744E+02 -2.810937E+03
        36 -8.854096E+03  5.955423E+03 -8.273591E+03
        37 -6.023955E+03 -3.684063E+03 -8.364369E+03
        40 -7.200046E+03 -1.149693E+03 -1.451479E+04
        41 -1.517775E+04 -8.438507E+03 -2.193308E+03
        44 -2.175199E+04 -2.521783E+03 -4.239250E+03
        45 -1.060171E+04 -4.773471E+03  1.005920E+04
        48 -1.745035E+04 -1.375641E+03  1.837889E+04
        50 -6.146683E+03 -1.084556E+03 -1.333726E+04
        52 -2.064685E+04 -2.273853E+03 -4.260194E+03
        54 -1.749406E+04 -1.189273E+03  1.755571E+04
        56 -6.027834E+03 -7.912680E+02 -1.324192E+04
        58 -2.076924E+04 -1.539729E+03 -4.157686E+03
        60 -1.782606E+04 -7.634110E+02  1.762008E+04
        62 -1.444774E+04 -5.857848E+02 -2.574308E+03
        64 -1.236481E+04 -2.644350E+02  1.220679E+04
        66 -7.743525E+03  4.159290E-10 -1.311969E+03
        68 -6.622304E+03  8.736224E-10  6.559620E+03
        70 -1.444774E+04  5.857848E+02 -2.574308E+03
        72 -1.236481E+04  2.644350E+02  1.220679E+04
        74 -6.027834E+03  7.912680E+02 -1.324192E+04
        76 -2.076924E+04  1.539729E+03 -4.157686E+03
        78 -1.782606E+04  7.634110E+02  1.762008E+04
        80 -6.146683E+03  1.084556E+03 -1.333726E+04
        82 -2.064685E+04  2.273853E+03 -4.260194E+03
        84 -1.749406E+04  1.189273E+03  1.755571E+04
        86 -7.200046E+03  1.149693E+03 -1.451479E+04
        88 -2.175199E+04  2.521783E+03 -4.239250E+03
        90 -1.745035E+04  1.375641E+03  1.837889E+04
        92 -6.023955E+03  3.684063E+03 -8.364369E+03
        94 -1.517775E+04  8.438507E+03 -2.193308E+03
        96 -1.060171E+04  4.773471E+03  1.005920E+04

 internal energy (element, energy) for set EALL and time  0.8750000E+00

         1  2.321307E+03
         2  1.130143E+03
         3  4.318546E+02
         4  7.472469E+01
         5  5.847540E+01
         6  2.321307E+03
         7  1.130143E+03
         8  4.318546E+02
         9  7.472469E+01
        10  5.847540E+01
        11  1.926522E+02
        12  2.938356E+02
        13  1.560952E+02
        14  2.525541E+02
        15  1.474578E+02
        16  2.448321E+02
        17  1.503885E+02
        18  2.465758E+02
        19  5.566838E+01
        20  9.069430E+01
        21  5.566838E+01
        22  9.069430E+01
        23  1.503885E+02
        24  2.465758E+02
        25  1.474578E+02
        26  2.448321E+02
        27  1.560952E+02
        28  2.525541E+02
        29  1.926522E+02
        30  2.938356E+02
        31  3.065388E+03
        32  1.683772E+03
        33  6.463858E+02
        34  1.196661E+02
        35  9.973813E+01
        36  3.065388E+03
        37  1.683772E+03
        38  6.463858E+02
        39  1.196661E+02
        40  9.973813E+01
        41  2.096984E+02
        42  3.156492E+02
        43  2.264571E+02
        44  3.353375E+02
        45  2.254875E+02
        46  3.340551E+02
        47  2.273375E+02
        48  3.363179E+02
        49  8.293784E+01
        50  1.229939E+02
        51  8.293784E+01
        52  1.229939E+02
        53  2.273375E+02
        54  3.363179E+02
        55  2.254875E+02
        56  3.340551E+02
        57  2.264571E+02
        58  3.353375E+02
        59  2.096984E+02
        60  3.156492E+02
        61  3.182834E+03
        62  1.756790E+03
        63  7.020171E+02
        64  1.374207E+02
        65  1.076531E+02
        66  3.182834E+03
        67  1.756790E+03
        68  7.020171E+02
        69  1.374207E+02
        70  1.076531E+02
        71  2.180933E+02
        72  3.278391E+02
        73  2.329876E+02
        74  3.466163E+02
        75  2.418745E+02
        76  3.589899E+02
        77  2.442191E+02
        78  3.641502E+02
        79  8.843454E+01
        80  1.327732E+02
        81  8.843454E+01
        82  1.327732E+02
        83  2.442191E+02
        84  3.641502E+02
        85  2.418745E+02
        86  3.589899E+02
        87  2.329876E+02
        88  3.466163E+02
        89  2.180933E+02
        90  3.278391E+02
        91  3.225630E+03
        92  1.721555E+03
        93  6.830135E+02
        94  1.355427E+02
        95  9.897238E+01
        96  3.225630E+03
        97  1.721555E+03
        98  6.830135E+02
        99  1.355427E+02
       100  9.897238E+01
       101  2.217663E+02
       102  3.377179E+02
       103  2.262319E+02
       104  3.439059E+02
       105  2.310447E+02
       106  3.503313E+02
       107  2.339465E+02
       108  3.535485E+02
       109  8.510699E+01
       110  1.286003E+02
       111  8.510699E+01
       112  1.286003E+02
       113  2.339465E+02
       114  3.535485E+02
       115  2.310447E+02
       116  3.503313E+02
       117  2.262319E+02
       118  3.439059E+02
       119  2.217663E+02
       120  3.377179E+02
       121  3.140394E+03
       122  1.667286E+03
       123  6.571294E+02
       124  1.308229E+02
       125  8.936084E+01
       126  3.140394E+03
       127  1.667286E+03
       128  6.571294E+02
       129  1.308229E+02
       130  8.936084E+01
       131  2.141304E+02
       132  3.325513E+02
       133  2.151938E+02
       134  3.333362E+02
       135  2.168503E+02
       136  3.346264E+02
       137  2.185192E+02
       138  3.355845E+02
       139  7.958666E+01
       140  1.220326E+02
       141  7.958666E+01
       142  1.220326E+02
       143  2.185192E+02
       144  3.355845E+02
       145  2.168503E+02
       146  3.346264E+02
       147  2.151938E+02
       148  3.333362E+02
       149  2.141304E+02
       150  3.325513E+02
       151  3.029988E+03
       152  1.613982E+03
       153  6.387025E+02
       154  1.287246E+02
       155  8.202393E+01
       156  3.029988E+03
       157  1.613982E+03
       158  6.387025E+02
       159  1.287246E+02
       160  8.202393E+01
       161  2.047594E+02
       162  3.215990E+02
       163  2.050187E+02
       164  3.211077E+02
       165  2.057420E+02
       166  3.211372E+02
       167  2.068683E+02
       168  3.215281E+02
       169  7.531750E+01
       170  1.168831E+02
       171  7.531750E+01
       172  1.168831E+02
       173  2.068683E+02
       174  3.215281E+02
       175  2.057420E+02
       176  3.211372E+02
       177  2.050187E+02
       178  3.211077E+02
       179  2.047594E+02
       180  3.215990E+02
       181  2.917224E+03
       182  1.558849E+03
       183  6.210449E+02
       184  1.274409E+02
       185  7.583900E+01
       186  2.917224E+03
       187  1.558849E+03
       188  6.210449E+02
       189  1.274409E+02
       190  7.583900E+01
       191  1.947050E+02
       192  3.088090E+02
       193  1.949400E+02
       194  3.085403E+02
       195  1.954811E+02
       196  3.086609E+02
       197  1.965233E+02
       198  3.091512E+02
       199  7.154177E+01
       200  1.123973E+02
       201  7.154177E+01
       202  1.123973E+02
       203  1.965233E+02
       204  3.091512E+02
       205  1.954811E+02
       206  3.086609E+02
       207  1.949400E+02
       208  3.085403E+02
       209  1.947050E+02
       210  3.088090E+02
       211  2.804900E+03
       212  1.503482E+03
       213  6.031718E+02
       214  1.261398E+02
       215  7.025363E+01
       216  2.804900E+03
       217  1.503482E+03
       218  6.031718E+02
       219  1.261398E+02
       220  7.025363E+01
       221  1.848020E+02
       222  2.960702E+02
       223  1.850949E+02
       224  2.961448E+02
       225  1.856482E+02
       226  2.965605E+02
       227  1.867131E+02
       228  2.972295E+02
       229  6.796343E+01
       230  1.080752E+02
       231  6.796343E+01
       232  1.080752E+02
       233  1.867131E+02
       234  2.972295E+02
       235  1.856482E+02
       236  2.965605E+02
       237  1.850949E+02
       238  2.961448E+02
       239  1.848020E+02
       240  2.960702E+02
       241  2.693266E+03
       242  1.447916E+03
       243  5.848840E+02
       244  1.246412E+02
       245  6.510433E+01
       246  2.693266E+03
       247  1.447916E+03
       248  5.848840E+02
       249  1.246412E+02
       250  6.510433E+01
       251  1.751442E+02
       252  2.837638E+02
       253  1.754670E+02
       254  2.840371E+02
       255  1.760455E+02
       256  2.846530E+02
       257  1.771525E+02
       258  2.854489E+02
       259  6.447858E+01
       260  1.037969E+02
       261  6.447858E+01
       262  1.037969E+02
       263  1.771525E+02
       264  2.854489E+02
       265  1.760455E+02
       266  2.846530E+02
       267  1.754670E+02
       268  2.840371E+02
       269  1.751442E+02
       270  2.837638E+02
       271  2.582223E+03
       272  1.392154E+03
       273  5.661737E+02
       274  1.229308E+02
       275  6.033958E+01
       276  2.582223E+03
       277  1.392154E+03
       278  5.661737E+02
       279  1.229308E+02
       280  6.033958E+01
       281  1.657352E+02
       282  2.718327E+02
       283  1.660675E+02
       284  2.721974E+02
       285  1.666634E+02
       286  2.729200E+02
       287  1.678156E+02
       288  2.737909E+02
       289  6.107756E+01
       290  9.955712E+01
       291  6.107756E+01
       292  9.955712E+01
       293  1.678156E+02
       294  2.737909E+02
       295  1.666634E+02
       296  2.729200E+02
       297  1.660675E+02
       298  2.721974E+02
       299  1.657352E+02
       300  2.718327E+02
       301  2.471722E+03
       302  1.336215E+03
       303  5.470751E+02
       304  1.210181E+02
       305  5.594222E+01
       306  2.471722E+03
       307  1.336215E+03
       308  5.470751E+02
       309  1.210181E+02
       310  5.594222E+01
       311  1.565621E+02
       312  2.601724E+02
       313  1.569007E+02
       314  2.605773E+02
       315  1.575121E+02
       316  2.613563E+02
       317  1.587135E+02
       318  2.622719E+02
       319  5.776325E+01
       320  9.536353E+01
       321  5.776325E+01
       322  9.536353E+01
       323  1.587135E+02
       324  2.622719E+02
       325  1.575121E+02
       326  2.613563E+02
       327  1.569007E+02
       328  2.605773E+02
       329  1.565621E+02
       330  2.601724E+02
       331  2.361791E+03
       332  1.280139E+03
       333  5.276155E+02
       334  1.189071E+02
       335  5.189679E+01
       336  2.361791E+03
       337  1.280139E+03
       338  5.276155E+02
       339  1.189071E+02
       340  5.189679E+01
       341  1.476243E+02
       342  2.487081E+02
       343  1.479717E+02
       344  2.491336E+02
       345  1.486008E+02
       346  2.499481E+02
       347  1.498563E+02
       348  2.508949E+02
       349  5.453866E+01
       350  9.121924E+01
       351  5.453866E+01
       352  9.121924E+01
       353  1.498563E+02
       354  2.508949E+02
       355  1.486008E+02
       356  2.499481E+02
       357  1.479717E+02
       358  2.491336E+02
       359  1.476243E+02
       360  2.487081E+02
       361  2.252473E+03
       362  1.223964E+03
       363  5.078130E+02
       364  1.165962E+02
       365  4.818513E+01
       366  2.252473E+03
       367  1.223964E+03
       368  5.078130E+02
       369  1.165962E+02
       370  4.818513E+01
       371  1.389253E+02
       372  2.373972E+02
       373  1.392845E+02
       374  2.378378E+02
       375  1.399336E+02
       376  2.386817E+02
       377  1.412473E+02
       378  2.396558E+02
       379  5.140455E+01
       380  8.712389E+01
       381  5.140455E+01
       382  8.712389E+01
       383  1.412473E+02
       384  2.396558E+02
       385  1.399336E+02
       386  2.386817E+02
       387  1.392845E+02
       388  2.378378E+02
       389  1.389253E+02
       390  2.373972E+02
       391  2.143804E+03
       392  1.167725E+03
       393  4.876818E+02
       394  1.140827E+02
       395  4.478751E+01
       396  2.143804E+03
       397  1.167725E+03
       398  4.876818E+02
       399  1.140827E+02
       400  4.478751E+01
       401  1.304689E+02
       402  2.262172E+02
       403  1.308410E+02
       404  2.266733E+02
       405  1.315110E+02
       406  2.275467E+02
       407  1.328862E+02
       408  2.285483E+02
       409  4.836050E+01
       410  8.307561E+01
       411  4.836050E+01
       412  8.307561E+01
       413  1.328862E+02
       414  2.285483E+02
       415  1.315110E+02
       416  2.275467E+02
       417  1.308410E+02
       418  2.266733E+02
       419  1.304689E+02
       420  2.262172E+02
       421  2.035819E+03
       422  1.111455E+03
       423  4.672358E+02
       424  1.113635E+02
       425  4.168404E+01
       426  2.035819E+03
       427  1.111455E+03
       428  4.672358E+02
       429  1.113635E+02
       430  4.168404E+01
       431  1.222591E+02
       432  2.151593E+02
       433  1.226429E+02
       434  2.156314E+02
       435  1.233319E+02
       436  2.165349E+02
       437  1.247701E+02
       438  2.175642E+02
       439  4.540534E+01
       440  7.907144E+01
       441  4.540534E+01
       442  7.907144E+01
       443  1.247701E+02
       444  2.175642E+02
       445  1.233319E+02
       446  2.165349E+02
       447  1.226429E+02
       448  2.156314E+02
       449  1.222591E+02
       450  2.151593E+02
       451  1.928564E+03
       452  1.055198E+03
       453  4.464882E+02
       454  1.084358E+02
       455  3.885489E+01
       456  1.928564E+03
       457  1.055198E+03
       458  4.464882E+02
       459  1.084358E+02
       460  3.885489E+01
       461  1.143010E+02
       462  2.042264E+02
       463  1.146923E+02
       464  2.047100E+02
       465  1.153947E+02
       466  2.056384E+02
       467  1.168937E+02
       468  2.066908E+02
       469  4.253660E+01
       470  7.510578E+01
       471  4.253660E+01
       472  7.510578E+01
       473  1.168937E+02
       474  2.066908E+02
       475  1.153947E+02
       476  2.056384E+02
       477  1.146923E+02
       478  2.047100E+02
       479  1.143010E+02
       480  2.042264E+02
       481  1.822146E+03
       482  9.989808E+02
       483  4.254542E+02
       484  1.053114E+02
       485  3.627755E+01
       486  1.822146E+03
       487  9.989808E+02
       488  4.254542E+02
       489  1.053114E+02
       490  3.627755E+01
       491  1.066010E+02
       492  1.934345E+02
       493  1.069937E+02
       494  1.939171E+02
       495  1.077001E+02
       496  1.948541E+02
       497  1.092495E+02
       498  1.959113E+02
       499  3.974999E+01
       500  7.116991E+01
       501  3.974999E+01
       502  7.116991E+01
       503  1.092495E+02
       504  1.959113E+02
       505  1.077001E+02
       506  1.948541E+02
       507  1.069937E+02
       508  1.939171E+02
       509  1.066010E+02
       510  1.934345E+02
       511  1.716608E+03
       512  9.427509E+02
       513  4.042703E+02
       514  1.020591E+02
       515  3.391913E+01
       516  1.716608E+03
       517  9.427509E+02
       518  4.042703E+02
       519  1.020591E+02
       520  3.391913E+01
       521  9.916457E+01
       522  1.828114E+02
       523  9.955388E+01
       524  1.832770E+02
       525  1.002557E+02
       526  1.841988E+02
       527  1.018364E+02
       528  1.852272E+02
       529  3.704239E+01
       530  6.726106E+01
       531  3.704239E+01
       532  6.726106E+01
       533  1.018364E+02
       534  1.852272E+02
       535  1.002557E+02
       536  1.841988E+02
       537  9.955388E+01
       538  1.832770E+02
       539  9.916457E+01
       540  1.828114E+02
       541  1.609883E+03
       542  8.867216E+02
       543  3.833722E+02
       544  9.875762E+01
       545  3.173325E+01
       546  1.609883E+03
       547  8.867216E+02
       548  3.833722E+02
       549  9.875762E+01
       550  3.173325E+01
       551  9.199335E+01
       552  1.723882E+02
       553  9.238058E+01
       554  1.728311E+02
       555  9.307766E+01
       556  1.737256E+02
       557  9.467440E+01
       558  1.747011E+02
       559  3.442136E+01
       560  6.340422E+01
       561  3.442136E+01
       562  6.340422E+01
       563  9.467440E+01
       564  1.747011E+02
       565  9.307766E+01
       566  1.737256E+02
       567  9.238058E+01
       568  1.728311E+02
       569  9.199335E+01
       570  1.723882E+02
       571  1.502235E+03
       572  8.324758E+02
       573  3.629719E+02
       574  9.536517E+01
       575  2.969343E+01
       576  1.502235E+03
       577  8.324758E+02
       578  3.629719E+02
       579  9.536517E+01
       580  2.969343E+01
       581  8.508537E+01
       582  1.621892E+02
       583  8.547864E+01
       584  1.626235E+02
       585  8.618304E+01
       586  1.635112E+02
       587  8.780768E+01
       588  1.644579E+02
       589  3.190989E+01
       590  5.965635E+01
       591  3.190989E+01
       592  5.965635E+01
       593  8.780768E+01
       594  1.644579E+02
       595  8.618304E+01
       596  1.635112E+02
       597  8.547864E+01
       598  1.626235E+02
       599  8.508537E+01
       600  1.621892E+02
       601  1.409712E+03
       602  7.818587E+02
       603  3.430832E+02
       604  9.188147E+01
       605  2.784235E+01
       606  1.409712E+03
       607  7.818587E+02
       608  3.430832E+02
       609  9.188147E+01
       610  2.784235E+01
       611  7.843808E+01
       612  1.522245E+02
       613  7.884848E+01
       614  1.526773E+02
       615  7.957887E+01
       616  1.536025E+02
       617  8.127106E+01
       618  1.545866E+02
       619  2.952868E+01
       620  5.605875E+01
       621  2.952868E+01
       622  5.605875E+01
       623  8.127106E+01
       624  1.545866E+02
       625  7.957887E+01
       626  1.536025E+02
       627  7.884848E+01
       628  1.526773E+02
       629  7.843808E+01
       630  1.522245E+02
       631  1.321590E+03
       632  7.340605E+02
       633  3.239281E+02
       634  8.846254E+01
       635  2.624194E+01
       636  1.321590E+03
       637  7.340605E+02
       638  3.239281E+02
       639  8.846254E+01
       640  2.624194E+01
       641  7.205077E+01
       642  1.424893E+02
       643  7.248690E+01
       644  1.429818E+02
       645  7.325800E+01
       646  1.439792E+02
       647  7.505541E+01
       648  1.450498E+02
       649  2.727304E+01
       650  5.259161E+01
       651  2.727304E+01
       652  5.259161E+01
       653  7.505541E+01
       654  1.450498E+02
       655  7.325800E+01
       656  1.439792E+02
       657  7.248690E+01
       658  1.429818E+02
       659  7.205077E+01
       660  1.424893E+02
       661  1.232993E+03
       662  6.870746E+02
       663  3.053070E+02
       664  8.513878E+01
       665  2.488744E+01
       666  1.232993E+03
       667  6.870746E+02
       668  3.053070E+02
       669  8.513878E+01
       670  2.488744E+01
       671  6.592395E+01
       672  1.329666E+02
       673  6.638883E+01
       674  1.335031E+02
       675  6.720563E+01
       676  1.345788E+02
       677  6.912235E+01
       678  1.357375E+02
       679  2.512091E+01
       680  4.920266E+01
       681  2.512091E+01
       682  4.920266E+01
       683  6.912235E+01
       684  1.357375E+02
       685  6.720563E+01
       686  1.345788E+02
       687  6.638883E+01
       688  1.335031E+02
       689  6.592395E+01
       690  1.329666E+02
       691  1.145339E+03
       692  6.404590E+02
       693  2.867913E+02
       694  8.178433E+01
       695  2.373004E+01
       696  1.145339E+03
       697  6.404590E+02
       698  2.867913E+02
       699  8.178433E+01
       700  2.373004E+01
       701  6.005704E+01
       702  1.236335E+02
       703  6.054903E+01
       704  1.242061E+02
       705  6.140878E+01
       706  1.253482E+02
       707  6.344259E+01
       708  1.265730E+02
       709  2.305695E+01
       710  4.585918E+01
       711  2.305695E+01
       712  4.585918E+01
       713  6.344259E+01
       714  1.265730E+02
       715  6.140878E+01
       716  1.253482E+02
       717  6.054903E+01
       718  1.242061E+02
       719  6.005704E+01
       720  1.236335E+02
       721  1.059002E+03
       722  5.942876E+02
       723  2.682566E+02
       724  7.831016E+01
       725  2.272916E+01
       726  1.059002E+03
       727  5.942876E+02
       728  2.682566E+02
       729  7.831016E+01
       730  2.272916E+01
       731  5.444788E+01
       732  1.144697E+02
       733  5.496355E+01
       734  1.150693E+02
       735  5.586109E+01
       736  1.162657E+02
       737  5.800799E+01
       738  1.175386E+02
       739  2.107848E+01
       740  4.255660E+01
       741  2.107848E+01
       742  4.255660E+01
       743  5.800799E+01
       744  1.175386E+02
       745  5.586109E+01
       746  1.162657E+02
       747  5.496355E+01
       748  1.150693E+02
       749  5.444788E+01
       750  1.144697E+02
       751  9.741542E+02
       752  5.486475E+02
       753  2.497148E+02
       754  7.469725E+01
       755  2.186340E+01
       756  9.741542E+02
       757  5.486475E+02
       758  2.497148E+02
       759  7.469725E+01
       760  2.186340E+01
       761  4.909414E+01
       762  1.054641E+02
       763  4.963061E+01
       764  1.060865E+02
       765  5.056203E+01
       766  1.073324E+02
       767  5.282214E+01
       768  1.086462E+02
       769  1.918856E+01
       770  3.930195E+01
       771  1.918856E+01
       772  3.930195E+01
       773  5.282214E+01
       774  1.086462E+02
       775  5.056203E+01
       776  1.073324E+02
       777  4.963061E+01
       778  1.060865E+02
       779  4.909414E+01
       780  1.054641E+02
       781  8.909340E+02
       782  5.036267E+02
       783  2.312043E+02
       784  7.095074E+01
       785  2.112035E+01
       786  8.909340E+02
       787  5.036267E+02
       788  2.312043E+02
       789  7.095074E+01
       790  2.112035E+01
       791  4.399468E+01
       792  9.661529E+01
       793  4.455041E+01
       794  9.726184E+01
       795  4.551400E+01
       796  9.855953E+01
       797  4.789142E+01
       798  9.991375E+01
       799  1.739074E+01
       800  3.610307E+01
       801  1.739074E+01
       802  3.610307E+01
       803  4.789142E+01
       804  9.991375E+01
       805  4.551400E+01
       806  9.855953E+01
       807  4.455041E+01
       808  9.726184E+01
       809  4.399468E+01
       810  9.661529E+01
       811  8.094995E+02
       812  4.593233E+02
       813  2.127735E+02
       814  6.708215E+01
       815  2.049002E+01
       816  8.094995E+02
       817  4.593233E+02
       818  2.127735E+02
       819  6.708215E+01
       820  2.049002E+01
       821  3.914963E+01
       822  8.793030E+01
       823  3.972425E+01
       824  8.860588E+01
       825  4.072030E+01
       826  8.996165E+01
       827  4.322207E+01
       828  9.135949E+01
       829  1.568808E+01
       830  3.296691E+01
       831  1.568808E+01
       832  3.296691E+01
       833  4.322207E+01
       834  9.135949E+01
       835  4.072030E+01
       836  8.996165E+01
       837  3.972425E+01
       838  8.860588E+01
       839  3.914963E+01
       840  8.793030E+01
       841  7.300358E+02
       842  4.158489E+02
       843  1.944773E+02
       844  6.310634E+01
       845  1.996372E+01
       846  7.300358E+02
       847  4.158489E+02
       848  1.944773E+02
       849  6.310634E+01
       850  1.996372E+01
       851  3.455961E+01
       852  7.942379E+01
       853  3.515379E+01
       854  8.013454E+01
       855  3.618441E+01
       856  8.155687E+01
       857  3.882031E+01
       858  8.300314E+01
       859  1.408344E+01
       860  2.990058E+01
       861  1.408344E+01
       862  2.990058E+01
       863  3.882031E+01
       864  8.300314E+01
       865  3.618441E+01
       866  8.155687E+01
       867  3.515379E+01
       868  8.013454E+01
       869  3.455961E+01
       870  7.942379E+01
       871  6.527527E+02
       872  3.733286E+02
       873  1.763782E+02
       874  5.904205E+01
       875  1.953483E+01
       876  6.527527E+02
       877  3.733286E+02
       878  1.763782E+02
       879  5.904205E+01
       880  1.953483E+01
       881  3.022498E+01
       882  7.111977E+01
       883  3.084072E+01
       884  7.187078E+01
       885  3.191015E+01
       886  7.336817E+01
       887  3.469316E+01
       888  7.486827E+01
       889  1.257995E+01
       890  2.691230E+01
       891  1.257995E+01
       892  2.691230E+01
       893  3.469316E+01
       894  7.486827E+01
       895  3.191015E+01
       896  7.336817E+01
       897  3.084072E+01
       898  7.187078E+01
       899  3.022498E+01
       900  7.111977E+01
       901  5.778806E+02
       902  3.319009E+02
       903  1.585470E+02
       904  5.491354E+01
       905  1.920019E+01
       906  5.778806E+02
       907  3.319009E+02
       908  1.585470E+02
       909  5.491354E+01
       910  1.920019E+01
       911  2.614556E+01
       912  6.305576E+01
       913  2.678698E+01
       914  6.384745E+01
       915  2.790218E+01
       916  6.542522E+01
       917  3.084934E+01
       918  6.698355E+01
       919  1.118113E+01
       920  2.401185E+01
       921  1.118113E+01
       922  2.401185E+01
       923  3.084934E+01
       924  6.698355E+01
       925  2.790218E+01
       926  6.542522E+01
       927  2.678698E+01
       928  6.384745E+01
       929  2.614556E+01
       930  6.305576E+01
       931  5.056649E+02
       932  2.917160E+02
       933  1.410645E+02
       934  5.075271E+01
       935  1.896191E+01
       936  5.056649E+02
       937  2.917160E+02
       938  1.410645E+02
       939  5.075271E+01
       940  1.896191E+01
       941  2.232140E+01
       942  5.528821E+01
       943  2.299596E+01
       944  5.611048E+01
       945  2.416726E+01
       946  5.776547E+01
       947  2.730045E+01
       948  5.938295E+01
       949  9.890848E+00
       950  2.121055E+01
       951  9.890848E+00
       952  2.121055E+01
       953  2.730045E+01
       954  5.938295E+01
       955  2.416726E+01
       956  5.776547E+01
       957  2.299596E+01
       958  5.611048E+01
       959  2.232140E+01
       960  5.528821E+01
       961  4.363602E+02
       962  2.529349E+02
       963  1.240228E+02
       964  4.660156E+01
       965  1.882950E+01
       966  4.363602E+02
       967  2.529349E+02
       968  1.240228E+02
       969  4.660156E+01
       970  1.882950E+01
       971  1.875515E+01
       972  4.789750E+01
       973  1.947515E+01
       974  4.872095E+01
       975  2.071649E+01
       976  5.043382E+01
       977  2.406265E+01
       978  5.210438E+01
       979  8.713151E+00
       980  1.852075E+01
       981  8.713151E+00
       982  1.852075E+01
       983  2.406265E+01
       984  5.210438E+01
       985  2.071649E+01
       986  5.043382E+01
       987  1.947515E+01
       988  4.872095E+01
       989  1.875515E+01
       990  4.789750E+01
       991  3.702266E+02
       992  2.157303E+02
       993  1.075277E+02
       994  4.251497E+01
       995  1.882195E+01
       996  3.702266E+02
       997  2.157303E+02
       998  1.075277E+02
       999  4.251497E+01
      1000  1.882195E+01
      1001  1.545769E+01
      1002  4.099003E+01
      1003  1.624181E+01
      1004  4.175440E+01
      1005  1.756957E+01
      1006  4.347939E+01
      1007  2.115903E+01
      1008  4.518588E+01
      1009  7.651723E+00
      1010  1.595459E+01
      1011  7.651723E+00
      1012  1.595459E+01
      1013  2.115903E+01
      1014  4.518588E+01
      1015  1.756957E+01
      1016  4.347939E+01
      1017  1.624181E+01
      1018  4.175440E+01
      1019  1.545769E+01
      1020  4.099003E+01
      1021  3.075343E+02
      1022  1.802918E+02
      1023  9.170312E+01
      1024  3.856299E+01
      1025  1.896863E+01
      1026  3.075343E+02
      1027  1.802918E+02
      1028  9.170312E+01
      1029  3.856299E+01
      1030  1.896863E+01
      1031  1.246066E+01
      1032  3.469558E+01
      1033  1.333460E+01
      1034  3.529577E+01
      1035  1.476274E+01
      1036  3.694832E+01
      1037  1.862283E+01
      1038  3.865789E+01
      1039  6.708988E+00
      1040  1.352150E+01
      1041  6.708988E+00
      1042  1.352150E+01
      1043  1.862283E+01
      1044  3.865789E+01
      1045  1.476274E+01
      1046  3.694832E+01
      1047  1.333460E+01
      1048  3.529577E+01
      1049  1.246066E+01
      1050  3.469558E+01
      1051  2.485839E+02
      1052  1.468404E+02
      1053  7.669860E+01
      1054  3.483263E+01
      1055  1.930637E+01
      1056  2.485839E+02
      1057  1.468404E+02
      1058  7.669860E+01
      1059  3.483263E+01
      1060  1.930637E+01
      1061  9.843072E+00
      1062  2.916014E+01
      1063  1.083801E+01
      1064  2.943202E+01
      1065  1.236464E+01
      1066  3.087415E+01
      1067  1.650331E+01
      1068  3.253252E+01
      1069  5.884625E+00
      1070  1.122473E+01
      1071  5.884625E+00
      1072  1.122473E+01
      1073  1.650331E+01
      1074  3.253252E+01
      1075  1.236464E+01
      1076  3.087415E+01
      1077  1.083801E+01
      1078  2.943202E+01
      1079  9.843072E+00
      1080  2.916014E+01
      1081  1.937427E+02
      1082  1.156578E+02
      1083  6.271003E+01
      1084  3.142954E+01
      1085  1.986805E+01
      1086  1.937427E+02
      1087  1.156578E+02
      1088  6.271003E+01
      1089  3.142954E+01
      1090  1.986805E+01
      1091  7.784435E+00
      1092  2.453822E+01
      1093  8.930199E+00
      1094  2.425221E+01
      1095  1.050852E+01
      1096  2.527742E+01
      1097  1.488151E+01
      1098  2.680048E+01
      1099  5.173341E+00
      1100  9.061853E+00
      1101  5.173341E+00
      1102  9.061853E+00
      1103  1.488151E+01
      1104  2.680048E+01
      1105  1.050852E+01
      1106  2.527742E+01
      1107  8.930199E+00
      1108  2.425221E+01
      1109  7.784435E+00
      1110  2.453822E+01
      1111  1.434825E+02
      1112  8.713802E+01
      1113  5.002121E+01
      1114  2.848398E+01
      1115  2.065150E+01
      1116  1.434825E+02
      1117  8.713802E+01
      1118  5.002121E+01
      1119  2.848398E+01
      1120  2.065150E+01
      1121  6.646145E+00
      1122  2.099154E+01
      1123  7.963629E+00
      1124  1.987818E+01
      1125  9.455723E+00
      1126  2.020879E+01
      1127  1.392066E+01
      1128  2.147267E+01
      1129  4.563675E+00
      1130  7.045333E+00
      1131  4.563675E+00
      1132  7.045333E+00
      1133  1.392066E+01
      1134  2.147267E+01
      1135  9.455723E+00
      1136  2.020879E+01
      1137  7.963629E+00
      1138  1.987818E+01
      1139  6.646145E+00
      1140  2.099154E+01
      1141  9.840358E+01
      1142  6.186029E+01
      1143  3.904808E+01
      1144  2.613417E+01
      1145  2.158094E+01
      1146  9.840358E+01
      1147  6.186029E+01
      1148  3.904808E+01
      1149  2.613417E+01
      1150  2.158094E+01
      1151  7.032739E+00
      1152  1.864965E+01
      1153  8.540560E+00
      1154  1.654445E+01
      1155  9.695759E+00
      1156  1.590621E+01
      1157  1.400498E+01
      1158  1.678234E+01
      1159  4.037431E+00
      1160  5.303928E+00
      1161  4.037431E+00
      1162  5.303928E+00
      1163  1.400498E+01
      1164  1.678234E+01
      1165  9.695759E+00
      1166  1.590621E+01
      1167  8.540560E+00
      1168  1.654445E+01
      1169  7.032739E+00
      1170  1.864965E+01
      1171  5.940505E+01
      1172  4.062498E+01
      1173  3.029471E+01
      1174  2.441859E+01
      1175  2.248384E+01
      1176  5.940505E+01
      1177  4.062498E+01
      1178  3.029471E+01
      1179  2.441859E+01
      1180  2.248384E+01
      1181  9.477370E+00
      1182  1.744577E+01
      1183  1.132465E+01
      1184  1.464432E+01
      1185  1.204250E+01
      1186  1.311509E+01
      1187  1.617851E+01
      1188  1.367951E+01
      1189  3.634773E+00
      1190  4.354433E+00
      1191  3.634773E+00
      1192  4.354433E+00
      1193  1.617851E+01
      1194  1.367951E+01
      1195  1.204250E+01
      1196  1.311509E+01
      1197  1.132465E+01
      1198  1.464432E+01
      1199  9.477370E+00
      1200  1.744577E+01
      1201  2.839335E+01
      1202  2.450408E+01
      1203  2.400125E+01
      1204  2.349061E+01
      1205  2.378533E+01
      1206  2.839335E+01
      1207  2.450408E+01
      1208  2.400125E+01
      1209  2.349061E+01
      1210  2.378533E+01
      1211  1.325025E+01
      1212  1.644346E+01
      1213  1.606236E+01
      1214  1.417944E+01
      1215  1.740318E+01
      1216  1.341775E+01
      1217  2.340230E+01
      1218  1.544886E+01
      1219  3.550376E+00
      1220  6.129690E+00
      1221  3.550376E+00
      1222  6.129690E+00
      1223  2.340230E+01
      1224  1.544886E+01
      1225  1.740318E+01
      1226  1.341775E+01
      1227  1.606236E+01
      1228  1.417944E+01
      1229  1.325025E+01
      1230  1.644346E+01
      1231  8.279365E+00
      1232  1.268093E+01
      1233  1.821880E+01
      1234  2.329511E+01
      1235  3.135627E+01
      1236  8.279365E+00
      1237  1.268093E+01
      1238  1.821880E+01
      1239  2.329511E+01
      1240  3.135627E+01
      1241  1.559310E+01
      1242  1.450189E+01
      1243  1.999311E+01
      1244  1.414553E+01
      1245  2.643067E+01
      1246  1.829674E+01
      1247  4.834471E+01
      1248  3.411361E+01
      1249  5.571026E+00
      1250  2.030558E+01
      1251  5.571026E+00
      1252  2.030558E+01
      1253  4.834471E+01
      1254  3.411361E+01
      1255  2.643067E+01
      1256  1.829674E+01
      1257  1.999311E+01
      1258  1.414553E+01
      1259  1.559310E+01
      1260  1.450189E+01
      1261  3.770927E-01
      1262  1.689543E+00
      1263  4.908261E+00
      1264  1.188933E+01
      1265  3.124456E+01
      1266  3.770927E-01
      1267  1.689543E+00
      1268  4.908261E+00
      1269  1.188933E+01
      1270  3.124456E+01
      1271  8.837042E+00
      1272  1.138114E+01
      1273  1.280031E+01
      1274  1.155568E+01
      1275  2.200008E+01
      1276  2.388922E+01
      1277  7.407001E+01
      1278  7.159931E+01
      1279  8.544994E+00
      1280  5.533945E+01
      1281  8.544994E+00
      1282  5.533945E+01
      1283  7.407001E+01
      1284  7.159931E+01
      1285  2.200008E+01
      1286  2.388922E+01
      1287  1.280031E+01
      1288  1.155568E+01
      1289  8.837042E+00
      1290  1.138114E+01

                                INCREMENT    11


 displacements (vx,vy,vz) for set TIP_TOP and time  0.9750000E+00

      2087  6.438153E-01 -2.419023E-02 -2.165314E+01
      2088  6.442969E-01 -2.390747E-02 -2.159928E+01
      2091  6.436536E-01 -2.327416E-02 -2.154561E+01
      2094  6.433992E-01 -1.905777E-02 -2.149584E+01
      2096  6.437255E-01 -7.613451E-03 -2.146356E+01
      2098  6.436124E-01  1.371544E-13 -2.146159E+01
      2100  6.437255E-01  7.613451E-03 -2.146356E+01
      2103  6.433992E-01  1.905777E-02 -2.149584E+01
      2106  6.436536E-01  2.327416E-02 -2.154561E+01
      2109  6.442969E-01  2.390747E-02 -2.159928E+01
      2112  6.438153E-01  2.419023E-02 -2.165314E+01

 forces (fx,fy,fz) for set CLAMP and time  0.9750000E+00

         1  3.108097E+04  3.470219E+04  1.256015E+04
         4  5.492817E+04  6.438055E-10  2.507395E+04
         5  4.601139E+04  5.857936E+04  3.488022E+03
         8  8.038868E+04  2.758950E-09  7.116124E+03
         9  3.284370E+04  4.247102E+04 -5.467351E+02
        12  5.741820E+04  2.735373E-09 -1.016664E+03
        13  1.784067E+04  2.271471E+04 -2.946484E+03
        16  3.117299E+04  6.240685E-09 -5.812027E+03
        17  1.876673E+03  1.870257E+03 -3.469655E+03
        20  3.177350E+03  1.779799E-09 -6.879951E+03
        21 -9.941735E+03 -6.514685E+03 -9.548527E+03
        24 -1.182028E+04 -2.596067E-10 -3.862533E+03
        26  3.108097E+04 -3.470219E+04  1.256015E+04
        28  4.601139E+04 -5.857936E+04  3.488022E+03
        30  3.284370E+04 -4.247102E+04 -5.467351E+02
        32  1.784067E+04 -2.271471E+04 -2.946484E+03
        34  1.876673E+03 -1.870257E+03 -3.469655E+03
        36 -9.941735E+03  6.514685E+03 -9.548527E+03
        37 -6.811180E+03 -4.173080E+03 -9.479747E+03
        40 -8.163588E+03 -1.304687E+03 -1.645927E+04
        41 -1.720685E+04 -9.565093E+03 -2.515512E+03
        44 -2.466606E+04 -2.841388E+03 -4.859947E+03
        45 -1.203771E+04 -5.413627E+03  1.141801E+04
        48 -1.978805E+04 -1.540522E+03  2.084695E+04
        50 -7.041437E+03 -1.230830E+03 -1.513883E+04
        52 -2.339181E+04 -2.547427E+03 -4.874171E+03
        54 -1.974123E+04 -1.317074E+03  1.986856E+04
        56 -6.994649E+03 -8.783200E+02 -1.503359E+04
        58 -2.347616E+04 -1.687617E+03 -4.772288E+03
        60 -1.997054E+04 -8.236926E+02  1.985807E+04
        62 -1.626399E+04 -6.213445E+02 -3.012813E+03
        64 -1.376167E+04 -2.761674E+02  1.369451E+04
        66 -8.704484E+03 -3.458520E-10 -1.555354E+03
        68 -7.354082E+03  1.722090E-10  7.344810E+03
        70 -1.626399E+04  6.213445E+02 -3.012813E+03
        72 -1.376167E+04  2.761674E+02  1.369451E+04
        74 -6.994649E+03  8.783200E+02 -1.503359E+04
        76 -2.347616E+04  1.687617E+03 -4.772288E+03
        78 -1.997054E+04  8.236926E+02  1.985807E+04
        80 -7.041437E+03  1.230830E+03 -1.513883E+04
        82 -2.339181E+04  2.547427E+03 -4.874171E+03
        84 -1.974123E+04  1.317074E+03  1.986856E+04
        86 -8.163588E+03  1.304687E+03 -1.645927E+04
        88 -2.466606E+04  2.841388E+03 -4.859947E+03
        90 -1.978805E+04  1.540522E+03  2.084695E+04
        92 -6.811180E+03  4.173080E+03 -9.479747E+03
        94 -1.720685E+04  9.565093E+03 -2.515512E+03
        96 -1.203771E+04  5.413627E+03  1.141801E+04

 internal energy (element, energy) for set EALL and time  0.9750000E+00

         1  2.884335E+03
         2  1.492180E+03
         3  6.099095E+02
         4  1.119904E+02
         5  7.227236E+01
         6  2.884335E+03
         7  1.492180E+03
         8  6.099095E+02
         9  1.119904E+02
        10  7.227236E+01
        11  2.475038E+02
        12  3.790592E+02
        13  2.004896E+02
        14  3.252070E+02
        15  1.891020E+02
        16  3.140807E+02
        17  1.915171E+02
        18  3.146676E+02
        19  7.053741E+01
        20  1.154059E+02
        21  7.053741E+01
        22  1.154059E+02
        23  1.915171E+02
        24  3.146676E+02
        25  1.891020E+02
        26  3.140807E+02
        27  2.004896E+02
        28  3.252070E+02
        29  2.475038E+02
        30  3.790592E+02
        31  4.275800E+03
        32  2.405444E+03
        33  9.141748E+02
        34  1.755786E+02
        35  1.229078E+02
        36  4.275800E+03
        37  2.405444E+03
        38  9.141748E+02
        39  1.755786E+02
        40  1.229078E+02
        41  2.695160E+02
        42  4.093303E+02
        43  2.906621E+02
        44  4.346495E+02
        45  2.889004E+02
        46  4.331027E+02
        47  2.908572E+02
        48  4.365111E+02
        49  1.061699E+02
        50  1.598255E+02
        51  1.061699E+02
        52  1.598255E+02
        53  2.908572E+02
        54  4.365111E+02
        55  2.889004E+02
        56  4.331027E+02
        57  2.906621E+02
        58  4.346495E+02
        59  2.695160E+02
        60  4.093303E+02
        61  4.436227E+03
        62  2.527533E+03
        63  1.015473E+03
        64  2.037815E+02
        65  1.344723E+02
        66  4.436227E+03
        67  2.527533E+03
        68  1.015473E+03
        69  2.037815E+02
        70  1.344723E+02
        71  2.803849E+02
        72  4.269799E+02
        73  2.994332E+02
        74  4.516047E+02
        75  3.109290E+02
        76  4.681919E+02
        77  3.144974E+02
        78  4.757172E+02
        79  1.140202E+02
        80  1.736754E+02
        81  1.140202E+02
        82  1.736754E+02
        83  3.144974E+02
        84  4.757172E+02
        85  3.109290E+02
        86  4.681919E+02
        87  2.994332E+02
        88  4.516047E+02
        89  2.803849E+02
        90  4.269799E+02
        91  4.423220E+03
        92  2.477413E+03
        93  9.995843E+02
        94  2.055807E+02
        95  1.244294E+02
        96  4.423220E+03
        97  2.477413E+03
        98  9.995843E+02
        99  2.055807E+02
       100  1.244294E+02
       101  2.853370E+02
       102  4.412019E+02
       103  2.912562E+02
       104  4.495213E+02
       105  2.977494E+02
       106  4.582744E+02
       107  3.019928E+02
       108  4.630203E+02
       109  1.099545E+02
       110  1.685566E+02
       111  1.099545E+02
       112  1.685566E+02
       113  3.019928E+02
       114  4.630203E+02
       115  2.977494E+02
       116  4.582744E+02
       117  2.912562E+02
       118  4.495213E+02
       119  2.853370E+02
       120  4.412019E+02
       121  4.318556E+03
       122  2.405995E+03
       123  9.647246E+02
       124  2.000185E+02
       125  1.125031E+02
       126  4.318556E+03
       127  2.405995E+03
       128  9.647246E+02
       129  2.000185E+02
       130  1.125031E+02
       131  2.757489E+02
       132  4.352452E+02
       133  2.772766E+02
       134  4.363654E+02
       135  2.796432E+02
       136  4.382242E+02
       137  2.820964E+02
       138  4.397321E+02
       139  1.027973E+02
       140  1.599624E+02
       141  1.027973E+02
       142  1.599624E+02
       143  2.820964E+02
       144  4.397321E+02
       145  2.796432E+02
       146  4.382242E+02
       147  2.772766E+02
       148  4.363654E+02
       149  2.757489E+02
       150  4.352452E+02
       151  4.173725E+03
       152  2.331351E+03
       153  9.382743E+02
       154  1.969164E+02
       155  1.033914E+02
       156  4.173725E+03
       157  2.331351E+03
       158  9.382743E+02
       159  1.969164E+02
       160  1.033914E+02
       161  2.638171E+02
       162  4.211810E+02
       163  2.642382E+02
       164  4.205411E+02
       165  2.653145E+02
       166  4.206396E+02
       167  2.669454E+02
       168  4.212722E+02
       169  9.722103E+01
       170  1.531680E+02
       171  9.722103E+01
       172  1.531680E+02
       173  2.669454E+02
       174  4.212722E+02
       175  2.653145E+02
       176  4.206396E+02
       177  2.642382E+02
       178  4.205411E+02
       179  2.638171E+02
       180  4.211810E+02
       181  4.017197E+03
       182  2.250596E+03
       183  9.117205E+02
       184  1.946894E+02
       185  9.577724E+01
       186  4.017197E+03
       187  2.250596E+03
       188  9.117205E+02
       189  1.946894E+02
       190  9.577724E+01
       191  2.508761E+02
       192  4.044349E+02
       193  2.512248E+02
       194  4.040674E+02
       195  2.520124E+02
       196  4.042597E+02
       197  2.534841E+02
       198  4.049898E+02
       199  9.229781E+01
       200  1.472577E+02
       201  9.229781E+01
       202  1.472577E+02
       203  2.534841E+02
       204  4.049898E+02
       205  2.520124E+02
       206  4.042597E+02
       207  2.512248E+02
       208  4.040674E+02
       209  2.508761E+02
       210  4.044349E+02
       211  3.859097E+03
       212  2.167332E+03
       213  8.839101E+02
       214  1.921990E+02
       215  8.891540E+01
       216  3.859097E+03
       217  2.167332E+03
       218  8.839101E+02
       219  1.921990E+02
       220  8.891540E+01
       221  2.380495E+02
       222  3.876348E+02
       223  2.384558E+02
       224  3.877264E+02
       225  2.392331E+02
       226  3.883063E+02
       227  2.407084E+02
       228  3.892573E+02
       229  8.763029E+01
       230  1.415484E+02
       231  8.763029E+01
       232  1.415484E+02
       233  2.407084E+02
       234  3.892573E+02
       235  2.392331E+02
       236  3.883063E+02
       237  2.384558E+02
       238  3.877264E+02
       239  2.380495E+02
       240  3.876348E+02
       241  3.701583E+03
       242  2.083037E+03
       243  8.549837E+02
       244  1.892163E+02
       245  8.258709E+01
       246  3.701583E+03
       247  2.083037E+03
       248  8.549837E+02
       249  1.892163E+02
       250  8.258709E+01
       251  2.254931E+02
       252  3.713472E+02
       253  2.259317E+02
       254  3.717094E+02
       255  2.267295E+02
       256  3.725552E+02
       257  2.282463E+02
       258  3.736642E+02
       259  8.308259E+01
       260  1.358812E+02
       261  8.308259E+01
       262  1.358812E+02
       263  2.282463E+02
       264  3.736642E+02
       265  2.267295E+02
       266  3.725552E+02
       267  2.259317E+02
       268  3.717094E+02
       269  2.254931E+02
       270  3.713472E+02
       271  3.544994E+03
       272  1.998225E+03
       273  8.251686E+02
       274  1.857839E+02
       275  7.673312E+01
       276  3.544994E+03
       277  1.998225E+03
       278  8.251686E+02
       279  1.857839E+02
       280  7.673312E+01
       281  2.132315E+02
       282  3.555138E+02
       283  2.136807E+02
       284  3.560021E+02
       285  2.144964E+02
       286  3.569916E+02
       287  2.160698E+02
       288  3.581979E+02
       289  7.864475E+01
       290  1.302545E+02
       291  7.864475E+01
       292  1.302545E+02
       293  2.160698E+02
       294  3.581979E+02
       295  2.144964E+02
       296  3.569916E+02
       297  2.136807E+02
       298  3.560021E+02
       299  2.132315E+02
       300  3.555138E+02
       301  3.388609E+03
       302  1.912429E+03
       303  7.944963E+02
       304  1.819486E+02
       305  7.133350E+01
       306  3.388609E+03
       307  1.912429E+03
       308  7.944963E+02
       309  1.819486E+02
       310  7.133350E+01
       311  2.012593E+02
       312  3.399982E+02
       313  2.017168E+02
       314  3.405429E+02
       315  2.025521E+02
       316  3.416100E+02
       317  2.041933E+02
       318  3.428768E+02
       319  7.431929E+01
       320  1.246759E+02
       321  7.431929E+01
       322  1.246759E+02
       323  2.041933E+02
       324  3.428768E+02
       325  2.025521E+02
       326  3.416100E+02
       327  2.017168E+02
       328  3.405429E+02
       329  2.012593E+02
       330  3.399982E+02
       331  3.232305E+03
       332  1.825743E+03
       333  7.629964E+02
       334  1.777171E+02
       335  6.636595E+01
       336  3.232305E+03
       337  1.825743E+03
       338  7.629964E+02
       339  1.777171E+02
       340  6.636595E+01
       341  1.895821E+02
       342  3.247003E+02
       343  1.900523E+02
       344  3.252732E+02
       345  1.909116E+02
       346  3.263887E+02
       347  1.926289E+02
       348  3.276978E+02
       349  7.010852E+01
       350  1.191458E+02
       351  7.010852E+01
       352  1.191458E+02
       353  1.926289E+02
       354  3.276978E+02
       355  1.909116E+02
       356  3.263887E+02
       357  1.900523E+02
       358  3.252732E+02
       359  1.895821E+02
       360  3.247003E+02
       361  3.076248E+03
       362  1.738333E+03
       363  7.307243E+02
       364  1.730888E+02
       365  6.180467E+01
       366  3.076248E+03
       367  1.738333E+03
       368  7.307243E+02
       369  1.730888E+02
       370  6.180467E+01
       371  1.782085E+02
       372  3.095625E+02
       373  1.786955E+02
       374  3.101549E+02
       375  1.795826E+02
       376  3.113094E+02
       377  1.813821E+02
       378  3.126543E+02
       379  6.601345E+01
       380  1.136630E+02
       381  6.601345E+01
       382  1.136630E+02
       383  1.813821E+02
       384  3.126543E+02
       385  1.795826E+02
       386  3.113094E+02
       387  1.786955E+02
       388  3.101549E+02
       389  1.782085E+02
       390  3.095625E+02
       391  2.920557E+03
       392  1.650339E+03
       393  6.977371E+02
       394  1.680671E+02
       395  5.762294E+01
       396  2.920557E+03
       397  1.650339E+03
       398  6.977371E+02
       399  1.680671E+02
       400  5.762294E+01
       401  1.671461E+02
       402  2.945551E+02
       403  1.676520E+02
       404  2.951671E+02
       405  1.685686E+02
       406  2.963608E+02
       407  1.704550E+02
       408  2.977416E+02
       409  6.203458E+01
       410  1.082267E+02
       411  6.203458E+01
       412  1.082267E+02
       413  1.704550E+02
       414  2.977416E+02
       415  1.685686E+02
       416  2.963608E+02
       417  1.676520E+02
       418  2.951671E+02
       419  1.671461E+02
       420  2.945551E+02
       421  2.765311E+03
       422  1.561898E+03
       423  6.640948E+02
       424  1.626579E+02
       425  5.379445E+01
       426  2.765311E+03
       427  1.561898E+03
       428  6.640948E+02
       429  1.626579E+02
       430  5.379445E+01
       431  1.564013E+02
       432  2.796659E+02
       433  1.569257E+02
       434  2.803007E+02
       435  1.578707E+02
       436  2.815369E+02
       437  1.598475E+02
       438  2.829556E+02
       439  5.817181E+01
       440  1.028356E+02
       441  5.817181E+01
       442  1.028356E+02
       443  1.598475E+02
       444  2.829556E+02
       445  1.578707E+02
       446  2.815369E+02
       447  1.569257E+02
       448  2.803007E+02
       449  1.564013E+02
       450  2.796659E+02
       451  2.610623E+03
       452  1.473160E+03
       453  6.298553E+02
       454  1.568666E+02
       455  5.029390E+01
       456  2.610623E+03
       457  1.473160E+03
       458  6.298553E+02
       459  1.568666E+02
       460  5.029390E+01
       461  1.459814E+02
       462  2.648966E+02
       463  1.465204E+02
       464  2.655536E+02
       465  1.474886E+02
       466  2.668313E+02
       467  1.495565E+02
       468  2.682872E+02
       469  5.442379E+01
       470  9.748597E+01
       471  5.442379E+01
       472  9.748597E+01
       473  1.495565E+02
       474  2.682872E+02
       475  1.474886E+02
       476  2.668313E+02
       477  1.465204E+02
       478  2.655536E+02
       479  1.459814E+02
       480  2.648966E+02
       481  2.456704E+03
       482  1.384283E+03
       483  5.950736E+02
       484  1.507064E+02
       485  4.709558E+01
       486  2.456704E+03
       487  1.384283E+03
       488  5.950736E+02
       489  1.507064E+02
       490  4.709558E+01
       491  1.358967E+02
       492  2.502659E+02
       493  1.364422E+02
       494  2.509336E+02
       495  1.374224E+02
       496  2.522385E+02
       497  1.395737E+02
       498  2.537173E+02
       499  5.078637E+01
       500  9.216829E+01
       501  5.078637E+01
       502  9.216829E+01
       503  1.395737E+02
       504  2.537173E+02
       505  1.374224E+02
       506  2.522385E+02
       507  1.364422E+02
       508  2.509336E+02
       509  1.358967E+02
       510  2.502659E+02
       511  2.303570E+03
       512  1.295325E+03
       513  5.598528E+02
       514  1.442370E+02
       515  4.416567E+01
       516  2.303570E+03
       517  1.295325E+03
       518  5.598528E+02
       519  1.442370E+02
       520  4.416567E+01
       521  1.261585E+02
       522  2.358122E+02
       523  1.267012E+02
       524  2.364675E+02
       525  1.276779E+02
       526  2.377673E+02
       527  1.298901E+02
       528  2.392290E+02
       529  4.725286E+01
       530  8.687113E+01
       531  4.725286E+01
       532  8.687113E+01
       533  1.298901E+02
       534  2.392290E+02
       535  1.276779E+02
       536  2.377673E+02
       537  1.267012E+02
       538  2.364675E+02
       539  1.261585E+02
       540  2.358122E+02
       541  2.149860E+03
       542  1.206150E+03
       543  5.245311E+02
       544  1.376148E+02
       545  4.144841E+01
       546  2.149860E+03
       547  1.206150E+03
       548  5.245311E+02
       549  1.376148E+02
       550  4.144841E+01
       551  1.167756E+02
       552  2.215887E+02
       553  1.173106E+02
       554  2.222114E+02
       555  1.182727E+02
       556  2.234708E+02
       557  1.205131E+02
       558  2.248603E+02
       559  4.382248E+01
       560  8.160524E+01
       561  4.382248E+01
       562  8.160524E+01
       563  1.205131E+02
       564  2.248603E+02
       565  1.182727E+02
       566  2.234708E+02
       567  1.173106E+02
       568  2.222114E+02
       569  1.167756E+02
       570  2.215887E+02
       571  1.993900E+03
       572  1.117106E+03
       573  4.899500E+02
       574  1.309787E+02
       575  3.887733E+01
       576  1.993900E+03
       577  1.117106E+03
       578  4.899500E+02
       579  1.309787E+02
       580  3.887733E+01
       581  1.077516E+02
       582  2.076499E+02
       583  1.082827E+02
       584  2.082427E+02
       585  1.092335E+02
       586  2.094588E+02
       587  1.114868E+02
       588  2.107599E+02
       589  4.051493E+01
       590  7.643420E+01
       591  4.051493E+01
       592  7.643420E+01
       593  1.114868E+02
       594  2.107599E+02
       595  1.092335E+02
       596  2.094588E+02
       597  1.082827E+02
       598  2.082427E+02
       599  1.077516E+02
       600  2.076499E+02
       601  1.843149E+03
       602  1.033113E+03
       603  4.568724E+02
       604  1.243329E+02
       605  3.645191E+01
       606  1.843149E+03
       607  1.033113E+03
       608  4.568724E+02
       609  1.243329E+02
       610  3.645191E+01
       611  9.908845E+01
       612  1.940389E+02
       613  9.962467E+01
       614  1.946302E+02
       615  1.005806E+02
       616  1.958471E+02
       617  1.028759E+02
       618  1.971241E+02
       619  3.736638E+01
       620  7.144842E+01
       621  3.736638E+01
       622  7.144842E+01
       623  1.028759E+02
       624  1.971241E+02
       625  1.005806E+02
       626  1.958471E+02
       627  9.962467E+01
       628  1.946302E+02
       629  9.908845E+01
       630  1.940389E+02
       631  1.711506E+03
       632  9.592228E+02
       633  4.255209E+02
       634  1.178214E+02
       635  3.427618E+01
       636  1.711506E+03
       637  9.592228E+02
       638  4.255209E+02
       639  1.178214E+02
       640  3.427618E+01
       641  9.079089E+01
       642  1.807859E+02
       643  9.133906E+01
       644  1.814023E+02
       645  9.231506E+01
       646  1.826709E+02
       647  9.470353E+01
       648  1.840108E+02
       649  3.439297E+01
       650  6.667254E+01
       651  3.439297E+01
       652  6.667254E+01
       653  9.470353E+01
       654  1.840108E+02
       655  9.231506E+01
       656  1.826709E+02
       657  9.133906E+01
       658  1.814023E+02
       659  9.079089E+01
       660  1.807859E+02
       661  1.584674E+03
       662  8.880515E+02
       663  3.957846E+02
       664  1.116374E+02
       665  3.241729E+01
       666  1.584674E+03
       667  8.880515E+02
       668  3.957846E+02
       669  1.116374E+02
       670  3.241729E+01
       671  8.286673E+01
       672  1.679116E+02
       673  8.342714E+01
       674  1.685513E+02
       675  8.442467E+01
       676  1.698737E+02
       677  8.692466E+01
       678  1.712832E+02
       679  3.156846E+01
       680  6.203572E+01
       681  3.156846E+01
       682  6.203572E+01
       683  8.692466E+01
       684  1.712832E+02
       685  8.442467E+01
       686  1.698737E+02
       687  8.342714E+01
       688  1.685513E+02
       689  8.286673E+01
       690  1.679116E+02
       691  1.456951E+03
       692  8.172114E+02
       693  3.670188E+02
       694  1.057861E+02
       695  3.079459E+01
       696  1.456951E+03
       697  8.172114E+02
       698  3.670188E+02
       699  1.057861E+02
       700  3.079459E+01
       701  7.532000E+01
       702  1.554291E+02
       703  7.589078E+01
       704  1.560685E+02
       705  7.690302E+01
       706  1.574030E+02
       707  7.948531E+01
       708  1.588063E+02
       709  2.885749E+01
       710  5.746963E+01
       711  2.885749E+01
       712  5.746963E+01
       713  7.948531E+01
       714  1.588063E+02
       715  7.690302E+01
       716  1.574030E+02
       717  7.589078E+01
       718  1.560685E+02
       719  7.532000E+01
       720  1.554291E+02
       721  1.326772E+03
       722  7.479238E+02
       723  3.394140E+02
       724  1.000902E+02
       725  2.926048E+01
       726  1.326772E+03
       727  7.479238E+02
       728  3.394140E+02
       729  1.000902E+02
       730  2.926048E+01
       731  6.814600E+01
       732  1.433409E+02
       733  6.873014E+01
       734  1.439703E+02
       735  6.975836E+01
       736  1.452942E+02
       737  7.239350E+01
       738  1.466410E+02
       739  2.626097E+01
       740  5.300496E+01
       741  2.626097E+01
       742  5.300496E+01
       743  7.239350E+01
       744  1.466410E+02
       745  6.975836E+01
       746  1.452942E+02
       747  6.873014E+01
       748  1.439703E+02
       749  6.814600E+01
       750  1.433409E+02
       751  1.204024E+03
       752  6.834042E+02
       753  3.129665E+02
       754  9.434611E+01
       755  2.777662E+01
       756  1.204024E+03
       757  6.834042E+02
       758  3.129665E+02
       759  9.434611E+01
       760  2.777662E+01
       761  6.133456E+01
       762  1.316398E+02
       763  6.194150E+01
       764  1.322822E+02
       765  6.300175E+01
       766  1.336343E+02
       767  6.571080E+01
       768  1.349808E+02
       769  2.381589E+01
       770  4.873820E+01
       771  2.381589E+01
       772  4.873820E+01
       773  6.571080E+01
       774  1.349808E+02
       775  6.300175E+01
       776  1.336343E+02
       777  6.194150E+01
       778  1.322822E+02
       779  6.133456E+01
       780  1.316398E+02
       781  1.104423E+03
       782  6.251432E+02
       783  2.878651E+02
       784  8.870711E+01
       785  2.648914E+01
       786  1.104423E+03
       787  6.251432E+02
       788  2.878651E+02
       789  8.870711E+01
       790  2.648914E+01
       791  5.487723E+01
       792  1.203101E+02
       793  5.551770E+01
       794  1.210055E+02
       795  5.663084E+01
       796  1.224542E+02
       797  5.947530E+01
       798  1.239066E+02
       799  2.154898E+01
       800  4.470694E+01
       801  2.154898E+01
       802  4.470694E+01
       803  5.947530E+01
       804  1.239066E+02
       805  5.663084E+01
       806  1.224542E+02
       807  5.551770E+01
       808  1.210055E+02
       809  5.487723E+01
       810  1.203101E+02
       811  1.005060E+03
       812  5.702005E+02
       813  2.642501E+02
       814  8.341902E+01
       815  2.551314E+01
       816  1.005060E+03
       817  5.702005E+02
       818  2.642501E+02
       819  8.341902E+01
       820  2.551314E+01
       821  4.877002E+01
       822  1.093302E+02
       823  4.944999E+01
       824  1.101053E+02
       825  5.062877E+01
       826  1.116921E+02
       827  5.365817E+01
       828  1.132994E+02
       829  1.944491E+01
       830  4.084935E+01
       831  1.944491E+01
       832  4.084935E+01
       833  5.365817E+01
       834  1.132994E+02
       835  5.062877E+01
       836  1.116921E+02
       837  4.944999E+01
       838  1.101053E+02
       839  4.877002E+01
       840  1.093302E+02
       841  9.064709E+02
       842  5.162977E+02
       843  2.414429E+02
       844  7.835628E+01
       845  2.480097E+01
       846  9.064709E+02
       847  5.162977E+02
       848  2.414429E+02
       849  7.835628E+01
       850  2.480097E+01
       851  4.300999E+01
       852  9.867683E+01
       853  4.372941E+01
       854  9.953451E+01
       855  4.497574E+01
       856  1.012599E+02
       857  4.820693E+01
       858  1.030032E+02
       859  1.747295E+01
       860  3.709144E+01
       861  1.747295E+01
       862  3.709144E+01
       863  4.820693E+01
       864  1.030032E+02
       865  4.497574E+01
       866  1.012599E+02
       867  4.372941E+01
       868  9.953451E+01
       869  4.300999E+01
       870  9.867683E+01
       871  8.104955E+02
       872  4.635109E+02
       873  2.189660E+02
       874  7.329390E+01
       875  2.425961E+01
       876  8.104955E+02
       877  4.635109E+02
       878  2.189660E+02
       879  7.329390E+01
       880  2.425961E+01
       881  3.759155E+01
       882  8.833657E+01
       883  3.834785E+01
       884  8.926597E+01
       885  3.965934E+01
       886  9.111455E+01
       887  4.309585E+01
       888  9.296050E+01
       889  1.561985E+01
       890  3.341089E+01
       891  1.561985E+01
       892  3.341089E+01
       893  4.309585E+01
       894  9.296050E+01
       895  3.965934E+01
       896  9.111455E+01
       897  3.834785E+01
       898  8.926597E+01
       899  3.759155E+01
       900  8.833657E+01
       901  7.175068E+02
       902  4.120721E+02
       903  1.968281E+02
       904  6.816578E+01
       905  2.384272E+01
       906  7.175068E+02
       907  4.120721E+02
       908  1.968281E+02
       909  6.816578E+01
       910  2.384272E+01
       911  3.250662E+01
       912  7.832196E+01
       913  3.329974E+01
       914  7.930883E+01
       915  3.467723E+01
       916  8.126767E+01
       917  3.832852E+01
       918  8.319778E+01
       919  1.388910E+01
       920  2.982235E+01
       921  1.388910E+01
       922  2.982235E+01
       923  3.832852E+01
       924  8.319778E+01
       925  3.467723E+01
       926  8.126767E+01
       927  3.329974E+01
       928  7.930883E+01
       929  3.250662E+01
       930  7.832196E+01
       931  6.278407E+02
       932  3.621787E+02
       933  1.751227E+02
       934  6.299833E+01
       935  2.354459E+01
       936  6.278407E+02
       937  3.621787E+02
       938  1.751227E+02
       939  6.299833E+01
       940  2.354459E+01
       941  2.774810E+01
       942  6.868302E+01
       943  2.858405E+01
       944  6.970765E+01
       945  3.003530E+01
       946  7.176398E+01
       947  3.392217E+01
       948  7.377034E+01
       949  1.228898E+01
       950  2.634858E+01
       951  1.228898E+01
       952  2.634858E+01
       953  3.392217E+01
       954  7.377034E+01
       955  3.003530E+01
       956  7.176398E+01
       957  2.858405E+01
       958  6.970765E+01
       959  2.774810E+01
       960  6.868302E+01
       961  5.417975E+02
       962  3.140314E+02
       963  1.539649E+02
       964  5.784331E+01
       965  2.337761E+01
       966  5.417975E+02
       967  3.140314E+02
       968  1.539649E+02
       969  5.784331E+01
       970  2.337761E+01
       971  2.331437E+01
       972  5.951101E+01
       973  2.420709E+01
       974  6.053526E+01
       975  2.574694E+01
       976  6.266265E+01
       977  2.990000E+01
       978  6.473534E+01
       979  1.082691E+01
       980  2.301004E+01
       981  1.082691E+01
       982  2.301004E+01
       983  2.990000E+01
       984  6.473534E+01
       985  2.574694E+01
       986  6.266265E+01
       987  2.420709E+01
       988  6.053526E+01
       989  2.331437E+01
       990  5.951101E+01
       991  4.596932E+02
       992  2.678431E+02
       993  1.334871E+02
       994  5.276950E+01
       995  2.336620E+01
       996  4.596932E+02
       997  2.678431E+02
       998  1.334871E+02
       999  5.276950E+01
      1000  2.336620E+01
      1001  1.921625E+01
      1002  5.093604E+01
      1003  2.018862E+01
      1004  5.188557E+01
      1005  2.183645E+01
      1006  5.402725E+01
      1007  2.629228E+01
      1008  5.614462E+01
      1009  9.508570E+00
      1010  1.982385E+01
      1011  9.508570E+00
      1012  1.982385E+01
      1013  2.629228E+01
      1014  5.614462E+01
      1015  2.183645E+01
      1016  5.402725E+01
      1017  2.018862E+01
      1018  5.188557E+01
      1019  1.921625E+01
      1020  5.093604E+01
      1021  3.818612E+02
      1022  2.238481E+02
      1023  1.138427E+02
      1024  4.786380E+01
      1025  2.354701E+01
      1026  3.818612E+02
      1027  2.238481E+02
      1028  1.138427E+02
      1029  4.786380E+01
      1030  2.354701E+01
      1031  1.549167E+01
      1032  4.311969E+01
      1033  1.657573E+01
      1034  4.386484E+01
      1035  1.834862E+01
      1036  4.591636E+01
      1037  2.314086E+01
      1038  4.803773E+01
      1039  8.337413E+00
      1040  1.680244E+01
      1041  8.337413E+00
      1042  1.680244E+01
      1043  2.314086E+01
      1044  4.803773E+01
      1045  1.834862E+01
      1046  4.591636E+01
      1047  1.657573E+01
      1048  4.386484E+01
      1049  1.549167E+01
      1050  4.311969E+01
      1051  3.086739E+02
      1052  1.823200E+02
      1053  9.521686E+01
      1054  4.323384E+01
      1055  2.396570E+01
      1056  3.086739E+02
      1057  1.823200E+02
      1058  9.521686E+01
      1059  4.323384E+01
      1060  2.396570E+01
      1061  1.223815E+01
      1062  3.624431E+01
      1063  1.347276E+01
      1064  3.658178E+01
      1065  1.536847E+01
      1066  3.837221E+01
      1067  2.050705E+01
      1068  4.043034E+01
      1069  7.313185E+00
      1070  1.395013E+01
      1071  7.313185E+00
      1072  1.395013E+01
      1073  2.050705E+01
      1074  4.043034E+01
      1075  1.536847E+01
      1076  3.837221E+01
      1077  1.347276E+01
      1078  3.658178E+01
      1079  1.223815E+01
      1080  3.624431E+01
      1081  2.405869E+02
      1082  1.436080E+02
      1083  7.785224E+01
      1084  3.901052E+01
      1085  2.466294E+01
      1086  2.405869E+02
      1087  1.436080E+02
      1088  7.785224E+01
      1089  3.901052E+01
      1090  2.466294E+01
      1091  9.678289E+00
      1092  3.050276E+01
      1093  1.110061E+01
      1094  3.014753E+01
      1095  1.306120E+01
      1096  3.142059E+01
      1097  1.849144E+01
      1098  3.331115E+01
      1099  6.429366E+00
      1100  1.126401E+01
      1101  6.429366E+00
      1102  1.126401E+01
      1103  1.849144E+01
      1104  3.331115E+01
      1105  1.306120E+01
      1106  3.142059E+01
      1107  1.110061E+01
      1108  3.014753E+01
      1109  9.678289E+00
      1110  3.050276E+01
      1111  1.781853E+02
      1112  1.082008E+02
      1113  6.210095E+01
      1114  3.535548E+01
      1115  2.563605E+01
      1116  1.781853E+02
      1117  1.082008E+02
      1118  6.210095E+01
      1119  3.535548E+01
      1120  2.563605E+01
      1121  8.260876E+00
      1122  2.609673E+01
      1123  9.896875E+00
      1124  2.471379E+01
      1125  1.175122E+01
      1126  2.512443E+01
      1127  1.729656E+01
      1128  2.669357E+01
      1129  5.671718E+00
      1130  8.759482E+00
      1131  5.671718E+00
      1132  8.759482E+00
      1133  1.729656E+01
      1134  2.669357E+01
      1135  1.175122E+01
      1136  2.512443E+01
      1137  9.896875E+00
      1138  2.471379E+01
      1139  8.260876E+00
      1140  2.609673E+01
      1141  1.222139E+02
      1142  7.681731E+01
      1143  4.847936E+01
      1144  3.244044E+01
      1145  2.679100E+01
      1146  1.222139E+02
      1147  7.681731E+01
      1148  4.847936E+01
      1149  3.244044E+01
      1150  2.679100E+01
      1151  8.737078E+00
      1152  2.318791E+01
      1153  1.060972E+01
      1154  2.057226E+01
      1155  1.204643E+01
      1156  1.977925E+01
      1157  1.739927E+01
      1158  2.086688E+01
      1159  5.017605E+00
      1160  6.596217E+00
      1161  5.017605E+00
      1162  6.596217E+00
      1163  1.739927E+01
      1164  2.086688E+01
      1165  1.204643E+01
      1166  1.977925E+01
      1167  1.060972E+01
      1168  2.057226E+01
      1169  8.737078E+00
      1170  2.318791E+01
      1171  7.378799E+01
      1172  5.045115E+01
      1173  3.761368E+01
      1174  3.031338E+01
      1175  2.791375E+01
      1176  7.378799E+01
      1177  5.045115E+01
      1178  3.761368E+01
      1179  3.031338E+01
      1180  2.791375E+01
      1181  1.177023E+01
      1182  2.169385E+01
      1183  1.406441E+01
      1184  1.821203E+01
      1185  1.495810E+01
      1186  1.631088E+01
      1187  2.009577E+01
      1188  1.701025E+01
      1189  4.516803E+00
      1190  5.415500E+00
      1191  4.516803E+00
      1192  5.415500E+00
      1193  2.009577E+01
      1194  1.701025E+01
      1195  1.495810E+01
      1196  1.631088E+01
      1197  1.406441E+01
      1198  1.821203E+01
      1199  1.177023E+01
      1200  2.169385E+01
      1201  3.527404E+01
      1202  3.043438E+01
      1203  2.980334E+01
      1204  2.916481E+01
      1205  2.953099E+01
      1206  3.527404E+01
      1207  3.043438E+01
      1208  2.980334E+01
      1209  2.916481E+01
      1210  2.953099E+01
      1211  1.645491E+01
      1212  2.045127E+01
      1213  1.994767E+01
      1214  1.763609E+01
      1215  2.161482E+01
      1216  1.668595E+01
      1217  2.906420E+01
      1218  1.920316E+01
      1219  4.411098E+00
      1220  7.617538E+00
      1221  4.411098E+00
      1222  7.617538E+00
      1223  2.906420E+01
      1224  1.920316E+01
      1225  2.161482E+01
      1226  1.668595E+01
      1227  1.994767E+01
      1228  1.763609E+01
      1229  1.645491E+01
      1230  2.045127E+01
      1231  1.028833E+01
      1232  1.575382E+01
      1233  2.262961E+01
      1234  2.892906E+01
      1235  3.893381E+01
      1236  1.028833E+01
      1237  1.575382E+01
      1238  2.262961E+01
      1239  2.892906E+01
      1240  3.893381E+01
      1241  1.936625E+01
      1242  1.803763E+01
      1243  2.483281E+01
      1244  1.759338E+01
      1245  3.283101E+01
      1246  2.274284E+01
      1247  6.004314E+01
      1248  4.237953E+01
      1249  6.919917E+00
      1250  2.521754E+01
      1251  6.919917E+00
      1252  2.521754E+01
      1253  6.004314E+01
      1254  4.237953E+01
      1255  3.283101E+01
      1256  2.274284E+01
      1257  2.483281E+01
      1258  1.759338E+01
      1259  1.936625E+01
      1260  1.803763E+01
      1261  4.688534E-01
      1262  2.100141E+00
      1263  6.100168E+00
      1264  1.477434E+01
      1265  3.881655E+01
      1266  4.688534E-01
      1267  2.100141E+00
      1268  6.100168E+00
      1269  1.477434E+01
      1270  3.881655E+01
      1271  1.098068E+01
      1272  1.415827E+01
      1273  1.590188E+01
      1274  1.436472E+01
      1275  2.732741E+01
      1276  2.967844E+01
      1277  9.199944E+01
      1278  8.892929E+01
      1279  1.061414E+01
      1280  6.873583E+01
      1281  1.061414E+01
      1282  6.873583E+01
      1283  9.199944E+01
      1284  8.892929E+01
      1285  2.732741E+01
      1286  2.967844E+01
      1287  1.590188E+01
      1288  1.436472E+01
      1289  1.098068E+01
      1290  1.415827E+01

                                INCREMENT    12


 displacements (vx,vy,vz) for set TIP_TOP and time  0.1000000E+01

      2087  6.566172E-01 -2.480549E-02 -2.260098E+01
      2088  6.571526E-01 -2.451739E-02 -2.254573E+01
      2091  6.565361E-01 -2.386958E-02 -2.249069E+01
      2094  6.563151E-01 -1.954645E-02 -2.243964E+01
      2096  6.566766E-01 -7.808967E-03 -2.240653E+01
      2098  6.565631E-01 -1.541708E-14 -2.240451E+01
      2100  6.566766E-01  7.808967E-03 -2.240653E+01
      2103  6.563151E-01  1.954645E-02 -2.243964E+01
      2106  6.565361E-01  2.386958E-02 -2.249069E+01
      2109  6.571526E-01  2.451739E-02 -2.254573E+01
      2112  6.566172E-01  2.480549E-02 -2.260098E+01

 forces (fx,fy,fz) for set CLAMP and time  0.1000000E+01

         1  3.146433E+04  3.550055E+04  1.279498E+04
         4  5.552261E+04 -2.375552E-10  2.553365E+04
         5  4.707738E+04  5.900734E+04  3.792637E+03
         8  8.207297E+04 -3.233207E-09  7.755917E+03
         9  3.411148E+04  4.402540E+04 -2.956221E+02
        12  5.957107E+04  4.586950E-09 -5.071487E+02
        13  1.885573E+04  2.402867E+04 -3.082370E+03
        16  3.294680E+04  5.366664E-09 -6.081346E+03
        17  2.233747E+03  2.309988E+03 -3.691376E+03
        20  3.796882E+03 -2.411557E-11 -7.318976E+03
        21 -1.021201E+04 -6.618525E+03 -9.925713E+03
        24 -1.204742E+04 -4.434134E-10 -4.126503E+03
        26  3.146433E+04 -3.550055E+04  1.279498E+04
        28  4.707738E+04 -5.900734E+04  3.792637E+03
        30  3.411148E+04 -4.402540E+04 -2.956221E+02
        32  1.885573E+04 -2.402867E+04 -3.082370E+03
        34  2.233747E+03 -2.309988E+03 -3.691376E+03
        36 -1.021201E+04  6.618525E+03 -9.925713E+03
        37 -7.022604E+03 -4.306065E+03 -9.785173E+03
        40 -8.422724E+03 -1.347036E+03 -1.699223E+04
        41 -1.776484E+04 -9.874543E+03 -2.612683E+03
        44 -2.546840E+04 -2.926313E+03 -5.046963E+03
        45 -1.243781E+04 -5.590810E+03  1.179464E+04
        48 -2.043775E+04 -1.583141E+03  2.152959E+04
        50 -7.291065E+03 -1.270878E+03 -1.563402E+04
        52 -2.414410E+04 -2.617579E+03 -5.058207E+03
        54 -2.035261E+04 -1.347393E+03  2.050189E+04
        56 -7.276693E+03 -8.990697E+02 -1.552592E+04
        58 -2.420919E+04 -1.718928E+03 -4.958882E+03
        60 -2.053150E+04 -8.337036E+02  2.045784E+04
        62 -1.674505E+04 -6.243313E+02 -3.153715E+03
        64 -1.411196E+04 -2.756854E+02  1.408296E+04
        66 -8.956955E+03 -2.566232E-09 -1.635800E+03
        68 -7.534700E+03 -1.829544E-10  7.547404E+03
        70 -1.674505E+04  6.243313E+02 -3.153715E+03
        72 -1.411196E+04  2.756854E+02  1.408296E+04
        74 -7.276693E+03  8.990697E+02 -1.552592E+04
        76 -2.420919E+04  1.718928E+03 -4.958882E+03
        78 -2.053150E+04  8.337036E+02  2.045784E+04
        80 -7.291065E+03  1.270878E+03 -1.563402E+04
        82 -2.414410E+04  2.617579E+03 -5.058207E+03
        84 -2.035261E+04  1.347393E+03  2.050189E+04
        86 -8.422724E+03  1.347036E+03 -1.699223E+04
        88 -2.546840E+04  2.926313E+03 -5.046963E+03
        90 -2.043775E+04  1.583141E+03  2.152959E+04
        92 -7.022604E+03  4.306065E+03 -9.785173E+03
        94 -1.776484E+04  9.874543E+03 -2.612683E+03
        96 -1.243781E+04  5.590810E+03  1.179464E+04

 internal energy (element, energy) for set EALL and time  0.1000000E+01

         1  3.051143E+03
         2  1.594801E+03
         3  6.734293E+02
         4  1.273467E+02
         5  7.583796E+01
         6  3.051143E+03
         7  1.594801E+03
         8  6.734293E+02
         9  1.273467E+02
        10  7.583796E+01
        11  2.637219E+02
        12  4.047732E+02
        13  2.135983E+02
        14  3.470451E+02
        15  2.013381E+02
        16  3.346943E+02
        17  2.033591E+02
        18  3.346430E+02
        19  7.475565E+01
        20  1.225944E+02
        21  7.475565E+01
        22  1.225944E+02
        23  2.033591E+02
        24  3.346430E+02
        25  2.013381E+02
        26  3.346943E+02
        27  2.135983E+02
        28  3.470451E+02
        29  2.637219E+02
        30  4.047732E+02
        31  4.678209E+03
        32  2.690542E+03
        33  1.019471E+03
        34  1.985908E+02
        35  1.287488E+02
        36  4.678209E+03
        37  2.690542E+03
        38  1.019471E+03
        39  1.985908E+02
        40  1.287488E+02
        41  2.872342E+02
        42  4.380891E+02
        43  3.095997E+02
        44  4.650825E+02
        45  3.075061E+02
        46  4.634685E+02
        47  3.094155E+02
        48  4.673014E+02
        49  1.129632E+02
        50  1.711748E+02
        51  1.129632E+02
        52  1.711748E+02
        53  3.094155E+02
        54  4.673014E+02
        55  3.075061E+02
        56  4.634685E+02
        57  3.095997E+02
        58  4.650825E+02
        59  2.872342E+02
        60  4.380891E+02
        61  4.890746E+03
        62  2.837349E+03
        63  1.143113E+03
        64  2.319949E+02
        65  1.416429E+02
        66  4.890746E+03
        67  2.837349E+03
        68  1.143113E+03
        69  2.319949E+02
        70  1.416429E+02
        71  2.988699E+02
        72  4.578376E+02
        73  3.191281E+02
        74  4.842917E+02
        75  3.314072E+02
        76  5.022584E+02
        77  3.354404E+02
        78  5.106551E+02
        79  1.216652E+02
        80  1.865228E+02
        81  1.216652E+02
        82  1.865228E+02
        83  3.354404E+02
        84  5.106551E+02
        85  3.314072E+02
        86  5.022584E+02
        87  3.191281E+02
        88  4.842917E+02
        89  2.988699E+02
        90  4.578376E+02
        91  4.847726E+03
        92  2.770361E+03
        93  1.128912E+03
        94  2.361075E+02
        95  1.314138E+02
        96  4.847726E+03
        97  2.770361E+03
        98  1.128912E+03
        99  2.361075E+02
       100  1.314138E+02
       101  3.042593E+02
       102  4.737419E+02
       103  3.106403E+02
       104  4.827596E+02
       105  3.176856E+02
       106  4.922933E+02
       107  3.224153E+02
       108  4.976026E+02
       109  1.174246E+02
       110  1.812006E+02
       111  1.174246E+02
       112  1.812006E+02
       113  3.224153E+02
       114  4.976026E+02
       115  3.176856E+02
       116  4.922933E+02
       117  3.106403E+02
       118  4.827596E+02
       119  3.042593E+02
       120  4.737419E+02
       121  4.734720E+03
       122  2.697359E+03
       123  1.091799E+03
       124  2.304577E+02
       125  1.189018E+02
       126  4.734720E+03
       127  2.697359E+03
       128  1.091799E+03
       129  2.304577E+02
       130  1.189018E+02
       131  2.941374E+02
       132  4.677580E+02
       133  2.958333E+02
       134  4.689931E+02
       135  2.984566E+02
       136  4.710535E+02
       137  3.011969E+02
       138  4.727709E+02
       139  1.097781E+02
       140  1.720032E+02
       141  1.097781E+02
       142  1.720032E+02
       143  3.011969E+02
       144  4.727709E+02
       145  2.984566E+02
       146  4.710535E+02
       147  2.958333E+02
       148  4.689931E+02
       149  2.941374E+02
       150  4.677580E+02
       151  4.583398E+03
       152  2.617537E+03
       153  1.063046E+03
       154  2.270729E+02
       155  1.093670E+02
       156  4.583398E+03
       157  2.617537E+03
       158  1.063046E+03
       159  2.270729E+02
       160  1.093670E+02
       161  2.814607E+02
       162  4.528108E+02
       163  2.819539E+02
       164  4.521278E+02
       165  2.831761E+02
       166  4.522687E+02
       167  2.850083E+02
       168  4.530163E+02
       169  1.038150E+02
       170  1.647244E+02
       171  1.038150E+02
       172  1.647244E+02
       173  2.850083E+02
       174  4.530163E+02
       175  2.831761E+02
       176  4.522687E+02
       177  2.819539E+02
       178  4.521278E+02
       179  2.814607E+02
       180  4.528108E+02
       181  4.413026E+03
       182  2.526740E+03
       183  1.032879E+03
       184  2.244299E+02
       185  1.014445E+02
       186  4.413026E+03
       187  2.526740E+03
       188  1.032879E+03
       189  2.244299E+02
       190  1.014445E+02
       191  2.676429E+02
       192  4.348257E+02
       193  2.680508E+02
       194  4.344417E+02
       195  2.689565E+02
       196  4.346949E+02
       197  2.706194E+02
       198  4.355609E+02
       199  9.855290E+01
       200  1.583899E+02
       201  9.855290E+01
       202  1.583899E+02
       203  2.706194E+02
       204  4.355609E+02
       205  2.689565E+02
       206  4.346949E+02
       207  2.680508E+02
       208  4.344417E+02
       209  2.676429E+02
       210  4.348257E+02
       211  4.237922E+03
       212  2.431838E+03
       213  1.000416E+03
       214  2.212217E+02
       215  9.431926E+01
       216  4.237922E+03
       217  2.431838E+03
       218  1.000416E+03
       219  2.212217E+02
       220  9.431926E+01
       221  2.539032E+02
       222  4.166769E+02
       223  2.543726E+02
       224  4.168033E+02
       225  2.552667E+02
       226  4.174917E+02
       227  2.569399E+02
       228  4.186097E+02
       229  9.355492E+01
       230  1.522391E+02
       231  9.355492E+01
       232  1.522391E+02
       233  2.569399E+02
       234  4.186097E+02
       235  2.552667E+02
       236  4.174917E+02
       237  2.543726E+02
       238  4.168033E+02
       239  2.539032E+02
       240  4.166769E+02
       241  4.061523E+03
       242  2.334223E+03
       243  9.658429E+02
       244  2.172073E+02
       245  8.774906E+01
       246  4.061523E+03
       247  2.334223E+03
       248  9.658429E+02
       249  2.172073E+02
       250  8.774906E+01
       251  2.404218E+02
       252  3.989895E+02
       253  2.409263E+02
       254  3.994208E+02
       255  2.418418E+02
       256  4.004082E+02
       257  2.435642E+02
       258  4.017039E+02
       259  8.867296E+01
       260  1.460942E+02
       261  8.867296E+01
       262  1.460942E+02
       263  2.435642E+02
       264  4.017039E+02
       265  2.418418E+02
       266  4.004082E+02
       267  2.409263E+02
       268  3.994208E+02
       269  2.404218E+02
       270  3.989895E+02
       271  3.883591E+03
       272  2.233901E+03
       273  9.293843E+02
       274  2.124350E+02
       275  8.166474E+01
       276  3.883591E+03
       277  2.233901E+03
       278  9.293843E+02
       279  2.124350E+02
       280  8.166474E+01
       281  2.272368E+02
       282  3.817050E+02
       283  2.277495E+02
       284  3.822788E+02
       285  2.286783E+02
       286  3.834257E+02
       287  2.304617E+02
       288  3.848266E+02
       289  8.389602E+01
       290  1.399522E+02
       291  8.389602E+01
       292  1.399522E+02
       293  2.304617E+02
       294  3.848266E+02
       295  2.286783E+02
       296  3.834257E+02
       297  2.277495E+02
       298  3.822788E+02
       299  2.272368E+02
       300  3.817050E+02
       301  3.704010E+03
       302  2.131106E+03
       303  8.912073E+02
       304  2.069681E+02
       305  7.603969E+01
       306  3.704010E+03
       307  2.131106E+03
       308  8.912073E+02
       309  2.069681E+02
       310  7.603969E+01
       311  2.143542E+02
       312  3.646916E+02
       313  2.148654E+02
       314  3.653203E+02
       315  2.157996E+02
       316  3.665397E+02
       317  2.176461E+02
       318  3.679920E+02
       319  7.922550E+01
       320  1.338184E+02
       321  7.922550E+01
       322  1.338184E+02
       323  2.176461E+02
       324  3.679920E+02
       325  2.157996E+02
       326  3.665397E+02
       327  2.148654E+02
       328  3.653203E+02
       329  2.143542E+02
       330  3.646916E+02
       331  3.522655E+03
       332  2.026015E+03
       333  8.514749E+02
       334  2.008711E+02
       335  7.083984E+01
       336  3.522655E+03
       337  2.026015E+03
       338  8.514749E+02
       339  2.008711E+02
       340  7.083984E+01
       341  2.017927E+02
       342  3.478767E+02
       343  2.022991E+02
       344  3.485090E+02
       345  2.032306E+02
       346  3.497413E+02
       347  2.051282E+02
       348  3.511940E+02
       349  7.466076E+01
       350  1.276884E+02
       351  7.466076E+01
       352  1.276884E+02
       353  2.051282E+02
       354  3.511940E+02
       355  2.032306E+02
       356  3.497413E+02
       357  2.022991E+02
       358  3.485090E+02
       359  2.017927E+02
       360  3.478767E+02
       361  3.338650E+03
       362  1.918469E+03
       363  8.104502E+02
       364  1.942794E+02
       365  6.601524E+01
       366  3.338650E+03
       367  1.918469E+03
       368  8.104502E+02
       369  1.942794E+02
       370  6.601524E+01
       371  1.895721E+02
       372  3.312502E+02
       373  1.900734E+02
       374  3.318567E+02
       375  1.909973E+02
       376  3.330613E+02
       377  1.929256E+02
       378  3.344650E+02
       379  7.020476E+01
       380  1.215731E+02
       381  7.020476E+01
       382  1.215731E+02
       383  1.929256E+02
       384  3.344650E+02
       385  1.909973E+02
       386  3.330613E+02
       387  1.900734E+02
       388  3.318567E+02
       389  1.895721E+02
       390  3.312502E+02
       391  3.153360E+03
       392  1.808847E+03
       393  7.689134E+02
       394  1.873999E+02
       395  6.151509E+01
       396  3.153360E+03
       397  1.808847E+03
       398  7.689134E+02
       399  1.873999E+02
       400  6.151509E+01
       401  1.777043E+02
       402  3.148337E+02
       403  1.782070E+02
       404  3.154137E+02
       405  1.791298E+02
       406  3.165872E+02
       407  1.810842E+02
       408  3.179310E+02
       409  6.587757E+01
       410  1.155264E+02
       411  6.587757E+01
       412  1.155264E+02
       413  1.810842E+02
       414  3.179310E+02
       415  1.791298E+02
       416  3.165872E+02
       417  1.782070E+02
       418  3.154137E+02
       419  1.777043E+02
       420  3.148337E+02
       421  2.975507E+03
       422  1.703825E+03
       423  7.284616E+02
       424  1.803565E+02
       425  5.733521E+01
       426  2.975507E+03
       427  1.703825E+03
       428  7.284616E+02
       429  1.803565E+02
       430  5.733521E+01
       431  1.661944E+02
       432  2.986508E+02
       433  1.667107E+02
       434  2.992329E+02
       435  1.676516E+02
       436  3.004177E+02
       437  1.696642E+02
       438  3.017578E+02
       439  6.171119E+01
       440  1.096237E+02
       441  6.171119E+01
       442  1.096237E+02
       443  1.696642E+02
       444  3.017578E+02
       445  1.676516E+02
       446  3.004177E+02
       447  1.667107E+02
       448  2.992329E+02
       449  1.661944E+02
       450  2.986508E+02
       451  2.808840E+03
       452  1.606200E+03
       453  6.897132E+02
       454  1.732939E+02
       455  5.352813E+01
       456  2.808840E+03
       457  1.606200E+03
       458  6.897132E+02
       459  1.732939E+02
       460  5.352813E+01
       461  1.550459E+02
       462  2.827098E+02
       463  1.555875E+02
       464  2.833309E+02
       465  1.565670E+02
       466  2.845835E+02
       467  1.586861E+02
       468  2.859978E+02
       469  5.771794E+01
       470  1.038876E+02
       471  5.771794E+01
       472  1.038876E+02
       473  1.586861E+02
       474  2.859978E+02
       475  1.565670E+02
       476  2.845835E+02
       477  1.555875E+02
       478  2.833309E+02
       479  1.550459E+02
       480  2.827098E+02
       481  2.646619E+03
       482  1.510281E+03
       483  6.515893E+02
       484  1.662441E+02
       485  5.010977E+01
       486  2.646619E+03
       487  1.510281E+03
       488  6.515893E+02
       489  1.662441E+02
       490  5.010977E+01
       491  1.442640E+02
       492  2.670018E+02
       493  1.448353E+02
       494  2.676810E+02
       495  1.458614E+02
       496  2.690280E+02
       497  1.481137E+02
       498  2.705471E+02
       499  5.387771E+01
       500  9.826768E+01
       501  5.387771E+01
       502  9.826768E+01
       503  1.481137E+02
       504  2.705471E+02
       505  1.458614E+02
       506  2.690280E+02
       507  1.448353E+02
       508  2.676810E+02
       509  1.442640E+02
       510  2.670018E+02
       511  2.484927E+03
       512  1.414039E+03
       513  6.132469E+02
       514  1.590245E+02
       515  4.703227E+01
       516  2.484927E+03
       517  1.414039E+03
       518  6.132469E+02
       519  1.590245E+02
       520  4.703227E+01
       521  1.338568E+02
       522  2.515123E+02
       523  1.344511E+02
       524  2.522395E+02
       525  1.355148E+02
       526  2.536657E+02
       527  1.378955E+02
       528  2.552666E+02
       529  5.016342E+01
       530  9.270154E+01
       531  5.016342E+01
       532  9.270154E+01
       533  1.378955E+02
       534  2.552666E+02
       535  1.355148E+02
       536  2.536657E+02
       537  1.344511E+02
       538  2.522395E+02
       539  1.338568E+02
       540  2.515123E+02
       541  2.324096E+03
       542  1.317888E+03
       543  5.745411E+02
       544  1.515133E+02
       545  4.423627E+01
       546  2.324096E+03
       547  1.317888E+03
       548  5.745411E+02
       549  1.515133E+02
       550  4.423627E+01
       551  1.238325E+02
       552  2.362416E+02
       553  1.244360E+02
       554  2.369835E+02
       555  1.255156E+02
       556  2.384437E+02
       557  1.279982E+02
       558  2.400725E+02
       559  4.655907E+01
       560  8.715374E+01
       561  4.655907E+01
       562  8.715374E+01
       563  1.279982E+02
       564  2.400725E+02
       565  1.255156E+02
       566  2.384437E+02
       567  1.244360E+02
       568  2.369835E+02
       569  1.238325E+02
       570  2.362416E+02
       571  2.164235E+03
       572  1.221940E+03
       573  5.356344E+02
       574  1.437797E+02
       575  4.166511E+01
       576  2.164235E+03
       577  1.221940E+03
       578  5.356344E+02
       579  1.437797E+02
       580  4.166511E+01
       581  1.141984E+02
       582  2.212183E+02
       583  1.147975E+02
       584  2.219361E+02
       585  1.158698E+02
       586  2.233735E+02
       587  1.184124E+02
       588  2.249562E+02
       589  4.305817E+01
       590  8.161780E+01
       591  4.305817E+01
       592  8.161780E+01
       593  1.184124E+02
       594  2.249562E+02
       595  1.158698E+02
       596  2.233735E+02
       597  1.147975E+02
       598  2.219361E+02
       599  1.141984E+02
       600  2.212183E+02
       601  1.999123E+03
       602  1.126040E+03
       603  4.971339E+02
       604  1.360268E+02
       605  3.924128E+01
       606  1.999123E+03
       607  1.126040E+03
       608  4.971339E+02
       609  1.360268E+02
       610  3.924128E+01
       611  1.049575E+02
       612  2.064945E+02
       613  1.055475E+02
       614  2.071681E+02
       615  1.066012E+02
       616  2.085455E+02
       617  1.091634E+02
       618  2.100208E+02
       619  3.966928E+01
       620  7.613486E+01
       621  3.966928E+01
       622  7.613486E+01
       623  1.091634E+02
       624  2.100208E+02
       625  1.066012E+02
       626  2.085455E+02
       627  1.055475E+02
       628  2.071681E+02
       629  1.049575E+02
       630  2.064945E+02
       631  1.830727E+03
       632  1.031905E+03
       633  4.601618E+02
       634  1.283263E+02
       635  3.690388E+01
       636  1.830727E+03
       637  1.031905E+03
       638  4.601618E+02
       639  1.283263E+02
       640  3.690388E+01
       641  9.611066E+01
       642  1.921282E+02
       643  9.669631E+01
       644  1.927702E+02
       645  9.773868E+01
       646  1.941033E+02
       647  1.003171E+02
       648  1.954875E+02
       649  3.642588E+01
       650  7.080431E+01
       651  3.642588E+01
       652  7.080431E+01
       653  1.003171E+02
       654  1.954875E+02
       655  9.773868E+01
       656  1.941033E+02
       657  9.669631E+01
       658  1.927702E+02
       659  9.611066E+01
       660  1.921282E+02
       661  1.681762E+03
       662  9.481137E+02
       663  4.252282E+02
       664  1.207255E+02
       665  3.471760E+01
       666  1.681762E+03
       667  9.481137E+02
       668  4.252282E+02
       669  1.207255E+02
       670  3.471760E+01
       671  8.766003E+01
       672  1.781698E+02
       673  8.824949E+01
       674  1.788104E+02
       675  8.929719E+01
       676  1.801540E+02
       677  9.193568E+01
       678  1.815398E+02
       679  3.336516E+01
       680  6.571014E+01
       681  3.336516E+01
       682  6.571014E+01
       683  9.193568E+01
       684  1.815398E+02
       685  8.929719E+01
       686  1.801540E+02
       687  8.824949E+01
       688  1.788104E+02
       689  8.766003E+01
       690  1.781698E+02
       691  1.550902E+03
       692  8.729571E+02
       693  3.925611E+02
       694  1.135194E+02
       695  3.282263E+01
       696  1.550902E+03
       697  8.729571E+02
       698  3.925611E+02
       699  1.135194E+02
       700  3.282263E+01
       701  7.961127E+01
       702  1.646580E+02
       703  8.021015E+01
       704  1.653131E+02
       705  8.127380E+01
       706  1.666998E+02
       707  8.401283E+01
       708  1.681441E+02
       709  3.048478E+01
       710  6.082860E+01
       711  3.048478E+01
       712  6.082860E+01
       713  8.401283E+01
       714  1.681441E+02
       715  8.127380E+01
       716  1.666998E+02
       717  8.021015E+01
       718  1.653131E+02
       719  7.961127E+01
       720  1.646580E+02
       721  1.419890E+03
       722  7.988521E+02
       723  3.618446E+02
       724  1.068899E+02
       725  3.120812E+01
       726  1.419890E+03
       727  7.988521E+02
       728  3.618446E+02
       729  1.068899E+02
       730  3.120812E+01
       731  7.196825E+01
       732  1.516144E+02
       733  7.258023E+01
       734  1.522785E+02
       735  7.366247E+01
       736  1.536925E+02
       737  7.649499E+01
       738  1.551533E+02
       739  2.774855E+01
       740  5.608064E+01
       741  2.774855E+01
       742  5.608064E+01
       743  7.649499E+01
       744  1.551533E+02
       745  7.366247E+01
       746  1.536925E+02
       747  7.258023E+01
       748  1.522785E+02
       749  7.196825E+01
       750  1.516144E+02
       751  1.284750E+03
       752  7.265988E+02
       753  3.326824E+02
       754  1.005981E+02
       755  2.971162E+01
       756  1.284750E+03
       757  7.265988E+02
       758  3.326824E+02
       759  1.005981E+02
       760  2.971162E+01
       761  6.472710E+01
       762  1.390390E+02
       763  6.535839E+01
       764  1.397108E+02
       765  6.646582E+01
       766  1.411389E+02
       767  6.936979E+01
       768  1.425702E+02
       769  2.514390E+01
       770  5.146819E+01
       771  2.514390E+01
       772  5.146819E+01
       773  6.936979E+01
       774  1.425702E+02
       775  6.646582E+01
       776  1.411389E+02
       777  6.535839E+01
       778  1.397108E+02
       779  6.472710E+01
       780  1.390390E+02
       781  1.157904E+03
       782  6.598075E+02
       783  3.048830E+02
       784  9.432220E+01
       785  2.827218E+01
       786  1.157904E+03
       787  6.598075E+02
       788  3.048830E+02
       789  9.432220E+01
       790  2.827218E+01
       791  5.787746E+01
       792  1.269129E+02
       793  5.853792E+01
       794  1.276165E+02
       795  5.968780E+01
       796  1.290981E+02
       797  6.268559E+01
       798  1.305540E+02
       799  2.270109E+01
       800  4.707464E+01
       801  2.270109E+01
       802  4.707464E+01
       803  6.268559E+01
       804  1.305540E+02
       805  5.968780E+01
       806  1.290981E+02
       807  5.853792E+01
       808  1.276165E+02
       809  5.787746E+01
       810  1.269129E+02
       811  1.055630E+03
       812  5.997126E+02
       813  2.786525E+02
       814  8.822392E+01
       815  2.704559E+01
       816  1.055630E+03
       817  5.997126E+02
       818  2.786525E+02
       819  8.822392E+01
       820  2.704559E+01
       821  5.140898E+01
       822  1.152087E+02
       823  5.210816E+01
       824  1.159816E+02
       825  5.332050E+01
       826  1.175837E+02
       827  5.647537E+01
       828  1.191683E+02
       829  2.044596E+01
       830  4.293126E+01
       831  2.044596E+01
       832  4.293126E+01
       833  5.647537E+01
       834  1.191683E+02
       835  5.332050E+01
       836  1.175837E+02
       837  5.210816E+01
       838  1.159816E+02
       839  5.140898E+01
       840  1.152087E+02
       841  9.535097E+02
       842  5.430411E+02
       843  2.540554E+02
       844  8.254067E+01
       845  2.615079E+01
       846  9.535097E+02
       847  5.430411E+02
       848  2.540554E+02
       849  8.254067E+01
       850  2.615079E+01
       851  4.531464E+01
       852  1.038986E+02
       853  4.605747E+01
       854  1.047646E+02
       855  4.734411E+01
       856  1.065256E+02
       857  5.070785E+01
       858  1.082833E+02
       859  1.836261E+01
       860  3.897122E+01
       861  1.836261E+01
       862  3.897122E+01
       863  5.070785E+01
       864  1.082833E+02
       865  4.734411E+01
       866  1.065256E+02
       867  4.605747E+01
       868  1.047646E+02
       869  4.531464E+01
       870  1.038986E+02
       871  8.526216E+02
       872  4.875807E+02
       873  2.303391E+02
       874  7.711153E+01
       875  2.552943E+01
       876  8.526216E+02
       877  4.875807E+02
       878  2.303391E+02
       879  7.711153E+01
       880  2.552943E+01
       881  3.958827E+01
       882  9.296303E+01
       883  4.037492E+01
       884  9.392118E+01
       885  4.173836E+01
       886  9.583783E+01
       887  4.533099E+01
       888  9.774462E+01
       889  1.642038E+01
       890  3.512114E+01
       891  1.642038E+01
       892  3.512114E+01
       893  4.533099E+01
       894  9.774462E+01
       895  4.173836E+01
       896  9.583783E+01
       897  4.037492E+01
       898  9.392118E+01
       899  3.958827E+01
       900  9.296303E+01
       901  7.548074E+02
       902  4.334778E+02
       903  2.070468E+02
       904  7.170484E+01
       905  2.508292E+01
       906  7.548074E+02
       907  4.334778E+02
       908  2.070468E+02
       909  7.170484E+01
       910  2.508292E+01
       911  3.422163E+01
       912  8.240313E+01
       913  3.505175E+01
       914  8.343555E+01
       915  3.649224E+01
       916  8.548687E+01
       917  4.032242E+01
       918  8.750572E+01
       919  1.460719E+01
       920  3.136343E+01
       921  1.460719E+01
       922  3.136343E+01
       923  4.032242E+01
       924  8.750572E+01
       925  3.649224E+01
       926  8.548687E+01
       927  3.505175E+01
       928  8.343555E+01
       929  3.422163E+01
       930  8.240313E+01
       931  6.604620E+02
       932  3.809912E+02
       933  1.842148E+02
       934  6.626823E+01
       935  2.476947E+01
       936  6.604620E+02
       937  3.809912E+02
       938  1.842148E+02
       939  6.626823E+01
       940  2.476947E+01
       941  2.920575E+01
       942  7.225698E+01
       943  3.008377E+01
       944  7.333559E+01
       945  3.160664E+01
       946  7.549763E+01
       947  3.569087E+01
       948  7.760530E+01
       949  1.292781E+01
       950  2.771725E+01
       951  1.292781E+01
       952  2.771725E+01
       953  3.569087E+01
       954  7.760530E+01
       955  3.160664E+01
       956  7.549763E+01
       957  3.008377E+01
       958  7.333559E+01
       959  2.920575E+01
       960  7.225698E+01
       961  5.699435E+02
       962  3.303413E+02
       963  1.619582E+02
       964  6.084511E+01
       965  2.459344E+01
       966  5.699435E+02
       967  3.303413E+02
       968  1.619582E+02
       969  6.084511E+01
       970  2.459344E+01
       971  2.453637E+01
       972  6.260935E+01
       973  2.547523E+01
       974  6.368894E+01
       975  2.709363E+01
       976  6.592784E+01
       977  3.146061E+01
       978  6.810751E+01
       979  1.139124E+01
       980  2.420820E+01
       981  1.139124E+01
       982  2.420820E+01
       983  3.146061E+01
       984  6.810751E+01
       985  2.709363E+01
       986  6.592784E+01
       987  2.547523E+01
       988  6.368894E+01
       989  2.453637E+01
       990  6.260935E+01
       991  4.835746E+02
       992  2.817536E+02
       993  1.404164E+02
       994  5.550697E+01
       995  2.458044E+01
       996  4.835746E+02
       997  2.817536E+02
       998  1.404164E+02
       999  5.550697E+01
      1000  2.458044E+01
      1001  2.022259E+01
      1002  5.359110E+01
      1003  2.124547E+01
      1004  5.459159E+01
      1005  2.297843E+01
      1006  5.684547E+01
      1007  2.766499E+01
      1008  5.907252E+01
      1009  1.000479E+01
      1010  2.085742E+01
      1011  1.000479E+01
      1012  2.085742E+01
      1013  2.766499E+01
      1014  5.907252E+01
      1015  2.297843E+01
      1016  5.684547E+01
      1017  2.124547E+01
      1018  5.459159E+01
      1019  2.022259E+01
      1020  5.359110E+01
      1021  4.017017E+02
      1022  2.354741E+02
      1023  1.197517E+02
      1024  5.034591E+01
      1025  2.476965E+01
      1026  4.017017E+02
      1027  2.354741E+02
      1028  1.197517E+02
      1029  5.034591E+01
      1030  2.476965E+01
      1031  1.630289E+01
      1032  4.537014E+01
      1033  1.744323E+01
      1034  4.615489E+01
      1035  1.930812E+01
      1036  4.831352E+01
      1037  2.434900E+01
      1038  5.054481E+01
      1039  8.772756E+00
      1040  1.767928E+01
      1041  8.772756E+00
      1042  1.767928E+01
      1043  2.434900E+01
      1044  5.054481E+01
      1045  1.930812E+01
      1046  4.831352E+01
      1047  1.744323E+01
      1048  4.615489E+01
      1049  1.630289E+01
      1050  4.537014E+01
      1051  3.247147E+02
      1052  1.917902E+02
      1053  1.001589E+02
      1054  4.547538E+01
      1055  2.520940E+01
      1056  3.247147E+02
      1057  1.917902E+02
      1058  1.001589E+02
      1059  4.547538E+01
      1060  2.520940E+01
      1061  1.287908E+01
      1062  3.813801E+01
      1063  1.417777E+01
      1064  3.849344E+01
      1065  1.617207E+01
      1066  4.037716E+01
      1067  2.157753E+01
      1068  4.254193E+01
      1069  7.695155E+00
      1070  1.467877E+01
      1071  7.695155E+00
      1072  1.467877E+01
      1073  2.157753E+01
      1074  4.254193E+01
      1075  1.617207E+01
      1076  4.037716E+01
      1077  1.417777E+01
      1078  3.849344E+01
      1079  1.287908E+01
      1080  3.813801E+01
      1081  2.530927E+02
      1082  1.510686E+02
      1083  8.189310E+01
      1084  4.103296E+01
      1085  2.594249E+01
      1086  2.530927E+02
      1087  1.510686E+02
      1088  8.189310E+01
      1089  4.103296E+01
      1090  2.594249E+01
      1091  1.018502E+01
      1092  3.209794E+01
      1093  1.168123E+01
      1094  3.172443E+01
      1095  1.374398E+01
      1096  3.306379E+01
      1097  1.945649E+01
      1098  3.505236E+01
      1099  6.765220E+00
      1100  1.185298E+01
      1101  6.765220E+00
      1102  1.185298E+01
      1103  1.945649E+01
      1104  3.505236E+01
      1105  1.374398E+01
      1106  3.306379E+01
      1107  1.168123E+01
      1108  3.172443E+01
      1109  1.018502E+01
      1110  3.209794E+01
      1111  1.874507E+02
      1112  1.138234E+02
      1113  6.532453E+01
      1114  3.718856E+01
      1115  2.696607E+01
      1116  1.874507E+02
      1117  1.138234E+02
      1118  6.532453E+01
      1119  3.718856E+01
      1120  2.696607E+01
      1121  8.692715E+00
      1122  2.746256E+01
      1123  1.041378E+01
      1124  2.600770E+01
      1125  1.236500E+01
      1126  2.643975E+01
      1127  1.819888E+01
      1128  2.809031E+01
      1129  5.968000E+00
      1130  9.218150E+00
      1131  5.968000E+00
      1132  9.218150E+00
      1133  1.819888E+01
      1134  2.809031E+01
      1135  1.236500E+01
      1136  2.643975E+01
      1137  1.041378E+01
      1138  2.600770E+01
      1139  8.692715E+00
      1140  2.746256E+01
      1141  1.285721E+02
      1142  8.081029E+01
      1143  5.099621E+01
      1144  3.412278E+01
      1145  2.818119E+01
      1146  1.285721E+02
      1147  8.081029E+01
      1148  5.099621E+01
      1149  3.412278E+01
      1150  2.818119E+01
      1151  9.192467E+00
      1152  2.440238E+01
      1153  1.116254E+01
      1154  2.165035E+01
      1155  1.267461E+01
      1156  2.081597E+01
      1157  1.830623E+01
      1158  2.195998E+01
      1159  5.279676E+00
      1160  6.942178E+00
      1161  5.279676E+00
      1162  6.942178E+00
      1163  1.830623E+01
      1164  2.195998E+01
      1165  1.267461E+01
      1166  2.081597E+01
      1167  1.116254E+01
      1168  2.165035E+01
      1169  9.192467E+00
      1170  2.440238E+01
      1171  7.762958E+01
      1172  5.307470E+01
      1173  3.956696E+01
      1174  3.188612E+01
      1175  2.936268E+01
      1176  7.762958E+01
      1177  5.307470E+01
      1178  3.956696E+01
      1179  3.188612E+01
      1180  2.936268E+01
      1181  1.238246E+01
      1182  2.283090E+01
      1183  1.479597E+01
      1184  1.916718E+01
      1185  1.573681E+01
      1186  1.716650E+01
      1187  2.114202E+01
      1188  1.790169E+01
      1189  4.752582E+00
      1190  5.699550E+00
      1191  4.752582E+00
      1192  5.699550E+00
      1193  2.114202E+01
      1194  1.790169E+01
      1195  1.573681E+01
      1196  1.716650E+01
      1197  1.479597E+01
      1198  1.916718E+01
      1199  1.238246E+01
      1200  2.283090E+01
      1201  3.711246E+01
      1202  3.201805E+01
      1203  3.135211E+01
      1204  3.067899E+01
      1205  3.106425E+01
      1206  3.711246E+01
      1207  3.201805E+01
      1208  3.135211E+01
      1209  3.067899E+01
      1210  3.106425E+01
      1211  1.731047E+01
      1212  2.152430E+01
      1213  2.098499E+01
      1214  1.856167E+01
      1215  2.273944E+01
      1216  1.756075E+01
      1217  3.057589E+01
      1218  2.020717E+01
      1219  4.641084E+00
      1220  8.015241E+00
      1221  4.641084E+00
      1222  8.015241E+00
      1223  3.057589E+01
      1224  2.020717E+01
      1225  2.273944E+01
      1226  1.756075E+01
      1227  2.098499E+01
      1228  1.856167E+01
      1229  1.731047E+01
      1230  2.152430E+01
      1231  1.082537E+01
      1232  1.657482E+01
      1233  2.380765E+01
      1234  3.043317E+01
      1235  4.095616E+01
      1236  1.082537E+01
      1237  1.657482E+01
      1238  2.380765E+01
      1239  3.043317E+01
      1240  4.095616E+01
      1241  2.037372E+01
      1242  1.898438E+01
      1243  2.612527E+01
      1244  1.851651E+01
      1245  3.454049E+01
      1246  2.393184E+01
      1247  6.316681E+01
      1248  4.458766E+01
      1249  7.280162E+00
      1250  2.652889E+01
      1251  7.280162E+00
      1252  2.652889E+01
      1253  6.316681E+01
      1254  4.458766E+01
      1255  3.454049E+01
      1256  2.393184E+01
      1257  2.612527E+01
      1258  1.851651E+01
      1259  2.037372E+01
      1260  1.898438E+01
      1261  4.934115E-01
      1262  2.209968E+00
      1263  6.418878E+00
      1264  1.554555E+01
      1265  4.083962E+01
      1266  4.934115E-01
      1267  2.209968E+00
      1268  6.418878E+00
      1269  1.554555E+01
      1270  4.083962E+01
      1271  1.155355E+01
      1272  1.490208E+01
      1273  1.673049E+01
      1274  1.511600E+01
      1275  2.875037E+01
      1276  3.122495E+01
      1277  9.678778E+01
      1278  9.355682E+01
      1279  1.116677E+01
      1280  7.231320E+01
      1281  1.116677E+01
      1282  7.231320E+01
      1283  9.678778E+01
      1284  9.355682E+01
      1285  2.875037E+01
      1286  3.122495E+01
      1287  1.673049E+01
      1288  1.511600E+01
      1289  1.155355E+01
      1290  1.490208E+01

                        S T E P       2


                                INCREMENT     1


 displacements (vx,vy,vz) for set TIP_TOP and time  0.1050000E+01

      2087  6.194645E-01 -2.295730E-02 -2.102598E+01
      2088  6.198873E-01 -2.268623E-02 -2.097487E+01
      2091  6.192415E-01 -2.208281E-02 -2.092397E+01
      2094  6.189677E-01 -1.808058E-02 -2.087675E+01
      2096  6.192557E-01 -7.222654E-03 -2.084612E+01
      2098  6.191464E-01  4.202314E-14 -2.084425E+01
      2100  6.192557E-01  7.222654E-03 -2.084612E+01
      2103  6.189677E-01  1.808058E-02 -2.087675E+01
      2106  6.192415E-01  2.208281E-02 -2.092397E+01
      2109  6.198873E-01  2.268623E-02 -2.097487E+01
      2112  6.194645E-01  2.295730E-02 -2.102598E+01

 forces (fx,fy,fz) for set CLAMP and time  0.1050000E+01

         1  2.895991E+04  3.249579E+04  1.179954E+04
         4  5.102586E+04 -1.973148E-09  2.354545E+04
         5  4.351524E+04  5.433246E+04  3.651042E+03
         8  7.579430E+04 -7.802908E-09  7.467375E+03
         9  3.173063E+04  4.095305E+04 -2.307138E+02
        12  5.540293E+04  3.877333E-10 -3.825817E+02
        13  1.761790E+04  2.245647E+04 -2.882281E+03
        16  3.078477E+04  7.407566E-11 -5.687305E+03
        17  2.158042E+03  2.251820E+03 -3.459956E+03
        20  3.671602E+03 -2.229825E-10 -6.860003E+03
        21 -9.456806E+03 -6.104305E+03 -9.225469E+03
        24 -1.112367E+04  2.277033E-10 -3.871096E+03
        26  2.895991E+04 -3.249579E+04  1.179954E+04
        28  4.351524E+04 -5.433246E+04  3.651042E+03
        30  3.173063E+04 -4.095305E+04 -2.307138E+02
        32  1.761790E+04 -2.245647E+04 -2.882281E+03
        34  2.158042E+03 -2.251820E+03 -3.459956E+03
        36 -9.456806E+03  6.104305E+03 -9.225469E+03
        37 -6.517390E+03 -3.992782E+03 -9.075382E+03
        40 -7.823449E+03 -1.248195E+03 -1.576039E+04
        41 -1.647211E+04 -9.155138E+03 -2.423555E+03
        44 -2.361511E+04 -2.710736E+03 -4.681776E+03
        45 -1.152723E+04 -5.183064E+03  1.093430E+04
        48 -1.893734E+04 -1.466093E+03  1.995764E+04
        50 -6.778859E+03 -1.177555E+03 -1.450102E+04
        52 -2.238399E+04 -2.422705E+03 -4.692544E+03
        54 -1.885005E+04 -1.245860E+03  1.900026E+04
        56 -6.772812E+03 -8.303031E+02 -1.439921E+04
        58 -2.243657E+04 -1.585703E+03 -4.603722E+03
        60 -1.900019E+04 -7.678847E+02  1.894940E+04
        62 -1.550963E+04 -5.729527E+02 -2.935968E+03
        64 -1.304853E+04 -2.525946E+02  1.303642E+04
        66 -8.294298E+03  5.085174E-11 -1.525498E+03
        68 -6.964869E+03 -2.750652E-09  6.984637E+03
        70 -1.550963E+04  5.729527E+02 -2.935968E+03
        72 -1.304853E+04  2.525946E+02  1.303642E+04
        74 -6.772812E+03  8.303031E+02 -1.439921E+04
        76 -2.243657E+04  1.585703E+03 -4.603722E+03
        78 -1.900019E+04  7.678847E+02  1.894940E+04
        80 -6.778859E+03  1.177555E+03 -1.450102E+04
        82 -2.238399E+04  2.422705E+03 -4.692544E+03
        84 -1.885005E+04  1.245860E+03  1.900026E+04
        86 -7.823449E+03  1.248195E+03 -1.576039E+04
        88 -2.361511E+04  2.710736E+03 -4.681776E+03
        90 -1.893734E+04  1.466093E+03  1.995764E+04
        92 -6.517390E+03  3.992782E+03 -9.075382E+03
        94 -1.647211E+04  9.155138E+03 -2.423555E+03
        96 -1.152723E+04  5.183064E+03  1.093430E+04

 internal energy (element, energy) for set EALL and time  0.1050000E+01

         1  2.630105E+03
         2  1.375866E+03
         3  5.859341E+02
         4  1.117016E+02
         5  6.490020E+01
         6  2.630105E+03
         7  1.375866E+03
         8  5.859341E+02
         9  1.117016E+02
        10  6.490020E+01
        11  2.267597E+02
        12  3.480318E+02
        13  1.836344E+02
        14  2.983344E+02
        15  1.730401E+02
        16  2.875903E+02
        17  1.745947E+02
        18  2.873498E+02
        19  6.413398E+01
        20  1.052270E+02
        21  6.413398E+01
        22  1.052270E+02
        23  1.745947E+02
        24  2.873498E+02
        25  1.730401E+02
        26  2.875903E+02
        27  1.836344E+02
        28  2.983344E+02
        29  2.267597E+02
        30  3.480318E+02
        31  4.203417E+03
        32  2.356001E+03
        33  8.879478E+02
        34  1.738220E+02
        35  1.100655E+02
        36  4.203417E+03
        37  2.356001E+03
        38  8.879478E+02
        39  1.738220E+02
        40  1.100655E+02
        41  2.469372E+02
        42  3.770855E+02
        43  2.661058E+02
        44  4.002962E+02
        45  2.642333E+02
        46  3.989113E+02
        47  2.658148E+02
        48  4.022520E+02
        49  9.705030E+01
        50  1.473660E+02
        51  9.705030E+01
        52  1.473660E+02
        53  2.658148E+02
        54  4.022520E+02
        55  2.642333E+02
        56  3.989113E+02
        57  2.661058E+02
        58  4.002962E+02
        59  2.469372E+02
        60  3.770855E+02
        61  4.386781E+03
        62  2.485797E+03
        63  9.985158E+02
        64  2.033741E+02
        65  1.213130E+02
        66  4.386781E+03
        67  2.485797E+03
        68  9.985158E+02
        69  2.033741E+02
        70  1.213130E+02
        71  2.569469E+02
        72  3.943879E+02
        73  2.743540E+02
        74  4.171849E+02
        75  2.849183E+02
        76  4.327033E+02
        77  2.884451E+02
        78  4.400148E+02
        79  1.046388E+02
        80  1.607427E+02
        81  1.046388E+02
        82  1.607427E+02
        83  2.884451E+02
        84  4.400148E+02
        85  2.849183E+02
        86  4.327033E+02
        87  2.743540E+02
        88  4.171849E+02
        89  2.569469E+02
        90  3.943879E+02
        91  4.348004E+03
        92  2.427091E+03
        93  9.877070E+02
        94  2.075558E+02
        95  1.126786E+02
        96  4.348004E+03
        97  2.427091E+03
        98  9.877070E+02
        99  2.075558E+02
       100  1.126786E+02
       101  2.616171E+02
       102  4.082910E+02
       103  2.671331E+02
       104  4.160848E+02
       105  2.732330E+02
       106  4.243355E+02
       107  2.773602E+02
       108  4.289694E+02
       109  1.010310E+02
       110  1.562231E+02
       111  1.010310E+02
       112  1.562231E+02
       113  2.773602E+02
       114  4.289694E+02
       115  2.732330E+02
       116  4.243355E+02
       117  2.671331E+02
       118  4.160848E+02
       119  2.616171E+02
       120  4.082910E+02
       121  4.251661E+03
       122  2.365775E+03
       123  9.558221E+02
       124  2.028270E+02
       125  1.019994E+02
       126  4.251661E+03
       127  2.365775E+03
       128  9.558221E+02
       129  2.028270E+02
       130  1.019994E+02
       131  2.529516E+02
       132  4.032470E+02
       133  2.544389E+02
       134  4.043239E+02
       135  2.567322E+02
       136  4.061217E+02
       137  2.591330E+02
       138  4.076376E+02
       139  9.445847E+01
       140  1.483146E+02
       141  9.445847E+01
       142  1.483146E+02
       143  2.591330E+02
       144  4.076376E+02
       145  2.567322E+02
       146  4.061217E+02
       147  2.544389E+02
       148  4.043239E+02
       149  2.529516E+02
       150  4.032470E+02
       151  4.117400E+03
       152  2.296904E+03
       153  9.309052E+02
       154  1.999077E+02
       155  9.385583E+01
       156  4.117400E+03
       157  2.296904E+03
       158  9.309052E+02
       159  1.999077E+02
       160  9.385583E+01
       161  2.420717E+02
       162  3.903976E+02
       163  2.425165E+02
       164  3.898155E+02
       165  2.435956E+02
       166  3.899517E+02
       167  2.452046E+02
       168  3.906207E+02
       169  8.932388E+01
       170  1.420414E+02
       171  8.932388E+01
       172  1.420414E+02
       173  2.452046E+02
       174  3.906207E+02
       175  2.435956E+02
       176  3.899517E+02
       177  2.425165E+02
       178  3.898155E+02
       179  2.420717E+02
       180  3.903976E+02
       181  3.963999E+03
       182  2.217125E+03
       183  9.044508E+02
       184  1.975672E+02
       185  8.709269E+01
       186  3.963999E+03
       187  2.217125E+03
       188  9.044508E+02
       189  1.975672E+02
       190  8.709269E+01
       191  2.301899E+02
       192  3.748869E+02
       193  2.305562E+02
       194  3.745628E+02
       195  2.313565E+02
       196  3.747952E+02
       197  2.328138E+02
       198  3.755626E+02
       199  8.479006E+01
       200  1.365755E+02
       201  8.479006E+01
       202  1.365755E+02
       203  2.328138E+02
       204  3.755626E+02
       205  2.313565E+02
       206  3.747952E+02
       207  2.305562E+02
       208  3.745628E+02
       209  2.301899E+02
       210  3.748869E+02
       211  3.805436E+03
       212  2.133188E+03
       213  8.757941E+02
       214  1.946708E+02
       215  8.100911E+01
       216  3.805436E+03
       217  2.133188E+03
       218  8.757941E+02
       219  1.946708E+02
       220  8.100911E+01
       221  2.183610E+02
       222  3.592129E+02
       223  2.187777E+02
       224  3.593311E+02
       225  2.195642E+02
       226  3.599397E+02
       227  2.210266E+02
       228  3.609225E+02
       229  8.048183E+01
       230  1.312623E+02
       231  8.048183E+01
       232  1.312623E+02
       233  2.210266E+02
       234  3.609225E+02
       235  2.195642E+02
       236  3.599397E+02
       237  2.187777E+02
       238  3.593311E+02
       239  2.183610E+02
       240  3.592129E+02
       241  3.645137E+03
       242  2.046470E+03
       243  8.451721E+02
       244  1.910246E+02
       245  7.539727E+01
       246  3.645137E+03
       247  2.046470E+03
       248  8.451721E+02
       249  1.910246E+02
       250  7.539727E+01
       251  2.067452E+02
       252  3.439236E+02
       253  2.071908E+02
       254  3.443066E+02
       255  2.079935E+02
       256  3.451740E+02
       257  2.094966E+02
       258  3.463092E+02
       259  7.627257E+01
       260  1.259500E+02
       261  7.627257E+01
       262  1.259500E+02
       263  2.094966E+02
       264  3.463092E+02
       265  2.079935E+02
       266  3.451740E+02
       267  2.071908E+02
       268  3.443066E+02
       269  2.067452E+02
       270  3.439236E+02
       271  3.482890E+03
       272  1.956984E+03
       273  8.128068E+02
       274  1.866819E+02
       275  7.019881E+01
       276  3.482890E+03
       277  1.956984E+03
       278  8.128068E+02
       279  1.866819E+02
       280  7.019881E+01
       281  1.953786E+02
       282  3.289710E+02
       283  1.958305E+02
       284  3.294781E+02
       285  1.966435E+02
       286  3.304836E+02
       287  1.981987E+02
       288  3.317092E+02
       289  7.215307E+01
       290  1.206364E+02
       291  7.215307E+01
       292  1.206364E+02
       293  1.981987E+02
       294  3.317092E+02
       295  1.966435E+02
       296  3.304836E+02
       297  1.958305E+02
       298  3.294781E+02
       299  1.953786E+02
       300  3.289710E+02
       301  3.318603E+03
       302  1.864968E+03
       303  7.788559E+02
       304  1.817032E+02
       305  6.539095E+01
       306  3.318603E+03
       307  1.864968E+03
       308  7.788559E+02
       309  1.817032E+02
       310  6.539095E+01
       311  1.842691E+02
       312  3.142428E+02
       313  1.847190E+02
       314  3.147971E+02
       315  1.855354E+02
       316  3.158648E+02
       317  1.871447E+02
       318  3.171339E+02
       319  6.812421E+01
       320  1.153253E+02
       321  6.812421E+01
       322  1.153253E+02
       323  1.871447E+02
       324  3.171339E+02
       325  1.855354E+02
       326  3.158648E+02
       327  1.847190E+02
       328  3.147971E+02
       329  1.842691E+02
       330  3.142428E+02
       331  3.152172E+03
       332  1.770601E+03
       333  7.434721E+02
       334  1.761497E+02
       335  6.094374E+01
       336  3.152172E+03
       337  1.770601E+03
       338  7.434721E+02
       339  1.761497E+02
       340  6.094374E+01
       341  1.734348E+02
       342  2.996782E+02
       343  1.738794E+02
       344  3.002339E+02
       345  1.746917E+02
       346  3.013104E+02
       347  1.763438E+02
       348  3.025769E+02
       349  6.418505E+01
       350  1.100123E+02
       351  6.418505E+01
       352  1.100123E+02
       353  1.763438E+02
       354  3.025769E+02
       355  1.746917E+02
       356  3.013104E+02
       357  1.738794E+02
       358  3.002339E+02
       359  1.734348E+02
       360  2.996782E+02
       361  2.982746E+03
       362  1.673732E+03
       363  7.069029E+02
       364  1.701495E+02
       365  5.681279E+01
       366  2.982746E+03
       367  1.673732E+03
       368  7.069029E+02
       369  1.701495E+02
       370  5.681279E+01
       371  1.628942E+02
       372  2.852718E+02
       373  1.633330E+02
       374  2.858022E+02
       375  1.641363E+02
       376  2.868503E+02
       377  1.658120E+02
       378  2.880689E+02
       379  6.033827E+01
       380  1.047077E+02
       381  6.033827E+01
       382  1.047077E+02
       383  1.658120E+02
       384  2.880689E+02
       385  1.641363E+02
       386  2.868503E+02
       387  1.633330E+02
       388  2.858022E+02
       389  1.628942E+02
       390  2.852718E+02
       391  2.811735E+03
       392  1.574734E+03
       393  6.698791E+02
       394  1.638976E+02
       395  5.295284E+01
       396  2.811735E+03
       397  1.574734E+03
       398  6.698791E+02
       399  1.638976E+02
       400  5.295284E+01
       401  1.526585E+02
       402  2.710458E+02
       403  1.530973E+02
       404  2.715503E+02
       405  1.538975E+02
       406  2.725668E+02
       407  1.555922E+02
       408  2.737274E+02
       409  5.660255E+01
       410  9.946145E+01
       411  5.660255E+01
       412  9.946145E+01
       413  1.555922E+02
       414  2.737274E+02
       415  1.538975E+02
       416  2.725668E+02
       417  1.530973E+02
       418  2.715503E+02
       419  1.526585E+02
       420  2.710458E+02
       421  2.647835E+03
       422  1.480599E+03
       423  6.338924E+02
       424  1.575106E+02
       425  4.936175E+01
       426  2.647835E+03
       427  1.480599E+03
       428  6.338924E+02
       429  1.575106E+02
       430  4.936175E+01
       431  1.427325E+02
       432  2.570232E+02
       433  1.431824E+02
       434  2.575281E+02
       435  1.439974E+02
       436  2.585524E+02
       437  1.457402E+02
       438  2.597069E+02
       439  5.300763E+01
       440  9.434395E+01
       441  5.300763E+01
       442  9.434395E+01
       443  1.457402E+02
       444  2.597069E+02
       445  1.439974E+02
       446  2.585524E+02
       447  1.431824E+02
       448  2.575281E+02
       449  1.427325E+02
       450  2.570232E+02
       451  2.494791E+03
       452  1.394276E+03
       453  5.995179E+02
       454  1.511236E+02
       455  4.609037E+01
       456  2.494791E+03
       457  1.394276E+03
       458  5.995179E+02
       459  1.511236E+02
       460  4.609037E+01
       461  1.331193E+02
       462  2.432121E+02
       463  1.335914E+02
       464  2.437518E+02
       465  1.344398E+02
       466  2.448360E+02
       467  1.362754E+02
       468  2.460566E+02
       469  4.956503E+01
       470  8.937620E+01
       471  4.956503E+01
       472  8.937620E+01
       473  1.362754E+02
       474  2.460566E+02
       475  1.344398E+02
       476  2.448360E+02
       477  1.335914E+02
       478  2.437518E+02
       479  1.331193E+02
       480  2.432121E+02
       481  2.345930E+03
       482  1.309774E+03
       483  5.657483E+02
       484  1.447667E+02
       485  4.315558E+01
       486  2.345930E+03
       487  1.309774E+03
       488  5.657483E+02
       489  1.447667E+02
       490  4.315558E+01
       491  1.238242E+02
       492  2.296047E+02
       493  1.243222E+02
       494  2.301967E+02
       495  1.252116E+02
       496  2.313654E+02
       497  1.271643E+02
       498  2.326803E+02
       499  4.625619E+01
       500  8.451169E+01
       501  4.625619E+01
       502  8.451169E+01
       503  1.271643E+02
       504  2.326803E+02
       505  1.252116E+02
       506  2.313654E+02
       507  1.243222E+02
       508  2.301967E+02
       509  1.238242E+02
       510  2.296047E+02
       511  2.197351E+03
       512  1.224961E+03
       513  5.317973E+02
       514  1.382698E+02
       515  4.051446E+01
       516  2.197351E+03
       517  1.224961E+03
       518  5.317973E+02
       519  1.382698E+02
       520  4.051446E+01
       521  1.148544E+02
       522  2.161879E+02
       523  1.153723E+02
       524  2.168227E+02
       525  1.162942E+02
       526  2.180615E+02
       527  1.183593E+02
       528  2.194493E+02
       529  4.305601E+01
       530  7.969255E+01
       531  4.305601E+01
       532  7.969255E+01
       533  1.183593E+02
       534  2.194493E+02
       535  1.162942E+02
       536  2.180615E+02
       537  1.153723E+02
       538  2.168227E+02
       539  1.148544E+02
       540  2.161879E+02
       541  2.049389E+03
       542  1.140221E+03
       543  4.975303E+02
       544  1.315197E+02
       545  3.811327E+01
       546  2.049389E+03
       547  1.140221E+03
       548  4.975303E+02
       549  1.315197E+02
       550  3.811327E+01
       551  1.062178E+02
       552  2.029618E+02
       553  1.067426E+02
       554  2.036085E+02
       555  1.076769E+02
       556  2.048755E+02
       557  1.098294E+02
       558  2.062862E+02
       559  3.994968E+01
       560  7.488604E+01
       561  3.994968E+01
       562  7.488604E+01
       563  1.098294E+02
       564  2.062862E+02
       565  1.076769E+02
       566  2.048755E+02
       567  1.067426E+02
       568  2.036085E+02
       569  1.062178E+02
       570  2.029618E+02
       571  1.902165E+03
       572  1.055662E+03
       573  4.630984E+02
       574  1.245815E+02
       575  3.590091E+01
       576  1.902165E+03
       577  1.055662E+03
       578  4.630984E+02
       579  1.245815E+02
       580  3.590091E+01
       581  9.792101E+01
       582  1.899532E+02
       583  9.844007E+01
       584  1.905757E+02
       585  9.936507E+01
       586  1.918182E+02
       587  1.015661E+02
       588  1.931832E+02
       589  3.693118E+01
       590  7.008630E+01
       591  3.693118E+01
       592  7.008630E+01
       593  1.015661E+02
       594  1.931832E+02
       595  9.936507E+01
       596  1.918182E+02
       597  9.844007E+01
       598  1.905757E+02
       599  9.792101E+01
       600  1.899532E+02
       601  1.749481E+03
       602  9.711382E+02
       603  4.290665E+02
       604  1.176445E+02
       605  3.380671E+01
       606  1.749481E+03
       607  9.711382E+02
       608  4.290665E+02
       609  1.176445E+02
       610  3.380671E+01
       611  8.996694E+01
       612  1.772103E+02
       613  9.047580E+01
       614  1.777901E+02
       615  9.138100E+01
       616  1.789734E+02
       617  9.359251E+01
       618  1.802359E+02
       619  3.400839E+01
       620  6.533151E+01
       621  3.400839E+01
       622  6.533151E+01
       623  9.359251E+01
       624  1.802359E+02
       625  9.138100E+01
       626  1.789734E+02
       627  9.047580E+01
       628  1.777901E+02
       629  8.996694E+01
       630  1.772103E+02
       631  1.593405E+03
       632  8.882432E+02
       633  3.964754E+02
       634  1.107752E+02
       635  3.177527E+01
       636  1.593405E+03
       637  8.882432E+02
       638  3.964754E+02
       639  1.107752E+02
       640  3.177527E+01
       641  8.235609E+01
       642  1.647867E+02
       643  8.285914E+01
       644  1.653356E+02
       645  8.375125E+01
       646  1.664742E+02
       647  8.596972E+01
       648  1.676493E+02
       649  3.121223E+01
       650  6.071369E+01
       651  3.121223E+01
       652  6.071369E+01
       653  8.596972E+01
       654  1.676493E+02
       655  8.375125E+01
       656  1.664742E+02
       657  8.285914E+01
       658  1.653356E+02
       659  8.235609E+01
       660  1.647867E+02
       661  1.457774E+03
       662  8.149307E+02
       663  3.657939E+02
       664  1.040164E+02
       665  2.986815E+01
       666  1.457774E+03
       667  8.149307E+02
       668  3.657939E+02
       669  1.040164E+02
       670  2.986815E+01
       671  7.509040E+01
       672  1.527290E+02
       673  7.559517E+01
       674  1.532747E+02
       675  7.648954E+01
       676  1.544192E+02
       677  7.875494E+01
       678  1.555927E+02
       679  2.857712E+01
       680  5.631051E+01
       681  2.857712E+01
       682  5.631051E+01
       683  7.875494E+01
       684  1.555927E+02
       685  7.648954E+01
       686  1.544192E+02
       687  7.559517E+01
       688  1.532747E+02
       689  7.509040E+01
       690  1.527290E+02
       691  1.341073E+03
       692  7.495964E+02
       693  3.372272E+02
       694  9.764116E+01
       695  2.821717E+01
       696  1.341073E+03
       697  7.495964E+02
       698  3.372272E+02
       699  9.764116E+01
       700  2.821717E+01
       701  6.817484E+01
       702  1.410723E+02
       703  6.868647E+01
       704  1.416296E+02
       705  6.959288E+01
       706  1.428102E+02
       707  7.194223E+01
       708  1.440347E+02
       709  2.610084E+01
       710  5.209974E+01
       711  2.610084E+01
       712  5.209974E+01
       713  7.194223E+01
       714  1.440347E+02
       715  6.959288E+01
       716  1.428102E+02
       717  6.868647E+01
       718  1.416296E+02
       719  6.817484E+01
       720  1.410723E+02
       721  1.224136E+03
       722  6.852013E+02
       723  3.104766E+02
       724  9.181648E+01
       725  2.681335E+01
       726  1.224136E+03
       727  6.852013E+02
       728  3.104766E+02
       729  9.181648E+01
       730  2.681335E+01
       731  6.161269E+01
       732  1.298364E+02
       733  6.213456E+01
       734  1.304000E+02
       735  6.305537E+01
       736  1.316018E+02
       737  6.548172E+01
       738  1.328383E+02
       739  2.374978E+01
       740  4.800798E+01
       741  2.374978E+01
       742  4.800798E+01
       743  6.548172E+01
       744  1.328383E+02
       745  6.305537E+01
       746  1.316018E+02
       747  6.213456E+01
       748  1.304000E+02
       749  6.161269E+01
       750  1.298364E+02
       751  1.103005E+03
       752  6.224789E+02
       753  2.851699E+02
       754  8.631916E+01
       755  2.550672E+01
       756  1.103005E+03
       757  6.224789E+02
       758  2.851699E+02
       759  8.631916E+01
       760  2.550672E+01
       761  5.540005E+01
       762  1.190205E+02
       763  5.593790E+01
       764  1.195890E+02
       765  5.687917E+01
       766  1.207994E+02
       767  5.936158E+01
       768  1.220052E+02
       769  2.151211E+01
       770  4.403673E+01
       771  2.151211E+01
       772  4.403673E+01
       773  5.936158E+01
       774  1.220052E+02
       775  5.687917E+01
       776  1.207994E+02
       777  5.593790E+01
       778  1.195890E+02
       779  5.540005E+01
       780  1.190205E+02
       781  9.904077E+02
       782  5.647619E+02
       783  2.611240E+02
       784  8.084951E+01
       785  2.424176E+01
       786  9.904077E+02
       787  5.647619E+02
       788  2.611240E+02
       789  8.084951E+01
       790  2.424176E+01
       791  4.952702E+01
       792  1.086066E+02
       793  5.008996E+01
       794  1.092018E+02
       795  5.106762E+01
       796  1.104569E+02
       797  5.362612E+01
       798  1.116818E+02
       799  1.941568E+01
       800  4.026271E+01
       801  1.941568E+01
       802  4.026271E+01
       803  5.362612E+01
       804  1.116818E+02
       805  5.106762E+01
       806  1.104569E+02
       807  5.008996E+01
       808  1.092018E+02
       809  4.952702E+01
       810  1.086066E+02
       811  9.031691E+02
       812  5.131777E+02
       813  2.385239E+02
       814  7.555599E+01
       815  2.316391E+01
       816  9.031691E+02
       817  5.131777E+02
       818  2.385239E+02
       819  7.555599E+01
       820  2.316391E+01
       821  4.398377E+01
       822  9.856793E+01
       823  4.458064E+01
       824  9.922435E+01
       825  4.561304E+01
       826  1.005853E+02
       827  4.830544E+01
       828  1.019253E+02
       829  1.748423E+01
       830  3.671434E+01
       831  1.748423E+01
       832  3.671434E+01
       833  4.830544E+01
       834  1.019253E+02
       835  4.561304E+01
       836  1.005853E+02
       837  4.458064E+01
       838  9.922435E+01
       839  4.398377E+01
       840  9.856793E+01
       841  8.158964E+02
       842  4.646865E+02
       843  2.174232E+02
       844  7.065671E+01
       845  2.238396E+01
       846  8.158964E+02
       847  4.646865E+02
       848  2.174232E+02
       849  7.065671E+01
       850  2.238396E+01
       851  3.876362E+01
       852  8.887780E+01
       853  3.939889E+01
       854  8.961680E+01
       855  4.049678E+01
       856  9.111845E+01
       857  4.337009E+01
       858  9.261409E+01
       859  1.570283E+01
       860  3.332924E+01
       861  1.570283E+01
       862  3.332924E+01
       863  4.337009E+01
       864  9.261409E+01
       865  4.049678E+01
       866  9.111845E+01
       867  3.939889E+01
       868  8.961680E+01
       869  3.876362E+01
       870  8.887780E+01
       871  7.295668E+02
       872  4.172297E+02
       873  1.971200E+02
       874  6.600076E+01
       875  2.184824E+01
       876  7.295668E+02
       877  4.172297E+02
       878  1.971200E+02
       879  6.600076E+01
       880  2.184824E+01
       881  3.386077E+01
       882  7.951574E+01
       883  3.453445E+01
       884  8.033601E+01
       885  3.569975E+01
       886  8.197468E+01
       887  3.877138E+01
       888  8.360329E+01
       889  1.404282E+01
       890  3.003883E+01
       891  1.404282E+01
       892  3.003883E+01
       893  3.877138E+01
       894  8.360329E+01
       895  3.569975E+01
       896  8.197468E+01
       897  3.453445E+01
       898  8.033601E+01
       899  3.386077E+01
       900  7.951574E+01
       901  6.458627E+02
       902  3.709300E+02
       903  1.771851E+02
       904  6.137148E+01
       905  2.146573E+01
       906  6.458627E+02
       907  3.709300E+02
       908  1.771851E+02
       909  6.137148E+01
       910  2.146573E+01
       911  2.926760E+01
       912  7.047953E+01
       913  2.997900E+01
       914  7.136452E+01
       915  3.121132E+01
       916  7.312031E+01
       917  3.448778E+01
       918  7.484729E+01
       919  1.249271E+01
       920  2.682597E+01
       921  1.249271E+01
       922  2.682597E+01
       923  3.448778E+01
       924  7.484729E+01
       925  3.121132E+01
       926  7.312031E+01
       927  2.997900E+01
       928  7.136452E+01
       929  2.926760E+01
       930  7.047953E+01
       931  5.651272E+02
       932  3.260132E+02
       933  1.576445E+02
       934  5.671752E+01
       935  2.119755E+01
       936  5.651272E+02
       937  3.260132E+02
       938  1.576445E+02
       939  5.671752E+01
       940  2.119755E+01
       941  2.497582E+01
       942  6.179932E+01
       943  2.572836E+01
       944  6.272399E+01
       945  2.703170E+01
       946  6.457504E+01
       947  3.052631E+01
       948  6.637881E+01
       949  1.105657E+01
       950  2.370736E+01
       951  1.105657E+01
       952  2.370736E+01
       953  3.052631E+01
       954  6.637881E+01
       955  2.703170E+01
       956  6.457504E+01
       957  2.572836E+01
       958  6.272399E+01
       959  2.497582E+01
       960  6.179932E+01
       961  4.876687E+02
       962  2.826689E+02
       963  1.385966E+02
       964  5.207522E+01
       965  2.104686E+01
       966  4.876687E+02
       967  2.826689E+02
       968  1.385966E+02
       969  5.207522E+01
       970  2.104686E+01
       971  2.098128E+01
       972  5.354628E+01
       973  2.178580E+01
       974  5.447146E+01
       975  2.317105E+01
       976  5.638817E+01
       977  2.690791E+01
       978  5.825373E+01
       979  9.742335E+00
       980  2.070556E+01
       981  9.742335E+00
       982  2.070556E+01
       983  2.690791E+01
       984  5.825373E+01
       985  2.317105E+01
       986  5.638817E+01
       987  2.178580E+01
       988  5.447146E+01
       989  2.098128E+01
       990  5.354628E+01
       991  4.137623E+02
       992  2.410899E+02
       993  1.201606E+02
       994  4.750579E+01
       995  2.103562E+01
       996  4.137623E+02
       997  2.410899E+02
       998  1.201606E+02
       999  4.750579E+01
      1000  2.103562E+01
      1001  1.729144E+01
      1002  4.583186E+01
      1003  1.816766E+01
      1004  4.668889E+01
      1005  1.965088E+01
      1006  4.861813E+01
      1007  2.366129E+01
      1008  5.052423E+01
      1009  8.556437E+00
      1010  1.783899E+01
      1011  8.556437E+00
      1012  1.783899E+01
      1013  2.366129E+01
      1014  5.052423E+01
      1015  1.965088E+01
      1016  4.861813E+01
      1017  1.816766E+01
      1018  4.668889E+01
      1019  1.729144E+01
      1020  4.583186E+01
      1021  3.437036E+02
      1022  2.014866E+02
      1023  1.024756E+02
      1024  4.308806E+01
      1025  2.119742E+01
      1026  3.437036E+02
      1027  2.014866E+02
      1028  1.024756E+02
      1029  4.308806E+01
      1030  2.119742E+01
      1031  1.393908E+01
      1032  3.879955E+01
      1033  1.491557E+01
      1034  3.947157E+01
      1035  1.651150E+01
      1036  4.131897E+01
      1037  2.082502E+01
      1038  4.322862E+01
      1039  7.502620E+00
      1040  1.512006E+01
      1041  7.502620E+00
      1042  1.512006E+01
      1043  2.082502E+01
      1044  4.322862E+01
      1045  1.651150E+01
      1046  4.131897E+01
      1047  1.491557E+01
      1048  3.947157E+01
      1049  1.393908E+01
      1050  3.879955E+01
      1051  2.778264E+02
      1052  1.641050E+02
      1053  8.570822E+01
      1054  3.891911E+01
      1055  2.157359E+01
      1056  2.778264E+02
      1057  1.641050E+02
      1058  8.570822E+01
      1059  3.891911E+01
      1060  2.157359E+01
      1061  1.101130E+01
      1062  3.261322E+01
      1063  1.212299E+01
      1064  3.291755E+01
      1065  1.382935E+01
      1066  3.452941E+01
      1067  1.845460E+01
      1068  3.638202E+01
      1069  6.580917E+00
      1070  1.255307E+01
      1071  6.580917E+00
      1072  1.255307E+01
      1073  1.845460E+01
      1074  3.638202E+01
      1075  1.382935E+01
      1076  3.452941E+01
      1077  1.212299E+01
      1078  3.291755E+01
      1079  1.101130E+01
      1080  3.261322E+01
      1081  2.165407E+02
      1082  1.292588E+02
      1083  7.007678E+01
      1084  3.511660E+01
      1085  2.220069E+01
      1086  2.165407E+02
      1087  1.292588E+02
      1088  7.007678E+01
      1089  3.511660E+01
      1090  2.220069E+01
      1091  8.708158E+00
      1092  2.744663E+01
      1093  9.988560E+00
      1094  2.712710E+01
      1095  1.175308E+01
      1096  2.827294E+01
      1097  1.664064E+01
      1098  2.997460E+01
      1099  5.785548E+00
      1100  1.013553E+01
      1101  5.785548E+00
      1102  1.013553E+01
      1103  1.664064E+01
      1104  2.997460E+01
      1105  1.175308E+01
      1106  2.827294E+01
      1107  9.988560E+00
      1108  2.712710E+01
      1109  8.708158E+00
      1110  2.744663E+01
      1111  1.603732E+02
      1112  9.738801E+01
      1113  5.589796E+01
      1114  3.182583E+01
      1115  2.307618E+01
      1116  1.603732E+02
      1117  9.738801E+01
      1118  5.589796E+01
      1119  3.182583E+01
      1120  2.307618E+01
      1121  7.433427E+00
      1122  2.348151E+01
      1123  8.905963E+00
      1124  2.223691E+01
      1125  1.057458E+01
      1126  2.260637E+01
      1127  1.556542E+01
      1128  2.401862E+01
      1129  5.103730E+00
      1130  7.881391E+00
      1131  5.103730E+00
      1132  7.881391E+00
      1133  1.556542E+01
      1134  2.401862E+01
      1135  1.057458E+01
      1136  2.260637E+01
      1137  8.905963E+00
      1138  2.223691E+01
      1139  7.433427E+00
      1140  2.348151E+01
      1141  1.099942E+02
      1142  6.913947E+01
      1143  4.363638E+01
      1144  2.920119E+01
      1145  2.411528E+01
      1146  1.099942E+02
      1147  6.913947E+01
      1148  4.363638E+01
      1149  2.920119E+01
      1150  2.411528E+01
      1151  7.862988E+00
      1152  2.086341E+01
      1153  9.548426E+00
      1154  1.850958E+01
      1155  1.084089E+01
      1156  1.779575E+01
      1157  1.565812E+01
      1158  1.877458E+01
      1159  4.515107E+00
      1160  5.934439E+00
      1161  4.515107E+00
      1162  5.934439E+00
      1163  1.565812E+01
      1164  1.877458E+01
      1165  1.084089E+01
      1166  1.779575E+01
      1167  9.548426E+00
      1168  1.850958E+01
      1169  7.862988E+00
      1170  2.086341E+01
      1171  6.640798E+01
      1172  4.540758E+01
      1173  3.385551E+01
      1174  2.728573E+01
      1175  2.512522E+01
      1176  6.640798E+01
      1177  4.540758E+01
      1178  3.385551E+01
      1179  2.728573E+01
      1180  2.512522E+01
      1181  1.059351E+01
      1182  1.951813E+01
      1183  1.265835E+01
      1184  1.638520E+01
      1185  1.346199E+01
      1186  1.467438E+01
      1187  1.808542E+01
      1188  1.530395E+01
      1189  4.064503E+00
      1190  4.871996E+00
      1191  4.064503E+00
      1192  4.871996E+00
      1193  1.808542E+01
      1194  1.530395E+01
      1195  1.346199E+01
      1196  1.467438E+01
      1197  1.265835E+01
      1198  1.638520E+01
      1199  1.059351E+01
      1200  1.951813E+01
      1201  3.174456E+01
      1202  2.739096E+01
      1203  2.682455E+01
      1204  2.625089E+01
      1205  2.658032E+01
      1206  3.174456E+01
      1207  2.739096E+01
      1208  2.682455E+01
      1209  2.625089E+01
      1210  2.658032E+01
      1211  1.480987E+01
      1212  1.839894E+01
      1213  1.795332E+01
      1214  1.586631E+01
      1215  1.945312E+01
      1216  1.501192E+01
      1217  2.615749E+01
      1218  1.727837E+01
      1219  3.969528E+00
      1220  6.854359E+00
      1221  3.969528E+00
      1222  6.854359E+00
      1223  2.615749E+01
      1224  1.727837E+01
      1225  1.945312E+01
      1226  1.501192E+01
      1227  1.795332E+01
      1228  1.586631E+01
      1229  1.480987E+01
      1230  1.839894E+01
      1231  9.258282E+00
      1232  1.417749E+01
      1233  2.036621E+01
      1234  2.603693E+01
      1235  3.504268E+01
      1236  9.258282E+00
      1237  1.417749E+01
      1238  2.036621E+01
      1239  2.603693E+01
      1240  3.504268E+01
      1241  1.742946E+01
      1242  1.622723E+01
      1243  2.234904E+01
      1244  1.582791E+01
      1245  2.954667E+01
      1246  2.046357E+01
      1247  5.403822E+01
      1248  3.813786E+01
      1249  6.227598E+00
      1250  2.269561E+01
      1251  6.227598E+00
      1252  2.269561E+01
      1253  5.403822E+01
      1254  3.813786E+01
      1255  2.954667E+01
      1256  2.046357E+01
      1257  2.234904E+01
      1258  1.582791E+01
      1259  1.742946E+01
      1260  1.622723E+01
      1261  4.218530E-01
      1262  1.889727E+00
      1263  5.489191E+00
      1264  1.329507E+01
      1265  3.493216E+01
      1266  4.218530E-01
      1267  1.889727E+00
      1268  5.489191E+00
      1269  1.329507E+01
      1270  3.493216E+01
      1271  9.881100E+00
      1272  1.273645E+01
      1273  1.431077E+01
      1274  1.292482E+01
      1275  2.459401E+01
      1276  2.670767E+01
      1277  8.279859E+01
      1278  8.003345E+01
      1279  9.552236E+00
      1280  6.185957E+01
      1281  9.552236E+00
      1282  6.185957E+01
      1283  8.279859E+01
      1284  8.003345E+01
      1285  2.459401E+01
      1286  2.670767E+01
      1287  1.431077E+01
      1288  1.292482E+01
      1289  9.881100E+00
      1290  1.273645E+01

                                INCREMENT     2


 displacements (vx,vy,vz) for set TIP_TOP and time  0.1100000E+01

      2087  5.806472E-01 -2.110708E-02 -1.945086E+01
      2088  5.809693E-01 -2.085377E-02 -1.940391E+01
      2091  5.803065E-01 -2.029543E-02 -1.935713E+01
      2094  5.799911E-01 -1.661464E-02 -1.931374E+01
      2096  5.802130E-01 -6.636429E-03 -1.928561E+01
      2098  5.801087E-01  7.061276E-15 -1.928389E+01
      2100  5.802130E-01  6.636429E-03 -1.928561E+01
      2103  5.799911E-01  1.661464E-02 -1.931374E+01
      2106  5.803065E-01  2.029543E-02 -1.935713E+01
      2109  5.809693E-01  2.085377E-02 -1.940391E+01
      2112  5.806472E-01  2.110708E-02 -1.945086E+01

 forces (fx,fy,fz) for set CLAMP and time  0.1100000E+01

         1  2.645567E+04  2.949025E+04  1.080378E+04
         4  4.652924E+04 -7.574579E-10  2.155662E+04
         5  3.995319E+04  4.965651E+04  3.509213E+03
         8  6.951549E+04 -2.358767E-09  7.178394E+03
         9  2.934976E+04  3.788009E+04 -1.660147E+02
        12  5.123461E+04 -6.558780E-10 -2.584161E+02
        13  1.637998E+04  2.088394E+04 -2.682326E+03
        16  2.862254E+04 -3.665775E-09 -5.293522E+03
        17  2.082278E+03  2.193498E+03 -3.228587E+03
        20  3.546188E+03 -3.049840E-09 -6.401133E+03
        21 -8.701558E+03 -5.590163E+03 -8.525249E+03
        24 -1.019993E+04 -3.857298E-10 -3.615706E+03
        26  2.645567E+04 -2.949025E+04  1.080378E+04
        28  3.995319E+04 -4.965651E+04  3.509213E+03
        30  2.934976E+04 -3.788009E+04 -1.660147E+02
        32  1.637998E+04 -2.088394E+04 -2.682326E+03
        34  2.082278E+03 -2.193498E+03 -3.228587E+03
        36 -8.701558E+03  5.590163E+03 -8.525249E+03
        37 -6.011270E+03 -3.679440E+03 -8.365290E+03
        40 -7.222749E+03 -1.149456E+03 -1.452810E+04
        41 -1.517931E+04 -8.435778E+03 -2.234693E+03
        44 -2.176185E+04 -2.495155E+03 -4.317054E+03
        45 -1.061747E+04 -4.775423E+03  1.007437E+04
        48 -1.743831E+04 -1.348940E+03  1.838638E+04
        50 -6.265805E+03 -1.084327E+03 -1.336778E+04
        52 -2.062391E+04 -2.227816E+03 -4.327153E+03
        54 -1.734830E+04 -1.144217E+03  1.749909E+04
        56 -6.268586E+03 -7.616012E+02 -1.327244E+04
        58 -2.066398E+04 -1.452459E+03 -4.248676E+03
        60 -1.746917E+04 -7.019830E+02  1.744124E+04
        62 -1.427423E+04 -5.215648E+02 -2.718249E+03
        64 -1.198511E+04 -2.294720E+02  1.199001E+04
        66 -7.631657E+03  3.808373E-10 -1.415207E+03
        68 -6.395016E+03 -8.165451E-11  6.421924E+03
        70 -1.427423E+04  5.215648E+02 -2.718249E+03
        72 -1.198511E+04  2.294720E+02  1.199001E+04
        74 -6.268586E+03  7.616012E+02 -1.327244E+04
        76 -2.066398E+04  1.452459E+03 -4.248676E+03
        78 -1.746917E+04  7.019830E+02  1.744124E+04
        80 -6.265805E+03  1.084327E+03 -1.336778E+04
        82 -2.062391E+04  2.227816E+03 -4.327153E+03
        84 -1.734830E+04  1.144217E+03  1.749909E+04
        86 -7.222749E+03  1.149456E+03 -1.452810E+04
        88 -2.176185E+04  2.495155E+03 -4.317054E+03
        90 -1.743831E+04  1.348940E+03  1.838638E+04
        92 -6.011270E+03  3.679440E+03 -8.365290E+03
        94 -1.517931E+04  8.435778E+03 -2.234693E+03
        96 -1.061747E+04  4.775423E+03  1.007437E+04

 internal energy (element, energy) for set EALL and time  0.1100000E+01

         1  2.243465E+03
         2  1.173093E+03
         3  5.045177E+02
         4  9.708460E+01
         5  5.482589E+01
         6  2.243465E+03
         7  1.173093E+03
         8  5.045177E+02
         9  9.708460E+01
        10  5.482589E+01
        11  1.925831E+02
        12  2.955865E+02
        13  1.559328E+02
        14  2.533146E+02
        15  1.468843E+02
        16  2.440624E+02
        17  1.480242E+02
        18  2.436610E+02
        19  5.432689E+01
        20  8.918654E+01
        21  5.432689E+01
        22  8.918654E+01
        23  1.480242E+02
        24  2.436610E+02
        25  1.468843E+02
        26  2.440624E+02
        27  1.559328E+02
        28  2.533146E+02
        29  1.925831E+02
        30  2.955865E+02
        31  3.771375E+03
        32  2.045235E+03
        33  7.654878E+02
        34  1.507095E+02
        35  9.286097E+01
        36  3.771375E+03
        37  2.045235E+03
        38  7.654878E+02
        39  1.507095E+02
        40  9.286097E+01
        41  2.096872E+02
        42  3.206558E+02
        43  2.259058E+02
        44  3.403684E+02
        45  2.242439E+02
        46  3.391954E+02
        47  2.255278E+02
        48  3.420785E+02
        49  8.234632E+01
        50  1.253408E+02
        51  8.234632E+01
        52  1.253408E+02
        53  2.255278E+02
        54  3.420785E+02
        55  2.242439E+02
        56  3.391954E+02
        57  2.259058E+02
        58  3.403684E+02
        59  2.096872E+02
        60  3.206558E+02
        61  3.927889E+03
        62  2.158736E+03
        63  8.636683E+02
        64  1.766395E+02
        65  1.025719E+02
        66  3.927889E+03
        67  2.158736E+03
        68  8.636683E+02
        69  1.766395E+02
        70  1.025719E+02
        71  2.181955E+02
        72  3.356673E+02
        73  2.329673E+02
        74  3.550799E+02
        75  2.419459E+02
        76  3.683307E+02
        77  2.450006E+02
        78  3.746336E+02
        79  8.889682E+01
        80  1.368808E+02
        81  8.889682E+01
        82  1.368808E+02
        83  2.450006E+02
        84  3.746336E+02
        85  2.419459E+02
        86  3.683307E+02
        87  2.329673E+02
        88  3.550799E+02
        89  2.181955E+02
        90  3.356673E+02
        91  3.893497E+03
        92  2.107698E+03
        93  8.559073E+02
        94  1.808431E+02
        95  9.539860E+01
        96  3.893497E+03
        97  2.107698E+03
        98  8.559073E+02
        99  1.808431E+02
       100  9.539860E+01
       101  2.221989E+02
       102  3.477024E+02
       103  2.269122E+02
       104  3.543624E+02
       105  2.321345E+02
       106  3.614241E+02
       107  2.357005E+02
       108  3.654297E+02
       109  8.587110E+01
       110  1.330984E+02
       111  8.587110E+01
       112  1.330984E+02
       113  2.357005E+02
       114  3.654297E+02
       115  2.321345E+02
       116  3.614241E+02
       117  2.269122E+02
       118  3.543624E+02
       119  2.221989E+02
       120  3.477024E+02
       121  3.812449E+03
       122  2.057216E+03
       123  8.288600E+02
       124  1.769595E+02
       125  8.640789E+01
       126  3.812449E+03
       127  2.057216E+03
       128  8.288600E+02
       129  1.769595E+02
       130  8.640789E+01
       131  2.148769E+02
       132  3.435209E+02
       133  2.161683E+02
       134  3.444510E+02
       135  2.181531E+02
       136  3.460047E+02
       137  2.202368E+02
       138  3.473322E+02
       139  8.029118E+01
       140  1.263816E+02
       141  8.029118E+01
       142  1.263816E+02
       143  2.202368E+02
       144  3.473322E+02
       145  2.181531E+02
       146  3.460047E+02
       147  2.161683E+02
       148  3.444510E+02
       149  2.148769E+02
       150  3.435209E+02
       151  3.693755E+03
       152  1.998536E+03
       153  8.075071E+02
       154  1.744715E+02
       155  7.954584E+01
       156  3.693755E+03
       157  1.998536E+03
       158  8.075071E+02
       159  1.744715E+02
       160  7.954584E+01
       161  2.056563E+02
       162  3.326124E+02
       163  2.060541E+02
       164  3.321233E+02
       165  2.069983E+02
       166  3.322542E+02
       167  2.083981E+02
       168  3.328489E+02
       169  7.592317E+01
       170  1.210391E+02
       171  7.592317E+01
       172  1.210391E+02
       173  2.083981E+02
       174  3.328489E+02
       175  2.069983E+02
       176  3.322542E+02
       177  2.060541E+02
       178  3.321233E+02
       179  2.056563E+02
       180  3.326124E+02
       181  3.555775E+03
       182  1.929026E+03
       183  7.845221E+02
       184  1.724145E+02
       185  7.385020E+01
       186  3.555775E+03
       187  1.929026E+03
       188  7.845221E+02
       189  1.724145E+02
       190  7.385020E+01
       191  1.955642E+02
       192  3.193941E+02
       193  1.958902E+02
       194  3.191247E+02
       195  1.965910E+02
       196  3.193365E+02
       197  1.978559E+02
       198  3.200113E+02
       199  7.206339E+01
       200  1.163778E+02
       201  7.206339E+01
       202  1.163778E+02
       203  1.978559E+02
       204  3.200113E+02
       205  1.965910E+02
       206  3.193365E+02
       207  1.958902E+02
       208  3.191247E+02
       209  1.955642E+02
       210  3.193941E+02
       211  3.412212E+03
       212  1.855309E+03
       213  7.594362E+02
       214  1.698143E+02
       215  6.872552E+01
       216  3.412212E+03
       217  1.855309E+03
       218  7.594362E+02
       219  1.698143E+02
       220  6.872552E+01
       221  1.855030E+02
       222  3.060144E+02
       223  1.858693E+02
       224  3.061237E+02
       225  1.865545E+02
       226  3.066569E+02
       227  1.878201E+02
       228  3.075131E+02
       229  6.839371E+01
       230  1.118409E+02
       231  6.839371E+01
       232  1.118409E+02
       233  1.878201E+02
       234  3.075131E+02
       235  1.865545E+02
       236  3.066569E+02
       237  1.858693E+02
       238  3.061237E+02
       239  1.855030E+02
       240  3.060144E+02
       241  3.266490E+03
       242  1.778750E+03
       243  7.325285E+02
       244  1.665200E+02
       245  6.399583E+01
       246  3.266490E+03
       247  1.778750E+03
       248  7.325285E+02
       249  1.665200E+02
       250  6.399583E+01
       251  1.756137E+02
       252  2.929488E+02
       253  1.760034E+02
       254  2.932856E+02
       255  1.767003E+02
       256  2.940402E+02
       257  1.779988E+02
       258  2.950253E+02
       259  6.480731E+01
       260  1.073005E+02
       261  6.480731E+01
       262  1.073005E+02
       263  1.779988E+02
       264  2.950253E+02
       265  1.767003E+02
       266  2.940402E+02
       267  1.760034E+02
       268  2.932856E+02
       269  1.756137E+02
       270  2.929488E+02
       271  3.118423E+03
       272  1.699364E+03
       273  7.040173E+02
       274  1.625888E+02
       275  5.961266E+01
       276  3.118423E+03
       277  1.699364E+03
       278  7.040173E+02
       279  1.625888E+02
       280  5.961266E+01
       281  1.659306E+02
       282  2.801594E+02
       283  1.663249E+02
       284  2.806030E+02
       285  1.670294E+02
       286  2.814760E+02
       287  1.683718E+02
       288  2.825378E+02
       289  6.129660E+01
       290  1.027554E+02
       291  6.129660E+01
       292  1.027554E+02
       293  1.683718E+02
       294  2.825378E+02
       295  1.670294E+02
       296  2.814760E+02
       297  1.663249E+02
       298  2.806030E+02
       299  1.659306E+02
       300  2.801594E+02
       301  2.967941E+03
       302  1.617396E+03
       303  6.740504E+02
       304  1.580783E+02
       305  5.555684E+01
       306  2.967941E+03
       307  1.617396E+03
       308  6.740504E+02
       309  1.580783E+02
       310  5.555684E+01
       311  1.564628E+02
       312  2.675517E+02
       313  1.568548E+02
       314  2.680355E+02
       315  1.575610E+02
       316  2.689611E+02
       317  1.589492E+02
       318  2.700593E+02
       319  5.786201E+01
       320  9.820789E+01
       321  5.786201E+01
       322  9.820789E+01
       323  1.589492E+02
       324  2.700593E+02
       325  1.575610E+02
       326  2.689611E+02
       327  1.568548E+02
       328  2.680355E+02
       329  1.564628E+02
       330  2.675517E+02
       331  2.814962E+03
       332  1.533026E+03
       333  6.427709E+02
       334  1.530464E+02
       335  5.180233E+01
       336  2.814962E+03
       337  1.533026E+03
       338  6.427709E+02
       339  1.530464E+02
       340  5.180233E+01
       341  1.472281E+02
       342  2.550761E+02
       343  1.476143E+02
       344  2.555595E+02
       345  1.483152E+02
       346  2.564902E+02
       347  1.497387E+02
       348  2.575833E+02
       349  5.450234E+01
       350  9.365367E+01
       351  5.450234E+01
       352  9.365367E+01
       353  1.497387E+02
       354  2.575833E+02
       355  1.483152E+02
       356  2.564902E+02
       357  1.476143E+02
       358  2.555595E+02
       359  1.472281E+02
       360  2.550761E+02
       361  2.658659E+03
       362  1.446110E+03
       363  6.104107E+02
       364  1.476140E+02
       365  4.831003E+01
       366  2.658659E+03
       367  1.446110E+03
       368  6.104107E+02
       369  1.476140E+02
       370  4.831003E+01
       371  1.382433E+02
       372  2.427311E+02
       373  1.386232E+02
       374  2.431898E+02
       375  1.393141E+02
       376  2.440919E+02
       377  1.407548E+02
       378  2.451385E+02
       379  5.122003E+01
       380  8.910214E+01
       381  5.122003E+01
       382  8.910214E+01
       383  1.407548E+02
       384  2.451385E+02
       385  1.393141E+02
       386  2.440919E+02
       387  1.386232E+02
       388  2.431898E+02
       389  1.382433E+02
       390  2.427311E+02
       391  2.500485E+03
       392  1.357013E+03
       393  5.776509E+02
       394  1.419641E+02
       395  4.503996E+01
       396  2.500485E+03
       397  1.357013E+03
       398  5.776509E+02
       399  1.419641E+02
       400  4.503996E+01
       401  1.295189E+02
       402  2.305391E+02
       403  1.298975E+02
       404  2.309727E+02
       405  1.305838E+02
       406  2.318432E+02
       407  1.320372E+02
       408  2.328339E+02
       409  4.803232E+01
       410  8.459978E+01
       411  4.803232E+01
       412  8.459978E+01
       413  1.320372E+02
       414  2.328339E+02
       415  1.305838E+02
       416  2.318432E+02
       417  1.298975E+02
       418  2.309727E+02
       419  1.295189E+02
       420  2.305391E+02
       421  2.349113E+03
       422  1.273049E+03
       423  5.458777E+02
       424  1.362057E+02
       425  4.199175E+01
       426  2.349113E+03
       427  1.273049E+03
       428  5.458777E+02
       429  1.362057E+02
       430  4.199175E+01
       431  1.210594E+02
       432  2.185223E+02
       433  1.214471E+02
       434  2.189551E+02
       435  1.221449E+02
       436  2.198301E+02
       437  1.236374E+02
       438  2.208129E+02
       439  4.496672E+01
       440  8.021159E+01
       441  4.496672E+01
       442  8.021159E+01
       443  1.236374E+02
       444  2.208129E+02
       445  1.221449E+02
       446  2.198301E+02
       447  1.214471E+02
       448  2.189551E+02
       449  1.210594E+02
       450  2.185223E+02
       451  2.208281E+03
       452  1.197314E+03
       453  5.156231E+02
       454  1.304645E+02
       455  3.921431E+01
       456  2.208281E+03
       457  1.197314E+03
       458  5.156231E+02
       459  1.304645E+02
       460  3.921431E+01
       461  1.128679E+02
       462  2.066889E+02
       463  1.132747E+02
       464  2.071523E+02
       465  1.140013E+02
       466  2.080799E+02
       467  1.155737E+02
       468  2.091210E+02
       469  4.203392E+01
       470  7.595711E+01
       471  4.203392E+01
       472  7.595711E+01
       473  1.155737E+02
       474  2.091210E+02
       475  1.140013E+02
       476  2.080799E+02
       477  1.132747E+02
       478  2.071523E+02
       479  1.128679E+02
       480  2.066889E+02
       481  2.071381E+03
       482  1.123518E+03
       483  4.859513E+02
       484  1.247684E+02
       485  3.672520E+01
       486  2.071381E+03
       487  1.123518E+03
       488  4.859513E+02
       489  1.247684E+02
       490  3.672520E+01
       491  1.049492E+02
       492  1.950318E+02
       493  1.053786E+02
       494  1.955420E+02
       495  1.061408E+02
       496  1.965446E+02
       497  1.078152E+02
       498  1.976700E+02
       499  3.921688E+01
       500  7.179357E+01
       501  3.921688E+01
       502  7.179357E+01
       503  1.078152E+02
       504  1.976700E+02
       505  1.061408E+02
       506  1.965446E+02
       507  1.053786E+02
       508  1.955420E+02
       509  1.049492E+02
       510  1.950318E+02
       511  1.934532E+03
       512  1.049425E+03
       513  4.561331E+02
       514  1.189599E+02
       515  3.448623E+01
       516  1.934532E+03
       517  1.049425E+03
       518  4.561331E+02
       519  1.189599E+02
       520  3.448623E+01
       521  9.731002E+01
       522  1.835391E+02
       523  9.775629E+01
       524  1.840872E+02
       525  9.854632E+01
       526  1.851514E+02
       527  1.003181E+02
       528  1.863413E+02
       529  3.649253E+01
       530  6.766775E+01
       531  3.649253E+01
       532  6.766775E+01
       533  1.003181E+02
       534  1.863413E+02
       535  9.854632E+01
       536  1.851514E+02
       537  9.775629E+01
       538  1.840872E+02
       539  9.731002E+01
       540  1.835391E+02
       541  1.798074E+03
       542  9.753921E+02
       543  4.260437E+02
       544  1.129343E+02
       545  3.244904E+01
       546  1.798074E+03
       547  9.753921E+02
       548  4.260437E+02
       549  1.129343E+02
       550  3.244904E+01
       551  8.995773E+01
       552  1.722112E+02
       553  9.040879E+01
       554  1.727687E+02
       555  9.120801E+01
       556  1.738558E+02
       557  9.305409E+01
       558  1.750640E+02
       559  3.384720E+01
       560  6.354958E+01
       561  3.384720E+01
       562  6.354958E+01
       563  9.305409E+01
       564  1.750640E+02
       565  9.120801E+01
       566  1.738558E+02
       567  9.040879E+01
       568  1.727687E+02
       569  8.995773E+01
       570  1.722112E+02
       571  1.662134E+03
       572  9.015199E+02
       573  3.958236E+02
       574  1.067526E+02
       575  3.056781E+01
       576  1.662134E+03
       577  9.015199E+02
       578  3.958236E+02
       579  1.067526E+02
       580  3.056781E+01
       581  8.289828E+01
       582  1.610727E+02
       583  8.334259E+01
       584  1.616063E+02
       585  8.413098E+01
       586  1.626677E+02
       587  8.601505E+01
       588  1.638310E+02
       589  3.127536E+01
       590  5.943375E+01
       591  3.127536E+01
       592  5.943375E+01
       593  8.601505E+01
       594  1.638310E+02
       595  8.413098E+01
       596  1.626677E+02
       597  8.334259E+01
       598  1.616063E+02
       599  8.289828E+01
       600  1.610727E+02
       601  1.520541E+03
       602  8.276754E+02
       603  3.659951E+02
       604  1.005904E+02
       605  2.877857E+01
       606  1.520541E+03
       607  8.276754E+02
       608  3.659951E+02
       609  1.005904E+02
       610  2.877857E+01
       611  7.613445E+01
       612  1.501681E+02
       613  7.656779E+01
       614  1.506608E+02
       615  7.733559E+01
       616  1.516644E+02
       617  7.922232E+01
       618  1.527306E+02
       619  2.878421E+01
       620  5.535550E+01
       621  2.878421E+01
       622  5.535550E+01
       623  7.922232E+01
       624  1.527306E+02
       625  7.733559E+01
       626  1.516644E+02
       627  7.656779E+01
       628  1.506608E+02
       629  7.613445E+01
       630  1.501681E+02
       631  1.375463E+03
       632  7.553289E+02
       633  3.375181E+02
       634  9.450876E+01
       635  2.703116E+01
       636  1.375463E+03
       637  7.553289E+02
       638  3.375181E+02
       639  9.450876E+01
       640  2.703116E+01
       641  6.966658E+01
       642  1.395466E+02
       643  7.009295E+01
       644  1.400091E+02
       645  7.084631E+01
       646  1.409683E+02
       647  7.273194E+01
       648  1.419513E+02
       649  2.640214E+01
       650  5.139954E+01
       651  2.640214E+01
       652  5.139954E+01
       653  7.273194E+01
       654  1.419513E+02
       655  7.084631E+01
       656  1.409683E+02
       657  7.009295E+01
       658  1.400091E+02
       659  6.966658E+01
       660  1.395466E+02
       661  1.251863E+03
       662  6.918072E+02
       663  3.108203E+02
       664  8.854620E+01
       665  2.538385E+01
       666  1.251863E+03
       667  6.918072E+02
       668  3.108203E+02
       669  8.854620E+01
       670  2.538385E+01
       671  6.349628E+01
       672  1.292508E+02
       673  6.392258E+01
       674  1.297088E+02
       675  6.467557E+01
       676  1.306700E+02
       677  6.659635E+01
       678  1.316487E+02
       679  2.416076E+01
       680  4.763717E+01
       681  2.416076E+01
       682  4.763717E+01
       683  6.659635E+01
       684  1.316487E+02
       685  6.467557E+01
       686  1.306700E+02
       687  6.392258E+01
       688  1.297088E+02
       689  6.349628E+01
       690  1.292508E+02
       691  1.148038E+03
       692  6.356135E+02
       693  2.860842E+02
       694  8.295368E+01
       695  2.395986E+01
       696  1.148038E+03
       697  6.356135E+02
       698  2.860842E+02
       699  8.295368E+01
       700  2.395986E+01
       701  5.762790E+01
       702  1.193127E+02
       703  5.805881E+01
       704  1.197796E+02
       705  5.882037E+01
       706  1.207704E+02
       707  6.080994E+01
       708  1.217931E+02
       709  2.205803E+01
       710  4.404772E+01
       711  2.205803E+01
       712  4.404772E+01
       713  6.080994E+01
       714  1.217931E+02
       715  5.882037E+01
       716  1.207704E+02
       717  5.805881E+01
       718  1.197796E+02
       719  5.762790E+01
       720  1.193127E+02
       721  1.043911E+03
       722  5.802533E+02
       723  2.630293E+02
       724  7.788363E+01
       725  2.275190E+01
       726  1.043911E+03
       727  5.802533E+02
       728  2.630293E+02
       729  7.788363E+01
       730  2.275190E+01
       731  5.206415E+01
       732  1.097498E+02
       733  5.250276E+01
       734  1.102208E+02
       735  5.327500E+01
       736  1.112273E+02
       737  5.532660E+01
       738  1.122581E+02
       739  2.006291E+01
       740  4.056347E+01
       741  2.006291E+01
       742  4.056347E+01
       743  5.532660E+01
       744  1.122581E+02
       745  5.327500E+01
       746  1.112273E+02
       747  5.250276E+01
       748  1.102208E+02
       749  5.206415E+01
       750  1.097498E+02
       751  9.355448E+02
       752  5.263944E+02
       753  2.413077E+02
       754  7.312841E+01
       755  2.162230E+01
       756  9.355448E+02
       757  5.263944E+02
       758  2.413077E+02
       759  7.312841E+01
       760  2.162230E+01
       761  4.680116E+01
       762  1.005611E+02
       763  4.725274E+01
       764  1.010344E+02
       765  4.804119E+01
       766  1.020449E+02
       767  5.013507E+01
       768  1.030443E+02
       769  1.816435E+01
       770  3.718553E+01
       771  1.816435E+01
       772  3.718553E+01
       773  5.013507E+01
       774  1.030443E+02
       775  4.804119E+01
       776  1.020449E+02
       777  4.725274E+01
       778  1.010344E+02
       779  4.680116E+01
       780  1.005611E+02
       781  8.359779E+02
       782  4.770934E+02
       783  2.207452E+02
       784  6.841062E+01
       785  2.052080E+01
       786  8.359779E+02
       787  4.770934E+02
       788  2.207452E+02
       789  6.841062E+01
       790  2.052080E+01
       791  4.182955E+01
       792  9.172892E+01
       793  4.230248E+01
       794  9.222457E+01
       795  4.312170E+01
       796  9.327154E+01
       797  4.527567E+01
       798  9.428518E+01
       799  1.638779E+01
       800  3.398401E+01
       801  1.638779E+01
       802  3.398401E+01
       803  4.527567E+01
       804  9.428518E+01
       805  4.312170E+01
       806  9.327154E+01
       807  4.230248E+01
       808  9.222457E+01
       809  4.182955E+01
       810  9.172892E+01
       811  7.625820E+02
       812  4.333720E+02
       813  2.015064E+02
       814  6.386570E+01
       815  1.958236E+01
       816  7.625820E+02
       817  4.333720E+02
       818  2.015064E+02
       819  6.386570E+01
       820  1.958236E+01
       821  3.714003E+01
       822  8.322816E+01
       823  3.764241E+01
       824  8.377725E+01
       825  3.850918E+01
       826  8.491652E+01
       827  4.077567E+01
       828  8.603219E+01
       829  1.475492E+01
       830  3.098457E+01
       831  1.475492E+01
       832  3.098457E+01
       833  4.077567E+01
       834  8.603219E+01
       835  3.850918E+01
       836  8.491652E+01
       837  3.764241E+01
       838  8.377725E+01
       839  3.714003E+01
       840  8.322816E+01
       841  6.889930E+02
       842  3.924250E+02
       843  1.836352E+02
       844  5.969265E+01
       845  1.890944E+01
       846  6.889930E+02
       847  3.924250E+02
       848  1.836352E+02
       849  5.969265E+01
       850  1.890944E+01
       851  3.272629E+01
       852  7.503276E+01
       853  3.326218E+01
       854  7.565453E+01
       855  3.418614E+01
       856  7.691732E+01
       857  3.660758E+01
       858  7.817194E+01
       859  1.325179E+01
       860  2.812932E+01
       861  1.325179E+01
       862  2.812932E+01
       863  3.660758E+01
       864  7.817194E+01
       865  3.418614E+01
       866  7.691732E+01
       867  3.326218E+01
       868  7.565453E+01
       869  3.272629E+01
       870  7.503276E+01
       871  6.160895E+02
       872  3.523496E+02
       873  1.664809E+02
       874  5.575082E+01
       875  1.845299E+01
       876  6.160895E+02
       877  3.523496E+02
       878  1.664809E+02
       879  5.575082E+01
       880  1.845299E+01
       881  2.858292E+01
       882  6.712200E+01
       883  2.915215E+01
       884  6.781484E+01
       885  3.013474E+01
       886  6.919713E+01
       887  3.272609E+01
       888  7.056940E+01
       889  1.185182E+01
       890  2.535463E+01
       891  1.185182E+01
       892  2.535463E+01
       893  3.272609E+01
       894  7.056940E+01
       895  3.013474E+01
       896  6.919713E+01
       897  2.915215E+01
       898  6.781484E+01
       899  2.858292E+01
       900  6.712200E+01
       901  5.453986E+02
       902  3.132469E+02
       903  1.496428E+02
       904  5.183893E+01
       905  1.812951E+01
       906  5.453986E+02
       907  3.132469E+02
       908  1.496428E+02
       909  5.183893E+01
       910  1.812951E+01
       911  2.470291E+01
       912  5.949074E+01
       913  2.530453E+01
       914  6.023944E+01
       915  2.634481E+01
       916  6.172252E+01
       917  2.911069E+01
       918  6.318032E+01
       919  1.054415E+01
       920  2.264396E+01
       921  1.054415E+01
       922  2.264396E+01
       923  2.911069E+01
       924  6.318032E+01
       925  2.634481E+01
       926  6.172252E+01
       927  2.530453E+01
       928  6.023944E+01
       929  2.470291E+01
       930  5.949074E+01
       931  4.772150E+02
       932  2.753120E+02
       933  1.331383E+02
       934  4.790709E+01
       935  1.790304E+01
       936  4.772150E+02
       937  2.753120E+02
       938  1.331383E+02
       939  4.790709E+01
       940  1.790304E+01
       941  2.107866E+01
       942  5.216204E+01
       943  2.171519E+01
       944  5.294443E+01
       945  2.281598E+01
       946  5.450848E+01
       947  2.576683E+01
       948  5.603191E+01
       949  9.332187E+00
       950  2.001169E+01
       951  9.332187E+00
       952  2.001169E+01
       953  2.576683E+01
       954  5.603191E+01
       955  2.281598E+01
       956  5.450848E+01
       957  2.171519E+01
       958  5.294443E+01
       959  2.107866E+01
       960  5.216204E+01
       961  4.118010E+02
       962  2.387056E+02
       963  1.170500E+02
       964  4.398524E+01
       965  1.777570E+01
       966  4.118010E+02
       967  2.387056E+02
       968  1.170500E+02
       969  4.398524E+01
       970  1.777570E+01
       971  1.770614E+01
       972  4.519465E+01
       973  1.838651E+01
       974  4.597718E+01
       975  1.955663E+01
       976  4.759659E+01
       977  2.271237E+01
       978  4.917237E+01
       979  8.222880E+00
       980  1.747753E+01
       981  8.222880E+00
       982  1.747753E+01
       983  2.271237E+01
       984  4.917237E+01
       985  1.955663E+01
       986  4.759659E+01
       987  1.838651E+01
       988  4.597718E+01
       989  1.770614E+01
       990  4.519465E+01
       991  3.493876E+02
       992  2.035906E+02
       993  1.014789E+02
       994  4.012503E+01
       995  1.776609E+01
       996  3.493876E+02
       997  2.035906E+02
       998  1.014789E+02
       999  4.012503E+01
      1000  1.776609E+01
      1001  1.459133E+01
      1002  3.868214E+01
      1003  1.533209E+01
      1004  3.940670E+01
      1005  1.658492E+01
      1006  4.103643E+01
      1007  1.997175E+01
      1008  4.264644E+01
      1009  7.221829E+00
      1010  1.505735E+01
      1011  7.221829E+00
      1012  1.505735E+01
      1013  1.997175E+01
      1014  4.264644E+01
      1015  1.658492E+01
      1016  4.103643E+01
      1017  1.533209E+01
      1018  3.940670E+01
      1019  1.459133E+01
      1020  3.868214E+01
      1021  2.902242E+02
      1022  1.701447E+02
      1023  8.654232E+01
      1024  3.639312E+01
      1025  1.790261E+01
      1026  2.902242E+02
      1027  1.701447E+02
      1028  8.654232E+01
      1029  3.639312E+01
      1030  1.790261E+01
      1031  1.176178E+01
      1032  3.274553E+01
      1033  1.258700E+01
      1034  3.331348E+01
      1035  1.393485E+01
      1036  3.487381E+01
      1037  1.757758E+01
      1038  3.648676E+01
      1039  6.332266E+00
      1040  1.276178E+01
      1041  6.332266E+00
      1042  1.276178E+01
      1043  1.757758E+01
      1044  3.648676E+01
      1045  1.393485E+01
      1046  3.487381E+01
      1047  1.258700E+01
      1048  3.331348E+01
      1049  1.176178E+01
      1050  3.274553E+01
      1051  2.345925E+02
      1052  1.385754E+02
      1053  7.238103E+01
      1054  3.287145E+01
      1055  1.822015E+01
      1056  2.345925E+02
      1057  1.385754E+02
      1058  7.238103E+01
      1059  3.287145E+01
      1060  1.822015E+01
      1061  9.290969E+00
      1062  2.752316E+01
      1063  1.023012E+01
      1064  2.778033E+01
      1065  1.167097E+01
      1066  2.914149E+01
      1067  1.557676E+01
      1068  3.070616E+01
      1069  5.554242E+00
      1070  1.059446E+01
      1071  5.554242E+00
      1072  1.059446E+01
      1073  1.557676E+01
      1074  3.070616E+01
      1075  1.167097E+01
      1076  2.914149E+01
      1077  1.023012E+01
      1078  2.778033E+01
      1079  9.290969E+00
      1080  2.752316E+01
      1081  1.828389E+02
      1082  1.091478E+02
      1083  5.917934E+01
      1084  2.965934E+01
      1085  1.874955E+01
      1086  1.828389E+02
      1087  1.091478E+02
      1088  5.917934E+01
      1089  2.965934E+01
      1090  1.874955E+01
      1091  7.347839E+00
      1092  2.316168E+01
      1093  8.429198E+00
      1094  2.289191E+01
      1095  9.918819E+00
      1096  2.385934E+01
      1097  1.404575E+01
      1098  2.529640E+01
      1099  4.882883E+00
      1100  8.553308E+00
      1101  4.882883E+00
      1102  8.553308E+00
      1103  1.404575E+01
      1104  2.529640E+01
      1105  9.918819E+00
      1106  2.385934E+01
      1107  8.429198E+00
      1108  2.289191E+01
      1109  7.347839E+00
      1110  2.316168E+01
      1111  1.354083E+02
      1112  8.223347E+01
      1113  4.720464E+01
      1114  2.687938E+01
      1115  1.948854E+01
      1116  1.354083E+02
      1117  8.223347E+01
      1118  4.720464E+01
      1119  2.687938E+01
      1120  1.948854E+01
      1121  6.273239E+00
      1122  1.981436E+01
      1123  7.516618E+00
      1124  1.876359E+01
      1125  8.924853E+00
      1126  1.907539E+01
      1127  1.313851E+01
      1128  2.026790E+01
      1129  4.307406E+00
      1130  6.650142E+00
      1131  4.307406E+00
      1132  6.650142E+00
      1133  1.313851E+01
      1134  2.026790E+01
      1135  8.924853E+00
      1136  1.907539E+01
      1137  7.516618E+00
      1138  1.876359E+01
      1139  6.273239E+00
      1140  1.981436E+01
      1141  9.286715E+01
      1142  5.837871E+01
      1143  3.684923E+01
      1144  2.466185E+01
      1145  2.036547E+01
      1146  9.286715E+01
      1147  5.837871E+01
      1148  3.684923E+01
      1149  2.466185E+01
      1150  2.036547E+01
      1151  6.637619E+00
      1152  1.760384E+01
      1153  8.060644E+00
      1154  1.561698E+01
      1155  9.150919E+00
      1156  1.501430E+01
      1157  1.321750E+01
      1158  1.584081E+01
      1159  3.810641E+00
      1160  5.006480E+00
      1161  3.810641E+00
      1162  5.006480E+00
      1163  1.321750E+01
      1164  1.584081E+01
      1165  9.150919E+00
      1166  1.501430E+01
      1167  8.060644E+00
      1168  1.561698E+01
      1169  6.637619E+00
      1170  1.760384E+01
      1171  5.606377E+01
      1172  3.833876E+01
      1173  2.858875E+01
      1174  2.304298E+01
      1175  2.121745E+01
      1176  5.606377E+01
      1177  3.833876E+01
      1178  2.858875E+01
      1179  2.304298E+01
      1180  2.121745E+01
      1181  8.944206E+00
      1182  1.646729E+01
      1183  1.068759E+01
      1184  1.382338E+01
      1185  1.136503E+01
      1186  1.237961E+01
      1187  1.526792E+01
      1188  1.291167E+01
      1189  3.430477E+00
      1190  4.110005E+00
      1191  3.430477E+00
      1192  4.110005E+00
      1193  1.526792E+01
      1194  1.291167E+01
      1195  1.136503E+01
      1196  1.237961E+01
      1197  1.068759E+01
      1198  1.382338E+01
      1199  8.944206E+00
      1200  1.646729E+01
      1201  2.679710E+01
      1202  2.312537E+01
      1203  2.264994E+01
      1204  2.216747E+01
      1205  2.244546E+01
      1206  2.679710E+01
      1207  2.312537E+01
      1208  2.264994E+01
      1209  2.216747E+01
      1210  2.244546E+01
      1211  1.250438E+01
      1212  1.552120E+01
      1213  1.515827E+01
      1214  1.338455E+01
      1215  1.642358E+01
      1216  1.266480E+01
      1217  2.208423E+01
      1218  1.458039E+01
      1219  3.350638E+00
      1220  5.784774E+00
      1221  3.350638E+00
      1222  5.784774E+00
      1223  2.208423E+01
      1224  1.458039E+01
      1225  1.642358E+01
      1226  1.266480E+01
      1227  1.515827E+01
      1228  1.338455E+01
      1229  1.250438E+01
      1230  1.552120E+01
      1231  7.814243E+00
      1232  1.196792E+01
      1233  1.719383E+01
      1234  2.198373E+01
      1235  2.958996E+01
      1236  7.814243E+00
      1237  1.196792E+01
      1238  1.719383E+01
      1239  2.198373E+01
      1240  2.958996E+01
      1241  1.471521E+01
      1242  1.368866E+01
      1243  1.886800E+01
      1244  1.335232E+01
      1245  2.494351E+01
      1246  1.726854E+01
      1247  4.562282E+01
      1248  3.219343E+01
      1249  5.257379E+00
      1250  1.916169E+01
      1251  5.257379E+00
      1252  1.916169E+01
      1253  4.562282E+01
      1254  3.219343E+01
      1255  2.494351E+01
      1256  1.726854E+01
      1257  1.886800E+01
      1258  1.335232E+01
      1259  1.471521E+01
      1260  1.368866E+01
      1261  3.559441E-01
      1262  1.594707E+00
      1263  4.632618E+00
      1264  1.122132E+01
      1265  2.948751E+01
      1266  3.559441E-01
      1267  1.594707E+00
      1268  4.632618E+00
      1269  1.122132E+01
      1270  2.948751E+01
      1271  8.339961E+00
      1272  1.074285E+01
      1273  1.208053E+01
      1274  1.090639E+01
      1275  2.076272E+01
      1276  2.254443E+01
      1277  6.990275E+01
      1278  6.756730E+01
      1279  8.064021E+00
      1280  5.222341E+01
      1281  8.064021E+00
      1282  5.222341E+01
      1283  6.990275E+01
      1284  6.756730E+01
      1285  2.076272E+01
      1286  2.254443E+01
      1287  1.208053E+01
      1288  1.090639E+01
      1289  8.339961E+00
      1290  1.074285E+01

                                INCREMENT     3


 displacements (vx,vy,vz) for set TIP_TOP and time  0.1175000E+01

      2087  5.192999E-01 -1.832796E-02 -1.708800E+01
      2088  5.194927E-01 -1.810270E-02 -1.704727E+01
      2091  5.188273E-01 -1.761325E-02 -1.700669E+01
      2094  5.184708E-01 -1.441566E-02 -1.696905E+01
      2096  5.186077E-01 -5.757266E-03 -1.694464E+01
      2098  5.185122E-01 -2.788936E-14 -1.694315E+01
      2100  5.186077E-01  5.757266E-03 -1.694464E+01
      2103  5.184708E-01  1.441566E-02 -1.696905E+01
      2106  5.188273E-01  1.761325E-02 -1.700669E+01
      2109  5.194927E-01  1.810270E-02 -1.704727E+01
      2112  5.192999E-01  1.832796E-02 -1.708800E+01

 forces (fx,fy,fz) for set CLAMP and time  0.1175000E+01

         1  2.269966E+04  2.498051E+04  9.309530E+03
         4  3.978454E+04 -3.764738E-10  1.857219E+04
         5  3.461029E+04  4.264063E+04  3.296032E+03
         8  6.009703E+04 -1.097766E-08  6.744097E+03
         9  2.577842E+04  3.326952E+04 -6.935879E+01
        12  4.498181E+04 -5.854840E-09 -7.292176E+01
        13  1.452298E+04  1.852456E+04 -2.382643E+03
        16  2.537884E+04 -8.565067E-09 -4.703334E+03
        17  1.968521E+03  2.105725E+03 -2.881633E+03
        20  3.357815E+03 -1.118721E-08 -5.713022E+03
        21 -7.568608E+03 -4.819096E+03 -7.474969E+03
        24 -8.814333E+03  1.141406E-08 -3.232652E+03
        26  2.269966E+04 -2.498051E+04  9.309530E+03
        28  3.461029E+04 -4.264063E+04  3.296032E+03
        30  2.577842E+04 -3.326952E+04 -6.935879E+01
        32  1.452298E+04 -1.852456E+04 -2.382643E+03
        34  1.968521E+03 -2.105725E+03 -2.881633E+03
        36 -7.568608E+03  4.819096E+03 -7.474969E+03
        37 -5.250390E+03 -3.209319E+03 -7.299595E+03
        40 -6.319027E+03 -1.001538E+03 -1.267880E+04
        41 -1.324002E+04 -7.356828E+03 -1.951903E+03
        44 -1.898203E+04 -2.171776E+03 -3.770847E+03
        45 -9.254348E+03 -4.164159E+03  8.785253E+03
        48 -1.519237E+04 -1.173012E+03  1.603077E+04
        50 -5.494638E+03 -9.446646E+02 -1.166746E+04
        52 -1.798389E+04 -1.935455E+03 -3.779579E+03
        54 -1.509721E+04 -9.915466E+02  1.524824E+04
        56 -5.511605E+03 -6.586700E+02 -1.158219E+04
        58 -1.800518E+04 -1.252562E+03 -3.716323E+03
        60 -1.517324E+04 -6.029753E+02  1.517955E+04
        62 -1.242118E+04 -4.444656E+02 -2.391727E+03
        64 -1.039002E+04 -1.947287E+02  1.042063E+04
        66 -6.637727E+03 -3.615047E-10 -1.249789E+03
        68 -5.540197E+03  1.681478E-10  5.577958E+03
        70 -1.242118E+04  4.444656E+02 -2.391727E+03
        72 -1.039002E+04  1.947287E+02  1.042063E+04
        74 -5.511605E+03  6.586700E+02 -1.158219E+04
        76 -1.800518E+04  1.252562E+03 -3.716323E+03
        78 -1.517324E+04  6.029753E+02  1.517955E+04
        80 -5.494638E+03  9.446646E+02 -1.166746E+04
        82 -1.798389E+04  1.935455E+03 -3.779579E+03
        84 -1.509721E+04  9.915466E+02  1.524824E+04
        86 -6.319027E+03  1.001538E+03 -1.267880E+04
        88 -1.898203E+04  2.171776E+03 -3.770847E+03
        90 -1.519237E+04  1.173012E+03  1.603077E+04
        92 -5.250390E+03  3.209319E+03 -7.299595E+03
        94 -1.324002E+04  7.356828E+03 -1.951903E+03
        96 -9.254348E+03  4.164159E+03  8.785253E+03

 internal energy (element, energy) for set EALL and time  0.1175000E+01

         1  1.728018E+03
         2  8.992474E+02
         3  3.937962E+02
         4  7.708827E+01
         5  4.133303E+01
         6  1.728018E+03
         7  8.992474E+02
         8  3.937962E+02
         9  7.708827E+01
        10  4.133303E+01
        11  1.465433E+02
        12  2.249670E+02
        13  1.186232E+02
        14  1.927007E+02
        15  1.116675E+02
        16  1.854732E+02
        17  1.122818E+02
        18  1.848850E+02
        19  4.114345E+01
        20  6.761359E+01
        21  4.114345E+01
        22  6.761359E+01
        23  1.122818E+02
        24  1.848850E+02
        25  1.116675E+02
        26  1.854732E+02
        27  1.186232E+02
        28  1.927007E+02
        29  1.465433E+02
        30  2.249670E+02
        31  3.203487E+03
        32  1.623687E+03
        33  5.988028E+02
        34  1.191495E+02
        35  6.982571E+01
        36  3.203487E+03
        37  1.623687E+03
        38  5.988028E+02
        39  1.191495E+02
        40  6.982571E+01
        41  1.595241E+02
        42  2.445868E+02
        43  1.717806E+02
        44  2.595861E+02
        45  1.704148E+02
        46  2.586985E+02
        47  1.713094E+02
        48  2.609601E+02
        49  6.255665E+01
        50  9.564661E+01
        51  6.255665E+01
        52  9.564661E+01
        53  1.713094E+02
        54  2.609601E+02
        55  1.704148E+02
        56  2.586985E+02
        57  1.717806E+02
        58  2.595861E+02
        59  1.595241E+02
        60  2.445868E+02
        61  3.324083E+03
        62  1.714084E+03
        63  6.796917E+02
        64  1.400784E+02
        65  7.743777E+01
        66  3.324083E+03
        67  1.714084E+03
        68  6.796917E+02
        69  1.400784E+02
        70  7.743777E+01
        71  1.660134E+02
        72  2.564551E+02
        73  1.772373E+02
        74  2.713023E+02
        75  1.840792E+02
        76  2.814895E+02
        77  1.864901E+02
        78  2.864220E+02
        79  6.769167E+01
        80  1.046837E+02
        81  6.769167E+01
        82  1.046837E+02
        83  1.864901E+02
        84  2.864220E+02
        85  1.840792E+02
        86  2.814895E+02
        87  1.772373E+02
        88  2.713023E+02
        89  1.660134E+02
        90  2.564551E+02
        91  3.296534E+03
        92  1.673402E+03
        93  6.758559E+02
        94  1.442267E+02
        95  7.220585E+01
        96  3.296534E+03
        97  1.673402E+03
        98  6.758559E+02
        99  1.442267E+02
       100  7.220585E+01
       101  1.691144E+02
       102  2.659381E+02
       103  1.727408E+02
       104  2.710658E+02
       105  1.767739E+02
       106  2.765195E+02
       107  1.795749E+02
       108  2.796701E+02
       109  6.544368E+01
       110  1.018851E+02
       111  6.544368E+01
       112  1.018851E+02
       113  1.795749E+02
       114  2.796701E+02
       115  1.767739E+02
       116  2.765195E+02
       117  1.727408E+02
       118  2.710658E+02
       119  1.691144E+02
       120  2.659381E+02
       121  3.235862E+03
       122  1.637570E+03
       123  6.553338E+02
       124  1.414684E+02
       125  6.547716E+01
       126  3.235862E+03
       127  1.637570E+03
       128  6.553338E+02
       129  1.414684E+02
       130  6.547716E+01
       131  1.635960E+02
       132  2.629046E+02
       133  1.646178E+02
       134  2.636351E+02
       135  1.661804E+02
       136  2.648573E+02
       137  1.678298E+02
       138  2.659261E+02
       139  6.120045E+01
       140  9.677306E+01
       141  6.120045E+01
       142  9.677306E+01
       143  1.678298E+02
       144  2.659261E+02
       145  1.661804E+02
       146  2.648573E+02
       147  1.646178E+02
       148  2.636351E+02
       149  1.635960E+02
       150  2.629046E+02
       151  3.137722E+03
       152  1.592752E+03
       153  6.388155E+02
       154  1.395631E+02
       155  6.033205E+01
       156  3.137722E+03
       157  1.592752E+03
       158  6.388155E+02
       159  1.395631E+02
       160  6.033205E+01
       161  1.566068E+02
       162  2.546122E+02
       163  1.569368E+02
       164  2.542474E+02
       165  1.576942E+02
       166  2.543694E+02
       167  1.588067E+02
       168  2.548605E+02
       169  5.786612E+01
       170  9.268664E+01
       171  5.786612E+01
       172  9.268664E+01
       173  1.588067E+02
       174  2.548605E+02
       175  1.576942E+02
       176  2.543694E+02
       177  1.569368E+02
       178  2.542474E+02
       179  1.566068E+02
       180  2.546122E+02
       181  3.019969E+03
       182  1.537237E+03
       183  6.205786E+02
       184  1.378960E+02
       185  5.606545E+01
       186  3.019969E+03
       187  1.537237E+03
       188  6.205786E+02
       189  1.378960E+02
       190  5.606545E+01
       191  1.489250E+02
       192  2.444908E+02
       193  1.491932E+02
       194  2.442933E+02
       195  1.497559E+02
       196  2.444751E+02
       197  1.507569E+02
       198  2.450216E+02
       199  5.491571E+01
       200  8.911202E+01
       201  5.491571E+01
       202  8.911202E+01
       203  1.507569E+02
       204  2.450216E+02
       205  1.497559E+02
       206  2.444751E+02
       207  1.491932E+02
       208  2.442933E+02
       209  1.489250E+02
       210  2.444908E+02
       211  2.896016E+03
       212  1.477457E+03
       213  6.004070E+02
       214  1.357109E+02
       215  5.222410E+01
       216  2.896016E+03
       217  1.477457E+03
       218  6.004070E+02
       219  1.357109E+02
       220  5.222410E+01
       221  1.412469E+02
       222  2.342132E+02
       223  1.415423E+02
       224  2.343081E+02
       225  1.420878E+02
       226  2.347366E+02
       227  1.430842E+02
       228  2.354189E+02
       229  5.210786E+01
       230  8.562470E+01
       231  5.210786E+01
       232  8.562470E+01
       233  1.430842E+02
       234  2.354189E+02
       235  1.420878E+02
       236  2.347366E+02
       237  1.415423E+02
       238  2.343081E+02
       239  1.412469E+02
       240  2.342132E+02
       241  2.769303E+03
       242  1.414750E+03
       243  5.786264E+02
       244  1.329138E+02
       245  4.867478E+01
       246  2.769303E+03
       247  1.414750E+03
       248  5.786264E+02
       249  1.329138E+02
       250  4.867478E+01
       251  1.336867E+02
       252  2.241563E+02
       253  1.339984E+02
       254  2.244278E+02
       255  1.345499E+02
       256  2.250271E+02
       257  1.355689E+02
       258  2.258065E+02
       259  4.936228E+01
       260  8.212882E+01
       261  4.936228E+01
       262  8.212882E+01
       263  1.355689E+02
       264  2.258065E+02
       265  1.345499E+02
       266  2.250271E+02
       267  1.339984E+02
       268  2.244278E+02
       269  1.336867E+02
       270  2.241563E+02
       271  2.639682E+03
       272  1.349137E+03
       273  5.554471E+02
       274  1.295656E+02
       275  4.538232E+01
       276  2.639682E+03
       277  1.349137E+03
       278  5.554471E+02
       279  1.295656E+02
       280  4.538232E+01
       281  1.262758E+02
       282  2.142953E+02
       283  1.265900E+02
       284  2.146501E+02
       285  1.271456E+02
       286  2.153408E+02
       287  1.281977E+02
       288  2.161787E+02
       289  4.667352E+01
       290  7.862392E+01
       291  4.667352E+01
       292  7.862392E+01
       293  1.281977E+02
       294  2.161787E+02
       295  1.271456E+02
       296  2.153408E+02
       297  1.265900E+02
       298  2.146501E+02
       299  1.262758E+02
       300  2.142953E+02
       301  2.507119E+03
       302  1.280868E+03
       303  5.310026E+02
       304  1.257199E+02
       305  4.233249E+01
       306  2.507119E+03
       307  1.280868E+03
       308  5.310026E+02
       309  1.257199E+02
       310  4.233249E+01
       311  1.190246E+02
       312  2.045598E+02
       313  1.193360E+02
       314  2.049455E+02
       315  1.198912E+02
       316  2.056760E+02
       317  1.209781E+02
       318  2.065406E+02
       319  4.404145E+01
       320  7.511090E+01
       321  4.404145E+01
       322  7.511090E+01
       323  1.209781E+02
       324  2.065406E+02
       325  1.198912E+02
       326  2.056760E+02
       327  1.193360E+02
       328  2.049455E+02
       329  1.190246E+02
       330  2.045598E+02
       331  2.371556E+03
       332  1.210128E+03
       333  5.054213E+02
       334  1.214296E+02
       335  3.950467E+01
       336  2.371556E+03
       337  1.210128E+03
       338  5.054213E+02
       339  1.214296E+02
       340  3.950467E+01
       341  1.119495E+02
       342  1.949150E+02
       343  1.122549E+02
       344  1.952980E+02
       345  1.128035E+02
       346  1.960291E+02
       347  1.139157E+02
       348  1.968857E+02
       349  4.146462E+01
       350  7.158543E+01
       351  4.146462E+01
       352  7.158543E+01
       353  1.139157E+02
       354  1.968857E+02
       355  1.128035E+02
       356  1.960291E+02
       357  1.122549E+02
       358  1.952980E+02
       359  1.119495E+02
       360  1.949150E+02
       361  2.232206E+03
       362  1.136782E+03
       363  4.789117E+02
       364  1.168043E+02
       365  3.686729E+01
       366  2.232206E+03
       367  1.136782E+03
       368  4.789117E+02
       369  1.168043E+02
       370  3.686729E+01
       371  1.050655E+02
       372  1.853643E+02
       373  1.053640E+02
       374  1.857241E+02
       375  1.059016E+02
       376  1.864268E+02
       377  1.070230E+02
       378  1.872398E+02
       379  3.894507E+01
       380  6.805580E+01
       381  3.894507E+01
       382  6.805580E+01
       383  1.070230E+02
       384  1.872398E+02
       385  1.059016E+02
       386  1.864268E+02
       387  1.053640E+02
       388  1.857241E+02
       389  1.050655E+02
       390  1.853643E+02
       391  2.090585E+03
       392  1.061184E+03
       393  4.520806E+02
       394  1.120091E+02
       395  3.438776E+01
       396  2.090585E+03
       397  1.061184E+03
       398  4.520806E+02
       399  1.120091E+02
       400  3.438776E+01
       401  9.838167E+01
       402  1.759298E+02
       403  9.867760E+01
       404  1.762660E+02
       405  9.920873E+01
       406  1.769380E+02
       407  1.003348E+02
       408  1.776992E+02
       409  3.649793E+01
       410  6.456296E+01
       411  3.649793E+01
       412  6.456296E+01
       413  1.003348E+02
       414  1.776992E+02
       415  9.920873E+01
       416  1.769380E+02
       417  9.867760E+01
       418  1.762660E+02
       419  9.838167E+01
       420  1.759298E+02
       421  1.955329E+03
       422  9.911306E+02
       423  4.261559E+02
       424  1.071416E+02
       425  3.206785E+01
       426  1.955329E+03
       427  9.911306E+02
       428  4.261559E+02
       429  1.071416E+02
       430  3.206785E+01
       431  9.190222E+01
       432  1.666322E+02
       433  9.220438E+01
       434  1.669661E+02
       435  9.274303E+01
       436  1.676388E+02
       437  9.389631E+01
       438  1.683898E+02
       439  3.414728E+01
       440  6.116394E+01
       441  3.414728E+01
       442  6.116394E+01
       443  9.389631E+01
       444  1.683898E+02
       445  9.274303E+01
       446  1.676388E+02
       447  9.220438E+01
       448  1.669661E+02
       449  9.190222E+01
       450  1.666322E+02
       451  1.830166E+03
       452  9.299366E+02
       453  4.016044E+02
       454  1.023129E+02
       455  2.995309E+01
       456  1.830166E+03
       457  9.299366E+02
       458  4.016044E+02
       459  1.023129E+02
       460  2.995309E+01
       461  8.562990E+01
       462  1.574795E+02
       463  8.594700E+01
       464  1.578384E+02
       465  8.650814E+01
       466  1.585534E+02
       467  8.772373E+01
       468  1.593520E+02
       469  3.190258E+01
       470  5.787601E+01
       471  3.190258E+01
       472  5.787601E+01
       473  8.772373E+01
       474  1.593520E+02
       475  8.650814E+01
       476  1.585534E+02
       477  8.594700E+01
       478  1.578384E+02
       479  8.562990E+01
       480  1.574795E+02
       481  1.708591E+03
       482  8.708653E+02
       483  3.775981E+02
       484  9.754792E+01
       485  2.806156E+01
       486  1.708591E+03
       487  8.708653E+02
       488  3.775981E+02
       489  9.754792E+01
       490  2.806156E+01
       491  7.956899E+01
       492  1.484660E+02
       493  7.990404E+01
       494  1.488637E+02
       495  8.049351E+01
       496  1.496404E+02
       497  8.179036E+01
       498  1.505091E+02
       499  2.974905E+01
       500  5.466195E+01
       501  2.974905E+01
       502  5.466195E+01
       503  8.179036E+01
       504  1.505091E+02
       505  8.049351E+01
       506  1.496404E+02
       507  7.990404E+01
       508  1.488637E+02
       509  7.956899E+01
       510  1.484660E+02
       511  1.586744E+03
       512  8.115245E+02
       513  3.534932E+02
       514  9.270758E+01
       515  2.636169E+01
       516  1.586744E+03
       517  8.115245E+02
       518  3.534932E+02
       519  9.270758E+01
       520  2.636169E+01
       521  7.372543E+01
       522  1.395813E+02
       523  7.407340E+01
       524  1.400101E+02
       525  7.468428E+01
       526  1.408367E+02
       527  7.605807E+01
       528  1.417580E+02
       529  2.766663E+01
       530  5.147544E+01
       531  2.766663E+01
       532  5.147544E+01
       533  7.605807E+01
       534  1.417580E+02
       535  7.468428E+01
       536  1.408367E+02
       537  7.407340E+01
       538  1.400101E+02
       539  7.372543E+01
       540  1.395813E+02
       541  1.464973E+03
       542  7.522308E+02
       543  3.291804E+02
       544  8.770006E+01
       545  2.481273E+01
       546  1.464973E+03
       547  7.522308E+02
       548  3.291804E+02
       549  8.770006E+01
       550  2.481273E+01
       551  6.810564E+01
       552  1.308259E+02
       553  6.845588E+01
       554  1.312609E+02
       555  6.907188E+01
       556  1.321034E+02
       557  7.050219E+01
       558  1.330372E+02
       559  2.564340E+01
       560  4.829042E+01
       561  2.564340E+01
       562  4.829042E+01
       563  7.050219E+01
       564  1.330372E+02
       565  6.907188E+01
       566  1.321034E+02
       567  6.845588E+01
       568  1.312609E+02
       569  6.810564E+01
       570  1.308259E+02
       571  1.343424E+03
       572  6.930746E+02
       573  3.047841E+02
       574  8.258016E+01
       575  2.337644E+01
       576  1.343424E+03
       577  6.930746E+02
       578  3.047841E+02
       579  8.258016E+01
       580  2.337644E+01
       581  6.271483E+01
       582  1.222215E+02
       583  6.305721E+01
       584  1.226337E+02
       585  6.366080E+01
       586  1.234496E+02
       587  6.511562E+01
       588  1.243406E+02
       589  2.367455E+01
       590  4.510241E+01
       591  2.367455E+01
       592  4.510241E+01
       593  6.511562E+01
       594  1.243406E+02
       595  6.366080E+01
       596  1.234496E+02
       597  6.305721E+01
       598  1.226337E+02
       599  6.271483E+01
       600  1.222215E+02
       601  1.215959E+03
       602  6.339416E+02
       603  2.807631E+02
       604  7.750285E+01
       605  2.199840E+01
       606  1.215959E+03
       607  6.339416E+02
       608  2.807631E+02
       609  7.750285E+01
       610  2.199840E+01
       611  5.755540E+01
       612  1.138069E+02
       613  5.788619E+01
       614  1.141813E+02
       615  5.846881E+01
       616  1.149427E+02
       617  5.991681E+01
       618  1.157456E+02
       619  2.176626E+01
       620  4.194223E+01
       621  2.176626E+01
       622  4.194223E+01
       623  5.991681E+01
       624  1.157456E+02
       625  5.846881E+01
       626  1.149427E+02
       627  5.788619E+01
       628  1.141813E+02
       629  5.755540E+01
       630  1.138069E+02
       631  1.084904E+03
       632  5.761190E+02
       633  2.579563E+02
       634  7.252097E+01
       635  2.063600E+01
       636  1.084904E+03
       637  5.761190E+02
       638  2.579563E+02
       639  7.252097E+01
       640  2.063600E+01
       641  5.262755E+01
       642  1.056247E+02
       643  5.295019E+01
       644  1.059708E+02
       645  5.351711E+01
       646  1.066892E+02
       647  5.495433E+01
       648  1.074160E+02
       649  1.994312E+01
       650  3.888362E+01
       651  1.994312E+01
       652  3.888362E+01
       653  5.495433E+01
       654  1.074160E+02
       655  5.351711E+01
       656  1.066892E+02
       657  5.295019E+01
       658  1.059708E+02
       659  5.262755E+01
       660  1.056247E+02
       661  9.769051E+02
       662  5.259940E+02
       663  2.367302E+02
       664  6.766676E+01
       665  1.934214E+01
       666  9.769051E+02
       667  5.259940E+02
       668  2.367302E+02
       669  6.766676E+01
       670  1.934214E+01
       671  4.793247E+01
       672  9.771165E+01
       673  4.825291E+01
       674  9.805170E+01
       675  4.881634E+01
       676  9.876748E+01
       677  5.027359E+01
       678  9.948676E+01
       679  1.823260E+01
       680  3.598837E+01
       681  1.823260E+01
       682  3.598837E+01
       683  5.027359E+01
       684  9.948676E+01
       685  4.881634E+01
       686  9.876748E+01
       687  4.825291E+01
       688  9.805170E+01
       689  4.793247E+01
       690  9.771165E+01
       691  8.899830E+02
       692  4.822319E+02
       693  2.172343E+02
       694  6.315808E+01
       695  1.822682E+01
       696  8.899830E+02
       697  4.822319E+02
       698  2.172343E+02
       699  6.315808E+01
       700  1.822682E+01
       701  4.347358E+01
       702  9.009505E+01
       703  4.379585E+01
       704  9.044070E+01
       705  4.436347E+01
       706  9.117758E+01
       707  4.586950E+01
       708  9.193135E+01
       709  1.663292E+01
       710  3.323819E+01
       711  1.663292E+01
       712  3.323819E+01
       713  4.586950E+01
       714  9.193135E+01
       715  4.436347E+01
       716  9.117758E+01
       717  4.379585E+01
       718  9.044070E+01
       719  4.347358E+01
       720  9.009505E+01
       721  8.026999E+02
       722  4.391575E+02
       723  1.992158E+02
       724  5.912553E+01
       725  1.728489E+01
       726  8.026999E+02
       727  4.391575E+02
       728  1.992158E+02
       729  5.912553E+01
       730  1.728489E+01
       731  3.925288E+01
       732  8.278944E+01
       733  3.957962E+01
       734  8.313621E+01
       735  4.015319E+01
       736  8.388189E+01
       737  4.170163E+01
       738  8.463881E+01
       739  1.511693E+01
       740  3.057391E+01
       741  1.511693E+01
       742  3.057391E+01
       743  4.170163E+01
       744  8.463881E+01
       745  4.015319E+01
       746  8.388189E+01
       747  3.957962E+01
       748  8.313621E+01
       749  3.925288E+01
       750  8.278944E+01
       751  7.111500E+02
       752  3.973421E+02
       753  1.823641E+02
       754  5.538509E+01
       755  1.639677E+01
       756  7.111500E+02
       757  3.973421E+02
       758  1.823641E+02
       759  5.538509E+01
       760  1.639677E+01
       761  3.526660E+01
       762  7.579295E+01
       763  3.560238E+01
       764  7.613920E+01
       765  3.618663E+01
       766  7.688303E+01
       767  3.775969E+01
       768  7.760870E+01
       769  1.367477E+01
       770  2.799614E+01
       771  1.367477E+01
       772  2.799614E+01
       773  3.775969E+01
       774  7.760870E+01
       775  3.618663E+01
       776  7.688303E+01
       777  3.560238E+01
       778  7.613920E+01
       779  3.526660E+01
       780  7.579295E+01
       781  6.288417E+02
       782  3.594298E+02
       783  1.665199E+02
       784  5.169302E+01
       785  1.551984E+01
       786  6.288417E+02
       787  3.594298E+02
       788  1.665199E+02
       789  5.169302E+01
       790  1.551984E+01
       791  3.150619E+01
       792  6.908947E+01
       793  3.185830E+01
       794  6.945212E+01
       795  3.246582E+01
       796  7.022181E+01
       797  3.407814E+01
       798  7.095546E+01
       799  1.232835E+01
       800  2.556520E+01
       801  1.232835E+01
       802  2.556520E+01
       803  3.407814E+01
       804  7.095546E+01
       805  3.246582E+01
       806  7.022181E+01
       807  3.185830E+01
       808  6.945212E+01
       809  3.150619E+01
       810  6.908947E+01
       811  5.739718E+02
       812  3.262866E+02
       813  1.518182E+02
       814  4.816555E+01
       815  1.477303E+01
       816  5.739718E+02
       817  3.262866E+02
       818  1.518182E+02
       819  4.816555E+01
       820  1.477303E+01
       821  2.796325E+01
       822  6.265588E+01
       823  2.833872E+01
       824  6.306138E+01
       825  2.898390E+01
       826  6.390460E+01
       827  3.068015E+01
       828  6.472197E+01
       829  1.109629E+01
       830  2.330270E+01
       831  1.109629E+01
       832  2.330270E+01
       833  3.068015E+01
       834  6.472197E+01
       835  2.898390E+01
       836  6.390460E+01
       837  2.833872E+01
       838  6.306138E+01
       839  2.796325E+01
       840  6.265588E+01
       841  5.187247E+02
       842  2.954627E+02
       843  1.382900E+02
       844  4.497339E+01
       845  1.424605E+01
       846  5.187247E+02
       847  2.954627E+02
       848  1.382900E+02
       849  4.497339E+01
       850  1.424605E+01
       851  2.463210E+01
       852  5.646789E+01
       853  2.503435E+01
       854  5.693231E+01
       855  2.572531E+01
       856  5.787526E+01
       857  2.754127E+01
       858  5.880782E+01
       859  9.966238E+00
       860  2.115772E+01
       861  9.966238E+00
       862  2.115772E+01
       863  2.754127E+01
       864  5.880782E+01
       865  2.572531E+01
       866  5.787526E+01
       867  2.503435E+01
       868  5.693231E+01
       869  2.463210E+01
       870  5.646789E+01
       871  4.638367E+02
       872  2.652922E+02
       873  1.253628E+02
       874  4.199183E+01
       875  1.389660E+01
       876  4.638367E+02
       877  2.652922E+02
       878  1.253628E+02
       879  4.199183E+01
       880  1.389660E+01
       881  2.150794E+01
       882  5.050490E+01
       883  2.193662E+01
       884  5.102635E+01
       885  2.267412E+01
       886  5.206465E+01
       887  2.462147E+01
       888  5.309339E+01
       889  8.914755E+00
       890  1.907422E+01
       891  8.914755E+00
       892  1.907422E+01
       893  2.462147E+01
       894  5.309339E+01
       895  2.267412E+01
       896  5.206465E+01
       897  2.193662E+01
       898  5.102635E+01
       899  2.150794E+01
       900  5.050490E+01
       901  4.106078E+02
       902  2.358477E+02
       903  1.126814E+02
       904  3.904330E+01
       905  1.365232E+01
       906  4.106078E+02
       907  2.358477E+02
       908  1.126814E+02
       909  3.904330E+01
       910  1.365232E+01
       911  1.858468E+01
       912  4.475847E+01
       913  1.903852E+01
       914  4.532373E+01
       915  1.982103E+01
       916  4.644061E+01
       917  2.190198E+01
       918  4.753721E+01
       919  7.932038E+00
       920  1.703681E+01
       921  7.932038E+00
       922  1.703681E+01
       923  2.190198E+01
       924  4.753721E+01
       925  1.982103E+01
       926  4.644061E+01
       927  1.903852E+01
       928  4.532373E+01
       929  1.858468E+01
       930  4.475847E+01
       931  3.592671E+02
       932  2.072823E+02
       933  1.002518E+02
       934  3.608103E+01
       935  1.348178E+01
       936  3.592671E+02
       937  2.072823E+02
       938  1.002518E+02
       939  3.608103E+01
       940  1.348178E+01
       941  1.585571E+01
       942  3.924253E+01
       943  1.633611E+01
       944  3.983347E+01
       945  1.716495E+01
       946  4.101208E+01
       947  1.938621E+01
       948  4.215922E+01
       949  7.020617E+00
       950  1.505676E+01
       951  7.020617E+00
       952  1.505676E+01
       953  1.938621E+01
       954  4.215922E+01
       955  1.716495E+01
       956  4.101208E+01
       957  1.633611E+01
       958  3.983347E+01
       959  1.585571E+01
       960  3.924253E+01
       961  3.100147E+02
       962  1.797178E+02
       963  8.813587E+01
       964  3.312644E+01
       965  1.338575E+01
       966  3.100147E+02
       967  1.797178E+02
       968  8.813587E+01
       969  3.312644E+01
       970  1.338575E+01
       971  1.331729E+01
       972  3.399940E+01
       973  1.383065E+01
       974  3.459008E+01
       975  1.471196E+01
       976  3.581029E+01
       977  1.708791E+01
       978  3.699709E+01
       979  6.186080E+00
       980  1.314978E+01
       981  6.186080E+00
       982  1.314978E+01
       983  1.708791E+01
       984  3.699709E+01
       985  1.471196E+01
       986  3.581029E+01
       987  1.383065E+01
       988  3.459008E+01
       989  1.331729E+01
       990  3.399940E+01
       991  2.630228E+02
       992  1.532771E+02
       993  7.640967E+01
       994  3.021843E+01
       995  1.337831E+01
       996  2.630228E+02
       997  1.532771E+02
       998  7.640967E+01
       999  3.021843E+01
      1000  1.337831E+01
      1001  1.097343E+01
      1002  2.909874E+01
      1003  1.153208E+01
      1004  2.964526E+01
      1005  1.247564E+01
      1006  3.087292E+01
      1007  1.502570E+01
      1008  3.208548E+01
      1009  5.432877E+00
      1010  1.132835E+01
      1011  5.432877E+00
      1012  1.132835E+01
      1013  1.502570E+01
      1014  3.208548E+01
      1015  1.247564E+01
      1016  3.087292E+01
      1017  1.153208E+01
      1018  2.964526E+01
      1019  1.097343E+01
      1020  2.909874E+01
      1021  2.184786E+02
      1022  1.280938E+02
      1023  6.516169E+01
      1024  2.740723E+01
      1025  1.348093E+01
      1026  2.184786E+02
      1027  1.280938E+02
      1028  6.516169E+01
      1029  2.740723E+01
      1030  1.348093E+01
      1031  8.844682E+00
      1032  2.463147E+01
      1033  9.466669E+00
      1034  2.505961E+01
      1035  1.048160E+01
      1036  2.623468E+01
      1037  1.322427E+01
      1038  2.744937E+01
      1039  4.763542E+00
      1040  9.600607E+00
      1041  4.763542E+00
      1042  9.600607E+00
      1043  1.322427E+01
      1044  2.744937E+01
      1045  1.048160E+01
      1046  2.623468E+01
      1047  9.466669E+00
      1048  2.505961E+01
      1049  8.844682E+00
      1050  2.463147E+01
      1051  1.765940E+02
      1052  1.043239E+02
      1053  5.449788E+01
      1054  2.475453E+01
      1055  1.371984E+01
      1056  1.765940E+02
      1057  1.043239E+02
      1058  5.449788E+01
      1059  2.475453E+01
      1060  1.371984E+01
      1061  6.986278E+00
      1062  2.070171E+01
      1063  7.693760E+00
      1064  2.089553E+01
      1065  8.778424E+00
      1066  2.192033E+01
      1067  1.171891E+01
      1068  2.309856E+01
      1069  4.178149E+00
      1070  7.969357E+00
      1071  4.178149E+00
      1072  7.969357E+00
      1073  1.171891E+01
      1074  2.309856E+01
      1075  8.778424E+00
      1076  2.192033E+01
      1077  7.693760E+00
      1078  2.089553E+01
      1079  6.986278E+00
      1080  2.070171E+01
      1081  1.376300E+02
      1082  8.216718E+01
      1083  4.455693E+01
      1084  2.233502E+01
      1085  1.411819E+01
      1086  1.376300E+02
      1087  8.216718E+01
      1088  4.455693E+01
      1089  2.233502E+01
      1090  1.411819E+01
      1091  5.525362E+00
      1092  1.741978E+01
      1093  6.339607E+00
      1094  1.721676E+01
      1095  7.460597E+00
      1096  1.794491E+01
      1097  1.056718E+01
      1098  1.902689E+01
      1099  3.673040E+00
      1100  6.433047E+00
      1101  3.673040E+00
      1102  6.433047E+00
      1103  1.056718E+01
      1104  1.902689E+01
      1105  7.460597E+00
      1106  1.794491E+01
      1107  6.339607E+00
      1108  1.721676E+01
      1109  5.525362E+00
      1110  1.741978E+01
      1111  1.019216E+02
      1112  6.190336E+01
      1113  3.554013E+01
      1114  2.024090E+01
      1115  1.467418E+01
      1116  1.019216E+02
      1117  6.190336E+01
      1118  3.554013E+01
      1119  2.024090E+01
      1120  1.467418E+01
      1121  4.718428E+00
      1122  1.490089E+01
      1123  5.654390E+00
      1124  1.411009E+01
      1125  6.713657E+00
      1126  1.434460E+01
      1127  9.884977E+00
      1128  1.524231E+01
      1129  3.240108E+00
      1130  5.000621E+00
      1131  3.240108E+00
      1132  5.000621E+00
      1133  9.884977E+00
      1134  1.524231E+01
      1135  6.713657E+00
      1136  1.434460E+01
      1137  5.654390E+00
      1138  1.411009E+01
      1139  4.718428E+00
      1140  1.490089E+01
      1141  6.989584E+01
      1142  4.394385E+01
      1143  2.774273E+01
      1144  1.857011E+01
      1145  1.533377E+01
      1146  6.989584E+01
      1147  4.394385E+01
      1148  2.774273E+01
      1149  1.857011E+01
      1150  1.533377E+01
      1151  4.994601E+00
      1152  1.323706E+01
      1153  6.065654E+00
      1154  1.174218E+01
      1155  6.885179E+00
      1156  1.128858E+01
      1157  9.945249E+00
      1158  1.191076E+01
      1159  2.866450E+00
      1160  3.763679E+00
      1161  2.866450E+00
      1162  3.763679E+00
      1163  9.945249E+00
      1164  1.191076E+01
      1165  6.885179E+00
      1166  1.128858E+01
      1167  6.065654E+00
      1168  1.174218E+01
      1169  4.994601E+00
      1170  1.323706E+01
      1171  4.219161E+01
      1172  2.885717E+01
      1173  2.152260E+01
      1174  1.734978E+01
      1175  1.597420E+01
      1176  4.219161E+01
      1177  2.885717E+01
      1178  2.152260E+01
      1179  1.734978E+01
      1180  1.597420E+01
      1181  6.732028E+00
      1182  1.238081E+01
      1183  8.044231E+00
      1184  1.039223E+01
      1185  8.552914E+00
      1186  9.306332E+00
      1187  1.148969E+01
      1188  9.707368E+00
      1189  2.580635E+00
      1190  3.089560E+00
      1191  2.580635E+00
      1192  3.089560E+00
      1193  1.148969E+01
      1194  9.707368E+00
      1195  8.552914E+00
      1196  9.306332E+00
      1197  8.044231E+00
      1198  1.039223E+01
      1199  6.732028E+00
      1200  1.238081E+01
      1201  2.016352E+01
      1202  1.740450E+01
      1203  1.704983E+01
      1204  1.668880E+01
      1205  1.689788E+01
      1206  2.016352E+01
      1207  1.740450E+01
      1208  1.704983E+01
      1209  1.668880E+01
      1210  1.689788E+01
      1211  9.411956E+00
      1212  1.166742E+01
      1213  1.140927E+01
      1214  1.006111E+01
      1215  1.236051E+01
      1216  9.521214E+00
      1217  1.662121E+01
      1218  1.096529E+01
      1219  2.520938E+00
      1220  4.351283E+00
      1221  2.520938E+00
      1222  4.351283E+00
      1223  1.662121E+01
      1224  1.096529E+01
      1225  1.236051E+01
      1226  9.521214E+00
      1227  1.140927E+01
      1228  1.006111E+01
      1229  9.411956E+00
      1230  1.166742E+01
      1231  5.878581E+00
      1232  9.005315E+00
      1233  1.293950E+01
      1234  1.654702E+01
      1235  2.227491E+01
      1236  5.878581E+00
      1237  9.005315E+00
      1238  1.293950E+01
      1239  1.654702E+01
      1240  2.227491E+01
      1241  1.107494E+01
      1242  1.028932E+01
      1243  1.419964E+01
      1244  1.003707E+01
      1245  1.877076E+01
      1246  1.298728E+01
      1247  3.433641E+01
      1248  2.422338E+01
      1249  3.956341E+00
      1250  1.442191E+01
      1251  3.956341E+00
      1252  1.442191E+01
      1253  3.433641E+01
      1254  2.422338E+01
      1255  1.877076E+01
      1256  1.298728E+01
      1257  1.419964E+01
      1258  1.003707E+01
      1259  1.107494E+01
      1260  1.028932E+01
      1261  2.676477E-01
      1262  1.199374E+00
      1263  3.484612E+00
      1264  8.441603E+00
      1265  2.218748E+01
      1266  2.676477E-01
      1267  1.199374E+00
      1268  3.484612E+00
      1269  8.441603E+00
      1270  2.218748E+01
      1271  6.274121E+00
      1272  8.073803E+00
      1273  9.090155E+00
      1274  8.201953E+00
      1275  1.562490E+01
      1276  1.696271E+01
      1277  5.260803E+01
      1278  5.084934E+01
      1279  6.068379E+00
      1280  3.930103E+01
      1281  6.068379E+00
      1282  3.930103E+01
      1283  5.260803E+01
      1284  5.084934E+01
      1285  1.562490E+01
      1286  1.696271E+01
      1287  9.090155E+00
      1288  8.201953E+00
      1289  6.274121E+00
      1290  8.073803E+00

                                INCREMENT     4


 displacements (vx,vy,vz) for set TIP_TOP and time  0.1275000E+01

      2087  4.316754E-01 -1.461548E-02 -1.393722E+01
      2088  4.317371E-01 -1.443022E-02 -1.390477E+01
      2091  4.311111E-01 -1.403500E-02 -1.387246E+01
      2094  4.307390E-01 -1.148358E-02 -1.384248E+01
      2096  4.307891E-01 -4.585397E-03 -1.382304E+01
      2098  4.307077E-01 -3.981273E-14 -1.382185E+01
      2100  4.307891E-01  4.585397E-03 -1.382304E+01
      2103  4.307390E-01  1.148358E-02 -1.384248E+01
      2106  4.311111E-01  1.403500E-02 -1.387246E+01
      2109  4.317371E-01  1.443022E-02 -1.390477E+01
      2112  4.316754E-01  1.461548E-02 -1.393722E+01

 forces (fx,fy,fz) for set CLAMP and time  0.1275000E+01

         1  1.769231E+04  1.896490E+04  7.316063E+03
         4  3.079212E+04 -1.006922E-09  1.459075E+04
         5  2.748679E+04  3.328251E+04  3.010974E+03
         8  4.753874E+04 -3.268118E-09  6.163498E+03
         9  2.101662E+04  2.712002E+04  5.878069E+01
        12  3.664420E+04 -1.098436E-08  1.729932E+02
        13  1.204673E+04  1.537762E+04 -1.983540E+03
        16  2.105326E+04 -7.565968E-10 -3.917330E+03
        17  1.816637E+03  1.988155E+03 -2.419216E+03
        20  3.106188E+03 -2.881029E-09 -4.795915E+03
        21 -6.057870E+03 -3.791287E+03 -6.074699E+03
        24 -6.966918E+03 -9.111829E-10 -2.721979E+03
        26  1.769231E+04 -1.896490E+04  7.316063E+03
        28  2.748679E+04 -3.328251E+04  3.010974E+03
        30  2.101662E+04 -2.712002E+04  5.878069E+01
        32  1.204673E+04 -1.537762E+04 -1.983540E+03
        34  1.816637E+03 -1.988155E+03 -2.419216E+03
        36 -6.057870E+03  3.791287E+03 -6.074699E+03
        37 -4.232720E+03 -2.582293E+03 -5.877635E+03
        40 -5.109086E+03 -8.046706E+02 -1.021152E+04
        41 -1.065413E+04 -5.918404E+03 -1.575790E+03
        44 -1.527574E+04 -1.740593E+03 -3.044210E+03
        45 -7.439729E+03 -3.349517E+03  7.067891E+03
        48 -1.220266E+04 -9.380750E+02  1.289240E+04
        50 -4.463460E+03 -7.587826E+02 -9.399542E+03
        52 -1.446404E+04 -1.545593E+03 -3.050440E+03
        54 -1.209865E+04 -7.876024E+02  1.224879E+04
        56 -4.501104E+03 -5.216558E+02 -9.328337E+03
        58 -1.446029E+04 -9.859717E+02 -3.006926E+03
        60 -1.211311E+04 -4.706754E+02  1.216500E+04
        62 -9.950531E+03 -3.416343E+02 -1.956471E+03
        64 -8.263307E+03 -1.482932E+02  8.328582E+03
        66 -5.312556E+03 -7.489976E-09 -1.029273E+03
        68 -4.400370E+03 -3.578549E-10  4.452871E+03
        70 -9.950531E+03  3.416343E+02 -1.956471E+03
        72 -8.263307E+03  1.482932E+02  8.328582E+03
        74 -4.501104E+03  5.216558E+02 -9.328337E+03
        76 -1.446029E+04  9.859717E+02 -3.006926E+03
        78 -1.211311E+04  4.706754E+02  1.216500E+04
        80 -4.463460E+03  7.587826E+02 -9.399542E+03
        82 -1.446404E+04  1.545593E+03 -3.050440E+03
        84 -1.209865E+04  7.876024E+02  1.224879E+04
        86 -5.109086E+03  8.046706E+02 -1.021152E+04
        88 -1.527574E+04  1.740593E+03 -3.044210E+03
        90 -1.220266E+04  9.380750E+02  1.289240E+04
        92 -4.232720E+03  2.582293E+03 -5.877635E+03
        94 -1.065413E+04  5.918404E+03 -1.575790E+03
        96 -7.439729E+03  3.349517E+03  7.067891E+03

 internal energy (element, energy) for set EALL and time  0.1275000E+01

         1  1.161234E+03
         2  5.907356E+02
         3  2.674657E+02
         4  5.403051E+01
         5  2.636290E+01
         6  1.161234E+03
         7  5.907356E+02
         8  2.674657E+02
         9  5.403051E+01
        10  2.636290E+01
        11  9.491626E+01
        12  1.458137E+02
        13  7.679839E+01
        14  1.247796E+02
        15  7.220984E+01
        16  1.198590E+02
        17  7.230321E+01
        18  1.191272E+02
        19  2.641586E+01
        20  4.349268E+01
        21  2.641586E+01
        22  4.349268E+01
        23  7.230321E+01
        24  1.191272E+02
        25  7.220984E+01
        26  1.198590E+02
        27  7.679839E+01
        28  1.247796E+02
        29  9.491626E+01
        30  1.458137E+02
        31  2.596016E+03
        32  1.144923E+03
        33  4.083262E+02
        34  8.288061E+01
        35  4.428237E+01
        36  2.596016E+03
        37  1.144923E+03
        38  4.083262E+02
        39  8.288061E+01
        40  4.428237E+01
        41  1.032996E+02
        42  1.591664E+02
        43  1.111366E+02
        44  1.688798E+02
        45  1.101288E+02
        46  1.683120E+02
        47  1.106111E+02
        48  1.698647E+02
        49  4.039982E+01
        50  6.229477E+01
        51  4.039982E+01
        52  6.229477E+01
        53  1.106111E+02
        54  1.698647E+02
        55  1.101288E+02
        56  1.683120E+02
        57  1.111366E+02
        58  1.688798E+02
        59  1.032996E+02
        60  1.591664E+02
        61  2.676847E+03
        62  1.207020E+03
        63  4.685720E+02
        64  9.795018E+01
        65  4.947976E+01
        66  2.676847E+03
        67  1.207020E+03
        68  4.685720E+02
        69  9.795018E+01
        70  4.947976E+01
        71  1.075295E+02
        72  1.673971E+02
        73  1.147793E+02
        74  1.771099E+02
        75  1.192244E+02
        76  1.838416E+02
        77  1.208960E+02
        78  1.872107E+02
        79  4.391151E+01
        80  6.846515E+01
        81  4.391151E+01
        82  6.846515E+01
        83  1.208960E+02
        84  1.872107E+02
        85  1.192244E+02
        86  1.838416E+02
        87  1.147793E+02
        88  1.771099E+02
        89  1.075295E+02
        90  1.673971E+02
        91  2.658926E+03
        92  1.178003E+03
        93  4.687639E+02
        94  1.018605E+02
        95  4.636949E+01
        96  2.658926E+03
        97  1.178003E+03
        98  4.687639E+02
        99  1.018605E+02
       100  4.636949E+01
       101  1.096098E+02
       102  1.739437E+02
       103  1.120064E+02
       104  1.773416E+02
       105  1.146914E+02
       106  1.809769E+02
       107  1.166152E+02
       108  1.831487E+02
       109  4.252238E+01
       110  6.675039E+01
       111  4.252238E+01
       112  6.675039E+01
       113  1.166152E+02
       114  1.831487E+02
       115  1.146914E+02
       116  1.809769E+02
       117  1.120064E+02
       118  1.773416E+02
       119  1.096098E+02
       120  1.739437E+02
       121  2.620637E+03
       122  1.158718E+03
       123  4.555763E+02
       124  1.003367E+02
       125  4.215213E+01
       126  2.620637E+03
       127  1.158718E+03
       128  4.555763E+02
       129  1.003367E+02
       130  4.215213E+01
       131  1.061014E+02
       132  1.721668E+02
       133  1.068095E+02
       134  1.726692E+02
       135  1.078850E+02
       136  1.735122E+02
       137  1.090322E+02
       138  1.742794E+02
       139  3.977712E+01
       140  6.343753E+01
       141  3.977712E+01
       142  6.343753E+01
       143  1.090322E+02
       144  1.742794E+02
       145  1.078850E+02
       146  1.735122E+02
       147  1.068095E+02
       148  1.726692E+02
       149  1.061014E+02
       150  1.721668E+02
       151  2.544681E+03
       152  1.129725E+03
       153  4.445484E+02
       154  9.908804E+01
       155  3.891322E+01
       156  2.544681E+03
       157  1.129725E+03
       158  4.445484E+02
       159  9.908804E+01
       160  3.891322E+01
       161  1.016066E+02
       162  1.668096E+02
       163  1.018521E+02
       164  1.665822E+02
       165  1.023893E+02
       166  1.666894E+02
       167  1.031678E+02
       168  1.670564E+02
       169  3.760419E+01
       170  6.076412E+01
       171  3.760419E+01
       172  6.076412E+01
       173  1.031678E+02
       174  1.670564E+02
       175  1.023893E+02
       176  1.666894E+02
       177  1.018521E+02
       178  1.665822E+02
       179  1.016066E+02
       180  1.668096E+02
       181  2.448475E+03
       182  1.090242E+03
       183  4.317907E+02
       184  9.787432E+01
       185  3.623083E+01
       186  2.448475E+03
       187  1.090242E+03
       188  4.317907E+02
       189  9.787432E+01
       190  3.623083E+01
       191  9.662672E+01
       192  1.601778E+02
       193  9.682350E+01
       194  1.600581E+02
       195  9.722313E+01
       196  1.602009E+02
       197  9.791846E+01
       198  1.605962E+02
       199  3.567648E+01
       200  5.841432E+01
       201  3.567648E+01
       202  5.841432E+01
       203  9.791846E+01
       204  1.605962E+02
       205  9.722313E+01
       206  1.602009E+02
       207  9.682350E+01
       208  1.600581E+02
       209  9.662672E+01
       210  1.601778E+02
       211  2.345276E+03
       212  1.046442E+03
       213  4.173454E+02
       214  9.618833E+01
       215  3.381143E+01
       216  2.345276E+03
       217  1.046442E+03
       218  4.173454E+02
       219  9.618833E+01
       220  3.381143E+01
       221  9.162484E+01
       222  1.534022E+02
       223  9.183518E+01
       224  1.534767E+02
       225  9.221722E+01
       226  1.537816E+02
       227  9.290325E+01
       228  1.542616E+02
       229  3.383855E+01
       230  5.611195E+01
       231  3.383855E+01
       232  5.611195E+01
       233  9.290325E+01
       234  1.542616E+02
       235  9.221722E+01
       236  1.537816E+02
       237  9.183518E+01
       238  1.534767E+02
       239  9.162484E+01
       240  1.534022E+02
       241  2.238574E+03
       242  9.996158E+02
       243  4.015713E+02
       244  9.399658E+01
       245  3.156953E+01
       246  2.238574E+03
       247  9.996158E+02
       248  4.015713E+02
       249  9.399658E+01
       250  3.156953E+01
       251  8.668382E+01
       252  1.467461E+02
       253  8.690289E+01
       254  1.469392E+02
       255  8.728539E+01
       256  1.473572E+02
       257  8.798334E+01
       258  1.478989E+02
       259  3.203957E+01
       260  5.379669E+01
       261  3.203957E+01
       262  5.379669E+01
       263  8.798334E+01
       264  1.478989E+02
       265  8.728539E+01
       266  1.473572E+02
       267  8.690289E+01
       268  1.469392E+02
       269  8.668382E+01
       270  1.467461E+02
       271  2.128278E+03
       272  9.497912E+02
       273  3.846622E+02
       274  9.136225E+01
       275  2.948473E+01
       276  2.128278E+03
       277  9.497912E+02
       278  3.846622E+02
       279  9.136225E+01
       280  2.948473E+01
       281  8.183010E+01
       282  1.401987E+02
       283  8.204980E+01
       284  1.404482E+02
       285  8.243294E+01
       286  1.409273E+02
       287  8.315190E+01
       288  1.415068E+02
       289  3.027644E+01
       290  5.146895E+01
       291  3.027644E+01
       292  5.146895E+01
       293  8.315190E+01
       294  1.415068E+02
       295  8.243294E+01
       296  1.409273E+02
       297  8.204980E+01
       298  1.404482E+02
       299  8.183010E+01
       300  1.401987E+02
       301  2.014393E+03
       302  8.972255E+02
       303  3.667330E+02
       304  8.833278E+01
       305  2.754848E+01
       306  2.014393E+03
       307  8.972255E+02
       308  3.667330E+02
       309  8.833278E+01
       310  2.754848E+01
       311  7.707487E+01
       312  1.337167E+02
       313  7.729144E+01
       314  1.339865E+02
       315  7.767233E+01
       316  1.344910E+02
       317  7.841383E+01
       318  1.350867E+02
       319  2.854849E+01
       320  4.912813E+01
       321  2.854849E+01
       322  4.912813E+01
       323  7.841383E+01
       324  1.350867E+02
       325  7.767233E+01
       326  1.344910E+02
       327  7.729144E+01
       328  1.339865E+02
       329  7.707487E+01
       330  1.337167E+02
       331  1.896897E+03
       332  8.421081E+02
       333  3.478928E+02
       334  8.495461E+01
       335  2.574673E+01
       336  1.896897E+03
       337  8.421081E+02
       338  3.478928E+02
       339  8.495461E+01
       340  2.574673E+01
       341  7.243213E+01
       342  1.272812E+02
       343  7.264284E+01
       344  1.275465E+02
       345  7.301632E+01
       346  1.280472E+02
       347  7.377247E+01
       348  1.286328E+02
       349  2.685412E+01
       350  4.677014E+01
       351  2.685412E+01
       352  4.677014E+01
       353  7.377247E+01
       354  1.286328E+02
       355  7.301632E+01
       356  1.280472E+02
       357  7.264284E+01
       358  1.275465E+02
       359  7.243213E+01
       360  1.272812E+02
       361  1.775050E+03
       362  7.843184E+02
       363  3.283192E+02
       364  8.132234E+01
       365  2.405703E+01
       366  1.775050E+03
       367  7.843184E+02
       368  3.283192E+02
       369  8.132234E+01
       370  2.405703E+01
       371  6.791420E+01
       372  1.209002E+02
       373  6.811800E+01
       374  1.211449E+02
       375  6.848026E+01
       376  1.216195E+02
       377  6.923759E+01
       378  1.221665E+02
       379  2.519491E+01
       380  4.440183E+01
       381  2.519491E+01
       382  4.440183E+01
       383  6.923759E+01
       384  1.221665E+02
       385  6.848026E+01
       386  1.216195E+02
       387  6.811800E+01
       388  1.211449E+02
       389  6.791420E+01
       390  1.209002E+02
       391  1.650452E+03
       392  7.241941E+02
       393  3.085200E+02
       394  7.757651E+01
       395  2.245572E+01
       396  1.650452E+03
       397  7.241941E+02
       398  3.085200E+02
       399  7.757651E+01
       400  2.245572E+01
       401  6.352864E+01
       402  1.145944E+02
       403  6.372868E+01
       404  1.148185E+02
       405  6.408307E+01
       406  1.152647E+02
       407  6.483737E+01
       408  1.157667E+02
       409  2.358311E+01
       410  4.205662E+01
       411  2.358311E+01
       412  4.205662E+01
       413  6.483737E+01
       414  1.157667E+02
       415  6.408307E+01
       416  1.152647E+02
       417  6.372868E+01
       418  1.148185E+02
       419  6.352864E+01
       420  1.145944E+02
       421  1.531690E+03
       422  6.701721E+02
       423  2.895113E+02
       424  7.379941E+01
       425  2.094649E+01
       426  1.531690E+03
       427  6.701721E+02
       428  2.895113E+02
       429  7.379941E+01
       430  2.094649E+01
       431  5.927888E+01
       432  1.083821E+02
       433  5.948220E+01
       434  1.086024E+02
       435  5.983989E+01
       436  1.090457E+02
       437  6.060872E+01
       438  1.095360E+02
       439  2.203822E+01
       440  3.978086E+01
       441  2.203822E+01
       442  3.978086E+01
       443  6.060872E+01
       444  1.095360E+02
       445  5.983989E+01
       446  1.090457E+02
       447  5.948220E+01
       448  1.086024E+02
       449  5.927888E+01
       450  1.083821E+02
       451  1.422476E+03
       452  6.258628E+02
       453  2.716733E+02
       454  7.008258E+01
       455  1.956941E+01
       456  1.422476E+03
       457  6.258628E+02
       458  2.716733E+02
       459  7.008258E+01
       460  1.956941E+01
       461  5.516733E+01
       462  1.022703E+02
       463  5.538089E+01
       464  1.025089E+02
       465  5.575387E+01
       466  1.029825E+02
       467  5.656490E+01
       468  1.035076E+02
       469  2.056800E+01
       470  3.758866E+01
       471  2.056800E+01
       472  3.758866E+01
       473  5.656490E+01
       474  1.035076E+02
       475  5.575387E+01
       476  1.029825E+02
       477  5.538089E+01
       478  1.025089E+02
       479  5.516733E+01
       480  1.022703E+02
       481  1.316438E+03
       482  5.839318E+02
       483  2.543216E+02
       484  6.644639E+01
       485  1.834235E+01
       486  1.316438E+03
       487  5.839318E+02
       488  2.543216E+02
       489  6.644639E+01
       490  1.834235E+01
       491  5.119750E+01
       492  9.625492E+01
       493  5.142366E+01
       494  9.652290E+01
       495  5.181653E+01
       496  9.704219E+01
       497  5.268466E+01
       498  9.761999E+01
       499  1.916067E+01
       500  3.545014E+01
       501  1.916067E+01
       502  3.545014E+01
       503  5.268466E+01
       504  9.761999E+01
       505  5.181653E+01
       506  9.704219E+01
       507  5.142366E+01
       508  9.652290E+01
       509  5.119750E+01
       510  9.625492E+01
       511  1.209752E+03
       512  5.417794E+02
       513  2.369270E+02
       514  6.277649E+01
       515  1.724173E+01
       516  1.209752E+03
       517  5.417794E+02
       518  2.369270E+02
       519  6.277649E+01
       520  1.724173E+01
       521  4.737417E+01
       522  9.032789E+01
       523  4.760880E+01
       524  9.061881E+01
       525  4.801591E+01
       526  9.117407E+01
       527  4.893740E+01
       528  9.179042E+01
       529  1.780013E+01
       530  3.332814E+01
       531  1.780013E+01
       532  3.332814E+01
       533  4.893740E+01
       534  9.179042E+01
       535  4.801591E+01
       536  9.117407E+01
       537  4.760880E+01
       538  9.061881E+01
       539  4.737417E+01
       540  9.032789E+01
       541  1.102776E+03
       542  4.996684E+02
       543  2.194008E+02
       544  5.899804E+01
       545  1.623612E+01
       546  1.102776E+03
       547  4.996684E+02
       548  2.194008E+02
       549  5.899804E+01
       550  1.623612E+01
       551  4.370251E+01
       552  8.448980E+01
       553  4.393697E+01
       554  8.478348E+01
       555  4.434514E+01
       556  8.534727E+01
       557  4.530329E+01
       558  8.596974E+01
       559  1.647684E+01
       560  3.120184E+01
       561  1.647684E+01
       562  3.120184E+01
       563  4.530329E+01
       564  8.596974E+01
       565  4.434514E+01
       566  8.534727E+01
       567  4.393697E+01
       568  8.478348E+01
       569  4.370251E+01
       570  8.448980E+01
       571  9.956749E+02
       572  4.576773E+02
       573  2.018465E+02
       574  5.515734E+01
       575  1.529654E+01
       576  9.956749E+02
       577  4.576773E+02
       578  2.018465E+02
       579  5.515734E+01
       580  1.529654E+01
       581  4.018676E+01
       582  7.875818E+01
       583  4.041283E+01
       584  7.903133E+01
       585  4.080789E+01
       586  7.956935E+01
       587  4.177660E+01
       588  8.015365E+01
       589  1.518690E+01
       590  2.906788E+01
       591  1.518690E+01
       592  2.906788E+01
       593  4.177660E+01
       594  8.015365E+01
       595  4.080789E+01
       596  7.956935E+01
       597  4.041283E+01
       598  7.903133E+01
       599  4.018676E+01
       600  7.875818E+01
       601  8.823654E+02
       602  4.157175E+02
       603  1.846388E+02
       604  5.138187E+01
       605  1.438062E+01
       606  8.823654E+02
       607  4.157175E+02
       608  1.846388E+02
       609  5.138187E+01
       610  1.438062E+01
       611  3.682885E+01
       612  7.316423E+01
       613  3.704348E+01
       614  7.340492E+01
       615  3.741846E+01
       616  7.389476E+01
       617  3.837200E+01
       618  7.440439E+01
       619  1.393518E+01
       620  2.695119E+01
       621  1.393518E+01
       622  2.695119E+01
       623  3.837200E+01
       624  7.440439E+01
       625  3.741846E+01
       626  7.389476E+01
       627  3.704348E+01
       628  7.340492E+01
       629  3.682885E+01
       630  7.316423E+01
       631  7.653811E+02
       632  3.748336E+02
       633  1.684562E+02
       634  4.771349E+01
       635  1.345504E+01
       636  7.653811E+02
       637  3.748336E+02
       638  1.684562E+02
       639  4.771349E+01
       640  1.345504E+01
       641  3.362885E+01
       642  6.774202E+01
       643  3.383476E+01
       644  6.795788E+01
       645  3.419386E+01
       646  6.840863E+01
       647  3.512817E+01
       648  6.885343E+01
       649  1.274125E+01
       650  2.491087E+01
       651  1.274125E+01
       652  2.491087E+01
       653  3.512817E+01
       654  6.885343E+01
       655  3.419386E+01
       656  6.840863E+01
       657  3.383476E+01
       658  6.795788E+01
       659  3.362885E+01
       660  6.774202E+01
       661  6.736186E+02
       662  3.401613E+02
       663  1.535843E+02
       664  4.417620E+01
       665  1.256492E+01
       666  6.736186E+02
       667  3.401613E+02
       668  1.535843E+02
       669  4.417620E+01
       670  1.256492E+01
       671  3.058745E+01
       672  6.252048E+01
       673  3.078937E+01
       674  6.272932E+01
       675  3.114230E+01
       676  6.317326E+01
       677  3.208126E+01
       678  6.360811E+01
       679  1.162706E+01
       680  2.299610E+01
       681  1.162706E+01
       682  2.299610E+01
       683  3.208126E+01
       684  6.360811E+01
       685  3.114230E+01
       686  6.317326E+01
       687  3.078937E+01
       688  6.272932E+01
       689  3.058745E+01
       690  6.252048E+01
       691  6.047339E+02
       692  3.105851E+02
       693  1.401298E+02
       694  4.094378E+01
       695  1.180185E+01
       696  6.047339E+02
       697  3.105851E+02
       698  1.401298E+02
       699  4.094378E+01
       700  1.180185E+01
       701  2.770700E+01
       702  5.752077E+01
       703  2.790810E+01
       704  5.773184E+01
       705  2.826094E+01
       706  5.818778E+01
       707  2.922701E+01
       708  5.864617E+01
       709  1.059120E+01
       710  2.119185E+01
       711  1.059120E+01
       712  2.119185E+01
       713  2.922701E+01
       714  5.864617E+01
       715  2.826094E+01
       716  5.818778E+01
       717  2.790810E+01
       718  5.773184E+01
       719  2.770700E+01
       720  5.752077E+01
       721  5.354781E+02
       722  2.815257E+02
       723  1.278783E+02
       724  3.811797E+01
       725  1.116287E+01
       726  5.354781E+02
       727  2.815257E+02
       728  1.278783E+02
       729  3.811797E+01
       730  1.116287E+01
       731  2.498866E+01
       732  5.275364E+01
       733  2.519100E+01
       734  5.296319E+01
       735  2.554505E+01
       736  5.342102E+01
       737  2.653269E+01
       738  5.387784E+01
       739  9.611818E+00
       740  1.945045E+01
       741  9.611818E+00
       742  1.945045E+01
       743  2.653269E+01
       744  5.387784E+01
       745  2.554505E+01
       746  5.342102E+01
       747  2.519100E+01
       748  5.296319E+01
       749  2.498866E+01
       750  5.275364E+01
       751  4.619960E+02
       752  2.534294E+02
       753  1.165712E+02
       754  3.554654E+01
       755  1.055193E+01
       756  4.619960E+02
       757  2.534294E+02
       758  1.165712E+02
       759  3.554654E+01
       760  1.055193E+01
       761  2.242894E+01
       762  4.821660E+01
       763  2.263616E+01
       764  4.842306E+01
       765  2.299515E+01
       766  4.887385E+01
       767  2.398947E+01
       768  4.930147E+01
       769  8.680698E+00
       770  1.777194E+01
       771  8.680698E+00
       772  1.777194E+01
       773  2.398947E+01
       774  4.930147E+01
       775  2.299515E+01
       776  4.887385E+01
       777  2.263616E+01
       778  4.842306E+01
       779  2.242894E+01
       780  4.821660E+01
       781  3.984277E+02
       782  2.283943E+02
       783  1.060708E+02
       784  3.303116E+01
       785  9.936016E+00
       786  3.984277E+02
       787  2.283943E+02
       788  1.060708E+02
       789  3.303116E+01
       790  9.936016E+00
       791  2.002056E+01
       792  4.389568E+01
       793  2.023851E+01
       794  4.411211E+01
       795  2.061239E+01
       796  4.457737E+01
       797  2.162422E+01
       798  4.500673E+01
       799  7.815079E+00
       800  1.620382E+01
       801  7.815079E+00
       802  1.620382E+01
       803  2.162422E+01
       804  4.500673E+01
       805  2.061239E+01
       806  4.457737E+01
       807  2.023851E+01
       808  4.411211E+01
       809  2.002056E+01
       810  4.389568E+01
       811  3.640794E+02
       812  2.070838E+02
       813  9.647509E+01
       814  3.066307E+01
       815  9.412139E+00
       816  3.640794E+02
       817  2.070838E+02
       818  9.647509E+01
       819  3.066307E+01
       820  9.412139E+00
       821  1.775646E+01
       822  3.977105E+01
       823  1.799071E+01
       824  4.001797E+01
       825  1.839081E+01
       826  4.053489E+01
       827  1.945486E+01
       828  4.102581E+01
       829  7.029675E+00
       830  1.476255E+01
       831  7.029675E+00
       832  1.476255E+01
       833  1.945486E+01
       834  4.102581E+01
       835  1.839081E+01
       836  4.053489E+01
       837  1.799071E+01
       838  4.001797E+01
       839  1.775646E+01
       840  3.977105E+01
       841  3.292096E+02
       842  1.875279E+02
       843  8.780054E+01
       844  2.857591E+01
       845  9.052548E+00
       846  3.292096E+02
       847  1.875279E+02
       848  8.780054E+01
       849  2.857591E+01
       850  9.052548E+00
       851  1.563185E+01
       852  3.582151E+01
       853  1.588505E+01
       854  3.611106E+01
       855  1.631754E+01
       856  3.669955E+01
       857  1.746130E+01
       858  3.727653E+01
       859  6.314308E+00
       860  1.340683E+01
       861  6.314308E+00
       862  1.340683E+01
       863  1.746130E+01
       864  3.727653E+01
       865  1.631754E+01
       866  3.669955E+01
       867  1.588505E+01
       868  3.611106E+01
       869  1.563185E+01
       870  3.582151E+01
       871  2.943754E+02
       872  1.683835E+02
       873  7.958290E+01
       874  2.666725E+01
       875  8.823538E+00
       876  2.943754E+02
       877  1.683835E+02
       878  7.958290E+01
       879  2.666725E+01
       880  8.823538E+00
       881  1.364280E+01
       882  3.202788E+01
       883  1.391445E+01
       884  3.235800E+01
       885  1.437946E+01
       886  3.301364E+01
       887  1.561083E+01
       888  3.366095E+01
       889  5.649925E+00
       890  1.209114E+01
       891  5.649925E+00
       892  1.209114E+01
       893  1.561083E+01
       894  3.366095E+01
       895  1.437946E+01
       896  3.301364E+01
       897  1.391445E+01
       898  3.235800E+01
       899  1.364280E+01
       900  3.202788E+01
       901  2.605859E+02
       902  1.496920E+02
       903  7.153029E+01
       904  2.479241E+01
       905  8.667545E+00
       906  2.605859E+02
       907  1.496920E+02
       908  7.153029E+01
       909  2.479241E+01
       910  8.667545E+00
       911  1.178446E+01
       912  2.837913E+01
       913  1.207309E+01
       914  2.873929E+01
       915  1.256861E+01
       916  2.944814E+01
       917  1.388746E+01
       918  3.014277E+01
       919  5.028296E+00
       920  1.080211E+01
       921  5.028296E+00
       922  1.080211E+01
       923  1.388746E+01
       924  3.014277E+01
       925  1.256861E+01
       926  2.944814E+01
       927  1.207309E+01
       928  2.873929E+01
       929  1.178446E+01
       930  2.837913E+01
       931  2.279953E+02
       932  1.315580E+02
       933  6.363840E+01
       934  2.291040E+01
       935  8.559196E+00
       936  2.279953E+02
       937  1.315580E+02
       938  6.363840E+01
       939  2.291040E+01
       940  8.559196E+00
       941  1.005156E+01
       942  2.487994E+01
       943  1.035743E+01
       944  2.525686E+01
       945  1.088333E+01
       946  2.600588E+01
       947  1.229252E+01
       948  2.673394E+01
       949  4.450985E+00
       950  9.547407E+00
       951  4.450985E+00
       952  9.547407E+00
       953  1.229252E+01
       954  2.673394E+01
       955  1.088333E+01
       956  2.600588E+01
       957  1.035743E+01
       958  2.525686E+01
       959  1.005156E+01
       960  2.487994E+01
       961  1.967335E+02
       962  1.140601E+02
       963  5.594582E+01
       964  2.103344E+01
       965  8.498010E+00
       966  1.967335E+02
       967  1.140601E+02
       968  5.594582E+01
       969  2.103344E+01
       970  8.498010E+00
       971  8.440805E+00
       972  2.155478E+01
       973  8.767601E+00
       974  2.193118E+01
       975  9.327164E+00
       976  2.270656E+01
       977  1.083505E+01
       978  2.346009E+01
       979  3.921973E+00
       980  8.338119E+00
       981  3.921973E+00
       982  8.338119E+00
       983  1.083505E+01
       984  2.346009E+01
       985  9.327164E+00
       986  2.270656E+01
       987  8.767601E+00
       988  2.193118E+01
       989  8.440805E+00
       990  2.155478E+01
       991  1.669080E+02
       992  9.727637E+01
       993  4.850098E+01
       994  1.918621E+01
       995  8.493006E+00
       996  1.669080E+02
       997  9.727637E+01
       998  4.850098E+01
       999  1.918621E+01
      1000  8.493006E+00
      1001  6.954187E+00
      1002  1.844692E+01
      1003  7.309560E+00
      1004  1.879476E+01
      1005  7.908670E+00
      1006  1.957454E+01
      1007  9.527227E+00
      1008  2.034444E+01
      1009  3.444373E+00
      1010  7.182760E+00
      1011  3.444373E+00
      1012  7.182760E+00
      1013  9.527227E+00
      1014  2.034444E+01
      1015  7.908670E+00
      1016  1.957454E+01
      1017  7.309560E+00
      1018  1.879476E+01
      1019  6.954187E+00
      1020  1.844692E+01
      1021  1.386368E+02
      1022  8.129129E+01
      1023  4.136012E+01
      1024  1.740068E+01
      1025  8.557898E+00
      1026  1.386368E+02
      1027  8.129129E+01
      1028  4.136012E+01
      1029  1.740068E+01
      1030  8.557898E+00
      1031  5.604441E+00
      1032  1.561384E+01
      1033  5.999788E+00
      1034  1.588608E+01
      1035  6.644064E+00
      1036  1.663215E+01
      1037  8.384830E+00
      1038  1.740333E+01
      1039  3.019921E+00
      1040  6.086732E+00
      1041  3.019921E+00
      1042  6.086732E+00
      1043  8.384830E+00
      1044  1.740333E+01
      1045  6.644064E+00
      1046  1.663215E+01
      1047  5.999788E+00
      1048  1.588608E+01
      1049  5.604441E+00
      1050  1.561384E+01
      1051  1.120541E+02
      1052  6.620394E+01
      1053  3.459046E+01
      1054  1.571595E+01
      1055  8.709336E+00
      1056  1.120541E+02
      1057  6.620394E+01
      1058  3.459046E+01
      1059  1.571595E+01
      1060  8.709336E+00
      1061  4.426520E+00
      1062  1.312161E+01
      1063  4.875876E+00
      1064  1.324482E+01
      1065  5.564163E+00
      1066  1.389523E+01
      1067  7.430287E+00
      1068  1.464316E+01
      1069  2.648707E+00
      1070  5.051869E+00
      1071  2.648707E+00
      1072  5.051869E+00
      1073  7.430287E+00
      1074  1.464316E+01
      1075  5.564163E+00
      1076  1.389523E+01
      1077  4.875876E+00
      1078  1.324482E+01
      1079  4.426520E+00
      1080  1.312161E+01
      1081  8.732557E+01
      1082  5.214097E+01
      1083  2.827996E+01
      1084  1.417937E+01
      1085  8.961937E+00
      1086  8.732557E+01
      1087  5.214097E+01
      1088  2.827996E+01
      1089  1.417937E+01
      1090  8.961937E+00
      1091  3.501055E+00
      1092  1.104021E+01
      1093  4.017910E+00
      1094  1.091143E+01
      1095  4.728920E+00
      1096  1.137338E+01
      1097  6.700110E+00
      1098  1.206009E+01
      1099  2.328427E+00
      1100  4.077212E+00
      1101  2.328427E+00
      1102  4.077212E+00
      1103  6.700110E+00
      1104  1.206009E+01
      1105  4.728920E+00
      1106  1.137338E+01
      1107  4.017910E+00
      1108  1.091143E+01
      1109  3.501055E+00
      1110  1.104021E+01
      1111  6.466419E+01
      1112  3.927997E+01
      1113  2.255630E+01
      1114  1.284935E+01
      1115  9.314464E+00
      1116  6.466419E+01
      1117  3.927997E+01
      1118  2.255630E+01
      1119  1.284935E+01
      1120  9.314464E+00
      1121  2.990717E+00
      1122  9.442633E+00
      1123  3.584594E+00
      1124  8.940996E+00
      1125  4.256050E+00
      1126  9.089636E+00
      1127  6.267860E+00
      1128  9.659274E+00
      1129  2.053945E+00
      1130  3.168482E+00
      1131  2.053945E+00
      1132  3.168482E+00
      1133  6.267860E+00
      1134  9.659274E+00
      1135  4.256050E+00
      1136  9.089636E+00
      1137  3.584594E+00
      1138  8.940996E+00
      1139  2.990717E+00
      1140  9.442633E+00
      1141  4.434107E+01
      1142  2.788211E+01
      1143  1.760678E+01
      1144  1.178790E+01
      1145  9.732527E+00
      1146  4.434107E+01
      1147  2.788211E+01
      1148  1.760678E+01
      1149  1.178790E+01
      1150  9.732527E+00
      1151  3.167547E+00
      1152  8.387023E+00
      1153  3.847022E+00
      1154  7.439129E+00
      1155  4.366024E+00
      1156  7.151372E+00
      1157  6.306788E+00
      1158  7.546159E+00
      1159  1.817094E+00
      1160  2.383908E+00
      1161  1.817094E+00
      1162  2.383908E+00
      1163  6.306788E+00
      1164  7.546159E+00
      1165  4.366024E+00
      1166  7.151372E+00
      1167  3.847022E+00
      1168  7.439129E+00
      1169  3.167547E+00
      1170  8.387023E+00
      1171  2.676212E+01
      1172  1.830813E+01
      1173  1.365831E+01
      1174  1.101213E+01
      1175  1.013812E+01
      1176  2.676212E+01
      1177  1.830813E+01
      1178  1.365831E+01
      1179  1.101213E+01
      1180  1.013812E+01
      1181  4.270924E+00
      1182  7.843107E+00
      1183  5.103411E+00
      1184  6.582709E+00
      1185  5.425111E+00
      1186  5.894465E+00
      1187  7.287582E+00
      1188  6.149377E+00
      1189  1.636039E+00
      1190  1.956770E+00
      1191  1.636039E+00
      1192  1.956770E+00
      1193  7.287582E+00
      1194  6.149377E+00
      1195  5.425111E+00
      1196  5.894465E+00
      1197  5.103411E+00
      1198  6.582709E+00
      1199  4.270924E+00
      1200  7.843107E+00
      1201  1.278715E+01
      1202  1.104066E+01
      1203  1.081833E+01
      1204  1.059108E+01
      1205  1.072359E+01
      1206  1.278715E+01
      1207  1.104066E+01
      1208  1.081833E+01
      1209  1.059108E+01
      1210  1.072359E+01
      1211  5.971359E+00
      1212  7.389417E+00
      1213  7.238324E+00
      1214  6.371936E+00
      1215  7.840872E+00
      1216  6.030979E+00
      1217  1.054404E+01
      1218  6.949052E+00
      1219  1.598500E+00
      1220  2.758227E+00
      1221  1.598500E+00
      1222  2.758227E+00
      1223  1.054404E+01
      1224  6.949052E+00
      1225  7.840872E+00
      1226  6.030979E+00
      1227  7.238324E+00
      1228  6.371936E+00
      1229  5.971359E+00
      1230  7.389417E+00
      1231  3.726971E+00
      1232  5.710952E+00
      1233  8.207546E+00
      1234  1.049818E+01
      1235  1.413452E+01
      1236  3.726971E+00
      1237  5.710952E+00
      1238  8.207546E+00
      1239  1.049818E+01
      1240  1.413452E+01
      1241  7.025504E+00
      1242  6.516149E+00
      1243  9.007026E+00
      1244  6.356875E+00
      1245  1.190557E+01
      1246  8.230736E+00
      1247  2.178152E+01
      1248  1.536133E+01
      1249  2.509364E+00
      1250  9.149118E+00
      1251  2.509364E+00
      1252  9.149118E+00
      1253  2.178152E+01
      1254  1.536133E+01
      1255  1.190557E+01
      1256  8.230736E+00
      1257  9.007026E+00
      1258  6.356875E+00
      1259  7.025504E+00
      1260  6.516149E+00
      1261  1.695801E-01
      1262  7.601314E-01
      1263  2.208824E+00
      1264  5.351830E+00
      1265  1.407031E+01
      1266  1.695801E-01
      1267  7.601314E-01
      1268  2.208824E+00
      1269  5.351830E+00
      1270  1.407031E+01
      1271  3.977781E+00
      1272  5.112055E+00
      1273  5.764841E+00
      1274  5.197596E+00
      1275  9.910534E+00
      1276  1.075657E+01
      1277  3.337067E+01
      1278  3.225428E+01
      1279  3.848907E+00
      1280  2.492833E+01
      1281  3.848907E+00
      1282  2.492833E+01
      1283  3.337067E+01
      1284  3.225428E+01
      1285  9.910534E+00
      1286  1.075657E+01
      1287  5.764841E+00
      1288  5.197596E+00
      1289  3.977781E+00
      1290  5.112055E+00

                                INCREMENT     5


 displacements (vx,vy,vz) for set TIP_TOP and time  0.1375000E+01

      2087  3.373890E-01 -1.089511E-02 -1.078613E+01
      2088  3.373666E-01 -1.075281E-02 -1.076198E+01
      2091  3.368290E-01 -1.045455E-02 -1.073792E+01
      2094  3.364864E-01 -8.551459E-03 -1.071560E+01
      2096  3.364798E-01 -3.413955E-03 -1.070112E+01
      2098  3.364152E-01 -2.385530E-14 -1.070024E+01
      2100  3.364798E-01  3.413955E-03 -1.070112E+01
      2103  3.364864E-01  8.551459E-03 -1.071560E+01
      2106  3.368290E-01  1.045455E-02 -1.073792E+01
      2109  3.373666E-01  1.075281E-02 -1.076198E+01
      2112  3.373890E-01  1.089511E-02 -1.078613E+01

 forces (fx,fy,fz) for set CLAMP and time  0.1375000E+01

         1  1.268578E+04  1.294632E+04  5.321323E+03
         4  2.180036E+04 -1.042946E-09  1.060684E+04
         5  2.036378E+04  2.392034E+04  2.724986E+03
         8  3.498016E+04 -9.462003E-10  5.581148E+03
         9  1.625483E+04  2.096821E+04  1.860778E+02
        12  2.830604E+04  3.158121E-09  4.172913E+02
        13  9.570228E+03  1.222947E+04 -1.584982E+03
        16  1.672701E+04  7.867397E-10 -3.132382E+03
        17  1.664521E+03  1.869973E+03 -1.957020E+03
        20  2.854036E+03 -2.974836E-10 -3.879247E+03
        21 -4.546990E+03 -2.763804E+03 -4.674558E+03
        24 -5.119569E+03 -7.236406E-10 -2.211386E+03
        26  1.268578E+04 -1.294632E+04  5.321323E+03
        28  2.036378E+04 -2.392034E+04  2.724986E+03
        30  1.625483E+04 -2.096821E+04  1.860778E+02
        32  9.570228E+03 -1.222947E+04 -1.584982E+03
        34  1.664521E+03 -1.869973E+03 -1.957020E+03
        36 -4.546990E+03  2.763804E+03 -4.674558E+03
        37 -3.211441E+03 -1.955047E+03 -4.454510E+03
        40 -3.893466E+03 -6.082126E+02 -7.742484E+03
        41 -8.068068E+03 -4.480195E+03 -1.200756E+03
        44 -1.156965E+04 -1.309401E+03 -2.319456E+03
        45 -5.628411E+03 -2.535311E+03  5.352213E+03
        48 -9.218555E+03 -7.027192E+02  9.756825E+03
        50 -3.428915E+03 -5.732849E+02 -7.130702E+03
        52 -1.094443E+04 -1.155677E+03 -2.322407E+03
        54 -9.103414E+03 -5.832204E+02  9.251296E+03
        56 -3.489253E+03 -3.849025E+02 -7.074297E+03
        58 -1.091563E+04 -7.193138E+02 -2.298002E+03
        60 -9.054261E+03 -3.380445E+02  9.151658E+03
        62 -7.480011E+03 -2.387664E+02 -1.521342E+03
        64 -6.136690E+03 -1.017306E+02  6.237069E+03
        66 -3.987475E+03 -3.340425E-09 -8.088044E+02
        68 -3.260476E+03 -1.110770E-09  3.328023E+03
        70 -7.480011E+03  2.387664E+02 -1.521342E+03
        72 -6.136690E+03  1.017306E+02  6.237069E+03
        74 -3.489253E+03  3.849025E+02 -7.074297E+03
        76 -1.091563E+04  7.193138E+02 -2.298002E+03
        78 -9.054261E+03  3.380445E+02  9.151658E+03
        80 -3.428915E+03  5.732849E+02 -7.130702E+03
        82 -1.094443E+04  1.155677E+03 -2.322407E+03
        84 -9.103414E+03  5.832204E+02  9.251296E+03
        86 -3.893466E+03  6.082126E+02 -7.742484E+03
        88 -1.156965E+04  1.309401E+03 -2.319456E+03
        90 -9.218555E+03  7.027192E+02  9.756825E+03
        92 -3.211441E+03  1.955047E+03 -4.454510E+03
        94 -8.068068E+03  4.480195E+03 -1.200756E+03
        96 -5.628411E+03  2.535311E+03  5.352213E+03

 internal energy (element, energy) for set EALL and time  0.1375000E+01

         1  7.322080E+02
         2  3.469644E+02
         3  1.654933E+02
         4  3.509578E+01
         5  1.484306E+01
         6  7.322080E+02
         7  3.469644E+02
         8  1.654933E+02
         9  3.509578E+01
        10  1.484306E+01
        11  5.444974E+01
        12  8.378507E+01
        13  4.402877E+01
        14  7.158109E+01
        15  4.132117E+01
        16  6.852594E+01
        17  4.109790E+01
        18  6.777591E+01
        19  1.494502E+01
        20  2.467680E+01
        21  1.494502E+01
        22  2.467680E+01
        23  4.109790E+01
        24  6.777591E+01
        25  4.132117E+01
        26  6.852594E+01
        27  4.402877E+01
        28  7.158109E+01
        29  5.444974E+01
        30  8.378507E+01
        31  2.159718E+03
        32  7.614256E+02
        33  2.541957E+02
        34  5.326380E+01
        35  2.464346E+01
        36  2.159718E+03
        37  7.614256E+02
        38  2.541957E+02
        39  5.326380E+01
        40  2.464346E+01
        41  5.925310E+01
        42  9.203342E+01
        43  6.365631E+01
        44  9.760349E+01
        45  6.296450E+01
        46  9.728631E+01
        47  6.315683E+01
        48  9.826544E+01
        49  2.307491E+01
        50  3.607277E+01
        51  2.307491E+01
        52  3.607277E+01
        53  6.315683E+01
        54  9.826544E+01
        55  6.296450E+01
        56  9.728631E+01
        57  6.365631E+01
        58  9.760349E+01
        59  5.925310E+01
        60  9.203342E+01
        61  2.210068E+03
        62  7.980877E+02
        63  2.965632E+02
        64  6.340216E+01
        65  2.786399E+01
        66  2.210068E+03
        67  7.980877E+02
        68  2.965632E+02
        69  6.340216E+01
        70  2.786399E+01
        71  6.171500E+01
        72  9.726620E+01
        73  6.585636E+01
        74  1.029325E+02
        75  6.842142E+01
        76  1.069255E+02
        77  6.948856E+01
        78  1.090295E+02
        79  2.526462E+01
        80  3.991407E+01
        81  2.526462E+01
        82  3.991407E+01
        83  6.948856E+01
        84  1.090295E+02
        85  6.842142E+01
        86  1.069255E+02
        87  6.585636E+01
        88  1.029325E+02
        89  6.171500E+01
        90  9.726620E+01
        91  2.202357E+03
        92  7.782913E+02
        93  2.994049E+02
        94  6.688756E+01
        95  2.634224E+01
        96  2.202357E+03
        97  7.782913E+02
        98  2.994049E+02
        99  6.688756E+01
       100  2.634224E+01
       101  6.298231E+01
       102  1.014101E+02
       103  6.440103E+01
       104  1.034342E+02
       105  6.600990E+01
       106  1.056210E+02
       107  6.721838E+01
       108  1.069951E+02
       109  2.453068E+01
       110  3.902302E+01
       111  2.453068E+01
       112  3.902302E+01
       113  6.721838E+01
       114  1.069951E+02
       115  6.600990E+01
       116  1.056210E+02
       117  6.440103E+01
       118  1.034342E+02
       119  6.298231E+01
       120  1.014101E+02
       121  2.180986E+03
       122  7.721377E+02
       123  2.919897E+02
       124  6.629360E+01
       125  2.406003E+01
       126  2.180986E+03
       127  7.721377E+02
       128  2.919897E+02
       129  6.629360E+01
       130  2.406003E+01
       131  6.103284E+01
       132  1.005738E+02
       133  6.148068E+01
       134  1.008904E+02
       135  6.215623E+01
       136  1.014246E+02
       137  6.288847E+01
       138  1.019377E+02
       139  2.295856E+01
       140  3.712026E+01
       141  2.295856E+01
       142  3.712026E+01
       143  6.288847E+01
       144  1.019377E+02
       145  6.215623E+01
       146  1.014246E+02
       147  6.148068E+01
       148  1.008904E+02
       149  6.103284E+01
       150  1.005738E+02
       151  2.121252E+03
       152  7.559324E+02
       153  2.853593E+02
       154  6.556385E+01
       155  2.229004E+01
       156  2.121252E+03
       157  7.559324E+02
       158  2.853593E+02
       159  6.556385E+01
       160  2.229004E+01
       161  5.848337E+01
       162  9.751688E+01
       163  5.865211E+01
       164  9.739437E+01
       165  5.900284E+01
       166  9.748286E+01
       167  5.950324E+01
       168  9.774066E+01
       169  2.169924E+01
       170  3.556094E+01
       171  2.169924E+01
       172  3.556094E+01
       173  5.950324E+01
       174  9.774066E+01
       175  5.900284E+01
       176  9.748286E+01
       177  5.865211E+01
       178  9.739437E+01
       179  5.848337E+01
       180  9.751688E+01
       181  2.040398E+03
       182  7.294779E+02
       183  2.771065E+02
       184  6.472735E+01
       185  2.082523E+01
       186  2.040398E+03
       187  7.294779E+02
       188  2.771065E+02
       189  6.472735E+01
       190  2.082523E+01
       191  5.562065E+01
       192  9.364151E+01
       193  5.575351E+01
       194  9.357952E+01
       195  5.601472E+01
       196  9.368475E+01
       197  5.645707E+01
       198  9.395089E+01
       199  2.057736E+01
       200  3.417983E+01
       201  2.057736E+01
       202  3.417983E+01
       203  5.645707E+01
       204  9.395089E+01
       205  5.601472E+01
       206  9.368475E+01
       207  5.575351E+01
       208  9.357952E+01
       209  5.562065E+01
       210  9.364151E+01
       211  1.951786E+03
       212  6.986811E+02
       213  2.674425E+02
       214  6.347811E+01
       215  1.949769E+01
       216  1.951786E+03
       217  6.986811E+02
       218  2.674425E+02
       219  6.347811E+01
       220  1.949769E+01
       221  5.272252E+01
       222  8.964188E+01
       223  5.285958E+01
       224  8.969557E+01
       225  5.310483E+01
       226  8.989561E+01
       227  5.353609E+01
       228  9.020708E+01
       229  1.950454E+01
       230  3.281725E+01
       231  1.950454E+01
       232  3.281725E+01
       233  5.353609E+01
       234  9.020708E+01
       235  5.310483E+01
       236  8.989561E+01
       237  5.285958E+01
       238  8.969557E+01
       239  5.272252E+01
       240  8.964188E+01
       241  1.858998E+03
       242  6.647766E+02
       243  2.567255E+02
       244  6.182610E+01
       245  1.825901E+01
       246  1.858998E+03
       247  6.647766E+02
       248  2.567255E+02
       249  6.182610E+01
       250  1.825901E+01
       251  4.984485E+01
       252  8.568778E+01
       253  4.998537E+01
       254  8.581335E+01
       255  5.022781E+01
       256  8.608059E+01
       257  5.066348E+01
       258  8.642624E+01
       259  1.845275E+01
       260  3.144030E+01
       261  1.845275E+01
       262  3.144030E+01
       263  5.066348E+01
       264  8.642624E+01
       265  5.022781E+01
       266  8.608059E+01
       267  4.998537E+01
       268  8.581335E+01
       269  4.984485E+01
       270  8.568778E+01
       271  1.762001E+03
       272  6.277952E+02
       273  2.451269E+02
       274  5.983274E+01
       275  1.710026E+01
       276  1.762001E+03
       277  6.277952E+02
       278  2.451269E+02
       279  5.983274E+01
       280  1.710026E+01
       281  4.700852E+01
       282  8.177835E+01
       283  4.714853E+01
       284  8.193873E+01
       285  4.738958E+01
       286  8.224268E+01
       287  4.783711E+01
       288  8.260994E+01
       289  1.742059E+01
       290  3.004986E+01
       291  1.742059E+01
       292  3.004986E+01
       293  4.783711E+01
       294  8.260994E+01
       295  4.738958E+01
       296  8.224268E+01
       297  4.714853E+01
       298  8.193873E+01
       299  4.700852E+01
       300  8.177835E+01
       301  1.660835E+03
       302  5.880019E+02
       303  2.327426E+02
       304  5.753924E+01
       305  1.601760E+01
       306  1.660835E+03
       307  5.880019E+02
       308  2.327426E+02
       309  5.753924E+01
       310  1.601760E+01
       311  4.422399E+01
       312  7.789125E+01
       313  4.436110E+01
       314  7.806350E+01
       315  4.459904E+01
       316  7.838183E+01
       317  4.505969E+01
       318  7.875735E+01
       319  1.640713E+01
       320  2.864444E+01
       321  1.640713E+01
       322  2.864444E+01
       323  4.505969E+01
       324  7.875735E+01
       325  4.459904E+01
       326  7.838183E+01
       327  4.436110E+01
       328  7.806350E+01
       329  4.422399E+01
       330  7.789125E+01
       331  1.555510E+03
       332  5.455908E+02
       333  2.196636E+02
       334  5.498548E+01
       335  1.500269E+01
       336  1.555510E+03
       337  5.455908E+02
       338  2.196636E+02
       339  5.498548E+01
       340  1.500269E+01
       341  4.150256E+01
       342  7.401917E+01
       343  4.163447E+01
       344  7.418615E+01
       345  4.186526E+01
       346  7.449851E+01
       347  4.233280E+01
       348  7.486345E+01
       349  1.541085E+01
       350  2.722053E+01
       351  1.541085E+01
       352  2.722053E+01
       353  4.233280E+01
       354  7.486345E+01
       355  4.186526E+01
       356  7.449851E+01
       357  4.163447E+01
       358  7.418615E+01
       359  4.150256E+01
       360  7.401917E+01
       361  1.445333E+03
       362  5.004544E+02
       363  2.060368E+02
       364  5.225085E+01
       365  1.404123E+01
       366  1.445333E+03
       367  5.004544E+02
       368  2.060368E+02
       369  5.225085E+01
       370  1.404123E+01
       371  3.885374E+01
       372  7.017238E+01
       373  3.897936E+01
       374  7.032241E+01
       375  3.919983E+01
       376  7.061216E+01
       377  3.966371E+01
       378  7.094528E+01
       379  1.443291E+01
       380  2.578351E+01
       381  1.443291E+01
       382  2.578351E+01
       383  3.966371E+01
       384  7.094528E+01
       385  3.919983E+01
       386  7.061216E+01
       387  3.897936E+01
       388  7.032241E+01
       389  3.885374E+01
       390  7.017238E+01
       391  1.331988E+03
       392  4.529143E+02
       393  1.922701E+02
       394  4.945107E+01
       395  1.311741E+01
       396  1.331988E+03
       397  4.529143E+02
       398  1.922701E+02
       399  4.945107E+01
       400  1.311741E+01
       401  3.628345E+01
       402  6.636894E+01
       403  3.640499E+01
       404  6.650197E+01
       405  3.661749E+01
       406  6.676764E+01
       407  3.707404E+01
       408  6.706394E+01
       409  1.348266E+01
       410  2.435916E+01
       411  1.348266E+01
       412  2.435916E+01
       413  3.707404E+01
       414  6.706394E+01
       415  3.661749E+01
       416  6.676764E+01
       417  3.640499E+01
       418  6.650197E+01
       419  3.628345E+01
       420  6.636894E+01
       421  1.224007E+03
       422  4.120476E+02
       423  1.791682E+02
       424  4.665279E+01
       425  1.223579E+01
       426  1.224007E+03
       427  4.120476E+02
       428  1.791682E+02
       429  4.665279E+01
       430  1.223579E+01
       431  3.379446E+01
       432  6.262394E+01
       433  3.391721E+01
       434  6.275286E+01
       435  3.413014E+01
       436  6.301350E+01
       437  3.459208E+01
       438  6.329838E+01
       439  1.257495E+01
       440  2.298303E+01
       441  1.257495E+01
       442  2.298303E+01
       443  3.459208E+01
       444  6.329838E+01
       445  3.413014E+01
       446  6.301350E+01
       447  3.391721E+01
       448  6.275286E+01
       449  3.379446E+01
       450  6.262394E+01
       451  1.125089E+03
       452  3.817592E+02
       453  1.670246E+02
       454  4.392760E+01
       455  1.142988E+01
       456  1.125089E+03
       457  3.817592E+02
       458  1.670246E+02
       459  4.392760E+01
       460  1.142988E+01
       461  3.138872E+01
       462  5.894343E+01
       463  3.151792E+01
       464  5.908483E+01
       465  3.174034E+01
       466  5.936568E+01
       467  3.222820E+01
       468  5.967420E+01
       469  1.171580E+01
       470  2.166596E+01
       471  1.171580E+01
       472  2.166596E+01
       473  3.222820E+01
       474  5.967420E+01
       475  3.174034E+01
       476  5.936568E+01
       477  3.151792E+01
       478  5.908483E+01
       479  3.138872E+01
       480  5.894343E+01
       481  1.028994E+03
       482  3.541175E+02
       483  1.552983E+02
       484  4.129122E+01
       485  1.071633E+01
       486  1.028994E+03
       487  3.541175E+02
       488  1.552983E+02
       489  4.129122E+01
       490  1.071633E+01
       491  2.906889E+01
       492  5.532448E+01
       493  2.920629E+01
       494  5.548669E+01
       495  2.944163E+01
       496  5.579922E+01
       497  2.996644E+01
       498  5.614491E+01
       499  1.089641E+01
       500  2.038532E+01
       501  1.089641E+01
       502  2.038532E+01
       503  2.996644E+01
       504  5.614491E+01
       505  2.944163E+01
       506  5.579922E+01
       507  2.920629E+01
       508  5.548669E+01
       509  2.906889E+01
       510  5.532448E+01
       511  9.319320E+02
       512  3.263152E+02
       513  1.435752E+02
       514  3.865375E+01
       515  1.007853E+01
       516  9.319320E+02
       517  3.263152E+02
       518  1.435752E+02
       519  3.865375E+01
       520  1.007853E+01
       521  2.683855E+01
       522  5.176118E+01
       523  2.698096E+01
       524  5.193924E+01
       525  2.722486E+01
       526  5.227591E+01
       527  2.778367E+01
       528  5.264791E+01
       529  1.010463E+01
       530  1.911301E+01
       531  1.010463E+01
       532  1.911301E+01
       533  2.778367E+01
       534  5.264791E+01
       535  2.722486E+01
       536  5.227591E+01
       537  2.698096E+01
       538  5.193924E+01
       539  2.683855E+01
       540  5.176118E+01
       541  8.342721E+02
       542  2.985625E+02
       543  1.317878E+02
       544  3.595723E+01
       545  9.493442E+00
       546  8.342721E+02
       547  2.985625E+02
       548  1.317878E+02
       549  3.595723E+01
       550  9.493442E+00
       551  2.470159E+01
       552  4.825418E+01
       553  2.484240E+01
       554  4.843273E+01
       555  2.508484E+01
       556  4.877263E+01
       557  2.566488E+01
       558  4.914634E+01
       559  9.333240E+00
       560  1.783344E+01
       561  9.333240E+00
       562  1.783344E+01
       563  2.566488E+01
       564  4.914634E+01
       565  2.508484E+01
       566  4.877263E+01
       567  2.484240E+01
       568  4.843273E+01
       569  2.470159E+01
       570  4.825418E+01
       571  7.362021E+02
       572  2.709265E+02
       573  1.200191E+02
       574  3.323933E+01
       575  8.940468E+00
       576  7.362021E+02
       577  2.709265E+02
       578  1.200191E+02
       579  3.323933E+01
       580  8.940468E+00
       581  2.266126E+01
       582  4.481690E+01
       583  2.279420E+01
       584  4.497833E+01
       585  2.302441E+01
       586  4.529547E+01
       587  2.360570E+01
       588  4.563746E+01
       589  8.579312E+00
       590  1.654431E+01
       591  8.579312E+00
       592  1.654431E+01
       593  2.360570E+01
       594  4.563746E+01
       595  2.302441E+01
       596  4.529547E+01
       597  2.279420E+01
       598  4.497833E+01
       599  2.266126E+01
       600  4.481690E+01
       601  6.316919E+02
       602  2.433462E+02
       603  1.085605E+02
       604  3.059992E+01
       605  8.388368E+00
       606  6.316919E+02
       607  2.433462E+02
       608  1.085605E+02
       609  3.059992E+01
       610  8.388368E+00
       611  2.071908E+01
       612  4.147297E+01
       613  2.084183E+01
       614  4.160833E+01
       615  2.105449E+01
       616  4.188579E+01
       617  2.161709E+01
       618  4.216861E+01
       619  7.846412E+00
       620  1.526464E+01
       621  7.846412E+00
       622  1.526464E+01
       623  2.161709E+01
       624  4.216861E+01
       625  2.105449E+01
       626  4.188579E+01
       627  2.084183E+01
       628  4.160833E+01
       629  2.071908E+01
       630  4.147297E+01
       631  5.234882E+02
       632  2.166250E+02
       633  9.793061E+01
       634  2.806996E+01
       635  7.812353E+00
       636  5.234882E+02
       637  2.166250E+02
       638  9.793061E+01
       639  2.806996E+01
       640  7.812353E+00
       641  1.887506E+01
       642  3.824788E+01
       643  1.898965E+01
       644  3.836300E+01
       645  1.918791E+01
       646  3.860764E+01
       647  1.972798E+01
       648  3.883879E+01
       649  7.149088E+00
       650  1.403896E+01
       651  7.149088E+00
       652  1.403896E+01
       653  1.972798E+01
       654  3.883879E+01
       655  1.918791E+01
       656  3.860764E+01
       657  1.898965E+01
       658  3.836300E+01
       659  1.887506E+01
       660  3.824788E+01
       661  4.427415E+02
       662  1.946489E+02
       663  8.833538E+01
       664  2.566522E+01
       665  7.248915E+00
       666  4.427415E+02
       667  1.946489E+02
       668  8.833538E+01
       669  2.566522E+01
       670  7.248915E+00
       671  1.712951E+01
       672  3.516294E+01
       673  1.723946E+01
       674  3.527124E+01
       675  1.743060E+01
       676  3.550726E+01
       677  1.796539E+01
       678  3.572798E+01
       679  6.503848E+00
       680  1.290390E+01
       681  6.503848E+00
       682  1.290390E+01
       683  1.796539E+01
       684  3.572798E+01
       685  1.743060E+01
       686  3.550726E+01
       687  1.723946E+01
       688  3.527124E+01
       689  1.712951E+01
       690  3.516294E+01
       691  3.867474E+02
       692  1.765248E+02
       693  7.983996E+01
       694  2.351561E+01
       695  6.770482E+00
       696  3.867474E+02
       697  1.765248E+02
       698  7.983996E+01
       699  2.351561E+01
       700  6.770482E+00
       701  1.548384E+01
       702  3.223334E+01
       703  1.559149E+01
       704  3.234170E+01
       705  1.577997E+01
       706  3.258309E+01
       707  1.632599E+01
       708  3.281846E+01
       709  5.909707E+00
       710  1.184773E+01
       711  5.909707E+00
       712  1.184773E+01
       713  1.632599E+01
       714  3.281846E+01
       715  1.577997E+01
       716  3.258309E+01
       717  1.559149E+01
       718  3.234170E+01
       719  1.548384E+01
       720  3.223334E+01
       721  3.304522E+02
       722  1.587736E+02
       723  7.227048E+01
       724  2.169419E+01
       725  6.375446E+00
       726  3.304522E+02
       727  1.587736E+02
       728  7.227048E+01
       729  2.169419E+01
       730  6.375446E+00
       731  1.393850E+01
       732  2.946626E+01
       733  1.404535E+01
       734  2.957175E+01
       735  1.423209E+01
       736  2.981075E+01
       737  1.478491E+01
       738  3.004193E+01
       739  5.350139E+00
       740  1.083441E+01
       741  5.350139E+00
       742  1.083441E+01
       743  1.478491E+01
       744  3.004193E+01
       745  1.423209E+01
       746  2.981075E+01
       747  1.404535E+01
       748  2.957175E+01
       749  1.393850E+01
       750  2.946626E+01
       751  2.700577E+02
       752  1.417206E+02
       753  6.542213E+01
       754  2.008093E+01
       755  5.990614E+00
       756  2.700577E+02
       757  1.417206E+02
       758  6.542213E+01
       759  2.008093E+01
       760  5.990614E+00
       761  1.249046E+01
       762  2.685890E+01
       763  1.259926E+01
       764  2.696016E+01
       765  1.278699E+01
       766  2.718978E+01
       767  1.333497E+01
       768  2.739601E+01
       769  4.818669E+00
       770  9.863584E+00
       771  4.818669E+00
       772  9.863584E+00
       773  1.333497E+01
       774  2.739601E+01
       775  1.278699E+01
       776  2.718978E+01
       777  1.259926E+01
       778  2.696016E+01
       779  1.249046E+01
       780  2.685890E+01
       781  2.203447E+02
       782  1.269228E+02
       783  5.918131E+01
       784  1.852351E+01
       785  5.591915E+00
       786  2.203447E+02
       787  1.269228E+02
       788  5.918131E+01
       789  1.852351E+01
       790  5.591915E+00
       791  1.113391E+01
       792  2.439982E+01
       793  1.124902E+01
       794  2.450628E+01
       795  1.144515E+01
       796  2.474215E+01
       797  1.199571E+01
       798  2.494623E+01
       799  4.327978E+00
       800  8.970145E+00
       801  4.327978E+00
       802  8.970145E+00
       803  1.199571E+01
       804  2.494623E+01
       805  1.144515E+01
       806  2.474215E+01
       807  1.124902E+01
       808  2.450628E+01
       809  1.113391E+01
       810  2.439982E+01
       811  2.017376E+02
       812  1.148462E+02
       813  5.361181E+01
       814  1.708882E+01
       815  5.253851E+00
       816  2.017376E+02
       817  1.148462E+02
       818  5.361181E+01
       819  1.708882E+01
       820  5.253851E+00
       821  9.863247E+00
       822  2.207310E+01
       823  9.988828E+00
       824  2.219962E+01
       825  1.020167E+01
       826  2.246884E+01
       827  1.078009E+01
       828  2.271494E+01
       829  3.888965E+00
       830  8.165721E+00
       831  3.888965E+00
       832  8.165721E+00
       833  1.078009E+01
       834  2.271494E+01
       835  1.020167E+01
       836  2.246884E+01
       837  9.988828E+00
       838  2.219962E+01
       839  9.863247E+00
       840  2.207310E+01
       841  1.825805E+02
       842  1.040080E+02
       843  4.871879E+01
       844  1.587430E+01
       845  5.030627E+00
       846  1.825805E+02
       847  1.040080E+02
       848  4.871879E+01
       849  1.587430E+01
       850  5.030627E+00
       851  8.674696E+00
       852  1.986147E+01
       853  8.812654E+00
       854  2.001660E+01
       855  9.046606E+00
       856  2.033328E+01
       857  9.672663E+00
       858  2.063920E+01
       859  3.493798E+00
       860  7.418969E+00
       861  3.493798E+00
       862  7.418969E+00
       863  9.672663E+00
       864  2.063920E+01
       865  9.046606E+00
       866  2.033328E+01
       867  8.812654E+00
       868  2.001660E+01
       869  8.674696E+00
       870  1.986147E+01
       871  1.632635E+02
       872  9.339505E+01
       873  4.414983E+01
       874  1.480088E+01
       875  4.896758E+00
       876  1.632635E+02
       877  9.339505E+01
       878  4.414983E+01
       879  1.480088E+01
       880  4.896758E+00
       881  7.565244E+00
       882  1.774853E+01
       883  7.715046E+00
       884  1.793033E+01
       885  7.969841E+00
       886  1.829049E+01
       887  8.648426E+00
       888  1.864410E+01
       889  3.127960E+00
       890  6.695356E+00
       891  3.127960E+00
       892  6.695356E+00
       893  8.648426E+00
       894  1.864410E+01
       895  7.969841E+00
       896  1.829049E+01
       897  7.715046E+00
       898  1.793033E+01
       899  7.565244E+00
       900  1.774853E+01
       901  1.445179E+02
       902  8.302589E+01
       903  3.968091E+01
       904  1.375827E+01
       905  4.809275E+00
       906  1.445179E+02
       907  8.302589E+01
       908  3.968091E+01
       909  1.375827E+01
       910  4.809275E+00
       911  6.531280E+00
       912  1.572289E+01
       913  6.691487E+00
       914  1.592350E+01
       915  6.965046E+00
       916  1.631633E+01
       917  7.694661E+00
       918  1.670015E+01
       919  2.785006E+00
       920  5.984100E+00
       921  2.785006E+00
       922  5.984100E+00
       923  7.694661E+00
       924  1.670015E+01
       925  6.965046E+00
       926  1.631633E+01
       927  6.691487E+00
       928  1.592350E+01
       929  6.531280E+00
       930  1.572289E+01
       931  1.264375E+02
       932  7.296549E+01
       933  3.530185E+01
       934  1.271311E+01
       935  4.749029E+00
       936  1.264375E+02
       937  7.296549E+01
       938  3.530185E+01
       939  1.271311E+01
       940  4.749029E+00
       941  5.568872E+00
       942  1.378320E+01
       943  5.739040E+00
       944  1.399361E+01
       945  6.030391E+00
       946  1.440969E+01
       947  6.811322E+00
       948  1.481332E+01
       949  2.465759E+00
       950  5.289925E+00
       951  2.465759E+00
       952  5.289925E+00
       953  6.811322E+00
       954  1.481332E+01
       955  6.030391E+00
       956  1.440969E+01
       957  5.739040E+00
       958  1.399361E+01
       959  5.568872E+00
       960  1.378320E+01
       961  1.090974E+02
       962  6.325859E+01
       963  3.103349E+01
       964  1.167090E+01
       965  4.714831E+00
       966  1.090974E+02
       967  6.325859E+01
       968  3.103349E+01
       969  1.167090E+01
       970  4.714831E+00
       971  4.675336E+00
       972  1.194082E+01
       973  4.857159E+00
       974  1.215069E+01
       975  5.167549E+00
       976  1.258141E+01
       977  6.003716E+00
       978  1.299945E+01
       979  2.172833E+00
       980  4.620028E+00
       981  2.172833E+00
       982  4.620028E+00
       983  6.003716E+00
       984  1.299945E+01
       985  5.167549E+00
       986  1.258141E+01
       987  4.857159E+00
       988  1.215069E+01
       989  4.675336E+00
       990  1.194082E+01
       991  9.255506E+01
       992  5.394842E+01
       993  2.690281E+01
       994  1.064531E+01
       995  4.711766E+00
       996  9.255506E+01
       997  5.394842E+01
       998  2.690281E+01
       999  1.064531E+01
      1000  4.711766E+00
      1001  3.851222E+00
      1002  1.021886E+01
      1003  4.048798E+00
      1004  1.041248E+01
      1005  4.381201E+00
      1006  1.084539E+01
      1007  5.278911E+00
      1008  1.127253E+01
      1009  1.908229E+00
      1010  3.979700E+00
      1011  1.908229E+00
      1012  3.979700E+00
      1013  5.278911E+00
      1014  1.127253E+01
      1015  4.381201E+00
      1016  1.084539E+01
      1017  4.048798E+00
      1018  1.041248E+01
      1019  3.851222E+00
      1020  1.021886E+01
      1021  7.687531E+01
      1022  4.508173E+01
      1023  2.294109E+01
      1024  9.654150E+00
      1025  4.747526E+00
      1026  7.687531E+01
      1027  4.508173E+01
      1028  2.294109E+01
      1029  9.654150E+00
      1030  4.747526E+00
      1031  3.103311E+00
      1032  8.649003E+00
      1033  3.322916E+00
      1034  8.800350E+00
      1035  3.680311E+00
      1036  9.214320E+00
      1037  4.645805E+00
      1038  9.642132E+00
      1039  1.673029E+00
      1040  3.372151E+00
      1041  1.673029E+00
      1042  3.372151E+00
      1043  4.645805E+00
      1044  9.642132E+00
      1045  3.680311E+00
      1046  9.214320E+00
      1047  3.322916E+00
      1048  8.800350E+00
      1049  3.103311E+00
      1050  8.649003E+00
      1051  6.213241E+01
      1052  3.671333E+01
      1053  1.918557E+01
      1054  8.719080E+00
      1055  4.831346E+00
      1056  6.213241E+01
      1057  3.671333E+01
      1058  1.918557E+01
      1059  8.719080E+00
      1060  4.831346E+00
      1061  2.450868E+00
      1062  7.267908E+00
      1063  2.700274E+00
      1064  7.336376E+00
      1065  3.081945E+00
      1066  7.697107E+00
      1067  4.116865E+00
      1068  8.111971E+00
      1069  1.467327E+00
      1070  2.798465E+00
      1071  1.467327E+00
      1072  2.798465E+00
      1073  4.116865E+00
      1074  8.111971E+00
      1075  3.081945E+00
      1076  7.697107E+00
      1077  2.700274E+00
      1078  7.336376E+00
      1079  2.450868E+00
      1080  7.267908E+00
      1081  4.841821E+01
      1082  2.891342E+01
      1083  1.568495E+01
      1084  7.866283E+00
      1085  4.971284E+00
      1086  4.841821E+01
      1087  2.891342E+01
      1088  1.568495E+01
      1089  7.866283E+00
      1090  4.971284E+00
      1091  1.938555E+00
      1092  6.114429E+00
      1093  2.225245E+00
      1094  6.043051E+00
      1095  2.619332E+00
      1096  6.299141E+00
      1097  3.712332E+00
      1098  6.679986E+00
      1099  1.289859E+00
      1100  2.258134E+00
      1101  1.289859E+00
      1102  2.258134E+00
      1103  3.712332E+00
      1104  6.679986E+00
      1105  2.619332E+00
      1106  6.299141E+00
      1107  2.225245E+00
      1108  6.043051E+00
      1109  1.938555E+00
      1110  6.114429E+00
      1111  3.585092E+01
      1112  2.178050E+01
      1113  1.250999E+01
      1114  7.128092E+00
      1115  5.166590E+00
      1116  3.585092E+01
      1117  2.178050E+01
      1118  1.250999E+01
      1119  7.128092E+00
      1120  5.166590E+00
      1121  1.656515E+00
      1122  5.228992E+00
      1123  1.985791E+00
      1124  4.950919E+00
      1125  2.357731E+00
      1126  5.033242E+00
      1127  3.472999E+00
      1128  5.349094E+00
      1129  1.137787E+00
      1130  1.754362E+00
      1131  1.137787E+00
      1132  1.754362E+00
      1133  3.472999E+00
      1134  5.349094E+00
      1135  2.357731E+00
      1136  5.033242E+00
      1137  1.985791E+00
      1138  4.950919E+00
      1139  1.656515E+00
      1140  5.228992E+00
      1141  2.458104E+01
      1142  1.545941E+01
      1143  9.764515E+00
      1144  6.538814E+00
      1145  5.398135E+00
      1146  2.458104E+01
      1147  1.545941E+01
      1148  9.764515E+00
      1149  6.538814E+00
      1150  5.398135E+00
      1151  1.755448E+00
      1152  4.643736E+00
      1153  2.132119E+00
      1154  4.118491E+00
      1155  2.419342E+00
      1156  3.958968E+00
      1157  3.494963E+00
      1158  4.177869E+00
      1159  1.006590E+00
      1160  1.319495E+00
      1161  1.006590E+00
      1162  1.319495E+00
      1163  3.494963E+00
      1164  4.177869E+00
      1165  2.419342E+00
      1166  3.958968E+00
      1167  2.132119E+00
      1168  4.118491E+00
      1169  1.755448E+00
      1170  4.643736E+00
      1171  1.483387E+01
      1172  1.015019E+01
      1173  7.574250E+00
      1174  6.107860E+00
      1175  5.622597E+00
      1176  1.483387E+01
      1177  1.015019E+01
      1178  7.574250E+00
      1179  6.107860E+00
      1180  5.622597E+00
      1181  2.367770E+00
      1182  4.341798E+00
      1183  2.829284E+00
      1184  3.643698E+00
      1185  3.007071E+00
      1186  3.262514E+00
      1187  4.039247E+00
      1188  3.404107E+00
      1189  9.063650E-01
      1190  1.082992E+00
      1191  9.063650E-01
      1192  1.082992E+00
      1193  4.039247E+00
      1194  3.404107E+00
      1195  3.007071E+00
      1196  3.262514E+00
      1197  2.829284E+00
      1198  3.643698E+00
      1199  2.367770E+00
      1200  4.341798E+00
      1201  7.086325E+00
      1202  6.120240E+00
      1203  5.998472E+00
      1204  5.873485E+00
      1205  5.946882E+00
      1206  7.086325E+00
      1207  6.120240E+00
      1208  5.998472E+00
      1209  5.873485E+00
      1210  5.946882E+00
      1211  3.310606E+00
      1212  4.089657E+00
      1213  4.012898E+00
      1214  3.526451E+00
      1215  4.346429E+00
      1216  3.338297E+00
      1217  5.845104E+00
      1218  3.848342E+00
      1219  8.857376E-01
      1220  1.527867E+00
      1221  8.857376E-01
      1222  1.527867E+00
      1223  5.845104E+00
      1224  3.848342E+00
      1225  4.346429E+00
      1226  3.338297E+00
      1227  4.012898E+00
      1228  3.526451E+00
      1229  3.310606E+00
      1230  4.089657E+00
      1231  2.064808E+00
      1232  3.164888E+00
      1233  4.549351E+00
      1234  5.820341E+00
      1235  7.837664E+00
      1236  2.064808E+00
      1237  3.164888E+00
      1238  4.549351E+00
      1239  5.820341E+00
      1240  7.837664E+00
      1241  3.894521E+00
      1242  3.606086E+00
      1243  4.992584E+00
      1244  3.518200E+00
      1245  6.598704E+00
      1246  4.558274E+00
      1247  1.207430E+01
      1248  8.512655E+00
      1249  1.390833E+00
      1250  5.071982E+00
      1251  1.390833E+00
      1252  5.071982E+00
      1253  1.207430E+01
      1254  8.512655E+00
      1255  6.598704E+00
      1256  4.558274E+00
      1257  4.992584E+00
      1258  3.518200E+00
      1259  3.894521E+00
      1260  3.606086E+00
      1261  9.389154E-02
      1262  4.209814E-01
      1263  1.223511E+00
      1264  2.964966E+00
      1265  7.797211E+00
      1266  9.389154E-02
      1267  4.209814E-01
      1268  1.223511E+00
      1269  2.964966E+00
      1270  7.797211E+00
      1271  2.203784E+00
      1272  2.828502E+00
      1273  3.194794E+00
      1274  2.878253E+00
      1275  5.493090E+00
      1276  5.960652E+00
      1277  1.849769E+01
      1278  1.787850E+01
      1279  2.133255E+00
      1280  1.381735E+01
      1281  2.133255E+00
      1282  1.381735E+01
      1283  1.849769E+01
      1284  1.787850E+01
      1285  5.493090E+00
      1286  5.960652E+00
      1287  3.194794E+00
      1288  2.878253E+00
      1289  2.203784E+00
      1290  2.828502E+00

                                INCREMENT     6


 displacements (vx,vy,vz) for set TIP_TOP and time  0.1475000E+01

      2087  2.364398E-01 -7.166948E-03 -7.634806E+00
      2088  2.363801E-01 -7.070600E-03 -7.618935E+00
      2091  2.359799E-01 -6.872004E-03 -7.603129E+00
      2094  2.357117E-01 -5.619377E-03 -7.588466E+00
      2096  2.356785E-01 -2.242971E-03 -7.578956E+00
      2098  2.356335E-01  3.088336E-14 -7.578376E+00
      2100  2.356785E-01  2.242971E-03 -7.578956E+00
      2103  2.357117E-01  5.619377E-03 -7.588466E+00
      2106  2.359799E-01  6.872004E-03 -7.603129E+00
      2109  2.363801E-01  7.070600E-03 -7.618935E+00
      2112  2.364398E-01  7.166948E-03 -7.634806E+00

 forces (fx,fy,fz) for set CLAMP and time  0.1475000E+01

         1  7.680115E+03  6.924840E+03  3.325329E+03
         4  1.280935E+04  3.856578E-09  6.620485E+03
         5  1.324132E+04  1.455422E+04  2.438068E+03
         8  2.242140E+04  2.514718E-09  4.997051E+03
         9  1.149310E+04  1.481415E+04  3.125301E+02
        12  1.996742E+04 -2.388955E-09  6.599676E+02
        13  7.093502E+03  9.080146E+03 -1.186974E+03
        16  1.240011E+04 -2.358615E-11 -2.348501E+03
        17  1.512175E+03  1.751182E+03 -1.495052E+03
        20  2.601363E+03 -1.095154E-08 -2.963029E+03
        21 -3.035982E+03 -1.736659E+03 -3.274564E+03
        24 -3.272302E+03 -2.689832E-09 -1.700881E+03
        26  7.680115E+03 -6.924840E+03  3.325329E+03
        28  1.324132E+04 -1.455422E+04  2.438068E+03
        30  1.149310E+04 -1.481415E+04  3.125301E+02
        32  7.093502E+03 -9.080146E+03 -1.186974E+03
        34  1.512175E+03 -1.751182E+03 -1.495052E+03
        36 -3.035982E+03  1.736659E+03 -3.274564E+03
        37 -2.186563E+03 -1.327589E+03 -3.030236E+03
        40 -2.672177E+03 -4.121659E+02 -5.271713E+03
        41 -5.481864E+03 -3.042216E+03 -8.268074E+02
        44 -7.863797E+03 -8.782025E+02 -1.596594E+03
        45 -3.820416E+03 -1.721552E+03  3.638239E+03
        48 -6.240086E+03 -4.669460E+02  6.624092E+03
        50 -2.391014E+03 -3.881731E+02 -4.860964E+03
        52 -7.425090E+03 -7.657105E+02 -1.595488E+03
        54 -6.111534E+03 -3.784013E+02  6.255783E+03
        56 -2.476062E+03 -2.484110E+02 -4.820093E+03
        58 -7.371229E+03 -4.525892E+02 -1.589558E+03
        60 -5.996736E+03 -2.050829E+02  6.139555E+03
        62 -5.009641E+03 -1.358621E+02 -1.086344E+03
        64 -4.010189E+03 -5.504090E+01  4.146111E+03
        66 -2.662494E+03  8.355238E-10 -5.883856E+02
        68 -2.120522E+03  6.769468E-11  2.203422E+03
        70 -5.009641E+03  1.358621E+02 -1.086344E+03
        72 -4.010189E+03  5.504090E+01  4.146111E+03
        74 -2.476062E+03  2.484110E+02 -4.820093E+03
        76 -7.371229E+03  4.525892E+02 -1.589558E+03
        78 -5.996736E+03  2.050829E+02  6.139555E+03
        80 -2.391014E+03  3.881731E+02 -4.860964E+03
        82 -7.425090E+03  7.657105E+02 -1.595488E+03
        84 -6.111534E+03  3.784013E+02  6.255783E+03
        86 -2.672177E+03  4.121659E+02 -5.271713E+03
        88 -7.863797E+03  8.782025E+02 -1.596594E+03
        90 -6.240086E+03  4.669460E+02  6.624092E+03
        92 -2.186563E+03  1.327589E+03 -3.030236E+03
        94 -5.481864E+03  3.042216E+03 -8.268074E+02
        96 -3.820416E+03  1.721552E+03  3.638239E+03

 internal energy (element, energy) for set EALL and time  0.1475000E+01

         1  4.410077E+02
         2  1.679708E+02
         3  8.789644E+01
         4  2.028841E+01
         5  6.771729E+00
         6  4.410077E+02
         7  1.679708E+02
         8  8.789644E+01
         9  2.028841E+01
        10  6.771729E+00
        11  2.515130E+01
        12  3.885317E+01
        13  2.031638E+01
        14  3.308586E+01
        15  1.900105E+01
        16  3.146276E+01
        17  1.866435E+01
        18  3.082541E+01
        19  6.730031E+00
        20  1.116446E+01
        21  6.730031E+00
        22  1.116446E+01
        23  1.866435E+01
        24  3.082541E+01
        25  1.900105E+01
        26  3.146276E+01
        27  2.031638E+01
        28  3.308586E+01
        29  2.515130E+01
        30  3.885317E+01
        31  1.894660E+03
        32  4.732593E+02
        33  1.364501E+02
        34  3.031070E+01
        35  1.090391E+01
        36  1.894660E+03
        37  4.732593E+02
        38  1.364501E+02
        39  3.031070E+01
        40  1.090391E+01
        41  2.737954E+01
        42  4.318273E+01
        43  2.933363E+01
        44  4.575421E+01
        45  2.891588E+01
        46  4.561835E+01
        47  2.894127E+01
        48  4.615780E+01
        49  1.058000E+01
        50  1.697829E+01
        51  1.058000E+01
        52  1.697829E+01
        53  2.894127E+01
        54  4.615780E+01
        55  2.891588E+01
        56  4.561835E+01
        57  2.933363E+01
        58  4.575421E+01
        59  2.737954E+01
        60  4.318273E+01
        61  1.923807E+03
        62  4.873560E+02
        63  1.637123E+02
        64  3.644975E+01
        65  1.258445E+01
        66  1.923807E+03
        67  4.873560E+02
        68  1.637123E+02
        69  3.644975E+01
        70  1.258445E+01
        71  2.856154E+01
        72  4.606596E+01
        73  3.046090E+01
        74  4.877210E+01
        75  3.166292E+01
        76  5.074084E+01
        77  3.225942E+01
        78  5.187435E+01
        79  1.174873E+01
        80  1.902795E+01
        81  1.174873E+01
        82  1.902795E+01
        83  3.225942E+01
        84  5.187435E+01
        85  3.166292E+01
        86  5.074084E+01
        87  3.046090E+01
        88  4.877210E+01
        89  2.856154E+01
        90  4.606596E+01
        91  1.926893E+03
        92  4.743360E+02
        93  1.678268E+02
        94  3.932397E+01
        95  1.211861E+01
        96  1.926893E+03
        97  4.743360E+02
        98  1.678268E+02
        99  3.932397E+01
       100  1.211861E+01
       101  2.922260E+01
       102  4.834070E+01
       103  2.991675E+01
       104  4.934555E+01
       105  3.072174E+01
       106  5.045067E+01
       107  3.137551E+01
       108  5.120550E+01
       109  1.146620E+01
       110  1.870083E+01
       111  1.146620E+01
       112  1.870083E+01
       113  3.137551E+01
       114  5.120550E+01
       115  3.072174E+01
       116  5.045067E+01
       117  2.991675E+01
       118  4.934555E+01
       119  2.922260E+01
       120  4.834070E+01
       121  1.916982E+03
       122  4.779015E+02
       123  1.646207E+02
       124  3.935482E+01
       125  1.119605E+01
       126  1.916982E+03
       127  4.779015E+02
       128  1.646207E+02
       129  3.935482E+01
       130  1.119605E+01
       131  2.838116E+01
       132  4.812621E+01
       133  2.862343E+01
       134  4.829851E+01
       135  2.898664E+01
       136  4.859223E+01
       137  2.939067E+01
       138  4.889712E+01
       139  1.074240E+01
       140  1.781937E+01
       141  1.074240E+01
       142  1.781937E+01
       143  2.939067E+01
       144  4.889712E+01
       145  2.898664E+01
       146  4.859223E+01
       147  2.862343E+01
       148  4.829851E+01
       149  2.838116E+01
       150  4.812621E+01
       151  1.867513E+03
       152  4.714452E+02
       153  1.612935E+02
       154  3.900574E+01
       155  1.045826E+01
       156  1.867513E+03
       157  4.714452E+02
       158  1.612935E+02
       159  3.900574E+01
       160  1.045826E+01
       161  2.722826E+01
       162  4.673136E+01
       163  2.732918E+01
       164  4.668128E+01
       165  2.752777E+01
       166  4.674660E+01
       167  2.780597E+01
       168  4.690910E+01
       169  1.014897E+01
       170  1.707533E+01
       171  1.014897E+01
       172  1.707533E+01
       173  2.780597E+01
       174  4.690910E+01
       175  2.752777E+01
       176  4.674660E+01
       177  2.732918E+01
       178  4.668128E+01
       179  2.722826E+01
       180  4.673136E+01
       181  1.795814E+03
       182  4.550149E+02
       183  1.565701E+02
       184  3.847014E+01
       185  9.844865E+00
       186  1.795814E+03
       187  4.550149E+02
       188  1.565701E+02
       189  3.847014E+01
       190  9.844865E+00
       191  2.589830E+01
       192  4.487694E+01
       193  2.597588E+01
       194  4.485329E+01
       195  2.612391E+01
       196  4.492254E+01
       197  2.636621E+01
       198  4.508138E+01
       199  9.616056E+00
       200  1.640683E+01
       201  9.616056E+00
       202  1.640683E+01
       203  2.636621E+01
       204  4.508138E+01
       205  2.612391E+01
       206  4.492254E+01
       207  2.597588E+01
       208  4.485329E+01
       209  2.589830E+01
       210  4.487694E+01
       211  1.715623E+03
       212  4.342437E+02
       213  1.507417E+02
       214  3.759517E+01
       215  9.279479E+00
       216  1.715623E+03
       217  4.342437E+02
       218  1.507417E+02
       219  3.759517E+01
       220  9.279479E+00
       221  2.453153E+01
       222  4.292594E+01
       223  2.460821E+01
       224  4.295952E+01
       225  2.474394E+01
       226  4.307410E+01
       227  2.497627E+01
       228  4.325075E+01
       229  9.103571E+00
       230  1.573889E+01
       231  9.103571E+00
       232  1.573889E+01
       233  2.497627E+01
       234  4.325075E+01
       235  2.474394E+01
       236  4.307410E+01
       237  2.460821E+01
       238  4.295952E+01
       239  2.453153E+01
       240  4.292594E+01
       241  1.630651E+03
       242  4.102990E+02
       243  1.441314E+02
       244  3.641713E+01
       245  8.740161E+00
       246  1.630651E+03
       247  4.102990E+02
       248  1.441314E+02
       249  3.641713E+01
       250  8.740161E+00
       251  2.316142E+01
       252  4.097433E+01
       253  2.323858E+01
       254  4.104467E+01
       255  2.337050E+01
       256  4.119242E+01
       257  2.360299E+01
       258  4.138372E+01
       259  8.599534E+00
       260  1.505786E+01
       261  8.599534E+00
       262  1.505786E+01
       263  2.360299E+01
       264  4.138372E+01
       265  2.337050E+01
       266  4.119242E+01
       267  2.323858E+01
       268  4.104467E+01
       269  2.316142E+01
       270  4.097433E+01
       271  1.540924E+03
       272  3.832138E+02
       273  1.368823E+02
       274  3.499176E+01
       275  8.226135E+00
       276  1.540924E+03
       277  3.832138E+02
       278  1.368823E+02
       279  3.499176E+01
       280  8.226135E+00
       281  2.180267E+01
       282  3.902693E+01
       283  2.187897E+01
       284  3.911560E+01
       285  2.200885E+01
       286  3.928191E+01
       287  2.224692E+01
       288  3.948319E+01
       289  8.103656E+00
       290  1.436476E+01
       291  8.103656E+00
       292  1.436476E+01
       293  2.224692E+01
       294  3.948319E+01
       295  2.200885E+01
       296  3.928191E+01
       297  2.187897E+01
       298  3.911560E+01
       299  2.180267E+01
       300  3.902693E+01
       301  1.446515E+03
       302  3.532600E+02
       303  1.290715E+02
       304  3.335376E+01
       305  7.737320E+00
       306  1.446515E+03
       307  3.532600E+02
       308  1.290715E+02
       309  3.335376E+01
       310  7.737320E+00
       311  2.046362E+01
       312  3.707581E+01
       313  2.053770E+01
       314  3.717027E+01
       315  2.066463E+01
       316  3.734309E+01
       317  2.090917E+01
       318  3.754728E+01
       319  7.615055E+00
       320  1.365790E+01
       321  7.615055E+00
       322  1.365790E+01
       323  2.090917E+01
       324  3.754728E+01
       325  2.066463E+01
       326  3.734309E+01
       327  2.053770E+01
       328  3.717027E+01
       329  2.046362E+01
       330  3.707581E+01
       331  1.347464E+03
       332  3.206365E+02
       333  1.207726E+02
       334  3.153651E+01
       335  7.270299E+00
       336  1.347464E+03
       337  3.206365E+02
       338  1.207726E+02
       339  3.153651E+01
       340  7.270299E+00
       341  1.915240E+01
       342  3.512112E+01
       343  1.922247E+01
       344  3.521073E+01
       345  1.934355E+01
       346  3.537734E+01
       347  1.959019E+01
       348  3.557232E+01
       349  7.132485E+00
       350  1.293460E+01
       351  7.132485E+00
       352  1.293460E+01
       353  1.959019E+01
       354  3.557232E+01
       355  1.934355E+01
       356  3.537734E+01
       357  1.922247E+01
       358  3.521073E+01
       359  1.915240E+01
       360  3.512112E+01
       361  1.243122E+03
       362  2.852484E+02
       363  1.121016E+02
       364  2.960394E+01
       365  6.817903E+00
       366  1.243122E+03
       367  2.852484E+02
       368  1.121016E+02
       369  2.960394E+01
       370  6.817903E+00
       371  1.787570E+01
       372  3.317294E+01
       373  1.794077E+01
       374  3.324999E+01
       375  1.805360E+01
       376  3.339928E+01
       377  1.829489E+01
       378  3.357070E+01
       379  6.656743E+00
       380  1.219876E+01
       381  6.656743E+00
       382  1.219876E+01
       383  1.829489E+01
       384  3.357070E+01
       385  1.805360E+01
       386  3.339928E+01
       387  1.794077E+01
       388  3.324999E+01
       389  1.787570E+01
       390  3.317294E+01
       391  1.135255E+03
       392  2.474006E+02
       393  1.033670E+02
       394  2.764663E+01
       395  6.371115E+00
       396  1.135255E+03
       397  2.474006E+02
       398  1.033670E+02
       399  2.764663E+01
       400  6.371115E+00
       401  1.663774E+01
       402  3.124539E+01
       403  1.669922E+01
       404  3.130992E+01
       405  1.680524E+01
       406  3.144089E+01
       407  1.703826E+01
       408  3.158535E+01
       409  6.194242E+00
       410  1.146844E+01
       411  6.194242E+00
       412  1.146844E+01
       413  1.703826E+01
       414  3.158535E+01
       415  1.680524E+01
       416  3.144089E+01
       417  1.669922E+01
       418  3.130992E+01
       419  1.663774E+01
       420  3.124539E+01
       421  1.032342E+03
       422  2.168103E+02
       423  9.516131E+01
       424  2.571525E+01
       425  5.934260E+00
       426  1.032342E+03
       427  2.168103E+02
       428  9.516131E+01
       429  2.571525E+01
       430  5.934260E+00
       431  1.544065E+01
       432  2.934978E+01
       433  1.550211E+01
       434  2.941061E+01
       435  1.560705E+01
       436  2.953630E+01
       437  1.583991E+01
       438  2.967115E+01
       439  5.755143E+00
       440  1.076825E+01
       441  5.755143E+00
       442  1.076825E+01
       443  1.583991E+01
       444  2.967115E+01
       445  1.560705E+01
       446  2.953630E+01
       447  1.550211E+01
       448  2.941061E+01
       449  1.544065E+01
       450  2.934978E+01
       451  9.380634E+02
       452  1.976767E+02
       453  8.769120E+01
       454  2.386120E+01
       455  5.533274E+00
       456  9.380634E+02
       457  1.976767E+02
       458  8.769120E+01
       459  2.386120E+01
       460  5.533274E+00
       461  1.428582E+01
       462  2.749067E+01
       463  1.435085E+01
       464  2.755913E+01
       465  1.446088E+01
       466  2.769673E+01
       467  1.470719E+01
       468  2.784586E+01
       469  5.343674E+00
       470  1.010566E+01
       471  5.343674E+00
       472  1.010566E+01
       473  1.470719E+01
       474  2.784586E+01
       475  1.446088E+01
       476  2.769673E+01
       477  1.435085E+01
       478  2.755913E+01
       479  1.428582E+01
       480  2.749067E+01
       481  8.463130E+02
       482  1.814704E+02
       483  8.055983E+01
       484  2.209527E+01
       485  5.182500E+00
       486  8.463130E+02
       487  1.814704E+02
       488  8.055983E+01
       489  2.209527E+01
       490  5.182500E+00
       491  1.317501E+01
       492  2.566627E+01
       493  1.324476E+01
       494  2.574797E+01
       495  1.336218E+01
       496  2.590519E+01
       497  1.362933E+01
       498  2.607774E+01
       499  4.953979E+00
       500  9.465185E+00
       501  4.953979E+00
       502  9.465185E+00
       503  1.362933E+01
       504  2.607774E+01
       505  1.336218E+01
       506  2.590519E+01
       507  1.324476E+01
       508  2.574797E+01
       509  1.317501E+01
       510  2.566627E+01
       511  7.533351E+02
       512  1.651776E+02
       513  7.346806E+01
       514  2.035183E+01
       515  4.871319E+00
       516  7.533351E+02
       517  1.651776E+02
       518  7.346806E+01
       519  2.035183E+01
       520  4.871319E+00
       521  1.211052E+01
       522  2.387269E+01
       523  1.218278E+01
       524  2.396415E+01
       525  1.230458E+01
       526  2.413572E+01
       527  1.259059E+01
       528  2.432421E+01
       529  4.577834E+00
       530  8.827716E+00
       531  4.577834E+00
       532  8.827716E+00
       533  1.259059E+01
       534  2.432421E+01
       535  1.230458E+01
       536  2.413572E+01
       537  1.218278E+01
       538  2.396415E+01
       539  1.211052E+01
       540  2.387269E+01
       541  6.595101E+02
       542  1.489559E+02
       543  6.637006E+01
       544  1.858968E+01
       545  4.584150E+00
       546  6.595101E+02
       547  1.489559E+02
       548  6.637006E+01
       549  1.858968E+01
       550  4.584150E+00
       551  1.109494E+01
       552  2.211053E+01
       553  1.116517E+01
       554  2.220127E+01
       555  1.128452E+01
       556  2.237288E+01
       557  1.158074E+01
       558  2.256058E+01
       559  4.210359E+00
       560  8.182836E+00
       561  4.210359E+00
       562  8.182836E+00
       563  1.158074E+01
       564  2.256058E+01
       565  1.128452E+01
       566  2.237288E+01
       567  1.116517E+01
       568  2.220127E+01
       569  1.109494E+01
       570  2.211053E+01
       571  5.650499E+02
       572  1.328624E+02
       573  5.932901E+01
       574  1.683775E+01
       575  4.307863E+00
       576  5.650499E+02
       577  1.328624E+02
       578  5.932901E+01
       579  1.683775E+01
       580  4.307863E+00
       581  1.013055E+01
       582  2.038910E+01
       583  1.019447E+01
       584  2.046721E+01
       585  1.030403E+01
       586  2.062121E+01
       587  1.059681E+01
       588  2.078554E+01
       589  3.849574E+00
       590  7.529268E+00
       591  3.849574E+00
       592  7.529268E+00
       593  1.059681E+01
       594  2.078554E+01
       595  1.030403E+01
       596  2.062121E+01
       597  1.019447E+01
       598  2.046721E+01
       599  1.013055E+01
       600  2.038910E+01
       601  4.639802E+02
       602  1.168650E+02
       603  5.255351E+01
       604  1.516819E+01
       605  4.021497E+00
       606  4.639802E+02
       607  1.168650E+02
       608  5.255351E+01
       609  1.516819E+01
       610  4.021497E+00
       611  9.218496E+00
       612  1.872447E+01
       613  9.274514E+00
       614  1.878398E+01
       615  9.370672E+00
       616  1.890900E+01
       617  9.646110E+00
       618  1.903160E+01
       619  3.497765E+00
       620  6.880148E+00
       621  3.497765E+00
       622  6.880148E+00
       623  9.646110E+00
       624  1.903160E+01
       625  9.370672E+00
       626  1.890900E+01
       627  9.274514E+00
       628  1.878398E+01
       629  9.218496E+00
       630  1.872447E+01
       631  3.592637E+02
       632  1.015277E+02
       633  4.640320E+01
       634  1.360103E+01
       635  3.707957E+00
       636  3.592637E+02
       637  1.015277E+02
       638  4.640320E+01
       639  1.360103E+01
       640  3.707957E+00
       641  8.358790E+00
       642  1.713363E+01
       643  8.408298E+00
       644  1.717856E+01
       645  8.493176E+00
       646  1.727930E+01
       647  8.747916E+00
       648  1.736535E+01
       649  3.164505E+00
       650  6.265433E+00
       651  3.164505E+00
       652  6.265433E+00
       653  8.747916E+00
       654  1.736535E+01
       655  8.493176E+00
       656  1.727930E+01
       657  8.408298E+00
       658  1.717856E+01
       659  8.358790E+00
       660  1.713363E+01
       661  2.843087E+02
       662  8.948868E+01
       663  4.100540E+01
       664  1.214399E+01
       665  3.394341E+00
       666  2.843087E+02
       667  8.948868E+01
       668  4.100540E+01
       669  1.214399E+01
       670  3.394341E+00
       671  7.551462E+00
       672  1.563039E+01
       673  7.596816E+00
       674  1.566978E+01
       675  7.675297E+00
       676  1.576245E+01
       677  7.920268E+00
       678  1.583959E+01
       679  2.860884E+00
       680  5.709266E+00
       681  2.860884E+00
       682  5.709266E+00
       683  7.920268E+00
       684  1.583959E+01
       685  7.675297E+00
       686  1.576245E+01
       687  7.596816E+00
       688  1.566978E+01
       689  7.551462E+00
       690  1.563039E+01
       691  2.360551E+02
       692  8.008009E+01
       693  3.638525E+01
       694  1.088320E+01
       695  3.133073E+00
       696  2.360551E+02
       697  8.008009E+01
       698  3.638525E+01
       699  1.088320E+01
       700  3.133073E+00
       701  6.797124E+00
       702  1.422412E+01
       703  6.839829E+00
       704  1.426256E+01
       705  6.914831E+00
       706  1.435642E+01
       707  7.160884E+00
       708  1.444135E+01
       709  2.586400E+00
       710  5.203316E+00
       711  2.586400E+00
       712  5.203316E+00
       713  7.160884E+00
       714  1.444135E+01
       715  6.914831E+00
       716  1.435642E+01
       717  6.839829E+00
       718  1.426256E+01
       719  6.797124E+00
       720  1.422412E+01
       721  1.876500E+02
       722  7.092727E+01
       723  3.241112E+01
       724  9.863278E+00
       725  2.923129E+00
       726  1.876500E+02
       727  7.092727E+01
       728  3.241112E+01
       729  9.863278E+00
       730  2.923129E+00
       731  6.095683E+00
       732  1.291871E+01
       733  6.136708E+00
       734  1.295416E+01
       735  6.208754E+00
       736  1.304393E+01
       737  6.452895E+00
       738  1.312414E+01
       739  2.329914E+00
       740  4.723254E+00
       741  2.329914E+00
       742  4.723254E+00
       743  6.452895E+00
       744  1.312414E+01
       745  6.208754E+00
       746  1.304393E+01
       747  6.136708E+00
       748  1.295416E+01
       749  6.095683E+00
       750  1.291871E+01
       751  1.353601E+02
       752  6.223920E+01
       753  2.893406E+01
       754  8.996787E+00
       755  2.713442E+00
       756  1.353601E+02
       757  6.223920E+01
       758  2.893406E+01
       759  8.996787E+00
       760  2.713442E+00
       761  5.444744E+00
       762  1.171132E+01
       763  5.485914E+00
       764  1.174277E+01
       765  5.556810E+00
       766  1.182365E+01
       767  5.790986E+00
       768  1.188536E+01
       769  2.086774E+00
       770  4.268514E+00
       771  2.086774E+00
       772  4.268514E+00
       773  5.790986E+00
       774  1.188536E+01
       775  5.556810E+00
       776  1.182365E+01
       777  5.485914E+00
       778  1.174277E+01
       779  5.444744E+00
       780  1.171132E+01
       781  9.461400E+01
       782  5.503580E+01
       783  2.586697E+01
       784  8.178003E+00
       785  2.488282E+00
       786  9.461400E+01
       787  5.503580E+01
       788  2.586697E+01
       789  8.178003E+00
       790  2.488282E+00
       791  4.840101E+00
       792  1.059347E+01
       793  4.884338E+00
       794  1.062694E+01
       795  4.958959E+00
       796  1.070896E+01
       797  5.187621E+00
       798  1.076698E+01
       799  1.865198E+00
       800  3.861615E+00
       801  1.865198E+00
       802  3.861615E+00
       803  5.187621E+00
       804  1.076698E+01
       805  4.958959E+00
       806  1.070896E+01
       807  4.884338E+00
       808  1.062694E+01
       809  4.840101E+00
       810  1.059347E+01
       811  8.696450E+01
       812  4.959179E+01
       813  2.324221E+01
       814  7.450171E+00
       815  2.299005E+00
       816  8.696450E+01
       817  4.959179E+01
       818  2.324221E+01
       819  7.450171E+00
       820  2.299005E+00
       821  4.277783E+00
       822  9.553709E+00
       823  4.327826E+00
       824  9.598694E+00
       825  4.411582E+00
       826  9.699273E+00
       827  4.651078E+00
       828  9.782380E+00
       829  1.672393E+00
       830  3.509648E+00
       831  1.672393E+00
       832  3.509648E+00
       833  4.651078E+00
       834  9.782380E+00
       835  4.411582E+00
       836  9.699273E+00
       837  4.327826E+00
       838  9.598694E+00
       839  4.277783E+00
       840  9.553709E+00
       841  7.885228E+01
       842  4.491830E+01
       843  2.105695E+01
       844  6.875330E+00
       845  2.181219E+00
       846  7.885228E+01
       847  4.491830E+01
       848  2.105695E+01
       849  6.875330E+00
       850  2.181219E+00
       851  3.755129E+00
       852  8.579584E+00
       853  3.812192E+00
       854  8.641362E+00
       855  3.907833E+00
       856  8.769309E+00
       857  4.170845E+00
       858  8.888896E+00
       859  1.503015E+00
       860  3.191599E+00
       861  1.503015E+00
       862  3.191599E+00
       863  4.170845E+00
       864  8.888896E+00
       865  3.907833E+00
       866  8.769309E+00
       867  3.812192E+00
       868  8.641362E+00
       869  3.755129E+00
       870  8.579584E+00
       871  7.051260E+01
       872  4.033995E+01
       873  1.907434E+01
       874  6.398909E+00
       875  2.117257E+00
       876  7.051260E+01
       877  4.033995E+01
       878  1.907434E+01
       879  6.398909E+00
       880  2.117257E+00
       881  3.270100E+00
       882  7.658883E+00
       883  3.333721E+00
       884  7.735905E+00
       885  3.440852E+00
       886  7.888149E+00
       887  3.730011E+00
       888  8.035982E+00
       889  1.347255E+00
       890  2.884370E+00
       891  1.347255E+00
       892  2.884370E+00
       893  3.730011E+00
       894  8.035982E+00
       895  3.440852E+00
       896  7.888149E+00
       897  3.333721E+00
       898  7.735905E+00
       899  3.270100E+00
       900  7.658883E+00
       901  6.241262E+01
       902  3.586025E+01
       903  1.714245E+01
       904  5.946458E+00
       905  2.078576E+00
       906  6.241262E+01
       907  3.586025E+01
       908  1.714245E+01
       909  5.946458E+00
       910  2.078576E+00
       911  2.820321E+00
       912  6.781980E+00
       913  2.889333E+00
       914  6.869070E+00
       915  3.006212E+00
       916  7.038243E+00
       917  3.319633E+00
       918  7.202627E+00
       919  1.200651E+00
       920  2.580332E+00
       921  1.200651E+00
       922  2.580332E+00
       923  3.319633E+00
       924  7.202627E+00
       925  3.006212E+00
       926  7.038243E+00
       927  2.889333E+00
       928  6.869070E+00
       929  2.820321E+00
       930  6.781980E+00
       931  5.460012E+01
       932  3.151343E+01
       933  1.524997E+01
       934  5.494164E+00
       935  2.052389E+00
       936  5.460012E+01
       937  3.151343E+01
       938  1.524997E+01
       939  5.494164E+00
       940  2.052389E+00
       941  2.403198E+00
       942  5.944825E+00
       943  2.476898E+00
       944  6.036651E+00
       945  2.602311E+00
       946  6.216755E+00
       947  2.938966E+00
       948  6.390816E+00
       949  1.063516E+00
       950  2.281941E+00
       951  1.063516E+00
       952  2.281941E+00
       953  2.938966E+00
       954  6.390816E+00
       955  2.602311E+00
       956  6.216755E+00
       957  2.476898E+00
       958  6.036651E+00
       959  2.403198E+00
       960  5.944825E+00
       961  4.710998E+01
       962  2.731979E+01
       963  1.340538E+01
       964  5.043262E+00
       965  2.037363E+00
       966  4.710998E+01
       967  2.731979E+01
       968  1.340538E+01
       969  5.043262E+00
       970  2.037363E+00
       971  2.016810E+00
       972  5.150370E+00
       973  2.095620E+00
       974  5.241793E+00
       975  2.229606E+00
       976  5.428264E+00
       977  2.590557E+00
       978  5.608801E+00
       979  9.373387E-01
       980  1.993222E+00
       981  9.373387E-01
       982  1.993222E+00
       983  2.590557E+00
       984  5.608801E+00
       985  2.229606E+00
       986  5.428264E+00
       987  2.095620E+00
       988  5.241793E+00
       989  2.016810E+00
       990  5.150370E+00
       991  3.996545E+01
       992  2.329800E+01
       993  1.162045E+01
       994  4.599643E+00
       995  2.035768E+00
       996  3.996545E+01
       997  2.329800E+01
       998  1.162045E+01
       999  4.599643E+00
      1000  2.035768E+00
      1001  1.660895E+00
      1002  4.407806E+00
      1003  1.746461E+00
      1004  4.491901E+00
      1005  1.890055E+00
      1006  4.679152E+00
      1007  2.277742E+00
      1008  4.863643E+00
      1009  8.232241E-01
      1010  1.716969E+00
      1011  8.232241E-01
      1012  1.716969E+00
      1013  2.277742E+00
      1014  4.863643E+00
      1015  1.890055E+00
      1016  4.679152E+00
      1017  1.746461E+00
      1018  4.491901E+00
      1019  1.660895E+00
      1020  4.407806E+00
      1021  3.319380E+01
      1022  1.946810E+01
      1023  9.908762E+00
      1024  4.171058E+00
      1025  2.051004E+00
      1026  3.319380E+01
      1027  1.946810E+01
      1028  9.908762E+00
      1029  4.171058E+00
      1030  2.051004E+00
      1031  1.338121E+00
      1032  3.730646E+00
      1033  1.433123E+00
      1034  3.796242E+00
      1035  1.587504E+00
      1036  3.975147E+00
      1037  2.004497E+00
      1038  4.159917E+00
      1039  7.217466E-01
      1040  1.454760E+00
      1041  7.217466E-01
      1042  1.454760E+00
      1043  2.004497E+00
      1044  4.159917E+00
      1045  1.587504E+00
      1046  3.975147E+00
      1047  1.433123E+00
      1048  3.796242E+00
      1049  1.338121E+00
      1050  3.730646E+00
      1051  2.682692E+01
      1052  1.585365E+01
      1053  8.286342E+00
      1054  3.766840E+00
      1055  2.087064E+00
      1056  2.682692E+01
      1057  1.585365E+01
      1058  8.286342E+00
      1059  3.766840E+00
      1060  2.087064E+00
      1061  1.056694E+00
      1062  3.134771E+00
      1063  1.164487E+00
      1064  3.164424E+00
      1065  1.329298E+00
      1066  3.320224E+00
      1067  1.776240E+00
      1068  3.499383E+00
      1069  6.329870E-01
      1070  1.207129E+00
      1071  6.329870E-01
      1072  1.207129E+00
      1073  1.776240E+00
      1074  3.499383E+00
      1075  1.329298E+00
      1076  3.320224E+00
      1077  1.164487E+00
      1078  3.164424E+00
      1079  1.056694E+00
      1080  3.134771E+00
      1081  2.090446E+01
      1082  1.248491E+01
      1083  6.774164E+00
      1084  3.398244E+00
      1085  2.147396E+00
      1086  2.090446E+01
      1087  1.248491E+01
      1088  6.774164E+00
      1089  3.398244E+00
      1090  2.147396E+00
      1091  8.358507E-01
      1092  2.637023E+00
      1093  9.596724E-01
      1094  2.606218E+00
      1095  1.129765E+00
      1096  2.716765E+00
      1097  1.601710E+00
      1098  2.881212E+00
      1099  5.564128E-01
      1100  9.738802E-01
      1101  5.564128E-01
      1102  9.738802E-01
      1103  1.601710E+00
      1104  2.881212E+00
      1105  1.129765E+00
      1106  2.716765E+00
      1107  9.596724E-01
      1108  2.606218E+00
      1109  8.358507E-01
      1110  2.637023E+00
      1111  1.547749E+01
      1112  9.404376E+00
      1113  5.402736E+00
      1114  3.079184E+00
      1115  2.231635E+00
      1116  1.547749E+01
      1117  9.404376E+00
      1118  5.402736E+00
      1119  3.079184E+00
      1120  2.231635E+00
      1121  7.144778E-01
      1122  2.254881E+00
      1123  8.566317E-01
      1124  2.134842E+00
      1125  1.017068E+00
      1126  2.170340E+00
      1127  1.498518E+00
      1128  2.306702E+00
      1129  4.908033E-01
      1130  7.564125E-01
      1131  4.908033E-01
      1132  7.564125E-01
      1133  1.498518E+00
      1134  2.306702E+00
      1135  1.017068E+00
      1136  2.170340E+00
      1137  8.566317E-01
      1138  2.134842E+00
      1139  7.144778E-01
      1140  2.254881E+00
      1141  1.061107E+01
      1142  6.674616E+00
      1143  4.216860E+00
      1144  2.824430E+00
      1145  2.331489E+00
      1146  1.061107E+01
      1147  6.674616E+00
      1148  4.216860E+00
      1149  2.824430E+00
      1150  2.331489E+00
      1151  7.575782E-01
      1152  2.002196E+00
      1153  9.201659E-01
      1154  1.775549E+00
      1155  1.043945E+00
      1156  1.706681E+00
      1157  1.508167E+00
      1158  1.801189E+00
      1159  4.342125E-01
      1160  5.687216E-01
      1161  4.342125E-01
      1162  5.687216E-01
      1163  1.508167E+00
      1164  1.801189E+00
      1165  1.043945E+00
      1166  1.706681E+00
      1167  9.201659E-01
      1168  1.775549E+00
      1169  7.575782E-01
      1170  2.002196E+00
      1171  6.402569E+00
      1172  4.381988E+00
      1173  3.270771E+00
      1174  2.638007E+00
      1175  2.428215E+00
      1176  6.402569E+00
      1177  4.381988E+00
      1178  3.270771E+00
      1179  2.638007E+00
      1180  2.428215E+00
      1181  1.022188E+00
      1182  1.871665E+00
      1183  1.221409E+00
      1184  1.570565E+00
      1185  1.297921E+00
      1186  1.406166E+00
      1187  1.743368E+00
      1188  1.467409E+00
      1189  3.910088E-01
      1190  4.667520E-01
      1191  3.910088E-01
      1192  4.667520E-01
      1193  1.743368E+00
      1194  1.467409E+00
      1195  1.297921E+00
      1196  1.406166E+00
      1197  1.221409E+00
      1198  1.570565E+00
      1199  1.022188E+00
      1200  1.871665E+00
      1201  3.057988E+00
      1202  2.641860E+00
      1203  2.589939E+00
      1204  2.536417E+00
      1205  2.568080E+00
      1206  3.057988E+00
      1207  2.641860E+00
      1208  2.589939E+00
      1209  2.536417E+00
      1210  2.568080E+00
      1211  1.429267E+00
      1212  1.762536E+00
      1213  1.732395E+00
      1214  1.519770E+00
      1215  1.876161E+00
      1216  1.438918E+00
      1217  2.523178E+00
      1218  1.659574E+00
      1219  3.821825E-01
      1220  6.590475E-01
      1221  3.821825E-01
      1222  6.590475E-01
      1223  2.523178E+00
      1224  1.659574E+00
      1225  1.876161E+00
      1226  1.438918E+00
      1227  1.732395E+00
      1228  1.519770E+00
      1229  1.429267E+00
      1230  1.762536E+00
      1231  8.907833E-01
      1232  1.365768E+00
      1233  1.963607E+00
      1234  2.512766E+00
      1235  3.384241E+00
      1236  8.907833E-01
      1237  1.365768E+00
      1238  1.963607E+00
      1239  2.512766E+00
      1240  3.384241E+00
      1241  1.681128E+00
      1242  1.554010E+00
      1243  2.154952E+00
      1244  1.516245E+00
      1245  2.847972E+00
      1246  1.965781E+00
      1247  5.211993E+00
      1248  3.673457E+00
      1249  6.002851E-01
      1250  2.189530E+00
      1251  6.002851E-01
      1252  2.189530E+00
      1253  5.211993E+00
      1254  3.673457E+00
      1255  2.847972E+00
      1256  1.965781E+00
      1257  2.154952E+00
      1258  1.516245E+00
      1259  1.681128E+00
      1260  1.554010E+00
      1261  4.048068E-02
      1262  1.815544E-01
      1263  5.277449E-01
      1264  1.279105E+00
      1265  3.364667E+00
      1266  4.048068E-02
      1267  1.815544E-01
      1268  5.277449E-01
      1269  1.279105E+00
      1270  3.364667E+00
      1271  9.507511E-01
      1272  1.218685E+00
      1273  1.378691E+00
      1274  1.241158E+00
      1275  2.370855E+00
      1276  2.572089E+00
      1277  7.984294E+00
      1278  7.716993E+00
      1279  9.206991E-01
      1280  5.963932E+00
      1281  9.206991E-01
      1282  5.963932E+00
      1283  7.984294E+00
      1284  7.716993E+00
      1285  2.370855E+00
      1286  2.572089E+00
      1287  1.378691E+00
      1288  1.241158E+00
      1289  9.507511E-01
      1290  1.218685E+00

                                INCREMENT     7


 displacements (vx,vy,vz) for set TIP_TOP and time  0.1575000E+01

      2087  1.288270E-01 -3.431117E-03 -4.483298E+00
      2088  1.287770E-01 -3.383678E-03 -4.475709E+00
      2091  1.285632E-01 -3.287457E-03 -4.468152E+00
      2094  1.284144E-01 -2.687416E-03 -4.461141E+00
      2096  1.283847E-01 -1.072478E-03 -4.456595E+00
      2098  1.283619E-01 -1.604556E-15 -4.456317E+00
      2100  1.283847E-01  1.072478E-03 -4.456595E+00
      2103  1.284144E-01  2.687416E-03 -4.461141E+00
      2106  1.285632E-01  3.287457E-03 -4.468152E+00
      2109  1.287770E-01  3.383678E-03 -4.475709E+00
      2112  1.288270E-01  3.431117E-03 -4.483298E+00

 forces (fx,fy,fz) for set CLAMP and time  0.1575000E+01

         1  2.675359E+03  9.005166E+02  1.328099E+03
         4  3.819174E+03 -2.968635E-10  2.631734E+03
         5  6.119482E+03  5.184248E+03  2.150224E+03
         8  9.862593E+03  4.241164E-10  4.411210E+03
         9  6.731492E+03  8.657902E+03  4.381350E+02
        12  1.162842E+04  7.222172E-09  9.010171E+02
        13  4.616577E+03  5.929668E+03 -7.895236E+02
        16  8.072617E+03  3.188482E-09 -1.565696E+03
        17  1.359602E+03  1.631786E+03 -1.033318E+03
        20  2.348176E+03  4.226547E-10 -2.047275E+03
        21 -1.524861E+03 -7.098576E+02 -1.874729E+03
        24 -1.425134E+03  4.843620E-10 -1.190471E+03
        26  2.675359E+03 -9.005166E+02  1.328099E+03
        28  6.119482E+03 -5.184248E+03  2.150224E+03
        30  6.731492E+03 -8.657902E+03  4.381350E+02
        32  4.616577E+03 -5.929668E+03 -7.895236E+02
        34  1.359602E+03 -1.631786E+03 -1.033318E+03
        36 -1.524861E+03  7.098576E+02 -1.874729E+03
        37 -1.158094E+03 -6.999241E+02 -1.604829E+03
        40 -1.445230E+03 -2.165326E+02 -2.799240E+03
        41 -2.895543E+03 -1.604483E+03 -4.539491E+02
        44 -4.158218E+03 -4.470009E+02 -8.756344E+02
        45 -2.015766E+03 -9.082455E+02  1.925987E+03
        48 -3.267288E+03 -2.307568E+02  3.494229E+03
        50 -1.349767E+03 -2.034488E+02 -2.590354E+03
        52 -3.906061E+03 -3.756952E+02 -8.696903E+02
        54 -3.123043E+03 -1.731457E+02  3.262285E+03
        56 -1.461543E+03 -1.121822E+02 -2.565749E+03
        58 -3.827126E+03 -1.857992E+02 -8.815991E+02
        60 -2.940558E+03 -7.179058E+01  3.128718E+03
        62 -2.539443E+03 -3.292146E+01 -6.514812E+02
        64 -1.883822E+03 -8.223986E+00  2.055727E+03
        66 -1.337626E+03 -1.118914E-10 -3.680191E+02
        68 -9.805184E+02  9.693313E-13  1.079078E+03
        70 -2.539443E+03  3.292146E+01 -6.514812E+02
        72 -1.883822E+03  8.223986E+00  2.055727E+03
        74 -1.461543E+03  1.121822E+02 -2.565749E+03
        76 -3.827126E+03  1.857992E+02 -8.815991E+02
        78 -2.940558E+03  7.179058E+01  3.128718E+03
        80 -1.349767E+03  2.034488E+02 -2.590354E+03
        82 -3.906061E+03  3.756952E+02 -8.696903E+02
        84 -3.123043E+03  1.731457E+02  3.262285E+03
        86 -1.445230E+03  2.165326E+02 -2.799240E+03
        88 -4.158218E+03  4.470009E+02 -8.756344E+02
        90 -3.267288E+03  2.307568E+02  3.494229E+03
        92 -1.158094E+03  6.999241E+02 -1.604829E+03
        94 -2.895543E+03  1.604483E+03 -4.539491E+02
        96 -2.015766E+03  9.082455E+02  1.925987E+03

 internal energy (element, energy) for set EALL and time  0.1575000E+01

         1  2.876938E+02
         2  5.378928E+01
         3  3.469172E+01
         4  9.612549E+00
         5  2.147018E+00
         6  2.876938E+02
         7  5.378928E+01
         8  3.469172E+01
         9  9.612549E+00
        10  2.147018E+00
        11  7.028019E+00
        12  1.098949E+01
        13  5.662971E+00
        14  9.274111E+00
        15  5.248672E+00
        16  8.657685E+00
        17  5.000652E+00
        18  8.269332E+00
        19  1.769874E+00
        20  2.953976E+00
        21  1.769874E+00
        22  2.953976E+00
        23  5.000652E+00
        24  8.269332E+00
        25  5.248672E+00
        26  8.657685E+00
        27  5.662971E+00
        28  9.274111E+00
        29  7.028019E+00
        30  1.098949E+01
        31  1.800904E+03
        32  2.804858E+02
        33  5.512682E+01
        34  1.403267E+01
        35  3.058452E+00
        36  1.800904E+03
        37  2.804858E+02
        38  5.512682E+01
        39  1.403267E+01
        40  3.058452E+00
        41  7.673293E+00
        42  1.260853E+01
        43  8.161882E+00
        44  1.332820E+01
        45  7.976398E+00
        46  1.330440E+01
        47  7.958440E+00
        48  1.353654E+01
        49  2.913007E+00
        50  5.008751E+00
        51  2.913007E+00
        52  5.008751E+00
        53  7.958440E+00
        54  1.353654E+01
        55  7.976398E+00
        56  1.330440E+01
        57  8.161882E+00
        58  1.332820E+01
        59  7.673293E+00
        60  1.260853E+01
        61  1.818117E+03
        62  2.748896E+02
        63  7.006477E+01
        64  1.710812E+01
        65  3.634933E+00
        66  1.818117E+03
        67  2.748896E+02
        68  7.006477E+01
        69  1.710812E+01
        70  3.634933E+00
        71  8.060021E+00
        72  1.379897E+01
        73  8.584859E+00
        74  1.462997E+01
        75  8.941129E+00
        76  1.528639E+01
        77  9.199759E+00
        78  1.574080E+01
        79  3.361370E+00
        80  5.804040E+00
        81  3.361370E+00
        82  5.804040E+00
        83  9.199759E+00
        84  1.574080E+01
        85  8.941129E+00
        86  1.528639E+01
        87  8.584859E+00
        88  1.462997E+01
        89  8.060021E+00
        90  1.379897E+01
        91  1.832596E+03
        92  2.662044E+02
        93  7.407568E+01
        94  1.918566E+01
        95  3.692985E+00
        96  1.832596E+03
        97  2.662044E+02
        98  7.407568E+01
        99  1.918566E+01
       100  3.692985E+00
       101  8.320708E+00
       102  1.473829E+01
       103  8.544963E+00
       104  1.507657E+01
       105  8.818836E+00
       106  1.546440E+01
       107  9.077455E+00
       108  1.577538E+01
       109  3.326350E+00
       110  5.781466E+00
       111  3.326350E+00
       112  5.781466E+00
       113  9.077455E+00
       114  1.577538E+01
       115  8.818836E+00
       116  1.546440E+01
       117  8.544963E+00
       118  1.507657E+01
       119  8.320708E+00
       120  1.473829E+01
       121  1.828693E+03
       122  2.760763E+02
       123  7.351416E+01
       124  1.953573E+01
       125  3.555293E+00
       126  1.828693E+03
       127  2.760763E+02
       128  7.351416E+01
       129  1.953573E+01
       130  3.555293E+00
       131  8.136587E+00
       132  1.482390E+01
       133  8.229255E+00
       134  1.489230E+01
       135  8.368388E+00
       136  1.501230E+01
       137  8.530656E+00
       138  1.515296E+01
       139  3.126147E+00
       140  5.532782E+00
       141  3.126147E+00
       142  5.532782E+00
       143  8.530656E+00
       144  1.515296E+01
       145  8.368388E+00
       146  1.501230E+01
       147  8.229255E+00
       148  1.489230E+01
       149  8.136587E+00
       150  1.482390E+01
       151  1.783533E+03
       152  2.763307E+02
       153  7.239480E+01
       154  1.942870E+01
       155  3.413550E+00
       156  1.783533E+03
       157  2.763307E+02
       158  7.239480E+01
       159  1.942870E+01
       160  3.413550E+00
       161  7.831824E+00
       162  1.444959E+01
       163  7.875138E+00
       164  1.443953E+01
       165  7.956591E+00
       166  1.447668E+01
       167  8.068680E+00
       168  1.455700E+01
       169  2.950913E+00
       170  5.305358E+00
       171  2.950913E+00
       172  5.305358E+00
       173  8.068680E+00
       174  1.455700E+01
       175  7.956591E+00
       176  1.447668E+01
       177  7.875138E+00
       178  1.443953E+01
       179  7.831824E+00
       180  1.444959E+01
       181  1.714796E+03
       182  2.669191E+02
       183  7.022449E+01
       184  1.911745E+01
       185  3.285889E+00
       186  1.714796E+03
       187  2.669191E+02
       188  7.022449E+01
       189  1.911745E+01
       190  3.285889E+00
       191  7.450460E+00
       192  1.387824E+01
       193  7.482645E+00
       194  1.387443E+01
       195  7.543484E+00
       196  1.390962E+01
       197  7.639034E+00
       198  1.398278E+01
       199  2.790155E+00
       200  5.093420E+00
       201  2.790155E+00
       202  5.093420E+00
       203  7.639034E+00
       204  1.398278E+01
       205  7.543484E+00
       206  1.390962E+01
       207  7.482645E+00
       208  1.387443E+01
       209  7.450460E+00
       210  1.387824E+01
       211  1.636859E+03
       212  2.531943E+02
       213  6.728464E+01
       214  1.855418E+01
       215  3.153329E+00
       216  1.636859E+03
       217  2.531943E+02
       218  6.728464E+01
       219  1.855418E+01
       220  3.153329E+00
       221  7.042822E+00
       222  1.324708E+01
       223  7.073229E+00
       224  1.326257E+01
       225  7.127458E+00
       226  1.331188E+01
       227  7.217124E+00
       228  1.338757E+01
       229  2.633215E+00
       230  4.874943E+00
       231  2.633215E+00
       232  4.874943E+00
       233  7.217124E+00
       234  1.338757E+01
       235  7.127458E+00
       236  1.331188E+01
       237  7.073229E+00
       238  1.326257E+01
       239  7.042822E+00
       240  1.324708E+01
       241  1.553600E+03
       242  2.362464E+02
       243  6.382972E+01
       244  1.778420E+01
       245  3.009832E+00
       246  1.553600E+03
       247  2.362464E+02
       248  6.382972E+01
       249  1.778420E+01
       250  3.009832E+00
       251  6.624573E+00
       252  1.259774E+01
       253  6.654720E+00
       254  1.262660E+01
       255  6.706403E+00
       256  1.268710E+01
       257  6.795221E+00
       258  1.276607E+01
       259  2.477485E+00
       260  4.647403E+00
       261  2.477485E+00
       262  4.647403E+00
       263  6.795221E+00
       264  1.276607E+01
       265  6.706403E+00
       266  1.268710E+01
       267  6.654720E+00
       268  1.262660E+01
       269  6.624573E+00
       270  1.259774E+01
       271  1.465113E+03
       272  2.161083E+02
       273  5.996792E+01
       274  1.685370E+01
       275  2.859499E+00
       276  1.465113E+03
       277  2.161083E+02
       278  5.996792E+01
       279  1.685370E+01
       280  2.859499E+00
       281  6.203597E+00
       282  1.193604E+01
       283  6.233333E+00
       284  1.197198E+01
       285  6.283682E+00
       286  1.203916E+01
       287  6.374628E+00
       288  1.212102E+01
       289  2.323202E+00
       290  4.411641E+00
       291  2.323202E+00
       292  4.411641E+00
       293  6.374628E+00
       294  1.212102E+01
       295  6.283682E+00
       296  1.203916E+01
       297  6.233333E+00
       298  1.197198E+01
       299  6.203597E+00
       300  1.193604E+01
       301  1.371498E+03
       302  1.930588E+02
       303  5.575807E+01
       304  1.579057E+01
       305  2.705076E+00
       306  1.371498E+03
       307  1.930588E+02
       308  5.575807E+01
       309  1.579057E+01
       310  2.705076E+00
       311  5.784812E+00
       312  1.126189E+01
       313  5.813419E+00
       314  1.129978E+01
       315  5.861972E+00
       316  1.136878E+01
       317  5.955543E+00
       318  1.145079E+01
       319  2.169797E+00
       320  4.166388E+00
       321  2.169797E+00
       322  4.166388E+00
       323  5.955543E+00
       324  1.145079E+01
       325  5.861972E+00
       326  1.136878E+01
       327  5.813419E+00
       328  1.129978E+01
       329  5.784812E+00
       330  1.126189E+01
       331  1.272820E+03
       332  1.673018E+02
       333  5.125680E+01
       334  1.462171E+01
       335  2.547241E+00
       336  1.272820E+03
       337  1.673018E+02
       338  5.125680E+01
       339  1.462171E+01
       340  2.547241E+00
       341  5.372720E+00
       342  1.057842E+01
       343  5.399036E+00
       344  1.061301E+01
       345  5.444073E+00
       346  1.067752E+01
       347  5.537890E+00
       348  1.075349E+01
       349  2.016547E+00
       350  3.910154E+00
       351  2.016547E+00
       352  3.910154E+00
       353  5.537890E+00
       354  1.075349E+01
       355  5.444073E+00
       356  1.067752E+01
       357  5.399036E+00
       358  1.061301E+01
       359  5.372720E+00
       360  1.057842E+01
       361  1.168475E+03
       362  1.387546E+02
       363  4.654960E+01
       364  1.339538E+01
       365  2.384997E+00
       366  1.168475E+03
       367  1.387546E+02
       368  4.654960E+01
       369  1.339538E+01
       370  2.384997E+00
       371  4.971127E+00
       372  9.893107E+00
       373  4.994422E+00
       374  9.920333E+00
       375  5.034432E+00
       376  9.974420E+00
       377  5.124360E+00
       378  1.003663E+01
       379  1.863930E+00
       380  3.645332E+00
       381  1.863930E+00
       382  3.645332E+00
       383  5.124360E+00
       384  1.003663E+01
       385  5.034432E+00
       386  9.974420E+00
       387  4.994422E+00
       388  9.920333E+00
       389  4.971127E+00
       390  9.893107E+00
       391  1.060310E+03
       392  1.077051E+02
       393  4.184516E+01
       394  1.217667E+01
       395  2.215030E+00
       396  1.060310E+03
       397  1.077051E+02
       398  4.184516E+01
       399  1.217667E+01
       400  2.215030E+00
       401  4.582627E+00
       402  9.214882E+00
       403  4.603571E+00
       404  9.234809E+00
       405  4.639212E+00
       406  9.277958E+00
       407  4.723281E+00
       408  9.324607E+00
       409  1.715385E+00
       410  3.382145E+00
       411  1.715385E+00
       412  3.382145E+00
       413  4.723281E+00
       414  9.324607E+00
       415  4.639212E+00
       416  9.277958E+00
       417  4.603571E+00
       418  9.234809E+00
       419  4.582627E+00
       420  9.214882E+00
       421  9.567473E+02
       422  8.450993E+01
       423  3.752368E+01
       424  1.099999E+01
       425  2.040371E+00
       426  9.567473E+02
       427  8.450993E+01
       428  3.752368E+01
       429  1.099999E+01
       430  2.040371E+00
       431  4.208616E+00
       432  8.550569E+00
       433  4.229163E+00
       434  8.568037E+00
       435  4.263530E+00
       436  8.607346E+00
       437  4.345498E+00
       438  8.647835E+00
       439  1.576336E+00
       440  3.134157E+00
       441  1.576336E+00
       442  3.134157E+00
       443  4.345498E+00
       444  8.647835E+00
       445  4.263530E+00
       446  8.607346E+00
       447  4.229163E+00
       448  8.568037E+00
       449  4.208616E+00
       450  8.550569E+00
       451  8.614492E+02
       452  7.366229E+01
       453  3.370494E+01
       454  9.896242E+00
       455  1.878292E+00
       456  8.614492E+02
       457  7.366229E+01
       458  3.370494E+01
       459  9.896242E+00
       460  1.878292E+00
       461  3.849892E+00
       462  7.902944E+00
       463  3.872002E+00
       464  7.924078E+00
       465  3.908457E+00
       466  7.968820E+00
       467  3.995195E+00
       468  8.015985E+00
       469  1.449177E+00
       470  2.905346E+00
       471  1.449177E+00
       472  2.905346E+00
       473  3.995195E+00
       474  8.015985E+00
       475  3.908457E+00
       476  7.968820E+00
       477  3.872002E+00
       478  7.924078E+00
       479  3.849892E+00
       480  7.902944E+00
       481  7.684426E+02
       482  6.603534E+01
       483  3.013631E+01
       484  8.871045E+00
       485  1.739797E+00
       486  7.684426E+02
       487  6.603534E+01
       488  3.013631E+01
       489  8.871045E+00
       490  1.739797E+00
       491  3.507216E+00
       492  7.271134E+00
       493  3.531492E+00
       494  7.298894E+00
       495  3.571242E+00
       496  7.353125E+00
       497  3.666726E+00
       498  7.411785E+00
       499  1.330956E+00
       500  2.687277E+00
       501  1.330956E+00
       502  2.687277E+00
       503  3.666726E+00
       504  7.411785E+00
       505  3.571242E+00
       506  7.353125E+00
       507  3.531492E+00
       508  7.298894E+00
       509  3.507216E+00
       510  7.271134E+00
       511  6.740059E+02
       512  5.840856E+01
       513  2.663416E+01
       514  7.882864E+00
       515  1.619265E+00
       516  6.740059E+02
       517  5.840856E+01
       518  2.663416E+01
       519  7.882864E+00
       520  1.619265E+00
       521  3.181573E+00
       522  6.653153E+00
       523  3.206787E+00
       524  6.685599E+00
       525  3.248211E+00
       526  6.746394E+00
       527  3.351642E+00
       528  6.812505E+00
       529  1.217365E+00
       530  2.469764E+00
       531  1.217365E+00
       532  2.469764E+00
       533  3.351642E+00
       534  6.812505E+00
       535  3.248211E+00
       536  6.746394E+00
       537  3.206787E+00
       538  6.685599E+00
       539  3.181573E+00
       540  6.653153E+00
       541  5.785315E+02
       542  5.088804E+01
       543  2.317468E+01
       544  6.907125E+00
       545  1.507633E+00
       546  5.785315E+02
       547  5.088804E+01
       548  2.317468E+01
       549  6.907125E+00
       550  1.507633E+00
       551  2.874222E+00
       552  6.049526E+00
       553  2.897936E+00
       554  6.081056E+00
       555  2.937425E+00
       556  6.140778E+00
       557  3.044470E+00
       558  6.205493E+00
       559  1.105842E+00
       560  2.247496E+00
       561  1.105842E+00
       562  2.247496E+00
       563  3.044470E+00
       564  6.205493E+00
       565  2.937425E+00
       566  6.140778E+00
       567  2.897936E+00
       568  6.081056E+00
       569  2.874222E+00
       570  6.049526E+00
       571  4.822570E+02
       572  4.352183E+01
       573  1.980171E+01
       574  5.963874E+00
       575  1.398330E+00
       576  4.822570E+02
       577  4.352183E+01
       578  1.980171E+01
       579  5.963874E+00
       580  1.398330E+00
       581  2.586463E+00
       582  5.465429E+00
       583  2.606410E+00
       584  5.489819E+00
       585  2.640103E+00
       586  5.539233E+00
       587  2.743642E+00
       588  5.590848E+00
       589  9.953693E-01
       590  2.020195E+00
       591  9.953693E-01
       592  2.020195E+00
       593  2.743642E+00
       594  5.590848E+00
       595  2.640103E+00
       596  5.539233E+00
       597  2.606410E+00
       598  5.489819E+00
       599  2.586463E+00
       600  5.465429E+00
       601  3.792659E+02
       602  3.630806E+01
       603  1.664180E+01
       604  5.097484E+00
       605  1.279802E+00
       606  3.792659E+02
       607  3.630806E+01
       608  1.664180E+01
       609  5.097484E+00
       610  1.279802E+00
       611  2.319109E+00
       612  4.909374E+00
       613  2.334484E+00
       614  4.923657E+00
       615  2.360498E+00
       616  4.956981E+00
       617  2.452880E+00
       618  4.986227E+00
       619  8.869712E-01
       620  1.795103E+00
       621  8.869712E-01
       622  1.795103E+00
       623  2.452880E+00
       624  4.986227E+00
       625  2.360498E+00
       626  4.956981E+00
       627  2.334484E+00
       628  4.923657E+00
       629  2.319109E+00
       630  4.909374E+00
       631  2.727403E+02
       632  2.957326E+01
       633  1.389638E+01
       634  4.317049E+00
       635  1.141838E+00
       636  2.727403E+02
       637  2.957326E+01
       638  1.389638E+01
       639  4.317049E+00
       640  1.141838E+00
       641  2.072266E+00
       642  4.389924E+00
       643  2.083828E+00
       644  4.396326E+00
       645  2.103312E+00
       646  4.416126E+00
       647  2.181941E+00
       648  4.425891E+00
       649  7.852747E-01
       650  1.587646E+00
       651  7.852747E-01
       652  1.587646E+00
       653  2.181941E+00
       654  4.425891E+00
       655  2.103312E+00
       656  4.416126E+00
       657  2.083828E+00
       658  4.396326E+00
       659  2.072266E+00
       660  4.389924E+00
       661  1.983497E+02
       662  2.470930E+01
       663  1.161518E+01
       664  3.622331E+00
       665  1.001345E+00
       666  1.983497E+02
       667  2.470930E+01
       668  1.161518E+01
       669  3.622331E+00
       670  1.001345E+00
       671  1.845782E+00
       672  3.913495E+00
       673  1.854740E+00
       674  3.916700E+00
       675  1.870212E+00
       676  3.931290E+00
       677  1.940003E+00
       678  3.935643E+00
       679  6.959960E-01
       680  1.409541E+00
       681  6.959960E-01
       682  1.409541E+00
       683  1.940003E+00
       684  3.935643E+00
       685  1.870212E+00
       686  3.931290E+00
       687  1.854740E+00
       688  3.916700E+00
       689  1.845782E+00
       690  3.913495E+00
       691  1.526832E+02
       692  2.127698E+01
       693  9.784817E+00
       694  3.055849E+00
       695  8.899299E-01
       696  1.526832E+02
       697  2.127698E+01
       698  9.784817E+00
       699  3.055849E+00
       700  8.899299E-01
       701  1.639598E+00
       702  3.483853E+00
       703  1.646653E+00
       704  3.486160E+00
       705  1.659508E+00
       706  3.500172E+00
       707  1.725973E+00
       708  3.507497E+00
       709  6.191631E-01
       710  1.255925E+00
       711  6.191631E-01
       712  1.255925E+00
       713  1.725973E+00
       714  3.507497E+00
       715  1.659508E+00
       716  3.500172E+00
       717  1.646653E+00
       718  3.486160E+00
       719  1.639598E+00
       720  3.483853E+00
       721  1.070950E+02
       722  1.801027E+01
       723  8.317715E+00
       724  2.633986E+00
       725  8.063618E-01
       726  1.070950E+02
       727  1.801027E+01
       728  8.317715E+00
       729  2.633986E+00
       730  8.063618E-01
       731  1.453237E+00
       732  3.101793E+00
       733  1.458828E+00
       734  3.102168E+00
       735  1.469239E+00
       736  3.112946E+00
       737  1.531121E+00
       738  3.117120E+00
       739  5.490917E-01
       740  1.114301E+00
       741  5.490917E-01
       742  1.114301E+00
       743  1.531121E+00
       744  3.117120E+00
       745  1.469239E+00
       746  3.112946E+00
       747  1.458828E+00
       748  3.102168E+00
       749  1.453237E+00
       750  3.101793E+00
       751  5.792313E+01
       752  1.500597E+01
       753  7.122897E+00
       754  2.302308E+00
       755  7.209948E-01
       756  5.792313E+01
       757  1.500597E+01
       758  7.122897E+00
       759  2.302308E+00
       760  7.209948E-01
       761  1.285101E+00
       762  2.764794E+00
       763  1.290149E+00
       764  2.762685E+00
       765  1.299014E+00
       766  2.767822E+00
       767  1.352191E+00
       768  2.762117E+00
       769  4.830243E-01
       770  9.840448E-01
       771  4.830243E-01
       772  9.840448E-01
       773  1.352191E+00
       774  2.762117E+00
       775  1.299014E+00
       776  2.767822E+00
       777  1.290149E+00
       778  2.762685E+00
       779  1.285101E+00
       780  2.764794E+00
       781  2.125283E+01
       782  1.275171E+01
       783  6.142121E+00
       784  2.002281E+00
       785  6.258036E-01
       786  2.125283E+01
       787  1.275171E+01
       788  6.142121E+00
       789  2.002281E+00
       790  6.258036E-01
       791  1.132765E+00
       792  2.467693E+00
       793  1.138741E+00
       794  2.465937E+00
       795  1.148468E+00
       796  2.470162E+00
       797  1.194835E+00
       798  2.461607E+00
       799  4.248244E-01
       800  8.755459E-01
       801  4.248244E-01
       802  8.755459E-01
       803  1.194835E+00
       804  2.461607E+00
       805  1.148468E+00
       806  2.470162E+00
       807  1.138741E+00
       808  2.465937E+00
       809  1.132765E+00
       810  2.467693E+00
       811  1.977420E+01
       812  1.133646E+01
       813  5.379104E+00
       814  1.754172E+00
       815  5.483858E-01
       816  1.977420E+01
       817  1.133646E+01
       818  5.379104E+00
       819  1.754172E+00
       820  5.483858E-01
       821  9.940279E-01
       822  2.204097E+00
       823  1.002269E+00
       824  2.207113E+00
       825  1.015437E+00
       826  2.218604E+00
       827  1.062930E+00
       828  2.220781E+00
       829  3.781241E-01
       830  7.916629E-01
       831  3.781241E-01
       832  7.916629E-01
       833  1.062930E+00
       834  2.220781E+00
       835  1.015437E+00
       836  2.218604E+00
       837  1.002269E+00
       838  2.207113E+00
       839  9.940279E-01
       840  2.204097E+00
       841  1.803621E+01
       842  1.027238E+01
       843  4.826308E+00
       844  1.585463E+00
       845  5.051904E-01
       846  1.803621E+01
       847  1.027238E+01
       848  4.826308E+00
       849  1.585463E+00
       850  5.051904E-01
       851  8.674564E-01
       852  1.967267E+00
       853  8.785224E-01
       854  1.977397E+00
       855  8.963954E-01
       856  2.000134E+00
       857  9.512063E-01
       858  2.018340E+00
       859  3.402081E-01
       860  7.220737E-01
       861  3.402081E-01
       862  7.220737E-01
       863  9.512063E-01
       864  2.018340E+00
       865  8.963954E-01
       866  2.000134E+00
       867  8.785224E-01
       868  1.977397E+00
       869  8.674564E-01
       870  1.967267E+00
       871  1.613134E+01
       872  9.229373E+00
       873  4.366270E+00
       874  1.467211E+00
       875  4.859685E-01
       876  1.613134E+01
       877  9.229373E+00
       878  4.366270E+00
       879  1.467211E+00
       880  4.859685E-01
       881  7.520282E-01
       882  1.750551E+00
       883  7.656501E-01
       884  1.766907E+00
       885  7.879533E-01
       886  1.799218E+00
       887  8.512151E-01
       888  1.829425E+00
       889  3.061469E-01
       890  6.555776E-01
       891  3.061469E-01
       892  6.555776E-01
       893  8.512151E-01
       894  1.829425E+00
       895  7.879533E-01
       896  1.799218E+00
       897  7.656501E-01
       898  1.766907E+00
       899  7.520282E-01
       900  1.750551E+00
       901  1.427608E+01
       902  8.204087E+00
       903  3.923348E+00
       904  1.362285E+00
       905  4.764373E-01
       906  1.427608E+01
       907  8.204087E+00
       908  3.923348E+00
       909  1.362285E+00
       910  4.764373E-01
       911  6.466104E-01
       912  1.548292E+00
       913  6.621288E-01
       914  1.568393E+00
       915  6.878657E-01
       916  1.606636E+00
       917  7.582946E-01
       918  1.643173E+00
       919  2.736640E-01
       920  5.882646E-01
       921  2.736640E-01
       922  5.882646E-01
       923  7.582946E-01
       924  1.643173E+00
       925  6.878657E-01
       926  1.606636E+00
       927  6.621288E-01
       928  1.568393E+00
       929  6.466104E-01
       930  1.548292E+00
       931  1.248663E+01
       932  7.208808E+00
       933  3.489852E+00
       934  1.258310E+00
       935  4.703082E-01
       936  1.248663E+01
       937  7.208808E+00
       938  3.489852E+00
       939  1.258310E+00
       940  4.703082E-01
       941  5.499527E-01
       942  1.357029E+00
       943  5.668376E-01
       944  1.378602E+00
       945  5.951576E-01
       946  1.420008E+00
       947  6.716861E-01
       948  1.459578E+00
       949  2.427919E-01
       950  5.209842E-01
       951  2.427919E-01
       952  5.209842E-01
       953  6.716861E-01
       954  1.459578E+00
       955  5.951576E-01
       956  1.420008E+00
       957  5.668376E-01
       958  1.378602E+00
       959  5.499527E-01
       960  1.357029E+00
       961  1.077281E+01
       962  6.248890E+00
       963  3.067353E+00
       964  1.154733E+00
       965  4.666740E-01
       966  1.077281E+01
       967  6.248890E+00
       968  3.067353E+00
       969  1.154733E+00
       970  4.666740E-01
       971  4.610504E-01
       972  1.176010E+00
       973  4.791772E-01
       974  1.197395E+00
       975  5.097253E-01
       976  1.240310E+00
       977  5.921368E-01
       978  1.281548E+00
       979  2.141282E-01
       980  4.553225E-01
       981  2.141282E-01
       982  4.553225E-01
       983  5.921368E-01
       984  1.281548E+00
       985  5.097253E-01
       986  1.240310E+00
       987  4.791772E-01
       988  1.197395E+00
       989  4.610504E-01
       990  1.176010E+00
       991  9.138701E+00
       992  5.328604E+00
       993  2.658612E+00
       994  1.052889E+00
       995  4.661054E-01
       996  9.138701E+00
       997  5.328604E+00
       998  2.658612E+00
       999  1.052889E+00
      1000  4.661054E-01
      1001  3.794723E-01
      1002  1.006763E+00
      1003  3.991288E-01
      1004  1.026278E+00
      1005  4.319640E-01
      1006  1.069269E+00
      1007  5.206123E-01
      1008  1.111436E+00
      1009  1.881019E-01
      1010  3.922886E-01
      1011  1.881019E-01
      1012  3.922886E-01
      1013  5.206123E-01
      1014  1.111436E+00
      1015  4.319640E-01
      1016  1.069269E+00
      1017  3.991288E-01
      1018  1.026278E+00
      1019  3.794723E-01
      1020  1.006763E+00
      1021  7.590074E+00
      1022  4.452414E+00
      1023  2.266786E+00
      1024  9.545959E-01
      1025  4.694370E-01
      1026  7.590074E+00
      1027  4.452414E+00
      1028  2.266786E+00
      1029  9.545959E-01
      1030  4.694370E-01
      1031  3.056319E-01
      1032  8.522635E-01
      1033  3.274122E-01
      1034  8.673973E-01
      1035  3.627320E-01
      1036  9.083851E-01
      1037  4.581205E-01
      1038  9.506144E-01
      1039  1.649226E-01
      1040  3.323869E-01
      1041  1.649226E-01
      1042  3.323869E-01
      1043  4.581205E-01
      1044  9.506144E-01
      1045  3.627320E-01
      1046  9.083851E-01
      1047  3.274122E-01
      1048  8.673973E-01
      1049  3.056319E-01
      1050  8.522635E-01
      1051  6.134062E+00
      1052  3.625623E+00
      1053  1.895507E+00
      1054  8.619721E-01
      1055  4.775890E-01
      1056  6.134062E+00
      1057  3.625623E+00
      1058  1.895507E+00
      1059  8.619721E-01
      1060  4.775890E-01
      1061  2.413170E-01
      1062  7.161861E-01
      1063  2.659924E-01
      1064  7.230127E-01
      1065  3.036891E-01
      1066  7.586591E-01
      1067  4.059298E-01
      1068  7.996059E-01
      1069  1.446382E-01
      1070  2.757882E-01
      1071  1.446382E-01
      1072  2.757882E-01
      1073  4.059298E-01
      1074  7.996059E-01
      1075  3.036891E-01
      1076  7.586591E-01
      1077  2.659924E-01
      1078  7.230127E-01
      1079  2.413170E-01
      1080  7.161861E-01
      1081  4.779704E+00
      1082  2.855099E+00
      1083  1.549523E+00
      1084  7.775569E-01
      1085  4.913316E-01
      1086  4.779704E+00
      1087  2.855099E+00
      1088  1.549523E+00
      1089  7.775569E-01
      1090  4.913316E-01
      1091  1.908907E-01
      1092  6.024481E-01
      1093  2.192083E-01
      1094  5.954076E-01
      1095  2.580951E-01
      1096  6.206775E-01
      1097  3.660393E-01
      1098  6.582630E-01
      1099  1.271371E-01
      1100  2.224653E-01
      1101  1.271371E-01
      1102  2.224653E-01
      1103  3.660393E-01
      1104  6.582630E-01
      1105  2.580951E-01
      1106  6.206775E-01
      1107  2.192083E-01
      1108  5.954076E-01
      1109  1.908907E-01
      1110  6.024481E-01
      1111  3.538679E+00
      1112  2.150537E+00
      1113  1.235776E+00
      1114  7.045038E-01
      1115  5.105600E-01
      1116  3.538679E+00
      1117  2.150537E+00
      1118  1.235776E+00
      1119  7.045038E-01
      1120  5.105600E-01
      1121  1.632277E-01
      1122  5.150890E-01
      1123  1.957212E-01
      1124  4.876344E-01
      1125  2.323780E-01
      1126  4.957352E-01
      1127  3.424714E-01
      1128  5.269021E-01
      1129  1.121431E-01
      1130  1.727466E-01
      1131  1.121431E-01
      1132  1.727466E-01
      1133  3.424714E-01
      1134  5.269021E-01
      1135  2.323780E-01
      1136  4.957352E-01
      1137  1.957212E-01
      1138  4.876344E-01
      1139  1.632277E-01
      1140  5.150890E-01
      1141  2.425873E+00
      1142  1.526233E+00
      1143  9.644937E-01
      1144  6.461691E-01
      1145  5.333612E-01
      1146  2.425873E+00
      1147  1.526233E+00
      1148  9.644937E-01
      1149  6.461691E-01
      1150  5.333612E-01
      1151  1.731740E-01
      1152  4.572915E-01
      1153  2.103322E-01
      1154  4.054792E-01
      1155  2.385874E-01
      1156  3.897271E-01
      1157  3.447147E-01
      1158  4.113321E-01
      1159  9.921291E-02
      1160  1.298410E-01
      1161  9.921291E-02
      1162  1.298410E-01
      1163  3.447147E-01
      1164  4.113321E-01
      1165  2.385874E-01
      1166  3.897271E-01
      1167  2.103322E-01
      1168  4.054792E-01
      1169  1.731740E-01
      1170  4.572915E-01
      1171  1.463575E+00
      1172  1.001928E+00
      1173  7.480602E-01
      1174  6.034590E-01
      1175  5.554355E-01
      1176  1.463575E+00
      1177  1.001928E+00
      1178  7.480602E-01
      1179  6.034590E-01
      1180  5.554355E-01
      1181  2.337390E-01
      1182  4.273895E-01
      1183  2.792754E-01
      1184  3.585923E-01
      1185  2.967174E-01
      1186  3.210339E-01
      1187  3.985443E-01
      1188  3.350624E-01
      1189  8.934756E-02
      1190  1.065545E-01
      1191  8.934756E-02
      1192  1.065545E-01
      1193  3.985443E-01
      1194  3.350624E-01
      1195  2.967174E-01
      1196  3.210339E-01
      1197  2.792754E-01
      1198  3.585923E-01
      1199  2.337390E-01
      1200  4.273895E-01
      1201  6.989134E-01
      1202  6.039873E-01
      1203  5.922695E-01
      1204  5.801398E-01
      1205  5.873833E-01
      1206  6.989134E-01
      1207  6.039873E-01
      1208  5.922695E-01
      1209  5.801398E-01
      1210  5.873833E-01
      1211  3.268271E-01
      1212  4.023608E-01
      1213  3.961157E-01
      1214  3.469282E-01
      1215  4.289390E-01
      1216  3.285243E-01
      1217  5.768892E-01
      1218  3.790874E-01
      1219  8.734596E-02
      1220  1.505808E-01
      1221  8.734596E-02
      1222  1.505808E-01
      1223  5.768892E-01
      1224  3.790874E-01
      1225  4.289390E-01
      1226  3.285243E-01
      1227  3.961157E-01
      1228  3.469282E-01
      1229  3.268271E-01
      1230  4.023608E-01
      1231  2.035406E-01
      1232  3.121627E-01
      1233  4.488956E-01
      1234  5.745700E-01
      1235  7.739635E-01
      1236  2.035406E-01
      1237  3.121627E-01
      1238  4.488956E-01
      1239  5.745700E-01
      1240  7.739635E-01
      1241  3.843617E-01
      1242  3.547196E-01
      1243  4.926458E-01
      1244  3.461241E-01
      1245  6.510237E-01
      1246  4.490394E-01
      1247  1.191578E+00
      1248  8.396612E-01
      1249  1.372250E-01
      1250  5.006719E-01
      1251  1.372250E-01
      1252  5.006719E-01
      1253  1.191578E+00
      1254  8.396612E-01
      1255  6.510237E-01
      1256  4.490394E-01
      1257  4.926458E-01
      1258  3.461241E-01
      1259  3.843617E-01
      1260  3.547196E-01
      1261  9.244121E-03
      1262  4.147096E-02
      1263  1.205674E-01
      1264  2.922655E-01
      1265  7.689793E-01
      1266  9.244121E-03
      1267  4.147096E-02
      1268  1.205674E-01
      1269  2.922655E-01
      1270  7.689793E-01
      1271  2.172495E-01
      1272  2.781207E-01
      1273  3.151216E-01
      1274  2.834855E-01
      1275  5.419735E-01
      1276  5.878804E-01
      1277  1.825242E+00
      1278  1.764362E+00
      1279  2.104652E-01
      1280  1.363609E+00
      1281  2.104652E-01
      1282  1.363609E+00
      1283  1.825242E+00
      1284  1.764362E+00
      1285  5.419735E-01
      1286  5.878804E-01
      1287  3.151216E-01
      1288  2.834855E-01
      1289  2.172495E-01
      1290  2.781207E-01

                                INCREMENT     8


 displacements (vx,vy,vz) for set TIP_TOP and time  0.1675000E+01

      2087  1.455063E-02  3.122772E-04 -1.331668E+00
      2088  1.455713E-02  3.078437E-04 -1.332357E+00
      2091  1.457861E-02  2.989872E-04 -1.333044E+00
      2094  1.459402E-02  2.443439E-04 -1.333682E+00
      2096  1.459798E-02  9.749317E-05 -1.334095E+00
      2098  1.460016E-02 -2.331423E-15 -1.334120E+00
      2100  1.459798E-02 -9.749317E-05 -1.334095E+00
      2103  1.459402E-02 -2.443439E-04 -1.333682E+00
      2106  1.457861E-02 -2.989872E-04 -1.333044E+00
      2109  1.455713E-02 -3.078437E-04 -1.332357E+00
      2112  1.455063E-02 -3.122772E-04 -1.331668E+00

 forces (fx,fy,fz) for set CLAMP and time  0.1675000E+01

         1 -2.328437E+03 -5.126594E+03 -6.703469E+02
         4 -5.170077E+03 -7.901987E-09 -1.359378E+03
         5 -1.001661E+03 -4.189500E+03  1.861455E+03
         8 -2.696141E+03 -4.541380E-10  3.823630E+03
         9  1.970041E+03  2.499529E+03  5.628901E+02
        12  3.289125E+03  2.311775E-09  1.140435E+03
        13  2.139477E+03  2.778074E+03 -3.926347E+02
        16  3.744574E+03  3.281982E-10 -7.839803E+02
        17  1.206806E+03  1.511788E+03 -5.718242E+02
        20  2.094479E+03 -6.642436E-11 -1.131998E+03
        21 -1.364253E+01  3.165898E+02 -4.750687E+02
        24  4.219199E+02  1.681222E-11 -6.801630E+02
        26 -2.328437E+03  5.126594E+03 -6.703469E+02
        28 -1.001661E+03  4.189500E+03  1.861455E+03
        30  1.970041E+03 -2.499529E+03  5.628901E+02
        32  2.139477E+03 -2.778074E+03 -3.926347E+02
        34  1.206806E+03 -1.511788E+03 -5.718242E+02
        36 -1.364253E+01 -3.165898E+02 -4.750687E+02
        37 -1.260435E+02 -7.205982E+01 -1.783050E+02
        40 -2.126382E+02 -2.131460E+01 -3.250921E+02
        41 -3.091310E+02 -1.670095E+02 -8.218632E+01
        44 -4.529511E+02 -1.579943E+01 -1.565861E+02
        45 -2.144819E+02 -9.540158E+01  2.154737E+02
        48 -3.001973E+02  5.847033E+00  3.672713E+02
        50 -3.051867E+02 -1.911356E+01 -3.188946E+02
        52 -3.873776E+02  1.436621E+01 -1.450225E+02
        54 -1.379708E+02  3.254548E+01  2.708300E+02
        56 -4.457090E+02  2.378300E+01 -3.112882E+02
        58 -2.833543E+02  8.105540E+01 -1.741339E+02
        60  1.142451E+02  6.183221E+01  1.191750E+02
        62 -6.944064E+01  7.005514E+01 -2.167584E+02
        64  2.423925E+02  3.872020E+01 -3.406465E+01
        66 -1.288383E+01 -6.396418E-10 -1.477073E+02
        68  1.595258E+02 -2.285986E-09 -4.499825E+01
        70 -6.944064E+01 -7.005514E+01 -2.167584E+02
        72  2.423925E+02 -3.872020E+01 -3.406465E+01
        74 -4.457090E+02 -2.378300E+01 -3.112882E+02
        76 -2.833543E+02 -8.105540E+01 -1.741339E+02
        78  1.142451E+02 -6.183221E+01  1.191750E+02
        80 -3.051867E+02  1.911356E+01 -3.188946E+02
        82 -3.873776E+02 -1.436621E+01 -1.450225E+02
        84 -1.379708E+02 -3.254548E+01  2.708300E+02
        86 -2.126382E+02  2.131460E+01 -3.250921E+02
        88 -4.529511E+02  1.579943E+01 -1.565861E+02
        90 -3.001973E+02 -5.847033E+00  3.672713E+02
        92 -1.260435E+02  7.205982E+01 -1.783050E+02
        94 -3.091310E+02  1.670095E+02 -8.218632E+01
        96 -2.144819E+02  9.540158E+01  2.154737E+02

 internal energy (element, energy) for set EALL and time  0.1675000E+01

         1  2.723223E+02
         2  4.451702E+00
         3  5.894668E+00
         4  3.072195E+00
         5  9.669136E-01
         6  2.723223E+02
         7  4.451702E+00
         8  5.894668E+00
         9  3.072195E+00
        10  9.669136E-01
        11  8.659394E-02
        12  1.648178E-01
        13  6.990210E-02
        14  1.254530E-01
        15  6.291094E-02
        16  9.839195E-02
        17  1.045789E-01
        18  1.008171E-01
        19  6.341644E-02
        20  4.348633E-02
        21  6.341644E-02
        22  4.348633E-02
        23  1.045789E-01
        24  1.008171E-01
        25  6.291094E-02
        26  9.839195E-02
        27  6.990210E-02
        28  1.254530E-01
        29  8.659394E-02
        30  1.648178E-01
        31  1.878501E+03
        32  1.831630E+02
        33  1.026171E+01
        34  4.440800E+00
        35  1.101663E+00
        36  1.878501E+03
        37  1.831630E+02
        38  1.026171E+01
        39  4.440800E+00
        40  1.101663E+00
        41  1.282065E-01
        42  3.041700E-01
        43  1.338564E-01
        44  3.208697E-01
        45  1.389929E-01
        46  3.399717E-01
        47  2.019257E-01
        48  3.956927E-01
        49  7.166708E-02
        50  1.613118E-01
        51  7.166708E-02
        52  1.613118E-01
        53  2.019257E-01
        54  3.956927E-01
        55  1.389929E-01
        56  3.399717E-01
        57  1.338564E-01
        58  3.208697E-01
        59  1.282065E-01
        60  3.041700E-01
        61  1.893044E+03
        62  1.607492E+02
        63  1.566449E+01
        64  5.392168E+00
        65  1.009062E+00
        66  1.893044E+03
        67  1.607492E+02
        68  1.566449E+01
        69  5.392168E+00
        70  1.009062E+00
        71  2.008089E-01
        72  4.669882E-01
        73  2.195889E-01
        74  5.064384E-01
        75  2.477260E-01
        76  5.601656E-01
        77  3.003010E-01
        78  6.234560E-01
        79  9.990868E-02
        80  2.393397E-01
        81  9.990868E-02
        82  2.393397E-01
        83  3.003010E-01
        84  6.234560E-01
        85  2.477260E-01
        86  5.601656E-01
        87  2.195889E-01
        88  5.064384E-01
        89  2.008089E-01
        90  4.669882E-01
        91  1.919517E+03
        92  1.539591E+02
        93  1.819611E+01
        94  6.488284E+00
        95  1.059587E+00
        96  1.919517E+03
        97  1.539591E+02
        98  1.819611E+01
        99  6.488284E+00
       100  1.059587E+00
       101  2.660141E-01
       102  6.046705E-01
       103  2.764946E-01
       104  6.274060E-01
       105  2.925827E-01
       106  6.597408E-01
       107  3.146347E-01
       108  6.995673E-01
       109  1.083999E-01
       110  2.623425E-01
       111  1.083999E-01
       112  2.623425E-01
       113  3.146347E-01
       114  6.995673E-01
       115  2.925827E-01
       116  6.597408E-01
       117  2.764946E-01
       118  6.274060E-01
       119  2.660141E-01
       120  6.046705E-01
       121  1.916177E+03
       122  1.667254E+02
       123  1.871349E+01
       124  6.851455E+00
       125  1.132719E+00
       126  1.916177E+03
       127  1.667254E+02
       128  1.871349E+01
       129  6.851455E+00
       130  1.132719E+00
       131  2.886418E-01
       132  6.656597E-01
       133  2.890967E-01
       134  6.697828E-01
       135  2.931080E-01
       136  6.812317E-01
       137  2.998982E-01
       138  7.000476E-01
       139  1.071165E-01
       140  2.582460E-01
       141  1.071165E-01
       142  2.582460E-01
       143  2.998982E-01
       144  7.000476E-01
       145  2.931080E-01
       146  6.812317E-01
       147  2.890967E-01
       148  6.697828E-01
       149  2.886418E-01
       150  6.656597E-01
       151  1.869374E+03
       152  1.706521E+02
       153  1.870559E+01
       154  6.847460E+00
       155  1.151476E+00
       156  1.869374E+03
       157  1.706521E+02
       158  1.870559E+01
       159  6.847460E+00
       160  1.151476E+00
       161  2.839341E-01
       162  6.670773E-01
       163  2.812125E-01
       164  6.648684E-01
       165  2.813557E-01
       166  6.684345E-01
       167  2.837947E-01
       168  6.790594E-01
       169  1.024681E-01
       170  2.489166E-01
       171  1.024681E-01
       172  2.489166E-01
       173  2.837947E-01
       174  6.790594E-01
       175  2.813557E-01
       176  6.684345E-01
       177  2.812125E-01
       178  6.648684E-01
       179  2.839341E-01
       180  6.670773E-01
       181  1.797406E+03
       182  1.652530E+02
       183  1.811090E+01
       184  6.683790E+00
       185  1.144350E+00
       186  1.797406E+03
       187  1.652530E+02
       188  1.811090E+01
       189  6.683790E+00
       190  1.144350E+00
       191  2.672857E-01
       192  6.385711E-01
       193  2.653038E-01
       194  6.370703E-01
       195  2.657717E-01
       196  6.405528E-01
       197  2.684432E-01
       198  6.496126E-01
       199  9.708157E-02
       200  2.375542E-01
       201  9.708157E-02
       202  2.375542E-01
       203  2.684432E-01
       204  6.496126E-01
       205  2.657717E-01
       206  6.405528E-01
       207  2.653038E-01
       208  6.370703E-01
       209  2.672857E-01
       210  6.385711E-01
       211  1.715556E+03
       212  1.555942E+02
       213  1.711172E+01
       214  6.369487E+00
       215  1.115691E+00
       216  1.715556E+03
       217  1.555942E+02
       218  1.711172E+01
       219  6.369487E+00
       220  1.115691E+00
       221  2.467390E-01
       222  5.970547E-01
       223  2.462864E-01
       224  5.978741E-01
       225  2.478412E-01
       226  6.030012E-01
       227  2.517282E-01
       228  6.118694E-01
       229  9.091338E-02
       230  2.233456E-01
       231  9.091338E-02
       232  2.233456E-01
       233  2.517282E-01
       234  6.118694E-01
       235  2.478412E-01
       236  6.030012E-01
       237  2.462864E-01
       238  5.978741E-01
       239  2.467390E-01
       240  5.970547E-01
       241  1.627908E+03
       242  1.426779E+02
       243  1.585963E+01
       244  5.941558E+00
       245  1.064809E+00
       246  1.627908E+03
       247  1.426779E+02
       248  1.585963E+01
       249  5.941558E+00
       250  1.064809E+00
       251  2.247245E-01
       252  5.490483E-01
       253  2.254917E-01
       254  5.517285E-01
       255  2.279995E-01
       256  5.583467E-01
       257  2.332665E-01
       258  5.674193E-01
       259  8.403938E-02
       260  2.068007E-01
       261  8.403938E-02
       262  2.068007E-01
       263  2.332665E-01
       264  5.674193E-01
       265  2.279995E-01
       266  5.583467E-01
       267  2.254917E-01
       268  5.517285E-01
       269  2.247245E-01
       270  5.490483E-01
       271  1.534628E+03
       272  1.265359E+02
       273  1.442193E+01
       274  5.432665E+00
       275  9.974348E-01
       276  1.534628E+03
       277  1.265359E+02
       278  1.442193E+01
       279  5.432665E+00
       280  9.974348E-01
       281  2.017612E-01
       282  4.963809E-01
       283  2.033215E-01
       284  5.002043E-01
       285  2.065413E-01
       286  5.078886E-01
       287  2.133033E-01
       288  5.173277E-01
       289  7.664420E-02
       290  1.882709E-01
       291  7.664420E-02
       292  1.882709E-01
       293  2.133033E-01
       294  5.173277E-01
       295  2.065413E-01
       296  5.078886E-01
       297  2.033215E-01
       298  5.002043E-01
       299  2.017612E-01
       300  4.963809E-01
       301  1.435839E+03
       302  1.074536E+02
       303  1.283917E+01
       304  4.863593E+00
       305  9.182211E-01
       306  1.435839E+03
       307  1.074536E+02
       308  1.283917E+01
       309  4.863593E+00
       310  9.182211E-01
       311  1.780220E-01
       312  4.400007E-01
       313  1.799529E-01
       314  4.441538E-01
       315  1.835326E-01
       316  4.521618E-01
       317  1.918301E-01
       318  4.615692E-01
       319  6.876578E-02
       320  1.676156E-01
       321  6.876578E-02
       322  1.676156E-01
       323  1.918301E-01
       324  4.615692E-01
       325  1.835326E-01
       326  4.521618E-01
       327  1.799529E-01
       328  4.441538E-01
       329  1.780220E-01
       330  4.400007E-01
       331  1.331632E+03
       332  8.563973E+01
       333  1.115183E+01
       334  4.254797E+00
       335  8.311457E-01
       336  1.331632E+03
       337  8.563973E+01
       338  1.115183E+01
       339  4.254797E+00
       340  8.311457E-01
       341  1.539945E-01
       342  3.814969E-01
       343  1.558468E-01
       344  3.849897E-01
       345  1.592642E-01
       346  3.921504E-01
       347  1.688758E-01
       348  4.004427E-01
       349  6.044111E-02
       350  1.448199E-01
       351  6.044111E-02
       352  1.448199E-01
       353  1.688758E-01
       354  4.004427E-01
       355  1.592642E-01
       356  3.921504E-01
       357  1.558468E-01
       358  3.849897E-01
       359  1.539945E-01
       360  3.814969E-01
       361  1.221444E+03
       362  6.102381E+01
       363  9.415046E+00
       364  3.638642E+00
       365  7.404036E-01
       366  1.221444E+03
       367  6.102381E+01
       368  9.415046E+00
       369  3.638642E+00
       370  7.404036E-01
       371  1.305567E-01
       372  3.232386E-01
       373  1.320192E-01
       374  3.253112E-01
       375  1.347791E-01
       376  3.305237E-01
       377  1.450968E-01
       378  3.363995E-01
       379  5.187529E-02
       380  1.207884E-01
       381  5.187529E-02
       382  1.207884E-01
       383  1.450968E-01
       384  3.363995E-01
       385  1.347791E-01
       386  3.305237E-01
       387  1.320192E-01
       388  3.253112E-01
       389  1.305567E-01
       390  3.232386E-01
       391  1.107201E+03
       392  3.387619E+01
       393  7.737486E+00
       394  3.054389E+00
       395  6.473116E-01
       396  1.107201E+03
       397  3.387619E+01
       398  7.737486E+00
       399  3.054389E+00
       400  6.473116E-01
       401  1.086788E-01
       402  2.676693E-01
       403  1.098068E-01
       404  2.683970E-01
       405  1.118807E-01
       406  2.716153E-01
       407  1.221099E-01
       408  2.748653E-01
       409  4.350254E-02
       410  9.778677E-02
       411  4.350254E-02
       412  9.778677E-02
       413  1.221099E-01
       414  2.748653E-01
       415  1.118807E-01
       416  2.716153E-01
       417  1.098068E-01
       418  2.683970E-01
       419  1.086788E-01
       420  2.676693E-01
       421  9.972694E+02
       422  1.519254E+01
       423  6.286840E+00
       424  2.519886E+00
       425  5.525287E-01
       426  9.972694E+02
       427  1.519254E+01
       428  6.286840E+00
       429  2.519886E+00
       430  5.525287E-01
       431  8.901577E-02
       432  2.164862E-01
       433  9.018774E-02
       434  2.167834E-01
       435  9.212625E-02
       436  2.192827E-01
       437  1.018743E-01
       438  2.214615E-01
       439  3.595683E-02
       440  7.820272E-02
       441  3.595683E-02
       442  7.820272E-02
       443  1.018743E-01
       444  2.214615E-01
       445  9.212625E-02
       446  2.192827E-01
       447  9.018774E-02
       448  2.167834E-01
       449  8.901577E-02
       450  2.164862E-01
       451  8.952904E+02
       452  9.759725E+00
       453  5.095903E+00
       454  2.045270E+00
       455  4.635912E-01
       456  8.952904E+02
       457  9.759725E+00
       458  5.095903E+00
       459  2.045270E+00
       460  4.635912E-01
       461  7.169402E-02
       462  1.703275E-01
       463  7.327387E-02
       464  1.711937E-01
       465  7.567213E-02
       466  1.744522E-01
       467  8.532262E-02
       468  1.774432E-01
       469  2.975472E-02
       470  6.242296E-02
       471  2.975472E-02
       472  6.242296E-02
       473  8.532262E-02
       474  1.774432E-01
       475  7.567213E-02
       476  1.744522E-01
       477  7.327387E-02
       478  1.711937E-01
       479  7.169402E-02
       480  1.703275E-01
       481  7.954239E+02
       482  7.853418E+00
       483  4.056456E+00
       484  1.630725E+00
       485  3.871199E-01
       486  7.954239E+02
       487  7.853418E+00
       488  4.056456E+00
       489  1.630725E+00
       490  3.871199E-01
       491  5.640759E-02
       492  1.290738E-01
       493  5.846938E-02
       494  1.308675E-01
       495  6.148940E-02
       496  1.353954E-01
       497  7.180020E-02
       498  1.397861E-01
       499  2.481702E-02
       500  4.896534E-02
       501  2.481702E-02
       502  4.896534E-02
       503  7.180020E-02
       504  1.397861E-01
       505  6.148940E-02
       506  1.353954E-01
       507  5.846938E-02
       508  1.308675E-01
       509  5.640759E-02
       510  1.290738E-01
       511  6.939827E+02
       512  6.046851E+00
       513  3.100724E+00
       514  1.258634E+00
       515  3.214974E-01
       516  6.939827E+02
       517  6.046851E+00
       518  3.100724E+00
       519  1.258634E+00
       520  3.214974E-01
       521  4.275952E-02
       522  9.253873E-02
       523  4.509586E-02
       524  9.489047E-02
       525  4.853714E-02
       526  1.002001E-01
       527  6.008726E-02
       528  1.054249E-01
       529  2.072448E-02
       530  3.648016E-02
       531  2.072448E-02
       532  3.648016E-02
       533  6.008726E-02
       534  1.054249E-01
       535  4.853714E-02
       536  1.002001E-01
       537  4.509586E-02
       538  9.489047E-02
       539  4.275952E-02
       540  9.253873E-02
       541  5.913721E+02
       542  4.395123E+00
       543  2.227353E+00
       544  9.209193E-01
       545  2.632407E-01
       546  5.913721E+02
       547  4.395123E+00
       548  2.227353E+00
       549  9.209193E-01
       550  2.632407E-01
       551  3.064785E-02
       552  6.111172E-02
       553  3.294583E-02
       554  6.331919E-02
       555  3.646036E-02
       556  6.849617E-02
       557  4.942706E-02
       558  7.362493E-02
       559  1.722989E-02
       560  2.471239E-02
       561  1.722989E-02
       562  2.471239E-02
       563  4.942706E-02
       564  7.362493E-02
       565  3.646036E-02
       566  6.849617E-02
       567  3.294583E-02
       568  6.331919E-02
       569  3.064785E-02
       570  6.111172E-02
       571  4.878562E+02
       572  2.938274E+00
       573  1.461384E+00
       574  6.286381E-01
       575  2.114249E-01
       576  4.878562E+02
       577  2.938274E+00
       578  1.461384E+00
       579  6.286381E-01
       580  2.114249E-01
       581  2.040813E-02
       582  3.580704E-02
       583  2.244405E-02
       584  3.735315E-02
       585  2.567972E-02
       586  4.161559E-02
       587  3.967038E-02
       588  4.582639E-02
       589  1.428169E-02
       590  1.435294E-02
       591  1.428169E-02
       592  1.435294E-02
       593  3.967038E-02
       594  4.582639E-02
       595  2.567972E-02
       596  4.161559E-02
       597  2.244405E-02
       598  3.735315E-02
       599  2.040813E-02
       600  3.580704E-02
       601  3.775792E+02
       602  1.706313E+00
       603  8.479771E-01
       604  3.982694E-01
       605  1.630359E-01
       606  3.775792E+02
       607  1.706313E+00
       608  8.479771E-01
       609  3.982694E-01
       610  1.630359E-01
       611  1.255950E-02
       612  1.761145E-02
       613  1.433386E-02
       614  1.851969E-02
       615  1.717268E-02
       616  2.172267E-02
       617  3.102016E-02
       618  2.484390E-02
       619  1.165980E-02
       620  6.742828E-03
       621  1.165980E-02
       622  6.742828E-03
       623  3.102016E-02
       624  2.484390E-02
       625  1.717268E-02
       626  2.172267E-02
       627  1.433386E-02
       628  1.851969E-02
       629  1.255950E-02
       630  1.761145E-02
       631  2.639452E+02
       632  7.899440E-01
       633  4.311654E-01
       634  2.279915E-01
       635  1.139277E-01
       636  2.639452E+02
       637  7.899440E-01
       638  4.311654E-01
       639  2.279915E-01
       640  1.139277E-01
       641  7.367044E-03
       642  6.724384E-03
       643  9.036824E-03
       644  7.421005E-03
       645  1.168923E-02
       646  1.006185E-02
       647  2.381993E-02
       648  1.270898E-02
       649  9.079262E-03
       650  2.815611E-03
       651  9.079262E-03
       652  2.815611E-03
       653  2.381993E-02
       654  1.270898E-02
       655  1.168923E-02
       656  1.006185E-02
       657  9.036824E-03
       658  7.421005E-03
       659  7.367044E-03
       660  6.724384E-03
       661  1.848889E+02
       662  3.365774E-01
       663  1.841819E-01
       664  1.097285E-01
       665  7.002793E-02
       666  1.848889E+02
       667  3.365774E-01
       668  1.841819E-01
       669  1.097285E-01
       670  7.002793E-02
       671  4.607953E-03
       672  2.295009E-03
       673  6.249912E-03
       674  3.113810E-03
       675  8.903479E-03
       676  5.664113E-03
       677  1.852700E-02
       678  8.381282E-03
       679  6.922812E-03
       680  1.919416E-03
       681  6.922812E-03
       682  1.919416E-03
       683  1.852700E-02
       684  8.381282E-03
       685  8.903479E-03
       686  5.664113E-03
       687  6.249912E-03
       688  3.113810E-03
       689  4.607953E-03
       690  2.295009E-03
       691  1.366533E+02
       692  1.387342E-01
       693  5.654486E-02
       694  4.251985E-02
       695  4.131110E-02
       696  1.366533E+02
       697  1.387342E-01
       698  5.654486E-02
       699  4.251985E-02
       700  4.131110E-02
       701  3.683007E-03
       702  2.653945E-03
       703  5.211640E-03
       704  3.652190E-03
       705  7.764037E-03
       706  6.216329E-03
       707  1.536360E-02
       708  9.106872E-03
       709  5.799292E-03
       710  2.741794E-03
       711  5.799292E-03
       712  2.741794E-03
       713  1.536360E-02
       714  9.106872E-03
       715  7.764037E-03
       716  6.216329E-03
       717  5.211640E-03
       718  3.652190E-03
       719  3.683007E-03
       720  2.653945E-03
       721  8.880565E+01
       722  4.332872E-02
       723  6.607271E-03
       724  1.473767E-02
       725  2.554293E-02
       726  8.880565E+01
       727  4.332872E-02
       728  6.607271E-03
       729  1.473767E-02
       730  2.554293E-02
       731  3.883584E-03
       732  5.758826E-03
       733  5.216853E-03
       734  6.962856E-03
       735  7.521855E-03
       736  9.654518E-03
       737  1.387857E-02
       738  1.303553E-02
       739  5.539326E-03
       740  4.719852E-03
       741  5.539326E-03
       742  4.719852E-03
       743  1.387857E-02
       744  1.303553E-02
       745  7.521855E-03
       746  9.654518E-03
       747  5.216853E-03
       748  6.962856E-03
       749  3.883584E-03
       750  5.758826E-03
       751  3.776259E+01
       752  3.920654E-02
       753  3.421221E-03
       754  5.367472E-03
       755  1.379327E-02
       756  3.776259E+01
       757  3.920654E-02
       758  3.421221E-03
       759  5.367472E-03
       760  1.379327E-02
       761  4.578245E-03
       762  9.687875E-03
       763  5.736442E-03
       764  1.116163E-02
       765  7.819156E-03
       766  1.417233E-02
       767  1.308123E-02
       768  1.846711E-02
       769  5.362434E-03
       770  7.344770E-03
       771  5.362434E-03
       772  7.344770E-03
       773  1.308123E-02
       774  1.846711E-02
       775  7.819156E-03
       776  1.417233E-02
       777  5.736442E-03
       778  1.116163E-02
       779  4.578245E-03
       780  9.687875E-03
       781  2.740449E-01
       782  8.638637E-02
       783  2.000679E-02
       784  3.652438E-03
       785  5.111623E-03
       786  2.740449E-01
       787  8.638637E-02
       788  2.000679E-02
       789  3.652438E-03
       790  5.111623E-03
       791  5.289530E-03
       792  1.302426E-02
       793  6.291086E-03
       794  1.462177E-02
       795  8.138065E-03
       796  1.769594E-02
       797  1.207069E-02
       798  2.230305E-02
       799  4.875893E-03
       800  9.116049E-03
       801  4.875893E-03
       802  9.116049E-03
       803  1.207069E-02
       804  2.230305E-02
       805  8.138065E-03
       806  1.769594E-02
       807  6.291086E-03
       808  1.462177E-02
       809  5.289530E-03
       810  1.302426E-02
       811  1.768808E-01
       812  9.374284E-02
       813  3.424459E-02
       814  7.569417E-03
       815  2.718706E-03
       816  1.768808E-01
       817  9.374284E-02
       818  3.424459E-02
       819  7.569417E-03
       820  2.718706E-03
       821  5.726943E-03
       822  1.500542E-02
       823  6.519087E-03
       824  1.635516E-02
       825  7.968194E-03
       826  1.882776E-02
       827  1.060748E-02
       828  2.240069E-02
       829  4.258881E-03
       830  8.963255E-03
       831  4.258881E-03
       832  8.963255E-03
       833  1.060748E-02
       834  2.240069E-02
       835  7.968194E-03
       836  1.882776E-02
       837  6.519087E-03
       838  1.635516E-02
       839  5.726943E-03
       840  1.500542E-02
       841  1.398728E-01
       842  8.156610E-02
       843  3.719033E-02
       844  1.087668E-02
       845  3.344640E-03
       846  1.398728E-01
       847  8.156610E-02
       848  3.719033E-02
       849  1.087668E-02
       850  3.344640E-03
       851  5.789188E-03
       852  1.548419E-02
       853  6.327576E-03
       854  1.632664E-02
       855  7.304214E-03
       856  1.784917E-02
       857  8.968222E-03
       858  1.987799E-02
       859  3.567399E-03
       860  7.626711E-03
       861  3.567399E-03
       862  7.626711E-03
       863  8.968222E-03
       864  1.987799E-02
       865  7.304214E-03
       866  1.784917E-02
       867  6.327576E-03
       868  1.632664E-02
       869  5.789188E-03
       870  1.548419E-02
       871  1.248450E-01
       872  7.257191E-02
       873  3.454856E-02
       874  1.139695E-02
       875  3.761357E-03
       876  1.248450E-01
       877  7.257191E-02
       878  3.454856E-02
       879  1.139695E-02
       880  3.761357E-03
       881  5.521674E-03
       882  1.476917E-02
       883  5.843766E-03
       884  1.515310E-02
       885  6.454238E-03
       886  1.593229E-02
       887  7.542717E-03
       888  1.690634E-02
       889  2.921087E-03
       890  6.261753E-03
       891  2.921087E-03
       892  6.261753E-03
       893  7.542717E-03
       894  1.690634E-02
       895  6.454238E-03
       896  1.593229E-02
       897  5.843766E-03
       898  1.515310E-02
       899  5.521674E-03
       900  1.476917E-02
       901  1.111593E-01
       902  6.468231E-02
       903  3.120058E-02
       904  1.079671E-02
       905  3.778599E-03
       906  1.111593E-01
       907  6.468231E-02
       908  3.120058E-02
       909  1.079671E-02
       910  3.778599E-03
       911  5.033330E-03
       912  1.336094E-02
       913  5.228085E-03
       914  1.350324E-02
       915  5.629794E-03
       916  1.392214E-02
       917  6.452585E-03
       918  1.444334E-02
       919  2.430961E-03
       920  5.245823E-03
       921  2.430961E-03
       922  5.245823E-03
       923  6.452585E-03
       924  1.444334E-02
       925  5.629794E-03
       926  1.392214E-02
       927  5.228085E-03
       928  1.350324E-02
       929  5.033330E-03
       930  1.336094E-02
       931  9.792668E-02
       932  5.708489E-02
       933  2.784843E-02
       934  1.004132E-02
       935  3.748001E-03
       936  9.792668E-02
       937  5.708489E-02
       938  2.784843E-02
       939  1.004132E-02
       940  3.748001E-03
       941  4.427344E-03
       942  1.169653E-02
       943  4.573318E-03
       944  1.177826E-02
       945  4.881174E-03
       946  1.209538E-02
       947  5.611605E-03
       948  1.248394E-02
       949  2.075351E-03
       950  4.489562E-03
       951  2.075351E-03
       952  4.489562E-03
       953  5.611605E-03
       954  1.248394E-02
       955  4.881174E-03
       956  1.209538E-02
       957  4.573318E-03
       958  1.177826E-02
       959  4.427344E-03
       960  1.169653E-02
       961  8.487407E-02
       962  4.968728E-02
       963  2.457351E-02
       964  9.274871E-03
       965  3.753327E-03
       966  8.487407E-02
       967  4.968728E-02
       968  2.457351E-02
       969  9.274871E-03
       970  3.753327E-03
       971  3.778670E-03
       972  1.003931E-02
       973  3.920345E-03
       974  1.013757E-02
       975  4.198525E-03
       976  1.045652E-02
       977  4.919088E-03
       978  1.082255E-02
       979  1.799174E-03
       980  3.864339E-03
       981  1.799174E-03
       982  3.864339E-03
       983  4.919088E-03
       984  1.082255E-02
       985  4.198525E-03
       986  1.045652E-02
       987  3.920345E-03
       988  1.013757E-02
       989  3.778670E-03
       990  1.003931E-02
       991  7.226131E-02
       992  4.252188E-02
       993  2.138384E-02
       994  8.510472E-03
       995  3.786419E-03
       996  7.226131E-02
       997  4.252188E-02
       998  2.138384E-02
       999  8.510472E-03
      1000  3.786419E-03
      1001  3.136878E-03
      1002  8.507787E-03
      1003  3.293142E-03
      1004  8.625543E-03
      1005  3.573077E-03
      1006  8.962482E-03
      1007  4.322425E-03
      1008  9.330094E-03
      1009  1.569362E-03
      1010  3.305343E-03
      1011  1.569362E-03
      1012  3.305343E-03
      1013  4.322425E-03
      1014  9.330094E-03
      1015  3.573077E-03
      1016  8.962482E-03
      1017  3.293142E-03
      1018  8.625543E-03
      1019  3.136878E-03
      1020  8.507787E-03
      1021  6.022360E-02
      1022  3.564574E-02
      1023  1.829502E-02
      1024  7.754534E-03
      1025  3.842529E-03
      1026  6.022360E-02
      1027  3.564574E-02
      1028  1.829502E-02
      1029  7.754534E-03
      1030  3.842529E-03
      1031  2.535202E-03
      1032  7.146210E-03
      1033  2.713759E-03
      1034  7.252800E-03
      1035  3.009187E-03
      1036  7.587905E-03
      1037  3.805888E-03
      1038  7.954348E-03
      1039  1.371990E-03
      1040  2.789121E-03
      1041  1.371990E-03
      1042  2.789121E-03
      1043  3.805888E-03
      1044  7.954348E-03
      1045  3.009187E-03
      1046  7.587905E-03
      1047  2.713759E-03
      1048  7.252800E-03
      1049  2.535202E-03
      1050  7.146210E-03
      1051  4.884630E-02
      1052  2.911684E-02
      1053  1.534267E-02
      1054  7.027001E-03
      1055  3.927503E-03
      1056  4.884630E-02
      1057  2.911684E-02
      1058  1.534267E-02
      1059  7.027001E-03
      1060  3.927503E-03
      1061  2.003115E-03
      1062  5.974698E-03
      1063  2.209052E-03
      1064  6.025313E-03
      1065  2.522896E-03
      1066  6.323152E-03
      1067  3.373111E-03
      1068  6.676406E-03
      1069  1.201613E-03
      1070  2.307540E-03
      1071  1.201613E-03
      1072  2.307540E-03
      1073  3.373111E-03
      1074  6.676406E-03
      1075  2.522896E-03
      1076  6.323152E-03
      1077  2.209052E-03
      1078  6.025313E-03
      1079  2.003115E-03
      1080  5.974698E-03
      1081  3.820787E-02
      1082  2.300036E-02
      1083  1.257418E-02
      1084  6.354958E-03
      1085  4.050610E-03
      1086  3.820787E-02
      1087  2.300036E-02
      1088  1.257418E-02
      1089  6.354958E-03
      1090  4.050610E-03
      1091  1.583185E-03
      1092  5.011307E-03
      1093  1.821053E-03
      1094  4.951829E-03
      1095  2.144263E-03
      1096  5.164957E-03
      1097  3.039900E-03
      1098  5.486765E-03
      1099  1.055309E-03
      1100  1.856958E-03
      1101  1.055309E-03
      1102  1.856958E-03
      1103  3.039900E-03
      1104  5.486765E-03
      1105  2.144263E-03
      1106  5.164957E-03
      1107  1.821053E-03
      1108  4.951829E-03
      1109  1.583185E-03
      1110  5.011307E-03
      1111  2.840518E-02
      1112  1.738068E-02
      1113  1.005248E-02
      1114  5.769257E-03
      1115  4.214111E-03
      1116  2.840518E-02
      1117  1.738068E-02
      1118  1.005248E-02
      1119  5.769257E-03
      1120  4.214111E-03
      1121  1.351248E-03
      1122  4.278877E-03
      1123  1.624273E-03
      1124  4.050927E-03
      1125  1.928501E-03
      1126  4.120064E-03
      1127  2.840035E-03
      1128  4.384897E-03
      1129  9.301550E-04
      1130  1.438762E-03
      1131  9.301550E-04
      1132  1.438762E-03
      1133  2.840035E-03
      1134  4.384897E-03
      1135  1.928501E-03
      1136  4.120064E-03
      1137  1.624273E-03
      1138  4.050927E-03
      1139  1.351248E-03
      1140  4.278877E-03
      1141  1.956180E-02
      1142  1.237775E-02
      1143  7.864846E-03
      1144  5.300460E-03
      1145  4.404113E-03
      1146  1.956180E-02
      1147  1.237775E-02
      1148  7.864846E-03
      1149  5.300460E-03
      1150  4.404113E-03
      1151  1.430102E-03
      1152  3.797430E-03
      1153  1.741409E-03
      1154  3.366690E-03
      1155  1.975635E-03
      1156  3.235221E-03
      1157  2.851641E-03
      1158  3.417552E-03
      1159  8.222468E-04
      1160  1.078911E-03
      1161  8.222468E-04
      1162  1.078911E-03
      1163  2.851641E-03
      1164  3.417552E-03
      1165  1.975635E-03
      1166  3.235221E-03
      1167  1.741409E-03
      1168  3.366690E-03
      1169  1.430102E-03
      1170  3.797430E-03
      1171  1.186269E-02
      1172  8.155970E-03
      1173  6.115210E-03
      1174  4.957408E-03
      1175  4.585325E-03
      1176  1.186269E-02
      1177  8.155970E-03
      1178  6.115210E-03
      1179  4.957408E-03
      1180  4.585325E-03
      1181  1.925329E-03
      1182  3.549690E-03
      1183  2.304565E-03
      1184  2.977388E-03
      1185  2.449074E-03
      1186  2.661930E-03
      1187  3.284873E-03
      1188  2.778968E-03
      1189  7.396487E-04
      1190  8.833109E-04
      1191  7.396487E-04
      1192  8.833109E-04
      1193  3.284873E-03
      1194  2.778968E-03
      1195  2.449074E-03
      1196  2.661930E-03
      1197  2.304565E-03
      1198  2.977388E-03
      1199  1.925329E-03
      1200  3.549690E-03
      1201  5.698585E-03
      1202  4.936302E-03
      1203  4.853284E-03
      1204  4.770301E-03
      1205  4.842765E-03
      1206  5.698585E-03
      1207  4.936302E-03
      1208  4.853284E-03
      1209  4.770301E-03
      1210  4.842765E-03
      1211  2.686872E-03
      1212  3.341180E-03
      1213  3.259035E-03
      1214  2.881359E-03
      1215  3.528668E-03
      1216  2.723042E-03
      1217  4.732968E-03
      1218  3.143075E-03
      1219  7.215502E-04
      1220  1.250101E-03
      1221  7.215502E-04
      1222  1.250101E-03
      1223  4.732968E-03
      1224  3.143075E-03
      1225  3.528668E-03
      1226  2.723042E-03
      1227  3.259035E-03
      1228  2.881359E-03
      1229  2.686872E-03
      1230  3.341180E-03
      1231  1.670699E-03
      1232  2.561760E-03
      1233  3.685146E-03
      1234  4.721569E-03
      1235  6.349493E-03
      1236  1.670699E-03
      1237  2.561760E-03
      1238  3.685146E-03
      1239  4.721569E-03
      1240  6.349493E-03
      1241  3.160467E-03
      1242  2.941225E-03
      1243  4.048595E-03
      1244  2.876386E-03
      1245  5.343099E-03
      1246  3.730222E-03
      1247  9.725185E-03
      1248  6.998168E-03
      1249  1.128242E-03
      1250  4.198447E-03
      1251  1.128242E-03
      1252  4.198447E-03
      1253  9.725185E-03
      1254  6.998168E-03
      1255  5.343099E-03
      1256  3.730222E-03
      1257  4.048595E-03
      1258  2.876386E-03
      1259  3.160467E-03
      1260  2.941225E-03
      1261  7.621144E-05
      1262  3.414481E-04
      1263  9.908044E-04
      1264  2.396554E-03
      1265  6.255272E-03
      1266  7.621144E-05
      1267  3.414481E-04
      1268  9.908044E-04
      1269  2.396554E-03
      1270  6.255272E-03
      1271  1.789640E-03
      1272  2.298502E-03
      1273  2.593293E-03
      1274  2.350603E-03
      1275  4.451051E-03
      1276  4.888006E-03
      1277  1.481496E-02
      1278  1.476540E-02
      1279  1.728089E-03
      1280  1.157125E-02
      1281  1.728089E-03
      1282  1.157125E-02
      1283  1.481496E-02
      1284  1.476540E-02
      1285  4.451051E-03
      1286  4.888006E-03
      1287  2.593293E-03
      1288  2.350603E-03
      1289  1.789640E-03
      1290  2.298502E-03

                                INCREMENT     9


 displacements (vx,vy,vz) for set TIP_TOP and time  0.1775000E+01

      2087 -1.063892E-01  4.063122E-03  1.820027E+00
      2088 -1.062793E-01  4.003858E-03  1.811062E+00
      2091 -1.059737E-01  3.887228E-03  1.802137E+00
      2094 -1.057492E-01  3.175821E-03  1.793856E+00
      2096 -1.056815E-01  1.266910E-03  1.788486E+00
      2098 -1.056516E-01  1.498137E-15  1.788158E+00
      2100 -1.056815E-01 -1.266910E-03  1.788486E+00
      2103 -1.057492E-01 -3.175821E-03  1.793856E+00
      2106 -1.059737E-01 -3.887228E-03  1.802137E+00
      2109 -1.062793E-01 -4.003858E-03  1.811062E+00
      2112 -1.063892E-01 -4.063122E-03  1.820027E+00

 forces (fx,fy,fz) for set CLAMP and time  0.1775000E+01

         1 -7.331224E+03 -1.115643E+04 -2.669991E+03
         4 -1.415832E+04 -4.032318E-10 -5.352814E+03
         5 -8.122041E+03 -1.356693E+04  1.571764E+03
         8 -1.525468E+04  2.449173E-10  3.234317E+03
         9 -2.791203E+03 -3.660908E+03  6.867931E+02
        12 -5.050386E+03  1.067807E-09  1.378217E+03
        13 -3.377699E+02 -3.746025E+02  3.686757E+00
        16 -5.839752E+02 -1.132014E-10 -3.363099E+00
        17  1.053790E+03  1.391190E+03 -1.105772E+02
        20  1.840278E+03 -1.726437E-10 -2.172089E+02
        21  1.497658E+03  1.342675E+03  9.244018E+02
        24  2.268842E+03  7.597272E-11 -1.699638E+02
        26 -7.331224E+03  1.115643E+04 -2.669991E+03
        28 -8.122041E+03  1.356693E+04  1.571764E+03
        30 -2.791203E+03  3.660908E+03  6.867931E+02
        32 -3.377699E+02  3.746025E+02  3.686757E+00
        34  1.053790E+03 -1.391190E+03 -1.105772E+02
        36  1.497658E+03 -1.342675E+03  9.244018E+02
        37  9.095787E+02  5.559972E+02  1.249319E+03
        40  1.025587E+03  1.734863E+02  2.150702E+03
        41  2.277345E+03  1.270188E+03  2.884757E+02
        44  3.251965E+03  4.153986E+02  5.605418E+02
        45  1.583416E+03  7.169720E+02 -1.493281E+03
        48  2.661154E+03  2.428642E+02 -2.756750E+03
        50  7.427166E+02  1.648310E+02  1.953388E+03
        52  3.130926E+03  4.044716E+02  5.785076E+02
        54  2.843653E+03  2.386716E+02 -2.718552E+03
        56  5.714285E+02  1.594837E+02  1.943267E+03
        58  3.260052E+03  3.479733E+02  5.328311E+02
        60  3.167645E+03  1.957854E+02 -2.889046E+03
        62  2.400344E+03  1.730675E+02  2.178201E+02
        64  2.368438E+03  8.579171E+01 -2.123245E+03
        66  1.311721E+03  2.841705E-09  7.254752E+01
        68  1.299601E+03  1.022058E-09 -1.168798E+03
        70  2.400344E+03 -1.730675E+02  2.178201E+02
        72  2.368438E+03 -8.579171E+01 -2.123245E+03
        74  5.714285E+02 -1.594837E+02  1.943267E+03
        76  3.260052E+03 -3.479733E+02  5.328311E+02
        78  3.167645E+03 -1.957854E+02 -2.889046E+03
        80  7.427166E+02 -1.648310E+02  1.953388E+03
        82  3.130926E+03 -4.044716E+02  5.785076E+02
        84  2.843653E+03 -2.386716E+02 -2.718552E+03
        86  1.025587E+03 -1.734863E+02  2.150702E+03
        88  3.251965E+03 -4.153986E+02  5.605418E+02
        90  2.661154E+03 -2.428642E+02 -2.756750E+03
        92  9.095787E+02 -5.559972E+02  1.249319E+03
        94  2.277345E+03 -1.270188E+03  2.884757E+02
        96  1.583416E+03 -7.169720E+02 -1.493281E+03

 internal energy (element, energy) for set EALL and time  0.1775000E+01

         1  3.949437E+02
         2  1.998743E+01
         3  1.519864E+00
         4  6.711611E-01
         5  3.229283E+00
         6  3.949437E+02
         7  1.998743E+01
         8  1.519864E+00
         9  6.711611E-01
        10  3.229283E+00
        11  4.333275E+00
        12  6.349244E+00
        13  3.538204E+00
        14  5.618901E+00
        15  3.442302E+00
        16  5.772001E+00
        17  3.973574E+00
        18  6.312478E+00
        19  1.609405E+00
        20  2.430934E+00
        21  1.609405E+00
        22  2.430934E+00
        23  3.973574E+00
        24  6.312478E+00
        25  3.442302E+00
        26  5.772001E+00
        27  3.538204E+00
        28  5.618901E+00
        29  4.333275E+00
        30  6.349244E+00
        31  2.127500E+03
        32  1.813448E+02
        33  1.889233E+00
        34  1.545953E+00
        35  5.027921E+00
        36  2.127500E+03
        37  1.813448E+02
        38  1.889233E+00
        39  1.545953E+00
        40  5.027921E+00
        41  4.737593E+00
        42  6.262216E+00
        43  5.241793E+00
        44  6.726832E+00
        45  5.396111E+00
        46  6.719821E+00
        47  5.664837E+00
        48  6.728560E+00
        49  2.053541E+00
        50  2.432885E+00
        51  2.053541E+00
        52  2.432885E+00
        53  5.664837E+00
        54  6.728560E+00
        55  5.396111E+00
        56  6.719821E+00
        57  5.241793E+00
        58  6.726832E+00
        59  4.737593E+00
        60  6.262216E+00
        61  2.148627E+03
        62  1.449915E+02
        63  5.537486E-01
        64  1.316513E+00
        65  4.700290E+00
        66  2.148627E+03
        67  1.449915E+02
        68  5.537486E-01
        69  1.316513E+00
        70  4.700290E+00
        71  4.973665E+00
        72  6.070938E+00
        73  5.355856E+00
        74  6.401038E+00
        75  5.573829E+00
        76  6.559371E+00
        77  5.551295E+00
        78  6.516231E+00
        79  1.961517E+00
        80  2.330606E+00
        81  1.961517E+00
        82  2.330606E+00
        83  5.551295E+00
        84  6.516231E+00
        85  5.573829E+00
        86  6.559371E+00
        87  5.355856E+00
        88  6.401038E+00
        89  4.973665E+00
        90  6.070938E+00
        91  2.187703E+03
        92  1.376591E+02
        93  2.311665E-01
        94  1.247240E+00
        95  4.212515E+00
        96  2.187703E+03
        97  1.376591E+02
        98  2.311665E-01
        99  1.247240E+00
       100  4.212515E+00
       101  5.047259E+00
       102  5.940763E+00
       103  5.101589E+00
       104  5.997372E+00
       105  5.133840E+00
       106  6.033519E+00
       107  5.077095E+00
       108  5.972218E+00
       109  1.809431E+00
       110  2.140678E+00
       111  1.809431E+00
       112  2.140678E+00
       113  5.077095E+00
       114  5.972218E+00
       115  5.133840E+00
       116  6.033519E+00
       117  5.101589E+00
       118  5.997372E+00
       119  5.047259E+00
       120  5.940763E+00
       121  2.179484E+03
       122  1.499083E+02
       123  2.606207E-01
       124  1.316893E+00
       125  3.923196E+00
       126  2.179484E+03
       127  1.499083E+02
       128  2.606207E-01
       129  1.316893E+00
       130  3.923196E+00
       131  4.826212E+00
       132  5.649383E+00
       133  4.793305E+00
       134  5.628109E+00
       135  4.751949E+00
       136  5.594701E+00
       137  4.689572E+00
       138  5.532567E+00
       139  1.682479E+00
       140  1.993318E+00
       141  1.682479E+00
       142  1.993318E+00
       143  4.689572E+00
       144  5.532567E+00
       145  4.751949E+00
       146  5.594701E+00
       147  4.793305E+00
       148  5.628109E+00
       149  4.826212E+00
       150  5.649383E+00
       151  2.125093E+03
       152  1.544688E+02
       153  2.666212E-01
       154  1.276482E+00
       155  3.667512E+00
       156  2.125093E+03
       157  1.544688E+02
       158  2.666212E-01
       159  1.276482E+00
       160  3.667512E+00
       161  4.573813E+00
       162  5.378417E+00
       163  4.538075E+00
       164  5.352179E+00
       165  4.493641E+00
       166  5.316492E+00
       167  4.443440E+00
       168  5.269350E+00
       169  1.600872E+00
       170  1.903726E+00
       171  1.600872E+00
       172  1.903726E+00
       173  4.443440E+00
       174  5.269350E+00
       175  4.493641E+00
       176  5.316492E+00
       177  4.538075E+00
       178  5.352179E+00
       179  4.573813E+00
       180  5.378417E+00
       181  2.043703E+03
       182  1.500752E+02
       183  2.690745E-01
       184  1.183394E+00
       185  3.416220E+00
       186  2.043703E+03
       187  1.500752E+02
       188  2.690745E-01
       189  1.183394E+00
       190  3.416220E+00
       191  4.338299E+00
       192  5.150129E+00
       193  4.314792E+00
       194  5.134479E+00
       195  4.282655E+00
       196  5.109203E+00
       197  4.247065E+00
       198  5.075825E+00
       199  1.534119E+00
       200  1.837003E+00
       201  1.534119E+00
       202  1.837003E+00
       203  4.247065E+00
       204  5.075825E+00
       205  4.282655E+00
       206  5.109203E+00
       207  4.314792E+00
       208  5.134479E+00
       209  4.338299E+00
       210  5.150129E+00
       211  1.951771E+03
       212  1.415006E+02
       213  2.616217E-01
       214  1.055196E+00
       215  3.162941E+00
       216  1.951771E+03
       217  1.415006E+02
       218  2.616217E-01
       219  1.055196E+00
       220  3.162941E+00
       221  4.132988E+00
       222  4.966675E+00
       223  4.118469E+00
       224  4.957731E+00
       225  4.097110E+00
       226  4.940816E+00
       227  4.072889E+00
       228  4.917408E+00
       229  1.473960E+00
       230  1.781851E+00
       231  1.473960E+00
       232  1.781851E+00
       233  4.072889E+00
       234  4.917408E+00
       235  4.097110E+00
       236  4.940816E+00
       237  4.118469E+00
       238  4.957731E+00
       239  4.132988E+00
       240  4.966675E+00
       241  1.853628E+03
       242  1.296492E+02
       243  2.587906E-01
       244  9.031608E-01
       245  2.901805E+00
       246  1.853628E+03
       247  1.296492E+02
       248  2.587906E-01
       249  9.031608E-01
       250  2.901805E+00
       251  3.951685E+00
       252  4.818359E+00
       253  3.942050E+00
       254  4.811841E+00
       255  3.927351E+00
       256  4.799164E+00
       257  3.909956E+00
       258  4.781297E+00
       259  1.416485E+00
       260  1.733745E+00
       261  1.416485E+00
       262  1.733745E+00
       263  3.909956E+00
       264  4.781297E+00
       265  3.927351E+00
       266  4.799164E+00
       267  3.942050E+00
       268  4.811841E+00
       269  3.951685E+00
       270  4.818359E+00
       271  1.749520E+03
       272  1.145502E+02
       273  2.808021E-01
       274  7.424485E-01
       275  2.636951E+00
       276  1.749520E+03
       277  1.145502E+02
       278  2.808021E-01
       279  7.424485E-01
       280  2.636951E+00
       281  3.787015E+00
       282  4.697732E+00
       283  3.780109E+00
       284  4.691751E+00
       285  3.769488E+00
       286  4.680848E+00
       287  3.755736E+00
       288  4.665433E+00
       289  1.361260E+00
       290  1.692269E+00
       291  1.361260E+00
       292  1.692269E+00
       293  3.755736E+00
       294  4.665433E+00
       295  3.769488E+00
       296  4.680848E+00
       297  3.780109E+00
       298  4.691751E+00
       299  3.787015E+00
       300  4.697732E+00
       301  1.639589E+03
       302  9.649570E+01
       303  3.500900E-01
       304  5.864365E-01
       305  2.374046E+00
       306  1.639589E+03
       307  9.649570E+01
       308  3.500900E-01
       309  5.864365E-01
       310  2.374046E+00
       311  3.633138E+00
       312  4.599781E+00
       313  3.628486E+00
       314  4.594713E+00
       315  3.621354E+00
       316  4.585795E+00
       317  3.610784E+00
       318  4.572728E+00
       319  1.309232E+00
       320  1.659116E+00
       321  1.309232E+00
       322  1.659116E+00
       323  3.610784E+00
       324  4.572728E+00
       325  3.621354E+00
       326  4.585795E+00
       327  3.628486E+00
       328  4.594713E+00
       329  3.633138E+00
       330  4.599781E+00
       331  1.523947E+03
       332  7.569945E+01
       333  4.917308E-01
       334  4.491529E-01
       335  2.119578E+00
       336  1.523947E+03
       337  7.569945E+01
       338  4.917308E-01
       339  4.491529E-01
       340  2.119578E+00
       341  3.486143E+00
       342  4.519887E+00
       343  3.484106E+00
       344  4.517843E+00
       345  3.481174E+00
       346  4.513624E+00
       347  3.475887E+00
       348  4.506101E+00
       349  1.261434E+00
       350  1.636064E+00
       351  1.261434E+00
       352  1.636064E+00
       353  3.475887E+00
       354  4.506101E+00
       355  3.481174E+00
       356  4.513624E+00
       357  3.484106E+00
       358  4.517843E+00
       359  3.486143E+00
       360  4.519887E+00
       361  1.402073E+03
       362  5.210298E+01
       363  7.306772E-01
       364  3.468470E-01
       365  1.881958E+00
       366  1.402073E+03
       367  5.210298E+01
       368  7.306772E-01
       369  3.468470E-01
       370  1.881958E+00
       371  3.343954E+00
       372  4.452787E+00
       373  3.344796E+00
       374  4.455990E+00
       375  3.346707E+00
       376  4.459828E+00
       377  3.349840E+00
       378  4.462738E+00
       379  1.217850E+00
       380  1.622528E+00
       381  1.217850E+00
       382  1.622528E+00
       383  3.349840E+00
       384  4.462738E+00
       385  3.346707E+00
       386  4.459828E+00
       387  3.344796E+00
       388  4.455990E+00
       389  3.343954E+00
       390  4.452787E+00
       391  1.275972E+03
       392  2.595856E+01
       393  1.075390E+00
       394  2.926256E-01
       395  1.666059E+00
       396  1.275972E+03
       397  2.595856E+01
       398  1.075390E+00
       399  2.926256E-01
       400  1.666059E+00
       401  3.205943E+00
       402  4.393130E+00
       403  3.209209E+00
       404  4.401635E+00
       405  3.215354E+00
       406  4.413958E+00
       407  3.227504E+00
       408  4.428711E+00
       409  1.175877E+00
       410  1.612703E+00
       411  1.175877E+00
       412  1.612703E+00
       413  3.227504E+00
       414  4.428711E+00
       415  3.215354E+00
       416  4.413958E+00
       417  3.209209E+00
       418  4.401635E+00
       419  3.205943E+00
       420  4.393130E+00
       421  1.153948E+03
       422  8.900447E+00
       423  1.480818E+00
       424  2.874744E-01
       425  1.469089E+00
       426  1.153948E+03
       427  8.900447E+00
       428  1.480818E+00
       429  2.874744E-01
       430  1.469089E+00
       431  3.071996E+00
       432  4.336834E+00
       433  3.076543E+00
       434  4.347693E+00
       435  3.084999E+00
       436  4.364067E+00
       437  3.101847E+00
       438  4.384467E+00
       439  1.131309E+00
       440  1.597678E+00
       441  1.131309E+00
       442  1.597678E+00
       443  3.101847E+00
       444  4.384467E+00
       445  3.084999E+00
       446  4.364067E+00
       447  3.076543E+00
       448  4.347693E+00
       449  3.071996E+00
       450  4.336834E+00
       451  1.039624E+03
       452  6.008968E+00
       453  1.892689E+00
       454  3.204800E-01
       455  1.287781E+00
       456  1.039624E+03
       457  6.008968E+00
       458  1.892689E+00
       459  3.204800E-01
       460  1.287781E+00
       461  2.941500E+00
       462  4.282067E+00
       463  2.946126E+00
       464  4.291225E+00
       465  2.954772E+00
       466  4.305462E+00
       467  2.970438E+00
       468  4.322550E+00
       469  1.082736E+00
       470  1.574137E+00
       471  1.082736E+00
       472  1.574137E+00
       473  2.970438E+00
       474  4.322550E+00
       475  2.954772E+00
       476  4.305462E+00
       477  2.946126E+00
       478  4.291225E+00
       479  2.941500E+00
       480  4.282067E+00
       481  9.272915E+02
       482  6.962239E+00
       483  2.347433E+00
       484  3.861398E-01
       485  1.123319E+00
       486  9.272915E+02
       487  6.962239E+00
       488  2.347433E+00
       489  3.861398E-01
       490  1.123319E+00
       491  2.813005E+00
       492  4.229287E+00
       493  2.817277E+00
       494  4.234557E+00
       495  2.825269E+00
       496  4.243729E+00
       497  2.837503E+00
       498  4.253942E+00
       499  1.032918E+00
       500  1.547450E+00
       501  1.032918E+00
       502  1.547450E+00
       503  2.837503E+00
       504  4.253942E+00
       505  2.825269E+00
       506  4.243729E+00
       507  2.817277E+00
       508  4.234557E+00
       509  2.813005E+00
       510  4.229287E+00
       511  8.132978E+02
       512  8.127615E+00
       513  2.893468E+00
       514  4.905790E-01
       515  9.770980E-01
       516  8.132978E+02
       517  8.127615E+00
       518  2.893468E+00
       519  4.905790E-01
       520  9.770980E-01
       521  2.684673E+00
       522  4.180012E+00
       523  2.689427E+00
       524  4.182625E+00
       525  2.698021E+00
       526  4.188763E+00
       527  2.708972E+00
       528  4.195063E+00
       529  9.853071E-01
       530  1.525028E+00
       531  9.853071E-01
       532  1.525028E+00
       533  2.708972E+00
       534  4.195063E+00
       535  2.698021E+00
       536  4.188763E+00
       537  2.689427E+00
       538  4.182625E+00
       539  2.684673E+00
       540  4.180012E+00
       541  6.980613E+02
       542  9.509844E+00
       543  3.552304E+00
       544  6.420911E-01
       545  8.502726E-01
       546  6.980613E+02
       547  9.509844E+00
       548  3.552304E+00
       549  6.420911E-01
       550  8.502726E-01
       551  2.555013E+00
       552  4.134441E+00
       553  2.562085E+00
       554  4.138609E+00
       555  2.574224E+00
       556  4.147575E+00
       557  2.588771E+00
       558  4.156973E+00
       559  9.419587E-01
       560  1.511615E+00
       561  9.419587E-01
       562  1.511615E+00
       563  2.588771E+00
       564  4.156973E+00
       565  2.574224E+00
       566  4.147575E+00
       567  2.562085E+00
       568  4.138609E+00
       569  2.555013E+00
       570  4.134441E+00
       571  5.818745E+02
       572  1.114203E+01
       573  4.330748E+00
       574  8.426230E-01
       575  7.466560E-01
       576  5.818745E+02
       577  1.114203E+01
       578  4.330748E+00
       579  8.426230E-01
       580  7.466560E-01
       581  2.423401E+00
       582  4.089410E+00
       583  2.434633E+00
       584  4.100321E+00
       585  2.453505E+00
       586  4.119829E+00
       587  2.478182E+00
       588  4.142392E+00
       589  9.037929E-01
       590  1.508840E+00
       591  9.037929E-01
       592  1.508840E+00
       593  2.478182E+00
       594  4.142392E+00
       595  2.453505E+00
       596  4.119829E+00
       597  2.434633E+00
       598  4.100321E+00
       599  2.423401E+00
       600  4.089410E+00
       601  4.589443E+02
       602  1.308755E+01
       603  5.193242E+00
       604  1.080668E+00
       605  6.709021E-01
       606  4.589443E+02
       607  1.308755E+01
       608  5.193242E+00
       609  1.080668E+00
       610  6.709021E-01
       611  2.290102E+00
       612  4.038402E+00
       613  2.306324E+00
       614  4.059062E+00
       615  2.333609E+00
       616  4.094644E+00
       617  2.373954E+00
       618  4.139304E+00
       619  8.693650E-01
       620  1.512143E+00
       621  8.693650E-01
       622  1.512143E+00
       623  2.373954E+00
       624  4.139304E+00
       625  2.333609E+00
       626  4.094644E+00
       627  2.306324E+00
       628  4.059062E+00
       629  2.290102E+00
       630  4.038402E+00
       631  3.329001E+02
       632  1.520308E+01
       633  6.027237E+00
       634  1.343497E+00
       635  6.241141E-01
       636  3.329001E+02
       637  1.520308E+01
       638  6.027237E+00
       639  1.343497E+00
       640  6.241141E-01
       641  2.155614E+00
       642  3.973319E+00
       643  2.176402E+00
       644  4.002348E+00
       645  2.211404E+00
       646  4.052482E+00
       647  2.267132E+00
       648  4.117599E+00
       649  8.335094E-01
       650  1.507996E+00
       651  8.335094E-01
       652  1.507996E+00
       653  2.267132E+00
       654  4.117599E+00
       655  2.211404E+00
       656  4.052482E+00
       657  2.176402E+00
       658  4.002348E+00
       659  2.155614E+00
       660  3.973319E+00
       661  2.439452E+02
       662  1.639336E+01
       663  6.730536E+00
       664  1.615315E+00
       665  6.004456E-01
       666  2.439452E+02
       667  1.639336E+01
       668  6.730536E+00
       669  1.615315E+00
       670  6.004456E-01
       671  2.019747E+00
       672  3.886168E+00
       673  2.044062E+00
       674  3.919555E+00
       675  2.084669E+00
       676  3.976934E+00
       677  2.149587E+00
       678  4.049563E+00
       679  7.913170E-01
       680  1.483441E+00
       681  7.913170E-01
       682  1.483441E+00
       683  2.149587E+00
       684  4.049563E+00
       685  2.084669E+00
       686  3.976934E+00
       687  2.044062E+00
       688  3.919555E+00
       689  2.019747E+00
       690  3.886168E+00
       691  1.879816E+02
       692  1.668579E+01
       693  7.217053E+00
       694  1.851828E+00
       695  5.874238E-01
       696  1.879816E+02
       697  1.668579E+01
       698  7.217053E+00
       699  1.851828E+00
       700  5.874238E-01
       701  1.881492E+00
       702  3.770028E+00
       703  1.908475E+00
       704  3.805615E+00
       705  1.953115E+00
       706  3.865908E+00
       707  2.022985E+00
       708  3.937915E+00
       709  7.440275E-01
       710  1.440794E+00
       711  7.440275E-01
       712  1.440794E+00
       713  2.022985E+00
       714  3.937915E+00
       715  1.953115E+00
       716  3.865908E+00
       717  1.908475E+00
       718  3.805615E+00
       719  1.881492E+00
       720  3.770028E+00
       721  1.327955E+02
       722  1.704448E+01
       723  7.492899E+00
       724  2.013620E+00
       725  5.810173E-01
       726  1.327955E+02
       727  1.704448E+01
       728  7.492899E+00
       729  2.013620E+00
       730  5.810173E-01
       731  1.740066E+00
       732  3.620255E+00
       733  1.769119E+00
       734  3.659202E+00
       735  1.817354E+00
       736  3.725430E+00
       737  1.895296E+00
       738  3.803623E+00
       739  6.970481E-01
       740  1.391537E+00
       741  6.970481E-01
       742  1.391537E+00
       743  1.895296E+00
       744  3.803623E+00
       745  1.817354E+00
       746  3.725430E+00
       747  1.769119E+00
       748  3.659202E+00
       749  1.740066E+00
       750  3.620255E+00
       751  7.488954E+01
       752  1.735464E+01
       753  7.589248E+00
       754  2.113509E+00
       755  5.923055E-01
       756  7.488954E+01
       757  1.735464E+01
       758  7.589248E+00
       759  2.113509E+00
       760  5.923055E-01
       761  1.595966E+00
       762  3.435835E+00
       763  1.626212E+00
       764  3.478953E+00
       765  1.677224E+00
       766  3.554116E+00
       767  1.767997E+00
       768  3.646161E+00
       769  6.516557E-01
       770  1.335445E+00
       771  6.516557E-01
       772  1.335445E+00
       773  1.767997E+00
       774  3.646161E+00
       775  1.677224E+00
       776  3.554116E+00
       777  1.626212E+00
       778  3.478953E+00
       779  1.595966E+00
       780  3.435835E+00
       781  3.168625E+01
       782  1.705329E+01
       783  7.512784E+00
       784  2.189110E+00
       785  6.267800E-01
       786  3.168625E+01
       787  1.705329E+01
       788  7.512784E+00
       789  2.189110E+00
       790  6.267800E-01
       791  1.450827E+00
       792  3.219501E+00
       793  1.480832E+00
       794  3.263871E+00
       795  1.532237E+00
       796  3.343036E+00
       797  1.633899E+00
       798  3.440868E+00
       799  6.033025E-01
       800  1.259370E+00
       801  6.033025E-01
       802  1.259370E+00
       803  1.633899E+00
       804  3.440868E+00
       805  1.532237E+00
       806  3.343036E+00
       807  1.480832E+00
       808  3.263871E+00
       809  1.450827E+00
       810  3.219501E+00
       811  2.817874E+01
       812  1.587497E+01
       813  7.218366E+00
       814  2.216797E+00
       815  6.626681E-01
       816  2.817874E+01
       817  1.587497E+01
       818  7.218366E+00
       819  2.216797E+00
       820  6.626681E-01
       821  1.306411E+00
       822  2.976703E+00
       823  1.334745E+00
       824  3.017450E+00
       825  1.383724E+00
       826  3.091522E+00
       827  1.488930E+00
       828  3.179114E+00
       829  5.488353E-01
       830  1.158620E+00
       831  5.488353E-01
       832  1.158620E+00
       833  1.488930E+00
       834  3.179114E+00
       835  1.383724E+00
       836  3.091522E+00
       837  1.334745E+00
       838  3.017450E+00
       839  1.306411E+00
       840  2.976703E+00
       841  2.516717E+01
       842  1.435513E+01
       843  6.698947E+00
       844  2.157446E+00
       845  6.764221E-01
       846  2.516717E+01
       847  1.435513E+01
       848  6.698947E+00
       849  2.157446E+00
       850  6.764221E-01
       851  1.164051E+00
       852  2.714772E+00
       853  1.190112E+00
       854  2.749368E+00
       855  1.235408E+00
       856  2.814163E+00
       857  1.339219E+00
       858  2.885497E+00
       859  4.912242E-01
       860  1.045369E+00
       861  4.912242E-01
       862  1.045369E+00
       863  1.339219E+00
       864  2.885497E+00
       865  1.235408E+00
       866  2.814163E+00
       867  1.190112E+00
       868  2.749368E+00
       869  1.164051E+00
       870  2.714772E+00
       871  2.249491E+01
       872  1.287689E+01
       873  6.087204E+00
       874  2.036785E+00
       875  6.714372E-01
       876  2.249491E+01
       877  1.287689E+01
       878  6.087204E+00
       879  2.036785E+00
       880  6.714372E-01
       881  1.024906E+00
       882  2.442376E+00
       883  1.049157E+00
       884  2.472080E+00
       885  1.091518E+00
       886  2.530171E+00
       887  1.194371E+00
       888  2.590569E+00
       889  4.358082E-01
       890  9.335903E-01
       891  4.358082E-01
       892  9.335903E-01
       893  1.194371E+00
       894  2.590569E+00
       895  1.091518E+00
       896  2.530171E+00
       897  1.049157E+00
       898  2.472080E+00
       899  1.024906E+00
       900  2.442376E+00
       901  1.991773E+01
       902  1.144758E+01
       903  5.472782E+00
       904  1.896764E+00
       905  6.614498E-01
       906  1.991773E+01
       907  1.144758E+01
       908  5.472782E+00
       909  1.896764E+00
       910  6.614498E-01
       911  8.903302E-01
       912  2.168370E+00
       913  9.138489E-01
       914  2.196104E+00
       915  9.549967E-01
       916  2.252194E+00
       917  1.059796E+00
       918  2.308781E+00
       919  3.852870E-01
       920  8.285196E-01
       921  3.852870E-01
       922  8.285196E-01
       923  1.059796E+00
       924  2.308781E+00
       925  9.549967E-01
       926  2.252194E+00
       927  9.138489E-01
       928  2.196104E+00
       929  8.903302E-01
       930  2.168370E+00
       931  1.743215E+01
       932  1.006215E+01
       933  4.869551E+00
       934  1.753596E+00
       935  6.535936E-01
       936  1.743215E+01
       937  1.006215E+01
       938  4.869551E+00
       939  1.753596E+00
       940  6.535936E-01
       941  7.617906E-01
       942  1.900406E+00
       943  7.856994E-01
       944  1.928192E+00
       945  8.273170E-01
       946  1.985365E+00
       947  9.367616E-01
       948  2.042124E+00
       949  3.398114E-01
       950  7.297940E-01
       951  3.398114E-01
       952  7.297940E-01
       953  9.367616E-01
       954  2.042124E+00
       955  8.273170E-01
       956  1.985365E+00
       957  7.856994E-01
       958  1.928192E+00
       959  7.617906E-01
       960  1.900406E+00
       961  1.504282E+01
       962  8.724582E+00
       963  4.281548E+00
       964  1.610612E+00
       965  6.495118E-01
       966  1.504282E+01
       967  8.724582E+00
       968  4.281548E+00
       969  1.610612E+00
       970  6.495118E-01
       971  6.406118E-01
       972  1.644490E+00
       973  6.658391E-01
       974  1.672397E+00
       975  7.092162E-01
       976  1.731353E+00
       977  8.252658E-01
       978  1.789502E+00
       979  2.989085E-01
       980  6.362940E-01
       981  2.989085E-01
       982  6.362940E-01
       983  8.252658E-01
       984  1.789502E+00
       985  7.092162E-01
       986  1.731353E+00
       987  6.658391E-01
       988  1.672397E+00
       989  6.406118E-01
       990  1.644490E+00
       991  1.276149E+01
       992  7.440838E+00
       993  3.712276E+00
       994  1.469745E+00
       995  6.497371E-01
       996  1.276149E+01
       997  7.440838E+00
       998  3.712276E+00
       999  1.469745E+00
      1000  6.497371E-01
      1001  5.279867E-01
      1002  1.405578E+00
      1003  5.553628E-01
      1004  1.431732E+00
      1005  6.014406E-01
      1006  1.491220E+00
      1007  7.255810E-01
      1008  1.550520E+00
      1009  2.622969E-01
      1010  5.475853E-01
      1011  2.622969E-01
      1012  5.475853E-01
      1013  7.255810E-01
      1014  1.550520E+00
      1015  6.014406E-01
      1016  1.491220E+00
      1017  5.553628E-01
      1018  1.431732E+00
      1019  5.279867E-01
      1020  1.405578E+00
      1021  1.059857E+01
      1022  6.217747E+00
      1023  3.165907E+00
      1024  1.333317E+00
      1025  6.551484E-01
      1026  1.059857E+01
      1027  6.217747E+00
      1028  3.165907E+00
      1029  1.333317E+00
      1030  6.551484E-01
      1031  4.254571E-01
      1032  1.188385E+00
      1033  4.558904E-01
      1034  1.209049E+00
      1035  5.052765E-01
      1036  1.266109E+00
      1037  6.385991E-01
      1038  1.325463E+00
      1039  2.298775E-01
      1040  4.636561E-01
      1041  2.298775E-01
      1042  4.636561E-01
      1043  6.385991E-01
      1044  1.325463E+00
      1045  5.052765E-01
      1046  1.266109E+00
      1047  4.558904E-01
      1048  1.209049E+00
      1049  4.254571E-01
      1050  1.188385E+00
      1051  8.564830E+00
      1052  5.063152E+00
      1053  2.647691E+00
      1054  1.204364E+00
      1055  6.669890E-01
      1056  8.564830E+00
      1057  5.063152E+00
      1058  2.647691E+00
      1059  1.204364E+00
      1060  6.669890E-01
      1061  3.359670E-01
      1062  9.977893E-01
      1063  3.705017E-01
      1064  1.007179E+00
      1065  4.231422E-01
      1066  1.056956E+00
      1067  5.659319E-01
      1068  1.114457E+00
      1069  2.015688E-01
      1070  3.844945E-01
      1071  2.015688E-01
      1072  3.844945E-01
      1073  5.659319E-01
      1074  1.114457E+00
      1075  4.231422E-01
      1076  1.056956E+00
      1077  3.705017E-01
      1078  1.007179E+00
      1079  3.359670E-01
      1080  9.977893E-01
      1081  6.673078E+00
      1082  3.986926E+00
      1083  2.164503E+00
      1084  1.086595E+00
      1085  6.864079E-01
      1086  6.673078E+00
      1087  3.986926E+00
      1088  2.164503E+00
      1089  1.086595E+00
      1090  6.864079E-01
      1091  2.657958E-01
      1092  8.388773E-01
      1093  3.054339E-01
      1094  8.290458E-01
      1095  3.596831E-01
      1096  8.643732E-01
      1097  5.103604E-01
      1098  9.170840E-01
      1099  1.771644E-01
      1100  3.099739E-01
      1101  1.771644E-01
      1102  3.099739E-01
      1103  5.103604E-01
      1104  9.170840E-01
      1105  3.596831E-01
      1106  8.643732E-01
      1107  3.054339E-01
      1108  8.290458E-01
      1109  2.657958E-01
      1110  8.388773E-01
      1111  4.939725E+00
      1112  3.002786E+00
      1113  1.726212E+00
      1114  9.845368E-01
      1115  7.133346E-01
      1116  4.939725E+00
      1117  3.002786E+00
      1118  1.726212E+00
      1119  9.845368E-01
      1120  7.133346E-01
      1121  2.274000E-01
      1122  7.169905E-01
      1123  2.728639E-01
      1124  6.787324E-01
      1125  3.239395E-01
      1126  6.900746E-01
      1127  4.775361E-01
      1128  7.337214E-01
      1129  1.562649E-01
      1130  2.405257E-01
      1131  1.562649E-01
      1132  2.405257E-01
      1133  4.775361E-01
      1134  7.337214E-01
      1135  3.239395E-01
      1136  6.900746E-01
      1137  2.728639E-01
      1138  6.787324E-01
      1139  2.274000E-01
      1140  7.169905E-01
      1141  3.385650E+00
      1142  2.130797E+00
      1143  1.347188E+00
      1144  9.029403E-01
      1145  7.451466E-01
      1146  3.385650E+00
      1147  2.130797E+00
      1148  1.347188E+00
      1149  9.029403E-01
      1150  7.451466E-01
      1151  2.415014E-01
      1152  6.363785E-01
      1153  2.934685E-01
      1154  5.641997E-01
      1155  3.327619E-01
      1156  5.422478E-01
      1157  4.807483E-01
      1158  5.724767E-01
      1159  1.382506E-01
      1160  1.806335E-01
      1161  1.382506E-01
      1162  1.806335E-01
      1163  4.807483E-01
      1164  5.724767E-01
      1165  3.327619E-01
      1166  5.422478E-01
      1167  2.934685E-01
      1168  5.641997E-01
      1169  2.415014E-01
      1170  6.363785E-01
      1171  2.042048E+00
      1172  1.398569E+00
      1173  1.044750E+00
      1174  8.430969E-01
      1175  7.758601E-01
      1176  2.042048E+00
      1177  1.398569E+00
      1178  1.044750E+00
      1179  8.430969E-01
      1180  7.758601E-01
      1181  3.261911E-01
      1182  5.946194E-01
      1183  3.898477E-01
      1184  4.988342E-01
      1185  4.140344E-01
      1186  4.465233E-01
      1187  5.560120E-01
      1188  4.661988E-01
      1189  1.245246E-01
      1190  1.482012E-01
      1191  1.245246E-01
      1192  1.482012E-01
      1193  5.560120E-01
      1194  4.661988E-01
      1195  4.140344E-01
      1196  4.465233E-01
      1197  3.898477E-01
      1198  4.988342E-01
      1199  3.261911E-01
      1200  5.946194E-01
      1201  9.747650E-01
      1202  8.428710E-01
      1203  8.269320E-01
      1204  8.102823E-01
      1205  8.203680E-01
      1206  9.747650E-01
      1207  8.428710E-01
      1208  8.269320E-01
      1209  8.102823E-01
      1210  8.203680E-01
      1211  4.561599E-01
      1212  5.595942E-01
      1213  5.529196E-01
      1214  4.825036E-01
      1215  5.985896E-01
      1216  4.570516E-01
      1217  8.050716E-01
      1218  5.279230E-01
      1219  1.217844E-01
      1220  2.098086E-01
      1221  1.217844E-01
      1222  2.098086E-01
      1223  8.050716E-01
      1224  5.279230E-01
      1225  5.985896E-01
      1226  4.570516E-01
      1227  5.529196E-01
      1228  4.825036E-01
      1229  4.561599E-01
      1230  5.595942E-01
      1231  2.837140E-01
      1232  4.353770E-01
      1233  6.263306E-01
      1234  8.020458E-01
      1235  1.080724E+00
      1236  2.837140E-01
      1237  4.353770E-01
      1238  6.263306E-01
      1239  8.020458E-01
      1240  1.080724E+00
      1241  5.363641E-01
      1242  4.933261E-01
      1243  6.874153E-01
      1244  4.814617E-01
      1245  9.082474E-01
      1246  6.254334E-01
      1247  1.662817E+00
      1248  1.171007E+00
      1249  1.914403E-01
      1250  6.987851E-01
      1251  1.914403E-01
      1252  6.987851E-01
      1253  1.662817E+00
      1254  1.171007E+00
      1255  9.082474E-01
      1256  6.254334E-01
      1257  6.874153E-01
      1258  4.814617E-01
      1259  5.363641E-01
      1260  4.933261E-01
      1261  1.286909E-02
      1262  5.776614E-02
      1263  1.679980E-01
      1264  4.073729E-01
      1265  1.072408E+00
      1266  1.286909E-02
      1267  5.776614E-02
      1268  1.679980E-01
      1269  4.073729E-01
      1270  1.072408E+00
      1271  3.028274E-01
      1272  3.866832E-01
      1273  4.395280E-01
      1274  3.948099E-01
      1275  7.561492E-01
      1276  8.198379E-01
      1277  2.546831E+00
      1278  2.461940E+00
      1279  2.936125E-01
      1280  1.902690E+00
      1281  2.936125E-01
      1282  1.902690E+00
      1283  2.546831E+00
      1284  2.461940E+00
      1285  7.561492E-01
      1286  8.198379E-01
      1287  4.395280E-01
      1288  3.948099E-01
      1289  3.028274E-01
      1290  3.866832E-01

                                INCREMENT    10


 displacements (vx,vy,vz) for set TIP_TOP and time  0.1875000E+01

      2087 -2.339917E-01  7.821304E-03  4.971725E+00
      2088 -2.337316E-01  7.704257E-03  4.954492E+00
      2091 -2.330931E-01  7.477162E-03  4.937332E+00
      2094 -2.326147E-01  6.106933E-03  4.921414E+00
      2096 -2.324533E-01  2.435740E-03  4.911089E+00
      2098 -2.323929E-01  3.346797E-14  4.910459E+00
      2100 -2.324533E-01 -2.435740E-03  4.911089E+00
      2103 -2.326147E-01 -6.106933E-03  4.921414E+00
      2106 -2.330931E-01 -7.477162E-03  4.937332E+00
      2109 -2.337316E-01 -7.704257E-03  4.954492E+00
      2112 -2.339917E-01 -7.821304E-03  4.971725E+00

 forces (fx,fy,fz) for set CLAMP and time  0.1875000E+01

         1 -1.233295E+04 -1.718895E+04 -4.670814E+03
         4 -2.314546E+04 -4.083422E-09 -9.348536E+03
         5 -1.524159E+04 -2.294794E+04  1.281152E+03
         8 -2.781290E+04 -7.997666E-09  2.643273E+03
         9 -7.552192E+03 -9.823348E+03  8.098414E+02
        12 -1.339003E+04  1.518368E-09  1.614358E+03
        13 -2.815139E+03 -3.528329E+03  3.994354E+02
        16 -4.912985E+03 -9.891129E-10  7.761444E+02
        17  9.005574E+02  1.269998E+03  3.504166E+02
        20  1.585580E+03 -3.690638E-09  6.970783E+02
        21  3.009027E+03  2.368390E+03  2.323668E+03
        24  4.115618E+03  8.076418E-11  3.401192E+02
        26 -1.233295E+04  1.718895E+04 -4.670814E+03
        28 -1.524159E+04  2.294794E+04  1.281152E+03
        30 -7.552192E+03  9.823348E+03  8.098414E+02
        32 -2.815139E+03  3.528329E+03  3.994354E+02
        34  9.005574E+02 -1.269998E+03  3.504166E+02
        36  3.009027E+03 -2.368390E+03  2.323668E+03
        37  1.948763E+03  1.184240E+03  2.678027E+03
        40  2.269434E+03  3.678681E+02  4.628115E+03
        41  4.863858E+03  2.707096E+03  6.580319E+02
        44  6.956493E+03  8.465900E+02  1.275740E+03
        45  3.377906E+03  1.528867E+03 -3.200261E+03
        48  5.616732E+03  4.802932E+02 -5.877802E+03
        50  1.793931E+03  3.483833E+02  4.226469E+03
        52  6.648815E+03  7.946185E+02  1.300892E+03
        54  5.821796E+03  4.452317E+02 -5.705830E+03
        56  1.589857E+03  2.949189E+02  4.197894E+03
        58  6.803060E+03  6.149536E+02  1.239289E+03
        60  6.219613E+03  3.300687E+02 -5.895917E+03
        62  4.869887E+03  2.761155E+02  6.522498E+02
        64  4.494296E+03  1.329906E+02 -4.211797E+03
        66  2.636177E+03 -1.920680E-10  2.927430E+02
        68  2.439699E+03  1.354474E-10 -2.292311E+03
        70  4.869887E+03 -2.761155E+02  6.522498E+02
        72  4.494296E+03 -1.329906E+02 -4.211797E+03
        74  1.589857E+03 -2.949189E+02  4.197894E+03
        76  6.803060E+03 -6.149536E+02  1.239289E+03
        78  6.219613E+03 -3.300687E+02 -5.895917E+03
        80  1.793931E+03 -3.483833E+02  4.226469E+03
        82  6.648815E+03 -7.946185E+02  1.300892E+03
        84  5.821796E+03 -4.452317E+02 -5.705830E+03
        86  2.269434E+03 -3.678681E+02  4.628115E+03
        88  6.956493E+03 -8.465900E+02  1.275740E+03
        90  5.616732E+03 -4.802932E+02 -5.877802E+03
        92  1.948763E+03 -1.184240E+03  2.678027E+03
        94  4.863858E+03 -2.707096E+03  6.580319E+02
        96  3.377906E+03 -1.528867E+03 -3.200261E+03

 internal energy (element, energy) for set EALL and time  0.1875000E+01

         1  6.556032E+02
         2  1.004233E+02
         3  2.158090E+01
         4  2.413089E+00
         5  8.931874E+00
         6  6.556032E+02
         7  1.004233E+02
         8  2.158090E+01
         9  2.413089E+00
        10  8.931874E+00
        11  1.977390E+01
        12  2.951218E+01
        13  1.606855E+01
        14  2.573290E+01
        15  1.538505E+01
        16  2.566509E+01
        17  1.660476E+01
        18  2.689640E+01
        19  6.406471E+00
        20  1.011407E+01
        21  6.406471E+00
        22  1.011407E+01
        23  1.660476E+01
        24  2.689640E+01
        25  1.538505E+01
        26  2.566509E+01
        27  1.606855E+01
        28  2.573290E+01
        29  1.977390E+01
        30  2.951218E+01
        31  2.547940E+03
        32  2.750813E+02
        33  3.004238E+01
        34  5.358721E+00
        35  1.483143E+01
        36  2.547940E+03
        37  2.750813E+02
        38  3.004238E+01
        39  5.358721E+00
        40  1.483143E+01
        41  2.149424E+01
        42  3.047442E+01
        43  2.347739E+01
        44  3.253989E+01
        45  2.373968E+01
        46  3.243794E+01
        47  2.433981E+01
        48  3.252773E+01
        49  8.856015E+00
        50  1.182012E+01
        51  8.856015E+00
        52  1.182012E+01
        53  2.433981E+01
        54  3.252773E+01
        55  2.373968E+01
        56  3.243794E+01
        57  2.347739E+01
        58  3.253989E+01
        59  2.149424E+01
        60  3.047442E+01
        61  2.584899E+03
        62  2.276695E+02
        63  2.477324E+01
        64  4.895502E+00
        65  1.470189E+01
        66  2.584899E+03
        67  2.276695E+02
        68  2.477324E+01
        69  4.895502E+00
        70  1.470189E+01
        71  2.236777E+01
        72  3.061090E+01
        73  2.398385E+01
        74  3.231248E+01
        75  2.491001E+01
        76  3.328042E+01
        77  2.494254E+01
        78  3.341230E+01
        79  8.943187E+00
        80  1.207434E+01
        81  8.943187E+00
        82  1.207434E+01
        83  2.494254E+01
        84  3.341230E+01
        85  2.491001E+01
        86  3.328042E+01
        87  2.398385E+01
        88  3.231248E+01
        89  2.236777E+01
        90  3.061090E+01
        91  2.637192E+03
        92  2.173592E+02
        93  2.022232E+01
        94  3.477646E+00
        95  1.314572E+01
        96  2.637192E+03
        97  2.173592E+02
        98  2.022232E+01
        99  3.477646E+00
       100  1.314572E+01
       101  2.265254E+01
       102  3.074657E+01
       103  2.300991E+01
       104  3.118493E+01
       105  2.333295E+01
       106  3.158179E+01
       107  2.335450E+01
       108  3.158681E+01
       109  8.426358E+00
       110  1.141347E+01
       111  8.426358E+00
       112  1.141347E+01
       113  2.335450E+01
       114  3.158681E+01
       115  2.333295E+01
       116  3.158179E+01
       117  2.300991E+01
       118  3.118493E+01
       119  2.265254E+01
       120  3.074657E+01
       121  2.618661E+03
       122  2.256806E+02
       123  1.819591E+01
       124  2.946658E+00
       125  1.192148E+01
       126  2.618661E+03
       127  2.256806E+02
       128  1.819591E+01
       129  2.946658E+00
       130  1.192148E+01
       131  2.173753E+01
       132  2.977202E+01
       133  2.173166E+01
       134  2.976358E+01
       135  2.173558E+01
       136  2.974765E+01
       137  2.169053E+01
       138  2.964408E+01
       139  7.849246E+00
       140  1.073537E+01
       141  7.849246E+00
       142  1.073537E+01
       143  2.169053E+01
       144  2.964408E+01
       145  2.173558E+01
       146  2.974765E+01
       147  2.173166E+01
       148  2.976358E+01
       149  2.173753E+01
       150  2.977202E+01
       151  2.550737E+03
       152  2.278364E+02
       153  1.711716E+01
       154  2.729964E+00
       155  1.095704E+01
       156  2.550737E+03
       157  2.278364E+02
       158  1.711716E+01
       159  2.729964E+00
       160  1.095704E+01
       161  2.069003E+01
       162  2.857722E+01
       163  2.063583E+01
       164  2.849550E+01
       165  2.058456E+01
       166  2.841474E+01
       167  2.053946E+01
       168  2.832138E+01
       169  7.443214E+00
       170  1.026733E+01
       171  7.443214E+00
       172  1.026733E+01
       173  2.053946E+01
       174  2.832138E+01
       175  2.058456E+01
       176  2.841474E+01
       177  2.063583E+01
       178  2.849550E+01
       179  2.069003E+01
       180  2.857722E+01
       181  2.453735E+03
       182  2.214406E+02
       183  1.673723E+01
       184  2.630219E+00
       185  1.009738E+01
       186  2.453735E+03
       187  2.214406E+02
       188  1.673723E+01
       189  2.630219E+00
       190  1.009738E+01
       191  1.965238E+01
       192  2.740415E+01
       193  1.962149E+01
       194  2.735908E+01
       195  1.958556E+01
       196  2.730870E+01
       197  1.956726E+01
       198  2.725478E+01
       199  7.098401E+00
       200  9.889371E+00
       201  7.098401E+00
       202  9.889371E+00
       203  1.956726E+01
       204  2.725478E+01
       205  1.958556E+01
       206  2.730870E+01
       207  1.962149E+01
       208  2.735908E+01
       209  1.965238E+01
       210  2.740415E+01
       211  2.345551E+03
       212  2.109669E+02
       213  1.677153E+01
       214  2.625111E+00
       215  9.291374E+00
       216  2.345551E+03
       217  2.109669E+02
       218  1.677153E+01
       219  2.625111E+00
       220  9.291374E+00
       221  1.869065E+01
       222  2.634578E+01
       223  1.868033E+01
       224  2.633359E+01
       225  1.866684E+01
       226  2.631794E+01
       227  1.867315E+01
       228  2.629736E+01
       229  6.779504E+00
       230  9.548045E+00
       231  6.779504E+00
       232  9.548045E+00
       233  1.867315E+01
       234  2.629736E+01
       235  1.866684E+01
       236  2.631794E+01
       237  1.868033E+01
       238  2.633359E+01
       239  1.869065E+01
       240  2.634578E+01
       241  2.230809E+03
       242  1.972118E+02
       243  1.706331E+01
       244  2.682675E+00
       245  8.517456E+00
       246  2.230809E+03
       247  1.972118E+02
       248  1.706331E+01
       249  2.682675E+00
       250  8.517456E+00
       251  1.779465E+01
       252  2.539482E+01
       253  1.779502E+01
       254  2.539786E+01
       255  1.779608E+01
       256  2.540183E+01
       257  1.781786E+01
       258  2.540066E+01
       259  6.471970E+00
       260  9.225759E+00
       261  6.471970E+00
       262  9.225759E+00
       263  1.781786E+01
       264  2.540066E+01
       265  1.779608E+01
       266  2.540183E+01
       267  1.779502E+01
       268  2.539786E+01
       269  1.779465E+01
       270  2.539482E+01
       271  2.109835E+03
       272  1.802008E+02
       273  1.757950E+01
       274  2.796555E+00
       275  7.774989E+00
       276  2.109835E+03
       277  1.802008E+02
       278  1.757950E+01
       279  2.796555E+00
       280  7.774989E+00
       281  1.694862E+01
       282  2.452893E+01
       283  1.695435E+01
       284  2.453727E+01
       285  1.696415E+01
       286  2.455008E+01
       287  1.699446E+01
       288  2.455807E+01
       289  6.174190E+00
       290  8.921079E+00
       291  6.174190E+00
       292  8.921079E+00
       293  1.699446E+01
       294  2.455807E+01
       295  1.696415E+01
       296  2.455008E+01
       297  1.695435E+01
       298  2.453727E+01
       299  1.694862E+01
       300  2.452893E+01
       301  1.982790E+03
       302  1.602327E+02
       303  1.832459E+01
       304  2.972407E+00
       305  7.069777E+00
       306  1.982790E+03
       307  1.602327E+02
       308  1.832459E+01
       309  2.972407E+00
       310  7.069777E+00
       311  1.613946E+01
       312  2.372993E+01
       313  1.614970E+01
       314  2.374194E+01
       315  1.616707E+01
       316  2.376153E+01
       317  1.620491E+01
       318  2.377679E+01
       319  5.888330E+00
       320  8.638250E+00
       321  5.888330E+00
       322  8.638250E+00
       323  1.620491E+01
       324  2.377679E+01
       325  1.616707E+01
       326  2.376153E+01
       327  1.614970E+01
       328  2.374194E+01
       329  1.613946E+01
       330  2.372993E+01
       331  1.849805E+03
       332  1.375264E+02
       333  1.930900E+01
       334  3.217854E+00
       335  6.410042E+00
       336  1.849805E+03
       337  1.375264E+02
       338  1.930900E+01
       339  3.217854E+00
       340  6.410042E+00
       341  1.535852E+01
       342  2.298221E+01
       343  1.537452E+01
       344  2.300195E+01
       345  1.540144E+01
       346  2.303363E+01
       347  1.545141E+01
       348  2.306280E+01
       349  5.616662E+00
       350  8.381173E+00
       351  5.616662E+00
       352  8.381173E+00
       353  1.545141E+01
       354  2.306280E+01
       355  1.540144E+01
       356  2.303363E+01
       357  1.537452E+01
       358  2.300195E+01
       359  1.535852E+01
       360  2.298221E+01
       361  1.710401E+03
       362  1.120353E+02
       363  2.052767E+01
       364  3.532813E+00
       365  5.807437E+00
       366  1.710401E+03
       367  1.120353E+02
       368  2.052767E+01
       369  3.532813E+00
       370  5.807437E+00
       371  1.460074E+01
       372  2.227032E+01
       373  1.462351E+01
       374  2.230264E+01
       375  1.466188E+01
       376  2.235388E+01
       377  1.473108E+01
       378  2.240782E+01
       379  5.358999E+00
       380  8.147772E+00
       381  5.358999E+00
       382  8.147772E+00
       383  1.473108E+01
       384  2.240782E+01
       385  1.466188E+01
       386  2.235388E+01
       387  1.462351E+01
       388  2.230264E+01
       389  1.460074E+01
       390  2.227032E+01
       391  1.566656E+03
       392  8.399315E+01
       393  2.188871E+01
       394  3.903905E+00
       395  5.269315E+00
       396  1.566656E+03
       397  8.399315E+01
       398  2.188871E+01
       399  3.903905E+00
       400  5.269315E+00
       401  1.386394E+01
       402  2.157977E+01
       403  1.389260E+01
       404  2.162470E+01
       405  1.394135E+01
       406  2.169640E+01
       407  1.403198E+01
       408  2.177816E+01
       409  5.109669E+00
       410  7.924058E+00
       411  5.109669E+00
       412  7.924058E+00
       413  1.403198E+01
       414  2.177816E+01
       415  1.394135E+01
       416  2.169640E+01
       417  1.389260E+01
       418  2.162470E+01
       419  1.386394E+01
       420  2.157977E+01
       421  1.426817E+03
       422  6.567236E+01
       423  2.313408E+01
       424  4.314959E+00
       425  4.788357E+00
       426  1.426817E+03
       427  6.567236E+01
       428  2.313408E+01
       429  4.314959E+00
       430  4.788357E+00
       431  1.314719E+01
       432  2.090006E+01
       433  1.317914E+01
       434  2.095084E+01
       435  1.323394E+01
       436  2.103299E+01
       437  1.333799E+01
       438  2.112873E+01
       439  4.859572E+00
       440  7.689697E+00
       441  4.859572E+00
       442  7.689697E+00
       443  1.333799E+01
       444  2.112873E+01
       445  1.323394E+01
       446  2.103299E+01
       447  1.317914E+01
       448  2.095084E+01
       449  1.314719E+01
       450  2.090006E+01
       451  1.294481E+03
       452  6.244641E+01
       453  2.412239E+01
       454  4.733729E+00
       455  4.349417E+00
       456  1.294481E+03
       457  6.244641E+01
       458  2.412239E+01
       459  4.733729E+00
       460  4.349417E+00
       461  1.244909E+01
       462  2.022657E+01
       463  1.248159E+01
       464  2.027417E+01
       465  1.253764E+01
       466  2.035303E+01
       467  1.264318E+01
       468  2.044306E+01
       469  4.605329E+00
       470  7.437556E+00
       471  4.605329E+00
       472  7.437556E+00
       473  1.264318E+01
       474  2.044306E+01
       475  1.253764E+01
       476  2.035303E+01
       477  1.248159E+01
       478  2.027417E+01
       479  1.244909E+01
       480  2.022657E+01
       481  1.164074E+03
       482  6.339586E+01
       483  2.503491E+01
       484  5.148777E+00
       485  3.947194E+00
       486  1.164074E+03
       487  6.339586E+01
       488  2.503491E+01
       489  5.148777E+00
       490  3.947194E+00
       491  1.176696E+01
       492  1.956016E+01
       493  1.179908E+01
       494  1.959989E+01
       495  1.185458E+01
       496  1.966920E+01
       497  1.195656E+01
       498  1.974590E+01
       499  4.352504E+00
       500  7.179761E+00
       501  4.352504E+00
       502  7.179761E+00
       503  1.195656E+01
       504  1.974590E+01
       505  1.185458E+01
       506  1.966920E+01
       507  1.179908E+01
       508  1.959989E+01
       509  1.176696E+01
       510  1.956016E+01
       511  1.031977E+03
       512  6.468255E+01
       513  2.603661E+01
       514  5.589793E+00
       515  3.585099E+00
       516  1.031977E+03
       517  6.468255E+01
       518  2.603661E+01
       519  5.589793E+00
       520  3.585099E+00
       521  1.109746E+01
       522  1.890395E+01
       523  1.113111E+01
       524  1.893868E+01
       525  1.118879E+01
       526  1.900308E+01
       527  1.129113E+01
       528  1.907297E+01
       529  4.108397E+00
       530  6.932401E+00
       531  4.108397E+00
       532  6.932401E+00
       533  1.129113E+01
       534  1.907297E+01
       535  1.118879E+01
       536  1.900308E+01
       537  1.113111E+01
       538  1.893868E+01
       539  1.109746E+01
       540  1.890395E+01
       541  8.986226E+02
       542  6.626153E+01
       543  2.717230E+01
       544  6.081314E+00
       545  3.267983E+00
       546  8.986226E+02
       547  6.626153E+01
       548  2.717230E+01
       549  6.081314E+00
       550  3.267983E+00
       551  1.043768E+01
       552  1.825791E+01
       553  1.047686E+01
       554  1.829677E+01
       555  1.054299E+01
       556  1.836894E+01
       557  1.065545E+01
       558  1.844701E+01
       559  3.877358E+00
       560  6.705167E+00
       561  3.877358E+00
       562  6.705167E+00
       563  1.065545E+01
       564  1.844701E+01
       565  1.054299E+01
       566  1.836894E+01
       567  1.047686E+01
       568  1.829677E+01
       569  1.043768E+01
       570  1.825791E+01
       571  7.643328E+02
       572  6.816004E+01
       573  2.843109E+01
       574  6.616061E+00
       575  3.003486E+00
       576  7.643328E+02
       577  6.816004E+01
       578  2.843109E+01
       579  6.616061E+00
       580  3.003486E+00
       581  9.786050E+00
       582  1.761468E+01
       583  9.834680E+00
       584  1.766856E+01
       585  9.916020E+00
       586  1.776474E+01
       587  1.005225E+01
       588  1.787194E+01
       589  3.661284E+00
       590  6.500594E+00
       591  3.661284E+00
       592  6.500594E+00
       593  1.005225E+01
       594  1.787194E+01
       595  9.916020E+00
       596  1.776474E+01
       597  9.834680E+00
       598  1.766856E+01
       599  9.786050E+00
       600  1.761468E+01
       601  6.233796E+02
       602  7.047634E+01
       603  2.969739E+01
       604  7.154449E+00
       605  2.803059E+00
       606  6.233796E+02
       607  7.047634E+01
       608  2.969739E+01
       609  7.154449E+00
       610  2.803059E+00
       611  9.142611E+00
       612  1.696025E+01
       613  9.202377E+00
       614  1.703513E+01
       615  9.302432E+00
       616  1.716658E+01
       617  9.474907E+00
       618  1.732095E+01
       619  3.457524E+00
       620  6.308218E+00
       621  3.457524E+00
       622  6.308218E+00
       623  9.474907E+00
       624  1.732095E+01
       625  9.302432E+00
       626  1.716658E+01
       627  9.202377E+00
       628  1.703513E+01
       629  9.142611E+00
       630  1.696025E+01
       631  4.796209E+02
       632  7.283485E+01
       633  3.070290E+01
       634  7.672854E+00
       635  2.672236E+00
       636  4.796209E+02
       637  7.283485E+01
       638  3.070290E+01
       639  7.672854E+00
       640  2.672236E+00
       641  8.508170E+00
       642  1.627831E+01
       643  8.578082E+00
       644  1.637098E+01
       645  8.695281E+00
       646  1.653420E+01
       647  8.905265E+00
       648  1.673187E+01
       649  3.256064E+00
       650  6.100083E+00
       651  3.256064E+00
       652  6.100083E+00
       653  8.905265E+00
       654  1.673187E+01
       655  8.695281E+00
       656  1.653420E+01
       657  8.578082E+00
       658  1.637098E+01
       659  8.508170E+00
       660  1.627831E+01
       661  3.755323E+02
       662  7.289949E+01
       663  3.127107E+01
       664  8.147880E+00
       665  2.592603E+00
       666  3.755323E+02
       667  7.289949E+01
       668  3.127107E+01
       669  8.147880E+00
       670  2.592603E+00
       671  7.882672E+00
       672  1.555385E+01
       673  7.960593E+00
       674  1.565595E+01
       675  8.090550E+00
       676  1.583591E+01
       677  8.326748E+00
       678  1.605047E+01
       679  3.046744E+00
       680  5.850989E+00
       681  3.046744E+00
       682  5.850989E+00
       683  8.326748E+00
       684  1.605047E+01
       685  8.090550E+00
       686  1.583591E+01
       687  7.960593E+00
       688  1.565595E+01
       689  7.882672E+00
       690  1.555385E+01
       691  3.066793E+02
       692  7.093572E+01
       693  3.128168E+01
       694  8.492050E+00
       695  2.528425E+00
       696  3.066793E+02
       697  7.093572E+01
       698  3.128168E+01
       699  8.492050E+00
       700  2.528425E+00
       701  7.264832E+00
       702  1.477486E+01
       703  7.349136E+00
       704  1.488206E+01
       705  7.488836E+00
       706  1.507008E+01
       707  7.742593E+00
       708  1.528519E+01
       709  2.831484E+00
       710  5.566961E+00
       711  2.831484E+00
       712  5.566961E+00
       713  7.742593E+00
       714  1.528519E+01
       715  7.488836E+00
       716  1.507008E+01
       717  7.349136E+00
       718  1.488206E+01
       719  7.264832E+00
       720  1.477486E+01
       721  2.390735E+02
       722  6.902905E+01
       723  3.079047E+01
       724  8.638383E+00
       725  2.473078E+00
       726  2.390735E+02
       727  6.902905E+01
       728  3.079047E+01
       729  8.638383E+00
       730  2.473078E+00
       731  6.653941E+00
       732  1.393435E+01
       733  6.743523E+00
       734  1.404900E+01
       735  6.892258E+00
       736  1.425115E+01
       737  7.169335E+00
       738  1.448017E+01
       739  2.621331E+00
       740  5.271633E+00
       741  2.621331E+00
       742  5.271633E+00
       743  7.169335E+00
       744  1.448017E+01
       745  6.892258E+00
       746  1.425115E+01
       747  6.743523E+00
       748  1.404900E+01
       749  6.653941E+00
       750  1.393435E+01
       751  1.693105E+02
       752  6.696540E+01
       753  2.989283E+01
       754  8.633946E+00
       755  2.456945E+00
       756  1.693105E+02
       757  6.696540E+01
       758  2.989283E+01
       759  8.633946E+00
       760  2.456945E+00
       761  6.051793E+00
       762  1.303252E+01
       763  6.144875E+00
       764  1.315630E+01
       765  6.301019E+00
       766  1.337860E+01
       767  6.611121E+00
       768  1.363652E+01
       769  2.419699E+00
       770  4.965235E+00
       771  2.419699E+00
       772  4.965235E+00
       773  6.611121E+00
       774  1.363652E+01
       775  6.301019E+00
       776  1.337860E+01
       777  6.144875E+00
       778  1.315630E+01
       779  6.051793E+00
       780  1.303252E+01
       781  1.154938E+02
       782  6.366347E+01
       783  2.863150E+01
       784  8.565326E+00
       785  2.491325E+00
       786  1.154938E+02
       787  6.366347E+01
       788  2.863150E+01
       789  8.565326E+00
       790  2.491325E+00
       791  5.462294E+00
       792  1.207665E+01
       793  5.555991E+00
       794  1.220408E+01
       795  5.714836E+00
       796  1.243722E+01
       797  6.054740E+00
       798  1.270869E+01
       799  2.217986E+00
       800  4.623218E+00
       801  2.217986E+00
       802  4.623218E+00
       803  6.054740E+00
       804  1.270869E+01
       805  5.714836E+00
       806  1.243722E+01
       807  5.555991E+00
       808  1.220408E+01
       809  5.462294E+00
       810  1.207665E+01
       811  1.037820E+02
       812  5.868918E+01
       813  2.694115E+01
       814  8.387979E+00
       815  2.528838E+00
       816  1.037820E+02
       817  5.868918E+01
       818  2.694115E+01
       819  8.387979E+00
       820  2.528838E+00
       821  4.889401E+00
       822  1.107899E+01
       823  4.980917E+00
       824  1.120098E+01
       825  5.137076E+00
       826  1.142785E+01
       827  5.492574E+00
       828  1.168241E+01
       829  2.009828E+00
       830  4.237575E+00
       831  2.009828E+00
       832  4.237575E+00
       833  5.492574E+00
       834  1.168241E+01
       835  5.137076E+00
       836  1.142785E+01
       837  4.980917E+00
       838  1.120098E+01
       839  4.889401E+00
       840  1.107899E+01
       841  9.311836E+01
       842  5.310024E+01
       843  2.481995E+01
       844  8.030748E+00
       845  2.525100E+00
       846  9.311836E+01
       847  5.310024E+01
       848  2.481995E+01
       849  8.030748E+00
       850  2.525100E+00
       851  4.335977E+00
       852  1.005524E+01
       853  4.424203E+00
       854  1.016733E+01
       855  4.575393E+00
       856  1.038040E+01
       857  4.936912E+00
       858  1.060682E+01
       859  1.801252E+00
       860  3.832289E+00
       861  1.801252E+00
       862  3.832289E+00
       863  4.936912E+00
       864  1.060682E+01
       865  4.575393E+00
       866  1.038040E+01
       867  4.424203E+00
       868  1.016733E+01
       869  4.335977E+00
       870  1.005524E+01
       871  8.323998E+01
       872  4.764774E+01
       873  2.253136E+01
       874  7.548408E+00
       875  2.489731E+00
       876  8.323998E+01
       877  4.764774E+01
       878  2.253136E+01
       879  7.548408E+00
       880  2.489731E+00
       881  3.804343E+00
       882  9.023820E+00
       883  3.890287E+00
       884  9.128751E+00
       885  4.038161E+00
       886  9.333455E+00
       887  4.406954E+00
       888  9.542219E+00
       889  1.602985E+00
       890  3.434618E+00
       891  1.602985E+00
       892  3.434618E+00
       893  4.406954E+00
       894  9.542219E+00
       895  4.038161E+00
       896  9.333455E+00
       897  3.890287E+00
       898  9.128751E+00
       899  3.804343E+00
       900  9.023820E+00
       901  7.369262E+01
       902  4.235657E+01
       903  2.025404E+01
       904  7.024685E+00
       905  2.450230E+00
       906  7.369262E+01
       907  4.235657E+01
       908  2.025404E+01
       909  7.024685E+00
       910  2.450230E+00
       911  3.297097E+00
       912  8.004153E+00
       913  3.383072E+00
       914  8.107558E+00
       915  3.531329E+00
       916  8.313216E+00
       917  3.913898E+00
       918  8.518218E+00
       919  1.420519E+00
       920  3.055224E+00
       921  1.420519E+00
       922  3.055224E+00
       923  3.913898E+00
       924  8.518218E+00
       925  3.531329E+00
       926  8.313216E+00
       927  3.383072E+00
       928  8.107558E+00
       929  3.297097E+00
       930  8.004153E+00
       931  6.448473E+01
       932  3.722633E+01
       933  1.801980E+01
       934  6.492952E+00
       935  2.420656E+00
       936  6.448473E+01
       937  3.722633E+01
       938  1.801980E+01
       939  6.492952E+00
       940  2.420656E+00
       941  2.817088E+00
       942  7.014428E+00
       943  2.905692E+00
       944  7.119554E+00
       945  3.058186E+00
       946  7.331871E+00
       947  3.461048E+00
       948  7.540802E+00
       949  1.254400E+00
       950  2.694138E+00
       951  1.254400E+00
       952  2.694138E+00
       953  3.461048E+00
       954  7.540802E+00
       955  3.058186E+00
       956  7.331871E+00
       957  2.905692E+00
       958  7.119554E+00
       959  2.817088E+00
       960  7.014428E+00
       961  5.564090E+01
       962  3.227459E+01
       963  1.584210E+01
       964  5.962228E+00
       965  2.404782E+00
       966  5.564090E+01
       967  3.227459E+01
       968  1.584210E+01
       969  5.962228E+00
       970  2.404782E+00
       971  2.367064E+00
       972  6.071123E+00
       973  2.460822E+00
       974  6.176282E+00
       975  2.620869E+00
       976  6.395385E+00
       977  3.049440E+00
       978  6.610205E+00
       979  1.103973E+00
       980  2.349971E+00
       981  1.103973E+00
       982  2.349971E+00
       983  3.049440E+00
       984  6.610205E+00
       985  2.620869E+00
       986  6.395385E+00
       987  2.460822E+00
       988  6.176282E+00
       989  2.367064E+00
       990  6.071123E+00
       991  4.719966E+01
       992  2.752343E+01
       993  1.373420E+01
       994  5.439606E+00
       995  2.404800E+00
       996  4.719966E+01
       997  2.752343E+01
       998  1.373420E+01
       999  5.439606E+00
      1000  2.404800E+00
      1001  1.950036E+00
      1002  5.190282E+00
      1003  2.051662E+00
      1004  5.288156E+00
      1005  2.222039E+00
      1006  5.508797E+00
      1007  2.681005E+00
      1008  5.727969E+00
      1009  9.689185E-01
      1010  2.022617E+00
      1011  9.689185E-01
      1012  2.022617E+00
      1013  2.681005E+00
      1014  5.727969E+00
      1015  2.222039E+00
      1016  5.508797E+00
      1017  2.051662E+00
      1018  5.288156E+00
      1019  1.950036E+00
      1020  5.190282E+00
      1021  3.919769E+01
      1022  2.299764E+01
      1023  1.171172E+01
      1024  4.933861E+00
      1025  2.424194E+00
      1026  3.919769E+01
      1027  2.299764E+01
      1028  1.171172E+01
      1029  4.933861E+00
      1030  2.424194E+00
      1031  1.570957E+00
      1032  4.388873E+00
      1033  1.683735E+00
      1034  4.465829E+00
      1035  1.866402E+00
      1036  4.677104E+00
      1037  2.359462E+00
      1038  4.896465E+00
      1039  8.491890E-01
      1040  1.712609E+00
      1041  8.491890E-01
      1042  1.712609E+00
      1043  2.359462E+00
      1044  4.896465E+00
      1045  1.866402E+00
      1046  4.677104E+00
      1047  1.683735E+00
      1048  4.465829E+00
      1049  1.570957E+00
      1050  4.388873E+00
      1051  3.167413E+01
      1052  1.872590E+01
      1053  9.793954E+00
      1054  4.456152E+00
      1055  2.467588E+00
      1056  3.167413E+01
      1057  1.872590E+01
      1058  9.793954E+00
      1059  4.456152E+00
      1060  2.467588E+00
      1061  1.240372E+00
      1062  3.685115E+00
      1063  1.368179E+00
      1064  3.720025E+00
      1065  1.562829E+00
      1066  3.904131E+00
      1067  2.090890E+00
      1068  4.116636E+00
      1069  7.446021E-01
      1070  1.420098E+00
      1071  7.446021E-01
      1072  1.420098E+00
      1073  2.090890E+00
      1074  4.116636E+00
      1075  1.562829E+00
      1076  3.904131E+00
      1077  1.368179E+00
      1078  3.720025E+00
      1079  1.240372E+00
      1080  3.685115E+00
      1081  2.467628E+01
      1082  1.474451E+01
      1083  8.006130E+00
      1084  4.020058E+00
      1085  2.539156E+00
      1086  2.467628E+01
      1087  1.474451E+01
      1088  8.006130E+00
      1089  4.020058E+00
      1090  2.539156E+00
      1091  9.813563E-01
      1092  3.098068E+00
      1093  1.127924E+00
      1094  3.061747E+00
      1095  1.328429E+00
      1096  3.192309E+00
      1097  1.885576E+00
      1098  3.387111E+00
      1099  6.544350E-01
      1100  1.144686E+00
      1101  6.544350E-01
      1102  1.144686E+00
      1103  1.885576E+00
      1104  3.387111E+00
      1105  1.328429E+00
      1106  3.192309E+00
      1107  1.127924E+00
      1108  3.061747E+00
      1109  9.813563E-01
      1110  3.098068E+00
      1111  1.826483E+01
      1112  1.110411E+01
      1113  6.384607E+00
      1114  3.642200E+00
      1115  2.638547E+00
      1116  1.826483E+01
      1117  1.110411E+01
      1118  6.384607E+00
      1119  3.642200E+00
      1120  2.638547E+00
      1121  8.398909E-01
      1122  2.647641E+00
      1123  1.007921E+00
      1124  2.506207E+00
      1125  1.196582E+00
      1126  2.548068E+00
      1127  1.764401E+00
      1128  2.709366E+00
      1129  5.772246E-01
      1130  8.880063E-01
      1131  5.772246E-01
      1132  8.880063E-01
      1133  1.764401E+00
      1134  2.709366E+00
      1135  1.196582E+00
      1136  2.548068E+00
      1137  1.007921E+00
      1138  2.506207E+00
      1139  8.398909E-01
      1140  2.647641E+00
      1141  1.251705E+01
      1142  7.878861E+00
      1143  4.982443E+00
      1144  3.340052E+00
      1145  2.755996E+00
      1146  1.251705E+01
      1147  7.878861E+00
      1148  4.982443E+00
      1149  3.340052E+00
      1150  2.755996E+00
      1151  8.925031E-01
      1152  2.349589E+00
      1153  1.084540E+00
      1154  2.082873E+00
      1155  1.229547E+00
      1156  2.001720E+00
      1157  1.776502E+00
      1158  2.113451E+00
      1159  5.106874E-01
      1160  6.666756E-01
      1161  5.106874E-01
      1162  6.666756E-01
      1163  1.776502E+00
      1164  2.113451E+00
      1165  1.229547E+00
      1166  2.001720E+00
      1167  1.084540E+00
      1168  2.082873E+00
      1169  8.925031E-01
      1170  2.349589E+00
      1171  7.548380E+00
      1172  5.170818E+00
      1173  3.863593E+00
      1174  3.118325E+00
      1175  2.869324E+00
      1176  7.548380E+00
      1177  5.170818E+00
      1178  3.863593E+00
      1179  3.118325E+00
      1180  2.869324E+00
      1181  1.205921E+00
      1182  2.194970E+00
      1183  1.441187E+00
      1184  1.841193E+00
      1185  1.530323E+00
      1186  1.648022E+00
      1187  2.055060E+00
      1188  1.720894E+00
      1189  4.600235E-01
      1190  5.469505E-01
      1191  4.600235E-01
      1192  5.469505E-01
      1193  2.055060E+00
      1194  1.720894E+00
      1195  1.530323E+00
      1196  1.648022E+00
      1197  1.441187E+00
      1198  1.841193E+00
      1199  1.205921E+00
      1200  2.194970E+00
      1201  3.602360E+00
      1202  3.115804E+00
      1203  3.057599E+00
      1204  2.996505E+00
      1205  3.033725E+00
      1206  3.602360E+00
      1207  3.115804E+00
      1208  3.057599E+00
      1209  2.996505E+00
      1210  3.033725E+00
      1211  1.686474E+00
      1212  2.065144E+00
      1213  2.044089E+00
      1214  1.780590E+00
      1215  2.212675E+00
      1216  1.686977E+00
      1217  2.976134E+00
      1218  1.949532E+00
      1219  4.499912E-01
      1220  7.749798E-01
      1221  4.499912E-01
      1222  7.749798E-01
      1223  2.976134E+00
      1224  1.949532E+00
      1225  2.212675E+00
      1226  1.686977E+00
      1227  2.044089E+00
      1228  1.780590E+00
      1229  1.686474E+00
      1230  2.065144E+00
      1231  1.048160E+00
      1232  1.608942E+00
      1233  2.315074E+00
      1234  2.965222E+00
      1235  3.996219E+00
      1236  1.048160E+00
      1237  1.608942E+00
      1238  2.315074E+00
      1239  2.965222E+00
      1240  3.996219E+00
      1241  1.982714E+00
      1242  1.820453E+00
      1243  2.540871E+00
      1244  1.776764E+00
      1245  3.356889E+00
      1246  2.309629E+00
      1247  6.146946E+00
      1248  4.327038E+00
      1249  7.075767E-01
      1250  2.582991E+00
      1251  7.075767E-01
      1252  2.582991E+00
      1253  6.146946E+00
      1254  4.327038E+00
      1255  3.356889E+00
      1256  2.309629E+00
      1257  2.540871E+00
      1258  1.776764E+00
      1259  1.982714E+00
      1260  1.820453E+00
      1261  4.751270E-02
      1262  2.133353E-01
      1263  6.205421E-01
      1264  1.504998E+00
      1265  3.963160E+00
      1266  4.751270E-02
      1267  2.133353E-01
      1268  6.205421E-01
      1269  1.504998E+00
      1270  3.963160E+00
      1271  1.118764E+00
      1272  1.426715E+00
      1273  1.624264E+00
      1274  1.457861E+00
      1275  2.794788E+00
      1276  3.029321E+00
      1277  9.414641E+00
      1278  9.099200E+00
      1279  1.085193E+00
      1280  7.031508E+00
      1281  1.085193E+00
      1282  7.031508E+00
      1283  9.414641E+00
      1284  9.099200E+00
      1285  2.794788E+00
      1286  3.029321E+00
      1287  1.624264E+00
      1288  1.457861E+00
      1289  1.118764E+00
      1290  1.426715E+00

                                INCREMENT    11


 displacements (vx,vy,vz) for set TIP_TOP and time  0.1975000E+01

      2087 -3.682558E-01  1.158671E-02  8.123370E+00
      2088 -3.677988E-01  1.140893E-02  8.097872E+00
      2091 -3.667787E-01  1.106869E-02  8.072485E+00
      2094 -3.660015E-01  9.037599E-03  8.048934E+00
      2096 -3.657164E-01  3.603952E-03  8.033659E+00
      2098 -3.656229E-01  9.420286E-15  8.032726E+00
      2100 -3.657164E-01 -3.603952E-03  8.033659E+00
      2103 -3.660015E-01 -9.037599E-03  8.048934E+00
      2106 -3.667787E-01 -1.106869E-02  8.072485E+00
      2109 -3.677988E-01 -1.140893E-02  8.097872E+00
      2112 -3.682558E-01 -1.158671E-02  8.123370E+00

 forces (fx,fy,fz) for set CLAMP and time  0.1975000E+01

         1 -1.733358E+04 -2.322407E+04 -6.672797E+03
         4 -3.213142E+04 -3.540668E-10 -1.334651E+04
         5 -2.236024E+04 -3.233245E+04  9.896226E+02
         8 -4.037068E+04 -2.515886E-10  2.050503E+03
         9 -1.231288E+04 -1.598773E+04  9.320327E+02
        12 -2.172972E+04  8.746959E-10  1.848853E+03
        13 -5.292605E+03 -6.683072E+03  7.946057E+02
        16 -9.242409E+03  6.174412E-09  1.554531E+03
        17  7.471110E+02  1.148214E+03  8.111510E+02
        20  1.330388E+03  4.339466E-09  1.610852E+03
        21  4.520448E+03  3.393725E+03  3.722715E+03
        24  5.962229E+03 -5.532547E-11  8.500790E+02
        26 -1.733358E+04  2.322407E+04 -6.672797E+03
        28 -2.236024E+04  3.233245E+04  9.896226E+02
        30 -1.231288E+04  1.598773E+04  9.320327E+02
        32 -5.292605E+03  6.683072E+03  7.946057E+02
        34  7.471110E+02 -1.148214E+03  8.111510E+02
        36  4.520448E+03 -3.393725E+03  3.722715E+03
        37  2.991500E+03  1.812663E+03  4.107803E+03
        40  3.518890E+03  5.618291E+02  7.107117E+03
        41  7.450383E+03  4.143698E+03  1.026477E+03
        44  1.066059E+04  1.277771E+03  1.988999E+03
        45  5.168968E+03  2.340275E+03 -4.905447E+03
        48  8.566504E+03  7.181329E+02 -8.995851E+03
        50  2.848445E+03  5.315420E+02  6.500325E+03
        52  1.016625E+04  1.184805E+03  2.022123E+03
        54  8.796430E+03  6.522252E+02 -8.690976E+03
        56  2.609565E+03  4.300879E+02  6.452569E+03
        58  1.034563E+04  8.819950E+02  1.945233E+03
        60  9.270123E+03  4.646820E+02 -8.901411E+03
        62  7.339167E+03  3.791987E+02  1.086526E+03
        64  6.619948E+03  1.803170E+02 -6.299701E+03
        66  3.960472E+03 -2.564184E-11  5.128767E+02
        68  3.579809E+03  1.000287E-11 -3.415529E+03
        70  7.339167E+03 -3.791987E+02  1.086526E+03
        72  6.619948E+03 -1.803170E+02 -6.299701E+03
        74  2.609565E+03 -4.300879E+02  6.452569E+03
        76  1.034563E+04 -8.819950E+02  1.945233E+03
        78  9.270123E+03 -4.646820E+02 -8.901411E+03
        80  2.848445E+03 -5.315420E+02  6.500325E+03
        82  1.016625E+04 -1.184805E+03  2.022123E+03
        84  8.796430E+03 -6.522252E+02 -8.690976E+03
        86  3.518890E+03 -5.618291E+02  7.107117E+03
        88  1.066059E+04 -1.277771E+03  1.988999E+03
        90  8.566504E+03 -7.181329E+02 -8.995851E+03
        92  2.991500E+03 -1.812663E+03  4.107803E+03
        94  7.450383E+03 -4.143698E+03  1.026477E+03
        96  5.168968E+03 -2.340275E+03 -4.905447E+03

 internal energy (element, energy) for set EALL and time  0.1975000E+01

         1  1.054341E+03
         2  2.457835E+02
         3  6.609040E+01
         4  8.301449E+00
         5  1.807231E+01
         6  1.054341E+03
         7  2.457835E+02
         8  6.609040E+01
         9  8.301449E+00
        10  1.807231E+01
        11  4.641386E+01
        12  6.962237E+01
        13  3.766127E+01
        14  6.044530E+01
        15  3.588902E+01
        16  5.976371E+01
        17  3.799492E+01
        18  6.184415E+01
        19  1.445312E+01
        20  2.309047E+01
        21  1.445312E+01
        22  2.309047E+01
        23  3.799492E+01
        24  6.184415E+01
        25  3.588902E+01
        26  5.976371E+01
        27  3.766127E+01
        28  6.044530E+01
        29  4.641386E+01
        30  6.962237E+01
        31  3.139854E+03
        32  4.644188E+02
        33  9.475266E+01
        34  1.588945E+01
        35  3.050620E+01
        36  3.139854E+03
        37  4.644188E+02
        38  9.475266E+01
        39  1.588945E+01
        40  3.050620E+01
        41  5.039039E+01
        42  7.293174E+01
        43  5.483180E+01
        44  7.775304E+01
        45  5.516113E+01
        46  7.748758E+01
        47  5.621902E+01
        48  7.778509E+01
        49  2.047630E+01
        50  2.831942E+01
        51  2.047630E+01
        52  2.831942E+01
        53  5.621902E+01
        54  7.778509E+01
        55  5.516113E+01
        56  7.748758E+01
        57  5.483180E+01
        58  7.775304E+01
        59  5.039039E+01
        60  7.293174E+01
        61  3.201884E+03
        62  4.088318E+02
        63  8.836206E+01
        64  1.614320E+01
        65  3.100698E+01
        66  3.201884E+03
        67  4.088318E+02
        68  8.836206E+01
        69  1.614320E+01
        70  3.100698E+01
        71  5.237170E+01
        72  7.408610E+01
        73  5.609320E+01
        74  7.823862E+01
        75  5.824631E+01
        76  8.071892E+01
        77  5.846336E+01
        78  8.130410E+01
        79  2.104173E+01
        80  2.946680E+01
        81  2.104173E+01
        82  2.946680E+01
        83  5.846336E+01
        84  8.130410E+01
        85  5.824631E+01
        86  8.071892E+01
        87  5.609320E+01
        88  7.823862E+01
        89  5.237170E+01
        90  7.408610E+01
        91  3.268013E+03
        92  3.931103E+02
        93  7.820949E+01
        94  1.319435E+01
        95  2.785303E+01
        96  3.268013E+03
        97  3.931103E+02
        98  7.820949E+01
        99  1.319435E+01
       100  2.785303E+01
       101  5.306933E+01
       102  7.502121E+01
       103  5.399052E+01
       104  7.618770E+01
       105  5.487975E+01
       106  7.729983E+01
       107  5.513612E+01
       108  7.753616E+01
       109  1.995592E+01
       110  2.807752E+01
       111  1.995592E+01
       112  2.807752E+01
       113  5.513612E+01
       114  7.753616E+01
       115  5.487975E+01
       116  7.729983E+01
       117  5.399052E+01
       118  7.618770E+01
       119  5.306933E+01
       120  7.502121E+01
       121  3.233742E+03
       122  3.940939E+02
       123  7.255818E+01
       124  1.175511E+01
       125  2.512221E+01
       126  3.233742E+03
       127  3.940939E+02
       128  7.255818E+01
       129  1.175511E+01
       130  2.512221E+01
       131  5.101017E+01
       132  7.302960E+01
       133  5.109335E+01
       134  7.307167E+01
       135  5.123417E+01
       136  7.313429E+01
       137  5.129332E+01
       138  7.302756E+01
       139  1.860427E+01
       140  2.648160E+01
       141  1.860427E+01
       142  2.648160E+01
       143  5.129332E+01
       144  7.302756E+01
       145  5.123417E+01
       146  7.313429E+01
       147  5.109335E+01
       148  7.307167E+01
       149  5.101017E+01
       150  7.302960E+01
       151  3.146348E+03
       152  3.908065E+02
       153  6.929494E+01
       154  1.122184E+01
       155  2.301535E+01
       156  3.146348E+03
       157  3.908065E+02
       158  6.929494E+01
       159  1.122184E+01
       160  2.301535E+01
       161  4.862052E+01
       162  7.025616E+01
       163  4.856402E+01
       164  7.008800E+01
       165  4.854476E+01
       166  6.995635E+01
       167  4.856344E+01
       168  6.982806E+01
       169  1.762643E+01
       170  2.533712E+01
       171  1.762643E+01
       172  2.533712E+01
       173  4.856344E+01
       174  6.982806E+01
       175  4.854476E+01
       176  6.995635E+01
       177  4.856402E+01
       178  7.008800E+01
       179  4.862052E+01
       180  7.025616E+01
       181  3.027544E+03
       182  3.793999E+02
       183  6.755205E+01
       184  1.103795E+01
       185  2.118365E+01
       186  3.027544E+03
       187  3.793999E+02
       188  6.755205E+01
       189  1.103795E+01
       190  2.118365E+01
       191  4.619776E+01
       192  6.739090E+01
       193  4.617523E+01
       194  6.730243E+01
       195  4.616546E+01
       196  6.723146E+01
       197  4.622111E+01
       198  6.717928E+01
       199  1.678692E+01
       200  2.439209E+01
       201  1.678692E+01
       202  2.439209E+01
       203  4.622111E+01
       204  6.717928E+01
       205  4.616546E+01
       206  6.723146E+01
       207  4.617523E+01
       208  6.730243E+01
       209  4.619776E+01
       210  6.739090E+01
       211  2.896940E+03
       212  3.640426E+02
       213  6.667708E+01
       214  1.109276E+01
       215  1.949721E+01
       216  2.896940E+03
       217  3.640426E+02
       218  6.667708E+01
       219  1.109276E+01
       220  1.949721E+01
       221  4.390818E+01
       222  6.472326E+01
       223  4.392186E+01
       224  6.471606E+01
       225  4.394817E+01
       226  6.472629E+01
       227  4.404479E+01
       228  6.474433E+01
       229  1.600455E+01
       230  2.351934E+01
       231  1.600455E+01
       232  2.351934E+01
       233  4.404479E+01
       234  6.474433E+01
       235  4.394817E+01
       236  6.472629E+01
       237  4.392186E+01
       238  6.471606E+01
       239  4.390818E+01
       240  6.472326E+01
       241  2.759489E+03
       242  3.454135E+02
       243  6.630774E+01
       244  1.129347E+01
       245  1.790833E+01
       246  2.759489E+03
       247  3.454135E+02
       248  6.630774E+01
       249  1.129347E+01
       250  1.790833E+01
       251  4.174221E+01
       252  6.226663E+01
       253  4.177449E+01
       254  6.229987E+01
       255  4.182538E+01
       256  6.235791E+01
       257  4.194928E+01
       258  6.241788E+01
       259  1.524750E+01
       260  2.268019E+01
       261  1.524750E+01
       262  2.268019E+01
       263  4.194928E+01
       264  6.241788E+01
       265  4.182538E+01
       266  6.235791E+01
       267  4.177449E+01
       268  6.229987E+01
       269  4.174221E+01
       270  6.226663E+01
       271  2.615610E+03
       272  3.235336E+02
       273  6.635140E+01
       274  1.160819E+01
       275  1.640842E+01
       276  2.615610E+03
       277  3.235336E+02
       278  6.635140E+01
       279  1.160819E+01
       280  1.640842E+01
       281  3.967523E+01
       282  5.997788E+01
       283  3.971619E+01
       284  6.002658E+01
       285  3.978174E+01
       286  6.010691E+01
       287  3.992176E+01
       288  6.018739E+01
       289  1.451244E+01
       290  2.187197E+01
       291  1.451244E+01
       292  2.187197E+01
       293  3.992176E+01
       294  6.018739E+01
       295  3.978174E+01
       296  6.010691E+01
       297  3.971619E+01
       298  6.002658E+01
       299  3.967523E+01
       300  5.997788E+01
       301  2.465477E+03
       302  2.987082E+02
       303  6.679485E+01
       304  1.203450E+01
       305  1.500258E+01
       306  2.465477E+03
       307  2.987082E+02
       308  6.679485E+01
       309  1.203450E+01
       310  1.500258E+01
       311  3.768572E+01
       312  5.781822E+01
       313  3.773375E+01
       314  5.787551E+01
       315  3.781188E+01
       316  5.797053E+01
       317  3.796644E+01
       318  5.806570E+01
       319  1.380306E+01
       320  2.110221E+01
       321  1.380306E+01
       322  2.110221E+01
       323  3.796644E+01
       324  5.806570E+01
       325  3.781188E+01
       326  5.797053E+01
       327  3.773375E+01
       328  5.787551E+01
       329  3.768572E+01
       330  5.781822E+01
       331  2.309241E+03
       332  2.711621E+02
       333  6.763456E+01
       334  1.257366E+01
       335  1.369998E+01
       336  2.309241E+03
       337  2.711621E+02
       338  6.763456E+01
       339  1.257366E+01
       340  1.369998E+01
       341  3.575991E+01
       342  5.575620E+01
       343  3.581730E+01
       344  5.582686E+01
       345  3.591129E+01
       346  5.594317E+01
       347  3.608766E+01
       348  5.606230E+01
       349  1.312313E+01
       350  2.037726E+01
       351  1.312313E+01
       352  2.037726E+01
       353  3.608766E+01
       354  5.606230E+01
       355  3.591129E+01
       356  5.594317E+01
       357  3.581730E+01
       358  5.582686E+01
       359  3.575991E+01
       360  5.575620E+01
       361  2.146458E+03
       362  2.408602E+02
       363  6.883566E+01
       364  1.320903E+01
       365  1.251456E+01
       366  2.146458E+03
       367  2.408602E+02
       368  6.883566E+01
       369  1.320903E+01
       370  1.251456E+01
       371  3.388979E+01
       372  5.376350E+01
       373  3.395842E+01
       374  5.385473E+01
       375  3.407158E+01
       376  5.400354E+01
       377  3.428105E+01
       378  5.416323E+01
       379  1.247234E+01
       380  1.969357E+01
       381  1.247234E+01
       382  1.969357E+01
       383  3.428105E+01
       384  5.416323E+01
       385  3.407158E+01
       386  5.400354E+01
       387  3.395842E+01
       388  5.385473E+01
       389  3.388979E+01
       390  5.376350E+01
       391  1.979284E+03
       392  2.080172E+02
       393  7.020575E+01
       394  1.390042E+01
       395  1.145507E+01
       396  1.979284E+03
       397  2.080172E+02
       398  7.020575E+01
       399  1.390042E+01
       400  1.145507E+01
       401  3.207164E+01
       402  5.181522E+01
       403  3.215034E+01
       404  5.192696E+01
       405  3.228121E+01
       406  5.210967E+01
       407  3.252782E+01
       408  5.231466E+01
       409  1.184191E+01
       410  1.902884E+01
       411  1.184191E+01
       412  1.902884E+01
       413  3.252782E+01
       414  5.231466E+01
       415  3.228121E+01
       416  5.210967E+01
       417  3.215034E+01
       418  5.192696E+01
       419  3.207164E+01
       420  5.181522E+01
       421  1.815901E+03
       422  1.855433E+02
       423  7.127357E+01
       424  1.461421E+01
       425  1.050859E+01
       426  1.815901E+03
       427  1.855433E+02
       428  7.127357E+01
       429  1.461421E+01
       430  1.050859E+01
       431  3.030373E+01
       432  4.989378E+01
       433  3.038846E+01
       434  5.001555E+01
       435  3.053037E+01
       436  5.021666E+01
       437  3.080262E+01
       438  5.044557E+01
       439  1.121781E+01
       440  1.835120E+01
       441  1.121781E+01
       442  1.835120E+01
       443  3.080262E+01
       444  5.044557E+01
       445  3.053037E+01
       446  5.021666E+01
       447  3.038846E+01
       448  5.001555E+01
       449  3.030373E+01
       450  4.989378E+01
       451  1.659886E+03
       452  1.791048E+02
       453  7.181054E+01
       454  1.529654E+01
       455  9.647009E+00
       456  1.659886E+03
       457  1.791048E+02
       458  7.181054E+01
       459  1.529654E+01
       460  9.647009E+00
       461  2.858376E+01
       462  4.799142E+01
       463  2.867026E+01
       464  4.810927E+01
       465  2.881580E+01
       466  4.830766E+01
       467  2.909596E+01
       468  4.853018E+01
       469  1.059463E+01
       470  1.764958E+01
       471  1.059463E+01
       472  1.764958E+01
       473  2.909596E+01
       474  4.853018E+01
       475  2.881580E+01
       476  4.830766E+01
       477  2.867026E+01
       478  4.810927E+01
       479  2.858376E+01
       480  4.799142E+01
       481  1.505793E+03
       482  1.771848E+02
       483  7.214304E+01
       484  1.592978E+01
       485  8.857498E+00
       486  1.505793E+03
       487  1.771848E+02
       488  7.214304E+01
       489  1.592978E+01
       490  8.857498E+00
       491  2.690775E+01
       492  4.610925E+01
       493  2.699464E+01
       494  4.621606E+01
       495  2.714107E+01
       496  4.640225E+01
       497  2.742147E+01
       498  4.660676E+01
       499  9.980706E+00
       500  1.694276E+01
       501  9.980706E+00
       502  1.694276E+01
       503  2.742147E+01
       504  4.660676E+01
       505  2.714107E+01
       506  4.640225E+01
       507  2.699464E+01
       508  4.621606E+01
       509  2.690775E+01
       510  4.610925E+01
       511  1.350040E+03
       512  1.757399E+02
       513  7.255289E+01
       514  1.656702E+01
       515  8.144488E+00
       516  1.350040E+03
       517  1.757399E+02
       518  7.255289E+01
       519  1.656702E+01
       520  8.144488E+00
       521  2.527082E+01
       522  4.425194E+01
       523  2.536106E+01
       524  4.435222E+01
       525  2.551264E+01
       526  4.453350E+01
       527  2.579916E+01
       528  4.473016E+01
       529  9.387169E+00
       530  1.625543E+01
       531  9.387169E+00
       532  1.625543E+01
       533  2.579916E+01
       534  4.473016E+01
       535  2.551264E+01
       536  4.453350E+01
       537  2.536106E+01
       538  4.435222E+01
       539  2.527082E+01
       540  4.425194E+01
       541  1.193073E+03
       542  1.746761E+02
       543  7.310863E+01
       544  1.724891E+01
       545  7.515580E+00
       546  1.193073E+03
       547  1.746761E+02
       548  7.310863E+01
       549  1.724891E+01
       550  7.515580E+00
       551  2.366860E+01
       552  4.241914E+01
       553  2.376839E+01
       554  4.252695E+01
       555  2.393472E+01
       556  4.272289E+01
       557  2.424219E+01
       558  4.293466E+01
       559  8.820653E+00
       560  1.560217E+01
       561  8.820653E+00
       562  1.560217E+01
       563  2.424219E+01
       564  4.293466E+01
       565  2.393472E+01
       566  4.272289E+01
       567  2.376839E+01
       568  4.252695E+01
       569  2.366860E+01
       570  4.241914E+01
       571  1.035246E+03
       572  1.740160E+02
       573  7.378226E+01
       574  1.795883E+01
       575  6.981332E+00
       576  1.035246E+03
       577  1.740160E+02
       578  7.378226E+01
       579  1.795883E+01
       580  6.981332E+00
       581  2.209856E+01
       582  4.059930E+01
       583  2.221393E+01
       584  4.073122E+01
       585  2.240536E+01
       586  4.096662E+01
       587  2.275477E+01
       588  4.122536E+01
       589  8.284036E+00
       590  1.498639E+01
       591  8.284036E+00
       592  1.498639E+01
       593  2.275477E+01
       594  4.122536E+01
       595  2.240536E+01
       596  4.096662E+01
       597  2.221393E+01
       598  4.073122E+01
       599  2.209856E+01
       600  4.059930E+01
       601  8.708979E+02
       602  1.738941E+02
       603  7.437883E+01
       604  1.862903E+01
       605  6.559117E+00
       606  8.708979E+02
       607  1.738941E+02
       608  7.437883E+01
       609  1.862903E+01
       610  6.559117E+00
       611  2.056058E+01
       612  3.877096E+01
       613  2.069407E+01
       614  3.893591E+01
       615  2.091598E+01
       616  3.922777E+01
       617  2.132691E+01
       618  3.956062E+01
       619  7.773478E+00
       620  1.439172E+01
       621  7.773478E+00
       622  1.439172E+01
       623  2.132691E+01
       624  3.956062E+01
       625  2.091598E+01
       626  3.922777E+01
       627  2.069407E+01
       628  3.893591E+01
       629  2.056058E+01
       630  3.877096E+01
       631  7.041182E+02
       632  1.737044E+02
       633  7.447509E+01
       634  1.922500E+01
       635  6.258085E+00
       636  7.041182E+02
       637  1.737044E+02
       638  7.447509E+01
       639  1.922500E+01
       640  6.258085E+00
       641  1.905584E+01
       642  3.690963E+01
       643  1.920592E+01
       644  3.710257E+01
       645  1.945587E+01
       646  3.744546E+01
       647  1.993142E+01
       648  3.784632E+01
       649  7.274149E+00
       650  1.377582E+01
       651  7.274149E+00
       652  1.377582E+01
       653  1.993142E+01
       654  3.784632E+01
       655  1.945587E+01
       656  3.744546E+01
       657  1.920592E+01
       658  3.710257E+01
       659  1.905584E+01
       660  3.690963E+01
       661  5.796584E+02
       662  1.698718E+02
       663  7.382127E+01
       664  1.971587E+01
       665  6.046458E+00
       666  5.796584E+02
       667  1.698718E+02
       668  7.382127E+01
       669  1.971587E+01
       670  6.046458E+00
       671  1.758452E+01
       672  3.499341E+01
       673  1.774796E+01
       674  3.520163E+01
       675  1.801933E+01
       676  3.557287E+01
       677  1.854339E+01
       678  3.600190E+01
       679  6.770681E+00
       680  1.310130E+01
       681  6.770681E+00
       682  1.310130E+01
       683  1.854339E+01
       684  3.600190E+01
       685  1.801933E+01
       686  3.557287E+01
       687  1.774796E+01
       688  3.520163E+01
       689  1.758452E+01
       690  3.499341E+01
       691  4.927525E+02
       692  1.629032E+02
       693  7.226450E+01
       694  1.997112E+01
       695  5.864422E+00
       696  4.927525E+02
       697  1.629032E+02
       698  7.226450E+01
       699  1.997112E+01
       700  5.864422E+00
       701  1.614520E+01
       702  3.300542E+01
       703  1.631961E+01
       704  3.322241E+01
       705  1.660796E+01
       706  3.360904E+01
       707  1.716777E+01
       708  3.404175E+01
       709  6.265725E+00
       710  1.237797E+01
       711  6.265725E+00
       712  1.237797E+01
       713  1.716777E+01
       714  3.404175E+01
       715  1.660796E+01
       716  3.360904E+01
       717  1.631961E+01
       718  3.322241E+01
       719  1.614520E+01
       720  3.300542E+01
       721  4.076437E+02
       722  1.560097E+02
       723  6.991199E+01
       724  1.989644E+01
       725  5.701965E+00
       726  4.076437E+02
       727  1.560097E+02
       728  6.991199E+01
       729  1.989644E+01
       730  5.701965E+00
       731  1.473738E+01
       732  3.093654E+01
       733  1.492116E+01
       734  3.116592E+01
       735  1.522553E+01
       736  3.157719E+01
       737  1.582979E+01
       738  3.203352E+01
       739  5.776025E+00
       740  1.164174E+01
       741  5.776025E+00
       742  1.164174E+01
       743  1.582979E+01
       744  3.203352E+01
       745  1.522553E+01
       746  3.157719E+01
       747  1.492116E+01
       748  3.116592E+01
       749  1.473738E+01
       750  3.093654E+01
       751  3.210276E+02
       752  1.488821E+02
       753  6.692544E+01
       754  1.957356E+01
       755  5.608069E+00
       756  3.210276E+02
       757  1.488821E+02
       758  6.692544E+01
       759  1.957356E+01
       760  5.608069E+00
       761  1.336433E+01
       762  2.878848E+01
       763  1.355479E+01
       764  2.903293E+01
       765  1.387279E+01
       766  2.947808E+01
       767  1.453648E+01
       768  2.998045E+01
       769  5.307215E+00
       770  1.089347E+01
       771  5.307215E+00
       772  1.089347E+01
       773  1.453648E+01
       774  2.998045E+01
       775  1.387279E+01
       776  2.947808E+01
       777  1.355479E+01
       778  2.903293E+01
       779  1.336433E+01
       780  2.878848E+01
       781  2.516967E+02
       782  1.399256E+02
       783  6.338609E+01
       784  1.913865E+01
       785  5.599207E+00
       786  2.516967E+02
       787  1.399256E+02
       788  6.338609E+01
       789  1.913865E+01
       790  5.599207E+00
       791  1.203237E+01
       792  2.657349E+01
       793  1.222518E+01
       794  2.682518E+01
       795  1.254982E+01
       796  2.729083E+01
       797  1.326886E+01
       798  2.781676E+01
       799  4.846741E+00
       800  1.009744E+01
       801  4.846741E+00
       802  1.009744E+01
       803  1.326886E+01
       804  2.781676E+01
       805  1.254982E+01
       806  2.729083E+01
       807  1.222518E+01
       808  2.682518E+01
       809  1.203237E+01
       810  2.657349E+01
       811  2.269849E+02
       812  1.285432E+02
       813  5.921125E+01
       814  1.852693E+01
       815  5.601774E+00
       816  2.269849E+02
       817  1.285432E+02
       818  5.921125E+01
       819  1.852693E+01
       820  5.601774E+00
       821  1.074780E+01
       822  2.431120E+01
       823  1.093881E+01
       824  2.455710E+01
       825  1.126222E+01
       826  2.501855E+01
       827  1.201607E+01
       828  2.552339E+01
       829  4.385149E+00
       830  9.242645E+00
       831  4.385149E+00
       832  9.242645E+00
       833  1.201607E+01
       834  2.552339E+01
       835  1.126222E+01
       836  2.501855E+01
       837  1.093881E+01
       838  2.455710E+01
       839  1.074780E+01
       840  2.431120E+01
       841  2.039900E+02
       842  1.163220E+02
       843  5.440761E+01
       844  1.763606E+01
       845  5.549991E+00
       846  2.039900E+02
       847  1.163220E+02
       848  5.440761E+01
       849  1.763606E+01
       850  5.549991E+00
       851  9.515113E+00
       852  2.202655E+01
       853  9.702754E+00
       854  2.226060E+01
       855  1.002179E+01
       856  2.270749E+01
       857  1.079687E+01
       858  2.317512E+01
       859  3.931664E+00
       860  8.365259E+00
       861  3.931664E+00
       862  8.365259E+00
       863  1.079687E+01
       864  2.317512E+01
       865  1.002179E+01
       866  2.270749E+01
       867  9.702754E+00
       868  2.226060E+01
       869  9.515113E+00
       870  2.202655E+01
       871  1.823551E+02
       872  1.043886E+02
       873  4.937325E+01
       874  1.655101E+01
       875  5.459310E+00
       876  1.823551E+02
       877  1.043886E+02
       878  4.937325E+01
       879  1.655101E+01
       880  5.459310E+00
       881  8.337826E+00
       882  1.974916E+01
       883  8.523778E+00
       884  1.997586E+01
       885  8.841258E+00
       886  2.041695E+01
       887  9.640418E+00
       888  2.086333E+01
       889  3.502576E+00
       890  7.506288E+00
       891  3.502576E+00
       892  7.506288E+00
       893  9.640418E+00
       894  2.086333E+01
       895  8.841258E+00
       896  2.041695E+01
       897  8.523778E+00
       898  1.997586E+01
       899  8.337826E+00
       900  1.974916E+01
       901  1.614296E+02
       902  9.279369E+01
       903  4.438008E+01
       904  1.539878E+01
       905  5.370827E+00
       906  1.614296E+02
       907  9.279369E+01
       908  4.438008E+01
       909  1.539878E+01
       910  5.370827E+00
       911  7.219788E+00
       912  1.751119E+01
       913  7.407840E+00
       914  1.773889E+01
       915  7.729860E+00
       916  1.818843E+01
       917  8.564215E+00
       918  1.863448E+01
       919  3.106364E+00
       920  6.682394E+00
       921  3.106364E+00
       922  6.682394E+00
       923  8.564215E+00
       924  1.863448E+01
       925  7.729860E+00
       926  1.818843E+01
       927  7.407840E+00
       928  1.773889E+01
       929  7.219788E+00
       930  1.751119E+01
       931  1.412484E+02
       932  8.155039E+01
       933  3.948269E+01
       934  1.423183E+01
       935  5.305672E+00
       936  1.412484E+02
       937  8.155039E+01
       938  3.948269E+01
       939  1.423183E+01
       940  5.305672E+00
       941  6.165243E+00
       942  1.534472E+01
       943  6.359909E+00
       944  1.557728E+01
       945  6.693095E+00
       946  1.604337E+01
       947  7.574274E+00
       948  1.650054E+01
       949  2.744198E+00
       950  5.894666E+00
       951  2.744198E+00
       952  5.894666E+00
       953  7.574274E+00
       954  1.650054E+01
       955  6.693095E+00
       956  1.604337E+01
       957  6.359909E+00
       958  1.557728E+01
       959  6.165243E+00
       960  1.534472E+01
       961  1.218709E+02
       962  7.069933E+01
       963  3.470940E+01
       964  1.306736E+01
       965  5.270316E+00
       966  1.218709E+02
       967  7.069933E+01
       968  3.470940E+01
       969  1.306736E+01
       970  5.270316E+00
       971  5.178549E+00
       972  1.328143E+01
       973  5.384656E+00
       974  1.351364E+01
       975  5.735150E+00
       976  1.399468E+01
       977  6.673605E+00
       978  1.446529E+01
       979  2.415469E+00
       980  5.142166E+00
       981  2.415469E+00
       982  5.142166E+00
       983  6.673605E+00
       984  1.446529E+01
       985  5.735150E+00
       986  1.399468E+01
       987  5.384656E+00
       988  1.351364E+01
       989  5.178549E+00
       990  1.328143E+01
       991  1.033780E+02
       992  6.028896E+01
       993  3.008948E+01
       994  1.192088E+01
       995  5.269733E+00
       996  1.033780E+02
       997  6.028896E+01
       998  3.008948E+01
       999  1.192088E+01
      1000  5.269733E+00
      1001  4.265216E+00
      1002  1.135469E+01
      1003  4.488430E+00
      1004  1.157022E+01
      1005  4.861757E+00
      1006  1.205422E+01
      1007  5.867121E+00
      1008  1.253441E+01
      1009  2.120032E+00
      1010  4.425810E+00
      1011  2.120032E+00
      1012  4.425810E+00
      1013  5.867121E+00
      1014  1.253441E+01
      1015  4.861757E+00
      1016  1.205422E+01
      1017  4.488430E+00
      1018  1.157022E+01
      1019  4.265216E+00
      1020  1.135469E+01
      1021  8.584839E+01
      1022  5.037322E+01
      1023  2.565733E+01
      1024  1.081175E+01
      1025  5.311729E+00
      1026  8.584839E+01
      1027  5.037322E+01
      1028  2.565733E+01
      1029  1.081175E+01
      1030  5.311729E+00
      1031  3.435527E+00
      1032  9.601305E+00
      1033  3.682974E+00
      1034  9.770442E+00
      1035  4.083182E+00
      1036  1.023353E+01
      1037  5.163273E+00
      1038  1.071409E+01
      1039  1.858024E+00
      1040  3.747199E+00
      1041  1.858024E+00
      1042  3.747199E+00
      1043  5.163273E+00
      1044  1.071409E+01
      1045  4.083182E+00
      1046  1.023353E+01
      1047  3.682974E+00
      1048  9.770442E+00
      1049  3.435527E+00
      1050  9.601305E+00
      1051  6.936740E+01
      1052  4.101466E+01
      1053  2.145509E+01
      1054  9.764368E+00
      1055  5.406443E+00
      1056  6.936740E+01
      1057  4.101466E+01
      1058  2.145509E+01
      1059  9.764368E+00
      1060  5.406443E+00
      1061  2.712330E+00
      1062  8.061269E+00
      1063  2.992495E+00
      1064  8.137952E+00
      1065  3.418802E+00
      1066  8.541250E+00
      1067  4.575454E+00
      1068  9.006730E+00
      1069  1.629135E+00
      1070  3.106808E+00
      1071  1.629135E+00
      1072  3.106808E+00
      1073  4.575454E+00
      1074  9.006730E+00
      1075  3.418802E+00
      1076  8.541250E+00
      1077  2.992495E+00
      1078  8.137952E+00
      1079  2.712330E+00
      1080  8.061269E+00
      1081  5.403862E+01
      1082  3.229271E+01
      1083  1.753791E+01
      1084  8.808348E+00
      1085  5.562942E+00
      1086  5.403862E+01
      1087  3.229271E+01
      1088  1.753791E+01
      1089  8.808348E+00
      1090  5.562942E+00
      1091  2.146053E+00
      1092  6.776466E+00
      1093  2.467125E+00
      1094  6.696979E+00
      1095  2.906047E+00
      1096  6.982840E+00
      1097  4.126190E+00
      1098  7.409479E+00
      1099  1.431812E+00
      1100  2.503817E+00
      1101  1.431812E+00
      1102  2.503817E+00
      1103  4.126190E+00
      1104  7.409479E+00
      1105  2.906047E+00
      1106  6.982840E+00
      1107  2.467125E+00
      1108  6.696979E+00
      1109  2.146053E+00
      1110  6.776466E+00
      1111  3.999505E+01
      1112  2.431820E+01
      1113  1.398529E+01
      1114  7.979988E+00
      1115  5.780363E+00
      1116  3.999505E+01
      1117  2.431820E+01
      1118  1.398529E+01
      1119  7.979988E+00
      1120  5.780363E+00
      1121  1.837306E+00
      1122  5.790526E+00
      1123  2.205236E+00
      1124  5.480891E+00
      1125  2.617981E+00
      1126  5.572457E+00
      1127  3.861205E+00
      1128  5.925659E+00
      1129  1.262863E+00
      1130  1.941842E+00
      1131  1.262863E+00
      1132  1.941842E+00
      1133  3.861205E+00
      1134  5.925659E+00
      1135  2.617981E+00
      1136  5.572457E+00
      1137  2.205236E+00
      1138  5.480891E+00
      1139  1.837306E+00
      1140  5.790526E+00
      1141  2.740608E+01
      1142  1.725357E+01
      1143  1.091338E+01
      1144  7.317444E+00
      1145  6.037238E+00
      1146  2.740608E+01
      1147  1.725357E+01
      1148  1.091338E+01
      1149  7.317444E+00
      1150  6.037238E+00
      1151  1.953510E+00
      1152  5.137875E+00
      1153  2.373937E+00
      1154  4.554187E+00
      1155  2.690880E+00
      1156  4.376524E+00
      1157  3.888139E+00
      1158  4.621195E+00
      1159  1.117301E+00
      1160  1.457349E+00
      1161  1.117301E+00
      1162  1.457349E+00
      1163  3.888139E+00
      1164  4.621195E+00
      1165  2.690880E+00
      1166  4.376524E+00
      1167  2.373937E+00
      1168  4.554187E+00
      1169  1.953510E+00
      1170  5.137875E+00
      1171  1.652475E+01
      1172  1.132230E+01
      1173  8.462091E+00
      1174  6.830944E+00
      1175  6.284910E+00
      1176  1.652475E+01
      1177  1.132230E+01
      1178  8.462091E+00
      1179  6.830944E+00
      1180  6.284910E+00
      1181  2.640443E+00
      1182  4.798872E+00
      1183  3.155536E+00
      1184  4.025003E+00
      1185  3.350095E+00
      1186  3.602493E+00
      1187  4.498677E+00
      1188  3.762367E+00
      1189  1.006539E+00
      1190  1.195554E+00
      1191  1.006539E+00
      1192  1.195554E+00
      1193  4.498677E+00
      1194  3.762367E+00
      1195  3.350095E+00
      1196  3.602493E+00
      1197  3.155536E+00
      1198  4.025003E+00
      1199  2.640443E+00
      1200  4.798872E+00
      1201  7.884556E+00
      1202  6.821597E+00
      1203  6.695801E+00
      1204  6.563123E+00
      1205  6.644539E+00
      1206  7.884556E+00
      1207  6.821597E+00
      1208  6.695801E+00
      1209  6.563123E+00
      1210  6.644539E+00
      1211  3.692773E+00
      1212  4.513925E+00
      1213  4.475657E+00
      1214  3.891859E+00
      1215  4.844234E+00
      1216  3.687896E+00
      1217  6.516016E+00
      1218  4.263999E+00
      1219  9.847808E-01
      1220  1.695458E+00
      1221  9.847808E-01
      1222  1.695458E+00
      1223  6.516016E+00
      1224  4.263999E+00
      1225  4.844234E+00
      1226  3.687896E+00
      1227  4.475657E+00
      1228  3.891859E+00
      1229  3.692773E+00
      1230  4.513925E+00
      1231  2.293450E+00
      1232  3.521513E+00
      1233  5.068046E+00
      1234  6.492787E+00
      1235  8.751774E+00
      1236  2.293450E+00
      1237  3.521513E+00
      1238  5.068046E+00
      1239  6.492787E+00
      1240  8.751774E+00
      1241  4.340853E+00
      1242  3.978830E+00
      1243  5.562414E+00
      1244  3.883591E+00
      1245  7.348254E+00
      1246  5.051699E+00
      1247  1.345791E+01
      1248  9.470250E+00
      1249  1.548923E+00
      1250  5.655258E+00
      1251  1.548923E+00
      1252  5.655258E+00
      1253  1.345791E+01
      1254  9.470250E+00
      1255  7.348254E+00
      1256  5.051699E+00
      1257  5.562414E+00
      1258  3.883591E+00
      1259  4.340853E+00
      1260  3.978830E+00
      1261  1.038948E-01
      1262  4.666291E-01
      1263  1.357547E+00
      1264  3.293003E+00
      1265  8.674043E+00
      1266  1.038948E-01
      1267  4.666291E-01
      1268  1.357547E+00
      1269  3.293003E+00
      1270  8.674043E+00
      1271  2.447947E+00
      1272  3.117811E+00
      1273  3.555055E+00
      1274  3.188446E+00
      1275  6.117947E+00
      1276  6.629795E+00
      1277  2.061113E+01
      1278  1.991943E+01
      1279  2.375494E+00
      1280  1.539225E+01
      1281  2.375494E+00
      1282  1.539225E+01
      1283  2.061113E+01
      1284  1.991943E+01
      1285  6.117947E+00
      1286  6.629795E+00
      1287  3.555055E+00
      1288  3.188446E+00
      1289  2.447947E+00
      1290  3.117811E+00

                                INCREMENT    12


 displacements (vx,vy,vz) for set TIP_TOP and time  0.2000000E+01

      2087 -4.028625E-01  1.252918E-02  8.911266E+00
      2088 -4.023490E-01  1.233576E-02  8.883702E+00
      2091 -4.012259E-01  1.196681E-02  8.856259E+00
      2094 -4.003670E-01  9.770187E-03  8.830801E+00
      2096 -4.000463E-01  3.895905E-03  8.814289E+00
      2098 -3.999440E-01 -2.971479E-15  8.813281E+00
      2100 -4.000463E-01 -3.895905E-03  8.814289E+00
      2103 -4.003670E-01 -9.770187E-03  8.830801E+00
      2106 -4.012259E-01 -1.196681E-02  8.856259E+00
      2109 -4.023490E-01 -1.233576E-02  8.883702E+00
      2112 -4.028625E-01 -1.252918E-02  8.911266E+00

 forces (fx,fy,fz) for set CLAMP and time  0.2000000E+01

         1 -1.858356E+04 -2.473325E+04 -7.173472E+03
         4 -3.437772E+04  1.020631E-09 -1.434635E+04
         5 -2.413975E+04 -3.467911E+04  9.165970E+02
         8 -4.351005E+04  3.862036E-09  1.902042E+03
         9 -1.350300E+04 -1.752912E+04  9.624464E+02
        12 -2.381463E+04 -7.433888E-09  1.907219E+03
        13 -5.911984E+03 -7.471913E+03  8.933073E+02
        16 -1.032483E+04 -9.523078E-09  1.748952E+03
        17  7.087164E+02  1.117675E+03  9.262934E+02
        20  1.266514E+03 -1.506861E-09  1.839213E+03
        21  4.898310E+03  3.649998E+03  4.072441E+03
        24  6.423854E+03 -4.181738E-09  9.775488E+02
        26 -1.858356E+04  2.473325E+04 -7.173472E+03
        28 -2.413975E+04  3.467911E+04  9.165970E+02
        30 -1.350300E+04  1.752912E+04  9.624464E+02
        32 -5.911984E+03  7.471913E+03  8.933073E+02
        34  7.087164E+02 -1.117675E+03  9.262934E+02
        36  4.898310E+03 -3.649998E+03  4.072441E+03
        37  3.252739E+03  1.969795E+03  4.465412E+03
        40  3.832129E+03  6.102533E+02  7.727113E+03
        41  8.097012E+03  4.502799E+03  1.118414E+03
        44  1.158655E+04  1.385565E+03  2.167010E+03
        45  5.616195E+03  2.543050E+03 -5.331461E+03
        48  9.303035E+03  7.776567E+02 -9.774891E+03
        50  3.112587E+03  5.772699E+02  7.068907E+03
        52  1.104554E+04  1.282357E+03  2.202250E+03
        54  9.539537E+03  7.040412E+02 -9.436926E+03
        56  2.864691E+03  4.638384E+02  7.016243E+03
        58  1.123121E+04  9.487648E+02  2.121638E+03
        60  1.003252E+04  4.983868E+02 -9.652566E+03
        62  7.956443E+03  4.049751E+02  1.195071E+03
        64  7.151327E+03  1.921685E+02 -6.821574E+03
        66  4.291519E+03 -1.041565E-10  5.679002E+02
        68  3.864838E+03  8.766697E-12 -3.696286E+03
        70  7.956443E+03 -4.049751E+02  1.195071E+03
        72  7.151327E+03 -1.921685E+02 -6.821574E+03
        74  2.864691E+03 -4.638384E+02  7.016243E+03
        76  1.123121E+04 -9.487648E+02  2.121638E+03
        78  1.003252E+04 -4.983868E+02 -9.652566E+03
        80  3.112587E+03 -5.772699E+02  7.068907E+03
        82  1.104554E+04 -1.282357E+03  2.202250E+03
        84  9.539537E+03 -7.040412E+02 -9.436926E+03
        86  3.832129E+03 -6.102533E+02  7.727113E+03
        88  1.158655E+04 -1.385565E+03  2.167010E+03
        90  9.303035E+03 -7.776567E+02 -9.774891E+03
        92  3.252739E+03 -1.969795E+03  4.465412E+03
        94  8.097012E+03 -4.502799E+03  1.118414E+03
        96  5.616195E+03 -2.543050E+03 -5.331461E+03

 internal energy (element, energy) for set EALL and time  0.2000000E+01

         1  1.175607E+03
         2  2.922714E+02
         3  8.103943E+01
         4  1.042182E+01
         5  2.089428E+01
         6  1.175607E+03
         7  2.922714E+02
         8  8.103943E+01
         9  1.042182E+01
        10  2.089428E+01
        11  5.482427E+01
        12  8.229407E+01
        13  4.447539E+01
        14  7.140165E+01
        15  4.235238E+01
        16  7.050618E+01
        17  4.471059E+01
        18  7.282429E+01
        19  1.697233E+01
        20  2.716130E+01
        21  1.697233E+01
        22  2.716130E+01
        23  4.471059E+01
        24  7.282429E+01
        25  4.235238E+01
        26  7.050618E+01
        27  4.447539E+01
        28  7.140165E+01
        29  5.482427E+01
        30  8.229407E+01
        31  3.314632E+03
        32  5.266974E+02
        33  1.166462E+02
        34  1.957303E+01
        35  3.534154E+01
        36  3.314632E+03
        37  5.266974E+02
        38  1.166462E+02
        39  1.957303E+01
        40  3.534154E+01
        41  5.951020E+01
        42  8.639560E+01
        43  6.471905E+01
        44  9.208654E+01
        45  6.505877E+01
        46  9.176952E+01
        47  6.625093E+01
        48  9.213859E+01
        49  2.413378E+01
        50  3.355501E+01
        51  2.413378E+01
        52  3.355501E+01
        53  6.625093E+01
        54  9.213859E+01
        55  6.505877E+01
        56  9.176952E+01
        57  6.471905E+01
        58  9.208654E+01
        59  5.951020E+01
        60  8.639560E+01
        61  3.384372E+03
        62  4.695174E+02
        63  1.104155E+02
        64  2.015502E+01
        65  3.606732E+01
        66  3.384372E+03
        67  4.695174E+02
        68  1.104155E+02
        69  2.015502E+01
        70  3.606732E+01
        71  6.184150E+01
        72  8.791322E+01
        73  6.622564E+01
        74  9.284698E+01
        75  6.876660E+01
        76  9.581489E+01
        77  6.904993E+01
        78  9.655651E+01
        79  2.486545E+01
        80  3.500951E+01
        81  2.486545E+01
        82  3.500951E+01
        83  6.904993E+01
        84  9.655651E+01
        85  6.876660E+01
        86  9.581489E+01
        87  6.622564E+01
        88  9.284698E+01
        89  6.184150E+01
        90  8.791322E+01
        91  3.454058E+03
        92  4.520630E+02
        93  9.864804E+01
        94  1.679501E+01
        95  3.243131E+01
        96  3.454058E+03
        97  4.520630E+02
        98  9.864804E+01
        99  1.679501E+01
       100  3.243131E+01
       101  6.267372E+01
       102  8.913154E+01
       103  6.377681E+01
       104  9.053401E+01
       105  6.485070E+01
       106  9.188009E+01
       107  6.519019E+01
       108  9.219974E+01
       109  2.360549E+01
       110  3.339796E+01
       111  2.360549E+01
       112  3.339796E+01
       113  6.519019E+01
       114  9.219974E+01
       115  6.485070E+01
       116  9.188009E+01
       117  6.377681E+01
       118  9.053401E+01
       119  6.267372E+01
       120  8.913154E+01
       121  3.415005E+03
       122  4.506794E+02
       123  9.184520E+01
       124  1.508058E+01
       125  2.923461E+01
       126  3.415005E+03
       127  4.506794E+02
       128  9.184520E+01
       129  1.508058E+01
       130  2.923461E+01
       131  6.025819E+01
       132  8.683313E+01
       133  6.037353E+01
       134  8.689365E+01
       135  6.056301E+01
       136  8.698532E+01
       137  6.066184E+01
       138  8.688364E+01
       139  2.200953E+01
       140  3.151216E+01
       141  2.200953E+01
       142  3.151216E+01
       143  6.066184E+01
       144  8.688364E+01
       145  6.056301E+01
       146  8.698532E+01
       147  6.037353E+01
       148  8.689365E+01
       149  6.025819E+01
       150  8.683313E+01
       151  3.321815E+03
       152  4.455564E+02
       153  8.786387E+01
       154  1.444620E+01
       155  2.677447E+01
       156  3.321815E+03
       157  4.455564E+02
       158  8.786387E+01
       159  1.444620E+01
       160  2.677447E+01
       161  5.744757E+01
       162  8.356233E+01
       163  5.739322E+01
       164  8.336780E+01
       165  5.738818E+01
       166  8.322252E+01
       167  5.743209E+01
       168  8.308725E+01
       169  2.085010E+01
       170  3.015203E+01
       171  2.085010E+01
       172  3.015203E+01
       173  5.743209E+01
       174  8.308725E+01
       175  5.738818E+01
       176  8.322252E+01
       177  5.739322E+01
       178  8.336780E+01
       179  5.744757E+01
       180  8.356233E+01
       181  3.196594E+03
       182  4.324269E+02
       183  8.562690E+01
       184  1.422914E+01
       185  2.464299E+01
       186  3.196594E+03
       187  4.324269E+02
       188  8.562690E+01
       189  1.422914E+01
       190  2.464299E+01
       191  5.458750E+01
       192  8.015697E+01
       193  5.456971E+01
       194  8.005563E+01
       195  5.457130E+01
       196  7.998032E+01
       197  5.465444E+01
       198  7.993211E+01
       199  1.985307E+01
       200  2.902528E+01
       201  1.985307E+01
       202  2.902528E+01
       203  5.465444E+01
       204  7.993211E+01
       205  5.457130E+01
       206  7.998032E+01
       207  5.456971E+01
       208  8.005563E+01
       209  5.458750E+01
       210  8.015697E+01
       211  3.059420E+03
       212  4.153822E+02
       213  8.437588E+01
       214  1.428903E+01
       215  2.268530E+01
       216  3.059420E+03
       217  4.153822E+02
       218  8.437588E+01
       219  1.428903E+01
       220  2.268530E+01
       221  5.187670E+01
       222  7.697211E+01
       223  5.189966E+01
       224  7.696766E+01
       225  5.194104E+01
       226  7.698836E+01
       227  5.206974E+01
       228  7.702174E+01
       229  1.892285E+01
       230  2.798135E+01
       231  1.892285E+01
       232  2.798135E+01
       233  5.206974E+01
       234  7.702174E+01
       235  5.194104E+01
       236  7.698836E+01
       237  5.189966E+01
       238  7.696766E+01
       239  5.187670E+01
       240  7.697211E+01
       241  2.915338E+03
       242  3.950702E+02
       243  8.369178E+01
       244  1.451513E+01
       245  2.084550E+01
       246  2.915338E+03
       247  3.950702E+02
       248  8.369178E+01
       249  1.451513E+01
       250  2.084550E+01
       251  4.930649E+01
       252  7.402915E+01
       253  4.935036E+01
       254  7.407339E+01
       255  4.941917E+01
       256  7.415097E+01
       257  4.957858E+01
       258  7.423329E+01
       259  1.802226E+01
       260  2.697506E+01
       261  1.802226E+01
       262  2.697506E+01
       263  4.957858E+01
       264  7.423329E+01
       265  4.941917E+01
       266  7.415097E+01
       267  4.935036E+01
       268  7.407339E+01
       269  4.930649E+01
       270  7.402915E+01
       271  2.764789E+03
       272  3.715107E+02
       273  8.346613E+01
       274  1.486851E+01
       275  1.911255E+01
       276  2.764789E+03
       277  3.715107E+02
       278  8.346613E+01
       279  1.486851E+01
       280  1.911255E+01
       281  4.684997E+01
       282  7.127877E+01
       283  4.690346E+01
       284  7.134187E+01
       285  4.698859E+01
       286  7.144611E+01
       287  4.716644E+01
       288  7.155248E+01
       289  1.714745E+01
       290  2.600339E+01
       291  1.714745E+01
       292  2.600339E+01
       293  4.716644E+01
       294  7.155248E+01
       295  4.698859E+01
       296  7.144611E+01
       297  4.690346E+01
       298  7.134187E+01
       299  4.684997E+01
       300  7.127877E+01
       301  2.607950E+03
       302  3.450109E+02
       303  8.368129E+01
       304  1.534469E+01
       305  1.749122E+01
       306  2.607950E+03
       307  3.450109E+02
       308  8.368129E+01
       309  1.534469E+01
       310  1.749122E+01
       311  4.448334E+01
       312  6.867588E+01
       313  4.454459E+01
       314  6.874913E+01
       315  4.464370E+01
       316  6.887051E+01
       317  4.483825E+01
       318  6.899383E+01
       319  1.630255E+01
       320  2.507481E+01
       321  1.630255E+01
       322  2.507481E+01
       323  4.483825E+01
       324  6.899383E+01
       325  4.464370E+01
       326  6.887051E+01
       327  4.454459E+01
       328  6.874913E+01
       329  4.448334E+01
       330  6.867588E+01
       331  2.444977E+03
       332  3.157967E+02
       333  8.433037E+01
       334  1.594334E+01
       335  1.599082E+01
       336  2.444977E+03
       337  3.157967E+02
       338  8.433037E+01
       339  1.594334E+01
       340  1.599082E+01
       341  4.219150E+01
       342  6.618427E+01
       343  4.226307E+01
       344  6.627244E+01
       345  4.237977E+01
       346  6.641770E+01
       347  4.259899E+01
       348  6.656774E+01
       349  1.549174E+01
       350  2.419636E+01
       351  1.549174E+01
       352  2.419636E+01
       353  4.259899E+01
       354  6.656774E+01
       355  4.237977E+01
       356  6.641770E+01
       357  4.226307E+01
       358  6.627244E+01
       359  4.219150E+01
       360  6.618427E+01
       361  2.275435E+03
       362  2.838361E+02
       363  8.537109E+01
       364  1.664365E+01
       365  1.462569E+01
       366  2.275435E+03
       367  2.838361E+02
       368  8.537109E+01
       369  1.664365E+01
       370  1.462569E+01
       371  3.996570E+01
       372  6.377200E+01
       373  4.004971E+01
       374  6.388282E+01
       375  4.018768E+01
       376  6.406404E+01
       377  4.044394E+01
       378  6.425881E+01
       379  1.471470E+01
       380  2.336408E+01
       381  1.471470E+01
       382  2.336408E+01
       383  4.044394E+01
       384  6.425881E+01
       385  4.018768E+01
       386  6.406404E+01
       387  4.004971E+01
       388  6.388282E+01
       389  3.996570E+01
       390  6.377200E+01
       391  2.101500E+03
       392  2.493390E+02
       393  8.658589E+01
       394  1.739867E+01
       395  1.340478E+01
       396  2.101500E+03
       397  2.493390E+02
       398  8.658589E+01
       399  1.739867E+01
       400  1.340478E+01
       401  3.780183E+01
       402  6.141134E+01
       403  3.789705E+01
       404  6.154475E+01
       405  3.805475E+01
       406  6.176345E+01
       407  3.835258E+01
       408  6.200812E+01
       409  1.396185E+01
       410  2.255361E+01
       411  1.396185E+01
       412  2.255361E+01
       413  3.835258E+01
       414  6.200812E+01
       415  3.805475E+01
       416  6.176345E+01
       417  3.789705E+01
       418  6.154475E+01
       419  3.780183E+01
       420  6.141134E+01
       421  1.931336E+03
       422  2.253749E+02
       423  8.745017E+01
       424  1.817037E+01
       425  1.231358E+01
       426  1.931336E+03
       427  2.253749E+02
       428  8.745017E+01
       429  1.817037E+01
       430  1.231358E+01
       431  3.569797E+01
       432  5.908285E+01
       433  3.580002E+01
       434  5.922743E+01
       435  3.597020E+01
       436  5.946677E+01
       437  3.629728E+01
       438  5.973809E+01
       439  1.321793E+01
       440  2.173016E+01
       441  1.321793E+01
       442  2.173016E+01
       443  3.629728E+01
       444  5.973809E+01
       445  3.597020E+01
       446  5.946677E+01
       447  3.580002E+01
       448  5.922743E+01
       449  3.569797E+01
       450  5.908285E+01
       451  1.768514E+03
       452  2.176833E+02
       453  8.771355E+01
       454  1.889945E+01
       455  1.132059E+01
       456  1.768514E+03
       457  2.176833E+02
       458  8.771355E+01
       459  1.889945E+01
       460  1.132059E+01
       461  3.365157E+01
       462  5.677794E+01
       463  3.375582E+01
       464  5.691853E+01
       465  3.393042E+01
       466  5.715555E+01
       467  3.426759E+01
       468  5.742058E+01
       469  1.247701E+01
       470  2.088165E+01
       471  1.247701E+01
       472  2.088165E+01
       473  3.426759E+01
       474  5.742058E+01
       475  3.393042E+01
       476  5.715555E+01
       477  3.375582E+01
       478  5.691853E+01
       479  3.365157E+01
       480  5.677794E+01
       481  1.607623E+03
       482  2.145978E+02
       483  8.773871E+01
       484  1.956670E+01
       485  1.041092E+01
       486  1.607623E+03
       487  2.145978E+02
       488  8.773871E+01
       489  1.956670E+01
       490  1.041092E+01
       491  3.165834E+01
       492  5.449777E+01
       493  3.176327E+01
       494  5.462664E+01
       495  3.193934E+01
       496  5.485107E+01
       497  3.227831E+01
       498  5.509720E+01
       499  1.174812E+01
       500  2.002852E+01
       501  1.174812E+01
       502  2.002852E+01
       503  3.227831E+01
       504  5.509720E+01
       505  3.193934E+01
       506  5.485107E+01
       507  3.176327E+01
       508  5.462664E+01
       509  3.165834E+01
       510  5.449777E+01
       511  1.445087E+03
       512  2.120240E+02
       513  8.783675E+01
       514  2.023102E+01
       515  9.589112E+00
       516  1.445087E+03
       517  2.120240E+02
       518  8.783675E+01
       519  2.023102E+01
       520  9.589112E+00
       521  2.971298E+01
       522  5.224734E+01
       523  2.982184E+01
       524  5.236943E+01
       525  3.000400E+01
       526  5.258924E+01
       527  3.035117E+01
       528  5.282755E+01
       529  1.104334E+01
       530  1.919759E+01
       531  1.104334E+01
       532  1.919759E+01
       533  3.035117E+01
       534  5.282755E+01
       535  3.000400E+01
       536  5.258924E+01
       537  2.982184E+01
       538  5.236943E+01
       539  2.971298E+01
       540  5.224734E+01
       541  1.281359E+03
       542  2.098555E+02
       543  8.808221E+01
       544  2.093707E+01
       545  8.863298E+00
       546  1.281359E+03
       547  2.098555E+02
       548  8.808221E+01
       549  2.093707E+01
       550  8.863298E+00
       551  2.781075E+01
       552  5.002627E+01
       553  2.793029E+01
       554  5.015685E+01
       555  2.812899E+01
       556  5.039334E+01
       557  2.850050E+01
       558  5.064878E+01
       559  1.036987E+01
       560  1.840466E+01
       561  1.036987E+01
       562  1.840466E+01
       563  2.850050E+01
       564  5.064878E+01
       565  2.812899E+01
       566  5.039334E+01
       567  2.793029E+01
       568  5.015685E+01
       569  2.781075E+01
       570  5.002627E+01
       571  1.116798E+03
       572  2.081140E+02
       573  8.844288E+01
       574  2.166588E+01
       575  8.244627E+00
       576  1.116798E+03
       577  2.081140E+02
       578  8.844288E+01
       579  2.166588E+01
       580  8.244627E+00
       581  2.594890E+01
       582  4.782191E+01
       583  2.608567E+01
       584  4.797900E+01
       585  2.631217E+01
       586  4.825912E+01
       587  2.673084E+01
       588  4.856627E+01
       589  9.730834E+00
       590  1.765336E+01
       591  9.730834E+00
       592  1.765336E+01
       593  2.673084E+01
       594  4.856627E+01
       595  2.631217E+01
       596  4.825912E+01
       597  2.608567E+01
       598  4.797900E+01
       599  2.594890E+01
       600  4.782191E+01
       601  9.457616E+02
       602  2.069433E+02
       603  8.870409E+01
       604  2.234265E+01
       605  7.751814E+00
       606  9.457616E+02
       607  2.069433E+02
       608  8.870409E+01
       609  2.234265E+01
       610  7.751814E+00
       611  2.412726E+01
       612  4.561097E+01
       613  2.428403E+01
       614  4.580421E+01
       615  2.454416E+01
       616  4.614639E+01
       617  2.503141E+01
       618  4.653468E+01
       619  9.122107E+00
       620  1.692584E+01
       621  9.122107E+00
       622  1.692584E+01
       623  2.503141E+01
       624  4.653468E+01
       625  2.454416E+01
       626  4.614639E+01
       627  2.428403E+01
       628  4.580421E+01
       629  2.412726E+01
       630  4.561097E+01
       631  7.723972E+02
       632  2.056801E+02
       633  8.840400E+01
       634  2.293014E+01
       635  7.394787E+00
       636  7.723972E+02
       637  2.056801E+02
       638  8.840400E+01
       639  2.293014E+01
       640  7.394787E+00
       641  2.234712E+01
       642  4.336691E+01
       643  2.252221E+01
       644  4.359081E+01
       645  2.281334E+01
       646  4.398915E+01
       647  2.337275E+01
       648  4.445191E+01
       649  8.527654E+00
       650  1.617616E+01
       651  8.527654E+00
       652  1.617616E+01
       653  2.337275E+01
       654  4.445191E+01
       655  2.281334E+01
       656  4.398915E+01
       657  2.252221E+01
       658  4.359081E+01
       659  2.234712E+01
       660  4.336691E+01
       661  6.420259E+02
       662  2.004400E+02
       663  8.727468E+01
       664  2.339563E+01
       665  7.138301E+00
       666  6.420259E+02
       667  2.004400E+02
       668  8.727468E+01
       669  2.339563E+01
       670  7.138301E+00
       671  2.060874E+01
       672  4.106615E+01
       673  2.079866E+01
       674  4.130691E+01
       675  2.111359E+01
       676  4.173681E+01
       677  2.172791E+01
       678  4.223085E+01
       679  7.930811E+00
       680  1.536389E+01
       681  7.930811E+00
       682  1.536389E+01
       683  2.172791E+01
       684  4.223085E+01
       685  2.111359E+01
       686  4.173681E+01
       687  2.079866E+01
       688  4.130691E+01
       689  2.060874E+01
       690  4.106615E+01
       691  5.497996E+02
       692  1.917904E+02
       693  8.515535E+01
       694  2.359787E+01
       695  6.916396E+00
       696  5.497996E+02
       697  1.917904E+02
       698  8.515535E+01
       699  2.359787E+01
       700  6.916396E+00
       701  1.891066E+01
       702  3.869061E+01
       703  1.911283E+01
       704  3.894116E+01
       705  1.944679E+01
       706  3.938862E+01
       707  2.010227E+01
       708  3.988743E+01
       709  7.334420E+00
       710  1.449982E+01
       711  7.334420E+00
       712  1.449982E+01
       713  2.010227E+01
       714  3.988743E+01
       715  1.944679E+01
       716  3.938862E+01
       717  1.911283E+01
       718  3.894116E+01
       719  1.891066E+01
       720  3.869061E+01
       721  4.595204E+02
       722  1.832246E+02
       723  8.216637E+01
       724  2.343576E+01
       725  6.718089E+00
       726  4.595204E+02
       727  1.832246E+02
       728  8.216637E+01
       729  2.343576E+01
       730  6.718089E+00
       731  1.725250E+01
       732  3.623066E+01
       733  1.746519E+01
       734  3.649495E+01
       735  1.781716E+01
       736  3.697004E+01
       737  1.852327E+01
       738  3.749520E+01
       739  6.756661E+00
       740  1.362293E+01
       741  6.756661E+00
       742  1.362293E+01
       743  1.852327E+01
       744  3.749520E+01
       745  1.781716E+01
       746  3.697004E+01
       747  1.746519E+01
       748  3.649495E+01
       749  1.725250E+01
       750  3.623066E+01
       751  3.679101E+02
       752  1.744104E+02
       753  7.848634E+01
       754  2.299976E+01
       755  6.596899E+00
       756  3.679101E+02
       757  1.744104E+02
       758  7.848634E+01
       759  2.299976E+01
       760  6.596899E+00
       761  1.563788E+01
       762  3.368845E+01
       763  1.585818E+01
       764  3.396945E+01
       765  1.622557E+01
       766  3.448223E+01
       767  1.699869E+01
       768  3.505804E+01
       769  6.203734E+00
       770  1.273425E+01
       771  6.203734E+00
       772  1.273425E+01
       773  1.699869E+01
       774  3.505804E+01
       775  1.622557E+01
       776  3.448223E+01
       777  1.585818E+01
       778  3.396945E+01
       779  1.563788E+01
       780  3.368845E+01
       781  2.939347E+02
       782  1.636253E+02
       783  7.420652E+01
       784  2.243851E+01
       785  6.570497E+00
       786  2.939347E+02
       787  1.636253E+02
       788  7.420652E+01
       789  2.243851E+01
       790  6.570497E+00
       791  1.407379E+01
       792  3.107754E+01
       793  1.429699E+01
       794  3.136683E+01
       795  1.467225E+01
       796  3.190298E+01
       797  1.550815E+01
       798  3.250519E+01
       799  5.662112E+00
       800  1.179533E+01
       801  5.662112E+00
       802  1.179533E+01
       803  1.550815E+01
       804  3.250519E+01
       805  1.467225E+01
       806  3.190298E+01
       807  1.429699E+01
       808  3.136683E+01
       809  1.407379E+01
       810  3.107754E+01
       811  2.652232E+02
       812  1.502325E+02
       813  6.924030E+01
       814  2.168229E+01
       815  6.558623E+00
       816  2.652232E+02
       817  1.502325E+02
       818  6.924030E+01
       819  2.168229E+01
       820  6.558623E+00
       821  1.256710E+01
       822  2.841948E+01
       823  1.278874E+01
       824  2.870312E+01
       825  1.316340E+01
       826  2.923607E+01
       827  1.404001E+01
       828  2.981654E+01
       829  5.121589E+00
       830  1.079447E+01
       831  5.121589E+00
       832  1.079447E+01
       833  1.404001E+01
       834  2.981654E+01
       835  1.316340E+01
       836  2.923607E+01
       837  1.278874E+01
       838  2.870312E+01
       839  1.256710E+01
       840  2.841948E+01
       841  2.384141E+02
       842  1.359526E+02
       843  6.359706E+01
       844  2.062111E+01
       845  6.490063E+00
       846  2.384141E+02
       847  1.359526E+02
       848  6.359706E+01
       849  2.062111E+01
       850  6.490063E+00
       851  1.112274E+01
       852  2.574168E+01
       853  1.134113E+01
       854  2.601325E+01
       855  1.171185E+01
       856  2.653202E+01
       857  1.261471E+01
       858  2.707346E+01
       859  4.592212E+00
       860  9.770936E+00
       861  4.592212E+00
       862  9.770936E+00
       863  1.261471E+01
       864  2.707346E+01
       865  1.171185E+01
       866  2.653202E+01
       867  1.134113E+01
       868  2.601325E+01
       869  1.112274E+01
       870  2.574168E+01
       871  2.131289E+02
       872  1.220071E+02
       873  5.770909E+01
       874  1.934767E+01
       875  6.381665E+00
       876  2.131289E+02
       877  1.220071E+02
       878  5.770909E+01
       879  1.934767E+01
       880  6.381665E+00
       881  9.744543E+00
       882  2.307676E+01
       883  9.961548E+00
       884  2.334125E+01
       885  1.033148E+01
       886  2.385552E+01
       887  1.126396E+01
       888  2.437528E+01
       889  4.091687E+00
       890  8.769242E+00
       891  4.091687E+00
       892  8.769242E+00
       893  1.126396E+01
       894  2.437528E+01
       895  1.033148E+01
       896  2.385552E+01
       897  9.961548E+00
       898  2.334125E+01
       899  9.744543E+00
       900  2.307676E+01
       901  1.886699E+02
       902  1.084545E+02
       903  5.187231E+01
       904  1.800001E+01
       905  6.277900E+00
       906  1.886699E+02
       907  1.084545E+02
       908  5.187231E+01
       909  1.800001E+01
       910  6.277900E+00
       911  8.436656E+00
       912  2.046042E+01
       913  8.656477E+00
       914  2.072686E+01
       915  9.032387E+00
       916  2.125215E+01
       917  1.000690E+01
       918  2.177297E+01
       919  3.629270E+00
       920  7.807646E+00
       921  3.629270E+00
       922  7.807646E+00
       923  1.000690E+01
       924  2.177297E+01
       925  9.032387E+00
       926  2.125215E+01
       927  8.656477E+00
       928  2.072686E+01
       929  8.436656E+00
       930  2.046042E+01
       931  1.650809E+02
       932  9.531274E+01
       933  4.614773E+01
       934  1.663565E+01
       935  6.201685E+00
       936  1.650809E+02
       937  9.531274E+01
       938  4.614773E+01
       939  1.663565E+01
       940  6.201685E+00
       941  7.203681E+00
       942  1.792874E+01
       943  7.431377E+00
       944  1.820103E+01
       945  7.820674E+00
       946  1.874603E+01
       947  8.850346E+00
       948  1.928029E+01
       949  3.206325E+00
       950  6.887603E+00
       951  3.206325E+00
       952  6.887603E+00
       953  8.850346E+00
       954  1.928029E+01
       955  7.820674E+00
       956  1.874603E+01
       957  7.431377E+00
       958  1.820103E+01
       959  7.203681E+00
       960  1.792874E+01
       961  1.424326E+02
       962  8.262966E+01
       963  4.056825E+01
       964  1.527425E+01
       965  6.160259E+00
       966  1.424326E+02
       967  8.262966E+01
       968  4.056825E+01
       969  1.527425E+01
       970  6.160259E+00
       971  6.050406E+00
       972  1.551792E+01
       973  6.291492E+00
       974  1.578972E+01
       975  6.701148E+00
       976  1.635218E+01
       977  7.797933E+00
       978  1.690226E+01
       979  2.822290E+00
       980  6.008401E+00
       981  2.822290E+00
       982  6.008401E+00
       983  7.797933E+00
       984  1.690226E+01
       985  6.701148E+00
       986  1.635218E+01
       987  6.291492E+00
       988  1.578972E+01
       989  6.050406E+00
       990  1.551792E+01
       991  1.208185E+02
       992  7.046190E+01
       993  3.516813E+01
       994  1.393392E+01
       995  6.159465E+00
       996  1.208185E+02
       997  7.046190E+01
       998  3.516813E+01
       999  1.393392E+01
      1000  6.159465E+00
      1001  4.983076E+00
      1002  1.326666E+01
      1003  5.244121E+00
      1004  1.351882E+01
      1005  5.680491E+00
      1006  1.408465E+01
      1007  6.855528E+00
      1008  1.464592E+01
      1009  2.477094E+00
      1010  5.171320E+00
      1011  2.477094E+00
      1012  5.171320E+00
      1013  6.855528E+00
      1014  1.464592E+01
      1015  5.680491E+00
      1016  1.408465E+01
      1017  5.244121E+00
      1018  1.351882E+01
      1019  4.983076E+00
      1020  1.326666E+01
      1021  1.003306E+02
      1022  5.887244E+01
      1023  2.998761E+01
      1024  1.263733E+01
      1025  6.208456E+00
      1026  1.003306E+02
      1027  5.887244E+01
      1028  2.998761E+01
      1029  1.263733E+01
      1030  6.208456E+00
      1031  4.013606E+00
      1032  1.121790E+01
      1033  4.302923E+00
      1034  1.141571E+01
      1035  4.770689E+00
      1036  1.195701E+01
      1037  6.033061E+00
      1038  1.251869E+01
      1039  2.170942E+00
      1040  4.378307E+00
      1041  2.170942E+00
      1042  4.378307E+00
      1043  6.033061E+00
      1044  1.251869E+01
      1045  4.770689E+00
      1046  1.195701E+01
      1047  4.302923E+00
      1048  1.141571E+01
      1049  4.013606E+00
      1050  1.121790E+01
      1051  8.106838E+01
      1052  4.793434E+01
      1053  2.507592E+01
      1054  1.141296E+01
      1055  6.319085E+00
      1056  8.106838E+01
      1057  4.793434E+01
      1058  2.507592E+01
      1059  1.141296E+01
      1060  6.319085E+00
      1061  3.168656E+00
      1062  9.418383E+00
      1063  3.496159E+00
      1064  9.508057E+00
      1065  3.994383E+00
      1066  9.979415E+00
      1067  5.346198E+00
      1068  1.052346E+01
      1069  1.903487E+00
      1070  3.629942E+00
      1071  1.903487E+00
      1072  3.629942E+00
      1073  5.346198E+00
      1074  1.052346E+01
      1075  3.994383E+00
      1076  9.979415E+00
      1077  3.496159E+00
      1078  9.508057E+00
      1079  3.168656E+00
      1080  9.418383E+00
      1081  6.315298E+01
      1082  3.774042E+01
      1083  2.049747E+01
      1084  1.029541E+01
      1085  6.501930E+00
      1086  6.315298E+01
      1087  3.774042E+01
      1088  2.049747E+01
      1089  1.029541E+01
      1090  6.501930E+00
      1091  2.507141E+00
      1092  7.917082E+00
      1093  2.882402E+00
      1094  7.824203E+00
      1095  3.395309E+00
      1096  8.158268E+00
      1097  4.821262E+00
      1098  8.656893E+00
      1099  1.672921E+00
      1100  2.925278E+00
      1101  1.672921E+00
      1102  2.925278E+00
      1103  4.821262E+00
      1104  8.656893E+00
      1105  3.395309E+00
      1106  8.158268E+00
      1107  2.882402E+00
      1108  7.824203E+00
      1109  2.507141E+00
      1110  7.917082E+00
      1111  4.673988E+01
      1112  2.842020E+01
      1113  1.634519E+01
      1114  9.327087E+00
      1115  6.755961E+00
      1116  4.673988E+01
      1117  2.842020E+01
      1118  1.634519E+01
      1119  9.327087E+00
      1120  6.755961E+00
      1121  2.146623E+00
      1122  6.764976E+00
      1123  2.576606E+00
      1124  6.403146E+00
      1125  3.058849E+00
      1126  6.510130E+00
      1127  4.511691E+00
      1128  6.922906E+00
      1129  1.475515E+00
      1130  2.268551E+00
      1131  1.475515E+00
      1132  2.268551E+00
      1133  4.511691E+00
      1134  6.922906E+00
      1135  3.058849E+00
      1136  6.510130E+00
      1137  2.576606E+00
      1138  6.403146E+00
      1139  2.146623E+00
      1140  6.764976E+00
      1141  3.202705E+01
      1142  2.016354E+01
      1143  1.275477E+01
      1144  8.552545E+00
      1145  7.056069E+00
      1146  3.202705E+01
      1147  2.016354E+01
      1148  1.275477E+01
      1149  8.552545E+00
      1150  7.056069E+00
      1151  2.282713E+00
      1152  6.002264E+00
      1153  2.774024E+00
      1154  5.320245E+00
      1155  3.144249E+00
      1156  5.112634E+00
      1157  4.543291E+00
      1158  5.398576E+00
      1159  1.305445E+00
      1160  1.702395E+00
      1161  1.305445E+00
      1162  1.702395E+00
      1163  4.543291E+00
      1164  5.398576E+00
      1165  3.144249E+00
      1166  5.112634E+00
      1167  2.774024E+00
      1168  5.320245E+00
      1169  2.282713E+00
      1170  6.002264E+00
      1171  1.931030E+01
      1172  1.323161E+01
      1173  9.889709E+00
      1174  7.983715E+00
      1175  7.345367E+00
      1176  1.931030E+01
      1177  1.323161E+01
      1178  9.889709E+00
      1179  7.983715E+00
      1180  7.345367E+00
      1181  3.085675E+00
      1182  5.605969E+00
      1183  3.687621E+00
      1184  4.701830E+00
      1185  3.914808E+00
      1186  4.208208E+00
      1187  5.256957E+00
      1188  4.395135E+00
      1189  1.176055E+00
      1190  1.396557E+00
      1191  1.176055E+00
      1192  1.396557E+00
      1193  5.256957E+00
      1194  4.395135E+00
      1195  3.914808E+00
      1196  4.208208E+00
      1197  3.687621E+00
      1198  4.701830E+00
      1199  3.085675E+00
      1200  5.605969E+00
      1201  9.213165E+00
      1202  7.971669E+00
      1203  7.825144E+00
      1204  7.670415E+00
      1205  7.765538E+00
      1206  9.213165E+00
      1207  7.971669E+00
      1208  7.825144E+00
      1209  7.670415E+00
      1210  7.765538E+00
      1211  4.315488E+00
      1212  5.272778E+00
      1213  5.230347E+00
      1214  4.546108E+00
      1215  5.660913E+00
      1216  4.308047E+00
      1217  7.614632E+00
      1218  4.981651E+00
      1219  1.150689E+00
      1220  1.980937E+00
      1221  1.150689E+00
      1222  1.980937E+00
      1223  7.614632E+00
      1224  4.981651E+00
      1225  5.660913E+00
      1226  4.308047E+00
      1227  5.230347E+00
      1228  4.546108E+00
      1229  4.315488E+00
      1230  5.272778E+00
      1231  2.679717E+00
      1232  4.114915E+00
      1233  5.922346E+00
      1234  7.587680E+00
      1235  1.022803E+01
      1236  2.679717E+00
      1237  4.114915E+00
      1238  5.922346E+00
      1239  7.587680E+00
      1240  1.022803E+01
      1241  5.072688E+00
      1242  4.647655E+00
      1243  6.500067E+00
      1244  4.536481E+00
      1245  8.586780E+00
      1246  5.901957E+00
      1247  1.572683E+01
      1248  1.106596E+01
      1249  1.809999E+00
      1250  6.608762E+00
      1251  1.809999E+00
      1252  6.608762E+00
      1253  1.572683E+01
      1254  1.106596E+01
      1255  8.586780E+00
      1256  5.901957E+00
      1257  6.500067E+00
      1258  4.536481E+00
      1259  5.072688E+00
      1260  4.647655E+00
      1261  1.213737E-01
      1262  5.451719E-01
      1263  1.586117E+00
      1264  3.847605E+00
      1265  1.013562E+01
      1266  1.213737E-01
      1267  5.451719E-01
      1268  1.586117E+00
      1269  3.847605E+00
      1270  1.013562E+01
      1271  2.860239E+00
      1272  3.641774E+00
      1273  4.154113E+00
      1274  3.725029E+00
      1275  7.149148E+00
      1276  7.746825E+00
      1277  2.408576E+01
      1278  2.327720E+01
      1279  2.775877E+00
      1280  1.798669E+01
      1281  2.775877E+00
      1282  1.798669E+01
      1283  2.408576E+01
      1284  2.327720E+01
      1285  7.149148E+00
      1286  7.746825E+00
      1287  4.154113E+00
      1288  3.725029E+00
      1289  2.860239E+00
      1290  3.641774E+00
