    1C
    1UNormalized cross-passage space-truss torsion benchmark            
    1UUSER                                                              
    1UDATE              05.august.2026                                  
    1UTIME              18:13:50                                        
    1UHOST                                                              
    1UPGM               CalculiX                                        
    1UVERSION           Version 2.21                             
    1UCOMPILETIME       Sat Jul 29 10:52:01 CEST 2023                    
    1UDIR                                                               
    1UDBN                                                               
    1UMAT    1STEEL                                                     
    2C                          5360                                     1
 -1      1285-1.19366E+00 6.44084E-04-3.54880E-02
 -1      1286-1.23018E+00 3.53184E-03-1.94153E-02
 -1      1287-1.20634E+00-6.44084E-04 3.54880E-02
 -1      1288-1.16982E+00-3.53184E-03 1.94153E-02
 -1      1293-1.20160E+00-3.41306E-02-1.15131E-02
 -1      1294-1.20012E+00-2.51131E-03-3.59678E-02
 -1      1295-1.19840E+00 3.41306E-02 1.15131E-02
 -1      1296-1.19988E+00 2.51131E-03 3.59678E-02
 -1      1301-1.23369E+00-1.28279E-02 6.00624E-04
 -1      1302-1.20110E+00-3.59992E-02 1.68554E-03
 -1      1303-1.16631E+00 1.28279E-02-6.00624E-04
 -1      1304-1.19890E+00 3.59992E-02-1.68554E-03
 -1      1335 1.20169E+00 2.55804E-03-3.59249E-02
 -1      1336 1.16755E+00-2.02583E-03-1.55882E-02
 -1      1337 1.19831E+00-2.55804E-03 3.59249E-02
 -1      1338 1.23245E+00 2.02583E-03 1.55882E-02
 -1      1343 1.20158E+00-3.37708E-02-1.25314E-02
 -1      1344 1.20007E+00-1.43399E-03-3.60269E-02
 -1      1345 1.19842E+00 3.37708E-02 1.25314E-02
 -1      1346 1.19993E+00 1.43399E-03 3.60269E-02
 -1      1351 1.16711E+00-1.47487E-02-6.90560E-04
 -1      1352 1.20098E+00-3.60028E-02-1.68571E-03
 -1      1353 1.23289E+00 1.47487E-02 6.90560E-04
 -1      1354 1.19902E+00 3.60028E-02 1.68571E-03
 -1      1385-1.19289E+00-3.02333E-03 1.96478E+00
 -1      1386-1.22974E+00 1.45356E-03 1.97967E+00
 -1      1387-1.20711E+00 3.02333E-03 2.03522E+00
 -1      1388-1.17026E+00-1.45356E-03 2.02033E+00
 -1      1393-1.19842E+00-3.37708E-02 1.98747E+00
 -1      1394-1.19993E+00-1.43399E-03 1.96397E+00
 -1      1395-1.20158E+00 3.37708E-02 2.01253E+00
 -1      1396-1.20007E+00 1.43399E-03 2.03603E+00
 -1      1401-1.23289E+00-1.47487E-02 1.99931E+00
 -1      1402-1.19902E+00-3.60028E-02 1.99831E+00
 -1      1403-1.16711E+00 1.47487E-02 2.00069E+00
 -1      1404-1.20098E+00 3.60028E-02 2.00169E+00
 -1      1435 1.20307E+00-9.68144E-04 1.96409E+00
 -1      1436 1.16817E+00-3.58799E-03 1.98345E+00
 -1      1437 1.19693E+00 9.68144E-04 2.03591E+00
 -1      1438 1.23183E+00 3.58799E-03 2.01655E+00
 -1      1443 1.19840E+00-3.41306E-02 1.98849E+00
 -1      1444 1.19988E+00-2.51131E-03 1.96403E+00
 -1      1445 1.20160E+00 3.41306E-02 2.01151E+00
 -1      1446 1.20012E+00 2.51131E-03 2.03597E+00
 -1      1451 1.16631E+00-1.28279E-02 2.00060E+00
 -1      1452 1.19890E+00-3.59992E-02 2.00169E+00
 -1      1453 1.23369E+00 1.28279E-02 1.99940E+00
 -1      1454 1.20110E+00 3.59992E-02 1.99831E+00
 -1      1485-1.19617E+00 9.99948E+00-3.58473E-02
 -1      1486-1.23159E+00 9.99848E+00-1.73052E-02
 -1      1487-1.20383E+00 1.00005E+01 3.58473E-02
 -1      1488-1.16841E+00 1.00015E+01 1.73052E-02
 -1      1493-1.20160E+00 9.96587E+00-1.15131E-02
 -1      1494-1.20012E+00 9.99749E+00-3.59678E-02
 -1      1495-1.19840E+00 1.00341E+01 1.15131E-02
 -1      1496-1.19988E+00 1.00025E+01 3.59678E-02
 -1      1501-1.23369E+00 9.98717E+00 6.00624E-04
 -1      1502-1.20110E+00 9.96400E+00 1.68554E-03
 -1      1503-1.16631E+00 1.00128E+01-6.00624E-04
 -1      1504-1.19890E+00 1.00360E+01-1.68554E-03
 -1      1509-1.19206E+00 9.99803E+00-3.51161E-02
 -1      1510-1.22907E+00 1.00036E+01-2.10128E-02
 -1      1511-1.20794E+00 1.00020E+01 3.51161E-02
 -1      1512-1.17093E+00 9.99637E+00 2.10128E-02
 -1      1551 1.20435E+00 9.99951E+00-3.57889E-02
 -1      1552 1.16864E+00 9.99924E+00-1.77719E-02
 -1      1553 1.19565E+00 1.00005E+01 3.57889E-02
 -1      1554 1.23136E+00 1.00008E+01 1.77719E-02
 -1      1559 1.20158E+00 9.96623E+00-1.25314E-02
 -1      1560 1.20007E+00 9.99857E+00-3.60269E-02
 -1      1561 1.19842E+00 1.00338E+01 1.25314E-02
 -1      1562 1.19993E+00 1.00014E+01 3.60269E-02
 -1      1567 1.16711E+00 9.98525E+00-6.90560E-04
 -1      1568 1.20098E+00 9.96400E+00-1.68571E-03
 -1      1569 1.23289E+00 1.00147E+01 6.90560E-04
 -1      1570 1.19902E+00 1.00360E+01 1.68571E-03
 -1      1601-1.19664E+00 1.00008E+01 1.96411E+00
 -1      1602-1.23182E+00 9.99911E+00 1.98307E+00
 -1      1603-1.20336E+00 9.99921E+00 2.03589E+00
 -1      1604-1.16818E+00 1.00009E+01 2.01693E+00
 -1      1609-1.19842E+00 9.96623E+00 1.98747E+00
 -1      1610-1.19993E+00 9.99857E+00 1.96397E+00
 -1      1611-1.20158E+00 1.00338E+01 2.01253E+00
 -1      1612-1.20007E+00 1.00014E+01 2.03603E+00
 -1      1617-1.23289E+00 9.98525E+00 1.99931E+00
 -1      1618-1.19902E+00 9.96400E+00 1.99831E+00
 -1      1619-1.16711E+00 1.00147E+01 2.00069E+00
 -1      1620-1.20098E+00 1.00360E+01 2.00169E+00
 -1      1625-1.19289E+00 9.99698E+00 1.96478E+00
 -1      1626-1.22974E+00 1.00015E+01 1.97967E+00
 -1      1627-1.20711E+00 1.00030E+01 2.03522E+00
 -1      1628-1.17026E+00 9.99855E+00 2.02033E+00
 -1      1667 1.20397E+00 1.00006E+01 1.96417E+00
 -1      1668 1.16845E+00 9.99979E+00 1.98254E+00
 -1      1669 1.19603E+00 9.99938E+00 2.03583E+00
 -1      1670 1.23155E+00 1.00002E+01 2.01746E+00
 -1      1675 1.19840E+00 9.96587E+00 1.98849E+00
 -1      1676 1.19988E+00 9.99749E+00 1.96403E+00
 -1      1677 1.20160E+00 1.00341E+01 2.01151E+00
 -1      1678 1.20012E+00 1.00025E+01 2.03597E+00
 -1      1683 1.16631E+00 9.98717E+00 2.00060E+00
 -1      1684 1.19890E+00 9.96400E+00 2.00169E+00
 -1      1685 1.23369E+00 1.00128E+01 1.99940E+00
 -1      1686 1.20110E+00 1.00360E+01 1.99831E+00
 -1      1717-1.19617E+00 1.99995E+01-3.58473E-02
 -1      1718-1.23159E+00 1.99985E+01-1.73052E-02
 -1      1719-1.20383E+00 2.00005E+01 3.58473E-02
 -1      1720-1.16841E+00 2.00015E+01 1.73052E-02
 -1      1725-1.20160E+00 1.99659E+01-1.15131E-02
 -1      1726-1.20012E+00 1.99975E+01-3.59678E-02
 -1      1727-1.19840E+00 2.00341E+01 1.15131E-02
 -1      1728-1.19988E+00 2.00025E+01 3.59678E-02
 -1      1733-1.23369E+00 1.99872E+01 6.00624E-04
 -1      1734-1.20110E+00 1.99640E+01 1.68554E-03
 -1      1735-1.16631E+00 2.00128E+01-6.00624E-04
 -1      1736-1.19890E+00 2.00360E+01-1.68554E-03
 -1      1741-1.19206E+00 1.99980E+01-3.51161E-02
 -1      1742-1.22907E+00 2.00036E+01-2.10128E-02
 -1      1743-1.20794E+00 2.00020E+01 3.51161E-02
 -1      1744-1.17093E+00 1.99964E+01 2.10128E-02
 -1      1783 1.20435E+00 1.99995E+01-3.57889E-02
 -1      1784 1.16864E+00 1.99992E+01-1.77719E-02
 -1      1785 1.19565E+00 2.00005E+01 3.57889E-02
 -1      1786 1.23136E+00 2.00008E+01 1.77719E-02
 -1      1791 1.20158E+00 1.99662E+01-1.25314E-02
 -1      1792 1.20007E+00 1.99986E+01-3.60269E-02
 -1      1793 1.19842E+00 2.00338E+01 1.25314E-02
 -1      1794 1.19993E+00 2.00014E+01 3.60269E-02
 -1      1799 1.16711E+00 1.99853E+01-6.90560E-04
 -1      1800 1.20098E+00 1.99640E+01-1.68571E-03
 -1      1801 1.23289E+00 2.00147E+01 6.90560E-04
 -1      1802 1.19902E+00 2.00360E+01 1.68571E-03
 -1      1833-1.19664E+00 2.00008E+01 1.96411E+00
 -1      1834-1.23182E+00 1.99991E+01 1.98307E+00
 -1      1835-1.20336E+00 1.99992E+01 2.03589E+00
 -1      1836-1.16818E+00 2.00009E+01 2.01693E+00
 -1      1841-1.19842E+00 1.99662E+01 1.98747E+00
 -1      1842-1.19993E+00 1.99986E+01 1.96397E+00
 -1      1843-1.20158E+00 2.00338E+01 2.01253E+00
 -1      1844-1.20007E+00 2.00014E+01 2.03603E+00
 -1      1849-1.23289E+00 1.99853E+01 1.99931E+00
 -1      1850-1.19902E+00 1.99640E+01 1.99831E+00
 -1      1851-1.16711E+00 2.00147E+01 2.00069E+00
 -1      1852-1.20098E+00 2.00360E+01 2.00169E+00
 -1      1857-1.19289E+00 1.99970E+01 1.96478E+00
 -1      1858-1.22974E+00 2.00015E+01 1.97967E+00
 -1      1859-1.20711E+00 2.00030E+01 2.03522E+00
 -1      1860-1.17026E+00 1.99985E+01 2.02033E+00
 -1      1899 1.20397E+00 2.00006E+01 1.96417E+00
 -1      1900 1.16845E+00 1.99998E+01 1.98254E+00
 -1      1901 1.19603E+00 1.99994E+01 2.03583E+00
 -1      1902 1.23155E+00 2.00002E+01 2.01746E+00
 -1      1907 1.19840E+00 1.99659E+01 1.98849E+00
 -1      1908 1.19988E+00 1.99975E+01 1.96403E+00
 -1      1909 1.20160E+00 2.00341E+01 2.01151E+00
 -1      1910 1.20012E+00 2.00025E+01 2.03597E+00
 -1      1915 1.16631E+00 1.99872E+01 2.00060E+00
 -1      1916 1.19890E+00 1.99640E+01 2.00169E+00
 -1      1917 1.23369E+00 2.00128E+01 1.99940E+00
 -1      1918 1.20110E+00 2.00360E+01 1.99831E+00
 -1      1949-1.19617E+00 2.99995E+01-3.58473E-02
 -1      1950-1.23159E+00 2.99985E+01-1.73052E-02
 -1      1951-1.20383E+00 3.00005E+01 3.58473E-02
 -1      1952-1.16841E+00 3.00015E+01 1.73052E-02
 -1      1957-1.20160E+00 2.99659E+01-1.15131E-02
 -1      1958-1.20012E+00 2.99975E+01-3.59678E-02
 -1      1959-1.19840E+00 3.00341E+01 1.15131E-02
 -1      1960-1.19988E+00 3.00025E+01 3.59678E-02
 -1      1965-1.23369E+00 2.99872E+01 6.00624E-04
 -1      1966-1.20110E+00 2.99640E+01 1.68554E-03
 -1      1967-1.16631E+00 3.00128E+01-6.00624E-04
 -1      1968-1.19890E+00 3.00360E+01-1.68554E-03
 -1      1973-1.19206E+00 2.99980E+01-3.51161E-02
 -1      1974-1.22907E+00 3.00036E+01-2.10128E-02
 -1      1975-1.20794E+00 3.00020E+01 3.51161E-02
 -1      1976-1.17093E+00 2.99964E+01 2.10128E-02
 -1      2015 1.20435E+00 2.99995E+01-3.57889E-02
 -1      2016 1.16864E+00 2.99992E+01-1.77719E-02
 -1      2017 1.19565E+00 3.00005E+01 3.57889E-02
 -1      2018 1.23136E+00 3.00008E+01 1.77719E-02
 -1      2023 1.20158E+00 2.99662E+01-1.25314E-02
 -1      2024 1.20007E+00 2.99986E+01-3.60269E-02
 -1      2025 1.19842E+00 3.00338E+01 1.25314E-02
 -1      2026 1.19993E+00 3.00014E+01 3.60269E-02
 -1      2031 1.16711E+00 2.99853E+01-6.90560E-04
 -1      2032 1.20098E+00 2.99640E+01-1.68571E-03
 -1      2033 1.23289E+00 3.00147E+01 6.90560E-04
 -1      2034 1.19902E+00 3.00360E+01 1.68571E-03
 -1      2065-1.19664E+00 3.00008E+01 1.96411E+00
 -1      2066-1.23182E+00 2.99991E+01 1.98307E+00
 -1      2067-1.20336E+00 2.99992E+01 2.03589E+00
 -1      2068-1.16818E+00 3.00009E+01 2.01693E+00
 -1      2073-1.19842E+00 2.99662E+01 1.98747E+00
 -1      2074-1.19993E+00 2.99986E+01 1.96397E+00
 -1      2075-1.20158E+00 3.00338E+01 2.01253E+00
 -1      2076-1.20007E+00 3.00014E+01 2.03603E+00
 -1      2081-1.23289E+00 2.99853E+01 1.99931E+00
 -1      2082-1.19902E+00 2.99640E+01 1.99831E+00
 -1      2083-1.16711E+00 3.00147E+01 2.00069E+00
 -1      2084-1.20098E+00 3.00360E+01 2.00169E+00
 -1      2089-1.19289E+00 2.99970E+01 1.96478E+00
 -1      2090-1.22974E+00 3.00015E+01 1.97967E+00
 -1      2091-1.20711E+00 3.00030E+01 2.03522E+00
 -1      2092-1.17026E+00 2.99985E+01 2.02033E+00
 -1      2131 1.20397E+00 3.00006E+01 1.96417E+00
 -1      2132 1.16845E+00 2.99998E+01 1.98254E+00
 -1      2133 1.19603E+00 2.99994E+01 2.03583E+00
 -1      2134 1.23155E+00 3.00002E+01 2.01746E+00
 -1      2139 1.19840E+00 2.99659E+01 1.98849E+00
 -1      2140 1.19988E+00 2.99975E+01 1.96403E+00
 -1      2141 1.20160E+00 3.00341E+01 2.01151E+00
 -1      2142 1.20012E+00 3.00025E+01 2.03597E+00
 -1      2147 1.16631E+00 2.99872E+01 2.00060E+00
 -1      2148 1.19890E+00 2.99640E+01 2.00169E+00
 -1      2149 1.23369E+00 3.00128E+01 1.99940E+00
 -1      2150 1.20110E+00 3.00360E+01 1.99831E+00
 -1      2181-1.19617E+00 3.99995E+01-3.58473E-02
 -1      2182-1.23159E+00 3.99985E+01-1.73052E-02
 -1      2183-1.20383E+00 4.00005E+01 3.58473E-02
 -1      2184-1.16841E+00 4.00015E+01 1.73052E-02
 -1      2189-1.20160E+00 3.99659E+01-1.15131E-02
 -1      2190-1.20012E+00 3.99975E+01-3.59678E-02
 -1      2191-1.19840E+00 4.00341E+01 1.15131E-02
 -1      2192-1.19988E+00 4.00025E+01 3.59678E-02
 -1      2197-1.23369E+00 3.99872E+01 6.00624E-04
 -1      2198-1.20110E+00 3.99640E+01 1.68554E-03
 -1      2199-1.16631E+00 4.00128E+01-6.00624E-04
 -1      2200-1.19890E+00 4.00360E+01-1.68554E-03
 -1      2205-1.19206E+00 3.99980E+01-3.51161E-02
 -1      2206-1.22907E+00 4.00036E+01-2.10128E-02
 -1      2207-1.20794E+00 4.00020E+01 3.51161E-02
 -1      2208-1.17093E+00 3.99964E+01 2.10128E-02
 -1      2247 1.20435E+00 3.99995E+01-3.57889E-02
 -1      2248 1.16864E+00 3.99992E+01-1.77719E-02
 -1      2249 1.19565E+00 4.00005E+01 3.57889E-02
 -1      2250 1.23136E+00 4.00008E+01 1.77719E-02
 -1      2255 1.20158E+00 3.99662E+01-1.25314E-02
 -1      2256 1.20007E+00 3.99986E+01-3.60269E-02
 -1      2257 1.19842E+00 4.00338E+01 1.25314E-02
 -1      2258 1.19993E+00 4.00014E+01 3.60269E-02
 -1      2263 1.16711E+00 3.99853E+01-6.90560E-04
 -1      2264 1.20098E+00 3.99640E+01-1.68571E-03
 -1      2265 1.23289E+00 4.00147E+01 6.90560E-04
 -1      2266 1.19902E+00 4.00360E+01 1.68571E-03
 -1      2297-1.19664E+00 4.00008E+01 1.96411E+00
 -1      2298-1.23182E+00 3.99991E+01 1.98307E+00
 -1      2299-1.20336E+00 3.99992E+01 2.03589E+00
 -1      2300-1.16818E+00 4.00009E+01 2.01693E+00
 -1      2305-1.19842E+00 3.99662E+01 1.98747E+00
 -1      2306-1.19993E+00 3.99986E+01 1.96397E+00
 -1      2307-1.20158E+00 4.00338E+01 2.01253E+00
 -1      2308-1.20007E+00 4.00014E+01 2.03603E+00
 -1      2313-1.23289E+00 3.99853E+01 1.99931E+00
 -1      2314-1.19902E+00 3.99640E+01 1.99831E+00
 -1      2315-1.16711E+00 4.00147E+01 2.00069E+00
 -1      2316-1.20098E+00 4.00360E+01 2.00169E+00
 -1      2321-1.19289E+00 3.99970E+01 1.96478E+00
 -1      2322-1.22974E+00 4.00015E+01 1.97967E+00
 -1      2323-1.20711E+00 4.00030E+01 2.03522E+00
 -1      2324-1.17026E+00 3.99985E+01 2.02033E+00
 -1      2363 1.20397E+00 4.00006E+01 1.96417E+00
 -1      2364 1.16845E+00 3.99998E+01 1.98254E+00
 -1      2365 1.19603E+00 3.99994E+01 2.03583E+00
 -1      2366 1.23155E+00 4.00002E+01 2.01746E+00
 -1      2371 1.19840E+00 3.99659E+01 1.98849E+00
 -1      2372 1.19988E+00 3.99975E+01 1.96403E+00
 -1      2373 1.20160E+00 4.00341E+01 2.01151E+00
 -1      2374 1.20012E+00 4.00025E+01 2.03597E+00
 -1      2379 1.16631E+00 3.99872E+01 2.00060E+00
 -1      2380 1.19890E+00 3.99640E+01 2.00169E+00
 -1      2381 1.23369E+00 4.00128E+01 1.99940E+00
 -1      2382 1.20110E+00 4.00360E+01 1.99831E+00
 -1      2413-1.19609E+00 4.99979E+01-3.57804E-02
 -1      2414-1.23151E+00 4.99969E+01-1.72323E-02
 -1      2415-1.20391E+00 5.00021E+01 3.57804E-02
 -1      2416-1.16849E+00 5.00031E+01 1.72323E-02
 -1      2421-1.20160E+00 4.99659E+01-1.15131E-02
 -1      2422-1.20012E+00 4.99975E+01-3.59678E-02
 -1      2423-1.19840E+00 5.00341E+01 1.15131E-02
 -1      2424-1.19988E+00 5.00025E+01 3.59678E-02
 -1      2429-1.23369E+00 4.99872E+01 6.00624E-04
 -1      2430-1.20110E+00 4.99640E+01 1.68554E-03
 -1      2431-1.16631E+00 5.00128E+01-6.00624E-04
 -1      2432-1.19890E+00 5.00360E+01-1.68554E-03
 -1      2463 1.20659E+00 4.99961E+01-3.52366E-02
 -1      2464 1.16988E+00 5.00000E+01-1.98219E-02
 -1      2465 1.19341E+00 5.00039E+01 3.52366E-02
 -1      2466 1.23012E+00 5.00000E+01 1.98219E-02
 -1      2471 1.20158E+00 4.99662E+01-1.25314E-02
 -1      2472 1.20007E+00 4.99986E+01-3.60269E-02
 -1      2473 1.19842E+00 5.00338E+01 1.25314E-02
 -1      2474 1.19993E+00 5.00014E+01 3.60269E-02
 -1      2479 1.16711E+00 4.99853E+01-6.90560E-04
 -1      2480 1.20098E+00 4.99640E+01-1.68571E-03
 -1      2481 1.23289E+00 5.00147E+01 6.90560E-04
 -1      2482 1.19902E+00 5.00360E+01 1.68571E-03
 -1      2513-1.19825E+00 5.00036E+01 1.96417E+00
 -1      2514-1.23250E+00 4.99995E+01 1.98440E+00
 -1      2515-1.20175E+00 4.99964E+01 2.03583E+00
 -1      2516-1.16750E+00 5.00005E+01 2.01560E+00
 -1      2521-1.19842E+00 4.99662E+01 1.98747E+00
 -1      2522-1.19993E+00 4.99986E+01 1.96397E+00
 -1      2523-1.20158E+00 5.00338E+01 2.01253E+00
 -1      2524-1.20007E+00 5.00014E+01 2.03603E+00
 -1      2529-1.23289E+00 4.99853E+01 1.99931E+00
 -1      2530-1.19902E+00 4.99640E+01 1.99831E+00
 -1      2531-1.16711E+00 5.00147E+01 2.00069E+00
 -1      2532-1.20098E+00 5.00360E+01 2.00169E+00
 -1      2563 1.20511E+00 5.00020E+01 1.96437E+00
 -1      2564 1.16909E+00 5.00032E+01 1.98171E+00
 -1      2565 1.19489E+00 4.99980E+01 2.03563E+00
 -1      2566 1.23091E+00 4.99968E+01 2.01829E+00
 -1      2571 1.19840E+00 4.99659E+01 1.98849E+00
 -1      2572 1.19988E+00 4.99975E+01 1.96403E+00
 -1      2573 1.20160E+00 5.00341E+01 2.01151E+00
 -1      2574 1.20012E+00 5.00025E+01 2.03597E+00
 -1      2579 1.16631E+00 4.99872E+01 2.00060E+00
 -1      2580 1.19890E+00 4.99640E+01 2.00169E+00
 -1      2581 1.23369E+00 5.00128E+01 1.99940E+00
 -1      2582 1.20110E+00 5.00360E+01 1.99831E+00
 -1      2613-1.19506E+00 6.23362E-01-6.49419E-02
 -1      2614-1.23107E+00 6.24161E-01-4.75381E-02
 -1      2615-1.20494E+00 6.26638E-01 6.41481E-03
 -1      2616-1.16893E+00 6.25839E-01-1.09890E-02
 -1      2621-1.19509E+00 1.24846E+00-9.30886E-02
 -1      2622-1.23108E+00 1.24921E+00-7.56571E-02
 -1      2623-1.20491E+00 1.25154E+00-2.17164E-02
 -1      2624-1.16892E+00 1.25079E+00-3.91479E-02
 -1      2629-1.19513E+00 1.87361E+00-1.19034E-01
 -1      2630-1.23110E+00 1.87429E+00-1.01557E-01
 -1      2631-1.20487E+00 1.87639E+00-4.76374E-02
 -1      2632-1.16890E+00 1.87571E+00-6.51140E-02
 -1      2637-1.19519E+00 2.49882E+00-1.41779E-01
 -1      2638-1.23113E+00 2.49940E+00-1.24242E-01
 -1      2639-1.20481E+00 2.50118E+00-7.03527E-02
 -1      2640-1.16887E+00 2.50060E+00-8.78902E-02
 -1      2645-1.19526E+00 3.12407E+00-1.60451E-01
 -1      2646-1.23117E+00 3.12453E+00-1.42839E-01
 -1      2647-1.20474E+00 3.12593E+00-8.89902E-02
 -1      2648-1.16883E+00 3.12547E+00-1.06602E-01
 -1      2653-1.19534E+00 3.74936E+00-1.74329E-01
 -1      2654-1.23121E+00 3.74968E+00-1.56632E-01
 -1      2655-1.20466E+00 3.75064E+00-1.02835E-01
 -1      2656-1.16879E+00 3.75032E+00-1.20532E-01
 -1      2661-1.19543E+00 4.37467E+00-1.82881E-01
 -1      2662-1.23126E+00 4.37484E+00-1.65090E-01
 -1      2663-1.20457E+00 4.37533E+00-1.11354E-01
 -1      2664-1.16874E+00 4.37516E+00-1.29145E-01
 -1      2669-1.19553E+00 5.00000E+00-1.85777E-01
 -1      2670-1.23131E+00 5.00000E+00-1.67888E-01
 -1      2671-1.20447E+00 5.00000E+00-1.14223E-01
 -1      2672-1.16869E+00 5.00000E+00-1.32112E-01
 -1      2677-1.19563E+00 5.62533E+00-1.82906E-01
 -1      2678-1.23135E+00 5.62516E+00-1.64919E-01
 -1      2679-1.20437E+00 5.62467E+00-1.11330E-01
 -1      2680-1.16865E+00 5.62484E+00-1.29317E-01
 -1      2685-1.19572E+00 6.25064E+00-1.74377E-01
 -1      2686-1.23140E+00 6.25032E+00-1.56295E-01
 -1      2687-1.20428E+00 6.24936E+00-1.02787E-01
 -1      2688-1.16860E+00 6.24968E+00-1.20869E-01
 -1      2693-1.19582E+00 6.87593E+00-1.60520E-01
 -1      2694-1.23145E+00 6.87546E+00-1.42350E-01
 -1      2695-1.20418E+00 6.87407E+00-8.89205E-02
 -1      2696-1.16855E+00 6.87454E+00-1.07091E-01
 -1      2701-1.19590E+00 7.50119E+00-1.41868E-01
 -1      2702-1.23149E+00 7.50058E+00-1.23620E-01
 -1      2703-1.20410E+00 7.49881E+00-7.02641E-02
 -1      2704-1.16851E+00 7.49942E+00-8.85123E-02
 -1      2709-1.19597E+00 8.12639E+00-1.19138E-01
 -1      2710-1.23152E+00 8.12568E+00-1.00825E-01
 -1      2711-1.20403E+00 8.12361E+00-4.75334E-02
 -1      2712-1.16848E+00 8.12432E+00-6.58456E-02
 -1      2717-1.19602E+00 8.75155E+00-9.32041E-02
 -1      2718-1.23155E+00 8.75075E+00-7.48441E-02
 -1      2719-1.20398E+00 8.74845E+00-2.16010E-02
 -1      2720-1.16845E+00 8.74925E+00-3.99610E-02
 -1      2725-1.19605E+00 9.37664E+00-6.50644E-02
 -1      2726-1.23156E+00 9.37580E+00-4.66749E-02
 -1      2727-1.20395E+00 9.37336E+00 6.53727E-03
 -1      2728-1.16844E+00 9.37420E+00-1.18522E-02
 -1      2733 1.20395E+00 6.26644E-01-6.53727E-03
 -1      2734 1.16844E+00 6.25800E-01 1.18522E-02
 -1      2735 1.19605E+00 6.23356E-01 6.50644E-02
 -1      2736 1.23156E+00 6.24200E-01 4.66749E-02
 -1      2741 1.20398E+00 1.25155E+00 2.16010E-02
 -1      2742 1.16845E+00 1.25075E+00 3.99610E-02
 -1      2743 1.19602E+00 1.24845E+00 9.32041E-02
 -1      2744 1.23155E+00 1.24925E+00 7.48441E-02
 -1      2749 1.20403E+00 1.87639E+00 4.75334E-02
 -1      2750 1.16848E+00 1.87568E+00 6.58456E-02
 -1      2751 1.19597E+00 1.87361E+00 1.19138E-01
 -1      2752 1.23152E+00 1.87432E+00 1.00825E-01
 -1      2757 1.20410E+00 2.50119E+00 7.02641E-02
 -1      2758 1.16851E+00 2.50058E+00 8.85123E-02
 -1      2759 1.19590E+00 2.49881E+00 1.41868E-01
 -1      2760 1.23149E+00 2.49942E+00 1.23620E-01
 -1      2765 1.20418E+00 3.12593E+00 8.89205E-02
 -1      2766 1.16855E+00 3.12546E+00 1.07091E-01
 -1      2767 1.19582E+00 3.12407E+00 1.60520E-01
 -1      2768 1.23145E+00 3.12454E+00 1.42350E-01
 -1      2773 1.20428E+00 3.75064E+00 1.02787E-01
 -1      2774 1.16860E+00 3.75032E+00 1.20869E-01
 -1      2775 1.19572E+00 3.74936E+00 1.74377E-01
 -1      2776 1.23140E+00 3.74968E+00 1.56295E-01
 -1      2781 1.20437E+00 4.37533E+00 1.11330E-01
 -1      2782 1.16865E+00 4.37516E+00 1.29317E-01
 -1      2783 1.19563E+00 4.37467E+00 1.82906E-01
 -1      2784 1.23135E+00 4.37484E+00 1.64919E-01
 -1      2789 1.20447E+00 5.00000E+00 1.14223E-01
 -1      2790 1.16869E+00 5.00000E+00 1.32112E-01
 -1      2791 1.19553E+00 5.00000E+00 1.85777E-01
 -1      2792 1.23131E+00 5.00000E+00 1.67888E-01
 -1      2797 1.20457E+00 5.62467E+00 1.11354E-01
 -1      2798 1.16874E+00 5.62484E+00 1.29145E-01
 -1      2799 1.19543E+00 5.62533E+00 1.82881E-01
 -1      2800 1.23126E+00 5.62516E+00 1.65090E-01
 -1      2805 1.20466E+00 6.24936E+00 1.02835E-01
 -1      2806 1.16879E+00 6.24968E+00 1.20532E-01
 -1      2807 1.19534E+00 6.25064E+00 1.74329E-01
 -1      2808 1.23121E+00 6.25032E+00 1.56632E-01
 -1      2813 1.20474E+00 6.87407E+00 8.89902E-02
 -1      2814 1.16883E+00 6.87453E+00 1.06602E-01
 -1      2815 1.19526E+00 6.87593E+00 1.60451E-01
 -1      2816 1.23117E+00 6.87547E+00 1.42839E-01
 -1      2821 1.20481E+00 7.49882E+00 7.03527E-02
 -1      2822 1.16887E+00 7.49940E+00 8.78902E-02
 -1      2823 1.19519E+00 7.50118E+00 1.41779E-01
 -1      2824 1.23113E+00 7.50060E+00 1.24242E-01
 -1      2829 1.20487E+00 8.12361E+00 4.76374E-02
 -1      2830 1.16890E+00 8.12429E+00 6.51140E-02
 -1      2831 1.19513E+00 8.12639E+00 1.19034E-01
 -1      2832 1.23110E+00 8.12571E+00 1.01557E-01
 -1      2837 1.20491E+00 8.74846E+00 2.17164E-02
 -1      2838 1.16892E+00 8.74921E+00 3.91479E-02
 -1      2839 1.19509E+00 8.75154E+00 9.30886E-02
 -1      2840 1.23108E+00 8.75079E+00 7.56571E-02
 -1      2845 1.20494E+00 9.37336E+00-6.41481E-03
 -1      2846 1.16893E+00 9.37416E+00 1.09890E-02
 -1      2847 1.19506E+00 9.37664E+00 6.49419E-02
 -1      2848 1.23107E+00 9.37584E+00 4.75381E-02
 -1      2853-1.19506E+00 6.23362E-01 1.93506E+00
 -1      2854-1.23107E+00 6.24161E-01 1.95246E+00
 -1      2855-1.20494E+00 6.26638E-01 2.00641E+00
 -1      2856-1.16893E+00 6.25839E-01 1.98901E+00
 -1      2861-1.19509E+00 1.24846E+00 1.90691E+00
 -1      2862-1.23108E+00 1.24921E+00 1.92434E+00
 -1      2863-1.20491E+00 1.25154E+00 1.97828E+00
 -1      2864-1.16892E+00 1.25079E+00 1.96085E+00
 -1      2869-1.19513E+00 1.87361E+00 1.88097E+00
 -1      2870-1.23110E+00 1.87429E+00 1.89844E+00
 -1      2871-1.20487E+00 1.87639E+00 1.95236E+00
 -1      2872-1.16890E+00 1.87571E+00 1.93489E+00
 -1      2877-1.19519E+00 2.49882E+00 1.85822E+00
 -1      2878-1.23113E+00 2.49940E+00 1.87576E+00
 -1      2879-1.20481E+00 2.50118E+00 1.92965E+00
 -1      2880-1.16887E+00 2.50060E+00 1.91211E+00
 -1      2885-1.19526E+00 3.12407E+00 1.83955E+00
 -1      2886-1.23117E+00 3.12453E+00 1.85716E+00
 -1      2887-1.20474E+00 3.12593E+00 1.91101E+00
 -1      2888-1.16883E+00 3.12547E+00 1.89340E+00
 -1      2893-1.19534E+00 3.74936E+00 1.82567E+00
 -1      2894-1.23121E+00 3.74968E+00 1.84337E+00
 -1      2895-1.20466E+00 3.75064E+00 1.89717E+00
 -1      2896-1.16879E+00 3.75032E+00 1.87947E+00
 -1      2901-1.19543E+00 4.37467E+00 1.81712E+00
 -1      2902-1.23126E+00 4.37484E+00 1.83491E+00
 -1      2903-1.20457E+00 4.37533E+00 1.88865E+00
 -1      2904-1.16874E+00 4.37516E+00 1.87085E+00
 -1      2909-1.19553E+00 5.00000E+00 1.81422E+00
 -1      2910-1.23131E+00 5.00000E+00 1.83211E+00
 -1      2911-1.20447E+00 5.00000E+00 1.88578E+00
 -1      2912-1.16869E+00 5.00000E+00 1.86789E+00
 -1      2917-1.19563E+00 5.62533E+00 1.81709E+00
 -1      2918-1.23135E+00 5.62516E+00 1.83508E+00
 -1      2919-1.20437E+00 5.62467E+00 1.88867E+00
 -1      2920-1.16865E+00 5.62484E+00 1.87068E+00
 -1      2925-1.19572E+00 6.25064E+00 1.82562E+00
 -1      2926-1.23140E+00 6.25032E+00 1.84370E+00
 -1      2927-1.20428E+00 6.24936E+00 1.89721E+00
 -1      2928-1.16860E+00 6.24968E+00 1.87913E+00
 -1      2933-1.19582E+00 6.87593E+00 1.83948E+00
 -1      2934-1.23145E+00 6.87546E+00 1.85765E+00
 -1      2935-1.20418E+00 6.87407E+00 1.91108E+00
 -1      2936-1.16855E+00 6.87454E+00 1.89291E+00
 -1      2941-1.19590E+00 7.50119E+00 1.85813E+00
 -1      2942-1.23149E+00 7.50058E+00 1.87638E+00
 -1      2943-1.20410E+00 7.49881E+00 1.92974E+00
 -1      2944-1.16851E+00 7.49942E+00 1.91149E+00
 -1      2949-1.19597E+00 8.12639E+00 1.88086E+00
 -1      2950-1.23152E+00 8.12568E+00 1.89917E+00
 -1      2951-1.20403E+00 8.12361E+00 1.95247E+00
 -1      2952-1.16848E+00 8.12432E+00 1.93415E+00
 -1      2957-1.19602E+00 8.75155E+00 1.90680E+00
 -1      2958-1.23155E+00 8.75075E+00 1.92516E+00
 -1      2959-1.20398E+00 8.74845E+00 1.97840E+00
 -1      2960-1.16845E+00 8.74925E+00 1.96004E+00
 -1      2965-1.19605E+00 9.37664E+00 1.93494E+00
 -1      2966-1.23156E+00 9.37580E+00 1.95333E+00
 -1      2967-1.20395E+00 9.37336E+00 2.00654E+00
 -1      2968-1.16844E+00 9.37420E+00 1.98815E+00
 -1      2973 1.20395E+00 6.26644E-01 1.99346E+00
 -1      2974 1.16844E+00 6.25800E-01 2.01185E+00
 -1      2975 1.19605E+00 6.23356E-01 2.06506E+00
 -1      2976 1.23156E+00 6.24200E-01 2.04667E+00
 -1      2981 1.20398E+00 1.25155E+00 2.02160E+00
 -1      2982 1.16845E+00 1.25075E+00 2.03996E+00
 -1      2983 1.19602E+00 1.24845E+00 2.09320E+00
 -1      2984 1.23155E+00 1.24925E+00 2.07484E+00
 -1      2989 1.20403E+00 1.87639E+00 2.04753E+00
 -1      2990 1.16848E+00 1.87568E+00 2.06585E+00
 -1      2991 1.19597E+00 1.87361E+00 2.11914E+00
 -1      2992 1.23152E+00 1.87432E+00 2.10083E+00
 -1      2997 1.20410E+00 2.50119E+00 2.07026E+00
 -1      2998 1.16851E+00 2.50058E+00 2.08851E+00
 -1      2999 1.19590E+00 2.49881E+00 2.14187E+00
 -1      3000 1.23149E+00 2.49942E+00 2.12362E+00
 -1      3005 1.20418E+00 3.12593E+00 2.08892E+00
 -1      3006 1.16855E+00 3.12546E+00 2.10709E+00
 -1      3007 1.19582E+00 3.12407E+00 2.16052E+00
 -1      3008 1.23145E+00 3.12454E+00 2.14235E+00
 -1      3013 1.20428E+00 3.75064E+00 2.10279E+00
 -1      3014 1.16860E+00 3.75032E+00 2.12087E+00
 -1      3015 1.19572E+00 3.74936E+00 2.17438E+00
 -1      3016 1.23140E+00 3.74968E+00 2.15630E+00
 -1      3021 1.20437E+00 4.37533E+00 2.11133E+00
 -1      3022 1.16865E+00 4.37516E+00 2.12932E+00
 -1      3023 1.19563E+00 4.37467E+00 2.18291E+00
 -1      3024 1.23135E+00 4.37484E+00 2.16492E+00
 -1      3029 1.20447E+00 5.00000E+00 2.11422E+00
 -1      3030 1.16869E+00 5.00000E+00 2.13211E+00
 -1      3031 1.19553E+00 5.00000E+00 2.18578E+00
 -1      3032 1.23131E+00 5.00000E+00 2.16789E+00
 -1      3037 1.20457E+00 5.62467E+00 2.11135E+00
 -1      3038 1.16874E+00 5.62484E+00 2.12915E+00
 -1      3039 1.19543E+00 5.62533E+00 2.18288E+00
 -1      3040 1.23126E+00 5.62516E+00 2.16509E+00
 -1      3045 1.20466E+00 6.24936E+00 2.10283E+00
 -1      3046 1.16879E+00 6.24968E+00 2.12053E+00
 -1      3047 1.19534E+00 6.25064E+00 2.17433E+00
 -1      3048 1.23121E+00 6.25032E+00 2.15663E+00
 -1      3053 1.20474E+00 6.87407E+00 2.08899E+00
 -1      3054 1.16883E+00 6.87453E+00 2.10660E+00
 -1      3055 1.19526E+00 6.87593E+00 2.16045E+00
 -1      3056 1.23117E+00 6.87547E+00 2.14284E+00
 -1      3061 1.20481E+00 7.49882E+00 2.07035E+00
 -1      3062 1.16887E+00 7.49940E+00 2.08789E+00
 -1      3063 1.19519E+00 7.50118E+00 2.14178E+00
 -1      3064 1.23113E+00 7.50060E+00 2.12424E+00
 -1      3069 1.20487E+00 8.12361E+00 2.04764E+00
 -1      3070 1.16890E+00 8.12429E+00 2.06511E+00
 -1      3071 1.19513E+00 8.12639E+00 2.11903E+00
 -1      3072 1.23110E+00 8.12571E+00 2.10156E+00
 -1      3077 1.20491E+00 8.74846E+00 2.02172E+00
 -1      3078 1.16892E+00 8.74921E+00 2.03915E+00
 -1      3079 1.19509E+00 8.75154E+00 2.09309E+00
 -1      3080 1.23108E+00 8.75079E+00 2.07566E+00
 -1      3085 1.20494E+00 9.37336E+00 1.99359E+00
 -1      3086 1.16893E+00 9.37416E+00 2.01099E+00
 -1      3087 1.19506E+00 9.37664E+00 2.06494E+00
 -1      3088 1.23107E+00 9.37584E+00 2.04754E+00
 -1      3093-1.19506E+00 1.06234E+01-6.49419E-02
 -1      3094-1.23107E+00 1.06242E+01-4.75381E-02
 -1      3095-1.20494E+00 1.06266E+01 6.41481E-03
 -1      3096-1.16893E+00 1.06258E+01-1.09890E-02
 -1      3101-1.19509E+00 1.12485E+01-9.30886E-02
 -1      3102-1.23108E+00 1.12492E+01-7.56571E-02
 -1      3103-1.20491E+00 1.12515E+01-2.17164E-02
 -1      3104-1.16892E+00 1.12508E+01-3.91479E-02
 -1      3109-1.19513E+00 1.18736E+01-1.19034E-01
 -1      3110-1.23110E+00 1.18743E+01-1.01557E-01
 -1      3111-1.20487E+00 1.18764E+01-4.76374E-02
 -1      3112-1.16890E+00 1.18757E+01-6.51140E-02
 -1      3117-1.19519E+00 1.24988E+01-1.41779E-01
 -1      3118-1.23113E+00 1.24994E+01-1.24242E-01
 -1      3119-1.20481E+00 1.25012E+01-7.03527E-02
 -1      3120-1.16887E+00 1.25006E+01-8.78902E-02
 -1      3125-1.19526E+00 1.31241E+01-1.60451E-01
 -1      3126-1.23117E+00 1.31245E+01-1.42839E-01
 -1      3127-1.20474E+00 1.31259E+01-8.89902E-02
 -1      3128-1.16883E+00 1.31255E+01-1.06602E-01
 -1      3133-1.19534E+00 1.37494E+01-1.74329E-01
 -1      3134-1.23121E+00 1.37497E+01-1.56632E-01
 -1      3135-1.20466E+00 1.37506E+01-1.02835E-01
 -1      3136-1.16879E+00 1.37503E+01-1.20532E-01
 -1      3141-1.19543E+00 1.43747E+01-1.82881E-01
 -1      3142-1.23126E+00 1.43748E+01-1.65090E-01
 -1      3143-1.20457E+00 1.43753E+01-1.11354E-01
 -1      3144-1.16874E+00 1.43752E+01-1.29145E-01
 -1      3149-1.19553E+00 1.50000E+01-1.85777E-01
 -1      3150-1.23131E+00 1.50000E+01-1.67888E-01
 -1      3151-1.20447E+00 1.50000E+01-1.14223E-01
 -1      3152-1.16869E+00 1.50000E+01-1.32112E-01
 -1      3157-1.19563E+00 1.56253E+01-1.82906E-01
 -1      3158-1.23135E+00 1.56252E+01-1.64919E-01
 -1      3159-1.20437E+00 1.56247E+01-1.11330E-01
 -1      3160-1.16865E+00 1.56248E+01-1.29317E-01
 -1      3165-1.19572E+00 1.62506E+01-1.74377E-01
 -1      3166-1.23140E+00 1.62503E+01-1.56295E-01
 -1      3167-1.20428E+00 1.62494E+01-1.02787E-01
 -1      3168-1.16860E+00 1.62497E+01-1.20869E-01
 -1      3173-1.19582E+00 1.68759E+01-1.60520E-01
 -1      3174-1.23145E+00 1.68755E+01-1.42350E-01
 -1      3175-1.20418E+00 1.68741E+01-8.89205E-02
 -1      3176-1.16855E+00 1.68745E+01-1.07091E-01
 -1      3181-1.19590E+00 1.75012E+01-1.41868E-01
 -1      3182-1.23149E+00 1.75006E+01-1.23620E-01
 -1      3183-1.20410E+00 1.74988E+01-7.02641E-02
 -1      3184-1.16851E+00 1.74994E+01-8.85123E-02
 -1      3189-1.19597E+00 1.81264E+01-1.19138E-01
 -1      3190-1.23152E+00 1.81257E+01-1.00825E-01
 -1      3191-1.20403E+00 1.81236E+01-4.75334E-02
 -1      3192-1.16848E+00 1.81243E+01-6.58456E-02
 -1      3197-1.19602E+00 1.87515E+01-9.32041E-02
 -1      3198-1.23155E+00 1.87508E+01-7.48441E-02
 -1      3199-1.20398E+00 1.87485E+01-2.16010E-02
 -1      3200-1.16845E+00 1.87492E+01-3.99610E-02
 -1      3205-1.19605E+00 1.93766E+01-6.50644E-02
 -1      3206-1.23156E+00 1.93758E+01-4.66749E-02
 -1      3207-1.20395E+00 1.93734E+01 6.53727E-03
 -1      3208-1.16844E+00 1.93742E+01-1.18522E-02
 -1      3213 1.20395E+00 1.06266E+01-6.53727E-03
 -1      3214 1.16844E+00 1.06258E+01 1.18522E-02
 -1      3215 1.19605E+00 1.06234E+01 6.50644E-02
 -1      3216 1.23156E+00 1.06242E+01 4.66749E-02
 -1      3221 1.20398E+00 1.12515E+01 2.16010E-02
 -1      3222 1.16845E+00 1.12508E+01 3.99610E-02
 -1      3223 1.19602E+00 1.12485E+01 9.32041E-02
 -1      3224 1.23155E+00 1.12492E+01 7.48441E-02
 -1      3229 1.20403E+00 1.18764E+01 4.75334E-02
 -1      3230 1.16848E+00 1.18757E+01 6.58456E-02
 -1      3231 1.19597E+00 1.18736E+01 1.19138E-01
 -1      3232 1.23152E+00 1.18743E+01 1.00825E-01
 -1      3237 1.20410E+00 1.25012E+01 7.02641E-02
 -1      3238 1.16851E+00 1.25006E+01 8.85123E-02
 -1      3239 1.19590E+00 1.24988E+01 1.41868E-01
 -1      3240 1.23149E+00 1.24994E+01 1.23620E-01
 -1      3245 1.20418E+00 1.31259E+01 8.89205E-02
 -1      3246 1.16855E+00 1.31255E+01 1.07091E-01
 -1      3247 1.19582E+00 1.31241E+01 1.60520E-01
 -1      3248 1.23145E+00 1.31245E+01 1.42350E-01
 -1      3253 1.20428E+00 1.37506E+01 1.02787E-01
 -1      3254 1.16860E+00 1.37503E+01 1.20869E-01
 -1      3255 1.19572E+00 1.37494E+01 1.74377E-01
 -1      3256 1.23140E+00 1.37497E+01 1.56295E-01
 -1      3261 1.20437E+00 1.43753E+01 1.11330E-01
 -1      3262 1.16865E+00 1.43752E+01 1.29317E-01
 -1      3263 1.19563E+00 1.43747E+01 1.82906E-01
 -1      3264 1.23135E+00 1.43748E+01 1.64919E-01
 -1      3269 1.20447E+00 1.50000E+01 1.14223E-01
 -1      3270 1.16869E+00 1.50000E+01 1.32112E-01
 -1      3271 1.19553E+00 1.50000E+01 1.85777E-01
 -1      3272 1.23131E+00 1.50000E+01 1.67888E-01
 -1      3277 1.20457E+00 1.56247E+01 1.11354E-01
 -1      3278 1.16874E+00 1.56248E+01 1.29145E-01
 -1      3279 1.19543E+00 1.56253E+01 1.82881E-01
 -1      3280 1.23126E+00 1.56252E+01 1.65090E-01
 -1      3285 1.20466E+00 1.62494E+01 1.02835E-01
 -1      3286 1.16879E+00 1.62497E+01 1.20532E-01
 -1      3287 1.19534E+00 1.62506E+01 1.74329E-01
 -1      3288 1.23121E+00 1.62503E+01 1.56632E-01
 -1      3293 1.20474E+00 1.68741E+01 8.89902E-02
 -1      3294 1.16883E+00 1.68745E+01 1.06602E-01
 -1      3295 1.19526E+00 1.68759E+01 1.60451E-01
 -1      3296 1.23117E+00 1.68755E+01 1.42839E-01
 -1      3301 1.20481E+00 1.74988E+01 7.03527E-02
 -1      3302 1.16887E+00 1.74994E+01 8.78902E-02
 -1      3303 1.19519E+00 1.75012E+01 1.41779E-01
 -1      3304 1.23113E+00 1.75006E+01 1.24242E-01
 -1      3309 1.20487E+00 1.81236E+01 4.76374E-02
 -1      3310 1.16890E+00 1.81243E+01 6.51140E-02
 -1      3311 1.19513E+00 1.81264E+01 1.19034E-01
 -1      3312 1.23110E+00 1.81257E+01 1.01557E-01
 -1      3317 1.20491E+00 1.87485E+01 2.17164E-02
 -1      3318 1.16892E+00 1.87492E+01 3.91479E-02
 -1      3319 1.19509E+00 1.87515E+01 9.30886E-02
 -1      3320 1.23108E+00 1.87508E+01 7.56571E-02
 -1      3325 1.20494E+00 1.93734E+01-6.41481E-03
 -1      3326 1.16893E+00 1.93742E+01 1.09890E-02
 -1      3327 1.19506E+00 1.93766E+01 6.49419E-02
 -1      3328 1.23107E+00 1.93758E+01 4.75381E-02
 -1      3333-1.19506E+00 1.06234E+01 1.93506E+00
 -1      3334-1.23107E+00 1.06242E+01 1.95246E+00
 -1      3335-1.20494E+00 1.06266E+01 2.00641E+00
 -1      3336-1.16893E+00 1.06258E+01 1.98901E+00
 -1      3341-1.19509E+00 1.12485E+01 1.90691E+00
 -1      3342-1.23108E+00 1.12492E+01 1.92434E+00
 -1      3343-1.20491E+00 1.12515E+01 1.97828E+00
 -1      3344-1.16892E+00 1.12508E+01 1.96085E+00
 -1      3349-1.19513E+00 1.18736E+01 1.88097E+00
 -1      3350-1.23110E+00 1.18743E+01 1.89844E+00
 -1      3351-1.20487E+00 1.18764E+01 1.95236E+00
 -1      3352-1.16890E+00 1.18757E+01 1.93489E+00
 -1      3357-1.19519E+00 1.24988E+01 1.85822E+00
 -1      3358-1.23113E+00 1.24994E+01 1.87576E+00
 -1      3359-1.20481E+00 1.25012E+01 1.92965E+00
 -1      3360-1.16887E+00 1.25006E+01 1.91211E+00
 -1      3365-1.19526E+00 1.31241E+01 1.83955E+00
 -1      3366-1.23117E+00 1.31245E+01 1.85716E+00
 -1      3367-1.20474E+00 1.31259E+01 1.91101E+00
 -1      3368-1.16883E+00 1.31255E+01 1.89340E+00
 -1      3373-1.19534E+00 1.37494E+01 1.82567E+00
 -1      3374-1.23121E+00 1.37497E+01 1.84337E+00
 -1      3375-1.20466E+00 1.37506E+01 1.89717E+00
 -1      3376-1.16879E+00 1.37503E+01 1.87947E+00
 -1      3381-1.19543E+00 1.43747E+01 1.81712E+00
 -1      3382-1.23126E+00 1.43748E+01 1.83491E+00
 -1      3383-1.20457E+00 1.43753E+01 1.88865E+00
 -1      3384-1.16874E+00 1.43752E+01 1.87085E+00
 -1      3389-1.19553E+00 1.50000E+01 1.81422E+00
 -1      3390-1.23131E+00 1.50000E+01 1.83211E+00
 -1      3391-1.20447E+00 1.50000E+01 1.88578E+00
 -1      3392-1.16869E+00 1.50000E+01 1.86789E+00
 -1      3397-1.19563E+00 1.56253E+01 1.81709E+00
 -1      3398-1.23135E+00 1.56252E+01 1.83508E+00
 -1      3399-1.20437E+00 1.56247E+01 1.88867E+00
 -1      3400-1.16865E+00 1.56248E+01 1.87068E+00
 -1      3405-1.19572E+00 1.62506E+01 1.82562E+00
 -1      3406-1.23140E+00 1.62503E+01 1.84370E+00
 -1      3407-1.20428E+00 1.62494E+01 1.89721E+00
 -1      3408-1.16860E+00 1.62497E+01 1.87913E+00
 -1      3413-1.19582E+00 1.68759E+01 1.83948E+00
 -1      3414-1.23145E+00 1.68755E+01 1.85765E+00
 -1      3415-1.20418E+00 1.68741E+01 1.91108E+00
 -1      3416-1.16855E+00 1.68745E+01 1.89291E+00
 -1      3421-1.19590E+00 1.75012E+01 1.85813E+00
 -1      3422-1.23149E+00 1.75006E+01 1.87638E+00
 -1      3423-1.20410E+00 1.74988E+01 1.92974E+00
 -1      3424-1.16851E+00 1.74994E+01 1.91149E+00
 -1      3429-1.19597E+00 1.81264E+01 1.88086E+00
 -1      3430-1.23152E+00 1.81257E+01 1.89917E+00
 -1      3431-1.20403E+00 1.81236E+01 1.95247E+00
 -1      3432-1.16848E+00 1.81243E+01 1.93415E+00
 -1      3437-1.19602E+00 1.87515E+01 1.90680E+00
 -1      3438-1.23155E+00 1.87508E+01 1.92516E+00
 -1      3439-1.20398E+00 1.87485E+01 1.97840E+00
 -1      3440-1.16845E+00 1.87492E+01 1.96004E+00
 -1      3445-1.19605E+00 1.93766E+01 1.93494E+00
 -1      3446-1.23156E+00 1.93758E+01 1.95333E+00
 -1      3447-1.20395E+00 1.93734E+01 2.00654E+00
 -1      3448-1.16844E+00 1.93742E+01 1.98815E+00
 -1      3453 1.20395E+00 1.06266E+01 1.99346E+00
 -1      3454 1.16844E+00 1.06258E+01 2.01185E+00
 -1      3455 1.19605E+00 1.06234E+01 2.06506E+00
 -1      3456 1.23156E+00 1.06242E+01 2.04667E+00
 -1      3461 1.20398E+00 1.12515E+01 2.02160E+00
 -1      3462 1.16845E+00 1.12508E+01 2.03996E+00
 -1      3463 1.19602E+00 1.12485E+01 2.09320E+00
 -1      3464 1.23155E+00 1.12492E+01 2.07484E+00
 -1      3469 1.20403E+00 1.18764E+01 2.04753E+00
 -1      3470 1.16848E+00 1.18757E+01 2.06585E+00
 -1      3471 1.19597E+00 1.18736E+01 2.11914E+00
 -1      3472 1.23152E+00 1.18743E+01 2.10083E+00
 -1      3477 1.20410E+00 1.25012E+01 2.07026E+00
 -1      3478 1.16851E+00 1.25006E+01 2.08851E+00
 -1      3479 1.19590E+00 1.24988E+01 2.14187E+00
 -1      3480 1.23149E+00 1.24994E+01 2.12362E+00
 -1      3485 1.20418E+00 1.31259E+01 2.08892E+00
 -1      3486 1.16855E+00 1.31255E+01 2.10709E+00
 -1      3487 1.19582E+00 1.31241E+01 2.16052E+00
 -1      3488 1.23145E+00 1.31245E+01 2.14235E+00
 -1      3493 1.20428E+00 1.37506E+01 2.10279E+00
 -1      3494 1.16860E+00 1.37503E+01 2.12087E+00
 -1      3495 1.19572E+00 1.37494E+01 2.17438E+00
 -1      3496 1.23140E+00 1.37497E+01 2.15630E+00
 -1      3501 1.20437E+00 1.43753E+01 2.11133E+00
 -1      3502 1.16865E+00 1.43752E+01 2.12932E+00
 -1      3503 1.19563E+00 1.43747E+01 2.18291E+00
 -1      3504 1.23135E+00 1.43748E+01 2.16492E+00
 -1      3509 1.20447E+00 1.50000E+01 2.11422E+00
 -1      3510 1.16869E+00 1.50000E+01 2.13211E+00
 -1      3511 1.19553E+00 1.50000E+01 2.18578E+00
 -1      3512 1.23131E+00 1.50000E+01 2.16789E+00
 -1      3517 1.20457E+00 1.56247E+01 2.11135E+00
 -1      3518 1.16874E+00 1.56248E+01 2.12915E+00
 -1      3519 1.19543E+00 1.56253E+01 2.18288E+00
 -1      3520 1.23126E+00 1.56252E+01 2.16509E+00
 -1      3525 1.20466E+00 1.62494E+01 2.10283E+00
 -1      3526 1.16879E+00 1.62497E+01 2.12053E+00
 -1      3527 1.19534E+00 1.62506E+01 2.17433E+00
 -1      3528 1.23121E+00 1.62503E+01 2.15663E+00
 -1      3533 1.20474E+00 1.68741E+01 2.08899E+00
 -1      3534 1.16883E+00 1.68745E+01 2.10660E+00
 -1      3535 1.19526E+00 1.68759E+01 2.16045E+00
 -1      3536 1.23117E+00 1.68755E+01 2.14284E+00
 -1      3541 1.20481E+00 1.74988E+01 2.07035E+00
 -1      3542 1.16887E+00 1.74994E+01 2.08789E+00
 -1      3543 1.19519E+00 1.75012E+01 2.14178E+00
 -1      3544 1.23113E+00 1.75006E+01 2.12424E+00
 -1      3549 1.20487E+00 1.81236E+01 2.04764E+00
 -1      3550 1.16890E+00 1.81243E+01 2.06511E+00
 -1      3551 1.19513E+00 1.81264E+01 2.11903E+00
 -1      3552 1.23110E+00 1.81257E+01 2.10156E+00
 -1      3557 1.20491E+00 1.87485E+01 2.02172E+00
 -1      3558 1.16892E+00 1.87492E+01 2.03915E+00
 -1      3559 1.19509E+00 1.87515E+01 2.09309E+00
 -1      3560 1.23108E+00 1.87508E+01 2.07566E+00
 -1      3565 1.20494E+00 1.93734E+01 1.99359E+00
 -1      3566 1.16893E+00 1.93742E+01 2.01099E+00
 -1      3567 1.19506E+00 1.93766E+01 2.06494E+00
 -1      3568 1.23107E+00 1.93758E+01 2.04754E+00
 -1      3573-1.19506E+00 2.06234E+01-6.49419E-02
 -1      3574-1.23107E+00 2.06242E+01-4.75381E-02
 -1      3575-1.20494E+00 2.06266E+01 6.41481E-03
 -1      3576-1.16893E+00 2.06258E+01-1.09890E-02
 -1      3581-1.19509E+00 2.12485E+01-9.30886E-02
 -1      3582-1.23108E+00 2.12492E+01-7.56571E-02
 -1      3583-1.20491E+00 2.12515E+01-2.17164E-02
 -1      3584-1.16892E+00 2.12508E+01-3.91479E-02
 -1      3589-1.19513E+00 2.18736E+01-1.19034E-01
 -1      3590-1.23110E+00 2.18743E+01-1.01557E-01
 -1      3591-1.20487E+00 2.18764E+01-4.76374E-02
 -1      3592-1.16890E+00 2.18757E+01-6.51140E-02
 -1      3597-1.19519E+00 2.24988E+01-1.41779E-01
 -1      3598-1.23113E+00 2.24994E+01-1.24242E-01
 -1      3599-1.20481E+00 2.25012E+01-7.03527E-02
 -1      3600-1.16887E+00 2.25006E+01-8.78902E-02
 -1      3605-1.19526E+00 2.31241E+01-1.60451E-01
 -1      3606-1.23117E+00 2.31245E+01-1.42839E-01
 -1      3607-1.20474E+00 2.31259E+01-8.89902E-02
 -1      3608-1.16883E+00 2.31255E+01-1.06602E-01
 -1      3613-1.19534E+00 2.37494E+01-1.74329E-01
 -1      3614-1.23121E+00 2.37497E+01-1.56632E-01
 -1      3615-1.20466E+00 2.37506E+01-1.02835E-01
 -1      3616-1.16879E+00 2.37503E+01-1.20532E-01
 -1      3621-1.19543E+00 2.43747E+01-1.82881E-01
 -1      3622-1.23126E+00 2.43748E+01-1.65090E-01
 -1      3623-1.20457E+00 2.43753E+01-1.11354E-01
 -1      3624-1.16874E+00 2.43752E+01-1.29145E-01
 -1      3629-1.19553E+00 2.50000E+01-1.85777E-01
 -1      3630-1.23131E+00 2.50000E+01-1.67888E-01
 -1      3631-1.20447E+00 2.50000E+01-1.14223E-01
 -1      3632-1.16869E+00 2.50000E+01-1.32112E-01
 -1      3637-1.19563E+00 2.56253E+01-1.82906E-01
 -1      3638-1.23135E+00 2.56252E+01-1.64919E-01
 -1      3639-1.20437E+00 2.56247E+01-1.11330E-01
 -1      3640-1.16865E+00 2.56248E+01-1.29317E-01
 -1      3645-1.19572E+00 2.62506E+01-1.74377E-01
 -1      3646-1.23140E+00 2.62503E+01-1.56295E-01
 -1      3647-1.20428E+00 2.62494E+01-1.02787E-01
 -1      3648-1.16860E+00 2.62497E+01-1.20869E-01
 -1      3653-1.19582E+00 2.68759E+01-1.60520E-01
 -1      3654-1.23145E+00 2.68755E+01-1.42350E-01
 -1      3655-1.20418E+00 2.68741E+01-8.89205E-02
 -1      3656-1.16855E+00 2.68745E+01-1.07091E-01
 -1      3661-1.19590E+00 2.75012E+01-1.41868E-01
 -1      3662-1.23149E+00 2.75006E+01-1.23620E-01
 -1      3663-1.20410E+00 2.74988E+01-7.02641E-02
 -1      3664-1.16851E+00 2.74994E+01-8.85123E-02
 -1      3669-1.19597E+00 2.81264E+01-1.19138E-01
 -1      3670-1.23152E+00 2.81257E+01-1.00825E-01
 -1      3671-1.20403E+00 2.81236E+01-4.75334E-02
 -1      3672-1.16848E+00 2.81243E+01-6.58456E-02
 -1      3677-1.19602E+00 2.87515E+01-9.32041E-02
 -1      3678-1.23155E+00 2.87508E+01-7.48441E-02
 -1      3679-1.20398E+00 2.87485E+01-2.16010E-02
 -1      3680-1.16845E+00 2.87492E+01-3.99610E-02
 -1      3685-1.19605E+00 2.93766E+01-6.50644E-02
 -1      3686-1.23156E+00 2.93758E+01-4.66749E-02
 -1      3687-1.20395E+00 2.93734E+01 6.53727E-03
 -1      3688-1.16844E+00 2.93742E+01-1.18522E-02
 -1      3693 1.20395E+00 2.06266E+01-6.53727E-03
 -1      3694 1.16844E+00 2.06258E+01 1.18522E-02
 -1      3695 1.19605E+00 2.06234E+01 6.50644E-02
 -1      3696 1.23156E+00 2.06242E+01 4.66749E-02
 -1      3701 1.20398E+00 2.12515E+01 2.16010E-02
 -1      3702 1.16845E+00 2.12508E+01 3.99610E-02
 -1      3703 1.19602E+00 2.12485E+01 9.32041E-02
 -1      3704 1.23155E+00 2.12492E+01 7.48441E-02
 -1      3709 1.20403E+00 2.18764E+01 4.75334E-02
 -1      3710 1.16848E+00 2.18757E+01 6.58456E-02
 -1      3711 1.19597E+00 2.18736E+01 1.19138E-01
 -1      3712 1.23152E+00 2.18743E+01 1.00825E-01
 -1      3717 1.20410E+00 2.25012E+01 7.02641E-02
 -1      3718 1.16851E+00 2.25006E+01 8.85123E-02
 -1      3719 1.19590E+00 2.24988E+01 1.41868E-01
 -1      3720 1.23149E+00 2.24994E+01 1.23620E-01
 -1      3725 1.20418E+00 2.31259E+01 8.89205E-02
 -1      3726 1.16855E+00 2.31255E+01 1.07091E-01
 -1      3727 1.19582E+00 2.31241E+01 1.60520E-01
 -1      3728 1.23145E+00 2.31245E+01 1.42350E-01
 -1      3733 1.20428E+00 2.37506E+01 1.02787E-01
 -1      3734 1.16860E+00 2.37503E+01 1.20869E-01
 -1      3735 1.19572E+00 2.37494E+01 1.74377E-01
 -1      3736 1.23140E+00 2.37497E+01 1.56295E-01
 -1      3741 1.20437E+00 2.43753E+01 1.11330E-01
 -1      3742 1.16865E+00 2.43752E+01 1.29317E-01
 -1      3743 1.19563E+00 2.43747E+01 1.82906E-01
 -1      3744 1.23135E+00 2.43748E+01 1.64919E-01
 -1      3749 1.20447E+00 2.50000E+01 1.14223E-01
 -1      3750 1.16869E+00 2.50000E+01 1.32112E-01
 -1      3751 1.19553E+00 2.50000E+01 1.85777E-01
 -1      3752 1.23131E+00 2.50000E+01 1.67888E-01
 -1      3757 1.20457E+00 2.56247E+01 1.11354E-01
 -1      3758 1.16874E+00 2.56248E+01 1.29145E-01
 -1      3759 1.19543E+00 2.56253E+01 1.82881E-01
 -1      3760 1.23126E+00 2.56252E+01 1.65090E-01
 -1      3765 1.20466E+00 2.62494E+01 1.02835E-01
 -1      3766 1.16879E+00 2.62497E+01 1.20532E-01
 -1      3767 1.19534E+00 2.62506E+01 1.74329E-01
 -1      3768 1.23121E+00 2.62503E+01 1.56632E-01
 -1      3773 1.20474E+00 2.68741E+01 8.89902E-02
 -1      3774 1.16883E+00 2.68745E+01 1.06602E-01
 -1      3775 1.19526E+00 2.68759E+01 1.60451E-01
 -1      3776 1.23117E+00 2.68755E+01 1.42839E-01
 -1      3781 1.20481E+00 2.74988E+01 7.03527E-02
 -1      3782 1.16887E+00 2.74994E+01 8.78902E-02
 -1      3783 1.19519E+00 2.75012E+01 1.41779E-01
 -1      3784 1.23113E+00 2.75006E+01 1.24242E-01
 -1      3789 1.20487E+00 2.81236E+01 4.76374E-02
 -1      3790 1.16890E+00 2.81243E+01 6.51140E-02
 -1      3791 1.19513E+00 2.81264E+01 1.19034E-01
 -1      3792 1.23110E+00 2.81257E+01 1.01557E-01
 -1      3797 1.20491E+00 2.87485E+01 2.17164E-02
 -1      3798 1.16892E+00 2.87492E+01 3.91479E-02
 -1      3799 1.19509E+00 2.87515E+01 9.30886E-02
 -1      3800 1.23108E+00 2.87508E+01 7.56571E-02
 -1      3805 1.20494E+00 2.93734E+01-6.41481E-03
 -1      3806 1.16893E+00 2.93742E+01 1.09890E-02
 -1      3807 1.19506E+00 2.93766E+01 6.49419E-02
 -1      3808 1.23107E+00 2.93758E+01 4.75381E-02
 -1      3813-1.19506E+00 2.06234E+01 1.93506E+00
 -1      3814-1.23107E+00 2.06242E+01 1.95246E+00
 -1      3815-1.20494E+00 2.06266E+01 2.00641E+00
 -1      3816-1.16893E+00 2.06258E+01 1.98901E+00
 -1      3821-1.19509E+00 2.12485E+01 1.90691E+00
 -1      3822-1.23108E+00 2.12492E+01 1.92434E+00
 -1      3823-1.20491E+00 2.12515E+01 1.97828E+00
 -1      3824-1.16892E+00 2.12508E+01 1.96085E+00
 -1      3829-1.19513E+00 2.18736E+01 1.88097E+00
 -1      3830-1.23110E+00 2.18743E+01 1.89844E+00
 -1      3831-1.20487E+00 2.18764E+01 1.95236E+00
 -1      3832-1.16890E+00 2.18757E+01 1.93489E+00
 -1      3837-1.19519E+00 2.24988E+01 1.85822E+00
 -1      3838-1.23113E+00 2.24994E+01 1.87576E+00
 -1      3839-1.20481E+00 2.25012E+01 1.92965E+00
 -1      3840-1.16887E+00 2.25006E+01 1.91211E+00
 -1      3845-1.19526E+00 2.31241E+01 1.83955E+00
 -1      3846-1.23117E+00 2.31245E+01 1.85716E+00
 -1      3847-1.20474E+00 2.31259E+01 1.91101E+00
 -1      3848-1.16883E+00 2.31255E+01 1.89340E+00
 -1      3853-1.19534E+00 2.37494E+01 1.82567E+00
 -1      3854-1.23121E+00 2.37497E+01 1.84337E+00
 -1      3855-1.20466E+00 2.37506E+01 1.89717E+00
 -1      3856-1.16879E+00 2.37503E+01 1.87947E+00
 -1      3861-1.19543E+00 2.43747E+01 1.81712E+00
 -1      3862-1.23126E+00 2.43748E+01 1.83491E+00
 -1      3863-1.20457E+00 2.43753E+01 1.88865E+00
 -1      3864-1.16874E+00 2.43752E+01 1.87085E+00
 -1      3869-1.19553E+00 2.50000E+01 1.81422E+00
 -1      3870-1.23131E+00 2.50000E+01 1.83211E+00
 -1      3871-1.20447E+00 2.50000E+01 1.88578E+00
 -1      3872-1.16869E+00 2.50000E+01 1.86789E+00
 -1      3877-1.19563E+00 2.56253E+01 1.81709E+00
 -1      3878-1.23135E+00 2.56252E+01 1.83508E+00
 -1      3879-1.20437E+00 2.56247E+01 1.88867E+00
 -1      3880-1.16865E+00 2.56248E+01 1.87068E+00
 -1      3885-1.19572E+00 2.62506E+01 1.82562E+00
 -1      3886-1.23140E+00 2.62503E+01 1.84370E+00
 -1      3887-1.20428E+00 2.62494E+01 1.89721E+00
 -1      3888-1.16860E+00 2.62497E+01 1.87913E+00
 -1      3893-1.19582E+00 2.68759E+01 1.83948E+00
 -1      3894-1.23145E+00 2.68755E+01 1.85765E+00
 -1      3895-1.20418E+00 2.68741E+01 1.91108E+00
 -1      3896-1.16855E+00 2.68745E+01 1.89291E+00
 -1      3901-1.19590E+00 2.75012E+01 1.85813E+00
 -1      3902-1.23149E+00 2.75006E+01 1.87638E+00
 -1      3903-1.20410E+00 2.74988E+01 1.92974E+00
 -1      3904-1.16851E+00 2.74994E+01 1.91149E+00
 -1      3909-1.19597E+00 2.81264E+01 1.88086E+00
 -1      3910-1.23152E+00 2.81257E+01 1.89917E+00
 -1      3911-1.20403E+00 2.81236E+01 1.95247E+00
 -1      3912-1.16848E+00 2.81243E+01 1.93415E+00
 -1      3917-1.19602E+00 2.87515E+01 1.90680E+00
 -1      3918-1.23155E+00 2.87508E+01 1.92516E+00
 -1      3919-1.20398E+00 2.87485E+01 1.97840E+00
 -1      3920-1.16845E+00 2.87492E+01 1.96004E+00
 -1      3925-1.19605E+00 2.93766E+01 1.93494E+00
 -1      3926-1.23156E+00 2.93758E+01 1.95333E+00
 -1      3927-1.20395E+00 2.93734E+01 2.00654E+00
 -1      3928-1.16844E+00 2.93742E+01 1.98815E+00
 -1      3933 1.20395E+00 2.06266E+01 1.99346E+00
 -1      3934 1.16844E+00 2.06258E+01 2.01185E+00
 -1      3935 1.19605E+00 2.06234E+01 2.06506E+00
 -1      3936 1.23156E+00 2.06242E+01 2.04667E+00
 -1      3941 1.20398E+00 2.12515E+01 2.02160E+00
 -1      3942 1.16845E+00 2.12508E+01 2.03996E+00
 -1      3943 1.19602E+00 2.12485E+01 2.09320E+00
 -1      3944 1.23155E+00 2.12492E+01 2.07484E+00
 -1      3949 1.20403E+00 2.18764E+01 2.04753E+00
 -1      3950 1.16848E+00 2.18757E+01 2.06585E+00
 -1      3951 1.19597E+00 2.18736E+01 2.11914E+00
 -1      3952 1.23152E+00 2.18743E+01 2.10083E+00
 -1      3957 1.20410E+00 2.25012E+01 2.07026E+00
 -1      3958 1.16851E+00 2.25006E+01 2.08851E+00
 -1      3959 1.19590E+00 2.24988E+01 2.14187E+00
 -1      3960 1.23149E+00 2.24994E+01 2.12362E+00
 -1      3965 1.20418E+00 2.31259E+01 2.08892E+00
 -1      3966 1.16855E+00 2.31255E+01 2.10709E+00
 -1      3967 1.19582E+00 2.31241E+01 2.16052E+00
 -1      3968 1.23145E+00 2.31245E+01 2.14235E+00
 -1      3973 1.20428E+00 2.37506E+01 2.10279E+00
 -1      3974 1.16860E+00 2.37503E+01 2.12087E+00
 -1      3975 1.19572E+00 2.37494E+01 2.17438E+00
 -1      3976 1.23140E+00 2.37497E+01 2.15630E+00
 -1      3981 1.20437E+00 2.43753E+01 2.11133E+00
 -1      3982 1.16865E+00 2.43752E+01 2.12932E+00
 -1      3983 1.19563E+00 2.43747E+01 2.18291E+00
 -1      3984 1.23135E+00 2.43748E+01 2.16492E+00
 -1      3989 1.20447E+00 2.50000E+01 2.11422E+00
 -1      3990 1.16869E+00 2.50000E+01 2.13211E+00
 -1      3991 1.19553E+00 2.50000E+01 2.18578E+00
 -1      3992 1.23131E+00 2.50000E+01 2.16789E+00
 -1      3997 1.20457E+00 2.56247E+01 2.11135E+00
 -1      3998 1.16874E+00 2.56248E+01 2.12915E+00
 -1      3999 1.19543E+00 2.56253E+01 2.18288E+00
 -1      4000 1.23126E+00 2.56252E+01 2.16509E+00
 -1      4005 1.20466E+00 2.62494E+01 2.10283E+00
 -1      4006 1.16879E+00 2.62497E+01 2.12053E+00
 -1      4007 1.19534E+00 2.62506E+01 2.17433E+00
 -1      4008 1.23121E+00 2.62503E+01 2.15663E+00
 -1      4013 1.20474E+00 2.68741E+01 2.08899E+00
 -1      4014 1.16883E+00 2.68745E+01 2.10660E+00
 -1      4015 1.19526E+00 2.68759E+01 2.16045E+00
 -1      4016 1.23117E+00 2.68755E+01 2.14284E+00
 -1      4021 1.20481E+00 2.74988E+01 2.07035E+00
 -1      4022 1.16887E+00 2.74994E+01 2.08789E+00
 -1      4023 1.19519E+00 2.75012E+01 2.14178E+00
 -1      4024 1.23113E+00 2.75006E+01 2.12424E+00
 -1      4029 1.20487E+00 2.81236E+01 2.04764E+00
 -1      4030 1.16890E+00 2.81243E+01 2.06511E+00
 -1      4031 1.19513E+00 2.81264E+01 2.11903E+00
 -1      4032 1.23110E+00 2.81257E+01 2.10156E+00
 -1      4037 1.20491E+00 2.87485E+01 2.02172E+00
 -1      4038 1.16892E+00 2.87492E+01 2.03915E+00
 -1      4039 1.19509E+00 2.87515E+01 2.09309E+00
 -1      4040 1.23108E+00 2.87508E+01 2.07566E+00
 -1      4045 1.20494E+00 2.93734E+01 1.99359E+00
 -1      4046 1.16893E+00 2.93742E+01 2.01099E+00
 -1      4047 1.19506E+00 2.93766E+01 2.06494E+00
 -1      4048 1.23107E+00 2.93758E+01 2.04754E+00
 -1      4053-1.19506E+00 3.06234E+01-6.49419E-02
 -1      4054-1.23107E+00 3.06242E+01-4.75381E-02
 -1      4055-1.20494E+00 3.06266E+01 6.41481E-03
 -1      4056-1.16893E+00 3.06258E+01-1.09890E-02
 -1      4061-1.19509E+00 3.12485E+01-9.30886E-02
 -1      4062-1.23108E+00 3.12492E+01-7.56571E-02
 -1      4063-1.20491E+00 3.12515E+01-2.17164E-02
 -1      4064-1.16892E+00 3.12508E+01-3.91479E-02
 -1      4069-1.19513E+00 3.18736E+01-1.19034E-01
 -1      4070-1.23110E+00 3.18743E+01-1.01557E-01
 -1      4071-1.20487E+00 3.18764E+01-4.76374E-02
 -1      4072-1.16890E+00 3.18757E+01-6.51140E-02
 -1      4077-1.19519E+00 3.24988E+01-1.41779E-01
 -1      4078-1.23113E+00 3.24994E+01-1.24242E-01
 -1      4079-1.20481E+00 3.25012E+01-7.03527E-02
 -1      4080-1.16887E+00 3.25006E+01-8.78902E-02
 -1      4085-1.19526E+00 3.31241E+01-1.60451E-01
 -1      4086-1.23117E+00 3.31245E+01-1.42839E-01
 -1      4087-1.20474E+00 3.31259E+01-8.89902E-02
 -1      4088-1.16883E+00 3.31255E+01-1.06602E-01
 -1      4093-1.19534E+00 3.37494E+01-1.74329E-01
 -1      4094-1.23121E+00 3.37497E+01-1.56632E-01
 -1      4095-1.20466E+00 3.37506E+01-1.02835E-01
 -1      4096-1.16879E+00 3.37503E+01-1.20532E-01
 -1      4101-1.19543E+00 3.43747E+01-1.82881E-01
 -1      4102-1.23126E+00 3.43748E+01-1.65090E-01
 -1      4103-1.20457E+00 3.43753E+01-1.11354E-01
 -1      4104-1.16874E+00 3.43752E+01-1.29145E-01
 -1      4109-1.19553E+00 3.50000E+01-1.85777E-01
 -1      4110-1.23131E+00 3.50000E+01-1.67888E-01
 -1      4111-1.20447E+00 3.50000E+01-1.14223E-01
 -1      4112-1.16869E+00 3.50000E+01-1.32112E-01
 -1      4117-1.19563E+00 3.56253E+01-1.82906E-01
 -1      4118-1.23135E+00 3.56252E+01-1.64919E-01
 -1      4119-1.20437E+00 3.56247E+01-1.11330E-01
 -1      4120-1.16865E+00 3.56248E+01-1.29317E-01
 -1      4125-1.19572E+00 3.62506E+01-1.74377E-01
 -1      4126-1.23140E+00 3.62503E+01-1.56295E-01
 -1      4127-1.20428E+00 3.62494E+01-1.02787E-01
 -1      4128-1.16860E+00 3.62497E+01-1.20869E-01
 -1      4133-1.19582E+00 3.68759E+01-1.60520E-01
 -1      4134-1.23145E+00 3.68755E+01-1.42350E-01
 -1      4135-1.20418E+00 3.68741E+01-8.89205E-02
 -1      4136-1.16855E+00 3.68745E+01-1.07091E-01
 -1      4141-1.19590E+00 3.75012E+01-1.41868E-01
 -1      4142-1.23149E+00 3.75006E+01-1.23620E-01
 -1      4143-1.20410E+00 3.74988E+01-7.02641E-02
 -1      4144-1.16851E+00 3.74994E+01-8.85123E-02
 -1      4149-1.19597E+00 3.81264E+01-1.19138E-01
 -1      4150-1.23152E+00 3.81257E+01-1.00825E-01
 -1      4151-1.20403E+00 3.81236E+01-4.75334E-02
 -1      4152-1.16848E+00 3.81243E+01-6.58456E-02
 -1      4157-1.19602E+00 3.87515E+01-9.32041E-02
 -1      4158-1.23155E+00 3.87508E+01-7.48441E-02
 -1      4159-1.20398E+00 3.87485E+01-2.16010E-02
 -1      4160-1.16845E+00 3.87492E+01-3.99610E-02
 -1      4165-1.19605E+00 3.93766E+01-6.50644E-02
 -1      4166-1.23156E+00 3.93758E+01-4.66749E-02
 -1      4167-1.20395E+00 3.93734E+01 6.53727E-03
 -1      4168-1.16844E+00 3.93742E+01-1.18522E-02
 -1      4173 1.20395E+00 3.06266E+01-6.53727E-03
 -1      4174 1.16844E+00 3.06258E+01 1.18522E-02
 -1      4175 1.19605E+00 3.06234E+01 6.50644E-02
 -1      4176 1.23156E+00 3.06242E+01 4.66749E-02
 -1      4181 1.20398E+00 3.12515E+01 2.16010E-02
 -1      4182 1.16845E+00 3.12508E+01 3.99610E-02
 -1      4183 1.19602E+00 3.12485E+01 9.32041E-02
 -1      4184 1.23155E+00 3.12492E+01 7.48441E-02
 -1      4189 1.20403E+00 3.18764E+01 4.75334E-02
 -1      4190 1.16848E+00 3.18757E+01 6.58456E-02
 -1      4191 1.19597E+00 3.18736E+01 1.19138E-01
 -1      4192 1.23152E+00 3.18743E+01 1.00825E-01
 -1      4197 1.20410E+00 3.25012E+01 7.02641E-02
 -1      4198 1.16851E+00 3.25006E+01 8.85123E-02
 -1      4199 1.19590E+00 3.24988E+01 1.41868E-01
 -1      4200 1.23149E+00 3.24994E+01 1.23620E-01
 -1      4205 1.20418E+00 3.31259E+01 8.89205E-02
 -1      4206 1.16855E+00 3.31255E+01 1.07091E-01
 -1      4207 1.19582E+00 3.31241E+01 1.60520E-01
 -1      4208 1.23145E+00 3.31245E+01 1.42350E-01
 -1      4213 1.20428E+00 3.37506E+01 1.02787E-01
 -1      4214 1.16860E+00 3.37503E+01 1.20869E-01
 -1      4215 1.19572E+00 3.37494E+01 1.74377E-01
 -1      4216 1.23140E+00 3.37497E+01 1.56295E-01
 -1      4221 1.20437E+00 3.43753E+01 1.11330E-01
 -1      4222 1.16865E+00 3.43752E+01 1.29317E-01
 -1      4223 1.19563E+00 3.43747E+01 1.82906E-01
 -1      4224 1.23135E+00 3.43748E+01 1.64919E-01
 -1      4229 1.20447E+00 3.50000E+01 1.14223E-01
 -1      4230 1.16869E+00 3.50000E+01 1.32112E-01
 -1      4231 1.19553E+00 3.50000E+01 1.85777E-01
 -1      4232 1.23131E+00 3.50000E+01 1.67888E-01
 -1      4237 1.20457E+00 3.56247E+01 1.11354E-01
 -1      4238 1.16874E+00 3.56248E+01 1.29145E-01
 -1      4239 1.19543E+00 3.56253E+01 1.82881E-01
 -1      4240 1.23126E+00 3.56252E+01 1.65090E-01
 -1      4245 1.20466E+00 3.62494E+01 1.02835E-01
 -1      4246 1.16879E+00 3.62497E+01 1.20532E-01
 -1      4247 1.19534E+00 3.62506E+01 1.74329E-01
 -1      4248 1.23121E+00 3.62503E+01 1.56632E-01
 -1      4253 1.20474E+00 3.68741E+01 8.89902E-02
 -1      4254 1.16883E+00 3.68745E+01 1.06602E-01
 -1      4255 1.19526E+00 3.68759E+01 1.60451E-01
 -1      4256 1.23117E+00 3.68755E+01 1.42839E-01
 -1      4261 1.20481E+00 3.74988E+01 7.03527E-02
 -1      4262 1.16887E+00 3.74994E+01 8.78902E-02
 -1      4263 1.19519E+00 3.75012E+01 1.41779E-01
 -1      4264 1.23113E+00 3.75006E+01 1.24242E-01
 -1      4269 1.20487E+00 3.81236E+01 4.76374E-02
 -1      4270 1.16890E+00 3.81243E+01 6.51140E-02
 -1      4271 1.19513E+00 3.81264E+01 1.19034E-01
 -1      4272 1.23110E+00 3.81257E+01 1.01557E-01
 -1      4277 1.20491E+00 3.87485E+01 2.17164E-02
 -1      4278 1.16892E+00 3.87492E+01 3.91479E-02
 -1      4279 1.19509E+00 3.87515E+01 9.30886E-02
 -1      4280 1.23108E+00 3.87508E+01 7.56571E-02
 -1      4285 1.20494E+00 3.93734E+01-6.41481E-03
 -1      4286 1.16893E+00 3.93742E+01 1.09890E-02
 -1      4287 1.19506E+00 3.93766E+01 6.49419E-02
 -1      4288 1.23107E+00 3.93758E+01 4.75381E-02
 -1      4293-1.19506E+00 3.06234E+01 1.93506E+00
 -1      4294-1.23107E+00 3.06242E+01 1.95246E+00
 -1      4295-1.20494E+00 3.06266E+01 2.00641E+00
 -1      4296-1.16893E+00 3.06258E+01 1.98901E+00
 -1      4301-1.19509E+00 3.12485E+01 1.90691E+00
 -1      4302-1.23108E+00 3.12492E+01 1.92434E+00
 -1      4303-1.20491E+00 3.12515E+01 1.97828E+00
 -1      4304-1.16892E+00 3.12508E+01 1.96085E+00
 -1      4309-1.19513E+00 3.18736E+01 1.88097E+00
 -1      4310-1.23110E+00 3.18743E+01 1.89844E+00
 -1      4311-1.20487E+00 3.18764E+01 1.95236E+00
 -1      4312-1.16890E+00 3.18757E+01 1.93489E+00
 -1      4317-1.19519E+00 3.24988E+01 1.85822E+00
 -1      4318-1.23113E+00 3.24994E+01 1.87576E+00
 -1      4319-1.20481E+00 3.25012E+01 1.92965E+00
 -1      4320-1.16887E+00 3.25006E+01 1.91211E+00
 -1      4325-1.19526E+00 3.31241E+01 1.83955E+00
 -1      4326-1.23117E+00 3.31245E+01 1.85716E+00
 -1      4327-1.20474E+00 3.31259E+01 1.91101E+00
 -1      4328-1.16883E+00 3.31255E+01 1.89340E+00
 -1      4333-1.19534E+00 3.37494E+01 1.82567E+00
 -1      4334-1.23121E+00 3.37497E+01 1.84337E+00
 -1      4335-1.20466E+00 3.37506E+01 1.89717E+00
 -1      4336-1.16879E+00 3.37503E+01 1.87947E+00
 -1      4341-1.19543E+00 3.43747E+01 1.81712E+00
 -1      4342-1.23126E+00 3.43748E+01 1.83491E+00
 -1      4343-1.20457E+00 3.43753E+01 1.88865E+00
 -1      4344-1.16874E+00 3.43752E+01 1.87085E+00
 -1      4349-1.19553E+00 3.50000E+01 1.81422E+00
 -1      4350-1.23131E+00 3.50000E+01 1.83211E+00
 -1      4351-1.20447E+00 3.50000E+01 1.88578E+00
 -1      4352-1.16869E+00 3.50000E+01 1.86789E+00
 -1      4357-1.19563E+00 3.56253E+01 1.81709E+00
 -1      4358-1.23135E+00 3.56252E+01 1.83508E+00
 -1      4359-1.20437E+00 3.56247E+01 1.88867E+00
 -1      4360-1.16865E+00 3.56248E+01 1.87068E+00
 -1      4365-1.19572E+00 3.62506E+01 1.82562E+00
 -1      4366-1.23140E+00 3.62503E+01 1.84370E+00
 -1      4367-1.20428E+00 3.62494E+01 1.89721E+00
 -1      4368-1.16860E+00 3.62497E+01 1.87913E+00
 -1      4373-1.19582E+00 3.68759E+01 1.83948E+00
 -1      4374-1.23145E+00 3.68755E+01 1.85765E+00
 -1      4375-1.20418E+00 3.68741E+01 1.91108E+00
 -1      4376-1.16855E+00 3.68745E+01 1.89291E+00
 -1      4381-1.19590E+00 3.75012E+01 1.85813E+00
 -1      4382-1.23149E+00 3.75006E+01 1.87638E+00
 -1      4383-1.20410E+00 3.74988E+01 1.92974E+00
 -1      4384-1.16851E+00 3.74994E+01 1.91149E+00
 -1      4389-1.19597E+00 3.81264E+01 1.88086E+00
 -1      4390-1.23152E+00 3.81257E+01 1.89917E+00
 -1      4391-1.20403E+00 3.81236E+01 1.95247E+00
 -1      4392-1.16848E+00 3.81243E+01 1.93415E+00
 -1      4397-1.19602E+00 3.87515E+01 1.90680E+00
 -1      4398-1.23155E+00 3.87508E+01 1.92516E+00
 -1      4399-1.20398E+00 3.87485E+01 1.97840E+00
 -1      4400-1.16845E+00 3.87492E+01 1.96004E+00
 -1      4405-1.19605E+00 3.93766E+01 1.93494E+00
 -1      4406-1.23156E+00 3.93758E+01 1.95333E+00
 -1      4407-1.20395E+00 3.93734E+01 2.00654E+00
 -1      4408-1.16844E+00 3.93742E+01 1.98815E+00
 -1      4413 1.20395E+00 3.06266E+01 1.99346E+00
 -1      4414 1.16844E+00 3.06258E+01 2.01185E+00
 -1      4415 1.19605E+00 3.06234E+01 2.06506E+00
 -1      4416 1.23156E+00 3.06242E+01 2.04667E+00
 -1      4421 1.20398E+00 3.12515E+01 2.02160E+00
 -1      4422 1.16845E+00 3.12508E+01 2.03996E+00
 -1      4423 1.19602E+00 3.12485E+01 2.09320E+00
 -1      4424 1.23155E+00 3.12492E+01 2.07484E+00
 -1      4429 1.20403E+00 3.18764E+01 2.04753E+00
 -1      4430 1.16848E+00 3.18757E+01 2.06585E+00
 -1      4431 1.19597E+00 3.18736E+01 2.11914E+00
 -1      4432 1.23152E+00 3.18743E+01 2.10083E+00
 -1      4437 1.20410E+00 3.25012E+01 2.07026E+00
 -1      4438 1.16851E+00 3.25006E+01 2.08851E+00
 -1      4439 1.19590E+00 3.24988E+01 2.14187E+00
 -1      4440 1.23149E+00 3.24994E+01 2.12362E+00
 -1      4445 1.20418E+00 3.31259E+01 2.08892E+00
 -1      4446 1.16855E+00 3.31255E+01 2.10709E+00
 -1      4447 1.19582E+00 3.31241E+01 2.16052E+00
 -1      4448 1.23145E+00 3.31245E+01 2.14235E+00
 -1      4453 1.20428E+00 3.37506E+01 2.10279E+00
 -1      4454 1.16860E+00 3.37503E+01 2.12087E+00
 -1      4455 1.19572E+00 3.37494E+01 2.17438E+00
 -1      4456 1.23140E+00 3.37497E+01 2.15630E+00
 -1      4461 1.20437E+00 3.43753E+01 2.11133E+00
 -1      4462 1.16865E+00 3.43752E+01 2.12932E+00
 -1      4463 1.19563E+00 3.43747E+01 2.18291E+00
 -1      4464 1.23135E+00 3.43748E+01 2.16492E+00
 -1      4469 1.20447E+00 3.50000E+01 2.11422E+00
 -1      4470 1.16869E+00 3.50000E+01 2.13211E+00
 -1      4471 1.19553E+00 3.50000E+01 2.18578E+00
 -1      4472 1.23131E+00 3.50000E+01 2.16789E+00
 -1      4477 1.20457E+00 3.56247E+01 2.11135E+00
 -1      4478 1.16874E+00 3.56248E+01 2.12915E+00
 -1      4479 1.19543E+00 3.56253E+01 2.18288E+00
 -1      4480 1.23126E+00 3.56252E+01 2.16509E+00
 -1      4485 1.20466E+00 3.62494E+01 2.10283E+00
 -1      4486 1.16879E+00 3.62497E+01 2.12053E+00
 -1      4487 1.19534E+00 3.62506E+01 2.17433E+00
 -1      4488 1.23121E+00 3.62503E+01 2.15663E+00
 -1      4493 1.20474E+00 3.68741E+01 2.08899E+00
 -1      4494 1.16883E+00 3.68745E+01 2.10660E+00
 -1      4495 1.19526E+00 3.68759E+01 2.16045E+00
 -1      4496 1.23117E+00 3.68755E+01 2.14284E+00
 -1      4501 1.20481E+00 3.74988E+01 2.07035E+00
 -1      4502 1.16887E+00 3.74994E+01 2.08789E+00
 -1      4503 1.19519E+00 3.75012E+01 2.14178E+00
 -1      4504 1.23113E+00 3.75006E+01 2.12424E+00
 -1      4509 1.20487E+00 3.81236E+01 2.04764E+00
 -1      4510 1.16890E+00 3.81243E+01 2.06511E+00
 -1      4511 1.19513E+00 3.81264E+01 2.11903E+00
 -1      4512 1.23110E+00 3.81257E+01 2.10156E+00
 -1      4517 1.20491E+00 3.87485E+01 2.02172E+00
 -1      4518 1.16892E+00 3.87492E+01 2.03915E+00
 -1      4519 1.19509E+00 3.87515E+01 2.09309E+00
 -1      4520 1.23108E+00 3.87508E+01 2.07566E+00
 -1      4525 1.20494E+00 3.93734E+01 1.99359E+00
 -1      4526 1.16893E+00 3.93742E+01 2.01099E+00
 -1      4527 1.19506E+00 3.93766E+01 2.06494E+00
 -1      4528 1.23107E+00 3.93758E+01 2.04754E+00
 -1      4533-1.19506E+00 4.06234E+01-6.49419E-02
 -1      4534-1.23107E+00 4.06242E+01-4.75381E-02
 -1      4535-1.20494E+00 4.06266E+01 6.41481E-03
 -1      4536-1.16893E+00 4.06258E+01-1.09890E-02
 -1      4541-1.19509E+00 4.12485E+01-9.30886E-02
 -1      4542-1.23108E+00 4.12492E+01-7.56571E-02
 -1      4543-1.20491E+00 4.12515E+01-2.17164E-02
 -1      4544-1.16892E+00 4.12508E+01-3.91479E-02
 -1      4549-1.19513E+00 4.18736E+01-1.19034E-01
 -1      4550-1.23110E+00 4.18743E+01-1.01557E-01
 -1      4551-1.20487E+00 4.18764E+01-4.76374E-02
 -1      4552-1.16890E+00 4.18757E+01-6.51140E-02
 -1      4557-1.19519E+00 4.24988E+01-1.41779E-01
 -1      4558-1.23113E+00 4.24994E+01-1.24242E-01
 -1      4559-1.20481E+00 4.25012E+01-7.03527E-02
 -1      4560-1.16887E+00 4.25006E+01-8.78902E-02
 -1      4565-1.19526E+00 4.31241E+01-1.60451E-01
 -1      4566-1.23117E+00 4.31245E+01-1.42839E-01
 -1      4567-1.20474E+00 4.31259E+01-8.89902E-02
 -1      4568-1.16883E+00 4.31255E+01-1.06602E-01
 -1      4573-1.19534E+00 4.37494E+01-1.74329E-01
 -1      4574-1.23121E+00 4.37497E+01-1.56632E-01
 -1      4575-1.20466E+00 4.37506E+01-1.02835E-01
 -1      4576-1.16879E+00 4.37503E+01-1.20532E-01
 -1      4581-1.19543E+00 4.43747E+01-1.82881E-01
 -1      4582-1.23126E+00 4.43748E+01-1.65090E-01
 -1      4583-1.20457E+00 4.43753E+01-1.11354E-01
 -1      4584-1.16874E+00 4.43752E+01-1.29145E-01
 -1      4589-1.19553E+00 4.50000E+01-1.85777E-01
 -1      4590-1.23131E+00 4.50000E+01-1.67888E-01
 -1      4591-1.20447E+00 4.50000E+01-1.14223E-01
 -1      4592-1.16869E+00 4.50000E+01-1.32112E-01
 -1      4597-1.19563E+00 4.56253E+01-1.82906E-01
 -1      4598-1.23135E+00 4.56252E+01-1.64919E-01
 -1      4599-1.20437E+00 4.56247E+01-1.11330E-01
 -1      4600-1.16865E+00 4.56248E+01-1.29317E-01
 -1      4605-1.19572E+00 4.62506E+01-1.74377E-01
 -1      4606-1.23140E+00 4.62503E+01-1.56295E-01
 -1      4607-1.20428E+00 4.62494E+01-1.02787E-01
 -1      4608-1.16860E+00 4.62497E+01-1.20869E-01
 -1      4613-1.19582E+00 4.68759E+01-1.60520E-01
 -1      4614-1.23145E+00 4.68755E+01-1.42350E-01
 -1      4615-1.20418E+00 4.68741E+01-8.89205E-02
 -1      4616-1.16855E+00 4.68745E+01-1.07091E-01
 -1      4621-1.19590E+00 4.75012E+01-1.41868E-01
 -1      4622-1.23149E+00 4.75006E+01-1.23620E-01
 -1      4623-1.20410E+00 4.74988E+01-7.02641E-02
 -1      4624-1.16851E+00 4.74994E+01-8.85123E-02
 -1      4629-1.19597E+00 4.81264E+01-1.19138E-01
 -1      4630-1.23152E+00 4.81257E+01-1.00825E-01
 -1      4631-1.20403E+00 4.81236E+01-4.75334E-02
 -1      4632-1.16848E+00 4.81243E+01-6.58456E-02
 -1      4637-1.19602E+00 4.87515E+01-9.32041E-02
 -1      4638-1.23155E+00 4.87508E+01-7.48441E-02
 -1      4639-1.20398E+00 4.87485E+01-2.16010E-02
 -1      4640-1.16845E+00 4.87492E+01-3.99610E-02
 -1      4645-1.19605E+00 4.93766E+01-6.50644E-02
 -1      4646-1.23156E+00 4.93758E+01-4.66749E-02
 -1      4647-1.20395E+00 4.93734E+01 6.53727E-03
 -1      4648-1.16844E+00 4.93742E+01-1.18522E-02
 -1      4653 1.20395E+00 4.06266E+01-6.53727E-03
 -1      4654 1.16844E+00 4.06258E+01 1.18522E-02
 -1      4655 1.19605E+00 4.06234E+01 6.50644E-02
 -1      4656 1.23156E+00 4.06242E+01 4.66749E-02
 -1      4661 1.20398E+00 4.12515E+01 2.16010E-02
 -1      4662 1.16845E+00 4.12508E+01 3.99610E-02
 -1      4663 1.19602E+00 4.12485E+01 9.32041E-02
 -1      4664 1.23155E+00 4.12492E+01 7.48441E-02
 -1      4669 1.20403E+00 4.18764E+01 4.75334E-02
 -1      4670 1.16848E+00 4.18757E+01 6.58456E-02
 -1      4671 1.19597E+00 4.18736E+01 1.19138E-01
 -1      4672 1.23152E+00 4.18743E+01 1.00825E-01
 -1      4677 1.20410E+00 4.25012E+01 7.02641E-02
 -1      4678 1.16851E+00 4.25006E+01 8.85123E-02
 -1      4679 1.19590E+00 4.24988E+01 1.41868E-01
 -1      4680 1.23149E+00 4.24994E+01 1.23620E-01
 -1      4685 1.20418E+00 4.31259E+01 8.89205E-02
 -1      4686 1.16855E+00 4.31255E+01 1.07091E-01
 -1      4687 1.19582E+00 4.31241E+01 1.60520E-01
 -1      4688 1.23145E+00 4.31245E+01 1.42350E-01
 -1      4693 1.20428E+00 4.37506E+01 1.02787E-01
 -1      4694 1.16860E+00 4.37503E+01 1.20869E-01
 -1      4695 1.19572E+00 4.37494E+01 1.74377E-01
 -1      4696 1.23140E+00 4.37497E+01 1.56295E-01
 -1      4701 1.20437E+00 4.43753E+01 1.11330E-01
 -1      4702 1.16865E+00 4.43752E+01 1.29317E-01
 -1      4703 1.19563E+00 4.43747E+01 1.82906E-01
 -1      4704 1.23135E+00 4.43748E+01 1.64919E-01
 -1      4709 1.20447E+00 4.50000E+01 1.14223E-01
 -1      4710 1.16869E+00 4.50000E+01 1.32112E-01
 -1      4711 1.19553E+00 4.50000E+01 1.85777E-01
 -1      4712 1.23131E+00 4.50000E+01 1.67888E-01
 -1      4717 1.20457E+00 4.56247E+01 1.11354E-01
 -1      4718 1.16874E+00 4.56248E+01 1.29145E-01
 -1      4719 1.19543E+00 4.56253E+01 1.82881E-01
 -1      4720 1.23126E+00 4.56252E+01 1.65090E-01
 -1      4725 1.20466E+00 4.62494E+01 1.02835E-01
 -1      4726 1.16879E+00 4.62497E+01 1.20532E-01
 -1      4727 1.19534E+00 4.62506E+01 1.74329E-01
 -1      4728 1.23121E+00 4.62503E+01 1.56632E-01
 -1      4733 1.20474E+00 4.68741E+01 8.89902E-02
 -1      4734 1.16883E+00 4.68745E+01 1.06602E-01
 -1      4735 1.19526E+00 4.68759E+01 1.60451E-01
 -1      4736 1.23117E+00 4.68755E+01 1.42839E-01
 -1      4741 1.20481E+00 4.74988E+01 7.03527E-02
 -1      4742 1.16887E+00 4.74994E+01 8.78902E-02
 -1      4743 1.19519E+00 4.75012E+01 1.41779E-01
 -1      4744 1.23113E+00 4.75006E+01 1.24242E-01
 -1      4749 1.20487E+00 4.81236E+01 4.76374E-02
 -1      4750 1.16890E+00 4.81243E+01 6.51140E-02
 -1      4751 1.19513E+00 4.81264E+01 1.19034E-01
 -1      4752 1.23110E+00 4.81257E+01 1.01557E-01
 -1      4757 1.20491E+00 4.87485E+01 2.17164E-02
 -1      4758 1.16892E+00 4.87492E+01 3.91479E-02
 -1      4759 1.19509E+00 4.87515E+01 9.30886E-02
 -1      4760 1.23108E+00 4.87508E+01 7.56571E-02
 -1      4765 1.20494E+00 4.93734E+01-6.41481E-03
 -1      4766 1.16893E+00 4.93742E+01 1.09890E-02
 -1      4767 1.19506E+00 4.93766E+01 6.49419E-02
 -1      4768 1.23107E+00 4.93758E+01 4.75381E-02
 -1      4773-1.19506E+00 4.06234E+01 1.93506E+00
 -1      4774-1.23107E+00 4.06242E+01 1.95246E+00
 -1      4775-1.20494E+00 4.06266E+01 2.00641E+00
 -1      4776-1.16893E+00 4.06258E+01 1.98901E+00
 -1      4781-1.19509E+00 4.12485E+01 1.90691E+00
 -1      4782-1.23108E+00 4.12492E+01 1.92434E+00
 -1      4783-1.20491E+00 4.12515E+01 1.97828E+00
 -1      4784-1.16892E+00 4.12508E+01 1.96085E+00
 -1      4789-1.19513E+00 4.18736E+01 1.88097E+00
 -1      4790-1.23110E+00 4.18743E+01 1.89844E+00
 -1      4791-1.20487E+00 4.18764E+01 1.95236E+00
 -1      4792-1.16890E+00 4.18757E+01 1.93489E+00
 -1      4797-1.19519E+00 4.24988E+01 1.85822E+00
 -1      4798-1.23113E+00 4.24994E+01 1.87576E+00
 -1      4799-1.20481E+00 4.25012E+01 1.92965E+00
 -1      4800-1.16887E+00 4.25006E+01 1.91211E+00
 -1      4805-1.19526E+00 4.31241E+01 1.83955E+00
 -1      4806-1.23117E+00 4.31245E+01 1.85716E+00
 -1      4807-1.20474E+00 4.31259E+01 1.91101E+00
 -1      4808-1.16883E+00 4.31255E+01 1.89340E+00
 -1      4813-1.19534E+00 4.37494E+01 1.82567E+00
 -1      4814-1.23121E+00 4.37497E+01 1.84337E+00
 -1      4815-1.20466E+00 4.37506E+01 1.89717E+00
 -1      4816-1.16879E+00 4.37503E+01 1.87947E+00
 -1      4821-1.19543E+00 4.43747E+01 1.81712E+00
 -1      4822-1.23126E+00 4.43748E+01 1.83491E+00
 -1      4823-1.20457E+00 4.43753E+01 1.88865E+00
 -1      4824-1.16874E+00 4.43752E+01 1.87085E+00
 -1      4829-1.19553E+00 4.50000E+01 1.81422E+00
 -1      4830-1.23131E+00 4.50000E+01 1.83211E+00
 -1      4831-1.20447E+00 4.50000E+01 1.88578E+00
 -1      4832-1.16869E+00 4.50000E+01 1.86789E+00
 -1      4837-1.19563E+00 4.56253E+01 1.81709E+00
 -1      4838-1.23135E+00 4.56252E+01 1.83508E+00
 -1      4839-1.20437E+00 4.56247E+01 1.88867E+00
 -1      4840-1.16865E+00 4.56248E+01 1.87068E+00
 -1      4845-1.19572E+00 4.62506E+01 1.82562E+00
 -1      4846-1.23140E+00 4.62503E+01 1.84370E+00
 -1      4847-1.20428E+00 4.62494E+01 1.89721E+00
 -1      4848-1.16860E+00 4.62497E+01 1.87913E+00
 -1      4853-1.19582E+00 4.68759E+01 1.83948E+00
 -1      4854-1.23145E+00 4.68755E+01 1.85765E+00
 -1      4855-1.20418E+00 4.68741E+01 1.91108E+00
 -1      4856-1.16855E+00 4.68745E+01 1.89291E+00
 -1      4861-1.19590E+00 4.75012E+01 1.85813E+00
 -1      4862-1.23149E+00 4.75006E+01 1.87638E+00
 -1      4863-1.20410E+00 4.74988E+01 1.92974E+00
 -1      4864-1.16851E+00 4.74994E+01 1.91149E+00
 -1      4869-1.19597E+00 4.81264E+01 1.88086E+00
 -1      4870-1.23152E+00 4.81257E+01 1.89917E+00
 -1      4871-1.20403E+00 4.81236E+01 1.95247E+00
 -1      4872-1.16848E+00 4.81243E+01 1.93415E+00
 -1      4877-1.19602E+00 4.87515E+01 1.90680E+00
 -1      4878-1.23155E+00 4.87508E+01 1.92516E+00
 -1      4879-1.20398E+00 4.87485E+01 1.97840E+00
 -1      4880-1.16845E+00 4.87492E+01 1.96004E+00
 -1      4885-1.19605E+00 4.93766E+01 1.93494E+00
 -1      4886-1.23156E+00 4.93758E+01 1.95333E+00
 -1      4887-1.20395E+00 4.93734E+01 2.00654E+00
 -1      4888-1.16844E+00 4.93742E+01 1.98815E+00
 -1      4893 1.20395E+00 4.06266E+01 1.99346E+00
 -1      4894 1.16844E+00 4.06258E+01 2.01185E+00
 -1      4895 1.19605E+00 4.06234E+01 2.06506E+00
 -1      4896 1.23156E+00 4.06242E+01 2.04667E+00
 -1      4901 1.20398E+00 4.12515E+01 2.02160E+00
 -1      4902 1.16845E+00 4.12508E+01 2.03996E+00
 -1      4903 1.19602E+00 4.12485E+01 2.09320E+00
 -1      4904 1.23155E+00 4.12492E+01 2.07484E+00
 -1      4909 1.20403E+00 4.18764E+01 2.04753E+00
 -1      4910 1.16848E+00 4.18757E+01 2.06585E+00
 -1      4911 1.19597E+00 4.18736E+01 2.11914E+00
 -1      4912 1.23152E+00 4.18743E+01 2.10083E+00
 -1      4917 1.20410E+00 4.25012E+01 2.07026E+00
 -1      4918 1.16851E+00 4.25006E+01 2.08851E+00
 -1      4919 1.19590E+00 4.24988E+01 2.14187E+00
 -1      4920 1.23149E+00 4.24994E+01 2.12362E+00
 -1      4925 1.20418E+00 4.31259E+01 2.08892E+00
 -1      4926 1.16855E+00 4.31255E+01 2.10709E+00
 -1      4927 1.19582E+00 4.31241E+01 2.16052E+00
 -1      4928 1.23145E+00 4.31245E+01 2.14235E+00
 -1      4933 1.20428E+00 4.37506E+01 2.10279E+00
 -1      4934 1.16860E+00 4.37503E+01 2.12087E+00
 -1      4935 1.19572E+00 4.37494E+01 2.17438E+00
 -1      4936 1.23140E+00 4.37497E+01 2.15630E+00
 -1      4941 1.20437E+00 4.43753E+01 2.11133E+00
 -1      4942 1.16865E+00 4.43752E+01 2.12932E+00
 -1      4943 1.19563E+00 4.43747E+01 2.18291E+00
 -1      4944 1.23135E+00 4.43748E+01 2.16492E+00
 -1      4949 1.20447E+00 4.50000E+01 2.11422E+00
 -1      4950 1.16869E+00 4.50000E+01 2.13211E+00
 -1      4951 1.19553E+00 4.50000E+01 2.18578E+00
 -1      4952 1.23131E+00 4.50000E+01 2.16789E+00
 -1      4957 1.20457E+00 4.56247E+01 2.11135E+00
 -1      4958 1.16874E+00 4.56248E+01 2.12915E+00
 -1      4959 1.19543E+00 4.56253E+01 2.18288E+00
 -1      4960 1.23126E+00 4.56252E+01 2.16509E+00
 -1      4965 1.20466E+00 4.62494E+01 2.10283E+00
 -1      4966 1.16879E+00 4.62497E+01 2.12053E+00
 -1      4967 1.19534E+00 4.62506E+01 2.17433E+00
 -1      4968 1.23121E+00 4.62503E+01 2.15663E+00
 -1      4973 1.20474E+00 4.68741E+01 2.08899E+00
 -1      4974 1.16883E+00 4.68745E+01 2.10660E+00
 -1      4975 1.19526E+00 4.68759E+01 2.16045E+00
 -1      4976 1.23117E+00 4.68755E+01 2.14284E+00
 -1      4981 1.20481E+00 4.74988E+01 2.07035E+00
 -1      4982 1.16887E+00 4.74994E+01 2.08789E+00
 -1      4983 1.19519E+00 4.75012E+01 2.14178E+00
 -1      4984 1.23113E+00 4.75006E+01 2.12424E+00
 -1      4989 1.20487E+00 4.81236E+01 2.04764E+00
 -1      4990 1.16890E+00 4.81243E+01 2.06511E+00
 -1      4991 1.19513E+00 4.81264E+01 2.11903E+00
 -1      4992 1.23110E+00 4.81257E+01 2.10156E+00
 -1      4997 1.20491E+00 4.87485E+01 2.02172E+00
 -1      4998 1.16892E+00 4.87492E+01 2.03915E+00
 -1      4999 1.19509E+00 4.87515E+01 2.09309E+00
 -1      5000 1.23108E+00 4.87508E+01 2.07566E+00
 -1      5005 1.20494E+00 4.93734E+01 1.99359E+00
 -1      5006 1.16893E+00 4.93742E+01 2.01099E+00
 -1      5007 1.19506E+00 4.93766E+01 2.06494E+00
 -1      5008 1.23107E+00 4.93758E+01 2.04754E+00
 -1      5013-1.05157E+00-4.11522E-02-1.15220E-02
 -1      5014-1.05011E+00-9.52527E-03-3.59684E-02
 -1      5015-1.04843E+00 2.71057E-02 1.15220E-02
 -1      5016-1.04989E+00-4.52123E-03 3.59684E-02
 -1      5021-9.01476E-01-4.79007E-02-1.15486E-02
 -1      5022-9.00107E-01-1.62510E-02-3.59703E-02
 -1      5023-8.98524E-01 2.03475E-02 1.15486E-02
 -1      5024-8.99893E-01-1.13022E-02 3.59703E-02
 -1      5029-7.51328E-01-5.41160E-02-1.15920E-02
 -1      5030-7.50095E-01-2.24297E-02-3.59735E-02
 -1      5031-7.48672E-01 1.41149E-02 1.15920E-02
 -1      5032-7.49905E-01-1.75714E-02 3.59735E-02
 -1      5037-6.01129E-01-5.95583E-02-1.16510E-02
 -1      5038-6.00078E-01-2.78233E-02-3.59776E-02
 -1      5039-5.98871E-01 8.64663E-03 1.16510E-02
 -1      5040-5.99922E-01-2.30884E-02 3.59776E-02
 -1      5045-4.50887E-01-6.40176E-02-1.17239E-02
 -1      5046-4.50060E-01-3.22240E-02-3.59826E-02
 -1      5047-4.49113E-01 4.15174E-03 1.17239E-02
 -1      5048-4.49940E-01-2.76419E-02 3.59826E-02
 -1      5053-3.00610E-01-6.73212E-02-1.18084E-02
 -1      5054-3.00039E-01-3.54620E-02-3.59882E-02
 -1      5055-2.99390E-01 8.01895E-04 1.18084E-02
 -1      5056-2.99961E-01-3.10574E-02 3.59882E-02
 -1      5061-1.50311E-01-6.93415E-02-1.19015E-02
 -1      5062-1.50019E-01-3.74124E-02-3.59941E-02
 -1      5063-1.49689E-01-1.27509E-03 1.19015E-02
 -1      5064-1.49981E-01-3.32041E-02 3.59941E-02
 -1      5069 0.00000E+00-7.00000E-02-1.20001E-02
 -1      5070 0.00000E+00-3.79999E-02-3.60000E-02
 -1      5071 0.00000E+00-2.00002E-03 1.20001E-02
 -1      5072 0.00000E+00-3.40001E-02 3.60000E-02
 -1      5077 1.50310E-01-6.92713E-02-1.21003E-02
 -1      5078 1.50017E-01-3.72019E-02-3.60057E-02
 -1      5079 1.49690E-01-1.34525E-03 1.21003E-02
 -1      5080 1.49983E-01-3.34146E-02 3.60057E-02
 -1      5085 3.00608E-01-6.71836E-02-1.21982E-02
 -1      5086 3.00032E-01-3.50492E-02-3.60111E-02
 -1      5087 2.99392E-01 6.64274E-04 1.21982E-02
 -1      5088 2.99968E-01-3.14701E-02 3.60111E-02
 -1      5093 4.50881E-01-6.38177E-02-1.22899E-02
 -1      5094 4.50044E-01-3.16249E-02-3.60158E-02
 -1      5095 4.49119E-01 3.95193E-03 1.22899E-02
 -1      5096 4.49956E-01-2.82409E-02 3.60158E-02
 -1      5101 6.01121E-01-5.93040E-02-1.23713E-02
 -1      5102 6.00053E-01-2.70610E-02-3.60197E-02
 -1      5103 5.98879E-01 8.39229E-03 1.23713E-02
 -1      5104 5.99947E-01-2.38507E-02 3.60197E-02
 -1      5109 7.51316E-01-5.38168E-02-1.24388E-02
 -1      5110 7.50060E-01-2.15335E-02-3.60229E-02
 -1      5111 7.48684E-01 1.38158E-02 1.24388E-02
 -1      5112 7.49940E-01-1.84675E-02 3.60229E-02
 -1      5117 9.01462E-01-4.75683E-02-1.24894E-02
 -1      5118 9.00064E-01-1.52555E-02-3.60251E-02
 -1      5119 8.98538E-01 2.00151E-02 1.24894E-02
 -1      5120 8.99936E-01-1.22977E-02 3.60251E-02
 -1      5125 1.05155E+00-4.07993E-02-1.25208E-02
 -1      5126 1.05007E+00-8.46860E-03-3.60265E-02
 -1      5127 1.04845E+00 2.67528E-02 1.25208E-02
 -1      5128 1.04993E+00-5.57790E-03 3.60265E-02
 -1      5133-1.04845E+00-2.67528E-02 1.98748E+00
 -1      5134-1.04993E+00 5.57790E-03 1.96397E+00
 -1      5135-1.05155E+00 4.07993E-02 2.01252E+00
 -1      5136-1.05007E+00 8.46860E-03 2.03603E+00
 -1      5141-8.98538E-01-2.00151E-02 1.98751E+00
 -1      5142-8.99936E-01 1.22977E-02 1.96397E+00
 -1      5143-9.01462E-01 4.75683E-02 2.01249E+00
 -1      5144-9.00064E-01 1.52555E-02 2.03603E+00
 -1      5149-7.48684E-01-1.38158E-02 1.98756E+00
 -1      5150-7.49940E-01 1.84675E-02 1.96398E+00
 -1      5151-7.51316E-01 5.38168E-02 2.01244E+00
 -1      5152-7.50060E-01 2.15335E-02 2.03602E+00
 -1      5157-5.98879E-01-8.39229E-03 1.98763E+00
 -1      5158-5.99947E-01 2.38507E-02 1.96398E+00
 -1      5159-6.01121E-01 5.93040E-02 2.01237E+00
 -1      5160-6.00053E-01 2.70610E-02 2.03602E+00
 -1      5165-4.49119E-01-3.95193E-03 1.98771E+00
 -1      5166-4.49956E-01 2.82409E-02 1.96398E+00
 -1      5167-4.50881E-01 6.38177E-02 2.01229E+00
 -1      5168-4.50044E-01 3.16249E-02 2.03602E+00
 -1      5173-2.99392E-01-6.64274E-04 1.98780E+00
 -1      5174-2.99968E-01 3.14701E-02 1.96399E+00
 -1      5175-3.00608E-01 6.71836E-02 2.01220E+00
 -1      5176-3.00032E-01 3.50492E-02 2.03601E+00
 -1      5181-1.49690E-01 1.34525E-03 1.98790E+00
 -1      5182-1.49983E-01 3.34146E-02 1.96399E+00
 -1      5183-1.50310E-01 6.92713E-02 2.01210E+00
 -1      5184-1.50017E-01 3.72019E-02 2.03601E+00
 -1      5189 0.00000E+00 2.00002E-03 1.98800E+00
 -1      5190 0.00000E+00 3.40001E-02 1.96400E+00
 -1      5191 0.00000E+00 7.00000E-02 2.01200E+00
 -1      5192 0.00000E+00 3.79999E-02 2.03600E+00
 -1      5197 1.49689E-01 1.27509E-03 1.98810E+00
 -1      5198 1.49981E-01 3.32041E-02 1.96401E+00
 -1      5199 1.50311E-01 6.93415E-02 2.01190E+00
 -1      5200 1.50019E-01 3.74124E-02 2.03599E+00
 -1      5205 2.99390E-01-8.01895E-04 1.98819E+00
 -1      5206 2.99961E-01 3.10574E-02 1.96401E+00
 -1      5207 3.00610E-01 6.73212E-02 2.01181E+00
 -1      5208 3.00039E-01 3.54620E-02 2.03599E+00
 -1      5213 4.49113E-01-4.15174E-03 1.98828E+00
 -1      5214 4.49940E-01 2.76419E-02 1.96402E+00
 -1      5215 4.50887E-01 6.40176E-02 2.01172E+00
 -1      5216 4.50060E-01 3.22240E-02 2.03598E+00
 -1      5221 5.98871E-01-8.64663E-03 1.98835E+00
 -1      5222 5.99922E-01 2.30884E-02 1.96402E+00
 -1      5223 6.01129E-01 5.95583E-02 2.01165E+00
 -1      5224 6.00078E-01 2.78233E-02 2.03598E+00
 -1      5229 7.48672E-01-1.41149E-02 1.98841E+00
 -1      5230 7.49905E-01 1.75714E-02 1.96403E+00
 -1      5231 7.51328E-01 5.41160E-02 2.01159E+00
 -1      5232 7.50095E-01 2.24297E-02 2.03597E+00
 -1      5237 8.98524E-01-2.03475E-02 1.98845E+00
 -1      5238 8.99893E-01 1.13022E-02 1.96403E+00
 -1      5239 9.01476E-01 4.79007E-02 2.01155E+00
 -1      5240 9.00107E-01 1.62510E-02 2.03597E+00
 -1      5245 1.04843E+00-2.71057E-02 1.98848E+00
 -1      5246 1.04989E+00 4.52123E-03 1.96403E+00
 -1      5247 1.05157E+00 4.11522E-02 2.01152E+00
 -1      5248 1.05011E+00 9.52527E-03 2.03597E+00
 -1      5253-1.23368E+00-6.99671E-03 1.25590E-01
 -1      5254-1.20108E+00-3.01486E-02 1.26653E-01
 -1      5255-1.16632E+00 1.87021E-02 1.24410E-01
 -1      5256-1.19892E+00 4.18541E-02 1.23347E-01
 -1      5261-1.23366E+00-1.43223E-03 2.50559E-01
 -1      5262-1.20102E+00-2.45270E-02 2.51558E-01
 -1      5263-1.16634E+00 2.43932E-02 2.49441E-01
 -1      5264-1.19898E+00 4.74880E-02 2.48442E-01
 -1      5269-1.23362E+00 3.65268E-03 3.75507E-01
 -1      5270-1.20091E+00-1.93497E-02 3.76402E-01
 -1      5271-1.16638E+00 2.96815E-02 3.74493E-01
 -1      5272-1.19909E+00 5.26839E-02 3.73598E-01
 -1      5277-1.23357E+00 8.06413E-03 5.00435E-01
 -1      5278-1.20077E+00-1.48144E-02 5.01193E-01
 -1      5279-1.16643E+00 3.43623E-02 4.99565E-01
 -1      5280-1.19923E+00 5.72408E-02 4.98807E-01
 -1      5285-1.23351E+00 1.16344E-02 6.25346E-01
 -1      5286-1.20060E+00-1.10943E-02 6.25937E-01
 -1      5287-1.16649E+00 3.82538E-02 6.24654E-01
 -1      5288-1.19940E+00 6.09825E-02 6.24063E-01
 -1      5293-1.23344E+00 1.42279E-02 7.50242E-01
 -1      5294-1.20041E+00-8.33104E-03 7.50646E-01
 -1      5295-1.16656E+00 4.12049E-02 7.49758E-01
 -1      5296-1.19959E+00 6.37638E-02 7.49354E-01
 -1      5301-1.23336E+00 1.57466E-02 8.75125E-01
 -1      5302-1.20021E+00-6.62986E-03 8.75329E-01
 -1      5303-1.16664E+00 4.31006E-02 8.74875E-01
 -1      5304-1.19979E+00 6.54770E-02 8.74671E-01
 -1      5309-1.23328E+00 1.61329E-02 1.00000E+00
 -1      5310-1.20000E+00-6.05551E-03 1.00000E+00
 -1      5311-1.16672E+00 4.38671E-02 1.00000E+00
 -1      5312-1.20000E+00 6.60555E-02 1.00000E+00
 -1      5317-1.23320E+00 1.53723E-02 1.12487E+00
 -1      5318-1.19980E+00-6.62990E-03 1.12467E+00
 -1      5319-1.16680E+00 4.34748E-02 1.12513E+00
 -1      5320-1.20020E+00 6.54770E-02 1.12533E+00
 -1      5325-1.23313E+00 1.34937E-02 1.24975E+00
 -1      5326-1.19961E+00-8.33125E-03 1.24935E+00
 -1      5327-1.16687E+00 4.19390E-02 1.25025E+00
 -1      5328-1.20039E+00 6.37640E-02 1.25065E+00
 -1      5333-1.23306E+00 1.05683E-02 1.37463E+00
 -1      5334-1.19944E+00-1.10949E-02 1.37406E+00
 -1      5335-1.16694E+00 3.93199E-02 1.37537E+00
 -1      5336-1.20056E+00 6.09831E-02 1.37594E+00
 -1      5341-1.23301E+00 6.70688E-03 1.49952E+00
 -1      5342-1.19930E+00-1.48157E-02 1.49881E+00
 -1      5343-1.16699E+00 3.57195E-02 1.50048E+00
 -1      5344-1.20070E+00 5.72421E-02 1.50119E+00
 -1      5349-1.23296E+00 2.05629E-03 1.62443E+00
 -1      5350-1.19918E+00-1.93518E-02 1.62360E+00
 -1      5351-1.16704E+00 3.12779E-02 1.62557E+00
 -1      5352-1.20082E+00 5.26860E-02 1.62640E+00
 -1      5357-1.23292E+00-3.20646E-03 1.74936E+00
 -1      5358-1.19909E+00-2.45299E-02 1.74844E+00
 -1      5359-1.16708E+00 2.61675E-02 1.75064E+00
 -1      5360-1.20091E+00 4.74909E-02 1.75156E+00
 -1      5365-1.23290E+00-8.88051E-03 1.87432E+00
 -1      5366-1.19904E+00-3.01521E-02 1.87335E+00
 -1      5367-1.16710E+00 2.05859E-02 1.87568E+00
 -1      5368-1.20096E+00 4.18575E-02 1.87665E+00
 -1      5373 1.16710E+00-2.05859E-02 1.24323E-01
 -1      5374 1.20096E+00-4.18575E-02 1.23347E-01
 -1      5375 1.23290E+00 8.88051E-03 1.25677E-01
 -1      5376 1.19904E+00 3.01521E-02 1.26653E-01
 -1      5381 1.16708E+00-2.61675E-02 2.49365E-01
 -1      5382 1.20091E+00-4.74909E-02 2.48442E-01
 -1      5383 1.23292E+00 3.20646E-03 2.50635E-01
 -1      5384 1.19909E+00 2.45299E-02 2.51558E-01
 -1      5389 1.16704E+00-3.12779E-02 3.74431E-01
 -1      5390 1.20082E+00-5.26860E-02 3.73598E-01
 -1      5391 1.23296E+00-2.05629E-03 3.75569E-01
 -1      5392 1.19918E+00 1.93518E-02 3.76402E-01
 -1      5397 1.16699E+00-3.57195E-02 4.99520E-01
 -1      5398 1.20070E+00-5.72421E-02 4.98807E-01
 -1      5399 1.23301E+00-6.70688E-03 5.00480E-01
 -1      5400 1.19930E+00 1.48157E-02 5.01193E-01
 -1      5405 1.16694E+00-3.93199E-02 6.24626E-01
 -1      5406 1.20056E+00-6.09831E-02 6.24063E-01
 -1      5407 1.23306E+00-1.05683E-02 6.25374E-01
 -1      5408 1.19944E+00 1.10949E-02 6.25937E-01
 -1      5413 1.16687E+00-4.19390E-02 7.49745E-01
 -1      5414 1.20039E+00-6.37640E-02 7.49354E-01
 -1      5415 1.23313E+00-1.34937E-02 7.50255E-01
 -1      5416 1.19961E+00 8.33125E-03 7.50646E-01
 -1      5421 1.16680E+00-4.34748E-02 8.74872E-01
 -1      5422 1.20020E+00-6.54770E-02 8.74671E-01
 -1      5423 1.23320E+00-1.53723E-02 8.75128E-01
 -1      5424 1.19980E+00 6.62990E-03 8.75329E-01
 -1      5429 1.16672E+00-4.38671E-02 1.00000E+00
 -1      5430 1.20000E+00-6.60555E-02 1.00000E+00
 -1      5431 1.23328E+00-1.61329E-02 1.00000E+00
 -1      5432 1.20000E+00 6.05551E-03 1.00000E+00
 -1      5437 1.16664E+00-4.31006E-02 1.12512E+00
 -1      5438 1.19979E+00-6.54770E-02 1.12533E+00
 -1      5439 1.23336E+00-1.57466E-02 1.12488E+00
 -1      5440 1.20021E+00 6.62986E-03 1.12467E+00
 -1      5445 1.16656E+00-4.12049E-02 1.25024E+00
 -1      5446 1.19959E+00-6.37638E-02 1.25065E+00
 -1      5447 1.23344E+00-1.42279E-02 1.24976E+00
 -1      5448 1.20041E+00 8.33104E-03 1.24935E+00
 -1      5453 1.16649E+00-3.82538E-02 1.37535E+00
 -1      5454 1.19940E+00-6.09825E-02 1.37594E+00
 -1      5455 1.23351E+00-1.16344E-02 1.37465E+00
 -1      5456 1.20060E+00 1.10943E-02 1.37406E+00
 -1      5461 1.16643E+00-3.43623E-02 1.50044E+00
 -1      5462 1.19923E+00-5.72408E-02 1.50119E+00
 -1      5463 1.23357E+00-8.06413E-03 1.49956E+00
 -1      5464 1.20077E+00 1.48144E-02 1.49881E+00
 -1      5469 1.16638E+00-2.96815E-02 1.62551E+00
 -1      5470 1.19909E+00-5.26839E-02 1.62640E+00
 -1      5471 1.23362E+00-3.65268E-03 1.62449E+00
 -1      5472 1.20091E+00 1.93497E-02 1.62360E+00
 -1      5477 1.16634E+00-2.43932E-02 1.75056E+00
 -1      5478 1.19898E+00-4.74880E-02 1.75156E+00
 -1      5479 1.23366E+00 1.43223E-03 1.74944E+00
 -1      5480 1.20102E+00 2.45270E-02 1.74844E+00
 -1      5485 1.16632E+00-1.87021E-02 1.87559E+00
 -1      5486 1.19892E+00-4.18541E-02 1.87665E+00
 -1      5487 1.23368E+00 6.99671E-03 1.87441E+00
 -1      5488 1.20108E+00 3.01486E-02 1.87335E+00
 -1      5493-1.05157E+00 9.95885E+00-1.15220E-02
 -1      5494-1.05011E+00 9.99047E+00-3.59684E-02
 -1      5495-1.04843E+00 1.00271E+01 1.15220E-02
 -1      5496-1.04989E+00 9.99548E+00 3.59684E-02
 -1      5501-9.01476E-01 9.95210E+00-1.15486E-02
 -1      5502-9.00107E-01 9.98375E+00-3.59703E-02
 -1      5503-8.98524E-01 1.00203E+01 1.15486E-02
 -1      5504-8.99893E-01 9.98870E+00 3.59703E-02
 -1      5509-7.51328E-01 9.94588E+00-1.15920E-02
 -1      5510-7.50095E-01 9.97757E+00-3.59735E-02
 -1      5511-7.48672E-01 1.00141E+01 1.15920E-02
 -1      5512-7.49905E-01 9.98243E+00 3.59735E-02
 -1      5517-6.01129E-01 9.94044E+00-1.16510E-02
 -1      5518-6.00078E-01 9.97218E+00-3.59776E-02
 -1      5519-5.98871E-01 1.00086E+01 1.16510E-02
 -1      5520-5.99922E-01 9.97691E+00 3.59776E-02
 -1      5525-4.50887E-01 9.93598E+00-1.17239E-02
 -1      5526-4.50060E-01 9.96778E+00-3.59826E-02
 -1      5527-4.49113E-01 1.00042E+01 1.17239E-02
 -1      5528-4.49940E-01 9.97236E+00 3.59826E-02
 -1      5533-3.00610E-01 9.93268E+00-1.18084E-02
 -1      5534-3.00039E-01 9.96454E+00-3.59882E-02
 -1      5535-2.99390E-01 1.00008E+01 1.18084E-02
 -1      5536-2.99961E-01 9.96894E+00 3.59882E-02
 -1      5541-1.50311E-01 9.93066E+00-1.19015E-02
 -1      5542-1.50019E-01 9.96259E+00-3.59941E-02
 -1      5543-1.49689E-01 9.99872E+00 1.19015E-02
 -1      5544-1.49981E-01 9.96680E+00 3.59941E-02
 -1      5549 0.00000E+00 9.93000E+00-1.20001E-02
 -1      5550 0.00000E+00 9.96200E+00-3.60000E-02
 -1      5551 0.00000E+00 9.99800E+00 1.20001E-02
 -1      5552 0.00000E+00 9.96600E+00 3.60000E-02
 -1      5557 1.50310E-01 9.93073E+00-1.21003E-02
 -1      5558 1.50017E-01 9.96280E+00-3.60057E-02
 -1      5559 1.49690E-01 9.99865E+00 1.21003E-02
 -1      5560 1.49983E-01 9.96659E+00 3.60057E-02
 -1      5565 3.00608E-01 9.93282E+00-1.21982E-02
 -1      5566 3.00032E-01 9.96495E+00-3.60111E-02
 -1      5567 2.99392E-01 1.00007E+01 1.21982E-02
 -1      5568 2.99968E-01 9.96853E+00 3.60111E-02
 -1      5573 4.50881E-01 9.93618E+00-1.22899E-02
 -1      5574 4.50044E-01 9.96838E+00-3.60158E-02
 -1      5575 4.49119E-01 1.00040E+01 1.22899E-02
 -1      5576 4.49956E-01 9.97176E+00 3.60158E-02
 -1      5581 6.01121E-01 9.94070E+00-1.23713E-02
 -1      5582 6.00053E-01 9.97294E+00-3.60197E-02
 -1      5583 5.98879E-01 1.00084E+01 1.23713E-02
 -1      5584 5.99947E-01 9.97615E+00 3.60197E-02
 -1      5589 7.51316E-01 9.94618E+00-1.24388E-02
 -1      5590 7.50060E-01 9.97847E+00-3.60229E-02
 -1      5591 7.48684E-01 1.00138E+01 1.24388E-02
 -1      5592 7.49940E-01 9.98153E+00 3.60229E-02
 -1      5597 9.01462E-01 9.95243E+00-1.24894E-02
 -1      5598 9.00064E-01 9.98474E+00-3.60251E-02
 -1      5599 8.98538E-01 1.00200E+01 1.24894E-02
 -1      5600 8.99936E-01 9.98770E+00 3.60251E-02
 -1      5605 1.05155E+00 9.95920E+00-1.25208E-02
 -1      5606 1.05007E+00 9.99153E+00-3.60265E-02
 -1      5607 1.04845E+00 1.00268E+01 1.25208E-02
 -1      5608 1.04993E+00 9.99442E+00 3.60265E-02
 -1      5613-1.04845E+00 9.97325E+00 1.98748E+00
 -1      5614-1.04993E+00 1.00056E+01 1.96397E+00
 -1      5615-1.05155E+00 1.00408E+01 2.01252E+00
 -1      5616-1.05007E+00 1.00085E+01 2.03603E+00
 -1      5621-8.98538E-01 9.97999E+00 1.98751E+00
 -1      5622-8.99936E-01 1.00123E+01 1.96397E+00
 -1      5623-9.01462E-01 1.00476E+01 2.01249E+00
 -1      5624-9.00064E-01 1.00153E+01 2.03603E+00
 -1      5629-7.48684E-01 9.98618E+00 1.98756E+00
 -1      5630-7.49940E-01 1.00185E+01 1.96398E+00
 -1      5631-7.51316E-01 1.00538E+01 2.01244E+00
 -1      5632-7.50060E-01 1.00215E+01 2.03602E+00
 -1      5637-5.98879E-01 9.99161E+00 1.98763E+00
 -1      5638-5.99947E-01 1.00239E+01 1.96398E+00
 -1      5639-6.01121E-01 1.00593E+01 2.01237E+00
 -1      5640-6.00053E-01 1.00271E+01 2.03602E+00
 -1      5645-4.49119E-01 9.99605E+00 1.98771E+00
 -1      5646-4.49956E-01 1.00282E+01 1.96398E+00
 -1      5647-4.50881E-01 1.00638E+01 2.01229E+00
 -1      5648-4.50044E-01 1.00316E+01 2.03602E+00
 -1      5653-2.99392E-01 9.99934E+00 1.98780E+00
 -1      5654-2.99968E-01 1.00315E+01 1.96399E+00
 -1      5655-3.00608E-01 1.00672E+01 2.01220E+00
 -1      5656-3.00032E-01 1.00350E+01 2.03601E+00
 -1      5661-1.49690E-01 1.00013E+01 1.98790E+00
 -1      5662-1.49983E-01 1.00334E+01 1.96399E+00
 -1      5663-1.50310E-01 1.00693E+01 2.01210E+00
 -1      5664-1.50017E-01 1.00372E+01 2.03601E+00
 -1      5669 0.00000E+00 1.00020E+01 1.98800E+00
 -1      5670 0.00000E+00 1.00340E+01 1.96400E+00
 -1      5671 0.00000E+00 1.00700E+01 2.01200E+00
 -1      5672 0.00000E+00 1.00380E+01 2.03600E+00
 -1      5677 1.49689E-01 1.00013E+01 1.98810E+00
 -1      5678 1.49981E-01 1.00332E+01 1.96401E+00
 -1      5679 1.50311E-01 1.00693E+01 2.01190E+00
 -1      5680 1.50019E-01 1.00374E+01 2.03599E+00
 -1      5685 2.99390E-01 9.99920E+00 1.98819E+00
 -1      5686 2.99961E-01 1.00311E+01 1.96401E+00
 -1      5687 3.00610E-01 1.00673E+01 2.01181E+00
 -1      5688 3.00039E-01 1.00355E+01 2.03599E+00
 -1      5693 4.49113E-01 9.99585E+00 1.98828E+00
 -1      5694 4.49940E-01 1.00276E+01 1.96402E+00
 -1      5695 4.50887E-01 1.00640E+01 2.01172E+00
 -1      5696 4.50060E-01 1.00322E+01 2.03598E+00
 -1      5701 5.98871E-01 9.99135E+00 1.98835E+00
 -1      5702 5.99922E-01 1.00231E+01 1.96402E+00
 -1      5703 6.01129E-01 1.00596E+01 2.01165E+00
 -1      5704 6.00078E-01 1.00278E+01 2.03598E+00
 -1      5709 7.48672E-01 9.98588E+00 1.98841E+00
 -1      5710 7.49905E-01 1.00176E+01 1.96403E+00
 -1      5711 7.51328E-01 1.00541E+01 2.01159E+00
 -1      5712 7.50095E-01 1.00224E+01 2.03597E+00
 -1      5717 8.98524E-01 9.97965E+00 1.98845E+00
 -1      5718 8.99893E-01 1.00113E+01 1.96403E+00
 -1      5719 9.01476E-01 1.00479E+01 2.01155E+00
 -1      5720 9.00107E-01 1.00163E+01 2.03597E+00
 -1      5725 1.04843E+00 9.97289E+00 1.98848E+00
 -1      5726 1.04989E+00 1.00045E+01 1.96403E+00
 -1      5727 1.05157E+00 1.00412E+01 2.01152E+00
 -1      5728 1.05011E+00 1.00095E+01 2.03597E+00
 -1      5733-1.23368E+00 9.99300E+00 1.25590E-01
 -1      5734-1.20108E+00 9.96985E+00 1.26653E-01
 -1      5735-1.16632E+00 1.00187E+01 1.24410E-01
 -1      5736-1.19892E+00 1.00419E+01 1.23347E-01
 -1      5741-1.23366E+00 9.99857E+00 2.50559E-01
 -1      5742-1.20102E+00 9.97547E+00 2.51558E-01
 -1      5743-1.16634E+00 1.00244E+01 2.49441E-01
 -1      5744-1.19898E+00 1.00475E+01 2.48442E-01
 -1      5749-1.23362E+00 1.00037E+01 3.75507E-01
 -1      5750-1.20091E+00 9.98065E+00 3.76402E-01
 -1      5751-1.16638E+00 1.00297E+01 3.74493E-01
 -1      5752-1.19909E+00 1.00527E+01 3.73598E-01
 -1      5757-1.23357E+00 1.00081E+01 5.00435E-01
 -1      5758-1.20077E+00 9.98519E+00 5.01193E-01
 -1      5759-1.16643E+00 1.00344E+01 4.99565E-01
 -1      5760-1.19923E+00 1.00572E+01 4.98807E-01
 -1      5765-1.23351E+00 1.00116E+01 6.25346E-01
 -1      5766-1.20060E+00 9.98891E+00 6.25937E-01
 -1      5767-1.16649E+00 1.00383E+01 6.24654E-01
 -1      5768-1.19940E+00 1.00610E+01 6.24063E-01
 -1      5773-1.23344E+00 1.00142E+01 7.50242E-01
 -1      5774-1.20041E+00 9.99167E+00 7.50646E-01
 -1      5775-1.16656E+00 1.00412E+01 7.49758E-01
 -1      5776-1.19959E+00 1.00638E+01 7.49354E-01
 -1      5781-1.23336E+00 1.00157E+01 8.75125E-01
 -1      5782-1.20021E+00 9.99337E+00 8.75329E-01
 -1      5783-1.16664E+00 1.00431E+01 8.74875E-01
 -1      5784-1.19979E+00 1.00655E+01 8.74671E-01
 -1      5789-1.23328E+00 1.00161E+01 1.00000E+00
 -1      5790-1.20000E+00 9.99394E+00 1.00000E+00
 -1      5791-1.16672E+00 1.00439E+01 1.00000E+00
 -1      5792-1.20000E+00 1.00661E+01 1.00000E+00
 -1      5797-1.23320E+00 1.00154E+01 1.12487E+00
 -1      5798-1.19980E+00 9.99337E+00 1.12467E+00
 -1      5799-1.16680E+00 1.00435E+01 1.12513E+00
 -1      5800-1.20020E+00 1.00655E+01 1.12533E+00
 -1      5805-1.23313E+00 1.00135E+01 1.24975E+00
 -1      5806-1.19961E+00 9.99167E+00 1.24935E+00
 -1      5807-1.16687E+00 1.00419E+01 1.25025E+00
 -1      5808-1.20039E+00 1.00638E+01 1.25065E+00
 -1      5813-1.23306E+00 1.00106E+01 1.37463E+00
 -1      5814-1.19944E+00 9.98890E+00 1.37406E+00
 -1      5815-1.16694E+00 1.00393E+01 1.37537E+00
 -1      5816-1.20056E+00 1.00610E+01 1.37594E+00
 -1      5821-1.23301E+00 1.00067E+01 1.49952E+00
 -1      5822-1.19930E+00 9.98518E+00 1.49881E+00
 -1      5823-1.16699E+00 1.00357E+01 1.50048E+00
 -1      5824-1.20070E+00 1.00572E+01 1.50119E+00
 -1      5829-1.23296E+00 1.00021E+01 1.62443E+00
 -1      5830-1.19918E+00 9.98065E+00 1.62360E+00
 -1      5831-1.16704E+00 1.00313E+01 1.62557E+00
 -1      5832-1.20082E+00 1.00527E+01 1.62640E+00
 -1      5837-1.23292E+00 9.99679E+00 1.74936E+00
 -1      5838-1.19909E+00 9.97547E+00 1.74844E+00
 -1      5839-1.16708E+00 1.00262E+01 1.75064E+00
 -1      5840-1.20091E+00 1.00475E+01 1.75156E+00
 -1      5845-1.23290E+00 9.99112E+00 1.87432E+00
 -1      5846-1.19904E+00 9.96985E+00 1.87335E+00
 -1      5847-1.16710E+00 1.00206E+01 1.87568E+00
 -1      5848-1.20096E+00 1.00419E+01 1.87665E+00
 -1      5853 1.16710E+00 9.97941E+00 1.24323E-01
 -1      5854 1.20096E+00 9.95814E+00 1.23347E-01
 -1      5855 1.23290E+00 1.00089E+01 1.25677E-01
 -1      5856 1.19904E+00 1.00302E+01 1.26653E-01
 -1      5861 1.16708E+00 9.97383E+00 2.49365E-01
 -1      5862 1.20091E+00 9.95251E+00 2.48442E-01
 -1      5863 1.23292E+00 1.00032E+01 2.50635E-01
 -1      5864 1.19909E+00 1.00245E+01 2.51558E-01
 -1      5869 1.16704E+00 9.96872E+00 3.74431E-01
 -1      5870 1.20082E+00 9.94731E+00 3.73598E-01
 -1      5871 1.23296E+00 9.99794E+00 3.75569E-01
 -1      5872 1.19918E+00 1.00194E+01 3.76402E-01
 -1      5877 1.16699E+00 9.96428E+00 4.99520E-01
 -1      5878 1.20070E+00 9.94276E+00 4.98807E-01
 -1      5879 1.23301E+00 9.99329E+00 5.00480E-01
 -1      5880 1.19930E+00 1.00148E+01 5.01193E-01
 -1      5885 1.16694E+00 9.96068E+00 6.24626E-01
 -1      5886 1.20056E+00 9.93902E+00 6.24063E-01
 -1      5887 1.23306E+00 9.98943E+00 6.25374E-01
 -1      5888 1.19944E+00 1.00111E+01 6.25937E-01
 -1      5893 1.16687E+00 9.95806E+00 7.49745E-01
 -1      5894 1.20039E+00 9.93624E+00 7.49354E-01
 -1      5895 1.23313E+00 9.98651E+00 7.50255E-01
 -1      5896 1.19961E+00 1.00083E+01 7.50646E-01
 -1      5901 1.16680E+00 9.95652E+00 8.74872E-01
 -1      5902 1.20020E+00 9.93452E+00 8.74671E-01
 -1      5903 1.23320E+00 9.98463E+00 8.75128E-01
 -1      5904 1.19980E+00 1.00066E+01 8.75329E-01
 -1      5909 1.16672E+00 9.95613E+00 1.00000E+00
 -1      5910 1.20000E+00 9.93394E+00 1.00000E+00
 -1      5911 1.23328E+00 9.98387E+00 1.00000E+00
 -1      5912 1.20000E+00 1.00061E+01 1.00000E+00
 -1      5917 1.16664E+00 9.95690E+00 1.12512E+00
 -1      5918 1.19979E+00 9.93452E+00 1.12533E+00
 -1      5919 1.23336E+00 9.98425E+00 1.12488E+00
 -1      5920 1.20021E+00 1.00066E+01 1.12467E+00
 -1      5925 1.16656E+00 9.95880E+00 1.25024E+00
 -1      5926 1.19959E+00 9.93624E+00 1.25065E+00
 -1      5927 1.23344E+00 9.98577E+00 1.24976E+00
 -1      5928 1.20041E+00 1.00083E+01 1.24935E+00
 -1      5933 1.16649E+00 9.96175E+00 1.37535E+00
 -1      5934 1.19940E+00 9.93902E+00 1.37594E+00
 -1      5935 1.23351E+00 9.98837E+00 1.37465E+00
 -1      5936 1.20060E+00 1.00111E+01 1.37406E+00
 -1      5941 1.16643E+00 9.96564E+00 1.50044E+00
 -1      5942 1.19923E+00 9.94276E+00 1.50119E+00
 -1      5943 1.23357E+00 9.99194E+00 1.49956E+00
 -1      5944 1.20077E+00 1.00148E+01 1.49881E+00
 -1      5949 1.16638E+00 9.97032E+00 1.62551E+00
 -1      5950 1.19909E+00 9.94732E+00 1.62640E+00
 -1      5951 1.23362E+00 9.99635E+00 1.62449E+00
 -1      5952 1.20091E+00 1.00194E+01 1.62360E+00
 -1      5957 1.16634E+00 9.97561E+00 1.75056E+00
 -1      5958 1.19898E+00 9.95251E+00 1.75156E+00
 -1      5959 1.23366E+00 1.00014E+01 1.74944E+00
 -1      5960 1.20102E+00 1.00245E+01 1.74844E+00
 -1      5965 1.16632E+00 9.98130E+00 1.87559E+00
 -1      5966 1.19892E+00 9.95815E+00 1.87665E+00
 -1      5967 1.23368E+00 1.00070E+01 1.87441E+00
 -1      5968 1.20108E+00 1.00301E+01 1.87335E+00
 -1      5973-1.05157E+00 1.99588E+01-1.15220E-02
 -1      5974-1.05011E+00 1.99905E+01-3.59684E-02
 -1      5975-1.04843E+00 2.00271E+01 1.15220E-02
 -1      5976-1.04989E+00 1.99955E+01 3.59684E-02
 -1      5981-9.01476E-01 1.99521E+01-1.15486E-02
 -1      5982-9.00107E-01 1.99837E+01-3.59703E-02
 -1      5983-8.98524E-01 2.00203E+01 1.15486E-02
 -1      5984-8.99893E-01 1.99887E+01 3.59703E-02
 -1      5989-7.51328E-01 1.99459E+01-1.15920E-02
 -1      5990-7.50095E-01 1.99776E+01-3.59735E-02
 -1      5991-7.48672E-01 2.00141E+01 1.15920E-02
 -1      5992-7.49905E-01 1.99824E+01 3.59735E-02
 -1      5997-6.01129E-01 1.99404E+01-1.16510E-02
 -1      5998-6.00078E-01 1.99722E+01-3.59776E-02
 -1      5999-5.98871E-01 2.00086E+01 1.16510E-02
 -1      6000-5.99922E-01 1.99769E+01 3.59776E-02
 -1      6005-4.50887E-01 1.99360E+01-1.17239E-02
 -1      6006-4.50060E-01 1.99678E+01-3.59826E-02
 -1      6007-4.49113E-01 2.00042E+01 1.17239E-02
 -1      6008-4.49940E-01 1.99724E+01 3.59826E-02
 -1      6013-3.00610E-01 1.99327E+01-1.18084E-02
 -1      6014-3.00039E-01 1.99645E+01-3.59882E-02
 -1      6015-2.99390E-01 2.00008E+01 1.18084E-02
 -1      6016-2.99961E-01 1.99689E+01 3.59882E-02
 -1      6021-1.50311E-01 1.99307E+01-1.19015E-02
 -1      6022-1.50019E-01 1.99626E+01-3.59941E-02
 -1      6023-1.49689E-01 1.99987E+01 1.19015E-02
 -1      6024-1.49981E-01 1.99668E+01 3.59941E-02
 -1      6029 0.00000E+00 1.99300E+01-1.20001E-02
 -1      6030 0.00000E+00 1.99620E+01-3.60000E-02
 -1      6031 0.00000E+00 1.99980E+01 1.20001E-02
 -1      6032 0.00000E+00 1.99660E+01 3.60000E-02
 -1      6037 1.50310E-01 1.99307E+01-1.21003E-02
 -1      6038 1.50017E-01 1.99628E+01-3.60057E-02
 -1      6039 1.49690E-01 1.99987E+01 1.21003E-02
 -1      6040 1.49983E-01 1.99666E+01 3.60057E-02
 -1      6045 3.00608E-01 1.99328E+01-1.21982E-02
 -1      6046 3.00032E-01 1.99650E+01-3.60111E-02
 -1      6047 2.99392E-01 2.00007E+01 1.21982E-02
 -1      6048 2.99968E-01 1.99685E+01 3.60111E-02
 -1      6053 4.50881E-01 1.99362E+01-1.22899E-02
 -1      6054 4.50044E-01 1.99684E+01-3.60158E-02
 -1      6055 4.49119E-01 2.00040E+01 1.22899E-02
 -1      6056 4.49956E-01 1.99718E+01 3.60158E-02
 -1      6061 6.01121E-01 1.99407E+01-1.23713E-02
 -1      6062 6.00053E-01 1.99729E+01-3.60197E-02
 -1      6063 5.98879E-01 2.00084E+01 1.23713E-02
 -1      6064 5.99947E-01 1.99761E+01 3.60197E-02
 -1      6069 7.51316E-01 1.99462E+01-1.24388E-02
 -1      6070 7.50060E-01 1.99785E+01-3.60229E-02
 -1      6071 7.48684E-01 2.00138E+01 1.24388E-02
 -1      6072 7.49940E-01 1.99815E+01 3.60229E-02
 -1      6077 9.01462E-01 1.99524E+01-1.24894E-02
 -1      6078 9.00064E-01 1.99847E+01-3.60251E-02
 -1      6079 8.98538E-01 2.00200E+01 1.24894E-02
 -1      6080 8.99936E-01 1.99877E+01 3.60251E-02
 -1      6085 1.05155E+00 1.99592E+01-1.25208E-02
 -1      6086 1.05007E+00 1.99915E+01-3.60265E-02
 -1      6087 1.04845E+00 2.00268E+01 1.25208E-02
 -1      6088 1.04993E+00 1.99944E+01 3.60265E-02
 -1      6093-1.04845E+00 1.99732E+01 1.98748E+00
 -1      6094-1.04993E+00 2.00056E+01 1.96397E+00
 -1      6095-1.05155E+00 2.00408E+01 2.01252E+00
 -1      6096-1.05007E+00 2.00085E+01 2.03603E+00
 -1      6101-8.98538E-01 1.99800E+01 1.98751E+00
 -1      6102-8.99936E-01 2.00123E+01 1.96397E+00
 -1      6103-9.01462E-01 2.00476E+01 2.01249E+00
 -1      6104-9.00064E-01 2.00153E+01 2.03603E+00
 -1      6109-7.48684E-01 1.99862E+01 1.98756E+00
 -1      6110-7.49940E-01 2.00185E+01 1.96398E+00
 -1      6111-7.51316E-01 2.00538E+01 2.01244E+00
 -1      6112-7.50060E-01 2.00215E+01 2.03602E+00
 -1      6117-5.98879E-01 1.99916E+01 1.98763E+00
 -1      6118-5.99947E-01 2.00239E+01 1.96398E+00
 -1      6119-6.01121E-01 2.00593E+01 2.01237E+00
 -1      6120-6.00053E-01 2.00271E+01 2.03602E+00
 -1      6125-4.49119E-01 1.99960E+01 1.98771E+00
 -1      6126-4.49956E-01 2.00282E+01 1.96398E+00
 -1      6127-4.50881E-01 2.00638E+01 2.01229E+00
 -1      6128-4.50044E-01 2.00316E+01 2.03602E+00
 -1      6133-2.99392E-01 1.99993E+01 1.98780E+00
 -1      6134-2.99968E-01 2.00315E+01 1.96399E+00
 -1      6135-3.00608E-01 2.00672E+01 2.01220E+00
 -1      6136-3.00032E-01 2.00350E+01 2.03601E+00
 -1      6141-1.49690E-01 2.00013E+01 1.98790E+00
 -1      6142-1.49983E-01 2.00334E+01 1.96399E+00
 -1      6143-1.50310E-01 2.00693E+01 2.01210E+00
 -1      6144-1.50017E-01 2.00372E+01 2.03601E+00
 -1      6149 0.00000E+00 2.00020E+01 1.98800E+00
 -1      6150 0.00000E+00 2.00340E+01 1.96400E+00
 -1      6151 0.00000E+00 2.00700E+01 2.01200E+00
 -1      6152 0.00000E+00 2.00380E+01 2.03600E+00
 -1      6157 1.49689E-01 2.00013E+01 1.98810E+00
 -1      6158 1.49981E-01 2.00332E+01 1.96401E+00
 -1      6159 1.50311E-01 2.00693E+01 2.01190E+00
 -1      6160 1.50019E-01 2.00374E+01 2.03599E+00
 -1      6165 2.99390E-01 1.99992E+01 1.98819E+00
 -1      6166 2.99961E-01 2.00311E+01 1.96401E+00
 -1      6167 3.00610E-01 2.00673E+01 2.01181E+00
 -1      6168 3.00039E-01 2.00355E+01 2.03599E+00
 -1      6173 4.49113E-01 1.99958E+01 1.98828E+00
 -1      6174 4.49940E-01 2.00276E+01 1.96402E+00
 -1      6175 4.50887E-01 2.00640E+01 2.01172E+00
 -1      6176 4.50060E-01 2.00322E+01 2.03598E+00
 -1      6181 5.98871E-01 1.99914E+01 1.98835E+00
 -1      6182 5.99922E-01 2.00231E+01 1.96402E+00
 -1      6183 6.01129E-01 2.00596E+01 2.01165E+00
 -1      6184 6.00078E-01 2.00278E+01 2.03598E+00
 -1      6189 7.48672E-01 1.99859E+01 1.98841E+00
 -1      6190 7.49905E-01 2.00176E+01 1.96403E+00
 -1      6191 7.51328E-01 2.00541E+01 2.01159E+00
 -1      6192 7.50095E-01 2.00224E+01 2.03597E+00
 -1      6197 8.98524E-01 1.99797E+01 1.98845E+00
 -1      6198 8.99893E-01 2.00113E+01 1.96403E+00
 -1      6199 9.01476E-01 2.00479E+01 2.01155E+00
 -1      6200 9.00107E-01 2.00163E+01 2.03597E+00
 -1      6205 1.04843E+00 1.99729E+01 1.98848E+00
 -1      6206 1.04989E+00 2.00045E+01 1.96403E+00
 -1      6207 1.05157E+00 2.00412E+01 2.01152E+00
 -1      6208 1.05011E+00 2.00095E+01 2.03597E+00
 -1      6213-1.23368E+00 1.99930E+01 1.25590E-01
 -1      6214-1.20108E+00 1.99699E+01 1.26653E-01
 -1      6215-1.16632E+00 2.00187E+01 1.24410E-01
 -1      6216-1.19892E+00 2.00419E+01 1.23347E-01
 -1      6221-1.23366E+00 1.99986E+01 2.50559E-01
 -1      6222-1.20102E+00 1.99755E+01 2.51558E-01
 -1      6223-1.16634E+00 2.00244E+01 2.49441E-01
 -1      6224-1.19898E+00 2.00475E+01 2.48442E-01
 -1      6229-1.23362E+00 2.00037E+01 3.75507E-01
 -1      6230-1.20091E+00 1.99806E+01 3.76402E-01
 -1      6231-1.16638E+00 2.00297E+01 3.74493E-01
 -1      6232-1.19909E+00 2.00527E+01 3.73598E-01
 -1      6237-1.23357E+00 2.00081E+01 5.00435E-01
 -1      6238-1.20077E+00 1.99852E+01 5.01193E-01
 -1      6239-1.16643E+00 2.00344E+01 4.99565E-01
 -1      6240-1.19923E+00 2.00572E+01 4.98807E-01
 -1      6245-1.23351E+00 2.00116E+01 6.25346E-01
 -1      6246-1.20060E+00 1.99889E+01 6.25937E-01
 -1      6247-1.16649E+00 2.00383E+01 6.24654E-01
 -1      6248-1.19940E+00 2.00610E+01 6.24063E-01
 -1      6253-1.23344E+00 2.00142E+01 7.50242E-01
 -1      6254-1.20041E+00 1.99917E+01 7.50646E-01
 -1      6255-1.16656E+00 2.00412E+01 7.49758E-01
 -1      6256-1.19959E+00 2.00638E+01 7.49354E-01
 -1      6261-1.23336E+00 2.00157E+01 8.75125E-01
 -1      6262-1.20021E+00 1.99934E+01 8.75329E-01
 -1      6263-1.16664E+00 2.00431E+01 8.74875E-01
 -1      6264-1.19979E+00 2.00655E+01 8.74671E-01
 -1      6269-1.23328E+00 2.00161E+01 1.00000E+00
 -1      6270-1.20000E+00 1.99939E+01 1.00000E+00
 -1      6271-1.16672E+00 2.00439E+01 1.00000E+00
 -1      6272-1.20000E+00 2.00661E+01 1.00000E+00
 -1      6277-1.23320E+00 2.00154E+01 1.12487E+00
 -1      6278-1.19980E+00 1.99934E+01 1.12467E+00
 -1      6279-1.16680E+00 2.00435E+01 1.12513E+00
 -1      6280-1.20020E+00 2.00655E+01 1.12533E+00
 -1      6285-1.23313E+00 2.00135E+01 1.24975E+00
 -1      6286-1.19961E+00 1.99917E+01 1.24935E+00
 -1      6287-1.16687E+00 2.00419E+01 1.25025E+00
 -1      6288-1.20039E+00 2.00638E+01 1.25065E+00
 -1      6293-1.23306E+00 2.00106E+01 1.37463E+00
 -1      6294-1.19944E+00 1.99889E+01 1.37406E+00
 -1      6295-1.16694E+00 2.00393E+01 1.37537E+00
 -1      6296-1.20056E+00 2.00610E+01 1.37594E+00
 -1      6301-1.23301E+00 2.00067E+01 1.49952E+00
 -1      6302-1.19930E+00 1.99852E+01 1.49881E+00
 -1      6303-1.16699E+00 2.00357E+01 1.50048E+00
 -1      6304-1.20070E+00 2.00572E+01 1.50119E+00
 -1      6309-1.23296E+00 2.00021E+01 1.62443E+00
 -1      6310-1.19918E+00 1.99806E+01 1.62360E+00
 -1      6311-1.16704E+00 2.00313E+01 1.62557E+00
 -1      6312-1.20082E+00 2.00527E+01 1.62640E+00
 -1      6317-1.23292E+00 1.99968E+01 1.74936E+00
 -1      6318-1.19909E+00 1.99755E+01 1.74844E+00
 -1      6319-1.16708E+00 2.00262E+01 1.75064E+00
 -1      6320-1.20091E+00 2.00475E+01 1.75156E+00
 -1      6325-1.23290E+00 1.99911E+01 1.87432E+00
 -1      6326-1.19904E+00 1.99698E+01 1.87335E+00
 -1      6327-1.16710E+00 2.00206E+01 1.87568E+00
 -1      6328-1.20096E+00 2.00419E+01 1.87665E+00
 -1      6333 1.16710E+00 1.99794E+01 1.24323E-01
 -1      6334 1.20096E+00 1.99581E+01 1.23347E-01
 -1      6335 1.23290E+00 2.00089E+01 1.25677E-01
 -1      6336 1.19904E+00 2.00302E+01 1.26653E-01
 -1      6341 1.16708E+00 1.99738E+01 2.49365E-01
 -1      6342 1.20091E+00 1.99525E+01 2.48442E-01
 -1      6343 1.23292E+00 2.00032E+01 2.50635E-01
 -1      6344 1.19909E+00 2.00245E+01 2.51558E-01
 -1      6349 1.16704E+00 1.99687E+01 3.74431E-01
 -1      6350 1.20082E+00 1.99473E+01 3.73598E-01
 -1      6351 1.23296E+00 1.99979E+01 3.75569E-01
 -1      6352 1.19918E+00 2.00194E+01 3.76402E-01
 -1      6357 1.16699E+00 1.99643E+01 4.99520E-01
 -1      6358 1.20070E+00 1.99428E+01 4.98807E-01
 -1      6359 1.23301E+00 1.99933E+01 5.00480E-01
 -1      6360 1.19930E+00 2.00148E+01 5.01193E-01
 -1      6365 1.16694E+00 1.99607E+01 6.24626E-01
 -1      6366 1.20056E+00 1.99390E+01 6.24063E-01
 -1      6367 1.23306E+00 1.99894E+01 6.25374E-01
 -1      6368 1.19944E+00 2.00111E+01 6.25937E-01
 -1      6373 1.16687E+00 1.99581E+01 7.49745E-01
 -1      6374 1.20039E+00 1.99362E+01 7.49354E-01
 -1      6375 1.23313E+00 1.99865E+01 7.50255E-01
 -1      6376 1.19961E+00 2.00083E+01 7.50646E-01
 -1      6381 1.16680E+00 1.99565E+01 8.74872E-01
 -1      6382 1.20020E+00 1.99345E+01 8.74671E-01
 -1      6383 1.23320E+00 1.99846E+01 8.75128E-01
 -1      6384 1.19980E+00 2.00066E+01 8.75329E-01
 -1      6389 1.16672E+00 1.99561E+01 1.00000E+00
 -1      6390 1.20000E+00 1.99339E+01 1.00000E+00
 -1      6391 1.23328E+00 1.99839E+01 1.00000E+00
 -1      6392 1.20000E+00 2.00061E+01 1.00000E+00
 -1      6397 1.16664E+00 1.99569E+01 1.12512E+00
 -1      6398 1.19979E+00 1.99345E+01 1.12533E+00
 -1      6399 1.23336E+00 1.99843E+01 1.12488E+00
 -1      6400 1.20021E+00 2.00066E+01 1.12467E+00
 -1      6405 1.16656E+00 1.99588E+01 1.25024E+00
 -1      6406 1.19959E+00 1.99362E+01 1.25065E+00
 -1      6407 1.23344E+00 1.99858E+01 1.24976E+00
 -1      6408 1.20041E+00 2.00083E+01 1.24935E+00
 -1      6413 1.16649E+00 1.99617E+01 1.37535E+00
 -1      6414 1.19940E+00 1.99390E+01 1.37594E+00
 -1      6415 1.23351E+00 1.99884E+01 1.37465E+00
 -1      6416 1.20060E+00 2.00111E+01 1.37406E+00
 -1      6421 1.16643E+00 1.99656E+01 1.50044E+00
 -1      6422 1.19923E+00 1.99428E+01 1.50119E+00
 -1      6423 1.23357E+00 1.99919E+01 1.49956E+00
 -1      6424 1.20077E+00 2.00148E+01 1.49881E+00
 -1      6429 1.16638E+00 1.99703E+01 1.62551E+00
 -1      6430 1.19909E+00 1.99473E+01 1.62640E+00
 -1      6431 1.23362E+00 1.99963E+01 1.62449E+00
 -1      6432 1.20091E+00 2.00194E+01 1.62360E+00
 -1      6437 1.16634E+00 1.99756E+01 1.75056E+00
 -1      6438 1.19898E+00 1.99525E+01 1.75156E+00
 -1      6439 1.23366E+00 2.00014E+01 1.74944E+00
 -1      6440 1.20102E+00 2.00245E+01 1.74844E+00
 -1      6445 1.16632E+00 1.99813E+01 1.87559E+00
 -1      6446 1.19892E+00 1.99581E+01 1.87665E+00
 -1      6447 1.23368E+00 2.00070E+01 1.87441E+00
 -1      6448 1.20108E+00 2.00301E+01 1.87335E+00
 -1      6453-1.05157E+00 2.99588E+01-1.15220E-02
 -1      6454-1.05011E+00 2.99905E+01-3.59684E-02
 -1      6455-1.04843E+00 3.00271E+01 1.15220E-02
 -1      6456-1.04989E+00 2.99955E+01 3.59684E-02
 -1      6461-9.01476E-01 2.99521E+01-1.15486E-02
 -1      6462-9.00107E-01 2.99837E+01-3.59703E-02
 -1      6463-8.98524E-01 3.00203E+01 1.15486E-02
 -1      6464-8.99893E-01 2.99887E+01 3.59703E-02
 -1      6469-7.51328E-01 2.99459E+01-1.15920E-02
 -1      6470-7.50095E-01 2.99776E+01-3.59735E-02
 -1      6471-7.48672E-01 3.00141E+01 1.15920E-02
 -1      6472-7.49905E-01 2.99824E+01 3.59735E-02
 -1      6477-6.01129E-01 2.99404E+01-1.16510E-02
 -1      6478-6.00078E-01 2.99722E+01-3.59776E-02
 -1      6479-5.98871E-01 3.00086E+01 1.16510E-02
 -1      6480-5.99922E-01 2.99769E+01 3.59776E-02
 -1      6485-4.50887E-01 2.99360E+01-1.17239E-02
 -1      6486-4.50060E-01 2.99678E+01-3.59826E-02
 -1      6487-4.49113E-01 3.00042E+01 1.17239E-02
 -1      6488-4.49940E-01 2.99724E+01 3.59826E-02
 -1      6493-3.00610E-01 2.99327E+01-1.18084E-02
 -1      6494-3.00039E-01 2.99645E+01-3.59882E-02
 -1      6495-2.99390E-01 3.00008E+01 1.18084E-02
 -1      6496-2.99961E-01 2.99689E+01 3.59882E-02
 -1      6501-1.50311E-01 2.99307E+01-1.19015E-02
 -1      6502-1.50019E-01 2.99626E+01-3.59941E-02
 -1      6503-1.49689E-01 2.99987E+01 1.19015E-02
 -1      6504-1.49981E-01 2.99668E+01 3.59941E-02
 -1      6509 0.00000E+00 2.99300E+01-1.20001E-02
 -1      6510 0.00000E+00 2.99620E+01-3.60000E-02
 -1      6511 0.00000E+00 2.99980E+01 1.20001E-02
 -1      6512 0.00000E+00 2.99660E+01 3.60000E-02
 -1      6517 1.50310E-01 2.99307E+01-1.21003E-02
 -1      6518 1.50017E-01 2.99628E+01-3.60057E-02
 -1      6519 1.49690E-01 2.99987E+01 1.21003E-02
 -1      6520 1.49983E-01 2.99666E+01 3.60057E-02
 -1      6525 3.00608E-01 2.99328E+01-1.21982E-02
 -1      6526 3.00032E-01 2.99650E+01-3.60111E-02
 -1      6527 2.99392E-01 3.00007E+01 1.21982E-02
 -1      6528 2.99968E-01 2.99685E+01 3.60111E-02
 -1      6533 4.50881E-01 2.99362E+01-1.22899E-02
 -1      6534 4.50044E-01 2.99684E+01-3.60158E-02
 -1      6535 4.49119E-01 3.00040E+01 1.22899E-02
 -1      6536 4.49956E-01 2.99718E+01 3.60158E-02
 -1      6541 6.01121E-01 2.99407E+01-1.23713E-02
 -1      6542 6.00053E-01 2.99729E+01-3.60197E-02
 -1      6543 5.98879E-01 3.00084E+01 1.23713E-02
 -1      6544 5.99947E-01 2.99761E+01 3.60197E-02
 -1      6549 7.51316E-01 2.99462E+01-1.24388E-02
 -1      6550 7.50060E-01 2.99785E+01-3.60229E-02
 -1      6551 7.48684E-01 3.00138E+01 1.24388E-02
 -1      6552 7.49940E-01 2.99815E+01 3.60229E-02
 -1      6557 9.01462E-01 2.99524E+01-1.24894E-02
 -1      6558 9.00064E-01 2.99847E+01-3.60251E-02
 -1      6559 8.98538E-01 3.00200E+01 1.24894E-02
 -1      6560 8.99936E-01 2.99877E+01 3.60251E-02
 -1      6565 1.05155E+00 2.99592E+01-1.25208E-02
 -1      6566 1.05007E+00 2.99915E+01-3.60265E-02
 -1      6567 1.04845E+00 3.00268E+01 1.25208E-02
 -1      6568 1.04993E+00 2.99944E+01 3.60265E-02
 -1      6573-1.04845E+00 2.99732E+01 1.98748E+00
 -1      6574-1.04993E+00 3.00056E+01 1.96397E+00
 -1      6575-1.05155E+00 3.00408E+01 2.01252E+00
 -1      6576-1.05007E+00 3.00085E+01 2.03603E+00
 -1      6581-8.98538E-01 2.99800E+01 1.98751E+00
 -1      6582-8.99936E-01 3.00123E+01 1.96397E+00
 -1      6583-9.01462E-01 3.00476E+01 2.01249E+00
 -1      6584-9.00064E-01 3.00153E+01 2.03603E+00
 -1      6589-7.48684E-01 2.99862E+01 1.98756E+00
 -1      6590-7.49940E-01 3.00185E+01 1.96398E+00
 -1      6591-7.51316E-01 3.00538E+01 2.01244E+00
 -1      6592-7.50060E-01 3.00215E+01 2.03602E+00
 -1      6597-5.98879E-01 2.99916E+01 1.98763E+00
 -1      6598-5.99947E-01 3.00239E+01 1.96398E+00
 -1      6599-6.01121E-01 3.00593E+01 2.01237E+00
 -1      6600-6.00053E-01 3.00271E+01 2.03602E+00
 -1      6605-4.49119E-01 2.99960E+01 1.98771E+00
 -1      6606-4.49956E-01 3.00282E+01 1.96398E+00
 -1      6607-4.50881E-01 3.00638E+01 2.01229E+00
 -1      6608-4.50044E-01 3.00316E+01 2.03602E+00
 -1      6613-2.99392E-01 2.99993E+01 1.98780E+00
 -1      6614-2.99968E-01 3.00315E+01 1.96399E+00
 -1      6615-3.00608E-01 3.00672E+01 2.01220E+00
 -1      6616-3.00032E-01 3.00350E+01 2.03601E+00
 -1      6621-1.49690E-01 3.00013E+01 1.98790E+00
 -1      6622-1.49983E-01 3.00334E+01 1.96399E+00
 -1      6623-1.50310E-01 3.00693E+01 2.01210E+00
 -1      6624-1.50017E-01 3.00372E+01 2.03601E+00
 -1      6629 0.00000E+00 3.00020E+01 1.98800E+00
 -1      6630 0.00000E+00 3.00340E+01 1.96400E+00
 -1      6631 0.00000E+00 3.00700E+01 2.01200E+00
 -1      6632 0.00000E+00 3.00380E+01 2.03600E+00
 -1      6637 1.49689E-01 3.00013E+01 1.98810E+00
 -1      6638 1.49981E-01 3.00332E+01 1.96401E+00
 -1      6639 1.50311E-01 3.00693E+01 2.01190E+00
 -1      6640 1.50019E-01 3.00374E+01 2.03599E+00
 -1      6645 2.99390E-01 2.99992E+01 1.98819E+00
 -1      6646 2.99961E-01 3.00311E+01 1.96401E+00
 -1      6647 3.00610E-01 3.00673E+01 2.01181E+00
 -1      6648 3.00039E-01 3.00355E+01 2.03599E+00
 -1      6653 4.49113E-01 2.99958E+01 1.98828E+00
 -1      6654 4.49940E-01 3.00276E+01 1.96402E+00
 -1      6655 4.50887E-01 3.00640E+01 2.01172E+00
 -1      6656 4.50060E-01 3.00322E+01 2.03598E+00
 -1      6661 5.98871E-01 2.99914E+01 1.98835E+00
 -1      6662 5.99922E-01 3.00231E+01 1.96402E+00
 -1      6663 6.01129E-01 3.00596E+01 2.01165E+00
 -1      6664 6.00078E-01 3.00278E+01 2.03598E+00
 -1      6669 7.48672E-01 2.99859E+01 1.98841E+00
 -1      6670 7.49905E-01 3.00176E+01 1.96403E+00
 -1      6671 7.51328E-01 3.00541E+01 2.01159E+00
 -1      6672 7.50095E-01 3.00224E+01 2.03597E+00
 -1      6677 8.98524E-01 2.99797E+01 1.98845E+00
 -1      6678 8.99893E-01 3.00113E+01 1.96403E+00
 -1      6679 9.01476E-01 3.00479E+01 2.01155E+00
 -1      6680 9.00107E-01 3.00163E+01 2.03597E+00
 -1      6685 1.04843E+00 2.99729E+01 1.98848E+00
 -1      6686 1.04989E+00 3.00045E+01 1.96403E+00
 -1      6687 1.05157E+00 3.00412E+01 2.01152E+00
 -1      6688 1.05011E+00 3.00095E+01 2.03597E+00
 -1      6693-1.23368E+00 2.99930E+01 1.25590E-01
 -1      6694-1.20108E+00 2.99699E+01 1.26653E-01
 -1      6695-1.16632E+00 3.00187E+01 1.24410E-01
 -1      6696-1.19892E+00 3.00419E+01 1.23347E-01
 -1      6701-1.23366E+00 2.99986E+01 2.50559E-01
 -1      6702-1.20102E+00 2.99755E+01 2.51558E-01
 -1      6703-1.16634E+00 3.00244E+01 2.49441E-01
 -1      6704-1.19898E+00 3.00475E+01 2.48442E-01
 -1      6709-1.23362E+00 3.00037E+01 3.75507E-01
 -1      6710-1.20091E+00 2.99806E+01 3.76402E-01
 -1      6711-1.16638E+00 3.00297E+01 3.74493E-01
 -1      6712-1.19909E+00 3.00527E+01 3.73598E-01
 -1      6717-1.23357E+00 3.00081E+01 5.00435E-01
 -1      6718-1.20077E+00 2.99852E+01 5.01193E-01
 -1      6719-1.16643E+00 3.00344E+01 4.99565E-01
 -1      6720-1.19923E+00 3.00572E+01 4.98807E-01
 -1      6725-1.23351E+00 3.00116E+01 6.25346E-01
 -1      6726-1.20060E+00 2.99889E+01 6.25937E-01
 -1      6727-1.16649E+00 3.00383E+01 6.24654E-01
 -1      6728-1.19940E+00 3.00610E+01 6.24063E-01
 -1      6733-1.23344E+00 3.00142E+01 7.50242E-01
 -1      6734-1.20041E+00 2.99917E+01 7.50646E-01
 -1      6735-1.16656E+00 3.00412E+01 7.49758E-01
 -1      6736-1.19959E+00 3.00638E+01 7.49354E-01
 -1      6741-1.23336E+00 3.00157E+01 8.75125E-01
 -1      6742-1.20021E+00 2.99934E+01 8.75329E-01
 -1      6743-1.16664E+00 3.00431E+01 8.74875E-01
 -1      6744-1.19979E+00 3.00655E+01 8.74671E-01
 -1      6749-1.23328E+00 3.00161E+01 1.00000E+00
 -1      6750-1.20000E+00 2.99939E+01 1.00000E+00
 -1      6751-1.16672E+00 3.00439E+01 1.00000E+00
 -1      6752-1.20000E+00 3.00661E+01 1.00000E+00
 -1      6757-1.23320E+00 3.00154E+01 1.12487E+00
 -1      6758-1.19980E+00 2.99934E+01 1.12467E+00
 -1      6759-1.16680E+00 3.00435E+01 1.12513E+00
 -1      6760-1.20020E+00 3.00655E+01 1.12533E+00
 -1      6765-1.23313E+00 3.00135E+01 1.24975E+00
 -1      6766-1.19961E+00 2.99917E+01 1.24935E+00
 -1      6767-1.16687E+00 3.00419E+01 1.25025E+00
 -1      6768-1.20039E+00 3.00638E+01 1.25065E+00
 -1      6773-1.23306E+00 3.00106E+01 1.37463E+00
 -1      6774-1.19944E+00 2.99889E+01 1.37406E+00
 -1      6775-1.16694E+00 3.00393E+01 1.37537E+00
 -1      6776-1.20056E+00 3.00610E+01 1.37594E+00
 -1      6781-1.23301E+00 3.00067E+01 1.49952E+00
 -1      6782-1.19930E+00 2.99852E+01 1.49881E+00
 -1      6783-1.16699E+00 3.00357E+01 1.50048E+00
 -1      6784-1.20070E+00 3.00572E+01 1.50119E+00
 -1      6789-1.23296E+00 3.00021E+01 1.62443E+00
 -1      6790-1.19918E+00 2.99806E+01 1.62360E+00
 -1      6791-1.16704E+00 3.00313E+01 1.62557E+00
 -1      6792-1.20082E+00 3.00527E+01 1.62640E+00
 -1      6797-1.23292E+00 2.99968E+01 1.74936E+00
 -1      6798-1.19909E+00 2.99755E+01 1.74844E+00
 -1      6799-1.16708E+00 3.00262E+01 1.75064E+00
 -1      6800-1.20091E+00 3.00475E+01 1.75156E+00
 -1      6805-1.23290E+00 2.99911E+01 1.87432E+00
 -1      6806-1.19904E+00 2.99698E+01 1.87335E+00
 -1      6807-1.16710E+00 3.00206E+01 1.87568E+00
 -1      6808-1.20096E+00 3.00419E+01 1.87665E+00
 -1      6813 1.16710E+00 2.99794E+01 1.24323E-01
 -1      6814 1.20096E+00 2.99581E+01 1.23347E-01
 -1      6815 1.23290E+00 3.00089E+01 1.25677E-01
 -1      6816 1.19904E+00 3.00302E+01 1.26653E-01
 -1      6821 1.16708E+00 2.99738E+01 2.49365E-01
 -1      6822 1.20091E+00 2.99525E+01 2.48442E-01
 -1      6823 1.23292E+00 3.00032E+01 2.50635E-01
 -1      6824 1.19909E+00 3.00245E+01 2.51558E-01
 -1      6829 1.16704E+00 2.99687E+01 3.74431E-01
 -1      6830 1.20082E+00 2.99473E+01 3.73598E-01
 -1      6831 1.23296E+00 2.99979E+01 3.75569E-01
 -1      6832 1.19918E+00 3.00194E+01 3.76402E-01
 -1      6837 1.16699E+00 2.99643E+01 4.99520E-01
 -1      6838 1.20070E+00 2.99428E+01 4.98807E-01
 -1      6839 1.23301E+00 2.99933E+01 5.00480E-01
 -1      6840 1.19930E+00 3.00148E+01 5.01193E-01
 -1      6845 1.16694E+00 2.99607E+01 6.24626E-01
 -1      6846 1.20056E+00 2.99390E+01 6.24063E-01
 -1      6847 1.23306E+00 2.99894E+01 6.25374E-01
 -1      6848 1.19944E+00 3.00111E+01 6.25937E-01
 -1      6853 1.16687E+00 2.99581E+01 7.49745E-01
 -1      6854 1.20039E+00 2.99362E+01 7.49354E-01
 -1      6855 1.23313E+00 2.99865E+01 7.50255E-01
 -1      6856 1.19961E+00 3.00083E+01 7.50646E-01
 -1      6861 1.16680E+00 2.99565E+01 8.74872E-01
 -1      6862 1.20020E+00 2.99345E+01 8.74671E-01
 -1      6863 1.23320E+00 2.99846E+01 8.75128E-01
 -1      6864 1.19980E+00 3.00066E+01 8.75329E-01
 -1      6869 1.16672E+00 2.99561E+01 1.00000E+00
 -1      6870 1.20000E+00 2.99339E+01 1.00000E+00
 -1      6871 1.23328E+00 2.99839E+01 1.00000E+00
 -1      6872 1.20000E+00 3.00061E+01 1.00000E+00
 -1      6877 1.16664E+00 2.99569E+01 1.12512E+00
 -1      6878 1.19979E+00 2.99345E+01 1.12533E+00
 -1      6879 1.23336E+00 2.99843E+01 1.12488E+00
 -1      6880 1.20021E+00 3.00066E+01 1.12467E+00
 -1      6885 1.16656E+00 2.99588E+01 1.25024E+00
 -1      6886 1.19959E+00 2.99362E+01 1.25065E+00
 -1      6887 1.23344E+00 2.99858E+01 1.24976E+00
 -1      6888 1.20041E+00 3.00083E+01 1.24935E+00
 -1      6893 1.16649E+00 2.99617E+01 1.37535E+00
 -1      6894 1.19940E+00 2.99390E+01 1.37594E+00
 -1      6895 1.23351E+00 2.99884E+01 1.37465E+00
 -1      6896 1.20060E+00 3.00111E+01 1.37406E+00
 -1      6901 1.16643E+00 2.99656E+01 1.50044E+00
 -1      6902 1.19923E+00 2.99428E+01 1.50119E+00
 -1      6903 1.23357E+00 2.99919E+01 1.49956E+00
 -1      6904 1.20077E+00 3.00148E+01 1.49881E+00
 -1      6909 1.16638E+00 2.99703E+01 1.62551E+00
 -1      6910 1.19909E+00 2.99473E+01 1.62640E+00
 -1      6911 1.23362E+00 2.99963E+01 1.62449E+00
 -1      6912 1.20091E+00 3.00194E+01 1.62360E+00
 -1      6917 1.16634E+00 2.99756E+01 1.75056E+00
 -1      6918 1.19898E+00 2.99525E+01 1.75156E+00
 -1      6919 1.23366E+00 3.00014E+01 1.74944E+00
 -1      6920 1.20102E+00 3.00245E+01 1.74844E+00
 -1      6925 1.16632E+00 2.99813E+01 1.87559E+00
 -1      6926 1.19892E+00 2.99581E+01 1.87665E+00
 -1      6927 1.23368E+00 3.00070E+01 1.87441E+00
 -1      6928 1.20108E+00 3.00301E+01 1.87335E+00
 -1      6933-1.05157E+00 3.99588E+01-1.15220E-02
 -1      6934-1.05011E+00 3.99905E+01-3.59684E-02
 -1      6935-1.04843E+00 4.00271E+01 1.15220E-02
 -1      6936-1.04989E+00 3.99955E+01 3.59684E-02
 -1      6941-9.01476E-01 3.99521E+01-1.15486E-02
 -1      6942-9.00107E-01 3.99837E+01-3.59703E-02
 -1      6943-8.98524E-01 4.00203E+01 1.15486E-02
 -1      6944-8.99893E-01 3.99887E+01 3.59703E-02
 -1      6949-7.51328E-01 3.99459E+01-1.15920E-02
 -1      6950-7.50095E-01 3.99776E+01-3.59735E-02
 -1      6951-7.48672E-01 4.00141E+01 1.15920E-02
 -1      6952-7.49905E-01 3.99824E+01 3.59735E-02
 -1      6957-6.01129E-01 3.99404E+01-1.16510E-02
 -1      6958-6.00078E-01 3.99722E+01-3.59776E-02
 -1      6959-5.98871E-01 4.00086E+01 1.16510E-02
 -1      6960-5.99922E-01 3.99769E+01 3.59776E-02
 -1      6965-4.50887E-01 3.99360E+01-1.17239E-02
 -1      6966-4.50060E-01 3.99678E+01-3.59826E-02
 -1      6967-4.49113E-01 4.00042E+01 1.17239E-02
 -1      6968-4.49940E-01 3.99724E+01 3.59826E-02
 -1      6973-3.00610E-01 3.99327E+01-1.18084E-02
 -1      6974-3.00039E-01 3.99645E+01-3.59882E-02
 -1      6975-2.99390E-01 4.00008E+01 1.18084E-02
 -1      6976-2.99961E-01 3.99689E+01 3.59882E-02
 -1      6981-1.50311E-01 3.99307E+01-1.19015E-02
 -1      6982-1.50019E-01 3.99626E+01-3.59941E-02
 -1      6983-1.49689E-01 3.99987E+01 1.19015E-02
 -1      6984-1.49981E-01 3.99668E+01 3.59941E-02
 -1      6989 0.00000E+00 3.99300E+01-1.20001E-02
 -1      6990 0.00000E+00 3.99620E+01-3.60000E-02
 -1      6991 0.00000E+00 3.99980E+01 1.20001E-02
 -1      6992 0.00000E+00 3.99660E+01 3.60000E-02
 -1      6997 1.50310E-01 3.99307E+01-1.21003E-02
 -1      6998 1.50017E-01 3.99628E+01-3.60057E-02
 -1      6999 1.49690E-01 3.99987E+01 1.21003E-02
 -1      7000 1.49983E-01 3.99666E+01 3.60057E-02
 -1      7005 3.00608E-01 3.99328E+01-1.21982E-02
 -1      7006 3.00032E-01 3.99650E+01-3.60111E-02
 -1      7007 2.99392E-01 4.00007E+01 1.21982E-02
 -1      7008 2.99968E-01 3.99685E+01 3.60111E-02
 -1      7013 4.50881E-01 3.99362E+01-1.22899E-02
 -1      7014 4.50044E-01 3.99684E+01-3.60158E-02
 -1      7015 4.49119E-01 4.00040E+01 1.22899E-02
 -1      7016 4.49956E-01 3.99718E+01 3.60158E-02
 -1      7021 6.01121E-01 3.99407E+01-1.23713E-02
 -1      7022 6.00053E-01 3.99729E+01-3.60197E-02
 -1      7023 5.98879E-01 4.00084E+01 1.23713E-02
 -1      7024 5.99947E-01 3.99762E+01 3.60197E-02
 -1      7029 7.51316E-01 3.99462E+01-1.24388E-02
 -1      7030 7.50060E-01 3.99785E+01-3.60229E-02
 -1      7031 7.48684E-01 4.00138E+01 1.24388E-02
 -1      7032 7.49940E-01 3.99815E+01 3.60229E-02
 -1      7037 9.01462E-01 3.99524E+01-1.24894E-02
 -1      7038 9.00064E-01 3.99847E+01-3.60251E-02
 -1      7039 8.98538E-01 4.00200E+01 1.24894E-02
 -1      7040 8.99936E-01 3.99877E+01 3.60251E-02
 -1      7045 1.05155E+00 3.99592E+01-1.25208E-02
 -1      7046 1.05007E+00 3.99915E+01-3.60265E-02
 -1      7047 1.04845E+00 4.00268E+01 1.25208E-02
 -1      7048 1.04993E+00 3.99944E+01 3.60265E-02
 -1      7053-1.04845E+00 3.99732E+01 1.98748E+00
 -1      7054-1.04993E+00 4.00056E+01 1.96397E+00
 -1      7055-1.05155E+00 4.00408E+01 2.01252E+00
 -1      7056-1.05007E+00 4.00085E+01 2.03603E+00
 -1      7061-8.98538E-01 3.99800E+01 1.98751E+00
 -1      7062-8.99936E-01 4.00123E+01 1.96397E+00
 -1      7063-9.01462E-01 4.00476E+01 2.01249E+00
 -1      7064-9.00064E-01 4.00153E+01 2.03603E+00
 -1      7069-7.48684E-01 3.99862E+01 1.98756E+00
 -1      7070-7.49940E-01 4.00185E+01 1.96398E+00
 -1      7071-7.51316E-01 4.00538E+01 2.01244E+00
 -1      7072-7.50060E-01 4.00215E+01 2.03602E+00
 -1      7077-5.98879E-01 3.99916E+01 1.98763E+00
 -1      7078-5.99947E-01 4.00238E+01 1.96398E+00
 -1      7079-6.01121E-01 4.00593E+01 2.01237E+00
 -1      7080-6.00053E-01 4.00271E+01 2.03602E+00
 -1      7085-4.49119E-01 3.99960E+01 1.98771E+00
 -1      7086-4.49956E-01 4.00282E+01 1.96398E+00
 -1      7087-4.50881E-01 4.00638E+01 2.01229E+00
 -1      7088-4.50044E-01 4.00316E+01 2.03602E+00
 -1      7093-2.99392E-01 3.99993E+01 1.98780E+00
 -1      7094-2.99968E-01 4.00315E+01 1.96399E+00
 -1      7095-3.00608E-01 4.00672E+01 2.01220E+00
 -1      7096-3.00032E-01 4.00350E+01 2.03601E+00
 -1      7101-1.49690E-01 4.00013E+01 1.98790E+00
 -1      7102-1.49983E-01 4.00334E+01 1.96399E+00
 -1      7103-1.50310E-01 4.00693E+01 2.01210E+00
 -1      7104-1.50017E-01 4.00372E+01 2.03601E+00
 -1      7109 0.00000E+00 4.00020E+01 1.98800E+00
 -1      7110 0.00000E+00 4.00340E+01 1.96400E+00
 -1      7111 0.00000E+00 4.00700E+01 2.01200E+00
 -1      7112 0.00000E+00 4.00380E+01 2.03600E+00
 -1      7117 1.49689E-01 4.00013E+01 1.98810E+00
 -1      7118 1.49981E-01 4.00332E+01 1.96401E+00
 -1      7119 1.50311E-01 4.00693E+01 2.01190E+00
 -1      7120 1.50019E-01 4.00374E+01 2.03599E+00
 -1      7125 2.99390E-01 3.99992E+01 1.98819E+00
 -1      7126 2.99961E-01 4.00311E+01 1.96401E+00
 -1      7127 3.00610E-01 4.00673E+01 2.01181E+00
 -1      7128 3.00039E-01 4.00355E+01 2.03599E+00
 -1      7133 4.49113E-01 3.99958E+01 1.98828E+00
 -1      7134 4.49940E-01 4.00276E+01 1.96402E+00
 -1      7135 4.50887E-01 4.00640E+01 2.01172E+00
 -1      7136 4.50060E-01 4.00322E+01 2.03598E+00
 -1      7141 5.98871E-01 3.99914E+01 1.98835E+00
 -1      7142 5.99922E-01 4.00231E+01 1.96402E+00
 -1      7143 6.01129E-01 4.00596E+01 2.01165E+00
 -1      7144 6.00078E-01 4.00278E+01 2.03598E+00
 -1      7149 7.48672E-01 3.99859E+01 1.98841E+00
 -1      7150 7.49905E-01 4.00176E+01 1.96403E+00
 -1      7151 7.51328E-01 4.00541E+01 2.01159E+00
 -1      7152 7.50095E-01 4.00224E+01 2.03597E+00
 -1      7157 8.98524E-01 3.99797E+01 1.98845E+00
 -1      7158 8.99893E-01 4.00113E+01 1.96403E+00
 -1      7159 9.01476E-01 4.00479E+01 2.01155E+00
 -1      7160 9.00107E-01 4.00163E+01 2.03597E+00
 -1      7165 1.04843E+00 3.99729E+01 1.98848E+00
 -1      7166 1.04989E+00 4.00045E+01 1.96403E+00
 -1      7167 1.05157E+00 4.00412E+01 2.01152E+00
 -1      7168 1.05011E+00 4.00095E+01 2.03597E+00
 -1      7173-1.23368E+00 3.99930E+01 1.25590E-01
 -1      7174-1.20108E+00 3.99699E+01 1.26653E-01
 -1      7175-1.16632E+00 4.00187E+01 1.24410E-01
 -1      7176-1.19892E+00 4.00419E+01 1.23347E-01
 -1      7181-1.23366E+00 3.99986E+01 2.50559E-01
 -1      7182-1.20102E+00 3.99755E+01 2.51558E-01
 -1      7183-1.16634E+00 4.00244E+01 2.49441E-01
 -1      7184-1.19898E+00 4.00475E+01 2.48442E-01
 -1      7189-1.23362E+00 4.00037E+01 3.75507E-01
 -1      7190-1.20091E+00 3.99807E+01 3.76402E-01
 -1      7191-1.16638E+00 4.00297E+01 3.74493E-01
 -1      7192-1.19909E+00 4.00527E+01 3.73598E-01
 -1      7197-1.23357E+00 4.00081E+01 5.00435E-01
 -1      7198-1.20077E+00 3.99852E+01 5.01193E-01
 -1      7199-1.16643E+00 4.00344E+01 4.99565E-01
 -1      7200-1.19923E+00 4.00572E+01 4.98807E-01
 -1      7205-1.23351E+00 4.00116E+01 6.25346E-01
 -1      7206-1.20060E+00 3.99889E+01 6.25937E-01
 -1      7207-1.16649E+00 4.00383E+01 6.24654E-01
 -1      7208-1.19940E+00 4.00610E+01 6.24063E-01
 -1      7213-1.23344E+00 4.00142E+01 7.50242E-01
 -1      7214-1.20041E+00 3.99917E+01 7.50646E-01
 -1      7215-1.16656E+00 4.00412E+01 7.49758E-01
 -1      7216-1.19959E+00 4.00638E+01 7.49354E-01
 -1      7221-1.23336E+00 4.00157E+01 8.75125E-01
 -1      7222-1.20021E+00 3.99934E+01 8.75329E-01
 -1      7223-1.16664E+00 4.00431E+01 8.74875E-01
 -1      7224-1.19979E+00 4.00655E+01 8.74671E-01
 -1      7229-1.23328E+00 4.00161E+01 1.00000E+00
 -1      7230-1.20000E+00 3.99939E+01 1.00000E+00
 -1      7231-1.16672E+00 4.00439E+01 1.00000E+00
 -1      7232-1.20000E+00 4.00661E+01 1.00000E+00
 -1      7237-1.23320E+00 4.00154E+01 1.12487E+00
 -1      7238-1.19980E+00 3.99934E+01 1.12467E+00
 -1      7239-1.16680E+00 4.00435E+01 1.12513E+00
 -1      7240-1.20020E+00 4.00655E+01 1.12533E+00
 -1      7245-1.23313E+00 4.00135E+01 1.24975E+00
 -1      7246-1.19961E+00 3.99917E+01 1.24935E+00
 -1      7247-1.16687E+00 4.00419E+01 1.25025E+00
 -1      7248-1.20039E+00 4.00638E+01 1.25065E+00
 -1      7253-1.23306E+00 4.00106E+01 1.37463E+00
 -1      7254-1.19944E+00 3.99889E+01 1.37406E+00
 -1      7255-1.16694E+00 4.00393E+01 1.37537E+00
 -1      7256-1.20056E+00 4.00610E+01 1.37594E+00
 -1      7261-1.23301E+00 4.00067E+01 1.49952E+00
 -1      7262-1.19930E+00 3.99852E+01 1.49881E+00
 -1      7263-1.16699E+00 4.00357E+01 1.50048E+00
 -1      7264-1.20070E+00 4.00572E+01 1.50119E+00
 -1      7269-1.23296E+00 4.00021E+01 1.62443E+00
 -1      7270-1.19918E+00 3.99806E+01 1.62360E+00
 -1      7271-1.16704E+00 4.00313E+01 1.62557E+00
 -1      7272-1.20082E+00 4.00527E+01 1.62640E+00
 -1      7277-1.23292E+00 3.99968E+01 1.74936E+00
 -1      7278-1.19909E+00 3.99755E+01 1.74844E+00
 -1      7279-1.16708E+00 4.00262E+01 1.75064E+00
 -1      7280-1.20091E+00 4.00475E+01 1.75156E+00
 -1      7285-1.23290E+00 3.99911E+01 1.87432E+00
 -1      7286-1.19904E+00 3.99698E+01 1.87335E+00
 -1      7287-1.16710E+00 4.00206E+01 1.87568E+00
 -1      7288-1.20096E+00 4.00419E+01 1.87665E+00
 -1      7293 1.16710E+00 3.99794E+01 1.24323E-01
 -1      7294 1.20096E+00 3.99581E+01 1.23347E-01
 -1      7295 1.23290E+00 4.00089E+01 1.25677E-01
 -1      7296 1.19904E+00 4.00302E+01 1.26653E-01
 -1      7301 1.16708E+00 3.99738E+01 2.49365E-01
 -1      7302 1.20091E+00 3.99525E+01 2.48442E-01
 -1      7303 1.23292E+00 4.00032E+01 2.50635E-01
 -1      7304 1.19909E+00 4.00245E+01 2.51558E-01
 -1      7309 1.16704E+00 3.99687E+01 3.74431E-01
 -1      7310 1.20082E+00 3.99473E+01 3.73598E-01
 -1      7311 1.23296E+00 3.99979E+01 3.75569E-01
 -1      7312 1.19918E+00 4.00194E+01 3.76402E-01
 -1      7317 1.16699E+00 3.99643E+01 4.99520E-01
 -1      7318 1.20070E+00 3.99428E+01 4.98807E-01
 -1      7319 1.23301E+00 3.99933E+01 5.00480E-01
 -1      7320 1.19930E+00 4.00148E+01 5.01193E-01
 -1      7325 1.16694E+00 3.99607E+01 6.24626E-01
 -1      7326 1.20056E+00 3.99390E+01 6.24063E-01
 -1      7327 1.23306E+00 3.99894E+01 6.25374E-01
 -1      7328 1.19944E+00 4.00111E+01 6.25937E-01
 -1      7333 1.16687E+00 3.99581E+01 7.49745E-01
 -1      7334 1.20039E+00 3.99362E+01 7.49354E-01
 -1      7335 1.23313E+00 3.99865E+01 7.50255E-01
 -1      7336 1.19961E+00 4.00083E+01 7.50646E-01
 -1      7341 1.16680E+00 3.99565E+01 8.74872E-01
 -1      7342 1.20020E+00 3.99345E+01 8.74671E-01
 -1      7343 1.23320E+00 3.99846E+01 8.75128E-01
 -1      7344 1.19980E+00 4.00066E+01 8.75329E-01
 -1      7349 1.16672E+00 3.99561E+01 1.00000E+00
 -1      7350 1.20000E+00 3.99339E+01 1.00000E+00
 -1      7351 1.23328E+00 3.99839E+01 1.00000E+00
 -1      7352 1.20000E+00 4.00061E+01 1.00000E+00
 -1      7357 1.16664E+00 3.99569E+01 1.12512E+00
 -1      7358 1.19979E+00 3.99345E+01 1.12533E+00
 -1      7359 1.23336E+00 3.99843E+01 1.12488E+00
 -1      7360 1.20021E+00 4.00066E+01 1.12467E+00
 -1      7365 1.16656E+00 3.99588E+01 1.25024E+00
 -1      7366 1.19959E+00 3.99362E+01 1.25065E+00
 -1      7367 1.23344E+00 3.99858E+01 1.24976E+00
 -1      7368 1.20041E+00 4.00083E+01 1.24935E+00
 -1      7373 1.16649E+00 3.99617E+01 1.37535E+00
 -1      7374 1.19940E+00 3.99390E+01 1.37594E+00
 -1      7375 1.23351E+00 3.99884E+01 1.37465E+00
 -1      7376 1.20060E+00 4.00111E+01 1.37406E+00
 -1      7381 1.16643E+00 3.99656E+01 1.50044E+00
 -1      7382 1.19923E+00 3.99428E+01 1.50119E+00
 -1      7383 1.23357E+00 3.99919E+01 1.49956E+00
 -1      7384 1.20077E+00 4.00148E+01 1.49881E+00
 -1      7389 1.16638E+00 3.99703E+01 1.62551E+00
 -1      7390 1.19909E+00 3.99473E+01 1.62640E+00
 -1      7391 1.23362E+00 3.99963E+01 1.62449E+00
 -1      7392 1.20091E+00 4.00193E+01 1.62360E+00
 -1      7397 1.16634E+00 3.99756E+01 1.75056E+00
 -1      7398 1.19898E+00 3.99525E+01 1.75156E+00
 -1      7399 1.23366E+00 4.00014E+01 1.74944E+00
 -1      7400 1.20102E+00 4.00245E+01 1.74844E+00
 -1      7405 1.16632E+00 3.99813E+01 1.87559E+00
 -1      7406 1.19892E+00 3.99581E+01 1.87665E+00
 -1      7407 1.23368E+00 4.00070E+01 1.87441E+00
 -1      7408 1.20108E+00 4.00301E+01 1.87335E+00
 -1      7413-1.05157E+00 4.99588E+01-1.15220E-02
 -1      7414-1.05011E+00 4.99905E+01-3.59684E-02
 -1      7415-1.04843E+00 5.00271E+01 1.15220E-02
 -1      7416-1.04989E+00 4.99955E+01 3.59684E-02
 -1      7421-9.01476E-01 4.99521E+01-1.15486E-02
 -1      7422-9.00107E-01 4.99837E+01-3.59703E-02
 -1      7423-8.98524E-01 5.00203E+01 1.15486E-02
 -1      7424-8.99893E-01 4.99887E+01 3.59703E-02
 -1      7429-7.51328E-01 4.99459E+01-1.15920E-02
 -1      7430-7.50095E-01 4.99776E+01-3.59735E-02
 -1      7431-7.48672E-01 5.00141E+01 1.15920E-02
 -1      7432-7.49905E-01 4.99824E+01 3.59735E-02
 -1      7437-6.01129E-01 4.99404E+01-1.16510E-02
 -1      7438-6.00078E-01 4.99722E+01-3.59776E-02
 -1      7439-5.98871E-01 5.00086E+01 1.16510E-02
 -1      7440-5.99922E-01 4.99769E+01 3.59776E-02
 -1      7445-4.50887E-01 4.99360E+01-1.17239E-02
 -1      7446-4.50060E-01 4.99678E+01-3.59826E-02
 -1      7447-4.49113E-01 5.00042E+01 1.17239E-02
 -1      7448-4.49940E-01 4.99724E+01 3.59826E-02
 -1      7453-3.00610E-01 4.99327E+01-1.18084E-02
 -1      7454-3.00039E-01 4.99645E+01-3.59882E-02
 -1      7455-2.99390E-01 5.00008E+01 1.18084E-02
 -1      7456-2.99961E-01 4.99689E+01 3.59882E-02
 -1      7461-1.50311E-01 4.99307E+01-1.19015E-02
 -1      7462-1.50019E-01 4.99626E+01-3.59941E-02
 -1      7463-1.49689E-01 4.99987E+01 1.19015E-02
 -1      7464-1.49981E-01 4.99668E+01 3.59941E-02
 -1      7469 0.00000E+00 4.99300E+01-1.20001E-02
 -1      7470 0.00000E+00 4.99620E+01-3.60000E-02
 -1      7471 0.00000E+00 4.99980E+01 1.20001E-02
 -1      7472 0.00000E+00 4.99660E+01 3.60000E-02
 -1      7477 1.50310E-01 4.99307E+01-1.21003E-02
 -1      7478 1.50017E-01 4.99628E+01-3.60057E-02
 -1      7479 1.49690E-01 4.99987E+01 1.21003E-02
 -1      7480 1.49983E-01 4.99666E+01 3.60057E-02
 -1      7485 3.00608E-01 4.99328E+01-1.21982E-02
 -1      7486 3.00032E-01 4.99650E+01-3.60111E-02
 -1      7487 2.99392E-01 5.00007E+01 1.21982E-02
 -1      7488 2.99968E-01 4.99685E+01 3.60111E-02
 -1      7493 4.50881E-01 4.99362E+01-1.22899E-02
 -1      7494 4.50044E-01 4.99684E+01-3.60158E-02
 -1      7495 4.49119E-01 5.00040E+01 1.22899E-02
 -1      7496 4.49956E-01 4.99718E+01 3.60158E-02
 -1      7501 6.01121E-01 4.99407E+01-1.23713E-02
 -1      7502 6.00053E-01 4.99729E+01-3.60197E-02
 -1      7503 5.98879E-01 5.00084E+01 1.23713E-02
 -1      7504 5.99947E-01 4.99762E+01 3.60197E-02
 -1      7509 7.51316E-01 4.99462E+01-1.24388E-02
 -1      7510 7.50060E-01 4.99785E+01-3.60229E-02
 -1      7511 7.48684E-01 5.00138E+01 1.24388E-02
 -1      7512 7.49940E-01 4.99815E+01 3.60229E-02
 -1      7517 9.01462E-01 4.99524E+01-1.24894E-02
 -1      7518 9.00064E-01 4.99847E+01-3.60251E-02
 -1      7519 8.98538E-01 5.00200E+01 1.24894E-02
 -1      7520 8.99936E-01 4.99877E+01 3.60251E-02
 -1      7525 1.05155E+00 4.99592E+01-1.25208E-02
 -1      7526 1.05007E+00 4.99915E+01-3.60265E-02
 -1      7527 1.04845E+00 5.00268E+01 1.25208E-02
 -1      7528 1.04993E+00 4.99944E+01 3.60265E-02
 -1      7533-1.04845E+00 4.99732E+01 1.98748E+00
 -1      7534-1.04993E+00 5.00056E+01 1.96397E+00
 -1      7535-1.05155E+00 5.00408E+01 2.01252E+00
 -1      7536-1.05007E+00 5.00085E+01 2.03603E+00
 -1      7541-8.98538E-01 4.99800E+01 1.98751E+00
 -1      7542-8.99936E-01 5.00123E+01 1.96397E+00
 -1      7543-9.01462E-01 5.00476E+01 2.01249E+00
 -1      7544-9.00064E-01 5.00153E+01 2.03603E+00
 -1      7549-7.48684E-01 4.99862E+01 1.98756E+00
 -1      7550-7.49940E-01 5.00185E+01 1.96398E+00
 -1      7551-7.51316E-01 5.00538E+01 2.01244E+00
 -1      7552-7.50060E-01 5.00215E+01 2.03602E+00
 -1      7557-5.98879E-01 4.99916E+01 1.98763E+00
 -1      7558-5.99947E-01 5.00238E+01 1.96398E+00
 -1      7559-6.01121E-01 5.00593E+01 2.01237E+00
 -1      7560-6.00053E-01 5.00271E+01 2.03602E+00
 -1      7565-4.49119E-01 4.99960E+01 1.98771E+00
 -1      7566-4.49956E-01 5.00282E+01 1.96398E+00
 -1      7567-4.50881E-01 5.00638E+01 2.01229E+00
 -1      7568-4.50044E-01 5.00316E+01 2.03602E+00
 -1      7573-2.99392E-01 4.99993E+01 1.98780E+00
 -1      7574-2.99968E-01 5.00315E+01 1.96399E+00
 -1      7575-3.00608E-01 5.00672E+01 2.01220E+00
 -1      7576-3.00032E-01 5.00350E+01 2.03601E+00
 -1      7581-1.49690E-01 5.00013E+01 1.98790E+00
 -1      7582-1.49983E-01 5.00334E+01 1.96399E+00
 -1      7583-1.50310E-01 5.00693E+01 2.01210E+00
 -1      7584-1.50017E-01 5.00372E+01 2.03601E+00
 -1      7589 0.00000E+00 5.00020E+01 1.98800E+00
 -1      7590 0.00000E+00 5.00340E+01 1.96400E+00
 -1      7591 0.00000E+00 5.00700E+01 2.01200E+00
 -1      7592 0.00000E+00 5.00380E+01 2.03600E+00
 -1      7597 1.49689E-01 5.00013E+01 1.98810E+00
 -1      7598 1.49981E-01 5.00332E+01 1.96401E+00
 -1      7599 1.50311E-01 5.00693E+01 2.01190E+00
 -1      7600 1.50019E-01 5.00374E+01 2.03599E+00
 -1      7605 2.99390E-01 4.99992E+01 1.98819E+00
 -1      7606 2.99961E-01 5.00311E+01 1.96401E+00
 -1      7607 3.00610E-01 5.00673E+01 2.01181E+00
 -1      7608 3.00039E-01 5.00355E+01 2.03599E+00
 -1      7613 4.49113E-01 4.99958E+01 1.98828E+00
 -1      7614 4.49940E-01 5.00276E+01 1.96402E+00
 -1      7615 4.50887E-01 5.00640E+01 2.01172E+00
 -1      7616 4.50060E-01 5.00322E+01 2.03598E+00
 -1      7621 5.98871E-01 4.99914E+01 1.98835E+00
 -1      7622 5.99922E-01 5.00231E+01 1.96402E+00
 -1      7623 6.01129E-01 5.00596E+01 2.01165E+00
 -1      7624 6.00078E-01 5.00278E+01 2.03598E+00
 -1      7629 7.48672E-01 4.99859E+01 1.98841E+00
 -1      7630 7.49905E-01 5.00176E+01 1.96403E+00
 -1      7631 7.51328E-01 5.00541E+01 2.01159E+00
 -1      7632 7.50095E-01 5.00224E+01 2.03597E+00
 -1      7637 8.98524E-01 4.99797E+01 1.98845E+00
 -1      7638 8.99893E-01 5.00113E+01 1.96403E+00
 -1      7639 9.01476E-01 5.00479E+01 2.01155E+00
 -1      7640 9.00107E-01 5.00163E+01 2.03597E+00
 -1      7645 1.04843E+00 4.99729E+01 1.98848E+00
 -1      7646 1.04989E+00 5.00045E+01 1.96403E+00
 -1      7647 1.05157E+00 5.00412E+01 2.01152E+00
 -1      7648 1.05011E+00 5.00095E+01 2.03597E+00
 -1      7653-1.23368E+00 4.99930E+01 1.25590E-01
 -1      7654-1.20108E+00 4.99699E+01 1.26653E-01
 -1      7655-1.16632E+00 5.00187E+01 1.24410E-01
 -1      7656-1.19892E+00 5.00419E+01 1.23347E-01
 -1      7661-1.23366E+00 4.99986E+01 2.50559E-01
 -1      7662-1.20102E+00 4.99755E+01 2.51558E-01
 -1      7663-1.16634E+00 5.00244E+01 2.49441E-01
 -1      7664-1.19898E+00 5.00475E+01 2.48442E-01
 -1      7669-1.23362E+00 5.00037E+01 3.75507E-01
 -1      7670-1.20091E+00 4.99807E+01 3.76402E-01
 -1      7671-1.16638E+00 5.00297E+01 3.74493E-01
 -1      7672-1.19909E+00 5.00527E+01 3.73598E-01
 -1      7677-1.23357E+00 5.00081E+01 5.00435E-01
 -1      7678-1.20077E+00 4.99852E+01 5.01193E-01
 -1      7679-1.16643E+00 5.00344E+01 4.99565E-01
 -1      7680-1.19923E+00 5.00572E+01 4.98807E-01
 -1      7685-1.23351E+00 5.00116E+01 6.25346E-01
 -1      7686-1.20060E+00 4.99889E+01 6.25937E-01
 -1      7687-1.16649E+00 5.00383E+01 6.24654E-01
 -1      7688-1.19940E+00 5.00610E+01 6.24063E-01
 -1      7693-1.23344E+00 5.00142E+01 7.50242E-01
 -1      7694-1.20041E+00 4.99917E+01 7.50646E-01
 -1      7695-1.16656E+00 5.00412E+01 7.49758E-01
 -1      7696-1.19959E+00 5.00638E+01 7.49354E-01
 -1      7701-1.23336E+00 5.00157E+01 8.75125E-01
 -1      7702-1.20021E+00 4.99934E+01 8.75329E-01
 -1      7703-1.16664E+00 5.00431E+01 8.74875E-01
 -1      7704-1.19979E+00 5.00655E+01 8.74671E-01
 -1      7709-1.23328E+00 5.00161E+01 1.00000E+00
 -1      7710-1.20000E+00 4.99939E+01 1.00000E+00
 -1      7711-1.16672E+00 5.00439E+01 1.00000E+00
 -1      7712-1.20000E+00 5.00661E+01 1.00000E+00
 -1      7717-1.23320E+00 5.00154E+01 1.12487E+00
 -1      7718-1.19980E+00 4.99934E+01 1.12467E+00
 -1      7719-1.16680E+00 5.00435E+01 1.12513E+00
 -1      7720-1.20020E+00 5.00655E+01 1.12533E+00
 -1      7725-1.23313E+00 5.00135E+01 1.24975E+00
 -1      7726-1.19961E+00 4.99917E+01 1.24935E+00
 -1      7727-1.16687E+00 5.00419E+01 1.25025E+00
 -1      7728-1.20039E+00 5.00638E+01 1.25065E+00
 -1      7733-1.23306E+00 5.00106E+01 1.37463E+00
 -1      7734-1.19944E+00 4.99889E+01 1.37406E+00
 -1      7735-1.16694E+00 5.00393E+01 1.37537E+00
 -1      7736-1.20056E+00 5.00610E+01 1.37594E+00
 -1      7741-1.23301E+00 5.00067E+01 1.49952E+00
 -1      7742-1.19930E+00 4.99852E+01 1.49881E+00
 -1      7743-1.16699E+00 5.00357E+01 1.50048E+00
 -1      7744-1.20070E+00 5.00572E+01 1.50119E+00
 -1      7749-1.23296E+00 5.00021E+01 1.62443E+00
 -1      7750-1.19918E+00 4.99806E+01 1.62360E+00
 -1      7751-1.16704E+00 5.00313E+01 1.62557E+00
 -1      7752-1.20082E+00 5.00527E+01 1.62640E+00
 -1      7757-1.23292E+00 4.99968E+01 1.74936E+00
 -1      7758-1.19909E+00 4.99755E+01 1.74844E+00
 -1      7759-1.16708E+00 5.00262E+01 1.75064E+00
 -1      7760-1.20091E+00 5.00475E+01 1.75156E+00
 -1      7765-1.23290E+00 4.99911E+01 1.87432E+00
 -1      7766-1.19904E+00 4.99698E+01 1.87335E+00
 -1      7767-1.16710E+00 5.00206E+01 1.87568E+00
 -1      7768-1.20096E+00 5.00419E+01 1.87665E+00
 -1      7773 1.16710E+00 4.99794E+01 1.24323E-01
 -1      7774 1.20096E+00 4.99581E+01 1.23347E-01
 -1      7775 1.23290E+00 5.00089E+01 1.25677E-01
 -1      7776 1.19904E+00 5.00302E+01 1.26653E-01
 -1      7781 1.16708E+00 4.99738E+01 2.49365E-01
 -1      7782 1.20091E+00 4.99525E+01 2.48442E-01
 -1      7783 1.23292E+00 5.00032E+01 2.50635E-01
 -1      7784 1.19909E+00 5.00245E+01 2.51558E-01
 -1      7789 1.16704E+00 4.99687E+01 3.74431E-01
 -1      7790 1.20082E+00 4.99473E+01 3.73598E-01
 -1      7791 1.23296E+00 4.99979E+01 3.75569E-01
 -1      7792 1.19918E+00 5.00194E+01 3.76402E-01
 -1      7797 1.16699E+00 4.99643E+01 4.99520E-01
 -1      7798 1.20070E+00 4.99428E+01 4.98807E-01
 -1      7799 1.23301E+00 4.99933E+01 5.00480E-01
 -1      7800 1.19930E+00 5.00148E+01 5.01193E-01
 -1      7805 1.16694E+00 4.99607E+01 6.24626E-01
 -1      7806 1.20056E+00 4.99390E+01 6.24063E-01
 -1      7807 1.23306E+00 4.99894E+01 6.25374E-01
 -1      7808 1.19944E+00 5.00111E+01 6.25937E-01
 -1      7813 1.16687E+00 4.99581E+01 7.49745E-01
 -1      7814 1.20039E+00 4.99362E+01 7.49354E-01
 -1      7815 1.23313E+00 4.99865E+01 7.50255E-01
 -1      7816 1.19961E+00 5.00083E+01 7.50646E-01
 -1      7821 1.16680E+00 4.99565E+01 8.74872E-01
 -1      7822 1.20020E+00 4.99345E+01 8.74671E-01
 -1      7823 1.23320E+00 4.99846E+01 8.75128E-01
 -1      7824 1.19980E+00 5.00066E+01 8.75329E-01
 -1      7829 1.16672E+00 4.99561E+01 1.00000E+00
 -1      7830 1.20000E+00 4.99339E+01 1.00000E+00
 -1      7831 1.23328E+00 4.99839E+01 1.00000E+00
 -1      7832 1.20000E+00 5.00061E+01 1.00000E+00
 -1      7837 1.16664E+00 4.99569E+01 1.12512E+00
 -1      7838 1.19979E+00 4.99345E+01 1.12533E+00
 -1      7839 1.23336E+00 4.99843E+01 1.12488E+00
 -1      7840 1.20021E+00 5.00066E+01 1.12467E+00
 -1      7845 1.16656E+00 4.99588E+01 1.25024E+00
 -1      7846 1.19959E+00 4.99362E+01 1.25065E+00
 -1      7847 1.23344E+00 4.99858E+01 1.24976E+00
 -1      7848 1.20041E+00 5.00083E+01 1.24935E+00
 -1      7853 1.16649E+00 4.99617E+01 1.37535E+00
 -1      7854 1.19940E+00 4.99390E+01 1.37594E+00
 -1      7855 1.23351E+00 4.99884E+01 1.37465E+00
 -1      7856 1.20060E+00 5.00111E+01 1.37406E+00
 -1      7861 1.16643E+00 4.99656E+01 1.50044E+00
 -1      7862 1.19923E+00 4.99428E+01 1.50119E+00
 -1      7863 1.23357E+00 4.99919E+01 1.49956E+00
 -1      7864 1.20077E+00 5.00148E+01 1.49881E+00
 -1      7869 1.16638E+00 4.99703E+01 1.62551E+00
 -1      7870 1.19909E+00 4.99473E+01 1.62640E+00
 -1      7871 1.23362E+00 4.99963E+01 1.62449E+00
 -1      7872 1.20091E+00 5.00193E+01 1.62360E+00
 -1      7877 1.16634E+00 4.99756E+01 1.75056E+00
 -1      7878 1.19898E+00 4.99525E+01 1.75156E+00
 -1      7879 1.23366E+00 5.00014E+01 1.74944E+00
 -1      7880 1.20102E+00 5.00245E+01 1.74844E+00
 -1      7885 1.16632E+00 4.99813E+01 1.87559E+00
 -1      7886 1.19892E+00 4.99581E+01 1.87665E+00
 -1      7887 1.23368E+00 5.00070E+01 1.87441E+00
 -1      7888 1.20108E+00 5.00301E+01 1.87335E+00
 -1      7893-1.19751E+00 6.36281E-01 6.01788E-02
 -1      7894-1.23225E+00 6.33287E-01 7.97912E-02
 -1      7895-1.20249E+00 6.25424E-01 1.31294E-01
 -1      7896-1.16775E+00 6.28418E-01 1.11682E-01
 -1      7901-1.19756E+00 1.26700E+00 1.57052E-01
 -1      7902-1.23227E+00 1.26395E+00 1.76696E-01
 -1      7903-1.20244E+00 1.25596E+00 2.28143E-01
 -1      7904-1.16773E+00 1.25901E+00 2.08499E-01
 -1      7909-1.19762E+00 1.89735E+00 2.56138E-01
 -1      7910-1.23230E+00 1.89420E+00 2.75835E-01
 -1      7911-1.20238E+00 1.88599E+00 3.27191E-01
 -1      7912-1.16770E+00 1.88914E+00 3.07494E-01
 -1      7917-1.19772E+00 2.52710E+00 3.58435E-01
 -1      7918-1.23234E+00 2.52382E+00 3.78203E-01
 -1      7919-1.20228E+00 2.51533E+00 4.29433E-01
 -1      7920-1.16766E+00 2.51860E+00 4.09665E-01
 -1      7925-1.19784E+00 3.15608E+00 4.64816E-01
 -1      7926-1.23239E+00 3.15265E+00 4.84671E-01
 -1      7927-1.20216E+00 3.14381E+00 5.35743E-01
 -1      7928-1.16761E+00 3.14724E+00 5.15888E-01
 -1      7933-1.19797E+00 3.78414E+00 5.75998E-01
 -1      7934-1.23245E+00 3.78052E+00 5.95952E-01
 -1      7935-1.20203E+00 3.77129E+00 6.46838E-01
 -1      7936-1.16755E+00 3.77491E+00 6.26884E-01
 -1      7941-1.19812E+00 4.41116E+00 6.92512E-01
 -1      7942-1.23251E+00 4.40734E+00 7.12575E-01
 -1      7943-1.20188E+00 4.39769E+00 7.63253E-01
 -1      7944-1.16749E+00 4.40151E+00 7.43189E-01
 -1      7949-1.19828E+00 5.03706E+00 8.14685E-01
 -1      7950-1.23258E+00 5.03303E+00 8.34862E-01
 -1      7951-1.20172E+00 5.02294E+00 8.85315E-01
 -1      7952-1.16742E+00 5.02697E+00 8.65138E-01
 -1      7957-1.19845E+00 5.66181E+00 9.42626E-01
 -1      7958-1.23265E+00 5.65756E+00 9.62918E-01
 -1      7959-1.20155E+00 5.64704E+00 1.01314E+00
 -1      7960-1.16735E+00 5.65129E+00 9.92846E-01
 -1      7965-1.19861E+00 6.28541E+00 1.07622E+00
 -1      7966-1.23272E+00 6.28095E+00 1.09663E+00
 -1      7967-1.20139E+00 6.27002E+00 1.14661E+00
 -1      7968-1.16728E+00 6.27448E+00 1.12621E+00
 -1      7973-1.19876E+00 6.90793E+00 1.21514E+00
 -1      7974-1.23279E+00 6.90327E+00 1.23565E+00
 -1      7975-1.20124E+00 6.89196E+00 1.28542E+00
 -1      7976-1.16721E+00 6.89662E+00 1.26491E+00
 -1      7981-1.19890E+00 7.52945E+00 1.35885E+00
 -1      7982-1.23284E+00 7.52461E+00 1.37945E+00
 -1      7983-1.20110E+00 7.51298E+00 1.42902E+00
 -1      7984-1.16716E+00 7.51781E+00 1.40842E+00
 -1      7989-1.19901E+00 8.15010E+00 1.50662E+00
 -1      7990-1.23289E+00 8.14513E+00 1.52730E+00
 -1      7991-1.20099E+00 8.13323E+00 1.57670E+00
 -1      7992-1.16711E+00 8.13821E+00 1.55603E+00
 -1      7997-1.19909E+00 8.77007E+00 1.65759E+00
 -1      7998-1.23292E+00 8.76498E+00 1.67832E+00
 -1      7999-1.20091E+00 8.75289E+00 1.72760E+00
 -1      8000-1.16708E+00 8.75798E+00 1.70687E+00
 -1      8005-1.19915E+00 9.38954E+00 1.81075E+00
 -1      8006-1.23294E+00 9.38438E+00 1.83152E+00
 -1      8007-1.20085E+00 9.37217E+00 1.88072E+00
 -1      8008-1.16706E+00 9.37732E+00 1.85996E+00
 -1      8013-1.19419E+00 6.25482E-01 1.86909E+00
 -1      8014-1.23061E+00 6.27977E-01 1.88543E+00
 -1      8015-1.20581E+00 6.36223E-01 1.93944E+00
 -1      8016-1.16939E+00 6.33728E-01 1.92310E+00
 -1      8021-1.19417E+00 1.25602E+00 1.77224E+00
 -1      8022-1.23060E+00 1.25855E+00 1.78856E+00
 -1      8023-1.20583E+00 1.26694E+00 1.84256E+00
 -1      8024-1.16940E+00 1.26441E+00 1.82625E+00
 -1      8029-1.19414E+00 1.88605E+00 1.67321E+00
 -1      8030-1.23058E+00 1.88865E+00 1.68948E+00
 -1      8031-1.20586E+00 1.89728E+00 1.74347E+00
 -1      8032-1.16942E+00 1.89468E+00 1.72719E+00
 -1      8037-1.19410E+00 2.51540E+00 1.57098E+00
 -1      8038-1.23056E+00 2.51808E+00 1.58719E+00
 -1      8039-1.20590E+00 2.52703E+00 1.64116E+00
 -1      8040-1.16944E+00 2.52434E+00 1.62494E+00
 -1      8045-1.19405E+00 3.14388E+00 1.46468E+00
 -1      8046-1.23054E+00 3.14667E+00 1.48083E+00
 -1      8047-1.20595E+00 3.15601E+00 1.53476E+00
 -1      8048-1.16946E+00 3.15321E+00 1.51861E+00
 -1      8053-1.19399E+00 3.77137E+00 1.35360E+00
 -1      8054-1.23051E+00 3.77429E+00 1.36967E+00
 -1      8055-1.20601E+00 3.78406E+00 1.42356E+00
 -1      8056-1.16949E+00 3.78115E+00 1.40749E+00
 -1      8061-1.19394E+00 4.39777E+00 1.23720E+00
 -1      8062-1.23048E+00 4.40082E+00 1.25319E+00
 -1      8063-1.20606E+00 4.41108E+00 1.30703E+00
 -1      8064-1.16952E+00 4.40803E+00 1.29105E+00
 -1      8069-1.19388E+00 5.02303E+00 1.11516E+00
 -1      8070-1.23044E+00 5.02621E+00 1.13106E+00
 -1      8071-1.20612E+00 5.03697E+00 1.18484E+00
 -1      8072-1.16956E+00 5.03379E+00 1.16894E+00
 -1      8077-1.19382E+00 5.64714E+00 9.87351E-01
 -1      8078-1.23041E+00 5.65045E+00 1.00316E+00
 -1      8079-1.20618E+00 5.66171E+00 1.05688E+00
 -1      8080-1.16959E+00 5.65839E+00 1.04107E+00
 -1      8085-1.19377E+00 6.27013E+00 8.53889E-01
 -1      8086-1.23038E+00 6.27357E+00 8.69618E-01
 -1      8087-1.20623E+00 6.28530E+00 9.23275E-01
 -1      8088-1.16962E+00 6.28186E+00 9.07546E-01
 -1      8093-1.19372E+00 6.89208E+00 7.15099E-01
 -1      8094-1.23036E+00 6.89563E+00 7.30751E-01
 -1      8095-1.20628E+00 6.90781E+00 7.84342E-01
 -1      8096-1.16964E+00 6.90425E+00 7.68690E-01
 -1      8101-1.19368E+00 7.51310E+00 5.71508E-01
 -1      8102-1.23033E+00 7.51676E+00 5.87093E-01
 -1      8103-1.20632E+00 7.52932E+00 6.40624E-01
 -1      8104-1.16966E+00 7.52567E+00 6.25039E-01
 -1      8109-1.19365E+00 8.13336E+00 4.23831E-01
 -1      8110-1.23032E+00 8.13710E+00 4.39362E-01
 -1      8111-1.20635E+00 8.14998E+00 4.92840E-01
 -1      8112-1.16968E+00 8.14624E+00 4.77309E-01
 -1      8117-1.19362E+00 8.75302E+00 2.72938E-01
 -1      8118-1.23030E+00 8.75682E+00 2.88429E-01
 -1      8119-1.20638E+00 8.76994E+00 3.41867E-01
 -1      8120-1.16970E+00 8.76614E+00 3.26376E-01
 -1      8125-1.19361E+00 9.37230E+00 1.19824E-01
 -1      8126-1.23030E+00 9.37614E+00 1.35290E-01
 -1      8127-1.20639E+00 9.38940E+00 1.88703E-01
 -1      8128-1.16970E+00 9.38556E+00 1.73237E-01
 -1      8133 1.20249E+00 6.36281E-01 6.01788E-02
 -1      8134 1.16775E+00 6.33287E-01 7.97912E-02
 -1      8135 1.19751E+00 6.25424E-01 1.31294E-01
 -1      8136 1.23225E+00 6.28418E-01 1.11682E-01
 -1      8141 1.20244E+00 1.26700E+00 1.57052E-01
 -1      8142 1.16773E+00 1.26395E+00 1.76696E-01
 -1      8143 1.19756E+00 1.25596E+00 2.28143E-01
 -1      8144 1.23227E+00 1.25901E+00 2.08499E-01
 -1      8149 1.20238E+00 1.89735E+00 2.56138E-01
 -1      8150 1.16770E+00 1.89420E+00 2.75835E-01
 -1      8151 1.19762E+00 1.88599E+00 3.27191E-01
 -1      8152 1.23230E+00 1.88914E+00 3.07494E-01
 -1      8157 1.20228E+00 2.52710E+00 3.58435E-01
 -1      8158 1.16766E+00 2.52382E+00 3.78203E-01
 -1      8159 1.19772E+00 2.51533E+00 4.29433E-01
 -1      8160 1.23234E+00 2.51860E+00 4.09665E-01
 -1      8165 1.20216E+00 3.15608E+00 4.64816E-01
 -1      8166 1.16761E+00 3.15265E+00 4.84671E-01
 -1      8167 1.19784E+00 3.14381E+00 5.35743E-01
 -1      8168 1.23239E+00 3.14724E+00 5.15888E-01
 -1      8173 1.20203E+00 3.78414E+00 5.75998E-01
 -1      8174 1.16755E+00 3.78052E+00 5.95952E-01
 -1      8175 1.19797E+00 3.77129E+00 6.46838E-01
 -1      8176 1.23245E+00 3.77491E+00 6.26884E-01
 -1      8181 1.20188E+00 4.41116E+00 6.92512E-01
 -1      8182 1.16749E+00 4.40734E+00 7.12575E-01
 -1      8183 1.19812E+00 4.39769E+00 7.63253E-01
 -1      8184 1.23251E+00 4.40151E+00 7.43189E-01
 -1      8189 1.20172E+00 5.03706E+00 8.14685E-01
 -1      8190 1.16742E+00 5.03303E+00 8.34862E-01
 -1      8191 1.19828E+00 5.02294E+00 8.85315E-01
 -1      8192 1.23258E+00 5.02697E+00 8.65138E-01
 -1      8197 1.20155E+00 5.66181E+00 9.42626E-01
 -1      8198 1.16735E+00 5.65756E+00 9.62918E-01
 -1      8199 1.19845E+00 5.64704E+00 1.01314E+00
 -1      8200 1.23265E+00 5.65129E+00 9.92846E-01
 -1      8205 1.20139E+00 6.28541E+00 1.07622E+00
 -1      8206 1.16728E+00 6.28095E+00 1.09663E+00
 -1      8207 1.19861E+00 6.27002E+00 1.14661E+00
 -1      8208 1.23272E+00 6.27448E+00 1.12621E+00
 -1      8213 1.20124E+00 6.90793E+00 1.21514E+00
 -1      8214 1.16721E+00 6.90327E+00 1.23565E+00
 -1      8215 1.19876E+00 6.89196E+00 1.28542E+00
 -1      8216 1.23279E+00 6.89662E+00 1.26491E+00
 -1      8221 1.20110E+00 7.52945E+00 1.35885E+00
 -1      8222 1.16716E+00 7.52461E+00 1.37945E+00
 -1      8223 1.19890E+00 7.51298E+00 1.42902E+00
 -1      8224 1.23284E+00 7.51781E+00 1.40842E+00
 -1      8229 1.20099E+00 8.15010E+00 1.50662E+00
 -1      8230 1.16711E+00 8.14513E+00 1.52730E+00
 -1      8231 1.19901E+00 8.13323E+00 1.57670E+00
 -1      8232 1.23289E+00 8.13821E+00 1.55603E+00
 -1      8237 1.20091E+00 8.77007E+00 1.65759E+00
 -1      8238 1.16708E+00 8.76498E+00 1.67832E+00
 -1      8239 1.19909E+00 8.75289E+00 1.72760E+00
 -1      8240 1.23292E+00 8.75798E+00 1.70687E+00
 -1      8245 1.20085E+00 9.38954E+00 1.81075E+00
 -1      8246 1.16706E+00 9.38438E+00 1.83152E+00
 -1      8247 1.19915E+00 9.37217E+00 1.88072E+00
 -1      8248 1.23294E+00 9.37732E+00 1.85996E+00
 -1      8253 1.20581E+00 6.25482E-01 1.86909E+00
 -1      8254 1.16939E+00 6.27977E-01 1.88543E+00
 -1      8255 1.19419E+00 6.36223E-01 1.93944E+00
 -1      8256 1.23061E+00 6.33728E-01 1.92310E+00
 -1      8261 1.20583E+00 1.25602E+00 1.77224E+00
 -1      8262 1.16940E+00 1.25855E+00 1.78856E+00
 -1      8263 1.19417E+00 1.26694E+00 1.84256E+00
 -1      8264 1.23060E+00 1.26441E+00 1.82625E+00
 -1      8269 1.20586E+00 1.88605E+00 1.67321E+00
 -1      8270 1.16942E+00 1.88865E+00 1.68948E+00
 -1      8271 1.19414E+00 1.89728E+00 1.74347E+00
 -1      8272 1.23058E+00 1.89468E+00 1.72719E+00
 -1      8277 1.20590E+00 2.51540E+00 1.57098E+00
 -1      8278 1.16944E+00 2.51808E+00 1.58719E+00
 -1      8279 1.19410E+00 2.52703E+00 1.64116E+00
 -1      8280 1.23056E+00 2.52434E+00 1.62494E+00
 -1      8285 1.20595E+00 3.14388E+00 1.46468E+00
 -1      8286 1.16946E+00 3.14667E+00 1.48083E+00
 -1      8287 1.19405E+00 3.15601E+00 1.53476E+00
 -1      8288 1.23054E+00 3.15321E+00 1.51861E+00
 -1      8293 1.20601E+00 3.77137E+00 1.35360E+00
 -1      8294 1.16949E+00 3.77429E+00 1.36967E+00
 -1      8295 1.19399E+00 3.78406E+00 1.42356E+00
 -1      8296 1.23051E+00 3.78115E+00 1.40749E+00
 -1      8301 1.20606E+00 4.39777E+00 1.23720E+00
 -1      8302 1.16952E+00 4.40082E+00 1.25319E+00
 -1      8303 1.19394E+00 4.41108E+00 1.30703E+00
 -1      8304 1.23048E+00 4.40803E+00 1.29105E+00
 -1      8309 1.20612E+00 5.02303E+00 1.11516E+00
 -1      8310 1.16956E+00 5.02621E+00 1.13106E+00
 -1      8311 1.19388E+00 5.03697E+00 1.18484E+00
 -1      8312 1.23044E+00 5.03379E+00 1.16894E+00
 -1      8317 1.20618E+00 5.64714E+00 9.87351E-01
 -1      8318 1.16959E+00 5.65045E+00 1.00316E+00
 -1      8319 1.19382E+00 5.66171E+00 1.05688E+00
 -1      8320 1.23041E+00 5.65839E+00 1.04107E+00
 -1      8325 1.20623E+00 6.27013E+00 8.53889E-01
 -1      8326 1.16962E+00 6.27357E+00 8.69618E-01
 -1      8327 1.19377E+00 6.28530E+00 9.23275E-01
 -1      8328 1.23038E+00 6.28186E+00 9.07546E-01
 -1      8333 1.20628E+00 6.89208E+00 7.15099E-01
 -1      8334 1.16964E+00 6.89563E+00 7.30751E-01
 -1      8335 1.19372E+00 6.90781E+00 7.84342E-01
 -1      8336 1.23036E+00 6.90425E+00 7.68690E-01
 -1      8341 1.20632E+00 7.51310E+00 5.71508E-01
 -1      8342 1.16966E+00 7.51676E+00 5.87093E-01
 -1      8343 1.19368E+00 7.52932E+00 6.40624E-01
 -1      8344 1.23033E+00 7.52567E+00 6.25039E-01
 -1      8349 1.20635E+00 8.13336E+00 4.23831E-01
 -1      8350 1.16968E+00 8.13710E+00 4.39362E-01
 -1      8351 1.19365E+00 8.14998E+00 4.92840E-01
 -1      8352 1.23032E+00 8.14624E+00 4.77309E-01
 -1      8357 1.20638E+00 8.75302E+00 2.72938E-01
 -1      8358 1.16970E+00 8.75682E+00 2.88429E-01
 -1      8359 1.19362E+00 8.76994E+00 3.41867E-01
 -1      8360 1.23030E+00 8.76614E+00 3.26376E-01
 -1      8365 1.20639E+00 9.37230E+00 1.19824E-01
 -1      8366 1.16970E+00 9.37614E+00 1.35290E-01
 -1      8367 1.19361E+00 9.38940E+00 1.88703E-01
 -1      8368 1.23030E+00 9.38556E+00 1.73237E-01
 -1      8373-1.00976E+00 6.14804E-01-3.41978E-02
 -1      8374-1.04684E+00 6.25524E-01-2.36983E-02
 -1      8375-1.03171E+00 6.21150E-01 3.41978E-02
 -1      8376-9.94632E-01 6.10430E-01 2.36983E-02
 -1      8381-8.31684E-01 1.23310E+00-3.42220E-02
 -1      8382-8.68770E-01 1.24371E+00-2.36405E-02
 -1      8383-8.53511E-01 1.23935E+00 3.42220E-02
 -1      8384-8.16425E-01 1.22873E+00 2.36405E-02
 -1      8389-6.55851E-01 1.85195E+00-3.42609E-02
 -1      8390-6.92947E-01 1.86240E+00-2.35466E-02
 -1      8391-6.77477E-01 1.85804E+00 3.42609E-02
 -1      8392-6.40382E-01 1.84760E+00 2.35466E-02
 -1      8397-4.83256E-01 2.47160E+00-3.43124E-02
 -1      8398-5.20364E-01 2.48182E+00-2.34202E-02
 -1      8399-5.04612E-01 2.47748E+00 3.43124E-02
 -1      8400-4.67504E-01 2.46727E+00 2.34202E-02
 -1      8405-3.14767E-01 3.09225E+00-3.43739E-02
 -1      8406-3.51887E-01 3.10219E+00-2.32663E-02
 -1      8407-3.35792E-01 3.09788E+00 3.43739E-02
 -1      8408-2.98672E-01 3.08794E+00 2.32663E-02
 -1      8413-1.51095E-01 3.71407E+00-3.44424E-02
 -1      8414-1.88225E-01 3.72368E+00-2.30909E-02
 -1      8415-1.71741E-01 3.71941E+00 3.44424E-02
 -1      8416-1.34611E-01 3.70980E+00 2.30909E-02
 -1      8421 7.23515E-03 4.33717E+00-3.45146E-02
 -1      8422-2.99016E-02 4.34644E+00-2.29007E-02
 -1      8423-1.29996E-02 4.34222E+00 3.45146E-02
 -1      8424 2.41372E-02 4.33295E+00 2.29007E-02
 -1      8429 1.59902E-01 4.96162E+00-3.45875E-02
 -1      8430 1.22763E-01 4.97054E+00-2.27031E-02
 -1      8431 1.40098E-01 4.96638E+00 3.45875E-02
 -1      8432 1.77237E-01 4.95746E+00 2.27031E-02
 -1      8437 3.06805E-01 5.58746E+00-3.46581E-02
 -1      8438 2.69668E-01 5.59601E+00-2.25060E-02
 -1      8439 2.87431E-01 5.59192E+00 3.46581E-02
 -1      8440 3.24568E-01 5.58337E+00 2.25060E-02
 -1      8445 4.48061E-01 6.21464E+00-3.47239E-02
 -1      8446 4.10931E-01 6.22285E+00-2.23169E-02
 -1      8447 4.29103E-01 6.21884E+00 3.47239E-02
 -1      8448 4.66233E-01 6.21063E+00 2.23169E-02
 -1      8453 5.84008E-01 6.84309E+00-3.47827E-02
 -1      8454 5.46888E-01 6.85099E+00-2.21431E-02
 -1      8455 5.65433E-01 6.84704E+00 3.47827E-02
 -1      8456 6.02553E-01 6.83915E+00 2.21431E-02
 -1      8461 7.15186E-01 7.47267E+00-3.48328E-02
 -1      8462 6.78077E-01 7.48029E+00-2.19912E-02
 -1      8463 6.96946E-01 7.47642E+00 3.48328E-02
 -1      8464 7.34055E-01 7.46880E+00 2.19912E-02
 -1      8469 8.42318E-01 8.10321E+00-3.48729E-02
 -1      8470 8.05220E-01 8.11060E+00-2.18668E-02
 -1      8471 8.24353E-01 8.10679E+00 3.48729E-02
 -1      8472 8.61451E-01 8.09940E+00 2.18668E-02
 -1      8477 9.66282E-01 8.73449E+00-3.49021E-02
 -1      8478 9.29194E-01 8.74172E+00-2.17746E-02
 -1      8479 9.48523E-01 8.73795E+00 3.49021E-02
 -1      8480 9.85611E-01 8.73073E+00 2.17746E-02
 -1      8485 1.08808E+00 9.36628E+00-3.49199E-02
 -1      8486 1.05100E+00 9.37340E+00-2.17179E-02
 -1      8487 1.07045E+00 9.36967E+00 3.49199E-02
 -1      8488 1.10753E+00 9.36255E+00 2.17179E-02
 -1      8493 1.02022E+00 6.17826E-01-3.60514E-02
 -1      8494 9.88567E-01 6.08676E-01-1.33650E-02
 -1      8495 1.02126E+00 6.18127E-01 3.60514E-02
 -1      8496 1.05291E+00 6.27277E-01 1.33650E-02
 -1      8501 8.42112E-01 1.23608E+00-3.60520E-02
 -1      8502 8.10417E-01 1.22701E+00-1.34002E-02
 -1      8503 8.43083E-01 1.23636E+00 3.60520E-02
 -1      8504 8.74778E-01 1.24543E+00 1.34002E-02
 -1      8509 6.66238E-01 1.85488E+00-3.60528E-02
 -1      8510 6.34467E-01 1.84593E+00-1.34577E-02
 -1      8511 6.67091E-01 1.85512E+00 3.60528E-02
 -1      8512 6.98862E-01 1.86407E+00 1.34577E-02
 -1      8517 4.93588E-01 2.47445E+00-3.60537E-02
 -1      8518 4.61714E-01 2.46567E+00-1.35358E-02
 -1      8519 4.94280E-01 2.47464E+00 3.60537E-02
 -1      8520 5.26154E-01 2.48341E+00 1.35358E-02
 -1      8525 3.25033E-01 3.09500E+00-3.60546E-02
 -1      8526 2.93036E-01 3.08644E+00-1.36319E-02
 -1      8527 3.25526E-01 3.09513E+00 3.60546E-02
 -1      8528 3.57524E-01 3.10370E+00 1.36319E-02
 -1      8533 1.61287E-01 3.71671E+00-3.60553E-02
 -1      8534 1.29149E-01 3.70838E+00-1.37428E-02
 -1      8535 1.61549E-01 3.71677E+00 3.60553E-02
 -1      8536 1.93687E-01 3.72510E+00 1.37428E-02
 -1      8541 2.87928E-03 4.33969E+00-3.60555E-02
 -1      8542-2.94096E-02 4.33163E+00-1.38647E-02
 -1      8543 2.88514E-03 4.33969E+00 3.60555E-02
 -1      8544 3.51740E-02 4.34775E+00 1.38647E-02
 -1      8549-1.49867E-01 4.96403E+00-3.60553E-02
 -1      8550-1.82312E-01 4.95624E+00-1.39932E-02
 -1      8551-1.50133E-01 4.96397E+00 3.60553E-02
 -1      8552-1.17688E-01 4.97176E+00 1.39932E-02
 -1      8557-2.96847E-01 5.58975E+00-3.60544E-02
 -1      8558-3.29445E-01 5.58224E+00-1.41235E-02
 -1      8559-2.97388E-01 5.58963E+00 3.60544E-02
 -1      8560-2.64790E-01 5.59714E+00 1.41235E-02
 -1      8565-4.38176E-01 6.21683E+00-3.60531E-02
 -1      8566-4.70921E-01 6.20959E+00-1.42503E-02
 -1      8567-4.38988E-01 6.21665E+00 3.60531E-02
 -1      8568-4.06243E-01 6.22389E+00 1.42503E-02
 -1      8573-5.74188E-01 6.84518E+00-3.60514E-02
 -1      8574-6.07066E-01 6.83819E+00-1.43686E-02
 -1      8575-5.75253E-01 6.84495E+00 3.60514E-02
 -1      8576-5.42375E-01 6.85195E+00 1.43686E-02
 -1      8581-7.05421E-01 7.47468E+00-3.60495E-02
 -1      8582-7.38415E-01 7.46790E+00-1.44733E-02
 -1      8583-7.06711E-01 7.47441E+00 3.60495E-02
 -1      8584-6.73717E-01 7.48118E+00 1.44733E-02
 -1      8589-8.32597E-01 8.10515E+00-3.60476E-02
 -1      8590-8.65685E-01 8.09856E+00-1.45600E-02
 -1      8591-8.34074E-01 8.10485E+00 3.60476E-02
 -1      8592-8.00986E-01 8.11144E+00 1.45600E-02
 -1      8597-9.56593E-01 8.73638E+00-3.60461E-02
 -1      8598-9.89751E-01 8.72992E+00-1.46248E-02
 -1      8599-9.58212E-01 8.73607E+00 3.60461E-02
 -1      8600-9.25054E-01 8.74252E+00 1.46248E-02
 -1      8605-1.07841E+00 9.36814E+00-3.60451E-02
 -1      8606-1.11161E+00 9.36177E+00-1.46649E-02
 -1      8607-1.08012E+00 9.36781E+00 3.60451E-02
 -1      8608-1.04692E+00 9.37419E+00 1.46649E-02
 -1      8613-1.00976E+00 6.14804E-01 1.96580E+00
 -1      8614-1.04684E+00 6.25524E-01 1.97630E+00
 -1      8615-1.03171E+00 6.21150E-01 2.03420E+00
 -1      8616-9.94632E-01 6.10430E-01 2.02370E+00
 -1      8621-8.31684E-01 1.23310E+00 1.96578E+00
 -1      8622-8.68770E-01 1.24371E+00 1.97636E+00
 -1      8623-8.53511E-01 1.23935E+00 2.03422E+00
 -1      8624-8.16425E-01 1.22873E+00 2.02364E+00
 -1      8629-6.55851E-01 1.85195E+00 1.96574E+00
 -1      8630-6.92947E-01 1.86240E+00 1.97645E+00
 -1      8631-6.77477E-01 1.85804E+00 2.03426E+00
 -1      8632-6.40382E-01 1.84760E+00 2.02355E+00
 -1      8637-4.83256E-01 2.47160E+00 1.96569E+00
 -1      8638-5.20364E-01 2.48182E+00 1.97658E+00
 -1      8639-5.04612E-01 2.47748E+00 2.03431E+00
 -1      8640-4.67504E-01 2.46727E+00 2.02342E+00
 -1      8645-3.14767E-01 3.09225E+00 1.96563E+00
 -1      8646-3.51887E-01 3.10219E+00 1.97673E+00
 -1      8647-3.35792E-01 3.09788E+00 2.03437E+00
 -1      8648-2.98672E-01 3.08794E+00 2.02327E+00
 -1      8653-1.51095E-01 3.71407E+00 1.96556E+00
 -1      8654-1.88225E-01 3.72368E+00 1.97691E+00
 -1      8655-1.71741E-01 3.71941E+00 2.03444E+00
 -1      8656-1.34611E-01 3.70980E+00 2.02309E+00
 -1      8661 7.23515E-03 4.33717E+00 1.96549E+00
 -1      8662-2.99016E-02 4.34644E+00 1.97710E+00
 -1      8663-1.29996E-02 4.34222E+00 2.03451E+00
 -1      8664 2.41372E-02 4.33295E+00 2.02290E+00
 -1      8669 1.59902E-01 4.96162E+00 1.96541E+00
 -1      8670 1.22763E-01 4.97054E+00 1.97730E+00
 -1      8671 1.40098E-01 4.96638E+00 2.03459E+00
 -1      8672 1.77237E-01 4.95746E+00 2.02270E+00
 -1      8677 3.06805E-01 5.58746E+00 1.96534E+00
 -1      8678 2.69668E-01 5.59601E+00 1.97749E+00
 -1      8679 2.87431E-01 5.59192E+00 2.03466E+00
 -1      8680 3.24568E-01 5.58337E+00 2.02251E+00
 -1      8685 4.48061E-01 6.21464E+00 1.96528E+00
 -1      8686 4.10931E-01 6.22285E+00 1.97768E+00
 -1      8687 4.29103E-01 6.21884E+00 2.03472E+00
 -1      8688 4.66233E-01 6.21063E+00 2.02232E+00
 -1      8693 5.84008E-01 6.84309E+00 1.96522E+00
 -1      8694 5.46888E-01 6.85099E+00 1.97786E+00
 -1      8695 5.65433E-01 6.84704E+00 2.03478E+00
 -1      8696 6.02553E-01 6.83915E+00 2.02214E+00
 -1      8701 7.15186E-01 7.47267E+00 1.96517E+00
 -1      8702 6.78077E-01 7.48029E+00 1.97801E+00
 -1      8703 6.96946E-01 7.47642E+00 2.03483E+00
 -1      8704 7.34055E-01 7.46880E+00 2.02199E+00
 -1      8709 8.42318E-01 8.10321E+00 1.96513E+00
 -1      8710 8.05220E-01 8.11060E+00 1.97813E+00
 -1      8711 8.24353E-01 8.10679E+00 2.03487E+00
 -1      8712 8.61451E-01 8.09940E+00 2.02187E+00
 -1      8717 9.66282E-01 8.73449E+00 1.96510E+00
 -1      8718 9.29194E-01 8.74172E+00 1.97823E+00
 -1      8719 9.48523E-01 8.73795E+00 2.03490E+00
 -1      8720 9.85611E-01 8.73073E+00 2.02177E+00
 -1      8725 1.08808E+00 9.36628E+00 1.96508E+00
 -1      8726 1.05100E+00 9.37340E+00 1.97828E+00
 -1      8727 1.07045E+00 9.36967E+00 2.03492E+00
 -1      8728 1.10753E+00 9.36255E+00 2.02172E+00
 -1      8733 1.02022E+00 6.17826E-01 1.96395E+00
 -1      8734 9.88567E-01 6.08676E-01 1.98663E+00
 -1      8735 1.02126E+00 6.18127E-01 2.03605E+00
 -1      8736 1.05291E+00 6.27277E-01 2.01337E+00
 -1      8741 8.42112E-01 1.23608E+00 1.96395E+00
 -1      8742 8.10417E-01 1.22701E+00 1.98660E+00
 -1      8743 8.43083E-01 1.23636E+00 2.03605E+00
 -1      8744 8.74778E-01 1.24543E+00 2.01340E+00
 -1      8749 6.66238E-01 1.85488E+00 1.96395E+00
 -1      8750 6.34467E-01 1.84593E+00 1.98654E+00
 -1      8751 6.67091E-01 1.85512E+00 2.03605E+00
 -1      8752 6.98862E-01 1.86407E+00 2.01346E+00
 -1      8757 4.93588E-01 2.47445E+00 1.96395E+00
 -1      8758 4.61714E-01 2.46567E+00 1.98646E+00
 -1      8759 4.94280E-01 2.47464E+00 2.03605E+00
 -1      8760 5.26154E-01 2.48341E+00 2.01354E+00
 -1      8765 3.25033E-01 3.09500E+00 1.96395E+00
 -1      8766 2.93036E-01 3.08644E+00 1.98637E+00
 -1      8767 3.25526E-01 3.09513E+00 2.03605E+00
 -1      8768 3.57524E-01 3.10370E+00 2.01363E+00
 -1      8773 1.61287E-01 3.71671E+00 1.96394E+00
 -1      8774 1.29149E-01 3.70838E+00 1.98626E+00
 -1      8775 1.61549E-01 3.71677E+00 2.03606E+00
 -1      8776 1.93687E-01 3.72510E+00 2.01374E+00
 -1      8781 2.87928E-03 4.33969E+00 1.96394E+00
 -1      8782-2.94096E-02 4.33163E+00 1.98614E+00
 -1      8783 2.88514E-03 4.33969E+00 2.03606E+00
 -1      8784 3.51740E-02 4.34775E+00 2.01386E+00
 -1      8789-1.49867E-01 4.96403E+00 1.96394E+00
 -1      8790-1.82312E-01 4.95624E+00 1.98601E+00
 -1      8791-1.50133E-01 4.96397E+00 2.03606E+00
 -1      8792-1.17688E-01 4.97176E+00 2.01399E+00
 -1      8797-2.96847E-01 5.58975E+00 1.96395E+00
 -1      8798-3.29445E-01 5.58224E+00 1.98588E+00
 -1      8799-2.97388E-01 5.58963E+00 2.03605E+00
 -1      8800-2.64790E-01 5.59714E+00 2.01412E+00
 -1      8805-4.38176E-01 6.21683E+00 1.96395E+00
 -1      8806-4.70921E-01 6.20959E+00 1.98575E+00
 -1      8807-4.38988E-01 6.21665E+00 2.03605E+00
 -1      8808-4.06243E-01 6.22389E+00 2.01425E+00
 -1      8813-5.74188E-01 6.84518E+00 1.96395E+00
 -1      8814-6.07066E-01 6.83819E+00 1.98563E+00
 -1      8815-5.75253E-01 6.84495E+00 2.03605E+00
 -1      8816-5.42375E-01 6.85195E+00 2.01437E+00
 -1      8821-7.05421E-01 7.47468E+00 1.96395E+00
 -1      8822-7.38415E-01 7.46790E+00 1.98553E+00
 -1      8823-7.06711E-01 7.47441E+00 2.03605E+00
 -1      8824-6.73717E-01 7.48118E+00 2.01447E+00
 -1      8829-8.32597E-01 8.10515E+00 1.96395E+00
 -1      8830-8.65685E-01 8.09856E+00 1.98544E+00
 -1      8831-8.34074E-01 8.10485E+00 2.03605E+00
 -1      8832-8.00986E-01 8.11144E+00 2.01456E+00
 -1      8837-9.56593E-01 8.73638E+00 1.96395E+00
 -1      8838-9.89751E-01 8.72992E+00 1.98538E+00
 -1      8839-9.58212E-01 8.73607E+00 2.03605E+00
 -1      8840-9.25054E-01 8.74252E+00 2.01462E+00
 -1      8845-1.07841E+00 9.36814E+00 1.96395E+00
 -1      8846-1.11161E+00 9.36177E+00 1.98534E+00
 -1      8847-1.08012E+00 9.36781E+00 2.03605E+00
 -1      8848-1.04692E+00 9.37419E+00 2.01466E+00
 -1      8853-1.19751E+00 1.06363E+01 6.01788E-02
 -1      8854-1.23225E+00 1.06333E+01 7.97912E-02
 -1      8855-1.20249E+00 1.06254E+01 1.31294E-01
 -1      8856-1.16775E+00 1.06284E+01 1.11682E-01
 -1      8861-1.19756E+00 1.12670E+01 1.57052E-01
 -1      8862-1.23227E+00 1.12640E+01 1.76696E-01
 -1      8863-1.20244E+00 1.12560E+01 2.28143E-01
 -1      8864-1.16773E+00 1.12590E+01 2.08499E-01
 -1      8869-1.19762E+00 1.18973E+01 2.56138E-01
 -1      8870-1.23230E+00 1.18942E+01 2.75835E-01
 -1      8871-1.20238E+00 1.18860E+01 3.27191E-01
 -1      8872-1.16770E+00 1.18891E+01 3.07494E-01
 -1      8877-1.19772E+00 1.25271E+01 3.58435E-01
 -1      8878-1.23234E+00 1.25238E+01 3.78203E-01
 -1      8879-1.20228E+00 1.25153E+01 4.29433E-01
 -1      8880-1.16766E+00 1.25186E+01 4.09665E-01
 -1      8885-1.19784E+00 1.31561E+01 4.64816E-01
 -1      8886-1.23239E+00 1.31526E+01 4.84671E-01
 -1      8887-1.20216E+00 1.31438E+01 5.35743E-01
 -1      8888-1.16761E+00 1.31472E+01 5.15888E-01
 -1      8893-1.19797E+00 1.37841E+01 5.75998E-01
 -1      8894-1.23245E+00 1.37805E+01 5.95952E-01
 -1      8895-1.20203E+00 1.37713E+01 6.46838E-01
 -1      8896-1.16755E+00 1.37749E+01 6.26884E-01
 -1      8901-1.19812E+00 1.44112E+01 6.92512E-01
 -1      8902-1.23251E+00 1.44073E+01 7.12575E-01
 -1      8903-1.20188E+00 1.43977E+01 7.63253E-01
 -1      8904-1.16749E+00 1.44015E+01 7.43189E-01
 -1      8909-1.19828E+00 1.50371E+01 8.14685E-01
 -1      8910-1.23258E+00 1.50330E+01 8.34862E-01
 -1      8911-1.20172E+00 1.50229E+01 8.85315E-01
 -1      8912-1.16742E+00 1.50270E+01 8.65138E-01
 -1      8917-1.19845E+00 1.56618E+01 9.42626E-01
 -1      8918-1.23265E+00 1.56576E+01 9.62918E-01
 -1      8919-1.20155E+00 1.56470E+01 1.01314E+00
 -1      8920-1.16735E+00 1.56513E+01 9.92846E-01
 -1      8925-1.19861E+00 1.62854E+01 1.07622E+00
 -1      8926-1.23272E+00 1.62810E+01 1.09663E+00
 -1      8927-1.20139E+00 1.62700E+01 1.14661E+00
 -1      8928-1.16728E+00 1.62745E+01 1.12621E+00
 -1      8933-1.19876E+00 1.69079E+01 1.21514E+00
 -1      8934-1.23279E+00 1.69033E+01 1.23565E+00
 -1      8935-1.20124E+00 1.68920E+01 1.28542E+00
 -1      8936-1.16721E+00 1.68966E+01 1.26491E+00
 -1      8941-1.19890E+00 1.75294E+01 1.35885E+00
 -1      8942-1.23284E+00 1.75246E+01 1.37945E+00
 -1      8943-1.20110E+00 1.75130E+01 1.42902E+00
 -1      8944-1.16716E+00 1.75178E+01 1.40842E+00
 -1      8949-1.19901E+00 1.81501E+01 1.50662E+00
 -1      8950-1.23289E+00 1.81451E+01 1.52730E+00
 -1      8951-1.20099E+00 1.81332E+01 1.57670E+00
 -1      8952-1.16711E+00 1.81382E+01 1.55603E+00
 -1      8957-1.19909E+00 1.87701E+01 1.65759E+00
 -1      8958-1.23292E+00 1.87650E+01 1.67832E+00
 -1      8959-1.20091E+00 1.87529E+01 1.72760E+00
 -1      8960-1.16708E+00 1.87580E+01 1.70687E+00
 -1      8965-1.19915E+00 1.93895E+01 1.81075E+00
 -1      8966-1.23294E+00 1.93844E+01 1.83152E+00
 -1      8967-1.20085E+00 1.93722E+01 1.88072E+00
 -1      8968-1.16706E+00 1.93773E+01 1.85996E+00
 -1      8973-1.19419E+00 1.06255E+01 1.86909E+00
 -1      8974-1.23061E+00 1.06280E+01 1.88543E+00
 -1      8975-1.20581E+00 1.06362E+01 1.93944E+00
 -1      8976-1.16939E+00 1.06337E+01 1.92310E+00
 -1      8981-1.19417E+00 1.12560E+01 1.77224E+00
 -1      8982-1.23060E+00 1.12586E+01 1.78856E+00
 -1      8983-1.20583E+00 1.12669E+01 1.84256E+00
 -1      8984-1.16940E+00 1.12644E+01 1.82625E+00
 -1      8989-1.19414E+00 1.18861E+01 1.67321E+00
 -1      8990-1.23058E+00 1.18887E+01 1.68948E+00
 -1      8991-1.20586E+00 1.18973E+01 1.74347E+00
 -1      8992-1.16942E+00 1.18947E+01 1.72719E+00
 -1      8997-1.19410E+00 1.25154E+01 1.57098E+00
 -1      8998-1.23056E+00 1.25181E+01 1.58719E+00
 -1      8999-1.20590E+00 1.25270E+01 1.64116E+00
 -1      9000-1.16944E+00 1.25243E+01 1.62494E+00
 -1      9005-1.19405E+00 1.31439E+01 1.46468E+00
 -1      9006-1.23054E+00 1.31467E+01 1.48083E+00
 -1      9007-1.20595E+00 1.31560E+01 1.53476E+00
 -1      9008-1.16946E+00 1.31532E+01 1.51861E+00
 -1      9013-1.19399E+00 1.37714E+01 1.35360E+00
 -1      9014-1.23051E+00 1.37743E+01 1.36967E+00
 -1      9015-1.20601E+00 1.37841E+01 1.42356E+00
 -1      9016-1.16949E+00 1.37811E+01 1.40749E+00
 -1      9021-1.19394E+00 1.43978E+01 1.23720E+00
 -1      9022-1.23048E+00 1.44008E+01 1.25319E+00
 -1      9023-1.20606E+00 1.44111E+01 1.30703E+00
 -1      9024-1.16952E+00 1.44080E+01 1.29105E+00
 -1      9029-1.19388E+00 1.50230E+01 1.11516E+00
 -1      9030-1.23044E+00 1.50262E+01 1.13106E+00
 -1      9031-1.20612E+00 1.50370E+01 1.18484E+00
 -1      9032-1.16956E+00 1.50338E+01 1.16894E+00
 -1      9037-1.19382E+00 1.56471E+01 9.87351E-01
 -1      9038-1.23041E+00 1.56505E+01 1.00316E+00
 -1      9039-1.20618E+00 1.56617E+01 1.05688E+00
 -1      9040-1.16959E+00 1.56584E+01 1.04107E+00
 -1      9045-1.19377E+00 1.62701E+01 8.53889E-01
 -1      9046-1.23038E+00 1.62736E+01 8.69618E-01
 -1      9047-1.20623E+00 1.62853E+01 9.23275E-01
 -1      9048-1.16962E+00 1.62819E+01 9.07546E-01
 -1      9053-1.19372E+00 1.68921E+01 7.15099E-01
 -1      9054-1.23036E+00 1.68956E+01 7.30751E-01
 -1      9055-1.20628E+00 1.69078E+01 7.84342E-01
 -1      9056-1.16964E+00 1.69043E+01 7.68690E-01
 -1      9061-1.19368E+00 1.75131E+01 5.71508E-01
 -1      9062-1.23033E+00 1.75168E+01 5.87093E-01
 -1      9063-1.20632E+00 1.75293E+01 6.40624E-01
 -1      9064-1.16966E+00 1.75257E+01 6.25039E-01
 -1      9069-1.19365E+00 1.81334E+01 4.23831E-01
 -1      9070-1.23032E+00 1.81371E+01 4.39362E-01
 -1      9071-1.20635E+00 1.81500E+01 4.92840E-01
 -1      9072-1.16968E+00 1.81462E+01 4.77309E-01
 -1      9077-1.19362E+00 1.87530E+01 2.72938E-01
 -1      9078-1.23030E+00 1.87568E+01 2.88429E-01
 -1      9079-1.20638E+00 1.87699E+01 3.41867E-01
 -1      9080-1.16970E+00 1.87661E+01 3.26376E-01
 -1      9085-1.19361E+00 1.93723E+01 1.19824E-01
 -1      9086-1.23030E+00 1.93761E+01 1.35290E-01
 -1      9087-1.20639E+00 1.93894E+01 1.88703E-01
 -1      9088-1.16970E+00 1.93856E+01 1.73237E-01
 -1      9093 1.20249E+00 1.06363E+01 6.01788E-02
 -1      9094 1.16775E+00 1.06333E+01 7.97912E-02
 -1      9095 1.19751E+00 1.06254E+01 1.31294E-01
 -1      9096 1.23225E+00 1.06284E+01 1.11682E-01
 -1      9101 1.20244E+00 1.12670E+01 1.57052E-01
 -1      9102 1.16773E+00 1.12640E+01 1.76696E-01
 -1      9103 1.19756E+00 1.12560E+01 2.28143E-01
 -1      9104 1.23227E+00 1.12590E+01 2.08499E-01
 -1      9109 1.20238E+00 1.18973E+01 2.56138E-01
 -1      9110 1.16770E+00 1.18942E+01 2.75835E-01
 -1      9111 1.19762E+00 1.18860E+01 3.27191E-01
 -1      9112 1.23230E+00 1.18891E+01 3.07494E-01
 -1      9117 1.20228E+00 1.25271E+01 3.58435E-01
 -1      9118 1.16766E+00 1.25238E+01 3.78203E-01
 -1      9119 1.19772E+00 1.25153E+01 4.29433E-01
 -1      9120 1.23234E+00 1.25186E+01 4.09665E-01
 -1      9125 1.20216E+00 1.31561E+01 4.64816E-01
 -1      9126 1.16761E+00 1.31526E+01 4.84671E-01
 -1      9127 1.19784E+00 1.31438E+01 5.35743E-01
 -1      9128 1.23239E+00 1.31472E+01 5.15888E-01
 -1      9133 1.20203E+00 1.37841E+01 5.75998E-01
 -1      9134 1.16755E+00 1.37805E+01 5.95952E-01
 -1      9135 1.19797E+00 1.37713E+01 6.46838E-01
 -1      9136 1.23245E+00 1.37749E+01 6.26884E-01
 -1      9141 1.20188E+00 1.44112E+01 6.92512E-01
 -1      9142 1.16749E+00 1.44073E+01 7.12575E-01
 -1      9143 1.19812E+00 1.43977E+01 7.63253E-01
 -1      9144 1.23251E+00 1.44015E+01 7.43189E-01
 -1      9149 1.20172E+00 1.50371E+01 8.14685E-01
 -1      9150 1.16742E+00 1.50330E+01 8.34862E-01
 -1      9151 1.19828E+00 1.50229E+01 8.85315E-01
 -1      9152 1.23258E+00 1.50270E+01 8.65138E-01
 -1      9157 1.20155E+00 1.56618E+01 9.42626E-01
 -1      9158 1.16735E+00 1.56576E+01 9.62918E-01
 -1      9159 1.19845E+00 1.56470E+01 1.01314E+00
 -1      9160 1.23265E+00 1.56513E+01 9.92846E-01
 -1      9165 1.20139E+00 1.62854E+01 1.07622E+00
 -1      9166 1.16728E+00 1.62810E+01 1.09663E+00
 -1      9167 1.19861E+00 1.62700E+01 1.14661E+00
 -1      9168 1.23272E+00 1.62745E+01 1.12621E+00
 -1      9173 1.20124E+00 1.69079E+01 1.21514E+00
 -1      9174 1.16721E+00 1.69033E+01 1.23565E+00
 -1      9175 1.19876E+00 1.68920E+01 1.28542E+00
 -1      9176 1.23279E+00 1.68966E+01 1.26491E+00
 -1      9181 1.20110E+00 1.75294E+01 1.35885E+00
 -1      9182 1.16716E+00 1.75246E+01 1.37945E+00
 -1      9183 1.19890E+00 1.75130E+01 1.42902E+00
 -1      9184 1.23284E+00 1.75178E+01 1.40842E+00
 -1      9189 1.20099E+00 1.81501E+01 1.50662E+00
 -1      9190 1.16711E+00 1.81451E+01 1.52730E+00
 -1      9191 1.19901E+00 1.81332E+01 1.57670E+00
 -1      9192 1.23289E+00 1.81382E+01 1.55603E+00
 -1      9197 1.20091E+00 1.87701E+01 1.65759E+00
 -1      9198 1.16708E+00 1.87650E+01 1.67832E+00
 -1      9199 1.19909E+00 1.87529E+01 1.72760E+00
 -1      9200 1.23292E+00 1.87580E+01 1.70687E+00
 -1      9205 1.20085E+00 1.93895E+01 1.81075E+00
 -1      9206 1.16706E+00 1.93844E+01 1.83152E+00
 -1      9207 1.19915E+00 1.93722E+01 1.88072E+00
 -1      9208 1.23294E+00 1.93773E+01 1.85996E+00
 -1      9213 1.20581E+00 1.06255E+01 1.86909E+00
 -1      9214 1.16939E+00 1.06280E+01 1.88543E+00
 -1      9215 1.19419E+00 1.06362E+01 1.93944E+00
 -1      9216 1.23061E+00 1.06337E+01 1.92310E+00
 -1      9221 1.20583E+00 1.12560E+01 1.77224E+00
 -1      9222 1.16940E+00 1.12586E+01 1.78856E+00
 -1      9223 1.19417E+00 1.12669E+01 1.84256E+00
 -1      9224 1.23060E+00 1.12644E+01 1.82625E+00
 -1      9229 1.20586E+00 1.18861E+01 1.67321E+00
 -1      9230 1.16942E+00 1.18887E+01 1.68948E+00
 -1      9231 1.19414E+00 1.18973E+01 1.74347E+00
 -1      9232 1.23058E+00 1.18947E+01 1.72719E+00
 -1      9237 1.20590E+00 1.25154E+01 1.57098E+00
 -1      9238 1.16944E+00 1.25181E+01 1.58719E+00
 -1      9239 1.19410E+00 1.25270E+01 1.64116E+00
 -1      9240 1.23056E+00 1.25243E+01 1.62494E+00
 -1      9245 1.20595E+00 1.31439E+01 1.46468E+00
 -1      9246 1.16946E+00 1.31467E+01 1.48083E+00
 -1      9247 1.19405E+00 1.31560E+01 1.53476E+00
 -1      9248 1.23054E+00 1.31532E+01 1.51861E+00
 -1      9253 1.20601E+00 1.37714E+01 1.35360E+00
 -1      9254 1.16949E+00 1.37743E+01 1.36967E+00
 -1      9255 1.19399E+00 1.37841E+01 1.42356E+00
 -1      9256 1.23051E+00 1.37811E+01 1.40749E+00
 -1      9261 1.20606E+00 1.43978E+01 1.23720E+00
 -1      9262 1.16952E+00 1.44008E+01 1.25319E+00
 -1      9263 1.19394E+00 1.44111E+01 1.30703E+00
 -1      9264 1.23048E+00 1.44080E+01 1.29105E+00
 -1      9269 1.20612E+00 1.50230E+01 1.11516E+00
 -1      9270 1.16956E+00 1.50262E+01 1.13106E+00
 -1      9271 1.19388E+00 1.50370E+01 1.18484E+00
 -1      9272 1.23044E+00 1.50338E+01 1.16894E+00
 -1      9277 1.20618E+00 1.56471E+01 9.87351E-01
 -1      9278 1.16959E+00 1.56505E+01 1.00316E+00
 -1      9279 1.19382E+00 1.56617E+01 1.05688E+00
 -1      9280 1.23041E+00 1.56584E+01 1.04107E+00
 -1      9285 1.20623E+00 1.62701E+01 8.53889E-01
 -1      9286 1.16962E+00 1.62736E+01 8.69618E-01
 -1      9287 1.19377E+00 1.62853E+01 9.23275E-01
 -1      9288 1.23038E+00 1.62819E+01 9.07546E-01
 -1      9293 1.20628E+00 1.68921E+01 7.15099E-01
 -1      9294 1.16964E+00 1.68956E+01 7.30751E-01
 -1      9295 1.19372E+00 1.69078E+01 7.84342E-01
 -1      9296 1.23036E+00 1.69043E+01 7.68690E-01
 -1      9301 1.20632E+00 1.75131E+01 5.71508E-01
 -1      9302 1.16966E+00 1.75168E+01 5.87093E-01
 -1      9303 1.19368E+00 1.75293E+01 6.40624E-01
 -1      9304 1.23033E+00 1.75257E+01 6.25039E-01
 -1      9309 1.20635E+00 1.81334E+01 4.23831E-01
 -1      9310 1.16968E+00 1.81371E+01 4.39362E-01
 -1      9311 1.19365E+00 1.81500E+01 4.92840E-01
 -1      9312 1.23032E+00 1.81462E+01 4.77309E-01
 -1      9317 1.20638E+00 1.87530E+01 2.72938E-01
 -1      9318 1.16970E+00 1.87568E+01 2.88429E-01
 -1      9319 1.19362E+00 1.87699E+01 3.41867E-01
 -1      9320 1.23030E+00 1.87661E+01 3.26376E-01
 -1      9325 1.20639E+00 1.93723E+01 1.19824E-01
 -1      9326 1.16970E+00 1.93761E+01 1.35290E-01
 -1      9327 1.19361E+00 1.93894E+01 1.88703E-01
 -1      9328 1.23030E+00 1.93856E+01 1.73237E-01
 -1      9333-1.00976E+00 1.06148E+01-3.41978E-02
 -1      9334-1.04684E+00 1.06255E+01-2.36983E-02
 -1      9335-1.03171E+00 1.06212E+01 3.41978E-02
 -1      9336-9.94632E-01 1.06104E+01 2.36983E-02
 -1      9341-8.31684E-01 1.12331E+01-3.42220E-02
 -1      9342-8.68770E-01 1.12437E+01-2.36405E-02
 -1      9343-8.53511E-01 1.12393E+01 3.42220E-02
 -1      9344-8.16425E-01 1.12287E+01 2.36405E-02
 -1      9349-6.55851E-01 1.18520E+01-3.42609E-02
 -1      9350-6.92947E-01 1.18624E+01-2.35466E-02
 -1      9351-6.77477E-01 1.18580E+01 3.42609E-02
 -1      9352-6.40382E-01 1.18476E+01 2.35466E-02
 -1      9357-4.83256E-01 1.24716E+01-3.43124E-02
 -1      9358-5.20364E-01 1.24818E+01-2.34202E-02
 -1      9359-5.04612E-01 1.24775E+01 3.43124E-02
 -1      9360-4.67504E-01 1.24673E+01 2.34202E-02
 -1      9365-3.14767E-01 1.30923E+01-3.43739E-02
 -1      9366-3.51887E-01 1.31022E+01-2.32663E-02
 -1      9367-3.35792E-01 1.30979E+01 3.43739E-02
 -1      9368-2.98672E-01 1.30879E+01 2.32663E-02
 -1      9373-1.51095E-01 1.37141E+01-3.44424E-02
 -1      9374-1.88225E-01 1.37237E+01-2.30909E-02
 -1      9375-1.71741E-01 1.37194E+01 3.44424E-02
 -1      9376-1.34611E-01 1.37098E+01 2.30909E-02
 -1      9381 7.23515E-03 1.43372E+01-3.45146E-02
 -1      9382-2.99016E-02 1.43464E+01-2.29007E-02
 -1      9383-1.29996E-02 1.43422E+01 3.45146E-02
 -1      9384 2.41372E-02 1.43329E+01 2.29007E-02
 -1      9389 1.59902E-01 1.49616E+01-3.45875E-02
 -1      9390 1.22763E-01 1.49705E+01-2.27031E-02
 -1      9391 1.40098E-01 1.49664E+01 3.45875E-02
 -1      9392 1.77237E-01 1.49575E+01 2.27031E-02
 -1      9397 3.06805E-01 1.55875E+01-3.46581E-02
 -1      9398 2.69668E-01 1.55960E+01-2.25060E-02
 -1      9399 2.87431E-01 1.55919E+01 3.46581E-02
 -1      9400 3.24568E-01 1.55834E+01 2.25060E-02
 -1      9405 4.48061E-01 1.62146E+01-3.47239E-02
 -1      9406 4.10931E-01 1.62229E+01-2.23169E-02
 -1      9407 4.29103E-01 1.62188E+01 3.47239E-02
 -1      9408 4.66233E-01 1.62106E+01 2.23169E-02
 -1      9413 5.84008E-01 1.68431E+01-3.47827E-02
 -1      9414 5.46888E-01 1.68510E+01-2.21431E-02
 -1      9415 5.65433E-01 1.68470E+01 3.47827E-02
 -1      9416 6.02553E-01 1.68391E+01 2.21431E-02
 -1      9421 7.15186E-01 1.74727E+01-3.48328E-02
 -1      9422 6.78077E-01 1.74803E+01-2.19912E-02
 -1      9423 6.96946E-01 1.74764E+01 3.48328E-02
 -1      9424 7.34055E-01 1.74688E+01 2.19912E-02
 -1      9429 8.42318E-01 1.81032E+01-3.48729E-02
 -1      9430 8.05220E-01 1.81106E+01-2.18668E-02
 -1      9431 8.24353E-01 1.81068E+01 3.48729E-02
 -1      9432 8.61451E-01 1.80994E+01 2.18668E-02
 -1      9437 9.66282E-01 1.87345E+01-3.49021E-02
 -1      9438 9.29194E-01 1.87417E+01-2.17746E-02
 -1      9439 9.48523E-01 1.87380E+01 3.49021E-02
 -1      9440 9.85611E-01 1.87307E+01 2.17746E-02
 -1      9445 1.08808E+00 1.93663E+01-3.49199E-02
 -1      9446 1.05100E+00 1.93734E+01-2.17179E-02
 -1      9447 1.07045E+00 1.93697E+01 3.49199E-02
 -1      9448 1.10753E+00 1.93626E+01 2.17179E-02
 -1      9453 1.02022E+00 1.06178E+01-3.60514E-02
 -1      9454 9.88567E-01 1.06087E+01-1.33650E-02
 -1      9455 1.02126E+00 1.06181E+01 3.60514E-02
 -1      9456 1.05291E+00 1.06273E+01 1.33650E-02
 -1      9461 8.42112E-01 1.12361E+01-3.60520E-02
 -1      9462 8.10417E-01 1.12270E+01-1.34002E-02
 -1      9463 8.43083E-01 1.12364E+01 3.60520E-02
 -1      9464 8.74778E-01 1.12454E+01 1.34002E-02
 -1      9469 6.66238E-01 1.18549E+01-3.60528E-02
 -1      9470 6.34467E-01 1.18459E+01-1.34577E-02
 -1      9471 6.67091E-01 1.18551E+01 3.60528E-02
 -1      9472 6.98862E-01 1.18641E+01 1.34577E-02
 -1      9477 4.93588E-01 1.24744E+01-3.60537E-02
 -1      9478 4.61714E-01 1.24657E+01-1.35358E-02
 -1      9479 4.94280E-01 1.24746E+01 3.60537E-02
 -1      9480 5.26154E-01 1.24834E+01 1.35358E-02
 -1      9485 3.25033E-01 1.30950E+01-3.60546E-02
 -1      9486 2.93036E-01 1.30864E+01-1.36319E-02
 -1      9487 3.25526E-01 1.30951E+01 3.60546E-02
 -1      9488 3.57524E-01 1.31037E+01 1.36319E-02
 -1      9493 1.61287E-01 1.37167E+01-3.60553E-02
 -1      9494 1.29149E-01 1.37084E+01-1.37428E-02
 -1      9495 1.61549E-01 1.37168E+01 3.60553E-02
 -1      9496 1.93687E-01 1.37251E+01 1.37428E-02
 -1      9501 2.87928E-03 1.43397E+01-3.60555E-02
 -1      9502-2.94096E-02 1.43316E+01-1.38647E-02
 -1      9503 2.88514E-03 1.43397E+01 3.60555E-02
 -1      9504 3.51740E-02 1.43478E+01 1.38647E-02
 -1      9509-1.49867E-01 1.49640E+01-3.60553E-02
 -1      9510-1.82312E-01 1.49562E+01-1.39932E-02
 -1      9511-1.50133E-01 1.49640E+01 3.60553E-02
 -1      9512-1.17688E-01 1.49718E+01 1.39932E-02
 -1      9517-2.96847E-01 1.55898E+01-3.60544E-02
 -1      9518-3.29445E-01 1.55822E+01-1.41235E-02
 -1      9519-2.97388E-01 1.55896E+01 3.60544E-02
 -1      9520-2.64790E-01 1.55971E+01 1.41235E-02
 -1      9525-4.38176E-01 1.62168E+01-3.60531E-02
 -1      9526-4.70921E-01 1.62096E+01-1.42503E-02
 -1      9527-4.38988E-01 1.62167E+01 3.60531E-02
 -1      9528-4.06243E-01 1.62239E+01 1.42503E-02
 -1      9533-5.74188E-01 1.68452E+01-3.60514E-02
 -1      9534-6.07066E-01 1.68382E+01-1.43686E-02
 -1      9535-5.75253E-01 1.68450E+01 3.60514E-02
 -1      9536-5.42375E-01 1.68519E+01 1.43686E-02
 -1      9541-7.05421E-01 1.74747E+01-3.60495E-02
 -1      9542-7.38415E-01 1.74679E+01-1.44733E-02
 -1      9543-7.06711E-01 1.74744E+01 3.60495E-02
 -1      9544-6.73717E-01 1.74812E+01 1.44733E-02
 -1      9549-8.32597E-01 1.81051E+01-3.60476E-02
 -1      9550-8.65685E-01 1.80986E+01-1.45600E-02
 -1      9551-8.34074E-01 1.81049E+01 3.60476E-02
 -1      9552-8.00986E-01 1.81114E+01 1.45600E-02
 -1      9557-9.56593E-01 1.87364E+01-3.60461E-02
 -1      9558-9.89751E-01 1.87299E+01-1.46248E-02
 -1      9559-9.58212E-01 1.87361E+01 3.60461E-02
 -1      9560-9.25054E-01 1.87425E+01 1.46248E-02
 -1      9565-1.07841E+00 1.93681E+01-3.60451E-02
 -1      9566-1.11161E+00 1.93618E+01-1.46649E-02
 -1      9567-1.08012E+00 1.93678E+01 3.60451E-02
 -1      9568-1.04692E+00 1.93742E+01 1.46649E-02
 -1      9573-1.00976E+00 1.06148E+01 1.96580E+00
 -1      9574-1.04684E+00 1.06255E+01 1.97630E+00
 -1      9575-1.03171E+00 1.06212E+01 2.03420E+00
 -1      9576-9.94632E-01 1.06104E+01 2.02370E+00
 -1      9581-8.31684E-01 1.12331E+01 1.96578E+00
 -1      9582-8.68770E-01 1.12437E+01 1.97636E+00
 -1      9583-8.53511E-01 1.12393E+01 2.03422E+00
 -1      9584-8.16425E-01 1.12287E+01 2.02364E+00
 -1      9589-6.55851E-01 1.18520E+01 1.96574E+00
 -1      9590-6.92947E-01 1.18624E+01 1.97645E+00
 -1      9591-6.77477E-01 1.18580E+01 2.03426E+00
 -1      9592-6.40382E-01 1.18476E+01 2.02355E+00
 -1      9597-4.83256E-01 1.24716E+01 1.96569E+00
 -1      9598-5.20364E-01 1.24818E+01 1.97658E+00
 -1      9599-5.04612E-01 1.24775E+01 2.03431E+00
 -1      9600-4.67504E-01 1.24673E+01 2.02342E+00
 -1      9605-3.14767E-01 1.30923E+01 1.96563E+00
 -1      9606-3.51887E-01 1.31022E+01 1.97673E+00
 -1      9607-3.35792E-01 1.30979E+01 2.03437E+00
 -1      9608-2.98672E-01 1.30879E+01 2.02327E+00
 -1      9613-1.51095E-01 1.37141E+01 1.96556E+00
 -1      9614-1.88225E-01 1.37237E+01 1.97691E+00
 -1      9615-1.71741E-01 1.37194E+01 2.03444E+00
 -1      9616-1.34611E-01 1.37098E+01 2.02309E+00
 -1      9621 7.23515E-03 1.43372E+01 1.96549E+00
 -1      9622-2.99016E-02 1.43464E+01 1.97710E+00
 -1      9623-1.29996E-02 1.43422E+01 2.03451E+00
 -1      9624 2.41372E-02 1.43329E+01 2.02290E+00
 -1      9629 1.59902E-01 1.49616E+01 1.96541E+00
 -1      9630 1.22763E-01 1.49705E+01 1.97730E+00
 -1      9631 1.40098E-01 1.49664E+01 2.03459E+00
 -1      9632 1.77237E-01 1.49575E+01 2.02270E+00
 -1      9637 3.06805E-01 1.55875E+01 1.96534E+00
 -1      9638 2.69668E-01 1.55960E+01 1.97749E+00
 -1      9639 2.87431E-01 1.55919E+01 2.03466E+00
 -1      9640 3.24568E-01 1.55834E+01 2.02251E+00
 -1      9645 4.48061E-01 1.62146E+01 1.96528E+00
 -1      9646 4.10931E-01 1.62229E+01 1.97768E+00
 -1      9647 4.29103E-01 1.62188E+01 2.03472E+00
 -1      9648 4.66233E-01 1.62106E+01 2.02232E+00
 -1      9653 5.84008E-01 1.68431E+01 1.96522E+00
 -1      9654 5.46888E-01 1.68510E+01 1.97786E+00
 -1      9655 5.65433E-01 1.68470E+01 2.03478E+00
 -1      9656 6.02553E-01 1.68391E+01 2.02214E+00
 -1      9661 7.15186E-01 1.74727E+01 1.96517E+00
 -1      9662 6.78077E-01 1.74803E+01 1.97801E+00
 -1      9663 6.96946E-01 1.74764E+01 2.03483E+00
 -1      9664 7.34055E-01 1.74688E+01 2.02199E+00
 -1      9669 8.42318E-01 1.81032E+01 1.96513E+00
 -1      9670 8.05220E-01 1.81106E+01 1.97813E+00
 -1      9671 8.24353E-01 1.81068E+01 2.03487E+00
 -1      9672 8.61451E-01 1.80994E+01 2.02187E+00
 -1      9677 9.66282E-01 1.87345E+01 1.96510E+00
 -1      9678 9.29194E-01 1.87417E+01 1.97823E+00
 -1      9679 9.48523E-01 1.87380E+01 2.03490E+00
 -1      9680 9.85611E-01 1.87307E+01 2.02177E+00
 -1      9685 1.08808E+00 1.93663E+01 1.96508E+00
 -1      9686 1.05100E+00 1.93734E+01 1.97828E+00
 -1      9687 1.07045E+00 1.93697E+01 2.03492E+00
 -1      9688 1.10753E+00 1.93626E+01 2.02172E+00
 -1      9693 1.02022E+00 1.06178E+01 1.96395E+00
 -1      9694 9.88567E-01 1.06087E+01 1.98663E+00
 -1      9695 1.02126E+00 1.06181E+01 2.03605E+00
 -1      9696 1.05291E+00 1.06273E+01 2.01337E+00
 -1      9701 8.42112E-01 1.12361E+01 1.96395E+00
 -1      9702 8.10417E-01 1.12270E+01 1.98660E+00
 -1      9703 8.43083E-01 1.12364E+01 2.03605E+00
 -1      9704 8.74778E-01 1.12454E+01 2.01340E+00
 -1      9709 6.66238E-01 1.18549E+01 1.96395E+00
 -1      9710 6.34467E-01 1.18459E+01 1.98654E+00
 -1      9711 6.67091E-01 1.18551E+01 2.03605E+00
 -1      9712 6.98862E-01 1.18641E+01 2.01346E+00
 -1      9717 4.93588E-01 1.24744E+01 1.96395E+00
 -1      9718 4.61714E-01 1.24657E+01 1.98646E+00
 -1      9719 4.94280E-01 1.24746E+01 2.03605E+00
 -1      9720 5.26154E-01 1.24834E+01 2.01354E+00
 -1      9725 3.25033E-01 1.30950E+01 1.96395E+00
 -1      9726 2.93036E-01 1.30864E+01 1.98637E+00
 -1      9727 3.25526E-01 1.30951E+01 2.03605E+00
 -1      9728 3.57524E-01 1.31037E+01 2.01363E+00
 -1      9733 1.61287E-01 1.37167E+01 1.96394E+00
 -1      9734 1.29149E-01 1.37084E+01 1.98626E+00
 -1      9735 1.61549E-01 1.37168E+01 2.03606E+00
 -1      9736 1.93687E-01 1.37251E+01 2.01374E+00
 -1      9741 2.87928E-03 1.43397E+01 1.96394E+00
 -1      9742-2.94096E-02 1.43316E+01 1.98614E+00
 -1      9743 2.88514E-03 1.43397E+01 2.03606E+00
 -1      9744 3.51740E-02 1.43478E+01 2.01386E+00
 -1      9749-1.49867E-01 1.49640E+01 1.96394E+00
 -1      9750-1.82312E-01 1.49562E+01 1.98601E+00
 -1      9751-1.50133E-01 1.49640E+01 2.03606E+00
 -1      9752-1.17688E-01 1.49718E+01 2.01399E+00
 -1      9757-2.96847E-01 1.55898E+01 1.96395E+00
 -1      9758-3.29445E-01 1.55822E+01 1.98588E+00
 -1      9759-2.97388E-01 1.55896E+01 2.03605E+00
 -1      9760-2.64790E-01 1.55971E+01 2.01412E+00
 -1      9765-4.38176E-01 1.62168E+01 1.96395E+00
 -1      9766-4.70921E-01 1.62096E+01 1.98575E+00
 -1      9767-4.38988E-01 1.62167E+01 2.03605E+00
 -1      9768-4.06243E-01 1.62239E+01 2.01425E+00
 -1      9773-5.74188E-01 1.68452E+01 1.96395E+00
 -1      9774-6.07066E-01 1.68382E+01 1.98563E+00
 -1      9775-5.75253E-01 1.68450E+01 2.03605E+00
 -1      9776-5.42375E-01 1.68519E+01 2.01437E+00
 -1      9781-7.05421E-01 1.74747E+01 1.96395E+00
 -1      9782-7.38415E-01 1.74679E+01 1.98553E+00
 -1      9783-7.06711E-01 1.74744E+01 2.03605E+00
 -1      9784-6.73717E-01 1.74812E+01 2.01447E+00
 -1      9789-8.32597E-01 1.81051E+01 1.96395E+00
 -1      9790-8.65685E-01 1.80986E+01 1.98544E+00
 -1      9791-8.34074E-01 1.81049E+01 2.03605E+00
 -1      9792-8.00986E-01 1.81114E+01 2.01456E+00
 -1      9797-9.56593E-01 1.87364E+01 1.96395E+00
 -1      9798-9.89751E-01 1.87299E+01 1.98538E+00
 -1      9799-9.58212E-01 1.87361E+01 2.03605E+00
 -1      9800-9.25054E-01 1.87425E+01 2.01462E+00
 -1      9805-1.07841E+00 1.93681E+01 1.96395E+00
 -1      9806-1.11161E+00 1.93618E+01 1.98534E+00
 -1      9807-1.08012E+00 1.93678E+01 2.03605E+00
 -1      9808-1.04692E+00 1.93742E+01 2.01466E+00
 -1      9813-1.19751E+00 2.06363E+01 6.01788E-02
 -1      9814-1.23225E+00 2.06333E+01 7.97912E-02
 -1      9815-1.20249E+00 2.06254E+01 1.31294E-01
 -1      9816-1.16775E+00 2.06284E+01 1.11682E-01
 -1      9821-1.19756E+00 2.12670E+01 1.57052E-01
 -1      9822-1.23227E+00 2.12640E+01 1.76696E-01
 -1      9823-1.20244E+00 2.12560E+01 2.28143E-01
 -1      9824-1.16773E+00 2.12590E+01 2.08499E-01
 -1      9829-1.19762E+00 2.18973E+01 2.56138E-01
 -1      9830-1.23230E+00 2.18942E+01 2.75835E-01
 -1      9831-1.20238E+00 2.18860E+01 3.27191E-01
 -1      9832-1.16770E+00 2.18891E+01 3.07494E-01
 -1      9837-1.19772E+00 2.25271E+01 3.58435E-01
 -1      9838-1.23234E+00 2.25238E+01 3.78203E-01
 -1      9839-1.20228E+00 2.25153E+01 4.29433E-01
 -1      9840-1.16766E+00 2.25186E+01 4.09665E-01
 -1      9845-1.19784E+00 2.31561E+01 4.64816E-01
 -1      9846-1.23239E+00 2.31526E+01 4.84671E-01
 -1      9847-1.20216E+00 2.31438E+01 5.35743E-01
 -1      9848-1.16761E+00 2.31472E+01 5.15888E-01
 -1      9853-1.19797E+00 2.37841E+01 5.75998E-01
 -1      9854-1.23245E+00 2.37805E+01 5.95952E-01
 -1      9855-1.20203E+00 2.37713E+01 6.46838E-01
 -1      9856-1.16755E+00 2.37749E+01 6.26884E-01
 -1      9861-1.19812E+00 2.44112E+01 6.92512E-01
 -1      9862-1.23251E+00 2.44073E+01 7.12575E-01
 -1      9863-1.20188E+00 2.43977E+01 7.63253E-01
 -1      9864-1.16749E+00 2.44015E+01 7.43189E-01
 -1      9869-1.19828E+00 2.50371E+01 8.14685E-01
 -1      9870-1.23258E+00 2.50330E+01 8.34862E-01
 -1      9871-1.20172E+00 2.50229E+01 8.85315E-01
 -1      9872-1.16742E+00 2.50270E+01 8.65138E-01
 -1      9877-1.19845E+00 2.56618E+01 9.42626E-01
 -1      9878-1.23265E+00 2.56576E+01 9.62918E-01
 -1      9879-1.20155E+00 2.56470E+01 1.01314E+00
 -1      9880-1.16735E+00 2.56513E+01 9.92846E-01
 -1      9885-1.19861E+00 2.62854E+01 1.07622E+00
 -1      9886-1.23272E+00 2.62810E+01 1.09663E+00
 -1      9887-1.20139E+00 2.62700E+01 1.14661E+00
 -1      9888-1.16728E+00 2.62745E+01 1.12621E+00
 -1      9893-1.19876E+00 2.69079E+01 1.21514E+00
 -1      9894-1.23279E+00 2.69033E+01 1.23565E+00
 -1      9895-1.20124E+00 2.68920E+01 1.28542E+00
 -1      9896-1.16721E+00 2.68966E+01 1.26491E+00
 -1      9901-1.19890E+00 2.75294E+01 1.35885E+00
 -1      9902-1.23284E+00 2.75246E+01 1.37945E+00
 -1      9903-1.20110E+00 2.75130E+01 1.42902E+00
 -1      9904-1.16716E+00 2.75178E+01 1.40842E+00
 -1      9909-1.19901E+00 2.81501E+01 1.50662E+00
 -1      9910-1.23289E+00 2.81451E+01 1.52730E+00
 -1      9911-1.20099E+00 2.81332E+01 1.57670E+00
 -1      9912-1.16711E+00 2.81382E+01 1.55603E+00
 -1      9917-1.19909E+00 2.87701E+01 1.65759E+00
 -1      9918-1.23292E+00 2.87650E+01 1.67832E+00
 -1      9919-1.20091E+00 2.87529E+01 1.72760E+00
 -1      9920-1.16708E+00 2.87580E+01 1.70687E+00
 -1      9925-1.19915E+00 2.93895E+01 1.81075E+00
 -1      9926-1.23294E+00 2.93844E+01 1.83152E+00
 -1      9927-1.20085E+00 2.93722E+01 1.88072E+00
 -1      9928-1.16706E+00 2.93773E+01 1.85996E+00
 -1      9933-1.19419E+00 2.06255E+01 1.86909E+00
 -1      9934-1.23061E+00 2.06280E+01 1.88543E+00
 -1      9935-1.20581E+00 2.06362E+01 1.93944E+00
 -1      9936-1.16939E+00 2.06337E+01 1.92310E+00
 -1      9941-1.19417E+00 2.12560E+01 1.77224E+00
 -1      9942-1.23060E+00 2.12586E+01 1.78856E+00
 -1      9943-1.20583E+00 2.12669E+01 1.84256E+00
 -1      9944-1.16940E+00 2.12644E+01 1.82625E+00
 -1      9949-1.19414E+00 2.18861E+01 1.67321E+00
 -1      9950-1.23058E+00 2.18887E+01 1.68948E+00
 -1      9951-1.20586E+00 2.18973E+01 1.74347E+00
 -1      9952-1.16942E+00 2.18947E+01 1.72719E+00
 -1      9957-1.19410E+00 2.25154E+01 1.57098E+00
 -1      9958-1.23056E+00 2.25181E+01 1.58719E+00
 -1      9959-1.20590E+00 2.25270E+01 1.64116E+00
 -1      9960-1.16944E+00 2.25243E+01 1.62494E+00
 -1      9965-1.19405E+00 2.31439E+01 1.46468E+00
 -1      9966-1.23054E+00 2.31467E+01 1.48083E+00
 -1      9967-1.20595E+00 2.31560E+01 1.53476E+00
 -1      9968-1.16946E+00 2.31532E+01 1.51861E+00
 -1      9973-1.19399E+00 2.37714E+01 1.35360E+00
 -1      9974-1.23051E+00 2.37743E+01 1.36967E+00
 -1      9975-1.20601E+00 2.37841E+01 1.42356E+00
 -1      9976-1.16949E+00 2.37811E+01 1.40749E+00
 -1      9981-1.19394E+00 2.43978E+01 1.23720E+00
 -1      9982-1.23048E+00 2.44008E+01 1.25319E+00
 -1      9983-1.20606E+00 2.44111E+01 1.30703E+00
 -1      9984-1.16952E+00 2.44080E+01 1.29105E+00
 -1      9989-1.19388E+00 2.50230E+01 1.11516E+00
 -1      9990-1.23044E+00 2.50262E+01 1.13106E+00
 -1      9991-1.20612E+00 2.50370E+01 1.18484E+00
 -1      9992-1.16956E+00 2.50338E+01 1.16894E+00
 -1      9997-1.19382E+00 2.56471E+01 9.87351E-01
 -1      9998-1.23041E+00 2.56505E+01 1.00316E+00
 -1      9999-1.20618E+00 2.56617E+01 1.05688E+00
 -1     10000-1.16959E+00 2.56584E+01 1.04107E+00
 -1     10005-1.19377E+00 2.62701E+01 8.53889E-01
 -1     10006-1.23038E+00 2.62736E+01 8.69618E-01
 -1     10007-1.20623E+00 2.62853E+01 9.23275E-01
 -1     10008-1.16962E+00 2.62819E+01 9.07546E-01
 -1     10013-1.19372E+00 2.68921E+01 7.15099E-01
 -1     10014-1.23036E+00 2.68956E+01 7.30751E-01
 -1     10015-1.20628E+00 2.69078E+01 7.84342E-01
 -1     10016-1.16964E+00 2.69043E+01 7.68690E-01
 -1     10021-1.19368E+00 2.75131E+01 5.71508E-01
 -1     10022-1.23033E+00 2.75168E+01 5.87093E-01
 -1     10023-1.20632E+00 2.75293E+01 6.40624E-01
 -1     10024-1.16966E+00 2.75257E+01 6.25039E-01
 -1     10029-1.19365E+00 2.81334E+01 4.23831E-01
 -1     10030-1.23032E+00 2.81371E+01 4.39362E-01
 -1     10031-1.20635E+00 2.81500E+01 4.92840E-01
 -1     10032-1.16968E+00 2.81462E+01 4.77309E-01
 -1     10037-1.19362E+00 2.87530E+01 2.72938E-01
 -1     10038-1.23030E+00 2.87568E+01 2.88429E-01
 -1     10039-1.20638E+00 2.87699E+01 3.41867E-01
 -1     10040-1.16970E+00 2.87661E+01 3.26376E-01
 -1     10045-1.19361E+00 2.93723E+01 1.19824E-01
 -1     10046-1.23030E+00 2.93761E+01 1.35290E-01
 -1     10047-1.20639E+00 2.93894E+01 1.88703E-01
 -1     10048-1.16970E+00 2.93856E+01 1.73237E-01
 -1     10053 1.20249E+00 2.06363E+01 6.01788E-02
 -1     10054 1.16775E+00 2.06333E+01 7.97912E-02
 -1     10055 1.19751E+00 2.06254E+01 1.31294E-01
 -1     10056 1.23225E+00 2.06284E+01 1.11682E-01
 -1     10061 1.20244E+00 2.12670E+01 1.57052E-01
 -1     10062 1.16773E+00 2.12640E+01 1.76696E-01
 -1     10063 1.19756E+00 2.12560E+01 2.28143E-01
 -1     10064 1.23227E+00 2.12590E+01 2.08499E-01
 -1     10069 1.20238E+00 2.18973E+01 2.56138E-01
 -1     10070 1.16770E+00 2.18942E+01 2.75835E-01
 -1     10071 1.19762E+00 2.18860E+01 3.27191E-01
 -1     10072 1.23230E+00 2.18891E+01 3.07494E-01
 -1     10077 1.20228E+00 2.25271E+01 3.58435E-01
 -1     10078 1.16766E+00 2.25238E+01 3.78203E-01
 -1     10079 1.19772E+00 2.25153E+01 4.29433E-01
 -1     10080 1.23234E+00 2.25186E+01 4.09665E-01
 -1     10085 1.20216E+00 2.31561E+01 4.64816E-01
 -1     10086 1.16761E+00 2.31526E+01 4.84671E-01
 -1     10087 1.19784E+00 2.31438E+01 5.35743E-01
 -1     10088 1.23239E+00 2.31472E+01 5.15888E-01
 -1     10093 1.20203E+00 2.37841E+01 5.75998E-01
 -1     10094 1.16755E+00 2.37805E+01 5.95952E-01
 -1     10095 1.19797E+00 2.37713E+01 6.46838E-01
 -1     10096 1.23245E+00 2.37749E+01 6.26884E-01
 -1     10101 1.20188E+00 2.44112E+01 6.92512E-01
 -1     10102 1.16749E+00 2.44073E+01 7.12575E-01
 -1     10103 1.19812E+00 2.43977E+01 7.63253E-01
 -1     10104 1.23251E+00 2.44015E+01 7.43189E-01
 -1     10109 1.20172E+00 2.50371E+01 8.14685E-01
 -1     10110 1.16742E+00 2.50330E+01 8.34862E-01
 -1     10111 1.19828E+00 2.50229E+01 8.85315E-01
 -1     10112 1.23258E+00 2.50270E+01 8.65138E-01
 -1     10117 1.20155E+00 2.56618E+01 9.42626E-01
 -1     10118 1.16735E+00 2.56576E+01 9.62918E-01
 -1     10119 1.19845E+00 2.56470E+01 1.01314E+00
 -1     10120 1.23265E+00 2.56513E+01 9.92846E-01
 -1     10125 1.20139E+00 2.62854E+01 1.07622E+00
 -1     10126 1.16728E+00 2.62810E+01 1.09663E+00
 -1     10127 1.19861E+00 2.62700E+01 1.14661E+00
 -1     10128 1.23272E+00 2.62745E+01 1.12621E+00
 -1     10133 1.20124E+00 2.69079E+01 1.21514E+00
 -1     10134 1.16721E+00 2.69033E+01 1.23565E+00
 -1     10135 1.19876E+00 2.68920E+01 1.28542E+00
 -1     10136 1.23279E+00 2.68966E+01 1.26491E+00
 -1     10141 1.20110E+00 2.75294E+01 1.35885E+00
 -1     10142 1.16716E+00 2.75246E+01 1.37945E+00
 -1     10143 1.19890E+00 2.75130E+01 1.42902E+00
 -1     10144 1.23284E+00 2.75178E+01 1.40842E+00
 -1     10149 1.20099E+00 2.81501E+01 1.50662E+00
 -1     10150 1.16711E+00 2.81451E+01 1.52730E+00
 -1     10151 1.19901E+00 2.81332E+01 1.57670E+00
 -1     10152 1.23289E+00 2.81382E+01 1.55603E+00
 -1     10157 1.20091E+00 2.87701E+01 1.65759E+00
 -1     10158 1.16708E+00 2.87650E+01 1.67832E+00
 -1     10159 1.19909E+00 2.87529E+01 1.72760E+00
 -1     10160 1.23292E+00 2.87580E+01 1.70687E+00
 -1     10165 1.20085E+00 2.93895E+01 1.81075E+00
 -1     10166 1.16706E+00 2.93844E+01 1.83152E+00
 -1     10167 1.19915E+00 2.93722E+01 1.88072E+00
 -1     10168 1.23294E+00 2.93773E+01 1.85996E+00
 -1     10173 1.20581E+00 2.06255E+01 1.86909E+00
 -1     10174 1.16939E+00 2.06280E+01 1.88543E+00
 -1     10175 1.19419E+00 2.06362E+01 1.93944E+00
 -1     10176 1.23061E+00 2.06337E+01 1.92310E+00
 -1     10181 1.20583E+00 2.12560E+01 1.77224E+00
 -1     10182 1.16940E+00 2.12586E+01 1.78856E+00
 -1     10183 1.19417E+00 2.12669E+01 1.84256E+00
 -1     10184 1.23060E+00 2.12644E+01 1.82625E+00
 -1     10189 1.20586E+00 2.18861E+01 1.67321E+00
 -1     10190 1.16942E+00 2.18887E+01 1.68948E+00
 -1     10191 1.19414E+00 2.18973E+01 1.74347E+00
 -1     10192 1.23058E+00 2.18947E+01 1.72719E+00
 -1     10197 1.20590E+00 2.25154E+01 1.57098E+00
 -1     10198 1.16944E+00 2.25181E+01 1.58719E+00
 -1     10199 1.19410E+00 2.25270E+01 1.64116E+00
 -1     10200 1.23056E+00 2.25243E+01 1.62494E+00
 -1     10205 1.20595E+00 2.31439E+01 1.46468E+00
 -1     10206 1.16946E+00 2.31467E+01 1.48083E+00
 -1     10207 1.19405E+00 2.31560E+01 1.53476E+00
 -1     10208 1.23054E+00 2.31532E+01 1.51861E+00
 -1     10213 1.20601E+00 2.37714E+01 1.35360E+00
 -1     10214 1.16949E+00 2.37743E+01 1.36967E+00
 -1     10215 1.19399E+00 2.37841E+01 1.42356E+00
 -1     10216 1.23051E+00 2.37811E+01 1.40749E+00
 -1     10221 1.20606E+00 2.43978E+01 1.23720E+00
 -1     10222 1.16952E+00 2.44008E+01 1.25319E+00
 -1     10223 1.19394E+00 2.44111E+01 1.30703E+00
 -1     10224 1.23048E+00 2.44080E+01 1.29105E+00
 -1     10229 1.20612E+00 2.50230E+01 1.11516E+00
 -1     10230 1.16956E+00 2.50262E+01 1.13106E+00
 -1     10231 1.19388E+00 2.50370E+01 1.18484E+00
 -1     10232 1.23044E+00 2.50338E+01 1.16894E+00
 -1     10237 1.20618E+00 2.56471E+01 9.87351E-01
 -1     10238 1.16959E+00 2.56505E+01 1.00316E+00
 -1     10239 1.19382E+00 2.56617E+01 1.05688E+00
 -1     10240 1.23041E+00 2.56584E+01 1.04107E+00
 -1     10245 1.20623E+00 2.62701E+01 8.53889E-01
 -1     10246 1.16962E+00 2.62736E+01 8.69618E-01
 -1     10247 1.19377E+00 2.62853E+01 9.23275E-01
 -1     10248 1.23038E+00 2.62819E+01 9.07546E-01
 -1     10253 1.20628E+00 2.68921E+01 7.15099E-01
 -1     10254 1.16964E+00 2.68956E+01 7.30751E-01
 -1     10255 1.19372E+00 2.69078E+01 7.84342E-01
 -1     10256 1.23036E+00 2.69043E+01 7.68690E-01
 -1     10261 1.20632E+00 2.75131E+01 5.71508E-01
 -1     10262 1.16966E+00 2.75168E+01 5.87093E-01
 -1     10263 1.19368E+00 2.75293E+01 6.40624E-01
 -1     10264 1.23033E+00 2.75257E+01 6.25039E-01
 -1     10269 1.20635E+00 2.81334E+01 4.23831E-01
 -1     10270 1.16968E+00 2.81371E+01 4.39362E-01
 -1     10271 1.19365E+00 2.81500E+01 4.92840E-01
 -1     10272 1.23032E+00 2.81462E+01 4.77309E-01
 -1     10277 1.20638E+00 2.87530E+01 2.72938E-01
 -1     10278 1.16970E+00 2.87568E+01 2.88429E-01
 -1     10279 1.19362E+00 2.87699E+01 3.41867E-01
 -1     10280 1.23030E+00 2.87661E+01 3.26376E-01
 -1     10285 1.20639E+00 2.93723E+01 1.19824E-01
 -1     10286 1.16970E+00 2.93761E+01 1.35290E-01
 -1     10287 1.19361E+00 2.93894E+01 1.88703E-01
 -1     10288 1.23030E+00 2.93856E+01 1.73237E-01
 -1     10293-1.00976E+00 2.06148E+01-3.41978E-02
 -1     10294-1.04684E+00 2.06255E+01-2.36983E-02
 -1     10295-1.03171E+00 2.06211E+01 3.41978E-02
 -1     10296-9.94632E-01 2.06104E+01 2.36983E-02
 -1     10301-8.31684E-01 2.12331E+01-3.42220E-02
 -1     10302-8.68770E-01 2.12437E+01-2.36405E-02
 -1     10303-8.53511E-01 2.12393E+01 3.42220E-02
 -1     10304-8.16425E-01 2.12287E+01 2.36405E-02
 -1     10309-6.55851E-01 2.18520E+01-3.42609E-02
 -1     10310-6.92947E-01 2.18624E+01-2.35466E-02
 -1     10311-6.77477E-01 2.18580E+01 3.42609E-02
 -1     10312-6.40382E-01 2.18476E+01 2.35466E-02
 -1     10317-4.83256E-01 2.24716E+01-3.43124E-02
 -1     10318-5.20364E-01 2.24818E+01-2.34202E-02
 -1     10319-5.04612E-01 2.24775E+01 3.43124E-02
 -1     10320-4.67504E-01 2.24673E+01 2.34202E-02
 -1     10325-3.14767E-01 2.30923E+01-3.43739E-02
 -1     10326-3.51887E-01 2.31022E+01-2.32663E-02
 -1     10327-3.35792E-01 2.30979E+01 3.43739E-02
 -1     10328-2.98672E-01 2.30879E+01 2.32663E-02
 -1     10333-1.51095E-01 2.37141E+01-3.44424E-02
 -1     10334-1.88225E-01 2.37237E+01-2.30909E-02
 -1     10335-1.71741E-01 2.37194E+01 3.44424E-02
 -1     10336-1.34611E-01 2.37098E+01 2.30909E-02
 -1     10341 7.23515E-03 2.43372E+01-3.45146E-02
 -1     10342-2.99016E-02 2.43464E+01-2.29007E-02
 -1     10343-1.29996E-02 2.43422E+01 3.45146E-02
 -1     10344 2.41372E-02 2.43329E+01 2.29007E-02
 -1     10349 1.59902E-01 2.49616E+01-3.45875E-02
 -1     10350 1.22763E-01 2.49705E+01-2.27031E-02
 -1     10351 1.40098E-01 2.49664E+01 3.45875E-02
 -1     10352 1.77237E-01 2.49575E+01 2.27031E-02
 -1     10357 3.06805E-01 2.55875E+01-3.46581E-02
 -1     10358 2.69668E-01 2.55960E+01-2.25060E-02
 -1     10359 2.87431E-01 2.55919E+01 3.46581E-02
 -1     10360 3.24568E-01 2.55834E+01 2.25060E-02
 -1     10365 4.48061E-01 2.62146E+01-3.47239E-02
 -1     10366 4.10931E-01 2.62229E+01-2.23169E-02
 -1     10367 4.29103E-01 2.62188E+01 3.47239E-02
 -1     10368 4.66233E-01 2.62106E+01 2.23169E-02
 -1     10373 5.84008E-01 2.68431E+01-3.47827E-02
 -1     10374 5.46888E-01 2.68510E+01-2.21431E-02
 -1     10375 5.65433E-01 2.68470E+01 3.47827E-02
 -1     10376 6.02553E-01 2.68391E+01 2.21431E-02
 -1     10381 7.15186E-01 2.74727E+01-3.48328E-02
 -1     10382 6.78077E-01 2.74803E+01-2.19912E-02
 -1     10383 6.96946E-01 2.74764E+01 3.48328E-02
 -1     10384 7.34055E-01 2.74688E+01 2.19912E-02
 -1     10389 8.42318E-01 2.81032E+01-3.48729E-02
 -1     10390 8.05220E-01 2.81106E+01-2.18668E-02
 -1     10391 8.24353E-01 2.81068E+01 3.48729E-02
 -1     10392 8.61451E-01 2.80994E+01 2.18668E-02
 -1     10397 9.66282E-01 2.87345E+01-3.49021E-02
 -1     10398 9.29194E-01 2.87417E+01-2.17746E-02
 -1     10399 9.48523E-01 2.87380E+01 3.49021E-02
 -1     10400 9.85611E-01 2.87307E+01 2.17746E-02
 -1     10405 1.08808E+00 2.93663E+01-3.49199E-02
 -1     10406 1.05100E+00 2.93734E+01-2.17179E-02
 -1     10407 1.07045E+00 2.93697E+01 3.49199E-02
 -1     10408 1.10753E+00 2.93626E+01 2.17179E-02
 -1     10413 1.02022E+00 2.06178E+01-3.60514E-02
 -1     10414 9.88567E-01 2.06087E+01-1.33650E-02
 -1     10415 1.02126E+00 2.06181E+01 3.60514E-02
 -1     10416 1.05291E+00 2.06273E+01 1.33650E-02
 -1     10421 8.42112E-01 2.12361E+01-3.60520E-02
 -1     10422 8.10417E-01 2.12270E+01-1.34002E-02
 -1     10423 8.43083E-01 2.12364E+01 3.60520E-02
 -1     10424 8.74778E-01 2.12454E+01 1.34002E-02
 -1     10429 6.66238E-01 2.18549E+01-3.60528E-02
 -1     10430 6.34467E-01 2.18459E+01-1.34577E-02
 -1     10431 6.67091E-01 2.18551E+01 3.60528E-02
 -1     10432 6.98862E-01 2.18641E+01 1.34577E-02
 -1     10437 4.93588E-01 2.24744E+01-3.60537E-02
 -1     10438 4.61714E-01 2.24657E+01-1.35358E-02
 -1     10439 4.94280E-01 2.24746E+01 3.60537E-02
 -1     10440 5.26154E-01 2.24834E+01 1.35358E-02
 -1     10445 3.25033E-01 2.30950E+01-3.60546E-02
 -1     10446 2.93036E-01 2.30864E+01-1.36319E-02
 -1     10447 3.25526E-01 2.30951E+01 3.60546E-02
 -1     10448 3.57524E-01 2.31037E+01 1.36319E-02
 -1     10453 1.61287E-01 2.37167E+01-3.60553E-02
 -1     10454 1.29149E-01 2.37084E+01-1.37428E-02
 -1     10455 1.61549E-01 2.37168E+01 3.60553E-02
 -1     10456 1.93687E-01 2.37251E+01 1.37428E-02
 -1     10461 2.87928E-03 2.43397E+01-3.60555E-02
 -1     10462-2.94096E-02 2.43316E+01-1.38647E-02
 -1     10463 2.88514E-03 2.43397E+01 3.60555E-02
 -1     10464 3.51740E-02 2.43478E+01 1.38647E-02
 -1     10469-1.49867E-01 2.49640E+01-3.60553E-02
 -1     10470-1.82312E-01 2.49562E+01-1.39932E-02
 -1     10471-1.50133E-01 2.49640E+01 3.60553E-02
 -1     10472-1.17688E-01 2.49718E+01 1.39932E-02
 -1     10477-2.96847E-01 2.55898E+01-3.60544E-02
 -1     10478-3.29445E-01 2.55822E+01-1.41235E-02
 -1     10479-2.97388E-01 2.55896E+01 3.60544E-02
 -1     10480-2.64790E-01 2.55971E+01 1.41235E-02
 -1     10485-4.38176E-01 2.62168E+01-3.60531E-02
 -1     10486-4.70921E-01 2.62096E+01-1.42503E-02
 -1     10487-4.38988E-01 2.62167E+01 3.60531E-02
 -1     10488-4.06243E-01 2.62239E+01 1.42503E-02
 -1     10493-5.74188E-01 2.68452E+01-3.60514E-02
 -1     10494-6.07066E-01 2.68382E+01-1.43686E-02
 -1     10495-5.75253E-01 2.68450E+01 3.60514E-02
 -1     10496-5.42375E-01 2.68519E+01 1.43686E-02
 -1     10501-7.05421E-01 2.74747E+01-3.60495E-02
 -1     10502-7.38415E-01 2.74679E+01-1.44733E-02
 -1     10503-7.06711E-01 2.74744E+01 3.60495E-02
 -1     10504-6.73717E-01 2.74812E+01 1.44733E-02
 -1     10509-8.32597E-01 2.81051E+01-3.60476E-02
 -1     10510-8.65685E-01 2.80986E+01-1.45600E-02
 -1     10511-8.34074E-01 2.81049E+01 3.60476E-02
 -1     10512-8.00986E-01 2.81114E+01 1.45600E-02
 -1     10517-9.56593E-01 2.87364E+01-3.60461E-02
 -1     10518-9.89751E-01 2.87299E+01-1.46248E-02
 -1     10519-9.58212E-01 2.87361E+01 3.60461E-02
 -1     10520-9.25054E-01 2.87425E+01 1.46248E-02
 -1     10525-1.07841E+00 2.93681E+01-3.60451E-02
 -1     10526-1.11161E+00 2.93618E+01-1.46649E-02
 -1     10527-1.08012E+00 2.93678E+01 3.60451E-02
 -1     10528-1.04692E+00 2.93742E+01 1.46649E-02
 -1     10533-1.00976E+00 2.06148E+01 1.96580E+00
 -1     10534-1.04684E+00 2.06255E+01 1.97630E+00
 -1     10535-1.03171E+00 2.06211E+01 2.03420E+00
 -1     10536-9.94632E-01 2.06104E+01 2.02370E+00
 -1     10541-8.31684E-01 2.12331E+01 1.96578E+00
 -1     10542-8.68770E-01 2.12437E+01 1.97636E+00
 -1     10543-8.53511E-01 2.12393E+01 2.03422E+00
 -1     10544-8.16425E-01 2.12287E+01 2.02364E+00
 -1     10549-6.55851E-01 2.18520E+01 1.96574E+00
 -1     10550-6.92947E-01 2.18624E+01 1.97645E+00
 -1     10551-6.77477E-01 2.18580E+01 2.03426E+00
 -1     10552-6.40382E-01 2.18476E+01 2.02355E+00
 -1     10557-4.83256E-01 2.24716E+01 1.96569E+00
 -1     10558-5.20364E-01 2.24818E+01 1.97658E+00
 -1     10559-5.04612E-01 2.24775E+01 2.03431E+00
 -1     10560-4.67504E-01 2.24673E+01 2.02342E+00
 -1     10565-3.14767E-01 2.30923E+01 1.96563E+00
 -1     10566-3.51887E-01 2.31022E+01 1.97673E+00
 -1     10567-3.35792E-01 2.30979E+01 2.03437E+00
 -1     10568-2.98672E-01 2.30879E+01 2.02327E+00
 -1     10573-1.51095E-01 2.37141E+01 1.96556E+00
 -1     10574-1.88225E-01 2.37237E+01 1.97691E+00
 -1     10575-1.71741E-01 2.37194E+01 2.03444E+00
 -1     10576-1.34611E-01 2.37098E+01 2.02309E+00
 -1     10581 7.23515E-03 2.43372E+01 1.96549E+00
 -1     10582-2.99016E-02 2.43464E+01 1.97710E+00
 -1     10583-1.29996E-02 2.43422E+01 2.03451E+00
 -1     10584 2.41372E-02 2.43329E+01 2.02290E+00
 -1     10589 1.59902E-01 2.49616E+01 1.96541E+00
 -1     10590 1.22763E-01 2.49705E+01 1.97730E+00
 -1     10591 1.40098E-01 2.49664E+01 2.03459E+00
 -1     10592 1.77237E-01 2.49575E+01 2.02270E+00
 -1     10597 3.06805E-01 2.55875E+01 1.96534E+00
 -1     10598 2.69668E-01 2.55960E+01 1.97749E+00
 -1     10599 2.87431E-01 2.55919E+01 2.03466E+00
 -1     10600 3.24568E-01 2.55834E+01 2.02251E+00
 -1     10605 4.48061E-01 2.62146E+01 1.96528E+00
 -1     10606 4.10931E-01 2.62229E+01 1.97768E+00
 -1     10607 4.29103E-01 2.62188E+01 2.03472E+00
 -1     10608 4.66233E-01 2.62106E+01 2.02232E+00
 -1     10613 5.84008E-01 2.68431E+01 1.96522E+00
 -1     10614 5.46888E-01 2.68510E+01 1.97786E+00
 -1     10615 5.65433E-01 2.68470E+01 2.03478E+00
 -1     10616 6.02553E-01 2.68391E+01 2.02214E+00
 -1     10621 7.15186E-01 2.74727E+01 1.96517E+00
 -1     10622 6.78077E-01 2.74803E+01 1.97801E+00
 -1     10623 6.96946E-01 2.74764E+01 2.03483E+00
 -1     10624 7.34055E-01 2.74688E+01 2.02199E+00
 -1     10629 8.42318E-01 2.81032E+01 1.96513E+00
 -1     10630 8.05220E-01 2.81106E+01 1.97813E+00
 -1     10631 8.24353E-01 2.81068E+01 2.03487E+00
 -1     10632 8.61451E-01 2.80994E+01 2.02187E+00
 -1     10637 9.66282E-01 2.87345E+01 1.96510E+00
 -1     10638 9.29194E-01 2.87417E+01 1.97823E+00
 -1     10639 9.48523E-01 2.87380E+01 2.03490E+00
 -1     10640 9.85611E-01 2.87307E+01 2.02177E+00
 -1     10645 1.08808E+00 2.93663E+01 1.96508E+00
 -1     10646 1.05100E+00 2.93734E+01 1.97828E+00
 -1     10647 1.07045E+00 2.93697E+01 2.03492E+00
 -1     10648 1.10753E+00 2.93626E+01 2.02172E+00
 -1     10653 1.02022E+00 2.06178E+01 1.96395E+00
 -1     10654 9.88567E-01 2.06087E+01 1.98663E+00
 -1     10655 1.02126E+00 2.06181E+01 2.03605E+00
 -1     10656 1.05291E+00 2.06273E+01 2.01337E+00
 -1     10661 8.42112E-01 2.12361E+01 1.96395E+00
 -1     10662 8.10417E-01 2.12270E+01 1.98660E+00
 -1     10663 8.43083E-01 2.12364E+01 2.03605E+00
 -1     10664 8.74778E-01 2.12454E+01 2.01340E+00
 -1     10669 6.66238E-01 2.18549E+01 1.96395E+00
 -1     10670 6.34467E-01 2.18459E+01 1.98654E+00
 -1     10671 6.67091E-01 2.18551E+01 2.03605E+00
 -1     10672 6.98862E-01 2.18641E+01 2.01346E+00
 -1     10677 4.93588E-01 2.24744E+01 1.96395E+00
 -1     10678 4.61714E-01 2.24657E+01 1.98646E+00
 -1     10679 4.94280E-01 2.24746E+01 2.03605E+00
 -1     10680 5.26154E-01 2.24834E+01 2.01354E+00
 -1     10685 3.25033E-01 2.30950E+01 1.96395E+00
 -1     10686 2.93036E-01 2.30864E+01 1.98637E+00
 -1     10687 3.25526E-01 2.30951E+01 2.03605E+00
 -1     10688 3.57524E-01 2.31037E+01 2.01363E+00
 -1     10693 1.61287E-01 2.37167E+01 1.96394E+00
 -1     10694 1.29149E-01 2.37084E+01 1.98626E+00
 -1     10695 1.61549E-01 2.37168E+01 2.03606E+00
 -1     10696 1.93687E-01 2.37251E+01 2.01374E+00
 -1     10701 2.87928E-03 2.43397E+01 1.96394E+00
 -1     10702-2.94096E-02 2.43316E+01 1.98614E+00
 -1     10703 2.88514E-03 2.43397E+01 2.03606E+00
 -1     10704 3.51740E-02 2.43478E+01 2.01386E+00
 -1     10709-1.49867E-01 2.49640E+01 1.96394E+00
 -1     10710-1.82312E-01 2.49562E+01 1.98601E+00
 -1     10711-1.50133E-01 2.49640E+01 2.03606E+00
 -1     10712-1.17688E-01 2.49718E+01 2.01399E+00
 -1     10717-2.96847E-01 2.55898E+01 1.96395E+00
 -1     10718-3.29445E-01 2.55822E+01 1.98588E+00
 -1     10719-2.97388E-01 2.55896E+01 2.03605E+00
 -1     10720-2.64790E-01 2.55971E+01 2.01412E+00
 -1     10725-4.38176E-01 2.62168E+01 1.96395E+00
 -1     10726-4.70921E-01 2.62096E+01 1.98575E+00
 -1     10727-4.38988E-01 2.62167E+01 2.03605E+00
 -1     10728-4.06243E-01 2.62239E+01 2.01425E+00
 -1     10733-5.74188E-01 2.68452E+01 1.96395E+00
 -1     10734-6.07066E-01 2.68382E+01 1.98563E+00
 -1     10735-5.75253E-01 2.68450E+01 2.03605E+00
 -1     10736-5.42375E-01 2.68519E+01 2.01437E+00
 -1     10741-7.05421E-01 2.74747E+01 1.96395E+00
 -1     10742-7.38415E-01 2.74679E+01 1.98553E+00
 -1     10743-7.06711E-01 2.74744E+01 2.03605E+00
 -1     10744-6.73717E-01 2.74812E+01 2.01447E+00
 -1     10749-8.32597E-01 2.81051E+01 1.96395E+00
 -1     10750-8.65685E-01 2.80986E+01 1.98544E+00
 -1     10751-8.34074E-01 2.81049E+01 2.03605E+00
 -1     10752-8.00986E-01 2.81114E+01 2.01456E+00
 -1     10757-9.56593E-01 2.87364E+01 1.96395E+00
 -1     10758-9.89751E-01 2.87299E+01 1.98538E+00
 -1     10759-9.58212E-01 2.87361E+01 2.03605E+00
 -1     10760-9.25054E-01 2.87425E+01 2.01462E+00
 -1     10765-1.07841E+00 2.93681E+01 1.96395E+00
 -1     10766-1.11161E+00 2.93618E+01 1.98534E+00
 -1     10767-1.08012E+00 2.93678E+01 2.03605E+00
 -1     10768-1.04692E+00 2.93742E+01 2.01466E+00
 -1     10773-1.19751E+00 3.06363E+01 6.01788E-02
 -1     10774-1.23225E+00 3.06333E+01 7.97912E-02
 -1     10775-1.20249E+00 3.06254E+01 1.31294E-01
 -1     10776-1.16775E+00 3.06284E+01 1.11682E-01
 -1     10781-1.19756E+00 3.12670E+01 1.57052E-01
 -1     10782-1.23227E+00 3.12640E+01 1.76696E-01
 -1     10783-1.20244E+00 3.12560E+01 2.28143E-01
 -1     10784-1.16773E+00 3.12590E+01 2.08499E-01
 -1     10789-1.19762E+00 3.18973E+01 2.56138E-01
 -1     10790-1.23230E+00 3.18942E+01 2.75835E-01
 -1     10791-1.20238E+00 3.18860E+01 3.27191E-01
 -1     10792-1.16770E+00 3.18891E+01 3.07494E-01
 -1     10797-1.19772E+00 3.25271E+01 3.58435E-01
 -1     10798-1.23234E+00 3.25238E+01 3.78203E-01
 -1     10799-1.20228E+00 3.25153E+01 4.29433E-01
 -1     10800-1.16766E+00 3.25186E+01 4.09665E-01
 -1     10805-1.19784E+00 3.31561E+01 4.64816E-01
 -1     10806-1.23239E+00 3.31526E+01 4.84671E-01
 -1     10807-1.20216E+00 3.31438E+01 5.35743E-01
 -1     10808-1.16761E+00 3.31472E+01 5.15888E-01
 -1     10813-1.19797E+00 3.37841E+01 5.75998E-01
 -1     10814-1.23245E+00 3.37805E+01 5.95952E-01
 -1     10815-1.20203E+00 3.37713E+01 6.46838E-01
 -1     10816-1.16755E+00 3.37749E+01 6.26884E-01
 -1     10821-1.19812E+00 3.44112E+01 6.92512E-01
 -1     10822-1.23251E+00 3.44073E+01 7.12575E-01
 -1     10823-1.20188E+00 3.43977E+01 7.63253E-01
 -1     10824-1.16749E+00 3.44015E+01 7.43189E-01
 -1     10829-1.19828E+00 3.50371E+01 8.14685E-01
 -1     10830-1.23258E+00 3.50330E+01 8.34862E-01
 -1     10831-1.20172E+00 3.50229E+01 8.85315E-01
 -1     10832-1.16742E+00 3.50270E+01 8.65138E-01
 -1     10837-1.19845E+00 3.56618E+01 9.42626E-01
 -1     10838-1.23265E+00 3.56576E+01 9.62918E-01
 -1     10839-1.20155E+00 3.56470E+01 1.01314E+00
 -1     10840-1.16735E+00 3.56513E+01 9.92846E-01
 -1     10845-1.19861E+00 3.62854E+01 1.07622E+00
 -1     10846-1.23272E+00 3.62810E+01 1.09663E+00
 -1     10847-1.20139E+00 3.62700E+01 1.14661E+00
 -1     10848-1.16728E+00 3.62745E+01 1.12621E+00
 -1     10853-1.19876E+00 3.69079E+01 1.21514E+00
 -1     10854-1.23279E+00 3.69033E+01 1.23565E+00
 -1     10855-1.20124E+00 3.68920E+01 1.28542E+00
 -1     10856-1.16721E+00 3.68966E+01 1.26491E+00
 -1     10861-1.19890E+00 3.75294E+01 1.35885E+00
 -1     10862-1.23284E+00 3.75246E+01 1.37945E+00
 -1     10863-1.20110E+00 3.75130E+01 1.42902E+00
 -1     10864-1.16716E+00 3.75178E+01 1.40842E+00
 -1     10869-1.19901E+00 3.81501E+01 1.50662E+00
 -1     10870-1.23289E+00 3.81451E+01 1.52730E+00
 -1     10871-1.20099E+00 3.81332E+01 1.57670E+00
 -1     10872-1.16711E+00 3.81382E+01 1.55603E+00
 -1     10877-1.19909E+00 3.87701E+01 1.65759E+00
 -1     10878-1.23292E+00 3.87650E+01 1.67832E+00
 -1     10879-1.20091E+00 3.87529E+01 1.72760E+00
 -1     10880-1.16708E+00 3.87580E+01 1.70687E+00
 -1     10885-1.19915E+00 3.93895E+01 1.81075E+00
 -1     10886-1.23294E+00 3.93844E+01 1.83152E+00
 -1     10887-1.20085E+00 3.93722E+01 1.88072E+00
 -1     10888-1.16706E+00 3.93773E+01 1.85996E+00
 -1     10893-1.19419E+00 3.06255E+01 1.86909E+00
 -1     10894-1.23061E+00 3.06280E+01 1.88543E+00
 -1     10895-1.20581E+00 3.06362E+01 1.93944E+00
 -1     10896-1.16939E+00 3.06337E+01 1.92310E+00
 -1     10901-1.19417E+00 3.12560E+01 1.77224E+00
 -1     10902-1.23060E+00 3.12586E+01 1.78856E+00
 -1     10903-1.20583E+00 3.12669E+01 1.84256E+00
 -1     10904-1.16940E+00 3.12644E+01 1.82625E+00
 -1     10909-1.19414E+00 3.18861E+01 1.67321E+00
 -1     10910-1.23058E+00 3.18887E+01 1.68948E+00
 -1     10911-1.20586E+00 3.18973E+01 1.74347E+00
 -1     10912-1.16942E+00 3.18947E+01 1.72719E+00
 -1     10917-1.19410E+00 3.25154E+01 1.57098E+00
 -1     10918-1.23056E+00 3.25181E+01 1.58719E+00
 -1     10919-1.20590E+00 3.25270E+01 1.64116E+00
 -1     10920-1.16944E+00 3.25243E+01 1.62494E+00
 -1     10925-1.19405E+00 3.31439E+01 1.46468E+00
 -1     10926-1.23054E+00 3.31467E+01 1.48083E+00
 -1     10927-1.20595E+00 3.31560E+01 1.53476E+00
 -1     10928-1.16946E+00 3.31532E+01 1.51861E+00
 -1     10933-1.19399E+00 3.37714E+01 1.35360E+00
 -1     10934-1.23051E+00 3.37743E+01 1.36967E+00
 -1     10935-1.20601E+00 3.37841E+01 1.42356E+00
 -1     10936-1.16949E+00 3.37811E+01 1.40749E+00
 -1     10941-1.19394E+00 3.43978E+01 1.23720E+00
 -1     10942-1.23048E+00 3.44008E+01 1.25319E+00
 -1     10943-1.20606E+00 3.44111E+01 1.30703E+00
 -1     10944-1.16952E+00 3.44080E+01 1.29105E+00
 -1     10949-1.19388E+00 3.50230E+01 1.11516E+00
 -1     10950-1.23044E+00 3.50262E+01 1.13106E+00
 -1     10951-1.20612E+00 3.50370E+01 1.18484E+00
 -1     10952-1.16956E+00 3.50338E+01 1.16894E+00
 -1     10957-1.19382E+00 3.56471E+01 9.87351E-01
 -1     10958-1.23041E+00 3.56505E+01 1.00316E+00
 -1     10959-1.20618E+00 3.56617E+01 1.05688E+00
 -1     10960-1.16959E+00 3.56584E+01 1.04107E+00
 -1     10965-1.19377E+00 3.62701E+01 8.53889E-01
 -1     10966-1.23038E+00 3.62736E+01 8.69618E-01
 -1     10967-1.20623E+00 3.62853E+01 9.23275E-01
 -1     10968-1.16962E+00 3.62819E+01 9.07546E-01
 -1     10973-1.19372E+00 3.68921E+01 7.15099E-01
 -1     10974-1.23036E+00 3.68956E+01 7.30751E-01
 -1     10975-1.20628E+00 3.69078E+01 7.84342E-01
 -1     10976-1.16964E+00 3.69043E+01 7.68690E-01
 -1     10981-1.19368E+00 3.75131E+01 5.71508E-01
 -1     10982-1.23033E+00 3.75168E+01 5.87093E-01
 -1     10983-1.20632E+00 3.75293E+01 6.40624E-01
 -1     10984-1.16966E+00 3.75257E+01 6.25039E-01
 -1     10989-1.19365E+00 3.81334E+01 4.23831E-01
 -1     10990-1.23032E+00 3.81371E+01 4.39362E-01
 -1     10991-1.20635E+00 3.81500E+01 4.92840E-01
 -1     10992-1.16968E+00 3.81462E+01 4.77309E-01
 -1     10997-1.19362E+00 3.87530E+01 2.72938E-01
 -1     10998-1.23030E+00 3.87568E+01 2.88429E-01
 -1     10999-1.20638E+00 3.87699E+01 3.41867E-01
 -1     11000-1.16970E+00 3.87661E+01 3.26376E-01
 -1     11005-1.19361E+00 3.93723E+01 1.19824E-01
 -1     11006-1.23030E+00 3.93761E+01 1.35290E-01
 -1     11007-1.20639E+00 3.93894E+01 1.88703E-01
 -1     11008-1.16970E+00 3.93856E+01 1.73237E-01
 -1     11013 1.20249E+00 3.06363E+01 6.01788E-02
 -1     11014 1.16775E+00 3.06333E+01 7.97912E-02
 -1     11015 1.19751E+00 3.06254E+01 1.31294E-01
 -1     11016 1.23225E+00 3.06284E+01 1.11682E-01
 -1     11021 1.20244E+00 3.12670E+01 1.57052E-01
 -1     11022 1.16773E+00 3.12640E+01 1.76696E-01
 -1     11023 1.19756E+00 3.12560E+01 2.28143E-01
 -1     11024 1.23227E+00 3.12590E+01 2.08499E-01
 -1     11029 1.20238E+00 3.18973E+01 2.56138E-01
 -1     11030 1.16770E+00 3.18942E+01 2.75835E-01
 -1     11031 1.19762E+00 3.18860E+01 3.27191E-01
 -1     11032 1.23230E+00 3.18891E+01 3.07494E-01
 -1     11037 1.20228E+00 3.25271E+01 3.58435E-01
 -1     11038 1.16766E+00 3.25238E+01 3.78203E-01
 -1     11039 1.19772E+00 3.25153E+01 4.29433E-01
 -1     11040 1.23234E+00 3.25186E+01 4.09665E-01
 -1     11045 1.20216E+00 3.31561E+01 4.64816E-01
 -1     11046 1.16761E+00 3.31526E+01 4.84671E-01
 -1     11047 1.19784E+00 3.31438E+01 5.35743E-01
 -1     11048 1.23239E+00 3.31472E+01 5.15888E-01
 -1     11053 1.20203E+00 3.37841E+01 5.75998E-01
 -1     11054 1.16755E+00 3.37805E+01 5.95952E-01
 -1     11055 1.19797E+00 3.37713E+01 6.46838E-01
 -1     11056 1.23245E+00 3.37749E+01 6.26884E-01
 -1     11061 1.20188E+00 3.44112E+01 6.92512E-01
 -1     11062 1.16749E+00 3.44073E+01 7.12575E-01
 -1     11063 1.19812E+00 3.43977E+01 7.63253E-01
 -1     11064 1.23251E+00 3.44015E+01 7.43189E-01
 -1     11069 1.20172E+00 3.50371E+01 8.14685E-01
 -1     11070 1.16742E+00 3.50330E+01 8.34862E-01
 -1     11071 1.19828E+00 3.50229E+01 8.85315E-01
 -1     11072 1.23258E+00 3.50270E+01 8.65138E-01
 -1     11077 1.20155E+00 3.56618E+01 9.42626E-01
 -1     11078 1.16735E+00 3.56576E+01 9.62918E-01
 -1     11079 1.19845E+00 3.56470E+01 1.01314E+00
 -1     11080 1.23265E+00 3.56513E+01 9.92846E-01
 -1     11085 1.20139E+00 3.62854E+01 1.07622E+00
 -1     11086 1.16728E+00 3.62810E+01 1.09663E+00
 -1     11087 1.19861E+00 3.62700E+01 1.14661E+00
 -1     11088 1.23272E+00 3.62745E+01 1.12621E+00
 -1     11093 1.20124E+00 3.69079E+01 1.21514E+00
 -1     11094 1.16721E+00 3.69033E+01 1.23565E+00
 -1     11095 1.19876E+00 3.68920E+01 1.28542E+00
 -1     11096 1.23279E+00 3.68966E+01 1.26491E+00
 -1     11101 1.20110E+00 3.75294E+01 1.35885E+00
 -1     11102 1.16716E+00 3.75246E+01 1.37945E+00
 -1     11103 1.19890E+00 3.75130E+01 1.42902E+00
 -1     11104 1.23284E+00 3.75178E+01 1.40842E+00
 -1     11109 1.20099E+00 3.81501E+01 1.50662E+00
 -1     11110 1.16711E+00 3.81451E+01 1.52730E+00
 -1     11111 1.19901E+00 3.81332E+01 1.57670E+00
 -1     11112 1.23289E+00 3.81382E+01 1.55603E+00
 -1     11117 1.20091E+00 3.87701E+01 1.65759E+00
 -1     11118 1.16708E+00 3.87650E+01 1.67832E+00
 -1     11119 1.19909E+00 3.87529E+01 1.72760E+00
 -1     11120 1.23292E+00 3.87580E+01 1.70687E+00
 -1     11125 1.20085E+00 3.93895E+01 1.81075E+00
 -1     11126 1.16706E+00 3.93844E+01 1.83152E+00
 -1     11127 1.19915E+00 3.93722E+01 1.88072E+00
 -1     11128 1.23294E+00 3.93773E+01 1.85996E+00
 -1     11133 1.20581E+00 3.06255E+01 1.86909E+00
 -1     11134 1.16939E+00 3.06280E+01 1.88543E+00
 -1     11135 1.19419E+00 3.06362E+01 1.93944E+00
 -1     11136 1.23061E+00 3.06337E+01 1.92310E+00
 -1     11141 1.20583E+00 3.12560E+01 1.77224E+00
 -1     11142 1.16940E+00 3.12586E+01 1.78856E+00
 -1     11143 1.19417E+00 3.12669E+01 1.84256E+00
 -1     11144 1.23060E+00 3.12644E+01 1.82625E+00
 -1     11149 1.20586E+00 3.18861E+01 1.67321E+00
 -1     11150 1.16942E+00 3.18887E+01 1.68948E+00
 -1     11151 1.19414E+00 3.18973E+01 1.74347E+00
 -1     11152 1.23058E+00 3.18947E+01 1.72719E+00
 -1     11157 1.20590E+00 3.25154E+01 1.57098E+00
 -1     11158 1.16944E+00 3.25181E+01 1.58719E+00
 -1     11159 1.19410E+00 3.25270E+01 1.64116E+00
 -1     11160 1.23056E+00 3.25243E+01 1.62494E+00
 -1     11165 1.20595E+00 3.31439E+01 1.46468E+00
 -1     11166 1.16946E+00 3.31467E+01 1.48083E+00
 -1     11167 1.19405E+00 3.31560E+01 1.53476E+00
 -1     11168 1.23054E+00 3.31532E+01 1.51861E+00
 -1     11173 1.20601E+00 3.37714E+01 1.35360E+00
 -1     11174 1.16949E+00 3.37743E+01 1.36967E+00
 -1     11175 1.19399E+00 3.37841E+01 1.42356E+00
 -1     11176 1.23051E+00 3.37811E+01 1.40749E+00
 -1     11181 1.20606E+00 3.43978E+01 1.23720E+00
 -1     11182 1.16952E+00 3.44008E+01 1.25319E+00
 -1     11183 1.19394E+00 3.44111E+01 1.30703E+00
 -1     11184 1.23048E+00 3.44080E+01 1.29105E+00
 -1     11189 1.20612E+00 3.50230E+01 1.11516E+00
 -1     11190 1.16956E+00 3.50262E+01 1.13106E+00
 -1     11191 1.19388E+00 3.50370E+01 1.18484E+00
 -1     11192 1.23044E+00 3.50338E+01 1.16894E+00
 -1     11197 1.20618E+00 3.56471E+01 9.87351E-01
 -1     11198 1.16959E+00 3.56505E+01 1.00316E+00
 -1     11199 1.19382E+00 3.56617E+01 1.05688E+00
 -1     11200 1.23041E+00 3.56584E+01 1.04107E+00
 -1     11205 1.20623E+00 3.62701E+01 8.53889E-01
 -1     11206 1.16962E+00 3.62736E+01 8.69618E-01
 -1     11207 1.19377E+00 3.62853E+01 9.23275E-01
 -1     11208 1.23038E+00 3.62819E+01 9.07546E-01
 -1     11213 1.20628E+00 3.68921E+01 7.15099E-01
 -1     11214 1.16964E+00 3.68956E+01 7.30751E-01
 -1     11215 1.19372E+00 3.69078E+01 7.84342E-01
 -1     11216 1.23036E+00 3.69043E+01 7.68690E-01
 -1     11221 1.20632E+00 3.75131E+01 5.71508E-01
 -1     11222 1.16966E+00 3.75168E+01 5.87093E-01
 -1     11223 1.19368E+00 3.75293E+01 6.40624E-01
 -1     11224 1.23033E+00 3.75257E+01 6.25039E-01
 -1     11229 1.20635E+00 3.81334E+01 4.23831E-01
 -1     11230 1.16968E+00 3.81371E+01 4.39362E-01
 -1     11231 1.19365E+00 3.81500E+01 4.92840E-01
 -1     11232 1.23032E+00 3.81462E+01 4.77309E-01
 -1     11237 1.20638E+00 3.87530E+01 2.72938E-01
 -1     11238 1.16970E+00 3.87568E+01 2.88429E-01
 -1     11239 1.19362E+00 3.87699E+01 3.41867E-01
 -1     11240 1.23030E+00 3.87661E+01 3.26376E-01
 -1     11245 1.20639E+00 3.93723E+01 1.19824E-01
 -1     11246 1.16970E+00 3.93761E+01 1.35290E-01
 -1     11247 1.19361E+00 3.93894E+01 1.88703E-01
 -1     11248 1.23030E+00 3.93856E+01 1.73237E-01
 -1     11253-1.00976E+00 3.06148E+01-3.41978E-02
 -1     11254-1.04684E+00 3.06255E+01-2.36983E-02
 -1     11255-1.03171E+00 3.06211E+01 3.41978E-02
 -1     11256-9.94632E-01 3.06104E+01 2.36983E-02
 -1     11261-8.31684E-01 3.12331E+01-3.42220E-02
 -1     11262-8.68770E-01 3.12437E+01-2.36405E-02
 -1     11263-8.53511E-01 3.12393E+01 3.42220E-02
 -1     11264-8.16425E-01 3.12287E+01 2.36405E-02
 -1     11269-6.55851E-01 3.18520E+01-3.42609E-02
 -1     11270-6.92947E-01 3.18624E+01-2.35466E-02
 -1     11271-6.77477E-01 3.18580E+01 3.42609E-02
 -1     11272-6.40382E-01 3.18476E+01 2.35466E-02
 -1     11277-4.83256E-01 3.24716E+01-3.43124E-02
 -1     11278-5.20364E-01 3.24818E+01-2.34202E-02
 -1     11279-5.04612E-01 3.24775E+01 3.43124E-02
 -1     11280-4.67504E-01 3.24673E+01 2.34202E-02
 -1     11285-3.14767E-01 3.30923E+01-3.43739E-02
 -1     11286-3.51887E-01 3.31022E+01-2.32663E-02
 -1     11287-3.35792E-01 3.30979E+01 3.43739E-02
 -1     11288-2.98672E-01 3.30879E+01 2.32663E-02
 -1     11293-1.51095E-01 3.37141E+01-3.44424E-02
 -1     11294-1.88225E-01 3.37237E+01-2.30909E-02
 -1     11295-1.71741E-01 3.37194E+01 3.44424E-02
 -1     11296-1.34611E-01 3.37098E+01 2.30909E-02
 -1     11301 7.23515E-03 3.43372E+01-3.45146E-02
 -1     11302-2.99016E-02 3.43464E+01-2.29007E-02
 -1     11303-1.29996E-02 3.43422E+01 3.45146E-02
 -1     11304 2.41372E-02 3.43329E+01 2.29007E-02
 -1     11309 1.59902E-01 3.49616E+01-3.45875E-02
 -1     11310 1.22763E-01 3.49705E+01-2.27031E-02
 -1     11311 1.40098E-01 3.49664E+01 3.45875E-02
 -1     11312 1.77237E-01 3.49575E+01 2.27031E-02
 -1     11317 3.06805E-01 3.55875E+01-3.46581E-02
 -1     11318 2.69668E-01 3.55960E+01-2.25060E-02
 -1     11319 2.87431E-01 3.55919E+01 3.46581E-02
 -1     11320 3.24568E-01 3.55834E+01 2.25060E-02
 -1     11325 4.48061E-01 3.62146E+01-3.47239E-02
 -1     11326 4.10931E-01 3.62229E+01-2.23169E-02
 -1     11327 4.29103E-01 3.62188E+01 3.47239E-02
 -1     11328 4.66233E-01 3.62106E+01 2.23169E-02
 -1     11333 5.84008E-01 3.68431E+01-3.47827E-02
 -1     11334 5.46888E-01 3.68510E+01-2.21431E-02
 -1     11335 5.65433E-01 3.68470E+01 3.47827E-02
 -1     11336 6.02553E-01 3.68391E+01 2.21431E-02
 -1     11341 7.15186E-01 3.74727E+01-3.48328E-02
 -1     11342 6.78077E-01 3.74803E+01-2.19912E-02
 -1     11343 6.96946E-01 3.74764E+01 3.48328E-02
 -1     11344 7.34055E-01 3.74688E+01 2.19912E-02
 -1     11349 8.42318E-01 3.81032E+01-3.48729E-02
 -1     11350 8.05220E-01 3.81106E+01-2.18668E-02
 -1     11351 8.24353E-01 3.81068E+01 3.48729E-02
 -1     11352 8.61451E-01 3.80994E+01 2.18668E-02
 -1     11357 9.66282E-01 3.87345E+01-3.49021E-02
 -1     11358 9.29194E-01 3.87417E+01-2.17746E-02
 -1     11359 9.48523E-01 3.87380E+01 3.49021E-02
 -1     11360 9.85611E-01 3.87307E+01 2.17746E-02
 -1     11365 1.08808E+00 3.93663E+01-3.49199E-02
 -1     11366 1.05100E+00 3.93734E+01-2.17179E-02
 -1     11367 1.07045E+00 3.93697E+01 3.49199E-02
 -1     11368 1.10753E+00 3.93626E+01 2.17179E-02
 -1     11373 1.02022E+00 3.06178E+01-3.60514E-02
 -1     11374 9.88567E-01 3.06087E+01-1.33650E-02
 -1     11375 1.02126E+00 3.06181E+01 3.60514E-02
 -1     11376 1.05291E+00 3.06273E+01 1.33650E-02
 -1     11381 8.42112E-01 3.12361E+01-3.60520E-02
 -1     11382 8.10417E-01 3.12270E+01-1.34002E-02
 -1     11383 8.43083E-01 3.12364E+01 3.60520E-02
 -1     11384 8.74778E-01 3.12454E+01 1.34002E-02
 -1     11389 6.66238E-01 3.18549E+01-3.60528E-02
 -1     11390 6.34467E-01 3.18459E+01-1.34577E-02
 -1     11391 6.67091E-01 3.18551E+01 3.60528E-02
 -1     11392 6.98862E-01 3.18641E+01 1.34577E-02
 -1     11397 4.93588E-01 3.24744E+01-3.60537E-02
 -1     11398 4.61714E-01 3.24657E+01-1.35358E-02
 -1     11399 4.94280E-01 3.24746E+01 3.60537E-02
 -1     11400 5.26154E-01 3.24834E+01 1.35358E-02
 -1     11405 3.25033E-01 3.30950E+01-3.60546E-02
 -1     11406 2.93036E-01 3.30864E+01-1.36319E-02
 -1     11407 3.25526E-01 3.30951E+01 3.60546E-02
 -1     11408 3.57524E-01 3.31037E+01 1.36319E-02
 -1     11413 1.61287E-01 3.37167E+01-3.60553E-02
 -1     11414 1.29149E-01 3.37084E+01-1.37428E-02
 -1     11415 1.61549E-01 3.37168E+01 3.60553E-02
 -1     11416 1.93687E-01 3.37251E+01 1.37428E-02
 -1     11421 2.87928E-03 3.43397E+01-3.60555E-02
 -1     11422-2.94096E-02 3.43316E+01-1.38647E-02
 -1     11423 2.88514E-03 3.43397E+01 3.60555E-02
 -1     11424 3.51740E-02 3.43478E+01 1.38647E-02
 -1     11429-1.49867E-01 3.49640E+01-3.60553E-02
 -1     11430-1.82312E-01 3.49562E+01-1.39932E-02
 -1     11431-1.50133E-01 3.49640E+01 3.60553E-02
 -1     11432-1.17688E-01 3.49718E+01 1.39932E-02
 -1     11437-2.96847E-01 3.55898E+01-3.60544E-02
 -1     11438-3.29445E-01 3.55822E+01-1.41235E-02
 -1     11439-2.97388E-01 3.55896E+01 3.60544E-02
 -1     11440-2.64790E-01 3.55971E+01 1.41235E-02
 -1     11445-4.38176E-01 3.62168E+01-3.60531E-02
 -1     11446-4.70921E-01 3.62096E+01-1.42503E-02
 -1     11447-4.38988E-01 3.62167E+01 3.60531E-02
 -1     11448-4.06243E-01 3.62239E+01 1.42503E-02
 -1     11453-5.74188E-01 3.68452E+01-3.60514E-02
 -1     11454-6.07066E-01 3.68382E+01-1.43686E-02
 -1     11455-5.75253E-01 3.68450E+01 3.60514E-02
 -1     11456-5.42375E-01 3.68519E+01 1.43686E-02
 -1     11461-7.05421E-01 3.74747E+01-3.60495E-02
 -1     11462-7.38415E-01 3.74679E+01-1.44733E-02
 -1     11463-7.06711E-01 3.74744E+01 3.60495E-02
 -1     11464-6.73717E-01 3.74812E+01 1.44733E-02
 -1     11469-8.32597E-01 3.81051E+01-3.60476E-02
 -1     11470-8.65685E-01 3.80986E+01-1.45600E-02
 -1     11471-8.34074E-01 3.81049E+01 3.60476E-02
 -1     11472-8.00986E-01 3.81114E+01 1.45600E-02
 -1     11477-9.56593E-01 3.87364E+01-3.60461E-02
 -1     11478-9.89751E-01 3.87299E+01-1.46248E-02
 -1     11479-9.58212E-01 3.87361E+01 3.60461E-02
 -1     11480-9.25054E-01 3.87425E+01 1.46248E-02
 -1     11485-1.07841E+00 3.93681E+01-3.60451E-02
 -1     11486-1.11161E+00 3.93618E+01-1.46649E-02
 -1     11487-1.08012E+00 3.93678E+01 3.60451E-02
 -1     11488-1.04692E+00 3.93742E+01 1.46649E-02
 -1     11493-1.00976E+00 3.06148E+01 1.96580E+00
 -1     11494-1.04684E+00 3.06255E+01 1.97630E+00
 -1     11495-1.03171E+00 3.06211E+01 2.03420E+00
 -1     11496-9.94632E-01 3.06104E+01 2.02370E+00
 -1     11501-8.31684E-01 3.12331E+01 1.96578E+00
 -1     11502-8.68770E-01 3.12437E+01 1.97636E+00
 -1     11503-8.53511E-01 3.12393E+01 2.03422E+00
 -1     11504-8.16425E-01 3.12287E+01 2.02364E+00
 -1     11509-6.55851E-01 3.18520E+01 1.96574E+00
 -1     11510-6.92947E-01 3.18624E+01 1.97645E+00
 -1     11511-6.77477E-01 3.18580E+01 2.03426E+00
 -1     11512-6.40382E-01 3.18476E+01 2.02355E+00
 -1     11517-4.83256E-01 3.24716E+01 1.96569E+00
 -1     11518-5.20364E-01 3.24818E+01 1.97658E+00
 -1     11519-5.04612E-01 3.24775E+01 2.03431E+00
 -1     11520-4.67504E-01 3.24673E+01 2.02342E+00
 -1     11525-3.14767E-01 3.30923E+01 1.96563E+00
 -1     11526-3.51887E-01 3.31022E+01 1.97673E+00
 -1     11527-3.35792E-01 3.30979E+01 2.03437E+00
 -1     11528-2.98672E-01 3.30879E+01 2.02327E+00
 -1     11533-1.51095E-01 3.37141E+01 1.96556E+00
 -1     11534-1.88225E-01 3.37237E+01 1.97691E+00
 -1     11535-1.71741E-01 3.37194E+01 2.03444E+00
 -1     11536-1.34611E-01 3.37098E+01 2.02309E+00
 -1     11541 7.23515E-03 3.43372E+01 1.96549E+00
 -1     11542-2.99016E-02 3.43464E+01 1.97710E+00
 -1     11543-1.29996E-02 3.43422E+01 2.03451E+00
 -1     11544 2.41372E-02 3.43329E+01 2.02290E+00
 -1     11549 1.59902E-01 3.49616E+01 1.96541E+00
 -1     11550 1.22763E-01 3.49705E+01 1.97730E+00
 -1     11551 1.40098E-01 3.49664E+01 2.03459E+00
 -1     11552 1.77237E-01 3.49575E+01 2.02270E+00
 -1     11557 3.06805E-01 3.55875E+01 1.96534E+00
 -1     11558 2.69668E-01 3.55960E+01 1.97749E+00
 -1     11559 2.87431E-01 3.55919E+01 2.03466E+00
 -1     11560 3.24568E-01 3.55834E+01 2.02251E+00
 -1     11565 4.48061E-01 3.62146E+01 1.96528E+00
 -1     11566 4.10931E-01 3.62229E+01 1.97768E+00
 -1     11567 4.29103E-01 3.62188E+01 2.03472E+00
 -1     11568 4.66233E-01 3.62106E+01 2.02232E+00
 -1     11573 5.84008E-01 3.68431E+01 1.96522E+00
 -1     11574 5.46888E-01 3.68510E+01 1.97786E+00
 -1     11575 5.65433E-01 3.68470E+01 2.03478E+00
 -1     11576 6.02553E-01 3.68391E+01 2.02214E+00
 -1     11581 7.15186E-01 3.74727E+01 1.96517E+00
 -1     11582 6.78077E-01 3.74803E+01 1.97801E+00
 -1     11583 6.96946E-01 3.74764E+01 2.03483E+00
 -1     11584 7.34055E-01 3.74688E+01 2.02199E+00
 -1     11589 8.42318E-01 3.81032E+01 1.96513E+00
 -1     11590 8.05220E-01 3.81106E+01 1.97813E+00
 -1     11591 8.24353E-01 3.81068E+01 2.03487E+00
 -1     11592 8.61451E-01 3.80994E+01 2.02187E+00
 -1     11597 9.66282E-01 3.87345E+01 1.96510E+00
 -1     11598 9.29194E-01 3.87417E+01 1.97823E+00
 -1     11599 9.48523E-01 3.87380E+01 2.03490E+00
 -1     11600 9.85611E-01 3.87307E+01 2.02177E+00
 -1     11605 1.08808E+00 3.93663E+01 1.96508E+00
 -1     11606 1.05100E+00 3.93734E+01 1.97828E+00
 -1     11607 1.07045E+00 3.93697E+01 2.03492E+00
 -1     11608 1.10753E+00 3.93626E+01 2.02172E+00
 -1     11613 1.02022E+00 3.06178E+01 1.96395E+00
 -1     11614 9.88567E-01 3.06087E+01 1.98663E+00
 -1     11615 1.02126E+00 3.06181E+01 2.03605E+00
 -1     11616 1.05291E+00 3.06273E+01 2.01337E+00
 -1     11621 8.42112E-01 3.12361E+01 1.96395E+00
 -1     11622 8.10417E-01 3.12270E+01 1.98660E+00
 -1     11623 8.43083E-01 3.12364E+01 2.03605E+00
 -1     11624 8.74778E-01 3.12454E+01 2.01340E+00
 -1     11629 6.66238E-01 3.18549E+01 1.96395E+00
 -1     11630 6.34467E-01 3.18459E+01 1.98654E+00
 -1     11631 6.67091E-01 3.18551E+01 2.03605E+00
 -1     11632 6.98862E-01 3.18641E+01 2.01346E+00
 -1     11637 4.93588E-01 3.24744E+01 1.96395E+00
 -1     11638 4.61714E-01 3.24657E+01 1.98646E+00
 -1     11639 4.94280E-01 3.24746E+01 2.03605E+00
 -1     11640 5.26154E-01 3.24834E+01 2.01354E+00
 -1     11645 3.25033E-01 3.30950E+01 1.96395E+00
 -1     11646 2.93036E-01 3.30864E+01 1.98637E+00
 -1     11647 3.25526E-01 3.30951E+01 2.03605E+00
 -1     11648 3.57524E-01 3.31037E+01 2.01363E+00
 -1     11653 1.61287E-01 3.37167E+01 1.96394E+00
 -1     11654 1.29149E-01 3.37084E+01 1.98626E+00
 -1     11655 1.61549E-01 3.37168E+01 2.03606E+00
 -1     11656 1.93687E-01 3.37251E+01 2.01374E+00
 -1     11661 2.87928E-03 3.43397E+01 1.96394E+00
 -1     11662-2.94096E-02 3.43316E+01 1.98614E+00
 -1     11663 2.88514E-03 3.43397E+01 2.03606E+00
 -1     11664 3.51740E-02 3.43478E+01 2.01386E+00
 -1     11669-1.49867E-01 3.49640E+01 1.96394E+00
 -1     11670-1.82312E-01 3.49562E+01 1.98601E+00
 -1     11671-1.50133E-01 3.49640E+01 2.03606E+00
 -1     11672-1.17688E-01 3.49718E+01 2.01399E+00
 -1     11677-2.96847E-01 3.55898E+01 1.96395E+00
 -1     11678-3.29445E-01 3.55822E+01 1.98588E+00
 -1     11679-2.97388E-01 3.55896E+01 2.03605E+00
 -1     11680-2.64790E-01 3.55971E+01 2.01412E+00
 -1     11685-4.38176E-01 3.62168E+01 1.96395E+00
 -1     11686-4.70921E-01 3.62096E+01 1.98575E+00
 -1     11687-4.38988E-01 3.62167E+01 2.03605E+00
 -1     11688-4.06243E-01 3.62239E+01 2.01425E+00
 -1     11693-5.74188E-01 3.68452E+01 1.96395E+00
 -1     11694-6.07066E-01 3.68382E+01 1.98563E+00
 -1     11695-5.75253E-01 3.68450E+01 2.03605E+00
 -1     11696-5.42375E-01 3.68519E+01 2.01437E+00
 -1     11701-7.05421E-01 3.74747E+01 1.96395E+00
 -1     11702-7.38415E-01 3.74679E+01 1.98553E+00
 -1     11703-7.06711E-01 3.74744E+01 2.03605E+00
 -1     11704-6.73717E-01 3.74812E+01 2.01447E+00
 -1     11709-8.32597E-01 3.81051E+01 1.96395E+00
 -1     11710-8.65685E-01 3.80986E+01 1.98544E+00
 -1     11711-8.34074E-01 3.81049E+01 2.03605E+00
 -1     11712-8.00986E-01 3.81114E+01 2.01456E+00
 -1     11717-9.56593E-01 3.87364E+01 1.96395E+00
 -1     11718-9.89751E-01 3.87299E+01 1.98538E+00
 -1     11719-9.58212E-01 3.87361E+01 2.03605E+00
 -1     11720-9.25054E-01 3.87425E+01 2.01462E+00
 -1     11725-1.07841E+00 3.93681E+01 1.96395E+00
 -1     11726-1.11161E+00 3.93618E+01 1.98534E+00
 -1     11727-1.08012E+00 3.93678E+01 2.03605E+00
 -1     11728-1.04692E+00 3.93742E+01 2.01466E+00
 -1     11733-1.19751E+00 4.06363E+01 6.01788E-02
 -1     11734-1.23225E+00 4.06333E+01 7.97912E-02
 -1     11735-1.20249E+00 4.06254E+01 1.31294E-01
 -1     11736-1.16775E+00 4.06284E+01 1.11682E-01
 -1     11741-1.19756E+00 4.12670E+01 1.57052E-01
 -1     11742-1.23227E+00 4.12640E+01 1.76696E-01
 -1     11743-1.20244E+00 4.12560E+01 2.28143E-01
 -1     11744-1.16773E+00 4.12590E+01 2.08499E-01
 -1     11749-1.19762E+00 4.18973E+01 2.56138E-01
 -1     11750-1.23230E+00 4.18942E+01 2.75835E-01
 -1     11751-1.20238E+00 4.18860E+01 3.27191E-01
 -1     11752-1.16770E+00 4.18891E+01 3.07494E-01
 -1     11757-1.19772E+00 4.25271E+01 3.58435E-01
 -1     11758-1.23234E+00 4.25238E+01 3.78203E-01
 -1     11759-1.20228E+00 4.25153E+01 4.29433E-01
 -1     11760-1.16766E+00 4.25186E+01 4.09665E-01
 -1     11765-1.19784E+00 4.31561E+01 4.64816E-01
 -1     11766-1.23239E+00 4.31526E+01 4.84671E-01
 -1     11767-1.20216E+00 4.31438E+01 5.35743E-01
 -1     11768-1.16761E+00 4.31472E+01 5.15888E-01
 -1     11773-1.19797E+00 4.37841E+01 5.75998E-01
 -1     11774-1.23245E+00 4.37805E+01 5.95952E-01
 -1     11775-1.20203E+00 4.37713E+01 6.46838E-01
 -1     11776-1.16755E+00 4.37749E+01 6.26884E-01
 -1     11781-1.19812E+00 4.44112E+01 6.92512E-01
 -1     11782-1.23251E+00 4.44073E+01 7.12575E-01
 -1     11783-1.20188E+00 4.43977E+01 7.63253E-01
 -1     11784-1.16749E+00 4.44015E+01 7.43189E-01
 -1     11789-1.19828E+00 4.50371E+01 8.14685E-01
 -1     11790-1.23258E+00 4.50330E+01 8.34862E-01
 -1     11791-1.20172E+00 4.50229E+01 8.85315E-01
 -1     11792-1.16742E+00 4.50270E+01 8.65138E-01
 -1     11797-1.19845E+00 4.56618E+01 9.42626E-01
 -1     11798-1.23265E+00 4.56576E+01 9.62918E-01
 -1     11799-1.20155E+00 4.56470E+01 1.01314E+00
 -1     11800-1.16735E+00 4.56513E+01 9.92846E-01
 -1     11805-1.19861E+00 4.62854E+01 1.07622E+00
 -1     11806-1.23272E+00 4.62810E+01 1.09663E+00
 -1     11807-1.20139E+00 4.62700E+01 1.14661E+00
 -1     11808-1.16728E+00 4.62745E+01 1.12621E+00
 -1     11813-1.19876E+00 4.69079E+01 1.21514E+00
 -1     11814-1.23279E+00 4.69033E+01 1.23565E+00
 -1     11815-1.20124E+00 4.68920E+01 1.28542E+00
 -1     11816-1.16721E+00 4.68966E+01 1.26491E+00
 -1     11821-1.19890E+00 4.75294E+01 1.35885E+00
 -1     11822-1.23284E+00 4.75246E+01 1.37945E+00
 -1     11823-1.20110E+00 4.75130E+01 1.42902E+00
 -1     11824-1.16716E+00 4.75178E+01 1.40842E+00
 -1     11829-1.19901E+00 4.81501E+01 1.50662E+00
 -1     11830-1.23289E+00 4.81451E+01 1.52730E+00
 -1     11831-1.20099E+00 4.81332E+01 1.57670E+00
 -1     11832-1.16711E+00 4.81382E+01 1.55603E+00
 -1     11837-1.19909E+00 4.87701E+01 1.65759E+00
 -1     11838-1.23292E+00 4.87650E+01 1.67832E+00
 -1     11839-1.20091E+00 4.87529E+01 1.72760E+00
 -1     11840-1.16708E+00 4.87580E+01 1.70687E+00
 -1     11845-1.19915E+00 4.93895E+01 1.81075E+00
 -1     11846-1.23294E+00 4.93844E+01 1.83152E+00
 -1     11847-1.20085E+00 4.93722E+01 1.88072E+00
 -1     11848-1.16706E+00 4.93773E+01 1.85996E+00
 -1     11853-1.19419E+00 4.06255E+01 1.86909E+00
 -1     11854-1.23061E+00 4.06280E+01 1.88543E+00
 -1     11855-1.20581E+00 4.06362E+01 1.93944E+00
 -1     11856-1.16939E+00 4.06337E+01 1.92310E+00
 -1     11861-1.19417E+00 4.12560E+01 1.77224E+00
 -1     11862-1.23060E+00 4.12586E+01 1.78856E+00
 -1     11863-1.20583E+00 4.12669E+01 1.84256E+00
 -1     11864-1.16940E+00 4.12644E+01 1.82625E+00
 -1     11869-1.19414E+00 4.18861E+01 1.67321E+00
 -1     11870-1.23058E+00 4.18887E+01 1.68948E+00
 -1     11871-1.20586E+00 4.18973E+01 1.74347E+00
 -1     11872-1.16942E+00 4.18947E+01 1.72719E+00
 -1     11877-1.19410E+00 4.25154E+01 1.57098E+00
 -1     11878-1.23056E+00 4.25181E+01 1.58719E+00
 -1     11879-1.20590E+00 4.25270E+01 1.64116E+00
 -1     11880-1.16944E+00 4.25243E+01 1.62494E+00
 -1     11885-1.19405E+00 4.31439E+01 1.46468E+00
 -1     11886-1.23054E+00 4.31467E+01 1.48083E+00
 -1     11887-1.20595E+00 4.31560E+01 1.53476E+00
 -1     11888-1.16946E+00 4.31532E+01 1.51861E+00
 -1     11893-1.19399E+00 4.37714E+01 1.35360E+00
 -1     11894-1.23051E+00 4.37743E+01 1.36967E+00
 -1     11895-1.20601E+00 4.37841E+01 1.42356E+00
 -1     11896-1.16949E+00 4.37811E+01 1.40749E+00
 -1     11901-1.19394E+00 4.43978E+01 1.23720E+00
 -1     11902-1.23048E+00 4.44008E+01 1.25319E+00
 -1     11903-1.20606E+00 4.44111E+01 1.30703E+00
 -1     11904-1.16952E+00 4.44080E+01 1.29105E+00
 -1     11909-1.19388E+00 4.50230E+01 1.11516E+00
 -1     11910-1.23044E+00 4.50262E+01 1.13106E+00
 -1     11911-1.20612E+00 4.50370E+01 1.18484E+00
 -1     11912-1.16956E+00 4.50338E+01 1.16894E+00
 -1     11917-1.19382E+00 4.56471E+01 9.87351E-01
 -1     11918-1.23041E+00 4.56505E+01 1.00316E+00
 -1     11919-1.20618E+00 4.56617E+01 1.05688E+00
 -1     11920-1.16959E+00 4.56584E+01 1.04107E+00
 -1     11925-1.19377E+00 4.62701E+01 8.53889E-01
 -1     11926-1.23038E+00 4.62736E+01 8.69618E-01
 -1     11927-1.20623E+00 4.62853E+01 9.23275E-01
 -1     11928-1.16962E+00 4.62819E+01 9.07546E-01
 -1     11933-1.19372E+00 4.68921E+01 7.15099E-01
 -1     11934-1.23036E+00 4.68956E+01 7.30751E-01
 -1     11935-1.20628E+00 4.69078E+01 7.84342E-01
 -1     11936-1.16964E+00 4.69043E+01 7.68690E-01
 -1     11941-1.19368E+00 4.75131E+01 5.71508E-01
 -1     11942-1.23033E+00 4.75168E+01 5.87093E-01
 -1     11943-1.20632E+00 4.75293E+01 6.40624E-01
 -1     11944-1.16966E+00 4.75257E+01 6.25039E-01
 -1     11949-1.19365E+00 4.81334E+01 4.23831E-01
 -1     11950-1.23032E+00 4.81371E+01 4.39362E-01
 -1     11951-1.20635E+00 4.81500E+01 4.92840E-01
 -1     11952-1.16968E+00 4.81462E+01 4.77309E-01
 -1     11957-1.19362E+00 4.87530E+01 2.72938E-01
 -1     11958-1.23030E+00 4.87568E+01 2.88429E-01
 -1     11959-1.20638E+00 4.87699E+01 3.41867E-01
 -1     11960-1.16970E+00 4.87661E+01 3.26376E-01
 -1     11965-1.19361E+00 4.93723E+01 1.19824E-01
 -1     11966-1.23030E+00 4.93761E+01 1.35290E-01
 -1     11967-1.20639E+00 4.93894E+01 1.88703E-01
 -1     11968-1.16970E+00 4.93856E+01 1.73237E-01
 -1     11973 1.20249E+00 4.06363E+01 6.01788E-02
 -1     11974 1.16775E+00 4.06333E+01 7.97912E-02
 -1     11975 1.19751E+00 4.06254E+01 1.31294E-01
 -1     11976 1.23225E+00 4.06284E+01 1.11682E-01
 -1     11981 1.20244E+00 4.12670E+01 1.57052E-01
 -1     11982 1.16773E+00 4.12640E+01 1.76696E-01
 -1     11983 1.19756E+00 4.12560E+01 2.28143E-01
 -1     11984 1.23227E+00 4.12590E+01 2.08499E-01
 -1     11989 1.20238E+00 4.18973E+01 2.56138E-01
 -1     11990 1.16770E+00 4.18942E+01 2.75835E-01
 -1     11991 1.19762E+00 4.18860E+01 3.27191E-01
 -1     11992 1.23230E+00 4.18891E+01 3.07494E-01
 -1     11997 1.20228E+00 4.25271E+01 3.58435E-01
 -1     11998 1.16766E+00 4.25238E+01 3.78203E-01
 -1     11999 1.19772E+00 4.25153E+01 4.29433E-01
 -1     12000 1.23234E+00 4.25186E+01 4.09665E-01
 -1     12005 1.20216E+00 4.31561E+01 4.64816E-01
 -1     12006 1.16761E+00 4.31526E+01 4.84671E-01
 -1     12007 1.19784E+00 4.31438E+01 5.35743E-01
 -1     12008 1.23239E+00 4.31472E+01 5.15888E-01
 -1     12013 1.20203E+00 4.37841E+01 5.75998E-01
 -1     12014 1.16755E+00 4.37805E+01 5.95952E-01
 -1     12015 1.19797E+00 4.37713E+01 6.46838E-01
 -1     12016 1.23245E+00 4.37749E+01 6.26884E-01
 -1     12021 1.20188E+00 4.44112E+01 6.92512E-01
 -1     12022 1.16749E+00 4.44073E+01 7.12575E-01
 -1     12023 1.19812E+00 4.43977E+01 7.63253E-01
 -1     12024 1.23251E+00 4.44015E+01 7.43189E-01
 -1     12029 1.20172E+00 4.50371E+01 8.14685E-01
 -1     12030 1.16742E+00 4.50330E+01 8.34862E-01
 -1     12031 1.19828E+00 4.50229E+01 8.85315E-01
 -1     12032 1.23258E+00 4.50270E+01 8.65138E-01
 -1     12037 1.20155E+00 4.56618E+01 9.42626E-01
 -1     12038 1.16735E+00 4.56576E+01 9.62918E-01
 -1     12039 1.19845E+00 4.56470E+01 1.01314E+00
 -1     12040 1.23265E+00 4.56513E+01 9.92846E-01
 -1     12045 1.20139E+00 4.62854E+01 1.07622E+00
 -1     12046 1.16728E+00 4.62810E+01 1.09663E+00
 -1     12047 1.19861E+00 4.62700E+01 1.14661E+00
 -1     12048 1.23272E+00 4.62745E+01 1.12621E+00
 -1     12053 1.20124E+00 4.69079E+01 1.21514E+00
 -1     12054 1.16721E+00 4.69033E+01 1.23565E+00
 -1     12055 1.19876E+00 4.68920E+01 1.28542E+00
 -1     12056 1.23279E+00 4.68966E+01 1.26491E+00
 -1     12061 1.20110E+00 4.75294E+01 1.35885E+00
 -1     12062 1.16716E+00 4.75246E+01 1.37945E+00
 -1     12063 1.19890E+00 4.75130E+01 1.42902E+00
 -1     12064 1.23284E+00 4.75178E+01 1.40842E+00
 -1     12069 1.20099E+00 4.81501E+01 1.50662E+00
 -1     12070 1.16711E+00 4.81451E+01 1.52730E+00
 -1     12071 1.19901E+00 4.81332E+01 1.57670E+00
 -1     12072 1.23289E+00 4.81382E+01 1.55603E+00
 -1     12077 1.20091E+00 4.87701E+01 1.65759E+00
 -1     12078 1.16708E+00 4.87650E+01 1.67832E+00
 -1     12079 1.19909E+00 4.87529E+01 1.72760E+00
 -1     12080 1.23292E+00 4.87580E+01 1.70687E+00
 -1     12085 1.20085E+00 4.93895E+01 1.81075E+00
 -1     12086 1.16706E+00 4.93844E+01 1.83152E+00
 -1     12087 1.19915E+00 4.93722E+01 1.88072E+00
 -1     12088 1.23294E+00 4.93773E+01 1.85996E+00
 -1     12093 1.20581E+00 4.06255E+01 1.86909E+00
 -1     12094 1.16939E+00 4.06280E+01 1.88543E+00
 -1     12095 1.19419E+00 4.06362E+01 1.93944E+00
 -1     12096 1.23061E+00 4.06337E+01 1.92310E+00
 -1     12101 1.20583E+00 4.12560E+01 1.77224E+00
 -1     12102 1.16940E+00 4.12586E+01 1.78856E+00
 -1     12103 1.19417E+00 4.12669E+01 1.84256E+00
 -1     12104 1.23060E+00 4.12644E+01 1.82625E+00
 -1     12109 1.20586E+00 4.18861E+01 1.67321E+00
 -1     12110 1.16942E+00 4.18887E+01 1.68948E+00
 -1     12111 1.19414E+00 4.18973E+01 1.74347E+00
 -1     12112 1.23058E+00 4.18947E+01 1.72719E+00
 -1     12117 1.20590E+00 4.25154E+01 1.57098E+00
 -1     12118 1.16944E+00 4.25181E+01 1.58719E+00
 -1     12119 1.19410E+00 4.25270E+01 1.64116E+00
 -1     12120 1.23056E+00 4.25243E+01 1.62494E+00
 -1     12125 1.20595E+00 4.31439E+01 1.46468E+00
 -1     12126 1.16946E+00 4.31467E+01 1.48083E+00
 -1     12127 1.19405E+00 4.31560E+01 1.53476E+00
 -1     12128 1.23054E+00 4.31532E+01 1.51861E+00
 -1     12133 1.20601E+00 4.37714E+01 1.35360E+00
 -1     12134 1.16949E+00 4.37743E+01 1.36967E+00
 -1     12135 1.19399E+00 4.37841E+01 1.42356E+00
 -1     12136 1.23051E+00 4.37811E+01 1.40749E+00
 -1     12141 1.20606E+00 4.43978E+01 1.23720E+00
 -1     12142 1.16952E+00 4.44008E+01 1.25319E+00
 -1     12143 1.19394E+00 4.44111E+01 1.30703E+00
 -1     12144 1.23048E+00 4.44080E+01 1.29105E+00
 -1     12149 1.20612E+00 4.50230E+01 1.11516E+00
 -1     12150 1.16956E+00 4.50262E+01 1.13106E+00
 -1     12151 1.19388E+00 4.50370E+01 1.18484E+00
 -1     12152 1.23044E+00 4.50338E+01 1.16894E+00
 -1     12157 1.20618E+00 4.56471E+01 9.87351E-01
 -1     12158 1.16959E+00 4.56505E+01 1.00316E+00
 -1     12159 1.19382E+00 4.56617E+01 1.05688E+00
 -1     12160 1.23041E+00 4.56584E+01 1.04107E+00
 -1     12165 1.20623E+00 4.62701E+01 8.53889E-01
 -1     12166 1.16962E+00 4.62736E+01 8.69618E-01
 -1     12167 1.19377E+00 4.62853E+01 9.23275E-01
 -1     12168 1.23038E+00 4.62819E+01 9.07546E-01
 -1     12173 1.20628E+00 4.68921E+01 7.15099E-01
 -1     12174 1.16964E+00 4.68956E+01 7.30751E-01
 -1     12175 1.19372E+00 4.69078E+01 7.84342E-01
 -1     12176 1.23036E+00 4.69043E+01 7.68690E-01
 -1     12181 1.20632E+00 4.75131E+01 5.71508E-01
 -1     12182 1.16966E+00 4.75168E+01 5.87093E-01
 -1     12183 1.19368E+00 4.75293E+01 6.40624E-01
 -1     12184 1.23033E+00 4.75257E+01 6.25039E-01
 -1     12189 1.20635E+00 4.81334E+01 4.23831E-01
 -1     12190 1.16968E+00 4.81371E+01 4.39362E-01
 -1     12191 1.19365E+00 4.81500E+01 4.92840E-01
 -1     12192 1.23032E+00 4.81462E+01 4.77309E-01
 -1     12197 1.20638E+00 4.87530E+01 2.72938E-01
 -1     12198 1.16970E+00 4.87568E+01 2.88429E-01
 -1     12199 1.19362E+00 4.87699E+01 3.41867E-01
 -1     12200 1.23030E+00 4.87661E+01 3.26376E-01
 -1     12205 1.20639E+00 4.93723E+01 1.19824E-01
 -1     12206 1.16970E+00 4.93761E+01 1.35290E-01
 -1     12207 1.19361E+00 4.93894E+01 1.88703E-01
 -1     12208 1.23030E+00 4.93856E+01 1.73237E-01
 -1     12213-1.00976E+00 4.06148E+01-3.41978E-02
 -1     12214-1.04684E+00 4.06255E+01-2.36983E-02
 -1     12215-1.03171E+00 4.06212E+01 3.41978E-02
 -1     12216-9.94632E-01 4.06104E+01 2.36983E-02
 -1     12221-8.31684E-01 4.12331E+01-3.42220E-02
 -1     12222-8.68770E-01 4.12437E+01-2.36405E-02
 -1     12223-8.53511E-01 4.12393E+01 3.42220E-02
 -1     12224-8.16425E-01 4.12287E+01 2.36405E-02
 -1     12229-6.55851E-01 4.18520E+01-3.42609E-02
 -1     12230-6.92947E-01 4.18624E+01-2.35466E-02
 -1     12231-6.77477E-01 4.18580E+01 3.42609E-02
 -1     12232-6.40382E-01 4.18476E+01 2.35466E-02
 -1     12237-4.83256E-01 4.24716E+01-3.43124E-02
 -1     12238-5.20364E-01 4.24818E+01-2.34202E-02
 -1     12239-5.04612E-01 4.24775E+01 3.43124E-02
 -1     12240-4.67504E-01 4.24673E+01 2.34202E-02
 -1     12245-3.14767E-01 4.30923E+01-3.43739E-02
 -1     12246-3.51887E-01 4.31022E+01-2.32663E-02
 -1     12247-3.35792E-01 4.30979E+01 3.43739E-02
 -1     12248-2.98672E-01 4.30879E+01 2.32663E-02
 -1     12253-1.51095E-01 4.37141E+01-3.44424E-02
 -1     12254-1.88225E-01 4.37237E+01-2.30909E-02
 -1     12255-1.71741E-01 4.37194E+01 3.44424E-02
 -1     12256-1.34611E-01 4.37098E+01 2.30909E-02
 -1     12261 7.23515E-03 4.43372E+01-3.45146E-02
 -1     12262-2.99016E-02 4.43464E+01-2.29007E-02
 -1     12263-1.29996E-02 4.43422E+01 3.45146E-02
 -1     12264 2.41372E-02 4.43329E+01 2.29007E-02
 -1     12269 1.59902E-01 4.49616E+01-3.45875E-02
 -1     12270 1.22763E-01 4.49705E+01-2.27031E-02
 -1     12271 1.40098E-01 4.49664E+01 3.45875E-02
 -1     12272 1.77237E-01 4.49575E+01 2.27031E-02
 -1     12277 3.06805E-01 4.55875E+01-3.46581E-02
 -1     12278 2.69668E-01 4.55960E+01-2.25060E-02
 -1     12279 2.87431E-01 4.55919E+01 3.46581E-02
 -1     12280 3.24568E-01 4.55834E+01 2.25060E-02
 -1     12285 4.48061E-01 4.62146E+01-3.47239E-02
 -1     12286 4.10931E-01 4.62229E+01-2.23169E-02
 -1     12287 4.29103E-01 4.62188E+01 3.47239E-02
 -1     12288 4.66233E-01 4.62106E+01 2.23169E-02
 -1     12293 5.84008E-01 4.68431E+01-3.47827E-02
 -1     12294 5.46888E-01 4.68510E+01-2.21431E-02
 -1     12295 5.65433E-01 4.68470E+01 3.47827E-02
 -1     12296 6.02553E-01 4.68391E+01 2.21431E-02
 -1     12301 7.15186E-01 4.74727E+01-3.48328E-02
 -1     12302 6.78077E-01 4.74803E+01-2.19912E-02
 -1     12303 6.96946E-01 4.74764E+01 3.48328E-02
 -1     12304 7.34055E-01 4.74688E+01 2.19912E-02
 -1     12309 8.42318E-01 4.81032E+01-3.48729E-02
 -1     12310 8.05220E-01 4.81106E+01-2.18668E-02
 -1     12311 8.24353E-01 4.81068E+01 3.48729E-02
 -1     12312 8.61451E-01 4.80994E+01 2.18668E-02
 -1     12317 9.66282E-01 4.87345E+01-3.49021E-02
 -1     12318 9.29194E-01 4.87417E+01-2.17746E-02
 -1     12319 9.48523E-01 4.87380E+01 3.49021E-02
 -1     12320 9.85611E-01 4.87307E+01 2.17746E-02
 -1     12325 1.08808E+00 4.93663E+01-3.49199E-02
 -1     12326 1.05100E+00 4.93734E+01-2.17179E-02
 -1     12327 1.07045E+00 4.93697E+01 3.49199E-02
 -1     12328 1.10753E+00 4.93626E+01 2.17179E-02
 -1     12333 1.02022E+00 4.06178E+01-3.60514E-02
 -1     12334 9.88567E-01 4.06087E+01-1.33650E-02
 -1     12335 1.02126E+00 4.06181E+01 3.60514E-02
 -1     12336 1.05291E+00 4.06273E+01 1.33650E-02
 -1     12341 8.42112E-01 4.12361E+01-3.60520E-02
 -1     12342 8.10417E-01 4.12270E+01-1.34002E-02
 -1     12343 8.43083E-01 4.12364E+01 3.60520E-02
 -1     12344 8.74778E-01 4.12454E+01 1.34002E-02
 -1     12349 6.66238E-01 4.18549E+01-3.60528E-02
 -1     12350 6.34467E-01 4.18459E+01-1.34577E-02
 -1     12351 6.67091E-01 4.18551E+01 3.60528E-02
 -1     12352 6.98862E-01 4.18641E+01 1.34577E-02
 -1     12357 4.93588E-01 4.24744E+01-3.60537E-02
 -1     12358 4.61714E-01 4.24657E+01-1.35358E-02
 -1     12359 4.94280E-01 4.24746E+01 3.60537E-02
 -1     12360 5.26154E-01 4.24834E+01 1.35358E-02
 -1     12365 3.25033E-01 4.30950E+01-3.60546E-02
 -1     12366 2.93036E-01 4.30864E+01-1.36319E-02
 -1     12367 3.25526E-01 4.30951E+01 3.60546E-02
 -1     12368 3.57524E-01 4.31037E+01 1.36319E-02
 -1     12373 1.61287E-01 4.37167E+01-3.60553E-02
 -1     12374 1.29149E-01 4.37084E+01-1.37428E-02
 -1     12375 1.61549E-01 4.37168E+01 3.60553E-02
 -1     12376 1.93687E-01 4.37251E+01 1.37428E-02
 -1     12381 2.87928E-03 4.43397E+01-3.60555E-02
 -1     12382-2.94096E-02 4.43316E+01-1.38647E-02
 -1     12383 2.88514E-03 4.43397E+01 3.60555E-02
 -1     12384 3.51740E-02 4.43478E+01 1.38647E-02
 -1     12389-1.49867E-01 4.49640E+01-3.60553E-02
 -1     12390-1.82312E-01 4.49562E+01-1.39932E-02
 -1     12391-1.50133E-01 4.49640E+01 3.60553E-02
 -1     12392-1.17688E-01 4.49718E+01 1.39932E-02
 -1     12397-2.96847E-01 4.55898E+01-3.60544E-02
 -1     12398-3.29445E-01 4.55822E+01-1.41235E-02
 -1     12399-2.97388E-01 4.55896E+01 3.60544E-02
 -1     12400-2.64790E-01 4.55971E+01 1.41235E-02
 -1     12405-4.38176E-01 4.62168E+01-3.60531E-02
 -1     12406-4.70921E-01 4.62096E+01-1.42503E-02
 -1     12407-4.38988E-01 4.62167E+01 3.60531E-02
 -1     12408-4.06243E-01 4.62239E+01 1.42503E-02
 -1     12413-5.74188E-01 4.68452E+01-3.60514E-02
 -1     12414-6.07066E-01 4.68382E+01-1.43686E-02
 -1     12415-5.75253E-01 4.68450E+01 3.60514E-02
 -1     12416-5.42375E-01 4.68519E+01 1.43686E-02
 -1     12421-7.05421E-01 4.74747E+01-3.60495E-02
 -1     12422-7.38415E-01 4.74679E+01-1.44733E-02
 -1     12423-7.06711E-01 4.74744E+01 3.60495E-02
 -1     12424-6.73717E-01 4.74812E+01 1.44733E-02
 -1     12429-8.32597E-01 4.81051E+01-3.60476E-02
 -1     12430-8.65685E-01 4.80986E+01-1.45600E-02
 -1     12431-8.34074E-01 4.81049E+01 3.60476E-02
 -1     12432-8.00986E-01 4.81114E+01 1.45600E-02
 -1     12437-9.56593E-01 4.87364E+01-3.60461E-02
 -1     12438-9.89751E-01 4.87299E+01-1.46248E-02
 -1     12439-9.58212E-01 4.87361E+01 3.60461E-02
 -1     12440-9.25054E-01 4.87425E+01 1.46248E-02
 -1     12445-1.07841E+00 4.93681E+01-3.60451E-02
 -1     12446-1.11161E+00 4.93618E+01-1.46649E-02
 -1     12447-1.08012E+00 4.93678E+01 3.60451E-02
 -1     12448-1.04692E+00 4.93742E+01 1.46649E-02
 -1     12453-1.00976E+00 4.06148E+01 1.96580E+00
 -1     12454-1.04684E+00 4.06255E+01 1.97630E+00
 -1     12455-1.03171E+00 4.06212E+01 2.03420E+00
 -1     12456-9.94632E-01 4.06104E+01 2.02370E+00
 -1     12461-8.31684E-01 4.12331E+01 1.96578E+00
 -1     12462-8.68770E-01 4.12437E+01 1.97636E+00
 -1     12463-8.53511E-01 4.12393E+01 2.03422E+00
 -1     12464-8.16425E-01 4.12287E+01 2.02364E+00
 -1     12469-6.55851E-01 4.18520E+01 1.96574E+00
 -1     12470-6.92947E-01 4.18624E+01 1.97645E+00
 -1     12471-6.77477E-01 4.18580E+01 2.03426E+00
 -1     12472-6.40382E-01 4.18476E+01 2.02355E+00
 -1     12477-4.83256E-01 4.24716E+01 1.96569E+00
 -1     12478-5.20364E-01 4.24818E+01 1.97658E+00
 -1     12479-5.04612E-01 4.24775E+01 2.03431E+00
 -1     12480-4.67504E-01 4.24673E+01 2.02342E+00
 -1     12485-3.14767E-01 4.30923E+01 1.96563E+00
 -1     12486-3.51887E-01 4.31022E+01 1.97673E+00
 -1     12487-3.35792E-01 4.30979E+01 2.03437E+00
 -1     12488-2.98672E-01 4.30879E+01 2.02327E+00
 -1     12493-1.51095E-01 4.37141E+01 1.96556E+00
 -1     12494-1.88225E-01 4.37237E+01 1.97691E+00
 -1     12495-1.71741E-01 4.37194E+01 2.03444E+00
 -1     12496-1.34611E-01 4.37098E+01 2.02309E+00
 -1     12501 7.23515E-03 4.43372E+01 1.96549E+00
 -1     12502-2.99016E-02 4.43464E+01 1.97710E+00
 -1     12503-1.29996E-02 4.43422E+01 2.03451E+00
 -1     12504 2.41372E-02 4.43329E+01 2.02290E+00
 -1     12509 1.59902E-01 4.49616E+01 1.96541E+00
 -1     12510 1.22763E-01 4.49705E+01 1.97730E+00
 -1     12511 1.40098E-01 4.49664E+01 2.03459E+00
 -1     12512 1.77237E-01 4.49575E+01 2.02270E+00
 -1     12517 3.06805E-01 4.55875E+01 1.96534E+00
 -1     12518 2.69668E-01 4.55960E+01 1.97749E+00
 -1     12519 2.87431E-01 4.55919E+01 2.03466E+00
 -1     12520 3.24568E-01 4.55834E+01 2.02251E+00
 -1     12525 4.48061E-01 4.62146E+01 1.96528E+00
 -1     12526 4.10931E-01 4.62229E+01 1.97768E+00
 -1     12527 4.29103E-01 4.62188E+01 2.03472E+00
 -1     12528 4.66233E-01 4.62106E+01 2.02232E+00
 -1     12533 5.84008E-01 4.68431E+01 1.96522E+00
 -1     12534 5.46888E-01 4.68510E+01 1.97786E+00
 -1     12535 5.65433E-01 4.68470E+01 2.03478E+00
 -1     12536 6.02553E-01 4.68391E+01 2.02214E+00
 -1     12541 7.15186E-01 4.74727E+01 1.96517E+00
 -1     12542 6.78077E-01 4.74803E+01 1.97801E+00
 -1     12543 6.96946E-01 4.74764E+01 2.03483E+00
 -1     12544 7.34055E-01 4.74688E+01 2.02199E+00
 -1     12549 8.42318E-01 4.81032E+01 1.96513E+00
 -1     12550 8.05220E-01 4.81106E+01 1.97813E+00
 -1     12551 8.24353E-01 4.81068E+01 2.03487E+00
 -1     12552 8.61451E-01 4.80994E+01 2.02187E+00
 -1     12557 9.66282E-01 4.87345E+01 1.96510E+00
 -1     12558 9.29194E-01 4.87417E+01 1.97823E+00
 -1     12559 9.48523E-01 4.87380E+01 2.03490E+00
 -1     12560 9.85611E-01 4.87307E+01 2.02177E+00
 -1     12565 1.08808E+00 4.93663E+01 1.96508E+00
 -1     12566 1.05100E+00 4.93734E+01 1.97828E+00
 -1     12567 1.07045E+00 4.93697E+01 2.03492E+00
 -1     12568 1.10753E+00 4.93626E+01 2.02172E+00
 -1     12573 1.02022E+00 4.06178E+01 1.96395E+00
 -1     12574 9.88567E-01 4.06087E+01 1.98663E+00
 -1     12575 1.02126E+00 4.06181E+01 2.03605E+00
 -1     12576 1.05291E+00 4.06273E+01 2.01337E+00
 -1     12581 8.42112E-01 4.12361E+01 1.96395E+00
 -1     12582 8.10417E-01 4.12270E+01 1.98660E+00
 -1     12583 8.43083E-01 4.12364E+01 2.03605E+00
 -1     12584 8.74778E-01 4.12454E+01 2.01340E+00
 -1     12589 6.66238E-01 4.18549E+01 1.96395E+00
 -1     12590 6.34467E-01 4.18459E+01 1.98654E+00
 -1     12591 6.67091E-01 4.18551E+01 2.03605E+00
 -1     12592 6.98862E-01 4.18641E+01 2.01346E+00
 -1     12597 4.93588E-01 4.24744E+01 1.96395E+00
 -1     12598 4.61714E-01 4.24657E+01 1.98646E+00
 -1     12599 4.94280E-01 4.24746E+01 2.03605E+00
 -1     12600 5.26154E-01 4.24834E+01 2.01354E+00
 -1     12605 3.25033E-01 4.30950E+01 1.96395E+00
 -1     12606 2.93036E-01 4.30864E+01 1.98637E+00
 -1     12607 3.25526E-01 4.30951E+01 2.03605E+00
 -1     12608 3.57524E-01 4.31037E+01 2.01363E+00
 -1     12613 1.61287E-01 4.37167E+01 1.96394E+00
 -1     12614 1.29149E-01 4.37084E+01 1.98626E+00
 -1     12615 1.61549E-01 4.37168E+01 2.03606E+00
 -1     12616 1.93687E-01 4.37251E+01 2.01374E+00
 -1     12621 2.87928E-03 4.43397E+01 1.96394E+00
 -1     12622-2.94096E-02 4.43316E+01 1.98614E+00
 -1     12623 2.88514E-03 4.43397E+01 2.03606E+00
 -1     12624 3.51740E-02 4.43478E+01 2.01386E+00
 -1     12629-1.49867E-01 4.49640E+01 1.96394E+00
 -1     12630-1.82312E-01 4.49562E+01 1.98601E+00
 -1     12631-1.50133E-01 4.49640E+01 2.03606E+00
 -1     12632-1.17688E-01 4.49718E+01 2.01399E+00
 -1     12637-2.96847E-01 4.55898E+01 1.96395E+00
 -1     12638-3.29445E-01 4.55822E+01 1.98588E+00
 -1     12639-2.97388E-01 4.55896E+01 2.03605E+00
 -1     12640-2.64790E-01 4.55971E+01 2.01412E+00
 -1     12645-4.38176E-01 4.62168E+01 1.96395E+00
 -1     12646-4.70921E-01 4.62096E+01 1.98575E+00
 -1     12647-4.38988E-01 4.62167E+01 2.03605E+00
 -1     12648-4.06243E-01 4.62239E+01 2.01425E+00
 -1     12653-5.74188E-01 4.68452E+01 1.96395E+00
 -1     12654-6.07066E-01 4.68382E+01 1.98563E+00
 -1     12655-5.75253E-01 4.68450E+01 2.03605E+00
 -1     12656-5.42375E-01 4.68519E+01 2.01437E+00
 -1     12661-7.05421E-01 4.74747E+01 1.96395E+00
 -1     12662-7.38415E-01 4.74679E+01 1.98553E+00
 -1     12663-7.06711E-01 4.74744E+01 2.03605E+00
 -1     12664-6.73717E-01 4.74812E+01 2.01447E+00
 -1     12669-8.32597E-01 4.81051E+01 1.96395E+00
 -1     12670-8.65685E-01 4.80986E+01 1.98544E+00
 -1     12671-8.34074E-01 4.81049E+01 2.03605E+00
 -1     12672-8.00986E-01 4.81114E+01 2.01456E+00
 -1     12677-9.56593E-01 4.87364E+01 1.96395E+00
 -1     12678-9.89751E-01 4.87299E+01 1.98538E+00
 -1     12679-9.58212E-01 4.87361E+01 2.03605E+00
 -1     12680-9.25054E-01 4.87425E+01 2.01462E+00
 -1     12685-1.07841E+00 4.93681E+01 1.96395E+00
 -1     12686-1.11161E+00 4.93618E+01 1.98534E+00
 -1     12687-1.08012E+00 4.93678E+01 2.03605E+00
 -1     12688-1.04692E+00 4.93742E+01 2.01466E+00
 -3
    3C                          1344                                     1
 -1         1    1    0    1
 -2      1285      2613      2614      1286      1288      2616      2615      1287
 -1         2    1    0    1
 -2      2613      2621      2622      2614      2616      2624      2623      2615
 -1         3    1    0    1
 -2      2621      2629      2630      2622      2624      2632      2631      2623
 -1         4    1    0    1
 -2      2629      2637      2638      2630      2632      2640      2639      2631
 -1         5    1    0    1
 -2      2637      2645      2646      2638      2640      2648      2647      2639
 -1         6    1    0    1
 -2      2645      2653      2654      2646      2648      2656      2655      2647
 -1         7    1    0    1
 -2      2653      2661      2662      2654      2656      2664      2663      2655
 -1         8    1    0    1
 -2      2661      2669      2670      2662      2664      2672      2671      2663
 -1         9    1    0    1
 -2      2669      2677      2678      2670      2672      2680      2679      2671
 -1        10    1    0    1
 -2      2677      2685      2686      2678      2680      2688      2687      2679
 -1        11    1    0    1
 -2      2685      2693      2694      2686      2688      2696      2695      2687
 -1        12    1    0    1
 -2      2693      2701      2702      2694      2696      2704      2703      2695
 -1        13    1    0    1
 -2      2701      2709      2710      2702      2704      2712      2711      2703
 -1        14    1    0    1
 -2      2709      2717      2718      2710      2712      2720      2719      2711
 -1        15    1    0    1
 -2      2717      2725      2726      2718      2720      2728      2727      2719
 -1        16    1    0    1
 -2      2725      1485      1486      2726      2728      1488      1487      2727
 -1        17    1    0    1
 -2      1335      2733      2734      1336      1338      2736      2735      1337
 -1        18    1    0    1
 -2      2733      2741      2742      2734      2736      2744      2743      2735
 -1        19    1    0    1
 -2      2741      2749      2750      2742      2744      2752      2751      2743
 -1        20    1    0    1
 -2      2749      2757      2758      2750      2752      2760      2759      2751
 -1        21    1    0    1
 -2      2757      2765      2766      2758      2760      2768      2767      2759
 -1        22    1    0    1
 -2      2765      2773      2774      2766      2768      2776      2775      2767
 -1        23    1    0    1
 -2      2773      2781      2782      2774      2776      2784      2783      2775
 -1        24    1    0    1
 -2      2781      2789      2790      2782      2784      2792      2791      2783
 -1        25    1    0    1
 -2      2789      2797      2798      2790      2792      2800      2799      2791
 -1        26    1    0    1
 -2      2797      2805      2806      2798      2800      2808      2807      2799
 -1        27    1    0    1
 -2      2805      2813      2814      2806      2808      2816      2815      2807
 -1        28    1    0    1
 -2      2813      2821      2822      2814      2816      2824      2823      2815
 -1        29    1    0    1
 -2      2821      2829      2830      2822      2824      2832      2831      2823
 -1        30    1    0    1
 -2      2829      2837      2838      2830      2832      2840      2839      2831
 -1        31    1    0    1
 -2      2837      2845      2846      2838      2840      2848      2847      2839
 -1        32    1    0    1
 -2      2845      1551      1552      2846      2848      1554      1553      2847
 -1        33    1    0    1
 -2      1385      2853      2854      1386      1388      2856      2855      1387
 -1        34    1    0    1
 -2      2853      2861      2862      2854      2856      2864      2863      2855
 -1        35    1    0    1
 -2      2861      2869      2870      2862      2864      2872      2871      2863
 -1        36    1    0    1
 -2      2869      2877      2878      2870      2872      2880      2879      2871
 -1        37    1    0    1
 -2      2877      2885      2886      2878      2880      2888      2887      2879
 -1        38    1    0    1
 -2      2885      2893      2894      2886      2888      2896      2895      2887
 -1        39    1    0    1
 -2      2893      2901      2902      2894      2896      2904      2903      2895
 -1        40    1    0    1
 -2      2901      2909      2910      2902      2904      2912      2911      2903
 -1        41    1    0    1
 -2      2909      2917      2918      2910      2912      2920      2919      2911
 -1        42    1    0    1
 -2      2917      2925      2926      2918      2920      2928      2927      2919
 -1        43    1    0    1
 -2      2925      2933      2934      2926      2928      2936      2935      2927
 -1        44    1    0    1
 -2      2933      2941      2942      2934      2936      2944      2943      2935
 -1        45    1    0    1
 -2      2941      2949      2950      2942      2944      2952      2951      2943
 -1        46    1    0    1
 -2      2949      2957      2958      2950      2952      2960      2959      2951
 -1        47    1    0    1
 -2      2957      2965      2966      2958      2960      2968      2967      2959
 -1        48    1    0    1
 -2      2965      1601      1602      2966      2968      1604      1603      2967
 -1        49    1    0    1
 -2      1435      2973      2974      1436      1438      2976      2975      1437
 -1        50    1    0    1
 -2      2973      2981      2982      2974      2976      2984      2983      2975
 -1        51    1    0    1
 -2      2981      2989      2990      2982      2984      2992      2991      2983
 -1        52    1    0    1
 -2      2989      2997      2998      2990      2992      3000      2999      2991
 -1        53    1    0    1
 -2      2997      3005      3006      2998      3000      3008      3007      2999
 -1        54    1    0    1
 -2      3005      3013      3014      3006      3008      3016      3015      3007
 -1        55    1    0    1
 -2      3013      3021      3022      3014      3016      3024      3023      3015
 -1        56    1    0    1
 -2      3021      3029      3030      3022      3024      3032      3031      3023
 -1        57    1    0    1
 -2      3029      3037      3038      3030      3032      3040      3039      3031
 -1        58    1    0    1
 -2      3037      3045      3046      3038      3040      3048      3047      3039
 -1        59    1    0    1
 -2      3045      3053      3054      3046      3048      3056      3055      3047
 -1        60    1    0    1
 -2      3053      3061      3062      3054      3056      3064      3063      3055
 -1        61    1    0    1
 -2      3061      3069      3070      3062      3064      3072      3071      3063
 -1        62    1    0    1
 -2      3069      3077      3078      3070      3072      3080      3079      3071
 -1        63    1    0    1
 -2      3077      3085      3086      3078      3080      3088      3087      3079
 -1        64    1    0    1
 -2      3085      1667      1668      3086      3088      1670      1669      3087
 -1        65    1    0    1
 -2      1509      3093      3094      1510      1512      3096      3095      1511
 -1        66    1    0    1
 -2      3093      3101      3102      3094      3096      3104      3103      3095
 -1        67    1    0    1
 -2      3101      3109      3110      3102      3104      3112      3111      3103
 -1        68    1    0    1
 -2      3109      3117      3118      3110      3112      3120      3119      3111
 -1        69    1    0    1
 -2      3117      3125      3126      3118      3120      3128      3127      3119
 -1        70    1    0    1
 -2      3125      3133      3134      3126      3128      3136      3135      3127
 -1        71    1    0    1
 -2      3133      3141      3142      3134      3136      3144      3143      3135
 -1        72    1    0    1
 -2      3141      3149      3150      3142      3144      3152      3151      3143
 -1        73    1    0    1
 -2      3149      3157      3158      3150      3152      3160      3159      3151
 -1        74    1    0    1
 -2      3157      3165      3166      3158      3160      3168      3167      3159
 -1        75    1    0    1
 -2      3165      3173      3174      3166      3168      3176      3175      3167
 -1        76    1    0    1
 -2      3173      3181      3182      3174      3176      3184      3183      3175
 -1        77    1    0    1
 -2      3181      3189      3190      3182      3184      3192      3191      3183
 -1        78    1    0    1
 -2      3189      3197      3198      3190      3192      3200      3199      3191
 -1        79    1    0    1
 -2      3197      3205      3206      3198      3200      3208      3207      3199
 -1        80    1    0    1
 -2      3205      1717      1718      3206      3208      1720      1719      3207
 -1        81    1    0    1
 -2      1551      3213      3214      1552      1554      3216      3215      1553
 -1        82    1    0    1
 -2      3213      3221      3222      3214      3216      3224      3223      3215
 -1        83    1    0    1
 -2      3221      3229      3230      3222      3224      3232      3231      3223
 -1        84    1    0    1
 -2      3229      3237      3238      3230      3232      3240      3239      3231
 -1        85    1    0    1
 -2      3237      3245      3246      3238      3240      3248      3247      3239
 -1        86    1    0    1
 -2      3245      3253      3254      3246      3248      3256      3255      3247
 -1        87    1    0    1
 -2      3253      3261      3262      3254      3256      3264      3263      3255
 -1        88    1    0    1
 -2      3261      3269      3270      3262      3264      3272      3271      3263
 -1        89    1    0    1
 -2      3269      3277      3278      3270      3272      3280      3279      3271
 -1        90    1    0    1
 -2      3277      3285      3286      3278      3280      3288      3287      3279
 -1        91    1    0    1
 -2      3285      3293      3294      3286      3288      3296      3295      3287
 -1        92    1    0    1
 -2      3293      3301      3302      3294      3296      3304      3303      3295
 -1        93    1    0    1
 -2      3301      3309      3310      3302      3304      3312      3311      3303
 -1        94    1    0    1
 -2      3309      3317      3318      3310      3312      3320      3319      3311
 -1        95    1    0    1
 -2      3317      3325      3326      3318      3320      3328      3327      3319
 -1        96    1    0    1
 -2      3325      1783      1784      3326      3328      1786      1785      3327
 -1        97    1    0    1
 -2      1625      3333      3334      1626      1628      3336      3335      1627
 -1        98    1    0    1
 -2      3333      3341      3342      3334      3336      3344      3343      3335
 -1        99    1    0    1
 -2      3341      3349      3350      3342      3344      3352      3351      3343
 -1       100    1    0    1
 -2      3349      3357      3358      3350      3352      3360      3359      3351
 -1       101    1    0    1
 -2      3357      3365      3366      3358      3360      3368      3367      3359
 -1       102    1    0    1
 -2      3365      3373      3374      3366      3368      3376      3375      3367
 -1       103    1    0    1
 -2      3373      3381      3382      3374      3376      3384      3383      3375
 -1       104    1    0    1
 -2      3381      3389      3390      3382      3384      3392      3391      3383
 -1       105    1    0    1
 -2      3389      3397      3398      3390      3392      3400      3399      3391
 -1       106    1    0    1
 -2      3397      3405      3406      3398      3400      3408      3407      3399
 -1       107    1    0    1
 -2      3405      3413      3414      3406      3408      3416      3415      3407
 -1       108    1    0    1
 -2      3413      3421      3422      3414      3416      3424      3423      3415
 -1       109    1    0    1
 -2      3421      3429      3430      3422      3424      3432      3431      3423
 -1       110    1    0    1
 -2      3429      3437      3438      3430      3432      3440      3439      3431
 -1       111    1    0    1
 -2      3437      3445      3446      3438      3440      3448      3447      3439
 -1       112    1    0    1
 -2      3445      1833      1834      3446      3448      1836      1835      3447
 -1       113    1    0    1
 -2      1667      3453      3454      1668      1670      3456      3455      1669
 -1       114    1    0    1
 -2      3453      3461      3462      3454      3456      3464      3463      3455
 -1       115    1    0    1
 -2      3461      3469      3470      3462      3464      3472      3471      3463
 -1       116    1    0    1
 -2      3469      3477      3478      3470      3472      3480      3479      3471
 -1       117    1    0    1
 -2      3477      3485      3486      3478      3480      3488      3487      3479
 -1       118    1    0    1
 -2      3485      3493      3494      3486      3488      3496      3495      3487
 -1       119    1    0    1
 -2      3493      3501      3502      3494      3496      3504      3503      3495
 -1       120    1    0    1
 -2      3501      3509      3510      3502      3504      3512      3511      3503
 -1       121    1    0    1
 -2      3509      3517      3518      3510      3512      3520      3519      3511
 -1       122    1    0    1
 -2      3517      3525      3526      3518      3520      3528      3527      3519
 -1       123    1    0    1
 -2      3525      3533      3534      3526      3528      3536      3535      3527
 -1       124    1    0    1
 -2      3533      3541      3542      3534      3536      3544      3543      3535
 -1       125    1    0    1
 -2      3541      3549      3550      3542      3544      3552      3551      3543
 -1       126    1    0    1
 -2      3549      3557      3558      3550      3552      3560      3559      3551
 -1       127    1    0    1
 -2      3557      3565      3566      3558      3560      3568      3567      3559
 -1       128    1    0    1
 -2      3565      1899      1900      3566      3568      1902      1901      3567
 -1       129    1    0    1
 -2      1741      3573      3574      1742      1744      3576      3575      1743
 -1       130    1    0    1
 -2      3573      3581      3582      3574      3576      3584      3583      3575
 -1       131    1    0    1
 -2      3581      3589      3590      3582      3584      3592      3591      3583
 -1       132    1    0    1
 -2      3589      3597      3598      3590      3592      3600      3599      3591
 -1       133    1    0    1
 -2      3597      3605      3606      3598      3600      3608      3607      3599
 -1       134    1    0    1
 -2      3605      3613      3614      3606      3608      3616      3615      3607
 -1       135    1    0    1
 -2      3613      3621      3622      3614      3616      3624      3623      3615
 -1       136    1    0    1
 -2      3621      3629      3630      3622      3624      3632      3631      3623
 -1       137    1    0    1
 -2      3629      3637      3638      3630      3632      3640      3639      3631
 -1       138    1    0    1
 -2      3637      3645      3646      3638      3640      3648      3647      3639
 -1       139    1    0    1
 -2      3645      3653      3654      3646      3648      3656      3655      3647
 -1       140    1    0    1
 -2      3653      3661      3662      3654      3656      3664      3663      3655
 -1       141    1    0    1
 -2      3661      3669      3670      3662      3664      3672      3671      3663
 -1       142    1    0    1
 -2      3669      3677      3678      3670      3672      3680      3679      3671
 -1       143    1    0    1
 -2      3677      3685      3686      3678      3680      3688      3687      3679
 -1       144    1    0    1
 -2      3685      1949      1950      3686      3688      1952      1951      3687
 -1       145    1    0    1
 -2      1783      3693      3694      1784      1786      3696      3695      1785
 -1       146    1    0    1
 -2      3693      3701      3702      3694      3696      3704      3703      3695
 -1       147    1    0    1
 -2      3701      3709      3710      3702      3704      3712      3711      3703
 -1       148    1    0    1
 -2      3709      3717      3718      3710      3712      3720      3719      3711
 -1       149    1    0    1
 -2      3717      3725      3726      3718      3720      3728      3727      3719
 -1       150    1    0    1
 -2      3725      3733      3734      3726      3728      3736      3735      3727
 -1       151    1    0    1
 -2      3733      3741      3742      3734      3736      3744      3743      3735
 -1       152    1    0    1
 -2      3741      3749      3750      3742      3744      3752      3751      3743
 -1       153    1    0    1
 -2      3749      3757      3758      3750      3752      3760      3759      3751
 -1       154    1    0    1
 -2      3757      3765      3766      3758      3760      3768      3767      3759
 -1       155    1    0    1
 -2      3765      3773      3774      3766      3768      3776      3775      3767
 -1       156    1    0    1
 -2      3773      3781      3782      3774      3776      3784      3783      3775
 -1       157    1    0    1
 -2      3781      3789      3790      3782      3784      3792      3791      3783
 -1       158    1    0    1
 -2      3789      3797      3798      3790      3792      3800      3799      3791
 -1       159    1    0    1
 -2      3797      3805      3806      3798      3800      3808      3807      3799
 -1       160    1    0    1
 -2      3805      2015      2016      3806      3808      2018      2017      3807
 -1       161    1    0    1
 -2      1857      3813      3814      1858      1860      3816      3815      1859
 -1       162    1    0    1
 -2      3813      3821      3822      3814      3816      3824      3823      3815
 -1       163    1    0    1
 -2      3821      3829      3830      3822      3824      3832      3831      3823
 -1       164    1    0    1
 -2      3829      3837      3838      3830      3832      3840      3839      3831
 -1       165    1    0    1
 -2      3837      3845      3846      3838      3840      3848      3847      3839
 -1       166    1    0    1
 -2      3845      3853      3854      3846      3848      3856      3855      3847
 -1       167    1    0    1
 -2      3853      3861      3862      3854      3856      3864      3863      3855
 -1       168    1    0    1
 -2      3861      3869      3870      3862      3864      3872      3871      3863
 -1       169    1    0    1
 -2      3869      3877      3878      3870      3872      3880      3879      3871
 -1       170    1    0    1
 -2      3877      3885      3886      3878      3880      3888      3887      3879
 -1       171    1    0    1
 -2      3885      3893      3894      3886      3888      3896      3895      3887
 -1       172    1    0    1
 -2      3893      3901      3902      3894      3896      3904      3903      3895
 -1       173    1    0    1
 -2      3901      3909      3910      3902      3904      3912      3911      3903
 -1       174    1    0    1
 -2      3909      3917      3918      3910      3912      3920      3919      3911
 -1       175    1    0    1
 -2      3917      3925      3926      3918      3920      3928      3927      3919
 -1       176    1    0    1
 -2      3925      2065      2066      3926      3928      2068      2067      3927
 -1       177    1    0    1
 -2      1899      3933      3934      1900      1902      3936      3935      1901
 -1       178    1    0    1
 -2      3933      3941      3942      3934      3936      3944      3943      3935
 -1       179    1    0    1
 -2      3941      3949      3950      3942      3944      3952      3951      3943
 -1       180    1    0    1
 -2      3949      3957      3958      3950      3952      3960      3959      3951
 -1       181    1    0    1
 -2      3957      3965      3966      3958      3960      3968      3967      3959
 -1       182    1    0    1
 -2      3965      3973      3974      3966      3968      3976      3975      3967
 -1       183    1    0    1
 -2      3973      3981      3982      3974      3976      3984      3983      3975
 -1       184    1    0    1
 -2      3981      3989      3990      3982      3984      3992      3991      3983
 -1       185    1    0    1
 -2      3989      3997      3998      3990      3992      4000      3999      3991
 -1       186    1    0    1
 -2      3997      4005      4006      3998      4000      4008      4007      3999
 -1       187    1    0    1
 -2      4005      4013      4014      4006      4008      4016      4015      4007
 -1       188    1    0    1
 -2      4013      4021      4022      4014      4016      4024      4023      4015
 -1       189    1    0    1
 -2      4021      4029      4030      4022      4024      4032      4031      4023
 -1       190    1    0    1
 -2      4029      4037      4038      4030      4032      4040      4039      4031
 -1       191    1    0    1
 -2      4037      4045      4046      4038      4040      4048      4047      4039
 -1       192    1    0    1
 -2      4045      2131      2132      4046      4048      2134      2133      4047
 -1       193    1    0    1
 -2      1973      4053      4054      1974      1976      4056      4055      1975
 -1       194    1    0    1
 -2      4053      4061      4062      4054      4056      4064      4063      4055
 -1       195    1    0    1
 -2      4061      4069      4070      4062      4064      4072      4071      4063
 -1       196    1    0    1
 -2      4069      4077      4078      4070      4072      4080      4079      4071
 -1       197    1    0    1
 -2      4077      4085      4086      4078      4080      4088      4087      4079
 -1       198    1    0    1
 -2      4085      4093      4094      4086      4088      4096      4095      4087
 -1       199    1    0    1
 -2      4093      4101      4102      4094      4096      4104      4103      4095
 -1       200    1    0    1
 -2      4101      4109      4110      4102      4104      4112      4111      4103
 -1       201    1    0    1
 -2      4109      4117      4118      4110      4112      4120      4119      4111
 -1       202    1    0    1
 -2      4117      4125      4126      4118      4120      4128      4127      4119
 -1       203    1    0    1
 -2      4125      4133      4134      4126      4128      4136      4135      4127
 -1       204    1    0    1
 -2      4133      4141      4142      4134      4136      4144      4143      4135
 -1       205    1    0    1
 -2      4141      4149      4150      4142      4144      4152      4151      4143
 -1       206    1    0    1
 -2      4149      4157      4158      4150      4152      4160      4159      4151
 -1       207    1    0    1
 -2      4157      4165      4166      4158      4160      4168      4167      4159
 -1       208    1    0    1
 -2      4165      2181      2182      4166      4168      2184      2183      4167
 -1       209    1    0    1
 -2      2015      4173      4174      2016      2018      4176      4175      2017
 -1       210    1    0    1
 -2      4173      4181      4182      4174      4176      4184      4183      4175
 -1       211    1    0    1
 -2      4181      4189      4190      4182      4184      4192      4191      4183
 -1       212    1    0    1
 -2      4189      4197      4198      4190      4192      4200      4199      4191
 -1       213    1    0    1
 -2      4197      4205      4206      4198      4200      4208      4207      4199
 -1       214    1    0    1
 -2      4205      4213      4214      4206      4208      4216      4215      4207
 -1       215    1    0    1
 -2      4213      4221      4222      4214      4216      4224      4223      4215
 -1       216    1    0    1
 -2      4221      4229      4230      4222      4224      4232      4231      4223
 -1       217    1    0    1
 -2      4229      4237      4238      4230      4232      4240      4239      4231
 -1       218    1    0    1
 -2      4237      4245      4246      4238      4240      4248      4247      4239
 -1       219    1    0    1
 -2      4245      4253      4254      4246      4248      4256      4255      4247
 -1       220    1    0    1
 -2      4253      4261      4262      4254      4256      4264      4263      4255
 -1       221    1    0    1
 -2      4261      4269      4270      4262      4264      4272      4271      4263
 -1       222    1    0    1
 -2      4269      4277      4278      4270      4272      4280      4279      4271
 -1       223    1    0    1
 -2      4277      4285      4286      4278      4280      4288      4287      4279
 -1       224    1    0    1
 -2      4285      2247      2248      4286      4288      2250      2249      4287
 -1       225    1    0    1
 -2      2089      4293      4294      2090      2092      4296      4295      2091
 -1       226    1    0    1
 -2      4293      4301      4302      4294      4296      4304      4303      4295
 -1       227    1    0    1
 -2      4301      4309      4310      4302      4304      4312      4311      4303
 -1       228    1    0    1
 -2      4309      4317      4318      4310      4312      4320      4319      4311
 -1       229    1    0    1
 -2      4317      4325      4326      4318      4320      4328      4327      4319
 -1       230    1    0    1
 -2      4325      4333      4334      4326      4328      4336      4335      4327
 -1       231    1    0    1
 -2      4333      4341      4342      4334      4336      4344      4343      4335
 -1       232    1    0    1
 -2      4341      4349      4350      4342      4344      4352      4351      4343
 -1       233    1    0    1
 -2      4349      4357      4358      4350      4352      4360      4359      4351
 -1       234    1    0    1
 -2      4357      4365      4366      4358      4360      4368      4367      4359
 -1       235    1    0    1
 -2      4365      4373      4374      4366      4368      4376      4375      4367
 -1       236    1    0    1
 -2      4373      4381      4382      4374      4376      4384      4383      4375
 -1       237    1    0    1
 -2      4381      4389      4390      4382      4384      4392      4391      4383
 -1       238    1    0    1
 -2      4389      4397      4398      4390      4392      4400      4399      4391
 -1       239    1    0    1
 -2      4397      4405      4406      4398      4400      4408      4407      4399
 -1       240    1    0    1
 -2      4405      2297      2298      4406      4408      2300      2299      4407
 -1       241    1    0    1
 -2      2131      4413      4414      2132      2134      4416      4415      2133
 -1       242    1    0    1
 -2      4413      4421      4422      4414      4416      4424      4423      4415
 -1       243    1    0    1
 -2      4421      4429      4430      4422      4424      4432      4431      4423
 -1       244    1    0    1
 -2      4429      4437      4438      4430      4432      4440      4439      4431
 -1       245    1    0    1
 -2      4437      4445      4446      4438      4440      4448      4447      4439
 -1       246    1    0    1
 -2      4445      4453      4454      4446      4448      4456      4455      4447
 -1       247    1    0    1
 -2      4453      4461      4462      4454      4456      4464      4463      4455
 -1       248    1    0    1
 -2      4461      4469      4470      4462      4464      4472      4471      4463
 -1       249    1    0    1
 -2      4469      4477      4478      4470      4472      4480      4479      4471
 -1       250    1    0    1
 -2      4477      4485      4486      4478      4480      4488      4487      4479
 -1       251    1    0    1
 -2      4485      4493      4494      4486      4488      4496      4495      4487
 -1       252    1    0    1
 -2      4493      4501      4502      4494      4496      4504      4503      4495
 -1       253    1    0    1
 -2      4501      4509      4510      4502      4504      4512      4511      4503
 -1       254    1    0    1
 -2      4509      4517      4518      4510      4512      4520      4519      4511
 -1       255    1    0    1
 -2      4517      4525      4526      4518      4520      4528      4527      4519
 -1       256    1    0    1
 -2      4525      2363      2364      4526      4528      2366      2365      4527
 -1       257    1    0    1
 -2      2205      4533      4534      2206      2208      4536      4535      2207
 -1       258    1    0    1
 -2      4533      4541      4542      4534      4536      4544      4543      4535
 -1       259    1    0    1
 -2      4541      4549      4550      4542      4544      4552      4551      4543
 -1       260    1    0    1
 -2      4549      4557      4558      4550      4552      4560      4559      4551
 -1       261    1    0    1
 -2      4557      4565      4566      4558      4560      4568      4567      4559
 -1       262    1    0    1
 -2      4565      4573      4574      4566      4568      4576      4575      4567
 -1       263    1    0    1
 -2      4573      4581      4582      4574      4576      4584      4583      4575
 -1       264    1    0    1
 -2      4581      4589      4590      4582      4584      4592      4591      4583
 -1       265    1    0    1
 -2      4589      4597      4598      4590      4592      4600      4599      4591
 -1       266    1    0    1
 -2      4597      4605      4606      4598      4600      4608      4607      4599
 -1       267    1    0    1
 -2      4605      4613      4614      4606      4608      4616      4615      4607
 -1       268    1    0    1
 -2      4613      4621      4622      4614      4616      4624      4623      4615
 -1       269    1    0    1
 -2      4621      4629      4630      4622      4624      4632      4631      4623
 -1       270    1    0    1
 -2      4629      4637      4638      4630      4632      4640      4639      4631
 -1       271    1    0    1
 -2      4637      4645      4646      4638      4640      4648      4647      4639
 -1       272    1    0    1
 -2      4645      2413      2414      4646      4648      2416      2415      4647
 -1       273    1    0    1
 -2      2247      4653      4654      2248      2250      4656      4655      2249
 -1       274    1    0    1
 -2      4653      4661      4662      4654      4656      4664      4663      4655
 -1       275    1    0    1
 -2      4661      4669      4670      4662      4664      4672      4671      4663
 -1       276    1    0    1
 -2      4669      4677      4678      4670      4672      4680      4679      4671
 -1       277    1    0    1
 -2      4677      4685      4686      4678      4680      4688      4687      4679
 -1       278    1    0    1
 -2      4685      4693      4694      4686      4688      4696      4695      4687
 -1       279    1    0    1
 -2      4693      4701      4702      4694      4696      4704      4703      4695
 -1       280    1    0    1
 -2      4701      4709      4710      4702      4704      4712      4711      4703
 -1       281    1    0    1
 -2      4709      4717      4718      4710      4712      4720      4719      4711
 -1       282    1    0    1
 -2      4717      4725      4726      4718      4720      4728      4727      4719
 -1       283    1    0    1
 -2      4725      4733      4734      4726      4728      4736      4735      4727
 -1       284    1    0    1
 -2      4733      4741      4742      4734      4736      4744      4743      4735
 -1       285    1    0    1
 -2      4741      4749      4750      4742      4744      4752      4751      4743
 -1       286    1    0    1
 -2      4749      4757      4758      4750      4752      4760      4759      4751
 -1       287    1    0    1
 -2      4757      4765      4766      4758      4760      4768      4767      4759
 -1       288    1    0    1
 -2      4765      2463      2464      4766      4768      2466      2465      4767
 -1       289    1    0    1
 -2      2321      4773      4774      2322      2324      4776      4775      2323
 -1       290    1    0    1
 -2      4773      4781      4782      4774      4776      4784      4783      4775
 -1       291    1    0    1
 -2      4781      4789      4790      4782      4784      4792      4791      4783
 -1       292    1    0    1
 -2      4789      4797      4798      4790      4792      4800      4799      4791
 -1       293    1    0    1
 -2      4797      4805      4806      4798      4800      4808      4807      4799
 -1       294    1    0    1
 -2      4805      4813      4814      4806      4808      4816      4815      4807
 -1       295    1    0    1
 -2      4813      4821      4822      4814      4816      4824      4823      4815
 -1       296    1    0    1
 -2      4821      4829      4830      4822      4824      4832      4831      4823
 -1       297    1    0    1
 -2      4829      4837      4838      4830      4832      4840      4839      4831
 -1       298    1    0    1
 -2      4837      4845      4846      4838      4840      4848      4847      4839
 -1       299    1    0    1
 -2      4845      4853      4854      4846      4848      4856      4855      4847
 -1       300    1    0    1
 -2      4853      4861      4862      4854      4856      4864      4863      4855
 -1       301    1    0    1
 -2      4861      4869      4870      4862      4864      4872      4871      4863
 -1       302    1    0    1
 -2      4869      4877      4878      4870      4872      4880      4879      4871
 -1       303    1    0    1
 -2      4877      4885      4886      4878      4880      4888      4887      4879
 -1       304    1    0    1
 -2      4885      2513      2514      4886      4888      2516      2515      4887
 -1       305    1    0    1
 -2      2363      4893      4894      2364      2366      4896      4895      2365
 -1       306    1    0    1
 -2      4893      4901      4902      4894      4896      4904      4903      4895
 -1       307    1    0    1
 -2      4901      4909      4910      4902      4904      4912      4911      4903
 -1       308    1    0    1
 -2      4909      4917      4918      4910      4912      4920      4919      4911
 -1       309    1    0    1
 -2      4917      4925      4926      4918      4920      4928      4927      4919
 -1       310    1    0    1
 -2      4925      4933      4934      4926      4928      4936      4935      4927
 -1       311    1    0    1
 -2      4933      4941      4942      4934      4936      4944      4943      4935
 -1       312    1    0    1
 -2      4941      4949      4950      4942      4944      4952      4951      4943
 -1       313    1    0    1
 -2      4949      4957      4958      4950      4952      4960      4959      4951
 -1       314    1    0    1
 -2      4957      4965      4966      4958      4960      4968      4967      4959
 -1       315    1    0    1
 -2      4965      4973      4974      4966      4968      4976      4975      4967
 -1       316    1    0    1
 -2      4973      4981      4982      4974      4976      4984      4983      4975
 -1       317    1    0    1
 -2      4981      4989      4990      4982      4984      4992      4991      4983
 -1       318    1    0    1
 -2      4989      4997      4998      4990      4992      5000      4999      4991
 -1       319    1    0    1
 -2      4997      5005      5006      4998      5000      5008      5007      4999
 -1       320    1    0    1
 -2      5005      2563      2564      5006      5008      2566      2565      5007
 -1       321    1    0    1
 -2      1293      5013      5014      1294      1296      5016      5015      1295
 -1       322    1    0    1
 -2      5013      5021      5022      5014      5016      5024      5023      5015
 -1       323    1    0    1
 -2      5021      5029      5030      5022      5024      5032      5031      5023
 -1       324    1    0    1
 -2      5029      5037      5038      5030      5032      5040      5039      5031
 -1       325    1    0    1
 -2      5037      5045      5046      5038      5040      5048      5047      5039
 -1       326    1    0    1
 -2      5045      5053      5054      5046      5048      5056      5055      5047
 -1       327    1    0    1
 -2      5053      5061      5062      5054      5056      5064      5063      5055
 -1       328    1    0    1
 -2      5061      5069      5070      5062      5064      5072      5071      5063
 -1       329    1    0    1
 -2      5069      5077      5078      5070      5072      5080      5079      5071
 -1       330    1    0    1
 -2      5077      5085      5086      5078      5080      5088      5087      5079
 -1       331    1    0    1
 -2      5085      5093      5094      5086      5088      5096      5095      5087
 -1       332    1    0    1
 -2      5093      5101      5102      5094      5096      5104      5103      5095
 -1       333    1    0    1
 -2      5101      5109      5110      5102      5104      5112      5111      5103
 -1       334    1    0    1
 -2      5109      5117      5118      5110      5112      5120      5119      5111
 -1       335    1    0    1
 -2      5117      5125      5126      5118      5120      5128      5127      5119
 -1       336    1    0    1
 -2      5125      1343      1344      5126      5128      1346      1345      5127
 -1       337    1    0    1
 -2      1393      5133      5134      1394      1396      5136      5135      1395
 -1       338    1    0    1
 -2      5133      5141      5142      5134      5136      5144      5143      5135
 -1       339    1    0    1
 -2      5141      5149      5150      5142      5144      5152      5151      5143
 -1       340    1    0    1
 -2      5149      5157      5158      5150      5152      5160      5159      5151
 -1       341    1    0    1
 -2      5157      5165      5166      5158      5160      5168      5167      5159
 -1       342    1    0    1
 -2      5165      5173      5174      5166      5168      5176      5175      5167
 -1       343    1    0    1
 -2      5173      5181      5182      5174      5176      5184      5183      5175
 -1       344    1    0    1
 -2      5181      5189      5190      5182      5184      5192      5191      5183
 -1       345    1    0    1
 -2      5189      5197      5198      5190      5192      5200      5199      5191
 -1       346    1    0    1
 -2      5197      5205      5206      5198      5200      5208      5207      5199
 -1       347    1    0    1
 -2      5205      5213      5214      5206      5208      5216      5215      5207
 -1       348    1    0    1
 -2      5213      5221      5222      5214      5216      5224      5223      5215
 -1       349    1    0    1
 -2      5221      5229      5230      5222      5224      5232      5231      5223
 -1       350    1    0    1
 -2      5229      5237      5238      5230      5232      5240      5239      5231
 -1       351    1    0    1
 -2      5237      5245      5246      5238      5240      5248      5247      5239
 -1       352    1    0    1
 -2      5245      1443      1444      5246      5248      1446      1445      5247
 -1       353    1    0    1
 -2      1301      5253      5254      1302      1304      5256      5255      1303
 -1       354    1    0    1
 -2      5253      5261      5262      5254      5256      5264      5263      5255
 -1       355    1    0    1
 -2      5261      5269      5270      5262      5264      5272      5271      5263
 -1       356    1    0    1
 -2      5269      5277      5278      5270      5272      5280      5279      5271
 -1       357    1    0    1
 -2      5277      5285      5286      5278      5280      5288      5287      5279
 -1       358    1    0    1
 -2      5285      5293      5294      5286      5288      5296      5295      5287
 -1       359    1    0    1
 -2      5293      5301      5302      5294      5296      5304      5303      5295
 -1       360    1    0    1
 -2      5301      5309      5310      5302      5304      5312      5311      5303
 -1       361    1    0    1
 -2      5309      5317      5318      5310      5312      5320      5319      5311
 -1       362    1    0    1
 -2      5317      5325      5326      5318      5320      5328      5327      5319
 -1       363    1    0    1
 -2      5325      5333      5334      5326      5328      5336      5335      5327
 -1       364    1    0    1
 -2      5333      5341      5342      5334      5336      5344      5343      5335
 -1       365    1    0    1
 -2      5341      5349      5350      5342      5344      5352      5351      5343
 -1       366    1    0    1
 -2      5349      5357      5358      5350      5352      5360      5359      5351
 -1       367    1    0    1
 -2      5357      5365      5366      5358      5360      5368      5367      5359
 -1       368    1    0    1
 -2      5365      1401      1402      5366      5368      1404      1403      5367
 -1       369    1    0    1
 -2      1351      5373      5374      1352      1354      5376      5375      1353
 -1       370    1    0    1
 -2      5373      5381      5382      5374      5376      5384      5383      5375
 -1       371    1    0    1
 -2      5381      5389      5390      5382      5384      5392      5391      5383
 -1       372    1    0    1
 -2      5389      5397      5398      5390      5392      5400      5399      5391
 -1       373    1    0    1
 -2      5397      5405      5406      5398      5400      5408      5407      5399
 -1       374    1    0    1
 -2      5405      5413      5414      5406      5408      5416      5415      5407
 -1       375    1    0    1
 -2      5413      5421      5422      5414      5416      5424      5423      5415
 -1       376    1    0    1
 -2      5421      5429      5430      5422      5424      5432      5431      5423
 -1       377    1    0    1
 -2      5429      5437      5438      5430      5432      5440      5439      5431
 -1       378    1    0    1
 -2      5437      5445      5446      5438      5440      5448      5447      5439
 -1       379    1    0    1
 -2      5445      5453      5454      5446      5448      5456      5455      5447
 -1       380    1    0    1
 -2      5453      5461      5462      5454      5456      5464      5463      5455
 -1       381    1    0    1
 -2      5461      5469      5470      5462      5464      5472      5471      5463
 -1       382    1    0    1
 -2      5469      5477      5478      5470      5472      5480      5479      5471
 -1       383    1    0    1
 -2      5477      5485      5486      5478      5480      5488      5487      5479
 -1       384    1    0    1
 -2      5485      1451      1452      5486      5488      1454      1453      5487
 -1       385    1    0    1
 -2      1493      5493      5494      1494      1496      5496      5495      1495
 -1       386    1    0    1
 -2      5493      5501      5502      5494      5496      5504      5503      5495
 -1       387    1    0    1
 -2      5501      5509      5510      5502      5504      5512      5511      5503
 -1       388    1    0    1
 -2      5509      5517      5518      5510      5512      5520      5519      5511
 -1       389    1    0    1
 -2      5517      5525      5526      5518      5520      5528      5527      5519
 -1       390    1    0    1
 -2      5525      5533      5534      5526      5528      5536      5535      5527
 -1       391    1    0    1
 -2      5533      5541      5542      5534      5536      5544      5543      5535
 -1       392    1    0    1
 -2      5541      5549      5550      5542      5544      5552      5551      5543
 -1       393    1    0    1
 -2      5549      5557      5558      5550      5552      5560      5559      5551
 -1       394    1    0    1
 -2      5557      5565      5566      5558      5560      5568      5567      5559
 -1       395    1    0    1
 -2      5565      5573      5574      5566      5568      5576      5575      5567
 -1       396    1    0    1
 -2      5573      5581      5582      5574      5576      5584      5583      5575
 -1       397    1    0    1
 -2      5581      5589      5590      5582      5584      5592      5591      5583
 -1       398    1    0    1
 -2      5589      5597      5598      5590      5592      5600      5599      5591
 -1       399    1    0    1
 -2      5597      5605      5606      5598      5600      5608      5607      5599
 -1       400    1    0    1
 -2      5605      1559      1560      5606      5608      1562      1561      5607
 -1       401    1    0    1
 -2      1609      5613      5614      1610      1612      5616      5615      1611
 -1       402    1    0    1
 -2      5613      5621      5622      5614      5616      5624      5623      5615
 -1       403    1    0    1
 -2      5621      5629      5630      5622      5624      5632      5631      5623
 -1       404    1    0    1
 -2      5629      5637      5638      5630      5632      5640      5639      5631
 -1       405    1    0    1
 -2      5637      5645      5646      5638      5640      5648      5647      5639
 -1       406    1    0    1
 -2      5645      5653      5654      5646      5648      5656      5655      5647
 -1       407    1    0    1
 -2      5653      5661      5662      5654      5656      5664      5663      5655
 -1       408    1    0    1
 -2      5661      5669      5670      5662      5664      5672      5671      5663
 -1       409    1    0    1
 -2      5669      5677      5678      5670      5672      5680      5679      5671
 -1       410    1    0    1
 -2      5677      5685      5686      5678      5680      5688      5687      5679
 -1       411    1    0    1
 -2      5685      5693      5694      5686      5688      5696      5695      5687
 -1       412    1    0    1
 -2      5693      5701      5702      5694      5696      5704      5703      5695
 -1       413    1    0    1
 -2      5701      5709      5710      5702      5704      5712      5711      5703
 -1       414    1    0    1
 -2      5709      5717      5718      5710      5712      5720      5719      5711
 -1       415    1    0    1
 -2      5717      5725      5726      5718      5720      5728      5727      5719
 -1       416    1    0    1
 -2      5725      1675      1676      5726      5728      1678      1677      5727
 -1       417    1    0    1
 -2      1501      5733      5734      1502      1504      5736      5735      1503
 -1       418    1    0    1
 -2      5733      5741      5742      5734      5736      5744      5743      5735
 -1       419    1    0    1
 -2      5741      5749      5750      5742      5744      5752      5751      5743
 -1       420    1    0    1
 -2      5749      5757      5758      5750      5752      5760      5759      5751
 -1       421    1    0    1
 -2      5757      5765      5766      5758      5760      5768      5767      5759
 -1       422    1    0    1
 -2      5765      5773      5774      5766      5768      5776      5775      5767
 -1       423    1    0    1
 -2      5773      5781      5782      5774      5776      5784      5783      5775
 -1       424    1    0    1
 -2      5781      5789      5790      5782      5784      5792      5791      5783
 -1       425    1    0    1
 -2      5789      5797      5798      5790      5792      5800      5799      5791
 -1       426    1    0    1
 -2      5797      5805      5806      5798      5800      5808      5807      5799
 -1       427    1    0    1
 -2      5805      5813      5814      5806      5808      5816      5815      5807
 -1       428    1    0    1
 -2      5813      5821      5822      5814      5816      5824      5823      5815
 -1       429    1    0    1
 -2      5821      5829      5830      5822      5824      5832      5831      5823
 -1       430    1    0    1
 -2      5829      5837      5838      5830      5832      5840      5839      5831
 -1       431    1    0    1
 -2      5837      5845      5846      5838      5840      5848      5847      5839
 -1       432    1    0    1
 -2      5845      1617      1618      5846      5848      1620      1619      5847
 -1       433    1    0    1
 -2      1567      5853      5854      1568      1570      5856      5855      1569
 -1       434    1    0    1
 -2      5853      5861      5862      5854      5856      5864      5863      5855
 -1       435    1    0    1
 -2      5861      5869      5870      5862      5864      5872      5871      5863
 -1       436    1    0    1
 -2      5869      5877      5878      5870      5872      5880      5879      5871
 -1       437    1    0    1
 -2      5877      5885      5886      5878      5880      5888      5887      5879
 -1       438    1    0    1
 -2      5885      5893      5894      5886      5888      5896      5895      5887
 -1       439    1    0    1
 -2      5893      5901      5902      5894      5896      5904      5903      5895
 -1       440    1    0    1
 -2      5901      5909      5910      5902      5904      5912      5911      5903
 -1       441    1    0    1
 -2      5909      5917      5918      5910      5912      5920      5919      5911
 -1       442    1    0    1
 -2      5917      5925      5926      5918      5920      5928      5927      5919
 -1       443    1    0    1
 -2      5925      5933      5934      5926      5928      5936      5935      5927
 -1       444    1    0    1
 -2      5933      5941      5942      5934      5936      5944      5943      5935
 -1       445    1    0    1
 -2      5941      5949      5950      5942      5944      5952      5951      5943
 -1       446    1    0    1
 -2      5949      5957      5958      5950      5952      5960      5959      5951
 -1       447    1    0    1
 -2      5957      5965      5966      5958      5960      5968      5967      5959
 -1       448    1    0    1
 -2      5965      1683      1684      5966      5968      1686      1685      5967
 -1       449    1    0    1
 -2      1725      5973      5974      1726      1728      5976      5975      1727
 -1       450    1    0    1
 -2      5973      5981      5982      5974      5976      5984      5983      5975
 -1       451    1    0    1
 -2      5981      5989      5990      5982      5984      5992      5991      5983
 -1       452    1    0    1
 -2      5989      5997      5998      5990      5992      6000      5999      5991
 -1       453    1    0    1
 -2      5997      6005      6006      5998      6000      6008      6007      5999
 -1       454    1    0    1
 -2      6005      6013      6014      6006      6008      6016      6015      6007
 -1       455    1    0    1
 -2      6013      6021      6022      6014      6016      6024      6023      6015
 -1       456    1    0    1
 -2      6021      6029      6030      6022      6024      6032      6031      6023
 -1       457    1    0    1
 -2      6029      6037      6038      6030      6032      6040      6039      6031
 -1       458    1    0    1
 -2      6037      6045      6046      6038      6040      6048      6047      6039
 -1       459    1    0    1
 -2      6045      6053      6054      6046      6048      6056      6055      6047
 -1       460    1    0    1
 -2      6053      6061      6062      6054      6056      6064      6063      6055
 -1       461    1    0    1
 -2      6061      6069      6070      6062      6064      6072      6071      6063
 -1       462    1    0    1
 -2      6069      6077      6078      6070      6072      6080      6079      6071
 -1       463    1    0    1
 -2      6077      6085      6086      6078      6080      6088      6087      6079
 -1       464    1    0    1
 -2      6085      1791      1792      6086      6088      1794      1793      6087
 -1       465    1    0    1
 -2      1841      6093      6094      1842      1844      6096      6095      1843
 -1       466    1    0    1
 -2      6093      6101      6102      6094      6096      6104      6103      6095
 -1       467    1    0    1
 -2      6101      6109      6110      6102      6104      6112      6111      6103
 -1       468    1    0    1
 -2      6109      6117      6118      6110      6112      6120      6119      6111
 -1       469    1    0    1
 -2      6117      6125      6126      6118      6120      6128      6127      6119
 -1       470    1    0    1
 -2      6125      6133      6134      6126      6128      6136      6135      6127
 -1       471    1    0    1
 -2      6133      6141      6142      6134      6136      6144      6143      6135
 -1       472    1    0    1
 -2      6141      6149      6150      6142      6144      6152      6151      6143
 -1       473    1    0    1
 -2      6149      6157      6158      6150      6152      6160      6159      6151
 -1       474    1    0    1
 -2      6157      6165      6166      6158      6160      6168      6167      6159
 -1       475    1    0    1
 -2      6165      6173      6174      6166      6168      6176      6175      6167
 -1       476    1    0    1
 -2      6173      6181      6182      6174      6176      6184      6183      6175
 -1       477    1    0    1
 -2      6181      6189      6190      6182      6184      6192      6191      6183
 -1       478    1    0    1
 -2      6189      6197      6198      6190      6192      6200      6199      6191
 -1       479    1    0    1
 -2      6197      6205      6206      6198      6200      6208      6207      6199
 -1       480    1    0    1
 -2      6205      1907      1908      6206      6208      1910      1909      6207
 -1       481    1    0    1
 -2      1733      6213      6214      1734      1736      6216      6215      1735
 -1       482    1    0    1
 -2      6213      6221      6222      6214      6216      6224      6223      6215
 -1       483    1    0    1
 -2      6221      6229      6230      6222      6224      6232      6231      6223
 -1       484    1    0    1
 -2      6229      6237      6238      6230      6232      6240      6239      6231
 -1       485    1    0    1
 -2      6237      6245      6246      6238      6240      6248      6247      6239
 -1       486    1    0    1
 -2      6245      6253      6254      6246      6248      6256      6255      6247
 -1       487    1    0    1
 -2      6253      6261      6262      6254      6256      6264      6263      6255
 -1       488    1    0    1
 -2      6261      6269      6270      6262      6264      6272      6271      6263
 -1       489    1    0    1
 -2      6269      6277      6278      6270      6272      6280      6279      6271
 -1       490    1    0    1
 -2      6277      6285      6286      6278      6280      6288      6287      6279
 -1       491    1    0    1
 -2      6285      6293      6294      6286      6288      6296      6295      6287
 -1       492    1    0    1
 -2      6293      6301      6302      6294      6296      6304      6303      6295
 -1       493    1    0    1
 -2      6301      6309      6310      6302      6304      6312      6311      6303
 -1       494    1    0    1
 -2      6309      6317      6318      6310      6312      6320      6319      6311
 -1       495    1    0    1
 -2      6317      6325      6326      6318      6320      6328      6327      6319
 -1       496    1    0    1
 -2      6325      1849      1850      6326      6328      1852      1851      6327
 -1       497    1    0    1
 -2      1799      6333      6334      1800      1802      6336      6335      1801
 -1       498    1    0    1
 -2      6333      6341      6342      6334      6336      6344      6343      6335
 -1       499    1    0    1
 -2      6341      6349      6350      6342      6344      6352      6351      6343
 -1       500    1    0    1
 -2      6349      6357      6358      6350      6352      6360      6359      6351
 -1       501    1    0    1
 -2      6357      6365      6366      6358      6360      6368      6367      6359
 -1       502    1    0    1
 -2      6365      6373      6374      6366      6368      6376      6375      6367
 -1       503    1    0    1
 -2      6373      6381      6382      6374      6376      6384      6383      6375
 -1       504    1    0    1
 -2      6381      6389      6390      6382      6384      6392      6391      6383
 -1       505    1    0    1
 -2      6389      6397      6398      6390      6392      6400      6399      6391
 -1       506    1    0    1
 -2      6397      6405      6406      6398      6400      6408      6407      6399
 -1       507    1    0    1
 -2      6405      6413      6414      6406      6408      6416      6415      6407
 -1       508    1    0    1
 -2      6413      6421      6422      6414      6416      6424      6423      6415
 -1       509    1    0    1
 -2      6421      6429      6430      6422      6424      6432      6431      6423
 -1       510    1    0    1
 -2      6429      6437      6438      6430      6432      6440      6439      6431
 -1       511    1    0    1
 -2      6437      6445      6446      6438      6440      6448      6447      6439
 -1       512    1    0    1
 -2      6445      1915      1916      6446      6448      1918      1917      6447
 -1       513    1    0    1
 -2      1957      6453      6454      1958      1960      6456      6455      1959
 -1       514    1    0    1
 -2      6453      6461      6462      6454      6456      6464      6463      6455
 -1       515    1    0    1
 -2      6461      6469      6470      6462      6464      6472      6471      6463
 -1       516    1    0    1
 -2      6469      6477      6478      6470      6472      6480      6479      6471
 -1       517    1    0    1
 -2      6477      6485      6486      6478      6480      6488      6487      6479
 -1       518    1    0    1
 -2      6485      6493      6494      6486      6488      6496      6495      6487
 -1       519    1    0    1
 -2      6493      6501      6502      6494      6496      6504      6503      6495
 -1       520    1    0    1
 -2      6501      6509      6510      6502      6504      6512      6511      6503
 -1       521    1    0    1
 -2      6509      6517      6518      6510      6512      6520      6519      6511
 -1       522    1    0    1
 -2      6517      6525      6526      6518      6520      6528      6527      6519
 -1       523    1    0    1
 -2      6525      6533      6534      6526      6528      6536      6535      6527
 -1       524    1    0    1
 -2      6533      6541      6542      6534      6536      6544      6543      6535
 -1       525    1    0    1
 -2      6541      6549      6550      6542      6544      6552      6551      6543
 -1       526    1    0    1
 -2      6549      6557      6558      6550      6552      6560      6559      6551
 -1       527    1    0    1
 -2      6557      6565      6566      6558      6560      6568      6567      6559
 -1       528    1    0    1
 -2      6565      2023      2024      6566      6568      2026      2025      6567
 -1       529    1    0    1
 -2      2073      6573      6574      2074      2076      6576      6575      2075
 -1       530    1    0    1
 -2      6573      6581      6582      6574      6576      6584      6583      6575
 -1       531    1    0    1
 -2      6581      6589      6590      6582      6584      6592      6591      6583
 -1       532    1    0    1
 -2      6589      6597      6598      6590      6592      6600      6599      6591
 -1       533    1    0    1
 -2      6597      6605      6606      6598      6600      6608      6607      6599
 -1       534    1    0    1
 -2      6605      6613      6614      6606      6608      6616      6615      6607
 -1       535    1    0    1
 -2      6613      6621      6622      6614      6616      6624      6623      6615
 -1       536    1    0    1
 -2      6621      6629      6630      6622      6624      6632      6631      6623
 -1       537    1    0    1
 -2      6629      6637      6638      6630      6632      6640      6639      6631
 -1       538    1    0    1
 -2      6637      6645      6646      6638      6640      6648      6647      6639
 -1       539    1    0    1
 -2      6645      6653      6654      6646      6648      6656      6655      6647
 -1       540    1    0    1
 -2      6653      6661      6662      6654      6656      6664      6663      6655
 -1       541    1    0    1
 -2      6661      6669      6670      6662      6664      6672      6671      6663
 -1       542    1    0    1
 -2      6669      6677      6678      6670      6672      6680      6679      6671
 -1       543    1    0    1
 -2      6677      6685      6686      6678      6680      6688      6687      6679
 -1       544    1    0    1
 -2      6685      2139      2140      6686      6688      2142      2141      6687
 -1       545    1    0    1
 -2      1965      6693      6694      1966      1968      6696      6695      1967
 -1       546    1    0    1
 -2      6693      6701      6702      6694      6696      6704      6703      6695
 -1       547    1    0    1
 -2      6701      6709      6710      6702      6704      6712      6711      6703
 -1       548    1    0    1
 -2      6709      6717      6718      6710      6712      6720      6719      6711
 -1       549    1    0    1
 -2      6717      6725      6726      6718      6720      6728      6727      6719
 -1       550    1    0    1
 -2      6725      6733      6734      6726      6728      6736      6735      6727
 -1       551    1    0    1
 -2      6733      6741      6742      6734      6736      6744      6743      6735
 -1       552    1    0    1
 -2      6741      6749      6750      6742      6744      6752      6751      6743
 -1       553    1    0    1
 -2      6749      6757      6758      6750      6752      6760      6759      6751
 -1       554    1    0    1
 -2      6757      6765      6766      6758      6760      6768      6767      6759
 -1       555    1    0    1
 -2      6765      6773      6774      6766      6768      6776      6775      6767
 -1       556    1    0    1
 -2      6773      6781      6782      6774      6776      6784      6783      6775
 -1       557    1    0    1
 -2      6781      6789      6790      6782      6784      6792      6791      6783
 -1       558    1    0    1
 -2      6789      6797      6798      6790      6792      6800      6799      6791
 -1       559    1    0    1
 -2      6797      6805      6806      6798      6800      6808      6807      6799
 -1       560    1    0    1
 -2      6805      2081      2082      6806      6808      2084      2083      6807
 -1       561    1    0    1
 -2      2031      6813      6814      2032      2034      6816      6815      2033
 -1       562    1    0    1
 -2      6813      6821      6822      6814      6816      6824      6823      6815
 -1       563    1    0    1
 -2      6821      6829      6830      6822      6824      6832      6831      6823
 -1       564    1    0    1
 -2      6829      6837      6838      6830      6832      6840      6839      6831
 -1       565    1    0    1
 -2      6837      6845      6846      6838      6840      6848      6847      6839
 -1       566    1    0    1
 -2      6845      6853      6854      6846      6848      6856      6855      6847
 -1       567    1    0    1
 -2      6853      6861      6862      6854      6856      6864      6863      6855
 -1       568    1    0    1
 -2      6861      6869      6870      6862      6864      6872      6871      6863
 -1       569    1    0    1
 -2      6869      6877      6878      6870      6872      6880      6879      6871
 -1       570    1    0    1
 -2      6877      6885      6886      6878      6880      6888      6887      6879
 -1       571    1    0    1
 -2      6885      6893      6894      6886      6888      6896      6895      6887
 -1       572    1    0    1
 -2      6893      6901      6902      6894      6896      6904      6903      6895
 -1       573    1    0    1
 -2      6901      6909      6910      6902      6904      6912      6911      6903
 -1       574    1    0    1
 -2      6909      6917      6918      6910      6912      6920      6919      6911
 -1       575    1    0    1
 -2      6917      6925      6926      6918      6920      6928      6927      6919
 -1       576    1    0    1
 -2      6925      2147      2148      6926      6928      2150      2149      6927
 -1       577    1    0    1
 -2      2189      6933      6934      2190      2192      6936      6935      2191
 -1       578    1    0    1
 -2      6933      6941      6942      6934      6936      6944      6943      6935
 -1       579    1    0    1
 -2      6941      6949      6950      6942      6944      6952      6951      6943
 -1       580    1    0    1
 -2      6949      6957      6958      6950      6952      6960      6959      6951
 -1       581    1    0    1
 -2      6957      6965      6966      6958      6960      6968      6967      6959
 -1       582    1    0    1
 -2      6965      6973      6974      6966      6968      6976      6975      6967
 -1       583    1    0    1
 -2      6973      6981      6982      6974      6976      6984      6983      6975
 -1       584    1    0    1
 -2      6981      6989      6990      6982      6984      6992      6991      6983
 -1       585    1    0    1
 -2      6989      6997      6998      6990      6992      7000      6999      6991
 -1       586    1    0    1
 -2      6997      7005      7006      6998      7000      7008      7007      6999
 -1       587    1    0    1
 -2      7005      7013      7014      7006      7008      7016      7015      7007
 -1       588    1    0    1
 -2      7013      7021      7022      7014      7016      7024      7023      7015
 -1       589    1    0    1
 -2      7021      7029      7030      7022      7024      7032      7031      7023
 -1       590    1    0    1
 -2      7029      7037      7038      7030      7032      7040      7039      7031
 -1       591    1    0    1
 -2      7037      7045      7046      7038      7040      7048      7047      7039
 -1       592    1    0    1
 -2      7045      2255      2256      7046      7048      2258      2257      7047
 -1       593    1    0    1
 -2      2305      7053      7054      2306      2308      7056      7055      2307
 -1       594    1    0    1
 -2      7053      7061      7062      7054      7056      7064      7063      7055
 -1       595    1    0    1
 -2      7061      7069      7070      7062      7064      7072      7071      7063
 -1       596    1    0    1
 -2      7069      7077      7078      7070      7072      7080      7079      7071
 -1       597    1    0    1
 -2      7077      7085      7086      7078      7080      7088      7087      7079
 -1       598    1    0    1
 -2      7085      7093      7094      7086      7088      7096      7095      7087
 -1       599    1    0    1
 -2      7093      7101      7102      7094      7096      7104      7103      7095
 -1       600    1    0    1
 -2      7101      7109      7110      7102      7104      7112      7111      7103
 -1       601    1    0    1
 -2      7109      7117      7118      7110      7112      7120      7119      7111
 -1       602    1    0    1
 -2      7117      7125      7126      7118      7120      7128      7127      7119
 -1       603    1    0    1
 -2      7125      7133      7134      7126      7128      7136      7135      7127
 -1       604    1    0    1
 -2      7133      7141      7142      7134      7136      7144      7143      7135
 -1       605    1    0    1
 -2      7141      7149      7150      7142      7144      7152      7151      7143
 -1       606    1    0    1
 -2      7149      7157      7158      7150      7152      7160      7159      7151
 -1       607    1    0    1
 -2      7157      7165      7166      7158      7160      7168      7167      7159
 -1       608    1    0    1
 -2      7165      2371      2372      7166      7168      2374      2373      7167
 -1       609    1    0    1
 -2      2197      7173      7174      2198      2200      7176      7175      2199
 -1       610    1    0    1
 -2      7173      7181      7182      7174      7176      7184      7183      7175
 -1       611    1    0    1
 -2      7181      7189      7190      7182      7184      7192      7191      7183
 -1       612    1    0    1
 -2      7189      7197      7198      7190      7192      7200      7199      7191
 -1       613    1    0    1
 -2      7197      7205      7206      7198      7200      7208      7207      7199
 -1       614    1    0    1
 -2      7205      7213      7214      7206      7208      7216      7215      7207
 -1       615    1    0    1
 -2      7213      7221      7222      7214      7216      7224      7223      7215
 -1       616    1    0    1
 -2      7221      7229      7230      7222      7224      7232      7231      7223
 -1       617    1    0    1
 -2      7229      7237      7238      7230      7232      7240      7239      7231
 -1       618    1    0    1
 -2      7237      7245      7246      7238      7240      7248      7247      7239
 -1       619    1    0    1
 -2      7245      7253      7254      7246      7248      7256      7255      7247
 -1       620    1    0    1
 -2      7253      7261      7262      7254      7256      7264      7263      7255
 -1       621    1    0    1
 -2      7261      7269      7270      7262      7264      7272      7271      7263
 -1       622    1    0    1
 -2      7269      7277      7278      7270      7272      7280      7279      7271
 -1       623    1    0    1
 -2      7277      7285      7286      7278      7280      7288      7287      7279
 -1       624    1    0    1
 -2      7285      2313      2314      7286      7288      2316      2315      7287
 -1       625    1    0    1
 -2      2263      7293      7294      2264      2266      7296      7295      2265
 -1       626    1    0    1
 -2      7293      7301      7302      7294      7296      7304      7303      7295
 -1       627    1    0    1
 -2      7301      7309      7310      7302      7304      7312      7311      7303
 -1       628    1    0    1
 -2      7309      7317      7318      7310      7312      7320      7319      7311
 -1       629    1    0    1
 -2      7317      7325      7326      7318      7320      7328      7327      7319
 -1       630    1    0    1
 -2      7325      7333      7334      7326      7328      7336      7335      7327
 -1       631    1    0    1
 -2      7333      7341      7342      7334      7336      7344      7343      7335
 -1       632    1    0    1
 -2      7341      7349      7350      7342      7344      7352      7351      7343
 -1       633    1    0    1
 -2      7349      7357      7358      7350      7352      7360      7359      7351
 -1       634    1    0    1
 -2      7357      7365      7366      7358      7360      7368      7367      7359
 -1       635    1    0    1
 -2      7365      7373      7374      7366      7368      7376      7375      7367
 -1       636    1    0    1
 -2      7373      7381      7382      7374      7376      7384      7383      7375
 -1       637    1    0    1
 -2      7381      7389      7390      7382      7384      7392      7391      7383
 -1       638    1    0    1
 -2      7389      7397      7398      7390      7392      7400      7399      7391
 -1       639    1    0    1
 -2      7397      7405      7406      7398      7400      7408      7407      7399
 -1       640    1    0    1
 -2      7405      2379      2380      7406      7408      2382      2381      7407
 -1       641    1    0    1
 -2      2421      7413      7414      2422      2424      7416      7415      2423
 -1       642    1    0    1
 -2      7413      7421      7422      7414      7416      7424      7423      7415
 -1       643    1    0    1
 -2      7421      7429      7430      7422      7424      7432      7431      7423
 -1       644    1    0    1
 -2      7429      7437      7438      7430      7432      7440      7439      7431
 -1       645    1    0    1
 -2      7437      7445      7446      7438      7440      7448      7447      7439
 -1       646    1    0    1
 -2      7445      7453      7454      7446      7448      7456      7455      7447
 -1       647    1    0    1
 -2      7453      7461      7462      7454      7456      7464      7463      7455
 -1       648    1    0    1
 -2      7461      7469      7470      7462      7464      7472      7471      7463
 -1       649    1    0    1
 -2      7469      7477      7478      7470      7472      7480      7479      7471
 -1       650    1    0    1
 -2      7477      7485      7486      7478      7480      7488      7487      7479
 -1       651    1    0    1
 -2      7485      7493      7494      7486      7488      7496      7495      7487
 -1       652    1    0    1
 -2      7493      7501      7502      7494      7496      7504      7503      7495
 -1       653    1    0    1
 -2      7501      7509      7510      7502      7504      7512      7511      7503
 -1       654    1    0    1
 -2      7509      7517      7518      7510      7512      7520      7519      7511
 -1       655    1    0    1
 -2      7517      7525      7526      7518      7520      7528      7527      7519
 -1       656    1    0    1
 -2      7525      2471      2472      7526      7528      2474      2473      7527
 -1       657    1    0    1
 -2      2521      7533      7534      2522      2524      7536      7535      2523
 -1       658    1    0    1
 -2      7533      7541      7542      7534      7536      7544      7543      7535
 -1       659    1    0    1
 -2      7541      7549      7550      7542      7544      7552      7551      7543
 -1       660    1    0    1
 -2      7549      7557      7558      7550      7552      7560      7559      7551
 -1       661    1    0    1
 -2      7557      7565      7566      7558      7560      7568      7567      7559
 -1       662    1    0    1
 -2      7565      7573      7574      7566      7568      7576      7575      7567
 -1       663    1    0    1
 -2      7573      7581      7582      7574      7576      7584      7583      7575
 -1       664    1    0    1
 -2      7581      7589      7590      7582      7584      7592      7591      7583
 -1       665    1    0    1
 -2      7589      7597      7598      7590      7592      7600      7599      7591
 -1       666    1    0    1
 -2      7597      7605      7606      7598      7600      7608      7607      7599
 -1       667    1    0    1
 -2      7605      7613      7614      7606      7608      7616      7615      7607
 -1       668    1    0    1
 -2      7613      7621      7622      7614      7616      7624      7623      7615
 -1       669    1    0    1
 -2      7621      7629      7630      7622      7624      7632      7631      7623
 -1       670    1    0    1
 -2      7629      7637      7638      7630      7632      7640      7639      7631
 -1       671    1    0    1
 -2      7637      7645      7646      7638      7640      7648      7647      7639
 -1       672    1    0    1
 -2      7645      2571      2572      7646      7648      2574      2573      7647
 -1       673    1    0    1
 -2      2429      7653      7654      2430      2432      7656      7655      2431
 -1       674    1    0    1
 -2      7653      7661      7662      7654      7656      7664      7663      7655
 -1       675    1    0    1
 -2      7661      7669      7670      7662      7664      7672      7671      7663
 -1       676    1    0    1
 -2      7669      7677      7678      7670      7672      7680      7679      7671
 -1       677    1    0    1
 -2      7677      7685      7686      7678      7680      7688      7687      7679
 -1       678    1    0    1
 -2      7685      7693      7694      7686      7688      7696      7695      7687
 -1       679    1    0    1
 -2      7693      7701      7702      7694      7696      7704      7703      7695
 -1       680    1    0    1
 -2      7701      7709      7710      7702      7704      7712      7711      7703
 -1       681    1    0    1
 -2      7709      7717      7718      7710      7712      7720      7719      7711
 -1       682    1    0    1
 -2      7717      7725      7726      7718      7720      7728      7727      7719
 -1       683    1    0    1
 -2      7725      7733      7734      7726      7728      7736      7735      7727
 -1       684    1    0    1
 -2      7733      7741      7742      7734      7736      7744      7743      7735
 -1       685    1    0    1
 -2      7741      7749      7750      7742      7744      7752      7751      7743
 -1       686    1    0    1
 -2      7749      7757      7758      7750      7752      7760      7759      7751
 -1       687    1    0    1
 -2      7757      7765      7766      7758      7760      7768      7767      7759
 -1       688    1    0    1
 -2      7765      2529      2530      7766      7768      2532      2531      7767
 -1       689    1    0    1
 -2      2479      7773      7774      2480      2482      7776      7775      2481
 -1       690    1    0    1
 -2      7773      7781      7782      7774      7776      7784      7783      7775
 -1       691    1    0    1
 -2      7781      7789      7790      7782      7784      7792      7791      7783
 -1       692    1    0    1
 -2      7789      7797      7798      7790      7792      7800      7799      7791
 -1       693    1    0    1
 -2      7797      7805      7806      7798      7800      7808      7807      7799
 -1       694    1    0    1
 -2      7805      7813      7814      7806      7808      7816      7815      7807
 -1       695    1    0    1
 -2      7813      7821      7822      7814      7816      7824      7823      7815
 -1       696    1    0    1
 -2      7821      7829      7830      7822      7824      7832      7831      7823
 -1       697    1    0    1
 -2      7829      7837      7838      7830      7832      7840      7839      7831
 -1       698    1    0    1
 -2      7837      7845      7846      7838      7840      7848      7847      7839
 -1       699    1    0    1
 -2      7845      7853      7854      7846      7848      7856      7855      7847
 -1       700    1    0    1
 -2      7853      7861      7862      7854      7856      7864      7863      7855
 -1       701    1    0    1
 -2      7861      7869      7870      7862      7864      7872      7871      7863
 -1       702    1    0    1
 -2      7869      7877      7878      7870      7872      7880      7879      7871
 -1       703    1    0    1
 -2      7877      7885      7886      7878      7880      7888      7887      7879
 -1       704    1    0    1
 -2      7885      2579      2580      7886      7888      2582      2581      7887
 -1       705    1    0    1
 -2      1285      7893      7894      1286      1288      7896      7895      1287
 -1       706    1    0    1
 -2      7893      7901      7902      7894      7896      7904      7903      7895
 -1       707    1    0    1
 -2      7901      7909      7910      7902      7904      7912      7911      7903
 -1       708    1    0    1
 -2      7909      7917      7918      7910      7912      7920      7919      7911
 -1       709    1    0    1
 -2      7917      7925      7926      7918      7920      7928      7927      7919
 -1       710    1    0    1
 -2      7925      7933      7934      7926      7928      7936      7935      7927
 -1       711    1    0    1
 -2      7933      7941      7942      7934      7936      7944      7943      7935
 -1       712    1    0    1
 -2      7941      7949      7950      7942      7944      7952      7951      7943
 -1       713    1    0    1
 -2      7949      7957      7958      7950      7952      7960      7959      7951
 -1       714    1    0    1
 -2      7957      7965      7966      7958      7960      7968      7967      7959
 -1       715    1    0    1
 -2      7965      7973      7974      7966      7968      7976      7975      7967
 -1       716    1    0    1
 -2      7973      7981      7982      7974      7976      7984      7983      7975
 -1       717    1    0    1
 -2      7981      7989      7990      7982      7984      7992      7991      7983
 -1       718    1    0    1
 -2      7989      7997      7998      7990      7992      8000      7999      7991
 -1       719    1    0    1
 -2      7997      8005      8006      7998      8000      8008      8007      7999
 -1       720    1    0    1
 -2      8005      1601      1602      8006      8008      1604      1603      8007
 -1       721    1    0    1
 -2      1385      8013      8014      1386      1388      8016      8015      1387
 -1       722    1    0    1
 -2      8013      8021      8022      8014      8016      8024      8023      8015
 -1       723    1    0    1
 -2      8021      8029      8030      8022      8024      8032      8031      8023
 -1       724    1    0    1
 -2      8029      8037      8038      8030      8032      8040      8039      8031
 -1       725    1    0    1
 -2      8037      8045      8046      8038      8040      8048      8047      8039
 -1       726    1    0    1
 -2      8045      8053      8054      8046      8048      8056      8055      8047
 -1       727    1    0    1
 -2      8053      8061      8062      8054      8056      8064      8063      8055
 -1       728    1    0    1
 -2      8061      8069      8070      8062      8064      8072      8071      8063
 -1       729    1    0    1
 -2      8069      8077      8078      8070      8072      8080      8079      8071
 -1       730    1    0    1
 -2      8077      8085      8086      8078      8080      8088      8087      8079
 -1       731    1    0    1
 -2      8085      8093      8094      8086      8088      8096      8095      8087
 -1       732    1    0    1
 -2      8093      8101      8102      8094      8096      8104      8103      8095
 -1       733    1    0    1
 -2      8101      8109      8110      8102      8104      8112      8111      8103
 -1       734    1    0    1
 -2      8109      8117      8118      8110      8112      8120      8119      8111
 -1       735    1    0    1
 -2      8117      8125      8126      8118      8120      8128      8127      8119
 -1       736    1    0    1
 -2      8125      1485      1486      8126      8128      1488      1487      8127
 -1       737    1    0    1
 -2      1335      8133      8134      1336      1338      8136      8135      1337
 -1       738    1    0    1
 -2      8133      8141      8142      8134      8136      8144      8143      8135
 -1       739    1    0    1
 -2      8141      8149      8150      8142      8144      8152      8151      8143
 -1       740    1    0    1
 -2      8149      8157      8158      8150      8152      8160      8159      8151
 -1       741    1    0    1
 -2      8157      8165      8166      8158      8160      8168      8167      8159
 -1       742    1    0    1
 -2      8165      8173      8174      8166      8168      8176      8175      8167
 -1       743    1    0    1
 -2      8173      8181      8182      8174      8176      8184      8183      8175
 -1       744    1    0    1
 -2      8181      8189      8190      8182      8184      8192      8191      8183
 -1       745    1    0    1
 -2      8189      8197      8198      8190      8192      8200      8199      8191
 -1       746    1    0    1
 -2      8197      8205      8206      8198      8200      8208      8207      8199
 -1       747    1    0    1
 -2      8205      8213      8214      8206      8208      8216      8215      8207
 -1       748    1    0    1
 -2      8213      8221      8222      8214      8216      8224      8223      8215
 -1       749    1    0    1
 -2      8221      8229      8230      8222      8224      8232      8231      8223
 -1       750    1    0    1
 -2      8229      8237      8238      8230      8232      8240      8239      8231
 -1       751    1    0    1
 -2      8237      8245      8246      8238      8240      8248      8247      8239
 -1       752    1    0    1
 -2      8245      1667      1668      8246      8248      1670      1669      8247
 -1       753    1    0    1
 -2      1435      8253      8254      1436      1438      8256      8255      1437
 -1       754    1    0    1
 -2      8253      8261      8262      8254      8256      8264      8263      8255
 -1       755    1    0    1
 -2      8261      8269      8270      8262      8264      8272      8271      8263
 -1       756    1    0    1
 -2      8269      8277      8278      8270      8272      8280      8279      8271
 -1       757    1    0    1
 -2      8277      8285      8286      8278      8280      8288      8287      8279
 -1       758    1    0    1
 -2      8285      8293      8294      8286      8288      8296      8295      8287
 -1       759    1    0    1
 -2      8293      8301      8302      8294      8296      8304      8303      8295
 -1       760    1    0    1
 -2      8301      8309      8310      8302      8304      8312      8311      8303
 -1       761    1    0    1
 -2      8309      8317      8318      8310      8312      8320      8319      8311
 -1       762    1    0    1
 -2      8317      8325      8326      8318      8320      8328      8327      8319
 -1       763    1    0    1
 -2      8325      8333      8334      8326      8328      8336      8335      8327
 -1       764    1    0    1
 -2      8333      8341      8342      8334      8336      8344      8343      8335
 -1       765    1    0    1
 -2      8341      8349      8350      8342      8344      8352      8351      8343
 -1       766    1    0    1
 -2      8349      8357      8358      8350      8352      8360      8359      8351
 -1       767    1    0    1
 -2      8357      8365      8366      8358      8360      8368      8367      8359
 -1       768    1    0    1
 -2      8365      1551      1552      8366      8368      1554      1553      8367
 -1       769    1    0    1
 -2      1285      8373      8374      1286      1288      8376      8375      1287
 -1       770    1    0    1
 -2      8373      8381      8382      8374      8376      8384      8383      8375
 -1       771    1    0    1
 -2      8381      8389      8390      8382      8384      8392      8391      8383
 -1       772    1    0    1
 -2      8389      8397      8398      8390      8392      8400      8399      8391
 -1       773    1    0    1
 -2      8397      8405      8406      8398      8400      8408      8407      8399
 -1       774    1    0    1
 -2      8405      8413      8414      8406      8408      8416      8415      8407
 -1       775    1    0    1
 -2      8413      8421      8422      8414      8416      8424      8423      8415
 -1       776    1    0    1
 -2      8421      8429      8430      8422      8424      8432      8431      8423
 -1       777    1    0    1
 -2      8429      8437      8438      8430      8432      8440      8439      8431
 -1       778    1    0    1
 -2      8437      8445      8446      8438      8440      8448      8447      8439
 -1       779    1    0    1
 -2      8445      8453      8454      8446      8448      8456      8455      8447
 -1       780    1    0    1
 -2      8453      8461      8462      8454      8456      8464      8463      8455
 -1       781    1    0    1
 -2      8461      8469      8470      8462      8464      8472      8471      8463
 -1       782    1    0    1
 -2      8469      8477      8478      8470      8472      8480      8479      8471
 -1       783    1    0    1
 -2      8477      8485      8486      8478      8480      8488      8487      8479
 -1       784    1    0    1
 -2      8485      1551      1552      8486      8488      1554      1553      8487
 -1       785    1    0    1
 -2      1335      8493      8494      1336      1338      8496      8495      1337
 -1       786    1    0    1
 -2      8493      8501      8502      8494      8496      8504      8503      8495
 -1       787    1    0    1
 -2      8501      8509      8510      8502      8504      8512      8511      8503
 -1       788    1    0    1
 -2      8509      8517      8518      8510      8512      8520      8519      8511
 -1       789    1    0    1
 -2      8517      8525      8526      8518      8520      8528      8527      8519
 -1       790    1    0    1
 -2      8525      8533      8534      8526      8528      8536      8535      8527
 -1       791    1    0    1
 -2      8533      8541      8542      8534      8536      8544      8543      8535
 -1       792    1    0    1
 -2      8541      8549      8550      8542      8544      8552      8551      8543
 -1       793    1    0    1
 -2      8549      8557      8558      8550      8552      8560      8559      8551
 -1       794    1    0    1
 -2      8557      8565      8566      8558      8560      8568      8567      8559
 -1       795    1    0    1
 -2      8565      8573      8574      8566      8568      8576      8575      8567
 -1       796    1    0    1
 -2      8573      8581      8582      8574      8576      8584      8583      8575
 -1       797    1    0    1
 -2      8581      8589      8590      8582      8584      8592      8591      8583
 -1       798    1    0    1
 -2      8589      8597      8598      8590      8592      8600      8599      8591
 -1       799    1    0    1
 -2      8597      8605      8606      8598      8600      8608      8607      8599
 -1       800    1    0    1
 -2      8605      1485      1486      8606      8608      1488      1487      8607
 -1       801    1    0    1
 -2      1385      8613      8614      1386      1388      8616      8615      1387
 -1       802    1    0    1
 -2      8613      8621      8622      8614      8616      8624      8623      8615
 -1       803    1    0    1
 -2      8621      8629      8630      8622      8624      8632      8631      8623
 -1       804    1    0    1
 -2      8629      8637      8638      8630      8632      8640      8639      8631
 -1       805    1    0    1
 -2      8637      8645      8646      8638      8640      8648      8647      8639
 -1       806    1    0    1
 -2      8645      8653      8654      8646      8648      8656      8655      8647
 -1       807    1    0    1
 -2      8653      8661      8662      8654      8656      8664      8663      8655
 -1       808    1    0    1
 -2      8661      8669      8670      8662      8664      8672      8671      8663
 -1       809    1    0    1
 -2      8669      8677      8678      8670      8672      8680      8679      8671
 -1       810    1    0    1
 -2      8677      8685      8686      8678      8680      8688      8687      8679
 -1       811    1    0    1
 -2      8685      8693      8694      8686      8688      8696      8695      8687
 -1       812    1    0    1
 -2      8693      8701      8702      8694      8696      8704      8703      8695
 -1       813    1    0    1
 -2      8701      8709      8710      8702      8704      8712      8711      8703
 -1       814    1    0    1
 -2      8709      8717      8718      8710      8712      8720      8719      8711
 -1       815    1    0    1
 -2      8717      8725      8726      8718      8720      8728      8727      8719
 -1       816    1    0    1
 -2      8725      1667      1668      8726      8728      1670      1669      8727
 -1       817    1    0    1
 -2      1435      8733      8734      1436      1438      8736      8735      1437
 -1       818    1    0    1
 -2      8733      8741      8742      8734      8736      8744      8743      8735
 -1       819    1    0    1
 -2      8741      8749      8750      8742      8744      8752      8751      8743
 -1       820    1    0    1
 -2      8749      8757      8758      8750      8752      8760      8759      8751
 -1       821    1    0    1
 -2      8757      8765      8766      8758      8760      8768      8767      8759
 -1       822    1    0    1
 -2      8765      8773      8774      8766      8768      8776      8775      8767
 -1       823    1    0    1
 -2      8773      8781      8782      8774      8776      8784      8783      8775
 -1       824    1    0    1
 -2      8781      8789      8790      8782      8784      8792      8791      8783
 -1       825    1    0    1
 -2      8789      8797      8798      8790      8792      8800      8799      8791
 -1       826    1    0    1
 -2      8797      8805      8806      8798      8800      8808      8807      8799
 -1       827    1    0    1
 -2      8805      8813      8814      8806      8808      8816      8815      8807
 -1       828    1    0    1
 -2      8813      8821      8822      8814      8816      8824      8823      8815
 -1       829    1    0    1
 -2      8821      8829      8830      8822      8824      8832      8831      8823
 -1       830    1    0    1
 -2      8829      8837      8838      8830      8832      8840      8839      8831
 -1       831    1    0    1
 -2      8837      8845      8846      8838      8840      8848      8847      8839
 -1       832    1    0    1
 -2      8845      1601      1602      8846      8848      1604      1603      8847
 -1       833    1    0    1
 -2      1485      8853      8854      1486      1488      8856      8855      1487
 -1       834    1    0    1
 -2      8853      8861      8862      8854      8856      8864      8863      8855
 -1       835    1    0    1
 -2      8861      8869      8870      8862      8864      8872      8871      8863
 -1       836    1    0    1
 -2      8869      8877      8878      8870      8872      8880      8879      8871
 -1       837    1    0    1
 -2      8877      8885      8886      8878      8880      8888      8887      8879
 -1       838    1    0    1
 -2      8885      8893      8894      8886      8888      8896      8895      8887
 -1       839    1    0    1
 -2      8893      8901      8902      8894      8896      8904      8903      8895
 -1       840    1    0    1
 -2      8901      8909      8910      8902      8904      8912      8911      8903
 -1       841    1    0    1
 -2      8909      8917      8918      8910      8912      8920      8919      8911
 -1       842    1    0    1
 -2      8917      8925      8926      8918      8920      8928      8927      8919
 -1       843    1    0    1
 -2      8925      8933      8934      8926      8928      8936      8935      8927
 -1       844    1    0    1
 -2      8933      8941      8942      8934      8936      8944      8943      8935
 -1       845    1    0    1
 -2      8941      8949      8950      8942      8944      8952      8951      8943
 -1       846    1    0    1
 -2      8949      8957      8958      8950      8952      8960      8959      8951
 -1       847    1    0    1
 -2      8957      8965      8966      8958      8960      8968      8967      8959
 -1       848    1    0    1
 -2      8965      1833      1834      8966      8968      1836      1835      8967
 -1       849    1    0    1
 -2      1625      8973      8974      1626      1628      8976      8975      1627
 -1       850    1    0    1
 -2      8973      8981      8982      8974      8976      8984      8983      8975
 -1       851    1    0    1
 -2      8981      8989      8990      8982      8984      8992      8991      8983
 -1       852    1    0    1
 -2      8989      8997      8998      8990      8992      9000      8999      8991
 -1       853    1    0    1
 -2      8997      9005      9006      8998      9000      9008      9007      8999
 -1       854    1    0    1
 -2      9005      9013      9014      9006      9008      9016      9015      9007
 -1       855    1    0    1
 -2      9013      9021      9022      9014      9016      9024      9023      9015
 -1       856    1    0    1
 -2      9021      9029      9030      9022      9024      9032      9031      9023
 -1       857    1    0    1
 -2      9029      9037      9038      9030      9032      9040      9039      9031
 -1       858    1    0    1
 -2      9037      9045      9046      9038      9040      9048      9047      9039
 -1       859    1    0    1
 -2      9045      9053      9054      9046      9048      9056      9055      9047
 -1       860    1    0    1
 -2      9053      9061      9062      9054      9056      9064      9063      9055
 -1       861    1    0    1
 -2      9061      9069      9070      9062      9064      9072      9071      9063
 -1       862    1    0    1
 -2      9069      9077      9078      9070      9072      9080      9079      9071
 -1       863    1    0    1
 -2      9077      9085      9086      9078      9080      9088      9087      9079
 -1       864    1    0    1
 -2      9085      1717      1718      9086      9088      1720      1719      9087
 -1       865    1    0    1
 -2      1551      9093      9094      1552      1554      9096      9095      1553
 -1       866    1    0    1
 -2      9093      9101      9102      9094      9096      9104      9103      9095
 -1       867    1    0    1
 -2      9101      9109      9110      9102      9104      9112      9111      9103
 -1       868    1    0    1
 -2      9109      9117      9118      9110      9112      9120      9119      9111
 -1       869    1    0    1
 -2      9117      9125      9126      9118      9120      9128      9127      9119
 -1       870    1    0    1
 -2      9125      9133      9134      9126      9128      9136      9135      9127
 -1       871    1    0    1
 -2      9133      9141      9142      9134      9136      9144      9143      9135
 -1       872    1    0    1
 -2      9141      9149      9150      9142      9144      9152      9151      9143
 -1       873    1    0    1
 -2      9149      9157      9158      9150      9152      9160      9159      9151
 -1       874    1    0    1
 -2      9157      9165      9166      9158      9160      9168      9167      9159
 -1       875    1    0    1
 -2      9165      9173      9174      9166      9168      9176      9175      9167
 -1       876    1    0    1
 -2      9173      9181      9182      9174      9176      9184      9183      9175
 -1       877    1    0    1
 -2      9181      9189      9190      9182      9184      9192      9191      9183
 -1       878    1    0    1
 -2      9189      9197      9198      9190      9192      9200      9199      9191
 -1       879    1    0    1
 -2      9197      9205      9206      9198      9200      9208      9207      9199
 -1       880    1    0    1
 -2      9205      1899      1900      9206      9208      1902      1901      9207
 -1       881    1    0    1
 -2      1667      9213      9214      1668      1670      9216      9215      1669
 -1       882    1    0    1
 -2      9213      9221      9222      9214      9216      9224      9223      9215
 -1       883    1    0    1
 -2      9221      9229      9230      9222      9224      9232      9231      9223
 -1       884    1    0    1
 -2      9229      9237      9238      9230      9232      9240      9239      9231
 -1       885    1    0    1
 -2      9237      9245      9246      9238      9240      9248      9247      9239
 -1       886    1    0    1
 -2      9245      9253      9254      9246      9248      9256      9255      9247
 -1       887    1    0    1
 -2      9253      9261      9262      9254      9256      9264      9263      9255
 -1       888    1    0    1
 -2      9261      9269      9270      9262      9264      9272      9271      9263
 -1       889    1    0    1
 -2      9269      9277      9278      9270      9272      9280      9279      9271
 -1       890    1    0    1
 -2      9277      9285      9286      9278      9280      9288      9287      9279
 -1       891    1    0    1
 -2      9285      9293      9294      9286      9288      9296      9295      9287
 -1       892    1    0    1
 -2      9293      9301      9302      9294      9296      9304      9303      9295
 -1       893    1    0    1
 -2      9301      9309      9310      9302      9304      9312      9311      9303
 -1       894    1    0    1
 -2      9309      9317      9318      9310      9312      9320      9319      9311
 -1       895    1    0    1
 -2      9317      9325      9326      9318      9320      9328      9327      9319
 -1       896    1    0    1
 -2      9325      1783      1784      9326      9328      1786      1785      9327
 -1       897    1    0    1
 -2      1509      9333      9334      1510      1512      9336      9335      1511
 -1       898    1    0    1
 -2      9333      9341      9342      9334      9336      9344      9343      9335
 -1       899    1    0    1
 -2      9341      9349      9350      9342      9344      9352      9351      9343
 -1       900    1    0    1
 -2      9349      9357      9358      9350      9352      9360      9359      9351
 -1       901    1    0    1
 -2      9357      9365      9366      9358      9360      9368      9367      9359
 -1       902    1    0    1
 -2      9365      9373      9374      9366      9368      9376      9375      9367
 -1       903    1    0    1
 -2      9373      9381      9382      9374      9376      9384      9383      9375
 -1       904    1    0    1
 -2      9381      9389      9390      9382      9384      9392      9391      9383
 -1       905    1    0    1
 -2      9389      9397      9398      9390      9392      9400      9399      9391
 -1       906    1    0    1
 -2      9397      9405      9406      9398      9400      9408      9407      9399
 -1       907    1    0    1
 -2      9405      9413      9414      9406      9408      9416      9415      9407
 -1       908    1    0    1
 -2      9413      9421      9422      9414      9416      9424      9423      9415
 -1       909    1    0    1
 -2      9421      9429      9430      9422      9424      9432      9431      9423
 -1       910    1    0    1
 -2      9429      9437      9438      9430      9432      9440      9439      9431
 -1       911    1    0    1
 -2      9437      9445      9446      9438      9440      9448      9447      9439
 -1       912    1    0    1
 -2      9445      1783      1784      9446      9448      1786      1785      9447
 -1       913    1    0    1
 -2      1551      9453      9454      1552      1554      9456      9455      1553
 -1       914    1    0    1
 -2      9453      9461      9462      9454      9456      9464      9463      9455
 -1       915    1    0    1
 -2      9461      9469      9470      9462      9464      9472      9471      9463
 -1       916    1    0    1
 -2      9469      9477      9478      9470      9472      9480      9479      9471
 -1       917    1    0    1
 -2      9477      9485      9486      9478      9480      9488      9487      9479
 -1       918    1    0    1
 -2      9485      9493      9494      9486      9488      9496      9495      9487
 -1       919    1    0    1
 -2      9493      9501      9502      9494      9496      9504      9503      9495
 -1       920    1    0    1
 -2      9501      9509      9510      9502      9504      9512      9511      9503
 -1       921    1    0    1
 -2      9509      9517      9518      9510      9512      9520      9519      9511
 -1       922    1    0    1
 -2      9517      9525      9526      9518      9520      9528      9527      9519
 -1       923    1    0    1
 -2      9525      9533      9534      9526      9528      9536      9535      9527
 -1       924    1    0    1
 -2      9533      9541      9542      9534      9536      9544      9543      9535
 -1       925    1    0    1
 -2      9541      9549      9550      9542      9544      9552      9551      9543
 -1       926    1    0    1
 -2      9549      9557      9558      9550      9552      9560      9559      9551
 -1       927    1    0    1
 -2      9557      9565      9566      9558      9560      9568      9567      9559
 -1       928    1    0    1
 -2      9565      1717      1718      9566      9568      1720      1719      9567
 -1       929    1    0    1
 -2      1625      9573      9574      1626      1628      9576      9575      1627
 -1       930    1    0    1
 -2      9573      9581      9582      9574      9576      9584      9583      9575
 -1       931    1    0    1
 -2      9581      9589      9590      9582      9584      9592      9591      9583
 -1       932    1    0    1
 -2      9589      9597      9598      9590      9592      9600      9599      9591
 -1       933    1    0    1
 -2      9597      9605      9606      9598      9600      9608      9607      9599
 -1       934    1    0    1
 -2      9605      9613      9614      9606      9608      9616      9615      9607
 -1       935    1    0    1
 -2      9613      9621      9622      9614      9616      9624      9623      9615
 -1       936    1    0    1
 -2      9621      9629      9630      9622      9624      9632      9631      9623
 -1       937    1    0    1
 -2      9629      9637      9638      9630      9632      9640      9639      9631
 -1       938    1    0    1
 -2      9637      9645      9646      9638      9640      9648      9647      9639
 -1       939    1    0    1
 -2      9645      9653      9654      9646      9648      9656      9655      9647
 -1       940    1    0    1
 -2      9653      9661      9662      9654      9656      9664      9663      9655
 -1       941    1    0    1
 -2      9661      9669      9670      9662      9664      9672      9671      9663
 -1       942    1    0    1
 -2      9669      9677      9678      9670      9672      9680      9679      9671
 -1       943    1    0    1
 -2      9677      9685      9686      9678      9680      9688      9687      9679
 -1       944    1    0    1
 -2      9685      1899      1900      9686      9688      1902      1901      9687
 -1       945    1    0    1
 -2      1667      9693      9694      1668      1670      9696      9695      1669
 -1       946    1    0    1
 -2      9693      9701      9702      9694      9696      9704      9703      9695
 -1       947    1    0    1
 -2      9701      9709      9710      9702      9704      9712      9711      9703
 -1       948    1    0    1
 -2      9709      9717      9718      9710      9712      9720      9719      9711
 -1       949    1    0    1
 -2      9717      9725      9726      9718      9720      9728      9727      9719
 -1       950    1    0    1
 -2      9725      9733      9734      9726      9728      9736      9735      9727
 -1       951    1    0    1
 -2      9733      9741      9742      9734      9736      9744      9743      9735
 -1       952    1    0    1
 -2      9741      9749      9750      9742      9744      9752      9751      9743
 -1       953    1    0    1
 -2      9749      9757      9758      9750      9752      9760      9759      9751
 -1       954    1    0    1
 -2      9757      9765      9766      9758      9760      9768      9767      9759
 -1       955    1    0    1
 -2      9765      9773      9774      9766      9768      9776      9775      9767
 -1       956    1    0    1
 -2      9773      9781      9782      9774      9776      9784      9783      9775
 -1       957    1    0    1
 -2      9781      9789      9790      9782      9784      9792      9791      9783
 -1       958    1    0    1
 -2      9789      9797      9798      9790      9792      9800      9799      9791
 -1       959    1    0    1
 -2      9797      9805      9806      9798      9800      9808      9807      9799
 -1       960    1    0    1
 -2      9805      1833      1834      9806      9808      1836      1835      9807
 -1       961    1    0    1
 -2      1717      9813      9814      1718      1720      9816      9815      1719
 -1       962    1    0    1
 -2      9813      9821      9822      9814      9816      9824      9823      9815
 -1       963    1    0    1
 -2      9821      9829      9830      9822      9824      9832      9831      9823
 -1       964    1    0    1
 -2      9829      9837      9838      9830      9832      9840      9839      9831
 -1       965    1    0    1
 -2      9837      9845      9846      9838      9840      9848      9847      9839
 -1       966    1    0    1
 -2      9845      9853      9854      9846      9848      9856      9855      9847
 -1       967    1    0    1
 -2      9853      9861      9862      9854      9856      9864      9863      9855
 -1       968    1    0    1
 -2      9861      9869      9870      9862      9864      9872      9871      9863
 -1       969    1    0    1
 -2      9869      9877      9878      9870      9872      9880      9879      9871
 -1       970    1    0    1
 -2      9877      9885      9886      9878      9880      9888      9887      9879
 -1       971    1    0    1
 -2      9885      9893      9894      9886      9888      9896      9895      9887
 -1       972    1    0    1
 -2      9893      9901      9902      9894      9896      9904      9903      9895
 -1       973    1    0    1
 -2      9901      9909      9910      9902      9904      9912      9911      9903
 -1       974    1    0    1
 -2      9909      9917      9918      9910      9912      9920      9919      9911
 -1       975    1    0    1
 -2      9917      9925      9926      9918      9920      9928      9927      9919
 -1       976    1    0    1
 -2      9925      2065      2066      9926      9928      2068      2067      9927
 -1       977    1    0    1
 -2      1857      9933      9934      1858      1860      9936      9935      1859
 -1       978    1    0    1
 -2      9933      9941      9942      9934      9936      9944      9943      9935
 -1       979    1    0    1
 -2      9941      9949      9950      9942      9944      9952      9951      9943
 -1       980    1    0    1
 -2      9949      9957      9958      9950      9952      9960      9959      9951
 -1       981    1    0    1
 -2      9957      9965      9966      9958      9960      9968      9967      9959
 -1       982    1    0    1
 -2      9965      9973      9974      9966      9968      9976      9975      9967
 -1       983    1    0    1
 -2      9973      9981      9982      9974      9976      9984      9983      9975
 -1       984    1    0    1
 -2      9981      9989      9990      9982      9984      9992      9991      9983
 -1       985    1    0    1
 -2      9989      9997      9998      9990      9992     10000      9999      9991
 -1       986    1    0    1
 -2      9997     10005     10006      9998     10000     10008     10007      9999
 -1       987    1    0    1
 -2     10005     10013     10014     10006     10008     10016     10015     10007
 -1       988    1    0    1
 -2     10013     10021     10022     10014     10016     10024     10023     10015
 -1       989    1    0    1
 -2     10021     10029     10030     10022     10024     10032     10031     10023
 -1       990    1    0    1
 -2     10029     10037     10038     10030     10032     10040     10039     10031
 -1       991    1    0    1
 -2     10037     10045     10046     10038     10040     10048     10047     10039
 -1       992    1    0    1
 -2     10045      1949      1950     10046     10048      1952      1951     10047
 -1       993    1    0    1
 -2      1783     10053     10054      1784      1786     10056     10055      1785
 -1       994    1    0    1
 -2     10053     10061     10062     10054     10056     10064     10063     10055
 -1       995    1    0    1
 -2     10061     10069     10070     10062     10064     10072     10071     10063
 -1       996    1    0    1
 -2     10069     10077     10078     10070     10072     10080     10079     10071
 -1       997    1    0    1
 -2     10077     10085     10086     10078     10080     10088     10087     10079
 -1       998    1    0    1
 -2     10085     10093     10094     10086     10088     10096     10095     10087
 -1       999    1    0    1
 -2     10093     10101     10102     10094     10096     10104     10103     10095
 -1      1000    1    0    1
 -2     10101     10109     10110     10102     10104     10112     10111     10103
 -1      1001    1    0    1
 -2     10109     10117     10118     10110     10112     10120     10119     10111
 -1      1002    1    0    1
 -2     10117     10125     10126     10118     10120     10128     10127     10119
 -1      1003    1    0    1
 -2     10125     10133     10134     10126     10128     10136     10135     10127
 -1      1004    1    0    1
 -2     10133     10141     10142     10134     10136     10144     10143     10135
 -1      1005    1    0    1
 -2     10141     10149     10150     10142     10144     10152     10151     10143
 -1      1006    1    0    1
 -2     10149     10157     10158     10150     10152     10160     10159     10151
 -1      1007    1    0    1
 -2     10157     10165     10166     10158     10160     10168     10167     10159
 -1      1008    1    0    1
 -2     10165      2131      2132     10166     10168      2134      2133     10167
 -1      1009    1    0    1
 -2      1899     10173     10174      1900      1902     10176     10175      1901
 -1      1010    1    0    1
 -2     10173     10181     10182     10174     10176     10184     10183     10175
 -1      1011    1    0    1
 -2     10181     10189     10190     10182     10184     10192     10191     10183
 -1      1012    1    0    1
 -2     10189     10197     10198     10190     10192     10200     10199     10191
 -1      1013    1    0    1
 -2     10197     10205     10206     10198     10200     10208     10207     10199
 -1      1014    1    0    1
 -2     10205     10213     10214     10206     10208     10216     10215     10207
 -1      1015    1    0    1
 -2     10213     10221     10222     10214     10216     10224     10223     10215
 -1      1016    1    0    1
 -2     10221     10229     10230     10222     10224     10232     10231     10223
 -1      1017    1    0    1
 -2     10229     10237     10238     10230     10232     10240     10239     10231
 -1      1018    1    0    1
 -2     10237     10245     10246     10238     10240     10248     10247     10239
 -1      1019    1    0    1
 -2     10245     10253     10254     10246     10248     10256     10255     10247
 -1      1020    1    0    1
 -2     10253     10261     10262     10254     10256     10264     10263     10255
 -1      1021    1    0    1
 -2     10261     10269     10270     10262     10264     10272     10271     10263
 -1      1022    1    0    1
 -2     10269     10277     10278     10270     10272     10280     10279     10271
 -1      1023    1    0    1
 -2     10277     10285     10286     10278     10280     10288     10287     10279
 -1      1024    1    0    1
 -2     10285      2015      2016     10286     10288      2018      2017     10287
 -1      1025    1    0    1
 -2      1741     10293     10294      1742      1744     10296     10295      1743
 -1      1026    1    0    1
 -2     10293     10301     10302     10294     10296     10304     10303     10295
 -1      1027    1    0    1
 -2     10301     10309     10310     10302     10304     10312     10311     10303
 -1      1028    1    0    1
 -2     10309     10317     10318     10310     10312     10320     10319     10311
 -1      1029    1    0    1
 -2     10317     10325     10326     10318     10320     10328     10327     10319
 -1      1030    1    0    1
 -2     10325     10333     10334     10326     10328     10336     10335     10327
 -1      1031    1    0    1
 -2     10333     10341     10342     10334     10336     10344     10343     10335
 -1      1032    1    0    1
 -2     10341     10349     10350     10342     10344     10352     10351     10343
 -1      1033    1    0    1
 -2     10349     10357     10358     10350     10352     10360     10359     10351
 -1      1034    1    0    1
 -2     10357     10365     10366     10358     10360     10368     10367     10359
 -1      1035    1    0    1
 -2     10365     10373     10374     10366     10368     10376     10375     10367
 -1      1036    1    0    1
 -2     10373     10381     10382     10374     10376     10384     10383     10375
 -1      1037    1    0    1
 -2     10381     10389     10390     10382     10384     10392     10391     10383
 -1      1038    1    0    1
 -2     10389     10397     10398     10390     10392     10400     10399     10391
 -1      1039    1    0    1
 -2     10397     10405     10406     10398     10400     10408     10407     10399
 -1      1040    1    0    1
 -2     10405      2015      2016     10406     10408      2018      2017     10407
 -1      1041    1    0    1
 -2      1783     10413     10414      1784      1786     10416     10415      1785
 -1      1042    1    0    1
 -2     10413     10421     10422     10414     10416     10424     10423     10415
 -1      1043    1    0    1
 -2     10421     10429     10430     10422     10424     10432     10431     10423
 -1      1044    1    0    1
 -2     10429     10437     10438     10430     10432     10440     10439     10431
 -1      1045    1    0    1
 -2     10437     10445     10446     10438     10440     10448     10447     10439
 -1      1046    1    0    1
 -2     10445     10453     10454     10446     10448     10456     10455     10447
 -1      1047    1    0    1
 -2     10453     10461     10462     10454     10456     10464     10463     10455
 -1      1048    1    0    1
 -2     10461     10469     10470     10462     10464     10472     10471     10463
 -1      1049    1    0    1
 -2     10469     10477     10478     10470     10472     10480     10479     10471
 -1      1050    1    0    1
 -2     10477     10485     10486     10478     10480     10488     10487     10479
 -1      1051    1    0    1
 -2     10485     10493     10494     10486     10488     10496     10495     10487
 -1      1052    1    0    1
 -2     10493     10501     10502     10494     10496     10504     10503     10495
 -1      1053    1    0    1
 -2     10501     10509     10510     10502     10504     10512     10511     10503
 -1      1054    1    0    1
 -2     10509     10517     10518     10510     10512     10520     10519     10511
 -1      1055    1    0    1
 -2     10517     10525     10526     10518     10520     10528     10527     10519
 -1      1056    1    0    1
 -2     10525      1949      1950     10526     10528      1952      1951     10527
 -1      1057    1    0    1
 -2      1857     10533     10534      1858      1860     10536     10535      1859
 -1      1058    1    0    1
 -2     10533     10541     10542     10534     10536     10544     10543     10535
 -1      1059    1    0    1
 -2     10541     10549     10550     10542     10544     10552     10551     10543
 -1      1060    1    0    1
 -2     10549     10557     10558     10550     10552     10560     10559     10551
 -1      1061    1    0    1
 -2     10557     10565     10566     10558     10560     10568     10567     10559
 -1      1062    1    0    1
 -2     10565     10573     10574     10566     10568     10576     10575     10567
 -1      1063    1    0    1
 -2     10573     10581     10582     10574     10576     10584     10583     10575
 -1      1064    1    0    1
 -2     10581     10589     10590     10582     10584     10592     10591     10583
 -1      1065    1    0    1
 -2     10589     10597     10598     10590     10592     10600     10599     10591
 -1      1066    1    0    1
 -2     10597     10605     10606     10598     10600     10608     10607     10599
 -1      1067    1    0    1
 -2     10605     10613     10614     10606     10608     10616     10615     10607
 -1      1068    1    0    1
 -2     10613     10621     10622     10614     10616     10624     10623     10615
 -1      1069    1    0    1
 -2     10621     10629     10630     10622     10624     10632     10631     10623
 -1      1070    1    0    1
 -2     10629     10637     10638     10630     10632     10640     10639     10631
 -1      1071    1    0    1
 -2     10637     10645     10646     10638     10640     10648     10647     10639
 -1      1072    1    0    1
 -2     10645      2131      2132     10646     10648      2134      2133     10647
 -1      1073    1    0    1
 -2      1899     10653     10654      1900      1902     10656     10655      1901
 -1      1074    1    0    1
 -2     10653     10661     10662     10654     10656     10664     10663     10655
 -1      1075    1    0    1
 -2     10661     10669     10670     10662     10664     10672     10671     10663
 -1      1076    1    0    1
 -2     10669     10677     10678     10670     10672     10680     10679     10671
 -1      1077    1    0    1
 -2     10677     10685     10686     10678     10680     10688     10687     10679
 -1      1078    1    0    1
 -2     10685     10693     10694     10686     10688     10696     10695     10687
 -1      1079    1    0    1
 -2     10693     10701     10702     10694     10696     10704     10703     10695
 -1      1080    1    0    1
 -2     10701     10709     10710     10702     10704     10712     10711     10703
 -1      1081    1    0    1
 -2     10709     10717     10718     10710     10712     10720     10719     10711
 -1      1082    1    0    1
 -2     10717     10725     10726     10718     10720     10728     10727     10719
 -1      1083    1    0    1
 -2     10725     10733     10734     10726     10728     10736     10735     10727
 -1      1084    1    0    1
 -2     10733     10741     10742     10734     10736     10744     10743     10735
 -1      1085    1    0    1
 -2     10741     10749     10750     10742     10744     10752     10751     10743
 -1      1086    1    0    1
 -2     10749     10757     10758     10750     10752     10760     10759     10751
 -1      1087    1    0    1
 -2     10757     10765     10766     10758     10760     10768     10767     10759
 -1      1088    1    0    1
 -2     10765      2065      2066     10766     10768      2068      2067     10767
 -1      1089    1    0    1
 -2      1949     10773     10774      1950      1952     10776     10775      1951
 -1      1090    1    0    1
 -2     10773     10781     10782     10774     10776     10784     10783     10775
 -1      1091    1    0    1
 -2     10781     10789     10790     10782     10784     10792     10791     10783
 -1      1092    1    0    1
 -2     10789     10797     10798     10790     10792     10800     10799     10791
 -1      1093    1    0    1
 -2     10797     10805     10806     10798     10800     10808     10807     10799
 -1      1094    1    0    1
 -2     10805     10813     10814     10806     10808     10816     10815     10807
 -1      1095    1    0    1
 -2     10813     10821     10822     10814     10816     10824     10823     10815
 -1      1096    1    0    1
 -2     10821     10829     10830     10822     10824     10832     10831     10823
 -1      1097    1    0    1
 -2     10829     10837     10838     10830     10832     10840     10839     10831
 -1      1098    1    0    1
 -2     10837     10845     10846     10838     10840     10848     10847     10839
 -1      1099    1    0    1
 -2     10845     10853     10854     10846     10848     10856     10855     10847
 -1      1100    1    0    1
 -2     10853     10861     10862     10854     10856     10864     10863     10855
 -1      1101    1    0    1
 -2     10861     10869     10870     10862     10864     10872     10871     10863
 -1      1102    1    0    1
 -2     10869     10877     10878     10870     10872     10880     10879     10871
 -1      1103    1    0    1
 -2     10877     10885     10886     10878     10880     10888     10887     10879
 -1      1104    1    0    1
 -2     10885      2297      2298     10886     10888      2300      2299     10887
 -1      1105    1    0    1
 -2      2089     10893     10894      2090      2092     10896     10895      2091
 -1      1106    1    0    1
 -2     10893     10901     10902     10894     10896     10904     10903     10895
 -1      1107    1    0    1
 -2     10901     10909     10910     10902     10904     10912     10911     10903
 -1      1108    1    0    1
 -2     10909     10917     10918     10910     10912     10920     10919     10911
 -1      1109    1    0    1
 -2     10917     10925     10926     10918     10920     10928     10927     10919
 -1      1110    1    0    1
 -2     10925     10933     10934     10926     10928     10936     10935     10927
 -1      1111    1    0    1
 -2     10933     10941     10942     10934     10936     10944     10943     10935
 -1      1112    1    0    1
 -2     10941     10949     10950     10942     10944     10952     10951     10943
 -1      1113    1    0    1
 -2     10949     10957     10958     10950     10952     10960     10959     10951
 -1      1114    1    0    1
 -2     10957     10965     10966     10958     10960     10968     10967     10959
 -1      1115    1    0    1
 -2     10965     10973     10974     10966     10968     10976     10975     10967
 -1      1116    1    0    1
 -2     10973     10981     10982     10974     10976     10984     10983     10975
 -1      1117    1    0    1
 -2     10981     10989     10990     10982     10984     10992     10991     10983
 -1      1118    1    0    1
 -2     10989     10997     10998     10990     10992     11000     10999     10991
 -1      1119    1    0    1
 -2     10997     11005     11006     10998     11000     11008     11007     10999
 -1      1120    1    0    1
 -2     11005      2181      2182     11006     11008      2184      2183     11007
 -1      1121    1    0    1
 -2      2015     11013     11014      2016      2018     11016     11015      2017
 -1      1122    1    0    1
 -2     11013     11021     11022     11014     11016     11024     11023     11015
 -1      1123    1    0    1
 -2     11021     11029     11030     11022     11024     11032     11031     11023
 -1      1124    1    0    1
 -2     11029     11037     11038     11030     11032     11040     11039     11031
 -1      1125    1    0    1
 -2     11037     11045     11046     11038     11040     11048     11047     11039
 -1      1126    1    0    1
 -2     11045     11053     11054     11046     11048     11056     11055     11047
 -1      1127    1    0    1
 -2     11053     11061     11062     11054     11056     11064     11063     11055
 -1      1128    1    0    1
 -2     11061     11069     11070     11062     11064     11072     11071     11063
 -1      1129    1    0    1
 -2     11069     11077     11078     11070     11072     11080     11079     11071
 -1      1130    1    0    1
 -2     11077     11085     11086     11078     11080     11088     11087     11079
 -1      1131    1    0    1
 -2     11085     11093     11094     11086     11088     11096     11095     11087
 -1      1132    1    0    1
 -2     11093     11101     11102     11094     11096     11104     11103     11095
 -1      1133    1    0    1
 -2     11101     11109     11110     11102     11104     11112     11111     11103
 -1      1134    1    0    1
 -2     11109     11117     11118     11110     11112     11120     11119     11111
 -1      1135    1    0    1
 -2     11117     11125     11126     11118     11120     11128     11127     11119
 -1      1136    1    0    1
 -2     11125      2363      2364     11126     11128      2366      2365     11127
 -1      1137    1    0    1
 -2      2131     11133     11134      2132      2134     11136     11135      2133
 -1      1138    1    0    1
 -2     11133     11141     11142     11134     11136     11144     11143     11135
 -1      1139    1    0    1
 -2     11141     11149     11150     11142     11144     11152     11151     11143
 -1      1140    1    0    1
 -2     11149     11157     11158     11150     11152     11160     11159     11151
 -1      1141    1    0    1
 -2     11157     11165     11166     11158     11160     11168     11167     11159
 -1      1142    1    0    1
 -2     11165     11173     11174     11166     11168     11176     11175     11167
 -1      1143    1    0    1
 -2     11173     11181     11182     11174     11176     11184     11183     11175
 -1      1144    1    0    1
 -2     11181     11189     11190     11182     11184     11192     11191     11183
 -1      1145    1    0    1
 -2     11189     11197     11198     11190     11192     11200     11199     11191
 -1      1146    1    0    1
 -2     11197     11205     11206     11198     11200     11208     11207     11199
 -1      1147    1    0    1
 -2     11205     11213     11214     11206     11208     11216     11215     11207
 -1      1148    1    0    1
 -2     11213     11221     11222     11214     11216     11224     11223     11215
 -1      1149    1    0    1
 -2     11221     11229     11230     11222     11224     11232     11231     11223
 -1      1150    1    0    1
 -2     11229     11237     11238     11230     11232     11240     11239     11231
 -1      1151    1    0    1
 -2     11237     11245     11246     11238     11240     11248     11247     11239
 -1      1152    1    0    1
 -2     11245      2247      2248     11246     11248      2250      2249     11247
 -1      1153    1    0    1
 -2      1973     11253     11254      1974      1976     11256     11255      1975
 -1      1154    1    0    1
 -2     11253     11261     11262     11254     11256     11264     11263     11255
 -1      1155    1    0    1
 -2     11261     11269     11270     11262     11264     11272     11271     11263
 -1      1156    1    0    1
 -2     11269     11277     11278     11270     11272     11280     11279     11271
 -1      1157    1    0    1
 -2     11277     11285     11286     11278     11280     11288     11287     11279
 -1      1158    1    0    1
 -2     11285     11293     11294     11286     11288     11296     11295     11287
 -1      1159    1    0    1
 -2     11293     11301     11302     11294     11296     11304     11303     11295
 -1      1160    1    0    1
 -2     11301     11309     11310     11302     11304     11312     11311     11303
 -1      1161    1    0    1
 -2     11309     11317     11318     11310     11312     11320     11319     11311
 -1      1162    1    0    1
 -2     11317     11325     11326     11318     11320     11328     11327     11319
 -1      1163    1    0    1
 -2     11325     11333     11334     11326     11328     11336     11335     11327
 -1      1164    1    0    1
 -2     11333     11341     11342     11334     11336     11344     11343     11335
 -1      1165    1    0    1
 -2     11341     11349     11350     11342     11344     11352     11351     11343
 -1      1166    1    0    1
 -2     11349     11357     11358     11350     11352     11360     11359     11351
 -1      1167    1    0    1
 -2     11357     11365     11366     11358     11360     11368     11367     11359
 -1      1168    1    0    1
 -2     11365      2247      2248     11366     11368      2250      2249     11367
 -1      1169    1    0    1
 -2      2015     11373     11374      2016      2018     11376     11375      2017
 -1      1170    1    0    1
 -2     11373     11381     11382     11374     11376     11384     11383     11375
 -1      1171    1    0    1
 -2     11381     11389     11390     11382     11384     11392     11391     11383
 -1      1172    1    0    1
 -2     11389     11397     11398     11390     11392     11400     11399     11391
 -1      1173    1    0    1
 -2     11397     11405     11406     11398     11400     11408     11407     11399
 -1      1174    1    0    1
 -2     11405     11413     11414     11406     11408     11416     11415     11407
 -1      1175    1    0    1
 -2     11413     11421     11422     11414     11416     11424     11423     11415
 -1      1176    1    0    1
 -2     11421     11429     11430     11422     11424     11432     11431     11423
 -1      1177    1    0    1
 -2     11429     11437     11438     11430     11432     11440     11439     11431
 -1      1178    1    0    1
 -2     11437     11445     11446     11438     11440     11448     11447     11439
 -1      1179    1    0    1
 -2     11445     11453     11454     11446     11448     11456     11455     11447
 -1      1180    1    0    1
 -2     11453     11461     11462     11454     11456     11464     11463     11455
 -1      1181    1    0    1
 -2     11461     11469     11470     11462     11464     11472     11471     11463
 -1      1182    1    0    1
 -2     11469     11477     11478     11470     11472     11480     11479     11471
 -1      1183    1    0    1
 -2     11477     11485     11486     11478     11480     11488     11487     11479
 -1      1184    1    0    1
 -2     11485      2181      2182     11486     11488      2184      2183     11487
 -1      1185    1    0    1
 -2      2089     11493     11494      2090      2092     11496     11495      2091
 -1      1186    1    0    1
 -2     11493     11501     11502     11494     11496     11504     11503     11495
 -1      1187    1    0    1
 -2     11501     11509     11510     11502     11504     11512     11511     11503
 -1      1188    1    0    1
 -2     11509     11517     11518     11510     11512     11520     11519     11511
 -1      1189    1    0    1
 -2     11517     11525     11526     11518     11520     11528     11527     11519
 -1      1190    1    0    1
 -2     11525     11533     11534     11526     11528     11536     11535     11527
 -1      1191    1    0    1
 -2     11533     11541     11542     11534     11536     11544     11543     11535
 -1      1192    1    0    1
 -2     11541     11549     11550     11542     11544     11552     11551     11543
 -1      1193    1    0    1
 -2     11549     11557     11558     11550     11552     11560     11559     11551
 -1      1194    1    0    1
 -2     11557     11565     11566     11558     11560     11568     11567     11559
 -1      1195    1    0    1
 -2     11565     11573     11574     11566     11568     11576     11575     11567
 -1      1196    1    0    1
 -2     11573     11581     11582     11574     11576     11584     11583     11575
 -1      1197    1    0    1
 -2     11581     11589     11590     11582     11584     11592     11591     11583
 -1      1198    1    0    1
 -2     11589     11597     11598     11590     11592     11600     11599     11591
 -1      1199    1    0    1
 -2     11597     11605     11606     11598     11600     11608     11607     11599
 -1      1200    1    0    1
 -2     11605      2363      2364     11606     11608      2366      2365     11607
 -1      1201    1    0    1
 -2      2131     11613     11614      2132      2134     11616     11615      2133
 -1      1202    1    0    1
 -2     11613     11621     11622     11614     11616     11624     11623     11615
 -1      1203    1    0    1
 -2     11621     11629     11630     11622     11624     11632     11631     11623
 -1      1204    1    0    1
 -2     11629     11637     11638     11630     11632     11640     11639     11631
 -1      1205    1    0    1
 -2     11637     11645     11646     11638     11640     11648     11647     11639
 -1      1206    1    0    1
 -2     11645     11653     11654     11646     11648     11656     11655     11647
 -1      1207    1    0    1
 -2     11653     11661     11662     11654     11656     11664     11663     11655
 -1      1208    1    0    1
 -2     11661     11669     11670     11662     11664     11672     11671     11663
 -1      1209    1    0    1
 -2     11669     11677     11678     11670     11672     11680     11679     11671
 -1      1210    1    0    1
 -2     11677     11685     11686     11678     11680     11688     11687     11679
 -1      1211    1    0    1
 -2     11685     11693     11694     11686     11688     11696     11695     11687
 -1      1212    1    0    1
 -2     11693     11701     11702     11694     11696     11704     11703     11695
 -1      1213    1    0    1
 -2     11701     11709     11710     11702     11704     11712     11711     11703
 -1      1214    1    0    1
 -2     11709     11717     11718     11710     11712     11720     11719     11711
 -1      1215    1    0    1
 -2     11717     11725     11726     11718     11720     11728     11727     11719
 -1      1216    1    0    1
 -2     11725      2297      2298     11726     11728      2300      2299     11727
 -1      1217    1    0    1
 -2      2181     11733     11734      2182      2184     11736     11735      2183
 -1      1218    1    0    1
 -2     11733     11741     11742     11734     11736     11744     11743     11735
 -1      1219    1    0    1
 -2     11741     11749     11750     11742     11744     11752     11751     11743
 -1      1220    1    0    1
 -2     11749     11757     11758     11750     11752     11760     11759     11751
 -1      1221    1    0    1
 -2     11757     11765     11766     11758     11760     11768     11767     11759
 -1      1222    1    0    1
 -2     11765     11773     11774     11766     11768     11776     11775     11767
 -1      1223    1    0    1
 -2     11773     11781     11782     11774     11776     11784     11783     11775
 -1      1224    1    0    1
 -2     11781     11789     11790     11782     11784     11792     11791     11783
 -1      1225    1    0    1
 -2     11789     11797     11798     11790     11792     11800     11799     11791
 -1      1226    1    0    1
 -2     11797     11805     11806     11798     11800     11808     11807     11799
 -1      1227    1    0    1
 -2     11805     11813     11814     11806     11808     11816     11815     11807
 -1      1228    1    0    1
 -2     11813     11821     11822     11814     11816     11824     11823     11815
 -1      1229    1    0    1
 -2     11821     11829     11830     11822     11824     11832     11831     11823
 -1      1230    1    0    1
 -2     11829     11837     11838     11830     11832     11840     11839     11831
 -1      1231    1    0    1
 -2     11837     11845     11846     11838     11840     11848     11847     11839
 -1      1232    1    0    1
 -2     11845      2513      2514     11846     11848      2516      2515     11847
 -1      1233    1    0    1
 -2      2321     11853     11854      2322      2324     11856     11855      2323
 -1      1234    1    0    1
 -2     11853     11861     11862     11854     11856     11864     11863     11855
 -1      1235    1    0    1
 -2     11861     11869     11870     11862     11864     11872     11871     11863
 -1      1236    1    0    1
 -2     11869     11877     11878     11870     11872     11880     11879     11871
 -1      1237    1    0    1
 -2     11877     11885     11886     11878     11880     11888     11887     11879
 -1      1238    1    0    1
 -2     11885     11893     11894     11886     11888     11896     11895     11887
 -1      1239    1    0    1
 -2     11893     11901     11902     11894     11896     11904     11903     11895
 -1      1240    1    0    1
 -2     11901     11909     11910     11902     11904     11912     11911     11903
 -1      1241    1    0    1
 -2     11909     11917     11918     11910     11912     11920     11919     11911
 -1      1242    1    0    1
 -2     11917     11925     11926     11918     11920     11928     11927     11919
 -1      1243    1    0    1
 -2     11925     11933     11934     11926     11928     11936     11935     11927
 -1      1244    1    0    1
 -2     11933     11941     11942     11934     11936     11944     11943     11935
 -1      1245    1    0    1
 -2     11941     11949     11950     11942     11944     11952     11951     11943
 -1      1246    1    0    1
 -2     11949     11957     11958     11950     11952     11960     11959     11951
 -1      1247    1    0    1
 -2     11957     11965     11966     11958     11960     11968     11967     11959
 -1      1248    1    0    1
 -2     11965      2413      2414     11966     11968      2416      2415     11967
 -1      1249    1    0    1
 -2      2247     11973     11974      2248      2250     11976     11975      2249
 -1      1250    1    0    1
 -2     11973     11981     11982     11974     11976     11984     11983     11975
 -1      1251    1    0    1
 -2     11981     11989     11990     11982     11984     11992     11991     11983
 -1      1252    1    0    1
 -2     11989     11997     11998     11990     11992     12000     11999     11991
 -1      1253    1    0    1
 -2     11997     12005     12006     11998     12000     12008     12007     11999
 -1      1254    1    0    1
 -2     12005     12013     12014     12006     12008     12016     12015     12007
 -1      1255    1    0    1
 -2     12013     12021     12022     12014     12016     12024     12023     12015
 -1      1256    1    0    1
 -2     12021     12029     12030     12022     12024     12032     12031     12023
 -1      1257    1    0    1
 -2     12029     12037     12038     12030     12032     12040     12039     12031
 -1      1258    1    0    1
 -2     12037     12045     12046     12038     12040     12048     12047     12039
 -1      1259    1    0    1
 -2     12045     12053     12054     12046     12048     12056     12055     12047
 -1      1260    1    0    1
 -2     12053     12061     12062     12054     12056     12064     12063     12055
 -1      1261    1    0    1
 -2     12061     12069     12070     12062     12064     12072     12071     12063
 -1      1262    1    0    1
 -2     12069     12077     12078     12070     12072     12080     12079     12071
 -1      1263    1    0    1
 -2     12077     12085     12086     12078     12080     12088     12087     12079
 -1      1264    1    0    1
 -2     12085      2563      2564     12086     12088      2566      2565     12087
 -1      1265    1    0    1
 -2      2363     12093     12094      2364      2366     12096     12095      2365
 -1      1266    1    0    1
 -2     12093     12101     12102     12094     12096     12104     12103     12095
 -1      1267    1    0    1
 -2     12101     12109     12110     12102     12104     12112     12111     12103
 -1      1268    1    0    1
 -2     12109     12117     12118     12110     12112     12120     12119     12111
 -1      1269    1    0    1
 -2     12117     12125     12126     12118     12120     12128     12127     12119
 -1      1270    1    0    1
 -2     12125     12133     12134     12126     12128     12136     12135     12127
 -1      1271    1    0    1
 -2     12133     12141     12142     12134     12136     12144     12143     12135
 -1      1272    1    0    1
 -2     12141     12149     12150     12142     12144     12152     12151     12143
 -1      1273    1    0    1
 -2     12149     12157     12158     12150     12152     12160     12159     12151
 -1      1274    1    0    1
 -2     12157     12165     12166     12158     12160     12168     12167     12159
 -1      1275    1    0    1
 -2     12165     12173     12174     12166     12168     12176     12175     12167
 -1      1276    1    0    1
 -2     12173     12181     12182     12174     12176     12184     12183     12175
 -1      1277    1    0    1
 -2     12181     12189     12190     12182     12184     12192     12191     12183
 -1      1278    1    0    1
 -2     12189     12197     12198     12190     12192     12200     12199     12191
 -1      1279    1    0    1
 -2     12197     12205     12206     12198     12200     12208     12207     12199
 -1      1280    1    0    1
 -2     12205      2463      2464     12206     12208      2466      2465     12207
 -1      1281    1    0    1
 -2      2205     12213     12214      2206      2208     12216     12215      2207
 -1      1282    1    0    1
 -2     12213     12221     12222     12214     12216     12224     12223     12215
 -1      1283    1    0    1
 -2     12221     12229     12230     12222     12224     12232     12231     12223
 -1      1284    1    0    1
 -2     12229     12237     12238     12230     12232     12240     12239     12231
 -1      1285    1    0    1
 -2     12237     12245     12246     12238     12240     12248     12247     12239
 -1      1286    1    0    1
 -2     12245     12253     12254     12246     12248     12256     12255     12247
 -1      1287    1    0    1
 -2     12253     12261     12262     12254     12256     12264     12263     12255
 -1      1288    1    0    1
 -2     12261     12269     12270     12262     12264     12272     12271     12263
 -1      1289    1    0    1
 -2     12269     12277     12278     12270     12272     12280     12279     12271
 -1      1290    1    0    1
 -2     12277     12285     12286     12278     12280     12288     12287     12279
 -1      1291    1    0    1
 -2     12285     12293     12294     12286     12288     12296     12295     12287
 -1      1292    1    0    1
 -2     12293     12301     12302     12294     12296     12304     12303     12295
 -1      1293    1    0    1
 -2     12301     12309     12310     12302     12304     12312     12311     12303
 -1      1294    1    0    1
 -2     12309     12317     12318     12310     12312     12320     12319     12311
 -1      1295    1    0    1
 -2     12317     12325     12326     12318     12320     12328     12327     12319
 -1      1296    1    0    1
 -2     12325      2463      2464     12326     12328      2466      2465     12327
 -1      1297    1    0    1
 -2      2247     12333     12334      2248      2250     12336     12335      2249
 -1      1298    1    0    1
 -2     12333     12341     12342     12334     12336     12344     12343     12335
 -1      1299    1    0    1
 -2     12341     12349     12350     12342     12344     12352     12351     12343
 -1      1300    1    0    1
 -2     12349     12357     12358     12350     12352     12360     12359     12351
 -1      1301    1    0    1
 -2     12357     12365     12366     12358     12360     12368     12367     12359
 -1      1302    1    0    1
 -2     12365     12373     12374     12366     12368     12376     12375     12367
 -1      1303    1    0    1
 -2     12373     12381     12382     12374     12376     12384     12383     12375
 -1      1304    1    0    1
 -2     12381     12389     12390     12382     12384     12392     12391     12383
 -1      1305    1    0    1
 -2     12389     12397     12398     12390     12392     12400     12399     12391
 -1      1306    1    0    1
 -2     12397     12405     12406     12398     12400     12408     12407     12399
 -1      1307    1    0    1
 -2     12405     12413     12414     12406     12408     12416     12415     12407
 -1      1308    1    0    1
 -2     12413     12421     12422     12414     12416     12424     12423     12415
 -1      1309    1    0    1
 -2     12421     12429     12430     12422     12424     12432     12431     12423
 -1      1310    1    0    1
 -2     12429     12437     12438     12430     12432     12440     12439     12431
 -1      1311    1    0    1
 -2     12437     12445     12446     12438     12440     12448     12447     12439
 -1      1312    1    0    1
 -2     12445      2413      2414     12446     12448      2416      2415     12447
 -1      1313    1    0    1
 -2      2321     12453     12454      2322      2324     12456     12455      2323
 -1      1314    1    0    1
 -2     12453     12461     12462     12454     12456     12464     12463     12455
 -1      1315    1    0    1
 -2     12461     12469     12470     12462     12464     12472     12471     12463
 -1      1316    1    0    1
 -2     12469     12477     12478     12470     12472     12480     12479     12471
 -1      1317    1    0    1
 -2     12477     12485     12486     12478     12480     12488     12487     12479
 -1      1318    1    0    1
 -2     12485     12493     12494     12486     12488     12496     12495     12487
 -1      1319    1    0    1
 -2     12493     12501     12502     12494     12496     12504     12503     12495
 -1      1320    1    0    1
 -2     12501     12509     12510     12502     12504     12512     12511     12503
 -1      1321    1    0    1
 -2     12509     12517     12518     12510     12512     12520     12519     12511
 -1      1322    1    0    1
 -2     12517     12525     12526     12518     12520     12528     12527     12519
 -1      1323    1    0    1
 -2     12525     12533     12534     12526     12528     12536     12535     12527
 -1      1324    1    0    1
 -2     12533     12541     12542     12534     12536     12544     12543     12535
 -1      1325    1    0    1
 -2     12541     12549     12550     12542     12544     12552     12551     12543
 -1      1326    1    0    1
 -2     12549     12557     12558     12550     12552     12560     12559     12551
 -1      1327    1    0    1
 -2     12557     12565     12566     12558     12560     12568     12567     12559
 -1      1328    1    0    1
 -2     12565      2563      2564     12566     12568      2566      2565     12567
 -1      1329    1    0    1
 -2      2363     12573     12574      2364      2366     12576     12575      2365
 -1      1330    1    0    1
 -2     12573     12581     12582     12574     12576     12584     12583     12575
 -1      1331    1    0    1
 -2     12581     12589     12590     12582     12584     12592     12591     12583
 -1      1332    1    0    1
 -2     12589     12597     12598     12590     12592     12600     12599     12591
 -1      1333    1    0    1
 -2     12597     12605     12606     12598     12600     12608     12607     12599
 -1      1334    1    0    1
 -2     12605     12613     12614     12606     12608     12616     12615     12607
 -1      1335    1    0    1
 -2     12613     12621     12622     12614     12616     12624     12623     12615
 -1      1336    1    0    1
 -2     12621     12629     12630     12622     12624     12632     12631     12623
 -1      1337    1    0    1
 -2     12629     12637     12638     12630     12632     12640     12639     12631
 -1      1338    1    0    1
 -2     12637     12645     12646     12638     12640     12648     12647     12639
 -1      1339    1    0    1
 -2     12645     12653     12654     12646     12648     12656     12655     12647
 -1      1340    1    0    1
 -2     12653     12661     12662     12654     12656     12664     12663     12655
 -1      1341    1    0    1
 -2     12661     12669     12670     12662     12664     12672     12671     12663
 -1      1342    1    0    1
 -2     12669     12677     12678     12670     12672     12680     12679     12671
 -1      1343    1    0    1
 -2     12677     12685     12686     12678     12680     12688     12687     12679
 -1      1344    1    0    1
 -2     12685      2513      2514     12686     12688      2516      2515     12687
 -3
    1PSTEP                         1           1           1          
  100CL  101 1.000000000           0                     0    1           1
 -4  DISP        4    1
 -5  D1          1    2    1    0
 -5  D2          1    2    2    0
 -5  D3          1    2    3    0
 -5  ALL         1    2    0    0    1ALL
 -3
 9999
