    1C
    1UNormalized cross-passage space-truss torsion benchmark            
    1UUSER                                                              
    1UDATE              06.august.2026                                  
    1UTIME              05:20:15                                        
    1UHOST                                                              
    1UPGM               CalculiX                                        
    1UVERSION           Version 2.21                             
    1UCOMPILETIME       Sat Jul 29 10:52:01 CEST 2023                    
    1UDIR                                                               
    1UDBN                                                               
    1UMAT    1STEEL                                                     
    2C                          1272                                     1
 -1       269-1.19367E+00 6.68727E-04-3.54900E-02
 -1       270-1.23018E+00 3.53488E-03-1.94017E-02
 -1       271-1.20633E+00-6.68727E-04 3.54900E-02
 -1       272-1.16982E+00-3.53488E-03 1.94017E-02
 -1       277-1.20145E+00-3.41225E-02-1.15569E-02
 -1       278-1.20010E+00-2.46574E-03-3.59709E-02
 -1       279-1.19855E+00 3.41225E-02 1.15569E-02
 -1       280-1.19990E+00 2.46574E-03 3.59709E-02
 -1       285-1.23365E+00-1.29325E-02 5.48678E-04
 -1       286-1.20099E+00-3.60094E-02 1.52775E-03
 -1       287-1.16635E+00 1.29325E-02-5.48678E-04
 -1       288-1.19901E+00 3.60094E-02-1.52775E-03
 -1       319 1.20169E+00 2.55776E-03-3.59247E-02
 -1       320 1.16755E+00-2.01590E-03-1.55921E-02
 -1       321 1.19831E+00-2.55776E-03 3.59247E-02
 -1       322 1.23245E+00 2.01590E-03 1.55921E-02
 -1       327 1.20143E+00-3.37965E-02-1.24797E-02
 -1       328 1.20006E+00-1.48932E-03-3.60247E-02
 -1       329 1.19857E+00 3.37965E-02 1.24797E-02
 -1       330 1.19994E+00 1.48932E-03 3.60247E-02
 -1       335 1.16707E+00-1.46725E-02-6.22501E-04
 -1       336 1.20089E+00-3.60121E-02-1.52786E-03
 -1       337 1.23293E+00 1.46725E-02 6.22501E-04
 -1       338 1.19911E+00 3.60121E-02 1.52786E-03
 -1       369-1.19289E+00-3.02042E-03 1.96478E+00
 -1       370-1.22975E+00 1.44577E-03 1.97968E+00
 -1       371-1.20711E+00 3.02042E-03 2.03522E+00
 -1       372-1.17025E+00-1.44577E-03 2.02032E+00
 -1       377-1.19857E+00-3.37965E-02 1.98752E+00
 -1       378-1.19994E+00-1.48932E-03 1.96398E+00
 -1       379-1.20143E+00 3.37965E-02 2.01248E+00
 -1       380-1.20006E+00 1.48932E-03 2.03602E+00
 -1       385-1.23293E+00-1.46725E-02 1.99938E+00
 -1       386-1.19911E+00-3.60121E-02 1.99847E+00
 -1       387-1.16707E+00 1.46725E-02 2.00062E+00
 -1       388-1.20089E+00 3.60121E-02 2.00153E+00
 -1       419 1.20308E+00-9.89505E-04 1.96409E+00
 -1       420 1.16817E+00-3.58837E-03 1.98345E+00
 -1       421 1.19692E+00 9.89505E-04 2.03591E+00
 -1       422 1.23183E+00 3.58837E-03 2.01655E+00
 -1       427 1.19855E+00-3.41225E-02 1.98844E+00
 -1       428 1.19990E+00-2.46574E-03 1.96403E+00
 -1       429 1.20145E+00 3.41225E-02 2.01156E+00
 -1       430 1.20010E+00 2.46574E-03 2.03597E+00
 -1       435 1.16635E+00-1.29325E-02 2.00055E+00
 -1       436 1.19901E+00-3.60094E-02 2.00153E+00
 -1       437 1.23365E+00 1.29325E-02 1.99945E+00
 -1       438 1.20099E+00 3.60094E-02 1.99847E+00
 -1       469-1.19618E+00 9.99952E+00-3.58497E-02
 -1       470-1.23160E+00 9.99849E+00-1.72916E-02
 -1       471-1.20382E+00 1.00005E+01 3.58497E-02
 -1       472-1.16840E+00 1.00015E+01 1.72916E-02
 -1       477-1.20145E+00 9.96588E+00-1.15569E-02
 -1       478-1.20010E+00 9.99753E+00-3.59709E-02
 -1       479-1.19855E+00 1.00341E+01 1.15569E-02
 -1       480-1.19990E+00 1.00025E+01 3.59709E-02
 -1       485-1.23365E+00 9.98707E+00 5.48678E-04
 -1       486-1.20099E+00 9.96399E+00 1.52775E-03
 -1       487-1.16635E+00 1.00129E+01-5.48678E-04
 -1       488-1.19901E+00 1.00360E+01-1.52775E-03
 -1       493-1.19212E+00 9.99808E+00-3.51311E-02
 -1       494-1.22912E+00 1.00036E+01-2.09603E-02
 -1       495-1.20788E+00 1.00019E+01 3.51311E-02
 -1       496-1.17088E+00 9.99642E+00 2.09603E-02
 -1       535 1.20435E+00 9.99954E+00-3.57886E-02
 -1       536 1.16864E+00 9.99928E+00-1.77774E-02
 -1       537 1.19565E+00 1.00005E+01 3.57886E-02
 -1       538 1.23136E+00 1.00007E+01 1.77774E-02
 -1       543 1.20143E+00 9.96620E+00-1.24797E-02
 -1       544 1.20006E+00 9.99851E+00-3.60247E-02
 -1       545 1.19857E+00 1.00338E+01 1.24797E-02
 -1       546 1.19994E+00 1.00015E+01 3.60247E-02
 -1       551 1.16707E+00 9.98533E+00-6.22501E-04
 -1       552 1.20089E+00 9.96399E+00-1.52786E-03
 -1       553 1.23293E+00 1.00147E+01 6.22501E-04
 -1       554 1.19911E+00 1.00360E+01 1.52786E-03
 -1       585-1.19663E+00 1.00008E+01 1.96411E+00
 -1       586-1.23182E+00 9.99908E+00 1.98306E+00
 -1       587-1.20337E+00 9.99924E+00 2.03589E+00
 -1       588-1.16818E+00 1.00009E+01 2.01694E+00
 -1       593-1.19857E+00 9.96620E+00 1.98752E+00
 -1       594-1.19994E+00 9.99851E+00 1.96398E+00
 -1       595-1.20143E+00 1.00338E+01 2.01248E+00
 -1       596-1.20006E+00 1.00015E+01 2.03602E+00
 -1       601-1.23293E+00 9.98533E+00 1.99938E+00
 -1       602-1.19911E+00 9.96399E+00 1.99847E+00
 -1       603-1.16707E+00 1.00147E+01 2.00062E+00
 -1       604-1.20089E+00 1.00360E+01 2.00153E+00
 -1       609-1.19291E+00 9.99695E+00 1.96478E+00
 -1       610-1.22976E+00 1.00014E+01 1.97970E+00
 -1       611-1.20709E+00 1.00031E+01 2.03522E+00
 -1       612-1.17024E+00 9.99861E+00 2.02030E+00
 -1       651 1.20400E+00 1.00006E+01 1.96417E+00
 -1       652 1.16847E+00 9.99980E+00 1.98252E+00
 -1       653 1.19600E+00 9.99942E+00 2.03583E+00
 -1       654 1.23153E+00 1.00002E+01 2.01748E+00
 -1       659 1.19855E+00 9.96588E+00 1.98844E+00
 -1       660 1.19990E+00 9.99753E+00 1.96403E+00
 -1       661 1.20145E+00 1.00341E+01 2.01156E+00
 -1       662 1.20010E+00 1.00025E+01 2.03597E+00
 -1       667 1.16635E+00 9.98707E+00 2.00055E+00
 -1       668 1.19901E+00 9.96399E+00 2.00153E+00
 -1       669 1.23365E+00 1.00129E+01 1.99945E+00
 -1       670 1.20099E+00 1.00360E+01 1.99847E+00
 -1       701-1.19520E+00 1.99998E+01-3.57345E-02
 -1       702-1.23114E+00 2.00003E+01-1.81732E-02
 -1       703-1.20480E+00 2.00002E+01 3.57345E-02
 -1       704-1.16886E+00 1.99997E+01 1.81732E-02
 -1       709-1.20000E+00 1.99660E+01-1.20000E-02
 -1       710-1.20000E+00 1.99980E+01-3.60000E-02
 -1       711-1.20000E+00 2.00340E+01 1.20000E-02
 -1       712-1.20000E+00 2.00020E+01 3.60000E-02
 -1       717-1.23328E+00 1.99861E+01 0.00000E+00
 -1       718-1.20000E+00 1.99639E+01 0.00000E+00
 -1       719-1.16672E+00 2.00139E+01 0.00000E+00
 -1       720-1.20000E+00 2.00361E+01 0.00000E+00
 -1       751 1.20446E+00 1.99993E+01-3.57730E-02
 -1       752 1.16869E+00 1.99993E+01-1.78647E-02
 -1       753 1.19554E+00 2.00007E+01 3.57730E-02
 -1       754 1.23131E+00 2.00007E+01 1.78647E-02
 -1       759 1.20000E+00 1.99660E+01-1.20000E-02
 -1       760 1.20000E+00 1.99980E+01-3.60000E-02
 -1       761 1.20000E+00 2.00340E+01 1.20000E-02
 -1       762 1.20000E+00 2.00020E+01 3.60000E-02
 -1       767 1.16672E+00 1.99861E+01 0.00000E+00
 -1       768 1.20000E+00 1.99639E+01 0.00000E+00
 -1       769 1.23328E+00 2.00139E+01 0.00000E+00
 -1       770 1.20000E+00 2.00361E+01 0.00000E+00
 -1       801-1.19548E+00 2.00007E+01 1.96424E+00
 -1       802-1.23128E+00 2.00007E+01 1.98208E+00
 -1       803-1.20452E+00 1.99993E+01 2.03576E+00
 -1       804-1.16872E+00 1.99993E+01 2.01792E+00
 -1       809-1.20000E+00 1.99660E+01 1.98800E+00
 -1       810-1.20000E+00 1.99980E+01 1.96400E+00
 -1       811-1.20000E+00 2.00340E+01 2.01200E+00
 -1       812-1.20000E+00 2.00020E+01 2.03600E+00
 -1       817-1.23328E+00 1.99861E+01 2.00000E+00
 -1       818-1.20000E+00 1.99639E+01 2.00000E+00
 -1       819-1.16672E+00 2.00139E+01 2.00000E+00
 -1       820-1.20000E+00 2.00361E+01 2.00000E+00
 -1       851 1.20417E+00 2.00002E+01 1.96419E+00
 -1       852 1.16855E+00 1.99997E+01 1.98237E+00
 -1       853 1.19583E+00 1.99998E+01 2.03581E+00
 -1       854 1.23145E+00 2.00003E+01 2.01763E+00
 -1       859 1.20000E+00 1.99660E+01 1.98800E+00
 -1       860 1.20000E+00 1.99980E+01 1.96400E+00
 -1       861 1.20000E+00 2.00340E+01 2.01200E+00
 -1       862 1.20000E+00 2.00020E+01 2.03600E+00
 -1       867 1.16672E+00 1.99861E+01 2.00000E+00
 -1       868 1.20000E+00 1.99639E+01 2.00000E+00
 -1       869 1.23328E+00 2.00139E+01 2.00000E+00
 -1       870 1.20000E+00 2.00361E+01 2.00000E+00
 -1       901-1.19510E+00 2.99995E+01-3.57179E-02
 -1       902-1.23109E+00 3.00002E+01-1.82640E-02
 -1       903-1.20490E+00 3.00005E+01 3.57179E-02
 -1       904-1.16891E+00 2.99998E+01 1.82640E-02
 -1       909-1.20157E+00 2.99659E+01-1.15220E-02
 -1       910-1.20011E+00 2.99975E+01-3.59684E-02
 -1       911-1.19843E+00 3.00341E+01 1.15220E-02
 -1       912-1.19989E+00 3.00025E+01 3.59684E-02
 -1       917-1.23368E+00 2.99872E+01 5.90072E-04
 -1       918-1.20108E+00 2.99640E+01 1.65325E-03
 -1       919-1.16632E+00 3.00128E+01-5.90072E-04
 -1       920-1.19892E+00 3.00360E+01-1.65325E-03
 -1       951 1.20440E+00 2.99996E+01-3.57844E-02
 -1       952 1.16866E+00 2.99994E+01-1.78173E-02
 -1       953 1.19560E+00 3.00004E+01 3.57844E-02
 -1       954 1.23134E+00 3.00006E+01 1.78173E-02
 -1       959 1.20155E+00 2.99662E+01-1.25208E-02
 -1       960 1.20007E+00 2.99986E+01-3.60265E-02
 -1       961 1.19845E+00 3.00338E+01 1.25208E-02
 -1       962 1.19993E+00 3.00014E+01 3.60265E-02
 -1       967 1.16710E+00 2.99853E+01-6.76580E-04
 -1       968 1.20096E+00 2.99640E+01-1.65341E-03
 -1       969 1.23290E+00 3.00147E+01 6.76580E-04
 -1       970 1.19904E+00 3.00360E+01 1.65341E-03
 -1      1001-1.19537E+00 3.00004E+01 1.96424E+00
 -1      1002-1.23122E+00 3.00006E+01 1.98198E+00
 -1      1003-1.20463E+00 2.99996E+01 2.03576E+00
 -1      1004-1.16878E+00 2.99994E+01 2.01802E+00
 -1      1009-1.19845E+00 2.99662E+01 1.98748E+00
 -1      1010-1.19993E+00 2.99986E+01 1.96397E+00
 -1      1011-1.20155E+00 3.00338E+01 2.01252E+00
 -1      1012-1.20007E+00 3.00014E+01 2.03603E+00
 -1      1017-1.23290E+00 2.99853E+01 1.99932E+00
 -1      1018-1.19904E+00 2.99640E+01 1.99835E+00
 -1      1019-1.16710E+00 3.00147E+01 2.00068E+00
 -1      1020-1.20096E+00 3.00360E+01 2.00165E+00
 -1      1051 1.20411E+00 3.00005E+01 1.96418E+00
 -1      1052 1.16852E+00 2.99998E+01 1.98242E+00
 -1      1053 1.19589E+00 2.99995E+01 2.03582E+00
 -1      1054 1.23148E+00 3.00002E+01 2.01758E+00
 -1      1059 1.19843E+00 2.99659E+01 1.98848E+00
 -1      1060 1.19989E+00 2.99975E+01 1.96403E+00
 -1      1061 1.20157E+00 3.00341E+01 2.01152E+00
 -1      1062 1.20011E+00 3.00025E+01 2.03597E+00
 -1      1067 1.16632E+00 2.99872E+01 2.00059E+00
 -1      1068 1.19892E+00 2.99640E+01 2.00165E+00
 -1      1069 1.23368E+00 3.00128E+01 1.99941E+00
 -1      1070 1.20108E+00 3.00360E+01 1.99835E+00
 -1      1101-1.19531E+00 3.99997E+01-3.57478E-02
 -1      1102-1.23119E+00 4.00001E+01-1.80815E-02
 -1      1103-1.20469E+00 4.00003E+01 3.57478E-02
 -1      1104-1.16881E+00 3.99999E+01 1.80815E-02
 -1      1109-1.20145E+00 3.99659E+01-1.15569E-02
 -1      1110-1.20010E+00 3.99975E+01-3.59709E-02
 -1      1111-1.19855E+00 4.00341E+01 1.15569E-02
 -1      1112-1.19990E+00 4.00025E+01 3.59709E-02
 -1      1117-1.23365E+00 3.99871E+01 5.48678E-04
 -1      1118-1.20099E+00 3.99640E+01 1.52775E-03
 -1      1119-1.16635E+00 4.00129E+01-5.48678E-04
 -1      1120-1.19901E+00 4.00360E+01-1.52775E-03
 -1      1151 1.20439E+00 3.99998E+01-3.57860E-02
 -1      1152 1.16866E+00 3.99997E+01-1.78189E-02
 -1      1153 1.19561E+00 4.00002E+01 3.57860E-02
 -1      1154 1.23134E+00 4.00003E+01 1.78189E-02
 -1      1159 1.20143E+00 3.99662E+01-1.24797E-02
 -1      1160 1.20006E+00 3.99985E+01-3.60247E-02
 -1      1161 1.19857E+00 4.00338E+01 1.24797E-02
 -1      1162 1.19994E+00 4.00015E+01 3.60247E-02
 -1      1167 1.16707E+00 3.99853E+01-6.22501E-04
 -1      1168 1.20089E+00 3.99640E+01-1.52786E-03
 -1      1169 1.23293E+00 4.00147E+01 6.22501E-04
 -1      1170 1.19911E+00 4.00360E+01 1.52786E-03
 -1      1201-1.19547E+00 4.00002E+01 1.96423E+00
 -1      1202-1.23128E+00 4.00003E+01 1.98206E+00
 -1      1203-1.20453E+00 3.99998E+01 2.03577E+00
 -1      1204-1.16872E+00 3.99997E+01 2.01794E+00
 -1      1209-1.19857E+00 3.99662E+01 1.98752E+00
 -1      1210-1.19994E+00 3.99985E+01 1.96398E+00
 -1      1211-1.20143E+00 4.00338E+01 2.01248E+00
 -1      1212-1.20006E+00 4.00015E+01 2.03602E+00
 -1      1217-1.23293E+00 3.99853E+01 1.99938E+00
 -1      1218-1.19911E+00 3.99640E+01 1.99847E+00
 -1      1219-1.16707E+00 4.00147E+01 2.00062E+00
 -1      1220-1.20089E+00 4.00360E+01 2.00153E+00
 -1      1251 1.20423E+00 4.00003E+01 1.96419E+00
 -1      1252 1.16857E+00 3.99999E+01 1.98233E+00
 -1      1253 1.19577E+00 3.99997E+01 2.03581E+00
 -1      1254 1.23143E+00 4.00001E+01 2.01767E+00
 -1      1259 1.19855E+00 3.99659E+01 1.98844E+00
 -1      1260 1.19990E+00 3.99975E+01 1.96403E+00
 -1      1261 1.20145E+00 4.00341E+01 2.01156E+00
 -1      1262 1.20010E+00 4.00025E+01 2.03597E+00
 -1      1267 1.16635E+00 3.99871E+01 2.00055E+00
 -1      1268 1.19901E+00 3.99640E+01 2.00153E+00
 -1      1269 1.23365E+00 4.00129E+01 1.99945E+00
 -1      1270 1.20099E+00 4.00360E+01 1.99847E+00
 -1      1301-1.19631E+00 4.99979E+01-3.58056E-02
 -1      1302-1.23159E+00 4.99964E+01-1.70069E-02
 -1      1303-1.20369E+00 5.00021E+01 3.58056E-02
 -1      1304-1.16841E+00 5.00036E+01 1.70069E-02
 -1      1309-1.20145E+00 4.99659E+01-1.15569E-02
 -1      1310-1.20010E+00 4.99975E+01-3.59709E-02
 -1      1311-1.19855E+00 5.00341E+01 1.15569E-02
 -1      1312-1.19990E+00 5.00025E+01 3.59709E-02
 -1      1317-1.23365E+00 4.99871E+01 5.48678E-04
 -1      1318-1.20099E+00 4.99640E+01 1.52775E-03
 -1      1319-1.16635E+00 5.00129E+01-5.48678E-04
 -1      1320-1.19901E+00 5.00360E+01-1.52775E-03
 -1      1351 1.20674E+00 4.99971E+01-3.53033E-02
 -1      1352 1.17000E+00 5.00010E+01-1.99736E-02
 -1      1353 1.19326E+00 5.00029E+01 3.53033E-02
 -1      1354 1.23000E+00 4.99990E+01 1.99736E-02
 -1      1359 1.20143E+00 4.99662E+01-1.24797E-02
 -1      1360 1.20006E+00 4.99985E+01-3.60247E-02
 -1      1361 1.19857E+00 5.00338E+01 1.24797E-02
 -1      1362 1.19994E+00 5.00015E+01 3.60247E-02
 -1      1367 1.16707E+00 4.99853E+01-6.22501E-04
 -1      1368 1.20089E+00 4.99640E+01-1.52786E-03
 -1      1369 1.23293E+00 5.00147E+01 6.22501E-04
 -1      1370 1.19911E+00 5.00360E+01 1.52786E-03
 -1      1401-1.19806E+00 5.00025E+01 1.96409E+00
 -1      1402-1.23238E+00 4.99985E+01 1.98422E+00
 -1      1403-1.20194E+00 4.99975E+01 2.03591E+00
 -1      1404-1.16762E+00 5.00015E+01 2.01578E+00
 -1      1409-1.19857E+00 4.99662E+01 1.98752E+00
 -1      1410-1.19994E+00 4.99985E+01 1.96398E+00
 -1      1411-1.20143E+00 5.00338E+01 2.01248E+00
 -1      1412-1.20006E+00 5.00015E+01 2.03602E+00
 -1      1417-1.23293E+00 4.99853E+01 1.99938E+00
 -1      1418-1.19911E+00 4.99640E+01 1.99847E+00
 -1      1419-1.16707E+00 5.00147E+01 2.00062E+00
 -1      1420-1.20089E+00 5.00360E+01 2.00153E+00
 -1      1451 1.20560E+00 5.00019E+01 1.96443E+00
 -1      1452 1.16938E+00 5.00037E+01 1.98132E+00
 -1      1453 1.19440E+00 4.99981E+01 2.03557E+00
 -1      1454 1.23062E+00 4.99963E+01 2.01868E+00
 -1      1459 1.19855E+00 4.99659E+01 1.98844E+00
 -1      1460 1.19990E+00 4.99975E+01 1.96403E+00
 -1      1461 1.20145E+00 5.00341E+01 2.01156E+00
 -1      1462 1.20010E+00 5.00025E+01 2.03597E+00
 -1      1467 1.16635E+00 4.99871E+01 2.00055E+00
 -1      1468 1.19901E+00 4.99640E+01 2.00153E+00
 -1      1469 1.23365E+00 5.00129E+01 1.99945E+00
 -1      1470 1.20099E+00 5.00360E+01 1.99847E+00
 -1      1501-1.19510E+00 1.24849E+00-9.30910E-02
 -1      1502-1.23109E+00 1.24923E+00-7.56508E-02
 -1      1503-1.20490E+00 1.25151E+00-2.17140E-02
 -1      1504-1.16891E+00 1.25077E+00-3.91543E-02
 -1      1509-1.19519E+00 2.49884E+00-1.41781E-01
 -1      1510-1.23114E+00 2.49941E+00-1.24237E-01
 -1      1511-1.20481E+00 2.50116E+00-7.03511E-02
 -1      1512-1.16886E+00 2.50059E+00-8.78954E-02
 -1      1517-1.19534E+00 3.74937E+00-1.74330E-01
 -1      1518-1.23121E+00 3.74968E+00-1.56628E-01
 -1      1519-1.20466E+00 3.75063E+00-1.02834E-01
 -1      1520-1.16879E+00 3.75032E+00-1.20535E-01
 -1      1525-1.19553E+00 5.00000E+00-1.85777E-01
 -1      1526-1.23131E+00 5.00000E+00-1.67888E-01
 -1      1527-1.20447E+00 5.00000E+00-1.14223E-01
 -1      1528-1.16869E+00 5.00000E+00-1.32112E-01
 -1      1533-1.19572E+00 6.25063E+00-1.74377E-01
 -1      1534-1.23140E+00 6.25031E+00-1.56298E-01
 -1      1535-1.20428E+00 6.24937E+00-1.02787E-01
 -1      1536-1.16860E+00 6.24969E+00-1.20866E-01
 -1      1541-1.19589E+00 7.50116E+00-1.41868E-01
 -1      1542-1.23149E+00 7.50057E+00-1.23626E-01
 -1      1543-1.20411E+00 7.49884E+00-7.02642E-02
 -1      1544-1.16851E+00 7.49943E+00-8.85056E-02
 -1      1549-1.19601E+00 8.75152E+00-9.32042E-02
 -1      1550-1.23154E+00 8.75074E+00-7.48534E-02
 -1      1551-1.20399E+00 8.74848E+00-2.16008E-02
 -1      1552-1.16846E+00 8.74926E+00-3.99517E-02
 -1      1557 1.20399E+00 1.25152E+00 2.16008E-02
 -1      1558 1.16846E+00 1.25074E+00 3.99517E-02
 -1      1559 1.19601E+00 1.24848E+00 9.32042E-02
 -1      1560 1.23154E+00 1.24926E+00 7.48534E-02
 -1      1565 1.20411E+00 2.50116E+00 7.02642E-02
 -1      1566 1.16851E+00 2.50057E+00 8.85056E-02
 -1      1567 1.19589E+00 2.49884E+00 1.41868E-01
 -1      1568 1.23149E+00 2.49943E+00 1.23626E-01
 -1      1573 1.20428E+00 3.75063E+00 1.02787E-01
 -1      1574 1.16860E+00 3.75031E+00 1.20866E-01
 -1      1575 1.19572E+00 3.74937E+00 1.74377E-01
 -1      1576 1.23140E+00 3.74969E+00 1.56298E-01
 -1      1581 1.20447E+00 5.00000E+00 1.14223E-01
 -1      1582 1.16869E+00 5.00000E+00 1.32112E-01
 -1      1583 1.19553E+00 5.00000E+00 1.85777E-01
 -1      1584 1.23131E+00 5.00000E+00 1.67888E-01
 -1      1589 1.20466E+00 6.24937E+00 1.02834E-01
 -1      1590 1.16879E+00 6.24968E+00 1.20535E-01
 -1      1591 1.19534E+00 6.25063E+00 1.74330E-01
 -1      1592 1.23121E+00 6.25032E+00 1.56628E-01
 -1      1597 1.20481E+00 7.49884E+00 7.03511E-02
 -1      1598 1.16886E+00 7.49941E+00 8.78954E-02
 -1      1599 1.19519E+00 7.50116E+00 1.41781E-01
 -1      1600 1.23114E+00 7.50059E+00 1.24237E-01
 -1      1605 1.20490E+00 8.74849E+00 2.17140E-02
 -1      1606 1.16891E+00 8.74923E+00 3.91543E-02
 -1      1607 1.19510E+00 8.75151E+00 9.30910E-02
 -1      1608 1.23109E+00 8.75077E+00 7.56508E-02
 -1      1613-1.19510E+00 1.24849E+00 1.90691E+00
 -1      1614-1.23109E+00 1.24923E+00 1.92435E+00
 -1      1615-1.20490E+00 1.25151E+00 1.97829E+00
 -1      1616-1.16891E+00 1.25077E+00 1.96085E+00
 -1      1621-1.19519E+00 2.49884E+00 1.85822E+00
 -1      1622-1.23114E+00 2.49941E+00 1.87576E+00
 -1      1623-1.20481E+00 2.50116E+00 1.92965E+00
 -1      1624-1.16886E+00 2.50059E+00 1.91210E+00
 -1      1629-1.19534E+00 3.74937E+00 1.82567E+00
 -1      1630-1.23121E+00 3.74968E+00 1.84337E+00
 -1      1631-1.20466E+00 3.75063E+00 1.89717E+00
 -1      1632-1.16879E+00 3.75032E+00 1.87946E+00
 -1      1637-1.19553E+00 5.00000E+00 1.81422E+00
 -1      1638-1.23131E+00 5.00000E+00 1.83211E+00
 -1      1639-1.20447E+00 5.00000E+00 1.88578E+00
 -1      1640-1.16869E+00 5.00000E+00 1.86789E+00
 -1      1645-1.19572E+00 6.25063E+00 1.82562E+00
 -1      1646-1.23140E+00 6.25031E+00 1.84370E+00
 -1      1647-1.20428E+00 6.24937E+00 1.89721E+00
 -1      1648-1.16860E+00 6.24969E+00 1.87913E+00
 -1      1653-1.19589E+00 7.50116E+00 1.85813E+00
 -1      1654-1.23149E+00 7.50057E+00 1.87637E+00
 -1      1655-1.20411E+00 7.49884E+00 1.92974E+00
 -1      1656-1.16851E+00 7.49943E+00 1.91149E+00
 -1      1661-1.19601E+00 8.75152E+00 1.90680E+00
 -1      1662-1.23154E+00 8.75074E+00 1.92515E+00
 -1      1663-1.20399E+00 8.74848E+00 1.97840E+00
 -1      1664-1.16846E+00 8.74926E+00 1.96005E+00
 -1      1669 1.20399E+00 1.25152E+00 2.02160E+00
 -1      1670 1.16846E+00 1.25074E+00 2.03995E+00
 -1      1671 1.19601E+00 1.24848E+00 2.09320E+00
 -1      1672 1.23154E+00 1.24926E+00 2.07485E+00
 -1      1677 1.20411E+00 2.50116E+00 2.07026E+00
 -1      1678 1.16851E+00 2.50057E+00 2.08851E+00
 -1      1679 1.19589E+00 2.49884E+00 2.14187E+00
 -1      1680 1.23149E+00 2.49943E+00 2.12363E+00
 -1      1685 1.20428E+00 3.75063E+00 2.10279E+00
 -1      1686 1.16860E+00 3.75031E+00 2.12087E+00
 -1      1687 1.19572E+00 3.74937E+00 2.17438E+00
 -1      1688 1.23140E+00 3.74969E+00 2.15630E+00
 -1      1693 1.20447E+00 5.00000E+00 2.11422E+00
 -1      1694 1.16869E+00 5.00000E+00 2.13211E+00
 -1      1695 1.19553E+00 5.00000E+00 2.18578E+00
 -1      1696 1.23131E+00 5.00000E+00 2.16789E+00
 -1      1701 1.20466E+00 6.24937E+00 2.10283E+00
 -1      1702 1.16879E+00 6.24968E+00 2.12054E+00
 -1      1703 1.19534E+00 6.25063E+00 2.17433E+00
 -1      1704 1.23121E+00 6.25032E+00 2.15663E+00
 -1      1709 1.20481E+00 7.49884E+00 2.07035E+00
 -1      1710 1.16886E+00 7.49941E+00 2.08790E+00
 -1      1711 1.19519E+00 7.50116E+00 2.14178E+00
 -1      1712 1.23114E+00 7.50059E+00 2.12424E+00
 -1      1717 1.20490E+00 8.74849E+00 2.02171E+00
 -1      1718 1.16891E+00 8.74923E+00 2.03915E+00
 -1      1719 1.19510E+00 8.75151E+00 2.09309E+00
 -1      1720 1.23109E+00 8.75077E+00 2.07565E+00
 -1      1725-1.19510E+00 1.12485E+01-9.30910E-02
 -1      1726-1.23109E+00 1.12492E+01-7.56508E-02
 -1      1727-1.20490E+00 1.12515E+01-2.17140E-02
 -1      1728-1.16891E+00 1.12508E+01-3.91543E-02
 -1      1733-1.19519E+00 1.24988E+01-1.41781E-01
 -1      1734-1.23114E+00 1.24994E+01-1.24237E-01
 -1      1735-1.20481E+00 1.25012E+01-7.03511E-02
 -1      1736-1.16886E+00 1.25006E+01-8.78954E-02
 -1      1741-1.19534E+00 1.37494E+01-1.74330E-01
 -1      1742-1.23121E+00 1.37497E+01-1.56628E-01
 -1      1743-1.20466E+00 1.37506E+01-1.02834E-01
 -1      1744-1.16879E+00 1.37503E+01-1.20535E-01
 -1      1749-1.19553E+00 1.50000E+01-1.85777E-01
 -1      1750-1.23131E+00 1.50000E+01-1.67888E-01
 -1      1751-1.20447E+00 1.50000E+01-1.14223E-01
 -1      1752-1.16869E+00 1.50000E+01-1.32112E-01
 -1      1757-1.19572E+00 1.62506E+01-1.74377E-01
 -1      1758-1.23140E+00 1.62503E+01-1.56298E-01
 -1      1759-1.20428E+00 1.62494E+01-1.02787E-01
 -1      1760-1.16860E+00 1.62497E+01-1.20866E-01
 -1      1765-1.19589E+00 1.75012E+01-1.41868E-01
 -1      1766-1.23149E+00 1.75006E+01-1.23626E-01
 -1      1767-1.20411E+00 1.74988E+01-7.02642E-02
 -1      1768-1.16851E+00 1.74994E+01-8.85056E-02
 -1      1773-1.19601E+00 1.87515E+01-9.32042E-02
 -1      1774-1.23154E+00 1.87507E+01-7.48534E-02
 -1      1775-1.20399E+00 1.87485E+01-2.16008E-02
 -1      1776-1.16846E+00 1.87493E+01-3.99517E-02
 -1      1781 1.20399E+00 1.12515E+01 2.16008E-02
 -1      1782 1.16846E+00 1.12507E+01 3.99517E-02
 -1      1783 1.19601E+00 1.12485E+01 9.32042E-02
 -1      1784 1.23154E+00 1.12493E+01 7.48534E-02
 -1      1789 1.20411E+00 1.25012E+01 7.02642E-02
 -1      1790 1.16851E+00 1.25006E+01 8.85056E-02
 -1      1791 1.19589E+00 1.24988E+01 1.41868E-01
 -1      1792 1.23149E+00 1.24994E+01 1.23626E-01
 -1      1797 1.20428E+00 1.37506E+01 1.02787E-01
 -1      1798 1.16860E+00 1.37503E+01 1.20866E-01
 -1      1799 1.19572E+00 1.37494E+01 1.74377E-01
 -1      1800 1.23140E+00 1.37497E+01 1.56298E-01
 -1      1805 1.20447E+00 1.50000E+01 1.14223E-01
 -1      1806 1.16869E+00 1.50000E+01 1.32112E-01
 -1      1807 1.19553E+00 1.50000E+01 1.85777E-01
 -1      1808 1.23131E+00 1.50000E+01 1.67888E-01
 -1      1813 1.20466E+00 1.62494E+01 1.02834E-01
 -1      1814 1.16879E+00 1.62497E+01 1.20535E-01
 -1      1815 1.19534E+00 1.62506E+01 1.74330E-01
 -1      1816 1.23121E+00 1.62503E+01 1.56628E-01
 -1      1821 1.20481E+00 1.74988E+01 7.03511E-02
 -1      1822 1.16886E+00 1.74994E+01 8.78954E-02
 -1      1823 1.19519E+00 1.75012E+01 1.41781E-01
 -1      1824 1.23114E+00 1.75006E+01 1.24237E-01
 -1      1829 1.20490E+00 1.87485E+01 2.17140E-02
 -1      1830 1.16891E+00 1.87492E+01 3.91543E-02
 -1      1831 1.19510E+00 1.87515E+01 9.30910E-02
 -1      1832 1.23109E+00 1.87508E+01 7.56508E-02
 -1      1837-1.19510E+00 1.12485E+01 1.90691E+00
 -1      1838-1.23109E+00 1.12492E+01 1.92435E+00
 -1      1839-1.20490E+00 1.12515E+01 1.97829E+00
 -1      1840-1.16891E+00 1.12508E+01 1.96085E+00
 -1      1845-1.19519E+00 1.24988E+01 1.85822E+00
 -1      1846-1.23114E+00 1.24994E+01 1.87576E+00
 -1      1847-1.20481E+00 1.25012E+01 1.92965E+00
 -1      1848-1.16886E+00 1.25006E+01 1.91210E+00
 -1      1853-1.19534E+00 1.37494E+01 1.82567E+00
 -1      1854-1.23121E+00 1.37497E+01 1.84337E+00
 -1      1855-1.20466E+00 1.37506E+01 1.89717E+00
 -1      1856-1.16879E+00 1.37503E+01 1.87946E+00
 -1      1861-1.19553E+00 1.50000E+01 1.81422E+00
 -1      1862-1.23131E+00 1.50000E+01 1.83211E+00
 -1      1863-1.20447E+00 1.50000E+01 1.88578E+00
 -1      1864-1.16869E+00 1.50000E+01 1.86789E+00
 -1      1869-1.19572E+00 1.62506E+01 1.82562E+00
 -1      1870-1.23140E+00 1.62503E+01 1.84370E+00
 -1      1871-1.20428E+00 1.62494E+01 1.89721E+00
 -1      1872-1.16860E+00 1.62497E+01 1.87913E+00
 -1      1877-1.19589E+00 1.75012E+01 1.85813E+00
 -1      1878-1.23149E+00 1.75006E+01 1.87637E+00
 -1      1879-1.20411E+00 1.74988E+01 1.92974E+00
 -1      1880-1.16851E+00 1.74994E+01 1.91149E+00
 -1      1885-1.19601E+00 1.87515E+01 1.90680E+00
 -1      1886-1.23154E+00 1.87507E+01 1.92515E+00
 -1      1887-1.20399E+00 1.87485E+01 1.97840E+00
 -1      1888-1.16846E+00 1.87493E+01 1.96005E+00
 -1      1893 1.20399E+00 1.12515E+01 2.02160E+00
 -1      1894 1.16846E+00 1.12507E+01 2.03995E+00
 -1      1895 1.19601E+00 1.12485E+01 2.09320E+00
 -1      1896 1.23154E+00 1.12493E+01 2.07485E+00
 -1      1901 1.20411E+00 1.25012E+01 2.07026E+00
 -1      1902 1.16851E+00 1.25006E+01 2.08851E+00
 -1      1903 1.19589E+00 1.24988E+01 2.14187E+00
 -1      1904 1.23149E+00 1.24994E+01 2.12363E+00
 -1      1909 1.20428E+00 1.37506E+01 2.10279E+00
 -1      1910 1.16860E+00 1.37503E+01 2.12087E+00
 -1      1911 1.19572E+00 1.37494E+01 2.17438E+00
 -1      1912 1.23140E+00 1.37497E+01 2.15630E+00
 -1      1917 1.20447E+00 1.50000E+01 2.11422E+00
 -1      1918 1.16869E+00 1.50000E+01 2.13211E+00
 -1      1919 1.19553E+00 1.50000E+01 2.18578E+00
 -1      1920 1.23131E+00 1.50000E+01 2.16789E+00
 -1      1925 1.20466E+00 1.62494E+01 2.10283E+00
 -1      1926 1.16879E+00 1.62497E+01 2.12054E+00
 -1      1927 1.19534E+00 1.62506E+01 2.17433E+00
 -1      1928 1.23121E+00 1.62503E+01 2.15663E+00
 -1      1933 1.20481E+00 1.74988E+01 2.07035E+00
 -1      1934 1.16886E+00 1.74994E+01 2.08790E+00
 -1      1935 1.19519E+00 1.75012E+01 2.14178E+00
 -1      1936 1.23114E+00 1.75006E+01 2.12424E+00
 -1      1941 1.20490E+00 1.87485E+01 2.02171E+00
 -1      1942 1.16891E+00 1.87492E+01 2.03915E+00
 -1      1943 1.19510E+00 1.87515E+01 2.09309E+00
 -1      1944 1.23109E+00 1.87508E+01 2.07565E+00
 -1      1949-6.01023E-01-5.95507E-02-1.16832E-02
 -1      1950-6.00070E-01-2.77896E-02-3.59798E-02
 -1      1951-5.98977E-01 8.63897E-03 1.16832E-02
 -1      1952-5.99930E-01-2.31221E-02 3.59798E-02
 -1      1957 0.00000E+00-6.99997E-02-1.20008E-02
 -1      1958 0.00000E+00-3.79991E-02-3.60000E-02
 -1      1959 0.00000E+00-2.00028E-03 1.20008E-02
 -1      1960 0.00000E+00-3.40009E-02 3.60000E-02
 -1      1965 6.01016E-01-5.93202E-02-1.23359E-02
 -1      1966 6.00049E-01-2.70988E-02-3.60180E-02
 -1      1967 5.98984E-01 8.40852E-03 1.23359E-02
 -1      1968 5.99951E-01-2.38129E-02 3.60180E-02
 -1      1973-5.98984E-01-8.40852E-03 1.98766E+00
 -1      1974-5.99951E-01 2.38129E-02 1.96398E+00
 -1      1975-6.01016E-01 5.93202E-02 2.01234E+00
 -1      1976-6.00049E-01 2.70988E-02 2.03602E+00
 -1      1981 0.00000E+00 2.00028E-03 1.98800E+00
 -1      1982 0.00000E+00 3.40009E-02 1.96400E+00
 -1      1983 0.00000E+00 6.99997E-02 2.01200E+00
 -1      1984 0.00000E+00 3.79991E-02 2.03600E+00
 -1      1989 5.98977E-01-8.63897E-03 1.98832E+00
 -1      1990 5.99930E-01 2.31221E-02 1.96402E+00
 -1      1991 6.01023E-01 5.95507E-02 2.01168E+00
 -1      1992 6.00070E-01 2.77896E-02 2.03598E+00
 -1      1997-1.23354E+00 7.99623E-03 5.00396E-01
 -1      1998-1.20070E+00-1.48194E-02 5.01081E-01
 -1      1999-1.16646E+00 3.44302E-02 4.99604E-01
 -1      2000-1.19930E+00 5.72458E-02 4.98919E-01
 -1      2005-1.23328E+00 1.61383E-02 1.00000E+00
 -1      2006-1.20001E+00-6.05551E-03 1.00000E+00
 -1      2007-1.16672E+00 4.38617E-02 1.00000E+00
 -1      2008-1.19999E+00 6.60555E-02 1.00000E+00
 -1      2013-1.23303E+00 6.76606E-03 1.49957E+00
 -1      2014-1.19936E+00-1.48205E-02 1.49892E+00
 -1      2015-1.16697E+00 3.56603E-02 1.50043E+00
 -1      2016-1.20064E+00 5.72469E-02 1.50108E+00
 -1      2021 1.16697E+00-3.56603E-02 4.99567E-01
 -1      2022 1.20064E+00-5.72469E-02 4.98919E-01
 -1      2023 1.23303E+00-6.76606E-03 5.00433E-01
 -1      2024 1.19936E+00 1.48205E-02 5.01081E-01
 -1      2029 1.16672E+00-4.38617E-02 1.00000E+00
 -1      2030 1.19999E+00-6.60555E-02 1.00000E+00
 -1      2031 1.23328E+00-1.61383E-02 1.00000E+00
 -1      2032 1.20001E+00 6.05551E-03 1.00000E+00
 -1      2037 1.16646E+00-3.44302E-02 1.50040E+00
 -1      2038 1.19930E+00-5.72458E-02 1.50108E+00
 -1      2039 1.23354E+00-7.99623E-03 1.49960E+00
 -1      2040 1.20070E+00 1.48194E-02 1.49892E+00
 -1      2045-6.01023E-01 9.94045E+00-1.16832E-02
 -1      2046-6.00070E-01 9.97221E+00-3.59798E-02
 -1      2047-5.98977E-01 1.00086E+01 1.16832E-02
 -1      2048-5.99930E-01 9.97688E+00 3.59798E-02
 -1      2053 0.00000E+00 9.93000E+00-1.20008E-02
 -1      2054 0.00000E+00 9.96200E+00-3.60000E-02
 -1      2055 0.00000E+00 9.99800E+00 1.20008E-02
 -1      2056 0.00000E+00 9.96600E+00 3.60000E-02
 -1      2061 6.01016E-01 9.94068E+00-1.23359E-02
 -1      2062 6.00049E-01 9.97290E+00-3.60180E-02
 -1      2063 5.98984E-01 1.00084E+01 1.23359E-02
 -1      2064 5.99951E-01 9.97619E+00 3.60180E-02
 -1      2069-5.98984E-01 9.99159E+00 1.98766E+00
 -1      2070-5.99951E-01 1.00238E+01 1.96398E+00
 -1      2071-6.01016E-01 1.00593E+01 2.01234E+00
 -1      2072-6.00049E-01 1.00271E+01 2.03602E+00
 -1      2077 0.00000E+00 1.00020E+01 1.98800E+00
 -1      2078 0.00000E+00 1.00340E+01 1.96400E+00
 -1      2079 0.00000E+00 1.00700E+01 2.01200E+00
 -1      2080 0.00000E+00 1.00380E+01 2.03600E+00
 -1      2085 5.98977E-01 9.99136E+00 1.98832E+00
 -1      2086 5.99930E-01 1.00231E+01 1.96402E+00
 -1      2087 6.01023E-01 1.00596E+01 2.01168E+00
 -1      2088 6.00070E-01 1.00278E+01 2.03598E+00
 -1      2093-1.23354E+00 1.00080E+01 5.00396E-01
 -1      2094-1.20070E+00 9.98518E+00 5.01081E-01
 -1      2095-1.16646E+00 1.00344E+01 4.99604E-01
 -1      2096-1.19930E+00 1.00572E+01 4.98919E-01
 -1      2101-1.23328E+00 1.00161E+01 1.00000E+00
 -1      2102-1.20001E+00 9.99394E+00 1.00000E+00
 -1      2103-1.16672E+00 1.00439E+01 1.00000E+00
 -1      2104-1.19999E+00 1.00661E+01 1.00000E+00
 -1      2109-1.23303E+00 1.00068E+01 1.49957E+00
 -1      2110-1.19936E+00 9.98518E+00 1.49892E+00
 -1      2111-1.16697E+00 1.00357E+01 1.50043E+00
 -1      2112-1.20064E+00 1.00572E+01 1.50108E+00
 -1      2117 1.16697E+00 9.96434E+00 4.99567E-01
 -1      2118 1.20064E+00 9.94275E+00 4.98919E-01
 -1      2119 1.23303E+00 9.99323E+00 5.00433E-01
 -1      2120 1.19936E+00 1.00148E+01 5.01081E-01
 -1      2125 1.16672E+00 9.95614E+00 1.00000E+00
 -1      2126 1.19999E+00 9.93394E+00 1.00000E+00
 -1      2127 1.23328E+00 9.98386E+00 1.00000E+00
 -1      2128 1.20001E+00 1.00061E+01 1.00000E+00
 -1      2133 1.16646E+00 9.96557E+00 1.50040E+00
 -1      2134 1.19930E+00 9.94275E+00 1.50108E+00
 -1      2135 1.23354E+00 9.99200E+00 1.49960E+00
 -1      2136 1.20070E+00 1.00148E+01 1.49892E+00
 -1      2141-9.01448E-01 2.99521E+01-1.15569E-02
 -1      2142-9.00105E-01 2.99838E+01-3.59710E-02
 -1      2143-8.98552E-01 3.00203E+01 1.15569E-02
 -1      2144-8.99895E-01 2.99887E+01 3.59710E-02
 -1      2149-6.01107E-01 2.99404E+01-1.16576E-02
 -1      2150-6.00077E-01 2.99722E+01-3.59781E-02
 -1      2151-5.98893E-01 3.00086E+01 1.16576E-02
 -1      2152-5.99923E-01 2.99769E+01 3.59781E-02
 -1      2157-3.00599E-01 2.99327E+01-1.18121E-02
 -1      2158-3.00039E-01 2.99645E+01-3.59884E-02
 -1      2159-2.99401E-01 3.00008E+01 1.18121E-02
 -1      2160-2.99961E-01 2.99689E+01 3.59884E-02
 -1      2165 0.00000E+00 2.99300E+01-1.20002E-02
 -1      2166 0.00000E+00 2.99620E+01-3.60000E-02
 -1      2167 0.00000E+00 2.99980E+01 1.20002E-02
 -1      2168 0.00000E+00 2.99660E+01 3.60000E-02
 -1      2173 3.00596E-01 2.99328E+01-1.21945E-02
 -1      2174 3.00032E-01 2.99649E+01-3.60109E-02
 -1      2175 2.99404E-01 3.00007E+01 1.21945E-02
 -1      2176 2.99968E-01 2.99685E+01 3.60109E-02
 -1      2181 6.01099E-01 2.99407E+01-1.23640E-02
 -1      2182 6.00052E-01 2.99729E+01-3.60194E-02
 -1      2183 5.98901E-01 3.00084E+01 1.23640E-02
 -1      2184 5.99948E-01 2.99762E+01 3.60194E-02
 -1      2189 9.01434E-01 2.99524E+01-1.24797E-02
 -1      2190 9.00063E-01 2.99847E+01-3.60247E-02
 -1      2191 8.98566E-01 3.00200E+01 1.24797E-02
 -1      2192 8.99937E-01 2.99877E+01 3.60247E-02
 -1      2197-8.98566E-01 2.99800E+01 1.98752E+00
 -1      2198-8.99937E-01 3.00123E+01 1.96398E+00
 -1      2199-9.01434E-01 3.00476E+01 2.01248E+00
 -1      2200-9.00063E-01 3.00153E+01 2.03602E+00
 -1      2205-5.98901E-01 2.99916E+01 1.98764E+00
 -1      2206-5.99948E-01 3.00238E+01 1.96398E+00
 -1      2207-6.01099E-01 3.00593E+01 2.01236E+00
 -1      2208-6.00052E-01 3.00271E+01 2.03602E+00
 -1      2213-2.99404E-01 2.99993E+01 1.98781E+00
 -1      2214-2.99968E-01 3.00315E+01 1.96399E+00
 -1      2215-3.00596E-01 3.00672E+01 2.01219E+00
 -1      2216-3.00032E-01 3.00351E+01 2.03601E+00
 -1      2221 0.00000E+00 3.00020E+01 1.98800E+00
 -1      2222 0.00000E+00 3.00340E+01 1.96400E+00
 -1      2223 0.00000E+00 3.00700E+01 2.01200E+00
 -1      2224 0.00000E+00 3.00380E+01 2.03600E+00
 -1      2229 2.99401E-01 2.99992E+01 1.98819E+00
 -1      2230 2.99961E-01 3.00311E+01 1.96401E+00
 -1      2231 3.00599E-01 3.00673E+01 2.01181E+00
 -1      2232 3.00039E-01 3.00355E+01 2.03599E+00
 -1      2237 5.98893E-01 2.99914E+01 1.98834E+00
 -1      2238 5.99923E-01 3.00231E+01 1.96402E+00
 -1      2239 6.01107E-01 3.00596E+01 2.01166E+00
 -1      2240 6.00077E-01 3.00278E+01 2.03598E+00
 -1      2245 8.98552E-01 2.99797E+01 1.98844E+00
 -1      2246 8.99895E-01 3.00113E+01 1.96403E+00
 -1      2247 9.01448E-01 3.00479E+01 2.01156E+00
 -1      2248 9.00105E-01 3.00162E+01 2.03597E+00
 -1      2253-1.23365E+00 2.99985E+01 2.50549E-01
 -1      2254-1.20099E+00 2.99755E+01 2.51528E-01
 -1      2255-1.16635E+00 3.00244E+01 2.49451E-01
 -1      2256-1.19901E+00 3.00475E+01 2.48472E-01
 -1      2261-1.23356E+00 3.00081E+01 5.00427E-01
 -1      2262-1.20075E+00 2.99852E+01 5.01170E-01
 -1      2263-1.16644E+00 3.00344E+01 4.99573E-01
 -1      2264-1.19925E+00 3.00572E+01 4.98830E-01
 -1      2269-1.23343E+00 3.00142E+01 7.50237E-01
 -1      2270-1.20040E+00 2.99917E+01 7.50633E-01
 -1      2271-1.16657E+00 3.00412E+01 7.49763E-01
 -1      2272-1.19960E+00 3.00638E+01 7.49367E-01
 -1      2277-1.23328E+00 3.00161E+01 1.00000E+00
 -1      2278-1.20000E+00 2.99939E+01 1.00000E+00
 -1      2279-1.16672E+00 3.00439E+01 1.00000E+00
 -1      2280-1.20000E+00 3.00661E+01 1.00000E+00
 -1      2285-1.23313E+00 3.00135E+01 1.24975E+00
 -1      2286-1.19962E+00 2.99917E+01 1.24937E+00
 -1      2287-1.16687E+00 3.00419E+01 1.25025E+00
 -1      2288-1.20038E+00 3.00638E+01 1.25063E+00
 -1      2293-1.23301E+00 3.00067E+01 1.49953E+00
 -1      2294-1.19931E+00 2.99852E+01 1.49883E+00
 -1      2295-1.16699E+00 3.00357E+01 1.50047E+00
 -1      2296-1.20069E+00 3.00572E+01 1.50117E+00
 -1      2301-1.23293E+00 2.99968E+01 1.74938E+00
 -1      2302-1.19911E+00 2.99755E+01 1.74847E+00
 -1      2303-1.16707E+00 3.00262E+01 1.75062E+00
 -1      2304-1.20089E+00 3.00475E+01 1.75153E+00
 -1      2309 1.16707E+00 2.99738E+01 2.49378E-01
 -1      2310 1.20089E+00 2.99525E+01 2.48472E-01
 -1      2311 1.23293E+00 3.00032E+01 2.50622E-01
 -1      2312 1.19911E+00 3.00245E+01 2.51528E-01
 -1      2317 1.16699E+00 2.99643E+01 4.99529E-01
 -1      2318 1.20069E+00 2.99428E+01 4.98830E-01
 -1      2319 1.23301E+00 2.99933E+01 5.00471E-01
 -1      2320 1.19931E+00 3.00148E+01 5.01170E-01
 -1      2325 1.16687E+00 2.99581E+01 7.49750E-01
 -1      2326 1.20038E+00 2.99362E+01 7.49367E-01
 -1      2327 1.23313E+00 2.99865E+01 7.50250E-01
 -1      2328 1.19962E+00 3.00083E+01 7.50633E-01
 -1      2333 1.16672E+00 2.99561E+01 1.00000E+00
 -1      2334 1.20000E+00 2.99339E+01 1.00000E+00
 -1      2335 1.23328E+00 2.99839E+01 1.00000E+00
 -1      2336 1.20000E+00 3.00061E+01 1.00000E+00
 -1      2341 1.16657E+00 2.99588E+01 1.25024E+00
 -1      2342 1.19960E+00 2.99362E+01 1.25063E+00
 -1      2343 1.23343E+00 2.99858E+01 1.24976E+00
 -1      2344 1.20040E+00 3.00083E+01 1.24937E+00
 -1      2349 1.16644E+00 2.99656E+01 1.50043E+00
 -1      2350 1.19925E+00 2.99428E+01 1.50117E+00
 -1      2351 1.23356E+00 2.99919E+01 1.49957E+00
 -1      2352 1.20075E+00 3.00148E+01 1.49883E+00
 -1      2357 1.16635E+00 2.99756E+01 1.75055E+00
 -1      2358 1.19901E+00 2.99525E+01 1.75153E+00
 -1      2359 1.23365E+00 3.00015E+01 1.74945E+00
 -1      2360 1.20099E+00 3.00245E+01 1.74847E+00
 -1      2365-6.01023E-01 3.99404E+01-1.16832E-02
 -1      2366-6.00070E-01 3.99722E+01-3.59798E-02
 -1      2367-5.98977E-01 4.00086E+01 1.16832E-02
 -1      2368-5.99930E-01 3.99769E+01 3.59798E-02
 -1      2373 0.00000E+00 3.99300E+01-1.20008E-02
 -1      2374 0.00000E+00 3.99620E+01-3.60000E-02
 -1      2375 0.00000E+00 3.99980E+01 1.20008E-02
 -1      2376 0.00000E+00 3.99660E+01 3.60000E-02
 -1      2381 6.01016E-01 3.99407E+01-1.23359E-02
 -1      2382 6.00049E-01 3.99729E+01-3.60180E-02
 -1      2383 5.98984E-01 4.00084E+01 1.23359E-02
 -1      2384 5.99951E-01 3.99762E+01 3.60180E-02
 -1      2389-5.98984E-01 3.99916E+01 1.98766E+00
 -1      2390-5.99951E-01 4.00238E+01 1.96398E+00
 -1      2391-6.01016E-01 4.00593E+01 2.01234E+00
 -1      2392-6.00049E-01 4.00271E+01 2.03602E+00
 -1      2397 0.00000E+00 4.00020E+01 1.98800E+00
 -1      2398 0.00000E+00 4.00340E+01 1.96400E+00
 -1      2399 0.00000E+00 4.00700E+01 2.01200E+00
 -1      2400 0.00000E+00 4.00380E+01 2.03600E+00
 -1      2405 5.98977E-01 3.99914E+01 1.98832E+00
 -1      2406 5.99930E-01 4.00231E+01 1.96402E+00
 -1      2407 6.01023E-01 4.00596E+01 2.01168E+00
 -1      2408 6.00070E-01 4.00278E+01 2.03598E+00
 -1      2413-1.23354E+00 4.00080E+01 5.00396E-01
 -1      2414-1.20070E+00 3.99852E+01 5.01081E-01
 -1      2415-1.16646E+00 4.00344E+01 4.99604E-01
 -1      2416-1.19930E+00 4.00572E+01 4.98919E-01
 -1      2421-1.23328E+00 4.00161E+01 1.00000E+00
 -1      2422-1.20001E+00 3.99939E+01 1.00000E+00
 -1      2423-1.16672E+00 4.00439E+01 1.00000E+00
 -1      2424-1.19999E+00 4.00661E+01 1.00000E+00
 -1      2429-1.23303E+00 4.00068E+01 1.49957E+00
 -1      2430-1.19936E+00 3.99852E+01 1.49892E+00
 -1      2431-1.16697E+00 4.00357E+01 1.50043E+00
 -1      2432-1.20064E+00 4.00572E+01 1.50108E+00
 -1      2437 1.16697E+00 3.99643E+01 4.99567E-01
 -1      2438 1.20064E+00 3.99428E+01 4.98919E-01
 -1      2439 1.23303E+00 3.99932E+01 5.00433E-01
 -1      2440 1.19936E+00 4.00148E+01 5.01081E-01
 -1      2445 1.16672E+00 3.99561E+01 1.00000E+00
 -1      2446 1.19999E+00 3.99339E+01 1.00000E+00
 -1      2447 1.23328E+00 3.99839E+01 1.00000E+00
 -1      2448 1.20001E+00 4.00061E+01 1.00000E+00
 -1      2453 1.16646E+00 3.99656E+01 1.50040E+00
 -1      2454 1.19930E+00 3.99428E+01 1.50108E+00
 -1      2455 1.23354E+00 3.99920E+01 1.49960E+00
 -1      2456 1.20070E+00 4.00148E+01 1.49892E+00
 -1      2461-6.01023E-01 4.99404E+01-1.16832E-02
 -1      2462-6.00070E-01 4.99722E+01-3.59798E-02
 -1      2463-5.98977E-01 5.00086E+01 1.16832E-02
 -1      2464-5.99930E-01 4.99769E+01 3.59798E-02
 -1      2469 0.00000E+00 4.99300E+01-1.20008E-02
 -1      2470 0.00000E+00 4.99620E+01-3.60000E-02
 -1      2471 0.00000E+00 4.99980E+01 1.20008E-02
 -1      2472 0.00000E+00 4.99660E+01 3.60000E-02
 -1      2477 6.01016E-01 4.99407E+01-1.23359E-02
 -1      2478 6.00049E-01 4.99729E+01-3.60180E-02
 -1      2479 5.98984E-01 5.00084E+01 1.23359E-02
 -1      2480 5.99951E-01 4.99762E+01 3.60180E-02
 -1      2485-5.98984E-01 4.99916E+01 1.98766E+00
 -1      2486-5.99951E-01 5.00238E+01 1.96398E+00
 -1      2487-6.01016E-01 5.00593E+01 2.01234E+00
 -1      2488-6.00049E-01 5.00271E+01 2.03602E+00
 -1      2493 0.00000E+00 5.00020E+01 1.98800E+00
 -1      2494 0.00000E+00 5.00340E+01 1.96400E+00
 -1      2495 0.00000E+00 5.00700E+01 2.01200E+00
 -1      2496 0.00000E+00 5.00380E+01 2.03600E+00
 -1      2501 5.98977E-01 4.99914E+01 1.98832E+00
 -1      2502 5.99930E-01 5.00231E+01 1.96402E+00
 -1      2503 6.01023E-01 5.00596E+01 2.01168E+00
 -1      2504 6.00070E-01 5.00278E+01 2.03598E+00
 -1      2509-1.23354E+00 5.00080E+01 5.00396E-01
 -1      2510-1.20070E+00 4.99852E+01 5.01081E-01
 -1      2511-1.16646E+00 5.00344E+01 4.99604E-01
 -1      2512-1.19930E+00 5.00572E+01 4.98919E-01
 -1      2517-1.23328E+00 5.00161E+01 1.00000E+00
 -1      2518-1.20001E+00 4.99939E+01 1.00000E+00
 -1      2519-1.16672E+00 5.00439E+01 1.00000E+00
 -1      2520-1.19999E+00 5.00661E+01 1.00000E+00
 -1      2525-1.23303E+00 5.00068E+01 1.49957E+00
 -1      2526-1.19936E+00 4.99852E+01 1.49892E+00
 -1      2527-1.16697E+00 5.00357E+01 1.50043E+00
 -1      2528-1.20064E+00 5.00572E+01 1.50108E+00
 -1      2533 1.16697E+00 4.99643E+01 4.99567E-01
 -1      2534 1.20064E+00 4.99428E+01 4.98919E-01
 -1      2535 1.23303E+00 4.99932E+01 5.00433E-01
 -1      2536 1.19936E+00 5.00148E+01 5.01081E-01
 -1      2541 1.16672E+00 4.99561E+01 1.00000E+00
 -1      2542 1.19999E+00 4.99339E+01 1.00000E+00
 -1      2543 1.23328E+00 4.99839E+01 1.00000E+00
 -1      2544 1.20001E+00 5.00061E+01 1.00000E+00
 -1      2549 1.16646E+00 4.99656E+01 1.50040E+00
 -1      2550 1.19930E+00 4.99428E+01 1.50108E+00
 -1      2551 1.23354E+00 4.99920E+01 1.49960E+00
 -1      2552 1.20070E+00 5.00148E+01 1.49892E+00
 -1      2557-1.19757E+00 1.26703E+00 1.57055E-01
 -1      2558-1.23227E+00 1.26396E+00 1.76710E-01
 -1      2559-1.20243E+00 1.25593E+00 2.28140E-01
 -1      2560-1.16773E+00 1.25900E+00 2.08485E-01
 -1      2565-1.19773E+00 2.52712E+00 3.58438E-01
 -1      2566-1.23234E+00 2.52383E+00 3.78214E-01
 -1      2567-1.20227E+00 2.51531E+00 4.29430E-01
 -1      2568-1.16766E+00 2.51860E+00 4.09654E-01
 -1      2573-1.19798E+00 3.78416E+00 5.76000E-01
 -1      2574-1.23245E+00 3.78053E+00 5.95959E-01
 -1      2575-1.20202E+00 3.77128E+00 6.46836E-01
 -1      2576-1.16755E+00 3.77491E+00 6.26877E-01
 -1      2581-1.19828E+00 5.03706E+00 8.14685E-01
 -1      2582-1.23258E+00 5.03303E+00 8.34863E-01
 -1      2583-1.20172E+00 5.02294E+00 8.85315E-01
 -1      2584-1.16742E+00 5.02697E+00 8.65137E-01
 -1      2589-1.19860E+00 6.28540E+00 1.07622E+00
 -1      2590-1.23272E+00 6.28095E+00 1.09662E+00
 -1      2591-1.20140E+00 6.27003E+00 1.14662E+00
 -1      2592-1.16728E+00 6.27449E+00 1.12622E+00
 -1      2597-1.19888E+00 7.52942E+00 1.35884E+00
 -1      2598-1.23284E+00 7.52461E+00 1.37943E+00
 -1      2599-1.20112E+00 7.51300E+00 1.42902E+00
 -1      2600-1.16716E+00 7.51782E+00 1.40843E+00
 -1      2605-1.19908E+00 8.77004E+00 1.65759E+00
 -1      2606-1.23292E+00 8.76498E+00 1.67830E+00
 -1      2607-1.20092E+00 8.75292E+00 1.72761E+00
 -1      2608-1.16708E+00 8.75799E+00 1.70689E+00
 -1      2613-1.19416E+00 1.25599E+00 1.77225E+00
 -1      2614-1.23060E+00 1.25854E+00 1.78856E+00
 -1      2615-1.20584E+00 1.26697E+00 1.84256E+00
 -1      2616-1.16940E+00 1.26443E+00 1.82625E+00
 -1      2621-1.19409E+00 2.51537E+00 1.57098E+00
 -1      2622-1.23056E+00 2.51807E+00 1.58719E+00
 -1      2623-1.20591E+00 2.52705E+00 1.64115E+00
 -1      2624-1.16944E+00 2.52435E+00 1.62494E+00
 -1      2629-1.19399E+00 3.77136E+00 1.35360E+00
 -1      2630-1.23051E+00 3.77428E+00 1.36967E+00
 -1      2631-1.20601E+00 3.78408E+00 1.42356E+00
 -1      2632-1.16949E+00 3.78115E+00 1.40749E+00
 -1      2637-1.19388E+00 5.02303E+00 1.11516E+00
 -1      2638-1.23044E+00 5.02621E+00 1.13106E+00
 -1      2639-1.20612E+00 5.03697E+00 1.18484E+00
 -1      2640-1.16956E+00 5.03379E+00 1.16894E+00
 -1      2645-1.19377E+00 6.27014E+00 8.53886E-01
 -1      2646-1.23038E+00 6.27358E+00 8.69618E-01
 -1      2647-1.20623E+00 6.28529E+00 9.23278E-01
 -1      2648-1.16962E+00 6.28186E+00 9.07546E-01
 -1      2653-1.19368E+00 7.51313E+00 5.71502E-01
 -1      2654-1.23034E+00 7.51677E+00 5.87093E-01
 -1      2655-1.20632E+00 7.52930E+00 6.40630E-01
 -1      2656-1.16966E+00 7.52565E+00 6.25039E-01
 -1      2661-1.19363E+00 8.75305E+00 2.72930E-01
 -1      2662-1.23031E+00 8.75684E+00 2.88429E-01
 -1      2663-1.20637E+00 8.76991E+00 3.41875E-01
 -1      2664-1.16969E+00 8.76612E+00 3.26376E-01
 -1      2669 1.20243E+00 1.26703E+00 1.57055E-01
 -1      2670 1.16773E+00 1.26396E+00 1.76710E-01
 -1      2671 1.19757E+00 1.25593E+00 2.28140E-01
 -1      2672 1.23227E+00 1.25900E+00 2.08485E-01
 -1      2677 1.20227E+00 2.52712E+00 3.58438E-01
 -1      2678 1.16766E+00 2.52383E+00 3.78214E-01
 -1      2679 1.19773E+00 2.51531E+00 4.29430E-01
 -1      2680 1.23234E+00 2.51860E+00 4.09654E-01
 -1      2685 1.20202E+00 3.78416E+00 5.76000E-01
 -1      2686 1.16755E+00 3.78053E+00 5.95959E-01
 -1      2687 1.19798E+00 3.77128E+00 6.46836E-01
 -1      2688 1.23245E+00 3.77491E+00 6.26877E-01
 -1      2693 1.20172E+00 5.03706E+00 8.14685E-01
 -1      2694 1.16742E+00 5.03303E+00 8.34863E-01
 -1      2695 1.19828E+00 5.02294E+00 8.85315E-01
 -1      2696 1.23258E+00 5.02697E+00 8.65137E-01
 -1      2701 1.20140E+00 6.28540E+00 1.07622E+00
 -1      2702 1.16728E+00 6.28095E+00 1.09662E+00
 -1      2703 1.19860E+00 6.27003E+00 1.14662E+00
 -1      2704 1.23272E+00 6.27449E+00 1.12622E+00
 -1      2709 1.20112E+00 7.52942E+00 1.35884E+00
 -1      2710 1.16716E+00 7.52461E+00 1.37943E+00
 -1      2711 1.19888E+00 7.51300E+00 1.42902E+00
 -1      2712 1.23284E+00 7.51782E+00 1.40843E+00
 -1      2717 1.20092E+00 8.77004E+00 1.65759E+00
 -1      2718 1.16708E+00 8.76498E+00 1.67830E+00
 -1      2719 1.19908E+00 8.75292E+00 1.72761E+00
 -1      2720 1.23292E+00 8.75799E+00 1.70689E+00
 -1      2725 1.20584E+00 1.25599E+00 1.77225E+00
 -1      2726 1.16940E+00 1.25854E+00 1.78856E+00
 -1      2727 1.19416E+00 1.26697E+00 1.84256E+00
 -1      2728 1.23060E+00 1.26443E+00 1.82625E+00
 -1      2733 1.20591E+00 2.51537E+00 1.57098E+00
 -1      2734 1.16944E+00 2.51807E+00 1.58719E+00
 -1      2735 1.19409E+00 2.52705E+00 1.64115E+00
 -1      2736 1.23056E+00 2.52435E+00 1.62494E+00
 -1      2741 1.20601E+00 3.77136E+00 1.35360E+00
 -1      2742 1.16949E+00 3.77428E+00 1.36967E+00
 -1      2743 1.19399E+00 3.78408E+00 1.42356E+00
 -1      2744 1.23051E+00 3.78115E+00 1.40749E+00
 -1      2749 1.20612E+00 5.02303E+00 1.11516E+00
 -1      2750 1.16956E+00 5.02621E+00 1.13106E+00
 -1      2751 1.19388E+00 5.03697E+00 1.18484E+00
 -1      2752 1.23044E+00 5.03379E+00 1.16894E+00
 -1      2757 1.20623E+00 6.27014E+00 8.53886E-01
 -1      2758 1.16962E+00 6.27358E+00 8.69618E-01
 -1      2759 1.19377E+00 6.28529E+00 9.23278E-01
 -1      2760 1.23038E+00 6.28186E+00 9.07546E-01
 -1      2765 1.20632E+00 7.51313E+00 5.71502E-01
 -1      2766 1.16966E+00 7.51677E+00 5.87093E-01
 -1      2767 1.19368E+00 7.52930E+00 6.40630E-01
 -1      2768 1.23034E+00 7.52565E+00 6.25039E-01
 -1      2773 1.20637E+00 8.75305E+00 2.72930E-01
 -1      2774 1.16969E+00 8.75684E+00 2.88429E-01
 -1      2775 1.19363E+00 8.76991E+00 3.41875E-01
 -1      2776 1.23031E+00 8.76612E+00 3.26376E-01
 -1      2781-8.31704E-01 1.23312E+00-3.42295E-02
 -1      2782-8.68791E-01 1.24370E+00-2.36225E-02
 -1      2783-8.53491E-01 1.23933E+00 3.42295E-02
 -1      2784-8.16404E-01 1.22875E+00 2.36225E-02
 -1      2789-4.83271E-01 2.47162E+00-3.43179E-02
 -1      2790-5.20380E-01 2.48181E+00-2.34066E-02
 -1      2791-5.04597E-01 2.47747E+00 3.43179E-02
 -1      2792-4.67488E-01 2.46728E+00 2.34066E-02
 -1      2797-1.51102E-01 3.71407E+00-3.44451E-02
 -1      2798-1.88233E-01 3.72368E+00-2.30837E-02
 -1      2799-1.71734E-01 3.71941E+00 3.44451E-02
 -1      2800-1.34603E-01 3.70980E+00 2.30837E-02
 -1      2805 1.59903E-01 4.96162E+00-3.45874E-02
 -1      2806 1.22764E-01 4.97054E+00-2.27035E-02
 -1      2807 1.40097E-01 4.96638E+00 3.45874E-02
 -1      2808 1.77236E-01 4.95746E+00 2.27035E-02
 -1      2813 4.48070E-01 6.21464E+00-3.47212E-02
 -1      2814 4.10939E-01 6.22286E+00-2.23246E-02
 -1      2815 4.29094E-01 6.21884E+00 3.47212E-02
 -1      2816 4.66225E-01 6.21062E+00 2.23246E-02
 -1      2821 7.15201E-01 7.47266E+00-3.48283E-02
 -1      2822 6.78091E-01 7.48030E+00-2.20050E-02
 -1      2823 6.96931E-01 7.47643E+00 3.48283E-02
 -1      2824 7.34041E-01 7.46878E+00 2.20050E-02
 -1      2829 9.66302E-01 8.73448E+00-3.48965E-02
 -1      2830 9.29212E-01 8.74174E+00-2.17923E-02
 -1      2831 9.48503E-01 8.73796E+00 3.48965E-02
 -1      2832 9.85593E-01 8.73071E+00 2.17923E-02
 -1      2837 8.42124E-01 1.23609E+00-3.60521E-02
 -1      2838 8.10413E-01 1.22704E+00-1.34113E-02
 -1      2839 8.43071E-01 1.23636E+00 3.60521E-02
 -1      2840 8.74781E-01 1.24541E+00 1.34113E-02
 -1      2845 4.93597E-01 2.47445E+00-3.60538E-02
 -1      2846 4.61712E-01 2.46570E+00-1.35445E-02
 -1      2847 4.94271E-01 2.47464E+00 3.60538E-02
 -1      2848 5.26156E-01 2.48339E+00 1.35445E-02
 -1      2853 1.61293E-01 3.71671E+00-3.60553E-02
 -1      2854 1.29148E-01 3.70839E+00-1.37478E-02
 -1      2855 1.61544E-01 3.71677E+00 3.60553E-02
 -1      2856 1.93688E-01 3.72509E+00 1.37478E-02
 -1      2861-1.49867E-01 4.96403E+00-3.60553E-02
 -1      2862-1.82312E-01 4.95625E+00-1.39935E-02
 -1      2863-1.50133E-01 4.96397E+00 3.60553E-02
 -1      2864-1.17688E-01 4.97176E+00 1.39935E-02
 -1      2869-4.38181E-01 6.21683E+00-3.60532E-02
 -1      2870-4.70920E-01 6.20958E+00-1.42455E-02
 -1      2871-4.38983E-01 6.21665E+00 3.60532E-02
 -1      2872-4.06244E-01 6.22390E+00 1.42455E-02
 -1      2877-7.05431E-01 7.47468E+00-3.60497E-02
 -1      2878-7.38414E-01 7.46788E+00-1.44640E-02
 -1      2879-7.06701E-01 7.47441E+00 3.60497E-02
 -1      2880-6.73718E-01 7.48121E+00 1.44640E-02
 -1      2885-9.56607E-01 8.73638E+00-3.60464E-02
 -1      2886-9.89751E-01 8.72990E+00-1.46123E-02
 -1      2887-9.58198E-01 8.73607E+00 3.60464E-02
 -1      2888-9.25054E-01 8.74255E+00 1.46123E-02
 -1      2893-8.31704E-01 1.23312E+00 1.96577E+00
 -1      2894-8.68791E-01 1.24370E+00 1.97638E+00
 -1      2895-8.53491E-01 1.23933E+00 2.03423E+00
 -1      2896-8.16404E-01 1.22875E+00 2.02362E+00
 -1      2901-4.83271E-01 2.47162E+00 1.96568E+00
 -1      2902-5.20380E-01 2.48181E+00 1.97659E+00
 -1      2903-5.04597E-01 2.47747E+00 2.03432E+00
 -1      2904-4.67488E-01 2.46728E+00 2.02341E+00
 -1      2909-1.51102E-01 3.71407E+00 1.96555E+00
 -1      2910-1.88233E-01 3.72368E+00 1.97692E+00
 -1      2911-1.71734E-01 3.71941E+00 2.03445E+00
 -1      2912-1.34603E-01 3.70980E+00 2.02308E+00
 -1      2917 1.59903E-01 4.96162E+00 1.96541E+00
 -1      2918 1.22764E-01 4.97054E+00 1.97730E+00
 -1      2919 1.40097E-01 4.96638E+00 2.03459E+00
 -1      2920 1.77236E-01 4.95746E+00 2.02270E+00
 -1      2925 4.48070E-01 6.21464E+00 1.96528E+00
 -1      2926 4.10939E-01 6.22286E+00 1.97768E+00
 -1      2927 4.29094E-01 6.21884E+00 2.03472E+00
 -1      2928 4.66225E-01 6.21062E+00 2.02232E+00
 -1      2933 7.15201E-01 7.47266E+00 1.96517E+00
 -1      2934 6.78091E-01 7.48030E+00 1.97800E+00
 -1      2935 6.96931E-01 7.47643E+00 2.03483E+00
 -1      2936 7.34041E-01 7.46878E+00 2.02200E+00
 -1      2941 9.66302E-01 8.73448E+00 1.96510E+00
 -1      2942 9.29212E-01 8.74174E+00 1.97821E+00
 -1      2943 9.48503E-01 8.73796E+00 2.03490E+00
 -1      2944 9.85593E-01 8.73071E+00 2.02179E+00
 -1      2949 8.42124E-01 1.23609E+00 1.96395E+00
 -1      2950 8.10413E-01 1.22704E+00 1.98659E+00
 -1      2951 8.43071E-01 1.23636E+00 2.03605E+00
 -1      2952 8.74781E-01 1.24541E+00 2.01341E+00
 -1      2957 4.93597E-01 2.47445E+00 1.96395E+00
 -1      2958 4.61712E-01 2.46570E+00 1.98646E+00
 -1      2959 4.94271E-01 2.47464E+00 2.03605E+00
 -1      2960 5.26156E-01 2.48339E+00 2.01354E+00
 -1      2965 1.61293E-01 3.71671E+00 1.96394E+00
 -1      2966 1.29148E-01 3.70839E+00 1.98625E+00
 -1      2967 1.61544E-01 3.71677E+00 2.03606E+00
 -1      2968 1.93688E-01 3.72509E+00 2.01375E+00
 -1      2973-1.49867E-01 4.96403E+00 1.96394E+00
 -1      2974-1.82312E-01 4.95625E+00 1.98601E+00
 -1      2975-1.50133E-01 4.96397E+00 2.03606E+00
 -1      2976-1.17688E-01 4.97176E+00 2.01399E+00
 -1      2981-4.38181E-01 6.21683E+00 1.96395E+00
 -1      2982-4.70920E-01 6.20958E+00 1.98575E+00
 -1      2983-4.38983E-01 6.21665E+00 2.03605E+00
 -1      2984-4.06244E-01 6.22390E+00 2.01425E+00
 -1      2989-7.05431E-01 7.47468E+00 1.96395E+00
 -1      2990-7.38414E-01 7.46788E+00 1.98554E+00
 -1      2991-7.06701E-01 7.47441E+00 2.03605E+00
 -1      2992-6.73718E-01 7.48121E+00 2.01446E+00
 -1      2997-9.56607E-01 8.73638E+00 1.96395E+00
 -1      2998-9.89751E-01 8.72990E+00 1.98539E+00
 -1      2999-9.58198E-01 8.73607E+00 2.03605E+00
 -1      3000-9.25054E-01 8.74255E+00 2.01461E+00
 -1      3005-1.19777E+00 1.25272E+01 3.58451E-01
 -1      3006-1.23236E+00 1.25239E+01 3.78258E-01
 -1      3007-1.20223E+00 1.25152E+01 4.29417E-01
 -1      3008-1.16764E+00 1.25186E+01 4.09610E-01
 -1      3013-1.19829E+00 1.50371E+01 8.14685E-01
 -1      3014-1.23259E+00 1.50330E+01 8.34866E-01
 -1      3015-1.20171E+00 1.50229E+01 8.85315E-01
 -1      3016-1.16741E+00 1.50270E+01 8.65134E-01
 -1      3021-1.19884E+00 1.75293E+01 1.35882E+00
 -1      3022-1.23282E+00 1.75246E+01 1.37939E+00
 -1      3023-1.20116E+00 1.75131E+01 1.42904E+00
 -1      3024-1.16718E+00 1.75178E+01 1.40848E+00
 -1      3029-1.19407E+00 1.25153E+01 1.57100E+00
 -1      3030-1.23055E+00 1.25180E+01 1.58719E+00
 -1      3031-1.20593E+00 1.25271E+01 1.64113E+00
 -1      3032-1.16945E+00 1.25244E+01 1.62495E+00
 -1      3037-1.19388E+00 1.50230E+01 1.11516E+00
 -1      3038-1.23044E+00 1.50262E+01 1.13106E+00
 -1      3039-1.20612E+00 1.50370E+01 1.18484E+00
 -1      3040-1.16956E+00 1.50338E+01 1.16894E+00
 -1      3045-1.19370E+00 1.75132E+01 5.71480E-01
 -1      3046-1.23034E+00 1.75168E+01 5.87095E-01
 -1      3047-1.20630E+00 1.75292E+01 6.40652E-01
 -1      3048-1.16966E+00 1.75256E+01 6.25037E-01
 -1      3053 1.20223E+00 1.25272E+01 3.58451E-01
 -1      3054 1.16764E+00 1.25239E+01 3.78258E-01
 -1      3055 1.19777E+00 1.25152E+01 4.29417E-01
 -1      3056 1.23236E+00 1.25186E+01 4.09610E-01
 -1      3061 1.20171E+00 1.50371E+01 8.14685E-01
 -1      3062 1.16741E+00 1.50330E+01 8.34866E-01
 -1      3063 1.19829E+00 1.50229E+01 8.85315E-01
 -1      3064 1.23259E+00 1.50270E+01 8.65134E-01
 -1      3069 1.20116E+00 1.75293E+01 1.35882E+00
 -1      3070 1.16718E+00 1.75246E+01 1.37939E+00
 -1      3071 1.19884E+00 1.75131E+01 1.42904E+00
 -1      3072 1.23282E+00 1.75178E+01 1.40848E+00
 -1      3077 1.20593E+00 1.25153E+01 1.57100E+00
 -1      3078 1.16945E+00 1.25180E+01 1.58719E+00
 -1      3079 1.19407E+00 1.25271E+01 1.64113E+00
 -1      3080 1.23055E+00 1.25244E+01 1.62495E+00
 -1      3085 1.20612E+00 1.50230E+01 1.11516E+00
 -1      3086 1.16956E+00 1.50262E+01 1.13106E+00
 -1      3087 1.19388E+00 1.50370E+01 1.18484E+00
 -1      3088 1.23044E+00 1.50338E+01 1.16894E+00
 -1      3093 1.20630E+00 1.75132E+01 5.71480E-01
 -1      3094 1.16966E+00 1.75168E+01 5.87095E-01
 -1      3095 1.19370E+00 1.75292E+01 6.40652E-01
 -1      3096 1.23034E+00 1.75256E+01 6.25037E-01
 -1      3101-4.83328E-01 1.24717E+01-3.43393E-02
 -1      3102-5.20442E-01 1.24818E+01-2.33534E-02
 -1      3103-5.04540E-01 1.24774E+01 3.43393E-02
 -1      3104-4.67426E-01 1.24673E+01 2.33534E-02
 -1      3109 1.59904E-01 1.49616E+01-3.45869E-02
 -1      3110 1.22764E-01 1.49705E+01-2.27046E-02
 -1      3111 1.40096E-01 1.49664E+01 3.45869E-02
 -1      3112 1.77236E-01 1.49575E+01 2.27046E-02
 -1      3117 7.15261E-01 1.74726E+01-3.48107E-02
 -1      3118 6.78146E-01 1.74804E+01-2.20585E-02
 -1      3119 6.96871E-01 1.74765E+01 3.48107E-02
 -1      3120 7.33986E-01 1.74687E+01 2.20585E-02
 -1      3125 4.93632E-01 1.24745E+01-3.60542E-02
 -1      3126 4.61704E-01 1.24658E+01-1.35783E-02
 -1      3127 4.94236E-01 1.24746E+01 3.60542E-02
 -1      3128 5.26164E-01 1.24833E+01 1.35783E-02
 -1      3133-1.49866E-01 1.49640E+01-3.60553E-02
 -1      3134-1.82311E-01 1.49562E+01-1.39944E-02
 -1      3135-1.50134E-01 1.49640E+01 3.60553E-02
 -1      3136-1.17689E-01 1.49718E+01 1.39944E-02
 -1      3141-7.05470E-01 1.74747E+01-3.60504E-02
 -1      3142-7.38413E-01 1.74678E+01-1.44278E-02
 -1      3143-7.06662E-01 1.74744E+01 3.60504E-02
 -1      3144-6.73719E-01 1.74813E+01 1.44278E-02
 -1      3149-4.83328E-01 1.24717E+01 1.96566E+00
 -1      3150-5.20442E-01 1.24818E+01 1.97665E+00
 -1      3151-5.04540E-01 1.24774E+01 2.03434E+00
 -1      3152-4.67426E-01 1.24673E+01 2.02335E+00
 -1      3157 1.59904E-01 1.49616E+01 1.96541E+00
 -1      3158 1.22764E-01 1.49705E+01 1.97730E+00
 -1      3159 1.40096E-01 1.49664E+01 2.03459E+00
 -1      3160 1.77236E-01 1.49575E+01 2.02270E+00
 -1      3165 7.15261E-01 1.74726E+01 1.96519E+00
 -1      3166 6.78146E-01 1.74804E+01 1.97794E+00
 -1      3167 6.96871E-01 1.74765E+01 2.03481E+00
 -1      3168 7.33986E-01 1.74687E+01 2.02206E+00
 -1      3173 4.93632E-01 1.24745E+01 1.96395E+00
 -1      3174 4.61704E-01 1.24658E+01 1.98642E+00
 -1      3175 4.94236E-01 1.24746E+01 2.03605E+00
 -1      3176 5.26164E-01 1.24833E+01 2.01358E+00
 -1      3181-1.49866E-01 1.49640E+01 1.96394E+00
 -1      3182-1.82311E-01 1.49562E+01 1.98601E+00
 -1      3183-1.50134E-01 1.49640E+01 2.03606E+00
 -1      3184-1.17689E-01 1.49718E+01 2.01399E+00
 -1      3189-7.05470E-01 1.74747E+01 1.96395E+00
 -1      3190-7.38413E-01 1.74678E+01 1.98557E+00
 -1      3191-7.06662E-01 1.74744E+01 2.03605E+00
 -1      3192-6.73719E-01 1.74813E+01 2.01443E+00
 -1      3197-1.19830E+00 2.50371E+01 8.14684E-01
 -1      3198-1.23259E+00 2.50330E+01 8.34874E-01
 -1      3199-1.20170E+00 2.50229E+01 8.85316E-01
 -1      3200-1.16741E+00 2.50270E+01 8.65126E-01
 -1      3205-1.19388E+00 2.50230E+01 1.11516E+00
 -1      3206-1.23044E+00 2.50262E+01 1.13106E+00
 -1      3207-1.20612E+00 2.50370E+01 1.18484E+00
 -1      3208-1.16956E+00 2.50338E+01 1.16894E+00
 -1      3213 1.20170E+00 2.50371E+01 8.14684E-01
 -1      3214 1.16741E+00 2.50330E+01 8.34874E-01
 -1      3215 1.19830E+00 2.50229E+01 8.85316E-01
 -1      3216 1.23259E+00 2.50270E+01 8.65126E-01
 -1      3221 1.20612E+00 2.50230E+01 1.11516E+00
 -1      3222 1.16956E+00 2.50262E+01 1.13106E+00
 -1      3223 1.19388E+00 2.50370E+01 1.18484E+00
 -1      3224 1.23044E+00 2.50338E+01 1.16894E+00
 -1      3229 1.59908E-01 2.49616E+01-3.45858E-02
 -1      3230 1.22767E-01 2.49705E+01-2.27077E-02
 -1      3231 1.40092E-01 2.49664E+01 3.45858E-02
 -1      3232 1.77233E-01 2.49575E+01 2.27077E-02
 -1      3237-1.49864E-01 2.49640E+01-3.60552E-02
 -1      3238-1.82310E-01 2.49562E+01-1.39967E-02
 -1      3239-1.50136E-01 2.49640E+01 3.60552E-02
 -1      3240-1.17690E-01 2.49718E+01 1.39967E-02
 -1      3245 1.59908E-01 2.49616E+01 1.96541E+00
 -1      3246 1.22767E-01 2.49705E+01 1.97729E+00
 -1      3247 1.40092E-01 2.49664E+01 2.03459E+00
 -1      3248 1.77233E-01 2.49575E+01 2.02271E+00
 -1      3253-1.49864E-01 2.49640E+01 1.96394E+00
 -1      3254-1.82310E-01 2.49562E+01 1.98600E+00
 -1      3255-1.50136E-01 2.49640E+01 2.03606E+00
 -1      3256-1.17690E-01 2.49718E+01 2.01400E+00
 -1      3261-1.19777E+00 3.25272E+01 3.58451E-01
 -1      3262-1.23236E+00 3.25239E+01 3.78258E-01
 -1      3263-1.20223E+00 3.25152E+01 4.29417E-01
 -1      3264-1.16764E+00 3.25186E+01 4.09610E-01
 -1      3269-1.19829E+00 3.50371E+01 8.14685E-01
 -1      3270-1.23259E+00 3.50330E+01 8.34866E-01
 -1      3271-1.20171E+00 3.50229E+01 8.85315E-01
 -1      3272-1.16741E+00 3.50270E+01 8.65134E-01
 -1      3277-1.19884E+00 3.75293E+01 1.35882E+00
 -1      3278-1.23282E+00 3.75246E+01 1.37939E+00
 -1      3279-1.20116E+00 3.75131E+01 1.42904E+00
 -1      3280-1.16718E+00 3.75178E+01 1.40848E+00
 -1      3285-1.19407E+00 3.25153E+01 1.57100E+00
 -1      3286-1.23055E+00 3.25180E+01 1.58719E+00
 -1      3287-1.20593E+00 3.25271E+01 1.64113E+00
 -1      3288-1.16945E+00 3.25244E+01 1.62495E+00
 -1      3293-1.19388E+00 3.50230E+01 1.11516E+00
 -1      3294-1.23044E+00 3.50262E+01 1.13106E+00
 -1      3295-1.20612E+00 3.50370E+01 1.18484E+00
 -1      3296-1.16956E+00 3.50338E+01 1.16894E+00
 -1      3301-1.19370E+00 3.75132E+01 5.71480E-01
 -1      3302-1.23034E+00 3.75168E+01 5.87095E-01
 -1      3303-1.20630E+00 3.75292E+01 6.40652E-01
 -1      3304-1.16966E+00 3.75256E+01 6.25037E-01
 -1      3309 1.20223E+00 3.25272E+01 3.58451E-01
 -1      3310 1.16764E+00 3.25239E+01 3.78258E-01
 -1      3311 1.19777E+00 3.25152E+01 4.29417E-01
 -1      3312 1.23236E+00 3.25186E+01 4.09610E-01
 -1      3317 1.20171E+00 3.50371E+01 8.14685E-01
 -1      3318 1.16741E+00 3.50330E+01 8.34866E-01
 -1      3319 1.19829E+00 3.50229E+01 8.85315E-01
 -1      3320 1.23259E+00 3.50270E+01 8.65134E-01
 -1      3325 1.20116E+00 3.75293E+01 1.35882E+00
 -1      3326 1.16718E+00 3.75246E+01 1.37939E+00
 -1      3327 1.19884E+00 3.75131E+01 1.42904E+00
 -1      3328 1.23282E+00 3.75178E+01 1.40848E+00
 -1      3333 1.20593E+00 3.25153E+01 1.57100E+00
 -1      3334 1.16945E+00 3.25180E+01 1.58719E+00
 -1      3335 1.19407E+00 3.25271E+01 1.64113E+00
 -1      3336 1.23055E+00 3.25244E+01 1.62495E+00
 -1      3341 1.20612E+00 3.50230E+01 1.11516E+00
 -1      3342 1.16956E+00 3.50262E+01 1.13106E+00
 -1      3343 1.19388E+00 3.50370E+01 1.18484E+00
 -1      3344 1.23044E+00 3.50338E+01 1.16894E+00
 -1      3349 1.20630E+00 3.75132E+01 5.71480E-01
 -1      3350 1.16966E+00 3.75168E+01 5.87095E-01
 -1      3351 1.19370E+00 3.75292E+01 6.40652E-01
 -1      3352 1.23034E+00 3.75256E+01 6.25037E-01
 -1      3357-4.83328E-01 3.24717E+01-3.43393E-02
 -1      3358-5.20442E-01 3.24818E+01-2.33534E-02
 -1      3359-5.04540E-01 3.24774E+01 3.43393E-02
 -1      3360-4.67426E-01 3.24673E+01 2.33534E-02
 -1      3365 1.59904E-01 3.49616E+01-3.45869E-02
 -1      3366 1.22764E-01 3.49705E+01-2.27046E-02
 -1      3367 1.40096E-01 3.49664E+01 3.45869E-02
 -1      3368 1.77236E-01 3.49575E+01 2.27046E-02
 -1      3373 7.15261E-01 3.74726E+01-3.48107E-02
 -1      3374 6.78146E-01 3.74804E+01-2.20585E-02
 -1      3375 6.96871E-01 3.74765E+01 3.48107E-02
 -1      3376 7.33986E-01 3.74687E+01 2.20585E-02
 -1      3381 4.93632E-01 3.24745E+01-3.60542E-02
 -1      3382 4.61704E-01 3.24658E+01-1.35783E-02
 -1      3383 4.94236E-01 3.24746E+01 3.60542E-02
 -1      3384 5.26164E-01 3.24833E+01 1.35783E-02
 -1      3389-1.49866E-01 3.49640E+01-3.60553E-02
 -1      3390-1.82311E-01 3.49562E+01-1.39944E-02
 -1      3391-1.50134E-01 3.49640E+01 3.60553E-02
 -1      3392-1.17689E-01 3.49718E+01 1.39944E-02
 -1      3397-7.05470E-01 3.74747E+01-3.60504E-02
 -1      3398-7.38413E-01 3.74678E+01-1.44278E-02
 -1      3399-7.06662E-01 3.74744E+01 3.60504E-02
 -1      3400-6.73719E-01 3.74813E+01 1.44278E-02
 -1      3405-4.83328E-01 3.24717E+01 1.96566E+00
 -1      3406-5.20442E-01 3.24818E+01 1.97665E+00
 -1      3407-5.04540E-01 3.24774E+01 2.03434E+00
 -1      3408-4.67426E-01 3.24673E+01 2.02335E+00
 -1      3413 1.59904E-01 3.49616E+01 1.96541E+00
 -1      3414 1.22764E-01 3.49705E+01 1.97730E+00
 -1      3415 1.40096E-01 3.49664E+01 2.03459E+00
 -1      3416 1.77236E-01 3.49575E+01 2.02270E+00
 -1      3421 7.15261E-01 3.74726E+01 1.96519E+00
 -1      3422 6.78146E-01 3.74804E+01 1.97794E+00
 -1      3423 6.96871E-01 3.74765E+01 2.03481E+00
 -1      3424 7.33986E-01 3.74687E+01 2.02206E+00
 -1      3429 4.93632E-01 3.24745E+01 1.96395E+00
 -1      3430 4.61704E-01 3.24658E+01 1.98642E+00
 -1      3431 4.94236E-01 3.24746E+01 2.03605E+00
 -1      3432 5.26164E-01 3.24833E+01 2.01358E+00
 -1      3437-1.49866E-01 3.49640E+01 1.96394E+00
 -1      3438-1.82311E-01 3.49562E+01 1.98601E+00
 -1      3439-1.50134E-01 3.49640E+01 2.03606E+00
 -1      3440-1.17689E-01 3.49718E+01 2.01399E+00
 -1      3445-7.05470E-01 3.74747E+01 1.96395E+00
 -1      3446-7.38413E-01 3.74678E+01 1.98557E+00
 -1      3447-7.06662E-01 3.74744E+01 2.03605E+00
 -1      3448-6.73719E-01 3.74813E+01 2.01443E+00
 -3
    3C                           328                                     1
 -1         1    1    0    1
 -2       269      1501      1502       270       272      1504      1503       271
 -1         2    1    0    1
 -2      1501      1509      1510      1502      1504      1512      1511      1503
 -1         3    1    0    1
 -2      1509      1517      1518      1510      1512      1520      1519      1511
 -1         4    1    0    1
 -2      1517      1525      1526      1518      1520      1528      1527      1519
 -1         5    1    0    1
 -2      1525      1533      1534      1526      1528      1536      1535      1527
 -1         6    1    0    1
 -2      1533      1541      1542      1534      1536      1544      1543      1535
 -1         7    1    0    1
 -2      1541      1549      1550      1542      1544      1552      1551      1543
 -1         8    1    0    1
 -2      1549       469       470      1550      1552       472       471      1551
 -1         9    1    0    1
 -2       319      1557      1558       320       322      1560      1559       321
 -1        10    1    0    1
 -2      1557      1565      1566      1558      1560      1568      1567      1559
 -1        11    1    0    1
 -2      1565      1573      1574      1566      1568      1576      1575      1567
 -1        12    1    0    1
 -2      1573      1581      1582      1574      1576      1584      1583      1575
 -1        13    1    0    1
 -2      1581      1589      1590      1582      1584      1592      1591      1583
 -1        14    1    0    1
 -2      1589      1597      1598      1590      1592      1600      1599      1591
 -1        15    1    0    1
 -2      1597      1605      1606      1598      1600      1608      1607      1599
 -1        16    1    0    1
 -2      1605       535       536      1606      1608       538       537      1607
 -1        17    1    0    1
 -2       369      1613      1614       370       372      1616      1615       371
 -1        18    1    0    1
 -2      1613      1621      1622      1614      1616      1624      1623      1615
 -1        19    1    0    1
 -2      1621      1629      1630      1622      1624      1632      1631      1623
 -1        20    1    0    1
 -2      1629      1637      1638      1630      1632      1640      1639      1631
 -1        21    1    0    1
 -2      1637      1645      1646      1638      1640      1648      1647      1639
 -1        22    1    0    1
 -2      1645      1653      1654      1646      1648      1656      1655      1647
 -1        23    1    0    1
 -2      1653      1661      1662      1654      1656      1664      1663      1655
 -1        24    1    0    1
 -2      1661       585       586      1662      1664       588       587      1663
 -1        25    1    0    1
 -2       419      1669      1670       420       422      1672      1671       421
 -1        26    1    0    1
 -2      1669      1677      1678      1670      1672      1680      1679      1671
 -1        27    1    0    1
 -2      1677      1685      1686      1678      1680      1688      1687      1679
 -1        28    1    0    1
 -2      1685      1693      1694      1686      1688      1696      1695      1687
 -1        29    1    0    1
 -2      1693      1701      1702      1694      1696      1704      1703      1695
 -1        30    1    0    1
 -2      1701      1709      1710      1702      1704      1712      1711      1703
 -1        31    1    0    1
 -2      1709      1717      1718      1710      1712      1720      1719      1711
 -1        32    1    0    1
 -2      1717       651       652      1718      1720       654       653      1719
 -1        33    1    0    1
 -2       493      1725      1726       494       496      1728      1727       495
 -1        34    1    0    1
 -2      1725      1733      1734      1726      1728      1736      1735      1727
 -1        35    1    0    1
 -2      1733      1741      1742      1734      1736      1744      1743      1735
 -1        36    1    0    1
 -2      1741      1749      1750      1742      1744      1752      1751      1743
 -1        37    1    0    1
 -2      1749      1757      1758      1750      1752      1760      1759      1751
 -1        38    1    0    1
 -2      1757      1765      1766      1758      1760      1768      1767      1759
 -1        39    1    0    1
 -2      1765      1773      1774      1766      1768      1776      1775      1767
 -1        40    1    0    1
 -2      1773       701       702      1774      1776       704       703      1775
 -1        41    1    0    1
 -2       535      1781      1782       536       538      1784      1783       537
 -1        42    1    0    1
 -2      1781      1789      1790      1782      1784      1792      1791      1783
 -1        43    1    0    1
 -2      1789      1797      1798      1790      1792      1800      1799      1791
 -1        44    1    0    1
 -2      1797      1805      1806      1798      1800      1808      1807      1799
 -1        45    1    0    1
 -2      1805      1813      1814      1806      1808      1816      1815      1807
 -1        46    1    0    1
 -2      1813      1821      1822      1814      1816      1824      1823      1815
 -1        47    1    0    1
 -2      1821      1829      1830      1822      1824      1832      1831      1823
 -1        48    1    0    1
 -2      1829       751       752      1830      1832       754       753      1831
 -1        49    1    0    1
 -2       609      1837      1838       610       612      1840      1839       611
 -1        50    1    0    1
 -2      1837      1845      1846      1838      1840      1848      1847      1839
 -1        51    1    0    1
 -2      1845      1853      1854      1846      1848      1856      1855      1847
 -1        52    1    0    1
 -2      1853      1861      1862      1854      1856      1864      1863      1855
 -1        53    1    0    1
 -2      1861      1869      1870      1862      1864      1872      1871      1863
 -1        54    1    0    1
 -2      1869      1877      1878      1870      1872      1880      1879      1871
 -1        55    1    0    1
 -2      1877      1885      1886      1878      1880      1888      1887      1879
 -1        56    1    0    1
 -2      1885       801       802      1886      1888       804       803      1887
 -1        57    1    0    1
 -2       651      1893      1894       652       654      1896      1895       653
 -1        58    1    0    1
 -2      1893      1901      1902      1894      1896      1904      1903      1895
 -1        59    1    0    1
 -2      1901      1909      1910      1902      1904      1912      1911      1903
 -1        60    1    0    1
 -2      1909      1917      1918      1910      1912      1920      1919      1911
 -1        61    1    0    1
 -2      1917      1925      1926      1918      1920      1928      1927      1919
 -1        62    1    0    1
 -2      1925      1933      1934      1926      1928      1936      1935      1927
 -1        63    1    0    1
 -2      1933      1941      1942      1934      1936      1944      1943      1935
 -1        64    1    0    1
 -2      1941       851       852      1942      1944       854       853      1943
 -1        65    1    0    1
 -2       701       901       902       702       704       904       903       703
 -1        66    1    0    1
 -2       751       951       952       752       754       954       953       753
 -1        67    1    0    1
 -2       801      1001      1002       802       804      1004      1003       803
 -1        68    1    0    1
 -2       851      1051      1052       852       854      1054      1053       853
 -1        69    1    0    1
 -2       901      1101      1102       902       904      1104      1103       903
 -1        70    1    0    1
 -2       951      1151      1152       952       954      1154      1153       953
 -1        71    1    0    1
 -2      1001      1201      1202      1002      1004      1204      1203      1003
 -1        72    1    0    1
 -2      1051      1251      1252      1052      1054      1254      1253      1053
 -1        73    1    0    1
 -2      1101      1301      1302      1102      1104      1304      1303      1103
 -1        74    1    0    1
 -2      1151      1351      1352      1152      1154      1354      1353      1153
 -1        75    1    0    1
 -2      1201      1401      1402      1202      1204      1404      1403      1203
 -1        76    1    0    1
 -2      1251      1451      1452      1252      1254      1454      1453      1253
 -1        77    1    0    1
 -2       277      1949      1950       278       280      1952      1951       279
 -1        78    1    0    1
 -2      1949      1957      1958      1950      1952      1960      1959      1951
 -1        79    1    0    1
 -2      1957      1965      1966      1958      1960      1968      1967      1959
 -1        80    1    0    1
 -2      1965       327       328      1966      1968       330       329      1967
 -1        81    1    0    1
 -2       377      1973      1974       378       380      1976      1975       379
 -1        82    1    0    1
 -2      1973      1981      1982      1974      1976      1984      1983      1975
 -1        83    1    0    1
 -2      1981      1989      1990      1982      1984      1992      1991      1983
 -1        84    1    0    1
 -2      1989       427       428      1990      1992       430       429      1991
 -1        85    1    0    1
 -2       285      1997      1998       286       288      2000      1999       287
 -1        86    1    0    1
 -2      1997      2005      2006      1998      2000      2008      2007      1999
 -1        87    1    0    1
 -2      2005      2013      2014      2006      2008      2016      2015      2007
 -1        88    1    0    1
 -2      2013       385       386      2014      2016       388       387      2015
 -1        89    1    0    1
 -2       335      2021      2022       336       338      2024      2023       337
 -1        90    1    0    1
 -2      2021      2029      2030      2022      2024      2032      2031      2023
 -1        91    1    0    1
 -2      2029      2037      2038      2030      2032      2040      2039      2031
 -1        92    1    0    1
 -2      2037       435       436      2038      2040       438       437      2039
 -1        93    1    0    1
 -2       477      2045      2046       478       480      2048      2047       479
 -1        94    1    0    1
 -2      2045      2053      2054      2046      2048      2056      2055      2047
 -1        95    1    0    1
 -2      2053      2061      2062      2054      2056      2064      2063      2055
 -1        96    1    0    1
 -2      2061       543       544      2062      2064       546       545      2063
 -1        97    1    0    1
 -2       593      2069      2070       594       596      2072      2071       595
 -1        98    1    0    1
 -2      2069      2077      2078      2070      2072      2080      2079      2071
 -1        99    1    0    1
 -2      2077      2085      2086      2078      2080      2088      2087      2079
 -1       100    1    0    1
 -2      2085       659       660      2086      2088       662       661      2087
 -1       101    1    0    1
 -2       485      2093      2094       486       488      2096      2095       487
 -1       102    1    0    1
 -2      2093      2101      2102      2094      2096      2104      2103      2095
 -1       103    1    0    1
 -2      2101      2109      2110      2102      2104      2112      2111      2103
 -1       104    1    0    1
 -2      2109       601       602      2110      2112       604       603      2111
 -1       105    1    0    1
 -2       551      2117      2118       552       554      2120      2119       553
 -1       106    1    0    1
 -2      2117      2125      2126      2118      2120      2128      2127      2119
 -1       107    1    0    1
 -2      2125      2133      2134      2126      2128      2136      2135      2127
 -1       108    1    0    1
 -2      2133       667       668      2134      2136       670       669      2135
 -1       109    1    0    1
 -2       709       759       760       710       712       762       761       711
 -1       110    1    0    1
 -2       809       859       860       810       812       862       861       811
 -1       111    1    0    1
 -2       717       817       818       718       720       820       819       719
 -1       112    1    0    1
 -2       767       867       868       768       770       870       869       769
 -1       113    1    0    1
 -2       909      2141      2142       910       912      2144      2143       911
 -1       114    1    0    1
 -2      2141      2149      2150      2142      2144      2152      2151      2143
 -1       115    1    0    1
 -2      2149      2157      2158      2150      2152      2160      2159      2151
 -1       116    1    0    1
 -2      2157      2165      2166      2158      2160      2168      2167      2159
 -1       117    1    0    1
 -2      2165      2173      2174      2166      2168      2176      2175      2167
 -1       118    1    0    1
 -2      2173      2181      2182      2174      2176      2184      2183      2175
 -1       119    1    0    1
 -2      2181      2189      2190      2182      2184      2192      2191      2183
 -1       120    1    0    1
 -2      2189       959       960      2190      2192       962       961      2191
 -1       121    1    0    1
 -2      1009      2197      2198      1010      1012      2200      2199      1011
 -1       122    1    0    1
 -2      2197      2205      2206      2198      2200      2208      2207      2199
 -1       123    1    0    1
 -2      2205      2213      2214      2206      2208      2216      2215      2207
 -1       124    1    0    1
 -2      2213      2221      2222      2214      2216      2224      2223      2215
 -1       125    1    0    1
 -2      2221      2229      2230      2222      2224      2232      2231      2223
 -1       126    1    0    1
 -2      2229      2237      2238      2230      2232      2240      2239      2231
 -1       127    1    0    1
 -2      2237      2245      2246      2238      2240      2248      2247      2239
 -1       128    1    0    1
 -2      2245      1059      1060      2246      2248      1062      1061      2247
 -1       129    1    0    1
 -2       917      2253      2254       918       920      2256      2255       919
 -1       130    1    0    1
 -2      2253      2261      2262      2254      2256      2264      2263      2255
 -1       131    1    0    1
 -2      2261      2269      2270      2262      2264      2272      2271      2263
 -1       132    1    0    1
 -2      2269      2277      2278      2270      2272      2280      2279      2271
 -1       133    1    0    1
 -2      2277      2285      2286      2278      2280      2288      2287      2279
 -1       134    1    0    1
 -2      2285      2293      2294      2286      2288      2296      2295      2287
 -1       135    1    0    1
 -2      2293      2301      2302      2294      2296      2304      2303      2295
 -1       136    1    0    1
 -2      2301      1017      1018      2302      2304      1020      1019      2303
 -1       137    1    0    1
 -2       967      2309      2310       968       970      2312      2311       969
 -1       138    1    0    1
 -2      2309      2317      2318      2310      2312      2320      2319      2311
 -1       139    1    0    1
 -2      2317      2325      2326      2318      2320      2328      2327      2319
 -1       140    1    0    1
 -2      2325      2333      2334      2326      2328      2336      2335      2327
 -1       141    1    0    1
 -2      2333      2341      2342      2334      2336      2344      2343      2335
 -1       142    1    0    1
 -2      2341      2349      2350      2342      2344      2352      2351      2343
 -1       143    1    0    1
 -2      2349      2357      2358      2350      2352      2360      2359      2351
 -1       144    1    0    1
 -2      2357      1067      1068      2358      2360      1070      1069      2359
 -1       145    1    0    1
 -2      1109      2365      2366      1110      1112      2368      2367      1111
 -1       146    1    0    1
 -2      2365      2373      2374      2366      2368      2376      2375      2367
 -1       147    1    0    1
 -2      2373      2381      2382      2374      2376      2384      2383      2375
 -1       148    1    0    1
 -2      2381      1159      1160      2382      2384      1162      1161      2383
 -1       149    1    0    1
 -2      1209      2389      2390      1210      1212      2392      2391      1211
 -1       150    1    0    1
 -2      2389      2397      2398      2390      2392      2400      2399      2391
 -1       151    1    0    1
 -2      2397      2405      2406      2398      2400      2408      2407      2399
 -1       152    1    0    1
 -2      2405      1259      1260      2406      2408      1262      1261      2407
 -1       153    1    0    1
 -2      1117      2413      2414      1118      1120      2416      2415      1119
 -1       154    1    0    1
 -2      2413      2421      2422      2414      2416      2424      2423      2415
 -1       155    1    0    1
 -2      2421      2429      2430      2422      2424      2432      2431      2423
 -1       156    1    0    1
 -2      2429      1217      1218      2430      2432      1220      1219      2431
 -1       157    1    0    1
 -2      1167      2437      2438      1168      1170      2440      2439      1169
 -1       158    1    0    1
 -2      2437      2445      2446      2438      2440      2448      2447      2439
 -1       159    1    0    1
 -2      2445      2453      2454      2446      2448      2456      2455      2447
 -1       160    1    0    1
 -2      2453      1267      1268      2454      2456      1270      1269      2455
 -1       161    1    0    1
 -2      1309      2461      2462      1310      1312      2464      2463      1311
 -1       162    1    0    1
 -2      2461      2469      2470      2462      2464      2472      2471      2463
 -1       163    1    0    1
 -2      2469      2477      2478      2470      2472      2480      2479      2471
 -1       164    1    0    1
 -2      2477      1359      1360      2478      2480      1362      1361      2479
 -1       165    1    0    1
 -2      1409      2485      2486      1410      1412      2488      2487      1411
 -1       166    1    0    1
 -2      2485      2493      2494      2486      2488      2496      2495      2487
 -1       167    1    0    1
 -2      2493      2501      2502      2494      2496      2504      2503      2495
 -1       168    1    0    1
 -2      2501      1459      1460      2502      2504      1462      1461      2503
 -1       169    1    0    1
 -2      1317      2509      2510      1318      1320      2512      2511      1319
 -1       170    1    0    1
 -2      2509      2517      2518      2510      2512      2520      2519      2511
 -1       171    1    0    1
 -2      2517      2525      2526      2518      2520      2528      2527      2519
 -1       172    1    0    1
 -2      2525      1417      1418      2526      2528      1420      1419      2527
 -1       173    1    0    1
 -2      1367      2533      2534      1368      1370      2536      2535      1369
 -1       174    1    0    1
 -2      2533      2541      2542      2534      2536      2544      2543      2535
 -1       175    1    0    1
 -2      2541      2549      2550      2542      2544      2552      2551      2543
 -1       176    1    0    1
 -2      2549      1467      1468      2550      2552      1470      1469      2551
 -1       177    1    0    1
 -2       269      2557      2558       270       272      2560      2559       271
 -1       178    1    0    1
 -2      2557      2565      2566      2558      2560      2568      2567      2559
 -1       179    1    0    1
 -2      2565      2573      2574      2566      2568      2576      2575      2567
 -1       180    1    0    1
 -2      2573      2581      2582      2574      2576      2584      2583      2575
 -1       181    1    0    1
 -2      2581      2589      2590      2582      2584      2592      2591      2583
 -1       182    1    0    1
 -2      2589      2597      2598      2590      2592      2600      2599      2591
 -1       183    1    0    1
 -2      2597      2605      2606      2598      2600      2608      2607      2599
 -1       184    1    0    1
 -2      2605       585       586      2606      2608       588       587      2607
 -1       185    1    0    1
 -2       369      2613      2614       370       372      2616      2615       371
 -1       186    1    0    1
 -2      2613      2621      2622      2614      2616      2624      2623      2615
 -1       187    1    0    1
 -2      2621      2629      2630      2622      2624      2632      2631      2623
 -1       188    1    0    1
 -2      2629      2637      2638      2630      2632      2640      2639      2631
 -1       189    1    0    1
 -2      2637      2645      2646      2638      2640      2648      2647      2639
 -1       190    1    0    1
 -2      2645      2653      2654      2646      2648      2656      2655      2647
 -1       191    1    0    1
 -2      2653      2661      2662      2654      2656      2664      2663      2655
 -1       192    1    0    1
 -2      2661       469       470      2662      2664       472       471      2663
 -1       193    1    0    1
 -2       319      2669      2670       320       322      2672      2671       321
 -1       194    1    0    1
 -2      2669      2677      2678      2670      2672      2680      2679      2671
 -1       195    1    0    1
 -2      2677      2685      2686      2678      2680      2688      2687      2679
 -1       196    1    0    1
 -2      2685      2693      2694      2686      2688      2696      2695      2687
 -1       197    1    0    1
 -2      2693      2701      2702      2694      2696      2704      2703      2695
 -1       198    1    0    1
 -2      2701      2709      2710      2702      2704      2712      2711      2703
 -1       199    1    0    1
 -2      2709      2717      2718      2710      2712      2720      2719      2711
 -1       200    1    0    1
 -2      2717       651       652      2718      2720       654       653      2719
 -1       201    1    0    1
 -2       419      2725      2726       420       422      2728      2727       421
 -1       202    1    0    1
 -2      2725      2733      2734      2726      2728      2736      2735      2727
 -1       203    1    0    1
 -2      2733      2741      2742      2734      2736      2744      2743      2735
 -1       204    1    0    1
 -2      2741      2749      2750      2742      2744      2752      2751      2743
 -1       205    1    0    1
 -2      2749      2757      2758      2750      2752      2760      2759      2751
 -1       206    1    0    1
 -2      2757      2765      2766      2758      2760      2768      2767      2759
 -1       207    1    0    1
 -2      2765      2773      2774      2766      2768      2776      2775      2767
 -1       208    1    0    1
 -2      2773       535       536      2774      2776       538       537      2775
 -1       209    1    0    1
 -2       269      2781      2782       270       272      2784      2783       271
 -1       210    1    0    1
 -2      2781      2789      2790      2782      2784      2792      2791      2783
 -1       211    1    0    1
 -2      2789      2797      2798      2790      2792      2800      2799      2791
 -1       212    1    0    1
 -2      2797      2805      2806      2798      2800      2808      2807      2799
 -1       213    1    0    1
 -2      2805      2813      2814      2806      2808      2816      2815      2807
 -1       214    1    0    1
 -2      2813      2821      2822      2814      2816      2824      2823      2815
 -1       215    1    0    1
 -2      2821      2829      2830      2822      2824      2832      2831      2823
 -1       216    1    0    1
 -2      2829       535       536      2830      2832       538       537      2831
 -1       217    1    0    1
 -2       319      2837      2838       320       322      2840      2839       321
 -1       218    1    0    1
 -2      2837      2845      2846      2838      2840      2848      2847      2839
 -1       219    1    0    1
 -2      2845      2853      2854      2846      2848      2856      2855      2847
 -1       220    1    0    1
 -2      2853      2861      2862      2854      2856      2864      2863      2855
 -1       221    1    0    1
 -2      2861      2869      2870      2862      2864      2872      2871      2863
 -1       222    1    0    1
 -2      2869      2877      2878      2870      2872      2880      2879      2871
 -1       223    1    0    1
 -2      2877      2885      2886      2878      2880      2888      2887      2879
 -1       224    1    0    1
 -2      2885       469       470      2886      2888       472       471      2887
 -1       225    1    0    1
 -2       369      2893      2894       370       372      2896      2895       371
 -1       226    1    0    1
 -2      2893      2901      2902      2894      2896      2904      2903      2895
 -1       227    1    0    1
 -2      2901      2909      2910      2902      2904      2912      2911      2903
 -1       228    1    0    1
 -2      2909      2917      2918      2910      2912      2920      2919      2911
 -1       229    1    0    1
 -2      2917      2925      2926      2918      2920      2928      2927      2919
 -1       230    1    0    1
 -2      2925      2933      2934      2926      2928      2936      2935      2927
 -1       231    1    0    1
 -2      2933      2941      2942      2934      2936      2944      2943      2935
 -1       232    1    0    1
 -2      2941       651       652      2942      2944       654       653      2943
 -1       233    1    0    1
 -2       419      2949      2950       420       422      2952      2951       421
 -1       234    1    0    1
 -2      2949      2957      2958      2950      2952      2960      2959      2951
 -1       235    1    0    1
 -2      2957      2965      2966      2958      2960      2968      2967      2959
 -1       236    1    0    1
 -2      2965      2973      2974      2966      2968      2976      2975      2967
 -1       237    1    0    1
 -2      2973      2981      2982      2974      2976      2984      2983      2975
 -1       238    1    0    1
 -2      2981      2989      2990      2982      2984      2992      2991      2983
 -1       239    1    0    1
 -2      2989      2997      2998      2990      2992      3000      2999      2991
 -1       240    1    0    1
 -2      2997       585       586      2998      3000       588       587      2999
 -1       241    1    0    1
 -2       469      3005      3006       470       472      3008      3007       471
 -1       242    1    0    1
 -2      3005      3013      3014      3006      3008      3016      3015      3007
 -1       243    1    0    1
 -2      3013      3021      3022      3014      3016      3024      3023      3015
 -1       244    1    0    1
 -2      3021       801       802      3022      3024       804       803      3023
 -1       245    1    0    1
 -2       609      3029      3030       610       612      3032      3031       611
 -1       246    1    0    1
 -2      3029      3037      3038      3030      3032      3040      3039      3031
 -1       247    1    0    1
 -2      3037      3045      3046      3038      3040      3048      3047      3039
 -1       248    1    0    1
 -2      3045       701       702      3046      3048       704       703      3047
 -1       249    1    0    1
 -2       535      3053      3054       536       538      3056      3055       537
 -1       250    1    0    1
 -2      3053      3061      3062      3054      3056      3064      3063      3055
 -1       251    1    0    1
 -2      3061      3069      3070      3062      3064      3072      3071      3063
 -1       252    1    0    1
 -2      3069       851       852      3070      3072       854       853      3071
 -1       253    1    0    1
 -2       651      3077      3078       652       654      3080      3079       653
 -1       254    1    0    1
 -2      3077      3085      3086      3078      3080      3088      3087      3079
 -1       255    1    0    1
 -2      3085      3093      3094      3086      3088      3096      3095      3087
 -1       256    1    0    1
 -2      3093       751       752      3094      3096       754       753      3095
 -1       257    1    0    1
 -2       493      3101      3102       494       496      3104      3103       495
 -1       258    1    0    1
 -2      3101      3109      3110      3102      3104      3112      3111      3103
 -1       259    1    0    1
 -2      3109      3117      3118      3110      3112      3120      3119      3111
 -1       260    1    0    1
 -2      3117       751       752      3118      3120       754       753      3119
 -1       261    1    0    1
 -2       535      3125      3126       536       538      3128      3127       537
 -1       262    1    0    1
 -2      3125      3133      3134      3126      3128      3136      3135      3127
 -1       263    1    0    1
 -2      3133      3141      3142      3134      3136      3144      3143      3135
 -1       264    1    0    1
 -2      3141       701       702      3142      3144       704       703      3143
 -1       265    1    0    1
 -2       609      3149      3150       610       612      3152      3151       611
 -1       266    1    0    1
 -2      3149      3157      3158      3150      3152      3160      3159      3151
 -1       267    1    0    1
 -2      3157      3165      3166      3158      3160      3168      3167      3159
 -1       268    1    0    1
 -2      3165       851       852      3166      3168       854       853      3167
 -1       269    1    0    1
 -2       651      3173      3174       652       654      3176      3175       653
 -1       270    1    0    1
 -2      3173      3181      3182      3174      3176      3184      3183      3175
 -1       271    1    0    1
 -2      3181      3189      3190      3182      3184      3192      3191      3183
 -1       272    1    0    1
 -2      3189       801       802      3190      3192       804       803      3191
 -1       273    1    0    1
 -2       701      3197      3198       702       704      3200      3199       703
 -1       274    1    0    1
 -2      3197      1001      1002      3198      3200      1004      1003      3199
 -1       275    1    0    1
 -2       801      3205      3206       802       804      3208      3207       803
 -1       276    1    0    1
 -2      3205       901       902      3206      3208       904       903      3207
 -1       277    1    0    1
 -2       751      3213      3214       752       754      3216      3215       753
 -1       278    1    0    1
 -2      3213      1051      1052      3214      3216      1054      1053      3215
 -1       279    1    0    1
 -2       851      3221      3222       852       854      3224      3223       853
 -1       280    1    0    1
 -2      3221       951       952      3222      3224       954       953      3223
 -1       281    1    0    1
 -2       701      3229      3230       702       704      3232      3231       703
 -1       282    1    0    1
 -2      3229       951       952      3230      3232       954       953      3231
 -1       283    1    0    1
 -2       751      3237      3238       752       754      3240      3239       753
 -1       284    1    0    1
 -2      3237       901       902      3238      3240       904       903      3239
 -1       285    1    0    1
 -2       801      3245      3246       802       804      3248      3247       803
 -1       286    1    0    1
 -2      3245      1051      1052      3246      3248      1054      1053      3247
 -1       287    1    0    1
 -2       851      3253      3254       852       854      3256      3255       853
 -1       288    1    0    1
 -2      3253      1001      1002      3254      3256      1004      1003      3255
 -1       289    1    0    1
 -2       901      3261      3262       902       904      3264      3263       903
 -1       290    1    0    1
 -2      3261      3269      3270      3262      3264      3272      3271      3263
 -1       291    1    0    1
 -2      3269      3277      3278      3270      3272      3280      3279      3271
 -1       292    1    0    1
 -2      3277      1201      1202      3278      3280      1204      1203      3279
 -1       293    1    0    1
 -2      1001      3285      3286      1002      1004      3288      3287      1003
 -1       294    1    0    1
 -2      3285      3293      3294      3286      3288      3296      3295      3287
 -1       295    1    0    1
 -2      3293      3301      3302      3294      3296      3304      3303      3295
 -1       296    1    0    1
 -2      3301      1101      1102      3302      3304      1104      1103      3303
 -1       297    1    0    1
 -2       951      3309      3310       952       954      3312      3311       953
 -1       298    1    0    1
 -2      3309      3317      3318      3310      3312      3320      3319      3311
 -1       299    1    0    1
 -2      3317      3325      3326      3318      3320      3328      3327      3319
 -1       300    1    0    1
 -2      3325      1251      1252      3326      3328      1254      1253      3327
 -1       301    1    0    1
 -2      1051      3333      3334      1052      1054      3336      3335      1053
 -1       302    1    0    1
 -2      3333      3341      3342      3334      3336      3344      3343      3335
 -1       303    1    0    1
 -2      3341      3349      3350      3342      3344      3352      3351      3343
 -1       304    1    0    1
 -2      3349      1151      1152      3350      3352      1154      1153      3351
 -1       305    1    0    1
 -2       901      3357      3358       902       904      3360      3359       903
 -1       306    1    0    1
 -2      3357      3365      3366      3358      3360      3368      3367      3359
 -1       307    1    0    1
 -2      3365      3373      3374      3366      3368      3376      3375      3367
 -1       308    1    0    1
 -2      3373      1151      1152      3374      3376      1154      1153      3375
 -1       309    1    0    1
 -2       951      3381      3382       952       954      3384      3383       953
 -1       310    1    0    1
 -2      3381      3389      3390      3382      3384      3392      3391      3383
 -1       311    1    0    1
 -2      3389      3397      3398      3390      3392      3400      3399      3391
 -1       312    1    0    1
 -2      3397      1101      1102      3398      3400      1104      1103      3399
 -1       313    1    0    1
 -2      1001      3405      3406      1002      1004      3408      3407      1003
 -1       314    1    0    1
 -2      3405      3413      3414      3406      3408      3416      3415      3407
 -1       315    1    0    1
 -2      3413      3421      3422      3414      3416      3424      3423      3415
 -1       316    1    0    1
 -2      3421      1251      1252      3422      3424      1254      1253      3423
 -1       317    1    0    1
 -2      1051      3429      3430      1052      1054      3432      3431      1053
 -1       318    1    0    1
 -2      3429      3437      3438      3430      3432      3440      3439      3431
 -1       319    1    0    1
 -2      3437      3445      3446      3438      3440      3448      3447      3439
 -1       320    1    0    1
 -2      3445      1201      1202      3446      3448      1204      1203      3447
 -1       321    1    0    1
 -2      1101      1401      1402      1102      1104      1404      1403      1103
 -1       322    1    0    1
 -2      1201      1301      1302      1202      1204      1304      1303      1203
 -1       323    1    0    1
 -2      1151      1451      1452      1152      1154      1454      1453      1153
 -1       324    1    0    1
 -2      1251      1351      1352      1252      1254      1354      1353      1253
 -1       325    1    0    1
 -2      1101      1351      1352      1102      1104      1354      1353      1103
 -1       326    1    0    1
 -2      1151      1301      1302      1152      1154      1304      1303      1153
 -1       327    1    0    1
 -2      1201      1451      1452      1202      1204      1454      1453      1203
 -1       328    1    0    1
 -2      1251      1401      1402      1252      1254      1404      1403      1253
 -3
    1PSTEP                         1           1           1          
  100CL  101 1.000000000           0                     0    1           1
 -4  DISP        4    1
 -5  D1          1    2    1    0
 -5  D2          1    2    2    0
 -5  D3          1    2    3    0
 -5  ALL         1    2    0    0    1ALL
 -3
 9999
