
                        S T E P       1


                                INCREMENT     1


 displacements (vx,vy,vz) for set TIP_TOP and time  0.5000000E-01

      1703  2.353281E-02 -6.096458E-04 -8.098519E-01
      1704  2.350964E-02 -5.994634E-04 -8.084484E-01
      1707  2.346037E-02 -5.692897E-04 -8.070740E-01
      1710  2.342843E-02 -4.495711E-04 -8.058429E-01
      1712  2.342100E-02 -1.730073E-04 -8.050818E-01
      1714  2.341865E-02 -2.528454E-14 -8.050339E-01
      1716  2.342100E-02  1.730073E-04 -8.050818E-01
      1719  2.342843E-02  4.495711E-04 -8.058429E-01
      1722  2.346037E-02  5.692897E-04 -8.070740E-01
      1725  2.350964E-02  5.994634E-04 -8.084484E-01
      1728  2.353281E-02  6.096458E-04 -8.098519E-01

 forces (fx,fy,fz) for set CLAMP and time  0.5000000E-01

         1  1.265683E+03  1.134289E+03  4.905417E+02
         4  2.283871E+03 -3.243570E-10  9.791472E+02
         5  1.683655E+03  1.725072E+03  1.014834E+01
         8  2.961360E+03 -2.733823E-09  2.541233E+01
         9  1.130311E+03  1.135042E+03 -4.746354E+01
        12  1.971129E+03 -6.943219E-09 -9.006809E+01
        13  6.361880E+02  6.296643E+02 -9.386361E+01
        16  1.105522E+03  1.726621E-09 -1.823129E+02
        17  1.520836E+02  1.415943E+02 -1.046756E+02
        20  2.598628E+02 -8.910182E-10 -2.053517E+02
        21 -2.681698E+02 -1.069579E+02 -2.733915E+02
        24 -2.856321E+02 -1.740527E-09 -1.291973E+02
        26  1.265683E+03 -1.134289E+03  4.905417E+02
        28  1.683655E+03 -1.725072E+03  1.014834E+01
        30  1.130311E+03 -1.135042E+03 -4.746354E+01
        32  6.361880E+02 -6.296643E+02 -9.386361E+01
        34  1.520836E+02 -1.415943E+02 -1.046756E+02
        36 -2.681698E+02  1.069579E+02 -2.733915E+02
        37 -2.609848E+02 -1.296047E+02 -2.761120E+02
        40 -2.997256E+02 -5.413180E+01 -4.520887E+02
        41 -6.456870E+02 -3.108777E+02 -1.005377E+02
        44 -9.304858E+02 -1.292907E+02 -1.912507E+02
        45 -4.508835E+02 -1.823323E+02  3.394233E+02
        48 -7.605437E+02 -7.529625E+01  6.201194E+02
        50 -2.373250E+02 -5.121205E+01 -4.058778E+02
        52 -8.882428E+02 -1.133611E+02 -1.985904E+02
        54 -7.846055E+02 -6.225091E+01  6.061984E+02
        56 -2.297961E+02 -3.745286E+01 -4.064560E+02
        58 -9.070265E+02 -7.704045E+01 -2.014566E+02
        60 -8.156904E+02 -4.029449E+01  6.219434E+02
        62 -6.381669E+02 -2.950440E+01 -1.293822E+02
        64 -5.724974E+02 -1.444657E+01  4.372423E+02
        66 -3.441947E+02 -1.746445E-10 -6.660186E+01
        68 -3.080954E+02  4.882123E-11  2.362846E+02
        70 -6.381669E+02  2.950440E+01 -1.293822E+02
        72 -5.724974E+02  1.444657E+01  4.372423E+02
        74 -2.297961E+02  3.745286E+01 -4.064560E+02
        76 -9.070265E+02  7.704045E+01 -2.014566E+02
        78 -8.156904E+02  4.029449E+01  6.219434E+02
        80 -2.373250E+02  5.121205E+01 -4.058778E+02
        82 -8.882428E+02  1.133611E+02 -1.985904E+02
        84 -7.846055E+02  6.225091E+01  6.061984E+02
        86 -2.997256E+02  5.413180E+01 -4.520887E+02
        88 -9.304858E+02  1.292907E+02 -1.912507E+02
        90 -7.605437E+02  7.529625E+01  6.201194E+02
        92 -2.609848E+02  1.296047E+02 -2.761120E+02
        94 -6.456870E+02  3.108777E+02 -1.005377E+02
        96 -4.508835E+02  1.823323E+02  3.394233E+02

 internal energy (element, energy) for set EALL and time  0.5000000E-01

         1  4.310381E+00
         2  1.971902E+00
         3  7.888901E-01
         4  1.755376E-01
         5  4.183429E-02
         6  4.310381E+00
         7  1.971902E+00
         8  7.888901E-01
         9  1.755376E-01
        10  4.183429E-02
        11  2.589583E-01
        12  4.642801E-01
        13  1.949292E-01
        14  3.961829E-01
        15  1.857076E-01
        16  3.980382E-01
        17  1.954499E-01
        18  4.146608E-01
        19  7.423267E-02
        20  1.551434E-01
        21  7.423267E-02
        22  1.551434E-01
        23  1.954499E-01
        24  4.146608E-01
        25  1.857076E-01
        26  3.980382E-01
        27  1.949292E-01
        28  3.961829E-01
        29  2.589583E-01
        30  4.642801E-01
        31  4.372311E+00
        32  2.475870E+00
        33  1.006658E+00
        34  2.343573E-01
        35  6.792946E-02
        36  4.372311E+00
        37  2.475870E+00
        38  1.006658E+00
        39  2.343573E-01
        40  6.792946E-02
        41  2.166760E-01
        42  4.493555E-01
        43  2.346568E-01
        44  4.726654E-01
        45  2.335944E-01
        46  4.697964E-01
        47  2.488281E-01
        48  4.854041E-01
        49  9.470741E-02
        50  1.803728E-01
        51  9.470741E-02
        52  1.803728E-01
        53  2.488281E-01
        54  4.854041E-01
        55  2.335944E-01
        56  4.697964E-01
        57  2.346568E-01
        58  4.726654E-01
        59  2.166760E-01
        60  4.493555E-01
        61  4.352924E+00
        62  2.464489E+00
        63  1.075057E+00
        64  2.672062E-01
        65  8.378048E-02
        66  4.352924E+00
        67  2.464489E+00
        68  1.075057E+00
        69  2.672062E-01
        70  8.378048E-02
        71  2.100470E-01
        72  4.552400E-01
        73  2.370456E-01
        74  4.900253E-01
        75  2.514369E-01
        76  5.073194E-01
        77  2.653543E-01
        78  5.212579E-01
        79  9.884448E-02
        80  1.916789E-01
        81  9.884448E-02
        82  1.916789E-01
        83  2.653543E-01
        84  5.212579E-01
        85  2.514369E-01
        86  5.073194E-01
        87  2.370456E-01
        88  4.900253E-01
        89  2.100470E-01
        90  4.552400E-01
        91  5.204493E+00
        92  2.911574E+00
        93  1.276313E+00
        94  3.336971E-01
        95  1.161122E-01
        96  5.204493E+00
        97  2.911574E+00
        98  1.276313E+00
        99  3.336971E-01
       100  1.161122E-01
       101  2.865930E-01
       102  5.350408E-01
       103  3.055960E-01
       104  5.607994E-01
       105  3.213574E-01
       106  5.817041E-01
       107  3.312878E-01
       108  5.925185E-01
       109  1.198920E-01
       110  2.152038E-01
       111  1.198920E-01
       112  2.152038E-01
       113  3.312878E-01
       114  5.925185E-01
       115  3.213574E-01
       116  5.817041E-01
       117  3.055960E-01
       118  5.607994E-01
       119  2.865930E-01
       120  5.350408E-01
       121  5.236931E+00
       122  2.903528E+00
       123  1.264066E+00
       124  3.299516E-01
       125  1.136811E-01
       126  5.236931E+00
       127  2.903528E+00
       128  1.264066E+00
       129  3.299516E-01
       130  1.136811E-01
       131  3.050352E-01
       132  5.571250E-01
       133  3.126355E-01
       134  5.685370E-01
       135  3.203214E-01
       136  5.800307E-01
       137  3.260060E-01
       138  5.855198E-01
       139  1.177427E-01
       140  2.120960E-01
       141  1.177427E-01
       142  2.120960E-01
       143  3.260060E-01
       144  5.855198E-01
       145  3.203214E-01
       146  5.800307E-01
       147  3.126355E-01
       148  5.685370E-01
       149  3.050352E-01
       150  5.571250E-01
       151  4.976214E+00
       152  2.744863E+00
       153  1.189911E+00
       154  3.093883E-01
       155  1.045031E-01
       156  4.976214E+00
       157  2.744863E+00
       158  1.189911E+00
       159  3.093883E-01
       160  1.045031E-01
       161  2.953608E-01
       162  5.459975E-01
       163  2.970353E-01
       164  5.482522E-01
       165  2.997454E-01
       166  5.516893E-01
       167  3.038820E-01
       168  5.531957E-01
       169  1.101856E-01
       170  2.001949E-01
       171  1.101856E-01
       172  2.001949E-01
       173  3.038820E-01
       174  5.531957E-01
       175  2.997454E-01
       176  5.516893E-01
       177  2.970353E-01
       178  5.482522E-01
       179  2.953608E-01
       180  5.459975E-01
       181  4.712079E+00
       182  2.598041E+00
       183  1.125903E+00
       184  2.936749E-01
       185  9.955949E-02
       186  4.712079E+00
       187  2.598041E+00
       188  1.125903E+00
       189  2.936749E-01
       190  9.955949E-02
       191  2.816114E-01
       192  5.230311E-01
       193  2.818768E-01
       194  5.221542E-01
       195  2.830001E-01
       196  5.222173E-01
       197  2.864423E-01
       198  5.221337E-01
       199  1.038637E-01
       200  1.888544E-01
       201  1.038637E-01
       202  1.888544E-01
       203  2.864423E-01
       204  5.221337E-01
       205  2.830001E-01
       206  5.222173E-01
       207  2.818768E-01
       208  5.221542E-01
       209  2.816114E-01
       210  5.230311E-01
       211  4.452529E+00
       212  2.455428E+00
       213  1.065076E+00
       214  2.791205E-01
       215  9.563609E-02
       216  4.452529E+00
       217  2.455428E+00
       218  1.065076E+00
       219  2.791205E-01
       220  9.563609E-02
       221  2.667543E-01
       222  4.948432E-01
       223  2.670217E-01
       224  4.937693E-01
       225  2.678361E-01
       226  4.934018E-01
       227  2.710207E-01
       228  4.932051E-01
       229  9.819268E-02
       230  1.783642E-01
       231  9.819268E-02
       232  1.783642E-01
       233  2.710207E-01
       234  4.932051E-01
       235  2.678361E-01
       236  4.934018E-01
       237  2.670217E-01
       238  4.937693E-01
       239  2.667543E-01
       240  4.948432E-01
       241  4.197212E+00
       242  2.315086E+00
       243  1.005177E+00
       244  2.647908E-01
       245  9.198669E-02
       246  4.197212E+00
       247  2.315086E+00
       248  1.005177E+00
       249  2.647908E-01
       250  9.198669E-02
       251  2.518502E-01
       252  4.656109E-01
       253  2.522841E-01
       254  4.650890E-01
       255  2.531155E-01
       256  4.651862E-01
       257  2.562716E-01
       258  4.653073E-01
       259  9.279221E-02
       260  1.682743E-01
       261  9.279221E-02
       262  1.682743E-01
       263  2.562716E-01
       264  4.653073E-01
       265  2.531155E-01
       266  4.651862E-01
       267  2.522841E-01
       268  4.650890E-01
       269  2.518502E-01
       270  4.656109E-01
       271  3.945468E+00
       272  2.176759E+00
       273  9.460911E-01
       274  2.506235E-01
       275  8.838656E-02
       276  3.945468E+00
       277  2.176759E+00
       278  9.460911E-01
       279  2.506235E-01
       280  8.838656E-02
       281  2.371630E-01
       282  4.369149E-01
       283  2.376868E-01
       284  4.368754E-01
       285  2.385658E-01
       286  4.374460E-01
       287  2.417465E-01
       288  4.378867E-01
       289  8.749437E-02
       290  1.583553E-01
       291  8.749437E-02
       292  1.583553E-01
       293  2.417465E-01
       294  4.378867E-01
       295  2.385658E-01
       296  4.374460E-01
       297  2.376868E-01
       298  4.368754E-01
       299  2.371630E-01
       300  4.369149E-01
       301  3.697366E+00
       302  2.040500E+00
       303  8.878853E-01
       304  2.366399E-01
       305  8.478422E-02
       306  3.697366E+00
       307  2.040500E+00
       308  8.878853E-01
       309  2.366399E-01
       310  8.478422E-02
       311  2.227032E-01
       312  4.091017E-01
       313  2.232550E-01
       314  4.093426E-01
       315  2.241552E-01
       316  4.102107E-01
       317  2.273585E-01
       318  4.108564E-01
       319  8.225885E-02
       320  1.485608E-01
       321  8.225885E-02
       322  1.485608E-01
       323  2.273585E-01
       324  4.108564E-01
       325  2.241552E-01
       326  4.102107E-01
       327  2.232550E-01
       328  4.093426E-01
       329  2.227032E-01
       330  4.091017E-01
       331  3.453303E+00
       332  1.906489E+00
       333  8.306389E-01
       334  2.228609E-01
       335  8.118205E-02
       336  3.453303E+00
       337  1.906489E+00
       338  8.306389E-01
       339  2.228609E-01
       340  8.118205E-02
       341  2.084583E-01
       342  3.821140E-01
       343  2.090124E-01
       344  3.824897E-01
       345  2.099164E-01
       346  3.835069E-01
       347  2.131353E-01
       348  3.842548E-01
       349  7.708943E-02
       350  1.389063E-01
       351  7.708943E-02
       352  1.389063E-01
       353  2.131353E-01
       354  3.842548E-01
       355  2.099164E-01
       356  3.835069E-01
       357  2.090124E-01
       358  3.824897E-01
       359  2.084583E-01
       360  3.821140E-01
       361  3.213761E+00
       362  1.774959E+00
       363  7.744410E-01
       364  2.093040E-01
       365  7.759272E-02
       366  3.213761E+00
       367  1.774959E+00
       368  7.744410E-01
       369  2.093040E-01
       370  7.759272E-02
       371  1.944341E-01
       372  3.558355E-01
       373  1.949852E-01
       374  3.562658E-01
       375  1.958880E-01
       376  3.573444E-01
       377  1.991210E-01
       378  3.581324E-01
       379  7.199907E-02
       380  1.294167E-01
       381  7.199907E-02
       382  1.294167E-01
       383  1.991210E-01
       384  3.581324E-01
       385  1.958880E-01
       386  3.573444E-01
       387  1.949852E-01
       388  3.562658E-01
       389  1.944341E-01
       390  3.558355E-01
       391  2.979200E+00
       392  1.646144E+00
       393  7.193817E-01
       394  1.959881E-01
       395  7.402895E-02
       396  2.979200E+00
       397  1.646144E+00
       398  7.193817E-01
       399  1.959881E-01
       400  7.402895E-02
       401  1.806515E-01
       402  3.301869E-01
       403  1.812009E-01
       404  3.306339E-01
       405  1.821036E-01
       406  3.317321E-01
       407  1.853524E-01
       408  3.325314E-01
       409  6.699956E-02
       410  1.201125E-01
       411  6.699956E-02
       412  1.201125E-01
       413  1.853524E-01
       414  3.325314E-01
       415  1.821036E-01
       416  3.317321E-01
       417  1.812009E-01
       418  3.306339E-01
       419  1.806515E-01
       420  3.301869E-01
       421  2.750037E+00
       422  1.520266E+00
       423  6.655513E-01
       424  1.829348E-01
       425  7.050172E-02
       426  2.750037E+00
       427  1.520266E+00
       428  6.655513E-01
       429  1.829348E-01
       430  7.050172E-02
       431  1.671366E-01
       432  3.051371E-01
       433  1.676867E-01
       434  3.055861E-01
       435  1.685916E-01
       436  3.066881E-01
       437  1.718585E-01
       438  3.074891E-01
       439  6.210060E-02
       440  1.110102E-01
       441  6.210060E-02
       442  1.110102E-01
       443  1.718585E-01
       444  3.074891E-01
       445  1.685916E-01
       446  3.066881E-01
       447  1.676867E-01
       448  3.055861E-01
       449  1.671366E-01
       450  3.051371E-01
       451  2.526660E+00
       452  1.397539E+00
       453  6.130413E-01
       454  1.701678E-01
       455  6.702065E-02
       456  2.526660E+00
       457  1.397539E+00
       458  6.130413E-01
       459  1.701678E-01
       460  6.702065E-02
       461  1.539161E-01
       462  2.806918E-01
       463  1.544686E-01
       464  2.811390E-01
       465  1.553774E-01
       466  2.822415E-01
       467  1.586643E-01
       468  2.830431E-01
       469  5.731077E-02
       470  1.021249E-01
       471  5.731077E-02
       472  1.021249E-01
       473  1.586643E-01
       474  2.830431E-01
       475  1.553774E-01
       476  2.822415E-01
       477  1.544686E-01
       478  2.811390E-01
       479  1.539161E-01
       480  2.806918E-01
       481  2.309449E+00
       482  1.278175E+00
       483  5.619441E-01
       484  1.577118E-01
       485  6.359463E-02
       486  2.309449E+00
       487  1.278175E+00
       488  5.619441E-01
       489  1.577118E-01
       490  6.359463E-02
       491  1.410159E-01
       492  2.568796E-01
       493  1.415718E-01
       494  2.573253E-01
       495  1.424856E-01
       496  2.584292E-01
       497  1.457938E-01
       498  2.592334E-01
       499  5.263852E-02
       500  9.347123E-02
       501  5.263852E-02
       502  9.347123E-02
       503  1.457938E-01
       504  2.592334E-01
       505  1.424856E-01
       506  2.584292E-01
       507  1.415718E-01
       508  2.573253E-01
       509  1.410159E-01
       510  2.568796E-01
       511  2.098792E+00
       512  1.162392E+00
       513  5.123549E-01
       514  1.455922E-01
       515  6.023224E-02
       516  2.098792E+00
       517  1.162392E+00
       518  5.123549E-01
       519  1.455922E-01
       520  6.023224E-02
       521  1.284621E-01
       522  2.337416E-01
       523  1.290218E-01
       524  2.341871E-01
       525  1.299411E-01
       526  2.352941E-01
       527  1.332712E-01
       528  2.361026E-01
       529  4.809254E-02
       530  8.506464E-02
       531  4.809254E-02
       532  8.506464E-02
       533  1.332712E-01
       534  2.361026E-01
       535  1.299411E-01
       536  2.352941E-01
       537  1.290218E-01
       538  2.341871E-01
       539  1.284621E-01
       540  2.337416E-01
       541  1.895094E+00
       542  1.050414E+00
       543  4.643719E-01
       544  1.338351E-01
       545  5.694211E-02
       546  1.895094E+00
       547  1.050414E+00
       548  4.643719E-01
       549  1.338351E-01
       550  5.694211E-02
       551  1.162810E-01
       552  2.113251E-01
       553  1.168447E-01
       554  2.117711E-01
       555  1.177696E-01
       556  2.128824E-01
       557  1.211219E-01
       558  2.136964E-01
       559  4.368204E-02
       560  7.692152E-02
       561  4.368204E-02
       562  7.692152E-02
       563  1.211219E-01
       564  2.136964E-01
       565  1.177696E-01
       566  2.128824E-01
       567  1.168447E-01
       568  2.117711E-01
       569  1.162810E-01
       570  2.113251E-01
       571  1.698777E+00
       572  9.424755E-01
       573  4.180979E-01
       574  1.224676E-01
       575  5.373309E-02
       576  1.698777E+00
       577  9.424755E-01
       578  4.180979E-01
       579  1.224676E-01
       580  5.373309E-02
       581  1.045003E-01
       582  1.896802E-01
       583  1.050681E-01
       584  1.901270E-01
       585  1.059984E-01
       586  1.912430E-01
       587  1.093728E-01
       588  1.920631E-01
       589  3.941677E-02
       590  6.905930E-02
       591  3.941677E-02
       592  6.905930E-02
       593  1.093728E-01
       594  1.920631E-01
       595  1.059984E-01
       596  1.912430E-01
       597  1.050681E-01
       598  1.901270E-01
       599  1.045003E-01
       600  1.896802E-01
       601  1.510289E+00
       602  8.388251E-01
       603  3.736405E-01
       604  1.115178E-01
       605  5.061443E-02
       606  1.510289E+00
       607  8.388251E-01
       608  3.736405E-01
       609  1.115178E-01
       610  5.061443E-02
       611  9.314948E-02
       612  1.688576E-01
       613  9.372103E-02
       614  1.693059E-01
       615  9.465645E-02
       616  1.704271E-01
       617  9.805261E-02
       618  1.712534E-01
       619  3.530714E-02
       620  6.149642E-02
       621  3.530714E-02
       622  6.149642E-02
       623  9.805261E-02
       624  1.712534E-01
       625  9.465645E-02
       626  1.704271E-01
       627  9.372103E-02
       628  1.693059E-01
       629  9.314948E-02
       630  1.688576E-01
       631  1.330105E+00
       632  7.397242E-01
       633  3.311128E-01
       634  1.010146E-01
       635  4.759574E-02
       636  1.330105E+00
       637  7.397242E-01
       638  3.311128E-01
       639  1.010146E-01
       640  4.759574E-02
       641  8.225940E-02
       642  1.489074E-01
       643  8.283430E-02
       644  1.493591E-01
       645  8.377428E-02
       646  1.504875E-01
       647  8.719174E-02
       648  1.513214E-01
       649  3.136427E-02
       650  5.425255E-02
       651  3.136427E-02
       652  5.425255E-02
       653  8.719174E-02
       654  1.513214E-01
       655  8.377428E-02
       656  1.504875E-01
       657  8.283430E-02
       658  1.493591E-01
       659  8.225940E-02
       660  1.489074E-01
       661  1.158729E+00
       662  6.454498E-01
       663  2.906332E-01
       664  9.098794E-02
       665  4.468730E-02
       666  1.158729E+00
       667  6.454498E-01
       668  2.906332E-01
       669  9.098794E-02
       670  4.468730E-02
       671  7.186253E-02
       672  1.298772E-01
       673  7.243999E-02
       674  1.303382E-01
       675  7.338408E-02
       676  1.314795E-01
       677  7.682261E-02
       678  1.323241E-01
       679  2.760021E-02
       680  4.734874E-02
       681  2.760021E-02
       682  4.734874E-02
       683  7.682261E-02
       684  1.323241E-01
       685  7.338408E-02
       686  1.314795E-01
       687  7.243999E-02
       688  1.303382E-01
       689  7.186253E-02
       690  1.298772E-01
       691  9.966978E-01
       692  5.562946E-01
       693  2.523254E-01
       694  8.146862E-02
       695  4.190086E-02
       696  9.966978E-01
       697  5.562946E-01
       698  2.523254E-01
       699  8.146862E-02
       700  4.190086E-02
       701  6.199202E-02
       702  1.118124E-01
       703  6.257090E-02
       704  1.122948E-01
       705  6.351932E-02
       706  1.134613E-01
       707  6.697999E-02
       708  1.143240E-01
       709  2.402827E-02
       710  4.080793E-02
       711  2.402827E-02
       712  4.080793E-02
       713  6.697999E-02
       714  1.143240E-01
       715  6.351932E-02
       716  1.134613E-01
       717  6.257090E-02
       718  1.122948E-01
       719  6.199202E-02
       720  1.118124E-01
       721  8.445857E-01
       722  4.725667E-01
       723  2.163186E-01
       724  7.248965E-02
       725  3.925173E-02
       726  8.445857E-01
       727  4.725667E-01
       728  2.163186E-01
       729  7.248965E-02
       730  3.925173E-02
       731  5.268062E-02
       732  9.476065E-02
       733  5.325971E-02
       734  9.528454E-02
       735  5.421439E-02
       736  9.649713E-02
       737  5.770158E-02
       738  9.739007E-02
       739  2.066345E-02
       740  3.465538E-02
       741  2.066345E-02
       742  3.465538E-02
       743  5.770158E-02
       744  9.739007E-02
       745  5.421439E-02
       746  9.649713E-02
       747  5.325971E-02
       748  9.528454E-02
       749  5.268062E-02
       750  9.476065E-02
       751  7.029882E-01
       752  3.945832E-01
       753  1.827479E-01
       754  6.409043E-02
       755  3.676322E-02
       756  7.029882E-01
       757  3.945832E-01
       758  1.827479E-01
       759  6.409043E-02
       760  3.676322E-02
       761  4.395976E-02
       762  7.878535E-02
       763  4.453853E-02
       764  7.937654E-02
       765  4.550466E-02
       766  8.066223E-02
       767  4.902886E-02
       768  8.160088E-02
       769  1.752277E-02
       770  2.891905E-02
       771  1.752277E-02
       772  2.891905E-02
       773  4.902886E-02
       774  8.160088E-02
       775  4.550466E-02
       776  8.066223E-02
       777  4.453853E-02
       778  7.937654E-02
       779  4.395976E-02
       780  7.878535E-02
       781  5.724920E-01
       782  3.226594E-01
       783  1.517583E-01
       784  5.632592E-02
       785  3.447460E-02
       786  5.724920E-01
       787  3.226594E-01
       788  1.517583E-01
       789  5.632592E-02
       790  3.447460E-02
       791  3.586045E-02
       792  6.399365E-02
       793  3.644045E-02
       794  6.467053E-02
       795  3.742783E-02
       796  6.604993E-02
       797  4.100907E-02
       798  6.704570E-02
       799  1.462497E-02
       800  2.362933E-02
       801  1.462497E-02
       802  2.362933E-02
       803  4.100907E-02
       804  6.704570E-02
       805  3.742783E-02
       806  6.604993E-02
       807  3.644045E-02
       808  6.467053E-02
       809  3.586045E-02
       810  6.399365E-02
       811  4.536192E-01
       812  2.570914E-01
       813  1.235101E-01
       814  4.928228E-02
       815  3.245383E-02
       816  4.536192E-01
       817  2.570914E-01
       818  1.235101E-01
       819  4.928228E-02
       820  3.245383E-02
       821  2.841823E-02
       822  5.057676E-02
       823  2.900525E-02
       824  5.131845E-02
       825  3.002851E-02
       826  5.277611E-02
       827  3.369927E-02
       828  5.382101E-02
       829  1.198898E-02
       830  1.881754E-02
       831  1.198898E-02
       832  1.881754E-02
       833  3.369927E-02
       834  5.382101E-02
       835  3.002851E-02
       836  5.277611E-02
       837  2.900525E-02
       838  5.131845E-02
       839  2.841823E-02
       840  5.057676E-02
       841  3.467743E-01
       842  1.981417E-01
       843  9.818625E-02
       844  4.309430E-02
       845  3.081358E-02
       846  3.467743E-01
       847  1.981417E-01
       848  9.818625E-02
       849  4.309430E-02
       850  3.081358E-02
       851  2.168979E-02
       852  3.884508E-02
       853  2.229481E-02
       854  3.953335E-02
       855  2.336949E-02
       856  4.096664E-02
       857  2.717351E-02
       858  4.201298E-02
       859  9.630147E-03
       860  1.451132E-02
       861  9.630147E-03
       862  1.451132E-02
       863  2.717351E-02
       864  4.201298E-02
       865  2.336949E-02
       866  4.096664E-02
       867  2.229481E-02
       868  3.953335E-02
       869  2.168979E-02
       870  3.884508E-02
       871  2.522532E-01
       872  1.460631E-01
       873  7.601682E-02
       874  3.795350E-02
       875  2.970526E-02
       876  2.522532E-01
       877  1.460631E-01
       878  7.601682E-02
       879  3.795350E-02
       880  2.970526E-02
       881  1.580394E-02
       882  2.922792E-02
       883  1.643806E-02
       884  2.955826E-02
       885  1.756013E-02
       886  3.070637E-02
       887  2.152228E-02
       888  3.164226E-02
       889  7.553519E-03
       890  1.071798E-02
       891  7.553519E-03
       892  1.071798E-02
       893  2.152228E-02
       894  3.164226E-02
       895  1.756013E-02
       896  3.070637E-02
       897  1.643806E-02
       898  2.955826E-02
       899  1.580394E-02
       900  2.922792E-02
       901  1.703075E-01
       902  1.012561E-01
       903  5.737946E-02
       904  3.407466E-02
       905  2.918618E-02
       906  1.703075E-01
       907  1.012561E-01
       908  5.737946E-02
       909  3.407466E-02
       910  2.918618E-02
       911  1.117511E-02
       912  2.224702E-02
       913  1.179974E-02
       914  2.161984E-02
       915  1.285537E-02
       916  2.198329E-02
       917  1.684724E-02
       918  2.262091E-02
       919  5.743937E-03
       920  7.411472E-03
       921  5.743937E-03
       922  7.411472E-03
       923  1.684724E-02
       924  2.262091E-02
       925  1.285537E-02
       926  2.198329E-02
       927  1.179974E-02
       928  2.161984E-02
       929  1.117511E-02
       930  2.224702E-02
       931  1.012557E-01
       932  6.461409E-02
       933  4.301997E-02
       934  3.145727E-02
       935  2.886214E-02
       936  1.012557E-01
       937  6.461409E-02
       938  4.301997E-02
       939  3.145727E-02
       940  2.886214E-02
       941  9.045507E-03
       942  1.856909E-02
       943  9.479414E-03
       944  1.607826E-02
       945  1.000916E-02
       946  1.486139E-02
       947  1.346942E-02
       948  1.492362E-02
       949  4.170820E-03
       950  4.611161E-03
       951  4.170820E-03
       952  4.611161E-03
       953  1.346942E-02
       954  1.492362E-02
       955  1.000916E-02
       956  1.486139E-02
       957  9.479414E-03
       958  1.607826E-02
       959  9.045507E-03
       960  1.856909E-02
       961  4.667395E-02
       962  3.730048E-02
       963  3.321485E-02
       964  2.982828E-02
       965  2.772089E-02
       966  4.667395E-02
       967  3.730048E-02
       968  3.321485E-02
       969  2.982828E-02
       970  2.772089E-02
       971  1.168079E-02
       972  1.838744E-02
       973  1.209492E-02
       974  1.406363E-02
       975  1.147805E-02
       976  1.108837E-02
       977  1.382891E-02
       978  1.048302E-02
       979  2.886711E-03
       980  3.196344E-03
       981  2.886711E-03
       982  3.196344E-03
       983  1.382891E-02
       984  1.048302E-02
       985  1.147805E-02
       986  1.108837E-02
       987  1.209492E-02
       988  1.406363E-02
       989  1.168079E-02
       990  1.838744E-02
       991  1.242424E-02
       992  1.781137E-02
       993  2.431967E-02
       994  2.858233E-02
       995  3.029172E-02
       996  1.242424E-02
       997  1.781137E-02
       998  2.431967E-02
       999  2.858233E-02
      1000  3.029172E-02
      1001  1.695245E-02
      1002  1.794785E-02
      1003  1.894950E-02
      1004  1.505038E-02
      1005  2.081454E-02
      1006  1.532262E-02
      1007  3.072212E-02
      1008  2.018799E-02
      1009  2.762988E-03
      1010  9.568445E-03
      1011  2.762988E-03
      1012  9.568445E-03
      1013  3.072212E-02
      1014  2.018799E-02
      1015  2.081454E-02
      1016  1.532262E-02
      1017  1.894950E-02
      1018  1.505038E-02
      1019  1.695245E-02
      1020  1.794785E-02
      1021  8.231091E-04
      1022  3.228185E-03
      1023  8.682546E-03
      1024  2.098515E-02
      1025  4.361339E-02
      1026  8.231091E-04
      1027  3.228185E-03
      1028  8.682546E-03
      1029  2.098515E-02
      1030  4.361339E-02
      1031  1.318632E-02
      1032  1.442124E-02
      1033  1.719890E-02
      1034  1.403625E-02
      1035  2.844311E-02
      1036  2.869131E-02
      1037  9.243054E-02
      1038  7.723468E-02
      1039  6.328355E-03
      1040  5.458509E-02
      1041  6.328355E-03
      1042  5.458509E-02
      1043  9.243054E-02
      1044  7.723468E-02
      1045  2.844311E-02
      1046  2.869131E-02
      1047  1.719890E-02
      1048  1.403625E-02
      1049  1.318632E-02
      1050  1.442124E-02

                                INCREMENT     2


 displacements (vx,vy,vz) for set TIP_TOP and time  0.1000000E+00

      1703  4.667435E-02 -1.219083E-03 -1.619680E+00
      1704  4.662965E-02 -1.198801E-03 -1.616873E+00
      1707  4.653277E-02 -1.138528E-03 -1.614124E+00
      1710  4.647038E-02 -8.991444E-04 -1.611661E+00
      1712  4.645646E-02 -3.460252E-04 -1.610139E+00
      1714  4.645184E-02 -4.699562E-14 -1.610043E+00
      1716  4.645646E-02  3.460252E-04 -1.610139E+00
      1719  4.647038E-02  8.991444E-04 -1.611661E+00
      1722  4.653277E-02  1.138528E-03 -1.614124E+00
      1725  4.662965E-02  1.198801E-03 -1.616873E+00
      1728  4.667435E-02  1.219083E-03 -1.619680E+00

 forces (fx,fy,fz) for set CLAMP and time  0.1000000E+00

         1  2.531419E+03  2.268373E+03  9.809620E+02
         4  4.567768E+03 -1.197302E-09  1.958059E+03
         5  3.367329E+03  3.449873E+03  2.022275E+01
         8  5.922658E+03 -3.738245E-10  5.068745E+01
         9  2.260615E+03  2.269933E+03 -9.499506E+01
        12  3.942198E+03  2.108229E-11 -1.802663E+02
        13  1.272357E+03  1.259250E+03 -1.877750E+02
        16  2.210988E+03 -1.781435E-10 -3.647183E+02
        17  3.041535E+02  2.831559E+02 -2.093777E+02
        20  5.196921E+02 -2.092143E-09 -4.107551E+02
        21 -5.363323E+02 -2.139301E+02 -5.467936E+02
        24 -5.712615E+02 -1.061739E-09 -2.584144E+02
        26  2.531419E+03 -2.268373E+03  9.809620E+02
        28  3.367329E+03 -3.449873E+03  2.022275E+01
        30  2.260615E+03 -2.269933E+03 -9.499506E+01
        32  1.272357E+03 -1.259250E+03 -1.877750E+02
        34  3.041535E+02 -2.831559E+02 -2.093777E+02
        36 -5.363323E+02  2.139301E+02 -5.467936E+02
        37 -5.216553E+02 -2.591849E+02 -5.521066E+02
        40 -5.989551E+02 -1.083002E+02 -9.039950E+02
        41 -1.291364E+03 -6.217652E+02 -2.011643E+02
        44 -1.860987E+03 -2.585759E+02 -3.826555E+02
        45 -9.020631E+02 -3.646992E+02  6.789920E+02
        48 -1.521581E+03 -1.505504E+02  1.240476E+03
        50 -4.743612E+02 -1.024601E+02 -8.116521E+02
        52 -1.776500E+03 -2.267123E+02 -3.972696E+02
        54 -1.569494E+03 -1.244559E+02  1.212549E+03
        56 -4.594876E+02 -7.492958E+01 -8.128789E+02
        58 -1.814061E+03 -1.540682E+02 -4.029486E+02
        60 -1.631470E+03 -8.055205E+01  1.243961E+03
        62 -1.276330E+03 -5.900135E+01 -2.587762E+02
        64 -1.144976E+03 -2.887810E+01  8.745017E+02
        66 -6.883872E+02 -3.772468E-10 -1.332102E+02
        68 -6.161681E+02 -5.302003E-10  4.725722E+02
        70 -1.276330E+03  5.900135E+01 -2.587762E+02
        72 -1.144976E+03  2.887810E+01  8.745017E+02
        74 -4.594876E+02  7.492958E+01 -8.128789E+02
        76 -1.814061E+03  1.540682E+02 -4.029486E+02
        78 -1.631470E+03  8.055205E+01  1.243961E+03
        80 -4.743612E+02  1.024601E+02 -8.116521E+02
        82 -1.776500E+03  2.267123E+02 -3.972696E+02
        84 -1.569494E+03  1.244559E+02  1.212549E+03
        86 -5.989551E+02  1.083002E+02 -9.039950E+02
        88 -1.860987E+03  2.585759E+02 -3.826555E+02
        90 -1.521581E+03  1.505504E+02  1.240476E+03
        92 -5.216553E+02  2.591849E+02 -5.521066E+02
        94 -1.291364E+03  6.217652E+02 -2.011643E+02
        96 -9.020631E+02  3.646992E+02  6.789920E+02

 internal energy (element, energy) for set EALL and time  0.1000000E+00

         1  1.724000E+01
         2  7.886918E+00
         3  3.155274E+00
         4  7.020756E-01
         5  1.673411E-01
         6  1.724000E+01
         7  7.886918E+00
         8  3.155274E+00
         9  7.020756E-01
        10  1.673411E-01
        11  1.035695E+00
        12  1.857575E+00
        13  7.796735E-01
        14  1.585036E+00
        15  7.428251E-01
        16  1.592314E+00
        17  7.818074E-01
        18  1.658695E+00
        19  2.969354E-01
        20  6.205775E-01
        21  2.969354E-01
        22  6.205775E-01
        23  7.818074E-01
        24  1.658695E+00
        25  7.428251E-01
        26  1.592314E+00
        27  7.796735E-01
        28  1.585036E+00
        29  1.035695E+00
        30  1.857575E+00
        31  1.748794E+01
        32  9.902502E+00
        33  4.026129E+00
        34  9.372637E-01
        35  2.717220E-01
        36  1.748794E+01
        37  9.902502E+00
        38  4.026129E+00
        39  9.372637E-01
        40  2.717220E-01
        41  8.667398E-01
        42  1.797521E+00
        43  9.386825E-01
        44  1.890711E+00
        45  9.344311E-01
        46  1.879214E+00
        47  9.953569E-01
        48  1.941652E+00
        49  3.788436E-01
        50  7.215120E-01
        51  3.788436E-01
        52  7.215120E-01
        53  9.953569E-01
        54  1.941652E+00
        55  9.344311E-01
        56  1.879214E+00
        57  9.386825E-01
        58  1.890711E+00
        59  8.667398E-01
        60  1.797521E+00
        61  1.741058E+01
        62  9.857054E+00
        63  4.299678E+00
        64  1.068620E+00
        65  3.351262E-01
        66  1.741058E+01
        67  9.857054E+00
        68  4.299678E+00
        69  1.068620E+00
        70  3.351262E-01
        71  8.402675E-01
        72  1.820878E+00
        73  9.482596E-01
        74  1.960032E+00
        75  1.005821E+00
        76  2.029247E+00
        77  1.061492E+00
        78  2.085056E+00
        79  3.953972E-01
        80  7.667415E-01
        81  3.953972E-01
        82  7.667415E-01
        83  1.061492E+00
        84  2.085056E+00
        85  1.005821E+00
        86  2.029247E+00
        87  9.482596E-01
        88  1.960032E+00
        89  8.402675E-01
        90  1.820878E+00
        91  2.081663E+01
        92  1.164526E+01
        93  5.104611E+00
        94  1.334540E+00
        95  4.644543E-01
        96  2.081663E+01
        97  1.164526E+01
        98  5.104611E+00
        99  1.334540E+00
       100  4.644543E-01
       101  1.146478E+00
       102  2.140056E+00
       103  1.222475E+00
       104  2.243121E+00
       105  1.285516E+00
       106  2.326791E+00
       107  1.325254E+00
       108  2.370110E+00
       109  4.795937E-01
       110  8.608456E-01
       111  4.795937E-01
       112  8.608456E-01
       113  1.325254E+00
       114  2.370110E+00
       115  1.285516E+00
       116  2.326791E+00
       117  1.222475E+00
       118  2.243121E+00
       119  1.146478E+00
       120  2.140056E+00
       121  2.094634E+01
       122  1.161309E+01
       123  5.055650E+00
       124  1.319574E+00
       125  4.547349E-01
       126  2.094634E+01
       127  1.161309E+01
       128  5.055650E+00
       129  1.319574E+00
       130  4.547349E-01
       131  1.220250E+00
       132  2.228428E+00
       133  1.250632E+00
       134  2.274100E+00
       135  1.281369E+00
       136  2.320117E+00
       137  1.304127E+00
       138  2.342122E+00
       139  4.709973E-01
       140  8.484129E-01
       141  4.709973E-01
       142  8.484129E-01
       143  1.304127E+00
       144  2.342122E+00
       145  1.281369E+00
       146  2.320117E+00
       147  1.250632E+00
       148  2.274100E+00
       149  1.220250E+00
       150  2.228428E+00
       151  1.990350E+01
       152  1.097849E+01
       153  4.759078E+00
       154  1.237344E+00
       155  4.180200E-01
       156  1.990350E+01
       157  1.097849E+01
       158  4.759078E+00
       159  1.237344E+00
       160  4.180200E-01
       161  1.181547E+00
       162  2.183971E+00
       163  1.188225E+00
       164  2.192999E+00
       165  1.199058E+00
       166  2.206771E+00
       167  1.215613E+00
       168  2.212824E+00
       169  4.407667E-01
       170  8.008023E-01
       171  4.407667E-01
       172  8.008023E-01
       173  1.215613E+00
       174  2.212824E+00
       175  1.199058E+00
       176  2.206771E+00
       177  1.188225E+00
       178  2.192999E+00
       179  1.181547E+00
       180  2.183971E+00
       181  1.884702E+01
       182  1.039126E+01
       183  4.503088E+00
       184  1.174505E+00
       185  3.982406E-01
       186  1.884702E+01
       187  1.039126E+01
       188  4.503088E+00
       189  1.174505E+00
       190  3.982406E-01
       191  1.126544E+00
       192  2.092154E+00
       193  1.127585E+00
       194  2.088641E+00
       195  1.132068E+00
       196  2.088898E+00
       197  1.145835E+00
       198  2.088574E+00
       199  4.154767E-01
       200  7.554348E-01
       201  4.154767E-01
       202  7.554348E-01
       203  1.145835E+00
       204  2.088574E+00
       205  1.132068E+00
       206  2.088898E+00
       207  1.127585E+00
       208  2.088641E+00
       209  1.126544E+00
       210  2.092154E+00
       211  1.780891E+01
       212  9.820868E+00
       213  4.259820E+00
       214  1.116300E+00
       215  3.825436E-01
       216  1.780891E+01
       217  9.820868E+00
       218  4.259820E+00
       219  1.116300E+00
       220  3.825436E-01
       221  1.067111E+00
       222  1.979436E+00
       223  1.068161E+00
       224  1.975125E+00
       225  1.071406E+00
       226  1.973647E+00
       227  1.084137E+00
       228  1.972859E+00
       229  3.927911E-01
       230  7.134714E-01
       231  3.927911E-01
       232  7.134714E-01
       233  1.084137E+00
       234  1.972859E+00
       235  1.071406E+00
       236  1.973647E+00
       237  1.068161E+00
       238  1.975125E+00
       239  1.067111E+00
       240  1.979436E+00
       241  1.678774E+01
       242  9.259569E+00
       243  4.020261E+00
       244  1.058994E+00
       245  3.679443E-01
       246  1.678774E+01
       247  9.259569E+00
       248  4.020261E+00
       249  1.058994E+00
       250  3.679443E-01
       251  1.007490E+00
       252  1.862526E+00
       253  1.009207E+00
       254  1.860418E+00
       255  1.012520E+00
       256  1.860793E+00
       257  1.025135E+00
       258  1.861271E+00
       259  3.711886E-01
       260  6.731112E-01
       261  3.711886E-01
       262  6.731112E-01
       263  1.025135E+00
       264  1.861271E+00
       265  1.012520E+00
       266  1.860793E+00
       267  1.009207E+00
       268  1.860418E+00
       269  1.007490E+00
       270  1.862526E+00
       271  1.578088E+01
       272  8.706334E+00
       273  3.783955E+00
       274  1.002337E+00
       275  3.535435E-01
       276  1.578088E+01
       277  8.706334E+00
       278  3.783955E+00
       279  1.002337E+00
       280  3.535435E-01
       281  9.487380E-01
       282  1.747752E+00
       283  9.508157E-01
       284  1.747572E+00
       285  9.543201E-01
       286  1.749838E+00
       287  9.670329E-01
       288  1.751592E+00
       289  3.499970E-01
       290  6.334362E-01
       291  3.499970E-01
       292  6.334362E-01
       293  9.670329E-01
       294  1.751592E+00
       295  9.543201E-01
       296  1.749838E+00
       297  9.508157E-01
       298  1.747572E+00
       299  9.487380E-01
       300  1.747752E+00
       301  1.478858E+01
       302  8.161367E+00
       303  3.551170E+00
       304  9.464150E-01
       305  3.391346E-01
       306  1.478858E+01
       307  8.161367E+00
       308  3.551170E+00
       309  9.464150E-01
       310  3.391346E-01
       311  8.908956E-01
       312  1.636503E+00
       313  8.930869E-01
       314  1.637445E+00
       315  8.966770E-01
       316  1.640901E+00
       317  9.094808E-01
       318  1.643475E+00
       319  3.290550E-01
       320  5.942597E-01
       321  3.290550E-01
       322  5.942597E-01
       323  9.094808E-01
       324  1.643475E+00
       325  8.966770E-01
       326  1.640901E+00
       327  8.930869E-01
       328  1.637445E+00
       329  8.908956E-01
       330  1.636503E+00
       331  1.381243E+01
       332  7.625392E+00
       333  3.322220E+00
       334  8.913109E-01
       335  3.247268E-01
       336  1.381243E+01
       337  7.625392E+00
       338  3.322220E+00
       339  8.913109E-01
       340  3.247268E-01
       341  8.339131E-01
       342  1.528552E+00
       343  8.361153E-01
       344  1.530035E+00
       345  8.397215E-01
       346  1.534089E+00
       347  8.525892E-01
       348  1.537073E+00
       349  3.083774E-01
       350  5.556436E-01
       351  3.083774E-01
       352  5.556436E-01
       353  8.525892E-01
       354  1.537073E+00
       355  8.397215E-01
       356  1.534089E+00
       357  8.361153E-01
       358  1.530035E+00
       359  8.339131E-01
       360  1.528552E+00
       361  1.285436E+01
       362  7.099337E+00
       363  3.097463E+00
       364  8.370951E-01
       365  3.103705E-01
       366  1.285436E+01
       367  7.099337E+00
       368  3.097463E+00
       369  8.370951E-01
       370  3.103705E-01
       371  7.778138E-01
       372  1.423437E+00
       373  7.800050E-01
       374  1.425141E+00
       375  7.836078E-01
       376  1.429442E+00
       377  7.965328E-01
       378  1.432587E+00
       379  2.880161E-01
       380  5.176867E-01
       381  2.880161E-01
       382  5.176867E-01
       383  7.965328E-01
       384  1.432587E+00
       385  7.836078E-01
       386  1.429442E+00
       387  7.800050E-01
       388  1.425141E+00
       389  7.778138E-01
       390  1.423437E+00
       391  1.191621E+01
       392  6.584137E+00
       393  2.877259E+00
       394  7.838428E-01
       395  2.961165E-01
       396  1.191621E+01
       397  6.584137E+00
       398  2.877259E+00
       399  7.838428E-01
       400  2.961165E-01
       401  7.226806E-01
       402  1.320841E+00
       403  7.248665E-01
       404  1.322614E+00
       405  7.284699E-01
       406  1.326995E+00
       407  7.414587E-01
       408  1.330186E+00
       409  2.680181E-01
       410  4.804711E-01
       411  2.680181E-01
       412  4.804711E-01
       413  7.414587E-01
       414  1.330186E+00
       415  7.284699E-01
       416  1.326995E+00
       417  7.248665E-01
       418  1.322614E+00
       419  7.226806E-01
       420  1.320841E+00
       421  1.099964E+01
       422  6.080681E+00
       423  2.661968E+00
       424  7.316402E-01
       425  2.820084E-01
       426  1.099964E+01
       427  6.080681E+00
       428  2.661968E+00
       429  7.316402E-01
       430  2.820084E-01
       431  6.686183E-01
       432  1.220640E+00
       433  6.708083E-01
       434  1.222423E+00
       435  6.744212E-01
       436  1.226821E+00
       437  6.874833E-01
       438  1.230020E+00
       439  2.484221E-01
       440  4.440633E-01
       441  2.484221E-01
       442  4.440633E-01
       443  6.874833E-01
       444  1.230020E+00
       445  6.744212E-01
       446  1.226821E+00
       447  6.708083E-01
       448  1.222423E+00
       449  6.686183E-01
       450  1.220640E+00
       451  1.010621E+01
       452  5.589826E+00
       453  2.451956E+00
       454  6.805820E-01
       455  2.680850E-01
       456  1.010621E+01
       457  5.589826E+00
       458  2.451956E+00
       459  6.805820E-01
       460  2.680850E-01
       461  6.157333E-01
       462  1.122857E+00
       463  6.179343E-01
       464  1.124634E+00
       465  6.215638E-01
       466  1.129036E+00
       467  6.347067E-01
       468  1.132238E+00
       469  2.292626E-01
       470  4.085228E-01
       471  2.292626E-01
       472  4.085228E-01
       473  6.347067E-01
       474  1.132238E+00
       475  6.215638E-01
       476  1.129036E+00
       477  6.179343E-01
       478  1.124634E+00
       479  6.157333E-01
       480  1.122857E+00
       481  9.237442E+00
       482  5.112421E+00
       483  2.247594E+00
       484  6.307672E-01
       485  2.543817E-01
       486  9.237442E+00
       487  5.112421E+00
       488  2.247594E+00
       489  6.307672E-01
       490  2.543817E-01
       491  5.641300E-01
       492  1.027606E+00
       493  5.663456E-01
       494  1.029379E+00
       495  5.699958E-01
       496  1.033788E+00
       497  5.832243E-01
       498  1.037000E+00
       499  2.105734E-01
       500  3.739086E-01
       501  2.105734E-01
       502  3.739086E-01
       503  5.832243E-01
       504  1.037000E+00
       505  5.699958E-01
       506  1.033788E+00
       507  5.663456E-01
       508  1.029379E+00
       509  5.641300E-01
       510  1.027606E+00
       511  8.394880E+00
       512  4.649332E+00
       513  2.049261E+00
       514  5.822975E-01
       515  2.409327E-01
       516  8.394880E+00
       517  4.649332E+00
       518  2.049261E+00
       519  5.822975E-01
       520  2.409327E-01
       521  5.139117E-01
       522  9.350522E-01
       523  5.161437E-01
       524  9.368256E-01
       525  5.198165E-01
       526  9.412474E-01
       527  5.331331E-01
       528  9.444778E-01
       529  1.923891E-01
       530  3.402826E-01
       531  1.923891E-01
       532  3.402826E-01
       533  5.331331E-01
       534  9.444778E-01
       535  5.198165E-01
       536  9.412474E-01
       537  5.161437E-01
       538  9.368256E-01
       539  5.139117E-01
       540  9.350522E-01
       541  7.580144E+00
       542  4.201459E+00
       543  1.857352E+00
       544  5.352774E-01
       545  2.277727E-01
       546  7.580144E+00
       547  4.201459E+00
       548  1.857352E+00
       549  5.352774E-01
       550  2.277727E-01
       551  4.651844E-01
       552  8.453837E-01
       553  4.674334E-01
       554  8.471606E-01
       555  4.711291E-01
       556  8.516003E-01
       557  4.845350E-01
       558  8.548532E-01
       559  1.747466E-01
       560  3.077103E-01
       561  1.747466E-01
       562  3.077103E-01
       563  4.845350E-01
       564  8.548532E-01
       565  4.711291E-01
       566  8.516003E-01
       567  4.674334E-01
       568  8.471606E-01
       569  4.651844E-01
       570  8.453837E-01
       571  6.794929E+00
       572  3.769741E+00
       573  1.672276E+00
       574  4.898150E-01
       575  2.149371E-01
       576  6.794929E+00
       577  3.769741E+00
       578  1.672276E+00
       579  4.898150E-01
       580  2.149371E-01
       581  4.180589E-01
       582  7.588013E-01
       583  4.203247E-01
       584  7.605828E-01
       585  4.240428E-01
       586  7.650422E-01
       587  4.375376E-01
       588  7.683195E-01
       589  1.576851E-01
       590  2.762613E-01
       591  1.576851E-01
       592  2.762613E-01
       593  4.375376E-01
       594  7.683195E-01
       595  4.240428E-01
       596  7.650422E-01
       597  4.203247E-01
       598  7.605828E-01
       599  4.180589E-01
       600  7.588013E-01
       601  6.041025E+00
       602  3.355172E+00
       603  1.494465E+00
       604  4.460225E-01
       605  2.024628E-01
       606  6.041025E+00
       607  3.355172E+00
       608  1.494465E+00
       609  4.460225E-01
       610  2.024628E-01
       611  3.726524E-01
       612  6.755082E-01
       613  3.749342E-01
       614  6.772963E-01
       615  3.786732E-01
       616  6.817771E-01
       617  3.922555E-01
       618  6.850802E-01
       619  1.412459E-01
       620  2.460095E-01
       621  1.412459E-01
       622  2.460095E-01
       623  3.922555E-01
       624  6.850802E-01
       625  3.786732E-01
       626  6.817771E-01
       627  3.749342E-01
       628  6.772963E-01
       629  3.726524E-01
       630  6.755082E-01
       631  5.320329E+00
       632  2.958797E+00
       633  1.324370E+00
       634  4.040160E-01
       635  1.903883E-01
       636  5.320329E+00
       637  2.958797E+00
       638  1.324370E+00
       639  4.040160E-01
       640  1.903883E-01
       641  3.290890E-01
       642  5.957041E-01
       643  3.313849E-01
       644  5.975069E-01
       645  3.351425E-01
       646  6.020172E-01
       647  3.488105E-01
       648  6.053505E-01
       649  1.254738E-01
       650  2.170336E-01
       651  1.254738E-01
       652  2.170336E-01
       653  3.488105E-01
       654  6.053505E-01
       655  3.351425E-01
       656  6.020172E-01
       657  3.313849E-01
       658  5.975069E-01
       659  3.290890E-01
       660  5.957041E-01
       661  4.634857E+00
       662  2.581723E+00
       663  1.162466E+00
       664  3.639151E-01
       665  1.787547E-01
       666  4.634857E+00
       667  2.581723E+00
       668  1.162466E+00
       669  3.639151E-01
       670  1.787547E-01
       671  2.874983E-01
       672  5.195797E-01
       673  2.898051E-01
       674  5.214203E-01
       675  2.935796E-01
       676  5.259828E-01
       677  3.073321E-01
       678  5.293597E-01
       679  1.104168E-01
       680  1.894177E-01
       681  1.104168E-01
       682  1.894177E-01
       683  3.073321E-01
       684  5.293597E-01
       685  2.935796E-01
       686  5.259828E-01
       687  2.898051E-01
       688  5.214203E-01
       689  2.874983E-01
       690  5.195797E-01
       691  3.986762E+00
       692  2.225124E+00
       693  1.009248E+00
       694  3.258431E-01
       695  1.676090E-01
       696  3.986762E+00
       697  2.225124E+00
       698  1.009248E+00
       699  3.258431E-01
       700  1.676090E-01
       701  2.480130E-01
       702  4.473166E-01
       703  2.503260E-01
       704  4.492433E-01
       705  2.541182E-01
       706  4.539073E-01
       707  2.679596E-01
       708  4.573566E-01
       709  9.612818E-02
       710  1.632536E-01
       711  9.612818E-02
       712  1.632536E-01
       713  2.679596E-01
       714  4.573566E-01
       715  2.541182E-01
       716  4.539073E-01
       717  2.503260E-01
       718  4.492433E-01
       719  2.480130E-01
       720  4.473166E-01
       721  3.378337E+00
       722  1.890230E+00
       723  8.652319E-01
       724  2.899319E-01
       725  1.570124E-01
       726  3.378337E+00
       727  1.890230E+00
       728  8.652319E-01
       729  2.899319E-01
       730  1.570124E-01
       731  2.107641E-01
       732  3.791052E-01
       733  2.130784E-01
       734  3.811988E-01
       735  2.168959E-01
       736  3.860475E-01
       737  2.308436E-01
       738  3.896179E-01
       739  8.266799E-02
       740  1.386423E-01
       741  8.266799E-02
       742  1.386423E-01
       743  2.308436E-01
       744  3.896179E-01
       745  2.168959E-01
       746  3.860475E-01
       747  2.130784E-01
       748  3.811988E-01
       749  2.107641E-01
       750  3.791052E-01
       751  2.811965E+00
       752  1.578311E+00
       753  7.309587E-01
       754  2.563392E-01
       755  1.470583E-01
       756  2.811965E+00
       757  1.578311E+00
       758  7.309587E-01
       759  2.563392E-01
       760  1.470583E-01
       761  1.758773E-01
       762  3.151995E-01
       763  1.781907E-01
       764  3.175627E-01
       765  1.820542E-01
       766  3.227041E-01
       767  1.961501E-01
       768  3.264576E-01
       769  7.010423E-02
       770  1.156957E-01
       771  7.010423E-02
       772  1.156957E-01
       773  1.961501E-01
       774  3.264576E-01
       775  1.820542E-01
       776  3.227041E-01
       777  1.781907E-01
       778  3.175627E-01
       779  1.758773E-01
       780  3.151995E-01
       781  2.289994E+00
       782  1.290627E+00
       783  6.070084E-01
       784  2.252849E-01
       785  1.379035E-01
       786  2.289994E+00
       787  1.290627E+00
       788  6.070084E-01
       789  2.252849E-01
       790  1.379035E-01
       791  1.434766E-01
       792  2.560278E-01
       793  1.457952E-01
       794  2.587342E-01
       795  1.497438E-01
       796  2.642506E-01
       797  1.640680E-01
       798  2.682327E-01
       799  5.851195E-02
       800  9.453529E-02
       801  5.851195E-02
       802  9.453529E-02
       803  1.640680E-01
       804  2.682327E-01
       805  1.497438E-01
       806  2.642506E-01
       807  1.457952E-01
       808  2.587342E-01
       809  1.434766E-01
       810  2.560278E-01
       811  1.814511E+00
       812  1.028363E+00
       813  4.940222E-01
       814  1.971137E-01
       815  1.298201E-01
       816  1.814511E+00
       817  1.028363E+00
       818  4.940222E-01
       819  1.971137E-01
       820  1.298201E-01
       821  1.137041E-01
       822  2.023549E-01
       823  1.160511E-01
       824  2.053209E-01
       825  1.201434E-01
       826  2.111506E-01
       827  1.348255E-01
       828  2.153293E-01
       829  4.796678E-02
       830  7.528642E-02
       831  4.796678E-02
       832  7.528642E-02
       833  1.348255E-01
       834  2.153293E-01
       835  1.201434E-01
       836  2.111506E-01
       837  1.160511E-01
       838  2.053209E-01
       839  1.137041E-01
       840  2.023549E-01
       841  1.387137E+00
       842  7.925707E-01
       843  3.927320E-01
       844  1.723646E-01
       845  1.232586E-01
       846  1.387137E+00
       847  7.925707E-01
       848  3.927320E-01
       849  1.723646E-01
       850  1.232586E-01
       851  8.678653E-02
       852  1.554225E-01
       853  8.920574E-02
       854  1.581751E-01
       855  9.350382E-02
       856  1.639076E-01
       857  1.087190E-01
       858  1.680921E-01
       859  3.853021E-02
       860  5.805968E-02
       861  3.853021E-02
       862  5.805968E-02
       863  1.087190E-01
       864  1.680921E-01
       865  9.350382E-02
       866  1.639076E-01
       867  8.920574E-02
       868  1.581751E-01
       869  8.678653E-02
       870  1.554225E-01
       871  1.009054E+00
       872  5.842603E-01
       873  3.040583E-01
       874  1.518038E-01
       875  1.188247E-01
       876  1.009054E+00
       877  5.842603E-01
       878  3.040583E-01
       879  1.518038E-01
       880  1.188247E-01
       881  6.323886E-02
       882  1.169482E-01
       883  6.577472E-02
       884  1.182692E-01
       885  7.026261E-02
       886  1.228611E-01
       887  8.611048E-02
       888  1.266039E-01
       889  3.022240E-02
       890  4.288437E-02
       891  3.022240E-02
       892  4.288437E-02
       893  8.611048E-02
       894  1.266039E-01
       895  7.026261E-02
       896  1.228611E-01
       897  6.577472E-02
       898  1.182692E-01
       899  6.323886E-02
       900  1.169482E-01
       901  6.812688E-01
       902  4.050340E-01
       903  2.295119E-01
       904  1.362907E-01
       905  1.167478E-01
       906  6.812688E-01
       907  4.050340E-01
       908  2.295119E-01
       909  1.362907E-01
       910  1.167478E-01
       911  4.471858E-02
       912  8.901961E-02
       913  4.721686E-02
       914  8.651029E-02
       915  5.143942E-02
       916  8.796340E-02
       917  6.740672E-02
       918  9.051307E-02
       919  2.298270E-02
       920  2.965638E-02
       921  2.298270E-02
       922  2.965638E-02
       923  6.740672E-02
       924  9.051307E-02
       925  5.143942E-02
       926  8.796340E-02
       927  4.721686E-02
       928  8.651029E-02
       929  4.471858E-02
       930  8.901961E-02
       931  4.050564E-01
       932  2.584658E-01
       933  1.720765E-01
       934  1.258235E-01
       935  1.154512E-01
       936  4.050564E-01
       937  2.584658E-01
       938  1.720765E-01
       939  1.258235E-01
       940  1.154512E-01
       941  3.619493E-02
       942  7.430478E-02
       943  3.793046E-02
       944  6.433944E-02
       945  4.005000E-02
       946  5.947032E-02
       947  5.389161E-02
       948  5.971825E-02
       949  1.668875E-02
       950  1.845308E-02
       951  1.668875E-02
       952  1.845308E-02
       953  5.389161E-02
       954  5.971825E-02
       955  4.005000E-02
       956  5.947032E-02
       957  3.793046E-02
       958  6.433944E-02
       959  3.619493E-02
       960  7.430478E-02
       961  1.867186E-01
       962  1.492105E-01
       963  1.328594E-01
       964  1.193099E-01
       965  1.108852E-01
       966  1.867186E-01
       967  1.492105E-01
       968  1.328594E-01
       969  1.193099E-01
       970  1.108852E-01
       971  4.673194E-02
       972  7.357862E-02
       973  4.838845E-02
       974  5.627904E-02
       975  4.592143E-02
       976  4.437408E-02
       977  5.532500E-02
       978  4.194984E-02
       979  1.155072E-02
       980  1.279147E-02
       981  1.155072E-02
       982  1.279147E-02
       983  5.532500E-02
       984  4.194984E-02
       985  4.592143E-02
       986  4.437408E-02
       987  4.838845E-02
       988  5.627904E-02
       989  4.673194E-02
       990  7.357862E-02
       991  4.970598E-02
       992  7.125327E-02
       993  9.728454E-02
       994  1.143303E-01
       995  1.211652E-01
       996  4.970598E-02
       997  7.125327E-02
       998  9.728454E-02
       999  1.143303E-01
      1000  1.211652E-01
      1001  6.781810E-02
      1002  7.181891E-02
      1003  7.580702E-02
      1004  6.022634E-02
      1005  8.326802E-02
      1006  6.131003E-02
      1007  1.228974E-01
      1008  8.076701E-02
      1009  1.105451E-02
      1010  3.827745E-02
      1011  1.105451E-02
      1012  3.827745E-02
      1013  1.228974E-01
      1014  8.076701E-02
      1015  8.326802E-02
      1016  6.131003E-02
      1017  7.580702E-02
      1018  6.022634E-02
      1019  6.781810E-02
      1020  7.181891E-02
      1021  3.293416E-03
      1022  1.291582E-02
      1023  3.473705E-02
      1024  8.395343E-02
      1025  1.744702E-01
      1026  3.293416E-03
      1027  1.291582E-02
      1028  3.473705E-02
      1029  8.395343E-02
      1030  1.744702E-01
      1031  5.275290E-02
      1032  5.770828E-02
      1033  6.880349E-02
      1034  5.616169E-02
      1035  1.137839E-01
      1036  1.147818E-01
      1037  3.697476E-01
      1038  3.089656E-01
      1039  2.531541E-02
      1040  2.183591E-01
      1041  2.531541E-02
      1042  2.183591E-01
      1043  3.697476E-01
      1044  3.089656E-01
      1045  1.137839E-01
      1046  1.147818E-01
      1047  6.880349E-02
      1048  5.616169E-02
      1049  5.275290E-02
      1050  5.770828E-02

                                INCREMENT     3


 displacements (vx,vy,vz) for set TIP_TOP and time  0.1750000E+00

      1703  8.065307E-02 -2.132846E-03 -2.834374E+00
      1704  8.057919E-02 -2.097569E-03 -2.829462E+00
      1707  8.041402E-02 -1.992286E-03 -2.824651E+00
      1710  8.030873E-02 -1.573507E-03 -2.820341E+00
      1712  8.028683E-02 -6.055715E-04 -2.817677E+00
      1714  8.027896E-02  2.630991E-14 -2.817509E+00
      1716  8.028683E-02  6.055715E-04 -2.817677E+00
      1719  8.030873E-02  1.573507E-03 -2.820341E+00
      1722  8.041402E-02  1.992286E-03 -2.824651E+00
      1725  8.057919E-02  2.097569E-03 -2.829462E+00
      1728  8.065307E-02  2.132846E-03 -2.834374E+00

 forces (fx,fy,fz) for set CLAMP and time  0.1750000E+00

         1  4.430121E+03  3.969114E+03  1.716364E+03
         4  7.993662E+03  2.152841E-09  3.425983E+03
         5  5.892875E+03  6.036562E+03  3.519576E+01
         8  1.036449E+04  1.714292E-09  8.834283E+01
         9  3.956057E+03  3.971984E+03 -1.664197E+02
        12  6.898689E+03  1.893989E-10 -3.158076E+02
        13  2.226572E+03  2.203481E+03 -3.287315E+02
        16  3.869083E+03 -4.859387E-10 -6.384996E+02
        17  5.322320E+02  4.954367E+02 -3.664804E+02
        20  9.093728E+02 -7.967198E-10 -7.189571E+02
        21 -9.385618E+02 -3.744153E+02 -9.569164E+02
        24 -9.997002E+02 -7.398604E-10 -4.522771E+02
        26  4.430121E+03 -3.969114E+03  1.716364E+03
        28  5.892875E+03 -6.036562E+03  3.519576E+01
        30  3.956057E+03 -3.971984E+03 -1.664197E+02
        32  2.226572E+03 -2.203481E+03 -3.287315E+02
        34  5.322320E+02 -4.954367E+02 -3.664804E+02
        36 -9.385618E+02  3.744153E+02 -9.569164E+02
        37 -9.120713E+02 -4.535090E+02 -9.658783E+02
        40 -1.046869E+03 -1.896215E+02 -1.581512E+03
        41 -2.259860E+03 -1.088114E+03 -3.522706E+02
        44 -3.256768E+03 -4.524934E+02 -6.700511E+02
        45 -1.579387E+03 -6.383139E+02  1.188617E+03
        48 -2.664062E+03 -2.633526E+02  2.171453E+03
        50 -8.293738E+02 -1.793996E+02 -1.420119E+03
        52 -3.108913E+03 -3.967204E+02 -6.954543E+02
        54 -2.747355E+03 -2.176772E+02  2.122359E+03
        56 -8.038285E+02 -1.311894E+02 -1.422450E+03
        58 -3.174625E+03 -2.695860E+02 -7.052526E+02
        60 -2.855304E+03 -1.408692E+02  2.177126E+03
        62 -2.233565E+03 -1.032328E+02 -4.528892E+02
        64 -2.003659E+03 -5.049716E+01  1.530422E+03
        66 -1.204671E+03 -1.371291E-09 -2.331347E+02
        68 -1.078234E+03  1.416326E-11  8.270089E+02
        70 -2.233565E+03  1.032328E+02 -4.528892E+02
        72 -2.003659E+03  5.049716E+01  1.530422E+03
        74 -8.038285E+02  1.311894E+02 -1.422450E+03
        76 -3.174625E+03  2.695860E+02 -7.052526E+02
        78 -2.855304E+03  1.408692E+02  2.177126E+03
        80 -8.293738E+02  1.793996E+02 -1.420119E+03
        82 -3.108913E+03  3.967204E+02 -6.954543E+02
        84 -2.747355E+03  2.176772E+02  2.122359E+03
        86 -1.046869E+03  1.896215E+02 -1.581512E+03
        88 -3.256768E+03  4.524934E+02 -6.700511E+02
        90 -2.664062E+03  2.633526E+02  2.171453E+03
        92 -9.120713E+02  4.535090E+02 -9.658783E+02
        94 -2.259860E+03  1.088114E+03 -3.522706E+02
        96 -1.579387E+03  6.383139E+02  1.188617E+03

 internal energy (element, energy) for set EALL and time  0.1750000E+00

         1  5.279247E+01
         2  2.415112E+01
         3  9.661860E+00
         4  2.149780E+00
         5  5.124984E-01
         6  5.279247E+01
         7  2.415112E+01
         8  9.661860E+00
         9  2.149780E+00
        10  5.124984E-01
        11  3.171150E+00
        12  5.690835E+00
        13  2.387531E+00
        14  4.855509E+00
        15  2.274859E+00
        16  4.877145E+00
        17  2.394301E+00
        18  5.079931E+00
        19  9.093782E-01
        20  1.900514E+00
        21  9.093782E-01
        22  1.900514E+00
        23  2.394301E+00
        24  5.079931E+00
        25  2.274859E+00
        26  4.877145E+00
        27  2.387531E+00
        28  4.855509E+00
        29  3.171150E+00
        30  5.690835E+00
        31  5.355277E+01
        32  3.032278E+01
        33  1.232794E+01
        34  2.869637E+00
        35  8.321641E-01
        36  5.355277E+01
        37  3.032278E+01
        38  1.232794E+01
        39  2.869637E+00
        40  8.321641E-01
        41  2.654532E+00
        42  5.505294E+00
        43  2.874941E+00
        44  5.790451E+00
        45  2.861914E+00
        46  5.755147E+00
        47  3.048455E+00
        48  5.946396E+00
        49  1.160261E+00
        50  2.209696E+00
        51  1.160261E+00
        52  2.209696E+00
        53  3.048455E+00
        54  5.946396E+00
        55  2.861914E+00
        56  5.755147E+00
        57  2.874941E+00
        58  5.790451E+00
        59  2.654532E+00
        60  5.505294E+00
        61  5.331669E+01
        62  3.018390E+01
        63  1.316547E+01
        64  3.271735E+00
        65  1.026340E+00
        66  5.331669E+01
        67  3.018390E+01
        68  1.316547E+01
        69  3.271735E+00
        70  1.026340E+00
        71  2.573661E+00
        72  5.575994E+00
        73  2.904373E+00
        74  6.002204E+00
        75  3.080638E+00
        76  6.214343E+00
        77  3.251135E+00
        78  6.385513E+00
        79  1.210981E+00
        80  2.348233E+00
        81  1.210981E+00
        82  2.348233E+00
        83  3.251135E+00
        84  6.385513E+00
        85  3.080638E+00
        86  6.214343E+00
        87  2.904373E+00
        88  6.002204E+00
        89  2.573661E+00
        90  5.575994E+00
        91  6.374703E+01
        92  3.565977E+01
        93  1.563020E+01
        94  4.085926E+00
        95  1.422412E+00
        96  6.374703E+01
        97  3.565977E+01
        98  1.563020E+01
        99  4.085926E+00
       100  1.422412E+00
       101  3.511544E+00
       102  6.553346E+00
       103  3.744211E+00
       104  6.869119E+00
       105  3.937252E+00
       106  7.125588E+00
       107  4.059024E+00
       108  7.258538E+00
       109  1.468860E+00
       110  2.636446E+00
       111  1.468860E+00
       112  2.636446E+00
       113  4.059024E+00
       114  7.258538E+00
       115  3.937252E+00
       116  7.125588E+00
       117  3.744211E+00
       118  6.869119E+00
       119  3.511544E+00
       120  6.553346E+00
       121  6.414396E+01
       122  3.556127E+01
       123  1.548037E+01
       124  4.040162E+00
       125  1.392670E+00
       126  6.414396E+01
       127  3.556127E+01
       128  1.548037E+01
       129  4.040162E+00
       130  1.392670E+00
       131  3.737483E+00
       132  6.824146E+00
       133  3.830439E+00
       134  6.964127E+00
       135  3.924544E+00
       136  7.105243E+00
       137  3.994330E+00
       138  7.172858E+00
       139  1.442539E+00
       140  2.598366E+00
       141  1.442539E+00
       142  2.598366E+00
       143  3.994330E+00
       144  7.172858E+00
       145  3.924544E+00
       146  7.105243E+00
       147  3.830439E+00
       148  6.964127E+00
       149  3.737483E+00
       150  6.824146E+00
       151  6.095025E+01
       152  3.361800E+01
       153  1.457232E+01
       154  3.788433E+00
       155  1.280218E+00
       156  6.095025E+01
       157  3.361800E+01
       158  1.457232E+01
       159  3.788433E+00
       160  1.280218E+00
       161  3.618929E+00
       162  6.688245E+00
       163  3.639292E+00
       164  6.715935E+00
       165  3.672431E+00
       166  6.758217E+00
       167  3.723173E+00
       168  6.776887E+00
       169  1.349948E+00
       170  2.452532E+00
       171  1.349948E+00
       172  2.452532E+00
       173  3.723173E+00
       174  6.776887E+00
       175  3.672431E+00
       176  6.758217E+00
       177  3.639292E+00
       178  6.715935E+00
       179  3.618929E+00
       180  6.688245E+00
       181  5.771491E+01
       182  3.181981E+01
       183  1.378852E+01
       184  3.596056E+00
       185  1.219620E+00
       186  5.771491E+01
       187  3.181981E+01
       188  1.378852E+01
       189  3.596056E+00
       190  1.219620E+00
       191  3.450460E+00
       192  6.407279E+00
       193  3.453560E+00
       194  6.396495E+00
       195  3.467242E+00
       196  6.397309E+00
       197  3.509396E+00
       198  6.396365E+00
       199  1.272487E+00
       200  2.313572E+00
       201  1.272487E+00
       202  2.313572E+00
       203  3.509396E+00
       204  6.396365E+00
       205  3.467242E+00
       206  6.397309E+00
       207  3.453560E+00
       208  6.396495E+00
       209  3.450460E+00
       210  6.407279E+00
       211  5.453593E+01
       212  3.007322E+01
       213  1.304366E+01
       214  3.417860E+00
       215  1.171533E+00
       216  5.453593E+01
       217  3.007322E+01
       218  1.304366E+01
       219  3.417860E+00
       220  1.171533E+00
       221  3.268428E+00
       222  6.062241E+00
       223  3.271553E+00
       224  6.048968E+00
       225  3.281440E+00
       226  6.044410E+00
       227  3.320393E+00
       228  6.041995E+00
       229  1.203007E+00
       230  2.185049E+00
       231  1.203007E+00
       232  2.185049E+00
       233  3.320393E+00
       234  6.041995E+00
       235  3.281440E+00
       236  6.044410E+00
       237  3.271553E+00
       238  6.048968E+00
       239  3.268428E+00
       240  6.062241E+00
       241  5.140892E+01
       242  2.835450E+01
       243  1.231017E+01
       244  3.242415E+00
       245  1.126815E+00
       246  5.140892E+01
       247  2.835450E+01
       248  1.231017E+01
       249  3.242415E+00
       250  1.126815E+00
       251  3.085825E+00
       252  5.704302E+00
       253  3.090995E+00
       254  5.697752E+00
       255  3.101087E+00
       256  5.698835E+00
       257  3.139676E+00
       258  5.700269E+00
       259  1.136847E+00
       260  2.061447E+00
       261  1.136847E+00
       262  2.061447E+00
       263  3.139676E+00
       264  5.700269E+00
       265  3.101087E+00
       266  5.698835E+00
       267  3.090995E+00
       268  5.697752E+00
       269  3.085825E+00
       270  5.704302E+00
       271  4.832575E+01
       272  2.666048E+01
       273  1.158664E+01
       274  3.068958E+00
       275  1.082712E+00
       276  4.832575E+01
       277  2.666048E+01
       278  1.158664E+01
       279  3.068958E+00
       280  1.082712E+00
       281  2.905881E+00
       282  5.352854E+00
       283  2.912164E+00
       284  5.352204E+00
       285  2.922844E+00
       286  5.359068E+00
       287  2.961732E+00
       288  5.364401E+00
       289  1.071947E+00
       290  1.939948E+00
       291  1.071947E+00
       292  1.939948E+00
       293  2.961732E+00
       294  5.364401E+00
       295  2.922844E+00
       296  5.359068E+00
       297  2.912164E+00
       298  5.352204E+00
       299  2.905881E+00
       300  5.352854E+00
       301  4.528720E+01
       302  2.499179E+01
       303  1.087390E+01
       304  2.897751E+00
       305  1.038587E+00
       306  4.528720E+01
       307  2.499179E+01
       308  1.087390E+01
       309  2.897751E+00
       310  1.038587E+00
       311  2.728727E+00
       312  5.012175E+00
       313  2.735364E+00
       314  5.014964E+00
       315  2.746311E+00
       316  5.025475E+00
       317  2.785481E+00
       318  5.033319E+00
       319  1.007814E+00
       320  1.819979E+00
       321  1.007814E+00
       322  1.819979E+00
       323  2.785481E+00
       324  5.033319E+00
       325  2.746311E+00
       326  5.025475E+00
       327  2.735364E+00
       328  5.014964E+00
       329  2.728727E+00
       330  5.012175E+00
       331  4.229810E+01
       332  2.335063E+01
       333  1.017289E+01
       334  2.729048E+00
       335  9.944669E-01
       336  4.229810E+01
       337  2.335063E+01
       338  1.017289E+01
       339  2.729048E+00
       340  9.944669E-01
       341  2.554207E+00
       342  4.681582E+00
       343  2.560885E+00
       344  4.686038E+00
       345  2.571886E+00
       346  4.698385E+00
       347  2.611256E+00
       348  4.707486E+00
       349  9.444897E-01
       350  1.701727E+00
       351  9.444897E-01
       352  1.701727E+00
       353  2.611256E+00
       354  4.707486E+00
       355  2.571886E+00
       356  4.698385E+00
       357  2.560885E+00
       358  4.686038E+00
       359  2.554207E+00
       360  4.681582E+00
       361  3.936435E+01
       362  2.173984E+01
       363  9.484717E+00
       364  2.563064E+00
       365  9.505055E-01
       366  3.936435E+01
       367  2.173984E+01
       368  9.484717E+00
       369  2.563064E+00
       370  9.505055E-01
       371  2.382392E+00
       372  4.359667E+00
       373  2.389043E+00
       374  4.364809E+00
       375  2.400038E+00
       376  4.377921E+00
       377  2.439588E+00
       378  4.387520E+00
       379  8.821341E-01
       380  1.585493E+00
       381  8.821341E-01
       382  1.585493E+00
       383  2.439588E+00
       384  4.387520E+00
       385  2.400038E+00
       386  4.377921E+00
       387  2.389043E+00
       388  4.364809E+00
       389  2.382392E+00
       390  4.359667E+00
       391  3.649158E+01
       392  2.016227E+01
       393  8.810477E+00
       394  2.400029E+00
       395  9.068572E-01
       396  3.649158E+01
       397  2.016227E+01
       398  8.810477E+00
       399  2.400029E+00
       400  9.068572E-01
       401  2.213536E+00
       402  4.045464E+00
       403  2.220178E+00
       404  4.050826E+00
       405  2.231179E+00
       406  4.064192E+00
       407  2.270928E+00
       408  4.073936E+00
       409  8.208908E-01
       410  1.471527E+00
       411  8.208908E-01
       412  1.471527E+00
       413  2.270928E+00
       414  4.073936E+00
       415  2.231179E+00
       416  4.064192E+00
       417  2.220178E+00
       418  4.050826E+00
       419  2.213536E+00
       420  4.045464E+00
       421  3.368488E+01
       422  1.862065E+01
       423  8.151277E+00
       424  2.240205E+00
       425  8.636559E-01
       426  3.368488E+01
       427  1.862065E+01
       428  8.151277E+00
       429  2.240205E+00
       430  8.636559E-01
       431  2.047959E+00
       432  3.738596E+00
       433  2.054619E+00
       434  3.743997E+00
       435  2.065654E+00
       436  3.757421E+00
       437  2.105631E+00
       438  3.767192E+00
       439  7.608783E-01
       440  1.360035E+00
       441  7.608783E-01
       442  1.360035E+00
       443  2.105631E+00
       444  3.767192E+00
       445  2.065654E+00
       446  3.757421E+00
       447  2.054619E+00
       448  3.743997E+00
       449  2.047959E+00
       450  3.738596E+00
       451  3.094901E+01
       452  1.711761E+01
       453  7.508236E+00
       454  2.083884E+00
       455  8.210193E-01
       456  3.094901E+01
       457  1.711761E+01
       458  7.508236E+00
       459  2.083884E+00
       460  8.210193E-01
       461  1.885988E+00
       462  3.439131E+00
       463  1.892687E+00
       464  3.444523E+00
       465  1.903776E+00
       466  3.457963E+00
       467  1.944004E+00
       468  3.467748E+00
       469  7.022021E-01
       470  1.251197E+00
       471  7.022021E-01
       472  1.251197E+00
       473  1.944004E+00
       474  3.467748E+00
       475  1.903776E+00
       476  3.457963E+00
       477  1.892687E+00
       478  3.444523E+00
       479  1.885988E+00
       480  3.439131E+00
       481  2.828863E+01
       482  1.565574E+01
       483  6.882487E+00
       484  1.931367E+00
       485  7.790563E-01
       486  2.828863E+01
       487  1.565574E+01
       488  6.882487E+00
       489  1.931367E+00
       490  7.790563E-01
       491  1.727942E+00
       492  3.147421E+00
       493  1.734691E+00
       494  3.152807E+00
       495  1.745846E+00
       496  3.166273E+00
       497  1.786339E+00
       498  3.176092E+00
       499  6.449655E-01
       500  1.145195E+00
       501  6.449655E-01
       502  1.145195E+00
       503  1.786339E+00
       504  3.176092E+00
       505  1.745846E+00
       506  3.166273E+00
       507  1.734691E+00
       508  3.152807E+00
       509  1.727942E+00
       510  3.147421E+00
       511  2.570850E+01
       512  1.423770E+01
       513  6.275195E+00
       514  1.782967E+00
       515  7.378720E-01
       516  2.570850E+01
       517  1.423770E+01
       518  6.275195E+00
       519  1.782967E+00
       520  7.378720E-01
       521  1.574136E+00
       522  2.863968E+00
       523  1.580940E+00
       524  2.869361E+00
       525  1.592168E+00
       526  2.882873E+00
       527  1.632933E+00
       528  2.892750E+00
       529  5.892750E-01
       530  1.042218E+00
       531  5.892750E-01
       532  1.042218E+00
       533  1.632933E+00
       534  2.892750E+00
       535  1.592168E+00
       536  2.882873E+00
       537  1.580940E+00
       538  2.869361E+00
       539  1.574136E+00
       540  2.863968E+00
       541  2.321356E+01
       542  1.286624E+01
       543  5.687565E+00
       544  1.639004E+00
       545  6.975720E-01
       546  2.321356E+01
       547  1.286624E+01
       548  5.687565E+00
       549  1.639004E+00
       550  6.975720E-01
       551  1.424897E+00
       552  2.589350E+00
       553  1.431757E+00
       554  2.594760E+00
       555  1.443058E+00
       556  2.608331E+00
       557  1.484098E+00
       558  2.618279E+00
       559  5.352434E-01
       560  9.424667E-01
       561  5.352434E-01
       562  9.424667E-01
       563  1.484098E+00
       564  2.618279E+00
       565  1.443058E+00
       566  2.608331E+00
       567  1.431757E+00
       568  2.594760E+00
       569  1.424897E+00
       570  2.589350E+00
       571  2.080901E+01
       572  1.154424E+01
       573  5.120856E+00
       574  1.499809E+00
       575  6.582651E-01
       576  2.080901E+01
       577  1.154424E+01
       578  5.120856E+00
       579  1.499809E+00
       580  6.582651E-01
       581  1.280563E+00
       582  2.324182E+00
       583  1.287478E+00
       584  2.329611E+00
       585  1.298850E+00
       586  2.343246E+00
       587  1.340165E+00
       588  2.353271E+00
       589  4.829904E-01
       590  8.461549E-01
       591  4.829904E-01
       592  8.461549E-01
       593  1.340165E+00
       594  2.353271E+00
       595  1.298850E+00
       596  2.343246E+00
       597  1.287478E+00
       598  2.329611E+00
       599  1.280563E+00
       600  2.324182E+00
       601  1.850033E+01
       602  1.027475E+01
       603  4.576386E+00
       604  1.365725E+00
       605  6.200642E-01
       606  1.850033E+01
       607  1.027475E+01
       608  4.576386E+00
       609  1.365725E+00
       610  6.200642E-01
       611  1.141492E+00
       612  2.069086E+00
       613  1.148460E+00
       614  2.074540E+00
       615  1.159898E+00
       616  2.088244E+00
       617  1.201484E+00
       618  2.098349E+00
       619  4.326433E-01
       620  7.535086E-01
       621  4.326433E-01
       622  7.535086E-01
       623  1.201484E+00
       624  2.098349E+00
       625  1.159898E+00
       626  2.088244E+00
       627  1.148460E+00
       628  2.074540E+00
       629  1.141492E+00
       630  2.069086E+00
       631  1.629333E+01
       632  9.060955E+00
       633  4.055541E+00
       634  1.237108E+00
       635  5.830873E-01
       636  1.629333E+01
       637  9.060955E+00
       638  4.055541E+00
       639  1.237108E+00
       640  5.830873E-01
       641  1.008066E+00
       642  1.824673E+00
       643  1.015080E+00
       644  1.830176E+00
       645  1.026578E+00
       646  1.843974E+00
       647  1.068427E+00
       648  1.854173E+00
       649  3.843382E-01
       650  6.647684E-01
       651  3.843382E-01
       652  6.647684E-01
       653  1.068427E+00
       654  1.854173E+00
       655  1.026578E+00
       656  1.843974E+00
       657  1.015080E+00
       658  1.830176E+00
       659  1.008066E+00
       660  1.824673E+00
       661  1.419418E+01
       662  7.906261E+00
       663  3.559772E+00
       664  1.114325E+00
       665  5.474603E-01
       666  1.419418E+01
       667  7.906261E+00
       668  3.559772E+00
       669  1.114325E+00
       670  5.474603E-01
       671  8.806807E-01
       672  1.591528E+00
       673  8.877311E-01
       674  1.597150E+00
       675  8.992819E-01
       676  1.611110E+00
       677  9.413919E-01
       678  1.621444E+00
       679  3.382230E-01
       680  5.801925E-01
       681  3.382230E-01
       682  5.801925E-01
       683  9.413919E-01
       684  1.621444E+00
       685  8.992819E-01
       686  1.611110E+00
       687  8.877311E-01
       688  1.597150E+00
       689  8.806807E-01
       690  1.591528E+00
       691  1.220948E+01
       692  6.814256E+00
       693  3.090595E+00
       694  9.977526E-01
       695  5.133271E-01
       696  1.220948E+01
       697  6.814256E+00
       698  3.090595E+00
       699  9.977526E-01
       700  5.133271E-01
       701  7.597428E-01
       702  1.370206E+00
       703  7.668149E-01
       704  1.376095E+00
       705  7.784212E-01
       706  1.390368E+00
       707  8.208048E-01
       708  1.400925E+00
       709  2.944606E-01
       710  5.000616E-01
       711  2.944606E-01
       712  5.000616E-01
       713  8.208048E-01
       714  1.400925E+00
       715  7.784212E-01
       716  1.390368E+00
       717  7.668149E-01
       718  1.376095E+00
       719  7.597428E-01
       720  1.370206E+00
       721  1.034625E+01
       722  5.788710E+00
       723  2.649592E+00
       724  8.877958E-01
       725  4.808751E-01
       726  1.034625E+01
       727  5.788710E+00
       728  2.649592E+00
       729  8.877958E-01
       730  4.808751E-01
       731  6.456535E-01
       732  1.161291E+00
       733  6.527317E-01
       734  1.167694E+00
       735  6.644169E-01
       736  1.182535E+00
       737  7.071269E-01
       738  1.193463E+00
       739  2.532348E-01
       740  4.246853E-01
       741  2.532348E-01
       742  4.246853E-01
       743  7.071269E-01
       744  1.193463E+00
       745  6.644169E-01
       746  1.182535E+00
       747  6.527317E-01
       748  1.167694E+00
       749  6.456535E-01
       750  1.161291E+00
       751  8.611790E+00
       752  4.833511E+00
       753  2.238421E+00
       754  7.849372E-01
       755  4.503899E-01
       756  8.611790E+00
       757  4.833511E+00
       758  2.238421E+00
       759  7.849372E-01
       760  4.503899E-01
       761  5.387977E-01
       762  9.655604E-01
       763  5.458749E-01
       764  9.727908E-01
       765  5.577020E-01
       766  9.885298E-01
       767  6.008665E-01
       768  1.000020E+00
       769  2.147538E-01
       770  3.544057E-01
       771  2.147538E-01
       772  3.544057E-01
       773  6.008665E-01
       774  1.000020E+00
       775  5.577020E-01
       776  9.885298E-01
       777  5.458749E-01
       778  9.727908E-01
       779  5.387977E-01
       780  9.655604E-01
       781  7.013288E+00
       782  3.952522E+00
       783  1.858857E+00
       784  6.898503E-01
       785  4.223525E-01
       786  7.013288E+00
       787  3.952522E+00
       788  1.858857E+00
       789  6.898503E-01
       790  4.223525E-01
       791  4.395552E-01
       792  7.843256E-01
       793  4.466498E-01
       794  7.926088E-01
       795  4.587383E-01
       796  8.094976E-01
       797  5.026021E-01
       798  8.216880E-01
       799  1.792476E-01
       800  2.895955E-01
       801  1.792476E-01
       802  2.895955E-01
       803  5.026021E-01
       804  8.216880E-01
       805  4.587383E-01
       806  8.094976E-01
       807  4.466498E-01
       808  7.926088E-01
       809  4.395552E-01
       810  7.843256E-01
       811  5.557144E+00
       812  3.149371E+00
       813  1.512864E+00
       814  6.035906E-01
       815  3.975953E-01
       816  5.557144E+00
       817  3.149371E+00
       818  1.512864E+00
       819  6.035906E-01
       820  3.975953E-01
       821  3.483611E-01
       822  6.199291E-01
       823  3.555435E-01
       824  6.290087E-01
       825  3.680725E-01
       826  6.468579E-01
       827  4.130326E-01
       828  6.596507E-01
       829  1.469477E-01
       830  2.306383E-01
       831  1.469477E-01
       832  2.306383E-01
       833  4.130326E-01
       834  6.596507E-01
       835  3.680725E-01
       836  6.468579E-01
       837  3.555435E-01
       838  6.290087E-01
       839  3.483611E-01
       840  6.199291E-01
       841  4.248315E+00
       842  2.427278E+00
       843  1.202685E+00
       844  5.278092E-01
       845  3.774984E-01
       846  4.248315E+00
       847  2.427278E+00
       848  1.202685E+00
       849  5.278092E-01
       850  3.774984E-01
       851  2.659087E-01
       852  4.761736E-01
       853  2.733134E-01
       854  4.846009E-01
       855  2.864732E-01
       856  5.021534E-01
       857  3.330658E-01
       858  5.149644E-01
       859  1.180426E-01
       860  1.778732E-01
       861  1.180426E-01
       862  1.778732E-01
       863  3.330658E-01
       864  5.149644E-01
       865  2.864732E-01
       866  5.021534E-01
       867  2.733134E-01
       868  4.846009E-01
       869  2.659087E-01
       870  4.761736E-01
       871  3.090431E+00
       872  1.789340E+00
       873  9.311396E-01
       874  4.648529E-01
       875  3.639170E-01
       876  3.090431E+00
       877  1.789340E+00
       878  9.311396E-01
       879  4.648529E-01
       880  3.639170E-01
       881  1.937745E-01
       882  3.583204E-01
       883  2.015378E-01
       884  3.623645E-01
       885  2.152801E-01
       886  3.764246E-01
       887  2.638107E-01
       888  3.878832E-01
       889  9.259403E-02
       890  1.313901E-01
       891  9.259403E-02
       892  1.313901E-01
       893  2.638107E-01
       894  3.878832E-01
       895  2.152801E-01
       896  3.764246E-01
       897  2.015378E-01
       898  3.623645E-01
       899  1.937745E-01
       900  3.583204E-01
       901  2.086573E+00
       902  1.240464E+00
       903  7.028544E-01
       904  4.173541E-01
       905  3.575537E-01
       906  2.086573E+00
       907  1.240464E+00
       908  7.028544E-01
       909  4.173541E-01
       910  3.575537E-01
       911  1.370338E-01
       912  2.727666E-01
       913  1.446834E-01
       914  2.650789E-01
       915  1.576152E-01
       916  2.695260E-01
       917  2.065140E-01
       918  2.773307E-01
       919  7.041626E-02
       920  9.087057E-02
       921  7.041626E-02
       922  9.087057E-02
       923  2.065140E-01
       924  2.773307E-01
       925  1.576152E-01
       926  2.695260E-01
       927  1.446834E-01
       928  2.650789E-01
       929  1.370338E-01
       930  2.727666E-01
       931  1.240642E+00
       932  7.915964E-01
       933  5.269693E-01
       934  3.853086E-01
       935  3.535810E-01
       936  1.240642E+00
       937  7.915964E-01
       938  5.269693E-01
       939  3.853086E-01
       940  3.535810E-01
       941  1.109061E-01
       942  2.276882E-01
       943  1.162206E-01
       944  1.971602E-01
       945  1.227143E-01
       946  1.822412E-01
       947  1.651067E-01
       948  1.829958E-01
       949  5.113434E-02
       950  5.655114E-02
       951  5.113434E-02
       952  5.655114E-02
       953  1.651067E-01
       954  1.829958E-01
       955  1.227143E-01
       956  1.822412E-01
       957  1.162206E-01
       958  1.971602E-01
       959  1.109061E-01
       960  2.276882E-01
       961  5.719315E-01
       962  4.569969E-01
       963  4.068822E-01
       964  3.653715E-01
       965  3.395931E-01
       966  5.719315E-01
       967  4.569969E-01
       968  4.068822E-01
       969  3.653715E-01
       970  3.395931E-01
       971  1.431566E-01
       972  2.254665E-01
       973  1.482298E-01
       974  1.724667E-01
       975  1.406766E-01
       976  1.359900E-01
       977  1.694757E-01
       978  1.285528E-01
       979  3.539185E-02
       980  3.920180E-02
       981  3.539185E-02
       982  3.920180E-02
       983  1.694757E-01
       984  1.285528E-01
       985  1.406766E-01
       986  1.359900E-01
       987  1.482298E-01
       988  1.724667E-01
       989  1.431566E-01
       990  2.254665E-01
       991  1.522661E-01
       992  2.182489E-01
       993  2.979608E-01
       994  3.501406E-01
       995  3.710605E-01
       996  1.522661E-01
       997  2.182489E-01
       998  2.979608E-01
       999  3.501406E-01
      1000  3.710605E-01
      1001  2.077309E-01
      1002  2.200713E-01
      1003  2.322003E-01
      1004  1.845567E-01
      1005  2.550536E-01
      1006  1.878513E-01
      1007  3.764146E-01
      1008  2.474174E-01
      1009  3.386611E-02
      1010  1.172412E-01
      1011  3.386611E-02
      1012  1.172412E-01
      1013  3.764146E-01
      1014  2.474174E-01
      1015  2.550536E-01
      1016  1.878513E-01
      1017  2.322003E-01
      1018  1.845567E-01
      1019  2.077309E-01
      1020  2.200713E-01
      1021  1.009058E-02
      1022  3.956882E-02
      1023  1.064137E-01
      1024  2.571664E-01
      1025  5.343922E-01
      1026  1.009058E-02
      1027  3.956882E-02
      1028  1.064137E-01
      1029  2.571664E-01
      1030  5.343922E-01
      1031  1.615906E-01
      1032  1.768384E-01
      1033  2.107468E-01
      1034  1.720715E-01
      1035  3.485160E-01
      1036  3.515942E-01
      1037  1.132472E+00
      1038  9.463263E-01
      1039  7.753756E-02
      1040  6.688063E-01
      1041  7.753756E-02
      1042  6.688063E-01
      1043  1.132472E+00
      1044  9.463263E-01
      1045  3.485160E-01
      1046  3.515942E-01
      1047  2.107468E-01
      1048  1.720715E-01
      1049  1.615906E-01
      1050  1.768384E-01

                                INCREMENT     4


 displacements (vx,vy,vz) for set TIP_TOP and time  0.2750000E+00

      1703  1.245888E-01 -3.350461E-03 -4.453877E+00
      1704  1.244818E-01 -3.295478E-03 -4.446156E+00
      1707  1.242314E-01 -3.130442E-03 -4.438595E+00
      1710  1.240741E-01 -2.472661E-03 -4.431822E+00
      1712  1.240449E-01 -9.516686E-04 -4.427635E+00
      1714  1.240330E-01 -9.628268E-15 -4.427372E+00
      1716  1.240449E-01  9.516686E-04 -4.427635E+00
      1719  1.240741E-01  2.472661E-03 -4.431822E+00
      1722  1.242314E-01  3.130442E-03 -4.438595E+00
      1725  1.244818E-01  3.295478E-03 -4.446156E+00
      1728  1.245888E-01  3.350461E-03 -4.453877E+00

 forces (fx,fy,fz) for set CLAMP and time  0.2750000E+00

         1  6.961902E+03  6.236047E+03  2.696473E+03
         4  1.256160E+04  3.688044E-11  5.382387E+03
         5  9.260329E+03  9.484521E+03  5.490100E+01
         8  1.628670E+04  1.462755E-10  1.380697E+02
         9  6.216618E+03  6.240847E+03 -2.618903E+02
        12  1.084046E+04  5.184136E-10 -4.969842E+02
        13  3.498789E+03  3.462178E+03 -5.168402E+02
        16  6.079677E+03 -5.369228E-09 -1.003864E+03
        17  8.362871E+02  7.783621E+02 -5.760426E+02
        20  1.428828E+03 -1.908596E-09 -1.130073E+03
        21 -1.474841E+03 -5.884454E+02 -1.503783E+03
        24 -1.570941E+03 -4.804742E-10 -7.108291E+02
        26  6.961902E+03 -6.236047E+03  2.696473E+03
        28  9.260329E+03 -9.484521E+03  5.490100E+01
        30  6.216618E+03 -6.240847E+03 -2.618903E+02
        32  3.498789E+03 -3.462178E+03 -5.168402E+02
        34  8.362871E+02 -7.783621E+02 -5.760426E+02
        36 -1.474841E+03  5.884454E+02 -1.503783E+03
        37 -1.431525E+03 -7.125211E+02 -1.517162E+03
        40 -1.642349E+03 -2.981779E+02 -2.484225E+03
        41 -3.551149E+03 -1.709946E+03 -5.540557E+02
        44 -5.117858E+03 -7.110304E+02 -1.053783E+03
        45 -2.483518E+03 -1.003253E+03  1.868624E+03
        48 -4.189092E+03 -4.136082E+02  3.413582E+03
        50 -1.301712E+03 -2.821114E+02 -2.231044E+03
        52 -4.885510E+03 -6.233629E+02 -1.093343E+03
        54 -4.318821E+03 -3.418114E+02  3.335969E+03
        56 -1.262582E+03 -2.062859E+02 -2.235094E+03
        58 -4.988734E+03 -4.235652E+02 -1.108447E+03
        60 -4.487390E+03 -2.211629E+02  3.421603E+03
        62 -3.509862E+03 -1.621820E+02 -7.117471E+02
        64 -3.148502E+03 -7.926992E+01  2.405041E+03
        66 -1.893040E+03  4.511885E-10 -3.663897E+02
        68 -1.694242E+03 -8.111855E-10  1.299600E+03
        70 -3.509862E+03  1.621820E+02 -7.117471E+02
        72 -3.148502E+03  7.926992E+01  2.405041E+03
        74 -1.262582E+03  2.062859E+02 -2.235094E+03
        76 -4.988734E+03  4.235652E+02 -1.108447E+03
        78 -4.487390E+03  2.211629E+02  3.421603E+03
        80 -1.301712E+03  2.821114E+02 -2.231044E+03
        82 -4.885510E+03  6.233629E+02 -1.093343E+03
        84 -4.318821E+03  3.418114E+02  3.335969E+03
        86 -1.642349E+03  2.981779E+02 -2.484225E+03
        88 -5.117858E+03  7.110304E+02 -1.053783E+03
        90 -4.189092E+03  4.136082E+02  3.413582E+03
        92 -1.431525E+03  7.125211E+02 -1.517162E+03
        94 -3.551149E+03  1.709946E+03 -5.540557E+02
        96 -2.483518E+03  1.003253E+03  1.868624E+03

 internal energy (element, energy) for set EALL and time  0.2750000E+00

         1  1.303489E+02
         2  5.963011E+01
         3  2.385506E+01
         4  5.307562E+00
         5  1.265609E+00
         6  1.303489E+02
         7  5.963011E+01
         8  2.385506E+01
         9  5.307562E+00
        10  1.265609E+00
        11  7.828588E+00
        12  1.405946E+01
        13  5.895006E+00
        14  1.199451E+01
        15  5.617354E+00
        16  1.204578E+01
        17  5.912498E+00
        18  1.254487E+01
        19  2.245647E+00
        20  4.693076E+00
        21  2.245647E+00
        22  4.693076E+00
        23  5.912498E+00
        24  1.254487E+01
        25  5.617354E+00
        26  1.204578E+01
        27  5.895006E+00
        28  1.199451E+01
        29  7.828588E+00
        30  1.405946E+01
        31  1.322296E+02
        32  7.486695E+01
        33  3.043566E+01
        34  7.083830E+00
        35  2.054984E+00
        36  1.322296E+02
        37  7.486695E+01
        38  3.043566E+01
        39  7.083830E+00
        40  2.054984E+00
        41  6.555520E+00
        42  1.359593E+01
        43  7.100069E+00
        44  1.429932E+01
        45  7.067878E+00
        46  1.421183E+01
        47  7.528378E+00
        48  1.468420E+01
        49  2.865303E+00
        50  5.456798E+00
        51  2.865303E+00
        52  5.456798E+00
        53  7.528378E+00
        54  1.468420E+01
        55  7.067878E+00
        56  1.421183E+01
        57  7.100069E+00
        58  1.429932E+01
        59  6.555520E+00
        60  1.359593E+01
        61  1.316495E+02
        62  7.452494E+01
        63  3.250315E+01
        64  8.076180E+00
        65  2.534482E+00
        66  1.316495E+02
        67  7.452494E+01
        68  3.250315E+01
        69  8.076180E+00
        70  2.534482E+00
        71  6.356474E+00
        72  1.376778E+01
        73  7.173087E+00
        74  1.482042E+01
        75  7.608293E+00
        76  1.534484E+01
        77  8.029332E+00
        78  1.576836E+01
        79  2.990628E+00
        80  5.798969E+00
        81  2.990628E+00
        82  5.798969E+00
        83  8.029332E+00
        84  1.576836E+01
        85  7.608293E+00
        86  1.534484E+01
        87  7.173087E+00
        88  1.482042E+01
        89  6.356474E+00
        90  1.376778E+01
        91  1.574037E+02
        92  8.804533E+01
        93  3.858827E+01
        94  1.008610E+01
        95  3.512553E+00
        96  1.574037E+02
        97  8.804533E+01
        98  3.858827E+01
        99  1.008610E+01
       100  3.512553E+00
       101  8.672839E+00
       102  1.618082E+01
       103  9.247142E+00
       104  1.696103E+01
       105  9.723764E+00
       106  1.759511E+01
       107  1.002472E+01
       108  1.792435E+01
       109  3.627521E+00
       110  6.510742E+00
       111  3.627521E+00
       112  6.510742E+00
       113  1.002472E+01
       114  1.792435E+01
       115  9.723764E+00
       116  1.759511E+01
       117  9.247142E+00
       118  1.696103E+01
       119  8.672839E+00
       120  1.618082E+01
       121  1.583830E+02
       122  8.780218E+01
       123  3.821862E+01
       124  9.973322E+00
       125  3.439186E+00
       126  1.583830E+02
       127  8.780218E+01
       128  3.821862E+01
       129  9.973322E+00
       130  3.439186E+00
       131  9.230807E+00
       132  1.685004E+01
       133  9.460060E+00
       134  1.719608E+01
       135  9.692353E+00
       136  1.754518E+01
       137  9.864988E+00
       138  1.771289E+01
       139  3.562541E+00
       140  6.416696E+00
       141  3.562541E+00
       142  6.416696E+00
       143  9.864988E+00
       144  1.771289E+01
       145  9.692353E+00
       146  1.754518E+01
       147  9.460060E+00
       148  1.719608E+01
       149  9.230807E+00
       150  1.685004E+01
       151  1.504963E+02
       152  8.300413E+01
       153  3.597699E+01
       154  9.352038E+00
       155  3.161456E+00
       156  1.504963E+02
       157  8.300413E+01
       158  3.597699E+01
       159  9.352038E+00
       160  3.161456E+00
       161  8.937970E+00
       162  1.651527E+01
       163  8.987961E+00
       164  1.658379E+01
       165  9.069683E+00
       166  1.668856E+01
       167  9.195128E+00
       168  1.673510E+01
       169  3.333869E+00
       170  6.056492E+00
       171  3.333869E+00
       172  6.056492E+00
       173  9.195128E+00
       174  1.673510E+01
       175  9.069683E+00
       176  1.668856E+01
       177  8.987961E+00
       178  1.658379E+01
       179  8.937970E+00
       180  1.651527E+01
       181  1.425074E+02
       182  7.856433E+01
       183  3.404200E+01
       184  8.877205E+00
       185  3.011743E+00
       186  1.425074E+02
       187  7.856433E+01
       188  3.404200E+01
       189  8.877205E+00
       190  3.011743E+00
       191  8.521879E+00
       192  1.582220E+01
       193  8.529241E+00
       194  1.579549E+01
       195  8.562879E+00
       196  1.579759E+01
       197  8.666958E+00
       198  1.579543E+01
       199  3.142556E+00
       200  5.713271E+00
       201  3.142556E+00
       202  5.713271E+00
       203  8.666958E+00
       204  1.579543E+01
       205  8.562879E+00
       206  1.579759E+01
       207  8.529241E+00
       208  1.579549E+01
       209  8.521879E+00
       210  1.582220E+01
       211  1.346580E+02
       212  7.425206E+01
       213  3.220318E+01
       214  8.437354E+00
       215  2.892946E+00
       216  1.346580E+02
       217  7.425206E+01
       218  3.220318E+01
       219  8.437354E+00
       220  2.892946E+00
       221  8.072311E+00
       222  1.497069E+01
       223  8.079737E+00
       224  1.493769E+01
       225  8.103979E+00
       226  1.492633E+01
       227  8.200065E+00
       228  1.492037E+01
       229  2.970962E+00
       230  5.395868E+00
       231  2.970962E+00
       232  5.395868E+00
       233  8.200065E+00
       234  1.492037E+01
       235  8.103979E+00
       236  1.492633E+01
       237  8.079737E+00
       238  1.493769E+01
       239  8.072311E+00
       240  1.497069E+01
       241  1.269372E+02
       242  7.000869E+01
       243  3.039242E+01
       244  8.004293E+00
       245  2.782496E+00
       246  1.269372E+02
       247  7.000869E+01
       248  3.039242E+01
       249  8.004293E+00
       250  2.782496E+00
       251  7.621342E+00
       252  1.408712E+01
       253  7.633829E+00
       254  1.407065E+01
       255  7.658574E+00
       256  1.407312E+01
       257  7.753726E+00
       258  1.407657E+01
       259  2.807579E+00
       260  5.090646E+00
       261  2.807579E+00
       262  5.090646E+00
       263  7.753726E+00
       264  1.407657E+01
       265  7.658574E+00
       266  1.407312E+01
       267  7.633829E+00
       268  1.407065E+01
       269  7.621342E+00
       270  1.408712E+01
       271  1.193248E+02
       272  6.582638E+01
       273  2.860627E+01
       274  7.576142E+00
       275  2.673582E+00
       276  1.193248E+02
       277  6.582638E+01
       278  2.860627E+01
       279  7.576142E+00
       280  2.673582E+00
       281  7.176948E+00
       282  1.321943E+01
       283  7.192200E+00
       284  1.321750E+01
       285  7.218403E+00
       286  1.323421E+01
       287  7.314292E+00
       288  1.324726E+01
       289  2.647317E+00
       290  4.790640E+00
       291  2.647317E+00
       292  4.790640E+00
       293  7.314292E+00
       294  1.324726E+01
       295  7.218403E+00
       296  1.323421E+01
       297  7.192200E+00
       298  1.321750E+01
       299  7.176948E+00
       300  1.321943E+01
       301  1.118226E+02
       302  6.170661E+01
       303  2.684673E+01
       304  7.153545E+00
       305  2.564628E+00
       306  1.118226E+02
       307  6.170661E+01
       308  2.684673E+01
       309  7.153545E+00
       310  2.564628E+00
       311  6.739446E+00
       312  1.237823E+01
       313  6.755598E+00
       314  1.238481E+01
       315  6.782474E+00
       316  1.241053E+01
       317  6.879069E+00
       318  1.242977E+01
       319  2.488949E+00
       320  4.494421E+00
       321  2.488949E+00
       322  4.494421E+00
       323  6.879069E+00
       324  1.242977E+01
       325  6.782474E+00
       326  1.241053E+01
       327  6.755598E+00
       328  1.238481E+01
       329  6.739446E+00
       330  1.237823E+01
       331  1.044425E+02
       332  5.765480E+01
       333  2.511617E+01
       334  6.737128E+00
       335  2.455693E+00
       336  1.044425E+02
       337  5.765480E+01
       338  2.511617E+01
       339  6.737128E+00
       340  2.455693E+00
       341  6.308453E+00
       342  1.156189E+01
       343  6.324728E+00
       344  1.157262E+01
       345  6.351754E+00
       346  1.160288E+01
       347  6.448856E+00
       348  1.162524E+01
       349  2.332582E+00
       350  4.202441E+00
       351  2.332582E+00
       352  4.202441E+00
       353  6.448856E+00
       354  1.162524E+01
       355  6.351754E+00
       356  1.160288E+01
       357  6.324728E+00
       358  1.157262E+01
       359  6.308453E+00
       360  1.156189E+01
       361  9.719900E+01
       362  5.367793E+01
       363  2.341728E+01
       364  6.327418E+00
       365  2.347151E+00
       366  9.719900E+01
       367  5.367793E+01
       368  2.341728E+01
       369  6.327418E+00
       370  2.347151E+00
       371  5.884142E+00
       372  1.076696E+01
       373  5.900374E+00
       374  1.077941E+01
       375  5.927400E+00
       376  1.081159E+01
       377  6.024961E+00
       378  1.083520E+01
       379  2.178606E+00
       380  3.915442E+00
       381  2.178606E+00
       382  3.915442E+00
       383  6.024961E+00
       384  1.083520E+01
       385  5.927400E+00
       386  1.081159E+01
       387  5.900374E+00
       388  1.077941E+01
       389  5.884142E+00
       390  1.076696E+01
       391  9.010600E+01
       392  4.978307E+01
       393  2.175276E+01
       394  5.924983E+00
       395  2.239382E+00
       396  9.010600E+01
       397  4.978307E+01
       398  2.175276E+01
       399  5.924983E+00
       400  2.239382E+00
       401  5.467138E+00
       402  9.991070E+00
       403  5.483366E+00
       404  1.000409E+01
       405  5.510422E+00
       406  1.003692E+01
       407  5.608487E+00
       408  1.006090E+01
       409  2.027374E+00
       410  3.634043E+00
       411  2.027374E+00
       412  3.634043E+00
       413  5.608487E+00
       414  1.006090E+01
       415  5.510422E+00
       416  1.003692E+01
       417  5.483366E+00
       418  1.000409E+01
       419  5.467138E+00
       420  9.991070E+00
       421  8.317608E+01
       422  4.597692E+01
       423  2.012537E+01
       424  5.530471E+00
       425  2.132715E+00
       426  8.317608E+01
       427  4.597692E+01
       428  2.012537E+01
       429  5.530471E+00
       430  2.132715E+00
       431  5.058230E+00
       432  9.233284E+00
       433  5.074524E+00
       434  9.246428E+00
       435  5.101675E+00
       436  9.279430E+00
       437  5.200314E+00
       438  9.303482E+00
       439  1.879181E+00
       440  3.358745E+00
       441  1.879181E+00
       442  3.358745E+00
       443  5.200314E+00
       444  9.303482E+00
       445  5.101675E+00
       446  9.279430E+00
       447  5.074524E+00
       448  9.246428E+00
       449  5.058230E+00
       450  9.233284E+00
       451  7.642100E+01
       452  4.226598E+01
       453  1.853784E+01
       454  5.144598E+00
       455  2.027442E+00
       456  7.642100E+01
       457  4.226598E+01
       458  1.853784E+01
       459  5.144598E+00
       460  2.027442E+00
       461  4.658226E+00
       462  8.493779E+00
       463  4.674634E+00
       464  8.506927E+00
       465  4.701930E+00
       466  8.539986E+00
       467  4.801197E+00
       468  8.564081E+00
       469  1.734286E+00
       470  3.089998E+00
       471  1.734286E+00
       472  3.089998E+00
       473  4.801197E+00
       474  8.564081E+00
       475  4.701930E+00
       476  8.539986E+00
       477  4.674634E+00
       478  8.506927E+00
       479  4.658226E+00
       480  8.493779E+00
       481  6.985226E+01
       482  3.865665E+01
       483  1.699299E+01
       484  4.768113E+00
       485  1.923831E+00
       486  6.985226E+01
       487  3.865665E+01
       488  1.699299E+01
       489  4.768113E+00
       490  1.923831E+00
       491  4.267911E+00
       492  7.773419E+00
       493  4.284459E+00
       494  7.786575E+00
       495  4.311931E+00
       496  7.819716E+00
       497  4.411860E+00
       498  7.843905E+00
       499  1.592945E+00
       500  2.828251E+00
       501  1.592945E+00
       502  2.828251E+00
       503  4.411860E+00
       504  7.843905E+00
       505  4.311931E+00
       506  7.819716E+00
       507  4.284459E+00
       508  7.786575E+00
       509  4.267911E+00
       510  7.773419E+00
       511  6.348160E+01
       512  3.515551E+01
       513  1.549368E+01
       514  4.401784E+00
       515  1.822141E+00
       516  6.348160E+01
       517  3.515551E+01
       518  1.549368E+01
       519  4.401784E+00
       520  1.822141E+00
       521  3.888069E+00
       522  7.073445E+00
       523  3.904767E+00
       524  7.086639E+00
       525  3.932427E+00
       526  7.119910E+00
       527  4.033037E+00
       528  7.144246E+00
       529  1.455420E+00
       530  2.573971E+00
       531  1.455420E+00
       532  2.573971E+00
       533  4.033037E+00
       534  7.144246E+00
       535  3.932427E+00
       536  7.119910E+00
       537  3.904767E+00
       538  7.086639E+00
       539  3.888069E+00
       540  7.073445E+00
       541  5.732125E+01
       542  3.176933E+01
       543  1.404290E+01
       544  4.046401E+00
       545  1.722633E+00
       546  5.732125E+01
       547  3.176933E+01
       548  1.404290E+01
       549  4.046401E+00
       550  1.722633E+00
       551  3.519501E+00
       552  6.395285E+00
       553  3.536350E+00
       554  6.408537E+00
       555  3.564200E+00
       556  6.441968E+00
       557  3.665498E+00
       558  6.466486E+00
       559  1.321990E+00
       560  2.327653E+00
       561  1.321990E+00
       562  2.327653E+00
       563  3.665498E+00
       564  6.466486E+00
       565  3.564200E+00
       566  6.441968E+00
       567  3.536350E+00
       568  6.408537E+00
       569  3.519501E+00
       570  6.395285E+00
       571  5.138403E+01
       572  2.850526E+01
       573  1.264376E+01
       574  3.702783E+00
       575  1.625576E+00
       576  5.138403E+01
       577  2.850526E+01
       578  1.264376E+01
       579  3.702783E+00
       580  1.625576E+00
       581  3.163043E+00
       582  5.740454E+00
       583  3.180042E+00
       584  5.753770E+00
       585  3.208076E+00
       586  5.787371E+00
       587  3.310058E+00
       588  5.812084E+00
       589  1.192951E+00
       590  2.089824E+00
       591  1.192951E+00
       592  2.089824E+00
       593  3.310058E+00
       594  5.812084E+00
       595  3.208076E+00
       596  5.787371E+00
       597  3.180042E+00
       598  5.753770E+00
       599  3.163043E+00
       600  5.740454E+00
       601  4.568349E+01
       602  2.537078E+01
       603  1.129950E+01
       604  3.371779E+00
       605  1.531248E+00
       606  4.568349E+01
       607  2.537078E+01
       608  1.129950E+01
       609  3.371779E+00
       610  1.531248E+00
       611  2.819583E+00
       612  5.110488E+00
       613  2.836724E+00
       614  5.123881E+00
       615  2.864928E+00
       616  5.157664E+00
       617  2.967584E+00
       618  5.182581E+00
       619  1.068617E+00
       620  1.861044E+00
       621  1.068617E+00
       622  1.861044E+00
       623  2.967584E+00
       624  5.182581E+00
       625  2.864928E+00
       626  5.157664E+00
       627  2.836724E+00
       628  5.123881E+00
       629  2.819583E+00
       630  5.110488E+00
       631  4.023396E+01
       632  2.237381E+01
       633  1.001356E+01
       634  3.054267E+00
       635  1.439942E+00
       636  4.023396E+01
       637  2.237381E+01
       638  1.001356E+01
       639  3.054267E+00
       640  1.439942E+00
       641  2.490058E+00
       642  4.506898E+00
       643  2.507324E+00
       644  4.520426E+00
       645  2.535682E+00
       646  4.554449E+00
       647  2.638995E+00
       648  4.579603E+00
       649  9.493241E-01
       650  1.641906E+00
       651  9.493241E-01
       652  1.641906E+00
       653  2.638995E+00
       654  4.579603E+00
       655  2.535682E+00
       656  4.554449E+00
       657  2.507324E+00
       658  4.520426E+00
       659  2.490058E+00
       660  4.506898E+00
       661  3.505070E+01
       662  1.952273E+01
       663  8.789518E+00
       664  2.751152E+00
       665  1.351968E+00
       666  3.505070E+01
       667  1.952273E+01
       668  8.789518E+00
       669  2.751152E+00
       670  1.351968E+00
       671  2.175451E+00
       672  3.931125E+00
       673  2.192815E+00
       674  3.944960E+00
       675  2.221310E+00
       676  3.979393E+00
       677  2.325272E+00
       678  4.004885E+00
       679  8.354375E-01
       680  1.433048E+00
       681  8.354375E-01
       682  1.433048E+00
       683  2.325272E+00
       684  4.004885E+00
       685  2.221310E+00
       686  3.979393E+00
       687  2.192815E+00
       688  3.944960E+00
       689  2.175451E+00
       690  3.931125E+00
       691  3.015000E+01
       692  1.682641E+01
       693  7.631117E+00
       694  2.463367E+00
       695  1.267682E+00
       696  3.015000E+01
       697  1.682641E+01
       698  7.631117E+00
       699  2.463367E+00
       700  1.267682E+00
       701  1.876763E+00
       702  3.384545E+00
       703  1.894188E+00
       704  3.399049E+00
       705  1.922826E+00
       706  3.434263E+00
       707  2.027468E+00
       708  3.460309E+00
       709  7.273597E-01
       710  1.235164E+00
       711  7.273597E-01
       712  1.235164E+00
       713  2.027468E+00
       714  3.460309E+00
       715  1.922826E+00
       716  3.434263E+00
       717  1.894188E+00
       718  3.399049E+00
       719  1.876763E+00
       720  3.384545E+00
       721  2.554919E+01
       722  1.429416E+01
       723  6.542266E+00
       724  2.191911E+00
       725  1.187545E+00
       726  2.554919E+01
       727  1.429416E+01
       728  6.542266E+00
       729  2.191911E+00
       730  1.187545E+00
       731  1.594985E+00
       732  2.868596E+00
       733  1.612433E+00
       734  2.884377E+00
       735  1.641269E+00
       736  2.920998E+00
       737  1.746721E+00
       738  2.947966E+00
       739  6.255442E-01
       740  1.049017E+00
       741  6.255442E-01
       742  1.049017E+00
       743  1.746721E+00
       744  2.947966E+00
       745  1.641269E+00
       746  2.920998E+00
       747  1.612433E+00
       748  2.884377E+00
       749  1.594985E+00
       750  2.868596E+00
       751  2.126631E+01
       752  1.193558E+01
       753  5.527058E+00
       754  1.937976E+00
       755  1.112264E+00
       756  2.126631E+01
       757  1.193558E+01
       758  5.527058E+00
       759  1.937976E+00
       760  1.112264E+00
       761  1.331068E+00
       762  2.385198E+00
       763  1.348519E+00
       764  2.403030E+00
       765  1.377709E+00
       766  2.441875E+00
       767  1.484285E+00
       768  2.470230E+00
       769  5.305053E-01
       770  8.754517E-01
       771  5.305053E-01
       772  8.754517E-01
       773  1.484285E+00
       774  2.470230E+00
       775  1.377709E+00
       776  2.441875E+00
       777  1.348519E+00
       778  2.403030E+00
       779  1.331068E+00
       780  2.385198E+00
       781  1.731911E+01
       782  9.760219E+00
       783  4.589880E+00
       784  1.703225E+00
       785  1.043025E+00
       786  1.731911E+01
       787  9.760219E+00
       788  4.589880E+00
       789  1.703225E+00
       790  1.043025E+00
       791  1.085950E+00
       792  1.937591E+00
       793  1.103449E+00
       794  1.958028E+00
       795  1.133286E+00
       796  1.999715E+00
       797  1.241590E+00
       798  2.029803E+00
       799  4.428108E-01
       800  7.153891E-01
       801  4.428108E-01
       802  7.153891E-01
       803  1.241590E+00
       804  2.029803E+00
       805  1.133286E+00
       806  1.999715E+00
       807  1.103449E+00
       808  1.958028E+00
       809  1.085950E+00
       810  1.937591E+00
       811  1.372339E+01
       812  7.777034E+00
       813  3.735583E+00
       814  1.490265E+00
       815  9.818847E-01
       816  1.372339E+01
       817  7.777034E+00
       818  3.735583E+00
       819  1.490265E+00
       820  9.818847E-01
       821  8.607046E-01
       822  1.531556E+00
       823  8.784236E-01
       824  1.553965E+00
       825  9.093505E-01
       826  1.598027E+00
       827  1.020361E+00
       828  1.629604E+00
       829  3.630327E-01
       830  5.697764E-01
       831  3.630327E-01
       832  5.697764E-01
       833  1.020361E+00
       834  1.629604E+00
       835  9.093505E-01
       836  1.598027E+00
       837  8.784236E-01
       838  1.553965E+00
       839  8.607046E-01
       840  1.531556E+00
       841  1.049141E+01
       842  5.993979E+00
       843  2.969706E+00
       844  1.303174E+00
       845  9.322502E-01
       846  1.049141E+01
       847  5.993979E+00
       848  2.969706E+00
       849  1.303174E+00
       850  9.322502E-01
       851  6.570413E-01
       852  1.176486E+00
       853  6.753128E-01
       854  1.197289E+00
       855  7.077996E-01
       856  1.240622E+00
       857  8.228409E-01
       858  1.272244E+00
       859  2.916366E-01
       860  4.394519E-01
       861  2.916366E-01
       862  4.394519E-01
       863  8.228409E-01
       864  1.272244E+00
       865  7.077996E-01
       866  1.240622E+00
       867  6.753128E-01
       868  1.197289E+00
       869  6.570413E-01
       870  1.176486E+00
       871  7.632131E+00
       872  4.418708E+00
       873  2.299211E+00
       874  1.147747E+00
       875  8.987036E-01
       876  7.632131E+00
       877  4.418708E+00
       878  2.299211E+00
       879  1.147747E+00
       880  8.987036E-01
       881  4.788508E-01
       882  8.853781E-01
       883  4.980118E-01
       884  8.953593E-01
       885  5.319406E-01
       886  9.300707E-01
       887  6.517701E-01
       888  9.583541E-01
       889  2.287749E-01
       890  3.246391E-01
       891  2.287749E-01
       892  3.246391E-01
       893  6.517701E-01
       894  9.583541E-01
       895  5.319406E-01
       896  9.300707E-01
       897  4.980118E-01
       898  8.953593E-01
       899  4.788508E-01
       900  8.853781E-01
       901  5.153166E+00
       902  3.063338E+00
       903  1.735531E+00
       904  1.030487E+00
       905  8.829812E-01
       906  5.153166E+00
       907  3.063338E+00
       908  1.735531E+00
       909  1.030487E+00
       910  8.829812E-01
       911  3.386623E-01
       912  6.740388E-01
       913  3.575480E-01
       914  6.550457E-01
       915  3.894821E-01
       916  6.660170E-01
       917  5.102283E-01
       918  6.852776E-01
       919  1.739891E-01
       920  2.245519E-01
       921  1.739891E-01
       922  2.245519E-01
       923  5.102283E-01
       924  6.852776E-01
       925  3.894821E-01
       926  6.660170E-01
       927  3.575480E-01
       928  6.550457E-01
       929  3.386623E-01
       930  6.740388E-01
       931  3.064137E+00
       932  1.954902E+00
       933  1.301239E+00
       934  9.513891E-01
       935  8.731647E-01
       936  3.064137E+00
       937  1.954902E+00
       938  1.301239E+00
       939  9.513891E-01
       940  8.731647E-01
       941  2.740639E-01
       942  5.626762E-01
       943  2.871860E-01
       944  4.872608E-01
       945  3.032300E-01
       946  4.503963E-01
       947  4.079210E-01
       948  4.522443E-01
       949  1.263526E-01
       950  1.397734E-01
       951  1.263526E-01
       952  1.397734E-01
       953  4.079210E-01
       954  4.522443E-01
       955  3.032300E-01
       956  4.503963E-01
       957  2.871860E-01
       958  4.872608E-01
       959  2.740639E-01
       960  5.626762E-01
       961  1.412665E+00
       962  1.128631E+00
       963  1.004748E+00
       964  9.021923E-01
       965  8.386085E-01
       966  1.412665E+00
       967  1.128631E+00
       968  1.004748E+00
       969  9.021923E-01
       970  8.386085E-01
       971  3.536402E-01
       972  5.571972E-01
       973  3.661680E-01
       974  4.262552E-01
       975  3.475235E-01
       976  3.361219E-01
       977  4.186414E-01
       978  3.177139E-01
       979  8.745449E-02
       980  9.689617E-02
       981  8.745449E-02
       982  9.689617E-02
       983  4.186414E-01
       984  3.177139E-01
       985  3.475235E-01
       986  3.361219E-01
       987  3.661680E-01
       988  4.262552E-01
       989  3.536402E-01
       990  5.571972E-01
       991  3.761396E-01
       992  5.390576E-01
       993  7.358672E-01
       994  8.646447E-01
       995  9.162638E-01
       996  3.761396E-01
       997  5.390576E-01
       998  7.358672E-01
       999  8.646447E-01
      1000  9.162638E-01
      1001  5.130918E-01
      1002  5.438544E-01
      1003  5.735270E-01
      1004  4.561149E-01
      1005  6.299738E-01
      1006  4.641706E-01
      1007  9.296473E-01
      1008  6.111935E-01
      1009  8.366689E-02
      1010  2.895674E-01
      1011  8.366689E-02
      1012  2.895674E-01
      1013  9.296473E-01
      1014  6.111935E-01
      1015  6.299738E-01
      1016  4.641706E-01
      1017  5.735270E-01
      1018  4.561149E-01
      1019  5.130918E-01
      1020  5.438544E-01
      1021  2.493228E-02
      1022  9.775702E-02
      1023  2.628797E-01
      1024  6.352361E-01
      1025  1.319873E+00
      1026  2.493228E-02
      1027  9.775702E-02
      1028  2.628797E-01
      1029  6.352361E-01
      1030  1.319873E+00
      1031  3.991438E-01
      1032  4.370337E-01
      1033  5.205334E-01
      1034  4.251616E-01
      1035  8.607930E-01
      1036  8.684668E-01
      1037  2.796903E+00
      1038  2.337232E+00
      1039  1.914999E-01
      1040  1.651805E+00
      1041  1.914999E-01
      1042  1.651805E+00
      1043  2.796903E+00
      1044  2.337232E+00
      1045  8.607930E-01
      1046  8.684668E-01
      1047  5.205334E-01
      1048  4.251616E-01
      1049  3.991438E-01
      1050  4.370337E-01

                                INCREMENT     5


 displacements (vx,vy,vz) for set TIP_TOP and time  0.3750000E+00

      1703  1.669601E-01 -4.567228E-03 -6.073269E+00
      1704  1.668265E-01 -4.492870E-03 -6.062740E+00
      1707  1.664975E-01 -4.268379E-03 -6.052428E+00
      1710  1.662942E-01 -3.371814E-03 -6.043192E+00
      1712  1.662614E-01 -1.297805E-03 -6.037482E+00
      1714  1.662457E-01 -2.417351E-15 -6.037123E+00
      1716  1.662614E-01  1.297805E-03 -6.037482E+00
      1719  1.662942E-01  3.371814E-03 -6.043192E+00
      1722  1.664975E-01  4.268379E-03 -6.052428E+00
      1725  1.668265E-01  4.492870E-03 -6.062740E+00
      1728  1.669601E-01  4.567228E-03 -6.073269E+00

 forces (fx,fy,fz) for set CLAMP and time  0.3750000E+00

         1  9.493882E+03  8.502151E+03  3.676091E+03
         4  1.712962E+04  1.524220E-09  7.337838E+03
         5  1.262784E+04  1.293138E+04  7.431047E+01
         8  2.220863E+04  3.990457E-10  1.872475E+02
         9  8.477141E+03  8.509093E+03 -3.576323E+02
        12  1.478197E+04  1.262561E-10 -6.786804E+02
        13  4.770920E+03  4.720555E+03 -7.051389E+02
        16  8.290039E+03 -7.201973E-10 -1.369597E+03
        17  1.140285E+03  1.061155E+03 -7.857095E+02
        20  1.948146E+03 -2.852045E-09 -1.541394E+03
        21 -2.011088E+03 -8.025321E+02 -2.050689E+03
        24 -2.142170E+03  2.901370E-10 -9.694589E+02
        26  9.493882E+03 -8.502151E+03  3.676091E+03
        28  1.262784E+04 -1.293138E+04  7.431047E+01
        30  8.477141E+03 -8.509093E+03 -3.576323E+02
        32  4.770920E+03 -4.720555E+03 -7.051389E+02
        34  1.140285E+03 -1.061155E+03 -7.857095E+02
        36 -2.011088E+03  8.025321E+02 -2.050689E+03
        37 -1.949719E+03 -9.714337E+02 -2.067972E+03
        40 -2.235844E+03 -4.068804E+02 -3.386204E+03
        41 -4.842392E+03 -2.331812E+03 -7.561944E+02
        44 -6.979000E+03 -9.695448E+02 -1.438127E+03
        45 -3.388826E+03 -1.368328E+03  2.549209E+03
        48 -5.716086E+03 -5.636950E+02  4.656651E+03
        50 -1.772894E+03 -3.849667E+02 -3.041551E+03
        52 -6.662156E+03 -8.499653E+02 -1.491584E+03
        54 -5.891407E+03 -4.657619E+02  4.550181E+03
        56 -1.720916E+03 -2.814777E+02 -3.047600E+03
        58 -6.802864E+03 -5.774935E+02 -1.511781E+03
        60 -6.119822E+03 -3.013090E+02  4.666372E+03
        62 -4.786136E+03 -2.211014E+02 -9.706509E+02
        64 -4.293265E+03 -1.079825E+02  3.279725E+03
        66 -2.581397E+03  2.621687E-10 -4.996698E+02
        68 -2.310156E+03  4.045973E-10  1.772202E+03
        70 -4.786136E+03  2.211014E+02 -9.706509E+02
        72 -4.293265E+03  1.079825E+02  3.279725E+03
        74 -1.720916E+03  2.814777E+02 -3.047600E+03
        76 -6.802864E+03  5.774935E+02 -1.511781E+03
        78 -6.119822E+03  3.013090E+02  4.666372E+03
        80 -1.772894E+03  3.849667E+02 -3.041551E+03
        82 -6.662156E+03  8.499653E+02 -1.491584E+03
        84 -5.891407E+03  4.657619E+02  4.550181E+03
        86 -2.235844E+03  4.068804E+02 -3.386204E+03
        88 -6.979000E+03  9.695448E+02 -1.438127E+03
        90 -5.716086E+03  5.636950E+02  4.656651E+03
        92 -1.949719E+03  9.714337E+02 -2.067972E+03
        94 -4.842392E+03  2.331812E+03 -7.561944E+02
        96 -3.388826E+03  1.368328E+03  2.549209E+03

 internal energy (element, energy) for set EALL and time  0.3750000E+00

         1  2.423531E+02
         2  1.108665E+02
         3  4.435133E+01
         4  9.867406E+00
         5  2.353499E+00
         6  2.423531E+02
         7  1.108665E+02
         8  4.435133E+01
         9  9.867406E+00
        10  2.353499E+00
        11  1.455318E+01
        12  2.615586E+01
        13  1.096042E+01
        14  2.231195E+01
        15  1.044520E+01
        16  2.240328E+01
        17  1.099438E+01
        18  2.332825E+01
        19  4.175863E+00
        20  8.726740E+00
        21  4.175863E+00
        22  8.726740E+00
        23  1.099438E+01
        24  2.332825E+01
        25  1.044520E+01
        26  2.240328E+01
        27  1.096042E+01
        28  2.231195E+01
        29  1.455318E+01
        30  2.615586E+01
        31  2.458564E+02
        32  1.391929E+02
        33  5.658240E+01
        34  1.316789E+01
        35  3.821341E+00
        36  2.458564E+02
        37  1.391929E+02
        38  5.658240E+01
        39  1.316789E+01
        40  3.821341E+00
        41  1.219084E+01
        42  2.528395E+01
        43  1.320395E+01
        44  2.659046E+01
        45  1.314405E+01
        46  2.642720E+01
        47  1.400009E+01
        48  2.730578E+01
        49  5.328354E+00
        50  1.014731E+01
        51  5.328354E+00
        52  1.014731E+01
        53  1.400009E+01
        54  2.730578E+01
        55  1.314405E+01
        56  2.642720E+01
        57  1.320395E+01
        58  2.659046E+01
        59  1.219084E+01
        60  2.528395E+01
        61  2.447827E+02
        62  1.385588E+02
        63  6.042557E+01
        64  1.501207E+01
        65  4.712971E+00
        66  2.447827E+02
        67  1.385588E+02
        68  6.042557E+01
        69  1.501207E+01
        70  4.712971E+00
        71  1.182194E+01
        72  2.559842E+01
        73  1.334035E+01
        74  2.755613E+01
        75  1.414951E+01
        76  2.853233E+01
        77  1.493247E+01
        78  2.932141E+01
        79  5.561542E+00
        80  1.078371E+01
        81  5.561542E+00
        82  1.078371E+01
        83  1.493247E+01
        84  2.932141E+01
        85  1.414951E+01
        86  2.853233E+01
        87  1.334035E+01
        88  2.755613E+01
        89  1.182194E+01
        90  2.559842E+01
        91  2.926684E+02
        92  1.636968E+02
        93  7.173853E+01
        94  1.874835E+01
        95  6.531730E+00
        96  2.926684E+02
        97  1.636968E+02
        98  7.173853E+01
        99  1.874835E+01
       100  6.531730E+00
       101  1.612990E+01
       102  3.008467E+01
       103  1.719738E+01
       104  3.153632E+01
       105  1.808353E+01
       106  3.271680E+01
       107  1.864364E+01
       108  3.333079E+01
       109  6.746013E+00
       110  1.210738E+01
       111  6.746013E+00
       112  1.210738E+01
       113  1.864364E+01
       114  3.333079E+01
       115  1.808353E+01
       116  3.271680E+01
       117  1.719738E+01
       118  3.153632E+01
       119  1.612990E+01
       120  3.008467E+01
       121  2.944876E+02
       122  1.632448E+02
       123  7.105181E+01
       124  1.853906E+01
       125  6.395448E+00
       126  2.944876E+02
       127  1.632448E+02
       128  7.105181E+01
       129  1.853906E+01
       130  6.395448E+00
       131  1.716751E+01
       132  3.133006E+01
       133  1.759328E+01
       134  3.197421E+01
       135  1.802507E+01
       136  3.262455E+01
       137  1.834667E+01
       138  3.293781E+01
       139  6.625217E+00
       140  1.193248E+01
       141  6.625217E+00
       142  1.193248E+01
       143  1.834667E+01
       144  3.293781E+01
       145  1.802507E+01
       146  3.262455E+01
       147  1.759328E+01
       148  3.197421E+01
       149  1.716751E+01
       150  3.133006E+01
       151  2.798222E+02
       152  1.543240E+02
       153  6.688477E+01
       154  1.738440E+01
       155  5.878934E+00
       156  2.798222E+02
       157  1.543240E+02
       158  6.688477E+01
       159  1.738440E+01
       160  5.878934E+00
       161  1.662282E+01
       162  3.070905E+01
       163  1.671525E+01
       164  3.083675E+01
       165  1.686701E+01
       166  3.103225E+01
       167  1.710057E+01
       168  3.111962E+01
       169  6.199943E+00
       170  1.126252E+01
       171  6.199943E+00
       172  1.126252E+01
       173  1.710057E+01
       174  3.111962E+01
       175  1.686701E+01
       176  3.103225E+01
       177  1.671525E+01
       178  3.083675E+01
       179  1.662282E+01
       180  3.070905E+01
       181  2.649675E+02
       182  1.460695E+02
       183  6.328768E+01
       184  1.650186E+01
       185  5.600402E+00
       186  2.649675E+02
       187  1.460695E+02
       188  6.328768E+01
       189  1.650186E+01
       190  5.600402E+00
       191  1.584896E+01
       192  2.942167E+01
       193  1.586212E+01
       194  2.937188E+01
       195  1.592440E+01
       196  2.937597E+01
       197  1.611793E+01
       198  2.937227E+01
       199  5.844135E+00
       200  1.062416E+01
       201  5.844135E+00
       202  1.062416E+01
       203  1.611793E+01
       204  2.937227E+01
       205  1.592440E+01
       206  2.937597E+01
       207  1.586212E+01
       208  2.937188E+01
       209  1.584896E+01
       210  2.942167E+01
       211  2.503730E+02
       212  1.380522E+02
       213  5.986934E+01
       214  1.568430E+01
       215  5.379403E+00
       216  2.503730E+02
       217  1.380522E+02
       218  5.986934E+01
       219  1.568430E+01
       220  5.379403E+00
       221  1.501288E+01
       222  2.783928E+01
       223  1.502615E+01
       224  2.777750E+01
       225  1.507092E+01
       226  2.775621E+01
       227  1.524942E+01
       228  2.774512E+01
       229  5.525019E+00
       230  1.003389E+01
       231  5.525019E+00
       232  1.003389E+01
       233  1.524942E+01
       234  2.774512E+01
       235  1.507092E+01
       236  2.775621E+01
       237  1.502615E+01
       238  2.777750E+01
       239  1.501288E+01
       240  2.783928E+01
       241  2.360181E+02
       242  1.301632E+02
       243  5.650318E+01
       244  1.487936E+01
       245  5.173974E+00
       246  2.360181E+02
       247  1.301632E+02
       248  5.650318E+01
       249  1.487936E+01
       250  5.173974E+00
       251  1.417421E+01
       252  2.619688E+01
       253  1.419691E+01
       254  2.616568E+01
       255  1.424260E+01
       256  2.616991E+01
       257  1.441930E+01
       258  2.617617E+01
       259  5.221193E+00
       260  9.466331E+00
       261  5.221193E+00
       262  9.466331E+00
       263  1.441930E+01
       264  2.617617E+01
       265  1.424260E+01
       266  2.616991E+01
       267  1.419691E+01
       268  2.616568E+01
       269  1.417421E+01
       270  2.619688E+01
       271  2.218649E+02
       272  1.223878E+02
       273  5.318280E+01
       274  1.408355E+01
       275  4.971439E+00
       276  2.218649E+02
       277  1.223878E+02
       278  5.318280E+01
       279  1.408355E+01
       280  4.971439E+00
       281  1.334777E+01
       282  2.458371E+01
       283  1.337565E+01
       284  2.457952E+01
       285  1.342407E+01
       286  2.461016E+01
       287  1.360213E+01
       288  2.463420E+01
       289  4.923186E+00
       290  8.908507E+00
       291  4.923186E+00
       292  8.908507E+00
       293  1.360213E+01
       294  2.463420E+01
       295  1.342407E+01
       296  2.461016E+01
       297  1.337565E+01
       298  2.457952E+01
       299  1.334777E+01
       300  2.458371E+01
       301  2.079168E+02
       302  1.147287E+02
       303  4.991188E+01
       304  1.329806E+01
       305  4.768852E+00
       306  2.079168E+02
       307  1.147287E+02
       308  4.991188E+01
       309  1.329806E+01
       310  4.768852E+00
       311  1.253416E+01
       312  2.301963E+01
       313  1.256376E+01
       314  2.303129E+01
       315  1.261345E+01
       316  2.307867E+01
       317  1.279284E+01
       318  2.311423E+01
       319  4.628705E+00
       320  8.357739E+00
       321  4.628705E+00
       322  8.357739E+00
       323  1.279284E+01
       324  2.311423E+01
       325  1.261345E+01
       326  2.307867E+01
       327  1.256376E+01
       328  2.303129E+01
       329  1.253416E+01
       330  2.301963E+01
       331  1.941956E+02
       332  1.071960E+02
       333  4.669484E+01
       334  1.252406E+01
       335  4.566311E+00
       336  1.941956E+02
       337  1.071960E+02
       338  4.669484E+01
       339  1.252406E+01
       340  4.566311E+00
       341  1.173267E+01
       342  2.150169E+01
       343  1.176253E+01
       344  2.152110E+01
       345  1.181253E+01
       346  2.157699E+01
       347  1.199289E+01
       348  2.161836E+01
       349  4.337947E+00
       350  7.814859E+00
       351  4.337947E+00
       352  7.814859E+00
       353  1.199289E+01
       354  2.161836E+01
       355  1.181253E+01
       356  2.157699E+01
       357  1.176253E+01
       358  2.152110E+01
       359  1.173267E+01
       360  2.150169E+01
       361  1.807284E+02
       362  9.980250E+01
       363  4.353664E+01
       364  1.176252E+01
       365  4.364505E+00
       366  1.807284E+02
       367  9.980250E+01
       368  4.353664E+01
       369  1.176252E+01
       370  4.364505E+00
       371  1.094360E+01
       372  2.002352E+01
       373  1.097342E+01
       374  2.004619E+01
       375  1.102345E+01
       376  2.010569E+01
       377  1.120468E+01
       378  2.014940E+01
       379  4.051634E+00
       380  7.281235E+00
       381  4.051634E+00
       382  7.281235E+00
       383  1.120468E+01
       384  2.014940E+01
       385  1.102345E+01
       386  2.010569E+01
       387  1.097342E+01
       388  2.004619E+01
       389  1.094360E+01
       390  2.002352E+01
       391  1.675408E+02
       392  9.256142E+01
       393  4.044231E+01
       394  1.101449E+01
       395  4.164136E+00
       396  1.675408E+02
       397  9.256142E+01
       398  4.044231E+01
       399  1.101449E+01
       400  4.164136E+00
       401  1.016811E+01
       402  1.858073E+01
       403  1.019797E+01
       404  1.860453E+01
       405  1.024808E+01
       406  1.866528E+01
       407  1.043027E+01
       408  1.870970E+01
       409  3.770422E+00
       410  6.758017E+00
       411  3.770422E+00
       412  6.758017E+00
       413  1.043027E+01
       414  1.870970E+01
       415  1.024808E+01
       416  1.866528E+01
       417  1.019797E+01
       418  1.860453E+01
       419  1.016811E+01
       420  1.858073E+01
       421  1.546564E+02
       422  8.548522E+01
       423  3.741695E+01
       424  1.028119E+01
       425  3.965815E+00
       426  1.546564E+02
       427  8.548522E+01
       428  3.741695E+01
       429  1.028119E+01
       430  3.965815E+00
       431  9.407687E+00
       432  1.717161E+01
       433  9.437705E+00
       434  1.719569E+01
       435  9.488012E+00
       436  1.725679E+01
       437  9.671288E+00
       438  1.730138E+01
       439  3.494857E+00
       440  6.246138E+00
       441  3.494857E+00
       442  6.246138E+00
       443  9.671288E+00
       444  1.730138E+01
       445  9.488012E+00
       446  1.725679E+01
       447  9.437705E+00
       448  1.719569E+01
       449  9.407687E+00
       450  1.717161E+01
       451  1.420969E+02
       452  7.858594E+01
       453  3.446567E+01
       454  9.563926E+00
       455  3.770083E+00
       456  1.420969E+02
       457  7.858594E+01
       458  3.446567E+01
       459  9.563926E+00
       460  3.770083E+00
       461  8.663813E+00
       462  1.579648E+01
       463  8.694075E+00
       464  1.582062E+01
       465  8.744675E+00
       466  1.588186E+01
       467  8.929136E+00
       468  1.592654E+01
       469  3.225423E+00
       470  5.746433E+00
       471  3.225423E+00
       472  5.746433E+00
       473  8.929136E+00
       474  1.592654E+01
       475  8.744675E+00
       476  1.588186E+01
       477  8.694075E+00
       478  1.582062E+01
       479  8.663813E+00
       480  1.579648E+01
       481  1.298838E+02
       482  7.187553E+01
       483  3.159369E+01
       484  8.864105E+00
       485  3.577438E+00
       486  1.298838E+02
       487  7.187553E+01
       488  3.159369E+01
       489  8.864105E+00
       490  3.577438E+00
       491  7.937956E+00
       492  1.445694E+01
       493  7.968506E+00
       494  1.448114E+01
       495  8.019453E+00
       496  1.454256E+01
       497  8.205161E+00
       498  1.458743E+01
       499  2.962594E+00
       500  5.259737E+00
       501  2.962594E+00
       502  5.259737E+00
       503  8.205161E+00
       504  1.458743E+01
       505  8.019453E+00
       506  1.454256E+01
       507  7.968506E+00
       508  1.448114E+01
       509  7.937956E+00
       510  1.445694E+01
       511  1.180389E+02
       512  6.536618E+01
       513  2.880636E+01
       514  8.183152E+00
       515  3.388363E+00
       516  1.180389E+02
       517  6.536618E+01
       518  2.880636E+01
       519  8.183152E+00
       520  3.388363E+00
       521  7.231570E+00
       522  1.315530E+01
       523  7.262427E+00
       524  1.317961E+01
       525  7.313740E+00
       526  1.324130E+01
       527  7.500729E+00
       528  1.328646E+01
       529  2.706859E+00
       530  4.786918E+00
       531  2.706859E+00
       532  4.786918E+00
       533  7.500729E+00
       534  1.328646E+01
       535  7.313740E+00
       536  1.324130E+01
       537  7.262427E+00
       538  1.317961E+01
       539  7.231570E+00
       540  1.315530E+01
       541  1.065849E+02
       542  5.907052E+01
       543  2.610921E+01
       544  7.522539E+00
       545  3.203344E+00
       546  1.065849E+02
       547  5.907052E+01
       548  2.610921E+01
       549  7.522539E+00
       550  3.203344E+00
       551  6.546143E+00
       552  1.189422E+01
       553  6.577310E+00
       554  1.191867E+01
       555  6.628992E+00
       556  1.198068E+01
       557  6.817272E+00
       558  1.202619E+01
       559  2.458737E+00
       560  4.328900E+00
       561  2.458737E+00
       562  4.328900E+00
       563  6.817272E+00
       564  1.202619E+01
       565  6.628992E+00
       566  1.198068E+01
       567  6.577310E+00
       568  1.191867E+01
       569  6.546143E+00
       570  1.189422E+01
       571  9.554566E+01
       572  5.300182E+01
       573  2.350802E+01
       574  6.883786E+00
       575  3.022878E+00
       576  9.554566E+01
       577  5.300182E+01
       578  2.350802E+01
       579  6.883786E+00
       580  3.022878E+00
       581  5.883235E+00
       582  1.067651E+01
       583  5.914704E+00
       584  1.070111E+01
       585  5.966742E+00
       586  1.076346E+01
       587  6.156307E+00
       588  1.080934E+01
       589  2.218777E+00
       590  3.886663E+00
       591  2.218777E+00
       592  3.886663E+00
       593  6.156307E+00
       594  1.080934E+01
       595  5.966742E+00
       596  1.076346E+01
       597  5.914704E+00
       598  1.070111E+01
       599  5.883235E+00
       600  1.067651E+01
       601  8.494642E+01
       602  4.717400E+01
       603  2.100886E+01
       604  6.268471E+00
       605  2.847487E+00
       606  8.494642E+01
       607  4.717400E+01
       608  2.100886E+01
       609  6.268471E+00
       610  2.847487E+00
       611  5.244494E+00
       612  9.505021E+00
       613  5.276246E+00
       614  9.529789E+00
       615  5.328616E+00
       616  9.592501E+00
       617  5.519444E+00
       618  9.638769E+00
       619  1.987564E+00
       620  3.461244E+00
       621  1.987564E+00
       622  3.461244E+00
       623  5.519444E+00
       624  9.638769E+00
       625  5.328616E+00
       626  9.592501E+00
       627  5.276246E+00
       628  9.529789E+00
       629  5.244494E+00
       630  9.505021E+00
       631  7.481383E+01
       632  4.160180E+01
       633  1.861808E+01
       634  5.678231E+00
       635  2.677711E+00
       636  7.481383E+01
       637  4.160180E+01
       638  1.861808E+01
       639  5.678231E+00
       640  2.677711E+00
       641  4.631663E+00
       642  8.382570E+00
       643  4.663667E+00
       644  8.407614E+00
       645  4.716335E+00
       646  8.470790E+00
       647  4.908394E+00
       648  8.517508E+00
       649  1.765722E+00
       650  3.053750E+00
       651  1.765722E+00
       652  3.053750E+00
       653  4.908394E+00
       654  8.517508E+00
       655  4.716335E+00
       656  8.470790E+00
       657  4.663667E+00
       658  8.407614E+00
       659  4.631663E+00
       660  8.382570E+00
       661  6.517623E+01
       662  3.630080E+01
       663  1.634235E+01
       664  5.114746E+00
       665  2.514128E+00
       666  6.517623E+01
       667  3.630080E+01
       668  1.634235E+01
       669  5.114746E+00
       670  2.514128E+00
       671  4.046568E+00
       672  7.311835E+00
       673  4.078772E+00
       674  7.337472E+00
       675  4.131707E+00
       676  7.401427E+00
       677  4.324981E+00
       678  7.448781E+00
       679  1.553931E+00
       680  2.665365E+00
       681  1.553931E+00
       682  2.665365E+00
       683  4.324981E+00
       684  7.448781E+00
       685  4.131707E+00
       686  7.401427E+00
       687  4.078772E+00
       688  7.337472E+00
       689  4.046568E+00
       690  7.311835E+00
       691  5.606394E+01
       692  3.128749E+01
       693  1.418863E+01
       694  4.579753E+00
       695  2.357400E+00
       696  5.606394E+01
       697  3.128749E+01
       698  1.418863E+01
       699  4.579753E+00
       700  2.357400E+00
       701  3.491072E+00
       702  6.295373E+00
       703  3.523405E+00
       704  6.322273E+00
       705  3.576614E+00
       706  6.387693E+00
       707  3.771161E+00
       708  6.436086E+00
       709  1.352939E+00
       710  2.297379E+00
       711  1.352939E+00
       712  2.297379E+00
       713  3.771161E+00
       714  6.436086E+00
       715  3.576614E+00
       716  6.387693E+00
       717  3.523405E+00
       718  6.322273E+00
       719  3.491072E+00
       720  6.295373E+00
       721  4.750918E+01
       722  2.657919E+01
       723  1.216421E+01
       724  4.075110E+00
       725  2.208385E+00
       726  4.750918E+01
       727  2.657919E+01
       728  1.216421E+01
       729  4.075110E+00
       730  2.208385E+00
       731  2.967019E+00
       732  5.335861E+00
       733  2.999406E+00
       734  5.365150E+00
       735  3.052993E+00
       736  5.433200E+00
       737  3.249051E+00
       738  5.483311E+00
       739  1.163589E+00
       740  1.951212E+00
       741  1.163589E+00
       742  1.951212E+00
       743  3.249051E+00
       744  5.483311E+00
       745  3.052993E+00
       746  5.433200E+00
       747  2.999406E+00
       748  5.365150E+00
       749  2.967019E+00
       750  5.335861E+00
       751  3.954550E+01
       752  2.219375E+01
       753  1.027668E+01
       754  3.603034E+00
       755  2.068397E+00
       756  3.954550E+01
       757  2.219375E+01
       758  1.027668E+01
       759  3.603034E+00
       760  2.068397E+00
       761  2.476176E+00
       762  4.436867E+00
       763  2.508580E+00
       764  4.469983E+00
       765  2.562829E+00
       766  4.542174E+00
       767  2.760982E+00
       768  4.594871E+00
       769  9.868369E-01
       770  1.628435E+00
       771  9.868369E-01
       772  1.628435E+00
       773  2.760982E+00
       774  4.594871E+00
       775  2.562829E+00
       776  4.542174E+00
       777  2.508580E+00
       778  4.469983E+00
       779  2.476176E+00
       780  4.436867E+00
       781  3.220591E+01
       782  1.814894E+01
       783  8.534207E+00
       784  3.166619E+00
       785  1.939641E+00
       786  3.220591E+01
       787  1.814894E+01
       788  8.534207E+00
       789  3.166619E+00
       790  1.939641E+00
       791  2.020287E+00
       792  3.604412E+00
       793  2.052787E+00
       794  3.642384E+00
       795  2.108245E+00
       796  3.719869E+00
       797  2.309611E+00
       798  3.775788E+00
       799  8.237394E-01
       800  1.330759E+00
       801  8.237394E-01
       802  1.330759E+00
       803  2.309611E+00
       804  3.775788E+00
       805  2.108245E+00
       806  3.719869E+00
       807  2.052787E+00
       808  3.642384E+00
       809  2.020287E+00
       810  3.604412E+00
       811  2.551982E+01
       812  1.446141E+01
       813  6.945817E+00
       814  2.770712E+00
       815  1.825940E+00
       816  2.551982E+01
       817  1.446141E+01
       818  6.945817E+00
       819  2.770712E+00
       820  1.825940E+00
       821  1.601346E+00
       822  2.849250E+00
       823  1.634263E+00
       824  2.890896E+00
       825  1.691749E+00
       826  2.972804E+00
       827  1.898148E+00
       828  3.031493E+00
       829  6.753602E-01
       830  1.059947E+00
       831  6.753602E-01
       832  1.059947E+00
       833  1.898148E+00
       834  3.031493E+00
       835  1.691749E+00
       836  2.972804E+00
       837  1.634263E+00
       838  2.890896E+00
       839  1.601346E+00
       840  2.849250E+00
       841  1.951001E+01
       842  1.114596E+01
       843  5.521807E+00
       844  2.422894E+00
       845  1.733631E+00
       846  1.951001E+01
       847  1.114596E+01
       848  5.521807E+00
       849  2.422894E+00
       850  1.733631E+00
       851  1.222530E+00
       852  2.188846E+00
       853  1.256480E+00
       854  2.227513E+00
       855  1.316871E+00
       856  2.308071E+00
       857  1.530765E+00
       858  2.366847E+00
       859  5.425652E-01
       860  8.175588E-01
       861  5.425652E-01
       862  8.175588E-01
       863  1.530765E+00
       864  2.366847E+00
       865  1.316871E+00
       866  2.308071E+00
       867  1.256480E+00
       868  2.227513E+00
       869  1.222530E+00
       870  2.188846E+00
       871  1.419316E+01
       872  8.216826E+00
       873  4.275132E+00
       874  2.133946E+00
       875  1.671234E+00
       876  1.419316E+01
       877  8.216826E+00
       878  4.275132E+00
       879  2.133946E+00
       880  1.671234E+00
       881  8.910670E-01
       882  1.647375E+00
       883  9.266792E-01
       884  1.665926E+00
       885  9.897580E-01
       886  1.730456E+00
       887  1.212560E+00
       888  1.783026E+00
       889  4.256382E-01
       890  6.040119E-01
       891  4.256382E-01
       892  6.040119E-01
       893  1.212560E+00
       894  1.783026E+00
       895  9.897580E-01
       896  1.730456E+00
       897  9.266792E-01
       898  1.665926E+00
       899  8.910670E-01
       900  1.647375E+00
       901  9.583431E+00
       902  5.696550E+00
       903  3.227051E+00
       904  1.915963E+00
       905  1.641982E+00
       906  9.583431E+00
       907  5.696550E+00
       908  3.227051E+00
       909  1.915963E+00
       910  1.641982E+00
       911  6.302496E-01
       912  1.254253E+00
       913  6.653597E-01
       914  1.218918E+00
       915  7.247421E-01
       916  1.239300E+00
       917  9.492625E-01
       918  1.275093E+00
       919  3.237262E-01
       920  4.178464E-01
       921  3.237262E-01
       922  4.178464E-01
       923  9.492625E-01
       924  1.275093E+00
       925  7.247421E-01
       926  1.239300E+00
       927  6.653597E-01
       928  1.218918E+00
       929  6.302496E-01
       930  1.254253E+00
       931  5.698705E+00
       932  3.635404E+00
       933  2.419555E+00
       934  1.768944E+00
       935  1.623716E+00
       936  5.698705E+00
       937  3.635404E+00
       938  2.419555E+00
       939  1.768944E+00
       940  1.623716E+00
       941  5.099822E-01
       942  1.047088E+00
       943  5.343797E-01
       944  9.067974E-01
       945  5.642294E-01
       946  8.382036E-01
       947  7.589167E-01
       948  8.416115E-01
       949  2.351053E-01
       950  2.601442E-01
       951  2.351053E-01
       952  2.601442E-01
       953  7.589167E-01
       954  8.416115E-01
       955  5.642294E-01
       956  8.382036E-01
       957  5.343797E-01
       958  9.067974E-01
       959  5.099822E-01
       960  1.047088E+00
       961  2.627489E+00
       962  2.098925E+00
       963  1.868325E+00
       964  1.677529E+00
       965  1.559431E+00
       966  2.627489E+00
       967  2.098925E+00
       968  1.868325E+00
       969  1.677529E+00
       970  1.559431E+00
       971  6.578372E-01
       972  1.036913E+00
       973  6.811330E-01
       974  7.933058E-01
       975  6.464768E-01
       976  6.255949E-01
       977  7.787243E-01
       978  5.912860E-01
       979  1.627300E-01
       980  1.803490E-01
       981  1.627300E-01
       982  1.803490E-01
       983  7.787243E-01
       984  5.912860E-01
       985  6.464768E-01
       986  6.255949E-01
       987  6.811330E-01
       988  7.933058E-01
       989  6.578372E-01
       990  1.036913E+00
       991  6.996833E-01
       992  1.002593E+00
       993  1.368505E+00
       994  1.607827E+00
       995  1.703738E+00
       996  6.996833E-01
       997  1.002593E+00
       998  1.368505E+00
       999  1.607827E+00
      1000  1.703738E+00
      1001  9.543236E-01
      1002  1.012065E+00
      1003  1.066723E+00
      1004  8.488387E-01
      1005  1.171710E+00
      1006  8.636698E-01
      1007  1.728927E+00
      1008  1.136930E+00
      1009  1.556498E-01
      1010  5.385498E-01
      1011  1.556498E-01
      1012  5.385498E-01
      1013  1.728927E+00
      1014  1.136930E+00
      1015  1.171710E+00
      1016  8.636698E-01
      1017  1.066723E+00
      1018  8.488387E-01
      1019  9.543236E-01
      1020  1.012065E+00
      1021  4.638893E-02
      1022  1.818651E-01
      1023  4.890161E-01
      1024  1.181579E+00
      1025  2.454768E+00
      1026  4.638893E-02
      1027  1.818651E-01
      1028  4.890161E-01
      1029  1.181579E+00
      1030  2.454768E+00
      1031  7.424192E-01
      1032  8.133173E-01
      1033  9.681500E-01
      1034  7.910532E-01
      1035  1.600963E+00
      1036  1.615368E+00
      1037  5.201559E+00
      1038  4.346799E+00
      1039  3.561490E-01
      1040  3.072019E+00
      1041  3.561490E-01
      1042  3.072019E+00
      1043  5.201559E+00
      1044  4.346799E+00
      1045  1.600963E+00
      1046  1.615368E+00
      1047  9.681500E-01
      1048  7.910532E-01
      1049  7.424192E-01
      1050  8.133173E-01

                                INCREMENT     6


 displacements (vx,vy,vz) for set TIP_TOP and time  0.4750000E+00

      1703  2.077670E-01 -5.783143E-03 -7.692546E+00
      1704  2.076135E-01 -5.689739E-03 -7.679208E+00
      1707  2.072126E-01 -5.406092E-03 -7.666145E+00
      1710  2.069691E-01 -4.270962E-03 -7.654445E+00
      1712  2.069365E-01 -1.643978E-03 -7.647212E+00
      1714  2.069174E-01  2.817786E-14 -7.646756E+00
      1716  2.069365E-01  1.643978E-03 -7.647212E+00
      1719  2.069691E-01  4.270962E-03 -7.654445E+00
      1722  2.072126E-01  5.406092E-03 -7.666145E+00
      1725  2.076135E-01  5.689739E-03 -7.679208E+00
      1728  2.077670E-01  5.783143E-03 -7.692546E+00

 forces (fx,fy,fz) for set CLAMP and time  0.4750000E+00

         1  1.202606E+04  1.076742E+04  4.655217E+03
         4  2.169772E+04  1.548534E-09  9.292333E+03
         5  1.599541E+04  1.637712E+04  9.342416E+01
         8  2.813027E+04  4.047040E-10  2.358762E+02
         9  1.073762E+04  1.077671E+04 -4.536454E+02
        12  1.872321E+04  5.384943E-10 -8.608956E+02
        13  6.042965E+03  5.978608E+03 -8.936273E+02
        16  1.050016E+04  1.873485E-09 -1.735696E+03
        17  1.444224E+03  1.343813E+03 -9.954806E+02
        20  2.467324E+03  1.672205E-11 -1.952918E+03
        21 -2.547302E+03 -1.016675E+03 -2.597633E+03
        24 -2.713385E+03  5.698673E-10 -1.228166E+03
        26  1.202606E+04 -1.076742E+04  4.655217E+03
        28  1.599541E+04 -1.637712E+04  9.342416E+01
        30  1.073762E+04 -1.077671E+04 -4.536454E+02
        32  6.042965E+03 -5.978608E+03 -8.936273E+02
        34  1.444224E+03 -1.343813E+03 -9.954806E+02
        36 -2.547302E+03  1.016675E+03 -2.597633E+03
        37 -2.466653E+03 -1.230246E+03 -2.618309E+03
        40 -2.827351E+03 -5.157288E+02 -4.287445E+03
        41 -6.133584E+03 -2.953713E+03 -9.586856E+02
        44 -8.840190E+03 -1.228036E+03 -1.823083E+03
        45 -4.295308E+03 -1.733539E+03  3.230369E+03
        48 -7.245039E+03 -7.136130E+02  5.900656E+03
        50 -2.242918E+03 -4.879656E+02 -3.851637E+03
        52 -8.438849E+03 -1.076527E+03 -1.890175E+03
        54 -7.465111E+03 -5.895286E+02  5.764993E+03
        56 -2.178828E+03 -3.567646E+02 -3.859968E+03
        58 -8.617013E+03 -7.313708E+02 -1.915253E+03
        60 -7.752598E+03 -3.813075E+02  5.911429E+03
        62 -6.062385E+03 -2.799910E+02 -1.229600E+03
        64 -5.437947E+03 -1.366350E+02  4.154471E+03
        66 -3.269741E+03  9.978070E-10 -6.329747E+02
        68 -2.925976E+03 -4.119774E-10  2.244812E+03
        70 -6.062385E+03  2.799910E+02 -1.229600E+03
        72 -5.437947E+03  1.366350E+02  4.154471E+03
        74 -2.178828E+03  3.567646E+02 -3.859968E+03
        76 -8.617013E+03  7.313708E+02 -1.915253E+03
        78 -7.752598E+03  3.813075E+02  5.911429E+03
        80 -2.242918E+03  4.879656E+02 -3.851637E+03
        82 -8.438849E+03  1.076527E+03 -1.890175E+03
        84 -7.465111E+03  5.895286E+02  5.764993E+03
        86 -2.827351E+03  5.157288E+02 -4.287445E+03
        88 -8.840190E+03  1.228036E+03 -1.823083E+03
        90 -7.245039E+03  7.136130E+02  5.900656E+03
        92 -2.466653E+03  1.230246E+03 -2.618309E+03
        94 -6.133584E+03  2.953713E+03 -9.586856E+02
        96 -4.295308E+03  1.733539E+03  3.230369E+03

 internal energy (element, energy) for set EALL and time  0.4750000E+00

         1  3.887915E+02
         2  1.778532E+02
         3  7.114753E+01
         4  1.582843E+01
         5  3.776205E+00
         6  3.887915E+02
         7  1.778532E+02
         8  7.114753E+01
         9  1.582843E+01
        10  3.776205E+00
        11  2.334314E+01
        12  4.198518E+01
        13  1.758316E+01
        14  3.581126E+01
        15  1.675825E+01
        16  3.595136E+01
        17  1.763996E+01
        18  3.743047E+01
        19  6.700047E+00
        20  1.400146E+01
        21  6.700047E+00
        22  1.400146E+01
        23  1.763996E+01
        24  3.743047E+01
        25  1.675825E+01
        26  3.595136E+01
        27  1.758316E+01
        28  3.581126E+01
        29  2.334314E+01
        30  4.198518E+01
        31  3.944220E+02
        32  2.232910E+02
        33  9.076259E+01
        34  2.111986E+01
        35  6.131265E+00
        36  3.944220E+02
        37  2.232910E+02
        38  9.076259E+01
        39  2.111986E+01
        40  6.131265E+00
        41  1.956082E+01
        42  4.057024E+01
        43  2.118711E+01
        44  4.266416E+01
        45  2.109095E+01
        46  4.240131E+01
        47  2.246400E+01
        48  4.381127E+01
        49  8.549534E+00
        50  1.628138E+01
        51  8.549534E+00
        52  1.628138E+01
        53  2.246400E+01
        54  4.381127E+01
        55  2.109095E+01
        56  4.240131E+01
        57  2.118711E+01
        58  4.266416E+01
        59  1.956082E+01
        60  4.057024E+01
        61  3.927076E+02
        62  2.222764E+02
        63  9.692663E+01
        64  2.407698E+01
        65  7.561843E+00
        66  3.927076E+02
        67  2.222764E+02
        68  9.692663E+01
        69  2.407698E+01
        70  7.561843E+00
        71  1.897088E+01
        72  4.106664E+01
        73  2.140697E+01
        74  4.420818E+01
        75  2.270505E+01
        76  4.577612E+01
        77  2.396134E+01
        78  4.704467E+01
        79  8.923907E+00
        80  1.730266E+01
        81  8.923907E+00
        82  1.730266E+01
        83  2.396134E+01
        84  4.704467E+01
        85  2.270505E+01
        86  4.577612E+01
        87  2.140697E+01
        88  4.420818E+01
        89  1.897088E+01
        90  4.106664E+01
        91  4.695303E+02
        92  2.626039E+02
        93  1.150738E+02
        94  3.006973E+01
        95  1.047999E+01
        96  4.695303E+02
        97  2.626039E+02
        98  1.150738E+02
        99  3.006973E+01
       100  1.047999E+01
       101  2.588384E+01
       102  4.826327E+01
       103  2.759584E+01
       104  5.059372E+01
       105  2.901744E+01
       106  5.249003E+01
       107  2.991689E+01
       108  5.347796E+01
       109  1.082459E+01
       110  1.942661E+01
       111  1.082459E+01
       112  1.942661E+01
       113  2.991689E+01
       114  5.347796E+01
       115  2.901744E+01
       116  5.249003E+01
       117  2.759584E+01
       118  5.059372E+01
       119  2.588384E+01
       120  4.826327E+01
       121  4.724463E+02
       122  2.618790E+02
       123  1.139731E+02
       124  2.973463E+01
       125  1.026157E+01
       126  4.724463E+02
       127  2.618790E+02
       128  1.139731E+02
       129  2.973463E+01
       130  1.026157E+01
       131  2.754872E+01
       132  5.026297E+01
       133  2.823100E+01
       134  5.129760E+01
       135  2.892354E+01
       136  5.234294E+01
       137  2.944050E+01
       138  5.284782E+01
       139  1.063084E+01
       140  1.914597E+01
       141  1.063084E+01
       142  1.914597E+01
       143  2.944050E+01
       144  5.284782E+01
       145  2.892354E+01
       146  5.234294E+01
       147  2.823100E+01
       148  5.129760E+01
       149  2.754872E+01
       150  5.026297E+01
       151  4.489163E+02
       152  2.475680E+02
       153  1.072894E+02
       154  2.788305E+01
       155  9.432733E+00
       156  4.489163E+02
       157  2.475680E+02
       158  1.072894E+02
       159  2.788305E+01
       160  9.432733E+00
       161  2.667455E+01
       162  4.926901E+01
       163  2.682200E+01
       164  4.947436E+01
       165  2.706520E+01
       166  4.978914E+01
       167  2.744042E+01
       168  4.993067E+01
       169  9.948419E+00
       170  1.807081E+01
       171  9.948419E+00
       172  1.807081E+01
       173  2.744042E+01
       174  4.993067E+01
       175  2.706520E+01
       176  4.978914E+01
       177  2.682200E+01
       178  4.947436E+01
       179  2.667455E+01
       180  4.926901E+01
       181  4.250840E+02
       182  2.343259E+02
       183  1.015197E+02
       184  2.646771E+01
       185  8.985620E+00
       186  4.250840E+02
       187  2.343259E+02
       188  1.015197E+02
       189  2.646771E+01
       190  8.985620E+00
       191  2.543272E+01
       192  4.720569E+01
       193  2.545298E+01
       194  4.712563E+01
       195  2.555250E+01
       196  4.713248E+01
       197  2.586301E+01
       198  4.712710E+01
       199  9.377448E+00
       200  1.704638E+01
       201  9.377448E+00
       202  1.704638E+01
       203  2.586301E+01
       204  4.712710E+01
       205  2.555250E+01
       206  4.713248E+01
       207  2.545298E+01
       208  4.712563E+01
       209  2.543272E+01
       210  4.720569E+01
       211  4.016703E+02
       212  2.214649E+02
       213  9.603666E+01
       214  2.515654E+01
       215  8.630885E+00
       216  4.016703E+02
       217  2.214649E+02
       218  9.603666E+01
       219  2.515654E+01
       220  8.630885E+00
       221  2.409109E+01
       222  4.466842E+01
       223  2.411155E+01
       224  4.456867E+01
       225  2.418289E+01
       226  4.453423E+01
       227  2.446902E+01
       228  4.451648E+01
       229  8.865384E+00
       230  1.609922E+01
       231  8.865384E+00
       232  1.609922E+01
       233  2.446902E+01
       234  4.451648E+01
       235  2.418289E+01
       236  4.453423E+01
       237  2.411155E+01
       238  4.456867E+01
       239  2.409109E+01
       240  4.466842E+01
       241  3.786417E+02
       242  2.088099E+02
       243  9.063739E+01
       244  2.386560E+01
       245  8.301211E+00
       246  3.786417E+02
       247  2.088099E+02
       248  9.063739E+01
       249  2.386560E+01
       250  8.301211E+00
       251  2.274534E+01
       252  4.203423E+01
       253  2.278095E+01
       254  4.198332E+01
       255  2.285376E+01
       256  4.198952E+01
       257  2.313690E+01
       258  4.199934E+01
       259  8.377889E+00
       260  1.518860E+01
       261  8.377889E+00
       262  1.518860E+01
       263  2.313690E+01
       264  4.199934E+01
       265  2.285376E+01
       266  4.198952E+01
       267  2.278095E+01
       268  4.198332E+01
       269  2.274534E+01
       270  4.203423E+01
       271  3.559373E+02
       272  1.963374E+02
       273  8.531158E+01
       274  2.258930E+01
       275  7.976238E+00
       276  3.559373E+02
       277  1.963374E+02
       278  8.531158E+01
       279  2.258930E+01
       280  7.976238E+00
       281  2.141924E+01
       282  3.944650E+01
       283  2.146322E+01
       284  3.943884E+01
       285  2.154042E+01
       286  3.948731E+01
       287  2.182573E+01
       288  3.952554E+01
       289  7.899751E+00
       290  1.429366E+01
       291  7.899751E+00
       292  1.429366E+01
       293  2.182573E+01
       294  3.952554E+01
       295  2.154042E+01
       296  3.948731E+01
       297  2.146322E+01
       298  3.943884E+01
       299  2.141924E+01
       300  3.944650E+01
       301  3.335619E+02
       302  1.840515E+02
       303  8.006513E+01
       304  2.132957E+01
       305  7.651218E+00
       306  3.335619E+02
       307  1.840515E+02
       308  8.006513E+01
       309  2.132957E+01
       310  7.651218E+00
       311  2.011375E+01
       312  3.693725E+01
       313  2.016054E+01
       314  3.695504E+01
       315  2.023983E+01
       316  3.703038E+01
       317  2.052728E+01
       318  3.708709E+01
       319  7.427282E+00
       320  1.341007E+01
       321  7.427282E+00
       322  1.341007E+01
       323  2.052728E+01
       324  3.708709E+01
       325  2.023983E+01
       326  3.703038E+01
       327  2.016054E+01
       328  3.695504E+01
       329  2.011375E+01
       330  3.693725E+01
       331  3.115506E+02
       332  1.719682E+02
       333  7.490506E+01
       334  2.008825E+01
       335  7.326290E+00
       336  3.115506E+02
       337  1.719682E+02
       338  7.490506E+01
       339  2.008825E+01
       340  7.326290E+00
       341  1.882769E+01
       342  3.450187E+01
       343  1.887498E+01
       344  3.453219E+01
       345  1.895480E+01
       346  3.462123E+01
       347  1.924385E+01
       348  3.468728E+01
       349  6.960789E+00
       350  1.253914E+01
       351  6.960789E+00
       352  1.253914E+01
       353  1.924385E+01
       354  3.468728E+01
       355  1.895480E+01
       356  3.462123E+01
       357  1.887498E+01
       358  3.453219E+01
       359  1.882769E+01
       360  3.450187E+01
       361  2.899464E+02
       362  1.601083E+02
       363  6.983933E+01
       364  1.886692E+01
       365  7.002548E+00
       366  2.899464E+02
       367  1.601083E+02
       368  6.983933E+01
       369  1.886692E+01
       370  7.002548E+00
       371  1.756157E+01
       372  3.213024E+01
       373  1.760887E+01
       374  3.216589E+01
       375  1.768878E+01
       376  3.226079E+01
       377  1.797927E+01
       378  3.233063E+01
       379  6.501425E+00
       380  1.168305E+01
       381  6.501425E+00
       382  1.168305E+01
       383  1.797927E+01
       384  3.233063E+01
       385  1.768878E+01
       386  3.226079E+01
       387  1.760887E+01
       388  3.216589E+01
       389  1.756157E+01
       390  3.213024E+01
       391  2.687908E+02
       392  1.484927E+02
       393  6.487602E+01
       394  1.766724E+01
       395  6.681112E+00
       396  2.687908E+02
       397  1.484927E+02
       398  6.487602E+01
       399  1.766724E+01
       400  6.681112E+00
       401  1.631726E+01
       402  2.981536E+01
       403  1.636467E+01
       404  2.985290E+01
       405  1.644474E+01
       406  2.994988E+01
       407  1.673681E+01
       408  3.002091E+01
       409  6.050243E+00
       410  1.084365E+01
       411  6.050243E+00
       412  1.084365E+01
       413  1.673681E+01
       414  3.002091E+01
       415  1.644474E+01
       416  2.994988E+01
       417  1.636467E+01
       418  2.985290E+01
       419  1.631726E+01
       420  2.981536E+01
       421  2.481213E+02
       422  1.371415E+02
       423  6.002326E+01
       424  1.649115E+01
       425  6.362960E+00
       426  2.481213E+02
       427  1.371415E+02
       428  6.002326E+01
       429  1.649115E+01
       430  6.362960E+00
       431  1.509710E+01
       432  2.755448E+01
       433  1.514481E+01
       434  2.759256E+01
       435  1.522525E+01
       436  2.769017E+01
       437  1.551908E+01
       438  2.776149E+01
       439  5.608116E+00
       440  1.002243E+01
       441  5.608116E+00
       442  1.002243E+01
       443  1.551908E+01
       444  2.776149E+01
       445  1.522525E+01
       446  2.769017E+01
       447  1.514481E+01
       448  2.759256E+01
       449  1.509710E+01
       450  2.755448E+01
       451  2.279729E+02
       452  1.260740E+02
       453  5.528929E+01
       454  1.534079E+01
       455  6.048956E+00
       456  2.279729E+02
       457  1.260740E+02
       458  5.528929E+01
       459  1.534079E+01
       460  6.048956E+00
       461  1.390350E+01
       462  2.534813E+01
       463  1.395165E+01
       464  2.538637E+01
       465  1.403259E+01
       466  2.548426E+01
       467  1.432835E+01
       468  2.555577E+01
       469  5.175822E+00
       470  9.220730E+00
       471  5.175822E+00
       472  9.220730E+00
       473  1.432835E+01
       474  2.555577E+01
       475  1.403259E+01
       476  2.548426E+01
       477  1.395165E+01
       478  2.538637E+01
       479  1.390350E+01
       480  2.534813E+01
       481  2.083800E+02
       482  1.153093E+02
       483  5.068247E+01
       484  1.421837E+01
       485  5.739901E+00
       486  2.083800E+02
       487  1.153093E+02
       488  5.068247E+01
       489  1.421837E+01
       490  5.739901E+00
       491  1.273879E+01
       492  2.319889E+01
       493  1.278746E+01
       494  2.323728E+01
       495  1.286899E+01
       496  2.333551E+01
       497  1.316677E+01
       498  2.340734E+01
       499  4.754121E+00
       500  8.439891E+00
       501  4.754121E+00
       502  8.439891E+00
       503  1.316677E+01
       504  2.340734E+01
       505  1.286899E+01
       506  2.333551E+01
       507  1.278746E+01
       508  2.323728E+01
       509  1.273879E+01
       510  2.319889E+01
       511  1.893777E+02
       512  1.048671E+02
       513  4.621137E+01
       514  1.312621E+01
       515  5.436570E+00
       516  1.893777E+02
       517  1.048671E+02
       518  4.621137E+01
       519  1.312621E+01
       520  5.436570E+00
       521  1.160533E+01
       522  2.111043E+01
       523  1.165453E+01
       524  2.114907E+01
       525  1.173667E+01
       526  2.124777E+01
       527  1.203653E+01
       528  2.132007E+01
       529  4.343799E+00
       530  7.681308E+00
       531  4.343799E+00
       532  7.681308E+00
       533  1.203653E+01
       534  2.132007E+01
       535  1.173667E+01
       536  2.124777E+01
       537  1.165453E+01
       538  2.114907E+01
       539  1.160533E+01
       540  2.111043E+01
       541  1.710023E+02
       542  9.476765E+01
       543  4.188488E+01
       544  1.206665E+01
       545  5.139741E+00
       546  1.710023E+02
       547  9.476765E+01
       548  4.188488E+01
       549  1.206665E+01
       550  5.139741E+00
       551  1.050549E+01
       552  1.908704E+01
       553  1.055523E+01
       554  1.912595E+01
       555  1.063799E+01
       556  1.922521E+01
       557  1.093994E+01
       558  1.929809E+01
       559  3.945687E+00
       560  6.946463E+00
       561  3.945687E+00
       562  6.946463E+00
       563  1.093994E+01
       564  1.929809E+01
       565  1.063799E+01
       566  1.922521E+01
       567  1.055523E+01
       568  1.912595E+01
       569  1.050549E+01
       570  1.908704E+01
       571  1.532923E+02
       572  8.503213E+01
       573  3.771227E+01
       574  1.104213E+01
       575  4.850215E+00
       576  1.532923E+02
       577  8.503213E+01
       578  3.771227E+01
       579  1.104213E+01
       580  4.850215E+00
       581  9.441777E+00
       582  1.713320E+01
       583  9.492038E+00
       584  1.717241E+01
       585  9.575391E+00
       586  1.727225E+01
       587  9.879422E+00
       588  1.734574E+01
       589  3.560667E+00
       590  6.236925E+00
       591  3.560667E+00
       592  6.236925E+00
       593  9.879422E+00
       594  1.734574E+01
       595  9.575391E+00
       596  1.727225E+01
       597  9.492038E+00
       598  1.717241E+01
       599  9.441777E+00
       600  1.713320E+01
       601  1.362879E+02
       602  7.568297E+01
       603  3.370327E+01
       604  1.005520E+01
       605  4.568826E+00
       606  1.362879E+02
       607  7.568297E+01
       608  3.370327E+01
       609  1.005520E+01
       610  4.568826E+00
       611  8.416832E+00
       612  1.525352E+01
       613  8.467583E+00
       614  1.529304E+01
       615  8.551489E+00
       616  1.539349E+01
       617  8.857563E+00
       618  1.546762E+01
       619  3.189676E+00
       620  5.554364E+00
       621  3.189676E+00
       622  5.554364E+00
       623  8.857563E+00
       624  1.546762E+01
       625  8.551489E+00
       626  1.539349E+01
       627  8.467583E+00
       628  1.529304E+01
       629  8.416832E+00
       630  1.525352E+01
       631  1.200321E+02
       632  6.674379E+01
       633  2.986810E+01
       634  9.108472E+00
       635  4.296442E+00
       636  1.200321E+02
       637  6.674379E+01
       638  2.986810E+01
       639  9.108472E+00
       640  4.296442E+00
       641  7.433456E+00
       642  1.345250E+01
       643  7.484641E+00
       644  1.349250E+01
       645  7.569043E+00
       646  1.359372E+01
       647  7.877109E+00
       648  1.366859E+01
       649  2.833719E+00
       650  4.900553E+00
       651  2.833719E+00
       652  4.900553E+00
       653  7.877109E+00
       654  1.366859E+01
       655  7.569043E+00
       656  1.359372E+01
       657  7.484641E+00
       658  1.349250E+01
       659  7.433456E+00
       660  1.345250E+01
       661  1.045703E+02
       662  5.823960E+01
       663  2.621744E+01
       664  8.204649E+00
       665  4.033992E+00
       666  1.045703E+02
       667  5.823960E+01
       668  2.621744E+01
       669  8.204649E+00
       670  4.033992E+00
       671  6.494575E+00
       672  1.173444E+01
       673  6.546108E+00
       674  1.177543E+01
       675  6.630956E+00
       676  1.187792E+01
       677  6.940987E+00
       678  1.195382E+01
       679  2.493883E+00
       680  4.277391E+00
       681  2.493883E+00
       682  4.277391E+00
       683  6.940987E+00
       684  1.195382E+01
       685  6.630956E+00
       686  1.187792E+01
       687  6.546108E+00
       688  1.177543E+01
       689  6.494575E+00
       690  1.173444E+01
       691  8.995107E+01
       692  5.019685E+01
       693  2.276248E+01
       694  7.346516E+00
       695  3.782534E+00
       696  8.995107E+01
       697  5.019685E+01
       698  2.276248E+01
       699  7.346516E+00
       700  3.782534E+00
       701  5.603181E+00
       702  1.010343E+01
       703  5.654945E+00
       704  1.014648E+01
       705  5.740248E+00
       706  1.025135E+01
       707  6.052331E+00
       708  1.032893E+01
       709  2.171368E+00
       710  3.686949E+00
       711  2.171368E+00
       712  3.686949E+00
       713  6.052331E+00
       714  1.032893E+01
       715  5.740248E+00
       716  1.025135E+01
       717  5.654945E+00
       718  1.014648E+01
       719  5.603181E+00
       720  1.010343E+01
       721  7.622622E+01
       722  4.264334E+01
       723  1.951488E+01
       724  6.537056E+00
       725  3.543449E+00
       726  7.622622E+01
       727  4.264334E+01
       728  1.951488E+01
       729  6.537056E+00
       730  3.543449E+00
       731  4.762230E+00
       732  8.563787E+00
       733  4.814101E+00
       734  8.610692E+00
       735  4.900023E+00
       736  8.719796E+00
       737  5.214539E+00
       738  8.800141E+00
       739  1.867529E+00
       740  3.131504E+00
       741  1.867529E+00
       742  3.131504E+00
       743  5.214539E+00
       744  8.800141E+00
       745  4.900023E+00
       746  8.719796E+00
       747  4.814101E+00
       748  8.610692E+00
       749  4.762230E+00
       750  8.563787E+00
       751  6.344953E+01
       752  3.560773E+01
       753  1.648686E+01
       754  5.779828E+00
       755  3.318841E+00
       756  6.344953E+01
       757  3.560773E+01
       758  1.648686E+01
       759  5.779828E+00
       760  3.318841E+00
       761  3.974560E+00
       762  7.121222E+00
       763  4.026474E+00
       764  7.174288E+00
       765  4.113469E+00
       766  7.290051E+00
       767  4.431352E+00
       768  7.374549E+00
       769  1.583899E+00
       770  2.613576E+00
       771  1.583899E+00
       772  2.613576E+00
       773  4.431352E+00
       774  7.374549E+00
       775  4.113469E+00
       776  7.290051E+00
       777  4.026474E+00
       778  7.174288E+00
       779  3.974560E+00
       780  7.121222E+00
       781  5.167400E+01
       782  2.911851E+01
       783  1.369151E+01
       784  5.079793E+00
       785  3.112250E+00
       786  5.167400E+01
       787  2.911851E+01
       788  1.369151E+01
       789  5.079793E+00
       790  3.112250E+00
       791  3.242967E+00
       792  5.785396E+00
       793  3.295050E+00
       794  5.846268E+00
       795  3.383988E+00
       796  5.970536E+00
       797  3.707029E+00
       798  6.060209E+00
       799  1.322172E+00
       800  2.135911E+00
       801  1.322172E+00
       802  2.135911E+00
       803  3.707029E+00
       804  6.060209E+00
       805  3.383988E+00
       806  5.970536E+00
       807  3.295050E+00
       808  5.846268E+00
       809  3.242967E+00
       810  5.785396E+00
       811  4.094681E+01
       812  2.320243E+01
       813  1.114332E+01
       814  4.444731E+00
       815  2.929807E+00
       816  4.094681E+01
       817  2.320243E+01
       818  1.114332E+01
       819  4.444731E+00
       820  2.929807E+00
       821  2.570648E+00
       822  4.573560E+00
       823  2.623409E+00
       824  4.640343E+00
       825  2.715607E+00
       826  4.771717E+00
       827  3.046721E+00
       828  4.865837E+00
       829  1.084055E+00
       830  1.701337E+00
       831  1.084055E+00
       832  1.701337E+00
       833  3.046721E+00
       834  4.865837E+00
       835  2.715607E+00
       836  4.771717E+00
       837  2.623409E+00
       838  4.640343E+00
       839  2.570648E+00
       840  4.573560E+00
       841  3.130454E+01
       842  1.788322E+01
       843  8.858810E+00
       844  3.886806E+00
       845  2.781680E+00
       846  3.130454E+01
       847  1.788322E+01
       848  8.858810E+00
       849  3.886806E+00
       850  2.781680E+00
       851  1.962693E+00
       852  3.513740E+00
       853  2.017124E+00
       854  3.575756E+00
       855  2.113987E+00
       856  3.704973E+00
       857  2.457126E+00
       858  3.799237E+00
       859  8.709397E-01
       860  1.312360E+00
       861  8.709397E-01
       862  1.312360E+00
       863  2.457126E+00
       864  3.799237E+00
       865  2.113987E+00
       866  3.704973E+00
       867  2.017124E+00
       868  3.575756E+00
       869  1.962693E+00
       870  3.513740E+00
       871  2.277396E+01
       872  1.318376E+01
       873  6.858774E+00
       874  3.423316E+00
       875  2.681542E+00
       876  2.277396E+01
       877  1.318376E+01
       878  6.858774E+00
       879  3.423316E+00
       880  2.681542E+00
       881  1.430694E+00
       882  2.644738E+00
       883  1.487803E+00
       884  2.674485E+00
       885  1.588990E+00
       886  2.777994E+00
       887  1.946427E+00
       888  2.862303E+00
       889  6.832803E-01
       890  9.696532E-01
       891  6.832803E-01
       892  9.696532E-01
       893  1.946427E+00
       894  2.862303E+00
       895  1.588990E+00
       896  2.777994E+00
       897  1.487803E+00
       898  2.674485E+00
       899  1.430694E+00
       900  2.644738E+00
       901  1.537780E+01
       902  9.140191E+00
       903  5.177328E+00
       904  3.073675E+00
       905  2.634582E+00
       906  1.537780E+01
       907  9.140191E+00
       908  5.177328E+00
       909  3.073675E+00
       910  2.634582E+00
       911  1.012009E+00
       912  2.013779E+00
       913  1.068329E+00
       914  1.957058E+00
       915  1.163605E+00
       916  1.989729E+00
       917  1.523822E+00
       918  2.047120E+00
       919  5.197087E-01
       920  6.708768E-01
       921  5.197087E-01
       922  6.708768E-01
       923  1.523822E+00
       924  2.047120E+00
       925  1.163605E+00
       926  1.989729E+00
       927  1.068329E+00
       928  1.957058E+00
       929  1.012009E+00
       930  2.013779E+00
       931  9.144721E+00
       932  5.833197E+00
       933  3.881862E+00
       934  2.837896E+00
       935  2.605256E+00
       936  9.144721E+00
       937  5.833197E+00
       938  3.881862E+00
       939  2.837896E+00
       940  2.605256E+00
       941  8.188125E-01
       942  1.681256E+00
       943  8.579518E-01
       944  1.456080E+00
       945  9.058692E-01
       946  1.345954E+00
       947  1.218256E+00
       948  1.351376E+00
       949  3.774566E-01
       950  4.177630E-01
       951  3.774566E-01
       952  4.177630E-01
       953  1.218256E+00
       954  1.351376E+00
       955  9.058692E-01
       956  1.345954E+00
       957  8.579518E-01
       958  1.456080E+00
       959  8.188125E-01
       960  1.681256E+00
       961  4.216663E+00
       962  3.367971E+00
       963  2.997600E+00
       964  2.691332E+00
       965  2.502071E+00
       966  4.216663E+00
       967  3.367971E+00
       968  2.997600E+00
       969  2.691332E+00
       970  2.502071E+00
       971  1.055848E+00
       972  1.664953E+00
       973  1.093226E+00
       974  1.273907E+00
       975  1.037643E+00
       976  1.004652E+00
       977  1.249832E+00
       978  9.494785E-01
       979  2.612639E-01
       980  2.896324E-01
       981  2.612639E-01
       982  2.896324E-01
       983  1.249832E+00
       984  9.494785E-01
       985  1.037643E+00
       986  1.004652E+00
       987  1.093226E+00
       988  1.273907E+00
       989  1.055848E+00
       990  1.664953E+00
       991  1.123001E+00
       992  1.608943E+00
       993  2.195935E+00
       994  2.579689E+00
       995  2.733453E+00
       996  1.123001E+00
       997  1.608943E+00
       998  2.195935E+00
       999  2.579689E+00
      1000  2.733453E+00
      1001  1.531520E+00
      1002  1.625026E+00
      1003  1.711889E+00
      1004  1.363020E+00
      1005  1.880373E+00
      1006  1.386577E+00
      1007  2.774350E+00
      1008  1.824801E+00
      1009  2.498447E-01
      1010  8.642284E-01
      1011  2.498447E-01
      1012  8.642284E-01
      1013  2.774350E+00
      1014  1.824801E+00
      1015  1.880373E+00
      1016  1.386577E+00
      1017  1.711889E+00
      1018  1.363020E+00
      1019  1.531520E+00
      1020  1.625026E+00
      1021  7.447197E-02
      1022  2.919287E-01
      1023  7.849019E-01
      1024  1.896341E+00
      1025  3.939263E+00
      1026  7.447197E-02
      1027  2.919287E-01
      1028  7.849019E-01
      1029  1.896341E+00
      1030  3.939263E+00
      1031  1.191504E+00
      1032  1.305965E+00
      1033  1.553685E+00
      1034  1.269942E+00
      1035  2.569153E+00
      1036  2.592484E+00
      1037  8.346723E+00
      1038  6.975311E+00
      1039  5.715065E-01
      1040  4.929642E+00
      1041  5.715065E-01
      1042  4.929642E+00
      1043  8.346723E+00
      1044  6.975311E+00
      1045  2.569153E+00
      1046  2.592484E+00
      1047  1.553685E+00
      1048  1.269942E+00
      1049  1.191504E+00
      1050  1.305965E+00

                                INCREMENT     7


 displacements (vx,vy,vz) for set TIP_TOP and time  0.5750000E+00

      1703  2.470099E-01 -6.998198E-03 -9.311702E+00
      1704  2.468431E-01 -6.886080E-03 -9.295555E+00
      1707  2.463770E-01 -6.543575E-03 -9.279740E+00
      1710  2.460993E-01 -5.170101E-03 -9.265575E+00
      1712  2.460706E-01 -1.990187E-03 -9.256818E+00
      1714  2.460484E-01 -2.043479E-14 -9.256267E+00
      1716  2.460706E-01  1.990187E-03 -9.256818E+00
      1719  2.460993E-01  5.170101E-03 -9.265575E+00
      1722  2.463770E-01  6.543575E-03 -9.279740E+00
      1725  2.468431E-01  6.886080E-03 -9.295555E+00
      1728  2.470099E-01  6.998198E-03 -9.311702E+00

 forces (fx,fy,fz) for set CLAMP and time  0.5750000E+00

         1  1.455842E+04  1.303185E+04  5.633847E+03
         4  2.626588E+04  7.793314E-11  1.124587E+04
         5  1.936303E+04  1.982175E+04  1.122420E+02
         8  3.405162E+04  1.493985E-09  2.839558E+02
         9  1.299805E+04  1.304371E+04 -5.499295E+02
        12  2.266418E+04 -2.803016E-11 -1.043630E+03
        13  7.314918E+03  7.236335E+03 -1.082305E+03
        16  1.271004E+04 -9.052689E-11 -2.102162E+03
        17  1.748104E+03  1.626337E+03 -1.205355E+03
        20  2.986362E+03 -1.805668E-11 -2.364646E+03
        21 -3.083483E+03 -1.230875E+03 -3.144616E+03
        24 -3.284584E+03  3.371686E-10 -1.486949E+03
        26  1.455842E+04 -1.303185E+04  5.633847E+03
        28  1.936303E+04 -1.982175E+04  1.122420E+02
        30  1.299805E+04 -1.304371E+04 -5.499295E+02
        32  7.314918E+03 -7.236335E+03 -1.082305E+03
        34  1.748104E+03 -1.626337E+03 -1.205355E+03
        36 -3.083483E+03  1.230875E+03 -3.144616E+03
        37 -2.982327E+03 -1.488958E+03 -3.168170E+03
        40 -3.416870E+03 -6.247227E+02 -5.187945E+03
        41 -7.424722E+03 -3.575647E+03 -1.161529E+03
        44 -1.070142E+04 -1.486504E+03 -2.208648E+03
        45 -5.202961E+03 -2.098883E+03  3.912103E+03
        48 -8.775945E+03 -8.633621E+02  7.145594E+03
        50 -2.711784E+03 -5.911076E+02 -4.661301E+03
        52 -1.021558E+04 -1.303049E+03 -2.289116E+03
        54 -9.039926E+03 -7.131115E+02  6.980400E+03
        56 -2.636319E+03 -4.321466E+02 -4.672196E+03
        58 -1.043118E+04 -8.851971E+02 -2.318861E+03
        60 -9.385713E+03 -4.611586E+02  7.156772E+03
        62 -7.338606E+03 -3.388507E+02 -1.488593E+03
        64 -6.582545E+03 -1.652274E+02  5.029279E+03
        66 -3.958070E+03  2.171534E-09 -7.663041E+02
        68 -3.541701E+03 -5.547555E-11  2.717431E+03
        70 -7.338606E+03  3.388507E+02 -1.488593E+03
        72 -6.582545E+03  1.652274E+02  5.029279E+03
        74 -2.636319E+03  4.321466E+02 -4.672196E+03
        76 -1.043118E+04  8.851971E+02 -2.318861E+03
        78 -9.385713E+03  4.611586E+02  7.156772E+03
        80 -2.711784E+03  5.911076E+02 -4.661301E+03
        82 -1.021558E+04  1.303049E+03 -2.289116E+03
        84 -9.039926E+03  7.131115E+02  6.980400E+03
        86 -3.416870E+03  6.247227E+02 -5.187945E+03
        88 -1.070142E+04  1.486504E+03 -2.208648E+03
        90 -8.775945E+03  8.633621E+02  7.145594E+03
        92 -2.982327E+03  1.488958E+03 -3.168170E+03
        94 -7.424722E+03  3.575647E+03 -1.161529E+03
        96 -5.202961E+03  2.098883E+03  3.912103E+03

 internal energy (element, energy) for set EALL and time  0.5750000E+00

         1  5.696504E+02
         2  2.605834E+02
         3  1.042404E+02
         4  2.318973E+01
         5  5.533760E+00
         6  5.696504E+02
         7  2.605834E+02
         8  1.042404E+02
         9  2.318973E+01
        10  5.533760E+00
        11  3.419666E+01
        12  6.155252E+01
        13  2.576261E+01
        14  5.249579E+01
        15  2.455634E+01
        16  5.269169E+01
        17  2.584923E+01
        18  5.485186E+01
        19  9.818217E+00
        20  2.051719E+01
        21  9.818217E+00
        22  2.051719E+01
        23  2.584923E+01
        24  5.485186E+01
        25  2.455634E+01
        26  5.269169E+01
        27  2.576261E+01
        28  5.249579E+01
        29  3.419666E+01
        30  6.155252E+01
        31  5.779153E+02
        32  3.271512E+02
        33  1.329706E+02
        34  3.093777E+01
        35  8.984789E+00
        36  5.779153E+02
        37  3.271512E+02
        38  1.329706E+02
        39  3.093777E+01
        40  8.984789E+00
        41  2.866575E+01
        42  5.945565E+01
        43  3.105008E+01
        44  6.252065E+01
        45  3.090909E+01
        46  6.213416E+01
        47  3.292051E+01
        48  6.420076E+01
        49  1.252896E+01
        50  2.385912E+01
        51  1.252896E+01
        52  2.385912E+01
        53  3.292051E+01
        54  6.420076E+01
        55  3.090909E+01
        56  6.213416E+01
        57  3.105008E+01
        58  6.252065E+01
        59  2.866575E+01
        60  5.945565E+01
        61  5.754152E+02
        62  3.256688E+02
        63  1.420001E+02
        64  3.526847E+01
        65  1.108113E+01
        66  5.754152E+02
        67  3.256688E+02
        68  1.420001E+02
        69  3.526847E+01
        70  1.108113E+01
        71  2.780414E+01
        72  6.017111E+01
        73  3.137372E+01
        74  6.477539E+01
        75  3.327566E+01
        76  6.707548E+01
        77  3.511670E+01
        78  6.893806E+01
        79  1.307790E+01
        80  2.535601E+01
        81  1.307790E+01
        82  2.535601E+01
        83  3.511670E+01
        84  6.893806E+01
        85  3.327566E+01
        86  6.707548E+01
        87  3.137372E+01
        88  6.477539E+01
        89  2.780414E+01
        90  6.017111E+01
        91  6.879786E+02
        92  3.847560E+02
        93  1.685870E+02
        94  4.404730E+01
        95  1.535738E+01
        96  6.879786E+02
        97  3.847560E+02
        98  1.685870E+02
        99  4.404730E+01
       100  1.535738E+01
       101  3.793574E+01
       102  7.071494E+01
       103  4.044344E+01
       104  7.413192E+01
       105  4.252634E+01
       106  7.691408E+01
       107  4.384556E+01
       108  7.836594E+01
       109  1.586351E+01
       110  2.846868E+01
       111  1.586351E+01
       112  2.846868E+01
       113  4.384556E+01
       114  7.836594E+01
       115  4.252634E+01
       116  7.691408E+01
       117  4.044344E+01
       118  7.413192E+01
       119  3.793574E+01
       120  7.071494E+01
       121  6.922475E+02
       122  3.836941E+02
       123  1.669755E+02
       124  4.355726E+01
       125  1.503766E+01
       126  6.922475E+02
       127  3.836941E+02
       128  1.669755E+02
       129  4.355726E+01
       130  1.503766E+01
       131  4.037554E+01
       132  7.364747E+01
       133  4.137411E+01
       134  7.516528E+01
       135  4.238862E+01
       136  7.669991E+01
       137  4.314762E+01
       138  7.744310E+01
       139  1.557966E+01
       140  2.805739E+01
       141  1.557966E+01
       142  2.805739E+01
       143  4.314762E+01
       144  7.744310E+01
       145  4.238862E+01
       146  7.669991E+01
       147  4.137411E+01
       148  7.516528E+01
       149  4.037554E+01
       150  7.364747E+01
       151  6.577669E+02
       152  3.627260E+02
       153  1.571843E+02
       154  4.084547E+01
       155  1.382293E+01
       156  6.577669E+02
       157  3.627260E+02
       158  1.571843E+02
       159  4.084547E+01
       160  1.382293E+01
       161  3.909419E+01
       162  7.219450E+01
       163  3.930905E+01
       164  7.249611E+01
       165  3.966499E+01
       166  7.295905E+01
       167  4.021561E+01
       168  7.316845E+01
       169  1.457954E+01
       170  2.648152E+01
       171  1.457954E+01
       172  2.648152E+01
       173  4.021561E+01
       174  7.316845E+01
       175  3.966499E+01
       176  7.295905E+01
       177  3.930905E+01
       178  7.249611E+01
       179  3.909419E+01
       180  7.219450E+01
       181  6.228455E+02
       182  3.433243E+02
       183  1.487320E+02
       184  3.877242E+01
       185  1.316742E+01
       186  6.228455E+02
       187  3.433243E+02
       188  1.487320E+02
       189  3.877242E+01
       190  1.316742E+01
       191  3.727412E+01
       192  6.917421E+01
       193  3.730259E+01
       194  6.905663E+01
       195  3.744785E+01
       196  6.906717E+01
       197  3.790293E+01
       198  6.906013E+01
       199  1.374271E+01
       200  2.498003E+01
       201  1.374271E+01
       202  2.498003E+01
       203  3.790293E+01
       204  6.906013E+01
       205  3.744785E+01
       206  6.906717E+01
       207  3.730259E+01
       208  6.905663E+01
       209  3.727412E+01
       210  6.917421E+01
       211  5.885390E+02
       212  3.244814E+02
       213  1.406996E+02
       214  3.685189E+01
       215  1.264737E+01
       216  5.885390E+02
       217  3.244814E+02
       218  1.406996E+02
       219  3.685189E+01
       220  1.264737E+01
       221  3.530788E+01
       222  6.545849E+01
       223  3.533664E+01
       224  6.531139E+01
       225  3.544049E+01
       226  6.526058E+01
       227  3.585945E+01
       228  6.523466E+01
       229  1.299226E+01
       230  2.359195E+01
       231  1.299226E+01
       232  2.359195E+01
       233  3.585945E+01
       234  6.523466E+01
       235  3.544049E+01
       236  6.526058E+01
       237  3.533664E+01
       238  6.531139E+01
       239  3.530788E+01
       240  6.545849E+01
       241  5.547981E+02
       242  3.059408E+02
       243  1.327899E+02
       244  3.496097E+01
       245  1.216417E+01
       246  5.547981E+02
       247  3.059408E+02
       248  1.327899E+02
       249  3.496097E+01
       250  1.216417E+01
       251  3.333564E+01
       252  6.159983E+01
       253  3.338665E+01
       254  6.152396E+01
       255  3.349263E+01
       256  6.153224E+01
       257  3.390704E+01
       258  6.154632E+01
       259  1.227786E+01
       260  2.225755E+01
       261  1.227786E+01
       262  2.225755E+01
       263  3.390704E+01
       264  6.154632E+01
       265  3.349263E+01
       266  6.153224E+01
       267  3.338665E+01
       268  6.152396E+01
       269  3.333564E+01
       270  6.159983E+01
       271  5.215328E+02
       272  2.876678E+02
       273  1.249879E+02
       274  3.309151E+01
       275  1.168793E+01
       276  5.215328E+02
       277  2.876678E+02
       278  1.249879E+02
       279  3.309151E+01
       280  1.168793E+01
       281  3.139223E+01
       282  5.780856E+01
       283  3.145557E+01
       284  5.779599E+01
       285  3.156802E+01
       286  5.786604E+01
       287  3.198557E+01
       288  5.792160E+01
       289  1.157721E+01
       290  2.094621E+01
       291  1.157721E+01
       292  2.094621E+01
       293  3.198557E+01
       294  5.792160E+01
       295  3.156802E+01
       296  5.786604E+01
       297  3.145557E+01
       298  5.779599E+01
       299  3.139223E+01
       300  5.780856E+01
       301  4.887497E+02
       302  2.696683E+02
       303  1.173021E+02
       304  3.124632E+01
       305  1.121168E+01
       306  4.887497E+02
       307  2.696683E+02
       308  1.173021E+02
       309  3.124632E+01
       310  1.121168E+01
       311  2.947903E+01
       312  5.413191E+01
       313  2.954659E+01
       314  5.415667E+01
       315  2.966214E+01
       316  5.426610E+01
       317  3.008289E+01
       318  5.434870E+01
       319  1.088488E+01
       320  1.965154E+01
       321  1.088488E+01
       322  1.965154E+01
       323  3.008289E+01
       324  5.434870E+01
       325  2.966214E+01
       326  5.426610E+01
       327  2.954659E+01
       328  5.415667E+01
       329  2.947903E+01
       330  5.413191E+01
       331  4.565000E+02
       332  2.519655E+02
       333  1.097429E+02
       334  2.942810E+01
       335  1.073560E+01
       336  4.565000E+02
       337  2.519655E+02
       338  1.097429E+02
       339  2.942810E+01
       340  1.073560E+01
       341  2.759433E+01
       342  5.056330E+01
       343  2.766273E+01
       344  5.060653E+01
       345  2.777912E+01
       346  5.073609E+01
       347  2.820224E+01
       348  5.083243E+01
       349  1.020131E+01
       350  1.837543E+01
       351  1.020131E+01
       352  1.837543E+01
       353  2.820224E+01
       354  5.083243E+01
       355  2.777912E+01
       356  5.073609E+01
       357  2.766273E+01
       358  5.060653E+01
       359  2.759433E+01
       360  5.056330E+01
       361  4.248467E+02
       362  2.345899E+02
       363  1.023218E+02
       364  2.763914E+01
       365  1.026126E+01
       366  4.248467E+02
       367  2.345899E+02
       368  1.023218E+02
       369  2.763914E+01
       370  1.026126E+01
       371  2.573886E+01
       372  4.708801E+01
       373  2.580735E+01
       374  4.713917E+01
       375  2.592394E+01
       376  4.727743E+01
       377  2.634922E+01
       378  4.737938E+01
       379  9.528181E+00
       380  1.712107E+01
       381  9.528181E+00
       382  1.712107E+01
       383  2.634922E+01
       384  4.737938E+01
       385  2.592394E+01
       386  4.727743E+01
       387  2.580735E+01
       388  4.713917E+01
       389  2.573886E+01
       390  4.708801E+01
       391  3.938504E+02
       392  2.175722E+02
       393  9.505071E+01
       394  2.588188E+01
       395  9.790300E+00
       396  3.938504E+02
       397  2.175722E+02
       398  9.505071E+01
       399  2.588188E+01
       400  9.790300E+00
       401  2.391535E+01
       402  4.369583E+01
       403  2.398408E+01
       404  4.374990E+01
       405  2.410097E+01
       406  4.389131E+01
       407  2.452861E+01
       408  4.399505E+01
       409  8.867040E+00
       410  1.589114E+01
       411  8.867040E+00
       412  1.589114E+01
       413  2.452861E+01
       414  4.399505E+01
       415  2.410097E+01
       416  4.389131E+01
       417  2.398408E+01
       418  4.374990E+01
       419  2.391535E+01
       420  4.369583E+01
       421  3.635660E+02
       422  2.009416E+02
       423  8.794148E+01
       424  2.415916E+01
       425  9.324148E+00
       426  3.635660E+02
       427  2.009416E+02
       428  8.794148E+01
       429  2.415916E+01
       430  9.324148E+00
       431  2.212722E+01
       432  4.038277E+01
       433  2.219649E+01
       434  4.043776E+01
       435  2.231395E+01
       436  4.058017E+01
       437  2.274422E+01
       438  4.068439E+01
       439  8.219163E+00
       440  1.468783E+01
       441  8.219163E+00
       442  1.468783E+01
       443  2.274422E+01
       444  4.068439E+01
       445  2.231395E+01
       446  4.058017E+01
       447  2.219649E+01
       448  4.043776E+01
       449  2.212722E+01
       450  4.038277E+01
       451  3.340449E+02
       452  1.847265E+02
       453  8.100620E+01
       454  2.247408E+01
       455  8.864070E+00
       456  3.340449E+02
       457  1.847265E+02
       458  8.100620E+01
       459  2.247408E+01
       460  8.864070E+00
       461  2.037800E+01
       462  3.714962E+01
       463  2.044799E+01
       464  3.720494E+01
       465  2.056624E+01
       466  3.734785E+01
       467  2.099937E+01
       468  3.745237E+01
       469  7.585688E+00
       470  1.351311E+01
       471  7.585688E+00
       472  1.351311E+01
       473  2.099937E+01
       474  3.745237E+01
       475  2.056624E+01
       476  3.734785E+01
       477  2.044799E+01
       478  3.720494E+01
       479  2.037800E+01
       480  3.714962E+01
       481  3.053375E+02
       482  1.689549E+02
       483  7.425710E+01
       484  2.082993E+01
       485  8.411237E+00
       486  3.053375E+02
       487  1.689549E+02
       488  7.425710E+01
       489  2.082993E+01
       490  8.411237E+00
       491  1.867113E+01
       492  3.400012E+01
       493  1.874194E+01
       494  3.405577E+01
       495  1.886109E+01
       496  3.419925E+01
       497  1.929721E+01
       498  3.430427E+01
       499  6.967729E+00
       500  1.236895E+01
       501  6.967729E+00
       502  1.236895E+01
       503  1.929721E+01
       504  3.430427E+01
       505  1.886109E+01
       506  3.419925E+01
       507  1.874194E+01
       508  3.405577E+01
       509  1.867113E+01
       510  3.400012E+01
       511  2.774952E+02
       512  1.536557E+02
       513  6.770677E+01
       514  1.923006E+01
       515  7.966785E+00
       516  2.774952E+02
       517  1.536557E+02
       518  6.770677E+01
       519  1.923006E+01
       520  7.966785E+00
       521  1.701003E+01
       522  3.093970E+01
       523  1.708169E+01
       524  3.099578E+01
       525  1.720178E+01
       526  3.114001E+01
       527  1.764097E+01
       528  3.124576E+01
       529  6.366440E+00
       530  1.125738E+01
       531  6.366440E+00
       532  1.125738E+01
       533  1.764097E+01
       534  3.124576E+01
       535  1.720178E+01
       536  3.114001E+01
       537  1.708169E+01
       538  3.099578E+01
       539  1.701003E+01
       540  3.093970E+01
       541  2.505713E+02
       542  1.388584E+02
       543  6.136822E+01
       544  1.767793E+01
       545  7.531855E+00
       546  2.505713E+02
       547  1.388584E+02
       548  6.136822E+01
       549  1.767793E+01
       550  7.531855E+00
       551  1.539819E+01
       552  2.797458E+01
       553  1.547070E+01
       554  2.803115E+01
       555  1.559173E+01
       556  2.817626E+01
       557  1.603401E+01
       558  2.828287E+01
       559  5.783038E+00
       560  1.018058E+01
       561  5.783038E+00
       562  1.018058E+01
       563  1.603401E+01
       564  2.828287E+01
       565  1.559173E+01
       566  2.817626E+01
       567  1.547070E+01
       568  2.803115E+01
       569  1.539819E+01
       570  2.797458E+01
       571  2.246221E+02
       572  1.245943E+02
       573  5.525506E+01
       574  1.617713E+01
       575  7.107622E+00
       576  2.246221E+02
       577  1.245943E+02
       578  5.525506E+01
       579  1.617713E+01
       580  7.107622E+00
       581  1.383929E+01
       582  2.511138E+01
       583  1.391261E+01
       584  2.516845E+01
       585  1.403455E+01
       586  2.531445E+01
       587  1.447991E+01
       588  2.542198E+01
       589  5.218814E+00
       590  9.140861E+00
       591  5.218814E+00
       592  9.140861E+00
       593  1.447991E+01
       594  2.542198E+01
       595  1.403455E+01
       596  2.531445E+01
       597  1.391261E+01
       598  2.516845E+01
       599  1.383929E+01
       600  2.511138E+01
       601  1.997067E+02
       602  1.108961E+02
       603  4.938152E+01
       604  1.473135E+01
       605  6.695306E+00
       606  1.997067E+02
       607  1.108961E+02
       608  4.938152E+01
       609  1.473135E+01
       610  6.695306E+00
       611  1.233719E+01
       612  2.235681E+01
       613  1.241128E+01
       614  2.241441E+01
       615  1.253406E+01
       616  2.256135E+01
       617  1.298243E+01
       618  2.266984E+01
       619  4.675144E+00
       620  8.140655E+00
       621  4.675144E+00
       622  8.140655E+00
       623  1.298243E+01
       624  2.266984E+01
       625  1.253406E+01
       626  2.256135E+01
       627  1.241128E+01
       628  2.241441E+01
       629  1.233719E+01
       630  2.235681E+01
       631  1.758878E+02
       632  9.779855E+01
       633  4.376259E+01
       634  1.334445E+01
       635  6.296181E+00
       636  1.758878E+02
       637  9.779855E+01
       638  4.376259E+01
       639  1.334445E+01
       640  6.296181E+00
       641  1.089600E+01
       642  1.971748E+01
       643  1.097077E+01
       644  1.977584E+01
       645  1.109430E+01
       646  1.992396E+01
       647  1.154562E+01
       648  2.003354E+01
       649  4.153497E+00
       650  7.182563E+00
       651  4.153497E+00
       652  7.182563E+00
       653  1.154562E+01
       654  2.003354E+01
       655  1.109430E+01
       656  1.992396E+01
       657  1.097077E+01
       658  1.977584E+01
       659  1.089600E+01
       660  1.971748E+01
       661  1.532322E+02
       662  8.533816E+01
       663  3.841393E+01
       664  1.202039E+01
       665  5.911606E+00
       666  1.532322E+02
       667  8.533816E+01
       668  3.841393E+01
       669  1.202039E+01
       670  5.911606E+00
       671  9.520005E+00
       672  1.719969E+01
       673  9.595321E+00
       674  1.725955E+01
       675  9.719536E+00
       676  1.740957E+01
       677  1.017375E+01
       678  1.752068E+01
       679  3.655468E+00
       680  6.269372E+00
       681  3.655468E+00
       682  6.269372E+00
       683  1.017375E+01
       684  1.752068E+01
       685  9.719536E+00
       686  1.740957E+01
       687  9.595321E+00
       688  1.725955E+01
       689  9.520005E+00
       690  1.719969E+01
       691  1.318110E+02
       692  7.355377E+01
       693  3.335195E+01
       694  1.076325E+01
       695  5.543133E+00
       696  1.318110E+02
       697  7.355377E+01
       698  3.335195E+01
       699  1.076325E+01
       700  5.543133E+00
       701  8.213589E+00
       702  1.480946E+01
       703  8.289279E+00
       704  1.487237E+01
       705  8.414181E+00
       706  1.502590E+01
       707  8.871417E+00
       708  1.513949E+01
       709  3.182816E+00
       710  5.404111E+00
       711  3.182816E+00
       712  5.404111E+00
       713  8.871417E+00
       714  1.513949E+01
       715  8.414181E+00
       716  1.502590E+01
       717  8.289279E+00
       718  1.487237E+01
       719  8.213589E+00
       720  1.480946E+01
       721  1.117002E+02
       722  6.248611E+01
       723  2.859372E+01
       724  9.577404E+00
       725  5.192785E+00
       726  1.117002E+02
       727  6.248611E+01
       728  2.859372E+01
       729  9.577404E+00
       730  5.192785E+00
       731  6.981086E+00
       732  1.255307E+01
       733  7.056962E+00
       734  1.262167E+01
       735  7.182787E+00
       736  1.278143E+01
       737  7.643602E+00
       738  1.289909E+01
       739  2.737523E+00
       740  4.590120E+00
       741  2.737523E+00
       742  4.590120E+00
       743  7.643602E+00
       744  1.289909E+01
       745  7.182787E+00
       746  1.278143E+01
       747  7.056962E+00
       748  1.262167E+01
       749  6.981086E+00
       750  1.255307E+01
       751  9.297848E+01
       752  5.217718E+01
       753  2.415715E+01
       754  8.468062E+00
       755  4.863644E+00
       756  9.297848E+01
       757  5.217718E+01
       758  2.415715E+01
       759  8.468062E+00
       760  4.863644E+00
       761  5.826653E+00
       762  1.043891E+01
       763  5.902616E+00
       764  1.051657E+01
       765  6.030027E+00
       766  1.068612E+01
       767  6.495783E+00
       768  1.080986E+01
       769  2.321839E+00
       770  3.831091E+00
       771  2.321839E+00
       772  3.831091E+00
       773  6.495783E+00
       774  1.080986E+01
       775  6.030027E+00
       776  1.068612E+01
       777  5.902616E+00
       778  1.051657E+01
       779  5.826653E+00
       780  1.043891E+01
       781  7.572360E+01
       782  4.266874E+01
       783  2.006145E+01
       784  7.442502E+00
       785  4.560897E+00
       786  7.572360E+01
       787  4.266874E+01
       788  2.006145E+01
       789  7.442502E+00
       790  4.560897E+00
       791  4.754387E+00
       792  8.481139E+00
       793  4.830616E+00
       794  8.570265E+00
       795  4.960885E+00
       796  8.752287E+00
       797  5.434200E+00
       798  8.883624E+00
       799  1.938244E+00
       800  3.131045E+00
       801  1.938244E+00
       802  3.131045E+00
       803  5.434200E+00
       804  8.883624E+00
       805  4.960885E+00
       806  8.752287E+00
       807  4.830616E+00
       808  8.570265E+00
       809  4.754387E+00
       810  8.481139E+00
       811  6.000469E+01
       812  3.400000E+01
       813  1.632783E+01
       814  6.512119E+00
       815  4.293528E+00
       816  6.000469E+01
       817  3.400000E+01
       818  1.632783E+01
       819  6.512119E+00
       820  4.293528E+00
       821  3.768967E+00
       822  6.705030E+00
       823  3.846208E+00
       824  6.802838E+00
       825  3.981259E+00
       826  6.995286E+00
       827  4.466404E+00
       828  7.133146E+00
       829  1.589242E+00
       830  2.494129E+00
       831  1.589242E+00
       832  2.494129E+00
       833  4.466404E+00
       834  7.133146E+00
       835  3.981259E+00
       836  6.995286E+00
       837  3.846208E+00
       838  6.802838E+00
       839  3.768967E+00
       840  6.705030E+00
       841  4.587538E+01
       842  2.620577E+01
       843  1.298052E+01
       844  5.694741E+00
       845  4.076435E+00
       846  4.587538E+01
       847  2.620577E+01
       848  1.298052E+01
       849  5.694741E+00
       850  4.076435E+00
       851  2.877848E+00
       852  5.151653E+00
       853  2.957549E+00
       854  5.242495E+00
       855  3.099446E+00
       856  5.431796E+00
       857  3.602208E+00
       858  5.569870E+00
       859  1.276870E+00
       860  1.924019E+00
       861  1.276870E+00
       862  1.924019E+00
       863  3.602208E+00
       864  5.569870E+00
       865  3.099446E+00
       866  5.431796E+00
       867  2.957549E+00
       868  5.242495E+00
       869  2.877848E+00
       870  5.151653E+00
       871  3.337494E+01
       872  1.931955E+01
       873  1.005000E+01
       874  5.015719E+00
       875  3.929656E+00
       876  3.337494E+01
       877  1.931955E+01
       878  1.005000E+01
       879  5.015719E+00
       880  3.929656E+00
       881  2.097999E+00
       882  3.877886E+00
       883  2.181644E+00
       884  3.921453E+00
       885  2.329892E+00
       886  4.073095E+00
       887  2.853616E+00
       888  4.196586E+00
       889  1.001797E+00
       890  1.421706E+00
       891  1.001797E+00
       892  1.421706E+00
       893  2.853616E+00
       894  4.196586E+00
       895  2.329892E+00
       896  4.073095E+00
       897  2.181644E+00
       898  3.921453E+00
       899  2.097999E+00
       900  3.877886E+00
       901  2.253668E+01
       902  1.339434E+01
       903  7.586267E+00
       904  4.503512E+00
       905  3.860802E+00
       906  2.253668E+01
       907  1.339434E+01
       908  7.586267E+00
       909  4.503512E+00
       910  3.860802E+00
       911  1.484154E+00
       912  2.952980E+00
       913  1.566663E+00
       914  2.869824E+00
       915  1.706280E+00
       916  2.917654E+00
       917  2.234112E+00
       918  3.001699E+00
       919  7.620167E-01
       920  9.837648E-01
       921  7.620167E-01
       922  9.837648E-01
       923  2.234112E+00
       924  3.001699E+00
       925  1.706280E+00
       926  2.917654E+00
       927  1.566663E+00
       928  2.869824E+00
       929  1.484154E+00
       930  2.952980E+00
       931  1.340255E+01
       932  8.548366E+00
       933  5.688100E+00
       934  4.158162E+00
       935  3.817801E+00
       936  1.340255E+01
       937  8.548366E+00
       938  5.688100E+00
       939  4.158162E+00
       940  3.817801E+00
       941  1.200705E+00
       942  2.465511E+00
       943  1.258051E+00
       944  2.135416E+00
       945  1.328305E+00
       946  1.973938E+00
       947  1.786098E+00
       948  1.981816E+00
       949  5.534698E-01
       950  6.127284E-01
       951  5.534698E-01
       952  6.127284E-01
       953  1.786098E+00
       954  1.981816E+00
       955  1.328305E+00
       956  1.973938E+00
       957  1.258051E+00
       958  2.135416E+00
       959  1.200705E+00
       960  2.465511E+00
       961  6.180440E+00
       962  4.935853E+00
       963  4.392559E+00
       964  3.943548E+00
       965  3.666532E+00
       966  6.180440E+00
       967  4.935853E+00
       968  4.392559E+00
       969  3.943548E+00
       970  3.666532E+00
       971  1.547773E+00
       972  2.441652E+00
       973  1.602545E+00
       974  1.868345E+00
       975  1.521128E+00
       976  1.473535E+00
       977  1.832070E+00
       978  1.392500E+00
       979  3.831015E-01
       980  4.248181E-01
       981  3.831015E-01
       982  4.248181E-01
       983  1.832070E+00
       984  1.392500E+00
       985  1.521128E+00
       986  1.473535E+00
       987  1.602545E+00
       988  1.868345E+00
       989  1.547773E+00
       990  2.441652E+00
       991  1.646195E+00
       992  2.358191E+00
       993  3.218216E+00
       994  3.780227E+00
       995  4.005372E+00
       996  1.646195E+00
       997  2.358191E+00
       998  3.218216E+00
       999  3.780227E+00
      1000  4.005372E+00
      1001  2.244771E+00
      1002  2.383058E+00
      1003  2.509123E+00
      1004  1.998948E+00
      1005  2.756072E+00
      1006  2.033119E+00
      1007  4.066011E+00
      1008  2.674974E+00
      1009  3.662810E-01
      1010  1.266642E+00
      1011  3.662810E-01
      1012  1.266642E+00
      1013  4.066011E+00
      1014  2.674974E+00
      1015  2.756072E+00
      1016  2.033119E+00
      1017  2.509123E+00
      1018  1.998948E+00
      1019  2.244771E+00
      1020  2.383058E+00
      1021  1.091927E-01
      1022  4.279831E-01
      1023  1.150615E+00
      1024  2.779666E+00
      1025  5.773539E+00
      1026  1.091927E-01
      1027  4.279831E-01
      1028  1.150615E+00
      1029  2.779666E+00
      1030  5.773539E+00
      1031  1.746482E+00
      1032  1.915252E+00
      1033  2.277224E+00
      1034  1.862020E+00
      1035  3.765487E+00
      1036  3.799996E+00
      1037  1.223266E+01
      1038  1.022304E+01
      1039  8.375935E-01
      1040  7.224859E+00
      1041  8.375935E-01
      1042  7.224859E+00
      1043  1.223266E+01
      1044  1.022304E+01
      1045  3.765487E+00
      1046  3.799996E+00
      1047  2.277224E+00
      1048  1.862020E+00
      1049  1.746482E+00
      1050  1.915252E+00

                                INCREMENT     8


 displacements (vx,vy,vz) for set TIP_TOP and time  0.6750000E+00

      1703  2.846891E-01 -8.212389E-03 -1.093073E+01
      1704  2.845156E-01 -8.081887E-03 -1.091177E+01
      1707  2.839909E-01 -7.680822E-03 -1.089321E+01
      1710  2.836849E-01 -6.069227E-03 -1.087658E+01
      1712  2.836640E-01 -2.336430E-03 -1.086630E+01
      1714  2.836390E-01 -4.226414E-16 -1.086565E+01
      1716  2.836640E-01  2.336430E-03 -1.086630E+01
      1719  2.836849E-01  6.069227E-03 -1.087658E+01
      1722  2.839909E-01  7.680822E-03 -1.089321E+01
      1725  2.845156E-01  8.081887E-03 -1.091177E+01
      1728  2.846891E-01  8.212389E-03 -1.093073E+01

 forces (fx,fy,fz) for set CLAMP and time  0.6750000E+00

         1  1.709096E+04  1.529544E+04  6.611981E+03
         4  3.083408E+04  5.312252E-10  1.319844E+04
         5  2.273068E+04  2.326524E+04  1.307641E+02
         8  3.997264E+04  2.359138E-09  3.314861E+02
         9  1.525843E+04  1.531007E+04 -6.464842E+02
        12  2.660487E+04  1.076437E-09 -1.226882E+03
        13  8.586778E+03  8.493733E+03 -1.271171E+03
        16  1.491968E+04 -7.378957E-11 -2.468994E+03
        17  2.051923E+03  1.908725E+03 -1.415333E+03
        20  3.505257E+03 -1.925361E-12 -2.776574E+03
        21 -3.619629E+03 -1.445130E+03 -3.691634E+03
        24 -3.855769E+03 -6.187683E-10 -1.745807E+03
        26  1.709096E+04 -1.529544E+04  6.611981E+03
        28  2.273068E+04 -2.326524E+04  1.307641E+02
        30  1.525843E+04 -1.531007E+04 -6.464842E+02
        32  8.586778E+03 -8.493733E+03 -1.271171E+03
        34  2.051923E+03 -1.908725E+03 -1.415333E+03
        36 -3.619629E+03  1.445130E+03 -3.691634E+03
        37 -3.496740E+03 -1.747568E+03 -3.717553E+03
        40 -4.004401E+03 -7.338621E+02 -6.087703E+03
        41 -8.715804E+03 -4.197611E+03 -1.364722E+03
        44 -1.256269E+04 -1.744949E+03 -2.594821E+03
        45 -6.111782E+03 -2.464360E+03  4.594408E+03
        48 -1.030880E+04 -1.012942E+03  8.391461E+03
        50 -3.179491E+03 -6.943928E+02 -5.470540E+03
        52 -1.199235E+04 -1.529530E+03 -2.688405E+03
        54 -1.061585E+04 -8.365106E+02  8.196401E+03
        56 -3.093386E+03 -5.076235E+02 -5.484281E+03
        58 -1.224535E+04 -1.038972E+03 -2.722606E+03
        60 -1.101916E+04 -5.408623E+02  8.402398E+03
        62 -8.614798E+03 -3.976806E+02 -1.747631E+03
        64 -7.727056E+03 -1.937598E+02  5.904146E+03
        66 -4.646382E+03 -3.811400E-11 -8.996576E+02
        68 -4.157328E+03 -1.184856E-10  3.190056E+03
        70 -8.614798E+03  3.976806E+02 -1.747631E+03
        72 -7.727056E+03  1.937598E+02  5.904146E+03
        74 -3.093386E+03  5.076235E+02 -5.484281E+03
        76 -1.224535E+04  1.038972E+03 -2.722606E+03
        78 -1.101916E+04  5.408623E+02  8.402398E+03
        80 -3.179491E+03  6.943928E+02 -5.470540E+03
        82 -1.199235E+04  1.529530E+03 -2.688405E+03
        84 -1.061585E+04  8.365106E+02  8.196401E+03
        86 -4.004401E+03  7.338621E+02 -6.087703E+03
        88 -1.256269E+04  1.744949E+03 -2.594821E+03
        90 -1.030880E+04  1.012942E+03  8.391461E+03
        92 -3.496740E+03  1.747568E+03 -3.717553E+03
        94 -8.715804E+03  4.197611E+03 -1.364722E+03
        96 -6.111782E+03  2.464360E+03  4.594408E+03

 internal energy (element, energy) for set EALL and time  0.6750000E+00

         1  7.849156E+02
         2  3.590496E+02
         3  1.436268E+02
         4  3.195041E+01
         5  7.626198E+00
         6  7.849156E+02
         7  3.590496E+02
         8  1.436268E+02
         9  3.195041E+01
        10  7.626198E+00
        11  4.711195E+01
        12  8.486298E+01
        13  3.549815E+01
        14  7.236890E+01
        15  3.383931E+01
        16  7.262590E+01
        17  3.562217E+01
        18  7.559275E+01
        19  1.353039E+01
        20  2.827385E+01
        21  1.353039E+01
        22  2.827385E+01
        23  3.562217E+01
        24  7.559275E+01
        25  3.383931E+01
        26  7.262590E+01
        27  3.549815E+01
        28  7.236890E+01
        29  4.711195E+01
        30  8.486298E+01
        31  7.963248E+02
        32  4.507636E+02
        33  1.832007E+02
        34  4.261964E+01
        35  1.238194E+01
        36  7.963248E+02
        37  4.507636E+02
        38  1.832007E+02
        39  4.261964E+01
        40  1.238194E+01
        41  3.950592E+01
        42  8.194099E+01
        43  4.279337E+01
        44  8.616014E+01
        45  4.259896E+01
        46  8.562573E+01
        47  4.537001E+01
        48  8.847433E+01
        49  1.726674E+01
        50  3.288066E+01
        51  1.726674E+01
        52  3.288066E+01
        53  4.537001E+01
        54  8.847433E+01
        55  4.259896E+01
        56  8.562573E+01
        57  4.279337E+01
        58  8.616014E+01
        59  3.950592E+01
        60  8.194099E+01
        61  7.928962E+02
        62  4.487265E+02
        63  1.956397E+02
        64  4.858409E+01
        65  1.527086E+01
        66  7.928962E+02
        67  4.487265E+02
        68  1.956397E+02
        69  4.858409E+01
        70  1.527086E+01
        71  3.832249E+01
        72  8.291049E+01
        73  4.324138E+01
        74  8.925655E+01
        75  4.586206E+01
        76  9.242967E+01
        77  4.839932E+01
        78  9.500152E+01
        79  1.802370E+01
        80  3.494391E+01
        81  1.802370E+01
        82  3.494391E+01
        83  4.839932E+01
        84  9.500152E+01
        85  4.586206E+01
        86  9.242967E+01
        87  4.324138E+01
        88  8.925655E+01
        89  3.832249E+01
        90  8.291049E+01
        91  9.480018E+02
        92  5.301424E+02
        93  2.322705E+02
        94  6.067808E+01
        95  2.116394E+01
        96  9.480018E+02
        97  5.301424E+02
        98  2.322705E+02
        99  6.067808E+01
       100  2.116394E+01
       101  5.228664E+01
       102  9.743796E+01
       103  5.574104E+01
       104  1.021496E+02
       105  5.861107E+01
       106  1.059882E+02
       107  6.043073E+01
       108  1.079948E+02
       109  2.186300E+01
       110  3.923382E+01
       111  2.186300E+01
       112  3.923382E+01
       113  6.043073E+01
       114  1.079948E+02
       115  5.861107E+01
       116  1.059882E+02
       117  5.574104E+01
       118  1.021496E+02
       119  5.228664E+01
       120  9.743796E+01
       121  9.538789E+02
       122  5.286795E+02
       123  2.300519E+02
       124  6.000416E+01
       125  2.072383E+01
       126  9.538789E+02
       127  5.286795E+02
       128  2.300519E+02
       129  6.000416E+01
       130  2.072383E+01
       131  5.564903E+01
       132  1.014823E+02
       133  5.702347E+01
       134  1.035762E+02
       135  5.842111E+01
       136  1.056950E+02
       137  5.946913E+01
       138  1.067238E+02
       139  2.147196E+01
       140  3.866700E+01
       141  2.147196E+01
       142  3.866700E+01
       143  5.946913E+01
       144  1.067238E+02
       145  5.842111E+01
       146  1.056950E+02
       147  5.702347E+01
       148  1.035762E+02
       149  5.564903E+01
       150  1.014823E+02
       151  9.063618E+02
       152  4.997879E+02
       153  2.165632E+02
       154  5.626914E+01
       155  1.904962E+01
       156  9.063618E+02
       157  4.997879E+02
       158  2.165632E+02
       159  5.626914E+01
       160  1.904962E+01
       161  5.388273E+01
       162  9.948481E+01
       163  5.417717E+01
       164  9.990147E+01
       165  5.466715E+01
       166  1.005418E+02
       167  5.542705E+01
       168  1.008332E+02
       169  2.009354E+01
       170  3.649485E+01
       171  2.009354E+01
       172  3.649485E+01
       173  5.542705E+01
       174  1.008332E+02
       175  5.466715E+01
       176  1.005418E+02
       177  5.417717E+01
       178  9.990147E+01
       179  5.388273E+01
       180  9.948481E+01
       181  8.582401E+02
       182  4.730550E+02
       183  2.049185E+02
       184  5.341366E+01
       185  1.814582E+01
       186  8.582401E+02
       187  4.730550E+02
       188  2.049185E+02
       189  5.341366E+01
       190  1.814582E+01
       191  5.137411E+01
       192  9.532711E+01
       193  5.141168E+01
       194  9.516478E+01
       195  5.161110E+01
       196  9.518001E+01
       197  5.223839E+01
       198  9.517151E+01
       199  1.894014E+01
       200  3.442525E+01
       201  1.894014E+01
       202  3.442525E+01
       203  5.223839E+01
       204  9.517151E+01
       205  5.161110E+01
       206  9.518001E+01
       207  5.141168E+01
       208  9.516478E+01
       209  5.137411E+01
       210  9.532711E+01
       211  8.109680E+02
       212  4.470926E+02
       213  1.938524E+02
       214  5.076815E+01
       215  1.742885E+01
       216  8.109680E+02
       217  4.470926E+02
       218  1.938524E+02
       219  5.076815E+01
       220  1.742885E+01
       221  4.866414E+01
       222  9.020978E+01
       223  4.870212E+01
       224  9.000585E+01
       225  4.884432E+01
       226  8.993540E+01
       227  4.942128E+01
       228  8.989983E+01
       229  1.790584E+01
       230  3.251218E+01
       231  1.790584E+01
       232  3.251218E+01
       233  4.942128E+01
       234  8.989983E+01
       235  4.884432E+01
       236  8.993540E+01
       237  4.870212E+01
       238  9.000585E+01
       239  4.866414E+01
       240  9.020978E+01
       241  7.644769E+02
       242  4.215475E+02
       243  1.829555E+02
       244  4.816342E+01
       245  1.676280E+01
       246  7.644769E+02
       247  4.215475E+02
       248  1.829555E+02
       249  4.816342E+01
       250  1.676280E+01
       251  4.594596E+01
       252  8.489423E+01
       253  4.601467E+01
       254  8.478797E+01
       255  4.615975E+01
       256  8.479832E+01
       257  4.673021E+01
       258  8.481734E+01
       259  1.692130E+01
       260  3.067326E+01
       261  1.692130E+01
       262  3.067326E+01
       263  4.673021E+01
       264  8.481734E+01
       265  4.615975E+01
       266  8.479832E+01
       267  4.601467E+01
       268  8.478797E+01
       269  4.594596E+01
       270  8.489423E+01
       271  7.186419E+02
       272  3.963712E+02
       273  1.722069E+02
       274  4.558827E+01
       275  1.610648E+01
       276  7.186419E+02
       277  3.963712E+02
       278  1.722069E+02
       279  4.558827E+01
       280  1.610648E+01
       281  4.326757E+01
       282  7.967063E+01
       283  4.335336E+01
       284  7.965146E+01
       285  4.350739E+01
       286  7.974668E+01
       287  4.408214E+01
       288  7.982265E+01
       289  1.595574E+01
       290  2.886625E+01
       291  1.595574E+01
       292  2.886625E+01
       293  4.408214E+01
       294  7.982265E+01
       295  4.350739E+01
       296  7.974668E+01
       297  4.335336E+01
       298  7.965146E+01
       299  4.326757E+01
       300  7.967063E+01
       301  6.734717E+02
       302  3.715720E+02
       303  1.616185E+02
       304  4.304655E+01
       305  1.545021E+01
       306  6.734717E+02
       307  3.715720E+02
       308  1.616185E+02
       309  4.304655E+01
       310  1.545021E+01
       311  4.063083E+01
       312  7.460441E+01
       313  4.072256E+01
       314  7.463675E+01
       315  4.088095E+01
       316  7.478623E+01
       317  4.146012E+01
       318  7.489943E+01
       319  1.500168E+01
       320  2.708227E+01
       321  1.500168E+01
       322  2.708227E+01
       323  4.146012E+01
       324  7.489943E+01
       325  4.088095E+01
       326  7.478623E+01
       327  4.072256E+01
       328  7.463675E+01
       329  4.063083E+01
       330  7.460441E+01
       331  6.290364E+02
       332  3.471816E+02
       333  1.512044E+02
       334  4.054198E+01
       335  1.479420E+01
       336  6.290364E+02
       337  3.471816E+02
       338  1.512044E+02
       339  4.054198E+01
       340  1.479420E+01
       341  3.803339E+01
       342  6.968679E+01
       343  3.812640E+01
       344  6.974472E+01
       345  3.828604E+01
       346  6.992206E+01
       347  3.886855E+01
       348  7.005423E+01
       349  1.405970E+01
       350  2.532388E+01
       351  1.405970E+01
       352  2.532388E+01
       353  3.886855E+01
       354  7.005423E+01
       355  3.828604E+01
       356  6.992206E+01
       357  3.812640E+01
       358  6.974472E+01
       359  3.803339E+01
       360  6.968679E+01
       361  5.854226E+02
       362  3.232418E+02
       363  1.409805E+02
       364  3.807770E+01
       365  1.414061E+01
       366  5.854226E+02
       367  3.232418E+02
       368  1.409805E+02
       369  3.807770E+01
       370  1.414061E+01
       371  3.547624E+01
       372  6.489763E+01
       373  3.556951E+01
       374  6.496669E+01
       375  3.572949E+01
       376  6.515613E+01
       377  3.631504E+01
       378  6.529611E+01
       379  1.313210E+01
       380  2.359544E+01
       381  1.313210E+01
       382  2.359544E+01
       383  3.631504E+01
       384  6.529611E+01
       385  3.572949E+01
       386  6.515613E+01
       387  3.556951E+01
       388  6.496669E+01
       389  3.547624E+01
       390  6.489763E+01
       391  5.427137E+02
       392  2.997948E+02
       393  1.309632E+02
       394  3.565706E+01
       395  1.349169E+01
       396  5.427137E+02
       397  2.997948E+02
       398  1.309632E+02
       399  3.565706E+01
       400  1.349169E+01
       401  3.296312E+01
       402  6.022296E+01
       403  3.305685E+01
       404  6.029621E+01
       405  3.321732E+01
       406  6.049013E+01
       407  3.380617E+01
       408  6.063264E+01
       409  1.222101E+01
       410  2.190065E+01
       411  1.222101E+01
       412  2.190065E+01
       413  3.380617E+01
       414  6.063264E+01
       415  3.321732E+01
       416  6.049013E+01
       417  3.305685E+01
       418  6.029621E+01
       419  3.296312E+01
       420  6.022296E+01
       421  5.009855E+02
       422  2.768810E+02
       423  1.211687E+02
       424  3.328396E+01
       425  1.284938E+01
       426  5.009855E+02
       427  2.768810E+02
       428  1.211687E+02
       429  3.328396E+01
       430  1.284938E+01
       431  3.049877E+01
       432  5.565732E+01
       433  3.059334E+01
       434  5.573198E+01
       435  3.075467E+01
       436  5.592741E+01
       437  3.134720E+01
       438  5.607063E+01
       439  1.132820E+01
       440  2.024253E+01
       441  1.132820E+01
       442  2.024253E+01
       443  3.134720E+01
       444  5.607063E+01
       445  3.075467E+01
       446  5.592741E+01
       447  3.059334E+01
       448  5.573198E+01
       449  3.049877E+01
       450  5.565732E+01
       451  4.603086E+02
       452  2.545395E+02
       453  1.116138E+02
       454  3.096270E+01
       455  1.221543E+01
       456  4.603086E+02
       457  2.545395E+02
       458  1.116138E+02
       459  3.096270E+01
       460  1.221543E+01
       461  2.808803E+01
       462  5.120177E+01
       463  2.818370E+01
       464  5.127704E+01
       465  2.834617E+01
       466  5.147326E+01
       467  2.894269E+01
       468  5.161693E+01
       469  1.045522E+01
       470  1.862379E+01
       471  1.045522E+01
       472  1.862379E+01
       473  2.894269E+01
       474  5.161693E+01
       475  2.834617E+01
       476  5.147326E+01
       477  2.818370E+01
       478  5.127704E+01
       479  2.808803E+01
       480  5.120177E+01
       481  4.207527E+02
       482  2.328090E+02
       483  1.023153E+02
       484  2.869777E+01
       485  1.159146E+01
       486  4.207527E+02
       487  2.328090E+02
       488  1.023153E+02
       489  2.869777E+01
       490  1.159146E+01
       491  2.573565E+01
       492  4.686149E+01
       493  2.583254E+01
       494  4.693734E+01
       495  2.599631E+01
       496  4.713444E+01
       497  2.659699E+01
       498  4.727884E+01
       499  9.603617E+00
       500  1.704712E+01
       501  9.603617E+00
       502  1.704712E+01
       503  2.659699E+01
       504  4.727884E+01
       505  2.599631E+01
       506  4.713444E+01
       507  2.583254E+01
       508  4.693734E+01
       509  2.573565E+01
       510  4.686149E+01
       511  3.823884E+02
       512  2.117290E+02
       513  9.329058E+01
       514  2.649382E+01
       515  1.097903E+01
       516  3.823884E+02
       517  2.117290E+02
       518  9.329058E+01
       519  2.649382E+01
       520  1.097903E+01
       521  2.344632E+01
       522  4.264393E+01
       523  2.354447E+01
       524  4.272049E+01
       525  2.370959E+01
       526  4.291871E+01
       527  2.431455E+01
       528  4.306415E+01
       529  8.774979E+00
       530  1.551537E+01
       531  8.774979E+00
       532  1.551537E+01
       533  2.431455E+01
       534  4.306415E+01
       535  2.370959E+01
       536  4.291871E+01
       537  2.354447E+01
       538  4.272049E+01
       539  2.344632E+01
       540  4.264393E+01
       541  3.452894E+02
       542  1.913405E+02
       543  8.455752E+01
       544  2.435561E+01
       545  1.037971E+01
       546  3.452894E+02
       547  1.913405E+02
       548  8.455752E+01
       549  2.435561E+01
       550  1.037971E+01
       551  2.122489E+01
       552  3.855768E+01
       553  2.132428E+01
       554  3.863502E+01
       555  2.149075E+01
       556  3.883452E+01
       557  2.209999E+01
       558  3.898118E+01
       559  7.970983E+00
       560  1.403150E+01
       561  7.970983E+00
       562  1.403150E+01
       563  2.209999E+01
       564  3.898118E+01
       565  2.149075E+01
       566  3.883452E+01
       567  2.132428E+01
       568  3.863502E+01
       569  2.122489E+01
       570  3.855768E+01
       571  3.095331E+02
       572  1.716864E+02
       573  7.613490E+01
       574  2.228806E+01
       575  9.795132E+00
       576  3.095331E+02
       577  1.716864E+02
       578  7.613490E+01
       579  2.228806E+01
       580  9.795132E+00
       581  1.907638E+01
       582  3.461184E+01
       583  1.917697E+01
       584  3.468997E+01
       585  1.934474E+01
       586  3.489077E+01
       587  1.995825E+01
       588  3.503873E+01
       589  7.193409E+00
       590  1.259871E+01
       591  7.193409E+00
       592  1.259871E+01
       593  1.995825E+01
       594  3.503873E+01
       595  1.934474E+01
       596  3.489077E+01
       597  1.917697E+01
       598  3.468997E+01
       599  1.907638E+01
       600  3.461184E+01
       601  2.752012E+02
       602  1.528119E+02
       603  6.804234E+01
       604  2.029630E+01
       605  9.226964E+00
       606  2.752012E+02
       607  1.528119E+02
       608  6.804234E+01
       609  2.029630E+01
       610  9.226964E+00
       611  1.700616E+01
       612  3.081567E+01
       613  1.710787E+01
       614  3.089462E+01
       615  1.727683E+01
       616  3.109677E+01
       617  1.789453E+01
       618  3.124608E+01
       619  6.444151E+00
       620  1.122036E+01
       621  6.444151E+00
       622  1.122036E+01
       623  1.789453E+01
       624  3.124608E+01
       625  1.727683E+01
       626  3.109677E+01
       627  1.710787E+01
       628  3.089462E+01
       629  1.700616E+01
       630  3.081567E+01
       631  2.423799E+02
       632  1.347647E+02
       633  6.030049E+01
       634  1.838563E+01
       635  8.676967E+00
       636  2.423799E+02
       637  1.347647E+02
       638  6.030049E+01
       639  1.838563E+01
       640  8.676967E+00
       641  1.501985E+01
       642  2.717828E+01
       643  1.512256E+01
       644  2.725835E+01
       645  1.529260E+01
       646  2.746218E+01
       647  1.591438E+01
       648  2.761303E+01
       649  5.725236E+00
       650  9.900023E+00
       651  5.725236E+00
       652  9.900023E+00
       653  1.591438E+01
       654  2.761303E+01
       655  1.529260E+01
       656  2.746218E+01
       657  1.512256E+01
       658  2.725835E+01
       659  1.501985E+01
       660  2.717828E+01
       661  2.111612E+02
       662  1.175955E+02
       663  5.293095E+01
       664  1.656150E+01
       665  8.147013E+00
       666  2.111612E+02
       667  1.175955E+02
       668  5.293095E+01
       669  1.656150E+01
       670  8.147013E+00
       671  1.312338E+01
       672  2.370834E+01
       673  1.322690E+01
       674  2.379054E+01
       675  1.339791E+01
       676  2.399705E+01
       677  1.402371E+01
       678  2.415003E+01
       679  5.038859E+00
       680  8.641545E+00
       681  5.038859E+00
       682  8.641545E+00
       683  1.402371E+01
       684  2.415003E+01
       685  1.339791E+01
       686  2.399705E+01
       687  1.322690E+01
       688  2.379054E+01
       689  1.312338E+01
       690  2.370834E+01
       691  1.816434E+02
       692  1.013575E+02
       693  4.595631E+01
       694  1.482955E+01
       695  7.639240E+00
       696  1.816434E+02
       697  1.013575E+02
       698  4.595631E+01
       699  1.482955E+01
       700  7.639240E+00
       701  1.132279E+01
       702  2.041415E+01
       703  1.142687E+01
       704  2.050062E+01
       705  1.159886E+01
       706  2.071201E+01
       707  1.222885E+01
       708  2.086841E+01
       709  4.387446E+00
       710  7.449099E+00
       711  4.387446E+00
       712  7.449099E+00
       713  1.222885E+01
       714  2.086841E+01
       715  1.159886E+01
       716  2.071201E+01
       717  1.142687E+01
       718  2.050062E+01
       719  1.132279E+01
       720  2.041415E+01
       721  1.539309E+02
       722  8.610691E+01
       723  3.940013E+01
       724  1.319580E+01
       725  7.156438E+00
       726  1.539309E+02
       727  8.610691E+01
       728  3.940013E+01
       729  1.319580E+01
       730  7.156438E+00
       731  9.624046E+00
       732  1.730437E+01
       733  9.728424E+00
       734  1.739874E+01
       735  9.901709E+00
       736  1.761875E+01
       737  1.053665E+01
       738  1.778077E+01
       739  3.773728E+00
       740  6.327286E+00
       741  3.773728E+00
       742  6.327286E+00
       743  1.053665E+01
       744  1.778077E+01
       745  9.901709E+00
       746  1.761875E+01
       747  9.728424E+00
       748  1.739874E+01
       749  9.624046E+00
       750  1.730437E+01
       751  1.281323E+02
       752  7.190170E+01
       753  3.328709E+01
       754  1.166744E+01
       755  6.702849E+00
       756  1.281323E+02
       757  7.190170E+01
       758  3.328709E+01
       759  1.166744E+01
       760  6.702849E+00
       761  8.032881E+00
       762  1.439057E+01
       763  8.137412E+00
       764  1.449746E+01
       765  8.312899E+00
       766  1.473097E+01
       767  8.954659E+00
       768  1.490140E+01
       769  3.200802E+00
       770  5.281192E+00
       771  3.200802E+00
       772  5.281192E+00
       773  8.954659E+00
       774  1.490140E+01
       775  8.312899E+00
       776  1.473097E+01
       777  8.137412E+00
       778  1.449746E+01
       779  8.032881E+00
       780  1.439057E+01
       781  1.043548E+02
       782  5.879938E+01
       783  2.764365E+01
       784  1.025449E+01
       785  6.285624E+00
       786  1.043548E+02
       787  5.879938E+01
       788  2.764365E+01
       789  1.025449E+01
       790  6.285624E+00
       791  6.554937E+00
       792  1.169223E+01
       793  6.659861E+00
       794  1.181495E+01
       795  6.839299E+00
       796  1.206568E+01
       797  7.491479E+00
       798  1.224658E+01
       799  2.672091E+00
       800  4.316360E+00
       801  2.672091E+00
       802  4.316360E+00
       803  7.491479E+00
       804  1.224658E+01
       805  6.839299E+00
       806  1.206568E+01
       807  6.659861E+00
       808  1.181495E+01
       809  6.554937E+00
       810  1.169223E+01
       811  8.269372E+01
       812  4.685399E+01
       813  2.249907E+01
       814  8.972663E+00
       815  5.917140E+00
       816  8.269372E+01
       817  4.685399E+01
       818  2.249907E+01
       819  8.972663E+00
       820  5.917140E+00
       821  5.196659E+00
       822  9.244197E+00
       823  5.302999E+00
       824  9.378909E+00
       825  5.489036E+00
       826  9.644028E+00
       827  6.157513E+00
       828  9.833921E+00
       829  2.191042E+00
       830  3.438506E+00
       831  2.191042E+00
       832  3.438506E+00
       833  6.157513E+00
       834  9.833921E+00
       835  5.489036E+00
       836  9.644028E+00
       837  5.302999E+00
       838  9.378909E+00
       839  5.196659E+00
       840  9.244197E+00
       841  6.322289E+01
       842  3.611355E+01
       843  1.788674E+01
       844  7.846524E+00
       845  5.617926E+00
       846  6.322289E+01
       847  3.611355E+01
       848  1.788674E+01
       849  7.846524E+00
       850  5.617926E+00
       851  3.968308E+00
       852  7.103062E+00
       853  4.078059E+00
       854  7.228200E+00
       855  4.273540E+00
       856  7.489003E+00
       857  4.966294E+00
       858  7.679197E+00
       859  1.760466E+00
       860  2.652698E+00
       861  1.760466E+00
       862  2.652698E+00
       863  4.966294E+00
       864  7.679197E+00
       865  4.273540E+00
       866  7.489003E+00
       867  4.078059E+00
       868  7.228200E+00
       869  3.968308E+00
       870  7.103062E+00
       871  4.599650E+01
       872  2.662421E+01
       873  1.384866E+01
       874  6.911011E+00
       875  5.415602E+00
       876  4.599650E+01
       877  2.662421E+01
       878  1.384866E+01
       879  6.911011E+00
       880  5.415602E+00
       881  2.893250E+00
       882  5.347238E+00
       883  3.008460E+00
       884  5.407245E+00
       885  3.212717E+00
       886  5.616164E+00
       887  3.934369E+00
       888  5.786268E+00
       889  1.381283E+00
       890  1.960312E+00
       891  1.381283E+00
       892  1.960312E+00
       893  3.934369E+00
       894  5.786268E+00
       895  3.212717E+00
       896  5.616164E+00
       897  3.008460E+00
       898  5.407245E+00
       899  2.893250E+00
       900  5.347238E+00
       901  3.106045E+01
       902  1.845905E+01
       903  1.045376E+01
       904  6.205360E+00
       905  5.320662E+00
       906  3.106045E+01
       907  1.845905E+01
       908  1.045376E+01
       909  6.205360E+00
       910  5.320662E+00
       911  2.046894E+00
       912  4.072222E+00
       913  2.160570E+00
       914  3.957572E+00
       915  2.352973E+00
       916  4.023423E+00
       917  3.080333E+00
       918  4.139168E+00
       919  1.050730E+00
       920  1.356631E+00
       921  1.050730E+00
       922  1.356631E+00
       923  3.080333E+00
       924  4.139168E+00
       925  2.352973E+00
       926  4.023423E+00
       927  2.160570E+00
       928  3.957572E+00
       929  2.046894E+00
       930  4.072222E+00
       931  1.847252E+01
       932  1.178099E+01
       933  7.838204E+00
       934  5.729656E+00
       935  5.261364E+00
       936  1.847252E+01
       937  1.178099E+01
       938  7.838204E+00
       939  5.729656E+00
       940  5.261364E+00
       941  1.655809E+00
       942  3.400181E+00
       943  1.734826E+00
       944  2.945111E+00
       945  1.831691E+00
       946  2.722442E+00
       947  2.462603E+00
       948  2.733206E+00
       949  7.632082E-01
       950  8.451386E-01
       951  7.632082E-01
       952  8.451386E-01
       953  2.462603E+00
       954  2.733206E+00
       955  1.831691E+00
       956  2.722442E+00
       957  1.734826E+00
       958  2.945111E+00
       959  1.655809E+00
       960  3.400181E+00
       961  8.519065E+00
       962  6.802652E+00
       963  6.053180E+00
       964  5.434118E+00
       965  5.052817E+00
       966  8.519065E+00
       967  6.802652E+00
       968  6.053180E+00
       969  5.434118E+00
       970  5.052817E+00
       971  2.133709E+00
       972  3.367345E+00
       973  2.209189E+00
       974  2.576904E+00
       975  2.097036E+00
       976  2.032485E+00
       977  2.525543E+00
       978  1.920557E+00
       979  5.282875E-01
       980  5.859773E-01
       981  5.282875E-01
       982  5.859773E-01
       983  2.525543E+00
       984  1.920557E+00
       985  2.097036E+00
       986  2.032485E+00
       987  2.209189E+00
       988  2.576904E+00
       989  2.133709E+00
       990  3.367345E+00
       991  2.269366E+00
       992  3.250419E+00
       993  4.435402E+00
       994  5.209433E+00
       995  5.519456E+00
       996  2.269366E+00
       997  3.250419E+00
       998  4.435402E+00
       999  5.209433E+00
      1000  5.519456E+00
      1001  3.094165E+00
      1002  3.286480E+00
      1003  3.458523E+00
      1004  2.756912E+00
      1005  3.798911E+00
      1006  2.803521E+00
      1007  5.603998E+00
      1008  3.687618E+00
      1009  5.049879E-01
      1010  1.745827E+00
      1011  5.049879E-01
      1012  1.745827E+00
      1013  5.603998E+00
      1014  3.687618E+00
      1015  3.798911E+00
      1016  2.803521E+00
      1017  3.458523E+00
      1018  2.756912E+00
      1019  3.094165E+00
      1020  3.286480E+00
      1021  1.505624E-01
      1022  5.900633E-01
      1023  1.586233E+00
      1024  3.831695E+00
      1025  7.957769E+00
      1026  1.505624E-01
      1027  5.900633E-01
      1028  1.586233E+00
      1029  3.831695E+00
      1030  7.957769E+00
      1031  2.407438E+00
      1032  2.641451E+00
      1033  3.138851E+00
      1034  2.567480E+00
      1035  5.190085E+00
      1036  5.238083E+00
      1037  1.685963E+01
      1038  1.409025E+01
      1039  1.154430E+00
      1040  9.957847E+00
      1041  1.154430E+00
      1042  9.957847E+00
      1043  1.685963E+01
      1044  1.409025E+01
      1045  5.190085E+00
      1046  5.238083E+00
      1047  3.138851E+00
      1048  2.567480E+00
      1049  2.407438E+00
      1050  2.641451E+00

                                INCREMENT     9


 displacements (vx,vy,vz) for set TIP_TOP and time  0.7750000E+00

      1703  3.208049E-01 -9.425709E-03 -1.254963E+01
      1704  3.206314E-01 -9.277154E-03 -1.252786E+01
      1707  3.200547E-01 -8.817829E-03 -1.250654E+01
      1710  3.197264E-01 -6.968337E-03 -1.248744E+01
      1712  3.197171E-01 -2.682706E-03 -1.247564E+01
      1714  3.196895E-01  4.538167E-14 -1.247490E+01
      1716  3.197171E-01  2.682706E-03 -1.247564E+01
      1719  3.197264E-01  6.968337E-03 -1.248744E+01
      1722  3.200547E-01  8.817829E-03 -1.250654E+01
      1725  3.206314E-01  9.277154E-03 -1.252786E+01
      1728  3.208049E-01  9.425709E-03 -1.254963E+01

 forces (fx,fy,fz) for set CLAMP and time  0.7750000E+00

         1  1.962367E+04  1.755818E+04  7.589616E+03
         4  3.540233E+04  6.170001E-11  1.515004E+04
         5  2.609837E+04  2.670761E+04  1.489902E+02
         8  4.589334E+04 -8.169896E-10  3.784671E+02
         9  1.751875E+04  1.757579E+04 -7.433094E+02
        12  3.054526E+04 -2.762276E-09 -1.410651E+03
        13  9.858541E+03  9.750798E+03 -1.460225E+03
        16  1.712905E+04 -1.065978E-08 -2.836190E+03
        17  2.355682E+03  2.190976E+03 -1.625413E+03
        20  4.024009E+03 -6.827710E-10 -3.188704E+03
        21 -4.155739E+03 -1.659440E+03 -4.238688E+03
        24 -4.426936E+03  3.655738E-09 -2.004741E+03
        26  1.962367E+04 -1.755818E+04  7.589616E+03
        28  2.609837E+04 -2.670761E+04  1.489902E+02
        30  1.751875E+04 -1.757579E+04 -7.433094E+02
        32  9.858541E+03 -9.750798E+03 -1.460225E+03
        34  2.355682E+03 -2.190976E+03 -1.625413E+03
        36 -4.155739E+03  1.659440E+03 -4.238688E+03
        37 -4.009891E+03 -2.006076E+03 -4.266459E+03
        40 -4.589943E+03 -8.431467E+02 -6.986715E+03
        41 -1.000683E+04 -4.819605E+03 -1.568266E+03
        44 -1.442400E+04 -2.003369E+03 -2.981601E+03
        45 -7.021767E+03 -2.829970E+03  5.277283E+03
        48 -1.184360E+04 -1.162353E+03  9.638256E+03
        50 -3.646039E+03 -7.978209E+02 -6.279354E+03
        52 -1.376916E+04 -1.755970E+03 -3.088041E+03
        54 -1.219288E+04 -9.597260E+02  9.412992E+03
        56 -3.550029E+03 -5.831953E+02 -6.296222E+03
        58 -1.405953E+04 -1.192696E+03 -3.126485E+03
        60 -1.265295E+04 -6.204186E+02  9.648305E+03
        62 -9.890957E+03 -4.564807E+02 -2.006711E+03
        64 -8.871480E+03 -2.222321E+02  6.779071E+03
        66 -5.334677E+03  9.663905E-10 -1.033035E+03
        68 -4.772858E+03 -3.386303E-11  3.662688E+03
        70 -9.890957E+03  4.564807E+02 -2.006711E+03
        72 -8.871480E+03  2.222321E+02  6.779071E+03
        74 -3.550029E+03  5.831953E+02 -6.296222E+03
        76 -1.405953E+04  1.192696E+03 -3.126485E+03
        78 -1.265295E+04  6.204186E+02  9.648305E+03
        80 -3.646039E+03  7.978209E+02 -6.279354E+03
        82 -1.376916E+04  1.755970E+03 -3.088041E+03
        84 -1.219288E+04  9.597260E+02  9.412992E+03
        86 -4.589943E+03  8.431467E+02 -6.986715E+03
        88 -1.442400E+04  2.003369E+03 -2.981601E+03
        90 -1.184360E+04  1.162353E+03  9.638256E+03
        92 -4.009891E+03  2.006076E+03 -4.266459E+03
        94 -1.000683E+04  4.819605E+03 -1.568266E+03
        96 -7.021767E+03  2.829970E+03  5.277283E+03

 internal energy (element, energy) for set EALL and time  0.7750000E+00

         1  1.034573E+03
         2  4.732447E+02
         3  1.893033E+02
         4  4.210954E+01
         5  1.005355E+01
         6  1.034573E+03
         7  4.732447E+02
         8  1.893033E+02
         9  4.210954E+01
        10  1.005355E+01
        11  6.208717E+01
        12  1.119216E+02
        13  4.678912E+01
        14  9.543390E+01
        15  4.460696E+01
        16  9.575561E+01
        17  4.695874E+01
        18  9.965345E+01
        19  1.783656E+01
        20  3.727139E+01
        21  1.783656E+01
        22  3.727139E+01
        23  4.695874E+01
        24  9.965345E+01
        25  4.460696E+01
        26  9.575561E+01
        27  4.678912E+01
        28  9.543390E+01
        29  6.208717E+01
        30  1.119216E+02
        31  1.049639E+03
        32  5.941179E+02
        33  2.414472E+02
        34  5.616346E+01
        35  1.632274E+01
        36  1.049639E+03
        37  5.941179E+02
        38  2.414472E+02
        39  5.616346E+01
        40  1.632274E+01
        41  5.208158E+01
        42  1.080270E+02
        43  5.641744E+01
        44  1.135828E+02
        45  5.616105E+01
        46  1.128760E+02
        47  5.981286E+01
        48  1.166320E+02
        49  2.276299E+01
        50  4.334609E+01
        51  2.276299E+01
        52  4.334609E+01
        53  5.981286E+01
        54  1.166320E+02
        55  5.616105E+01
        56  1.128760E+02
        57  5.641744E+01
        58  1.135828E+02
        59  5.208158E+01
        60  1.080270E+02
        61  1.045141E+03
        62  5.914401E+02
        63  2.578391E+02
        64  6.402136E+01
        65  2.013106E+01
        66  1.045141E+03
        67  5.914401E+02
        68  2.578391E+02
        69  6.402136E+01
        70  2.013106E+01
        71  5.052673E+01
        72  1.092834E+02
        73  5.701070E+01
        74  1.176504E+02
        75  6.046497E+01
        76  1.218379E+02
        77  6.380995E+01
        78  1.252349E+02
        79  2.376148E+01
        80  4.606656E+01
        81  2.376148E+01
        82  4.606656E+01
        83  6.380995E+01
        84  1.252349E+02
        85  6.046497E+01
        86  1.218379E+02
        87  5.701070E+01
        88  1.176504E+02
        89  5.052673E+01
        90  1.092834E+02
        91  1.249588E+03
        92  6.987521E+02
        93  3.061172E+02
        94  7.995908E+01
        95  2.789971E+01
        96  1.249588E+03
        97  6.987521E+02
        98  3.061172E+02
        99  7.995908E+01
       100  2.789971E+01
       101  6.893758E+01
       102  1.284305E+02
       103  7.348950E+01
       104  1.346453E+02
       105  7.727245E+01
       106  1.397117E+02
       107  7.967346E+01
       108  1.423645E+02
       109  2.882330E+01
       110  5.172227E+01
       111  2.882330E+01
       112  5.172227E+01
       113  7.967346E+01
       114  1.423645E+02
       115  7.727245E+01
       116  1.397117E+02
       117  7.348950E+01
       118  1.346453E+02
       119  6.893758E+01
       120  1.284305E+02
       121  1.257328E+03
       122  6.968243E+02
       123  3.031953E+02
       124  7.907252E+01
       125  2.732019E+01
       126  1.257328E+03
       127  6.968243E+02
       128  3.031953E+02
       129  7.907252E+01
       130  2.732019E+01
       131  7.337021E+01
       132  1.337659E+02
       133  7.517991E+01
       134  1.365294E+02
       135  7.702182E+01
       136  1.393277E+02
       137  7.840616E+01
       138  1.406901E+02
       139  2.830797E+01
       140  5.097502E+01
       141  2.830797E+01
       142  5.097502E+01
       143  7.840616E+01
       144  1.406901E+02
       145  7.702182E+01
       146  1.393277E+02
       147  7.517991E+01
       148  1.365294E+02
       149  7.337021E+01
       150  1.337659E+02
       151  1.194688E+03
       152  6.587433E+02
       153  2.854194E+02
       154  7.415152E+01
       155  2.511288E+01
       156  1.194688E+03
       157  6.587433E+02
       158  2.854194E+02
       159  7.415152E+01
       160  2.511288E+01
       161  7.104114E+01
       162  1.311392E+02
       163  7.142715E+01
       164  1.316898E+02
       165  7.207238E+01
       166  1.325370E+02
       167  7.307568E+01
       168  1.329249E+02
       169  2.649066E+01
       170  4.811095E+01
       171  2.649066E+01
       172  4.811095E+01
       173  7.307568E+01
       174  1.329249E+02
       175  7.207238E+01
       176  1.325370E+02
       177  7.142715E+01
       178  1.316898E+02
       179  7.104114E+01
       180  1.311392E+02
       181  1.131256E+03
       182  6.235081E+02
       183  2.700732E+02
       184  7.038904E+01
       185  2.392085E+01
       186  1.131256E+03
       187  6.235081E+02
       188  2.700732E+02
       189  7.038904E+01
       190  2.392085E+01
       191  6.773359E+01
       192  1.256642E+02
       193  6.778097E+01
       194  1.254499E+02
       195  6.804290E+01
       196  1.254710E+02
       197  6.887010E+01
       198  1.254614E+02
       199  2.496994E+01
       200  4.538214E+01
       201  2.496994E+01
       202  4.538214E+01
       203  6.887010E+01
       204  1.254614E+02
       205  6.804290E+01
       206  1.254710E+02
       207  6.778097E+01
       208  1.254499E+02
       209  6.773359E+01
       210  1.256642E+02
       211  1.068946E+03
       212  5.892894E+02
       213  2.554895E+02
       214  6.690311E+01
       215  2.297530E+01
       216  1.068946E+03
       217  5.892894E+02
       218  2.554895E+02
       219  6.690311E+01
       220  2.297530E+01
       221  6.416074E+01
       222  1.189226E+02
       223  6.420866E+01
       224  1.186522E+02
       225  6.439496E+01
       226  1.185588E+02
       227  6.515507E+01
       228  1.185122E+02
       229  2.360632E+01
       230  4.285998E+01
       231  2.360632E+01
       232  4.285998E+01
       233  6.515507E+01
       234  1.185122E+02
       235  6.439496E+01
       236  1.185588E+02
       237  6.420866E+01
       238  1.186522E+02
       239  6.416074E+01
       240  1.189226E+02
       241  1.007667E+03
       242  5.556213E+02
       243  2.411288E+02
       244  6.347089E+01
       245  2.209707E+01
       246  1.007667E+03
       247  5.556213E+02
       248  2.411288E+02
       249  6.347089E+01
       250  2.209707E+01
       251  6.057715E+01
       252  1.119180E+02
       253  6.066564E+01
       254  1.117757E+02
       255  6.085568E+01
       256  1.117880E+02
       257  6.160692E+01
       258  1.118126E+02
       259  2.230839E+01
       260  4.043582E+01
       261  2.230839E+01
       262  4.043582E+01
       263  6.160692E+01
       264  1.118126E+02
       265  6.085568E+01
       266  1.117880E+02
       267  6.066564E+01
       268  1.117757E+02
       269  6.057715E+01
       270  1.119180E+02
       271  9.472547E+02
       272  5.224399E+02
       273  2.269637E+02
       274  6.007765E+01
       275  2.123182E+01
       276  9.472547E+02
       277  5.224399E+02
       278  2.269637E+02
       279  6.007765E+01
       280  2.123182E+01
       281  5.704606E+01
       282  1.050334E+02
       283  5.715722E+01
       284  1.050057E+02
       285  5.735908E+01
       286  1.051295E+02
       287  5.811591E+01
       288  1.052290E+02
       289  2.103555E+01
       290  3.805389E+01
       291  2.103555E+01
       292  3.805389E+01
       293  5.811591E+01
       294  1.052290E+02
       295  5.735908E+01
       296  1.051295E+02
       297  5.715722E+01
       298  1.050057E+02
       299  5.704606E+01
       300  1.050334E+02
       301  8.877190E+02
       302  4.897556E+02
       303  2.130098E+02
       304  5.672847E+01
       305  2.036675E+01
       306  8.877190E+02
       307  4.897556E+02
       308  2.130098E+02
       309  5.672847E+01
       310  2.036675E+01
       311  5.356993E+01
       312  9.835549E+01
       313  5.368908E+01
       314  9.839580E+01
       315  5.389677E+01
       316  9.859114E+01
       317  5.465947E+01
       318  9.873957E+01
       319  1.977788E+01
       320  3.570238E+01
       321  1.977788E+01
       322  3.570238E+01
       323  5.465947E+01
       324  9.873957E+01
       325  5.389677E+01
       326  9.859114E+01
       327  5.368908E+01
       328  9.839580E+01
       329  5.356993E+01
       330  9.835549E+01
       331  8.291517E+02
       332  4.576101E+02
       333  1.992854E+02
       334  5.342825E+01
       335  1.950206E+01
       336  8.291517E+02
       337  4.576101E+02
       338  1.992854E+02
       339  5.342825E+01
       340  1.950206E+01
       341  5.014563E+01
       342  9.187311E+01
       343  5.026663E+01
       344  9.194736E+01
       345  5.047607E+01
       346  9.217955E+01
       347  5.124324E+01
       348  9.235304E+01
       349  1.853614E+01
       350  3.338463E+01
       351  1.853614E+01
       352  3.338463E+01
       353  5.124324E+01
       354  9.235304E+01
       355  5.047607E+01
       356  9.217955E+01
       357  5.026663E+01
       358  9.194736E+01
       359  5.014563E+01
       360  9.187311E+01
       361  7.716671E+02
       362  4.260582E+02
       363  1.858117E+02
       364  5.018109E+01
       365  1.864058E+01
       366  7.716671E+02
       367  4.260582E+02
       368  1.858117E+02
       369  5.018109E+01
       370  1.864058E+01
       371  4.677445E+01
       372  8.555991E+01
       373  4.689596E+01
       374  8.564905E+01
       375  4.710596E+01
       376  8.589738E+01
       377  4.787721E+01
       378  8.608125E+01
       379  1.731337E+01
       380  3.110634E+01
       381  1.731337E+01
       382  3.110634E+01
       383  4.787721E+01
       384  8.608125E+01
       385  4.710596E+01
       386  8.589738E+01
       387  4.689596E+01
       388  8.564905E+01
       389  4.677445E+01
       390  8.555991E+01
       391  7.153746E+02
       392  3.951555E+02
       393  1.726100E+02
       394  4.699140E+01
       395  1.778525E+01
       396  7.153746E+02
       397  3.951555E+02
       398  1.726100E+02
       399  4.699140E+01
       400  1.778525E+01
       401  4.346132E+01
       402  7.939757E+01
       403  4.358358E+01
       404  7.949246E+01
       405  4.379433E+01
       406  7.974687E+01
       407  4.457000E+01
       408  7.993415E+01
       409  1.611236E+01
       410  2.887239E+01
       411  1.611236E+01
       412  2.887239E+01
       413  4.457000E+01
       414  7.993415E+01
       415  4.379433E+01
       416  7.974687E+01
       417  4.358358E+01
       418  7.949246E+01
       419  4.346132E+01
       420  7.939757E+01
       421  6.603743E+02
       422  3.649554E+02
       423  1.597020E+02
       424  4.386433E+01
       425  1.693864E+01
       426  6.603743E+02
       427  3.649554E+02
       428  1.597020E+02
       429  4.386433E+01
       430  1.693864E+01
       431  4.021247E+01
       432  7.337892E+01
       433  4.033598E+01
       434  7.347589E+01
       435  4.054794E+01
       436  7.373245E+01
       437  4.132853E+01
       438  7.392074E+01
       439  1.493541E+01
       440  2.668673E+01
       441  1.493541E+01
       442  2.668673E+01
       443  4.132853E+01
       444  7.392074E+01
       445  4.054794E+01
       446  7.373245E+01
       447  4.033598E+01
       448  7.347589E+01
       449  4.021247E+01
       450  7.337892E+01
       451  6.067594E+02
       452  3.355093E+02
       453  1.471095E+02
       454  4.080551E+01
       455  1.610304E+01
       456  6.067594E+02
       457  3.355093E+02
       458  1.471095E+02
       459  4.080551E+01
       460  1.610304E+01
       461  3.703428E+01
       462  6.750539E+01
       463  3.715938E+01
       464  6.760336E+01
       465  3.737293E+01
       466  6.786109E+01
       467  3.815882E+01
       468  6.805004E+01
       469  1.378461E+01
       470  2.455296E+01
       471  1.378461E+01
       472  2.455296E+01
       473  3.815882E+01
       474  6.805004E+01
       475  3.737293E+01
       476  6.786109E+01
       477  3.715938E+01
       478  6.760336E+01
       479  3.703428E+01
       480  6.750539E+01
       481  5.546215E+02
       482  3.068682E+02
       483  1.348548E+02
       484  3.782089E+01
       485  1.528058E+01
       486  5.546215E+02
       487  3.068682E+02
       488  1.348548E+02
       489  3.782089E+01
       490  1.528058E+01
       491  3.393301E+01
       492  6.178379E+01
       493  3.405983E+01
       494  6.188269E+01
       495  3.427517E+01
       496  6.214169E+01
       497  3.506661E+01
       498  6.233165E+01
       499  1.266198E+01
       500  2.247464E+01
       501  1.266198E+01
       502  2.247464E+01
       503  3.506661E+01
       504  6.233165E+01
       505  3.427517E+01
       506  6.214169E+01
       507  3.405983E+01
       508  6.188269E+01
       509  3.393301E+01
       510  6.178379E+01
       511  5.040539E+02
       512  2.790842E+02
       513  1.229608E+02
       514  3.491657E+01
       515  1.447332E+01
       516  5.040539E+02
       517  2.790842E+02
       518  1.229608E+02
       519  3.491657E+01
       520  1.447332E+01
       521  3.091486E+01
       522  5.622393E+01
       523  3.104345E+01
       524  5.632392E+01
       525  3.126064E+01
       526  5.658451E+01
       527  3.205775E+01
       528  5.677588E+01
       529  1.156961E+01
       530  2.045549E+01
       531  1.156961E+01
       532  2.045549E+01
       533  3.205775E+01
       534  5.677588E+01
       535  3.126064E+01
       536  5.658451E+01
       537  3.104345E+01
       538  5.632392E+01
       539  3.091486E+01
       540  5.622393E+01
       541  4.551538E+02
       542  2.522113E+02
       543  1.114510E+02
       544  3.209884E+01
       545  1.368334E+01
       546  4.551538E+02
       547  2.522113E+02
       548  1.114510E+02
       549  3.209884E+01
       550  1.368334E+01
       551  2.798619E+01
       552  5.083712E+01
       553  2.811652E+01
       554  5.093829E+01
       555  2.833555E+01
       556  5.120065E+01
       557  2.913837E+01
       558  5.139367E+01
       559  1.050971E+01
       560  1.849945E+01
       561  1.050971E+01
       562  1.849945E+01
       563  2.913837E+01
       564  5.139367E+01
       565  2.833555E+01
       566  5.120065E+01
       567  2.811652E+01
       568  5.093829E+01
       569  2.798619E+01
       570  5.083712E+01
       571  4.080232E+02
       572  2.263062E+02
       573  1.003503E+02
       574  2.937420E+01
       575  1.291277E+01
       576  4.080232E+02
       577  2.263062E+02
       578  1.003503E+02
       579  2.937420E+01
       580  1.291277E+01
       581  2.515366E+01
       582  4.563538E+01
       583  2.528566E+01
       584  4.573769E+01
       585  2.550646E+01
       586  4.600188E+01
       587  2.631494E+01
       588  4.619664E+01
       589  9.484636E+00
       590  1.661071E+01
       591  9.484636E+00
       592  1.661071E+01
       593  2.631494E+01
       594  4.619664E+01
       595  2.550646E+01
       596  4.600188E+01
       597  2.528566E+01
       598  4.573769E+01
       599  2.515366E+01
       600  4.563538E+01
       601  3.627696E+02
       602  2.014284E+02
       603  8.968443E+01
       604  2.674940E+01
       605  1.216383E+01
       606  3.627696E+02
       607  2.014284E+02
       608  8.968443E+01
       609  2.674940E+01
       610  1.216383E+01
       611  2.242429E+01
       612  4.063089E+01
       613  2.255787E+01
       614  4.073439E+01
       615  2.278029E+01
       616  4.100044E+01
       617  2.359433E+01
       618  4.119701E+01
       619  8.496879E+00
       620  1.479371E+01
       621  8.496879E+00
       622  1.479371E+01
       623  2.359433E+01
       624  4.119701E+01
       625  2.278029E+01
       626  4.100044E+01
       627  2.255787E+01
       628  4.073439E+01
       629  2.242429E+01
       630  4.063089E+01
       631  3.195069E+02
       632  1.776410E+02
       633  7.948069E+01
       634  2.423143E+01
       635  1.143884E+01
       636  3.195069E+02
       637  1.776410E+02
       638  7.948069E+01
       639  2.423143E+01
       640  1.143884E+01
       641  1.980555E+01
       642  3.583565E+01
       643  1.994052E+01
       644  3.594075E+01
       645  2.016442E+01
       646  3.620908E+01
       647  2.098387E+01
       648  3.640770E+01
       649  7.549110E+00
       650  1.305317E+01
       651  7.549110E+00
       652  1.305317E+01
       653  2.098387E+01
       654  3.640770E+01
       655  2.016442E+01
       656  3.620908E+01
       657  1.994052E+01
       658  3.594075E+01
       659  1.980555E+01
       660  3.583565E+01
       661  2.783564E+02
       662  1.550104E+02
       663  6.976755E+01
       664  2.182749E+01
       665  1.074025E+01
       666  2.783564E+02
       667  1.550104E+02
       668  6.976755E+01
       669  2.182749E+01
       670  1.074025E+01
       671  1.730522E+01
       672  3.126112E+01
       673  1.744133E+01
       674  3.136911E+01
       675  1.766655E+01
       676  3.164103E+01
       677  1.849133E+01
       678  3.184250E+01
       679  6.644226E+00
       680  1.139414E+01
       681  6.644226E+00
       682  1.139414E+01
       683  1.849133E+01
       684  3.184250E+01
       685  1.766655E+01
       686  3.164103E+01
       687  1.744133E+01
       688  3.136911E+01
       689  1.730522E+01
       690  3.126112E+01
       691  2.394475E+02
       692  1.336071E+02
       693  6.057480E+01
       694  1.954499E+01
       695  1.007090E+01
       696  2.394475E+02
       697  1.336071E+02
       698  6.057480E+01
       699  1.954499E+01
       700  1.007090E+01
       701  1.493127E+01
       702  2.691822E+01
       703  1.506818E+01
       704  2.703191E+01
       705  1.529472E+01
       706  2.731032E+01
       707  1.612506E+01
       708  2.751633E+01
       709  5.785420E+00
       710  9.822140E+00
       711  5.785420E+00
       712  9.822140E+00
       713  1.612506E+01
       714  2.751633E+01
       715  1.529472E+01
       716  2.731032E+01
       717  1.506818E+01
       718  2.703191E+01
       719  1.493127E+01
       720  2.691822E+01
       721  2.029180E+02
       722  1.135051E+02
       723  5.193349E+01
       724  1.739188E+01
       725  9.434448E+00
       726  2.029180E+02
       727  1.135051E+02
       728  5.193349E+01
       729  1.739188E+01
       730  9.434448E+00
       731  1.269156E+01
       732  2.281837E+01
       733  1.282892E+01
       734  2.294254E+01
       735  1.305720E+01
       736  2.323236E+01
       737  1.389408E+01
       738  2.344580E+01
       739  4.976295E+00
       740  8.343220E+00
       741  4.976295E+00
       742  8.343220E+00
       743  1.389408E+01
       744  2.344580E+01
       745  1.305720E+01
       746  2.323236E+01
       747  1.282892E+01
       748  2.294254E+01
       749  1.269156E+01
       750  2.281837E+01
       751  1.689110E+02
       752  9.478084E+01
       753  4.387618E+01
       754  1.537765E+01
       755  8.836497E+00
       756  1.689110E+02
       757  9.478084E+01
       758  4.387618E+01
       759  1.537765E+01
       760  8.836497E+00
       761  1.059367E+01
       762  1.897682E+01
       763  1.073126E+01
       764  1.911755E+01
       765  1.096247E+01
       766  1.942521E+01
       767  1.180836E+01
       768  1.964975E+01
       769  4.220934E+00
       770  6.964089E+00
       771  4.220934E+00
       772  6.964089E+00
       773  1.180836E+01
       774  1.964975E+01
       775  1.096247E+01
       776  1.942521E+01
       777  1.073126E+01
       778  1.911755E+01
       779  1.059367E+01
       780  1.897682E+01
       781  1.375678E+02
       782  7.751013E+01
       783  3.643773E+01
       784  1.351550E+01
       785  8.286469E+00
       786  1.375678E+02
       787  7.751013E+01
       788  3.643773E+01
       789  1.351550E+01
       790  8.286469E+00
       791  8.645005E+00
       792  1.541926E+01
       793  8.783156E+00
       794  1.558089E+01
       795  9.019590E+00
       796  1.591128E+01
       797  9.879212E+00
       798  1.614963E+01
       799  3.523845E+00
       800  5.692051E+00
       801  3.523845E+00
       802  5.692051E+00
       803  9.879212E+00
       804  1.614963E+01
       805  9.019590E+00
       806  1.591128E+01
       807  8.783156E+00
       808  1.558089E+01
       809  8.645005E+00
       810  1.541926E+01
       811  1.090141E+02
       812  6.176425E+01
       813  2.965674E+01
       814  1.182615E+01
       815  7.800677E+00
       816  1.090141E+02
       817  6.176425E+01
       818  2.965674E+01
       819  1.182615E+01
       820  7.800677E+00
       821  6.854074E+00
       822  1.219159E+01
       823  6.994119E+00
       824  1.236907E+01
       825  7.239265E+00
       826  1.271845E+01
       827  8.120365E+00
       828  1.296866E+01
       829  2.889577E+00
       830  4.534645E+00
       831  2.889577E+00
       832  4.534645E+00
       833  8.120365E+00
       834  1.296866E+01
       835  7.239265E+00
       836  1.271845E+01
       837  6.994119E+00
       838  1.236907E+01
       839  6.854074E+00
       840  1.219159E+01
       841  8.334735E+01
       842  4.760649E+01
       843  2.357724E+01
       844  1.034197E+01
       845  7.406183E+00
       846  8.334735E+01
       847  4.760649E+01
       848  2.357724E+01
       849  1.034197E+01
       850  7.406183E+00
       851  5.234384E+00
       852  9.368440E+00
       853  5.378952E+00
       854  9.533338E+00
       855  5.636562E+00
       856  9.877049E+00
       857  6.549661E+00
       858  1.012766E+01
       859  2.321834E+00
       860  3.498558E+00
       861  2.321834E+00
       862  3.498558E+00
       863  6.549661E+00
       864  1.012766E+01
       865  5.636562E+00
       866  9.877049E+00
       867  5.378952E+00
       868  9.533338E+00
       869  5.234384E+00
       870  9.368440E+00
       871  6.063897E+01
       872  3.509776E+01
       873  1.825460E+01
       874  9.109044E+00
       875  7.139401E+00
       876  6.063897E+01
       877  3.509776E+01
       878  1.825460E+01
       879  9.109044E+00
       880  7.139401E+00
       881  3.816712E+00
       882  7.053206E+00
       883  3.968510E+00
       884  7.132268E+00
       885  4.237716E+00
       886  7.407603E+00
       887  5.188926E+00
       888  7.631743E+00
       889  1.821832E+00
       890  2.585612E+00
       891  1.821832E+00
       892  2.585612E+00
       893  5.188926E+00
       894  7.631743E+00
       895  4.237716E+00
       896  7.407603E+00
       897  3.968510E+00
       898  7.132268E+00
       899  3.816712E+00
       900  7.053206E+00
       901  4.094948E+01
       902  2.433437E+01
       903  1.377971E+01
       904  8.179098E+00
       905  7.014176E+00
       906  4.094948E+01
       907  2.433437E+01
       908  1.377971E+01
       909  8.179098E+00
       910  7.014176E+00
       911  2.700439E+00
       912  5.371863E+00
       913  2.850256E+00
       914  5.220654E+00
       915  3.103891E+00
       916  5.307380E+00
       917  4.062684E+00
       918  5.459861E+00
       919  1.385927E+00
       920  1.789596E+00
       921  1.385927E+00
       922  1.789596E+00
       923  4.062684E+00
       924  5.459861E+00
       925  3.103891E+00
       926  5.307380E+00
       927  2.850256E+00
       928  5.220654E+00
       929  2.700439E+00
       930  5.371863E+00
       931  2.435499E+01
       932  1.553113E+01
       933  1.033210E+01
       934  7.552286E+00
       935  6.935954E+00
       936  2.435499E+01
       937  1.553113E+01
       938  1.033210E+01
       939  7.552286E+00
       940  6.935954E+00
       941  2.184274E+00
       942  4.485591E+00
       943  2.288423E+00
       944  3.885469E+00
       945  2.416181E+00
       946  3.591752E+00
       947  3.247927E+00
       948  3.605820E+00
       949  1.006734E+00
       950  1.115091E+00
       951  1.006734E+00
       952  1.115091E+00
       953  3.247927E+00
       954  3.605820E+00
       955  2.416181E+00
       956  3.591752E+00
       957  2.288423E+00
       958  3.885469E+00
       959  2.184274E+00
       960  4.485591E+00
       961  1.123278E+01
       962  8.968442E+00
       963  7.979439E+00
       964  7.162980E+00
       965  6.660923E+00
       966  1.123278E+01
       967  8.968442E+00
       968  7.979439E+00
       969  7.162980E+00
       970  6.660923E+00
       971  2.813751E+00
       972  4.442363E+00
       973  2.913254E+00
       974  3.399868E+00
       975  2.765468E+00
       976  2.681740E+00
       977  3.330354E+00
       978  2.533856E+00
       979  6.968666E-01
       980  7.731812E-01
       981  6.968666E-01
       982  7.731812E-01
       983  3.330354E+00
       984  2.533856E+00
       985  2.765468E+00
       986  2.681740E+00
       987  2.913254E+00
       988  3.399868E+00
       989  2.813751E+00
       990  4.442363E+00
       991  2.992612E+00
       992  4.285708E+00
       993  5.847544E+00
       994  6.867296E+00
       995  7.275661E+00
       996  2.992612E+00
       997  4.285708E+00
       998  5.847544E+00
       999  6.867296E+00
      1000  7.275661E+00
      1001  4.079790E+00
      1002  4.335607E+00
      1003  4.560180E+00
      1004  3.637197E+00
      1005  5.008994E+00
      1006  3.698005E+00
      1007  7.388397E+00
      1008  4.862897E+00
      1009  6.659942E-01
      1010  2.301821E+00
      1011  6.659942E-01
      1012  2.301821E+00
      1013  7.388397E+00
      1014  4.862897E+00
      1015  5.008994E+00
      1016  3.698005E+00
      1017  4.560180E+00
      1018  3.637197E+00
      1019  4.079790E+00
      1020  4.335607E+00
      1021  1.985922E-01
      1022  7.782035E-01
      1023  2.091830E+00
      1024  5.052566E+00
      1025  1.049212E+01
      1026  1.985922E-01
      1027  7.782035E-01
      1028  2.091830E+00
      1029  5.052566E+00
      1030  1.049212E+01
      1031  3.174452E+00
      1032  3.484834E+00
      1033  4.138646E+00
      1034  3.386512E+00
      1035  6.843062E+00
      1036  6.906920E+00
      1037  2.222787E+01
      1038  1.857719E+01
      1039  1.522036E+00
      1040  1.312878E+01
      1041  1.522036E+00
      1042  1.312878E+01
      1043  2.222787E+01
      1044  1.857719E+01
      1045  6.843062E+00
      1046  6.906920E+00
      1047  4.138646E+00
      1048  3.386512E+00
      1049  3.174452E+00
      1050  3.484834E+00

                                INCREMENT    10


 displacements (vx,vy,vz) for set TIP_TOP and time  0.8750000E+00

      1703  3.554330E-01 -1.063814E-02 -1.419111E+01
      1704  3.552662E-01 -1.047187E-02 -1.416653E+01
      1707  3.546446E-01 -9.954589E-03 -1.414246E+01
      1710  3.543002E-01 -7.867425E-03 -1.412090E+01
      1712  3.543062E-01 -3.029013E-03 -1.410757E+01
      1714  3.542765E-01  1.438884E-14 -1.410673E+01
      1716  3.543062E-01  3.029013E-03 -1.410757E+01
      1719  3.543002E-01  7.867425E-03 -1.412090E+01
      1722  3.546446E-01  9.954589E-03 -1.414246E+01
      1725  3.552662E-01  1.047187E-02 -1.416653E+01
      1728  3.554330E-01  1.063814E-02 -1.419111E+01

 forces (fx,fy,fz) for set CLAMP and time  0.8750000E+00

         1  2.189329E+04  1.908058E+04  8.506794E+03
         4  3.928304E+04  7.747145E-11  1.698209E+04
         5  2.953634E+04  3.014076E+04  4.119509E+02
         8  5.181449E+04 -1.111006E-09  9.473923E+02
         9  2.006852E+04  2.011127E+04 -9.119300E+02
        12  3.498515E+04  1.145747E-09 -1.738834E+03
        13  1.130988E+04  1.116544E+04 -1.709968E+03
        16  1.964547E+04 -2.196699E-11 -3.323047E+03
        17  2.738395E+03  2.537222E+03 -1.872761E+03
        20  4.674941E+03 -5.339415E-10 -3.674320E+03
        21 -4.687071E+03 -1.871308E+03 -4.818483E+03
        24 -4.984810E+03 -1.439123E-09 -2.298860E+03
        26  2.189329E+04 -1.908058E+04  8.506794E+03
        28  2.953634E+04 -3.014076E+04  4.119509E+02
        30  2.006852E+04 -2.011127E+04 -9.119300E+02
        32  1.130988E+04 -1.116544E+04 -1.709968E+03
        34  2.738395E+03 -2.537222E+03 -1.872761E+03
        36 -4.687071E+03  1.871308E+03 -4.818483E+03
        37 -4.511621E+03 -2.266785E+03 -4.818440E+03
        40 -5.141854E+03 -9.578918E+02 -7.887634E+03
        41 -1.132702E+04 -5.456899E+03 -1.791415E+03
        44 -1.632638E+04 -2.273299E+03 -3.405469E+03
        45 -7.975016E+03 -3.208729E+03  5.983145E+03
        48 -1.345870E+04 -1.317852E+03  1.092987E+04
        50 -4.085396E+03 -9.094087E+02 -7.094390E+03
        52 -1.559216E+04 -1.995971E+03 -3.525122E+03
        54 -1.385008E+04 -1.088400E+03  1.067571E+04
        56 -3.998296E+03 -6.669942E+02 -7.127245E+03
        58 -1.593212E+04 -1.358435E+03 -3.570199E+03
        60 -1.436190E+04 -7.038788E+02  1.094248E+04
        62 -1.121317E+04 -5.203506E+02 -2.295405E+03
        64 -1.006356E+04 -2.522916E+02  7.688117E+03
        66 -6.049148E+03  2.493270E-09 -1.183068E+03
        68 -5.413305E+03 -7.227349E-11  4.153860E+03
        70 -1.121317E+04  5.203506E+02 -2.295405E+03
        72 -1.006356E+04  2.522916E+02  7.688117E+03
        74 -3.998296E+03  6.669942E+02 -7.127245E+03
        76 -1.593212E+04  1.358435E+03 -3.570199E+03
        78 -1.436190E+04  7.038788E+02  1.094248E+04
        80 -4.085396E+03  9.094087E+02 -7.094390E+03
        82 -1.559216E+04  1.995971E+03 -3.525122E+03
        84 -1.385008E+04  1.088400E+03  1.067571E+04
        86 -5.141854E+03  9.578918E+02 -7.887634E+03
        88 -1.632638E+04  2.273299E+03 -3.405469E+03
        90 -1.345870E+04  1.317852E+03  1.092987E+04
        92 -4.511621E+03  2.266785E+03 -4.818440E+03
        94 -1.132702E+04  5.456899E+03 -1.791415E+03
        96 -7.975016E+03  3.208729E+03  5.983145E+03

 internal energy (element, energy) for set EALL and time  0.8750000E+00

         1  1.319789E+03
         2  6.186742E+02
         3  2.476812E+02
         4  5.523403E+01
         5  1.291154E+01
         6  1.319789E+03
         7  6.186742E+02
         8  2.476812E+02
         9  5.523403E+01
        10  1.291154E+01
        11  7.934030E+01
        12  1.438579E+02
        13  5.984958E+01
        14  1.227515E+02
        15  5.715704E+01
        16  1.232425E+02
        17  6.028944E+01
        18  1.283701E+02
        19  2.292759E+01
        20  4.803929E+01
        21  2.292759E+01
        22  4.803929E+01
        23  6.028944E+01
        24  1.283701E+02
        25  5.715704E+01
        26  1.232425E+02
        27  5.984958E+01
        28  1.227515E+02
        29  7.934030E+01
        30  1.438579E+02
        31  1.421602E+03
        32  7.764295E+02
        33  3.138842E+02
        34  7.317862E+01
        35  2.112294E+01
        36  1.421602E+03
        37  7.764295E+02
        38  3.138842E+02
        39  7.317862E+01
        40  2.112294E+01
        41  6.657562E+01
        42  1.386561E+02
        43  7.218239E+01
        44  1.458798E+02
        45  7.193618E+01
        46  1.451660E+02
        47  7.680548E+01
        48  1.503036E+02
        49  2.928232E+01
        50  5.592756E+01
        51  2.928232E+01
        52  5.592756E+01
        53  7.680548E+01
        54  1.503036E+02
        55  7.193618E+01
        56  1.451660E+02
        57  7.218239E+01
        58  1.458798E+02
        59  6.657562E+01
        60  1.386561E+02
        61  1.343868E+03
        62  7.684648E+02
        63  3.345553E+02
        64  8.357812E+01
        65  2.628727E+01
        66  1.343868E+03
        67  7.684648E+02
        68  3.345553E+02
        69  8.357812E+01
        70  2.628727E+01
        71  6.460135E+01
        72  1.400636E+02
        73  7.292679E+01
        74  1.508697E+02
        75  7.739958E+01
        76  1.563770E+02
        77  8.183865E+01
        78  1.609272E+02
        79  3.050565E+01
        80  5.922618E+01
        81  3.050565E+01
        82  5.922618E+01
        83  8.183865E+01
        84  1.609272E+02
        85  7.739958E+01
        86  1.563770E+02
        87  7.292679E+01
        88  1.508697E+02
        89  6.460135E+01
        90  1.400636E+02
        91  1.581456E+03
        92  8.949960E+02
        93  3.953583E+02
        94  1.040575E+02
        95  3.626334E+01
        96  1.581456E+03
        97  8.949960E+02
        98  3.953583E+02
        99  1.040575E+02
       100  3.626334E+01
       101  8.814371E+01
       102  1.643363E+02
       103  9.396469E+01
       104  1.722896E+02
       105  9.880121E+01
       106  1.787569E+02
       107  1.018882E+02
       108  1.820802E+02
       109  3.684695E+01
       110  6.611295E+01
       111  3.684695E+01
       112  6.611295E+01
       113  1.018882E+02
       114  1.820802E+02
       115  9.880121E+01
       116  1.787569E+02
       117  9.396469E+01
       118  1.722896E+02
       119  8.814371E+01
       120  1.643363E+02
       121  1.599933E+03
       122  8.881242E+02
       123  3.880413E+02
       124  1.018047E+02
       125  3.511980E+01
       126  1.599933E+03
       127  8.881242E+02
       128  3.880413E+02
       129  1.018047E+02
       130  3.511980E+01
       131  9.375894E+01
       132  1.709118E+02
       133  9.603258E+01
       134  1.743598E+02
       135  9.832252E+01
       136  1.777984E+02
       137  9.998138E+01
       138  1.793193E+02
       139  3.605740E+01
       140  6.490760E+01
       141  3.605740E+01
       142  6.490760E+01
       143  9.998138E+01
       144  1.793193E+02
       145  9.832252E+01
       146  1.777984E+02
       147  9.603258E+01
       148  1.743598E+02
       149  9.375894E+01
       150  1.709118E+02
       151  1.522599E+03
       152  8.394877E+02
       153  3.639548E+02
       154  9.471771E+01
       155  3.206327E+01
       156  1.522599E+03
       157  8.394877E+02
       158  3.639548E+02
       159  9.471771E+01
       160  3.206327E+01
       161  9.071264E+01
       162  1.673487E+02
       163  9.115898E+01
       164  1.679639E+02
       165  9.191302E+01
       166  1.689211E+02
       167  9.309343E+01
       168  1.692578E+02
       169  3.371718E+01
       170  6.122263E+01
       171  3.371718E+01
       172  6.122263E+01
       173  9.309343E+01
       174  1.692578E+02
       175  9.191302E+01
       176  1.689211E+02
       177  9.115898E+01
       178  1.679639E+02
       179  9.071264E+01
       180  1.673487E+02
       181  1.442005E+03
       182  7.946848E+02
       183  3.442022E+02
       184  8.971933E+01
       185  3.048666E+01
       186  1.442005E+03
       187  7.946848E+02
       188  3.442022E+02
       189  8.971933E+01
       190  3.048666E+01
       191  8.642780E+01
       192  1.602352E+02
       193  8.645693E+01
       194  1.599172E+02
       195  8.674636E+01
       196  1.598852E+02
       197  8.775011E+01
       198  1.598101E+02
       199  3.180131E+01
       200  5.779322E+01
       201  3.180131E+01
       202  5.779322E+01
       203  8.775011E+01
       204  1.598101E+02
       205  8.674636E+01
       206  1.598852E+02
       207  8.645693E+01
       208  1.599172E+02
       209  8.642780E+01
       210  1.602352E+02
       211  1.362529E+03
       212  7.510800E+02
       213  3.256058E+02
       214  8.525716E+01
       215  2.928219E+01
       216  1.362529E+03
       217  7.510800E+02
       218  3.256058E+02
       219  8.525716E+01
       220  2.928219E+01
       221  8.183001E+01
       222  1.515886E+02
       223  8.187666E+01
       224  1.512343E+02
       225  8.209333E+01
       226  1.511001E+02
       227  8.304239E+01
       228  1.510252E+02
       229  3.008220E+01
       230  5.461505E+01
       231  3.008220E+01
       232  5.461505E+01
       233  8.304239E+01
       234  1.510252E+02
       235  8.209333E+01
       236  1.511001E+02
       237  8.187666E+01
       238  1.512343E+02
       239  8.183001E+01
       240  1.515886E+02
       241  1.284373E+03
       242  7.081647E+02
       243  3.073102E+02
       244  8.088532E+01
       245  2.816737E+01
       246  1.284373E+03
       247  7.081647E+02
       248  3.073102E+02
       249  8.088532E+01
       250  2.816737E+01
       251  7.724102E+01
       252  1.426534E+02
       253  7.734851E+01
       254  1.424746E+02
       255  7.758276E+01
       256  1.424900E+02
       257  7.853310E+01
       258  1.425191E+02
       259  2.843599E+01
       260  5.153974E+01
       261  2.843599E+01
       262  5.153974E+01
       263  7.853310E+01
       264  1.425191E+02
       265  7.758276E+01
       266  1.424900E+02
       267  7.734851E+01
       268  1.424746E+02
       269  7.724102E+01
       270  1.426534E+02
       271  1.207361E+03
       272  6.658712E+02
       273  2.892591E+02
       274  7.656165E+01
       275  2.706561E+01
       276  1.207361E+03
       277  6.658712E+02
       278  2.892591E+02
       279  7.656165E+01
       280  2.706561E+01
       281  7.273182E+01
       282  1.338858E+02
       283  7.287111E+01
       284  1.338528E+02
       285  7.312535E+01
       286  1.340117E+02
       287  7.408708E+01
       288  1.341379E+02
       289  2.681609E+01
       290  4.850788E+01
       291  2.681609E+01
       292  4.850788E+01
       293  7.408708E+01
       294  1.341379E+02
       295  7.312535E+01
       296  1.340117E+02
       297  7.287111E+01
       298  1.338528E+02
       299  7.273182E+01
       300  1.338858E+02
       301  1.131479E+03
       302  6.242136E+02
       303  2.714745E+02
       304  7.229258E+01
       305  2.596244E+01
       306  1.131479E+03
       307  6.242136E+02
       308  2.714745E+02
       309  7.229258E+01
       310  2.596244E+01
       311  6.829805E+01
       312  1.253813E+02
       313  6.844799E+01
       314  1.254322E+02
       315  6.871109E+01
       316  1.256806E+02
       317  6.968171E+01
       318  1.258690E+02
       319  2.521357E+01
       320  4.551163E+01
       321  2.521357E+01
       322  4.551163E+01
       323  6.968171E+01
       324  1.258690E+02
       325  6.871109E+01
       326  1.256806E+02
       327  6.844799E+01
       328  1.254322E+02
       329  6.829805E+01
       330  1.253813E+02
       331  1.056835E+03
       332  5.832444E+02
       333  2.539831E+02
       334  6.808620E+01
       335  2.485967E+01
       336  1.056835E+03
       337  5.832444E+02
       338  2.539831E+02
       339  6.808620E+01
       340  2.485967E+01
       341  6.393210E+01
       342  1.171224E+02
       343  6.408442E+01
       344  1.172150E+02
       345  6.435011E+01
       346  1.175092E+02
       347  6.532694E+01
       348  1.177292E+02
       349  2.363084E+01
       350  4.255766E+01
       351  2.363084E+01
       352  4.255766E+01
       353  6.532694E+01
       354  1.177292E+02
       355  6.435011E+01
       356  1.175092E+02
       357  6.408442E+01
       358  1.172150E+02
       359  6.393210E+01
       360  1.171224E+02
       361  9.835709E+02
       362  5.430326E+02
       363  2.368119E+02
       364  6.394806E+01
       365  2.376130E+01
       366  9.835709E+02
       367  5.430326E+02
       368  2.368119E+02
       369  6.394806E+01
       370  2.376130E+01
       371  5.963434E+01
       372  1.090765E+02
       373  5.978739E+01
       374  1.091876E+02
       375  6.005395E+01
       376  1.095021E+02
       377  6.103622E+01
       378  1.097353E+02
       379  2.207219E+01
       380  3.965385E+01
       381  2.207219E+01
       382  3.965385E+01
       383  6.103622E+01
       384  1.097353E+02
       385  6.005395E+01
       386  1.095021E+02
       387  5.978739E+01
       388  1.091876E+02
       389  5.963434E+01
       390  1.090765E+02
       391  9.118254E+02
       392  5.036486E+02
       393  2.199879E+02
       394  5.988354E+01
       395  2.267099E+01
       396  9.118254E+02
       397  5.036486E+02
       398  2.199879E+02
       399  5.988354E+01
       400  2.267099E+01
       401  5.541070E+01
       402  1.012215E+02
       403  5.556490E+01
       404  1.013401E+02
       405  5.583252E+01
       406  1.016625E+02
       407  5.682056E+01
       408  1.019002E+02
       409  2.054126E+01
       410  3.680649E+01
       411  2.054126E+01
       412  3.680649E+01
       413  5.682056E+01
       414  1.019002E+02
       415  5.583252E+01
       416  1.016625E+02
       417  5.556490E+01
       418  1.013401E+02
       419  5.541070E+01
       420  1.012215E+02
       421  8.417262E+02
       422  4.651597E+02
       423  2.035382E+02
       424  5.589892E+01
       425  2.159190E+01
       426  8.417262E+02
       427  4.651597E+02
       428  2.035382E+02
       429  5.589892E+01
       430  2.159190E+01
       431  5.126904E+01
       432  9.354915E+01
       433  5.142502E+01
       434  9.367072E+01
       435  5.169432E+01
       436  9.399618E+01
       437  5.268872E+01
       438  9.423539E+01
       439  1.904102E+01
       440  3.402065E+01
       441  1.904102E+01
       442  3.402065E+01
       443  5.268872E+01
       444  9.423539E+01
       445  5.169432E+01
       446  9.399618E+01
       447  5.142502E+01
       448  9.367072E+01
       449  5.126904E+01
       450  9.354915E+01
       451  7.733921E+02
       452  4.276314E+02
       453  1.874905E+02
       454  5.200129E+01
       455  2.052688E+01
       456  7.733921E+02
       457  4.276314E+02
       458  1.874905E+02
       459  5.200129E+01
       460  2.052688E+01
       461  4.721747E+01
       462  8.606177E+01
       463  4.737564E+01
       464  8.618494E+01
       465  4.764707E+01
       466  8.651216E+01
       467  4.864830E+01
       468  8.675238E+01
       469  1.757408E+01
       470  3.130089E+01
       471  1.757408E+01
       472  3.130089E+01
       473  4.864830E+01
       474  8.675238E+01
       475  4.764707E+01
       476  8.651216E+01
       477  4.737564E+01
       478  8.618494E+01
       479  4.721747E+01
       480  8.606177E+01
       481  7.069398E+02
       482  3.911287E+02
       483  1.718731E+02
       484  4.819817E+01
       485  1.947860E+01
       486  7.069398E+02
       487  3.911287E+02
       488  1.718731E+02
       489  4.819817E+01
       490  1.947860E+01
       491  4.326394E+01
       492  7.876811E+01
       493  4.342446E+01
       494  7.889274E+01
       495  4.369827E+01
       496  7.922182E+01
       497  4.470663E+01
       498  7.946343E+01
       499  1.614303E+01
       500  2.865176E+01
       501  1.614303E+01
       502  2.865176E+01
       503  4.470663E+01
       504  7.946343E+01
       505  4.369827E+01
       506  7.922182E+01
       507  4.342446E+01
       508  7.889274E+01
       509  4.326394E+01
       510  7.876811E+01
       511  6.424884E+02
       512  3.557180E+02
       513  1.567152E+02
       514  4.449734E+01
       515  1.844968E+01
       516  6.424884E+02
       517  3.557180E+02
       518  1.567152E+02
       519  4.449734E+01
       520  1.844968E+01
       521  3.941634E+01
       522  7.168067E+01
       523  3.957926E+01
       524  7.180692E+01
       525  3.985552E+01
       526  7.213819E+01
       527  4.087116E+01
       528  7.238168E+01
       529  1.475055E+01
       530  2.607802E+01
       531  1.475055E+01
       532  2.607802E+01
       533  4.087116E+01
       534  7.238168E+01
       535  3.985552E+01
       536  7.213819E+01
       537  3.957926E+01
       538  7.180692E+01
       539  3.941634E+01
       540  7.168067E+01
       541  5.801618E+02
       542  3.214682E+02
       543  1.420468E+02
       544  4.090678E+01
       545  1.744277E+01
       546  5.801618E+02
       547  3.214682E+02
       548  1.420468E+02
       549  4.090678E+01
       550  1.744277E+01
       551  3.568279E+01
       552  6.481383E+01
       553  3.584806E+01
       554  6.494177E+01
       555  3.612674E+01
       556  6.527544E+01
       557  3.714970E+01
       558  6.552109E+01
       559  1.339944E+01
       560  2.358470E+01
       561  1.339944E+01
       562  2.358470E+01
       563  3.714970E+01
       564  6.552109E+01
       565  3.612674E+01
       566  6.527544E+01
       567  3.584806E+01
       568  6.494177E+01
       569  3.568279E+01
       570  6.481383E+01
       571  5.200900E+02
       572  2.884516E+02
       573  1.278995E+02
       574  3.743479E+01
       575  1.646059E+01
       576  5.200900E+02
       577  2.884516E+02
       578  1.278995E+02
       579  3.743479E+01
       580  1.646059E+01
       581  3.207177E+01
       582  5.818287E+01
       583  3.223929E+01
       584  5.831244E+01
       585  3.252028E+01
       586  5.864854E+01
       587  3.355052E+01
       588  5.889646E+01
       589  1.209271E+01
       590  2.117714E+01
       591  1.209271E+01
       592  2.117714E+01
       593  3.355052E+01
       594  5.889646E+01
       595  3.252028E+01
       596  5.864854E+01
       597  3.223929E+01
       598  5.831244E+01
       599  3.207177E+01
       600  5.818287E+01
       601  4.624102E+02
       602  2.567440E+02
       603  1.143064E+02
       604  3.408999E+01
       605  1.550596E+01
       606  4.624102E+02
       607  2.567440E+02
       608  1.143064E+02
       609  3.408999E+01
       610  1.550596E+01
       611  2.859224E+01
       612  5.180331E+01
       613  2.876187E+01
       614  5.193454E+01
       615  2.904501E+01
       616  5.227312E+01
       617  3.008238E+01
       618  5.252338E+01
       619  1.083353E+01
       620  1.886099E+01
       621  1.083353E+01
       622  1.886099E+01
       623  3.008238E+01
       624  5.252338E+01
       625  2.904501E+01
       626  5.227312E+01
       627  2.876187E+01
       628  5.193454E+01
       629  2.859224E+01
       630  5.180331E+01
       631  4.072677E+02
       632  2.264258E+02
       633  1.013020E+02
       634  3.088127E+01
       635  1.458184E+01
       636  4.072677E+02
       637  2.264258E+02
       638  1.013020E+02
       639  3.088127E+01
       640  1.458184E+01
       641  2.525370E+01
       642  4.569043E+01
       643  2.542521E+01
       644  4.582382E+01
       645  2.571029E+01
       646  4.616540E+01
       647  2.675460E+01
       648  4.641831E+01
       649  9.625320E+00
       650  1.664227E+01
       651  9.625320E+00
       652  1.664227E+01
       653  2.675460E+01
       654  4.641831E+01
       655  2.571029E+01
       656  4.616540E+01
       657  2.542521E+01
       658  4.582382E+01
       659  2.525370E+01
       660  4.569043E+01
       661  3.548169E+02
       662  1.975817E+02
       663  8.892276E+01
       664  2.781782E+01
       665  1.369137E+01
       666  3.548169E+02
       667  1.975817E+02
       668  8.892276E+01
       669  2.781782E+01
       670  1.369137E+01
       671  2.206609E+01
       672  3.985884E+01
       673  2.223914E+01
       674  3.999602E+01
       675  2.252596E+01
       676  4.034226E+01
       677  2.357710E+01
       678  4.059883E+01
       679  8.471758E+00
       680  1.452744E+01
       681  8.471758E+00
       682  1.452744E+01
       683  2.357710E+01
       684  4.059883E+01
       685  2.252596E+01
       686  4.034226E+01
       687  2.223914E+01
       688  3.999602E+01
       689  2.206609E+01
       690  3.985884E+01
       691  3.052228E+02
       692  1.703017E+02
       693  7.720661E+01
       694  2.490910E+01
       695  1.283815E+01
       696  3.052228E+02
       697  1.703017E+02
       698  7.720661E+01
       699  2.490910E+01
       700  1.283815E+01
       701  1.903956E+01
       702  3.432244E+01
       703  1.921371E+01
       704  3.446699E+01
       705  1.950226E+01
       706  3.482157E+01
       707  2.056052E+01
       708  3.508396E+01
       709  7.376922E+00
       710  1.252349E+01
       711  7.376922E+00
       712  1.252349E+01
       713  2.056052E+01
       714  3.508396E+01
       715  1.950226E+01
       716  3.482157E+01
       717  1.921371E+01
       718  3.446699E+01
       719  1.903956E+01
       720  3.432244E+01
       721  2.586611E+02
       722  1.446800E+02
       723  6.619314E+01
       724  2.216525E+01
       725  1.202686E+01
       726  2.586611E+02
       727  1.446800E+02
       728  6.619314E+01
       729  2.216525E+01
       730  1.202686E+01
       731  1.618415E+01
       732  2.909581E+01
       733  1.635892E+01
       734  2.925379E+01
       735  1.664974E+01
       736  2.962297E+01
       737  1.771636E+01
       738  2.989486E+01
       739  6.345399E+00
       740  1.063817E+01
       741  6.345399E+00
       742  1.063817E+01
       743  1.771636E+01
       744  2.989486E+01
       745  1.664974E+01
       746  2.962297E+01
       747  1.635892E+01
       748  2.925379E+01
       749  1.618415E+01
       750  2.909581E+01
       751  2.153144E+02
       752  1.208141E+02
       753  5.592388E+01
       754  1.959835E+01
       755  1.126464E+01
       756  2.153144E+02
       757  1.208141E+02
       758  5.592388E+01
       759  1.959835E+01
       760  1.126464E+01
       761  1.350948E+01
       762  2.419836E+01
       763  1.368462E+01
       764  2.437752E+01
       765  1.397919E+01
       766  2.476949E+01
       767  1.505730E+01
       768  2.505554E+01
       769  5.382394E+00
       770  8.880018E+00
       771  5.382394E+00
       772  8.880018E+00
       773  1.505730E+01
       774  2.505554E+01
       775  1.397919E+01
       776  2.476949E+01
       777  1.368462E+01
       778  2.437752E+01
       779  1.350948E+01
       780  2.419836E+01
       781  1.753626E+02
       782  9.880069E+01
       783  4.644328E+01
       784  1.722525E+01
       785  1.056348E+01
       786  1.753626E+02
       787  9.880069E+01
       788  4.644328E+01
       789  1.722525E+01
       790  1.056348E+01
       791  1.102502E+01
       792  1.966286E+01
       793  1.120092E+01
       794  1.986873E+01
       795  1.150216E+01
       796  2.028969E+01
       797  1.259779E+01
       798  2.059336E+01
       799  4.493655E+00
       800  7.258339E+00
       801  4.493655E+00
       802  7.258339E+00
       803  1.259779E+01
       804  2.059336E+01
       805  1.150216E+01
       806  2.028969E+01
       807  1.120092E+01
       808  1.986873E+01
       809  1.102502E+01
       810  1.966286E+01
       811  1.389661E+02
       812  7.873059E+01
       813  3.780053E+01
       814  1.507233E+01
       815  9.944180E+00
       816  1.389661E+02
       817  7.873059E+01
       818  3.780053E+01
       819  1.507233E+01
       820  9.944180E+00
       821  8.741605E+00
       822  1.554780E+01
       823  8.919947E+00
       824  1.577391E+01
       825  9.232313E+00
       826  1.621912E+01
       827  1.035531E+01
       828  1.653792E+01
       829  3.684981E+00
       830  5.782748E+00
       831  3.684981E+00
       832  5.782748E+00
       833  1.035531E+01
       834  1.653792E+01
       835  9.232313E+00
       836  1.621912E+01
       837  8.919947E+00
       838  1.577391E+01
       839  8.741605E+00
       840  1.554780E+01
       841  1.062491E+02
       842  6.068454E+01
       843  3.005178E+01
       844  1.318089E+01
       845  9.441240E+00
       846  1.062491E+02
       847  6.068454E+01
       848  3.005178E+01
       849  1.318089E+01
       850  9.441240E+00
       851  6.676422E+00
       852  1.194832E+01
       853  6.860565E+00
       854  1.215843E+01
       855  7.188839E+00
       856  1.259645E+01
       857  8.352623E+00
       858  1.291577E+01
       859  2.961095E+00
       860  4.461779E+00
       861  2.961095E+00
       862  4.461779E+00
       863  8.352623E+00
       864  1.291577E+01
       865  7.188839E+00
       866  1.259645E+01
       867  6.860565E+00
       868  1.215843E+01
       869  6.676422E+00
       870  1.194832E+01
       871  7.730273E+01
       872  4.474020E+01
       873  2.326764E+01
       874  1.160965E+01
       875  9.101079E+00
       876  7.730273E+01
       877  4.474020E+01
       878  2.326764E+01
       879  1.160965E+01
       880  9.101079E+00
       881  4.868679E+00
       882  8.996254E+00
       883  5.062080E+00
       884  9.096980E+00
       885  5.405172E+00
       886  9.447863E+00
       887  6.617556E+00
       888  9.733449E+00
       889  2.323550E+00
       890  3.297764E+00
       891  2.323550E+00
       892  3.297764E+00
       893  6.617556E+00
       894  9.733449E+00
       895  5.405172E+00
       896  9.447863E+00
       897  5.062080E+00
       898  9.096980E+00
       899  4.868679E+00
       900  8.996254E+00
       901  5.220417E+01
       902  3.102036E+01
       903  1.756397E+01
       904  1.042459E+01
       905  8.941361E+00
       906  5.220417E+01
       907  3.102036E+01
       908  1.756397E+01
       909  1.042459E+01
       910  8.941361E+00
       911  3.445023E+00
       912  6.852305E+00
       913  3.635951E+00
       914  6.659467E+00
       915  3.959263E+00
       916  6.769911E+00
       917  5.181391E+00
       918  6.964154E+00
       919  1.767697E+00
       920  2.282793E+00
       921  1.767697E+00
       922  2.282793E+00
       923  5.181391E+00
       924  6.964154E+00
       925  3.959263E+00
       926  6.769911E+00
       927  3.635951E+00
       928  6.659467E+00
       929  3.445023E+00
       930  6.852305E+00
       931  3.105031E+01
       932  1.979887E+01
       933  1.316971E+01
       934  9.625949E+00
       935  8.841582E+00
       936  3.105031E+01
       937  1.979887E+01
       938  1.316971E+01
       939  9.625949E+00
       940  8.841582E+00
       941  2.786263E+00
       942  5.722104E+00
       943  2.919006E+00
       944  4.956829E+00
       945  3.081946E+00
       946  4.582188E+00
       947  4.142246E+00
       948  4.599963E+00
       949  1.284118E+00
       950  1.422696E+00
       951  1.284118E+00
       952  1.422696E+00
       953  4.142246E+00
       954  4.599963E+00
       955  3.081946E+00
       956  4.582188E+00
       957  2.919006E+00
       958  4.956829E+00
       959  2.786263E+00
       960  5.722104E+00
       961  1.432185E+01
       962  1.143331E+01
       963  1.017131E+01
       964  9.130064E+00
       965  8.490847E+00
       966  1.432185E+01
       967  1.143331E+01
       968  1.017131E+01
       969  9.130064E+00
       970  8.490847E+00
       971  3.588007E+00
       972  5.667073E+00
       973  3.714846E+00
       974  4.337552E+00
       975  3.526538E+00
       976  3.421568E+00
       977  4.246615E+00
       978  3.232626E+00
       979  8.888886E-01
       980  9.865089E-01
       981  8.888886E-01
       982  9.865089E-01
       983  4.246615E+00
       984  3.232626E+00
       985  3.526538E+00
       986  3.421568E+00
       987  3.714846E+00
       988  4.337552E+00
       989  3.588007E+00
       990  5.667073E+00
       991  3.816043E+00
       992  5.464144E+00
       993  7.454698E+00
       994  8.753801E+00
       995  9.273934E+00
       996  3.816043E+00
       997  5.464144E+00
       998  7.454698E+00
       999  8.753801E+00
      1000  9.273934E+00
      1001  5.201738E+00
      1002  5.530789E+00
      1003  5.814196E+00
      1004  4.640121E+00
      1005  6.386431E+00
      1006  4.716818E+00
      1007  9.419297E+00
      1008  6.200992E+00
      1009  8.493318E-01
      1010  2.934662E+00
      1011  8.493318E-01
      1012  2.934662E+00
      1013  9.419297E+00
      1014  6.200992E+00
      1015  6.386431E+00
      1016  4.716818E+00
      1017  5.814196E+00
      1018  4.640121E+00
      1019  5.201738E+00
      1020  5.530789E+00
      1021  2.532944E-01
      1022  9.924422E-01
      1023  2.667490E+00
      1024  6.442430E+00
      1025  1.337678E+01
      1026  2.532944E-01
      1027  9.924422E-01
      1028  2.667490E+00
      1029  6.442430E+00
      1030  1.337678E+01
      1031  4.047614E+00
      1032  4.445703E+00
      1033  5.276699E+00
      1034  4.319325E+00
      1035  8.724545E+00
      1036  8.806694E+00
      1037  2.833765E+01
      1038  2.368413E+01
      1039  1.940432E+00
      1040  1.673782E+01
      1041  1.940432E+00
      1042  1.673782E+01
      1043  2.833765E+01
      1044  2.368413E+01
      1045  8.724545E+00
      1046  8.806694E+00
      1047  5.276699E+00
      1048  4.319325E+00
      1049  4.047614E+00
      1050  4.445703E+00

                                INCREMENT    11


 displacements (vx,vy,vz) for set TIP_TOP and time  0.9750000E+00

      1703  3.888010E-01 -1.184964E-02 -1.598633E+01
      1704  3.886499E-01 -1.166600E-02 -1.595894E+01
      1707  3.879922E-01 -1.109108E-02 -1.593212E+01
      1710  3.876396E-01 -8.766491E-03 -1.590809E+01
      1712  3.876661E-01 -3.375355E-03 -1.589324E+01
      1714  3.876347E-01  2.298062E-15 -1.589230E+01
      1716  3.876661E-01  3.375355E-03 -1.589324E+01
      1719  3.876396E-01  8.766491E-03 -1.590809E+01
      1722  3.879922E-01  1.109108E-02 -1.593212E+01
      1725  3.886499E-01  1.166600E-02 -1.595894E+01
      1728  3.888010E-01  1.184964E-02 -1.598633E+01

 forces (fx,fy,fz) for set CLAMP and time  0.9750000E+00

         1  2.350655E+04  2.033813E+04  9.317695E+03
         4  4.177838E+04  1.006953E-11  1.857778E+04
         5  3.293139E+04  3.284614E+04  1.094925E+03
         8  5.741394E+04 -9.428012E-12  2.412944E+03
         9  2.328370E+04  2.334767E+04 -8.851155E+02
        12  4.054538E+04 -1.247963E-10 -1.657998E+03
        13  1.341018E+04  1.323130E+04 -2.091132E+03
        16  2.330025E+04  2.628828E-10 -4.072461E+03
        17  3.461462E+03  3.207826E+03 -2.271822E+03
        20  5.913552E+03  8.082396E-10 -4.457539E+03
        21 -5.209347E+03 -2.025172E+03 -5.545956E+03
        24 -5.437462E+03  7.512059E-11 -2.779259E+03
        26  2.350655E+04 -2.033813E+04  9.317695E+03
        28  3.293139E+04 -3.284614E+04  1.094925E+03
        30  2.328370E+04 -2.334767E+04 -8.851155E+02
        32  1.341018E+04 -1.323130E+04 -2.091132E+03
        34  3.461462E+03 -3.207826E+03 -2.271822E+03
        36 -5.209347E+03  2.025172E+03 -5.545956E+03
        37 -5.015821E+03 -2.545751E+03 -5.406677E+03
        40 -5.667544E+03 -1.091507E+03 -8.846553E+03
        41 -1.277730E+04 -6.157887E+03 -2.073601E+03
        44 -1.841277E+04 -2.573856E+03 -3.939498E+03
        45 -9.068694E+03 -3.633146E+03  6.775001E+03
        48 -1.530905E+04 -1.485075E+03  1.237579E+04
        50 -4.532861E+03 -1.044427E+03 -7.978847E+03
        52 -1.759315E+04 -2.262631E+03 -4.065707E+03
        54 -1.570313E+04 -1.220640E+03  1.207399E+04
        56 -4.517316E+03 -7.617490E+02 -8.054456E+03
        58 -1.797826E+04 -1.528732E+03 -4.123738E+03
        60 -1.619993E+04 -7.798856E+02  1.234266E+04
        62 -1.262863E+04 -5.764423E+02 -2.687547E+03
        64 -1.129840E+04 -2.757856E+02  8.644502E+03
        66 -6.807906E+03  4.982985E-10 -1.398841E+03
        68 -6.068314E+03 -1.765758E-12  4.664483E+03
        70 -1.262863E+04  5.764423E+02 -2.687547E+03
        72 -1.129840E+04  2.757856E+02  8.644502E+03
        74 -4.517316E+03  7.617490E+02 -8.054456E+03
        76 -1.797826E+04  1.528732E+03 -4.123738E+03
        78 -1.619993E+04  7.798856E+02  1.234266E+04
        80 -4.532861E+03  1.044427E+03 -7.978847E+03
        82 -1.759315E+04  2.262631E+03 -4.065707E+03
        84 -1.570313E+04  1.220640E+03  1.207399E+04
        86 -5.667544E+03  1.091507E+03 -8.846553E+03
        88 -1.841277E+04  2.573856E+03 -3.939498E+03
        90 -1.530905E+04  1.485075E+03  1.237579E+04
        92 -5.015821E+03  2.545751E+03 -5.406677E+03
        94 -1.277730E+04  6.157887E+03 -2.073601E+03
        96 -9.068694E+03  3.633146E+03  6.775001E+03

 internal energy (element, energy) for set EALL and time  0.9750000E+00

         1  1.654898E+03
         2  8.174598E+02
         3  3.429649E+02
         4  7.853781E+01
         5  1.646768E+01
         6  1.654898E+03
         7  8.174598E+02
         8  3.429649E+02
         9  7.853781E+01
        10  1.646768E+01
        11  1.002800E+02
        12  1.846692E+02
        13  7.582308E+01
        14  1.576098E+02
        15  7.264899E+01
        16  1.580568E+02
        17  7.656666E+01
        18  1.643308E+02
        19  2.906952E+01
        20  6.144311E+01
        21  2.906952E+01
        22  6.144311E+01
        23  7.656666E+01
        24  1.643308E+02
        25  7.264899E+01
        26  1.580568E+02
        27  7.582308E+01
        28  1.576098E+02
        29  1.002800E+02
        30  1.846692E+02
        31  1.993746E+03
        32  1.101024E+03
        33  4.292212E+02
        34  1.017278E+02
        35  2.668914E+01
        36  1.993746E+03
        37  1.101024E+03
        38  4.292212E+02
        39  1.017278E+02
        40  2.668914E+01
        41  8.409571E+01
        42  1.780015E+02
        43  9.134242E+01
        44  1.874998E+02
        45  9.120789E+01
        46  1.871672E+02
        47  9.774884E+01
        48  1.947111E+02
        49  3.739063E+01
        50  7.267230E+01
        51  3.739063E+01
        52  7.267230E+01
        53  9.774884E+01
        54  1.947111E+02
        55  9.120789E+01
        56  1.871672E+02
        57  9.134242E+01
        58  1.874998E+02
        59  8.409571E+01
        60  1.780015E+02
        61  1.853895E+03
        62  1.063903E+03
        63  4.584482E+02
        64  1.153747E+02
        65  3.426211E+01
        66  1.853895E+03
        67  1.063903E+03
        68  4.584482E+02
        69  1.153747E+02
        70  3.426211E+01
        71  8.154070E+01
        72  1.795874E+02
        73  9.217119E+01
        74  1.938314E+02
        75  9.807555E+01
        76  2.016351E+02
        77  1.044340E+02
        78  2.085514E+02
        79  3.908705E+01
        80  7.697533E+01
        81  3.908705E+01
        82  7.697533E+01
        83  1.044340E+02
        84  2.085514E+02
        85  9.807555E+01
        86  2.016351E+02
        87  9.217119E+01
        88  1.938314E+02
        89  8.154070E+01
        90  1.795874E+02
        91  2.077733E+03
        92  1.192242E+03
        93  5.342464E+02
        94  1.433044E+02
        95  4.814653E+01
        96  2.077733E+03
        97  1.192242E+03
        98  5.342464E+02
        99  1.433044E+02
       100  4.814653E+01
       101  1.112686E+02
       102  2.097309E+02
       103  1.187567E+02
       104  2.202186E+02
       105  1.251436E+02
       106  2.290121E+02
       107  1.297538E+02
       108  2.339371E+02
       109  4.702596E+01
       110  8.503430E+01
       111  4.702596E+01
       112  8.503430E+01
       113  1.297538E+02
       114  2.339371E+02
       115  1.251436E+02
       116  2.290121E+02
       117  1.187567E+02
       118  2.202186E+02
       119  1.112686E+02
       120  2.097309E+02
       121  2.062965E+03
       122  1.158281E+03
       123  5.114502E+02
       124  1.371977E+02
       125  4.628764E+01
       126  2.062965E+03
       127  1.158281E+03
       128  5.114502E+02
       129  1.371977E+02
       130  4.628764E+01
       131  1.181364E+02
       132  2.169792E+02
       133  1.210398E+02
       134  2.214135E+02
       135  1.240014E+02
       136  2.258607E+02
       137  1.263641E+02
       138  2.278040E+02
       139  4.556763E+01
       140  8.238744E+01
       141  4.556763E+01
       142  8.238744E+01
       143  1.263641E+02
       144  2.278040E+02
       145  1.240014E+02
       146  2.258607E+02
       147  1.210398E+02
       148  2.214135E+02
       149  1.181364E+02
       150  2.169792E+02
       151  1.940516E+03
       152  1.075766E+03
       153  4.694666E+02
       154  1.243226E+02
       155  4.162587E+01
       156  1.940516E+03
       157  1.075766E+03
       158  4.694666E+02
       159  1.243226E+02
       160  4.162587E+01
       161  1.139826E+02
       162  2.111805E+02
       163  1.144639E+02
       164  2.117593E+02
       165  1.152984E+02
       166  2.126980E+02
       167  1.167351E+02
       168  2.127400E+02
       169  4.222046E+01
       170  7.681132E+01
       171  4.222046E+01
       172  7.681132E+01
       173  1.167351E+02
       174  2.127400E+02
       175  1.152984E+02
       176  2.126980E+02
       177  1.144639E+02
       178  2.117593E+02
       179  1.139826E+02
       180  2.111805E+02
       181  1.801877E+03
       182  1.000758E+03
       183  4.367493E+02
       184  1.153813E+02
       185  3.900203E+01
       186  1.801877E+03
       187  1.000758E+03
       188  4.367493E+02
       189  1.153813E+02
       190  3.900203E+01
       191  1.082598E+02
       192  2.010034E+02
       193  1.081630E+02
       194  2.003118E+02
       195  1.083265E+02
       196  1.998716E+02
       197  1.093844E+02
       198  1.992707E+02
       199  3.955826E+01
       200  7.191623E+01
       201  3.955826E+01
       202  7.191623E+01
       203  1.093844E+02
       204  1.992707E+02
       205  1.083265E+02
       206  1.998716E+02
       207  1.081630E+02
       208  2.003118E+02
       209  1.082598E+02
       210  2.010034E+02
       211  1.684664E+03
       212  9.352459E+02
       213  4.081746E+02
       214  1.078476E+02
       215  3.692714E+01
       216  1.684664E+03
       217  9.352459E+02
       218  4.081746E+02
       219  1.078476E+02
       220  3.692714E+01
       221  1.022028E+02
       222  1.892429E+02
       223  1.021332E+02
       224  1.885437E+02
       225  1.022035E+02
       226  1.880102E+02
       227  1.031467E+02
       228  1.874527E+02
       229  3.728017E+01
       230  6.766503E+01
       231  3.728017E+01
       232  6.766503E+01
       233  1.031467E+02
       234  1.874527E+02
       235  1.022035E+02
       236  1.880102E+02
       237  1.021332E+02
       238  1.885437E+02
       239  1.022028E+02
       240  1.892429E+02
       241  1.593037E+03
       242  8.790873E+02
       243  3.824867E+02
       244  1.010964E+02
       245  3.515217E+01
       246  1.593037E+03
       247  8.790873E+02
       248  3.824867E+02
       249  1.010964E+02
       250  3.515217E+01
       251  9.624725E+01
       252  1.775168E+02
       253  9.628848E+01
       254  1.771338E+02
       255  9.642939E+01
       256  1.769132E+02
       257  9.742075E+01
       258  1.766471E+02
       259  3.521282E+01
       260  6.380573E+01
       261  3.521282E+01
       262  6.380573E+01
       263  9.742075E+01
       264  1.766471E+02
       265  9.642939E+01
       266  1.769132E+02
       267  9.628848E+01
       268  1.771338E+02
       269  9.624725E+01
       270  1.775168E+02
       271  1.499155E+03
       272  8.266393E+02
       273  3.591869E+02
       274  9.516885E+01
       275  3.362971E+01
       276  1.499155E+03
       277  8.266393E+02
       278  3.591869E+02
       279  9.516885E+01
       280  3.362971E+01
       281  9.048165E+01
       282  1.663205E+02
       283  9.060236E+01
       284  1.662139E+02
       285  9.083011E+01
       286  1.663045E+02
       287  9.191818E+01
       288  1.663283E+02
       289  3.323776E+01
       290  6.011658E+01
       291  3.323776E+01
       292  6.011658E+01
       293  9.191818E+01
       294  1.663283E+02
       295  9.083011E+01
       296  1.663045E+02
       297  9.060236E+01
       298  1.662139E+02
       299  9.048165E+01
       300  1.663205E+02
       301  1.404880E+03
       302  7.749829E+02
       303  3.370236E+02
       304  8.975340E+01
       305  3.223487E+01
       306  1.404880E+03
       307  7.749829E+02
       308  3.370236E+02
       309  8.975340E+01
       310  3.223487E+01
       311  8.488330E+01
       312  1.556546E+02
       313  8.504680E+01
       314  1.557098E+02
       315  8.533304E+01
       316  1.559925E+02
       317  8.649344E+01
       318  1.561896E+02
       319  3.128408E+01
       320  5.646553E+01
       321  3.128408E+01
       322  5.646553E+01
       323  8.649344E+01
       324  1.561896E+02
       325  8.533304E+01
       326  1.559925E+02
       327  8.504680E+01
       328  1.557098E+02
       329  8.488330E+01
       330  1.556546E+02
       331  1.312136E+03
       332  7.241083E+02
       333  3.153079E+02
       334  8.452379E+01
       335  3.086947E+01
       336  1.312136E+03
       337  7.241083E+02
       338  3.153079E+02
       339  8.452379E+01
       340  3.086947E+01
       341  7.941855E+01
       342  1.453909E+02
       343  7.960018E+01
       344  1.455162E+02
       345  7.991508E+01
       346  1.458844E+02
       347  8.111219E+01
       348  1.461529E+02
       349  2.933677E+01
       350  5.283033E+01
       351  2.933677E+01
       352  5.283033E+01
       353  8.111219E+01
       354  1.461529E+02
       355  7.991508E+01
       356  1.458844E+02
       357  7.960018E+01
       358  1.455162E+02
       359  7.941855E+01
       360  1.453909E+02
       361  1.221136E+03
       362  6.741741E+02
       363  2.939891E+02
       364  7.938494E+01
       365  2.950705E+01
       366  1.221136E+03
       367  6.741741E+02
       368  2.939891E+02
       369  7.938494E+01
       370  2.950705E+01
       371  7.406513E+01
       372  1.354201E+02
       373  7.425271E+01
       374  1.355665E+02
       375  7.457868E+01
       376  1.359622E+02
       377  7.579286E+01
       378  1.362522E+02
       379  2.740740E+01
       380  4.923528E+01
       381  2.740740E+01
       382  4.923528E+01
       383  7.579286E+01
       384  1.362522E+02
       385  7.457868E+01
       386  1.359622E+02
       387  7.425271E+01
       388  1.355665E+02
       389  7.406513E+01
       390  1.354201E+02
       391  1.132057E+03
       392  6.252739E+02
       393  2.730998E+02
       394  7.433672E+01
       395  2.815192E+01
       396  1.132057E+03
       397  6.252739E+02
       398  2.730998E+02
       399  7.433672E+01
       400  2.815192E+01
       401  6.881506E+01
       402  1.256847E+02
       403  6.900487E+01
       404  1.258344E+02
       405  6.933513E+01
       406  1.262361E+02
       407  7.055967E+01
       408  1.265307E+02
       409  2.550794E+01
       410  4.570260E+01
       411  2.550794E+01
       412  4.570260E+01
       413  7.055967E+01
       414  1.265307E+02
       415  6.933513E+01
       416  1.262361E+02
       417  6.900487E+01
       418  1.258344E+02
       419  6.881506E+01
       420  1.256847E+02
       421  1.045031E+03
       422  5.774898E+02
       423  2.526765E+02
       424  6.938841E+01
       425  2.681064E+01
       426  1.045031E+03
       427  5.774898E+02
       428  2.526765E+02
       429  6.938841E+01
       430  2.681064E+01
       431  6.367063E+01
       432  1.161677E+02
       433  6.386259E+01
       434  1.163175E+02
       435  6.419565E+01
       436  1.167202E+02
       437  6.542910E+01
       438  1.170158E+02
       439  2.364540E+01
       440  4.224441E+01
       441  2.364540E+01
       442  4.224441E+01
       443  6.542910E+01
       444  1.170158E+02
       445  6.419565E+01
       446  1.167202E+02
       447  6.386259E+01
       448  1.163175E+02
       449  6.367063E+01
       450  1.161677E+02
       451  9.601977E+02
       452  5.309007E+02
       453  2.327542E+02
       454  6.454935E+01
       455  2.548750E+01
       456  9.601977E+02
       457  5.309007E+02
       458  2.327542E+02
       459  6.454935E+01
       460  2.548750E+01
       461  5.863918E+01
       462  1.068742E+02
       463  5.883390E+01
       464  1.070247E+02
       465  5.916984E+01
       466  1.074288E+02
       467  6.041215E+01
       468  1.077255E+02
       469  2.182401E+01
       470  3.886789E+01
       471  2.182401E+01
       472  3.886789E+01
       473  6.041215E+01
       474  1.077255E+02
       475  5.916984E+01
       476  1.074288E+02
       477  5.883390E+01
       478  1.070247E+02
       479  5.863918E+01
       480  1.068742E+02
       481  8.777007E+02
       482  4.855857E+02
       483  2.133673E+02
       484  5.982843E+01
       485  2.418569E+01
       486  8.777007E+02
       487  4.855857E+02
       488  2.133673E+02
       489  5.982843E+01
       490  2.418569E+01
       491  5.372977E+01
       492  9.781825E+01
       493  5.392760E+01
       494  9.797064E+01
       495  5.426666E+01
       496  9.837715E+01
       497  5.551802E+01
       498  9.867581E+01
       499  2.004717E+01
       500  3.557894E+01
       501  2.004717E+01
       502  3.557894E+01
       503  5.551802E+01
       504  9.867581E+01
       505  5.426666E+01
       506  9.837715E+01
       507  5.392760E+01
       508  9.797064E+01
       509  5.372977E+01
       510  9.781825E+01
       511  7.976870E+02
       512  4.416265E+02
       513  1.945510E+02
       514  5.523482E+01
       515  2.290818E+01
       516  7.976870E+02
       517  4.416265E+02
       518  1.945510E+02
       519  5.523482E+01
       520  2.290818E+01
       521  4.895201E+01
       522  8.901740E+01
       523  4.915303E+01
       524  8.917221E+01
       525  4.949527E+01
       526  8.958188E+01
       527  5.075578E+01
       528  8.988323E+01
       529  1.831820E+01
       530  3.238350E+01
       531  1.831820E+01
       532  3.238350E+01
       533  5.075578E+01
       534  8.988323E+01
       535  4.949527E+01
       536  8.958188E+01
       537  4.915303E+01
       538  8.917221E+01
       539  4.895201E+01
       540  8.901740E+01
       541  7.203101E+02
       542  3.991081E+02
       543  1.763425E+02
       544  5.077819E+01
       545  2.165808E+01
       546  7.203101E+02
       547  3.991081E+02
       548  1.763425E+02
       549  5.077819E+01
       550  2.165808E+01
       551  4.431589E+01
       552  8.049039E+01
       553  4.452001E+01
       554  8.064772E+01
       555  4.486538E+01
       556  8.106078E+01
       557  4.613506E+01
       558  8.136510E+01
       559  1.664058E+01
       560  2.928783E+01
       561  1.664058E+01
       562  2.928783E+01
       563  4.613506E+01
       564  8.136510E+01
       565  4.486538E+01
       566  8.106078E+01
       567  4.452001E+01
       568  8.064772E+01
       569  4.431589E+01
       570  8.049039E+01
       571  6.457315E+02
       572  3.581200E+02
       573  1.587807E+02
       574  4.646873E+01
       575  2.043868E+01
       576  6.457315E+02
       577  3.581200E+02
       578  1.587807E+02
       579  4.646873E+01
       580  2.043868E+01
       581  3.983189E+01
       582  7.225641E+01
       583  4.003897E+01
       584  7.241612E+01
       585  4.038731E+01
       586  7.283250E+01
       587  4.166607E+01
       588  7.313981E+01
       589  1.501803E+01
       590  2.629857E+01
       591  1.501803E+01
       592  2.629857E+01
       593  4.166607E+01
       594  7.313981E+01
       595  4.038731E+01
       596  7.283250E+01
       597  4.003897E+01
       598  7.241612E+01
       599  3.983189E+01
       600  7.225641E+01
       601  5.741218E+02
       602  3.187566E+02
       603  1.419065E+02
       604  4.231708E+01
       605  1.925347E+01
       606  5.741218E+02
       607  3.187566E+02
       608  1.419065E+02
       609  4.231708E+01
       610  1.925347E+01
       611  3.551113E+01
       612  6.433474E+01
       613  3.572096E+01
       614  6.449676E+01
       615  3.607206E+01
       616  6.491643E+01
       617  3.735972E+01
       618  6.522675E+01
       619  1.345451E+01
       620  2.342276E+01
       621  1.345451E+01
       622  2.342276E+01
       623  3.735972E+01
       624  6.522675E+01
       625  3.607206E+01
       626  6.491643E+01
       627  3.572096E+01
       628  6.449676E+01
       629  3.551113E+01
       630  6.433474E+01
       631  5.056614E+02
       632  2.811176E+02
       633  1.257630E+02
       634  3.833430E+01
       635  1.810612E+01
       636  5.056614E+02
       637  2.811176E+02
       638  1.257630E+02
       639  3.833430E+01
       640  1.810612E+01
       641  3.136541E+01
       642  5.674425E+01
       643  3.157769E+01
       644  5.690914E+01
       645  3.193126E+01
       646  5.733268E+01
       647  3.322759E+01
       648  5.764637E+01
       649  1.195425E+01
       650  2.066789E+01
       651  1.195425E+01
       652  2.066789E+01
       653  3.322759E+01
       654  5.764637E+01
       655  3.193126E+01
       656  5.733268E+01
       657  3.157769E+01
       658  5.690914E+01
       659  3.136541E+01
       660  5.674425E+01
       661  4.405422E+02
       662  2.453083E+02
       663  1.103953E+02
       664  3.453177E+01
       665  1.700053E+01
       666  4.405422E+02
       667  2.453083E+02
       668  1.103953E+02
       669  3.453177E+01
       670  1.700053E+01
       671  2.740705E+01
       672  4.950301E+01
       673  2.762134E+01
       674  4.967276E+01
       675  2.797714E+01
       676  5.010219E+01
       677  2.928200E+01
       678  5.042047E+01
       679  1.052182E+01
       680  1.804195E+01
       681  1.052182E+01
       682  1.804195E+01
       683  2.928200E+01
       684  5.042047E+01
       685  2.797714E+01
       686  5.010219E+01
       687  2.762134E+01
       688  4.967276E+01
       689  2.740705E+01
       690  4.950301E+01
       691  3.789693E+02
       692  2.114404E+02
       693  9.585070E+01
       694  3.092125E+01
       695  1.594116E+01
       696  3.789693E+02
       697  2.114404E+02
       698  9.585070E+01
       699  3.092125E+01
       700  1.594116E+01
       701  2.364866E+01
       702  4.262825E+01
       703  2.386442E+01
       704  4.280728E+01
       705  2.422243E+01
       706  4.324714E+01
       707  2.553616E+01
       708  4.357268E+01
       709  9.162293E+00
       710  1.555367E+01
       711  9.162293E+00
       712  1.555367E+01
       713  2.553616E+01
       714  4.357268E+01
       715  2.422243E+01
       716  4.324714E+01
       717  2.386442E+01
       718  4.280728E+01
       719  2.364866E+01
       720  4.262825E+01
       721  3.211606E+02
       722  1.796311E+02
       723  8.217824E+01
       724  2.751535E+01
       725  1.493383E+01
       726  3.211606E+02
       727  1.796311E+02
       728  8.217824E+01
       729  2.751535E+01
       730  1.493383E+01
       731  2.010272E+01
       732  3.613804E+01
       733  2.031934E+01
       734  3.633384E+01
       735  2.068019E+01
       736  3.679191E+01
       737  2.200435E+01
       738  3.712926E+01
       739  7.881360E+00
       740  1.321262E+01
       741  7.881360E+00
       742  1.321262E+01
       743  2.200435E+01
       744  3.712926E+01
       745  2.068019E+01
       746  3.679191E+01
       747  2.031934E+01
       748  3.633384E+01
       749  2.010272E+01
       750  3.613804E+01
       751  2.673429E+02
       752  1.500012E+02
       753  6.942951E+01
       754  2.432906E+01
       755  1.398740E+01
       756  2.673429E+02
       757  1.500012E+02
       758  6.942951E+01
       759  2.432906E+01
       760  1.398740E+01
       761  1.678117E+01
       762  3.005648E+01
       763  1.699832E+01
       764  3.027865E+01
       765  1.736387E+01
       766  3.076506E+01
       767  1.870230E+01
       768  3.112003E+01
       769  6.685482E+00
       770  1.102943E+01
       771  6.685482E+00
       772  1.102943E+01
       773  1.870230E+01
       774  3.112003E+01
       775  1.736387E+01
       776  3.076506E+01
       777  1.699832E+01
       778  3.027865E+01
       779  1.678117E+01
       780  3.005648E+01
       781  2.177399E+02
       782  1.226709E+02
       783  5.765973E+01
       784  2.138330E+01
       785  1.311677E+01
       786  2.177399E+02
       787  1.226709E+02
       788  5.765973E+01
       789  2.138330E+01
       790  1.311677E+01
       791  1.369578E+01
       792  2.442421E+01
       793  1.391391E+01
       794  2.467962E+01
       795  1.428777E+01
       796  2.520208E+01
       797  1.564796E+01
       798  2.557893E+01
       799  5.581796E+00
       800  9.015637E+00
       801  5.581796E+00
       802  9.015637E+00
       803  1.564796E+01
       804  2.557893E+01
       805  1.428777E+01
       806  2.520208E+01
       807  1.391391E+01
       808  2.467962E+01
       809  1.369578E+01
       810  2.442421E+01
       811  1.725504E+02
       812  9.775295E+01
       813  4.693000E+01
       814  1.871085E+01
       815  1.234775E+01
       816  1.725504E+02
       817  9.775295E+01
       818  4.693000E+01
       819  1.871085E+01
       820  1.234775E+01
       821  1.085996E+01
       822  1.931389E+01
       823  1.108118E+01
       824  1.959449E+01
       825  1.146887E+01
       826  2.014709E+01
       827  1.286303E+01
       828  2.054274E+01
       829  4.577504E+00
       830  7.183192E+00
       831  4.577504E+00
       832  7.183192E+00
       833  1.286303E+01
       834  2.054274E+01
       835  1.146887E+01
       836  2.014709E+01
       837  1.108118E+01
       838  1.959449E+01
       839  1.085996E+01
       840  1.931389E+01
       841  1.319290E+02
       842  7.534772E+01
       843  3.731003E+01
       844  1.636296E+01
       845  1.172318E+01
       846  1.319290E+02
       847  7.534772E+01
       848  3.731003E+01
       849  1.636296E+01
       850  1.172318E+01
       851  8.295051E+00
       852  1.484364E+01
       853  8.523513E+00
       854  1.510442E+01
       855  8.930976E+00
       856  1.564814E+01
       857  1.037577E+01
       858  1.604445E+01
       859  3.678472E+00
       860  5.542697E+00
       861  3.678472E+00
       862  5.542697E+00
       863  1.037577E+01
       864  1.604445E+01
       865  8.930976E+00
       866  1.564814E+01
       867  8.523513E+00
       868  1.510442E+01
       869  8.295051E+00
       870  1.484364E+01
       871  9.598865E+01
       872  5.555165E+01
       873  2.888753E+01
       874  1.441257E+01
       875  1.130071E+01
       876  9.598865E+01
       877  5.555165E+01
       878  2.888753E+01
       879  1.441257E+01
       880  1.130071E+01
       881  6.049686E+00
       882  1.117721E+01
       883  6.289696E+00
       884  1.130221E+01
       885  6.715605E+00
       886  1.173776E+01
       887  8.220770E+00
       888  1.209220E+01
       889  2.886629E+00
       890  4.097061E+00
       891  2.886629E+00
       892  4.097061E+00
       893  8.220770E+00
       894  1.209220E+01
       895  6.715605E+00
       896  1.173776E+01
       897  6.289696E+00
       898  1.130221E+01
       899  6.049686E+00
       900  1.117721E+01
       901  6.482533E+01
       902  3.851718E+01
       903  2.180638E+01
       904  1.294163E+01
       905  1.110227E+01
       906  6.482533E+01
       907  3.851718E+01
       908  2.180638E+01
       909  1.294163E+01
       910  1.110227E+01
       911  4.281068E+00
       912  8.514269E+00
       913  4.518077E+00
       914  8.274720E+00
       915  4.919517E+00
       916  8.411717E+00
       917  6.436878E+00
       918  8.652735E+00
       919  2.196202E+00
       920  2.836472E+00
       921  2.196202E+00
       922  2.836472E+00
       923  6.436878E+00
       924  8.652735E+00
       925  4.919517E+00
       926  8.411717E+00
       927  4.518077E+00
       928  8.274720E+00
       929  4.281068E+00
       930  8.514269E+00
       931  3.855920E+01
       932  2.458437E+01
       933  1.635091E+01
       934  1.195048E+01
       935  1.097829E+01
       936  3.855920E+01
       937  2.458437E+01
       938  1.635091E+01
       939  1.195048E+01
       940  1.097829E+01
       941  3.462077E+00
       942  7.110367E+00
       943  3.626879E+00
       944  6.159801E+00
       945  3.829305E+00
       946  5.694326E+00
       947  5.145888E+00
       948  5.716192E+00
       949  1.595487E+00
       950  1.768152E+00
       951  1.595487E+00
       952  1.768152E+00
       953  5.145888E+00
       954  5.716192E+00
       955  3.829305E+00
       956  5.694326E+00
       957  3.626879E+00
       958  6.159801E+00
       959  3.462077E+00
       960  7.110367E+00
       961  1.778677E+01
       962  1.419740E+01
       963  1.262874E+01
       964  1.133525E+01
       965  1.054260E+01
       966  1.778677E+01
       967  1.419740E+01
       968  1.262874E+01
       969  1.133525E+01
       970  1.054260E+01
       971  4.456667E+00
       972  7.042121E+00
       973  4.614164E+00
       974  5.390518E+00
       975  4.380455E+00
       976  4.252442E+00
       977  5.274528E+00
       978  4.017273E+00
       979  1.104443E+00
       980  1.226099E+00
       981  1.104443E+00
       982  1.226099E+00
       983  5.274528E+00
       984  4.017273E+00
       985  4.380455E+00
       986  4.252442E+00
       987  4.614164E+00
       988  5.390518E+00
       989  4.456667E+00
       990  7.042121E+00
       991  4.739863E+00
       992  6.785891E+00
       993  9.256968E+00
       994  1.086893E+01
       995  1.151419E+01
       996  4.739863E+00
       997  6.785891E+00
       998  9.256968E+00
       999  1.086893E+01
      1000  1.151419E+01
      1001  6.460171E+00
      1002  6.872635E+00
      1003  7.220748E+00
      1004  5.766247E+00
      1005  7.931413E+00
      1006  5.860391E+00
      1007  1.169684E+01
      1008  7.702211E+00
      1009  1.055056E+00
      1010  3.644415E+00
      1011  1.055056E+00
      1012  3.644415E+00
      1013  1.169684E+01
      1014  7.702211E+00
      1015  7.931413E+00
      1016  5.860391E+00
      1017  7.220748E+00
      1018  5.766247E+00
      1019  6.460171E+00
      1020  6.872635E+00
      1021  3.146917E-01
      1022  1.232849E+00
      1023  3.313368E+00
      1024  8.001565E+00
      1025  1.661207E+01
      1026  3.146917E-01
      1027  1.232849E+00
      1028  3.313368E+00
      1029  8.001565E+00
      1030  1.661207E+01
      1031  5.027068E+00
      1032  5.524581E+00
      1033  6.553165E+00
      1034  5.366280E+00
      1035  1.083477E+01
      1036  1.093771E+01
      1037  3.518946E+01
      1038  2.941148E+01
      1039  2.409650E+00
      1040  2.078527E+01
      1041  2.409650E+00
      1042  2.078527E+01
      1043  3.518946E+01
      1044  2.941148E+01
      1045  1.083477E+01
      1046  1.093771E+01
      1047  6.553165E+00
      1048  5.366280E+00
      1049  5.027068E+00
      1050  5.524581E+00

                                INCREMENT    12


 displacements (vx,vy,vz) for set TIP_TOP and time  0.1000000E+01

      1703  3.969116E-01 -1.215235E-02 -1.647975E+01
      1704  3.967662E-01 -1.196443E-02 -1.645166E+01
      1707  3.961012E-01 -1.137516E-02 -1.642414E+01
      1710  3.957481E-01 -8.991253E-03 -1.639950E+01
      1712  3.957808E-01 -3.461946E-03 -1.638426E+01
      1714  3.957490E-01  3.905432E-14 -1.638330E+01
      1716  3.957808E-01  3.461946E-03 -1.638426E+01
      1719  3.957481E-01  8.991253E-03 -1.639950E+01
      1722  3.961012E-01  1.137516E-02 -1.642414E+01
      1725  3.967662E-01  1.196443E-02 -1.645166E+01
      1728  3.969116E-01  1.215235E-02 -1.647975E+01

 forces (fx,fy,fz) for set CLAMP and time  0.1000000E+01

         1  2.377985E+04  2.107707E+04  9.562793E+03
         4  4.219312E+04  1.302940E-09  1.905781E+04
         5  3.374328E+04  3.333734E+04  1.198268E+03
         8  5.868060E+04  2.790853E-10  2.635803E+03
         9  2.420476E+04  2.422415E+04 -7.657427E+02
        12  4.210465E+04  3.813884E-11 -1.408119E+03
        13  1.409580E+04  1.390874E+04 -2.200140E+03
        16  2.449172E+04 -6.043620E-09 -4.286703E+03
        17  3.732312E+03  3.462393E+03 -2.401161E+03
        20  6.379211E+03  5.735855E-11 -4.711321E+03
        21 -5.325965E+03 -2.047662E+03 -5.755519E+03
        24 -5.520412E+03  6.380841E-09 -2.936339E+03
        26  2.377985E+04 -2.107707E+04  9.562793E+03
        28  3.374328E+04 -3.333734E+04  1.198268E+03
        30  2.420476E+04 -2.422415E+04 -7.657427E+02
        32  1.409580E+04 -1.390874E+04 -2.200140E+03
        34  3.732312E+03 -3.462393E+03 -2.401161E+03
        36 -5.325965E+03  2.047662E+03 -5.755519E+03
        37 -5.139740E+03 -2.618368E+03 -5.560527E+03
        40 -5.785668E+03 -1.127930E+03 -9.095630E+03
        41 -1.316703E+04 -6.346387E+03 -2.159311E+03
        44 -1.897325E+04 -2.655164E+03 -4.101543E+03
        45 -9.374114E+03 -3.749674E+03  6.991839E+03
        48 -1.582914E+04 -1.530028E+03  1.277275E+04
        50 -4.634557E+03 -1.082268E+03 -8.210124E+03
        52 -1.813122E+04 -2.334780E+03 -4.229015E+03
        54 -1.621994E+04 -1.255149E+03  1.245678E+04
        56 -4.647251E+03 -7.878616E+02 -8.301287E+03
        58 -1.852795E+04 -1.573249E+03 -4.292227E+03
        60 -1.670314E+04 -7.982764E+02  1.272175E+04
        62 -1.300551E+04 -5.898940E+02 -2.810837E+03
        64 -1.162983E+04 -2.808802E+02  8.899816E+03
        66 -7.009347E+03  4.288120E-11 -1.467902E+03
        68 -6.242931E+03  2.041476E-11  4.799972E+03
        70 -1.300551E+04  5.898940E+02 -2.810837E+03
        72 -1.162983E+04  2.808802E+02  8.899816E+03
        74 -4.647251E+03  7.878616E+02 -8.301287E+03
        76 -1.852795E+04  1.573249E+03 -4.292227E+03
        78 -1.670314E+04  7.982764E+02  1.272175E+04
        80 -4.634557E+03  1.082268E+03 -8.210124E+03
        82 -1.813122E+04  2.334780E+03 -4.229015E+03
        84 -1.621994E+04  1.255149E+03  1.245678E+04
        86 -5.785668E+03  1.127930E+03 -9.095630E+03
        88 -1.897325E+04  2.655164E+03 -4.101543E+03
        90 -1.582914E+04  1.530028E+03  1.277275E+04
        92 -5.139740E+03  2.618368E+03 -5.560527E+03
        94 -1.316703E+04  6.346387E+03 -2.159311E+03
        96 -9.374114E+03  3.749674E+03  6.991839E+03

 internal energy (element, energy) for set EALL and time  0.1000000E+01

         1  1.760878E+03
         2  8.783009E+02
         3  3.766355E+02
         4  8.741348E+01
         5  1.753378E+01
         6  1.760878E+03
         7  8.783009E+02
         8  3.766355E+02
         9  8.741348E+01
        10  1.753378E+01
        11  1.062116E+02
        12  1.968178E+02
        13  8.036622E+01
        14  1.680093E+02
        15  7.708079E+01
        16  1.684196E+02
        17  8.120606E+01
        18  1.749886E+02
        19  3.081308E+01
        20  6.540737E+01
        21  3.081308E+01
        22  6.540737E+01
        23  8.120606E+01
        24  1.749886E+02
        25  7.708079E+01
        26  1.684196E+02
        27  8.036622E+01
        28  1.680093E+02
        29  1.062116E+02
        30  1.968178E+02
        31  2.173330E+03
        32  1.226790E+03
        33  4.722119E+02
        34  1.123825E+02
        35  2.828171E+01
        36  2.173330E+03
        37  1.226790E+03
        38  4.722119E+02
        39  1.123825E+02
        40  2.828171E+01
        41  8.906174E+01
        42  1.897747E+02
        43  9.678421E+01
        44  1.999633E+02
        45  9.669619E+01
        46  1.998095E+02
        47  1.037498E+02
        48  2.081826E+02
        49  3.972622E+01
        50  7.777732E+01
        51  3.972622E+01
        52  7.777732E+01
        53  1.037498E+02
        54  2.081826E+02
        55  9.669619E+01
        56  1.998095E+02
        57  9.678421E+01
        58  1.999633E+02
        59  8.906174E+01
        60  1.897747E+02
        61  2.021562E+03
        62  1.166133E+03
        63  5.024741E+02
        64  1.270179E+02
        65  3.666707E+01
        66  2.021562E+03
        67  1.166133E+03
        68  5.024741E+02
        69  1.270179E+02
        70  3.666707E+01
        71  8.634534E+01
        72  1.914223E+02
        73  9.763376E+01
        74  2.067147E+02
        75  1.039673E+02
        76  2.152721E+02
        77  1.109553E+02
        78  2.230034E+02
        79  4.157899E+01
        80  8.238331E+01
        81  4.157899E+01
        82  8.238331E+01
        83  1.109553E+02
        84  2.230034E+02
        85  1.039673E+02
        86  2.152721E+02
        87  9.763376E+01
        88  2.067147E+02
        89  8.634534E+01
        90  1.914223E+02
        91  2.253531E+03
        92  1.299597E+03
        93  5.815208E+02
        94  1.572114E+02
        95  5.186027E+01
        96  2.253531E+03
        97  1.299597E+03
        98  5.815208E+02
        99  1.572114E+02
       100  5.186027E+01
       101  1.178498E+02
       102  2.232019E+02
       103  1.258231E+02
       104  2.344572E+02
       105  1.326779E+02
       106  2.439767E+02
       107  1.377986E+02
       108  2.494304E+02
       109  4.997377E+01
       110  9.069406E+01
       111  4.997377E+01
       112  9.069406E+01
       113  1.377986E+02
       114  2.494304E+02
       115  1.326779E+02
       116  2.439767E+02
       117  1.258231E+02
       118  2.344572E+02
       119  1.178498E+02
       120  2.232019E+02
       121  2.196708E+03
       122  1.243152E+03
       123  5.531586E+02
       124  1.495485E+02
       125  4.974170E+01
       126  2.196708E+03
       127  1.243152E+03
       128  5.531586E+02
       129  1.495485E+02
       130  4.974170E+01
       131  1.250524E+02
       132  2.305257E+02
       133  1.281443E+02
       134  2.352510E+02
       135  1.313115E+02
       136  2.399930E+02
       137  1.339014E+02
       138  2.420400E+02
       139  4.828131E+01
       140  8.750718E+01
       141  4.828131E+01
       142  8.750718E+01
       143  1.339014E+02
       144  2.420400E+02
       145  1.313115E+02
       146  2.399930E+02
       147  1.281443E+02
       148  2.352510E+02
       149  1.250524E+02
       150  2.305257E+02
       151  2.063471E+03
       152  1.149140E+03
       153  5.034997E+02
       154  1.342149E+02
       155  4.447350E+01
       156  2.063471E+03
       157  1.149140E+03
       158  5.034997E+02
       159  1.342149E+02
       160  4.447350E+01
       161  1.205410E+02
       162  2.239142E+02
       163  1.210403E+02
       164  2.244872E+02
       165  1.219111E+02
       166  2.254265E+02
       167  1.234445E+02
       168  2.253785E+02
       169  4.462972E+01
       170  8.133525E+01
       171  4.462972E+01
       172  8.133525E+01
       173  1.234445E+02
       174  2.253785E+02
       175  1.219111E+02
       176  2.254265E+02
       177  1.210403E+02
       178  2.244872E+02
       179  1.205410E+02
       180  2.239142E+02
       181  1.928669E+03
       182  1.067652E+03
       183  4.656143E+02
       184  1.235029E+02
       185  4.155761E+01
       186  1.928669E+03
       187  1.067652E+03
       188  4.656143E+02
       189  1.235029E+02
       190  4.155761E+01
       191  1.143591E+02
       192  2.126608E+02
       193  1.142340E+02
       194  2.118790E+02
       195  1.143776E+02
       196  2.113585E+02
       197  1.155091E+02
       198  2.106701E+02
       199  4.176226E+01
       200  7.600619E+01
       201  4.176226E+01
       202  7.600619E+01
       203  1.155091E+02
       204  2.106701E+02
       205  1.143776E+02
       206  2.113585E+02
       207  1.142340E+02
       208  2.118790E+02
       209  1.143591E+02
       210  2.126608E+02
       211  1.782849E+03
       212  9.916326E+02
       213  4.334354E+02
       214  1.149736E+02
       215  3.930362E+01
       216  1.782849E+03
       217  9.916326E+02
       218  4.334354E+02
       219  1.149736E+02
       220  3.930362E+01
       221  1.078420E+02
       222  1.998209E+02
       223  1.077396E+02
       224  1.990294E+02
       225  1.077720E+02
       226  1.983992E+02
       227  1.087579E+02
       228  1.977354E+02
       229  3.929490E+01
       230  7.134858E+01
       231  3.929490E+01
       232  7.134858E+01
       233  1.087579E+02
       234  1.977354E+02
       235  1.077720E+02
       236  1.983992E+02
       237  1.077396E+02
       238  1.990294E+02
       239  1.078420E+02
       240  1.998209E+02
       241  1.671883E+03
       242  9.263795E+02
       243  4.043860E+02
       244  1.072998E+02
       245  3.726864E+01
       246  1.671883E+03
       247  9.263795E+02
       248  4.043860E+02
       249  1.072998E+02
       250  3.726864E+01
       251  1.014624E+02
       252  1.871406E+02
       253  1.014734E+02
       254  1.866749E+02
       255  1.015692E+02
       256  1.863483E+02
       257  1.025590E+02
       258  1.859372E+02
       259  3.704569E+01
       260  6.712243E+01
       261  3.704569E+01
       262  6.712243E+01
       263  1.025590E+02
       264  1.859372E+02
       265  1.015692E+02
       266  1.863483E+02
       267  1.014734E+02
       268  1.866749E+02
       269  1.014624E+02
       270  1.871406E+02
       271  1.576070E+03
       272  8.694959E+02
       273  3.783702E+02
       274  1.004747E+02
       275  3.548337E+01
       276  1.576070E+03
       277  8.694959E+02
       278  3.783702E+02
       279  1.004747E+02
       280  3.548337E+01
       281  9.531187E+01
       282  1.751367E+02
       283  9.540926E+01
       284  1.749687E+02
       285  9.559895E+01
       286  1.749772E+02
       287  9.667751E+01
       288  1.748832E+02
       289  3.493448E+01
       290  6.317701E+01
       291  3.493448E+01
       292  6.317701E+01
       293  9.667751E+01
       294  1.748832E+02
       295  9.559895E+01
       296  1.749772E+02
       297  9.540926E+01
       298  1.749687E+02
       299  9.531187E+01
       300  1.751367E+02
       301  1.477880E+03
       302  8.151880E+02
       303  3.545646E+02
       304  9.447972E+01
       305  3.392605E+01
       306  1.477880E+03
       307  8.151880E+02
       308  3.545646E+02
       309  9.447972E+01
       310  3.392605E+01
       311  8.936284E+01
       312  1.637908E+02
       313  8.951433E+01
       314  1.638170E+02
       315  8.978108E+01
       316  1.640657E+02
       317  9.095774E+01
       318  1.642113E+02
       319  3.288447E+01
       320  5.935032E+01
       321  3.288447E+01
       322  5.935032E+01
       323  9.095774E+01
       324  1.642113E+02
       325  8.978108E+01
       326  1.640657E+02
       327  8.951433E+01
       328  1.638170E+02
       329  8.936284E+01
       330  1.637908E+02
       331  1.380318E+03
       332  7.617098E+02
       333  3.316743E+02
       334  8.891433E+01
       335  3.247170E+01
       336  1.380318E+03
       337  7.617098E+02
       338  3.316743E+02
       339  8.891433E+01
       340  3.247170E+01
       341  8.357724E+01
       342  1.529412E+02
       343  8.375814E+01
       344  1.530647E+02
       345  8.407204E+01
       346  1.534368E+02
       347  8.531166E+01
       348  1.537004E+02
       349  3.084986E+01
       350  5.555396E+01
       351  3.084986E+01
       352  5.555396E+01
       353  8.531166E+01
       354  1.537004E+02
       355  8.407204E+01
       356  1.534368E+02
       357  8.375814E+01
       358  1.530647E+02
       359  8.357724E+01
       360  1.529412E+02
       361  1.284561E+03
       362  7.091796E+02
       363  3.092486E+02
       364  8.350521E+01
       365  3.104004E+01
       366  1.284561E+03
       367  7.091796E+02
       368  3.092486E+02
       369  8.350521E+01
       370  3.104004E+01
       371  7.792690E+01
       372  1.424418E+02
       373  7.812079E+01
       374  1.425983E+02
       375  7.845707E+01
       376  1.430143E+02
       377  7.972746E+01
       378  1.433166E+02
       379  2.882830E+01
       380  5.178709E+01
       381  2.882830E+01
       382  5.178709E+01
       383  7.972746E+01
       384  1.433166E+02
       385  7.845707E+01
       386  1.430143E+02
       387  7.812079E+01
       388  1.425983E+02
       389  7.792690E+01
       390  1.424418E+02
       391  1.190836E+03
       392  6.577358E+02
       393  2.872754E+02
       394  7.819504E+01
       395  2.961573E+01
       396  1.190836E+03
       397  6.577358E+02
       398  2.872754E+02
       399  7.819504E+01
       400  2.961573E+01
       401  7.239643E+01
       402  1.322057E+02
       403  7.259529E+01
       404  1.323668E+02
       405  7.294066E+01
       406  1.327917E+02
       407  7.422661E+01
       408  1.331019E+02
       409  2.683301E+01
       410  4.807585E+01
       411  2.683301E+01
       412  4.807585E+01
       413  7.422661E+01
       414  1.331019E+02
       415  7.294066E+01
       416  1.327917E+02
       417  7.259529E+01
       418  1.323668E+02
       419  7.239643E+01
       420  1.322057E+02
       421  1.099287E+03
       422  6.074683E+02
       423  2.657910E+02
       424  7.298918E+01
       425  2.820447E+01
       426  1.099287E+03
       427  6.074683E+02
       428  2.657910E+02
       429  7.298918E+01
       430  2.820447E+01
       431  6.698220E+01
       432  1.222009E+02
       433  6.718382E+01
       434  1.223601E+02
       435  6.753353E+01
       436  1.227849E+02
       437  6.883026E+01
       438  1.230958E+02
       439  2.487441E+01
       440  4.443926E+01
       441  2.487441E+01
       442  4.443926E+01
       443  6.883026E+01
       444  1.230958E+02
       445  6.753353E+01
       446  1.227849E+02
       447  6.718382E+01
       448  1.223601E+02
       449  6.698220E+01
       450  1.222009E+02
       451  1.010050E+03
       452  5.584599E+02
       453  2.448336E+02
       454  6.789817E+01
       455  2.681202E+01
       456  1.010050E+03
       457  5.584599E+02
       458  2.448336E+02
       459  6.789817E+01
       460  2.681202E+01
       461  6.168859E+01
       462  1.124286E+02
       463  6.189307E+01
       464  1.125870E+02
       465  6.224613E+01
       466  1.130120E+02
       467  6.355260E+01
       468  1.133237E+02
       469  2.295852E+01
       470  4.088765E+01
       471  2.295852E+01
       472  4.088765E+01
       473  6.355260E+01
       474  1.133237E+02
       475  6.224613E+01
       476  1.130120E+02
       477  6.189307E+01
       478  1.125870E+02
       479  6.168859E+01
       480  1.124286E+02
       481  9.232714E+02
       482  5.107928E+02
       483  2.244401E+02
       484  6.293186E+01
       485  2.544223E+01
       486  9.232714E+02
       487  5.107928E+02
       488  2.244401E+02
       489  6.293186E+01
       490  2.544223E+01
       491  5.652388E+01
       492  1.029037E+02
       493  5.673160E+01
       494  1.030635E+02
       495  5.708800E+01
       496  1.034906E+02
       497  5.840412E+01
       498  1.038043E+02
       499  2.108939E+01
       500  3.742799E+01
       501  2.108939E+01
       502  3.742799E+01
       503  5.840412E+01
       504  1.038043E+02
       505  5.708800E+01
       506  1.034906E+02
       507  5.673160E+01
       508  1.030635E+02
       509  5.652388E+01
       510  1.029037E+02
       511  8.391050E+02
       512  4.645522E+02
       513  2.046474E+02
       514  5.809983E+01
       515  2.409823E+01
       516  8.391050E+02
       517  4.645522E+02
       518  2.046474E+02
       519  5.809983E+01
       520  2.409823E+01
       521  5.149778E+01
       522  9.364590E+01
       523  5.170888E+01
       524  9.380814E+01
       525  5.206868E+01
       526  9.423852E+01
       527  5.339449E+01
       528  9.455512E+01
       529  1.927060E+01
       530  3.406666E+01
       531  1.927060E+01
       532  3.406666E+01
       533  5.339449E+01
       534  9.455512E+01
       535  5.206868E+01
       536  9.423852E+01
       537  5.170888E+01
       538  9.380814E+01
       539  5.149778E+01
       540  9.364590E+01
       541  7.577120E+02
       542  4.198274E+02
       543  1.854942E+02
       544  5.341206E+01
       545  2.278317E+01
       546  7.577120E+02
       547  4.198274E+02
       548  1.854942E+02
       549  5.341206E+01
       550  2.278317E+01
       551  4.662072E+01
       552  8.467573E+01
       553  4.683514E+01
       554  8.484073E+01
       555  4.719827E+01
       556  8.527479E+01
       557  4.853376E+01
       558  8.559462E+01
       559  1.750584E+01
       560  3.081025E+01
       561  1.750584E+01
       562  3.081025E+01
       563  4.853376E+01
       564  8.559462E+01
       565  4.719827E+01
       566  8.527479E+01
       567  4.683514E+01
       568  8.484073E+01
       569  4.662072E+01
       570  8.467573E+01
       571  6.792624E+02
       572  3.767122E+02
       573  1.670212E+02
       574  4.887913E+01
       575  2.150046E+01
       576  6.792624E+02
       577  3.767122E+02
       578  1.670212E+02
       579  4.887913E+01
       580  2.150046E+01
       581  4.190369E+01
       582  7.601375E+01
       583  4.212127E+01
       584  7.618137E+01
       585  4.248756E+01
       586  7.661905E+01
       587  4.383263E+01
       588  7.694213E+01
       589  1.579900E+01
       590  2.766575E+01
       591  1.579900E+01
       592  2.766575E+01
       593  4.383263E+01
       594  7.694213E+01
       595  4.248756E+01
       596  7.661905E+01
       597  4.212127E+01
       598  7.618137E+01
       599  4.190369E+01
       600  7.601375E+01
       601  6.039355E+02
       602  3.353059E+02
       603  1.492716E+02
       604  4.451222E+01
       605  2.025372E+01
       606  6.039355E+02
       607  3.353059E+02
       608  1.492716E+02
       609  4.451222E+01
       610  2.025372E+01
       611  3.735839E+01
       612  6.768034E+01
       613  3.757891E+01
       614  6.785050E+01
       615  3.794812E+01
       616  6.829174E+01
       617  3.930257E+01
       618  6.861805E+01
       619  1.415425E+01
       620  2.464057E+01
       621  1.415425E+01
       622  2.464057E+01
       623  3.930257E+01
       624  6.861805E+01
       625  3.794812E+01
       626  6.829174E+01
       627  3.757891E+01
       628  6.785050E+01
       629  3.735839E+01
       630  6.768034E+01
       631  5.319210E+02
       632  2.957133E+02
       633  1.322905E+02
       634  4.032291E+01
       635  1.904679E+01
       636  5.319210E+02
       637  2.957133E+02
       638  1.322905E+02
       639  4.032291E+01
       640  1.904679E+01
       641  3.299720E+01
       642  5.969538E+01
       643  3.322033E+01
       644  5.986863E+01
       645  3.359216E+01
       646  6.031400E+01
       647  3.495575E+01
       648  6.064389E+01
       649  1.257603E+01
       650  2.174259E+01
       651  1.257603E+01
       652  2.174259E+01
       653  3.495575E+01
       654  6.064389E+01
       655  3.359216E+01
       656  6.031400E+01
       657  3.322033E+01
       658  5.986863E+01
       659  3.299720E+01
       660  5.969538E+01
       661  4.634211E+02
       662  2.580453E+02
       663  1.161254E+02
       664  3.632320E+01
       665  1.788378E+01
       666  4.634211E+02
       667  2.580453E+02
       668  1.161254E+02
       669  3.632320E+01
       670  1.788378E+01
       671  2.883311E+01
       672  5.207785E+01
       673  2.905839E+01
       674  5.225626E+01
       675  2.943257E+01
       676  5.270787E+01
       677  3.080514E+01
       678  5.304260E+01
       679  1.106917E+01
       680  1.898024E+01
       681  1.106917E+01
       682  1.898024E+01
       683  3.080514E+01
       684  5.304260E+01
       685  2.943257E+01
       686  5.270787E+01
       687  2.905839E+01
       688  5.225626E+01
       689  2.883311E+01
       690  5.207785E+01
       691  3.986514E+02
       692  2.224194E+02
       693  1.008260E+02
       694  3.252544E+01
       695  1.676940E+01
       696  3.986514E+02
       697  2.224194E+02
       698  1.008260E+02
       699  3.252544E+01
       700  1.676940E+01
       701  2.487936E+01
       702  4.484583E+01
       703  2.510620E+01
       704  4.503404E+01
       705  2.548273E+01
       706  4.549665E+01
       707  2.686463E+01
       708  4.583903E+01
       709  9.638990E+00
       710  1.636268E+01
       711  9.638990E+00
       712  1.636268E+01
       713  2.686463E+01
       714  4.583903E+01
       715  2.548273E+01
       716  4.549665E+01
       717  2.510620E+01
       718  4.503404E+01
       719  2.487936E+01
       720  4.484583E+01
       721  3.378412E+02
       722  1.889588E+02
       723  8.644398E+01
       724  2.894289E+01
       725  1.570975E+01
       726  3.378412E+02
       727  1.889588E+02
       728  8.644398E+01
       729  2.894289E+01
       730  1.570975E+01
       731  2.114908E+01
       732  3.801833E+01
       733  2.137686E+01
       734  3.822421E+01
       735  2.175639E+01
       736  3.870599E+01
       737  2.314926E+01
       738  3.906081E+01
       739  8.291479E+00
       740  1.389999E+01
       741  8.291479E+00
       742  1.389999E+01
       743  2.314926E+01
       744  3.906081E+01
       745  2.175639E+01
       746  3.870599E+01
       747  2.137686E+01
       748  3.822421E+01
       749  2.114908E+01
       750  3.801833E+01
       751  2.812291E+02
       752  1.577907E+02
       753  7.303361E+01
       754  2.559134E+01
       755  1.471415E+01
       756  2.812291E+02
       757  1.577907E+02
       758  7.303361E+01
       759  2.559134E+01
       760  1.471415E+01
       761  1.765485E+01
       762  3.162069E+01
       763  1.788319E+01
       764  3.185433E+01
       765  1.826768E+01
       766  3.236593E+01
       767  1.967558E+01
       768  3.273929E+01
       769  7.033437E+00
       770  1.160334E+01
       771  7.033437E+00
       772  1.160334E+01
       773  1.967558E+01
       774  3.273929E+01
       775  1.826768E+01
       776  3.236593E+01
       777  1.788319E+01
       778  3.185433E+01
       779  1.765485E+01
       780  3.162069E+01
       781  2.290503E+02
       782  1.290414E+02
       783  6.065296E+01
       784  2.249279E+01
       785  1.379828E+01
       786  2.290503E+02
       787  1.290414E+02
       788  6.065296E+01
       789  2.249279E+01
       790  1.379828E+01
       791  1.440903E+01
       792  2.569566E+01
       793  1.463842E+01
       794  2.596427E+01
       795  1.503166E+01
       796  2.651381E+01
       797  1.646245E+01
       798  2.691019E+01
       799  5.872370E+00
       800  9.484881E+00
       801  5.872370E+00
       802  9.484881E+00
       803  1.646245E+01
       804  2.691019E+01
       805  1.503166E+01
       806  2.651381E+01
       807  1.463842E+01
       808  2.596427E+01
       809  1.440903E+01
       810  2.569566E+01
       811  1.815142E+02
       812  1.028298E+02
       813  4.936631E+01
       814  1.968172E+01
       815  1.298930E+01
       816  1.815142E+02
       817  1.028298E+02
       818  4.936631E+01
       819  1.968172E+01
       820  1.298930E+01
       821  1.142574E+01
       822  2.031965E+01
       823  1.165839E+01
       824  2.061478E+01
       825  1.206617E+01
       826  2.119603E+01
       827  1.353270E+01
       828  2.161219E+01
       829  4.815853E+00
       830  7.557174E+00
       831  4.815853E+00
       832  7.557174E+00
       833  1.353270E+01
       834  2.161219E+01
       835  1.206617E+01
       836  2.119603E+01
       837  1.165839E+01
       838  2.061478E+01
       839  1.142574E+01
       840  2.031965E+01
       841  1.387832E+02
       842  7.926122E+01
       843  3.924699E+01
       844  1.721205E+01
       845  1.233226E+01
       846  1.387832E+02
       847  7.926122E+01
       848  3.924699E+01
       849  1.721205E+01
       850  1.233226E+01
       851  8.727409E+00
       852  1.561692E+01
       853  8.967691E+00
       854  1.589123E+01
       855  9.396283E+00
       856  1.646314E+01
       857  1.091607E+01
       858  1.688000E+01
       859  3.870061E+00
       860  5.831376E+00
       861  3.870061E+00
       862  5.831376E+00
       863  1.091607E+01
       864  1.688000E+01
       865  9.396283E+00
       866  1.646314E+01
       867  8.967691E+00
       868  1.589123E+01
       869  8.727409E+00
       870  1.561692E+01
       871  1.009763E+02
       872  5.843719E+01
       873  3.038728E+01
       874  1.516050E+01
       875  1.188781E+01
       876  1.009763E+02
       877  5.843719E+01
       878  3.038728E+01
       879  1.516050E+01
       880  1.188781E+01
       881  6.365193E+00
       882  1.175977E+01
       883  6.617637E+00
       884  1.189124E+01
       885  7.065646E+00
       886  1.234939E+01
       887  8.648942E+00
       888  1.272219E+01
       889  3.037020E+00
       890  4.310553E+00
       891  3.037020E+00
       892  4.310553E+00
       893  8.648942E+00
       894  1.272219E+01
       895  7.065646E+00
       896  1.234939E+01
       897  6.617637E+00
       898  1.189124E+01
       899  6.365193E+00
       900  1.175977E+01
       901  6.819428E+01
       902  4.051811E+01
       903  2.293854E+01
       904  1.361328E+01
       905  1.167903E+01
       906  6.819428E+01
       907  4.051811E+01
       908  2.293854E+01
       909  1.361328E+01
       910  1.167903E+01
       911  4.504444E+00
       912  8.958249E+00
       913  4.753750E+00
       914  8.706226E+00
       915  5.176043E+00
       916  8.850302E+00
       917  6.772197E+00
       918  9.103797E+00
       919  2.310658E+00
       920  2.984386E+00
       921  2.310658E+00
       922  2.984386E+00
       923  6.772197E+00
       924  9.103797E+00
       925  5.176043E+00
       926  8.850302E+00
       927  4.753750E+00
       928  8.706226E+00
       929  4.504444E+00
       930  8.958249E+00
       931  4.056367E+01
       932  2.586168E+01
       933  1.719987E+01
       934  1.257078E+01
       935  1.154858E+01
       936  4.056367E+01
       937  2.586168E+01
       938  1.719987E+01
       939  1.257078E+01
       940  1.154858E+01
       941  3.642617E+00
       942  7.481257E+00
       943  3.815977E+00
       944  6.481214E+00
       945  4.028950E+00
       946  5.991476E+00
       947  5.413938E+00
       948  6.014422E+00
       949  1.678662E+00
       950  1.860465E+00
       951  1.678662E+00
       952  1.860465E+00
       953  5.413938E+00
       954  6.014422E+00
       955  4.028950E+00
       956  5.991476E+00
       957  3.815977E+00
       958  6.481214E+00
       959  3.642617E+00
       960  7.481257E+00
       961  1.871182E+01
       962  1.493521E+01
       963  1.328459E+01
       964  1.192374E+01
       965  1.109019E+01
       966  1.871182E+01
       967  1.493521E+01
       968  1.328459E+01
       969  1.192374E+01
       970  1.109019E+01
       971  4.688615E+00
       972  7.409485E+00
       973  4.854298E+00
       974  5.671870E+00
       975  4.608478E+00
       976  4.474469E+00
       977  5.548987E+00
       978  4.226922E+00
       979  1.162024E+00
       980  1.290125E+00
       981  1.162024E+00
       982  1.290125E+00
       983  5.548987E+00
       984  4.226922E+00
       985  4.608478E+00
       986  4.474469E+00
       987  4.854298E+00
       988  5.671870E+00
       989  4.688615E+00
       990  7.409485E+00
       991  4.986540E+00
       992  7.138749E+00
       993  9.738042E+00
       994  1.143343E+01
       995  1.211204E+01
       996  4.986540E+00
       997  7.138749E+00
       998  9.738042E+00
       999  1.143343E+01
      1000  1.211204E+01
      1001  6.796133E+00
      1002  7.231116E+00
      1003  7.596250E+00
      1004  6.067127E+00
      1005  8.343869E+00
      1006  6.165852E+00
      1007  1.230478E+01
      1008  8.103056E+00
      1009  1.109994E+00
      1010  3.833881E+00
      1011  1.109994E+00
      1012  3.833881E+00
      1013  1.230478E+01
      1014  8.103056E+00
      1015  8.343869E+00
      1016  6.165852E+00
      1017  7.596250E+00
      1018  6.067127E+00
      1019  6.796133E+00
      1020  7.231116E+00
      1021  3.310912E-01
      1022  1.297052E+00
      1023  3.485836E+00
      1024  8.417847E+00
      1025  1.747574E+01
      1026  3.310912E-01
      1027  1.297052E+00
      1028  3.485836E+00
      1029  8.417847E+00
      1030  1.747574E+01
      1031  5.288564E+00
      1032  5.812829E+00
      1033  6.893935E+00
      1034  5.645915E+00
      1035  1.139810E+01
      1036  1.150665E+01
      1037  3.701845E+01
      1038  3.094032E+01
      1039  2.534900E+00
      1040  2.186568E+01
      1041  2.534900E+00
      1042  2.186568E+01
      1043  3.701845E+01
      1044  3.094032E+01
      1045  1.139810E+01
      1046  1.150665E+01
      1047  6.893935E+00
      1048  5.645915E+00
      1049  5.288564E+00
      1050  5.812829E+00
