
                        S T E P       1


                                INCREMENT     1


 displacements (vx,vy,vz) for set TIP_TOP and time  0.5000000E-01

      1799  3.921697E-02 -1.182640E-03 -1.041518E+00
      1800  3.918772E-02 -1.160668E-03 -1.038880E+00
      1803  3.911076E-02 -1.123918E-03 -1.036280E+00
      1806  3.905633E-02 -9.178615E-04 -1.033878E+00
      1808  3.904598E-02 -3.665469E-04 -1.032332E+00
      1810  3.903821E-02 -1.275266E-14 -1.032247E+00
      1812  3.904598E-02  3.665469E-04 -1.032332E+00
      1815  3.905633E-02  9.178615E-04 -1.033878E+00
      1818  3.911076E-02  1.123918E-03 -1.036280E+00
      1821  3.918772E-02  1.160668E-03 -1.038880E+00
      1824  3.921697E-02  1.182640E-03 -1.041518E+00

 forces (fx,fy,fz) for set CLAMP and time  0.5000000E-01

         1  1.667308E+03  2.050980E+03  6.730653E+02
         4  2.998031E+03 -1.074234E-09  1.344277E+03
         5  2.370898E+03  3.186635E+03  9.170380E+01
         8  4.184381E+03  1.517290E-08  1.865667E+02
         9  1.583923E+03  2.092422E+03 -4.219320E+01
        12  2.775702E+03  8.310849E-09 -8.123404E+01
        13  8.246424E+02  1.070893E+03 -1.326385E+02
        16  1.441407E+03  6.893518E-09 -2.613988E+02
        17  5.250561E+01  4.141639E+01 -1.529284E+02
        20  8.697813E+01  1.540446E-08 -3.037927E+02
        21 -4.982595E+02 -3.493953E+02 -4.730259E+02
        24 -6.112431E+02 -7.016093E-10 -1.705563E+02
        26  1.667308E+03 -2.050980E+03  6.730653E+02
        28  2.370898E+03 -3.186635E+03  9.170380E+01
        30  1.583923E+03 -2.092422E+03 -4.219320E+01
        32  8.246424E+02 -1.070893E+03 -1.326385E+02
        34  5.250561E+01 -4.141639E+01 -1.529284E+02
        36 -4.982595E+02  3.493953E+02 -4.730259E+02
        37 -3.352077E+02 -2.096028E+02 -4.790278E+02
        40 -3.929138E+02 -6.427206E+01 -8.323709E+02
        41 -8.619689E+02 -4.847262E+02 -1.338405E+02
        44 -1.233602E+03 -1.419872E+02 -2.602598E+02
        45 -6.084127E+02 -2.761487E+02  5.847853E+02
        48 -1.004551E+03 -7.793392E+01  1.071663E+03
        50 -3.310663E+02 -6.069426E+01 -7.635191E+02
        52 -1.171341E+03 -1.284752E+02 -2.633388E+02
        54 -1.009824E+03 -6.769542E+01  1.024645E+03
        56 -3.255172E+02 -4.677137E+01 -7.595472E+02
        58 -1.180492E+03 -8.979966E+01 -2.594795E+02
        60 -1.029856E+03 -4.420505E+01  1.029633E+03
        62 -8.259124E+02 -3.596196E+01 -1.591378E+02
        64 -7.144548E+02 -1.574422E+01  7.152308E+02
        66 -4.442474E+02 -1.866230E-10 -8.005905E+01
        68 -3.828047E+02 -2.239636E-11  3.848846E+02
        70 -8.259124E+02  3.596196E+01 -1.591378E+02
        72 -7.144548E+02  1.574422E+01  7.152308E+02
        74 -3.255172E+02  4.677137E+01 -7.595472E+02
        76 -1.180492E+03  8.979966E+01 -2.594795E+02
        78 -1.029856E+03  4.420505E+01  1.029633E+03
        80 -3.310663E+02  6.069426E+01 -7.635191E+02
        82 -1.171341E+03  1.284752E+02 -2.633388E+02
        84 -1.009824E+03  6.769542E+01  1.024645E+03
        86 -3.929138E+02  6.427206E+01 -8.323709E+02
        88 -1.233602E+03  1.419872E+02 -2.602598E+02
        90 -1.004551E+03  7.793392E+01  1.071663E+03
        92 -3.352077E+02  2.096028E+02 -4.790278E+02
        94 -8.619689E+02  4.847262E+02 -1.338405E+02
        96 -6.084127E+02  2.761487E+02  5.847853E+02

 internal energy (element, energy) for set EALL and time  0.5000000E-01

         1  7.775383E+00
         2  3.658450E+00
         3  1.378241E+00
         4  2.343298E-01
         5  1.944045E-01
         6  7.775383E+00
         7  3.658450E+00
         8  1.378241E+00
         9  2.343298E-01
        10  1.944045E-01
        11  6.266931E-01
        12  9.635637E-01
        13  5.099078E-01
        14  8.330221E-01
        15  4.817780E-01
        16  8.096475E-01
        17  4.942725E-01
        18  8.191971E-01
        19  1.841146E-01
        20  3.022890E-01
        21  1.841146E-01
        22  3.022890E-01
        23  4.942725E-01
        24  8.191971E-01
        25  4.817780E-01
        26  8.096475E-01
        27  5.099078E-01
        28  8.330221E-01
        29  6.266931E-01
        30  9.635637E-01
        31  1.035740E+01
        32  5.799517E+00
        33  2.228106E+00
        34  4.185718E-01
        35  3.701994E-01
        36  1.035740E+01
        37  5.799517E+00
        38  2.228106E+00
        39  4.185718E-01
        40  3.701994E-01
        41  7.510207E-01
        42  1.087919E+00
        43  8.090088E-01
        44  1.156322E+00
        45  8.083970E-01
        46  1.156472E+00
        47  8.103606E-01
        48  1.163244E+00
        49  2.935134E-01
        50  4.244876E-01
        51  2.935134E-01
        52  4.244876E-01
        53  8.103606E-01
        54  1.163244E+00
        55  8.083970E-01
        56  1.156472E+00
        57  8.090088E-01
        58  1.156322E+00
        59  7.510207E-01
        60  1.087919E+00
        61  9.756993E+00
        62  5.278771E+00
        63  2.107933E+00
        64  4.070761E-01
        65  3.311886E-01
        66  9.756993E+00
        67  5.278771E+00
        68  2.107933E+00
        69  4.070761E-01
        70  3.311886E-01
        71  6.719443E-01
        72  1.036562E+00
        73  7.172153E-01
        74  1.092858E+00
        75  7.455441E-01
        76  1.131276E+00
        77  7.566450E-01
        78  1.148251E+00
        79  2.756705E-01
        80  4.189175E-01
        81  2.756705E-01
        82  4.189175E-01
        83  7.566450E-01
        84  1.148251E+00
        85  7.455441E-01
        86  1.131276E+00
        87  7.172153E-01
        88  1.092858E+00
        89  6.719443E-01
        90  1.036562E+00
        91  1.010196E+01
        92  5.343174E+00
        93  2.110522E+00
        94  4.167685E-01
        95  3.226865E-01
        96  1.010196E+01
        97  5.343174E+00
        98  2.110522E+00
        99  4.167685E-01
       100  3.226865E-01
       101  7.132842E-01
       102  1.089060E+00
       103  7.271618E-01
       104  1.105712E+00
       105  7.429768E-01
       106  1.123519E+00
       107  7.526672E-01
       108  1.131837E+00
       109  2.739550E-01
       110  4.113318E-01
       111  2.739550E-01
       112  4.113318E-01
       113  7.526672E-01
       114  1.131837E+00
       115  7.429768E-01
       116  1.123519E+00
       117  7.271618E-01
       118  1.105712E+00
       119  7.132842E-01
       120  1.089060E+00
       121  9.888647E+00
       122  5.207389E+00
       123  2.047583E+00
       124  4.055002E-01
       125  2.949094E-01
       126  9.888647E+00
       127  5.207389E+00
       128  2.047583E+00
       129  4.055002E-01
       130  2.949094E-01
       131  6.967425E-01
       132  1.077250E+00
       133  7.000315E-01
       134  1.078722E+00
       135  7.050452E-01
       136  1.081827E+00
       137  7.097856E-01
       138  1.084285E+00
       139  2.583453E-01
       140  3.941673E-01
       141  2.583453E-01
       142  3.941673E-01
       143  7.097856E-01
       144  1.084285E+00
       145  7.050452E-01
       146  1.081827E+00
       147  7.000315E-01
       148  1.078722E+00
       149  6.967425E-01
       150  1.077250E+00
       151  9.638251E+00
       152  5.082454E+00
       153  2.005688E+00
       154  4.030410E-01
       155  2.739734E-01
       156  9.638251E+00
       157  5.082454E+00
       158  2.005688E+00
       159  4.030410E-01
       160  2.739734E-01
       161  6.730540E-01
       162  1.049609E+00
       163  6.737010E-01
       164  1.048144E+00
       165  6.756866E-01
       166  1.048316E+00
       167  6.789957E-01
       168  1.049437E+00
       169  2.470857E-01
       170  3.814063E-01
       171  2.470857E-01
       172  3.814063E-01
       173  6.789957E-01
       174  1.049437E+00
       175  6.756866E-01
       176  1.048316E+00
       177  6.737010E-01
       178  1.048144E+00
       179  6.730540E-01
       180  1.049609E+00
       181  9.362599E+00
       182  4.953790E+00
       183  1.968534E+00
       184  4.039504E-01
       185  2.565269E-01
       186  9.362599E+00
       187  4.953790E+00
       188  1.968534E+00
       189  4.039504E-01
       190  2.565269E-01
       191  6.459595E-01
       192  1.016792E+00
       193  6.466521E-01
       194  1.016371E+00
       195  6.482411E-01
       196  1.017101E+00
       197  6.514682E-01
       198  1.018750E+00
       199  2.370350E-01
       200  3.703317E-01
       201  2.370350E-01
       202  3.703317E-01
       203  6.514682E-01
       204  1.018750E+00
       205  6.482411E-01
       206  1.017101E+00
       207  6.466521E-01
       208  1.016371E+00
       209  6.459595E-01
       210  1.016792E+00
       211  9.078189E+00
       212  4.821073E+00
       213  1.930956E+00
       214  4.052384E-01
       215  2.404874E-01
       216  9.078189E+00
       217  4.821073E+00
       218  1.930956E+00
       219  4.052384E-01
       220  2.404874E-01
       221  6.184704E-01
       222  9.837693E-01
       223  6.194642E-01
       224  9.844391E-01
       225  6.212339E-01
       226  9.861470E-01
       227  6.246863E-01
       228  9.884346E-01
       229  2.272853E-01
       230  3.593580E-01
       231  2.272853E-01
       232  3.593580E-01
       233  6.246863E-01
       234  9.884346E-01
       235  6.212339E-01
       236  9.861470E-01
       237  6.194642E-01
       238  9.844391E-01
       239  6.184704E-01
       240  9.837693E-01
       241  8.787055E+00
       242  4.683697E+00
       243  1.890956E+00
       244  4.059600E-01
       245  2.254003E-01
       246  8.787055E+00
       247  4.683697E+00
       248  1.890956E+00
       249  4.059600E-01
       250  2.254003E-01
       251  5.909792E-01
       252  9.511822E-01
       253  5.921285E-01
       254  9.524112E-01
       255  5.940699E-01
       256  9.547114E-01
       257  5.977604E-01
       258  9.574007E-01
       259  2.174803E-01
       260  3.480856E-01
       261  2.174803E-01
       262  3.480856E-01
       263  5.977604E-01
       264  9.574007E-01
       265  5.940699E-01
       266  9.547114E-01
       267  5.921285E-01
       268  9.524112E-01
       269  5.909792E-01
       270  9.511822E-01
       271  8.489301E+00
       272  4.541597E+00
       273  1.848261E+00
       274  4.059245E-01
       275  2.111677E-01
       276  8.489301E+00
       277  4.541597E+00
       278  1.848261E+00
       279  4.059245E-01
       280  2.111677E-01
       281  5.635059E-01
       282  9.186672E-01
       283  5.647203E-01
       284  9.201220E-01
       285  5.667727E-01
       286  9.227168E-01
       287  5.706831E-01
       288  9.256343E-01
       289  2.076214E-01
       290  3.365237E-01
       291  2.076214E-01
       292  3.365237E-01
       293  5.706831E-01
       294  9.256343E-01
       295  5.667727E-01
       296  9.227168E-01
       297  5.647203E-01
       298  9.201220E-01
       299  5.635059E-01
       300  9.186672E-01
       301  8.184659E+00
       302  4.394756E+00
       303  1.802874E+00
       304  4.051088E-01
       305  1.978168E-01
       306  8.184659E+00
       307  4.394756E+00
       308  1.802874E+00
       309  4.051088E-01
       310  1.978168E-01
       311  5.360188E-01
       312  8.858604E-01
       313  5.372771E-01
       314  8.874097E-01
       315  5.394194E-01
       316  8.901694E-01
       317  5.435537E-01
       318  8.932365E-01
       319  1.977437E-01
       320  3.247191E-01
       321  1.977437E-01
       322  3.247191E-01
       323  5.435537E-01
       324  8.932365E-01
       325  5.394194E-01
       326  8.901694E-01
       327  5.372771E-01
       328  8.874097E-01
       329  5.360188E-01
       330  8.858604E-01
       331  7.873033E+00
       332  4.243150E+00
       333  1.754781E+00
       334  4.034832E-01
       335  1.853623E-01
       336  7.873033E+00
       337  4.243150E+00
       338  1.754781E+00
       339  4.034832E-01
       340  1.853623E-01
       341  5.085342E-01
       342  8.525567E-01
       343  5.098410E-01
       344  8.541648E-01
       345  5.120757E-01
       346  8.570512E-01
       347  5.164510E-01
       348  8.602458E-01
       349  1.878755E-01
       350  3.126925E-01
       351  1.878755E-01
       352  3.126925E-01
       353  5.164510E-01
       354  8.602458E-01
       355  5.120757E-01
       356  8.570512E-01
       357  5.098410E-01
       358  8.541648E-01
       359  5.085342E-01
       360  8.525567E-01
       361  7.554418E+00
       362  4.086735E+00
       363  1.703924E+00
       364  4.009935E-01
       365  1.737998E-01
       366  7.554418E+00
       367  4.086735E+00
       368  1.703924E+00
       369  4.009935E-01
       370  1.737998E-01
       371  4.810885E-01
       372  8.186636E-01
       373  4.824518E-01
       374  8.203271E-01
       375  4.847867E-01
       376  8.233389E-01
       377  4.894237E-01
       378  8.266622E-01
       379  1.780341E-01
       380  3.004464E-01
       381  1.780341E-01
       382  3.004464E-01
       383  4.894237E-01
       384  8.266622E-01
       385  4.847867E-01
       386  8.233389E-01
       387  4.824518E-01
       388  8.203271E-01
       389  4.810885E-01
       390  8.186636E-01
       391  7.228837E+00
       392  3.925469E+00
       393  1.650228E+00
       394  3.975748E-01
       395  1.631132E-01
       396  7.228837E+00
       397  3.925469E+00
       398  1.650228E+00
       399  3.975748E-01
       400  1.631132E-01
       401  4.537226E-01
       402  7.841449E-01
       403  4.551480E-01
       404  7.858690E-01
       405  4.575901E-01
       406  7.890159E-01
       407  4.625100E-01
       408  7.924763E-01
       409  1.682327E-01
       410  2.879775E-01
       411  1.682327E-01
       412  2.879775E-01
       413  4.625100E-01
       414  7.924763E-01
       415  4.575901E-01
       416  7.890159E-01
       417  4.551480E-01
       418  7.858690E-01
       419  4.537226E-01
       420  7.841449E-01
       421  6.896337E+00
       422  3.759321E+00
       423  1.593625E+00
       424  3.931597E-01
       425  1.532807E-01
       426  6.896337E+00
       427  3.759321E+00
       428  1.593625E+00
       429  3.931597E-01
       430  1.532807E-01
       431  4.264769E-01
       432  7.489906E-01
       433  4.279681E-01
       434  7.507811E-01
       435  4.305234E-01
       436  7.540746E-01
       437  4.357479E-01
       438  7.576812E-01
       439  1.584850E-01
       440  2.752830E-01
       441  1.584850E-01
       442  2.752830E-01
       443  4.357479E-01
       444  7.576812E-01
       445  4.305234E-01
       446  7.540746E-01
       447  4.279681E-01
       448  7.507811E-01
       449  4.264769E-01
       450  7.489906E-01
       451  6.557020E+00
       452  3.588289E+00
       453  1.534054E+00
       454  3.876811E-01
       455  1.442775E-01
       456  6.557020E+00
       457  3.588289E+00
       458  1.534054E+00
       459  3.876811E-01
       460  1.442775E-01
       461  3.993927E-01
       462  7.132024E-01
       463  4.009529E-01
       464  7.150640E-01
       465  4.036267E-01
       466  7.185142E-01
       467  4.091785E-01
       468  7.222749E-01
       469  1.488060E-01
       470  2.623613E-01
       471  1.488060E-01
       472  2.623613E-01
       473  4.091785E-01
       474  7.222749E-01
       475  4.036267E-01
       476  7.185142E-01
       477  4.009529E-01
       478  7.150640E-01
       479  3.993927E-01
       480  7.132024E-01
       481  6.211060E+00
       482  3.412412E+00
       483  1.471472E+00
       484  3.810729E-01
       485  1.360758E-01
       486  6.211060E+00
       487  3.412412E+00
       488  1.471472E+00
       489  3.810729E-01
       490  1.360758E-01
       491  3.725141E-01
       492  6.767886E-01
       493  3.741464E-01
       494  6.787243E-01
       495  3.769437E-01
       496  6.823400E-01
       497  3.828475E-01
       498  6.862612E-01
       499  1.392120E-01
       500  2.492128E-01
       501  1.392120E-01
       502  2.492128E-01
       503  3.828475E-01
       504  6.862612E-01
       505  3.769437E-01
       506  6.823400E-01
       507  3.741464E-01
       508  6.787243E-01
       509  3.725141E-01
       510  6.767886E-01
       511  5.858721E+00
       512  3.231774E+00
       513  1.405855E+00
       514  3.732711E-01
       515  1.286445E-01
       516  5.858721E+00
       517  3.231774E+00
       518  1.405855E+00
       519  3.732711E-01
       520  1.286445E-01
       521  3.458893E-01
       522  6.397626E-01
       523  3.475970E-01
       524  6.417739E-01
       525  3.505228E-01
       526  6.455626E-01
       527  3.568049E-01
       528  6.496493E-01
       529  1.297213E-01
       530  2.358399E-01
       531  1.297213E-01
       532  2.358399E-01
       533  3.568049E-01
       534  6.496493E-01
       535  3.505228E-01
       536  6.455626E-01
       537  3.475970E-01
       538  6.417739E-01
       539  3.458893E-01
       540  6.397626E-01
       541  5.500379E+00
       542  3.046525E+00
       543  1.337205E+00
       544  3.642155E-01
       545  1.219493E-01
       546  5.500379E+00
       547  3.046525E+00
       548  1.337205E+00
       549  3.642155E-01
       550  1.219493E-01
       551  3.195712E-01
       552  6.021427E-01
       553  3.213574E-01
       554  6.042307E-01
       555  3.244167E-01
       556  6.081992E-01
       557  3.311059E-01
       558  6.124557E-01
       559  1.203536E-01
       560  2.222477E-01
       561  1.203536E-01
       562  2.222477E-01
       563  3.311059E-01
       564  6.124557E-01
       565  3.244167E-01
       566  6.081992E-01
       567  3.213574E-01
       568  6.042307E-01
       569  3.195712E-01
       570  6.021427E-01
       571  5.136542E+00
       572  2.856885E+00
       573  1.265553E+00
       574  3.538517E-01
       575  1.159524E-01
       576  5.136542E+00
       577  2.856885E+00
       578  1.265553E+00
       579  3.538517E-01
       580  1.159524E-01
       581  2.936176E-01
       582  5.639532E-01
       583  2.954856E-01
       584  5.661189E-01
       585  2.986830E-01
       586  5.702749E-01
       587  3.058103E-01
       588  5.747053E-01
       589  1.111309E-01
       590  2.084444E-01
       591  1.111309E-01
       592  2.084444E-01
       593  3.058103E-01
       594  5.747053E-01
       595  2.986830E-01
       596  5.702749E-01
       597  2.954856E-01
       598  5.661189E-01
       599  2.936176E-01
       600  5.639532E-01
       601  4.767876E+00
       602  2.663164E+00
       603  1.190971E+00
       604  3.421341E-01
       605  1.106124E-01
       606  4.767876E+00
       607  2.663164E+00
       608  1.190971E+00
       609  3.421341E-01
       610  1.106124E-01
       611  2.680918E-01
       612  5.252239E-01
       613  2.700445E-01
       614  5.274711E-01
       615  2.733846E-01
       616  5.318248E-01
       617  2.809838E-01
       618  5.364343E-01
       619  1.020770E-01
       620  1.944422E-01
       621  1.020770E-01
       622  1.944422E-01
       623  2.809838E-01
       624  5.364343E-01
       625  2.733846E-01
       626  5.318248E-01
       627  2.700445E-01
       628  5.274711E-01
       629  2.680918E-01
       630  5.252239E-01
       631  4.395233E+00
       632  2.465782E+00
       633  1.113582E+00
       634  3.290282E-01
       635  1.058845E-01
       636  4.395233E+00
       637  2.465782E+00
       638  1.113582E+00
       639  3.290282E-01
       640  1.058845E-01
       641  2.430613E-01
       642  4.859918E-01
       643  2.451017E-01
       644  4.883292E-01
       645  2.485894E-01
       646  4.928968E-01
       647  2.566980E-01
       648  4.976936E-01
       649  9.321836E-02
       650  1.802589E-01
       651  9.321836E-02
       652  1.802589E-01
       653  2.566980E-01
       654  4.976936E-01
       655  2.485894E-01
       656  4.928968E-01
       657  2.451017E-01
       658  4.883292E-01
       659  2.430613E-01
       660  4.859918E-01
       661  4.019695E+00
       662  2.265285E+00
       663  1.033564E+00
       664  3.145155E-01
       665  1.017213E-01
       666  4.019695E+00
       667  2.265285E+00
       668  1.033564E+00
       669  3.145155E-01
       670  1.017213E-01
       671  2.185974E-01
       672  4.463029E-01
       673  2.207287E-01
       674  4.487481E-01
       675  2.243705E-01
       676  4.535559E-01
       677  2.330318E-01
       678  4.585544E-01
       679  8.458455E-02
       680  1.659198E-01
       681  8.458455E-02
       682  1.659198E-01
       683  2.330318E-01
       684  4.585544E-01
       685  2.243705E-01
       686  4.535559E-01
       687  2.207287E-01
       688  4.487481E-01
       689  2.185974E-01
       690  4.463029E-01
       691  3.642607E+00
       692  2.062372E+00
       693  9.511691E-01
       694  2.985980E-01
       695  9.807507E-02
       696  3.642607E+00
       697  2.062372E+00
       698  9.511691E-01
       699  2.985980E-01
       700  9.807507E-02
       701  1.947730E-01
       702  4.062205E-01
       703  1.970001E-01
       704  4.088036E-01
       705  2.008059E-01
       706  4.138924E-01
       707  2.100722E-01
       708  4.191156E-01
       709  7.620915E-02
       710  1.514605E-01
       711  7.620915E-02
       712  1.514605E-01
       713  2.100722E-01
       714  4.191156E-01
       715  2.008059E-01
       716  4.138924E-01
       717  1.970001E-01
       718  4.088036E-01
       719  1.947730E-01
       720  4.062205E-01
       721  3.265614E+00
       722  1.857916E+00
       723  8.667318E-01
       724  2.813072E-01
       725  9.490157E-02
       726  3.265614E+00
       727  1.857916E+00
       728  8.667318E-01
       729  2.813072E-01
       730  9.490157E-02
       731  1.716619E-01
       732  3.658439E-01
       733  1.739928E-01
       734  3.686068E-01
       735  1.779793E-01
       736  3.740325E-01
       737  1.879167E-01
       738  3.795138E-01
       739  6.813083E-02
       740  1.369296E-01
       741  6.813083E-02
       742  1.369296E-01
       743  1.879167E-01
       744  3.795138E-01
       745  1.779793E-01
       746  3.740325E-01
       747  1.739928E-01
       748  3.686068E-01
       749  1.716619E-01
       750  3.658439E-01
       751  2.890680E+00
       752  1.652977E+00
       753  7.806867E-01
       754  2.627151E-01
       755  9.216825E-02
       756  2.890680E+00
       757  1.652977E+00
       758  7.806867E-01
       759  2.627151E-01
       760  9.216825E-02
       761  1.493414E-01
       762  3.253457E-01
       763  1.517891E-01
       764  3.283313E-01
       765  1.559828E-01
       766  3.341561E-01
       767  1.666769E-01
       768  3.399349E-01
       769  6.039426E-02
       770  1.223925E-01
       771  6.039426E-02
       772  1.223925E-01
       773  1.666769E-01
       774  3.399349E-01
       775  1.559828E-01
       776  3.341561E-01
       777  1.517891E-01
       778  3.283313E-01
       779  1.493414E-01
       780  3.253457E-01
       781  2.520086E+00
       782  1.448811E+00
       783  6.935832E-01
       784  2.429533E-01
       785  8.986767E-02
       786  2.520086E+00
       787  1.448811E+00
       788  6.935832E-01
       789  2.429533E-01
       790  8.986767E-02
       791  1.279019E-01
       792  2.850313E-01
       793  1.304851E-01
       794  2.882529E-01
       795  1.349227E-01
       796  2.945170E-01
       797  1.464841E-01
       798  3.006238E-01
       799  5.305070E-02
       800  1.079328E-01
       801  5.305070E-02
       802  1.079328E-01
       803  1.464841E-01
       804  3.006238E-01
       805  1.349227E-01
       806  2.945170E-01
       807  1.304851E-01
       808  2.882529E-01
       809  1.279019E-01
       810  2.850313E-01
       811  2.156388E+00
       812  1.246871E+00
       813  6.061063E-01
       814  2.222391E-01
       815  8.803816E-02
       816  2.156388E+00
       817  1.246871E+00
       818  6.061063E-01
       819  2.222391E-01
       820  8.803816E-02
       821  1.074710E-01
       822  2.454195E-01
       823  1.102129E-01
       824  2.487980E-01
       825  1.149363E-01
       826  2.554617E-01
       827  1.275014E-01
       828  2.618882E-01
       829  4.615728E-02
       830  9.365260E-02
       831  4.615728E-02
       832  9.365260E-02
       833  1.275014E-01
       834  2.618882E-01
       835  1.149363E-01
       836  2.554617E-01
       837  1.102129E-01
       838  2.487980E-01
       839  1.074710E-01
       840  2.454195E-01
       841  1.802373E+00
       842  1.048809E+00
       843  5.191059E-01
       844  2.009099E-01
       845  8.679035E-02
       846  1.802373E+00
       847  1.048809E+00
       848  5.191059E-01
       849  2.009099E-01
       850  8.679035E-02
       851  8.825932E-02
       852  2.073178E-01
       853  9.118136E-02
       854  2.105798E-01
       855  9.622116E-02
       856  2.174317E-01
       857  1.099437E-01
       858  2.240862E-01
       859  3.977474E-02
       860  7.966671E-02
       861  3.977474E-02
       862  7.966671E-02
       863  1.099437E-01
       864  2.240862E-01
       865  9.622116E-02
       866  2.174317E-01
       867  9.118136E-02
       868  2.105798E-01
       869  8.825932E-02
       870  2.073178E-01
       871  1.461083E+00
       872  8.565295E-01
       873  4.336371E-01
       874  1.794545E-01
       875  8.633003E-02
       876  1.461083E+00
       877  8.565295E-01
       878  4.336371E-01
       879  1.794545E-01
       880  8.633003E-02
       881  7.064614E-02
       882  1.718491E-01
       883  7.375536E-02
       884  1.743859E-01
       885  7.909340E-02
       886  1.809226E-01
       887  9.411012E-02
       888  1.875800E-01
       889  3.396236E-02
       890  6.608922E-02
       891  3.396236E-02
       892  6.608922E-02
       893  9.411012E-02
       894  1.875800E-01
       895  7.909340E-02
       896  1.809226E-01
       897  7.375536E-02
       898  1.743859E-01
       899  7.064614E-02
       900  1.718491E-01
       901  1.136103E+00
       902  6.723587E-01
       903  3.510325E-01
       904  1.585193E-01
       905  8.694951E-02
       906  1.136103E+00
       907  6.723587E-01
       908  3.510325E-01
       909  1.585193E-01
       910  8.694951E-02
       911  5.536052E-02
       912  1.403781E-01
       913  5.862233E-02
       914  1.410863E-01
       915  6.410208E-02
       916  1.463801E-01
       917  8.043487E-02
       918  1.526470E-01
       919  2.876953E-02
       920  5.300858E-02
       921  2.876953E-02
       922  5.300858E-02
       923  8.043487E-02
       924  1.526470E-01
       925  6.410208E-02
       926  1.463801E-01
       927  5.862233E-02
       928  1.410863E-01
       929  5.536052E-02
       930  1.403781E-01
       931  8.322556E-01
       932  4.994499E-01
       933  2.730945E-01
       934  1.389240E-01
       935  8.891182E-02
       936  8.322556E-01
       937  4.994499E-01
       938  2.730945E-01
       939  1.389240E-01
       940  8.891182E-02
       941  4.385321E-02
       942  1.143559E-01
       943  4.716676E-02
       944  1.115364E-01
       945  5.229852E-02
       946  1.141422E-01
       947  6.962888E-02
       948  1.194303E-01
       949  2.422032E-02
       950  4.048617E-02
       951  2.422032E-02
       952  4.048617E-02
       953  6.962888E-02
       954  1.194303E-01
       955  5.229852E-02
       956  1.141422E-01
       957  4.716676E-02
       958  1.115364E-01
       959  4.385321E-02
       960  1.143559E-01
       961  5.563204E-01
       962  3.425392E-01
       963  2.026639E-01
       964  1.217092E-01
       965  9.212112E-02
       966  5.563204E-01
       967  3.425392E-01
       968  2.026639E-01
       969  1.217092E-01
       970  9.212112E-02
       971  3.898480E-02
       972  9.493823E-02
       973  4.223729E-02
       974  8.678423E-02
       975  4.588828E-02
       976  8.492772E-02
       977  6.325083E-02
       978  8.854959E-02
       979  2.029444E-02
       980  2.887474E-02
       981  2.029444E-02
       982  2.887474E-02
       983  6.325083E-02
       984  8.854959E-02
       985  4.588828E-02
       986  8.492772E-02
       987  4.223729E-02
       988  8.678423E-02
       989  3.898480E-02
       990  9.493823E-02
       991  3.173937E-01
       992  2.091797E-01
       993  1.445853E-01
       994  1.078453E-01
       995  9.528861E-02
       996  3.173937E-01
       997  2.091797E-01
       998  1.445853E-01
       999  1.078453E-01
      1000  9.528861E-02
      1001  4.424041E-02
      1002  8.185066E-02
      1003  4.831024E-02
      1004  6.885852E-02
      1005  4.954700E-02
      1006  6.211435E-02
      1007  6.605053E-02
      1008  6.395424E-02
      1009  1.708575E-02
      1010  2.029234E-02
      1011  1.708575E-02
      1012  2.029234E-02
      1013  6.605053E-02
      1014  6.395424E-02
      1015  4.954700E-02
      1016  6.211435E-02
      1017  4.831024E-02
      1018  6.885852E-02
      1019  4.424041E-02
      1020  8.185066E-02
      1021  1.304498E-01
      1022  1.082519E-01
      1023  1.012210E-01
      1024  9.641515E-02
      1025  9.686567E-02
      1026  1.304498E-01
      1027  1.082519E-01
      1028  1.012210E-01
      1029  9.641515E-02
      1030  9.686567E-02
      1031  5.598080E-02
      1032  6.919897E-02
      1033  6.460101E-02
      1034  5.822340E-02
      1035  6.866406E-02
      1036  5.483022E-02
      1037  9.282126E-02
      1038  6.300836E-02
      1039  1.532559E-02
      1040  2.473218E-02
      1041  1.532559E-02
      1042  2.473218E-02
      1043  9.282126E-02
      1044  6.300836E-02
      1045  6.866406E-02
      1046  5.483022E-02
      1047  6.460101E-02
      1048  5.822340E-02
      1049  5.598080E-02
      1050  6.919897E-02
      1051  2.563730E-02
      1052  4.013504E-02
      1053  5.922166E-02
      1054  7.800210E-02
      1055  1.107413E-01
      1056  2.563730E-02
      1057  4.013504E-02
      1058  5.922166E-02
      1059  7.800210E-02
      1060  1.107413E-01
      1061  5.402635E-02
      1062  5.060353E-02
      1063  6.668228E-02
      1064  4.762439E-02
      1065  9.005415E-02
      1066  6.538249E-02
      1067  1.798006E-01
      1068  1.338348E-01
      1069  2.079711E-02
      1070  8.346085E-02
      1071  2.079711E-02
      1072  8.346085E-02
      1073  1.798006E-01
      1074  1.338348E-01
      1075  9.005415E-02
      1076  6.538249E-02
      1077  6.668228E-02
      1078  4.762439E-02
      1079  5.402635E-02
      1080  5.060353E-02
      1081  4.090852E-04
      1082  2.641551E-03
      1083  9.305826E-03
      1084  2.595289E-02
      1085  7.452777E-02
      1086  4.090852E-04
      1087  2.641551E-03
      1088  9.305826E-03
      1089  2.595289E-02
      1090  7.452777E-02
      1091  2.106379E-02
      1092  3.064116E-02
      1093  2.881883E-02
      1094  2.822861E-02
      1095  5.031453E-02
      1096  6.024984E-02
      1097  1.795877E-01
      1098  1.806859E-01
      1099  2.193816E-02
      1100  1.409700E-01
      1101  2.193816E-02
      1102  1.409700E-01
      1103  1.795877E-01
      1104  1.806859E-01
      1105  5.031453E-02
      1106  6.024984E-02
      1107  2.881883E-02
      1108  2.822861E-02
      1109  2.106379E-02
      1110  3.064116E-02

                                INCREMENT     2


 displacements (vx,vy,vz) for set TIP_TOP and time  0.1000000E+00

      1799  7.770875E-02 -2.364486E-03 -2.083028E+00
      1800  7.765511E-02 -2.320858E-03 -2.077752E+00
      1803  7.750625E-02 -2.247633E-03 -2.072551E+00
      1806  7.740201E-02 -1.835734E-03 -2.067746E+00
      1808  7.738440E-02 -7.331433E-04 -2.064654E+00
      1810  7.736915E-02  4.426467E-14 -2.064484E+00
      1812  7.738440E-02  7.331433E-04 -2.064654E+00
      1815  7.740201E-02  1.835734E-03 -2.067746E+00
      1818  7.750625E-02  2.247633E-03 -2.072551E+00
      1821  7.765511E-02  2.320858E-03 -2.077752E+00
      1824  7.770875E-02  2.364486E-03 -2.083028E+00

 forces (fx,fy,fz) for set CLAMP and time  0.1000000E+00

         1  3.334727E+03  4.101649E+03  1.345996E+03
         4  5.996173E+03  7.206688E-09  2.688292E+03
         5  4.741879E+03  6.372850E+03  1.833065E+02
         8  8.368779E+03  1.220313E-08  3.729435E+02
         9  3.167868E+03  4.184609E+03 -8.448006E+01
        12  5.551378E+03 -2.905602E-10 -1.626477E+02
        13  1.649268E+03  2.141663E+03 -2.653394E+02
        16  2.882756E+03 -3.759629E-09 -5.229185E+02
        17  1.049868E+02  8.276509E+01 -3.058844E+02
        20  1.738999E+02 -1.767449E-08 -6.076400E+02
        21 -9.965111E+02 -6.988313E+02 -9.460730E+02
        24 -1.222501E+03 -5.509509E-09 -3.411254E+02
        26  3.334727E+03 -4.101649E+03  1.345996E+03
        28  4.741879E+03 -6.372850E+03  1.833065E+02
        30  3.167868E+03 -4.184609E+03 -8.448006E+01
        32  1.649268E+03 -2.141663E+03 -2.653394E+02
        34  1.049868E+02 -8.276509E+01 -3.058844E+02
        36 -9.965111E+02  6.988313E+02 -9.460730E+02
        37 -6.700158E+02 -4.191834E+02 -9.579310E+02
        40 -7.851979E+02 -1.285912E+02 -1.664556E+03
        41 -1.723930E+03 -9.694828E+02 -2.678075E+02
        44 -2.467243E+03 -2.839747E+02 -5.207402E+02
        45 -1.217203E+03 -5.523500E+02  1.169767E+03
        48 -2.009741E+03 -1.558209E+02  2.143654E+03
        50 -6.617627E+02 -1.214325E+02 -1.526945E+03
        52 -2.342725E+03 -2.569454E+02 -5.268075E+02
        54 -2.020030E+03 -1.353418E+02  2.049521E+03
        56 -6.508910E+02 -9.357223E+01 -1.519083E+03
        58 -2.361024E+03 -1.795923E+02 -5.190154E+02
        60 -2.059865E+03 -8.837317E+01  2.059414E+03
        62 -1.651849E+03 -7.191999E+01 -3.182915E+02
        64 -1.428925E+03 -3.147434E+01  1.430530E+03
        66 -8.885098E+02 -5.836674E-09 -1.601243E+02
        68 -7.656044E+02 -1.158722E-09  7.698000E+02
        70 -1.651849E+03  7.191999E+01 -3.182915E+02
        72 -1.428925E+03  3.147434E+01  1.430530E+03
        74 -6.508910E+02  9.357223E+01 -1.519083E+03
        76 -2.361024E+03  1.795923E+02 -5.190154E+02
        78 -2.059865E+03  8.837317E+01  2.059414E+03
        80 -6.617627E+02  1.214325E+02 -1.526945E+03
        82 -2.342725E+03  2.569454E+02 -5.268075E+02
        84 -2.020030E+03  1.353418E+02  2.049521E+03
        86 -7.851979E+02  1.285912E+02 -1.664556E+03
        88 -2.467243E+03  2.839747E+02 -5.207402E+02
        90 -2.009741E+03  1.558209E+02  2.143654E+03
        92 -6.700158E+02  4.191834E+02 -9.579310E+02
        94 -1.723930E+03  9.694828E+02 -2.678075E+02
        96 -1.217203E+03  5.523500E+02  1.169767E+03

 internal energy (element, energy) for set EALL and time  0.1000000E+00

         1  3.109948E+01
         2  1.463282E+01
         3  5.512550E+00
         4  9.372210E-01
         5  7.776767E-01
         6  3.109948E+01
         7  1.463282E+01
         8  5.512550E+00
         9  9.372210E-01
        10  7.776767E-01
        11  2.506657E+00
        12  3.855058E+00
        13  2.039634E+00
        14  3.332657E+00
        15  1.927171E+00
        16  3.238951E+00
        17  1.977175E+00
        18  3.277012E+00
        19  7.364968E-01
        20  1.209222E+00
        21  7.364968E-01
        22  1.209222E+00
        23  1.977175E+00
        24  3.277012E+00
        25  1.927171E+00
        26  3.238951E+00
        27  2.039634E+00
        28  3.332657E+00
        29  2.506657E+00
        30  3.855058E+00
        31  4.142727E+01
        32  2.319617E+01
        33  8.911385E+00
        34  1.673984E+00
        35  1.480960E+00
        36  4.142727E+01
        37  2.319617E+01
        38  8.911385E+00
        39  1.673984E+00
        40  1.480960E+00
        41  3.004297E+00
        42  4.351923E+00
        43  3.236278E+00
        44  4.625489E+00
        45  3.233823E+00
        46  4.626087E+00
        47  3.241661E+00
        48  4.653216E+00
        49  1.174131E+00
        50  1.698055E+00
        51  1.174131E+00
        52  1.698055E+00
        53  3.241661E+00
        54  4.653216E+00
        55  3.233823E+00
        56  4.626087E+00
        57  3.236278E+00
        58  4.625489E+00
        59  3.004297E+00
        60  4.351923E+00
        61  3.902595E+01
        62  2.111333E+01
        63  8.430621E+00
        64  1.627945E+00
        65  1.324918E+00
        66  3.902595E+01
        67  2.111333E+01
        68  8.430621E+00
        69  1.627945E+00
        70  1.324918E+00
        71  2.688055E+00
        72  4.146255E+00
        73  2.869114E+00
        74  4.371480E+00
        75  2.982421E+00
        76  4.525217E+00
        77  3.026841E+00
        78  4.593197E+00
        79  1.102760E+00
        80  1.675764E+00
        81  1.102760E+00
        82  1.675764E+00
        83  3.026841E+00
        84  4.593197E+00
        85  2.982421E+00
        86  4.525217E+00
        87  2.869114E+00
        88  4.371480E+00
        89  2.688055E+00
        90  4.146255E+00
        91  4.040556E+01
        92  2.137084E+01
        93  8.440929E+00
        94  1.666683E+00
        95  1.290892E+00
        96  4.040556E+01
        97  2.137084E+01
        98  8.440929E+00
        99  1.666683E+00
       100  1.290892E+00
       101  2.853449E+00
       102  4.356269E+00
       103  2.908920E+00
       104  4.422916E+00
       105  2.972162E+00
       106  4.494203E+00
       107  3.010930E+00
       108  4.527531E+00
       109  1.095902E+00
       110  1.645406E+00
       111  1.095902E+00
       112  1.645406E+00
       113  3.010930E+00
       114  4.527531E+00
       115  2.972162E+00
       116  4.494203E+00
       117  2.908920E+00
       118  4.422916E+00
       119  2.853449E+00
       120  4.356269E+00
       121  3.955218E+01
       122  2.082768E+01
       123  8.189198E+00
       124  1.621622E+00
       125  1.179768E+00
       126  3.955218E+01
       127  2.082768E+01
       128  8.189198E+00
       129  1.621622E+00
       130  1.179768E+00
       131  2.787279E+00
       132  4.309118E+00
       133  2.800395E+00
       134  4.315017E+00
       135  2.820426E+00
       136  4.327466E+00
       137  2.839378E+00
       138  4.337330E+00
       139  1.033461E+00
       140  1.576743E+00
       141  1.033461E+00
       142  1.576743E+00
       143  2.839378E+00
       144  4.337330E+00
       145  2.820426E+00
       146  4.327466E+00
       147  2.800395E+00
       148  4.315017E+00
       149  2.787279E+00
       150  4.309118E+00
       151  3.855052E+01
       152  2.032795E+01
       153  8.021641E+00
       154  1.611793E+00
       155  1.096010E+00
       156  3.855052E+01
       157  2.032795E+01
       158  8.021641E+00
       159  1.611793E+00
       160  1.096010E+00
       161  2.692516E+00
       162  4.198638E+00
       163  2.695066E+00
       164  4.192763E+00
       165  2.702982E+00
       166  4.193453E+00
       167  2.716198E+00
       168  4.197943E+00
       169  9.884212E-01
       170  1.525697E+00
       171  9.884212E-01
       172  1.525697E+00
       173  2.716198E+00
       174  4.197943E+00
       175  2.702982E+00
       176  4.193453E+00
       177  2.695066E+00
       178  4.192763E+00
       179  2.692516E+00
       180  4.198638E+00
       181  3.744792E+01
       182  1.981331E+01
       183  7.873045E+00
       184  1.615433E+00
       185  1.026212E+00
       186  3.744792E+01
       187  1.981331E+01
       188  7.873045E+00
       189  1.615433E+00
       190  1.026212E+00
       191  2.584132E+00
       192  4.067429E+00
       193  2.586864E+00
       194  4.065714E+00
       195  2.593194E+00
       196  4.068611E+00
       197  2.606080E+00
       198  4.075199E+00
       199  9.482179E-01
       200  1.481399E+00
       201  9.482179E-01
       202  1.481399E+00
       203  2.606080E+00
       204  4.075199E+00
       205  2.593194E+00
       206  4.068611E+00
       207  2.586864E+00
       208  4.065714E+00
       209  2.584132E+00
       210  4.067429E+00
       211  3.631033E+01
       212  1.928248E+01
       213  7.722755E+00
       214  1.620585E+00
       215  9.620442E-01
       216  3.631033E+01
       217  1.928248E+01
       218  7.722755E+00
       219  1.620585E+00
       220  9.620442E-01
       221  2.474172E+00
       222  3.935371E+00
       223  2.478110E+00
       224  3.938008E+00
       225  2.485164E+00
       226  3.944809E+00
       227  2.498951E+00
       228  3.953946E+00
       229  9.092192E-01
       230  1.437506E+00
       231  9.092192E-01
       232  1.437506E+00
       233  2.498951E+00
       234  3.953946E+00
       235  2.485164E+00
       236  3.944809E+00
       237  2.478110E+00
       238  3.938008E+00
       239  2.474172E+00
       240  3.935371E+00
       241  3.514587E+01
       242  1.873303E+01
       243  7.562777E+00
       244  1.623472E+00
       245  9.016872E-01
       246  3.514587E+01
       247  1.873303E+01
       248  7.562777E+00
       249  1.623472E+00
       250  9.016872E-01
       251  2.364206E+00
       252  3.805038E+00
       253  2.368767E+00
       254  3.809909E+00
       255  2.376508E+00
       256  3.819076E+00
       257  2.391248E+00
       258  3.829817E+00
       259  8.699995E-01
       260  1.392418E+00
       261  8.699995E-01
       262  1.392418E+00
       263  2.391248E+00
       264  3.829817E+00
       265  2.376508E+00
       266  3.819076E+00
       267  2.368767E+00
       268  3.809909E+00
       269  2.364206E+00
       270  3.805038E+00
       271  3.395495E+01
       272  1.816469E+01
       273  7.392024E+00
       274  1.623331E+00
       275  8.447487E-01
       276  3.395495E+01
       277  1.816469E+01
       278  7.392024E+00
       279  1.623331E+00
       280  8.447487E-01
       281  2.254313E+00
       282  3.674986E+00
       283  2.259135E+00
       284  3.680759E+00
       285  2.267320E+00
       286  3.691104E+00
       287  2.282941E+00
       288  3.702758E+00
       289  8.305647E-01
       290  1.346173E+00
       291  8.305647E-01
       292  1.346173E+00
       293  2.282941E+00
       294  3.702758E+00
       295  2.267320E+00
       296  3.691104E+00
       297  2.259135E+00
       298  3.680759E+00
       299  2.254313E+00
       300  3.674986E+00
       301  3.273648E+01
       302  1.757739E+01
       303  7.210504E+00
       304  1.620071E+00
       305  7.913372E-01
       306  3.273648E+01
       307  1.757739E+01
       308  7.210504E+00
       309  1.620071E+00
       310  7.913372E-01
       311  2.144364E+00
       312  3.543763E+00
       313  2.149362E+00
       314  3.549915E+00
       315  2.157908E+00
       316  3.560920E+00
       317  2.174425E+00
       318  3.573172E+00
       319  7.910542E-01
       320  1.298957E+00
       321  7.910542E-01
       322  1.298957E+00
       323  2.174425E+00
       324  3.573172E+00
       325  2.157908E+00
       326  3.560920E+00
       327  2.149362E+00
       328  3.549915E+00
       329  2.144364E+00
       330  3.543763E+00
       331  3.149008E+01
       332  1.697103E+01
       333  7.018164E+00
       334  1.613572E+00
       335  7.415115E-01
       336  3.149008E+01
       337  1.697103E+01
       338  7.018164E+00
       339  1.613572E+00
       340  7.415115E-01
       341  2.034425E+00
       342  3.410551E+00
       343  2.039618E+00
       344  3.416939E+00
       345  2.048533E+00
       346  3.428451E+00
       347  2.066015E+00
       348  3.441215E+00
       349  7.515818E-01
       350  1.250853E+00
       351  7.515818E-01
       352  1.250853E+00
       353  2.066015E+00
       354  3.441215E+00
       355  2.048533E+00
       356  3.428451E+00
       357  2.039618E+00
       358  3.416939E+00
       359  2.034425E+00
       360  3.410551E+00
       361  3.021573E+01
       362  1.634545E+01
       363  6.814771E+00
       364  1.603619E+00
       365  6.952540E-01
       366  3.021573E+01
       367  1.634545E+01
       368  6.814771E+00
       369  1.603619E+00
       370  6.952540E-01
       371  1.924642E+00
       372  3.274981E+00
       373  1.930061E+00
       374  3.281591E+00
       375  1.939377E+00
       376  3.293607E+00
       377  1.957906E+00
       378  3.306886E+00
       379  7.122158E-01
       380  1.201870E+00
       381  7.122158E-01
       382  1.201870E+00
       383  1.957906E+00
       384  3.306886E+00
       385  1.939377E+00
       386  3.293607E+00
       387  1.930061E+00
       388  3.281591E+00
       389  1.924642E+00
       390  3.274981E+00
       391  2.891351E+01
       392  1.570046E+01
       393  6.600028E+00
       394  1.589950E+00
       395  6.524997E-01
       396  2.891351E+01
       397  1.570046E+01
       398  6.600028E+00
       399  1.589950E+00
       400  6.524997E-01
       401  1.815176E+00
       402  3.136909E+00
       403  1.820844E+00
       404  3.143762E+00
       405  1.830590E+00
       406  3.156319E+00
       407  1.850251E+00
       408  3.170147E+00
       409  6.730101E-01
       410  1.151997E+00
       411  6.730101E-01
       412  1.151997E+00
       413  1.850251E+00
       414  3.170147E+00
       415  1.830590E+00
       416  3.156319E+00
       417  1.820844E+00
       418  3.143762E+00
       419  1.815176E+00
       420  3.136909E+00
       421  2.758363E+01
       422  1.503594E+01
       423  6.373654E+00
       424  1.572297E+00
       425  6.131622E-01
       426  2.758363E+01
       427  1.503594E+01
       428  6.373654E+00
       429  1.572297E+00
       430  6.131622E-01
       431  1.706190E+00
       432  2.996294E+00
       433  1.712122E+00
       434  3.003414E+00
       435  1.722322E+00
       436  3.016558E+00
       437  1.743201E+00
       438  3.030971E+00
       439  6.340191E-01
       440  1.101220E+00
       441  6.340191E-01
       442  1.101220E+00
       443  1.743201E+00
       444  3.030971E+00
       445  1.722322E+00
       446  3.016558E+00
       447  1.712122E+00
       448  3.003414E+00
       449  1.706190E+00
       450  2.996294E+00
       451  2.622648E+01
       452  1.435190E+01
       453  6.135412E+00
       454  1.550392E+00
       455  5.771420E-01
       456  2.622648E+01
       457  1.435190E+01
       458  6.135412E+00
       459  1.550392E+00
       460  5.771420E-01
       461  1.597849E+00
       462  2.853143E+00
       463  1.604058E+00
       464  2.860549E+00
       465  1.614732E+00
       466  2.874320E+00
       467  1.636922E+00
       468  2.889350E+00
       469  5.953022E-01
       470  1.049535E+00
       471  5.953022E-01
       472  1.049535E+00
       473  1.636922E+00
       474  2.889350E+00
       475  1.614732E+00
       476  2.874320E+00
       477  1.604058E+00
       478  2.860549E+00
       479  1.597849E+00
       480  2.853143E+00
       481  2.484276E+01
       482  1.364847E+01
       483  5.885129E+00
       484  1.523969E+00
       485  5.443278E-01
       486  2.484276E+01
       487  1.364847E+01
       488  5.885129E+00
       489  1.523969E+00
       490  5.443278E-01
       491  1.490330E+00
       492  2.707489E+00
       493  1.496829E+00
       494  2.715192E+00
       495  1.507997E+00
       496  2.729627E+00
       497  1.531596E+00
       498  2.745299E+00
       499  5.569254E-01
       500  9.969423E-01
       501  5.569254E-01
       502  9.969423E-01
       503  1.531596E+00
       504  2.745299E+00
       505  1.507997E+00
       506  2.729627E+00
       507  1.496829E+00
       508  2.715192E+00
       509  1.490330E+00
       510  2.707489E+00
       511  2.343354E+01
       512  1.292601E+01
       513  5.622708E+00
       514  1.492773E+00
       515  5.145957E-01
       516  2.343354E+01
       517  1.292601E+01
       518  5.622708E+00
       519  1.492773E+00
       520  5.145957E-01
       521  1.383825E+00
       522  2.559385E+00
       523  1.390626E+00
       524  2.567393E+00
       525  1.402310E+00
       526  2.582520E+00
       527  1.427423E+00
       528  2.598855E+00
       529  5.189613E-01
       530  9.434521E-01
       531  5.189613E-01
       532  9.434521E-01
       533  1.427423E+00
       534  2.598855E+00
       535  1.402310E+00
       536  2.582520E+00
       537  1.390626E+00
       538  2.567393E+00
       539  1.383825E+00
       540  2.559385E+00
       541  2.200030E+01
       542  1.218510E+01
       543  5.348153E+00
       544  1.456564E+00
       545  4.878086E-01
       546  2.200030E+01
       547  1.218510E+01
       548  5.348153E+00
       549  1.456564E+00
       550  4.878086E-01
       551  1.278546E+00
       552  2.408905E+00
       553  1.285662E+00
       554  2.417221E+00
       555  1.297881E+00
       556  2.433069E+00
       557  1.324623E+00
       558  2.450083E+00
       559  4.814894E-01
       560  8.890845E-01
       561  4.814894E-01
       562  8.890845E-01
       563  1.324623E+00
       564  2.450083E+00
       565  1.297881E+00
       566  2.433069E+00
       567  1.285662E+00
       568  2.417221E+00
       569  1.278546E+00
       570  2.408905E+00
       571  2.054509E+01
       572  1.142664E+01
       573  5.061595E+00
       574  1.415123E+00
       575  4.638149E-01
       576  2.054509E+01
       577  1.142664E+01
       578  5.061595E+00
       579  1.415123E+00
       580  4.638149E-01
       581  1.174724E+00
       582  2.256146E+00
       583  1.182169E+00
       584  2.264774E+00
       585  1.194941E+00
       586  2.281374E+00
       587  1.223437E+00
       588  2.299084E+00
       589  4.445970E-01
       590  8.338722E-01
       591  4.445970E-01
       592  8.338722E-01
       593  1.223437E+00
       594  2.299084E+00
       595  1.194941E+00
       596  2.281374E+00
       597  1.182169E+00
       598  2.264774E+00
       599  1.174724E+00
       600  2.256146E+00
       601  1.907056E+01
       602  1.065185E+01
       603  4.763323E+00
       604  1.368268E+00
       605  4.424492E-01
       606  1.907056E+01
       607  1.065185E+01
       608  4.763323E+00
       609  1.368268E+00
       610  4.424492E-01
       611  1.072612E+00
       612  2.101226E+00
       613  1.080397E+00
       614  2.110182E+00
       615  1.093741E+00
       616  2.127574E+00
       617  1.124126E+00
       618  2.146002E+00
       619  4.083796E-01
       620  7.778641E-01
       621  4.083796E-01
       622  7.778641E-01
       623  1.124126E+00
       624  2.146002E+00
       625  1.093741E+00
       626  2.127574E+00
       627  1.080397E+00
       628  2.110182E+00
       629  1.072612E+00
       630  2.101226E+00
       631  1.758012E+01
       632  9.862413E+00
       633  4.453818E+00
       634  1.315861E+00
       635  4.235323E-01
       636  1.758012E+01
       637  9.862413E+00
       638  4.453818E+00
       639  1.315861E+00
       640  4.235323E-01
       641  9.724801E-01
       642  1.944294E+00
       643  9.806176E-01
       644  1.953613E+00
       645  9.945539E-01
       646  1.971863E+00
       647  1.026978E+00
       648  1.991040E+00
       649  3.729430E-01
       650  7.211315E-01
       651  3.729430E-01
       652  7.211315E-01
       653  1.026978E+00
       654  1.991040E+00
       655  9.945539E-01
       656  1.971863E+00
       657  9.806176E-01
       658  1.953613E+00
       659  9.724801E-01
       660  1.944294E+00
       661  1.607811E+01
       662  9.060520E+00
       663  4.133801E+00
       664  1.257827E+00
       665  4.068751E-01
       666  1.607811E+01
       667  9.060520E+00
       668  4.133801E+00
       669  1.257827E+00
       670  4.068751E-01
       671  8.746135E-01
       672  1.785533E+00
       673  8.831168E-01
       674  1.795286E+00
       675  8.976704E-01
       676  1.814499E+00
       677  9.323065E-01
       678  1.834483E+00
       679  3.384054E-01
       680  6.637754E-01
       681  3.384054E-01
       682  6.637754E-01
       683  9.323065E-01
       684  1.834483E+00
       685  8.976704E-01
       686  1.814499E+00
       687  8.831168E-01
       688  1.795286E+00
       689  8.746135E-01
       690  1.785533E+00
       691  1.456989E+01
       692  8.248965E+00
       693  3.804274E+00
       694  1.194176E+00
       695  3.922862E-01
       696  1.456989E+01
       697  8.248965E+00
       698  3.804274E+00
       699  1.194176E+00
       700  3.922862E-01
       701  7.793040E-01
       702  1.625197E+00
       703  7.881923E-01
       704  1.635505E+00
       705  8.034034E-01
       706  1.655843E+00
       707  8.404609E-01
       708  1.676727E+00
       709  3.049013E-01
       710  6.059378E-01
       711  3.049013E-01
       712  6.059378E-01
       713  8.404609E-01
       714  1.676727E+00
       715  8.034034E-01
       716  1.655843E+00
       717  7.881923E-01
       718  1.635505E+00
       719  7.793040E-01
       720  1.625197E+00
       721  1.306204E+01
       722  7.431233E+00
       723  3.466579E+00
       724  1.125033E+00
       725  3.795890E-01
       726  1.306204E+01
       727  7.431233E+00
       728  3.466579E+00
       729  1.125033E+00
       730  3.795890E-01
       731  6.868471E-01
       732  1.463683E+00
       733  6.961525E-01
       734  1.474712E+00
       735  7.120880E-01
       736  1.496400E+00
       737  7.518310E-01
       738  1.518318E+00
       739  2.725851E-01
       740  5.478135E-01
       741  2.725851E-01
       742  5.478135E-01
       743  7.518310E-01
       744  1.518318E+00
       745  7.120880E-01
       746  1.496400E+00
       747  6.961525E-01
       748  1.474712E+00
       749  6.868471E-01
       750  1.463683E+00
       751  1.156243E+01
       752  6.611565E+00
       753  3.122452E+00
       754  1.050685E+00
       755  3.686530E-01
       756  1.156243E+01
       757  6.611565E+00
       758  3.122452E+00
       759  1.050685E+00
       760  3.686530E-01
       761  5.975517E-01
       762  1.301680E+00
       763  6.073258E-01
       764  1.313604E+00
       765  6.240913E-01
       766  1.336890E+00
       767  6.668623E-01
       768  1.359998E+00
       769  2.416356E-01
       770  4.896634E-01
       771  2.416356E-01
       772  4.896634E-01
       773  6.668623E-01
       774  1.359998E+00
       775  6.240913E-01
       776  1.336890E+00
       777  6.073258E-01
       778  1.313604E+00
       779  5.975517E-01
       780  1.301680E+00
       781  1.008016E+01
       782  5.794986E+00
       783  2.774089E+00
       784  9.716580E-01
       785  3.594487E-01
       786  1.008016E+01
       787  5.794986E+00
       788  2.774089E+00
       789  9.716580E-01
       790  3.594487E-01
       791  5.117795E-01
       792  1.140411E+00
       793  5.220976E-01
       794  1.153282E+00
       795  5.398398E-01
       796  1.178327E+00
       797  5.860804E-01
       798  1.202747E+00
       799  2.122577E-01
       800  4.318224E-01
       801  2.122577E-01
       802  4.318224E-01
       803  5.860804E-01
       804  1.202747E+00
       805  5.398398E-01
       806  1.178327E+00
       807  5.220976E-01
       808  1.153282E+00
       809  5.117795E-01
       810  1.140411E+00
       811  8.625471E+00
       812  4.987303E+00
       813  2.424231E+00
       814  8.888219E-01
       815  3.521292E-01
       816  8.625471E+00
       817  4.987303E+00
       818  2.424231E+00
       819  8.888219E-01
       820  3.521292E-01
       821  4.300404E-01
       822  9.819505E-01
       823  4.409952E-01
       824  9.954512E-01
       825  4.598816E-01
       826  1.022096E+00
       827  5.101374E-01
       828  1.047796E+00
       829  1.846802E-01
       830  3.746979E-01
       831  1.846802E-01
       832  3.746979E-01
       833  5.101374E-01
       834  1.047796E+00
       835  4.598816E-01
       836  1.022096E+00
       837  4.409952E-01
       838  9.954512E-01
       839  4.300404E-01
       840  9.819505E-01
       841  7.209498E+00
       842  4.195125E+00
       843  2.076274E+00
       844  8.035251E-01
       845  3.471370E-01
       846  7.209498E+00
       847  4.195125E+00
       848  2.076274E+00
       849  8.035251E-01
       850  3.471370E-01
       851  3.531771E-01
       852  8.295266E-01
       853  3.648544E-01
       854  8.425649E-01
       855  3.850080E-01
       856  8.699650E-01
       857  4.398938E-01
       858  8.965765E-01
       859  1.591459E-01
       860  3.187500E-01
       861  1.591459E-01
       862  3.187500E-01
       863  4.398938E-01
       864  8.965765E-01
       865  3.850080E-01
       866  8.699650E-01
       867  3.648544E-01
       868  8.425649E-01
       869  3.531771E-01
       870  8.295266E-01
       871  5.844416E+00
       872  3.426066E+00
       873  1.734440E+00
       874  7.177225E-01
       875  3.452954E-01
       876  5.844416E+00
       877  3.426066E+00
       878  1.734440E+00
       879  7.177225E-01
       880  3.452954E-01
       881  2.827056E-01
       882  6.876325E-01
       883  2.951340E-01
       884  6.977730E-01
       885  3.164827E-01
       886  7.239151E-01
       887  3.765461E-01
       888  7.505393E-01
       889  1.358920E-01
       890  2.644353E-01
       891  1.358920E-01
       892  2.644353E-01
       893  3.765461E-01
       894  7.505393E-01
       895  3.164827E-01
       896  7.239151E-01
       897  2.951340E-01
       898  6.977730E-01
       899  2.827056E-01
       900  6.876325E-01
       901  4.544553E+00
       902  2.689433E+00
       903  1.404058E+00
       904  6.340000E-01
       905  3.477740E-01
       906  4.544553E+00
       907  2.689433E+00
       908  1.404058E+00
       909  6.340000E-01
       910  3.477740E-01
       911  2.215416E-01
       912  5.617272E-01
       913  2.345835E-01
       914  5.645569E-01
       915  2.565023E-01
       916  5.857305E-01
       917  3.218326E-01
       918  6.107941E-01
       919  1.151164E-01
       920  2.121079E-01
       921  1.151164E-01
       922  2.121079E-01
       923  3.218326E-01
       924  6.107941E-01
       925  2.565023E-01
       926  5.857305E-01
       927  2.345835E-01
       928  5.645569E-01
       929  2.215416E-01
       930  5.617272E-01
       931  3.329201E+00
       932  1.997836E+00
       933  1.092336E+00
       934  5.556361E-01
       935  3.556256E-01
       936  3.329201E+00
       937  1.997836E+00
       938  1.092336E+00
       939  5.556361E-01
       940  3.556256E-01
       941  1.754885E-01
       942  4.576186E-01
       943  1.887405E-01
       944  4.463385E-01
       945  2.092718E-01
       946  4.567622E-01
       947  2.785975E-01
       948  4.779129E-01
       949  9.691521E-02
       950  1.620135E-01
       951  9.691521E-02
       952  1.620135E-01
       953  2.785975E-01
       954  4.779129E-01
       955  2.092718E-01
       956  4.567622E-01
       957  1.887405E-01
       958  4.463385E-01
       959  1.754885E-01
       960  4.576186E-01
       961  2.225472E+00
       962  1.370214E+00
       963  8.106366E-01
       964  4.867939E-01
       965  3.684683E-01
       966  2.225472E+00
       967  1.370214E+00
       968  8.106366E-01
       969  4.867939E-01
       970  3.684683E-01
       971  1.559916E-01
       972  3.799344E-01
       973  1.690013E-01
       974  3.473117E-01
       975  1.836140E-01
       976  3.398853E-01
       977  2.530751E-01
       978  3.543728E-01
       979  8.120722E-02
       980  1.155621E-01
       981  8.120722E-02
       982  1.155621E-01
       983  2.530751E-01
       984  3.543728E-01
       985  1.836140E-01
       986  3.398853E-01
       987  1.690013E-01
       988  3.473117E-01
       989  1.559916E-01
       990  3.799344E-01
       991  1.269745E+00
       992  8.367803E-01
       993  5.783396E-01
       994  4.313572E-01
       995  3.811488E-01
       996  1.269745E+00
       997  8.367803E-01
       998  5.783396E-01
       999  4.313572E-01
      1000  3.811488E-01
      1001  1.769987E-01
      1002  3.275801E-01
      1003  1.932774E-01
      1004  2.755948E-01
      1005  1.982344E-01
      1006  2.486099E-01
      1007  2.642626E-01
      1008  2.559666E-01
      1009  6.836715E-02
      1010  8.122305E-02
      1011  6.836715E-02
      1012  8.122305E-02
      1013  2.642626E-01
      1014  2.559666E-01
      1015  1.982344E-01
      1016  2.486099E-01
      1017  1.932774E-01
      1018  2.755948E-01
      1019  1.769987E-01
      1020  3.275801E-01
      1021  5.219085E-01
      1022  4.330606E-01
      1023  4.049020E-01
      1024  3.856575E-01
      1025  3.874654E-01
      1026  5.219085E-01
      1027  4.330606E-01
      1028  4.049020E-01
      1029  3.856575E-01
      1030  3.874654E-01
      1031  2.239559E-01
      1032  2.769714E-01
      1033  2.584391E-01
      1034  2.330482E-01
      1035  2.747015E-01
      1036  2.194577E-01
      1037  3.713394E-01
      1038  2.521540E-01
      1039  6.132030E-02
      1040  9.896941E-02
      1041  6.132030E-02
      1042  9.896941E-02
      1043  3.713394E-01
      1044  2.521540E-01
      1045  2.747015E-01
      1046  2.194577E-01
      1047  2.584391E-01
      1048  2.330482E-01
      1049  2.239559E-01
      1050  2.769714E-01
      1051  1.025825E-01
      1052  1.605783E-01
      1053  2.369276E-01
      1054  3.120382E-01
      1055  4.429797E-01
      1056  1.025825E-01
      1057  1.605783E-01
      1058  2.369276E-01
      1059  3.120382E-01
      1060  4.429797E-01
      1061  2.161383E-01
      1062  2.025557E-01
      1063  2.667725E-01
      1064  1.906257E-01
      1065  3.602823E-01
      1066  2.616426E-01
      1067  7.192950E-01
      1068  5.354633E-01
      1069  8.320231E-02
      1070  3.338858E-01
      1071  8.320231E-02
      1072  3.338858E-01
      1073  7.192950E-01
      1074  5.354633E-01
      1075  3.602823E-01
      1076  2.616426E-01
      1077  2.667725E-01
      1078  1.906257E-01
      1079  2.161383E-01
      1080  2.025557E-01
      1081  1.637275E-03
      1082  1.057134E-02
      1083  3.723907E-02
      1084  1.038497E-01
      1085  2.981902E-01
      1086  1.637275E-03
      1087  1.057134E-02
      1088  3.723907E-02
      1089  1.038497E-01
      1090  2.981902E-01
      1091  8.428877E-02
      1092  1.226651E-01
      1093  1.153048E-01
      1094  1.129718E-01
      1095  2.012944E-01
      1096  2.410618E-01
      1097  7.184571E-01
      1098  7.228610E-01
      1099  8.777148E-02
      1100  5.639831E-01
      1101  8.777148E-02
      1102  5.639831E-01
      1103  7.184571E-01
      1104  7.228610E-01
      1105  2.012944E-01
      1106  2.410618E-01
      1107  1.153048E-01
      1108  1.129718E-01
      1109  8.428877E-02
      1110  1.226651E-01

                                INCREMENT     3


 displacements (vx,vy,vz) for set TIP_TOP and time  0.1750000E+00

      1799  1.340867E-01 -4.135762E-03 -3.645273E+00
      1800  1.340055E-01 -4.060235E-03 -3.636039E+00
      1803  1.337583E-01 -3.932814E-03 -3.626936E+00
      1806  1.335880E-01 -3.212558E-03 -3.618528E+00
      1808  1.335653E-01 -1.283128E-03 -3.613116E+00
      1810  1.335394E-01 -2.237489E-14 -3.612818E+00
      1812  1.335653E-01  1.283128E-03 -3.613116E+00
      1815  1.335880E-01  3.212558E-03 -3.618528E+00
      1818  1.337583E-01  3.932814E-03 -3.626936E+00
      1821  1.340055E-01  4.060235E-03 -3.636039E+00
      1824  1.340867E-01  4.135762E-03 -3.645273E+00

 forces (fx,fy,fz) for set CLAMP and time  0.1750000E+00

         1  5.836061E+03  7.177065E+03  2.355138E+03
         4  1.049359E+04 -1.745555E-09  4.703823E+03
         5  8.298498E+03  1.115138E+04  3.205210E+02
         8  1.464540E+04 -2.455173E-09  6.521527E+02
         9  5.543822E+03  7.322445E+03 -1.480857E+02
        12  9.714837E+03  5.329542E-11 -2.851047E+02
        13  2.886173E+03  3.747585E+03 -4.645075E+02
        16  5.044671E+03 -2.076776E-12 -9.154240E+02
        17  1.836625E+02  1.446610E+02 -5.353696E+02
        20  3.041765E+02 -1.442233E-09 -1.063512E+03
        21 -1.743872E+03 -1.223061E+03 -1.655682E+03
        24 -2.139416E+03 -5.010419E-09 -5.970023E+02
        26  5.836061E+03 -7.177065E+03  2.355138E+03
        28  8.298498E+03 -1.115138E+04  3.205210E+02
        30  5.543822E+03 -7.322445E+03 -1.480857E+02
        32  2.886173E+03 -3.747585E+03 -4.645075E+02
        34  1.836625E+02 -1.446610E+02 -5.353696E+02
        36 -1.743872E+03  1.223061E+03 -1.655682E+03
        37 -1.171478E+03 -7.335124E+02 -1.676051E+03
        40 -1.372442E+03 -2.251580E+02 -2.912481E+03
        41 -3.016857E+03 -1.696673E+03 -4.689949E+02
        44 -4.317775E+03 -4.969561E+02 -9.118732E+02
        45 -2.131095E+03 -9.667503E+02  2.047608E+03
        48 -3.518721E+03 -2.725633E+02  3.752254E+03
        50 -1.157113E+03 -2.126222E+02 -2.671906E+03
        52 -4.099878E+03 -4.496411E+02 -9.222534E+02
        54 -3.536052E+03 -2.367193E+02  3.587266E+03
        56 -1.138682E+03 -1.638288E+02 -2.658363E+03
        58 -4.131898E+03 -3.142679E+02 -9.084245E+02
        60 -3.605161E+03 -1.545561E+02  3.604358E+03
        62 -2.890797E+03 -1.258497E+02 -5.570515E+02
        64 -2.500660E+03 -5.504307E+01  2.503604E+03
        66 -1.554931E+03 -2.331976E-09 -2.802334E+02
        68 -1.339794E+03  2.085382E-09  1.347230E+03
        70 -2.890797E+03  1.258497E+02 -5.570515E+02
        72 -2.500660E+03  5.504307E+01  2.503604E+03
        74 -1.138682E+03  1.638288E+02 -2.658363E+03
        76 -4.131898E+03  3.142679E+02 -9.084245E+02
        78 -3.605161E+03  1.545561E+02  3.604358E+03
        80 -1.157113E+03  2.126222E+02 -2.671906E+03
        82 -4.099878E+03  4.496411E+02 -9.222534E+02
        84 -3.536052E+03  2.367193E+02  3.587266E+03
        86 -1.372442E+03  2.251580E+02 -2.912481E+03
        88 -4.317775E+03  4.969561E+02 -9.118732E+02
        90 -3.518721E+03  2.725633E+02  3.752254E+03
        92 -1.171478E+03  7.335124E+02 -1.676051E+03
        94 -3.016857E+03  1.696673E+03 -4.689949E+02
        96 -2.131095E+03  9.667503E+02  2.047608E+03

 internal energy (element, energy) for set EALL and time  0.1750000E+00

         1  9.523610E+01
         2  4.480961E+01
         3  1.688052E+01
         4  2.869806E+00
         5  2.381886E+00
         6  9.523610E+01
         7  4.480961E+01
         8  1.688052E+01
         9  2.869806E+00
        10  2.381886E+00
        11  7.676001E+00
        12  1.180960E+01
        13  6.246317E+00
        14  1.020871E+01
        15  5.902164E+00
        16  9.920794E+00
        17  6.055413E+00
        18  1.003672E+01
        19  2.255671E+00
        20  3.703490E+00
        21  2.255671E+00
        22  3.703490E+00
        23  6.055413E+00
        24  1.003672E+01
        25  5.902164E+00
        26  9.920794E+00
        27  6.246317E+00
        28  1.020871E+01
        29  7.676001E+00
        30  1.180960E+01
        31  1.268648E+02
        32  7.103153E+01
        33  2.728682E+01
        34  5.125225E+00
        35  4.536146E+00
        36  1.268648E+02
        37  7.103153E+01
        38  2.728682E+01
        39  5.125225E+00
        40  4.536146E+00
        41  9.201525E+00
        42  1.332870E+01
        43  9.912076E+00
        44  1.416626E+01
        45  9.904523E+00
        46  1.416807E+01
        47  9.928452E+00
        48  1.425133E+01
        49  3.596082E+00
        50  5.200690E+00
        51  3.596082E+00
        52  5.200690E+00
        53  9.928452E+00
        54  1.425133E+01
        55  9.904523E+00
        56  1.416807E+01
        57  9.912076E+00
        58  1.416626E+01
        59  9.201525E+00
        60  1.332870E+01
        61  1.195121E+02
        62  6.465326E+01
        63  2.581412E+01
        64  4.983965E+00
        65  4.058278E+00
        66  1.195121E+02
        67  6.465326E+01
        68  2.581412E+01
        69  4.983965E+00
        70  4.058278E+00
        71  8.233338E+00
        72  1.269774E+01
        73  8.787707E+00
        74  1.338766E+01
        75  9.134662E+00
        76  1.385876E+01
        77  9.270779E+00
        78  1.406732E+01
        79  3.377519E+00
        80  5.132372E+00
        81  3.377519E+00
        82  5.132372E+00
        83  9.270779E+00
        84  1.406732E+01
        85  9.134662E+00
        86  1.385876E+01
        87  8.787707E+00
        88  1.338766E+01
        89  8.233338E+00
        90  1.269774E+01
        91  1.237362E+02
        92  6.544141E+01
        93  2.584545E+01
        94  5.102457E+00
        95  3.953994E+00
        96  1.237362E+02
        97  6.544141E+01
        98  2.584545E+01
        99  5.102457E+00
       100  3.953994E+00
       101  8.740001E+00
       102  1.334099E+01
       103  8.909702E+00
       104  1.354528E+01
       105  9.103295E+00
       106  1.376386E+01
       107  9.222056E+00
       108  1.386619E+01
       109  3.356529E+00
       110  5.039339E+00
       111  3.356529E+00
       112  5.039339E+00
       113  9.222056E+00
       114  1.386619E+01
       115  9.103295E+00
       116  1.376386E+01
       117  8.909702E+00
       118  1.354528E+01
       119  8.740001E+00
       120  1.334099E+01
       121  1.211220E+02
       122  6.377788E+01
       123  2.507463E+01
       124  4.964513E+00
       125  3.613609E+00
       126  1.211220E+02
       127  6.377788E+01
       128  2.507463E+01
       129  4.964513E+00
       130  3.613609E+00
       131  8.537344E+00
       132  1.319699E+01
       133  8.577335E+00
       134  1.321512E+01
       135  8.638571E+00
       136  1.325338E+01
       137  8.696565E+00
       138  1.328373E+01
       139  3.165297E+00
       140  4.829041E+00
       141  3.165297E+00
       142  4.829041E+00
       143  8.696565E+00
       144  1.328373E+01
       145  8.638571E+00
       146  1.325338E+01
       147  8.577335E+00
       148  1.321512E+01
       149  8.537344E+00
       150  1.319699E+01
       151  1.180540E+02
       152  6.224742E+01
       153  2.456158E+01
       154  4.934449E+00
       155  3.357039E+00
       156  1.180540E+02
       157  6.224742E+01
       158  2.456158E+01
       159  4.934449E+00
       160  3.357039E+00
       161  8.247100E+00
       162  1.285904E+01
       163  8.254733E+00
       164  1.284099E+01
       165  8.278860E+00
       166  1.284311E+01
       167  8.319247E+00
       168  1.285689E+01
       169  3.027361E+00
       170  4.672708E+00
       171  3.027361E+00
       172  4.672708E+00
       173  8.319247E+00
       174  1.285689E+01
       175  8.278860E+00
       176  1.284311E+01
       177  8.254733E+00
       178  1.284099E+01
       179  8.247100E+00
       180  1.285904E+01
       181  1.146771E+02
       182  6.067142E+01
       183  2.410660E+01
       184  4.945607E+00
       185  3.143230E+00
       186  1.146771E+02
       187  6.067142E+01
       188  2.410660E+01
       189  4.945607E+00
       190  3.143230E+00
       191  7.915148E+00
       192  1.245749E+01
       193  7.923346E+00
       194  1.245210E+01
       195  7.942615E+00
       196  1.246088E+01
       197  7.981976E+00
       198  1.248103E+01
       199  2.904238E+00
       200  4.537048E+00
       201  2.904238E+00
       202  4.537048E+00
       203  7.981976E+00
       204  1.248103E+01
       205  7.942615E+00
       206  1.246088E+01
       207  7.923346E+00
       208  1.245210E+01
       209  7.915148E+00
       210  1.245749E+01
       211  1.111934E+02
       212  5.904589E+01
       213  2.364642E+01
       214  4.961388E+00
       215  2.946674E+00
       216  1.111934E+02
       217  5.904589E+01
       218  2.364642E+01
       219  4.961388E+00
       220  2.946674E+00
       221  7.578385E+00
       222  1.205323E+01
       223  7.590281E+00
       224  1.206111E+01
       225  7.611769E+00
       226  1.208181E+01
       227  7.653889E+00
       228  1.210973E+01
       229  2.784808E+00
       230  4.402635E+00
       231  2.784808E+00
       232  4.402635E+00
       233  7.653889E+00
       234  1.210973E+01
       235  7.611769E+00
       236  1.208181E+01
       237  7.590281E+00
       238  1.206111E+01
       239  7.578385E+00
       240  1.205323E+01
       241  1.076274E+02
       242  5.736337E+01
       243  2.315659E+01
       244  4.970230E+00
       245  2.761793E+00
       246  1.076274E+02
       247  5.736337E+01
       248  2.315659E+01
       249  4.970230E+00
       250  2.761793E+00
       251  7.241615E+00
       252  1.165417E+01
       253  7.255420E+00
       254  1.166888E+01
       255  7.279016E+00
       256  1.169680E+01
       257  7.324060E+00
       258  1.172962E+01
       259  2.664701E+00
       260  4.264567E+00
       261  2.664701E+00
       262  4.264567E+00
       263  7.324060E+00
       264  1.172962E+01
       265  7.279016E+00
       266  1.169680E+01
       267  7.255420E+00
       268  1.166888E+01
       269  7.241615E+00
       270  1.165417E+01
       271  1.039805E+02
       272  5.562304E+01
       273  2.263377E+01
       274  4.969805E+00
       275  2.587384E+00
       276  1.039805E+02
       277  5.562304E+01
       278  2.263377E+01
       279  4.969805E+00
       280  2.587384E+00
       281  6.905072E+00
       282  1.125592E+01
       283  6.919678E+00
       284  1.127339E+01
       285  6.944638E+00
       286  1.130492E+01
       287  6.992382E+00
       288  1.134054E+01
       289  2.543937E+00
       290  4.122955E+00
       291  2.543937E+00
       292  4.122955E+00
       293  6.992382E+00
       294  1.134054E+01
       295  6.944638E+00
       296  1.130492E+01
       297  6.919678E+00
       298  1.127339E+01
       299  6.905072E+00
       300  1.125592E+01
       301  1.002492E+02
       302  5.382467E+01
       303  2.207799E+01
       304  4.959832E+00
       305  2.423777E+00
       306  1.002492E+02
       307  5.382467E+01
       308  2.207799E+01
       309  4.959832E+00
       310  2.423777E+00
       311  6.568361E+00
       312  1.085408E+01
       313  6.583507E+00
       314  1.087271E+01
       315  6.609572E+00
       316  1.090626E+01
       317  6.660065E+00
       318  1.094372E+01
       319  2.422939E+00
       320  3.978369E+00
       321  2.422939E+00
       322  3.978369E+00
       323  6.660065E+00
       324  1.094372E+01
       325  6.609572E+00
       326  1.090626E+01
       327  6.583507E+00
       328  1.087271E+01
       329  6.568361E+00
       330  1.085408E+01
       331  9.643242E+01
       332  5.196796E+01
       333  2.148909E+01
       334  4.939947E+00
       335  2.271152E+00
       336  9.643242E+01
       337  5.196796E+01
       338  2.148909E+01
       339  4.939947E+00
       340  2.271152E+00
       341  6.231676E+00
       342  1.044614E+01
       343  6.247421E+00
       344  1.046550E+01
       345  6.274619E+00
       346  1.050061E+01
       347  6.328070E+00
       348  1.053963E+01
       349  2.302058E+00
       350  3.831063E+00
       351  2.302058E+00
       352  3.831063E+00
       353  6.328070E+00
       354  1.053963E+01
       355  6.274619E+00
       356  1.050061E+01
       357  6.247421E+00
       358  1.046550E+01
       359  6.231676E+00
       360  1.044614E+01
       361  9.253005E+01
       362  5.005237E+01
       363  2.086634E+01
       364  4.909487E+00
       365  2.129454E+00
       366  9.253005E+01
       367  5.005237E+01
       368  2.086634E+01
       369  4.909487E+00
       370  2.129454E+00
       371  5.895463E+00
       372  1.003097E+01
       373  5.911903E+00
       374  1.005102E+01
       375  5.940332E+00
       376  1.008768E+01
       377  5.996992E+00
       378  1.012828E+01
       379  2.181501E+00
       380  3.681065E+00
       381  2.181501E+00
       382  3.681065E+00
       383  5.996992E+00
       384  1.012828E+01
       385  5.940332E+00
       386  1.008768E+01
       387  5.911903E+00
       388  1.005102E+01
       389  5.895463E+00
       390  1.003097E+01
       391  8.854235E+01
       392  4.807737E+01
       393  2.020885E+01
       394  4.867656E+00
       395  1.998485E+00
       396  8.854235E+01
       397  4.807737E+01
       398  2.020885E+01
       399  4.867656E+00
       400  1.998485E+00
       401  5.560220E+00
       402  9.608149E+00
       403  5.577425E+00
       404  9.628945E+00
       405  5.607172E+00
       406  9.667260E+00
       407  5.667301E+00
       408  9.709546E+00
       409  2.061435E+00
       410  3.528338E+00
       411  2.061435E+00
       412  3.528338E+00
       413  5.667301E+00
       414  9.709546E+00
       415  5.607172E+00
       416  9.667260E+00
       417  5.577425E+00
       418  9.628945E+00
       419  5.560220E+00
       420  9.608149E+00
       421  8.446994E+01
       422  4.604259E+01
       423  1.951574E+01
       424  4.813629E+00
       425  1.877981E+00
       426  8.446994E+01
       427  4.604259E+01
       428  1.951574E+01
       429  4.813629E+00
       430  1.877981E+00
       431  5.226443E+00
       432  9.177535E+00
       433  5.244459E+00
       434  9.199152E+00
       435  5.275597E+00
       436  9.239268E+00
       437  5.339462E+00
       438  9.283346E+00
       439  1.942024E+00
       440  3.372845E+00
       441  1.942024E+00
       442  3.372845E+00
       443  5.339462E+00
       444  9.283346E+00
       445  5.275597E+00
       446  9.239268E+00
       447  5.244459E+00
       448  9.199152E+00
       449  5.226443E+00
       450  9.177535E+00
       451  8.031405E+01
       452  4.394801E+01
       453  1.878631E+01
       454  4.746583E+00
       455  1.767636E+00
       456  8.031405E+01
       457  4.394801E+01
       458  1.878631E+01
       459  4.746583E+00
       460  1.767636E+00
       461  4.894637E+00
       462  8.739153E+00
       463  4.913505E+00
       464  8.761648E+00
       465  4.946098E+00
       466  8.803691E+00
       467  5.013979E+00
       468  8.849659E+00
       469  1.823452E+00
       470  3.214569E+00
       471  1.823452E+00
       472  3.214569E+00
       473  5.013979E+00
       474  8.849659E+00
       475  4.946098E+00
       476  8.803691E+00
       477  4.913505E+00
       478  8.761648E+00
       479  4.894637E+00
       480  8.739153E+00
       481  7.607679E+01
       482  4.179409E+01
       483  1.802000E+01
       484  4.665709E+00
       485  1.667110E+00
       486  7.607679E+01
       487  4.179409E+01
       488  1.802000E+01
       489  4.665709E+00
       490  1.667110E+00
       491  4.565343E+00
       492  8.293102E+00
       493  4.585102E+00
       494  8.316513E+00
       495  4.619214E+00
       496  8.360590E+00
       497  4.691411E+00
       498  8.408527E+00
       499  1.705921E+00
       500  3.053513E+00
       501  1.705921E+00
       502  3.053513E+00
       503  4.691411E+00
       504  8.408527E+00
       505  4.619214E+00
       506  8.360590E+00
       507  4.585102E+00
       508  8.316513E+00
       509  4.565343E+00
       510  8.293102E+00
       511  7.176143E+01
       512  3.958189E+01
       513  1.721653E+01
       514  4.570223E+00
       515  1.576025E+00
       516  7.176143E+01
       517  3.958189E+01
       518  1.721653E+01
       519  4.570223E+00
       520  1.576025E+00
       521  4.239150E+00
       522  7.839544E+00
       523  4.259840E+00
       524  7.863893E+00
       525  4.295533E+00
       526  7.910098E+00
       527  4.372373E+00
       528  7.960065E+00
       529  1.589652E+00
       530  2.889708E+00
       531  1.589652E+00
       532  2.889708E+00
       533  4.372373E+00
       534  7.960065E+00
       535  4.295533E+00
       536  7.910098E+00
       537  4.259840E+00
       538  7.863893E+00
       539  4.239150E+00
       540  7.839544E+00
       541  6.737256E+01
       542  3.731320E+01
       543  1.637591E+01
       544  4.459389E+00
       545  1.493960E+00
       546  6.737256E+01
       547  3.731320E+01
       548  1.637591E+01
       549  4.459389E+00
       550  1.493960E+00
       551  3.916705E+00
       552  7.378705E+00
       553  3.938367E+00
       554  7.404005E+00
       555  3.975703E+00
       556  7.452422E+00
       557  4.057537E+00
       558  7.504474E+00
       559  1.474890E+00
       560  2.723215E+00
       561  1.474890E+00
       562  2.723215E+00
       563  4.057537E+00
       564  7.504474E+00
       565  3.975703E+00
       566  7.452422E+00
       567  3.938367E+00
       568  7.404005E+00
       569  3.916705E+00
       570  7.378705E+00
       571  6.291639E+01
       572  3.499075E+01
       573  1.549854E+01
       574  4.332539E+00
       575  1.420452E+00
       576  6.291639E+01
       577  3.499075E+01
       578  1.549854E+01
       579  4.332539E+00
       580  1.420452E+00
       581  3.598718E+00
       582  6.910879E+00
       583  3.621393E+00
       584  6.937147E+00
       585  3.660430E+00
       586  6.987872E+00
       587  3.747639E+00
       588  7.042058E+00
       589  1.361902E+00
       590  2.554135E+00
       591  1.361902E+00
       592  2.554135E+00
       593  3.747639E+00
       594  7.042058E+00
       595  3.660430E+00
       596  6.987872E+00
       597  3.621393E+00
       598  6.937147E+00
       599  3.598718E+00
       600  6.910879E+00
       601  5.840107E+01
       602  3.261832E+01
       603  1.458530E+01
       604  4.189114E+00
       605  1.354994E+00
       606  5.840107E+01
       607  3.261832E+01
       608  1.458530E+01
       609  4.189114E+00
       610  1.354994E+00
       611  3.285963E+00
       612  6.436434E+00
       613  3.309688E+00
       614  6.463715E+00
       615  3.350483E+00
       616  6.516875E+00
       617  3.443482E+00
       618  6.573260E+00
       619  1.250979E+00
       620  2.382616E+00
       621  1.250979E+00
       622  2.382616E+00
       623  3.443482E+00
       624  6.573260E+00
       625  3.350483E+00
       626  6.516875E+00
       627  3.309688E+00
       628  6.463715E+00
       629  3.285963E+00
       630  6.436434E+00
       631  5.383705E+01
       632  3.020103E+01
       633  1.363767E+01
       634  4.028693E+00
       635  1.297038E+00
       636  5.383705E+01
       637  3.020103E+01
       638  1.363767E+01
       639  4.028693E+00
       640  1.297038E+00
       641  2.979269E+00
       642  5.955819E+00
       643  3.004080E+00
       644  5.984223E+00
       645  3.046693E+00
       646  6.040017E+00
       647  3.145944E+00
       648  6.098703E+00
       649  1.142446E+00
       650  2.208878E+00
       651  1.142446E+00
       652  2.208878E+00
       653  3.145944E+00
       654  6.098703E+00
       655  3.046693E+00
       656  6.040017E+00
       657  3.004080E+00
       658  5.984223E+00
       659  2.979269E+00
       660  5.955819E+00
       661  4.923755E+01
       662  2.774560E+01
       663  1.265785E+01
       664  3.851045E+00
       665  1.246005E+00
       666  4.923755E+01
       667  2.774560E+01
       668  1.265785E+01
       669  3.851045E+00
       670  1.246005E+00
       671  2.679506E+00
       672  5.469599E+00
       673  2.705446E+00
       674  5.499345E+00
       675  2.749956E+00
       676  5.558095E+00
       677  2.855988E+00
       678  5.619258E+00
       679  1.036666E+00
       680  2.033229E+00
       681  1.036666E+00
       682  2.033229E+00
       683  2.855988E+00
       684  5.619258E+00
       685  2.749956E+00
       686  5.558095E+00
       687  2.705446E+00
       688  5.499345E+00
       689  2.679506E+00
       690  5.469599E+00
       691  4.461905E+01
       692  2.526057E+01
       693  1.164890E+01
       694  3.656198E+00
       695  1.201309E+00
       696  4.461905E+01
       697  2.526057E+01
       698  1.164890E+01
       699  3.656198E+00
       700  1.201309E+00
       701  2.387570E+00
       702  4.978548E+00
       703  2.414698E+00
       704  5.010004E+00
       705  2.461228E+00
       706  5.072212E+00
       707  2.574682E+00
       708  5.136133E+00
       709  9.340489E-01
       710  1.856103E+00
       711  9.340489E-01
       712  1.856103E+00
       713  2.574682E+00
       714  5.136133E+00
       715  2.461228E+00
       716  5.072212E+00
       717  2.414698E+00
       718  5.010004E+00
       719  2.387570E+00
       720  4.978548E+00
       721  4.000168E+01
       722  2.275662E+01
       723  1.061494E+01
       724  3.444533E+00
       725  1.162409E+00
       726  4.000168E+01
       727  2.275662E+01
       728  1.061494E+01
       729  3.444533E+00
       730  1.162409E+00
       731  2.104367E+00
       732  4.483884E+00
       733  2.132780E+00
       734  4.517563E+00
       735  2.181535E+00
       736  4.583913E+00
       737  2.303218E+00
       738  4.651001E+00
       739  8.350684E-01
       740  1.678096E+00
       741  8.350684E-01
       742  1.678096E+00
       743  2.303218E+00
       744  4.651001E+00
       745  2.181535E+00
       746  4.583913E+00
       747  2.132780E+00
       748  4.517563E+00
       749  2.104367E+00
       750  4.483884E+00
       751  3.540949E+01
       752  2.024672E+01
       753  9.561271E+00
       754  3.216932E+00
       755  1.128906E+00
       756  3.540949E+01
       757  2.024672E+01
       758  9.561271E+00
       759  3.216932E+00
       760  1.128906E+00
       761  1.830841E+00
       762  3.987717E+00
       763  1.860698E+00
       764  4.024146E+00
       765  1.912000E+00
       766  4.095398E+00
       767  2.042961E+00
       768  4.166134E+00
       769  7.402718E-01
       770  1.500007E+00
       771  7.402718E-01
       772  1.500007E+00
       773  2.042961E+00
       774  4.166134E+00
       775  1.912000E+00
       776  4.095398E+00
       777  1.860698E+00
       778  4.024146E+00
       779  1.830841E+00
       780  3.987717E+00
       781  3.087041E+01
       782  1.774627E+01
       783  8.494627E+00
       784  2.975005E+00
       785  1.100709E+00
       786  3.087041E+01
       787  1.774627E+01
       788  8.494627E+00
       789  2.975005E+00
       790  1.100709E+00
       791  1.568101E+00
       792  3.493786E+00
       793  1.599633E+00
       794  3.533127E+00
       795  1.653931E+00
       796  3.609773E+00
       797  1.795519E+00
       798  3.684530E+00
       799  6.502867E-01
       800  1.322860E+00
       801  6.502867E-01
       802  1.322860E+00
       803  1.795519E+00
       804  3.684530E+00
       805  1.653931E+00
       806  3.609773E+00
       807  1.599633E+00
       808  3.533127E+00
       809  1.568101E+00
       810  3.493786E+00
       811  2.641573E+01
       812  1.527303E+01
       813  7.423391E+00
       814  2.721412E+00
       815  1.078286E+00
       816  2.641573E+01
       817  1.527303E+01
       818  7.423391E+00
       819  2.721412E+00
       820  1.078286E+00
       821  1.317708E+00
       822  3.008442E+00
       823  1.351197E+00
       824  3.049728E+00
       825  1.409004E+00
       826  3.131283E+00
       827  1.562891E+00
       828  3.209958E+00
       829  5.658133E-01
       830  1.147903E+00
       831  5.658133E-01
       832  1.147903E+00
       833  1.562891E+00
       834  3.209958E+00
       835  1.409004E+00
       836  3.131283E+00
       837  1.351197E+00
       838  3.049728E+00
       839  1.317708E+00
       840  3.008442E+00
       841  2.207958E+01
       842  1.284725E+01
       843  6.357966E+00
       844  2.460280E+00
       845  1.062993E+00
       846  2.207958E+01
       847  1.284725E+01
       848  6.357966E+00
       849  2.460280E+00
       850  1.062993E+00
       851  1.082239E+00
       852  2.541574E+00
       853  1.117951E+00
       854  2.581457E+00
       855  1.179645E+00
       856  2.665335E+00
       857  1.347712E+00
       858  2.746804E+00
       859  4.875961E-01
       860  9.765447E-01
       861  4.875961E-01
       862  9.765447E-01
       863  1.347712E+00
       864  2.746804E+00
       865  1.179645E+00
       866  2.665335E+00
       867  1.117951E+00
       868  2.581457E+00
       869  1.082239E+00
       870  2.541574E+00
       871  1.789923E+01
       872  1.049223E+01
       873  5.311272E+00
       874  2.197595E+00
       875  1.057352E+00
       876  1.789923E+01
       877  1.049223E+01
       878  5.311272E+00
       879  2.197595E+00
       880  1.057352E+00
       881  8.663357E-01
       882  2.106939E+00
       883  9.043590E-01
       884  2.137964E+00
       885  9.697232E-01
       886  2.218002E+00
       887  1.153650E+00
       888  2.299513E+00
       889  4.163621E-01
       890  8.101857E-01
       891  4.163621E-01
       892  8.101857E-01
       893  1.153650E+00
       894  2.299513E+00
       895  9.697232E-01
       896  2.218002E+00
       897  9.043590E-01
       898  2.137964E+00
       899  8.663357E-01
       900  2.106939E+00
       901  1.391856E+01
       902  8.236479E+00
       903  4.299628E+00
       904  1.941276E+00
       905  1.064945E+00
       906  1.391856E+01
       907  8.236479E+00
       908  4.299628E+00
       909  1.941276E+00
       910  1.064945E+00
       911  6.789238E-01
       912  1.721261E+00
       913  7.188398E-01
       914  1.729913E+00
       915  7.859650E-01
       916  1.794748E+00
       917  9.860340E-01
       918  1.871487E+00
       919  3.527173E-01
       920  6.499127E-01
       921  3.527173E-01
       922  6.499127E-01
       923  9.860340E-01
       924  1.871487E+00
       925  7.859650E-01
       926  1.794748E+00
       927  7.188398E-01
       928  1.729913E+00
       929  6.789238E-01
       930  1.721261E+00
       931  1.019664E+01
       932  6.118598E+00
       933  3.345105E+00
       934  1.701364E+00
       935  1.089001E+00
       936  1.019664E+01
       937  6.118598E+00
       938  3.345105E+00
       939  1.701364E+00
       940  1.089001E+00
       941  5.377783E-01
       942  1.402341E+00
       943  5.783521E-01
       944  1.367786E+00
       945  6.412487E-01
       946  1.399711E+00
       947  8.535767E-01
       948  1.464477E+00
       949  2.969569E-01
       950  4.964787E-01
       951  2.969569E-01
       952  4.964787E-01
       953  8.535767E-01
       954  1.464477E+00
       955  6.412487E-01
       956  1.399711E+00
       957  5.783521E-01
       958  1.367786E+00
       959  5.377783E-01
       960  1.402341E+00
       961  6.816459E+00
       962  4.196579E+00
       963  2.482499E+00
       964  1.490612E+00
       965  1.128357E+00
       966  6.816459E+00
       967  4.196579E+00
       968  2.482499E+00
       969  1.490612E+00
       970  1.128357E+00
       971  4.779625E-01
       972  1.164374E+00
       973  5.178031E-01
       974  1.064436E+00
       975  5.625946E-01
       976  1.041692E+00
       977  7.753684E-01
       978  1.086060E+00
       979  2.488310E-01
       980  3.541967E-01
       981  2.488310E-01
       982  3.541967E-01
       983  7.753684E-01
       984  1.086060E+00
       985  5.625946E-01
       986  1.041692E+00
       987  5.178031E-01
       988  1.064436E+00
       989  4.779625E-01
       990  1.164374E+00
       991  3.889407E+00
       992  2.562936E+00
       993  1.771162E+00
       994  1.320922E+00
       995  1.167239E+00
       996  3.889407E+00
       997  2.562936E+00
       998  1.771162E+00
       999  1.320922E+00
      1000  1.167239E+00
      1001  5.422267E-01
      1002  1.004021E+00
      1003  5.920771E-01
      1004  8.447411E-01
      1005  6.073042E-01
      1006  7.620636E-01
      1007  8.095797E-01
      1008  7.845798E-01
      1009  2.094844E-01
      1010  2.489908E-01
      1011  2.094844E-01
      1012  2.489908E-01
      1013  8.095797E-01
      1014  7.845798E-01
      1015  6.073042E-01
      1016  7.620636E-01
      1017  5.920771E-01
      1018  8.447411E-01
      1019  5.422267E-01
      1020  1.004021E+00
      1021  1.598852E+00
      1022  1.326495E+00
      1023  1.240096E+00
      1024  1.181061E+00
      1025  1.186623E+00
      1026  1.598852E+00
      1027  1.326495E+00
      1028  1.240096E+00
      1029  1.181061E+00
      1030  1.186623E+00
      1031  6.860137E-01
      1032  8.490254E-01
      1033  7.916293E-01
      1034  7.144156E-01
      1035  8.414799E-01
      1036  6.727141E-01
      1037  1.137477E+00
      1038  7.727714E-01
      1039  1.878751E-01
      1040  3.032791E-01
      1041  1.878751E-01
      1042  3.032791E-01
      1043  1.137477E+00
      1044  7.727714E-01
      1045  8.414799E-01
      1046  6.727141E-01
      1047  7.916293E-01
      1048  7.144156E-01
      1049  6.860137E-01
      1050  8.490254E-01
      1051  3.143116E-01
      1052  4.919458E-01
      1053  7.257787E-01
      1054  9.557535E-01
      1055  1.356694E+00
      1056  3.143116E-01
      1057  4.919458E-01
      1058  7.257787E-01
      1059  9.557535E-01
      1060  1.356694E+00
      1061  6.620736E-01
      1062  6.209742E-01
      1063  8.171894E-01
      1064  5.843763E-01
      1065  1.103666E+00
      1066  8.017934E-01
      1067  2.203272E+00
      1068  1.640414E+00
      1069  2.548707E-01
      1070  1.022708E+00
      1071  2.548707E-01
      1072  1.022708E+00
      1073  2.203272E+00
      1074  1.640414E+00
      1075  1.103666E+00
      1076  8.017934E-01
      1077  8.171894E-01
      1078  5.843763E-01
      1079  6.620736E-01
      1080  6.209742E-01
      1081  5.018432E-03
      1082  3.239822E-02
      1083  1.141170E-01
      1084  3.182147E-01
      1085  9.135750E-01
      1086  5.018432E-03
      1087  3.239822E-02
      1088  1.141170E-01
      1089  3.182147E-01
      1090  9.135750E-01
      1091  2.582884E-01
      1092  3.761226E-01
      1093  3.532563E-01
      1094  3.462379E-01
      1095  6.166304E-01
      1096  7.385343E-01
      1097  2.200774E+00
      1098  2.214281E+00
      1099  2.688867E-01
      1100  1.727644E+00
      1101  2.688867E-01
      1102  1.727644E+00
      1103  2.200774E+00
      1104  2.214281E+00
      1105  6.166304E-01
      1106  7.385343E-01
      1107  3.532563E-01
      1108  3.462379E-01
      1109  2.582884E-01
      1110  3.761226E-01

                                INCREMENT     4


 displacements (vx,vy,vz) for set TIP_TOP and time  0.2750000E+00

      1799  2.067191E-01 -6.494653E-03 -5.728220E+00
      1800  2.066182E-01 -6.377696E-03 -5.713708E+00
      1803  2.062575E-01 -6.178977E-03 -5.699401E+00
      1806  2.060154E-01 -5.048336E-03 -5.686185E+00
      1808  2.059968E-01 -2.016604E-03 -5.677679E+00
      1810  2.059576E-01 -2.684224E-14 -5.677212E+00
      1812  2.059968E-01  2.016604E-03 -5.677679E+00
      1815  2.060154E-01  5.048336E-03 -5.686185E+00
      1818  2.062575E-01  6.178977E-03 -5.699401E+00
      1821  2.066182E-01  6.377696E-03 -5.713708E+00
      1824  2.067191E-01  6.494653E-03 -5.728220E+00

 forces (fx,fy,fz) for set CLAMP and time  0.2750000E+00

         1  9.171544E+03  1.127651E+04  3.700183E+03
         4  1.649050E+04 -7.898867E-11  7.390269E+03
         5  1.304092E+04  1.752126E+04  5.031191E+02
         8  2.301425E+04 -4.060164E-11  1.023766E+03
         9  8.711822E+03  1.150538E+04 -2.332203E+02
        12  1.526600E+04  8.159497E-09 -4.490079E+02
        13  4.535313E+03  5.888373E+03 -7.302818E+02
        16  7.927009E+03  2.428900E-09 -1.439184E+03
        17  2.884769E+02  2.269508E+02 -8.414441E+02
        20  4.776795E+02  8.133171E-10 -1.671528E+03
        21 -2.740321E+03 -1.922173E+03 -2.601897E+03
        24 -3.362016E+03 -2.904892E-12 -9.382137E+02
        26  9.171544E+03 -1.127651E+04  3.700183E+03
        28  1.304092E+04 -1.752126E+04  5.031191E+02
        30  8.711822E+03 -1.150538E+04 -2.332203E+02
        32  4.535313E+03 -5.888373E+03 -7.302818E+02
        34  2.884769E+02 -2.269508E+02 -8.414441E+02
        36 -2.740321E+03  1.922173E+03 -2.601897E+03
        37 -1.838692E+03 -1.152538E+03 -2.633102E+03
        40 -2.153227E+03 -3.540779E+02 -4.575720E+03
        41 -4.740725E+03 -2.666362E+03 -7.376858E+02
        44 -6.785276E+03 -7.809310E+02 -1.434152E+03
        45 -3.350932E+03 -1.519466E+03  3.218744E+03
        48 -5.532920E+03 -4.280552E+02  5.898192E+03
        50 -1.816281E+03 -3.343620E+02 -4.198185E+03
        52 -6.442887E+03 -7.065503E+02 -1.449966E+03
        54 -5.558740E+03 -3.717173E+02  5.638391E+03
        56 -1.788564E+03 -2.576070E+02 -4.177355E+03
        58 -6.493194E+03 -4.938103E+02 -1.427832E+03
        60 -5.666080E+03 -2.426708E+02  5.664787E+03
        62 -4.542805E+03 -1.977420E+02 -8.754523E+02
        64 -3.929689E+03 -8.641871E+01  3.934600E+03
        66 -2.443541E+03 -7.244885E-10 -4.403997E+02
        68 -2.105358E+03 -4.938497E-11  2.117242E+03
        70 -4.542805E+03  1.977420E+02 -8.754523E+02
        72 -3.929689E+03  8.641871E+01  3.934600E+03
        74 -1.788564E+03  2.576070E+02 -4.177355E+03
        76 -6.493194E+03  4.938103E+02 -1.427832E+03
        78 -5.666080E+03  2.426708E+02  5.664787E+03
        80 -1.816281E+03  3.343620E+02 -4.198185E+03
        82 -6.442887E+03  7.065503E+02 -1.449966E+03
        84 -5.558740E+03  3.717173E+02  5.638391E+03
        86 -2.153227E+03  3.540779E+02 -4.575720E+03
        88 -6.785276E+03  7.809310E+02 -1.434152E+03
        90 -5.532920E+03  4.280552E+02  5.898192E+03
        92 -1.838692E+03  1.152538E+03 -2.633102E+03
        94 -4.740725E+03  2.666362E+03 -7.376858E+02
        96 -3.350932E+03  1.519466E+03  3.218744E+03

 internal energy (element, energy) for set EALL and time  0.2750000E+00

         1  2.351554E+02
         2  1.106411E+02
         3  4.167902E+01
         4  7.085224E+00
         5  5.882607E+00
         6  2.351554E+02
         7  1.106411E+02
         8  4.167902E+01
         9  7.085224E+00
        10  5.882607E+00
        11  1.895286E+01
        12  2.917385E+01
        13  1.542431E+01
        14  2.521724E+01
        15  1.457534E+01
        16  2.450315E+01
        17  1.495415E+01
        18  2.478733E+01
        19  5.570597E+00
        20  9.146128E+00
        21  5.570597E+00
        22  9.146128E+00
        23  1.495415E+01
        24  2.478733E+01
        25  1.457534E+01
        26  2.450315E+01
        27  1.542431E+01
        28  2.521724E+01
        29  1.895286E+01
        30  2.917385E+01
        31  3.132586E+02
        32  1.753824E+02
        33  6.736755E+01
        34  1.265170E+01
        35  1.120379E+01
        36  3.132586E+02
        37  1.753824E+02
        38  6.736755E+01
        39  1.265170E+01
        40  1.120379E+01
        41  2.272488E+01
        42  3.291665E+01
        43  2.447987E+01
        44  3.498412E+01
        45  2.446110E+01
        46  3.498855E+01
        47  2.451996E+01
        48  3.519475E+01
        49  8.881095E+00
        50  1.284377E+01
        51  8.881095E+00
        52  1.284377E+01
        53  2.451996E+01
        54  3.519475E+01
        55  2.446110E+01
        56  3.498855E+01
        57  2.447987E+01
        58  3.498412E+01
        59  2.272488E+01
        60  3.291665E+01
        61  2.951063E+02
        62  1.596333E+02
        63  6.372972E+01
        64  1.230201E+01
        65  1.002380E+01
        66  2.951063E+02
        67  1.596333E+02
        68  6.372972E+01
        69  1.230201E+01
        70  1.002380E+01
        71  2.033506E+01
        72  3.135496E+01
        73  2.170360E+01
        74  3.305921E+01
        75  2.256022E+01
        76  3.422345E+01
        77  2.289662E+01
        78  3.473965E+01
        79  8.341407E+00
        80  1.267490E+01
        81  8.341407E+00
        82  1.267490E+01
        83  2.289662E+01
        84  3.473965E+01
        85  2.256022E+01
        86  3.422345E+01
        87  2.170360E+01
        88  3.305921E+01
        89  2.033506E+01
        90  3.135496E+01
        91  3.055343E+02
        92  1.615781E+02
        93  6.380632E+01
        94  1.259414E+01
        95  9.766020E+00
        96  3.055343E+02
        97  1.615781E+02
        98  6.380632E+01
        99  1.259414E+01
       100  9.766020E+00
       101  2.158668E+01
       102  3.294367E+01
       103  2.200515E+01
       104  3.344870E+01
       105  2.248293E+01
       106  3.398937E+01
       107  2.277632E+01
       108  3.424293E+01
       109  8.289626E+00
       110  1.244497E+01
       111  8.289626E+00
       112  1.244497E+01
       113  2.277632E+01
       114  3.424293E+01
       115  2.248293E+01
       116  3.398937E+01
       117  2.200515E+01
       118  3.344870E+01
       119  2.158668E+01
       120  3.294367E+01
       121  2.990764E+02
       122  1.574697E+02
       123  6.190317E+01
       124  1.225368E+01
       125  8.925257E+00
       126  2.990764E+02
       127  1.574697E+02
       128  6.190317E+01
       129  1.225368E+01
       130  8.925257E+00
       131  2.108620E+01
       132  3.258936E+01
       133  2.118438E+01
       134  3.263436E+01
       135  2.133524E+01
       136  3.272932E+01
       137  2.147833E+01
       138  3.280471E+01
       139  7.817386E+00
       140  1.192561E+01
       141  7.817386E+00
       142  1.192561E+01
       143  2.147833E+01
       144  3.280471E+01
       145  2.133524E+01
       146  3.272932E+01
       147  2.118438E+01
       148  3.263436E+01
       149  2.108620E+01
       150  3.258936E+01
       151  2.914987E+02
       152  1.536903E+02
       153  6.063658E+01
       154  1.217956E+01
       155  8.291485E+00
       156  2.914987E+02
       157  1.536903E+02
       158  6.063658E+01
       159  1.217956E+01
       160  8.291485E+00
       161  2.036937E+01
       162  3.175616E+01
       163  2.038765E+01
       164  3.171141E+01
       165  2.044685E+01
       166  3.171665E+01
       167  2.054631E+01
       168  3.175081E+01
       169  7.476760E+00
       170  1.153954E+01
       171  7.476760E+00
       172  1.153954E+01
       173  2.054631E+01
       174  3.175081E+01
       175  2.044685E+01
       176  3.171665E+01
       177  2.038765E+01
       178  3.171141E+01
       179  2.036937E+01
       180  3.175616E+01
       181  2.831594E+02
       182  1.497988E+02
       183  5.951333E+01
       184  1.220715E+01
       185  7.763342E+00
       186  2.831594E+02
       187  1.497988E+02
       188  5.951333E+01
       189  1.220715E+01
       190  7.763342E+00
       191  1.954957E+01
       192  3.076550E+01
       193  1.956926E+01
       194  3.075171E+01
       195  1.961647E+01
       196  3.077311E+01
       197  1.971335E+01
       198  3.082277E+01
       199  7.172721E+00
       200  1.120456E+01
       201  7.172721E+00
       202  1.120456E+01
       203  1.971335E+01
       204  3.082277E+01
       205  1.961647E+01
       206  3.077311E+01
       207  1.956926E+01
       208  3.075171E+01
       209  1.954957E+01
       210  3.076550E+01
       211  2.745569E+02
       212  1.457851E+02
       213  5.837727E+01
       214  1.224612E+01
       215  7.277825E+00
       216  2.745569E+02
       217  1.457851E+02
       218  5.837727E+01
       219  1.224612E+01
       220  7.277825E+00
       221  1.871794E+01
       222  2.976773E+01
       223  1.874677E+01
       224  2.978660E+01
       225  1.879947E+01
       226  2.983726E+01
       227  1.890317E+01
       228  2.990602E+01
       229  6.877810E+00
       230  1.087267E+01
       231  6.877810E+00
       232  1.087267E+01
       233  1.890317E+01
       234  2.990602E+01
       235  1.879947E+01
       236  2.983726E+01
       237  1.874677E+01
       238  2.978660E+01
       239  1.871794E+01
       240  2.976773E+01
       241  2.657518E+02
       242  1.416309E+02
       243  5.716801E+01
       244  1.226796E+01
       245  6.821160E+00
       246  2.657518E+02
       247  1.416309E+02
       248  5.716801E+01
       249  1.226796E+01
       250  6.821160E+00
       251  1.788633E+01
       252  2.878257E+01
       253  1.791989E+01
       254  2.881823E+01
       255  1.797780E+01
       256  2.888668E+01
       257  1.808873E+01
       258  2.896751E+01
       259  6.581235E+00
       260  1.053177E+01
       261  6.581235E+00
       262  1.053177E+01
       263  1.808873E+01
       264  2.896751E+01
       265  1.797780E+01
       266  2.888668E+01
       267  1.791989E+01
       268  2.881823E+01
       269  1.788633E+01
       270  2.878257E+01
       271  2.567470E+02
       272  1.373341E+02
       273  5.587733E+01
       274  1.226693E+01
       275  6.390363E+00
       276  2.567470E+02
       277  1.373341E+02
       278  5.587733E+01
       279  1.226693E+01
       280  6.390363E+00
       281  1.705529E+01
       282  2.779929E+01
       283  1.709084E+01
       284  2.784176E+01
       285  1.715212E+01
       286  2.791911E+01
       287  1.726974E+01
       288  2.800684E+01
       289  6.283036E+00
       290  1.018212E+01
       291  6.283036E+00
       292  1.018212E+01
       293  1.726974E+01
       294  2.800684E+01
       295  1.715212E+01
       296  2.791911E+01
       297  1.709084E+01
       298  2.784176E+01
       299  1.705529E+01
       300  2.779929E+01
       301  2.475340E+02
       302  1.328940E+02
       303  5.450530E+01
       304  1.224234E+01
       305  5.986244E+00
       306  2.475340E+02
       307  1.328940E+02
       308  5.450530E+01
       309  1.224234E+01
       310  5.986244E+00
       311  1.622384E+01
       312  2.680707E+01
       313  1.626073E+01
       314  2.685242E+01
       315  1.632475E+01
       316  2.693477E+01
       317  1.644916E+01
       318  2.702705E+01
       319  5.984260E+00
       320  9.825129E+00
       321  5.984260E+00
       322  9.825129E+00
       323  1.644916E+01
       324  2.702705E+01
       325  1.632475E+01
       326  2.693477E+01
       327  1.626073E+01
       328  2.685242E+01
       329  1.622384E+01
       330  2.680707E+01
       331  2.381098E+02
       332  1.283099E+02
       333  5.305151E+01
       334  1.219329E+01
       335  5.609242E+00
       336  2.381098E+02
       337  1.283099E+02
       338  5.305151E+01
       339  1.219329E+01
       340  5.609242E+00
       341  1.539245E+01
       342  2.579978E+01
       343  1.543082E+01
       344  2.584693E+01
       345  1.549765E+01
       346  2.593316E+01
       347  1.562937E+01
       348  2.602932E+01
       349  5.685766E+00
       350  9.461415E+00
       351  5.685766E+00
       352  9.461415E+00
       353  1.562937E+01
       354  2.602932E+01
       355  1.549765E+01
       356  2.593316E+01
       357  1.543082E+01
       358  2.584693E+01
       359  1.539245E+01
       360  2.579978E+01
       361  2.284743E+02
       362  1.235804E+02
       363  5.151420E+01
       364  1.211815E+01
       365  5.259224E+00
       366  2.284743E+02
       367  1.235804E+02
       368  5.151420E+01
       369  1.211815E+01
       370  5.259224E+00
       371  1.456221E+01
       372  2.477465E+01
       373  1.460231E+01
       374  2.482352E+01
       375  1.467218E+01
       376  2.491357E+01
       377  1.481183E+01
       378  2.501364E+01
       379  5.388072E+00
       380  9.091051E+00
       381  5.388072E+00
       382  9.091051E+00
       383  1.481183E+01
       384  2.501364E+01
       385  1.467218E+01
       386  2.491357E+01
       387  1.460231E+01
       388  2.482352E+01
       389  1.456221E+01
       390  2.477465E+01
       391  2.186282E+02
       392  1.187043E+02
       393  4.989110E+01
       394  1.201495E+01
       395  4.935700E+00
       396  2.186282E+02
       397  1.187043E+02
       398  4.989110E+01
       399  1.201495E+01
       400  4.935700E+00
       401  1.373436E+01
       402  2.373060E+01
       403  1.377635E+01
       404  2.378133E+01
       405  1.384948E+01
       406  2.387549E+01
       407  1.399771E+01
       408  2.397972E+01
       409  5.091584E+00
       410  8.713946E+00
       411  5.091584E+00
       412  8.713946E+00
       413  1.399771E+01
       414  2.397972E+01
       415  1.384948E+01
       416  2.387549E+01
       417  1.377635E+01
       418  2.378133E+01
       419  1.373436E+01
       420  2.373060E+01
       421  2.085730E+02
       422  1.136806E+02
       423  4.818011E+01
       424  1.188164E+01
       425  4.638017E+00
       426  2.085730E+02
       427  1.136806E+02
       428  4.818011E+01
       429  1.188164E+01
       430  4.638017E+00
       431  1.291011E+01
       432  2.266732E+01
       433  1.295411E+01
       434  2.272008E+01
       435  1.303069E+01
       436  2.281870E+01
       437  1.318815E+01
       438  2.292736E+01
       439  4.796713E+00
       440  8.330009E+00
       441  4.796713E+00
       442  8.330009E+00
       443  1.318815E+01
       444  2.292736E+01
       445  1.303069E+01
       446  2.281870E+01
       447  1.295411E+01
       448  2.272008E+01
       449  1.291011E+01
       450  2.266732E+01
       451  1.983116E+02
       452  1.085092E+02
       453  4.637943E+01
       454  1.171621E+01
       455  4.365424E+00
       456  1.983116E+02
       457  1.085092E+02
       458  4.637943E+01
       459  1.171621E+01
       460  4.365424E+00
       461  1.209071E+01
       462  2.158484E+01
       463  1.213683E+01
       464  2.163979E+01
       465  1.221701E+01
       466  2.174318E+01
       467  1.238440E+01
       468  2.185651E+01
       469  4.503909E+00
       470  7.939196E+00
       471  4.503909E+00
       472  7.939196E+00
       473  1.238440E+01
       474  2.185651E+01
       475  1.221701E+01
       476  2.174318E+01
       477  1.213683E+01
       478  2.163979E+01
       479  1.209071E+01
       480  2.158484E+01
       481  1.878494E+02
       482  1.031914E+02
       483  4.448773E+01
       484  1.151665E+01
       485  4.117082E+00
       486  1.878494E+02
       487  1.031914E+02
       488  4.448773E+01
       489  1.151665E+01
       490  4.117082E+00
       491  1.127751E+01
       492  2.048342E+01
       493  1.132584E+01
       494  2.054065E+01
       495  1.140978E+01
       496  2.064908E+01
       497  1.158783E+01
       498  2.076727E+01
       499  4.213671E+00
       500  7.541518E+00
       501  4.213671E+00
       502  7.541518E+00
       503  1.158783E+01
       504  2.076727E+01
       505  1.140978E+01
       506  2.064908E+01
       507  1.132584E+01
       508  2.054065E+01
       509  1.127751E+01
       510  2.048342E+01
       511  1.771944E+02
       512  9.772970E+01
       513  4.250430E+01
       514  1.128103E+01
       515  3.892056E+00
       516  1.771944E+02
       517  9.772970E+01
       518  4.250430E+01
       519  1.128103E+01
       520  3.892056E+00
       521  1.047194E+01
       522  1.936345E+01
       523  1.052259E+01
       524  1.942301E+01
       525  1.061044E+01
       526  1.953671E+01
       527  1.079998E+01
       528  1.965993E+01
       529  3.926549E+00
       530  7.137049E+00
       531  3.926549E+00
       532  7.137049E+00
       533  1.079998E+01
       534  1.965993E+01
       535  1.061044E+01
       536  1.953671E+01
       537  1.052259E+01
       538  1.942301E+01
       539  1.047194E+01
       540  1.936345E+01
       541  1.663579E+02
       542  9.212856E+01
       543  4.042916E+01
       544  1.100752E+01
       545  3.689310E+00
       546  1.663579E+02
       547  9.212856E+01
       548  4.042916E+01
       549  1.100752E+01
       550  3.689310E+00
       551  9.675614E+00
       552  1.822548E+01
       553  9.728682E+00
       554  1.828742E+01
       555  9.820607E+00
       556  1.840660E+01
       557  1.002249E+01
       558  1.853497E+01
       559  3.643143E+00
       560  6.725942E+00
       561  3.643143E+00
       562  6.725942E+00
       563  1.002249E+01
       564  1.853497E+01
       565  9.820607E+00
       566  1.840660E+01
       567  9.728682E+00
       568  1.828742E+01
       569  9.675614E+00
       570  1.822548E+01
       571  1.553553E+02
       572  8.639466E+01
       573  3.826329E+01
       574  1.069449E+01
       575  3.507700E+00
       576  1.553553E+02
       577  8.639466E+01
       578  3.826329E+01
       579  1.069449E+01
       580  3.507700E+00
       581  8.890283E+00
       582  1.707025E+01
       583  8.945871E+00
       584  1.713460E+01
       585  9.042014E+00
       586  1.725950E+01
       587  9.257185E+00
       588  1.739315E+01
       589  3.364112E+00
       590  6.308441E+00
       591  3.364112E+00
       592  6.308441E+00
       593  9.257185E+00
       594  1.739315E+01
       595  9.042014E+00
       596  1.725950E+01
       597  8.945871E+00
       598  1.713460E+01
       599  8.890283E+00
       600  1.707025E+01
       601  1.442066E+02
       602  8.053738E+01
       603  3.600886E+01
       604  1.034054E+01
       605  3.345976E+00
       606  1.442066E+02
       607  8.053738E+01
       608  3.600886E+01
       609  1.034054E+01
       610  3.345976E+00
       611  8.117854E+00
       612  1.589865E+01
       613  8.176059E+00
       614  1.596554E+01
       615  8.276560E+00
       616  1.609648E+01
       617  8.506046E+00
       618  1.623556E+01
       619  3.090180E+00
       620  5.884918E+00
       621  3.090180E+00
       622  5.884918E+00
       623  8.506046E+00
       624  1.623556E+01
       625  8.276560E+00
       626  1.609648E+01
       627  8.176059E+00
       628  1.596554E+01
       629  8.117854E+00
       630  1.589865E+01
       631  1.329376E+02
       632  7.456936E+01
       633  3.366953E+01
       634  9.944646E+00
       635  3.202784E+00
       636  1.329376E+02
       637  7.456936E+01
       638  3.366953E+01
       639  9.944646E+00
       640  3.202784E+00
       641  7.360375E+00
       642  1.471180E+01
       643  7.421288E+00
       644  1.478150E+01
       645  7.526299E+00
       646  1.491897E+01
       647  7.771240E+00
       648  1.506375E+01
       649  2.822146E+00
       650  5.455910E+00
       651  2.822146E+00
       652  5.455910E+00
       653  7.771240E+00
       654  1.506375E+01
       655  7.526299E+00
       656  1.491897E+01
       657  7.421288E+00
       658  1.478150E+01
       659  7.360375E+00
       660  1.471180E+01
       661  1.215811E+02
       662  6.850713E+01
       663  3.125071E+01
       664  9.506226E+00
       665  3.076697E+00
       666  1.215811E+02
       667  6.850713E+01
       668  3.125071E+01
       669  9.506226E+00
       670  3.076697E+00
       671  6.619998E+00
       672  1.351109E+01
       673  6.683725E+00
       674  1.358414E+01
       675  6.793440E+00
       676  1.372894E+01
       677  7.055147E+00
       678  1.387985E+01
       679  2.560903E+00
       680  5.022178E+00
       681  2.560903E+00
       682  5.022178E+00
       683  7.055147E+00
       684  1.387985E+01
       685  6.793440E+00
       686  1.372894E+01
       687  6.683725E+00
       688  1.358414E+01
       689  6.619998E+00
       690  1.351109E+01
       691  1.101776E+02
       692  6.237181E+01
       693  2.875999E+01
       694  9.025350E+00
       695  2.966267E+00
       696  1.101776E+02
       697  6.237181E+01
       698  2.875999E+01
       699  9.025350E+00
       700  2.966267E+00
       701  5.898933E+00
       702  1.229844E+01
       703  5.965621E+00
       704  1.237575E+01
       705  6.080344E+00
       706  1.252911E+01
       707  6.360396E+00
       708  1.268684E+01
       709  2.307468E+00
       710  4.584793E+00
       711  2.307468E+00
       712  4.584793E+00
       713  6.360396E+00
       714  1.268684E+01
       715  6.080344E+00
       716  1.252911E+01
       717  5.965621E+00
       718  1.237575E+01
       719  5.898933E+00
       720  1.229844E+01
       721  9.877679E+01
       722  5.618973E+01
       723  2.620749E+01
       724  8.502956E+00
       725  2.870158E+00
       726  9.877679E+01
       727  5.618973E+01
       728  2.620749E+01
       729  8.502956E+00
       730  2.870158E+00
       731  5.199418E+00
       732  1.107684E+01
       733  5.269308E+00
       734  1.115968E+01
       735  5.389545E+00
       736  1.132330E+01
       737  5.689935E+00
       738  1.148886E+01
       739  2.063008E+00
       740  4.145223E+00
       741  2.063008E+00
       742  4.145223E+00
       743  5.689935E+00
       744  1.148886E+01
       745  5.389545E+00
       746  1.132330E+01
       747  5.269308E+00
       748  1.115968E+01
       749  5.199418E+00
       750  1.107684E+01
       751  8.743815E+01
       752  4.999293E+01
       753  2.360632E+01
       754  7.941223E+00
       755  2.787387E+00
       756  8.743815E+01
       757  4.999293E+01
       758  2.360632E+01
       759  7.941223E+00
       760  2.787387E+00
       761  4.523789E+00
       762  9.851499E+00
       763  4.597271E+00
       764  9.941172E+00
       765  4.723815E+00
       766  1.011692E+01
       767  5.047127E+00
       768  1.029149E+01
       769  1.828874E+00
       770  3.705438E+00
       771  1.828874E+00
       772  3.705438E+00
       773  5.047127E+00
       774  1.029149E+01
       775  4.723815E+00
       776  1.011692E+01
       777  4.597271E+00
       778  9.941172E+00
       779  4.523789E+00
       780  9.851499E+00
       781  7.623053E+01
       782  4.381938E+01
       783  2.097308E+01
       784  7.344115E+00
       785  2.717726E+00
       786  7.623053E+01
       787  4.381938E+01
       788  2.097308E+01
       789  7.344115E+00
       790  2.717726E+00
       791  3.874781E+00
       792  8.631653E+00
       793  3.952423E+00
       794  8.728559E+00
       795  4.086382E+00
       796  8.917653E+00
       797  4.435945E+00
       798  9.102157E+00
       799  1.606616E+00
       800  3.267966E+00
       801  1.606616E+00
       802  3.267966E+00
       803  4.435945E+00
       804  9.102157E+00
       805  4.086382E+00
       806  8.917653E+00
       807  3.952423E+00
       808  8.728559E+00
       809  3.874781E+00
       810  8.631653E+00
       811  6.523123E+01
       812  3.771297E+01
       813  1.832847E+01
       814  6.718198E+00
       815  2.662334E+00
       816  6.523123E+01
       817  3.771297E+01
       818  1.832847E+01
       819  6.718198E+00
       820  2.662334E+00
       821  3.256244E+00
       822  7.432973E+00
       823  3.338748E+00
       824  7.534723E+00
       825  3.481390E+00
       826  7.735967E+00
       827  3.861322E+00
       828  7.930148E+00
       829  1.397963E+00
       830  2.835886E+00
       831  1.397963E+00
       832  2.835886E+00
       833  3.861322E+00
       834  7.930148E+00
       835  3.481390E+00
       836  7.735967E+00
       837  3.338748E+00
       838  7.534723E+00
       839  3.256244E+00
       840  7.432973E+00
       841  5.452450E+01
       842  3.172365E+01
       843  1.569816E+01
       844  6.073659E+00
       845  2.624555E+00
       846  5.452450E+01
       847  3.172365E+01
       848  1.569816E+01
       849  6.073659E+00
       850  2.624555E+00
       851  2.674540E+00
       852  6.279868E+00
       853  2.762561E+00
       854  6.378206E+00
       855  2.914822E+00
       856  6.585216E+00
       857  3.329773E+00
       858  6.786299E+00
       859  1.204755E+00
       860  2.412680E+00
       861  1.204755E+00
       862  2.412680E+00
       863  3.329773E+00
       864  6.786299E+00
       865  2.914822E+00
       866  6.585216E+00
       867  2.762561E+00
       868  6.378206E+00
       869  2.674540E+00
       870  6.279868E+00
       871  4.420234E+01
       872  2.590896E+01
       873  1.311404E+01
       874  5.425271E+00
       875  2.610618E+00
       876  4.420234E+01
       877  2.590896E+01
       878  1.311404E+01
       879  5.425271E+00
       880  2.610618E+00
       881  2.141116E+00
       882  5.206316E+00
       883  2.234882E+00
       884  5.282833E+00
       885  2.396238E+00
       886  5.480401E+00
       887  2.850368E+00
       888  5.681598E+00
       889  1.028788E+00
       890  2.001812E+00
       891  1.028788E+00
       892  2.001812E+00
       893  2.850368E+00
       894  5.681598E+00
       895  2.396238E+00
       896  5.480401E+00
       897  2.234882E+00
       898  5.282833E+00
       899  2.141116E+00
       900  5.206316E+00
       901  3.437307E+01
       902  2.033927E+01
       903  1.061641E+01
       904  4.792589E+00
       905  2.629376E+00
       906  3.437307E+01
       907  2.033927E+01
       908  1.061641E+01
       909  4.792589E+00
       910  2.629376E+00
       911  1.678006E+00
       912  4.253632E+00
       913  1.776493E+00
       914  4.274947E+00
       915  1.942246E+00
       916  4.435023E+00
       917  2.436275E+00
       918  4.624457E+00
       919  8.715620E-01
       920  1.605971E+00
       921  8.715620E-01
       922  1.605971E+00
       923  2.436275E+00
       924  4.624457E+00
       925  1.942246E+00
       926  4.435023E+00
       927  1.776493E+00
       928  4.274947E+00
       929  1.678006E+00
       930  4.253632E+00
       931  2.518251E+01
       932  1.510986E+01
       933  8.259750E+00
       934  4.200409E+00
       935  2.688816E+00
       936  2.518251E+01
       937  1.510986E+01
       938  8.259750E+00
       939  4.200409E+00
       940  2.688816E+00
       941  1.329110E+00
       942  3.465813E+00
       943  1.429268E+00
       944  3.380451E+00
       945  1.584647E+00
       946  3.459296E+00
       947  2.109024E+00
       948  3.619199E+00
       949  7.338049E-01
       950  1.227019E+00
       951  7.338049E-01
       952  1.227019E+00
       953  2.109024E+00
       954  3.619199E+00
       955  1.584647E+00
       956  3.459296E+00
       957  1.429268E+00
       958  3.380451E+00
       959  1.329110E+00
       960  3.465813E+00
       961  1.683553E+01
       962  1.036390E+01
       963  6.129971E+00
       964  3.680239E+00
       965  2.786082E+00
       966  1.683553E+01
       967  1.036390E+01
       968  6.129971E+00
       969  3.680239E+00
       970  2.786082E+00
       971  1.181052E+00
       972  2.877985E+00
       973  1.279429E+00
       974  2.631104E+00
       975  1.390168E+00
       976  2.574936E+00
       977  1.915748E+00
       978  2.684499E+00
       979  6.148975E-01
       980  8.755905E-01
       981  6.148975E-01
       982  8.755905E-01
       983  1.915748E+00
       984  2.684499E+00
       985  1.390168E+00
       986  2.574936E+00
       987  1.279429E+00
       988  2.631104E+00
       989  1.181052E+00
       990  2.877985E+00
       991  9.607076E+00
       992  6.329822E+00
       993  4.373652E+00
       994  3.261487E+00
       995  2.882254E+00
       996  9.607076E+00
       997  6.329822E+00
       998  4.373652E+00
       999  3.261487E+00
      1000  2.882254E+00
      1001  1.339513E+00
      1002  2.481959E+00
      1003  1.462602E+00
      1004  2.088390E+00
      1005  1.500356E+00
      1006  1.884109E+00
      1007  2.000062E+00
      1008  1.939666E+00
      1009  5.176573E-01
      1010  6.156588E-01
      1011  5.176573E-01
      1012  6.156588E-01
      1013  2.000062E+00
      1014  1.939666E+00
      1015  1.500356E+00
      1016  1.884109E+00
      1017  1.462602E+00
      1018  2.088390E+00
      1019  1.339513E+00
      1020  2.481959E+00
      1021  3.949834E+00
      1022  3.276422E+00
      1023  3.062537E+00
      1024  2.916429E+00
      1025  2.930246E+00
      1026  3.949834E+00
      1027  3.276422E+00
      1028  3.062537E+00
      1029  2.916429E+00
      1030  2.930246E+00
      1031  1.694513E+00
      1032  2.099195E+00
      1033  1.955352E+00
      1034  1.766480E+00
      1035  2.078607E+00
      1036  1.663239E+00
      1037  2.809678E+00
      1038  1.910071E+00
      1039  4.642027E-01
      1040  7.495193E-01
      1041  4.642027E-01
      1042  7.495193E-01
      1043  2.809678E+00
      1044  1.910071E+00
      1045  2.078607E+00
      1046  1.663239E+00
      1047  1.955352E+00
      1048  1.766480E+00
      1049  1.694513E+00
      1050  2.099195E+00
      1051  7.766552E-01
      1052  1.215373E+00
      1053  1.792837E+00
      1054  2.360560E+00
      1055  3.350407E+00
      1056  7.766552E-01
      1057  1.215373E+00
      1058  1.792837E+00
      1059  2.360560E+00
      1060  3.350407E+00
      1061  1.635400E+00
      1062  1.535549E+00
      1063  2.018598E+00
      1064  1.444969E+00
      1065  2.726356E+00
      1066  1.981615E+00
      1067  5.442123E+00
      1068  4.052626E+00
      1069  6.295806E-01
      1070  2.526047E+00
      1071  6.295806E-01
      1072  2.526047E+00
      1073  5.442123E+00
      1074  4.052626E+00
      1075  2.726356E+00
      1076  1.981615E+00
      1077  2.018598E+00
      1078  1.444969E+00
      1079  1.635400E+00
      1080  1.535549E+00
      1081  1.240647E-02
      1082  8.008064E-02
      1083  2.820354E-01
      1084  7.863669E-01
      1085  2.257168E+00
      1086  1.240647E-02
      1087  8.008064E-02
      1088  2.820354E-01
      1089  7.863669E-01
      1090  2.257168E+00
      1091  6.383171E-01
      1092  9.303085E-01
      1093  8.727661E-01
      1094  8.558534E-01
      1095  1.523237E+00
      1096  1.824646E+00
      1097  5.436179E+00
      1098  5.469587E+00
      1099  6.642664E-01
      1100  4.267660E+00
      1101  6.642664E-01
      1102  4.267660E+00
      1103  5.436179E+00
      1104  5.469587E+00
      1105  1.523237E+00
      1106  1.824646E+00
      1107  8.727661E-01
      1108  8.558534E-01
      1109  6.383171E-01
      1110  9.303085E-01

                                INCREMENT     5


 displacements (vx,vy,vz) for set TIP_TOP and time  0.3750000E+00

      1799  2.764507E-01 -8.850305E-03 -7.811098E+00
      1800  2.763495E-01 -8.693175E-03 -7.791306E+00
      1803  2.758956E-01 -8.424263E-03 -7.771793E+00
      1806  2.756001E-01 -6.884110E-03 -7.753769E+00
      1808  2.755980E-01 -2.750259E-03 -7.742168E+00
      1810  2.755467E-01  1.649487E-14 -7.741531E+00
      1812  2.755980E-01  2.750259E-03 -7.742168E+00
      1815  2.756001E-01  6.884110E-03 -7.753769E+00
      1818  2.758956E-01  8.424263E-03 -7.771793E+00
      1821  2.763495E-01  8.693175E-03 -7.791306E+00
      1824  2.764507E-01  8.850305E-03 -7.811098E+00

 forces (fx,fy,fz) for set CLAMP and time  0.3750000E+00

         1  1.250744E+04  1.537468E+04  5.044677E+03
         4  2.248780E+04 -3.944616E-09  1.007565E+04
         5  1.778363E+04  2.388940E+04  6.853116E+02
         8  3.138308E+04 -7.585781E-10  1.394617E+03
         9  1.187988E+04  1.568734E+04 -3.187278E+02
        12  2.081699E+04 -1.892381E-09 -6.136265E+02
        13  6.184369E+03  8.028647E+03 -9.963024E+02
        16  1.080909E+04 -2.056366E-08 -1.963421E+03
        17  3.931915E+02  3.089675E+02 -1.147625E+03
        20  6.509535E+02 -5.975818E-09 -2.279754E+03
        21 -3.736728E+03 -2.621443E+03 -3.548186E+03
        24 -4.584666E+03  7.309394E-11 -1.279471E+03
        26  1.250744E+04 -1.537468E+04  5.044677E+03
        28  1.778363E+04 -2.388940E+04  6.853116E+02
        30  1.187988E+04 -1.568734E+04 -3.187278E+02
        32  6.184369E+03 -8.028647E+03 -9.963024E+02
        34  3.931915E+02 -3.089675E+02 -1.147625E+03
        36 -3.736728E+03  2.621443E+03 -3.548186E+03
        37 -2.504301E+03 -1.571471E+03 -3.589644E+03
        40 -2.931486E+03 -4.831849E+02 -6.238195E+03
        41 -6.464546E+03 -3.636162E+03 -1.006879E+03
        44 -9.252909E+03 -1.064905E+03 -1.957306E+03
        45 -4.572265E+03 -2.072386E+03  4.390655E+03
        48 -7.549652E+03 -5.833585E+02  8.045421E+03
        50 -2.473963E+03 -4.562767E+02 -5.724074E+03
        52 -8.786045E+03 -9.634380E+02 -1.978193E+03
        54 -7.582934E+03 -5.065187E+02  7.690421E+03
        56 -2.437864E+03 -3.515026E+02 -5.696286E+03
        58 -8.854633E+03 -6.733237E+02 -1.947460E+03
        60 -7.727590E+03 -3.306376E+02  7.725785E+03
        62 -6.194894E+03 -2.696186E+02 -1.193913E+03
        64 -5.358770E+03 -1.177380E+02  5.365856E+03
        66 -3.332203E+03 -3.804334E-09 -6.005889E+02
        68 -2.870896E+03 -8.613662E-10  2.887370E+03
        70 -6.194894E+03  2.696186E+02 -1.193913E+03
        72 -5.358770E+03  1.177380E+02  5.365856E+03
        74 -2.437864E+03  3.515026E+02 -5.696286E+03
        76 -8.854633E+03  6.733237E+02 -1.947460E+03
        78 -7.727590E+03  3.306376E+02  7.725785E+03
        80 -2.473963E+03  4.562767E+02 -5.724074E+03
        82 -8.786045E+03  9.634380E+02 -1.978193E+03
        84 -7.582934E+03  5.065187E+02  7.690421E+03
        86 -2.931486E+03  4.831849E+02 -6.238195E+03
        88 -9.252909E+03  1.064905E+03 -1.957306E+03
        90 -7.549652E+03  5.833585E+02  8.045421E+03
        92 -2.504301E+03  1.571471E+03 -3.589644E+03
        94 -6.464546E+03  3.636162E+03 -1.006879E+03
        96 -4.572265E+03  2.072386E+03  4.390655E+03

 internal energy (element, energy) for set EALL and time  0.3750000E+00

         1  4.372336E+02
         2  2.057158E+02
         3  7.749172E+01
         4  1.317228E+01
         5  1.094021E+01
         6  4.372336E+02
         7  2.057158E+02
         8  7.749172E+01
         9  1.317228E+01
        10  1.094021E+01
        11  3.523883E+01
        12  5.426995E+01
        13  2.868102E+01
        14  4.690630E+01
        15  2.710399E+01
        16  4.557268E+01
        17  2.780908E+01
        18  4.609725E+01
        19  1.035941E+01
        20  1.700868E+01
        21  1.035941E+01
        22  1.700868E+01
        23  2.780908E+01
        24  4.609725E+01
        25  2.710399E+01
        26  4.557268E+01
        27  2.868102E+01
        28  4.690630E+01
        29  3.523883E+01
        30  5.426995E+01
        31  5.824650E+02
        32  3.260814E+02
        33  1.252433E+02
        34  2.351749E+01
        35  2.083773E+01
        36  5.824650E+02
        37  3.260814E+02
        38  1.252433E+02
        39  2.351749E+01
        40  2.083773E+01
        41  4.226204E+01
        42  6.121397E+01
        43  4.552612E+01
        44  6.505698E+01
        45  4.549102E+01
        46  6.506514E+01
        47  4.560003E+01
        48  6.544970E+01
        49  1.651622E+01
        50  2.388533E+01
        51  1.651622E+01
        52  2.388533E+01
        53  4.560003E+01
        54  6.544970E+01
        55  4.549102E+01
        56  6.506514E+01
        57  4.552612E+01
        58  6.505698E+01
        59  4.226204E+01
        60  6.121397E+01
        61  5.487192E+02
        62  2.967988E+02
        63  1.184766E+02
        64  2.286564E+01
        65  1.864361E+01
        66  5.487192E+02
        67  2.967988E+02
        68  1.184766E+02
        69  2.286564E+01
        70  1.864361E+01
        71  3.782003E+01
        72  5.830330E+01
        73  4.036408E+01
        74  6.147340E+01
        75  4.195671E+01
        76  6.364004E+01
        77  4.258276E+01
        78  6.460218E+01
        79  1.551273E+01
        80  2.357104E+01
        81  1.551273E+01
        82  2.357104E+01
        83  4.258276E+01
        84  6.460218E+01
        85  4.195671E+01
        86  6.364004E+01
        87  4.036408E+01
        88  6.147340E+01
        89  3.782003E+01
        90  5.830330E+01
        91  5.681043E+02
        92  3.004121E+02
        93  1.186176E+02
        94  2.340797E+01
        95  1.816380E+01
        96  5.681043E+02
        97  3.004121E+02
        98  1.186176E+02
        99  2.340797E+01
       100  1.816380E+01
       101  4.014829E+01
       102  6.125801E+01
       103  4.092535E+01
       104  6.219821E+01
       105  4.181330E+01
       106  6.320526E+01
       107  4.235911E+01
       108  6.367840E+01
       109  1.541654E+01
       110  2.314310E+01
       111  1.541654E+01
       112  2.314310E+01
       113  4.235911E+01
       114  6.367840E+01
       115  4.181330E+01
       116  6.320526E+01
       117  4.092535E+01
       118  6.219821E+01
       119  4.014829E+01
       120  6.125801E+01
       121  5.560912E+02
       122  2.927720E+02
       123  1.150793E+02
       124  2.277522E+01
       125  1.659999E+01
       126  5.560912E+02
       127  2.927720E+02
       128  1.150793E+02
       129  2.277522E+01
       130  1.659999E+01
       131  3.921757E+01
       132  6.060156E+01
       133  3.939906E+01
       134  6.068568E+01
       135  3.967897E+01
       136  6.086314E+01
       137  3.994484E+01
       138  6.100422E+01
       139  1.453837E+01
       140  2.217725E+01
       141  1.453837E+01
       142  2.217725E+01
       143  3.994484E+01
       144  6.100422E+01
       145  3.967897E+01
       146  6.086314E+01
       147  3.939906E+01
       148  6.068568E+01
       149  3.921757E+01
       150  6.060156E+01
       151  5.419976E+02
       152  2.857440E+02
       153  1.127246E+02
       154  2.263763E+01
       155  1.542112E+01
       156  5.419976E+02
       157  2.857440E+02
       158  1.127246E+02
       159  2.263763E+01
       160  1.542112E+01
       161  3.788440E+01
       162  5.905466E+01
       163  3.791735E+01
       164  5.897112E+01
       165  3.802678E+01
       166  5.898093E+01
       167  3.821127E+01
       168  5.904473E+01
       169  1.390496E+01
       170  2.145934E+01
       171  1.390496E+01
       172  2.145934E+01
       173  3.821127E+01
       174  5.904473E+01
       175  3.802678E+01
       176  5.898093E+01
       177  3.791735E+01
       178  5.897112E+01
       179  3.788440E+01
       180  5.905466E+01
       181  5.264899E+02
       182  2.785080E+02
       183  1.106365E+02
       184  2.268900E+01
       185  1.443872E+01
       186  5.264899E+02
       187  2.785080E+02
       188  1.106365E+02
       189  2.268900E+01
       190  1.443872E+01
       191  3.635983E+01
       192  5.721420E+01
       193  3.639544E+01
       194  5.718772E+01
       195  3.648255E+01
       196  5.722703E+01
       197  3.666217E+01
       198  5.731926E+01
       199  1.333960E+01
       200  2.083646E+01
       201  1.333960E+01
       202  2.083646E+01
       203  3.666217E+01
       204  5.731926E+01
       205  3.648255E+01
       206  5.722703E+01
       207  3.639544E+01
       208  5.718772E+01
       209  3.635983E+01
       210  5.721420E+01
       211  5.104940E+02
       212  2.710454E+02
       213  1.085245E+02
       214  2.276147E+01
       215  1.353564E+01
       216  5.104940E+02
       217  2.710454E+02
       218  1.085245E+02
       219  2.276147E+01
       220  1.353564E+01
       221  3.481335E+01
       222  5.535983E+01
       223  3.486599E+01
       224  5.539381E+01
       225  3.496333E+01
       226  5.548722E+01
       227  3.515562E+01
       228  5.561478E+01
       229  1.279123E+01
       230  2.021937E+01
       231  1.279123E+01
       232  2.021937E+01
       233  3.515562E+01
       234  5.561478E+01
       235  3.496333E+01
       236  5.548722E+01
       237  3.486599E+01
       238  5.539381E+01
       239  3.481335E+01
       240  5.535983E+01
       241  4.941222E+02
       242  2.633218E+02
       243  1.062765E+02
       244  2.280208E+01
       245  1.268624E+01
       246  4.941222E+02
       247  2.633218E+02
       248  1.062765E+02
       249  2.280208E+01
       250  1.268624E+01
       251  3.326697E+01
       252  5.352843E+01
       253  3.332841E+01
       254  5.359352E+01
       255  3.343547E+01
       256  5.371992E+01
       257  3.364122E+01
       258  5.386985E+01
       259  1.223977E+01
       260  1.958554E+01
       261  1.223977E+01
       262  1.958554E+01
       263  3.364122E+01
       264  5.386985E+01
       265  3.343547E+01
       266  5.371992E+01
       267  3.332841E+01
       268  5.359352E+01
       269  3.326697E+01
       270  5.352843E+01
       271  4.773793E+02
       272  2.553330E+02
       273  1.038771E+02
       274  2.280020E+01
       275  1.188496E+01
       276  4.773793E+02
       277  2.553330E+02
       278  1.038771E+02
       279  2.280020E+01
       280  1.188496E+01
       281  3.172169E+01
       282  5.170029E+01
       283  3.178683E+01
       284  5.177802E+01
       285  3.190018E+01
       286  5.192094E+01
       287  3.211838E+01
       288  5.208370E+01
       289  1.168530E+01
       290  1.893545E+01
       291  1.168530E+01
       292  1.893545E+01
       293  3.211838E+01
       294  5.208370E+01
       295  3.190018E+01
       296  5.192094E+01
       297  3.178683E+01
       298  5.177802E+01
       299  3.172169E+01
       300  5.170029E+01
       301  4.602494E+02
       302  2.470781E+02
       303  1.013266E+02
       304  2.275453E+01
       305  1.113329E+01
       306  4.602494E+02
       307  2.470781E+02
       308  1.013266E+02
       309  2.275453E+01
       310  1.113329E+01
       311  3.017564E+01
       312  4.985540E+01
       313  3.024329E+01
       314  4.993851E+01
       315  3.036173E+01
       316  5.009077E+01
       317  3.059259E+01
       318  5.026200E+01
       319  1.112975E+01
       320  1.827170E+01
       321  1.112975E+01
       322  1.827170E+01
       323  3.059259E+01
       324  5.026200E+01
       325  3.036173E+01
       326  5.009077E+01
       327  3.024329E+01
       328  4.993851E+01
       329  3.017564E+01
       330  4.985540E+01
       331  4.427270E+02
       332  2.385555E+02
       333  9.862409E+01
       334  2.266343E+01
       335  1.043205E+01
       336  4.427270E+02
       337  2.385555E+02
       338  9.862409E+01
       339  2.266343E+01
       340  1.043205E+01
       341  2.862970E+01
       342  4.798248E+01
       343  2.870011E+01
       344  4.806897E+01
       345  2.882378E+01
       346  4.822844E+01
       347  2.906825E+01
       348  4.840691E+01
       349  1.057472E+01
       350  1.759545E+01
       351  1.057472E+01
       352  1.759545E+01
       353  2.906825E+01
       354  4.840691E+01
       355  2.882378E+01
       356  4.822844E+01
       357  2.870011E+01
       358  4.806897E+01
       359  2.862970E+01
       360  4.798248E+01
       361  4.248119E+02
       362  2.297627E+02
       363  9.576634E+01
       364  2.252384E+01
       365  9.780981E+00
       366  4.248119E+02
       367  2.297627E+02
       368  9.576634E+01
       369  2.252384E+01
       370  9.780981E+00
       371  2.708588E+01
       372  4.607638E+01
       373  2.715951E+01
       374  4.616607E+01
       375  2.728884E+01
       376  4.633268E+01
       377  2.754807E+01
       378  4.651843E+01
       379  1.002116E+01
       380  1.690682E+01
       381  1.002116E+01
       382  1.690682E+01
       383  2.754807E+01
       384  4.651843E+01
       385  2.728884E+01
       386  4.633268E+01
       387  2.715951E+01
       388  4.616607E+01
       389  2.708588E+01
       390  4.607638E+01
       391  4.065051E+02
       392  2.206972E+02
       393  9.274915E+01
       394  2.233210E+01
       395  9.179178E+00
       396  4.065051E+02
       397  2.206972E+02
       398  9.274915E+01
       399  2.233210E+01
       400  9.179178E+00
       401  2.554646E+01
       402  4.413510E+01
       403  2.562363E+01
       404  4.422827E+01
       405  2.575904E+01
       406  4.440256E+01
       407  2.603423E+01
       408  4.459604E+01
       409  9.469848E+00
       410  1.620566E+01
       411  9.469848E+00
       412  1.620566E+01
       413  2.603423E+01
       414  4.459604E+01
       415  2.575904E+01
       416  4.440256E+01
       417  2.562363E+01
       418  4.422827E+01
       419  2.554646E+01
       420  4.413510E+01
       421  3.878095E+02
       422  2.113574E+02
       423  8.956857E+01
       424  2.208442E+01
       425  8.625429E+00
       426  3.878095E+02
       427  2.113574E+02
       428  8.956857E+01
       429  2.208442E+01
       430  8.625429E+00
       431  2.401372E+01
       432  4.215804E+01
       433  2.409466E+01
       434  4.225503E+01
       435  2.423648E+01
       436  4.243762E+01
       437  2.452885E+01
       438  4.263936E+01
       439  8.921533E+00
       440  1.549179E+01
       441  8.921533E+00
       442  1.549179E+01
       443  2.452885E+01
       444  4.263936E+01
       445  2.423648E+01
       446  4.243762E+01
       447  2.409466E+01
       448  4.225503E+01
       449  2.401372E+01
       450  4.215804E+01
       451  3.687307E+02
       452  2.017432E+02
       453  8.622128E+01
       454  2.177704E+01
       455  8.118341E+00
       456  3.687307E+02
       457  2.017432E+02
       458  8.622128E+01
       459  2.177704E+01
       460  8.118341E+00
       461  2.248999E+01
       462  4.014528E+01
       463  2.257487E+01
       464  4.024636E+01
       465  2.272341E+01
       466  4.043785E+01
       467  2.303426E+01
       468  4.064827E+01
       469  8.377056E+00
       470  1.476513E+01
       471  8.377056E+00
       472  1.476513E+01
       473  2.303426E+01
       474  4.064827E+01
       475  2.272341E+01
       476  4.043785E+01
       477  2.257487E+01
       478  4.024636E+01
       479  2.248999E+01
       480  4.014528E+01
       481  3.492786E+02
       482  1.918567E+02
       483  8.270482E+01
       484  2.140624E+01
       485  7.656352E+00
       486  3.492786E+02
       487  1.918567E+02
       488  8.270482E+01
       489  2.140624E+01
       490  7.656352E+00
       491  2.097773E+01
       492  3.809728E+01
       493  2.106676E+01
       494  3.820263E+01
       495  2.122230E+01
       496  3.840350E+01
       497  2.155301E+01
       498  3.862298E+01
       499  7.837345E+00
       500  1.402571E+01
       501  7.837345E+00
       502  1.402571E+01
       503  2.155301E+01
       504  3.862298E+01
       505  2.122230E+01
       506  3.840350E+01
       507  2.106676E+01
       508  3.820263E+01
       509  2.097773E+01
       510  3.809728E+01
       511  3.294680E+02
       512  1.817027E+02
       513  7.901783E+01
       514  2.096841E+01
       515  7.237726E+00
       516  3.294680E+02
       517  1.817027E+02
       518  7.901783E+01
       519  2.096841E+01
       520  7.237726E+00
       521  1.947965E+01
       522  3.601476E+01
       523  1.957302E+01
       524  3.612449E+01
       525  1.973587E+01
       526  3.633519E+01
       527  2.008794E+01
       528  3.656401E+01
       529  7.303421E+00
       530  1.327365E+01
       531  7.303421E+00
       532  1.327365E+01
       533  2.008794E+01
       534  3.656401E+01
       535  1.973587E+01
       536  3.633519E+01
       537  1.957302E+01
       538  3.612449E+01
       539  1.947965E+01
       540  3.601476E+01
       541  3.093201E+02
       542  1.712894E+02
       543  7.516035E+01
       544  2.046017E+01
       545  6.860539E+00
       546  3.093201E+02
       547  1.712894E+02
       548  7.516035E+01
       549  2.046017E+01
       550  6.860539E+00
       551  1.799873E+01
       552  3.389876E+01
       553  1.809663E+01
       554  3.401294E+01
       555  1.826708E+01
       556  3.423387E+01
       557  1.864213E+01
       558  3.447228E+01
       559  6.776401E+00
       560  1.250924E+01
       561  6.776401E+00
       562  1.250924E+01
       563  1.864213E+01
       564  3.447228E+01
       565  1.826708E+01
       566  3.423387E+01
       567  1.809663E+01
       568  3.401294E+01
       569  1.799873E+01
       570  3.389876E+01
       571  2.888633E+02
       572  1.606294E+02
       573  7.113422E+01
       574  1.987847E+01
       575  6.522666E+00
       576  2.888633E+02
       577  1.606294E+02
       578  7.113422E+01
       579  1.987847E+01
       580  6.522666E+00
       581  1.653822E+01
       582  3.175062E+01
       583  1.664085E+01
       584  3.186935E+01
       585  1.681916E+01
       586  3.210095E+01
       587  1.721896E+01
       588  3.234919E+01
       589  6.257510E+00
       590  1.173294E+01
       591  6.257510E+00
       592  1.173294E+01
       593  1.721896E+01
       594  3.234919E+01
       595  1.681916E+01
       596  3.210095E+01
       597  1.664085E+01
       598  3.186935E+01
       599  1.653822E+01
       600  3.175062E+01
       601  2.681349E+02
       602  1.497400E+02
       603  6.694347E+01
       604  1.922073E+01
       605  6.221783E+00
       606  2.681349E+02
       607  1.497400E+02
       608  6.694347E+01
       609  1.922073E+01
       610  6.221783E+00
       611  1.510168E+01
       612  2.957202E+01
       613  1.520921E+01
       614  2.969552E+01
       615  1.539566E+01
       616  2.993839E+01
       617  1.582211E+01
       618  3.019676E+01
       619  5.748093E+00
       620  1.094544E+01
       621  5.748093E+00
       622  1.094544E+01
       623  1.582211E+01
       624  3.019676E+01
       625  1.539566E+01
       626  2.993839E+01
       627  1.520921E+01
       628  2.969552E+01
       629  1.510168E+01
       630  2.957202E+01
       631  2.471830E+02
       632  1.386448E+02
       633  6.259486E+01
       634  1.848501E+01
       635  5.955377E+00
       636  2.471830E+02
       637  1.386448E+02
       638  6.259486E+01
       639  1.848501E+01
       640  5.955377E+00
       641  1.369290E+01
       642  2.736503E+01
       643  1.380552E+01
       644  2.749382E+01
       645  1.400039E+01
       646  2.774888E+01
       647  1.445560E+01
       648  2.801785E+01
       649  5.249636E+00
       650  1.014773E+01
       651  5.249636E+00
       652  1.014773E+01
       653  1.445560E+01
       654  2.801785E+01
       655  1.400039E+01
       656  2.774888E+01
       657  1.380552E+01
       658  2.749382E+01
       659  1.369290E+01
       660  2.736503E+01
       661  2.260682E+02
       662  1.273743E+02
       663  5.809849E+01
       664  1.767026E+01
       665  5.720790E+00
       666  2.260682E+02
       667  1.273743E+02
       668  5.809849E+01
       669  1.767026E+01
       670  5.720790E+00
       671  1.231590E+01
       672  2.513223E+01
       673  1.243380E+01
       674  2.526732E+01
       675  1.263745E+01
       676  2.553606E+01
       677  1.312388E+01
       678  2.581645E+01
       679  4.763801E+00
       680  9.341235E+00
       681  4.763801E+00
       682  9.341235E+00
       683  1.312388E+01
       684  2.581645E+01
       685  1.263745E+01
       686  2.553606E+01
       687  1.243380E+01
       688  2.526732E+01
       689  1.231590E+01
       690  2.513223E+01
       691  2.048660E+02
       692  1.159679E+02
       693  5.346841E+01
       694  1.677658E+01
       695  5.515335E+00
       696  2.048660E+02
       697  1.159679E+02
       698  5.346841E+01
       699  1.677658E+01
       700  5.515335E+00
       701  1.097478E+01
       702  2.287719E+01
       703  1.109823E+01
       704  2.302028E+01
       705  1.131124E+01
       706  2.330499E+01
       707  1.183181E+01
       708  2.359808E+01
       709  4.292475E+00
       710  8.527928E+00
       711  4.292475E+00
       712  8.527928E+00
       713  1.183181E+01
       714  2.359808E+01
       715  1.131124E+01
       716  2.330499E+01
       717  1.109823E+01
       718  2.302028E+01
       719  1.097478E+01
       720  2.287719E+01
       721  1.836689E+02
       722  1.044745E+02
       723  4.872346E+01
       724  1.580573E+01
       725  5.336530E+00
       726  1.836689E+02
       727  1.044745E+02
       728  4.872346E+01
       729  1.580573E+01
       730  5.336530E+00
       731  9.673712E+00
       732  2.060547E+01
       733  9.803167E+00
       734  2.075892E+01
       735  1.002646E+01
       736  2.106275E+01
       737  1.058487E+01
       738  2.137042E+01
       739  3.837829E+00
       740  7.710545E+00
       741  3.837829E+00
       742  7.710545E+00
       743  1.058487E+01
       744  2.137042E+01
       745  1.002646E+01
       746  2.106275E+01
       747  9.803167E+00
       748  2.075892E+01
       749  9.673712E+00
       750  2.060547E+01
       751  1.625872E+02
       752  9.295371E+01
       753  4.388798E+01
       754  1.476175E+01
       755  5.182542E+00
       756  1.625872E+02
       757  9.295371E+01
       758  4.388798E+01
       759  1.476175E+01
       760  5.182542E+00
       761  8.417034E+00
       762  1.832676E+01
       763  8.553216E+00
       764  1.849298E+01
       765  8.788272E+00
       766  1.881942E+01
       767  9.389328E+00
       768  1.914386E+01
       769  3.402374E+00
       770  6.892739E+00
       771  3.402374E+00
       772  6.892739E+00
       773  9.389328E+00
       774  1.914386E+01
       775  8.788272E+00
       776  1.881942E+01
       777  8.553216E+00
       778  1.849298E+01
       779  8.417034E+00
       780  1.832676E+01
       781  1.417489E+02
       782  8.147601E+01
       783  3.899283E+01
       784  1.365199E+01
       785  5.052949E+00
       786  1.417489E+02
       787  8.147601E+01
       788  3.899283E+01
       789  1.365199E+01
       790  5.052949E+00
       791  7.209832E+00
       792  1.605820E+01
       793  7.353798E+00
       794  1.623795E+01
       795  7.602671E+00
       796  1.658925E+01
       797  8.252550E+00
       798  1.693216E+01
       799  2.988992E+00
       800  6.079207E+00
       801  2.988992E+00
       802  6.079207E+00
       803  8.252550E+00
       804  1.693216E+01
       805  7.602671E+00
       806  1.658925E+01
       807  7.353798E+00
       808  1.623795E+01
       809  7.209832E+00
       810  1.605820E+01
       811  1.212977E+02
       812  7.012301E+01
       813  3.407647E+01
       814  1.248867E+01
       815  4.949903E+00
       816  1.212977E+02
       817  7.012301E+01
       818  3.407647E+01
       819  1.248867E+01
       820  4.949903E+00
       821  6.059263E+00
       822  1.382893E+01
       823  6.212318E+00
       824  1.401776E+01
       825  6.477363E+00
       826  1.439170E+01
       827  7.183717E+00
       828  1.475261E+01
       829  2.600900E+00
       830  5.275674E+00
       831  2.600900E+00
       832  5.275674E+00
       833  7.183717E+00
       834  1.475261E+01
       835  6.477363E+00
       836  1.439170E+01
       837  6.212318E+00
       838  1.401776E+01
       839  6.059263E+00
       840  1.382893E+01
       841  1.013903E+02
       842  5.898755E+01
       843  2.918662E+01
       844  1.129070E+01
       845  4.879624E+00
       846  1.013903E+02
       847  5.898755E+01
       848  2.918662E+01
       849  1.129070E+01
       850  4.879624E+00
       851  4.977140E+00
       852  1.168432E+01
       853  5.140507E+00
       854  1.186690E+01
       855  5.423478E+00
       856  1.225162E+01
       857  6.194953E+00
       858  1.262536E+01
       859  2.241519E+00
       860  4.488621E+00
       861  2.241519E+00
       862  4.488621E+00
       863  6.194953E+00
       864  1.262536E+01
       865  5.423478E+00
       866  1.225162E+01
       867  5.140507E+00
       868  1.186690E+01
       869  4.977140E+00
       870  1.168432E+01
       871  8.219777E+01
       872  4.817663E+01
       873  2.438255E+01
       874  1.008556E+01
       875  4.853695E+00
       876  8.219777E+01
       877  4.817663E+01
       878  2.438255E+01
       879  1.008556E+01
       880  4.853695E+00
       881  3.984729E+00
       882  9.687550E+00
       883  4.158851E+00
       884  9.829656E+00
       885  4.458791E+00
       886  1.019689E+01
       887  5.303140E+00
       888  1.057086E+01
       889  1.914195E+00
       890  3.724493E+00
       891  1.914195E+00
       892  3.724493E+00
       893  5.303140E+00
       894  1.057086E+01
       895  4.458791E+00
       896  1.019689E+01
       897  4.158851E+00
       898  9.829656E+00
       899  3.984729E+00
       900  9.687550E+00
       901  6.392140E+01
       902  3.782102E+01
       903  1.973917E+01
       904  8.909591E+00
       905  4.888589E+00
       906  6.392140E+01
       907  3.782102E+01
       908  1.973917E+01
       909  8.909591E+00
       910  4.888589E+00
       911  3.122992E+00
       912  7.915488E+00
       913  3.305975E+00
       914  7.955036E+00
       915  3.614185E+00
       916  8.252647E+00
       917  4.532796E+00
       918  8.604783E+00
       919  1.621716E+00
       920  2.988308E+00
       921  1.621716E+00
       922  2.988308E+00
       923  4.532796E+00
       924  8.604783E+00
       925  3.614185E+00
       926  8.252647E+00
       927  3.305975E+00
       928  7.955036E+00
       929  3.122992E+00
       930  7.915488E+00
       931  4.683224E+01
       932  2.809786E+01
       933  1.535778E+01
       934  7.808913E+00
       935  4.999179E+00
       936  4.683224E+01
       937  2.809786E+01
       938  1.535778E+01
       939  7.808913E+00
       940  4.999179E+00
       941  2.473564E+00
       942  6.450022E+00
       943  2.659743E+00
       944  6.291235E+00
       945  2.948787E+00
       946  6.437862E+00
       947  3.923971E+00
       948  6.735149E+00
       949  1.365441E+00
       950  2.283529E+00
       951  1.365441E+00
       952  2.283529E+00
       953  3.923971E+00
       954  6.735149E+00
       955  2.948787E+00
       956  6.437862E+00
       957  2.659743E+00
       958  6.291235E+00
       959  2.473564E+00
       960  6.450022E+00
       961  3.131113E+01
       962  1.927328E+01
       963  1.139809E+01
       964  6.842142E+00
       965  5.180195E+00
       966  3.131113E+01
       967  1.927328E+01
       968  1.139809E+01
       969  6.842142E+00
       970  5.180195E+00
       971  2.197601E+00
       972  5.356598E+00
       973  2.380522E+00
       974  4.897347E+00
       975  2.586686E+00
       976  4.792900E+00
       977  3.564295E+00
       978  4.996631E+00
       979  1.144210E+00
       980  1.629905E+00
       981  1.144210E+00
       982  1.629905E+00
       983  3.564295E+00
       984  4.996631E+00
       985  2.586686E+00
       986  4.792900E+00
       987  2.380522E+00
       988  4.897347E+00
       989  2.197601E+00
       990  5.356598E+00
       991  1.786912E+01
       992  1.177198E+01
       993  8.132696E+00
       994  6.063994E+00
       995  5.359317E+00
       996  1.786912E+01
       997  1.177198E+01
       998  8.132696E+00
       999  6.063994E+00
      1000  5.359317E+00
      1001  2.491826E+00
      1002  4.620093E+00
      1003  2.720689E+00
      1004  3.887800E+00
      1005  2.791176E+00
      1006  3.507724E+00
      1007  3.720765E+00
      1008  3.610951E+00
      1009  9.632476E-01
      1010  1.146308E+00
      1011  9.632476E-01
      1012  1.146308E+00
      1013  3.720765E+00
      1014  3.610951E+00
      1015  2.791176E+00
      1016  3.507724E+00
      1017  2.720689E+00
      1018  3.887800E+00
      1019  2.491826E+00
      1020  4.620093E+00
      1021  7.347738E+00
      1022  6.093944E+00
      1023  5.695236E+00
      1024  5.422944E+00
      1025  5.448791E+00
      1026  7.347738E+00
      1027  6.093944E+00
      1028  5.695236E+00
      1029  5.422944E+00
      1030  5.448791E+00
      1031  3.151819E+00
      1032  3.908311E+00
      1033  3.636910E+00
      1034  3.289053E+00
      1035  3.866390E+00
      1036  3.096588E+00
      1037  5.226070E+00
      1038  3.555110E+00
      1039  8.636766E-01
      1040  1.394852E+00
      1041  8.636766E-01
      1042  1.394852E+00
      1043  5.226070E+00
      1044  3.555110E+00
      1045  3.866390E+00
      1046  3.096588E+00
      1047  3.636910E+00
      1048  3.289053E+00
      1049  3.151819E+00
      1050  3.908311E+00
      1051  1.445108E+00
      1052  2.261030E+00
      1053  3.334890E+00
      1054  4.390245E+00
      1055  6.230425E+00
      1056  1.445108E+00
      1057  2.261030E+00
      1058  3.334890E+00
      1059  4.390245E+00
      1060  6.230425E+00
      1061  3.041910E+00
      1062  2.859289E+00
      1063  3.754752E+00
      1064  2.690474E+00
      1065  5.071444E+00
      1066  3.687914E+00
      1067  1.012215E+01
      1068  7.539190E+00
      1069  1.171083E+00
      1070  4.698251E+00
      1071  1.171083E+00
      1072  4.698251E+00
      1073  1.012215E+01
      1074  7.539190E+00
      1075  5.071444E+00
      1076  3.687914E+00
      1077  3.754752E+00
      1078  2.690474E+00
      1079  3.041910E+00
      1080  2.859289E+00
      1081  2.309577E-02
      1082  1.490521E-01
      1083  5.248815E-01
      1084  1.463304E+00
      1085  4.199405E+00
      1086  2.309577E-02
      1087  1.490521E-01
      1088  5.248815E-01
      1089  1.463304E+00
      1090  4.199405E+00
      1091  1.187879E+00
      1092  1.732729E+00
      1093  1.623716E+00
      1094  1.593049E+00
      1095  2.833442E+00
      1096  3.394623E+00
      1097  1.011151E+01
      1098  1.017376E+01
      1099  1.235719E+00
      1100  7.938355E+00
      1101  1.235719E+00
      1102  7.938355E+00
      1103  1.011151E+01
      1104  1.017376E+01
      1105  2.833442E+00
      1106  3.394623E+00
      1107  1.623716E+00
      1108  1.593049E+00
      1109  1.187879E+00
      1110  1.732729E+00

                                INCREMENT     6


 displacements (vx,vy,vz) for set TIP_TOP and time  0.4750000E+00

      1799  3.432816E-01 -1.120269E-02 -9.893890E+00
      1800  3.431996E-01 -1.100665E-02 -9.868817E+00
      1803  3.426727E-01 -1.066865E-02 -9.844096E+00
      1806  3.423423E-01 -8.719856E-03 -9.821262E+00
      1808  3.423692E-01 -3.484084E-03 -9.806566E+00
      1810  3.423069E-01  1.537057E-14 -9.805759E+00
      1812  3.423692E-01  3.484084E-03 -9.806566E+00
      1815  3.423423E-01  8.719856E-03 -9.821262E+00
      1818  3.426727E-01  1.066865E-02 -9.844096E+00
      1821  3.431996E-01  1.100665E-02 -9.868817E+00
      1824  3.432816E-01  1.120269E-02 -9.893890E+00

 forces (fx,fy,fz) for set CLAMP and time  0.4750000E+00

         1  1.584373E+04  1.947155E+04  6.388615E+03
         4  2.848546E+04  5.442226E-11  1.275994E+04
         5  2.252660E+04  3.025579E+04  8.670980E+02
         8  3.975187E+04 -1.547881E-13  1.764706E+03
         9  1.504798E+04  1.986830E+04 -4.046077E+02
        12  2.636781E+04 -1.359286E-10 -7.789593E+02
        13  7.833334E+03  1.016840E+04 -1.262568E+03
        16  1.369090E+04  5.523939E-11 -2.488132E+03
        17  4.978053E+02  3.907103E+02 -1.453909E+03
        20  8.239968E+02  5.282360E-09 -2.888187E+03
        21 -4.733089E+03 -3.320867E+03 -4.494547E+03
        24 -5.807362E+03  1.042264E-09 -1.620773E+03
        26  1.584373E+04 -1.947155E+04  6.388615E+03
        28  2.252660E+04 -3.025579E+04  8.670980E+02
        30  1.504798E+04 -1.986830E+04 -4.046077E+02
        32  7.833334E+03 -1.016840E+04 -1.262568E+03
        34  4.978053E+02 -3.907103E+02 -1.453909E+03
        36 -4.733089E+03  3.320867E+03 -4.494547E+03
        37 -3.168303E+03 -1.990308E+03 -4.545673E+03
        40 -3.707215E+03 -6.124785E+02 -7.899898E+03
        41 -8.188313E+03 -4.606070E+03 -1.276573E+03
        44 -1.172066E+04 -1.348876E+03 -2.481333E+03
        45 -5.795089E+03 -2.625510E+03  5.563336E+03
        48 -9.568908E+03 -7.384730E+02  1.019393E+04
        50 -3.130155E+03 -5.783658E+02 -7.249566E+03
        52 -1.112934E+04 -1.220303E+03 -2.506931E+03
        54 -9.608626E+03 -6.411231E+02  9.743346E+03
        56 -3.086580E+03 -4.455153E+02 -7.215149E+03
        58 -1.121620E+04 -8.528079E+02 -2.467306E+03
        60 -9.789682E+03 -4.184567E+02  9.787344E+03
        62 -7.847059E+03 -3.414791E+02 -1.512434E+03
        64 -6.787898E+03 -1.490009E+02  6.797366E+03
        66 -4.220914E+03 -6.749866E-10 -7.608004E+02
        68 -3.636405E+03  1.683803E-10  3.657612E+03
        70 -7.847059E+03  3.414791E+02 -1.512434E+03
        72 -6.787898E+03  1.490009E+02  6.797366E+03
        74 -3.086580E+03  4.455153E+02 -7.215149E+03
        76 -1.121620E+04  8.528079E+02 -2.467306E+03
        78 -9.789682E+03  4.184567E+02  9.787344E+03
        80 -3.130155E+03  5.783658E+02 -7.249566E+03
        82 -1.112934E+04  1.220303E+03 -2.506931E+03
        84 -9.608626E+03  6.411231E+02  9.743346E+03
        86 -3.707215E+03  6.124785E+02 -7.899898E+03
        88 -1.172066E+04  1.348876E+03 -2.481333E+03
        90 -9.568908E+03  7.384730E+02  1.019393E+04
        92 -3.168303E+03  1.990308E+03 -4.545673E+03
        94 -8.188313E+03  4.606070E+03 -1.276573E+03
        96 -5.795089E+03  2.625510E+03  5.563336E+03

 internal energy (element, energy) for set EALL and time  0.4750000E+00

         1  7.014529E+02
         2  3.300237E+02
         3  1.243138E+02
         4  2.112975E+01
         5  1.755530E+01
         6  7.014529E+02
         7  3.300237E+02
         8  1.243138E+02
         9  2.112975E+01
        10  1.755530E+01
        11  5.653203E+01
        12  8.710661E+01
        13  4.601610E+01
        14  7.528198E+01
        15  4.348846E+01
        16  7.313300E+01
        17  4.462086E+01
        18  7.396844E+01
        19  1.662243E+01
        20  2.729170E+01
        21  1.662243E+01
        22  2.729170E+01
        23  4.462086E+01
        24  7.396844E+01
        25  4.348846E+01
        26  7.313300E+01
        27  4.601610E+01
        28  7.528198E+01
        29  5.653203E+01
        30  8.710661E+01
        31  9.344655E+02
        32  5.231095E+02
        33  2.009021E+02
        34  3.771893E+01
        35  3.343969E+01
        36  9.344655E+02
        37  5.231095E+02
        38  2.009021E+02
        39  3.771893E+01
        40  3.343969E+01
        41  6.781494E+01
        42  9.822262E+01
        43  7.305305E+01
        44  1.043862E+02
        45  7.299643E+01
        46  1.043992E+02
        47  7.317064E+01
        48  1.050180E+02
        49  2.650216E+01
        50  3.832627E+01
        51  2.650216E+01
        52  3.832627E+01
        53  7.317064E+01
        54  1.050180E+02
        55  7.299643E+01
        56  1.043992E+02
        57  7.305305E+01
        58  1.043862E+02
        59  6.781494E+01
        60  9.822262E+01
        61  8.803357E+02
        62  4.761317E+02
        63  1.900419E+02
        64  3.667052E+01
        65  2.991950E+01
        66  8.803357E+02
        67  4.761317E+02
        68  1.900419E+02
        69  3.667052E+01
        70  2.991950E+01
        71  6.069099E+01
        72  9.354186E+01
        73  6.477157E+01
        74  9.862982E+01
        75  6.732645E+01
        76  1.021088E+02
        77  6.833177E+01
        78  1.036562E+02
        79  2.489220E+01
        80  3.782154E+01
        81  2.489220E+01
        82  3.782154E+01
        83  6.833177E+01
        84  1.036562E+02
        85  6.732645E+01
        86  1.021088E+02
        87  6.477157E+01
        88  9.862982E+01
        89  6.069099E+01
        90  9.354186E+01
        91  9.114284E+02
        92  4.819244E+02
        93  1.902658E+02
        94  3.753924E+01
        95  2.914892E+01
        96  9.114284E+02
        97  4.819244E+02
        98  1.902658E+02
        99  3.753924E+01
       100  2.914892E+01
       101  6.442791E+01
       102  9.828329E+01
       103  6.567296E+01
       104  9.979358E+01
       105  6.709686E+01
       106  1.014121E+02
       107  6.797304E+01
       108  1.021739E+02
       109  2.473803E+01
       110  3.713436E+01
       111  2.473803E+01
       112  3.713436E+01
       113  6.797304E+01
       114  1.021739E+02
       115  6.709686E+01
       116  1.014121E+02
       117  6.567296E+01
       118  9.979358E+01
       119  6.442791E+01
       120  9.828329E+01
       121  8.921468E+02
       122  4.696651E+02
       123  1.845897E+02
       124  3.652458E+01
       125  2.663923E+01
       126  8.921468E+02
       127  4.696651E+02
       128  1.845897E+02
       129  3.652458E+01
       130  2.663923E+01
       131  6.293448E+01
       132  9.723389E+01
       133  6.322401E+01
       134  9.736959E+01
       135  6.367214E+01
       136  9.765579E+01
       137  6.409846E+01
       138  9.788362E+01
       139  2.332902E+01
       140  3.558456E+01
       141  2.332902E+01
       142  3.558456E+01
       143  6.409846E+01
       144  9.788362E+01
       145  6.367214E+01
       146  9.765579E+01
       147  6.322401E+01
       148  9.736959E+01
       149  6.293448E+01
       150  9.723389E+01
       151  8.695299E+02
       152  4.583888E+02
       153  1.808128E+02
       154  3.630417E+01
       155  2.474721E+01
       156  8.695299E+02
       157  4.583888E+02
       158  1.808128E+02
       159  3.630417E+01
       160  2.474721E+01
       161  6.079515E+01
       162  9.475587E+01
       163  6.084640E+01
       164  9.462137E+01
       165  6.102092E+01
       166  9.463726E+01
       167  6.131626E+01
       168  9.474010E+01
       169  2.231273E+01
       170  3.443267E+01
       171  2.231273E+01
       172  3.443267E+01
       173  6.131626E+01
       174  9.474010E+01
       175  6.102092E+01
       176  9.463726E+01
       177  6.084640E+01
       178  9.462137E+01
       179  6.079515E+01
       180  9.475587E+01
       181  8.446474E+02
       182  4.467796E+02
       183  1.774633E+02
       184  3.638669E+01
       185  2.317051E+01
       186  8.446474E+02
       187  4.467796E+02
       188  1.774633E+02
       189  3.638669E+01
       190  2.317051E+01
       191  5.834882E+01
       192  9.180567E+01
       193  5.840437E+01
       194  9.176189E+01
       195  5.854310E+01
       196  9.182421E+01
       197  5.883051E+01
       198  9.197205E+01
       199  2.140563E+01
       200  3.343334E+01
       201  2.140563E+01
       202  3.343334E+01
       203  5.883051E+01
       204  9.197205E+01
       205  5.854310E+01
       206  9.182421E+01
       207  5.840437E+01
       208  9.176189E+01
       209  5.834882E+01
       210  9.180567E+01
       211  8.189835E+02
       212  4.348075E+02
       213  1.740756E+02
       214  3.650296E+01
       215  2.172114E+01
       216  8.189835E+02
       217  4.348075E+02
       218  1.740756E+02
       219  3.650296E+01
       220  2.172114E+01
       221  5.586749E+01
       222  8.883200E+01
       223  5.595041E+01
       224  8.888478E+01
       225  5.610557E+01
       226  8.903346E+01
       227  5.641329E+01
       228  8.923767E+01
       229  2.052583E+01
       230  3.244334E+01
       231  2.052583E+01
       232  3.244334E+01
       233  5.641329E+01
       234  8.923767E+01
       235  5.610557E+01
       236  8.903346E+01
       237  5.595041E+01
       238  8.888478E+01
       239  5.586749E+01
       240  8.883200E+01
       241  7.927179E+02
       242  4.224171E+02
       243  1.704697E+02
       244  3.656812E+01
       245  2.035797E+01
       246  7.927179E+02
       247  4.224171E+02
       248  1.704697E+02
       249  3.656812E+01
       250  2.035797E+01
       251  5.338643E+01
       252  8.589444E+01
       253  5.348349E+01
       254  8.599696E+01
       255  5.365427E+01
       256  8.619838E+01
       257  5.398363E+01
       258  8.643840E+01
       259  1.964109E+01
       260  3.142651E+01
       261  1.964109E+01
       262  3.142651E+01
       263  5.398363E+01
       264  8.643840E+01
       265  5.365427E+01
       266  8.619838E+01
       267  5.348349E+01
       268  8.599696E+01
       269  5.338643E+01
       270  8.589444E+01
       271  7.658574E+02
       272  4.096018E+02
       273  1.666212E+02
       274  3.656514E+01
       275  1.907202E+01
       276  7.658574E+02
       277  4.096018E+02
       278  1.666212E+02
       279  3.656514E+01
       280  1.907202E+01
       281  5.090717E+01
       282  8.296171E+01
       283  5.101020E+01
       284  8.308449E+01
       285  5.119109E+01
       286  8.331239E+01
       287  5.154045E+01
       288  8.357298E+01
       289  1.875151E+01
       290  3.038361E+01
       291  1.875151E+01
       292  3.038361E+01
       293  5.154045E+01
       294  8.357298E+01
       295  5.119109E+01
       296  8.331239E+01
       297  5.101020E+01
       298  8.308449E+01
       299  5.090717E+01
       300  8.296171E+01
       301  7.383764E+02
       302  3.963595E+02
       303  1.625302E+02
       304  3.649198E+01
       305  1.786568E+01
       306  7.383764E+02
       307  3.963595E+02
       308  1.625302E+02
       309  3.649198E+01
       310  1.786568E+01
       311  4.842670E+01
       312  8.000196E+01
       313  4.853376E+01
       314  8.013338E+01
       315  4.872284E+01
       316  8.037630E+01
       317  4.909254E+01
       318  8.065050E+01
       319  1.786020E+01
       320  2.931878E+01
       321  1.786020E+01
       322  2.931878E+01
       323  4.909254E+01
       324  8.065050E+01
       325  4.872284E+01
       326  8.037630E+01
       327  4.853376E+01
       328  8.013338E+01
       329  4.842670E+01
       330  8.000196E+01
       331  7.102658E+02
       332  3.826879E+02
       333  1.581955E+02
       334  3.634596E+01
       335  1.674024E+01
       336  7.102658E+02
       337  3.826879E+02
       338  1.581955E+02
       339  3.634596E+01
       340  1.674024E+01
       341  4.594636E+01
       342  7.699717E+01
       343  4.605787E+01
       344  7.713406E+01
       345  4.625535E+01
       346  7.738860E+01
       347  4.664690E+01
       348  7.767443E+01
       349  1.696971E+01
       350  2.823390E+01
       351  1.696971E+01
       352  2.823390E+01
       353  4.664690E+01
       354  7.767443E+01
       355  4.625535E+01
       356  7.738860E+01
       357  4.605787E+01
       358  7.713406E+01
       359  4.594636E+01
       360  7.699717E+01
       361  6.815250E+02
       362  3.685830E+02
       363  1.536118E+02
       364  3.612220E+01
       365  1.569531E+01
       366  6.815250E+02
       367  3.685830E+02
       368  1.536118E+02
       369  3.612220E+01
       370  1.569531E+01
       371  4.346940E+01
       372  7.393916E+01
       373  4.358609E+01
       374  7.408122E+01
       375  4.379267E+01
       376  7.434725E+01
       377  4.420794E+01
       378  7.464478E+01
       379  1.608159E+01
       380  2.712916E+01
       381  1.608159E+01
       382  2.712916E+01
       383  4.420794E+01
       384  7.464478E+01
       385  4.379267E+01
       386  7.434725E+01
       387  4.358609E+01
       388  7.408122E+01
       389  4.346940E+01
       390  7.393916E+01
       391  6.521561E+02
       392  3.540407E+02
       393  1.487725E+02
       394  3.581484E+01
       395  1.472942E+01
       396  6.521561E+02
       397  3.540407E+02
       398  1.487725E+02
       399  3.581484E+01
       400  1.472942E+01
       401  4.099948E+01
       402  7.082469E+01
       403  4.112186E+01
       404  7.097237E+01
       405  4.133821E+01
       406  7.125075E+01
       407  4.177909E+01
       408  7.156071E+01
       409  1.519704E+01
       410  2.600429E+01
       411  1.519704E+01
       412  2.600429E+01
       413  4.177909E+01
       414  7.156071E+01
       415  4.133821E+01
       416  7.125075E+01
       417  4.112186E+01
       418  7.097237E+01
       419  4.099948E+01
       420  7.082469E+01
       421  6.221635E+02
       422  3.390585E+02
       423  1.436710E+02
       424  3.541779E+01
       425  1.384063E+01
       426  6.221635E+02
       427  3.390585E+02
       428  1.436710E+02
       429  3.541779E+01
       430  1.384063E+01
       431  3.854023E+01
       432  6.765282E+01
       433  3.866867E+01
       434  6.780666E+01
       435  3.889533E+01
       436  6.809839E+01
       437  3.936380E+01
       438  6.842159E+01
       439  1.431730E+01
       440  2.485902E+01
       441  1.431730E+01
       442  2.485902E+01
       443  3.936380E+01
       444  6.842159E+01
       445  3.889533E+01
       446  6.809839E+01
       447  3.866867E+01
       448  6.780666E+01
       449  3.854023E+01
       450  6.765282E+01
       451  5.915564E+02
       452  3.236360E+02
       453  1.383023E+02
       454  3.492499E+01
       455  1.302671E+01
       456  5.915564E+02
       457  3.236360E+02
       458  1.383023E+02
       459  3.492499E+01
       460  1.302671E+01
       461  3.609537E+01
       462  6.442365E+01
       463  3.623020E+01
       464  6.458410E+01
       465  3.646765E+01
       466  6.489012E+01
       467  3.696578E+01
       468  6.522726E+01
       469  1.344371E+01
       470  2.369324E+01
       471  1.344371E+01
       472  2.369324E+01
       473  3.696578E+01
       474  6.522726E+01
       475  3.646765E+01
       476  6.489012E+01
       477  3.623020E+01
       478  6.458410E+01
       479  3.609537E+01
       480  6.442365E+01
       481  5.603505E+02
       482  3.077768E+02
       483  1.326621E+02
       484  3.433050E+01
       485  1.228516E+01
       486  5.603505E+02
       487  3.077768E+02
       488  1.326621E+02
       489  3.433050E+01
       490  1.228516E+01
       491  3.366889E+01
       492  6.113791E+01
       493  3.381040E+01
       494  6.130525E+01
       495  3.405913E+01
       496  6.162638E+01
       497  3.458916E+01
       498  6.197805E+01
       499  1.257776E+01
       500  2.250696E+01
       501  1.257776E+01
       502  2.250696E+01
       503  3.458916E+01
       504  6.197805E+01
       505  3.405913E+01
       506  6.162638E+01
       507  3.381040E+01
       508  6.130525E+01
       509  3.366889E+01
       510  6.113791E+01
       511  5.285695E+02
       512  2.914886E+02
       513  1.267485E+02
       514  3.362853E+01
       515  1.161320E+01
       516  5.285695E+02
       517  2.914886E+02
       518  1.267485E+02
       519  3.362853E+01
       520  1.161320E+01
       521  3.126512E+01
       522  5.779675E+01
       523  3.141364E+01
       524  5.797118E+01
       525  3.167413E+01
       526  5.830812E+01
       527  3.223845E+01
       528  5.867479E+01
       529  1.172107E+01
       530  2.130041E+01
       531  1.172107E+01
       532  2.130041E+01
       533  3.223845E+01
       534  5.867479E+01
       535  3.167413E+01
       536  5.830812E+01
       537  3.141364E+01
       538  5.797118E+01
       539  3.126512E+01
       540  5.779675E+01
       541  4.962475E+02
       542  2.747846E+02
       543  1.205614E+02
       544  3.281365E+01
       545  1.100773E+01
       546  4.962475E+02
       547  2.747846E+02
       548  1.205614E+02
       549  3.281365E+01
       550  1.100773E+01
       551  2.888883E+01
       552  5.440183E+01
       553  2.904467E+01
       554  5.458348E+01
       555  2.931739E+01
       556  5.493687E+01
       557  2.991863E+01
       558  5.531895E+01
       559  1.087546E+01
       560  2.007404E+01
       561  1.087546E+01
       562  2.007404E+01
       563  2.991863E+01
       564  5.531895E+01
       565  2.931739E+01
       566  5.493687E+01
       567  2.904467E+01
       568  5.458348E+01
       569  2.888883E+01
       570  5.440183E+01
       571  4.634300E+02
       572  2.576848E+02
       573  1.141038E+02
       574  3.188096E+01
       575  1.046536E+01
       576  4.634300E+02
       577  2.576848E+02
       578  1.141038E+02
       579  3.188096E+01
       580  1.046536E+01
       581  2.654525E+01
       582  5.095530E+01
       583  2.670873E+01
       584  5.114433E+01
       585  2.699412E+01
       586  5.151490E+01
       587  2.763509E+01
       588  5.191277E+01
       589  1.004288E+01
       590  1.882859E+01
       591  1.004288E+01
       592  1.882859E+01
       593  2.763509E+01
       594  5.191277E+01
       595  2.699412E+01
       596  5.151490E+01
       597  2.670873E+01
       598  5.114433E+01
       599  2.654525E+01
       600  5.095530E+01
       601  4.301769E+02
       602  2.402170E+02
       603  1.073822E+02
       604  3.082632E+01
       605  9.982362E+00
       606  4.301769E+02
       607  2.402170E+02
       608  1.073822E+02
       609  3.082632E+01
       610  9.982362E+00
       611  2.424007E+01
       612  4.745986E+01
       613  2.441149E+01
       614  4.765663E+01
       615  2.470998E+01
       616  4.804535E+01
       617  2.539375E+01
       618  4.845950E+01
       619  9.225489E+00
       620  1.756516E+01
       621  9.225489E+00
       622  1.756516E+01
       623  2.539375E+01
       624  4.845950E+01
       625  2.470998E+01
       626  4.804535E+01
       627  2.441149E+01
       628  4.765663E+01
       629  2.424007E+01
       630  4.745986E+01
       631  3.965653E+02
       632  2.224189E+02
       633  1.004074E+02
       634  2.964664E+01
       635  9.554699E+00
       636  3.965653E+02
       637  2.224189E+02
       638  1.004074E+02
       639  2.964664E+01
       640  9.554699E+00
       641  2.197940E+01
       642  4.391882E+01
       643  2.215904E+01
       644  4.412417E+01
       645  2.247109E+01
       646  4.453252E+01
       647  2.320107E+01
       648  4.496371E+01
       649  8.425670E+00
       650  1.628534E+01
       651  8.425670E+00
       652  1.628534E+01
       653  2.320107E+01
       654  4.496371E+01
       655  2.247109E+01
       656  4.453252E+01
       657  2.215904E+01
       658  4.412417E+01
       659  2.197940E+01
       660  4.391882E+01
       661  3.626922E+02
       662  2.043398E+02
       663  9.319548E+01
       664  2.834019E+01
       665  9.178114E+00
       666  3.626922E+02
       667  2.043398E+02
       668  9.319548E+01
       669  2.834019E+01
       670  9.178114E+00
       671  1.976966E+01
       672  4.033633E+01
       673  1.995785E+01
       674  4.055189E+01
       675  2.028405E+01
       676  4.098227E+01
       677  2.106415E+01
       678  4.143179E+01
       679  7.646091E+00
       680  1.499140E+01
       681  7.646091E+00
       682  1.499140E+01
       683  2.106415E+01
       684  4.143179E+01
       685  2.028405E+01
       686  4.098227E+01
       687  1.995785E+01
       688  4.055189E+01
       689  1.976966E+01
       690  4.033633E+01
       691  3.286790E+02
       692  1.860426E+02
       693  8.576911E+01
       694  2.690717E+01
       695  8.848296E+00
       696  3.286790E+02
       697  1.860426E+02
       698  8.576911E+01
       699  2.690717E+01
       700  8.848296E+00
       701  1.761745E+01
       702  3.671808E+01
       703  1.781463E+01
       704  3.694659E+01
       705  1.815589E+01
       706  3.740268E+01
       707  1.899082E+01
       708  3.787262E+01
       709  6.889777E+00
       710  1.368652E+01
       711  6.889777E+00
       712  1.368652E+01
       713  1.899082E+01
       714  3.787262E+01
       715  1.815589E+01
       716  3.740268E+01
       717  1.781463E+01
       718  3.694659E+01
       719  1.761745E+01
       720  3.671808E+01
       721  2.946737E+02
       722  1.676058E+02
       723  7.815841E+01
       724  2.535037E+01
       725  8.561264E+00
       726  2.946737E+02
       727  1.676058E+02
       728  7.815841E+01
       729  2.535037E+01
       730  8.561264E+00
       731  1.552945E+01
       732  3.307302E+01
       733  1.573635E+01
       734  3.331827E+01
       735  1.609416E+01
       736  3.380511E+01
       737  1.698986E+01
       738  3.429845E+01
       739  6.160210E+00
       740  1.237507E+01
       741  6.160210E+00
       742  1.237507E+01
       743  1.698986E+01
       744  3.429845E+01
       745  1.609416E+01
       746  3.380511E+01
       747  1.573635E+01
       748  3.331827E+01
       749  1.552945E+01
       750  3.307302E+01
       751  2.608534E+02
       752  1.491248E+02
       753  7.040246E+01
       754  2.367626E+01
       755  8.314076E+00
       756  2.608534E+02
       757  1.491248E+02
       758  7.040246E+01
       759  2.367626E+01
       760  8.314076E+00
       761  1.351264E+01
       762  2.941666E+01
       763  1.373041E+01
       764  2.968253E+01
       765  1.410714E+01
       766  3.020572E+01
       767  1.507129E+01
       768  3.072597E+01
       769  5.461419E+00
       770  1.106291E+01
       771  5.461419E+00
       772  1.106291E+01
       773  1.507129E+01
       774  3.072597E+01
       775  1.410714E+01
       776  3.020572E+01
       777  1.373041E+01
       778  2.968253E+01
       779  1.351264E+01
       780  2.941666E+01
       781  2.274234E+02
       782  1.307128E+02
       783  6.255070E+01
       784  2.189665E+01
       785  8.106057E+00
       786  2.274234E+02
       787  1.307128E+02
       788  6.255070E+01
       789  2.189665E+01
       790  8.106057E+00
       791  1.157518E+01
       792  2.577651E+01
       793  1.180551E+01
       794  2.606420E+01
       795  1.220445E+01
       796  2.662733E+01
       797  1.324694E+01
       798  2.717723E+01
       799  4.798026E+00
       800  9.757566E+00
       801  4.798026E+00
       802  9.757566E+00
       803  1.324694E+01
       804  2.717723E+01
       805  1.220445E+01
       806  2.662733E+01
       807  1.180551E+01
       808  2.606420E+01
       809  1.157518E+01
       810  2.577651E+01
       811  1.946141E+02
       812  1.125007E+02
       813  5.466480E+01
       814  2.003108E+01
       815  7.940655E+00
       816  1.946141E+02
       817  1.125007E+02
       818  5.466480E+01
       819  2.003108E+01
       820  7.940655E+00
       821  9.728524E+00
       822  2.219927E+01
       823  9.973514E+00
       824  2.250167E+01
       825  1.039845E+01
       826  2.310120E+01
       827  1.153155E+01
       828  2.367997E+01
       829  4.175193E+00
       830  8.468223E+00
       831  4.175193E+00
       832  8.468223E+00
       833  1.153155E+01
       834  2.367997E+01
       835  1.039845E+01
       836  2.310120E+01
       837  9.973514E+00
       838  2.250167E+01
       839  9.728524E+00
       840  2.219927E+01
       841  1.626770E+02
       842  9.463731E+01
       843  4.682130E+01
       844  1.810992E+01
       845  7.827848E+00
       846  1.626770E+02
       847  9.463731E+01
       848  4.682130E+01
       849  1.810992E+01
       850  7.827848E+00
       851  7.991620E+00
       852  1.875774E+01
       853  8.253242E+00
       854  1.905023E+01
       855  8.707000E+00
       856  1.966715E+01
       857  9.944579E+00
       858  2.026652E+01
       859  3.598414E+00
       860  7.205281E+00
       861  3.598414E+00
       862  7.205281E+00
       863  9.944579E+00
       864  2.026652E+01
       865  8.707000E+00
       866  1.966715E+01
       867  8.253242E+00
       868  1.905023E+01
       869  7.991620E+00
       870  1.875774E+01
       871  1.318862E+02
       872  7.729430E+01
       873  3.911527E+01
       874  1.617720E+01
       875  7.786223E+00
       876  1.318862E+02
       877  7.729430E+01
       878  3.911527E+01
       879  1.617720E+01
       880  7.786223E+00
       881  6.398554E+00
       882  1.555327E+01
       883  6.677540E+00
       884  1.578098E+01
       885  7.158616E+00
       886  1.636997E+01
       887  8.513149E+00
       888  1.696974E+01
       889  3.073060E+00
       890  5.979099E+00
       891  3.073060E+00
       892  5.979099E+00
       893  8.513149E+00
       894  1.696974E+01
       895  7.158616E+00
       896  1.636997E+01
       897  6.677540E+00
       898  1.578098E+01
       899  6.398554E+00
       900  1.555327E+01
       901  1.025649E+02
       902  6.068141E+01
       903  3.166684E+01
       904  1.429124E+01
       905  7.842226E+00
       906  1.025649E+02
       907  6.068141E+01
       908  3.166684E+01
       909  1.429124E+01
       910  7.842226E+00
       911  5.015018E+00
       912  1.270924E+01
       913  5.308358E+00
       914  1.277256E+01
       915  5.802845E+00
       916  1.324997E+01
       917  7.276639E+00
       918  1.381477E+01
       919  2.603611E+00
       920  4.797749E+00
       921  2.603611E+00
       922  4.797749E+00
       923  7.276639E+00
       924  1.381477E+01
       925  5.802845E+00
       926  1.324997E+01
       927  5.308358E+00
       928  1.277256E+01
       929  5.015018E+00
       930  1.270924E+01
       931  7.514764E+01
       932  4.508276E+01
       933  2.463851E+01
       934  1.252605E+01
       935  8.019756E+00
       936  7.514764E+01
       937  4.508276E+01
       938  2.463851E+01
       939  1.252605E+01
       940  8.019756E+00
       941  3.972005E+00
       942  1.035718E+01
       943  4.270613E+00
       944  1.010232E+01
       945  4.734551E+00
       946  1.033760E+01
       947  6.299335E+00
       948  1.081450E+01
       949  2.192247E+00
       950  3.666793E+00
       951  2.192247E+00
       952  3.666793E+00
       953  6.299335E+00
       954  1.081450E+01
       955  4.734551E+00
       956  1.033760E+01
       957  4.270613E+00
       958  1.010232E+01
       959  3.972005E+00
       960  1.035718E+01
       961  5.024527E+01
       962  3.092518E+01
       963  1.828649E+01
       964  1.097571E+01
       965  8.310418E+00
       966  5.024527E+01
       967  3.092518E+01
       968  1.828649E+01
       969  1.097571E+01
       970  8.310418E+00
       971  3.528200E+00
       972  8.602282E+00
       973  3.821668E+00
       974  7.865165E+00
       975  4.152835E+00
       976  7.697582E+00
       977  5.721811E+00
       978  8.024455E+00
       979  1.837103E+00
       980  2.617868E+00
       981  1.837103E+00
       982  2.617868E+00
       983  5.721811E+00
       984  8.024455E+00
       985  4.152835E+00
       986  7.697582E+00
       987  3.821668E+00
       988  7.865165E+00
       989  3.528200E+00
       990  8.602282E+00
       991  2.867739E+01
       992  1.889000E+01
       993  1.304816E+01
       994  9.728060E+00
       995  8.598269E+00
       996  2.867739E+01
       997  1.889000E+01
       998  1.304816E+01
       999  9.728060E+00
      1000  8.598269E+00
      1001  3.999564E+00
      1002  7.420458E+00
      1003  4.366726E+00
      1004  6.244824E+00
      1005  4.480273E+00
      1006  5.634673E+00
      1007  5.972354E+00
      1008  5.800164E+00
      1009  1.546529E+00
      1010  1.841565E+00
      1011  1.546529E+00
      1012  1.841565E+00
      1013  5.972354E+00
      1014  5.800164E+00
      1015  4.480273E+00
      1016  5.634673E+00
      1017  4.366726E+00
      1018  6.244824E+00
      1019  3.999564E+00
      1020  7.420458E+00
      1021  1.179377E+01
      1022  9.779608E+00
      1023  9.138319E+00
      1024  8.700478E+00
      1025  8.742198E+00
      1026  1.179377E+01
      1027  9.779608E+00
      1028  9.138319E+00
      1029  8.700478E+00
      1030  8.742198E+00
      1031  5.058268E+00
      1032  6.278404E+00
      1033  5.836658E+00
      1034  5.283928E+00
      1035  6.205305E+00
      1036  4.974348E+00
      1037  8.387228E+00
      1038  5.709274E+00
      1039  1.386498E+00
      1040  2.239744E+00
      1041  1.386498E+00
      1042  2.239744E+00
      1043  8.387228E+00
      1044  5.709274E+00
      1045  6.205305E+00
      1046  4.974348E+00
      1047  5.836658E+00
      1048  5.283928E+00
      1049  5.058268E+00
      1050  6.278404E+00
      1051  2.320047E+00
      1052  3.629337E+00
      1053  5.352377E+00
      1054  7.045092E+00
      1055  9.996826E+00
      1056  2.320047E+00
      1057  3.629337E+00
      1058  5.352377E+00
      1059  7.045092E+00
      1060  9.996826E+00
      1061  4.881946E+00
      1062  4.593849E+00
      1063  6.026107E+00
      1064  4.322381E+00
      1065  8.139635E+00
      1066  5.921975E+00
      1067  1.624433E+01
      1068  1.210145E+01
      1069  1.879527E+00
      1070  7.539724E+00
      1071  1.879527E+00
      1072  7.539724E+00
      1073  1.624433E+01
      1074  1.210145E+01
      1075  8.139635E+00
      1076  5.921975E+00
      1077  6.026107E+00
      1078  4.322381E+00
      1079  4.881946E+00
      1080  4.593849E+00
      1081  3.709716E-02
      1082  2.393718E-01
      1083  8.428358E-01
      1084  2.349460E+00
      1085  6.741178E+00
      1086  3.709716E-02
      1087  2.393718E-01
      1088  8.428358E-01
      1089  2.349460E+00
      1090  6.741178E+00
      1091  1.907358E+00
      1092  2.784580E+00
      1093  2.606431E+00
      1094  2.558489E+00
      1095  4.547632E+00
      1096  5.449153E+00
      1097  1.622791E+01
      1098  1.632799E+01
      1099  1.983452E+00
      1100  1.274077E+01
      1101  1.983452E+00
      1102  1.274077E+01
      1103  1.622791E+01
      1104  1.632799E+01
      1105  4.547632E+00
      1106  5.449153E+00
      1107  2.606431E+00
      1108  2.558489E+00
      1109  1.907358E+00
      1110  2.784580E+00

                                INCREMENT     7


 displacements (vx,vy,vz) for set TIP_TOP and time  0.5750000E+00

      1799  4.072120E-01 -1.355177E-02 -1.197658E+01
      1800  4.071685E-01 -1.331808E-02 -1.194622E+01
      1803  4.065890E-01 -1.291210E-02 -1.191629E+01
      1806  4.062423E-01 -1.055556E-02 -1.188865E+01
      1808  4.063104E-01 -4.218070E-03 -1.187086E+01
      1810  4.062383E-01  1.393673E-14 -1.186988E+01
      1812  4.063104E-01  4.218070E-03 -1.187086E+01
      1815  4.062423E-01  1.055556E-02 -1.188865E+01
      1818  4.065890E-01  1.291210E-02 -1.191629E+01
      1821  4.071685E-01  1.331808E-02 -1.194622E+01
      1824  4.072120E-01  1.355177E-02 -1.197658E+01

 forces (fx,fy,fz) for set CLAMP and time  0.5750000E+00

         1  1.918041E+04  2.356710E+04  7.731991E+03
         4  3.448345E+04 -3.830244E-11  1.544315E+04
         5  2.726981E+04  3.662038E+04  1.048478E+03
         8  4.812058E+04 -5.086948E-11  2.134030E+03
         9  1.821610E+04  2.404825E+04 -4.908591E+02
        12  3.191842E+04  4.089714E-12 -9.450047E+02
        13  9.482201E+03  1.230762E+04 -1.529076E+03
        16  1.657243E+04 -3.008630E-11 -3.013313E+03
        17  6.023173E+02  4.721780E+02 -1.760297E+03
        20  9.968079E+02  1.728335E-10 -3.496822E+03
        21 -5.729400E+03 -4.020443E+03 -5.440974E+03
        24 -7.030098E+03  1.383131E-10 -1.962118E+03
        26  1.918041E+04 -2.356710E+04  7.731991E+03
        28  2.726981E+04 -3.662038E+04  1.048478E+03
        30  1.821610E+04 -2.404825E+04 -4.908591E+02
        32  9.482201E+03 -1.230762E+04 -1.529076E+03
        34  6.023173E+02 -4.721780E+02 -1.760297E+03
        36 -5.729400E+03  4.020443E+03 -5.440974E+03
        37 -3.830695E+03 -2.409049E+03 -5.501182E+03
        40 -4.480412E+03 -7.419579E+02 -9.560821E+03
        41 -9.912018E+03 -5.576080E+03 -1.546767E+03
        44 -1.418853E+04 -1.632845E+03 -3.006229E+03
        45 -7.019396E+03 -3.178834E+03  6.736780E+03
        48 -1.159068E+04 -8.933982E+02  1.234371E+04
        50 -3.784854E+03 -7.006290E+02 -8.774653E+03
        52 -1.347276E+04 -1.477146E+03 -3.036179E+03
        54 -1.163581E+04 -7.755306E+02  1.179716E+04
        56 -3.734708E+03 -5.396448E+02 -8.733937E+03
        58 -1.357790E+04 -1.032263E+03 -2.987369E+03
        60 -1.185235E+04 -5.061280E+02  1.184945E+04
        62 -9.499292E+03 -4.133237E+02 -1.831012E+03
        64 -8.217067E+03 -1.802075E+02  8.229124E+03
        66 -5.109671E+03 -2.392093E-10 -9.210334E+02
        68 -4.401882E+03  3.330296E-11  4.427965E+03
        70 -9.499292E+03  4.133237E+02 -1.831012E+03
        72 -8.217067E+03  1.802075E+02  8.229124E+03
        74 -3.734708E+03  5.396448E+02 -8.733937E+03
        76 -1.357790E+04  1.032263E+03 -2.987369E+03
        78 -1.185235E+04  5.061280E+02  1.184945E+04
        80 -3.784854E+03  7.006290E+02 -8.774653E+03
        82 -1.347276E+04  1.477146E+03 -3.036179E+03
        84 -1.163581E+04  7.755306E+02  1.179716E+04
        86 -4.480412E+03  7.419579E+02 -9.560821E+03
        88 -1.418853E+04  1.632845E+03 -3.006229E+03
        90 -1.159068E+04  8.933982E+02  1.234371E+04
        92 -3.830695E+03  2.409049E+03 -5.501182E+03
        94 -9.912018E+03  5.576080E+03 -1.546767E+03
        96 -7.019396E+03  3.178834E+03  6.736780E+03

 internal energy (element, energy) for set EALL and time  0.5750000E+00

         1  1.027795E+03
         2  4.835544E+02
         3  1.821403E+02
         4  3.095640E+01
         5  2.572842E+01
         6  1.027795E+03
         7  4.835544E+02
         8  1.821403E+02
         9  3.095640E+01
        10  2.572842E+01
        11  8.283048E+01
        12  1.276924E+02
        13  6.742910E+01
        14  1.103502E+02
        15  6.372903E+01
        16  1.071877E+02
        17  6.539006E+01
        18  1.084028E+02
        19  2.435996E+01
        20  3.999566E+01
        21  2.435996E+01
        22  3.999566E+01
        23  6.539006E+01
        24  1.084028E+02
        25  6.372903E+01
        26  1.071877E+02
        27  6.742910E+01
        28  1.103502E+02
        29  8.283048E+01
        30  1.276924E+02
        31  1.369240E+03
        32  7.664467E+02
        33  2.943318E+02
        34  5.525231E+01
        35  4.901136E+01
        36  1.369240E+03
        37  7.664467E+02
        38  2.943318E+02
        39  5.525231E+01
        40  4.901136E+01
        41  9.938540E+01
        42  1.439444E+02
        43  1.070628E+02
        44  1.529729E+02
        45  1.069794E+02
        46  1.529918E+02
        47  1.072337E+02
        48  1.539013E+02
        49  3.883956E+01
        50  5.616740E+01
        51  3.883956E+01
        52  5.616740E+01
        53  1.072337E+02
        54  1.539013E+02
        55  1.069794E+02
        56  1.529918E+02
        57  1.070628E+02
        58  1.529729E+02
        59  9.938540E+01
        60  1.439444E+02
        61  1.289939E+03
        62  6.976133E+02
        63  2.784125E+02
        64  5.371226E+01
        65  4.385322E+01
        66  1.289939E+03
        67  6.976133E+02
        68  2.784125E+02
        69  5.371226E+01
        70  4.385322E+01
        71  8.895058E+01
        72  1.370696E+02
        73  9.492839E+01
        74  1.445279E+02
        75  9.867166E+01
        76  1.496300E+02
        77  1.001461E+02
        78  1.519028E+02
        79  3.648053E+01
        80  5.542712E+01
        81  3.648053E+01
        82  5.542712E+01
        83  1.001461E+02
        84  1.519028E+02
        85  9.867166E+01
        86  1.496300E+02
        87  9.492839E+01
        88  1.445279E+02
        89  8.895058E+01
        90  1.370696E+02
        91  1.335488E+03
        92  7.060949E+02
        93  2.787372E+02
        94  5.498318E+01
        95  4.272295E+01
        96  1.335488E+03
        97  7.060949E+02
        98  2.787372E+02
        99  5.498318E+01
       100  4.272295E+01
       101  9.442851E+01
       102  1.440186E+02
       103  9.625050E+01
       104  1.462344E+02
       105  9.833597E+01
       106  1.486101E+02
       107  9.962065E+01
       108  1.497304E+02
       109  3.625483E+01
       110  5.441932E+01
       111  3.625483E+01
       112  5.441932E+01
       113  9.962065E+01
       114  1.497304E+02
       115  9.833597E+01
       116  1.486101E+02
       117  9.625050E+01
       118  1.462344E+02
       119  9.442851E+01
       120  1.440186E+02
       121  1.307222E+03
       122  6.881288E+02
       123  2.704210E+02
       124  5.349711E+01
       125  3.904438E+01
       126  1.307222E+03
       127  6.881288E+02
       128  2.704210E+02
       129  5.349711E+01
       130  3.904438E+01
       131  9.223988E+01
       132  1.424865E+02
       133  9.266174E+01
       134  1.426865E+02
       135  9.331703E+01
       136  1.431081E+02
       137  9.394149E+01
       138  1.434442E+02
       139  3.419006E+01
       140  5.214808E+01
       141  3.419006E+01
       142  5.214808E+01
       143  9.394149E+01
       144  1.434442E+02
       145  9.331703E+01
       146  1.431081E+02
       147  9.266174E+01
       148  1.426865E+02
       149  9.223988E+01
       150  1.424865E+02
       151  1.274073E+03
       152  6.716043E+02
       153  2.648878E+02
       154  5.317466E+01
       155  3.627102E+01
       156  1.274073E+03
       157  6.716043E+02
       158  2.648878E+02
       159  5.317466E+01
       160  3.627102E+01
       161  8.910446E+01
       162  1.388609E+02
       163  8.917722E+01
       164  1.386632E+02
       165  8.943149E+01
       166  1.386868E+02
       167  8.986340E+01
       168  1.388383E+02
       169  3.270077E+01
       170  5.046008E+01
       171  3.270077E+01
       172  5.046008E+01
       173  8.986340E+01
       174  1.388383E+02
       175  8.943149E+01
       176  1.386868E+02
       177  8.917722E+01
       178  1.386632E+02
       179  8.910446E+01
       180  1.388609E+02
       181  1.237609E+03
       182  6.545933E+02
       183  2.599808E+02
       184  5.329570E+01
       185  3.395983E+01
       186  1.237609E+03
       187  6.545933E+02
       188  2.599808E+02
       189  5.329570E+01
       190  3.395983E+01
       191  8.551933E+01
       192  1.345418E+02
       193  8.559846E+01
       194  1.344758E+02
       195  8.580029E+01
       196  1.345661E+02
       197  8.622038E+01
       198  1.347826E+02
       199  3.137155E+01
       200  4.899574E+01
       201  3.137155E+01
       202  4.899574E+01
       203  8.622038E+01
       204  1.347826E+02
       205  8.580029E+01
       206  1.345661E+02
       207  8.559846E+01
       208  1.344758E+02
       209  8.551933E+01
       210  1.345418E+02
       211  1.200003E+03
       212  6.370516E+02
       213  2.550178E+02
       214  5.346608E+01
       215  3.183536E+01
       216  1.200003E+03
       217  6.370516E+02
       218  2.550178E+02
       219  5.346608E+01
       220  3.183536E+01
       221  8.188312E+01
       222  1.301865E+02
       223  8.200241E+01
       224  1.302614E+02
       225  8.222836E+01
       226  1.304776E+02
       227  8.267822E+01
       228  1.307762E+02
       229  3.008235E+01
       230  4.754515E+01
       231  3.008235E+01
       232  4.754515E+01
       233  8.267822E+01
       234  1.307762E+02
       235  8.222836E+01
       236  1.304776E+02
       237  8.200241E+01
       238  1.302614E+02
       239  8.188312E+01
       240  1.301865E+02
       241  1.161517E+03
       242  6.188976E+02
       243  2.497352E+02
       244  5.356156E+01
       245  2.983726E+01
       246  1.161517E+03
       247  6.188976E+02
       248  2.497352E+02
       249  5.356156E+01
       250  2.983726E+01
       251  7.824746E+01
       252  1.258831E+02
       253  7.838752E+01
       254  1.260306E+02
       255  7.863639E+01
       256  1.263238E+02
       257  7.911800E+01
       258  1.266748E+02
       259  2.878594E+01
       260  4.605530E+01
       261  2.878594E+01
       262  4.605530E+01
       263  7.911800E+01
       264  1.266748E+02
       265  7.863639E+01
       266  1.263238E+02
       267  7.838752E+01
       268  1.260306E+02
       269  7.824746E+01
       270  1.258831E+02
       271  1.122160E+03
       272  6.001213E+02
       273  2.440972E+02
       274  5.355725E+01
       275  2.795237E+01
       276  1.122160E+03
       277  6.001213E+02
       278  2.440972E+02
       279  5.355725E+01
       280  2.795237E+01
       281  7.461453E+01
       282  1.215862E+02
       283  7.476335E+01
       284  1.217633E+02
       285  7.502707E+01
       286  1.220953E+02
       287  7.553803E+01
       288  1.224764E+02
       289  2.748244E+01
       290  4.452724E+01
       291  2.748244E+01
       292  4.452724E+01
       293  7.553803E+01
       294  1.224764E+02
       295  7.502707E+01
       296  1.220953E+02
       297  7.476335E+01
       298  1.217633E+02
       299  7.461453E+01
       300  1.215862E+02
       301  1.081894E+03
       302  5.807199E+02
       303  2.381041E+02
       304  5.345018E+01
       305  2.618415E+01
       306  1.081894E+03
       307  5.807199E+02
       308  2.381041E+02
       309  5.345018E+01
       310  2.618415E+01
       311  7.097981E+01
       312  1.172494E+02
       313  7.113456E+01
       314  1.174393E+02
       315  7.141029E+01
       316  1.177933E+02
       317  7.195110E+01
       318  1.181944E+02
       319  2.617639E+01
       320  4.296707E+01
       321  2.617639E+01
       322  4.296707E+01
       323  7.195110E+01
       324  1.181944E+02
       325  7.141029E+01
       326  1.177933E+02
       327  7.113456E+01
       328  1.174393E+02
       329  7.097981E+01
       330  1.172494E+02
       331  1.040706E+03
       332  5.606894E+02
       333  2.317541E+02
       334  5.323644E+01
       335  2.453449E+01
       336  1.040706E+03
       337  5.606894E+02
       338  2.317541E+02
       339  5.323644E+01
       340  2.453449E+01
       341  6.734527E+01
       342  1.128466E+02
       343  6.750656E+01
       344  1.130445E+02
       345  6.779461E+01
       346  1.134156E+02
       347  6.836748E+01
       348  1.138338E+02
       349  2.487154E+01
       350  4.137748E+01
       351  2.487154E+01
       352  4.137748E+01
       353  6.836748E+01
       354  1.138338E+02
       355  6.779461E+01
       356  1.134156E+02
       357  6.750656E+01
       358  1.130445E+02
       359  6.734527E+01
       360  1.128466E+02
       361  9.985948E+02
       362  5.400243E+02
       363  2.250394E+02
       364  5.290885E+01
       365  2.300278E+01
       366  9.985948E+02
       367  5.400243E+02
       368  2.250394E+02
       369  5.290885E+01
       370  2.300278E+01
       371  6.371563E+01
       372  1.083658E+02
       373  6.388453E+01
       374  1.085713E+02
       375  6.418595E+01
       376  1.089593E+02
       377  6.479358E+01
       378  1.093947E+02
       379  2.357014E+01
       380  3.975879E+01
       381  2.357014E+01
       382  3.975879E+01
       383  6.479358E+01
       384  1.093947E+02
       385  6.418595E+01
       386  1.089593E+02
       387  6.388453E+01
       388  1.085713E+02
       389  6.371563E+01
       390  1.083658E+02
       391  9.555632E+02
       392  5.187185E+02
       393  2.179502E+02
       394  5.245883E+01
       395  2.158691E+01
       396  9.555632E+02
       397  5.187185E+02
       398  2.179502E+02
       399  5.245883E+01
       400  2.158691E+01
       401  6.009625E+01
       402  1.038023E+02
       403  6.027353E+01
       404  1.040161E+02
       405  6.058927E+01
       406  1.044222E+02
       407  6.123446E+01
       408  1.048758E+02
       409  2.227396E+01
       410  3.811059E+01
       411  2.227396E+01
       412  3.811059E+01
       413  6.123446E+01
       414  1.048758E+02
       415  6.058927E+01
       416  1.044222E+02
       417  6.027353E+01
       418  1.040161E+02
       419  6.009625E+01
       420  1.038023E+02
       421  9.116181E+02
       422  4.967682E+02
       423  2.104771E+02
       424  5.187747E+01
       425  2.028402E+01
       426  9.116181E+02
       427  4.967682E+02
       428  2.104771E+02
       429  5.187747E+01
       430  2.028402E+01
       431  5.649244E+01
       432  9.915459E+01
       433  5.667865E+01
       434  9.937749E+01
       435  5.700953E+01
       436  9.980323E+01
       437  5.769516E+01
       438  1.002762E+02
       439  2.098482E+01
       440  3.643250E+01
       441  2.098482E+01
       442  3.643250E+01
       443  5.769516E+01
       444  1.002762E+02
       445  5.700953E+01
       446  9.980323E+01
       447  5.667865E+01
       448  9.937749E+01
       449  5.649244E+01
       450  9.915459E+01
       451  8.667726E+02
       452  4.741730E+02
       453  2.026124E+02
       454  5.115590E+01
       455  1.909085E+01
       456  8.667726E+02
       457  4.741730E+02
       458  2.026124E+02
       459  5.115590E+01
       460  1.909085E+01
       461  5.290968E+01
       462  9.442295E+01
       463  5.310528E+01
       464  9.465557E+01
       465  5.345201E+01
       466  9.510231E+01
       467  5.418114E+01
       468  9.559572E+01
       469  1.970467E+01
       470  3.472432E+01
       471  1.970467E+01
       472  3.472432E+01
       473  5.418114E+01
       474  9.559572E+01
       475  5.345201E+01
       476  9.510231E+01
       477  5.310528E+01
       478  9.465557E+01
       479  5.290968E+01
       480  9.442295E+01
       481  8.210499E+02
       482  4.509381E+02
       483  1.943502E+02
       484  5.028538E+01
       485  1.800374E+01
       486  8.210499E+02
       487  4.509381E+02
       488  1.943502E+02
       489  5.028538E+01
       490  1.800374E+01
       491  4.935378E+01
       492  8.960835E+01
       493  4.955923E+01
       494  8.985115E+01
       495  4.992253E+01
       496  9.032007E+01
       497  5.069843E+01
       498  9.083478E+01
       499  1.843569E+01
       500  3.298611E+01
       501  1.843569E+01
       502  3.298611E+01
       503  5.069843E+01
       504  9.083478E+01
       505  4.992253E+01
       506  9.032007E+01
       507  4.955923E+01
       508  8.985115E+01
       509  4.935378E+01
       510  8.960835E+01
       511  7.744849E+02
       512  4.270746E+02
       513  1.856874E+02
       514  4.925746E+01
       515  1.701862E+01
       516  7.744849E+02
       517  4.270746E+02
       518  1.856874E+02
       519  4.925746E+01
       520  1.701862E+01
       521  4.583110E+01
       522  8.471251E+01
       523  4.604687E+01
       524  8.496578E+01
       525  4.642745E+01
       526  8.545792E+01
       527  4.725366E+01
       528  8.599462E+01
       529  1.718029E+01
       530  3.121820E+01
       531  1.718029E+01
       532  3.121820E+01
       533  4.725366E+01
       534  8.599462E+01
       535  4.642745E+01
       536  8.545792E+01
       537  4.604687E+01
       538  8.496578E+01
       539  4.583110E+01
       540  8.471251E+01
       541  7.271272E+02
       542  4.026022E+02
       543  1.766240E+02
       544  4.806417E+01
       545  1.613096E+01
       546  7.271272E+02
       547  4.026022E+02
       548  1.766240E+02
       549  4.806417E+01
       550  1.613096E+01
       551  4.234862E+01
       552  7.973783E+01
       553  4.257520E+01
       554  8.000177E+01
       555  4.297374E+01
       556  8.051810E+01
       557  4.385409E+01
       558  8.107739E+01
       559  1.594110E+01
       560  2.942124E+01
       561  1.594110E+01
       562  2.942124E+01
       563  4.385409E+01
       564  8.107739E+01
       565  4.297374E+01
       566  8.051810E+01
       567  4.257520E+01
       568  8.000177E+01
       569  4.234862E+01
       570  7.973783E+01
       571  6.790437E+02
       572  3.775497E+02
       573  1.671643E+02
       574  4.669834E+01
       575  1.533579E+01
       576  6.790437E+02
       577  3.775497E+02
       578  1.671643E+02
       579  4.669834E+01
       580  1.533579E+01
       581  3.891401E+01
       582  7.468746E+01
       583  3.915187E+01
       584  7.496233E+01
       585  3.956904E+01
       586  7.550391E+01
       587  4.050766E+01
       588  7.608637E+01
       589  1.472099E+01
       590  2.759629E+01
       591  1.472099E+01
       592  2.759629E+01
       593  4.050766E+01
       594  7.608637E+01
       595  3.956904E+01
       596  7.550391E+01
       597  3.915187E+01
       598  7.496233E+01
       599  3.891401E+01
       600  7.468746E+01
       601  6.303222E+02
       602  3.519583E+02
       603  1.573179E+02
       604  4.515389E+01
       605  1.462764E+01
       606  6.303222E+02
       607  3.519583E+02
       608  1.573179E+02
       609  4.515389E+01
       610  1.462764E+01
       611  3.553559E+01
       612  6.956536E+01
       613  3.578518E+01
       614  6.985170E+01
       615  3.622162E+01
       616  7.041997E+01
       617  3.722302E+01
       618  7.102631E+01
       619  1.352312E+01
       620  2.574499E+01
       621  1.352312E+01
       622  2.574499E+01
       623  3.722302E+01
       624  7.102631E+01
       625  3.622162E+01
       626  7.041997E+01
       627  3.578518E+01
       628  6.985170E+01
       629  3.553559E+01
       630  6.956536E+01
       631  5.810753E+02
       632  3.258830E+02
       633  1.471004E+02
       634  4.342628E+01
       635  1.400062E+01
       636  5.810753E+02
       637  3.258830E+02
       638  1.471004E+02
       639  4.342628E+01
       640  1.400062E+01
       641  3.222233E+01
       642  6.437636E+01
       643  3.248408E+01
       644  6.467543E+01
       645  3.294047E+01
       646  6.527256E+01
       647  3.400964E+01
       648  6.590391E+01
       649  1.235098E+01
       650  2.386966E+01
       651  1.235098E+01
       652  2.386966E+01
       653  3.400964E+01
       654  6.590391E+01
       655  3.294047E+01
       656  6.527256E+01
       657  3.248408E+01
       658  6.467543E+01
       659  3.222233E+01
       660  6.437636E+01
       661  5.314454E+02
       662  2.993959E+02
       663  1.365357E+02
       664  4.151300E+01
       665  1.344848E+01
       666  5.314454E+02
       667  2.993959E+02
       668  1.365357E+02
       669  4.151300E+01
       670  1.344848E+01
       671  2.898364E+01
       672  5.912655E+01
       673  2.925802E+01
       674  5.944074E+01
       675  2.973522E+01
       676  6.007026E+01
       677  3.087791E+01
       678  6.072850E+01
       679  1.120849E+01
       680  2.197362E+01
       681  1.120849E+01
       682  2.197362E+01
       683  3.087791E+01
       684  6.072850E+01
       685  2.973522E+01
       686  6.007026E+01
       687  2.925802E+01
       688  5.944074E+01
       689  2.898364E+01
       690  5.912655E+01
       691  4.816100E+02
       692  2.725891E+02
       693  1.256568E+02
       694  3.941432E+01
       695  1.296491E+01
       696  4.816100E+02
       697  2.725891E+02
       698  1.256568E+02
       699  3.941432E+01
       700  1.296491E+01
       701  2.582919E+01
       702  5.382426E+01
       703  2.611686E+01
       704  5.415759E+01
       705  2.661621E+01
       706  5.482490E+01
       707  2.783930E+01
       708  5.551308E+01
       709  1.010006E+01
       710  2.006152E+01
       711  1.010006E+01
       712  2.006152E+01
       713  2.783930E+01
       714  5.551308E+01
       715  2.661621E+01
       716  5.482490E+01
       717  2.611686E+01
       718  5.415759E+01
       719  2.582919E+01
       720  5.382426E+01
       721  4.317861E+02
       722  2.455777E+02
       723  1.145077E+02
       724  3.713431E+01
       725  1.254408E+01
       726  4.317861E+02
       727  2.455777E+02
       728  1.145077E+02
       729  3.713431E+01
       730  1.254408E+01
       731  2.276878E+01
       732  4.848260E+01
       733  2.307079E+01
       734  4.884062E+01
       735  2.359448E+01
       736  4.955310E+01
       737  2.490667E+01
       738  5.027560E+01
       739  9.030815E+00
       740  1.813977E+01
       741  9.030815E+00
       742  1.813977E+01
       743  2.490667E+01
       744  5.027560E+01
       745  2.359448E+01
       746  4.955310E+01
       747  2.307079E+01
       748  4.884062E+01
       749  2.276878E+01
       750  4.848260E+01
       751  3.822329E+02
       752  2.185014E+02
       753  1.031457E+02
       754  3.468245E+01
       755  1.218168E+01
       756  3.822329E+02
       757  2.185014E+02
       758  1.031457E+02
       759  3.468245E+01
       760  1.218168E+01
       761  1.981263E+01
       762  4.312428E+01
       763  2.013068E+01
       764  4.351268E+01
       765  2.068216E+01
       766  4.427852E+01
       767  2.209468E+01
       768  4.504048E+01
       769  8.006641E+00
       770  1.621692E+01
       771  8.006641E+00
       772  1.621692E+01
       773  2.209468E+01
       774  4.504048E+01
       775  2.068216E+01
       776  4.427852E+01
       777  2.013068E+01
       778  4.351268E+01
       779  1.981263E+01
       780  4.312428E+01
       781  3.332513E+02
       782  1.915260E+02
       783  9.164330E+01
       784  3.207601E+01
       785  1.187671E+01
       786  3.332513E+02
       787  1.915260E+02
       788  9.164330E+01
       789  3.207601E+01
       790  1.187671E+01
       791  1.697269E+01
       792  3.778958E+01
       793  1.730926E+01
       794  3.821012E+01
       795  1.789334E+01
       796  3.903459E+01
       797  1.942069E+01
       798  3.983999E+01
       799  7.034314E+00
       800  1.430400E+01
       801  7.034314E+00
       802  1.430400E+01
       803  1.942069E+01
       804  3.983999E+01
       805  1.789334E+01
       806  3.903459E+01
       807  1.730926E+01
       808  3.821012E+01
       809  1.697269E+01
       810  3.778958E+01
       811  2.851789E+02
       812  1.648431E+02
       813  8.009069E+01
       814  2.934362E+01
       815  1.163423E+01
       816  2.851789E+02
       817  1.648431E+02
       818  8.009069E+01
       819  2.934362E+01
       820  1.163423E+01
       821  1.426575E+01
       822  3.254690E+01
       823  1.462391E+01
       824  3.298918E+01
       825  1.524615E+01
       826  3.386709E+01
       827  1.690626E+01
       828  3.471479E+01
       829  6.121399E+00
       830  1.241446E+01
       831  6.121399E+00
       832  1.241446E+01
       833  1.690626E+01
       834  3.471479E+01
       835  1.524615E+01
       836  3.386709E+01
       837  1.462391E+01
       838  3.298918E+01
       839  1.426575E+01
       840  3.254690E+01
       841  2.383838E+02
       842  1.386709E+02
       843  6.860001E+01
       844  2.652974E+01
       845  1.146885E+01
       846  2.383838E+02
       847  1.386709E+02
       848  6.860001E+01
       849  2.652974E+01
       850  1.146885E+01
       851  1.171953E+01
       852  2.750287E+01
       853  1.210219E+01
       854  2.793085E+01
       855  1.276674E+01
       856  2.883437E+01
       857  1.457995E+01
       858  2.971226E+01
       859  5.275953E+00
       860  1.056355E+01
       861  5.275953E+00
       862  1.056355E+01
       863  1.457995E+01
       864  2.971226E+01
       865  1.276674E+01
       866  2.883437E+01
       867  1.210219E+01
       868  2.793085E+01
       869  1.171953E+01
       870  2.750287E+01
       871  1.932680E+02
       872  1.132608E+02
       873  5.731053E+01
       874  2.369887E+01
       875  1.140782E+01
       876  1.932680E+02
       877  1.132608E+02
       878  5.731053E+01
       879  2.369887E+01
       880  1.140782E+01
       881  9.383943E+00
       882  2.280605E+01
       883  9.792202E+00
       884  2.313931E+01
       885  1.049692E+01
       886  2.400207E+01
       887  1.248155E+01
       888  2.488058E+01
       889  4.505852E+00
       890  8.766482E+00
       891  4.505852E+00
       892  8.766482E+00
       893  1.248155E+01
       894  2.488058E+01
       895  1.049692E+01
       896  2.400207E+01
       897  9.792202E+00
       898  2.313931E+01
       899  9.383943E+00
       900  2.280605E+01
       901  1.503045E+02
       902  8.891990E+01
       903  4.639823E+01
       904  2.093646E+01
       905  1.148990E+01
       906  1.503045E+02
       907  8.891990E+01
       908  4.639823E+01
       909  2.093646E+01
       910  1.148990E+01
       911  7.355203E+00
       912  1.863727E+01
       913  7.784692E+00
       914  1.872984E+01
       915  8.509273E+00
       916  1.942931E+01
       917  1.066882E+01
       918  2.025666E+01
       919  3.817669E+00
       920  7.035104E+00
       921  3.817669E+00
       922  7.035104E+00
       923  1.066882E+01
       924  2.025666E+01
       925  8.509273E+00
       926  1.942931E+01
       927  7.784692E+00
       928  1.872984E+01
       929  7.355203E+00
       930  1.863727E+01
       931  1.101302E+02
       932  6.606455E+01
       933  3.610116E+01
       934  1.835096E+01
       935  1.175018E+01
       936  1.101302E+02
       937  6.606455E+01
       938  3.610116E+01
       939  1.835096E+01
       940  1.175018E+01
       941  5.825283E+00
       942  1.518944E+01
       943  6.262697E+00
       944  1.481587E+01
       945  6.942806E+00
       946  1.516068E+01
       947  9.236014E+00
       948  1.585937E+01
       949  3.214601E+00
       950  5.377579E+00
       951  3.214601E+00
       952  5.377579E+00
       953  9.236014E+00
       954  1.585937E+01
       955  6.942806E+00
       956  1.516068E+01
       957  6.262697E+00
       958  1.481587E+01
       959  5.825283E+00
       960  1.518944E+01
       961  7.363974E+01
       962  4.531997E+01
       963  2.679472E+01
       964  1.608029E+01
       965  1.217645E+01
       966  7.363974E+01
       967  4.531997E+01
       968  2.679472E+01
       969  1.608029E+01
       970  1.217645E+01
       971  5.173424E+00
       972  1.261707E+01
       973  5.603434E+00
       974  1.153653E+01
       975  6.089287E+00
       976  1.129096E+01
       977  8.389080E+00
       978  1.176994E+01
       979  2.693904E+00
       980  3.840198E+00
       981  2.693904E+00
       982  3.840198E+00
       983  8.389080E+00
       984  1.176994E+01
       985  6.089287E+00
       986  1.129096E+01
       987  5.603434E+00
       988  1.153653E+01
       989  5.173424E+00
       990  1.261707E+01
       991  4.203359E+01
       992  2.768439E+01
       993  1.911985E+01
       994  1.425327E+01
       995  1.259892E+01
       996  4.203359E+01
       997  2.768439E+01
       998  1.911985E+01
       999  1.425327E+01
      1000  1.259892E+01
      1001  5.863110E+00
      1002  1.088506E+01
      1003  6.401085E+00
      1004  9.161289E+00
      1005  6.568142E+00
      1006  8.266702E+00
      1007  8.755476E+00
      1008  8.509018E+00
      1009  2.267771E+00
      1010  2.702046E+00
      1011  2.267771E+00
      1012  2.702046E+00
      1013  8.755476E+00
      1014  8.509018E+00
      1015  6.568142E+00
      1016  8.266702E+00
      1017  6.401085E+00
      1018  9.161289E+00
      1019  5.863110E+00
      1020  1.088506E+01
      1021  1.728909E+01
      1022  1.433392E+01
      1023  1.339188E+01
      1024  1.274887E+01
      1025  1.281037E+01
      1026  1.728909E+01
      1027  1.433392E+01
      1028  1.339188E+01
      1029  1.274887E+01
      1030  1.281037E+01
      1031  7.414176E+00
      1032  9.211480E+00
      1033  8.554929E+00
      1034  7.752875E+00
      1035  9.095808E+00
      1036  7.298090E+00
      1037  1.229369E+01
      1038  8.373933E+00
      1039  2.032864E+00
      1040  3.284652E+00
      1041  2.032864E+00
      1042  3.284652E+00
      1043  1.229369E+01
      1044  8.373933E+00
      1045  9.095808E+00
      1046  7.298090E+00
      1047  8.554929E+00
      1048  7.752875E+00
      1049  7.414176E+00
      1050  9.211480E+00
      1051  3.401836E+00
      1052  5.320699E+00
      1053  7.845710E+00
      1054  1.032536E+01
      1055  1.464965E+01
      1056  3.401836E+00
      1057  5.320699E+00
      1058  7.845710E+00
      1059  1.032536E+01
      1060  1.464965E+01
      1061  7.155830E+00
      1062  6.740864E+00
      1063  8.833092E+00
      1064  6.342163E+00
      1065  1.193160E+01
      1066  8.685062E+00
      1067  2.380955E+01
      1068  1.774069E+01
      1069  2.755056E+00
      1070  1.105084E+01
      1071  2.755056E+00
      1072  1.105084E+01
      1073  2.380955E+01
      1074  1.774069E+01
      1075  1.193160E+01
      1076  8.685062E+00
      1077  8.833092E+00
      1078  6.342163E+00
      1079  7.155830E+00
      1080  6.740864E+00
      1081  5.442133E-02
      1082  3.510977E-01
      1083  1.236076E+00
      1084  3.445260E+00
      1085  9.883353E+00
      1086  5.442133E-02
      1087  3.510977E-01
      1088  1.236076E+00
      1089  3.445260E+00
      1090  9.883353E+00
      1091  2.797128E+00
      1092  4.087059E+00
      1093  3.821225E+00
      1094  3.752829E+00
      1095  6.666174E+00
      1096  7.988904E+00
      1097  2.378645E+01
      1098  2.393341E+01
      1099  2.907663E+00
      1100  1.867589E+01
      1101  2.907663E+00
      1102  1.867589E+01
      1103  2.378645E+01
      1104  2.393341E+01
      1105  6.666174E+00
      1106  7.988904E+00
      1107  3.821225E+00
      1108  3.752829E+00
      1109  2.797128E+00
      1110  4.087059E+00

                                INCREMENT     8


 displacements (vx,vy,vz) for set TIP_TOP and time  0.6750000E+00

      1799  4.682422E-01 -1.589753E-02 -1.405915E+01
      1800  4.682567E-01 -1.562744E-02 -1.402351E+01
      1803  4.676448E-01 -1.515459E-02 -1.398837E+01
      1806  4.673002E-01 -1.239118E-02 -1.395591E+01
      1808  4.674221E-01 -4.952208E-03 -1.393502E+01
      1810  4.673413E-01 -5.299021E-14 -1.393388E+01
      1812  4.674221E-01  4.952208E-03 -1.393502E+01
      1815  4.673002E-01  1.239118E-02 -1.395591E+01
      1818  4.676448E-01  1.515459E-02 -1.398837E+01
      1821  4.682567E-01  1.562744E-02 -1.402351E+01
      1824  4.682422E-01  1.589753E-02 -1.405915E+01

 forces (fx,fy,fz) for set CLAMP and time  0.6750000E+00

         1  2.251746E+04  2.766132E+04  9.074799E+03
         4  4.048176E+04 -1.880207E-09  1.812525E+04
         5  3.201325E+04  4.298316E+04  1.229450E+03
         8  5.648917E+04 -4.718443E-10  2.502589E+03
         9  2.138425E+04  2.822716E+04 -5.774813E+02
        12  3.746880E+04 -3.854534E-12 -1.111761E+03
        13  1.113096E+04  1.444629E+04 -1.795826E+03
        16  1.945366E+04 -1.734778E-11 -3.538961E+03
        17  7.067267E+02  5.533697E+02 -2.066784E+03
        20  1.169385E+03 -5.718084E-12 -4.105656E+03
        21 -6.725657E+03 -4.720168E+03 -6.387462E+03
        24 -8.252870E+03  1.493430E-09 -2.303502E+03
        26  2.251746E+04 -2.766132E+04  9.074799E+03
        28  3.201325E+04 -4.298316E+04  1.229450E+03
        30  2.138425E+04 -2.822716E+04 -5.774813E+02
        32  1.113096E+04 -1.444629E+04 -1.795826E+03
        34  7.067267E+02 -5.533697E+02 -2.066784E+03
        36 -6.725657E+03  4.720168E+03 -6.387462E+03
        37 -4.491476E+03 -2.827691E+03 -6.456169E+03
        40 -5.251073E+03 -8.716228E+02 -1.122096E+04
        41 -1.163565E+04 -6.546188E+03 -1.817458E+03
        44 -1.665649E+04 -1.916810E+03 -3.531991E+03
        45 -8.245181E+03 -3.732356E+03  7.910983E+03
        48 -1.361495E+04 -1.048134E+03  1.449476E+04
        50 -4.438057E+03 -8.230657E+02 -1.029933E+04
        52 -1.581630E+04 -1.733965E+03 -3.565932E+03
        54 -1.366446E+04 -9.097407E+02  1.385185E+04
        56 -4.382244E+03 -6.338908E+02 -1.025264E+04
        58 -1.593971E+04 -1.211687E+03 -3.507646E+03
        60 -1.391558E+04 -5.936515E+02  1.391211E+04
        62 -1.115159E+04 -4.851521E+02 -2.149646E+03
        64 -9.646272E+03 -2.113578E+02  9.661125E+03
        66 -5.998469E+03  1.477983E-09 -1.081287E+03
        68 -5.167324E+03 -1.447669E-10  5.198427E+03
        70 -1.115159E+04  4.851521E+02 -2.149646E+03
        72 -9.646272E+03  2.113578E+02  9.661125E+03
        74 -4.382244E+03  6.338908E+02 -1.025264E+04
        76 -1.593971E+04  1.211687E+03 -3.507646E+03
        78 -1.391558E+04  5.936515E+02  1.391211E+04
        80 -4.438057E+03  8.230657E+02 -1.029933E+04
        82 -1.581630E+04  1.733965E+03 -3.565932E+03
        84 -1.366446E+04  9.097407E+02  1.385185E+04
        86 -5.251073E+03  8.716228E+02 -1.122096E+04
        88 -1.665649E+04  1.916810E+03 -3.531991E+03
        90 -1.361495E+04  1.048134E+03  1.449476E+04
        92 -4.491476E+03  2.827691E+03 -6.456169E+03
        94 -1.163565E+04  6.546188E+03 -1.817458E+03
        96 -8.245181E+03  3.732356E+03  7.910983E+03

 internal energy (element, energy) for set EALL and time  0.6750000E+00

         1  1.416239E+03
         2  6.662969E+02
         3  2.509661E+02
         4  4.265094E+01
         5  3.546013E+01
         6  1.416239E+03
         7  6.662969E+02
         8  2.509661E+02
         9  4.265094E+01
        10  3.546013E+01
        11  1.141321E+02
        12  1.760359E+02
        13  9.291955E+01
        14  1.521169E+02
        15  8.782591E+01
        16  1.477400E+02
        17  9.011721E+01
        18  1.494021E+02
        19  3.357228E+01
        20  5.512104E+01
        21  3.357228E+01
        22  5.512104E+01
        23  9.011721E+01
        24  1.494021E+02
        25  8.782591E+01
        26  1.477400E+02
        27  9.291955E+01
        28  1.521169E+02
        29  1.141321E+02
        30  1.760359E+02
        31  1.886766E+03
        32  1.056072E+03
        33  4.055198E+02
        34  7.611385E+01
        35  6.755440E+01
        36  1.886766E+03
        37  1.056072E+03
        38  4.055198E+02
        39  7.611385E+01
        40  6.755440E+01
        41  1.369751E+02
        42  1.983810E+02
        43  1.475572E+02
        44  2.108182E+02
        45  1.474417E+02
        46  2.108440E+02
        47  1.477909E+02
        48  2.121011E+02
        49  5.352905E+01
        50  7.740949E+01
        51  5.352905E+01
        52  7.740949E+01
        53  1.477909E+02
        54  2.121011E+02
        55  1.474417E+02
        56  2.108440E+02
        57  1.475572E+02
        58  2.108182E+02
        59  1.369751E+02
        60  1.983810E+02
        61  1.777512E+03
        62  9.612242E+02
        63  3.835750E+02
        64  7.398641E+01
        65  6.044651E+01
        66  1.777512E+03
        67  9.612242E+02
        68  3.835750E+02
        69  7.398641E+01
        70  6.044651E+01
        71  1.226013E+02
        72  1.888853E+02
        73  1.308368E+02
        74  1.991668E+02
        75  1.359945E+02
        76  2.062035E+02
        77  1.380283E+02
        78  2.093431E+02
        79  5.027835E+01
        80  7.638846E+01
        81  5.027835E+01
        82  7.638846E+01
        83  1.380283E+02
        84  2.093431E+02
        85  1.359945E+02
        86  2.062035E+02
        87  1.308368E+02
        88  1.991668E+02
        89  1.226013E+02
        90  1.888853E+02
        91  1.840261E+03
        92  9.729029E+02
        93  3.840177E+02
        94  7.573496E+01
        95  5.888742E+01
        96  1.840261E+03
        97  9.729029E+02
        98  3.840177E+02
        99  7.573496E+01
       100  5.888742E+01
       101  1.301529E+02
       102  1.984630E+02
       103  1.326604E+02
       104  2.015202E+02
       105  1.355329E+02
       106  2.047997E+02
       107  1.373044E+02
       108  2.063491E+02
       109  4.996765E+01
       110  7.499852E+01
       111  4.996765E+01
       112  7.499852E+01
       113  1.373044E+02
       114  2.063491E+02
       115  1.355329E+02
       116  2.047997E+02
       117  1.326604E+02
       118  2.015202E+02
       119  1.301529E+02
       120  1.984630E+02
       121  1.801295E+03
       122  9.481419E+02
       123  3.725595E+02
       124  7.368815E+01
       125  5.381684E+01
       126  1.801295E+03
       127  9.481419E+02
       128  3.725595E+02
       129  7.368815E+01
       130  5.381684E+01
       131  1.271365E+02
       132  1.963592E+02
       133  1.277146E+02
       134  1.966365E+02
       135  1.286159E+02
       136  1.972206E+02
       137  1.294762E+02
       138  1.976869E+02
       139  4.712218E+01
       140  7.186833E+01
       141  4.712218E+01
       142  7.186833E+01
       143  1.294762E+02
       144  1.976869E+02
       145  1.286159E+02
       146  1.972206E+02
       147  1.277146E+02
       148  1.966365E+02
       149  1.271365E+02
       150  1.963592E+02
       151  1.755604E+03
       152  9.253694E+02
       153  3.649362E+02
       154  7.324450E+01
       155  4.999378E+01
       156  1.755604E+03
       157  9.253694E+02
       158  3.649362E+02
       159  7.324450E+01
       160  4.999378E+01
       161  1.228150E+02
       162  1.913708E+02
       163  1.229121E+02
       164  1.910976E+02
       165  1.232606E+02
       166  1.911306E+02
       167  1.238547E+02
       168  1.913405E+02
       169  4.506980E+01
       170  6.954207E+01
       171  4.506980E+01
       172  6.954207E+01
       173  1.238547E+02
       174  1.913405E+02
       175  1.232606E+02
       176  1.911306E+02
       177  1.229121E+02
       178  1.910976E+02
       179  1.228150E+02
       180  1.913708E+02
       181  1.705351E+03
       182  9.019281E+02
       183  3.581757E+02
       184  7.341149E+01
       185  4.680780E+01
       186  1.705351E+03
       187  9.019281E+02
       188  3.581757E+02
       189  7.341149E+01
       190  4.680780E+01
       191  1.178740E+02
       192  1.854242E+02
       193  1.179800E+02
       194  1.853308E+02
       195  1.182562E+02
       196  1.854539E+02
       197  1.188338E+02
       198  1.857522E+02
       199  4.323804E+01
       200  6.752420E+01
       201  4.323804E+01
       202  6.752420E+01
       203  1.188338E+02
       204  1.857522E+02
       205  1.182562E+02
       206  1.854539E+02
       207  1.179800E+02
       208  1.853308E+02
       209  1.178740E+02
       210  1.854242E+02
       211  1.653529E+03
       212  8.777568E+02
       213  3.513379E+02
       214  7.364626E+01
       215  4.387929E+01
       216  1.653529E+03
       217  8.777568E+02
       218  3.513379E+02
       219  7.364626E+01
       220  4.387929E+01
       221  1.128629E+02
       222  1.794255E+02
       223  1.130243E+02
       224  1.795253E+02
       225  1.133338E+02
       226  1.798210E+02
       227  1.139524E+02
       228  1.802319E+02
       229  4.146149E+01
       230  6.552536E+01
       231  4.146149E+01
       232  6.552536E+01
       233  1.139524E+02
       234  1.802319E+02
       235  1.133338E+02
       236  1.798210E+02
       237  1.130243E+02
       238  1.795253E+02
       239  1.128629E+02
       240  1.794255E+02
       241  1.600496E+03
       242  8.527428E+02
       243  3.440600E+02
       244  7.377782E+01
       245  4.112503E+01
       246  1.600496E+03
       247  8.527428E+02
       248  3.440600E+02
       249  7.377782E+01
       250  4.112503E+01
       251  1.078527E+02
       252  1.734967E+02
       253  1.080428E+02
       254  1.736963E+02
       255  1.083839E+02
       256  1.740978E+02
       257  1.090463E+02
       258  1.745806E+02
       259  3.967503E+01
       260  6.347247E+01
       261  3.967503E+01
       262  6.347247E+01
       263  1.090463E+02
       264  1.745806E+02
       265  1.083839E+02
       266  1.740978E+02
       267  1.080428E+02
       268  1.736963E+02
       269  1.078527E+02
       270  1.734967E+02
       271  1.546264E+03
       272  8.268719E+02
       273  3.362926E+02
       274  7.377195E+01
       275  3.852684E+01
       276  1.546264E+03
       277  8.268719E+02
       278  3.362926E+02
       279  7.377195E+01
       280  3.852684E+01
       281  1.028464E+02
       282  1.675761E+02
       283  1.030486E+02
       284  1.678165E+02
       285  1.034102E+02
       286  1.682713E+02
       287  1.041131E+02
       288  1.687956E+02
       289  3.787880E+01
       290  6.136696E+01
       291  3.787880E+01
       292  6.136696E+01
       293  1.041131E+02
       294  1.687956E+02
       295  1.034102E+02
       296  1.682713E+02
       297  1.030486E+02
       298  1.678165E+02
       299  1.028464E+02
       300  1.675761E+02
       301  1.490781E+03
       302  8.001400E+02
       303  3.280361E+02
       304  7.362458E+01
       305  3.608945E+01
       306  1.490781E+03
       307  8.001400E+02
       308  3.280361E+02
       309  7.362458E+01
       310  3.608945E+01
       311  9.783765E+01
       312  1.616003E+02
       313  9.804804E+01
       314  1.618582E+02
       315  9.842625E+01
       316  1.623435E+02
       317  9.917034E+01
       318  1.628953E+02
       319  3.607906E+01
       320  5.921718E+01
       321  3.607906E+01
       322  5.921718E+01
       323  9.917034E+01
       324  1.628953E+02
       325  9.842625E+01
       326  1.623435E+02
       327  9.804804E+01
       328  1.618582E+02
       329  9.783765E+01
       330  1.616003E+02
       331  1.434027E+03
       332  7.725416E+02
       333  3.192880E+02
       334  7.333032E+01
       335  3.381543E+01
       336  1.434027E+03
       337  7.725416E+02
       338  3.192880E+02
       339  7.333032E+01
       340  3.381543E+01
       341  9.282912E+01
       342  1.555334E+02
       343  9.304854E+01
       344  1.558024E+02
       345  9.344375E+01
       346  1.563113E+02
       347  9.423205E+01
       348  1.568868E+02
       349  3.428095E+01
       350  5.702686E+01
       351  3.428095E+01
       352  5.702686E+01
       353  9.423205E+01
       354  1.568868E+02
       355  9.344375E+01
       356  1.563113E+02
       357  9.304854E+01
       358  1.558024E+02
       359  9.282912E+01
       360  1.555334E+02
       361  1.376001E+03
       362  7.440688E+02
       363  3.100375E+02
       364  7.287930E+01
       365  3.170396E+01
       366  1.376001E+03
       367  7.440688E+02
       368  3.100375E+02
       369  7.287930E+01
       370  3.170396E+01
       371  8.782728E+01
       372  1.493589E+02
       373  8.805722E+01
       374  1.496386E+02
       375  8.847086E+01
       376  1.501708E+02
       377  8.930710E+01
       378  1.507700E+02
       379  3.248756E+01
       380  5.479641E+01
       381  3.248756E+01
       382  5.479641E+01
       383  8.930710E+01
       384  1.507700E+02
       385  8.847086E+01
       386  1.501708E+02
       387  8.805722E+01
       388  1.496386E+02
       389  8.782728E+01
       390  1.493589E+02
       391  1.316707E+03
       392  7.147135E+02
       393  3.002711E+02
       394  7.225966E+01
       395  2.975211E+01
       396  1.316707E+03
       397  7.147135E+02
       398  3.002711E+02
       399  7.225966E+01
       400  2.975211E+01
       401  8.283949E+01
       402  1.430705E+02
       403  8.308102E+01
       404  1.433616E+02
       405  8.351443E+01
       406  1.439189E+02
       407  8.440246E+01
       408  1.445432E+02
       409  3.070137E+01
       410  5.252529E+01
       411  3.070137E+01
       412  5.252529E+01
       413  8.440246E+01
       414  1.445432E+02
       415  8.351443E+01
       416  1.439189E+02
       417  8.308102E+01
       418  1.433616E+02
       419  8.283949E+01
       420  1.430705E+02
       421  1.256154E+03
       422  6.844703E+02
       423  2.899760E+02
       424  7.145915E+01
       425  2.795598E+01
       426  1.256154E+03
       427  6.844703E+02
       428  2.899760E+02
       429  7.145915E+01
       430  2.795598E+01
       431  7.787310E+01
       432  1.366661E+02
       433  7.812697E+01
       434  1.369698E+02
       435  7.858127E+01
       436  1.375542E+02
       437  7.952507E+01
       438  1.382052E+02
       439  2.892484E+01
       440  5.021297E+01
       441  2.892484E+01
       442  5.021297E+01
       443  7.952507E+01
       444  1.382052E+02
       445  7.858127E+01
       446  1.375542E+02
       447  7.812697E+01
       448  1.369698E+02
       449  7.787310E+01
       450  1.366661E+02
       451  1.194362E+03
       452  6.533388E+02
       453  2.791414E+02
       454  7.046553E+01
       455  2.631105E+01
       456  1.194362E+03
       457  6.533388E+02
       458  2.791414E+02
       459  7.046553E+01
       460  2.631105E+01
       461  7.293562E+01
       462  1.301460E+02
       463  7.320249E+01
       464  1.304632E+02
       465  7.367869E+01
       466  1.310766E+02
       467  7.468246E+01
       468  1.317557E+02
       469  2.716069E+01
       470  4.785917E+01
       471  2.716069E+01
       472  4.785917E+01
       473  7.468246E+01
       474  1.317557E+02
       475  7.367869E+01
       476  1.310766E+02
       477  7.320249E+01
       478  1.304632E+02
       479  7.293562E+01
       480  1.301460E+02
       481  1.131360E+03
       482  6.213258E+02
       483  2.677592E+02
       484  6.926677E+01
       485  2.481230E+01
       486  1.131360E+03
       487  6.213258E+02
       488  2.677592E+02
       489  6.926677E+01
       490  2.481230E+01
       491  6.803508E+01
       492  1.235115E+02
       493  6.831560E+01
       494  1.238428E+02
       495  6.881467E+01
       496  1.244868E+02
       497  6.988294E+01
       498  1.251953E+02
       499  2.541192E+01
       500  4.546398E+01
       501  2.541192E+01
       502  4.546398E+01
       503  6.988294E+01
       504  1.251953E+02
       505  6.881467E+01
       506  1.244868E+02
       507  6.831560E+01
       508  1.238428E+02
       509  6.803508E+01
       510  1.235115E+02
       511  1.067199E+03
       512  5.884471E+02
       513  2.558252E+02
       514  6.785122E+01
       515  2.345412E+01
       516  1.067199E+03
       517  5.884471E+02
       518  2.558252E+02
       519  6.785122E+01
       520  2.345412E+01
       521  6.318023E+01
       522  1.167650E+02
       523  6.347506E+01
       524  1.171108E+02
       525  6.399800E+01
       526  1.177869E+02
       527  6.513565E+01
       528  1.185257E+02
       529  2.368183E+01
       530  4.302785E+01
       531  2.368183E+01
       532  4.302785E+01
       533  6.513565E+01
       534  1.185257E+02
       535  6.399800E+01
       536  1.177869E+02
       537  6.347506E+01
       538  1.171108E+02
       539  6.318023E+01
       540  1.167650E+02
       541  1.001945E+03
       542  5.547293E+02
       543  2.433393E+02
       544  6.620790E+01
       545  2.223028E+01
       546  1.001945E+03
       547  5.547293E+02
       548  2.433393E+02
       549  6.620790E+01
       550  2.223028E+01
       551  5.838070E+01
       552  1.099097E+02
       553  5.869052E+01
       554  1.102704E+02
       555  5.923829E+01
       556  1.109799E+02
       557  6.045059E+01
       558  1.117499E+02
       559  2.197406E+01
       560  4.055167E+01
       561  2.197406E+01
       562  4.055167E+01
       563  6.045059E+01
       564  1.117499E+02
       565  5.923829E+01
       566  1.109799E+02
       567  5.869052E+01
       568  1.102704E+02
       569  5.838070E+01
       570  1.099097E+02
       571  9.356917E+02
       572  5.202126E+02
       573  2.303076E+02
       574  6.432693E+01
       575  2.113393E+01
       576  9.356917E+02
       577  5.202126E+02
       578  2.303076E+02
       579  6.432693E+01
       580  2.113393E+01
       581  5.364703E+01
       582  1.029501E+02
       583  5.397251E+01
       584  1.033260E+02
       585  5.454603E+01
       586  1.040704E+02
       587  5.583870E+01
       588  1.048724E+02
       589  2.029257E+01
       590  3.803692E+01
       591  2.029257E+01
       592  3.803692E+01
       593  5.583870E+01
       594  1.048724E+02
       595  5.454603E+01
       596  1.040704E+02
       597  5.397251E+01
       598  1.033260E+02
       599  5.364703E+01
       600  1.029501E+02
       601  8.685591E+02
       602  4.849533E+02
       603  2.167429E+02
       604  6.219993E+01
       605  2.015754E+01
       606  8.685591E+02
       607  4.849533E+02
       608  2.167429E+02
       609  6.219993E+01
       610  2.015754E+01
       611  4.899072E+01
       612  9.589154E+01
       613  4.933249E+01
       614  9.628343E+01
       615  4.993265E+01
       616  9.706472E+01
       617  5.131191E+01
       618  9.789961E+01
       619  1.864170E+01
       620  3.548584E+01
       621  1.864170E+01
       622  3.548584E+01
       623  5.131191E+01
       624  9.789961E+01
       625  4.993265E+01
       626  9.706472E+01
       627  4.933249E+01
       628  9.628343E+01
       629  4.899072E+01
       630  9.589154E+01
       631  8.007027E+02
       632  4.490273E+02
       633  2.026672E+02
       634  5.982064E+01
       635  1.929299E+01
       636  8.007027E+02
       637  4.490273E+02
       638  2.026672E+02
       639  5.982064E+01
       640  1.929299E+01
       641  4.442410E+01
       642  8.874070E+01
       643  4.478276E+01
       644  8.915031E+01
       645  4.541052E+01
       646  8.997152E+01
       647  4.688326E+01
       648  9.084091E+01
       649  1.702628E+01
       650  3.290162E+01
       651  1.702628E+01
       652  3.290162E+01
       653  4.688326E+01
       654  9.084091E+01
       655  4.541052E+01
       656  8.997152E+01
       657  4.478276E+01
       658  8.915031E+01
       659  4.442410E+01
       660  8.874070E+01
       661  7.323187E+02
       662  4.125339E+02
       663  1.881130E+02
       664  5.718560E+01
       665  1.853169E+01
       666  7.323187E+02
       667  4.125339E+02
       668  1.881130E+02
       669  5.718560E+01
       670  1.853169E+01
       671  3.996016E+01
       672  8.150594E+01
       673  4.033637E+01
       674  8.193661E+01
       675  4.099291E+01
       676  8.280260E+01
       677  4.256704E+01
       678  8.370909E+01
       679  1.545168E+01
       680  3.028884E+01
       681  1.545168E+01
       682  3.028884E+01
       683  4.256704E+01
       684  8.370909E+01
       685  4.099291E+01
       686  8.280260E+01
       687  4.033637E+01
       688  8.193661E+01
       689  3.996016E+01
       690  8.150594E+01
       691  6.636514E+02
       692  3.756000E+02
       693  1.731258E+02
       694  5.429516E+01
       695  1.786493E+01
       696  6.636514E+02
       697  3.756000E+02
       698  1.731258E+02
       699  5.429516E+01
       700  1.786493E+01
       701  3.561221E+01
       702  7.419878E+01
       703  3.600690E+01
       704  7.465603E+01
       705  3.669406E+01
       706  7.557424E+01
       707  3.837908E+01
       708  7.652204E+01
       709  1.392401E+01
       710  2.765389E+01
       711  1.392401E+01
       712  2.765389E+01
       713  3.837908E+01
       714  7.652204E+01
       715  3.669406E+01
       716  7.557424E+01
       717  3.600690E+01
       718  7.465603E+01
       719  3.561221E+01
       720  7.419878E+01
       721  5.949998E+02
       722  3.383839E+02
       723  1.577664E+02
       724  5.115492E+01
       725  1.728469E+01
       726  5.949998E+02
       727  3.383839E+02
       728  1.577664E+02
       729  5.115492E+01
       730  1.728469E+01
       731  3.139379E+01
       732  6.683724E+01
       733  3.180839E+01
       734  6.732874E+01
       735  3.252919E+01
       736  6.830933E+01
       737  3.433705E+01
       738  6.930446E+01
       739  1.245029E+01
       740  2.500559E+01
       741  1.245029E+01
       742  2.500559E+01
       743  3.433705E+01
       744  6.930446E+01
       745  3.252919E+01
       746  6.830933E+01
       747  3.180839E+01
       748  6.732874E+01
       749  3.139379E+01
       750  6.683724E+01
       751  5.267208E+02
       752  3.010783E+02
       753  1.421136E+02
       754  4.777793E+01
       755  1.678502E+01
       756  5.267208E+02
       757  3.010783E+02
       758  1.421136E+02
       759  4.777793E+01
       760  1.678502E+01
       761  2.731897E+01
       762  5.945259E+01
       763  2.775582E+01
       764  5.998620E+01
       765  2.851501E+01
       766  6.104044E+01
       767  3.046117E+01
       768  6.208996E+01
       769  1.103866E+01
       770  2.235570E+01
       771  1.103866E+01
       772  2.235570E+01
       773  3.046117E+01
       774  6.208996E+01
       775  2.851501E+01
       776  6.104044E+01
       777  2.775582E+01
       778  5.998620E+01
       779  2.731897E+01
       780  5.945259E+01
       781  4.592290E+02
       782  2.639113E+02
       783  1.262670E+02
       784  4.418796E+01
       785  1.636456E+01
       786  4.592290E+02
       787  2.639113E+02
       788  1.262670E+02
       789  4.418796E+01
       790  1.636456E+01
       791  2.340421E+01
       792  5.210031E+01
       793  2.386672E+01
       794  5.267844E+01
       795  2.467093E+01
       796  5.381363E+01
       797  2.677533E+01
       798  5.492299E+01
       799  9.698437E+00
       800  1.971943E+01
       801  9.698437E+00
       802  1.971943E+01
       803  2.677533E+01
       804  5.492299E+01
       805  2.467093E+01
       806  5.381363E+01
       807  2.386672E+01
       808  5.267844E+01
       809  2.340421E+01
       810  5.210031E+01
       811  3.929895E+02
       812  2.271471E+02
       813  1.103512E+02
       814  4.042443E+01
       815  1.603024E+01
       816  3.929895E+02
       817  2.271471E+02
       818  1.103512E+02
       819  4.042443E+01
       820  1.603024E+01
       821  1.967264E+01
       822  4.487463E+01
       823  2.016505E+01
       824  4.548295E+01
       825  2.102192E+01
       826  4.669191E+01
       827  2.330926E+01
       828  4.785955E+01
       829  8.440062E+00
       830  1.711528E+01
       831  8.440062E+00
       832  1.711528E+01
       833  2.330926E+01
       834  4.785955E+01
       835  2.102192E+01
       836  4.669191E+01
       837  2.016505E+01
       838  4.548295E+01
       839  1.967264E+01
       840  4.487463E+01
       841  3.285095E+02
       842  1.910860E+02
       843  9.452038E+01
       844  3.654855E+01
       845  1.580223E+01
       846  3.285095E+02
       847  1.910860E+02
       848  9.452038E+01
       849  3.654855E+01
       850  1.580223E+01
       851  1.616241E+01
       852  3.792241E+01
       853  1.668875E+01
       854  3.851131E+01
       855  1.760404E+01
       856  3.975573E+01
       857  2.010235E+01
       858  4.096498E+01
       859  7.274637E+00
       860  1.456430E+01
       861  7.274637E+00
       862  1.456430E+01
       863  2.010235E+01
       864  4.096498E+01
       865  1.760404E+01
       866  3.975573E+01
       867  1.668875E+01
       868  3.851131E+01
       869  1.616241E+01
       870  3.792241E+01
       871  2.663427E+02
       872  1.560745E+02
       873  7.896653E+01
       874  3.264919E+01
       875  1.571807E+01
       876  2.663427E+02
       877  1.560745E+02
       878  7.896653E+01
       879  3.264919E+01
       880  1.571807E+01
       881  1.294223E+01
       882  3.144838E+01
       883  1.350407E+01
       884  3.190708E+01
       885  1.447488E+01
       886  3.309557E+01
       887  1.720948E+01
       888  3.430571E+01
       889  6.213028E+00
       890  1.208747E+01
       891  6.213028E+00
       892  1.208747E+01
       893  1.720948E+01
       894  3.430571E+01
       895  1.447488E+01
       896  3.309557E+01
       897  1.350407E+01
       898  3.190708E+01
       899  1.294223E+01
       900  3.144838E+01
       901  2.071409E+02
       902  1.225357E+02
       903  6.393204E+01
       904  2.884409E+01
       905  1.583121E+01
       906  2.071409E+02
       907  1.225357E+02
       908  6.393204E+01
       909  2.884409E+01
       910  1.583121E+01
       911  1.014465E+01
       912  2.570187E+01
       913  1.073601E+01
       914  2.582917E+01
       915  1.173449E+01
       916  2.679291E+01
       917  1.471035E+01
       918  2.793268E+01
       919  5.264304E+00
       920  9.701166E+00
       921  5.264304E+00
       922  9.701166E+00
       923  1.471035E+01
       924  2.793268E+01
       925  1.173449E+01
       926  2.679291E+01
       927  1.073601E+01
       928  2.582917E+01
       929  1.014465E+01
       930  2.570187E+01
       931  1.517813E+02
       932  9.104307E+01
       933  4.974488E+01
       934  2.528271E+01
       935  1.619007E+01
       936  1.517813E+02
       937  9.104307E+01
       938  4.974488E+01
       939  2.528271E+01
       940  1.619007E+01
       941  8.034233E+00
       942  2.094895E+01
       943  8.636801E+00
       944  2.043397E+01
       945  9.574402E+00
       946  2.090921E+01
       947  1.273488E+01
       948  2.187187E+01
       949  4.432871E+00
       950  7.416644E+00
       951  4.432871E+00
       952  7.416644E+00
       953  1.273488E+01
       954  2.187187E+01
       955  9.574402E+00
       956  2.090921E+01
       957  8.636801E+00
       958  2.043397E+01
       959  8.034233E+00
       960  2.094895E+01
       961  1.014962E+02
       962  6.245788E+01
       963  3.692227E+01
       964  2.215519E+01
       965  1.677794E+01
       966  1.014962E+02
       967  6.245788E+01
       968  3.692227E+01
       969  2.215519E+01
       970  1.677794E+01
       971  7.133836E+00
       972  1.740296E+01
       973  7.726376E+00
       974  1.591337E+01
       975  8.396700E+00
       976  1.557496E+01
       977  1.156686E+01
       978  1.623503E+01
       979  3.714933E+00
       980  5.297604E+00
       981  3.714933E+00
       982  5.297604E+00
       983  1.156686E+01
       984  1.623503E+01
       985  8.396700E+00
       986  1.557496E+01
       987  7.726376E+00
       988  1.591337E+01
       989  7.133836E+00
       990  1.740296E+01
       991  5.793934E+01
       992  3.815558E+01
       993  2.634754E+01
       994  1.963916E+01
       995  1.736105E+01
       996  5.793934E+01
       997  3.815558E+01
       998  2.634754E+01
       999  1.963916E+01
      1000  1.736105E+01
      1001  8.082834E+00
      1002  1.501587E+01
      1003  8.824119E+00
      1004  1.263900E+01
      1005  9.055259E+00
      1006  1.140554E+01
      1007  1.207075E+01
      1008  1.173920E+01
      1009  3.127235E+00
      1010  3.728367E+00
      1011  3.127235E+00
      1012  3.728367E+00
      1013  1.207075E+01
      1014  1.173920E+01
      1015  9.055259E+00
      1016  1.140554E+01
      1017  8.824119E+00
      1018  1.263900E+01
      1019  8.082834E+00
      1020  1.501587E+01
      1021  2.383481E+01
      1022  1.975734E+01
      1023  1.845597E+01
      1024  1.756792E+01
      1025  1.765319E+01
      1026  2.383481E+01
      1027  1.975734E+01
      1028  1.845597E+01
      1029  1.756792E+01
      1030  1.765319E+01
      1031  1.021984E+01
      1032  1.270952E+01
      1033  1.179203E+01
      1034  1.069765E+01
      1035  1.253833E+01
      1036  1.006937E+01
      1037  1.694598E+01
      1038  1.155044E+01
      1039  2.802965E+00
      1040  4.530026E+00
      1041  2.802965E+00
      1042  4.530026E+00
      1043  1.694598E+01
      1044  1.155044E+01
      1045  1.253833E+01
      1046  1.006937E+01
      1047  1.179203E+01
      1048  1.069765E+01
      1049  1.021984E+01
      1050  1.270952E+01
      1051  4.690834E+00
      1052  7.335506E+00
      1053  1.081528E+01
      1054  1.423127E+01
      1055  2.018889E+01
      1056  4.690834E+00
      1057  7.335506E+00
      1058  1.081528E+01
      1059  1.423127E+01
      1060  2.018889E+01
      1061  9.863865E+00
      1062  9.301956E+00
      1063  1.217611E+01
      1064  8.751277E+00
      1065  1.644798E+01
      1066  1.197842E+01
      1067  3.281866E+01
      1068  2.445817E+01
      1069  3.797805E+00
      1070  1.523194E+01
      1071  3.797805E+00
      1072  1.523194E+01
      1073  3.281866E+01
      1074  2.445817E+01
      1075  1.644798E+01
      1076  1.197842E+01
      1077  1.217611E+01
      1078  8.751277E+00
      1079  9.863865E+00
      1080  9.301956E+00
      1081  7.507883E-02
      1082  4.842870E-01
      1083  1.704775E+00
      1084  4.751118E+00
      1085  1.362677E+01
      1086  7.507883E-02
      1087  4.842870E-01
      1088  1.704775E+00
      1089  4.751118E+00
      1090  1.362677E+01
      1091  3.857556E+00
      1092  5.641358E+00
      1093  5.268400E+00
      1094  5.176718E+00
      1095  9.189416E+00
      1096  1.101452E+01
      1097  3.278814E+01
      1098  3.299109E+01
      1099  4.008545E+00
      1100  2.574466E+01
      1101  4.008545E+00
      1102  2.574466E+01
      1103  3.278814E+01
      1104  3.299109E+01
      1105  9.189416E+00
      1106  1.101452E+01
      1107  5.268400E+00
      1108  5.176718E+00
      1109  3.857556E+00
      1110  5.641358E+00

                                INCREMENT     9


 displacements (vx,vy,vz) for set TIP_TOP and time  0.7750000E+00

      1799  5.263725E-01 -1.823994E-02 -1.614158E+01
      1800  5.264643E-01 -1.793472E-02 -1.610066E+01
      1803  5.258404E-01 -1.739610E-02 -1.606031E+01
      1806  5.255165E-01 -1.422672E-02 -1.602304E+01
      1808  5.257046E-01 -5.686491E-03 -1.599905E+01
      1810  5.256162E-01 -1.476925E-14 -1.599773E+01
      1812  5.257046E-01  5.686491E-03 -1.599905E+01
      1815  5.255165E-01  1.422672E-02 -1.602304E+01
      1818  5.258404E-01  1.739610E-02 -1.606031E+01
      1821  5.264643E-01  1.793472E-02 -1.610066E+01
      1824  5.263725E-01  1.823994E-02 -1.614158E+01

 forces (fx,fy,fz) for set CLAMP and time  0.7750000E+00

         1  2.585486E+04  3.175419E+04  1.041703E+04
         4  4.648035E+04 -1.444365E-09  2.080624E+04
         5  3.675689E+04  4.934409E+04  1.410014E+03
         8  6.485761E+04  3.887245E-09  2.870381E+03
         9  2.455239E+04  3.240502E+04 -6.644737E+02
        12  4.301893E+04  2.895334E-10 -1.279228E+03
        13  1.277961E+04  1.658441E+04 -2.062816E+03
        16  2.233458E+04 -6.748109E-11 -4.065073E+03
        17  8.110324E+02  6.342844E+02 -2.373371E+03
        20  1.341727E+03 -8.313277E-11 -4.714686E+03
        21 -7.721855E+03 -5.420040E+03 -7.334009E+03
        24 -9.475673E+03 -6.911310E-11 -2.644924E+03
        26  2.585486E+04 -3.175419E+04  1.041703E+04
        28  3.675689E+04 -4.934409E+04  1.410014E+03
        30  2.455239E+04 -3.240502E+04 -6.644737E+02
        32  1.277961E+04 -1.658441E+04 -2.062816E+03
        34  8.110324E+02 -6.342844E+02 -2.373371E+03
        36 -7.721855E+03  5.420040E+03 -7.334009E+03
        37 -5.150641E+03 -3.246233E+03 -7.410627E+03
        40 -6.019196E+03 -1.001473E+03 -1.288029E+04
        41 -1.335921E+04 -7.516390E+03 -2.088644E+03
        44 -1.912454E+04 -2.200769E+03 -4.058616E+03
        45 -9.472437E+03 -4.286074E+03  9.085939E+03
        48 -1.564172E+04 -1.202679E+03  1.664705E+04
        50 -5.089762E+03 -9.456755E+02 -1.182358E+04
        52 -1.815995E+04 -1.990759E+03 -4.096189E+03
        54 -1.569459E+04 -1.043754E+03  1.590741E+04
        56 -5.029186E+03 -7.282531E+02 -1.177126E+04
        58 -1.830161E+04 -1.391082E+03 -4.028135E+03
        60 -1.597937E+04 -6.810271E+02  1.597530E+04
        62 -1.280394E+04 -5.569643E+02 -2.468335E+03
        64 -1.107551E+04 -2.424519E+02  1.109336E+04
        66 -6.887305E+03 -5.169242E-11 -1.241561E+03
        68 -5.932729E+03 -6.759255E-11  5.968994E+03
        70 -1.280394E+04  5.569643E+02 -2.468335E+03
        72 -1.107551E+04  2.424519E+02  1.109336E+04
        74 -5.029186E+03  7.282531E+02 -1.177126E+04
        76 -1.830161E+04  1.391082E+03 -4.028135E+03
        78 -1.597937E+04  6.810271E+02  1.597530E+04
        80 -5.089762E+03  9.456755E+02 -1.182358E+04
        82 -1.815995E+04  1.990759E+03 -4.096189E+03
        84 -1.569459E+04  1.043754E+03  1.590741E+04
        86 -6.019196E+03  1.001473E+03 -1.288029E+04
        88 -1.912454E+04  2.200769E+03 -4.058616E+03
        90 -1.564172E+04  1.202679E+03  1.664705E+04
        92 -5.150641E+03  3.246233E+03 -7.410627E+03
        94 -1.335921E+04  7.516390E+03 -2.088644E+03
        96 -9.472437E+03  4.286074E+03  9.085939E+03

 internal energy (element, energy) for set EALL and time  0.7750000E+00

         1  1.866766E+03
         2  8.782399E+02
         3  3.307858E+02
         4  5.621206E+01
         5  4.675095E+01
         6  1.866766E+03
         7  8.782399E+02
         8  3.307858E+02
         9  5.621206E+01
        10  4.675095E+01
        11  1.504348E+02
        12  2.321453E+02
        13  1.224869E+02
        14  2.005877E+02
        15  1.157793E+02
        16  1.947934E+02
        17  1.188028E+02
        18  1.969680E+02
        19  4.425965E+01
        20  7.266826E+01
        21  4.425965E+01
        22  7.266826E+01
        23  1.188028E+02
        24  1.969680E+02
        25  1.157793E+02
        26  1.947934E+02
        27  1.224869E+02
        28  2.005877E+02
        29  1.504348E+02
        30  2.321453E+02
        31  2.487022E+03
        32  1.391964E+03
        33  5.344533E+02
        34  1.002997E+02
        35  8.907042E+01
        36  2.487022E+03
        37  1.391964E+03
        38  5.344533E+02
        39  1.002997E+02
        40  8.907042E+01
        41  1.805857E+02
        42  2.615338E+02
        43  1.945383E+02
        44  2.779228E+02
        45  1.943854E+02
        46  2.779567E+02
        47  1.948440E+02
        48  2.796188E+02
        49  7.057121E+01
        50  1.020533E+02
        51  7.057121E+01
        52  1.020533E+02
        53  1.948440E+02
        54  2.796188E+02
        55  1.943854E+02
        56  2.779567E+02
        57  1.945383E+02
        58  2.779228E+02
        59  1.805857E+02
        60  2.615338E+02
        61  2.343035E+03
        62  1.266944E+03
        63  5.055157E+02
        64  9.748849E+01
        65  7.970104E+01
        66  2.343035E+03
        67  1.266944E+03
        68  5.055157E+02
        69  9.748849E+01
        70  7.970104E+01
        71  1.616456E+02
        72  2.489877E+02
        73  1.724988E+02
        74  2.625457E+02
        75  1.792969E+02
        76  2.718293E+02
        77  1.819805E+02
        78  2.759779E+02
        79  6.628630E+01
        80  1.007062E+02
        81  6.628630E+01
        82  1.007062E+02
        83  1.819805E+02
        84  2.759779E+02
        85  1.792969E+02
        86  2.718293E+02
        87  1.724988E+02
        88  2.625457E+02
        89  1.616456E+02
        90  2.489877E+02
        91  2.425728E+03
        92  1.282327E+03
        93  5.060931E+02
        94  9.978973E+01
        95  7.764386E+01
        96  2.425728E+03
        97  1.282327E+03
        98  5.060931E+02
        99  9.978973E+01
       100  7.764386E+01
       101  1.716039E+02
       102  2.616152E+02
       103  1.749050E+02
       104  2.656503E+02
       105  1.786898E+02
       106  2.699809E+02
       107  1.810267E+02
       108  2.720308E+02
       109  6.587715E+01
       110  9.887246E+01
       111  6.587715E+01
       112  9.887246E+01
       113  1.810267E+02
       114  2.720308E+02
       115  1.786898E+02
       116  2.699809E+02
       117  1.749050E+02
       118  2.656503E+02
       119  1.716039E+02
       120  2.616152E+02
       121  2.374341E+03
       122  1.249683E+03
       123  4.909909E+02
       124  9.709297E+01
       125  7.095796E+01
       126  2.374341E+03
       127  1.249683E+03
       128  4.909909E+02
       129  9.709297E+01
       130  7.095796E+01
       131  1.676271E+02
       132  2.588520E+02
       133  1.683850E+02
       134  2.592197E+02
       135  1.695707E+02
       136  2.599940E+02
       137  1.707047E+02
       138  2.606130E+02
       139  6.212606E+01
       140  9.474579E+01
       141  6.212606E+01
       142  9.474579E+01
       143  1.707047E+02
       144  2.606130E+02
       145  1.695707E+02
       146  2.599940E+02
       147  1.683850E+02
       148  2.592197E+02
       149  1.676271E+02
       150  2.588520E+02
       151  2.314097E+03
       152  1.219662E+03
       153  4.809440E+02
       154  9.650907E+01
       155  6.591671E+01
       156  2.314097E+03
       157  1.219662E+03
       158  4.809440E+02
       159  9.650907E+01
       160  6.591671E+01
       161  1.619294E+02
       162  2.522863E+02
       163  1.620534E+02
       164  2.519252E+02
       165  1.625103E+02
       166  2.519695E+02
       167  1.632923E+02
       168  2.522479E+02
       169  5.942047E+01
       170  9.167913E+01
       171  5.942047E+01
       172  9.167913E+01
       173  1.632923E+02
       174  2.522479E+02
       175  1.625103E+02
       176  2.519695E+02
       177  1.620534E+02
       178  2.519252E+02
       179  1.619294E+02
       180  2.522863E+02
       181  2.247847E+03
       182  1.188762E+03
       183  4.720342E+02
       184  9.672942E+01
       185  6.171551E+01
       186  2.247847E+03
       187  1.188762E+03
       188  4.720342E+02
       189  9.672942E+01
       190  6.171551E+01
       191  1.554153E+02
       192  2.444544E+02
       193  1.555511E+02
       194  2.443281E+02
       195  1.559127E+02
       196  2.444888E+02
       197  1.566726E+02
       198  2.448822E+02
       199  5.700577E+01
       200  8.901919E+01
       201  5.700577E+01
       202  8.901919E+01
       203  1.566726E+02
       204  2.448822E+02
       205  1.559127E+02
       206  2.444888E+02
       207  1.555511E+02
       208  2.443281E+02
       209  1.554153E+02
       210  2.444544E+02
       211  2.179535E+03
       212  1.156902E+03
       213  4.630226E+02
       214  9.703886E+01
       215  5.785392E+01
       216  2.179535E+03
       217  1.156902E+03
       218  4.630226E+02
       219  9.703886E+01
       220  5.785392E+01
       221  1.488092E+02
       222  2.365508E+02
       223  1.490181E+02
       224  2.366781E+02
       225  1.494237E+02
       226  2.370651E+02
       227  1.502376E+02
       228  2.376060E+02
       229  5.466393E+01
       230  8.638446E+01
       231  5.466393E+01
       232  8.638446E+01
       233  1.502376E+02
       234  2.376060E+02
       235  1.494237E+02
       236  2.370651E+02
       237  1.490181E+02
       238  2.366781E+02
       239  1.488092E+02
       240  2.365508E+02
       241  2.109630E+03
       242  1.123932E+03
       243  4.534309E+02
       244  9.721225E+01
       245  5.422217E+01
       246  2.109630E+03
       247  1.123932E+03
       248  4.534309E+02
       249  9.721225E+01
       250  5.422217E+01
       251  1.422047E+02
       252  2.287374E+02
       253  1.424514E+02
       254  2.289957E+02
       255  1.428988E+02
       256  2.295217E+02
       257  1.437705E+02
       258  2.301571E+02
       259  5.230905E+01
       260  8.367856E+01
       261  5.230905E+01
       262  8.367856E+01
       263  1.437705E+02
       264  2.301571E+02
       265  1.428988E+02
       266  2.295217E+02
       267  1.424514E+02
       268  2.289957E+02
       269  1.422047E+02
       270  2.287374E+02
       271  2.038146E+03
       272  1.089833E+03
       273  4.431945E+02
       274  9.720460E+01
       275  5.079623E+01
       276  2.038146E+03
       277  1.089833E+03
       278  4.431945E+02
       279  9.720460E+01
       280  5.079623E+01
       281  1.356053E+02
       282  2.209338E+02
       283  1.358681E+02
       284  2.212457E+02
       285  1.363426E+02
       286  2.218420E+02
       287  1.372678E+02
       288  2.225320E+02
       289  4.994131E+01
       290  8.090332E+01
       291  4.994131E+01
       292  8.090332E+01
       293  1.372678E+02
       294  2.225320E+02
       295  1.363426E+02
       296  2.218420E+02
       297  1.358681E+02
       298  2.212457E+02
       299  1.356053E+02
       300  2.209338E+02
       301  1.965013E+03
       302  1.054600E+03
       303  4.323135E+02
       304  9.701056E+01
       305  4.758228E+01
       306  1.965013E+03
       307  1.054600E+03
       308  4.323135E+02
       309  9.701056E+01
       310  4.758228E+01
       311  1.290028E+02
       312  2.130569E+02
       313  1.292764E+02
       314  2.133920E+02
       315  1.297728E+02
       316  2.140285E+02
       317  1.307523E+02
       318  2.147549E+02
       319  4.756892E+01
       320  7.806973E+01
       321  4.756892E+01
       322  7.806973E+01
       323  1.307523E+02
       324  2.147549E+02
       325  1.297728E+02
       326  2.140285E+02
       327  1.292764E+02
       328  2.133920E+02
       329  1.290028E+02
       330  2.130569E+02
       331  1.890205E+03
       332  1.018225E+03
       333  4.207849E+02
       334  9.662303E+01
       335  4.458369E+01
       336  1.890205E+03
       337  1.018225E+03
       338  4.207849E+02
       339  9.662303E+01
       340  4.458369E+01
       341  1.224005E+02
       342  2.050598E+02
       343  1.226861E+02
       344  2.054098E+02
       345  1.232048E+02
       346  2.060775E+02
       347  1.242427E+02
       348  2.068350E+02
       349  4.519866E+01
       350  7.518267E+01
       351  4.519866E+01
       352  7.518267E+01
       353  1.242427E+02
       354  2.068350E+02
       355  1.232048E+02
       356  2.060775E+02
       357  1.226861E+02
       358  2.054098E+02
       359  1.224005E+02
       360  2.050598E+02
       361  1.813721E+03
       362  9.806980E+02
       363  4.085942E+02
       364  9.602900E+01
       365  4.179939E+01
       366  1.813721E+03
       367  9.806980E+02
       368  4.085942E+02
       369  9.602900E+01
       370  4.179939E+01
       371  1.158069E+02
       372  1.969210E+02
       373  1.161064E+02
       374  1.972850E+02
       375  1.166495E+02
       376  1.979836E+02
       377  1.177506E+02
       378  1.987724E+02
       379  4.283460E+01
       380  7.224270E+01
       381  4.283460E+01
       382  7.224270E+01
       383  1.177506E+02
       384  1.987724E+02
       385  1.166495E+02
       386  1.979836E+02
       387  1.161064E+02
       388  1.972850E+02
       389  1.158069E+02
       390  1.969210E+02
       391  1.735566E+03
       392  9.420079E+02
       393  3.957238E+02
       394  9.521285E+01
       395  3.922550E+01
       396  1.735566E+03
       397  9.420079E+02
       398  3.957238E+02
       399  9.521285E+01
       400  3.922550E+01
       401  1.092318E+02
       402  1.886319E+02
       403  1.095466E+02
       404  1.890112E+02
       405  1.101158E+02
       406  1.897428E+02
       407  1.112852E+02
       408  1.905648E+02
       409  4.048000E+01
       410  6.924909E+01
       411  4.048000E+01
       412  6.924909E+01
       413  1.112852E+02
       414  1.905648E+02
       415  1.101158E+02
       416  1.897428E+02
       417  1.095466E+02
       418  1.890112E+02
       419  1.092318E+02
       420  1.886319E+02
       421  1.655752E+03
       422  9.021477E+02
       423  3.821567E+02
       424  9.415841E+01
       425  3.685688E+01
       426  1.655752E+03
       427  9.021477E+02
       428  3.821567E+02
       429  9.415841E+01
       430  3.685688E+01
       431  1.026848E+02
       432  1.801900E+02
       433  1.030159E+02
       434  1.805859E+02
       435  1.036127E+02
       436  1.813533E+02
       437  1.048556E+02
       438  1.822106E+02
       439  3.813811E+01
       440  6.620115E+01
       441  3.813811E+01
       442  6.620115E+01
       443  1.048556E+02
       444  1.822106E+02
       445  1.036127E+02
       446  1.813533E+02
       447  1.030159E+02
       448  1.805859E+02
       449  1.026848E+02
       450  1.801900E+02
       451  1.574305E+03
       452  8.611170E+02
       453  3.678786E+02
       454  9.284957E+01
       455  3.468761E+01
       456  1.574305E+03
       457  8.611170E+02
       458  3.678786E+02
       459  9.284957E+01
       460  3.468761E+01
       461  9.617580E+01
       462  1.715954E+02
       463  9.652413E+01
       464  1.720092E+02
       465  9.714980E+01
       466  1.728149E+02
       467  9.847180E+01
       468  1.737093E+02
       469  3.581251E+01
       470  6.309853E+01
       471  3.581251E+01
       472  6.309853E+01
       473  9.847180E+01
       474  1.737093E+02
       475  9.714980E+01
       476  1.728149E+02
       477  9.652413E+01
       478  1.720092E+02
       479  9.617580E+01
       480  1.715954E+02
       481  1.491264E+03
       482  8.189247E+02
       483  3.528791E+02
       484  9.127046E+01
       485  3.271105E+01
       486  1.491264E+03
       487  8.189247E+02
       488  3.528791E+02
       489  9.127046E+01
       490  3.271105E+01
       491  8.971537E+01
       492  1.628500E+02
       493  9.008178E+01
       494  1.632826E+02
       495  9.073768E+01
       496  1.641287E+02
       497  9.214474E+01
       498  1.650618E+02
       499  3.350716E+01
       500  5.994133E+01
       501  3.350716E+01
       502  5.994133E+01
       503  9.214474E+01
       504  1.650618E+02
       505  9.073768E+01
       506  1.641287E+02
       507  9.008178E+01
       508  1.632826E+02
       509  8.971537E+01
       510  1.628500E+02
       511  1.406694E+03
       512  7.755916E+02
       513  3.371523E+02
       514  8.940572E+01
       515  3.091983E+01
       516  1.406694E+03
       517  7.755916E+02
       518  3.371523E+02
       519  8.940572E+01
       520  3.091983E+01
       521  8.331507E+01
       522  1.539569E+02
       523  8.370046E+01
       524  1.544087E+02
       525  8.438788E+01
       526  1.552972E+02
       527  8.588646E+01
       528  1.562703E+02
       529  3.122643E+01
       530  5.673014E+01
       531  3.122643E+01
       532  5.673014E+01
       533  8.588646E+01
       534  1.562703E+02
       535  8.438788E+01
       536  1.552972E+02
       537  8.370046E+01
       538  1.544087E+02
       539  8.331507E+01
       540  1.539569E+02
       541  1.320686E+03
       542  7.311528E+02
       543  3.206984E+02
       544  8.724090E+01
       545  2.930574E+01
       546  1.320686E+03
       547  7.311528E+02
       548  3.206984E+02
       549  8.724090E+01
       550  2.930574E+01
       551  7.698757E+01
       552  1.449203E+02
       553  7.739285E+01
       554  1.453919E+02
       555  7.811309E+01
       556  1.463245E+02
       557  7.971015E+01
       558  1.473387E+02
       559  2.897508E+01
       560  5.346616E+01
       561  2.897508E+01
       562  5.346616E+01
       563  7.971015E+01
       564  1.473387E+02
       565  7.811309E+01
       566  1.463245E+02
       567  7.739285E+01
       568  1.453919E+02
       569  7.698757E+01
       570  1.449203E+02
       571  1.233360E+03
       572  6.856610E+02
       573  3.035251E+02
       574  8.476295E+01
       575  2.785975E+01
       576  1.233360E+03
       577  6.856610E+02
       578  3.035251E+02
       579  8.476295E+01
       580  2.785975E+01
       581  7.074678E+01
       582  1.357461E+02
       583  7.117285E+01
       584  1.362379E+02
       585  7.192713E+01
       586  1.372167E+02
       587  7.363022E+01
       588  1.382730E+02
       589  2.675834E+01
       590  5.015132E+01
       591  2.675834E+01
       592  5.015132E+01
       593  7.363022E+01
       594  1.382730E+02
       595  7.192713E+01
       596  1.372167E+02
       597  7.117285E+01
       598  1.362379E+02
       599  7.074678E+01
       600  1.357461E+02
       601  1.144875E+03
       602  6.391907E+02
       603  2.856496E+02
       604  8.196085E+01
       605  2.657196E+01
       606  1.144875E+03
       607  6.391907E+02
       608  2.856496E+02
       609  8.196085E+01
       610  2.657196E+01
       611  6.460784E+01
       612  1.264413E+02
       613  6.505554E+01
       614  1.269544E+02
       615  6.584507E+01
       616  1.279820E+02
       617  6.766238E+01
       618  1.290817E+02
       619  2.458196E+01
       620  4.678855E+01
       621  2.458196E+01
       622  4.678855E+01
       623  6.766238E+01
       624  1.290817E+02
       625  6.584507E+01
       626  1.279820E+02
       627  6.505554E+01
       628  1.269544E+02
       629  6.460784E+01
       630  1.264413E+02
       631  1.055436E+03
       632  5.918416E+02
       633  2.671005E+02
       634  7.882632E+01
       635  2.543165E+01
       636  1.055436E+03
       637  5.918416E+02
       638  2.671005E+02
       639  7.882632E+01
       640  2.543165E+01
       641  5.858703E+01
       642  1.170147E+02
       643  5.905717E+01
       644  1.175514E+02
       645  5.988319E+01
       646  1.186318E+02
       647  6.182383E+01
       648  1.197771E+02
       649  2.245226E+01
       650  4.338209E+01
       651  2.245226E+01
       652  4.338209E+01
       653  6.182383E+01
       654  1.197771E+02
       655  5.988319E+01
       656  1.186318E+02
       657  5.905717E+01
       658  1.175514E+02
       659  5.858703E+01
       660  1.170147E+02
       661  9.653022E+02
       662  5.437447E+02
       663  2.479208E+02
       664  7.535479E+01
       665  2.442752E+01
       666  9.653022E+02
       667  5.437447E+02
       668  2.479208E+02
       669  7.535479E+01
       670  2.442752E+01
       671  5.270144E+01
       672  1.074774E+02
       673  5.319492E+01
       674  1.080421E+02
       675  5.405901E+01
       676  1.091817E+02
       677  5.613340E+01
       678  1.103760E+02
       679  2.037635E+01
       680  3.993794E+01
       681  2.037635E+01
       682  3.993794E+01
       683  5.613340E+01
       684  1.103760E+02
       685  5.405901E+01
       686  1.091817E+02
       687  5.319492E+01
       688  1.080421E+02
       689  5.270144E+01
       690  1.074774E+02
       691  8.747948E+02
       692  4.950672E+02
       693  2.281704E+02
       694  7.154672E+01
       695  2.354809E+01
       696  8.747948E+02
       697  4.950672E+02
       698  2.281704E+02
       699  7.154672E+01
       700  2.354809E+01
       701  4.696866E+01
       702  9.784452E+01
       703  4.748668E+01
       704  9.844458E+01
       705  4.839127E+01
       706  9.965321E+01
       707  5.061193E+01
       708  1.009019E+02
       709  1.836226E+01
       710  3.646453E+01
       711  1.836226E+01
       712  3.646453E+01
       713  5.061193E+01
       714  1.009019E+02
       715  4.839127E+01
       716  9.965321E+01
       717  4.748668E+01
       718  9.844458E+01
       719  4.696866E+01
       720  9.784452E+01
       721  7.843077E+02
       722  4.460176E+02
       723  2.079294E+02
       724  6.740948E+01
       725  2.278278E+01
       726  7.843077E+02
       727  4.460176E+02
       728  2.079294E+02
       729  6.740948E+01
       730  2.278278E+01
       731  4.140652E+01
       732  8.813980E+01
       733  4.195098E+01
       734  8.878530E+01
       735  4.290004E+01
       736  9.007634E+01
       737  4.528272E+01
       738  9.138748E+01
       739  1.641926E+01
       740  3.297343E+01
       741  1.641926E+01
       742  3.297343E+01
       743  4.528272E+01
       744  9.138748E+01
       745  4.290004E+01
       746  9.007634E+01
       747  4.195098E+01
       748  8.878530E+01
       749  4.140652E+01
       750  8.813980E+01
       751  6.943115E+02
       752  3.968497E+02
       753  1.873015E+02
       754  6.296023E+01
       755  2.212376E+01
       756  6.943115E+02
       757  3.968497E+02
       758  1.873015E+02
       759  6.296023E+01
       760  2.212376E+01
       761  3.603357E+01
       762  7.840445E+01
       763  3.660756E+01
       764  7.910573E+01
       765  3.760733E+01
       766  8.049403E+01
       767  4.017237E+01
       768  8.187688E+01
       769  1.455806E+01
       770  2.948018E+01
       771  1.455806E+01
       772  2.948018E+01
       773  4.017237E+01
       774  8.187688E+01
       775  3.760733E+01
       776  8.049403E+01
       777  3.660756E+01
       778  7.910573E+01
       779  3.603357E+01
       780  7.840445E+01
       781  6.053523E+02
       782  3.478642E+02
       783  1.664181E+02
       784  5.823028E+01
       785  2.156921E+01
       786  6.053523E+02
       787  3.478642E+02
       788  1.664181E+02
       789  5.823028E+01
       790  2.156921E+01
       791  3.087153E+01
       792  6.871152E+01
       793  3.147952E+01
       794  6.947180E+01
       795  3.253875E+01
       796  7.096695E+01
       797  3.531238E+01
       798  7.242868E+01
       799  1.279096E+01
       800  2.600475E+01
       801  1.279096E+01
       802  2.600475E+01
       803  3.531238E+01
       804  7.242868E+01
       805  3.253875E+01
       806  7.096695E+01
       807  3.147952E+01
       808  6.947180E+01
       809  3.087153E+01
       810  6.871152E+01
       811  5.180431E+02
       812  2.994089E+02
       813  1.454431E+02
       814  5.327154E+01
       815  2.112830E+01
       816  5.180431E+02
       817  2.994089E+02
       818  1.454431E+02
       819  5.327154E+01
       820  2.112830E+01
       821  2.595084E+01
       822  5.918517E+01
       823  2.659844E+01
       824  5.998557E+01
       825  2.772718E+01
       826  6.157815E+01
       827  3.074194E+01
       828  6.311667E+01
       829  1.113171E+01
       830  2.257158E+01
       831  1.113171E+01
       832  2.257158E+01
       833  3.074194E+01
       834  6.311667E+01
       835  2.772718E+01
       836  6.157815E+01
       837  2.659844E+01
       838  5.998557E+01
       839  2.595084E+01
       840  5.918517E+01
       841  4.330523E+02
       842  2.518800E+02
       843  1.245799E+02
       844  4.816467E+01
       845  2.082758E+01
       846  4.330523E+02
       847  2.518800E+02
       848  1.245799E+02
       849  4.816467E+01
       850  2.082758E+01
       851  2.132174E+01
       852  5.001896E+01
       853  2.201428E+01
       854  5.079411E+01
       855  2.322018E+01
       856  5.243366E+01
       857  2.651302E+01
       858  5.402703E+01
       859  9.594959E+00
       860  1.920838E+01
       861  9.594959E+00
       862  1.920838E+01
       863  2.651302E+01
       864  5.402703E+01
       865  2.322018E+01
       866  5.243366E+01
       867  2.201428E+01
       868  5.079411E+01
       869  2.132174E+01
       870  5.001896E+01
       871  3.511097E+02
       872  2.057337E+02
       873  1.040813E+02
       874  4.302675E+01
       875  2.071654E+01
       876  3.511097E+02
       877  2.057337E+02
       878  1.040813E+02
       879  4.302675E+01
       880  2.071654E+01
       881  1.707472E+01
       882  4.148274E+01
       883  1.781434E+01
       884  4.208667E+01
       885  1.909367E+01
       886  4.365279E+01
       887  2.269805E+01
       888  4.524738E+01
       889  8.195039E+00
       890  1.594288E+01
       891  8.195039E+00
       892  1.594288E+01
       893  2.269805E+01
       894  4.524738E+01
       895  1.909367E+01
       896  4.365279E+01
       897  1.781434E+01
       898  4.208667E+01
       899  1.707472E+01
       900  4.148274E+01
       901  2.730742E+02
       902  1.615279E+02
       903  8.426684E+01
       904  3.801296E+01
       905  2.086571E+01
       906  2.730742E+02
       907  1.615279E+02
       908  8.426684E+01
       909  3.801296E+01
       910  2.086571E+01
       911  1.338443E+01
       912  3.390532E+01
       913  1.416333E+01
       914  3.407278E+01
       915  1.547951E+01
       916  3.534299E+01
       917  1.940218E+01
       918  3.684497E+01
       919  6.943921E+00
       920  1.279671E+01
       921  6.943921E+00
       922  1.279671E+01
       923  1.940218E+01
       924  3.684497E+01
       925  1.547951E+01
       926  3.534299E+01
       927  1.416333E+01
       928  3.407278E+01
       929  1.338443E+01
       930  3.390532E+01
       931  2.001017E+02
       932  1.200179E+02
       933  6.556869E+01
       934  3.332036E+01
       935  2.133900E+01
       936  2.001017E+02
       937  1.200179E+02
       938  6.556869E+01
       939  3.332036E+01
       940  2.133900E+01
       941  1.059968E+01
       942  2.763779E+01
       943  1.139371E+01
       944  2.695872E+01
       945  1.263017E+01
       946  2.758526E+01
       947  1.679680E+01
       948  2.885404E+01
       949  5.847418E+00
       950  9.784731E+00
       951  5.847418E+00
       952  9.784731E+00
       953  1.679680E+01
       954  2.885404E+01
       955  1.263017E+01
       956  2.758526E+01
       957  1.139371E+01
       958  2.695872E+01
       959  1.059968E+01
       960  2.763779E+01
       961  1.338159E+02
       962  8.233903E+01
       963  4.866856E+01
       964  2.919968E+01
       965  2.211454E+01
       966  1.338159E+02
       967  8.233903E+01
       968  4.866856E+01
       969  2.919968E+01
       970  2.211454E+01
       971  9.409987E+00
       972  2.296192E+01
       973  1.019104E+01
       974  2.099760E+01
       975  1.107571E+01
       976  2.055152E+01
       977  1.525591E+01
       978  2.142163E+01
       979  4.900505E+00
       980  6.990786E+00
       981  4.900505E+00
       982  6.990786E+00
       983  1.525591E+01
       984  2.142163E+01
       985  1.107571E+01
       986  2.055152E+01
       987  1.019104E+01
       988  2.099760E+01
       989  9.409987E+00
       990  2.296192E+01
       991  7.639615E+01
       992  5.030395E+01
       993  3.473094E+01
       994  2.588524E+01
       995  2.288441E+01
       996  7.639615E+01
       997  5.030395E+01
       998  3.473094E+01
       999  2.588524E+01
      1000  2.288441E+01
      1001  1.065909E+01
      1002  1.981484E+01
      1003  1.163617E+01
      1004  1.667973E+01
      1005  1.194209E+01
      1006  1.505288E+01
      1007  1.591879E+01
      1008  1.549239E+01
      1009  4.125180E+00
      1010  4.921133E+00
      1011  4.125180E+00
      1012  4.921133E+00
      1013  1.591879E+01
      1014  1.549239E+01
      1015  1.194209E+01
      1016  1.505288E+01
      1017  1.163617E+01
      1018  1.667973E+01
      1019  1.065909E+01
      1020  1.981484E+01
      1021  3.143200E+01
      1022  2.605031E+01
      1023  2.433061E+01
      1024  2.315741E+01
      1025  2.327048E+01
      1026  3.143200E+01
      1027  2.605031E+01
      1028  2.433061E+01
      1029  2.315741E+01
      1030  2.327048E+01
      1031  1.347552E+01
      1032  1.677449E+01
      1033  1.554825E+01
      1034  1.411998E+01
      1035  1.653327E+01
      1036  1.328971E+01
      1037  2.234457E+01
      1038  1.524011E+01
      1039  3.696990E+00
      1040  5.976312E+00
      1041  3.696990E+00
      1042  5.976312E+00
      1043  2.234457E+01
      1044  1.524011E+01
      1045  1.653327E+01
      1046  1.328971E+01
      1047  1.554825E+01
      1048  1.411998E+01
      1049  1.347552E+01
      1050  1.677449E+01
      1051  6.187388E+00
      1052  9.674136E+00
      1053  1.426147E+01
      1054  1.876302E+01
      1055  2.661450E+01
      1056  6.187388E+00
      1057  9.674136E+00
      1058  1.426147E+01
      1059  1.876302E+01
      1060  2.661450E+01
      1061  1.300634E+01
      1062  1.227873E+01
      1063  1.605555E+01
      1064  1.155117E+01
      1065  2.168938E+01
      1066  1.580326E+01
      1067  4.327243E+01
      1068  3.225510E+01
      1069  5.007906E+00
      1070  2.008336E+01
      1071  5.007906E+00
      1072  2.008336E+01
      1073  4.327243E+01
      1074  3.225510E+01
      1075  2.168938E+01
      1076  1.580326E+01
      1077  1.605555E+01
      1078  1.155117E+01
      1079  1.300634E+01
      1080  1.227873E+01
      1081  9.908005E-02
      1082  6.389960E-01
      1083  2.249104E+00
      1084  6.267442E+00
      1085  1.797224E+01
      1086  9.908005E-02
      1087  6.389960E-01
      1088  2.249104E+00
      1089  6.267442E+00
      1090  1.797224E+01
      1091  5.089002E+00
      1092  7.448665E+00
      1093  6.948250E+00
      1094  6.830796E+00
      1095  1.211769E+01
      1096  1.452664E+01
      1097  4.323392E+01
      1098  4.350203E+01
      1099  5.286280E+00
      1100  3.394798E+01
      1101  5.286280E+00
      1102  3.394798E+01
      1103  4.323392E+01
      1104  4.350203E+01
      1105  1.211769E+01
      1106  1.452664E+01
      1107  6.948250E+00
      1108  6.830796E+00
      1109  5.089002E+00
      1110  7.448665E+00

                                INCREMENT    10


 displacements (vx,vy,vz) for set TIP_TOP and time  0.8750000E+00

      1799  5.827826E-01 -2.057866E-02 -1.845488E+01
      1800  5.829777E-01 -2.023971E-02 -1.840867E+01
      1803  5.823688E-01 -1.963653E-02 -1.836311E+01
      1806  5.820904E-01 -1.606216E-02 -1.832102E+01
      1808  5.823612E-01 -6.420936E-03 -1.829394E+01
      1810  5.822668E-01  6.955448E-14 -1.829245E+01
      1812  5.823612E-01  6.420936E-03 -1.829394E+01
      1815  5.820904E-01  1.606216E-02 -1.832102E+01
      1818  5.823688E-01  1.963653E-02 -1.836311E+01
      1821  5.829777E-01  2.023971E-02 -1.840867E+01
      1824  5.827826E-01  2.057866E-02 -1.845488E+01

 forces (fx,fy,fz) for set CLAMP and time  0.8750000E+00

         1  2.889679E+04  3.429753E+04  1.168840E+04
         4  5.178925E+04  6.233568E-09  2.334670E+04
         5  4.141907E+04  5.538266E+04  2.040311E+03
         8  7.295077E+04  9.177175E-09  4.156101E+03
         9  2.812645E+04  3.712597E+04 -7.496669E+02
        12  4.927141E+04  3.646749E-10 -1.444166E+03
        13  1.477893E+04  1.918281E+04 -2.419724E+03
        16  2.582788E+04 -3.441719E-09 -4.770224E+03
        17  1.098420E+03  9.455652E+02 -2.796346E+03
        20  1.830608E+03 -4.760586E-10 -5.554500E+03
        21 -8.758862E+03 -6.081584E+03 -8.386538E+03
        24 -1.065518E+04  9.423326E-09 -3.119397E+03
        26  2.889679E+04 -3.429753E+04  1.168840E+04
        28  4.141907E+04 -5.538266E+04  2.040311E+03
        30  2.812645E+04 -3.712597E+04 -7.496669E+02
        32  1.477893E+04 -1.918281E+04 -2.419724E+03
        34  1.098420E+03 -9.455652E+02 -2.796346E+03
        36 -8.758862E+03  6.081584E+03 -8.386538E+03
        37 -5.854222E+03 -3.687996E+03 -8.420134E+03
        40 -6.862448E+03 -1.137030E+03 -1.463995E+04
        41 -1.517190E+04 -8.535730E+03 -2.372463E+03
        44 -2.172307E+04 -2.490177E+03 -4.609424E+03
        45 -1.075330E+04 -4.865829E+03  1.032132E+04
        48 -1.774095E+04 -1.356900E+03  1.890265E+04
        50 -5.834517E+03 -1.072516E+03 -1.344321E+04
        52 -2.061653E+04 -2.245410E+03 -4.648378E+03
        54 -1.776085E+04 -1.171573E+03  1.804250E+04
        56 -5.796363E+03 -8.173139E+02 -1.337988E+04
        58 -2.075185E+04 -1.553203E+03 -4.576631E+03
        60 -1.802585E+04 -7.555330E+02  1.808386E+04
        62 -1.449006E+04 -6.138060E+02 -2.825829E+03
        64 -1.245831E+04 -2.652922E+02  1.253132E+04
        66 -7.788949E+03  7.175562E-10 -1.428956E+03
        68 -6.666944E+03  1.687421E-13  6.736757E+03
        70 -1.449006E+04  6.138060E+02 -2.825829E+03
        72 -1.245831E+04  2.652922E+02  1.253132E+04
        74 -5.796363E+03  8.173139E+02 -1.337988E+04
        76 -2.075185E+04  1.553203E+03 -4.576631E+03
        78 -1.802585E+04  7.555330E+02  1.808386E+04
        80 -5.834517E+03  1.072516E+03 -1.344321E+04
        82 -2.061653E+04  2.245410E+03 -4.648378E+03
        84 -1.776085E+04  1.171573E+03  1.804250E+04
        86 -6.862448E+03  1.137030E+03 -1.463995E+04
        88 -2.172307E+04  2.490177E+03 -4.609424E+03
        90 -1.774095E+04  1.356900E+03  1.890265E+04
        92 -5.854222E+03  3.687996E+03 -8.420134E+03
        94 -1.517190E+04  8.535730E+03 -2.372463E+03
        96 -1.075330E+04  4.865829E+03  1.032132E+04

 internal energy (element, energy) for set EALL and time  0.8750000E+00

         1  2.352996E+03
         2  1.144942E+03
         3  4.380300E+02
         4  7.600809E+01
         5  5.940619E+01
         6  2.352996E+03
         7  1.144942E+03
         8  4.380300E+02
         9  7.600809E+01
        10  5.940619E+01
        11  1.941787E+02
        12  2.995881E+02
        13  1.580566E+02
        14  2.585718E+02
        15  1.492353E+02
        16  2.506037E+02
        17  1.525788E+02
        18  2.527298E+02
        19  5.669594E+01
        20  9.310584E+01
        21  5.669594E+01
        22  9.310584E+01
        23  1.525788E+02
        24  2.527298E+02
        25  1.492353E+02
        26  2.506037E+02
        27  1.580566E+02
        28  2.585718E+02
        29  1.941787E+02
        30  2.995881E+02
        31  3.322581E+03
        32  1.839410E+03
        33  7.096486E+02
        34  1.343098E+02
        35  1.130742E+02
        36  3.322581E+03
        37  1.839410E+03
        38  7.096486E+02
        39  1.343098E+02
        40  1.130742E+02
        41  2.331857E+02
        42  3.383621E+02
        43  2.510060E+02
        44  3.594184E+02
        45  2.505488E+02
        46  3.593680E+02
        47  2.508552E+02
        48  3.615142E+02
        49  9.084694E+01
        50  1.319788E+02
        51  9.084694E+01
        52  1.319788E+02
        53  2.508552E+02
        54  3.615142E+02
        55  2.505488E+02
        56  3.593680E+02
        57  2.510060E+02
        58  3.594184E+02
        59  2.331857E+02
        60  3.383621E+02
        61  3.101338E+03
        62  1.697210E+03
        63  6.774415E+02
        64  1.315742E+02
        65  1.015590E+02
        66  3.101338E+03
        67  1.697210E+03
        68  6.774415E+02
        69  1.315742E+02
        70  1.015590E+02
        71  2.087690E+02
        72  3.229904E+02
        73  2.227342E+02
        74  3.406060E+02
        75  2.315144E+02
        76  3.527544E+02
        77  2.351073E+02
        78  3.583355E+02
        79  8.567579E+01
        80  1.308236E+02
        81  8.567579E+01
        82  1.308236E+02
        83  2.351073E+02
        84  3.583355E+02
        85  2.315144E+02
        86  3.527544E+02
        87  2.227342E+02
        88  3.406060E+02
        89  2.087690E+02
        90  3.229904E+02
        91  3.238839E+03
        92  1.725888E+03
        93  6.837617E+02
        94  1.360860E+02
        95  9.937641E+01
        96  3.238839E+03
        97  1.725888E+03
        98  6.837617E+02
        99  1.360860E+02
       100  9.937641E+01
       101  2.217764E+02
       102  3.399408E+02
       103  2.261195E+02
       104  3.452911E+02
       105  2.311429E+02
       106  3.510847E+02
       107  2.343720E+02
       108  3.539988E+02
       109  8.533814E+01
       110  1.287303E+02
       111  8.533814E+01
       112  1.287303E+02
       113  2.343720E+02
       114  3.539988E+02
       115  2.311429E+02
       116  3.510847E+02
       117  2.261195E+02
       118  3.452911E+02
       119  2.217764E+02
       120  3.399408E+02
       121  3.177015E+03
       122  1.687512E+03
       123  6.655700E+02
       124  1.332550E+02
       125  9.102922E+01
       126  3.177015E+03
       127  1.687512E+03
       128  6.655700E+02
       129  1.332550E+02
       130  9.102922E+01
       131  2.167841E+02
       132  3.367634E+02
       133  2.178577E+02
       134  3.373462E+02
       135  2.195369E+02
       136  3.385257E+02
       137  2.212122E+02
       138  3.395719E+02
       139  8.055607E+01
       140  1.235075E+02
       141  8.055607E+01
       142  1.235075E+02
       143  2.212122E+02
       144  3.395719E+02
       145  2.195369E+02
       146  3.385257E+02
       147  2.178577E+02
       148  3.373462E+02
       149  2.167841E+02
       150  3.367634E+02
       151  3.091909E+03
       152  1.647347E+03
       153  6.529242E+02
       154  1.328210E+02
       155  8.469305E+01
       156  3.091909E+03
       157  1.647347E+03
       158  6.529242E+02
       159  1.328210E+02
       160  8.469305E+01
       161  2.095112E+02
       162  3.284065E+02
       163  2.097431E+02
       164  3.280080E+02
       165  2.104528E+02
       166  3.281944E+02
       167  2.116306E+02
       168  3.287338E+02
       169  7.704675E+01
       170  1.195159E+02
       171  7.704675E+01
       172  1.195159E+02
       173  2.116306E+02
       174  3.287338E+02
       175  2.104528E+02
       176  3.281944E+02
       177  2.097431E+02
       178  3.280080E+02
       179  2.095112E+02
       180  3.284065E+02
       181  2.999892E+03
       182  1.603821E+03
       183  6.404346E+02
       184  1.331230E+02
       185  7.938619E+01
       186  2.999892E+03
       187  1.603821E+03
       188  6.404346E+02
       189  1.331230E+02
       190  7.938619E+01
       191  2.011052E+02
       192  3.182169E+02
       193  2.013285E+02
       194  3.180897E+02
       195  2.018802E+02
       196  3.183792E+02
       197  2.029817E+02
       198  3.190034E+02
       199  7.387788E+01
       200  1.159852E+02
       201  7.387788E+01
       202  1.159852E+02
       203  2.029817E+02
       204  3.190034E+02
       205  2.018802E+02
       206  3.183792E+02
       207  2.013285E+02
       208  3.180897E+02
       209  2.011052E+02
       210  3.182169E+02
       211  2.904932E+03
       212  1.558243E+03
       213  6.270779E+02
       214  1.332690E+02
       215  7.449452E+01
       216  2.904932E+03
       217  1.558243E+03
       218  6.270779E+02
       219  1.332690E+02
       220  7.449452E+01
       221  1.925163E+02
       222  3.078071E+02
       223  1.928175E+02
       224  3.079903E+02
       225  1.934005E+02
       226  3.085444E+02
       227  1.945409E+02
       228  3.093218E+02
       229  7.079661E+01
       230  1.124691E+02
       231  7.079661E+01
       232  1.124691E+02
       233  1.945409E+02
       234  3.093218E+02
       235  1.934005E+02
       236  3.085444E+02
       237  1.928175E+02
       238  3.079903E+02
       239  1.925163E+02
       240  3.078071E+02
       241  2.807308E+03
       242  1.510620E+03
       243  6.125703E+02
       244  1.330822E+02
       245  6.989324E+01
       246  2.807308E+03
       247  1.510620E+03
       248  6.125703E+02
       249  1.330822E+02
       250  6.989324E+01
       251  1.838830E+02
       252  2.974352E+02
       253  1.842250E+02
       254  2.977833E+02
       255  1.848487E+02
       256  2.985078E+02
       257  1.860515E+02
       258  2.993933E+02
       259  6.770076E+01
       260  1.088580E+02
       261  6.770076E+01
       262  1.088580E+02
       263  1.860515E+02
       264  2.993933E+02
       265  1.848487E+02
       266  2.985078E+02
       267  1.842250E+02
       268  2.977833E+02
       269  1.838830E+02
       270  2.974352E+02
       271  2.706740E+03
       272  1.460919E+03
       273  5.969116E+02
       274  1.325508E+02
       275  6.555430E+01
       276  2.706740E+03
       277  1.460919E+03
       278  5.969116E+02
       279  1.325508E+02
       280  6.555430E+01
       281  1.752263E+02
       282  2.870230E+02
       283  1.755865E+02
       284  2.874424E+02
       285  1.762406E+02
       286  2.882581E+02
       287  1.775112E+02
       288  2.892123E+02
       289  6.458928E+01
       290  1.051508E+02
       291  6.458928E+01
       292  1.051508E+02
       293  1.775112E+02
       294  2.892123E+02
       295  1.762406E+02
       296  2.882581E+02
       297  1.755865E+02
       298  2.874424E+02
       299  1.752263E+02
       300  2.870230E+02
       301  2.603120E+03
       302  1.409124E+03
       303  5.801170E+02
       304  1.316760E+02
       305  6.148284E+01
       306  2.603120E+03
       307  1.409124E+03
       308  5.801170E+02
       309  1.316760E+02
       310  6.148284E+01
       311  1.665460E+02
       312  2.764714E+02
       313  1.669205E+02
       314  2.769246E+02
       315  1.676024E+02
       316  2.777958E+02
       317  1.689466E+02
       318  2.787986E+02
       319  6.146982E+01
       320  1.013556E+02
       321  6.146982E+01
       322  1.013556E+02
       323  1.689466E+02
       324  2.787986E+02
       325  1.676024E+02
       326  2.777958E+02
       327  1.669205E+02
       328  2.769246E+02
       329  1.665460E+02
       330  2.764714E+02
       331  2.496471E+03
       332  1.355247E+03
       333  5.621840E+02
       334  1.304459E+02
       335  5.767987E+01
       336  2.496471E+03
       337  1.355247E+03
       338  5.621840E+02
       339  1.304459E+02
       340  5.767987E+01
       341  1.578534E+02
       342  2.657182E+02
       343  1.582443E+02
       344  2.661955E+02
       345  1.589555E+02
       346  2.671118E+02
       347  1.603798E+02
       348  2.681568E+02
       349  5.834975E+01
       350  9.747546E+01
       351  5.834975E+01
       352  9.747546E+01
       353  1.603798E+02
       354  2.681568E+02
       355  1.589555E+02
       356  2.671118E+02
       357  1.582443E+02
       358  2.661955E+02
       359  1.578534E+02
       360  2.657182E+02
       361  2.386849E+03
       362  1.299306E+03
       363  5.431002E+02
       364  1.288401E+02
       365  5.414113E+01
       366  2.386849E+03
       367  1.299306E+03
       368  5.431002E+02
       369  1.288401E+02
       370  5.414113E+01
       371  1.491646E+02
       372  2.547327E+02
       373  1.495732E+02
       374  2.552341E+02
       375  1.503147E+02
       376  2.561953E+02
       377  1.518246E+02
       378  2.572828E+02
       379  5.523379E+01
       380  9.350949E+01
       381  5.523379E+01
       382  9.350949E+01
       383  1.518246E+02
       384  2.572828E+02
       385  1.503147E+02
       386  2.561953E+02
       387  1.495732E+02
       388  2.552341E+02
       389  1.491646E+02
       390  2.547327E+02
       391  2.274331E+03
       392  1.241336E+03
       393  5.228489E+02
       394  1.268335E+02
       395  5.085883E+01
       396  2.274331E+03
       397  1.241336E+03
       398  5.228489E+02
       399  1.268335E+02
       400  5.085883E+01
       401  1.404992E+02
       402  2.435083E+02
       403  1.409230E+02
       404  2.440317E+02
       405  1.416910E+02
       406  2.450357E+02
       407  1.432891E+02
       408  2.461644E+02
       409  5.212446E+01
       410  8.945282E+01
       411  5.212446E+01
       412  8.945282E+01
       413  1.432891E+02
       414  2.461644E+02
       415  1.416910E+02
       416  2.450357E+02
       417  1.409230E+02
       418  2.440317E+02
       419  1.404992E+02
       420  2.435083E+02
       421  2.159077E+03
       422  1.181365E+03
       423  5.014077E+02
       424  1.244118E+02
       425  4.782033E+01
       426  2.159077E+03
       427  1.181365E+03
       428  5.014077E+02
       429  1.244118E+02
       430  4.782033E+01
       431  1.318805E+02
       432  2.320631E+02
       433  1.323123E+02
       434  2.325950E+02
       435  1.330966E+02
       436  2.336258E+02
       437  1.347759E+02
       438  2.347791E+02
       439  4.902097E+01
       440  8.529435E+01
       441  4.902097E+01
       442  8.529435E+01
       443  1.347759E+02
       444  2.347791E+02
       445  1.330966E+02
       446  2.336258E+02
       447  1.323123E+02
       448  2.325950E+02
       449  1.318805E+02
       450  2.320631E+02
       451  2.041195E+03
       452  1.119316E+03
       453  4.788928E+02
       454  1.216355E+02
       455  4.499840E+01
       456  2.041195E+03
       457  1.119316E+03
       458  4.788928E+02
       459  1.216355E+02
       460  4.499840E+01
       461  1.233345E+02
       462  2.204408E+02
       463  1.237666E+02
       464  2.209584E+02
       465  1.245538E+02
       466  2.219837E+02
       467  1.262924E+02
       468  2.231198E+02
       469  4.592246E+01
       470  8.102623E+01
       471  4.592246E+01
       472  8.102623E+01
       473  1.262924E+02
       474  2.231198E+02
       475  1.245538E+02
       476  2.219837E+02
       477  1.237666E+02
       478  2.209584E+02
       479  1.233345E+02
       480  2.204408E+02
       481  1.918235E+03
       482  1.055439E+03
       483  4.558538E+02
       484  1.186097E+02
       485  4.234341E+01
       486  1.918235E+03
       487  1.055439E+03
       488  4.558538E+02
       489  1.186097E+02
       490  4.234341E+01
       491  1.148856E+02
       492  2.086999E+02
       493  1.153176E+02
       494  2.091909E+02
       495  1.161039E+02
       496  2.101889E+02
       497  1.178810E+02
       498  2.112697E+02
       499  4.284353E+01
       500  7.667986E+01
       501  4.284353E+01
       502  7.667986E+01
       503  1.178810E+02
       504  2.112697E+02
       505  1.161039E+02
       506  2.101889E+02
       507  1.153176E+02
       508  2.091909E+02
       509  1.148856E+02
       510  2.086999E+02
       511  1.791837E+03
       512  9.920648E+02
       513  4.327080E+02
       514  1.153005E+02
       515  3.982875E+01
       516  1.791837E+03
       517  9.920648E+02
       518  4.327080E+02
       519  1.153005E+02
       520  3.982875E+01
       521  1.065539E+02
       522  1.968924E+02
       523  1.069970E+02
       524  1.973756E+02
       525  1.077989E+02
       526  1.983730E+02
       527  1.096312E+02
       528  1.994294E+02
       529  3.982566E+01
       530  7.234403E+01
       531  3.982566E+01
       532  7.234403E+01
       533  1.096312E+02
       534  1.994294E+02
       535  1.077989E+02
       536  1.983730E+02
       537  1.069970E+02
       538  1.973756E+02
       539  1.065539E+02
       540  1.968924E+02
       541  1.681302E+03
       542  9.320838E+02
       543  4.096724E+02
       544  1.117451E+02
       545  3.753309E+01
       546  1.681302E+03
       547  9.320838E+02
       548  4.096724E+02
       549  1.117451E+02
       550  3.753309E+01
       551  9.835680E+01
       552  1.850473E+02
       553  9.882822E+01
       554  1.855625E+02
       555  9.967497E+01
       556  1.866248E+02
       557  1.016205E+02
       558  1.877500E+02
       559  3.690769E+01
       560  6.808652E+01
       561  3.690769E+01
       562  6.808652E+01
       563  1.016205E+02
       564  1.877500E+02
       565  9.967497E+01
       566  1.866248E+02
       567  9.882822E+01
       568  1.855625E+02
       569  9.835680E+01
       570  1.850473E+02
       571  1.571986E+03
       572  8.738430E+02
       573  3.869507E+02
       574  1.081439E+02
       575  3.555445E+01
       576  1.571986E+03
       577  8.738430E+02
       578  3.869507E+02
       579  1.081439E+02
       580  3.555445E+01
       581  9.031120E+01
       582  1.731650E+02
       583  9.082319E+01
       584  1.737405E+02
       585  9.173578E+01
       586  1.749132E+02
       587  9.384526E+01
       588  1.761665E+02
       589  3.408513E+01
       590  6.387247E+01
       591  3.408513E+01
       592  6.387247E+01
       593  9.384526E+01
       594  1.761665E+02
       595  9.173578E+01
       596  1.749132E+02
       597  9.082319E+01
       598  1.737405E+02
       599  9.031120E+01
       600  1.731650E+02
       601  1.459345E+03
       602  8.146819E+02
       603  3.640429E+02
       604  1.044505E+02
       605  3.387439E+01
       606  1.459345E+03
       607  8.146819E+02
       608  3.640429E+02
       609  1.044505E+02
       610  3.387439E+01
       611  8.243175E+01
       612  1.612219E+02
       613  8.298632E+01
       614  1.618581E+02
       615  8.396763E+01
       616  1.631407E+02
       617  8.625545E+01
       618  1.645103E+02
       619  3.132835E+01
       620  5.962286E+01
       621  3.132835E+01
       622  5.962286E+01
       623  8.625545E+01
       624  1.645103E+02
       625  8.396763E+01
       626  1.631407E+02
       627  8.298632E+01
       628  1.618581E+02
       629  8.243175E+01
       630  1.612219E+02
       631  1.345311E+03
       632  7.543359E+02
       633  3.404014E+02
       634  1.004450E+02
       635  3.241838E+01
       636  1.345311E+03
       637  7.543359E+02
       638  3.404014E+02
       639  1.004450E+02
       640  3.241838E+01
       641  7.472982E+01
       642  1.491853E+02
       643  7.532239E+01
       644  1.498684E+02
       645  7.636510E+01
       646  1.512412E+02
       647  7.882845E+01
       648  1.526947E+02
       649  2.862484E+01
       650  5.530285E+01
       651  2.862484E+01
       652  5.530285E+01
       653  7.882845E+01
       654  1.526947E+02
       655  7.636510E+01
       656  1.512412E+02
       657  7.532239E+01
       658  1.498684E+02
       659  7.472982E+01
       660  1.491853E+02
       661  1.230398E+03
       662  6.930297E+02
       663  3.159591E+02
       664  9.602166E+01
       665  3.113894E+01
       666  1.230398E+03
       667  6.930297E+02
       668  3.159591E+02
       669  9.602166E+01
       670  3.113894E+01
       671  6.721598E+01
       672  1.370320E+02
       673  6.784191E+01
       674  1.377538E+02
       675  6.893952E+01
       676  1.392075E+02
       677  7.158030E+01
       678  1.407292E+02
       679  2.598269E+01
       680  5.092051E+01
       681  2.598269E+01
       682  5.092051E+01
       683  7.158030E+01
       684  1.407292E+02
       685  6.893952E+01
       686  1.392075E+02
       687  6.784191E+01
       688  1.377538E+02
       689  6.721598E+01
       690  1.370320E+02
       691  1.115034E+03
       692  6.309869E+02
       693  2.907881E+02
       694  9.116843E+01
       695  3.001657E+01
       696  1.115034E+03
       697  6.309869E+02
       698  2.907881E+02
       699  9.116843E+01
       700  3.001657E+01
       701  5.990382E+01
       702  1.247607E+02
       703  6.056173E+01
       704  1.255256E+02
       705  6.171291E+01
       706  1.270664E+02
       707  6.454225E+01
       708  1.286577E+02
       709  2.341610E+01
       710  4.649496E+01
       711  2.341610E+01
       712  4.649496E+01
       713  6.454225E+01
       714  1.286577E+02
       715  6.171291E+01
       716  1.270664E+02
       717  6.056173E+01
       718  1.255256E+02
       719  5.990382E+01
       720  1.247607E+02
       721  9.997032E+02
       722  5.684729E+02
       723  2.649922E+02
       724  8.589582E+01
       725  2.903934E+01
       726  9.997032E+02
       727  5.684729E+02
       728  2.649922E+02
       729  8.589582E+01
       730  2.903934E+01
       731  5.281137E+01
       732  1.123949E+02
       733  5.350296E+01
       734  1.132158E+02
       735  5.471128E+01
       736  1.148602E+02
       737  5.774772E+01
       738  1.165306E+02
       739  2.093914E+01
       740  4.204527E+01
       741  2.093914E+01
       742  4.204527E+01
       743  5.774772E+01
       744  1.165306E+02
       745  5.471128E+01
       746  1.148602E+02
       747  5.350296E+01
       748  1.132158E+02
       749  5.281137E+01
       750  1.123949E+02
       751  8.849996E+02
       752  5.058096E+02
       753  2.387044E+02
       754  8.022639E+01
       755  2.819806E+01
       756  8.849996E+02
       757  5.058096E+02
       758  2.387044E+02
       759  8.022639E+01
       760  2.819806E+01
       761  4.596052E+01
       762  9.998661E+01
       763  4.668977E+01
       764  1.008780E+02
       765  4.796286E+01
       766  1.026457E+02
       767  5.123191E+01
       768  1.044073E+02
       769  1.856621E+01
       770  3.759240E+01
       771  1.856621E+01
       772  3.759240E+01
       773  5.123191E+01
       774  1.044073E+02
       775  4.796286E+01
       776  1.026457E+02
       777  4.668977E+01
       778  1.008780E+02
       779  4.596052E+01
       780  9.998661E+01
       781  7.716177E+02
       782  4.433795E+02
       783  2.120917E+02
       784  7.419988E+01
       785  2.749042E+01
       786  7.716177E+02
       787  4.433795E+02
       788  2.120917E+02
       789  7.419988E+01
       790  2.749042E+01
       791  3.937843E+01
       792  8.763032E+01
       793  4.015120E+01
       794  8.859694E+01
       795  4.150018E+01
       796  9.050089E+01
       797  4.503514E+01
       798  9.236297E+01
       799  1.631315E+01
       800  3.316204E+01
       801  1.631315E+01
       802  3.316204E+01
       803  4.503514E+01
       804  9.236297E+01
       805  4.150018E+01
       806  9.050089E+01
       807  4.015120E+01
       808  8.859694E+01
       809  3.937843E+01
       810  8.763032E+01
       811  6.603382E+02
       812  3.816249E+02
       813  1.853623E+02
       814  6.788206E+01
       815  2.692794E+01
       816  6.603382E+02
       817  3.816249E+02
       818  1.853623E+02
       819  6.788206E+01
       820  2.692794E+01
       821  3.310382E+01
       822  7.548525E+01
       823  3.392732E+01
       824  7.650341E+01
       825  3.536506E+01
       826  7.853180E+01
       827  3.920734E+01
       828  8.049185E+01
       829  1.419752E+01
       830  2.878536E+01
       831  1.419752E+01
       832  2.878536E+01
       833  3.920734E+01
       834  8.049185E+01
       835  3.536506E+01
       836  7.853180E+01
       837  3.392732E+01
       838  7.650341E+01
       839  3.310382E+01
       840  7.548525E+01
       841  5.520125E+02
       842  3.210504E+02
       843  1.587752E+02
       844  6.137549E+01
       845  2.654434E+01
       846  5.520125E+02
       847  3.210504E+02
       848  1.587752E+02
       849  6.137549E+01
       850  2.654434E+01
       851  2.720062E+01
       852  6.379860E+01
       853  2.808172E+01
       854  6.478510E+01
       855  2.961803E+01
       856  6.687376E+01
       857  3.381473E+01
       858  6.890381E+01
       859  1.223799E+01
       860  2.449774E+01
       861  1.223799E+01
       862  2.449774E+01
       863  3.381473E+01
       864  6.890381E+01
       865  2.961803E+01
       866  6.687376E+01
       867  2.808172E+01
       868  6.478510E+01
       869  2.720062E+01
       870  6.379860E+01
       871  4.475707E+02
       872  2.622372E+02
       873  1.326524E+02
       874  5.482929E+01
       875  2.640265E+01
       876  4.475707E+02
       877  2.622372E+02
       878  1.326524E+02
       879  5.482929E+01
       880  2.640265E+01
       881  2.178411E+01
       882  5.291456E+01
       883  2.272560E+01
       884  5.368339E+01
       885  2.435583E+01
       886  5.567892E+01
       887  2.894973E+01
       888  5.771067E+01
       889  1.045285E+01
       890  2.033455E+01
       891  1.045285E+01
       892  2.033455E+01
       893  2.894973E+01
       894  5.771067E+01
       895  2.435583E+01
       896  5.567892E+01
       897  2.272560E+01
       898  5.368339E+01
       899  2.178411E+01
       900  5.291456E+01
       901  3.481073E+02
       902  2.058961E+02
       903  1.074008E+02
       904  4.844119E+01
       905  2.659280E+01
       906  3.481073E+02
       907  2.058961E+02
       908  1.074008E+02
       909  4.844119E+01
       910  2.659280E+01
       911  1.707681E+01
       912  4.325248E+01
       913  1.806884E+01
       914  4.346547E+01
       915  1.974654E+01
       916  4.508433E+01
       917  2.474653E+01
       918  4.699826E+01
       919  8.857386E+00
       920  1.632346E+01
       921  8.857386E+00
       922  1.632346E+01
       923  2.474653E+01
       924  4.699826E+01
       925  1.974654E+01
       926  4.508433E+01
       927  1.806884E+01
       928  4.346547E+01
       929  1.707681E+01
       930  4.325248E+01
       931  2.550950E+02
       932  1.529897E+02
       933  8.357141E+01
       934  4.246237E+01
       935  2.719638E+01
       936  2.550950E+02
       937  1.529897E+02
       938  8.357141E+01
       939  4.246237E+01
       940  2.719638E+01
       941  1.352334E+01
       942  3.526031E+01
       943  1.453517E+01
       944  3.439443E+01
       945  1.611194E+01
       946  3.519319E+01
       947  2.142365E+01
       948  3.681022E+01
       949  7.459001E+00
       950  1.248343E+01
       951  7.459001E+00
       952  1.248343E+01
       953  2.142365E+01
       954  3.681022E+01
       955  1.611194E+01
       956  3.519319E+01
       957  1.453517E+01
       958  3.439443E+01
       959  1.352334E+01
       960  3.526031E+01
       961  1.706029E+02
       962  1.049644E+02
       963  6.203289E+01
       964  3.721259E+01
       965  2.818572E+01
       966  1.706029E+02
       967  1.049644E+02
       968  6.203289E+01
       969  3.721259E+01
       970  2.818572E+01
       971  1.200306E+01
       972  2.929795E+01
       973  1.299864E+01
       974  2.679312E+01
       975  1.412773E+01
       976  2.622448E+01
       977  1.945776E+01
       978  2.733360E+01
       979  6.251263E+00
       980  8.921156E+00
       981  6.251263E+00
       982  8.921156E+00
       983  1.945776E+01
       984  2.733360E+01
       985  1.412773E+01
       986  2.622448E+01
       987  1.299864E+01
       988  2.679312E+01
       989  1.200306E+01
       990  2.929795E+01
       991  9.740749E+01
       992  6.413058E+01
       993  4.426972E+01
       994  3.299073E+01
       995  2.916864E+01
       996  9.740749E+01
       997  6.413058E+01
       998  4.426972E+01
       999  3.299073E+01
      1000  2.916864E+01
      1001  1.359262E+01
      1002  2.528580E+01
      1003  1.483803E+01
      1004  2.128705E+01
      1005  1.522960E+01
      1006  1.921205E+01
      1007  2.030073E+01
      1008  1.977175E+01
      1009  5.262110E+00
      1010  6.281481E+00
      1011  5.262110E+00
      1012  6.281481E+00
      1013  2.030073E+01
      1014  1.977175E+01
      1015  1.522960E+01
      1016  1.921205E+01
      1017  1.483803E+01
      1018  2.128705E+01
      1019  1.359262E+01
      1020  2.528580E+01
      1021  4.008297E+01
      1022  3.321382E+01
      1023  3.101596E+01
      1024  2.951699E+01
      1025  2.966199E+01
      1026  4.008297E+01
      1027  3.321382E+01
      1028  3.101596E+01
      1029  2.951699E+01
      1030  2.966199E+01
      1031  1.718178E+01
      1032  2.141014E+01
      1033  1.982422E+01
      1034  1.802327E+01
      1035  2.108143E+01
      1036  1.696203E+01
      1037  2.849024E+01
      1038  1.944533E+01
      1039  4.715281E+00
      1040  7.624254E+00
      1041  4.715281E+00
      1042  7.624254E+00
      1043  2.849024E+01
      1044  1.944533E+01
      1045  2.108143E+01
      1046  1.696203E+01
      1047  1.982422E+01
      1048  1.802327E+01
      1049  1.718178E+01
      1050  2.141014E+01
      1051  7.892227E+00
      1052  1.233738E+01
      1053  1.818506E+01
      1054  2.392108E+01
      1055  3.392642E+01
      1056  7.892227E+00
      1057  1.233738E+01
      1058  1.818506E+01
      1059  2.392108E+01
      1060  3.392642E+01
      1061  1.658375E+01
      1062  1.567430E+01
      1063  2.047219E+01
      1064  1.474464E+01
      1065  2.765702E+01
      1066  2.016184E+01
      1067  5.517231E+01
      1068  4.113354E+01
      1069  6.385580E+00
      1070  2.560554E+01
      1071  6.385580E+00
      1072  2.560554E+01
      1073  5.517231E+01
      1074  4.113354E+01
      1075  2.765702E+01
      1076  2.016184E+01
      1077  2.047219E+01
      1078  1.474464E+01
      1079  1.658375E+01
      1080  1.567430E+01
      1081  1.264465E-01
      1082  8.153405E-01
      1083  2.869415E+00
      1084  7.995064E+00
      1085  2.292141E+01
      1086  1.264465E-01
      1087  8.153405E-01
      1088  2.869415E+00
      1089  7.995064E+00
      1090  2.292141E+01
      1091  6.492128E+00
      1092  9.511216E+00
      1093  8.861396E+00
      1094  8.716257E+00
      1095  1.545173E+01
      1096  1.852634E+01
      1097  5.512586E+01
      1098  5.546794E+01
      1099  6.741214E+00
      1100  4.328739E+01
      1101  6.741214E+00
      1102  4.328739E+01
      1103  5.512586E+01
      1104  5.546794E+01
      1105  1.545173E+01
      1106  1.852634E+01
      1107  8.861396E+00
      1108  8.716257E+00
      1109  6.492128E+00
      1110  9.511216E+00

                                INCREMENT    11


 displacements (vx,vy,vz) for set TIP_TOP and time  0.9750000E+00

      1799  6.372566E-01 -2.291284E-02 -2.141659E+01
      1800  6.375978E-01 -2.254189E-02 -2.136510E+01
      1803  6.370486E-01 -2.187563E-02 -2.131432E+01
      1806  6.368567E-01 -1.789748E-02 -2.126742E+01
      1808  6.372380E-01 -7.155574E-03 -2.123724E+01
      1810  6.371401E-01  1.984155E-14 -2.123558E+01
      1812  6.372380E-01  7.155574E-03 -2.123724E+01
      1815  6.368567E-01  1.789748E-02 -2.126742E+01
      1818  6.370486E-01  2.187563E-02 -2.131432E+01
      1821  6.375978E-01  2.254189E-02 -2.136510E+01
      1824  6.372566E-01  2.291284E-02 -2.141659E+01

 forces (fx,fy,fz) for set CLAMP and time  0.9750000E+00

         1  3.112215E+04  3.551698E+04  1.269043E+04
         4  5.506121E+04 -2.455576E-09  2.533671E+04
         5  4.595048E+04  5.976052E+04  3.394359E+03
         8  8.033142E+04 -3.955959E-09  6.921616E+03
         9  3.273062E+04  4.320476E+04 -5.583581E+02
        12  5.724284E+04 -9.767242E-10 -1.044446E+03
        13  1.778838E+04  2.310955E+04 -2.947698E+03
        16  3.108962E+04  1.160302E-08 -5.817112E+03
        17  1.898456E+03  1.906464E+03 -3.450732E+03
        20  3.208406E+03  5.376714E-09 -6.852590E+03
        21 -9.834671E+03 -6.653326E+03 -9.671334E+03
        24 -1.172614E+04  8.495945E-09 -3.870742E+03
        26  3.112215E+04 -3.551698E+04  1.269043E+04
        28  4.595048E+04 -5.976052E+04  3.394359E+03
        30  3.273062E+04 -4.320476E+04 -5.583581E+02
        32  1.778838E+04 -2.310955E+04 -2.947698E+03
        34  1.898456E+03 -1.906464E+03 -3.450732E+03
        36 -9.834671E+03  6.653326E+03 -9.671334E+03
        37 -6.614980E+03 -4.175992E+03 -9.539671E+03
        40 -7.774674E+03 -1.289757E+03 -1.659449E+04
        41 -1.719760E+04 -9.673879E+03 -2.721572E+03
        44 -2.462964E+04 -2.804658E+03 -5.286420E+03
        45 -1.221051E+04 -5.518438E+03  1.171573E+04
        48 -2.011959E+04 -1.518963E+03  2.144175E+04
        50 -6.682824E+03 -1.216348E+03 -1.525151E+04
        52 -2.335326E+04 -2.514040E+03 -5.323177E+03
        54 -2.004383E+04 -1.296658E+03  2.042067E+04
        56 -6.731449E+03 -9.079935E+02 -1.518163E+04
        58 -2.345240E+04 -1.702542E+03 -5.258640E+03
        60 -2.019358E+04 -8.144711E+02  2.038253E+04
        62 -1.631172E+04 -6.535477E+02 -3.304298E+03
        64 -1.386350E+04 -2.770523E+02  1.406107E+04
        66 -8.756848E+03 -5.856926E-10 -1.690535E+03
        68 -7.402221E+03 -2.716919E-09  7.544846E+03
        70 -1.631172E+04  6.535477E+02 -3.304298E+03
        72 -1.386350E+04  2.770523E+02  1.406107E+04
        74 -6.731449E+03  9.079935E+02 -1.518163E+04
        76 -2.345240E+04  1.702542E+03 -5.258640E+03
        78 -2.019358E+04  8.144711E+02  2.038253E+04
        80 -6.682824E+03  1.216348E+03 -1.525151E+04
        82 -2.335326E+04  2.514040E+03 -5.323177E+03
        84 -2.004383E+04  1.296658E+03  2.042067E+04
        86 -7.774674E+03  1.289757E+03 -1.659449E+04
        88 -2.462964E+04  2.804658E+03 -5.286420E+03
        90 -2.011959E+04  1.518963E+03  2.144175E+04
        92 -6.614980E+03  4.175992E+03 -9.539671E+03
        94 -1.719760E+04  9.673879E+03 -2.721572E+03
        96 -1.221051E+04  5.518438E+03  1.171573E+04

 internal energy (element, energy) for set EALL and time  0.9750000E+00

         1  2.925352E+03
         2  1.511682E+03
         3  6.174860E+02
         4  1.137028E+02
         5  7.336893E+01
         6  2.925352E+03
         7  1.511682E+03
         8  6.174860E+02
         9  1.137028E+02
        10  7.336893E+01
        11  2.493950E+02
        12  3.864294E+02
        13  2.029363E+02
        14  3.329282E+02
        15  1.912902E+02
        16  3.214813E+02
        17  1.942383E+02
        18  3.225676E+02
        19  7.182594E+01
        20  1.185087E+02
        21  7.182594E+01
        22  1.185087E+02
        23  1.942383E+02
        24  3.225676E+02
        25  1.912902E+02
        26  3.214813E+02
        27  2.029363E+02
        28  3.329282E+02
        29  2.493950E+02
        30  3.864294E+02
        31  4.633067E+03
        32  2.623604E+03
        33  1.004139E+03
        34  1.965855E+02
        35  1.399267E+02
        36  4.633067E+03
        37  2.623604E+03
        38  1.004139E+03
        39  1.965855E+02
        40  1.399267E+02
        41  2.997461E+02
        42  4.385511E+02
        43  3.222472E+02
        44  4.656352E+02
        45  3.211444E+02
        46  4.656982E+02
        47  3.211223E+02
        48  4.689888E+02
        49  1.163440E+02
        50  1.714186E+02
        51  1.163440E+02
        52  1.714186E+02
        53  3.211223E+02
        54  4.689888E+02
        55  3.211444E+02
        56  4.656982E+02
        57  3.222472E+02
        58  4.656352E+02
        59  2.997461E+02
        60  4.385511E+02
        61  4.315879E+03
        62  2.444180E+03
        63  9.806650E+02
        64  1.954314E+02
        65  1.267519E+02
        66  4.315879E+03
        67  2.444180E+03
        68  9.806650E+02
        69  1.954314E+02
        70  1.267519E+02
        71  2.683081E+02
        72  4.209046E+02
        73  2.861878E+02
        74  4.440523E+02
        75  2.975917E+02
        76  4.603817E+02
        77  3.028243E+02
        78  4.684895E+02
        79  1.105016E+02
        80  1.712653E+02
        81  1.105016E+02
        82  1.712653E+02
        83  3.028243E+02
        84  4.684895E+02
        85  2.975917E+02
        86  4.603817E+02
        87  2.861878E+02
        88  4.440523E+02
        89  2.683081E+02
        90  4.209046E+02
        91  4.443750E+03
        92  2.484645E+03
        93  1.000710E+03
        94  2.063204E+02
        95  1.250571E+02
        96  4.443750E+03
        97  2.484645E+03
        98  1.000710E+03
        99  2.063204E+02
       100  1.250571E+02
       101  2.853041E+02
       102  4.440984E+02
       103  2.910846E+02
       104  4.513225E+02
       105  2.978737E+02
       106  4.592534E+02
       107  3.025623E+02
       108  4.636138E+02
       109  1.102763E+02
       110  1.687278E+02
       111  1.102763E+02
       112  1.687278E+02
       113  3.025623E+02
       114  4.636138E+02
       115  2.978737E+02
       116  4.592534E+02
       117  2.910846E+02
       118  4.513225E+02
       119  2.853041E+02
       120  4.440984E+02
       121  4.368459E+03
       122  2.433696E+03
       123  9.761478E+02
       124  2.033643E+02
       125  1.147587E+02
       126  4.368459E+03
       127  2.433696E+03
       128  9.761478E+02
       129  2.033643E+02
       130  1.147587E+02
       131  2.791249E+02
       132  4.406352E+02
       133  2.806727E+02
       134  4.414959E+02
       135  2.830817E+02
       136  4.432248E+02
       137  2.855599E+02
       138  4.448717E+02
       139  1.040487E+02
       140  1.618675E+02
       141  1.040487E+02
       142  1.618675E+02
       143  2.855599E+02
       144  4.448717E+02
       145  2.830817E+02
       146  4.432248E+02
       147  2.806727E+02
       148  4.414959E+02
       149  2.791249E+02
       150  4.406352E+02
       151  4.254217E+03
       152  2.375320E+03
       153  9.572539E+02
       154  2.025683E+02
       155  1.069590E+02
       156  4.254217E+03
       157  2.375320E+03
       158  9.572539E+02
       159  2.025683E+02
       160  1.069590E+02
       161  2.698963E+02
       162  4.298879E+02
       163  2.702823E+02
       164  4.293725E+02
       165  2.713453E+02
       166  4.296840E+02
       167  2.730506E+02
       168  4.305151E+02
       169  9.943790E+01
       170  1.565438E+02
       171  9.943790E+01
       172  1.565438E+02
       173  2.730506E+02
       174  4.305151E+02
       175  2.713453E+02
       176  4.296840E+02
       177  2.702823E+02
       178  4.293725E+02
       179  2.698963E+02
       180  4.298879E+02
       181  4.124256E+03
       182  2.309344E+03
       183  9.374329E+02
       184  2.024856E+02
       185  1.005017E+02
       186  4.124256E+03
       187  2.309344E+03
       188  9.374329E+02
       189  2.024856E+02
       190  1.005017E+02
       191  2.590683E+02
       192  4.164682E+02
       193  2.594001E+02
       194  4.162846E+02
       195  2.602008E+02
       196  4.166965E+02
       197  2.617499E+02
       198  4.175958E+02
       199  9.528419E+01
       200  1.518451E+02
       201  9.528419E+01
       202  1.518451E+02
       203  2.617499E+02
       204  4.175958E+02
       205  2.602008E+02
       206  4.166965E+02
       207  2.594001E+02
       208  4.162846E+02
       209  2.590683E+02
       210  4.164682E+02
       211  3.989321E+03
       212  2.239046E+03
       213  9.155391E+02
       214  2.019102E+02
       215  9.456573E+01
       216  3.989321E+03
       217  2.239046E+03
       218  9.155391E+02
       219  2.019102E+02
       220  9.456573E+01
       221  2.479155E+02
       222  4.026355E+02
       223  2.483314E+02
       224  4.028681E+02
       225  2.491464E+02
       226  4.036286E+02
       227  2.507224E+02
       228  4.047184E+02
       229  9.125139E+01
       230  1.471634E+02
       231  9.125139E+01
       232  1.471634E+02
       233  2.507224E+02
       234  4.047184E+02
       235  2.491464E+02
       236  4.036286E+02
       237  2.483314E+02
       238  4.028681E+02
       239  2.479155E+02
       240  4.026355E+02
       241  3.850272E+03
       242  2.164900E+03
       243  8.913961E+02
       244  2.006294E+02
       245  8.898290E+01
       246  3.850272E+03
       247  2.164900E+03
       248  8.913961E+02
       249  2.006294E+02
       250  8.898290E+01
       251  2.366533E+02
       252  3.887916E+02
       253  2.371172E+02
       254  3.892529E+02
       255  2.379750E+02
       256  3.902439E+02
       257  2.396240E+02
       258  3.914730E+02
       259  8.719987E+01
       260  1.423428E+02
       261  8.719987E+01
       262  1.423428E+02
       263  2.396240E+02
       264  3.914730E+02
       265  2.379750E+02
       266  3.902439E+02
       267  2.371172E+02
       268  3.892529E+02
       269  2.366533E+02
       270  3.887916E+02
       271  3.706304E+03
       272  2.086800E+03
       273  8.651027E+02
       274  1.986598E+02
       275  8.371616E+01
       276  3.706304E+03
       277  2.086800E+03
       278  8.651027E+02
       279  1.986598E+02
       280  8.371616E+01
       281  2.253302E+02
       282  3.748462E+02
       283  2.258170E+02
       284  3.754077E+02
       285  2.267113E+02
       286  3.765233E+02
       287  2.284495E+02
       288  3.778427E+02
       289  8.312644E+01
       290  1.373778E+02
       291  8.312644E+01
       292  1.373778E+02
       293  2.284495E+02
       294  3.778427E+02
       295  2.267113E+02
       296  3.765233E+02
       297  2.258170E+02
       298  3.754077E+02
       299  2.253302E+02
       300  3.748462E+02
       301  3.557184E+03
       302  2.004711E+03
       303  8.366979E+02
       304  1.960142E+02
       305  7.876901E+01
       306  3.557184E+03
       307  2.004711E+03
       308  8.366979E+02
       309  1.960142E+02
       310  7.876901E+01
       311  2.139567E+02
       312  3.606646E+02
       313  2.144627E+02
       314  3.612722E+02
       315  2.153930E+02
       316  3.624623E+02
       317  2.172319E+02
       318  3.638453E+02
       319  7.903936E+01
       320  1.322751E+02
       321  7.903936E+01
       322  1.322751E+02
       323  2.172319E+02
       324  3.638453E+02
       325  2.153930E+02
       326  3.624623E+02
       327  2.144627E+02
       328  3.612722E+02
       329  2.139567E+02
       330  3.606646E+02
       331  3.402997E+03
       332  1.918717E+03
       333  8.061960E+02
       334  1.926766E+02
       335  7.413837E+01
       336  3.402997E+03
       337  1.918717E+03
       338  8.061960E+02
       339  1.926766E+02
       340  7.413837E+01
       341  2.025527E+02
       342  3.461584E+02
       343  2.030814E+02
       344  3.467967E+02
       345  2.040511E+02
       346  3.480456E+02
       347  2.060005E+02
       348  3.494828E+02
       349  7.494781E+01
       350  1.270369E+02
       351  7.494781E+01
       352  1.270369E+02
       353  2.060005E+02
       354  3.494828E+02
       355  2.040511E+02
       356  3.480456E+02
       357  2.030814E+02
       358  3.467967E+02
       359  2.025527E+02
       360  3.461584E+02
       361  3.243863E+03
       362  1.828938E+03
       363  7.736132E+02
       364  1.886212E+02
       365  6.981456E+01
       366  3.243863E+03
       367  1.828938E+03
       368  7.736132E+02
       369  1.886212E+02
       370  6.981456E+01
       371  1.911418E+02
       372  3.312812E+02
       373  1.916960E+02
       374  3.319509E+02
       375  1.927076E+02
       376  3.332594E+02
       377  1.947766E+02
       378  3.347518E+02
       379  7.085895E+01
       380  1.216628E+02
       381  7.085895E+01
       382  1.216628E+02
       383  1.947766E+02
       384  3.347518E+02
       385  1.927076E+02
       386  3.332594E+02
       387  1.916960E+02
       388  3.319509E+02
       389  1.911418E+02
       390  3.312812E+02
       391  3.079924E+03
       392  1.735527E+03
       393  7.389689E+02
       394  1.838193E+02
       395  6.578448E+01
       396  3.079924E+03
       397  1.735527E+03
       398  7.389689E+02
       399  1.838193E+02
       400  6.578448E+01
       401  1.797499E+02
       402  3.160165E+02
       403  1.803285E+02
       404  3.167206E+02
       405  1.813801E+02
       406  3.180925E+02
       407  1.835757E+02
       408  3.196435E+02
       409  6.677831E+01
       410  1.161499E+02
       411  6.677831E+01
       412  1.161499E+02
       413  1.835757E+02
       414  3.196435E+02
       415  1.813801E+02
       416  3.180925E+02
       417  1.803285E+02
       418  3.167206E+02
       419  1.797499E+02
       420  3.160165E+02
       421  2.911474E+03
       422  1.638666E+03
       423  7.022782E+02
       424  1.782461E+02
       425  6.203219E+01
       426  2.911474E+03
       427  1.638666E+03
       428  7.022782E+02
       429  1.782461E+02
       430  6.203219E+01
       431  1.684079E+02
       432  3.003790E+02
       433  1.690029E+02
       434  3.011081E+02
       435  1.700839E+02
       436  3.025329E+02
       437  1.724045E+02
       438  3.041334E+02
       439  6.270736E+01
       440  1.104870E+02
       441  6.270736E+01
       442  1.104870E+02
       443  1.724045E+02
       444  3.041334E+02
       445  1.700839E+02
       446  3.025329E+02
       447  1.690029E+02
       448  3.011081E+02
       449  1.684079E+02
       450  3.003790E+02
       451  2.738646E+03
       452  1.538441E+03
       453  6.636075E+02
       454  1.719335E+02
       455  5.852991E+01
       456  2.738646E+03
       457  1.538441E+03
       458  6.636075E+02
       459  1.719335E+02
       460  5.852991E+01
       461  1.571527E+02
       462  2.844225E+02
       463  1.577513E+02
       464  2.851470E+02
       465  1.588411E+02
       466  2.865853E+02
       467  1.612641E+02
       468  2.881891E+02
       469  5.864227E+01
       470  1.046549E+02
       471  5.864227E+01
       472  1.046549E+02
       473  1.612641E+02
       474  2.881891E+02
       475  1.588411E+02
       476  2.865853E+02
       477  1.577513E+02
       478  2.851470E+02
       479  1.571527E+02
       480  2.844225E+02
       481  2.559572E+03
       482  1.434626E+03
       483  6.233640E+02
       484  1.650744E+02
       485  5.521622E+01
       486  2.559572E+03
       487  1.434626E+03
       488  6.233640E+02
       489  1.650744E+02
       490  5.521622E+01
       491  1.460237E+02
       492  2.682367E+02
       493  1.466172E+02
       494  2.689255E+02
       495  1.476974E+02
       496  2.703255E+02
       497  1.501808E+02
       498  2.718562E+02
       499  5.458724E+01
       500  9.866394E+01
       501  5.458724E+01
       502  9.866394E+01
       503  1.501808E+02
       504  2.718562E+02
       505  1.476974E+02
       506  2.703255E+02
       507  1.466172E+02
       508  2.689255E+02
       509  1.460237E+02
       510  2.682367E+02
       511  2.372427E+03
       512  1.327978E+03
       513  5.828579E+02
       514  1.578726E+02
       515  5.201088E+01
       516  2.372427E+03
       517  1.327978E+03
       518  5.828579E+02
       519  1.578726E+02
       520  5.201088E+01
       521  1.350577E+02
       522  2.519235E+02
       523  1.356512E+02
       524  2.525809E+02
       525  1.367255E+02
       526  2.539389E+02
       527  1.392520E+02
       528  2.553752E+02
       529  5.058248E+01
       530  9.261493E+01
       531  5.058248E+01
       532  9.261493E+01
       533  1.392520E+02
       534  2.553752E+02
       535  1.367255E+02
       536  2.539389E+02
       537  1.356512E+02
       538  2.525809E+02
       539  1.350577E+02
       540  2.519235E+02
       541  2.191050E+03
       542  1.227271E+03
       543  5.433648E+02
       544  1.503968E+02
       545  4.894454E+01
       546  2.191050E+03
       547  1.227271E+03
       548  5.433648E+02
       549  1.503968E+02
       550  4.894454E+01
       551  1.242900E+02
       552  2.355730E+02
       553  1.248983E+02
       554  2.362423E+02
       555  1.259943E+02
       556  2.376288E+02
       557  1.286146E+02
       558  2.390730E+02
       559  4.669570E+01
       560  8.665509E+01
       561  4.669570E+01
       562  8.665509E+01
       563  1.286146E+02
       564  2.390730E+02
       565  1.259943E+02
       566  2.376288E+02
       567  1.248983E+02
       568  2.362423E+02
       569  1.242900E+02
       570  2.355730E+02
       571  2.029218E+03
       572  1.136773E+03
       573  5.053849E+02
       574  1.429401E+02
       575  4.620448E+01
       576  2.029218E+03
       577  1.136773E+03
       578  5.053849E+02
       579  1.429401E+02
       580  4.620448E+01
       581  1.137601E+02
       582  2.192601E+02
       583  1.143924E+02
       584  2.199712E+02
       585  1.155306E+02
       586  2.214477E+02
       587  1.183138E+02
       588  2.230041E+02
       589  4.295017E+01
       590  8.080173E+01
       591  4.295017E+01
       592  8.080173E+01
       593  1.183138E+02
       594  2.230041E+02
       595  1.155306E+02
       596  2.214477E+02
       597  1.143924E+02
       598  2.199712E+02
       599  1.137601E+02
       600  2.192601E+02
       601  1.865257E+03
       602  1.045424E+03
       603  4.683634E+02
       604  1.357457E+02
       605  4.384038E+01
       606  1.865257E+03
       607  1.045424E+03
       608  4.683634E+02
       609  1.357457E+02
       610  4.384038E+01
       611  1.035081E+02
       612  2.030477E+02
       613  1.041614E+02
       614  2.037794E+02
       615  1.053347E+02
       616  2.053141E+02
       617  1.082779E+02
       618  2.069318E+02
       619  3.929993E+01
       620  7.493018E+01
       621  3.929993E+01
       622  7.493018E+01
       623  1.082779E+02
       624  2.069318E+02
       625  1.053347E+02
       626  2.053141E+02
       627  1.041614E+02
       628  2.037794E+02
       629  1.035081E+02
       630  2.030477E+02
       631  1.692914E+03
       632  9.527127E+02
       633  4.318399E+02
       634  1.286510E+02
       635  4.165001E+01
       636  1.692914E+03
       637  9.527127E+02
       638  4.318399E+02
       639  1.286510E+02
       640  4.165001E+01
       641  9.356394E+01
       642  1.869789E+02
       643  9.423648E+01
       644  1.877014E+02
       645  9.543446E+01
       646  1.892353E+02
       647  9.848724E+01
       648  1.908020E+02
       649  3.572111E+01
       650  6.900905E+01
       651  3.572111E+01
       652  6.900905E+01
       653  9.848724E+01
       654  1.908020E+02
       655  9.543446E+01
       656  1.892353E+02
       657  9.423648E+01
       658  1.877014E+02
       659  9.356394E+01
       660  1.869789E+02
       661  1.522913E+03
       662  8.639354E+02
       663  3.961704E+02
       664  1.212912E+02
       665  3.948769E+01
       666  1.522913E+03
       667  8.639354E+02
       668  3.961704E+02
       669  1.212912E+02
       670  3.948769E+01
       671  8.394381E+01
       672  1.710693E+02
       673  8.464881E+01
       674  1.718078E+02
       675  8.589234E+01
       676  1.733784E+02
       677  8.906767E+01
       678  1.749375E+02
       679  3.227341E+01
       680  6.319460E+01
       681  3.227341E+01
       682  6.319460E+01
       683  8.906767E+01
       684  1.749375E+02
       685  8.589234E+01
       686  1.733784E+02
       687  8.464881E+01
       688  1.718078E+02
       689  8.394381E+01
       690  1.710693E+02
       691  1.382495E+03
       692  7.832126E+02
       693  3.618923E+02
       694  1.138633E+02
       695  3.756672E+01
       696  1.382495E+03
       697  7.832126E+02
       698  3.618923E+02
       699  1.138633E+02
       700  3.756672E+01
       701  7.465910E+01
       702  1.553120E+02
       703  7.541837E+01
       704  1.561356E+02
       705  7.674890E+01
       706  1.578593E+02
       707  8.014269E+01
       708  1.595780E+02
       709  2.902540E+01
       710  5.759736E+01
       711  2.902540E+01
       712  5.759736E+01
       713  8.014269E+01
       714  1.595780E+02
       715  7.674890E+01
       716  1.578593E+02
       717  7.541837E+01
       718  1.561356E+02
       719  7.465910E+01
       720  1.553120E+02
       721  1.241439E+03
       722  7.057482E+02
       723  3.290116E+02
       724  1.067205E+02
       725  3.610587E+01
       726  1.241439E+03
       727  7.057482E+02
       728  3.290116E+02
       729  1.067205E+02
       730  3.610587E+01
       731  6.572242E+01
       732  1.396875E+02
       733  6.654935E+01
       734  1.406461E+02
       735  6.799253E+01
       736  1.425966E+02
       737  7.168905E+01
       738  1.445544E+02
       739  2.596514E+01
       740  5.212632E+01
       741  2.596514E+01
       742  5.212632E+01
       743  7.168905E+01
       744  1.445544E+02
       745  6.799253E+01
       746  1.425966E+02
       747  6.654935E+01
       748  1.406461E+02
       749  6.572242E+01
       750  1.396875E+02
       751  1.098928E+03
       752  6.280190E+02
       753  2.963408E+02
       754  9.958662E+01
       755  3.501401E+01
       756  1.098928E+03
       757  6.280190E+02
       758  2.963408E+02
       759  9.958662E+01
       760  3.501401E+01
       761  5.714572E+01
       762  1.241811E+02
       763  5.804022E+01
       764  1.252777E+02
       765  5.959763E+01
       766  1.274520E+02
       767  6.362718E+01
       768  1.296111E+02
       769  2.304645E+01
       770  4.665952E+01
       771  2.304645E+01
       772  4.665952E+01
       773  6.362718E+01
       774  1.296111E+02
       775  5.959763E+01
       776  1.274520E+02
       777  5.804022E+01
       778  1.252777E+02
       779  5.714572E+01
       780  1.241811E+02
       781  9.580886E+02
       782  5.504925E+02
       783  2.633058E+02
       784  9.210769E+01
       785  3.413729E+01
       786  9.580886E+02
       787  5.504925E+02
       788  2.633058E+02
       789  9.210769E+01
       790  3.413729E+01
       791  4.894201E+01
       792  1.088260E+02
       793  4.989998E+01
       794  1.100347E+02
       795  5.156824E+01
       796  1.124033E+02
       797  5.594889E+01
       798  1.147144E+02
       799  2.026270E+01
       800  4.118587E+01
       801  2.026270E+01
       802  4.118587E+01
       803  5.594889E+01
       804  1.147144E+02
       805  5.156824E+01
       806  1.124033E+02
       807  4.989998E+01
       808  1.100347E+02
       809  4.894201E+01
       810  1.088260E+02
       811  8.198951E+02
       812  4.738113E+02
       813  2.301192E+02
       814  8.426317E+01
       815  3.343763E+01
       816  8.198951E+02
       817  4.738113E+02
       818  2.301192E+02
       819  8.426317E+01
       820  3.343763E+01
       821  4.113954E+01
       822  9.375955E+01
       823  4.216213E+01
       824  9.503175E+01
       825  4.394581E+01
       826  9.755645E+01
       827  4.871440E+01
       828  9.999172E+01
       829  1.763930E+01
       830  3.575857E+01
       831  1.763930E+01
       832  3.575857E+01
       833  4.871440E+01
       834  9.999172E+01
       835  4.394581E+01
       836  9.755645E+01
       837  4.216213E+01
       838  9.503175E+01
       839  4.113954E+01
       840  9.375955E+01
       841  6.854001E+02
       842  3.986034E+02
       843  1.971095E+02
       844  7.618327E+01
       845  3.295726E+01
       846  6.854001E+02
       847  3.986034E+02
       848  1.971095E+02
       849  7.618327E+01
       850  3.295726E+01
       851  3.380497E+01
       852  7.926105E+01
       853  3.489828E+01
       854  8.048932E+01
       855  3.680523E+01
       856  8.308523E+01
       857  4.201518E+01
       858  8.560567E+01
       859  1.520614E+01
       860  3.043568E+01
       861  1.520614E+01
       862  3.043568E+01
       863  4.201518E+01
       864  8.560567E+01
       865  3.680523E+01
       866  8.308523E+01
       867  3.489828E+01
       868  8.048932E+01
       869  3.380497E+01
       870  7.926105E+01
       871  5.557324E+02
       872  3.255869E+02
       873  1.646789E+02
       874  6.805579E+01
       875  3.277816E+01
       876  5.557324E+02
       877  3.255869E+02
       878  1.646789E+02
       879  6.805579E+01
       880  3.277816E+01
       881  2.707578E+01
       882  6.575159E+01
       883  2.824352E+01
       884  6.670679E+01
       885  3.026723E+01
       886  6.918476E+01
       887  3.597054E+01
       888  7.170623E+01
       889  1.298870E+01
       890  2.526597E+01
       891  1.298870E+01
       892  2.526597E+01
       893  3.597054E+01
       894  7.170623E+01
       895  3.026723E+01
       896  6.918476E+01
       897  2.824352E+01
       898  6.670679E+01
       899  2.707578E+01
       900  6.575159E+01
       901  4.322465E+02
       902  2.556412E+02
       903  1.333319E+02
       904  6.012637E+01
       905  3.301254E+01
       906  4.322465E+02
       907  2.556412E+02
       908  1.333319E+02
       909  6.012637E+01
       910  3.301254E+01
       911  2.122656E+01
       912  5.375373E+01
       913  2.245718E+01
       914  5.401794E+01
       915  2.454028E+01
       916  5.602765E+01
       917  3.074819E+01
       918  5.840275E+01
       919  1.100664E+01
       920  2.028485E+01
       921  1.100664E+01
       922  2.028485E+01
       923  3.074819E+01
       924  5.840275E+01
       925  2.454028E+01
       926  5.602765E+01
       927  2.245718E+01
       928  5.401794E+01
       929  2.122656E+01
       930  5.375373E+01
       931  3.167682E+02
       932  1.899595E+02
       933  1.037511E+02
       934  5.270609E+01
       935  3.376150E+01
       936  3.167682E+02
       937  1.899595E+02
       938  1.037511E+02
       939  5.270609E+01
       940  3.376150E+01
       941  1.680912E+01
       942  4.382686E+01
       943  1.806483E+01
       944  4.275125E+01
       945  2.002352E+01
       946  4.374287E+01
       947  2.661944E+01
       948  4.574981E+01
       949  9.269279E+00
       950  1.551600E+01
       951  9.269279E+00
       952  1.551600E+01
       953  2.661944E+01
       954  4.574981E+01
       955  2.002352E+01
       956  4.374287E+01
       957  1.806483E+01
       958  4.275125E+01
       959  1.680912E+01
       960  4.382686E+01
       961  2.118645E+02
       962  1.303358E+02
       963  7.701383E+01
       964  4.619156E+01
       965  3.499053E+01
       966  2.118645E+02
       967  1.303358E+02
       968  7.701383E+01
       969  4.619156E+01
       970  3.499053E+01
       971  1.491585E+01
       972  3.642052E+01
       973  1.615183E+01
       974  3.330890E+01
       975  1.755567E+01
       976  3.260248E+01
       977  2.417567E+01
       978  3.397925E+01
       979  7.768589E+00
       980  1.109167E+01
       981  7.768589E+00
       982  1.109167E+01
       983  2.417567E+01
       984  3.397925E+01
       985  1.755567E+01
       986  3.260248E+01
       987  1.615183E+01
       988  3.330890E+01
       989  1.491585E+01
       990  3.642052E+01
       991  1.209804E+02
       992  7.963756E+01
       993  5.496310E+01
       994  4.095390E+01
       995  3.621294E+01
       996  1.209804E+02
       997  7.963756E+01
       998  5.496310E+01
       999  4.095390E+01
      1000  3.621294E+01
      1001  1.688529E+01
      1002  3.143741E+01
      1003  1.843142E+01
      1004  2.646881E+01
      1005  1.891981E+01
      1006  2.389024E+01
      1007  2.521884E+01
      1008  2.458400E+01
      1009  6.539086E+00
      1010  7.811768E+00
      1011  6.539086E+00
      1012  7.811768E+00
      1013  2.521884E+01
      1014  2.458400E+01
      1015  1.891981E+01
      1016  2.389024E+01
      1017  1.843142E+01
      1018  2.646881E+01
      1019  1.688529E+01
      1020  3.143741E+01
      1021  4.979246E+01
      1022  4.124982E+01
      1023  3.851221E+01
      1024  3.664578E+01
      1025  3.682700E+01
      1026  4.979246E+01
      1027  4.124982E+01
      1028  3.851221E+01
      1029  3.664578E+01
      1030  3.682700E+01
      1031  2.133987E+01
      1032  2.662454E+01
      1033  2.462120E+01
      1034  2.241478E+01
      1035  2.618434E+01
      1036  2.109241E+01
      1037  3.538427E+01
      1038  2.417087E+01
      1039  5.858520E+00
      1040  9.475302E+00
      1041  5.858520E+00
      1042  9.475302E+00
      1043  3.538427E+01
      1044  2.417087E+01
      1045  2.618434E+01
      1046  2.109241E+01
      1047  2.462120E+01
      1048  2.241478E+01
      1049  2.133987E+01
      1050  2.662454E+01
      1051  9.806870E+00
      1052  1.532687E+01
      1053  2.258766E+01
      1054  2.970629E+01
      1055  4.212421E+01
      1056  9.806870E+00
      1057  1.532687E+01
      1058  2.258766E+01
      1059  2.970629E+01
      1060  4.212421E+01
      1061  2.059709E+01
      1062  1.949514E+01
      1063  2.542757E+01
      1064  1.833755E+01
      1065  3.435331E+01
      1066  2.505867E+01
      1067  6.852084E+01
      1068  5.109728E+01
      1069  7.931223E+00
      1070  3.179911E+01
      1071  7.931223E+00
      1072  3.179911E+01
      1073  6.852084E+01
      1074  5.109728E+01
      1075  3.435331E+01
      1076  2.505867E+01
      1077  2.542757E+01
      1078  1.833755E+01
      1079  2.059709E+01
      1080  1.949514E+01
      1081  1.572230E-01
      1082  1.013564E+00
      1083  3.566441E+00
      1084  9.935724E+00
      1085  2.847765E+01
      1086  1.572230E-01
      1087  1.013564E+00
      1088  3.566441E+00
      1089  9.935724E+00
      1090  2.847765E+01
      1091  8.068243E+00
      1092  1.183358E+01
      1093  1.100912E+01
      1094  1.083548E+01
      1095  1.919306E+01
      1096  2.301560E+01
      1097  6.846818E+01
      1098  6.889168E+01
      1099  8.374000E+00
      1100  5.376560E+01
      1101  8.374000E+00
      1102  5.376560E+01
      1103  6.846818E+01
      1104  6.889168E+01
      1105  1.919306E+01
      1106  2.301560E+01
      1107  1.100912E+01
      1108  1.083548E+01
      1109  8.068243E+00
      1110  1.183358E+01

                                INCREMENT    12


 displacements (vx,vy,vz) for set TIP_TOP and time  0.1000000E+01

      1799  6.500274E-01 -2.349552E-02 -2.233379E+01
      1800  6.504151E-01 -2.311691E-02 -2.228097E+01
      1803  6.498913E-01 -2.243515E-02 -2.222889E+01
      1806  6.497307E-01 -1.835628E-02 -2.218079E+01
      1808  6.501461E-01 -7.339271E-03 -2.214983E+01
      1810  6.500480E-01 -8.675307E-15 -2.214813E+01
      1812  6.501461E-01  7.339271E-03 -2.214983E+01
      1815  6.497307E-01  1.835628E-02 -2.218079E+01
      1818  6.498913E-01  2.243515E-02 -2.222889E+01
      1821  6.504151E-01  2.311691E-02 -2.228097E+01
      1824  6.500274E-01  2.349552E-02 -2.233379E+01

 forces (fx,fy,fz) for set CLAMP and time  0.1000000E+01

         1  3.152696E+04  3.623445E+04  1.292118E+04
         4  5.567576E+04  2.716923E-09  2.578837E+04
         5  4.701500E+04  6.016385E+04  3.711214E+03
         8  8.199044E+04 -1.084097E-08  7.584406E+03
         9  3.398877E+04  4.477096E+04 -3.124817E+02
        12  5.937445E+04 -2.159733E-09 -5.458016E+02
        13  1.879199E+04  2.443096E+04 -3.084954E+03
        16  3.284182E+04  3.767229E-09 -6.089235E+03
        17  2.251568E+03  2.347718E+03 -3.670816E+03
        20  3.820300E+03 -2.961440E-09 -7.288854E+03
        21 -1.010221E+04 -6.760287E+03 -1.004986E+04
        24 -1.194936E+04 -1.027645E-08 -4.133607E+03
        26  3.152696E+04 -3.623445E+04  1.292118E+04
        28  4.701500E+04 -6.016385E+04  3.711214E+03
        30  3.398877E+04 -4.477096E+04 -3.124817E+02
        32  1.879199E+04 -2.443096E+04 -3.084954E+03
        34  2.251568E+03 -2.347718E+03 -3.670816E+03
        36 -1.010221E+04  6.760287E+03 -1.004986E+04
        37 -6.818205E+03 -4.308235E+03 -9.845177E+03
        40 -8.018445E+03 -1.331354E+03 -1.712824E+04
        41 -1.775347E+04 -9.985834E+03 -2.826612E+03
        44 -2.542818E+04 -2.887876E+03 -5.490028E+03
        45 -1.261606E+04 -5.698829E+03  1.210181E+04
        48 -2.077986E+04 -1.560639E+03  2.214323E+04
        50 -6.918850E+03 -1.255539E+03 -1.574654E+04
        52 -2.410148E+04 -2.582498E+03 -5.525357E+03
        54 -2.066386E+04 -1.326072E+03  2.107111E+04
        56 -7.004731E+03 -9.297700E+02 -1.567461E+04
        58 -2.418188E+04 -1.734125E+03 -5.465585E+03
        60 -2.075897E+04 -8.239967E+02  2.099781E+04
        62 -1.679351E+04 -6.577615E+02 -3.457133E+03
        64 -1.421436E+04 -2.765421E+02  1.446018E+04
        66 -9.011015E+03  1.613673E-09 -1.776327E+03
        68 -7.582830E+03  2.226938E-09  7.753247E+03
        70 -1.679351E+04  6.577615E+02 -3.457133E+03
        72 -1.421436E+04  2.765421E+02  1.446018E+04
        74 -7.004731E+03  9.297700E+02 -1.567461E+04
        76 -2.418188E+04  1.734125E+03 -5.465585E+03
        78 -2.075897E+04  8.239967E+02  2.099781E+04
        80 -6.918850E+03  1.255539E+03 -1.574654E+04
        82 -2.410148E+04  2.582498E+03 -5.525357E+03
        84 -2.066386E+04  1.326072E+03  2.107111E+04
        86 -8.018445E+03  1.331354E+03 -1.712824E+04
        88 -2.542818E+04  2.887876E+03 -5.490028E+03
        90 -2.077986E+04  1.560639E+03  2.214323E+04
        92 -6.818205E+03  4.308235E+03 -9.845177E+03
        94 -1.775347E+04  9.985834E+03 -2.826612E+03
        96 -1.261606E+04  5.698829E+03  1.210181E+04

 internal energy (element, energy) for set EALL and time  0.1000000E+01

         1  3.093023E+03
         2  1.615657E+03
         3  6.812265E+02
         4  1.291087E+02
         5  7.696985E+01
         6  3.093023E+03
         7  1.615657E+03
         8  6.812265E+02
         9  1.291087E+02
        10  7.696985E+01
        11  2.656881E+02
        12  4.125828E+02
        13  2.161595E+02
        14  3.552364E+02
        15  2.036156E+02
        16  3.425415E+02
        17  2.062062E+02
        18  3.430252E+02
        19  7.611039E+01
        20  1.258906E+02
        21  7.611039E+01
        22  1.258906E+02
        23  2.062062E+02
        24  3.430252E+02
        25  2.036156E+02
        26  3.425415E+02
        27  2.161595E+02
        28  3.552364E+02
        29  2.656881E+02
        30  4.125828E+02
        31  5.070595E+03
        32  2.931855E+03
        33  1.119219E+03
        34  2.220463E+02
        35  1.468564E+02
        36  5.070595E+03
        37  2.931855E+03
        38  1.119219E+03
        39  2.220463E+02
        40  1.468564E+02
        41  3.194528E+02
        42  4.692032E+02
        43  3.432580E+02
        44  4.980772E+02
        45  3.418672E+02
        46  4.981899E+02
        47  3.416691E+02
        48  5.019085E+02
        49  1.238030E+02
        50  1.835320E+02
        51  1.238030E+02
        52  1.835320E+02
        53  3.416691E+02
        54  5.019085E+02
        55  3.418672E+02
        56  4.981899E+02
        57  3.432580E+02
        58  4.980772E+02
        59  3.194528E+02
        60  4.692032E+02
        61  4.753913E+03
        62  2.742241E+03
        63  1.103848E+03
        64  2.225275E+02
        65  1.334522E+02
        66  4.753913E+03
        67  2.742241E+03
        68  1.103848E+03
        69  2.225275E+02
        70  1.334522E+02
        71  2.859316E+02
        72  4.513979E+02
        73  3.049567E+02
        74  4.762826E+02
        75  3.171620E+02
        76  4.939898E+02
        77  3.230003E+02
        78  5.030300E+02
        79  1.179222E+02
        80  1.839866E+02
        81  1.179222E+02
        82  1.839866E+02
        83  3.230003E+02
        84  5.030300E+02
        85  3.171620E+02
        86  4.939898E+02
        87  3.049567E+02
        88  4.762826E+02
        89  2.859316E+02
        90  4.513979E+02
        91  4.869827E+03
        92  2.778896E+03
        93  1.129861E+03
        94  2.367760E+02
        95  1.321405E+02
        96  4.869827E+03
        97  2.778896E+03
        98  1.129861E+03
        99  2.367760E+02
       100  1.321405E+02
       101  3.041698E+02
       102  4.767941E+02
       103  3.104162E+02
       104  4.846409E+02
       105  3.177965E+02
       106  4.933030E+02
       107  3.230256E+02
       108  4.982171E+02
       109  1.177787E+02
       110  1.813791E+02
       111  1.177787E+02
       112  1.813791E+02
       113  3.230256E+02
       114  4.982171E+02
       115  3.177965E+02
       116  4.933030E+02
       117  3.104162E+02
       118  4.846409E+02
       119  3.041698E+02
       120  4.767941E+02
       121  4.788194E+03
       122  2.726944E+03
       123  1.103734E+03
       124  2.339409E+02
       125  1.213823E+02
       126  4.788194E+03
       127  2.726944E+03
       128  1.103734E+03
       129  2.339409E+02
       130  1.213823E+02
       131  2.976757E+02
       132  4.734107E+02
       133  2.994040E+02
       134  4.743811E+02
       135  3.020915E+02
       136  4.763275E+02
       137  3.048873E+02
       138  4.782294E+02
       139  1.111176E+02
       140  1.740336E+02
       141  1.111176E+02
       142  1.740336E+02
       143  3.048873E+02
       144  4.782294E+02
       145  3.020915E+02
       146  4.763275E+02
       147  2.994040E+02
       148  4.743811E+02
       149  2.976757E+02
       150  4.734107E+02
       151  4.667746E+03
       152  2.663411E+03
       153  1.082612E+03
       154  2.329743E+02
       155  1.132750E+02
       156  4.667746E+03
       157  2.663411E+03
       158  1.082612E+03
       159  2.329743E+02
       160  1.132750E+02
       161  2.878699E+02
       162  4.619407E+02
       163  2.883347E+02
       164  4.614078E+02
       165  2.895583E+02
       166  4.618035E+02
       167  2.914965E+02
       168  4.627936E+02
       169  1.061753E+02
       170  1.683001E+02
       171  1.061753E+02
       172  1.683001E+02
       173  2.914965E+02
       174  4.627936E+02
       175  2.895583E+02
       176  4.618035E+02
       177  2.883347E+02
       178  4.614078E+02
       179  2.878699E+02
       180  4.619407E+02
       181  4.523659E+03
       182  2.587053E+03
       183  1.058907E+03
       184  2.324751E+02
       185  1.066104E+02
       186  4.523659E+03
       187  2.587053E+03
       188  1.058907E+03
       189  2.324751E+02
       190  1.066104E+02
       191  2.762864E+02
       192  4.474189E+02
       193  2.766819E+02
       194  4.472459E+02
       195  2.776108E+02
       196  4.477536E+02
       197  2.793750E+02
       198  4.488196E+02
       199  1.017174E+02
       200  1.632164E+02
       201  1.017174E+02
       202  1.632164E+02
       203  2.793750E+02
       204  4.488196E+02
       205  2.776108E+02
       206  4.477536E+02
       207  2.766819E+02
       208  4.472459E+02
       209  2.762864E+02
       210  4.474189E+02
       211  4.370046E+03
       212  2.503573E+03
       213  1.031732E+03
       214  2.310802E+02
       215  1.004863E+02
       216  4.370046E+03
       217  2.503573E+03
       218  1.031732E+03
       219  2.310802E+02
       220  1.004863E+02
       221  2.643062E+02
       222  4.323221E+02
       223  2.647868E+02
       224  4.326101E+02
       225  2.657227E+02
       226  4.335034E+02
       227  2.675126E+02
       228  4.347772E+02
       229  9.737655E+01
       230  1.581090E+02
       231  9.737655E+01
       232  1.581090E+02
       233  2.675126E+02
       234  4.347772E+02
       235  2.657227E+02
       236  4.335034E+02
       237  2.647868E+02
       238  4.326101E+02
       239  2.643062E+02
       240  4.323221E+02
       241  4.209840E+03
       242  2.414131E+03
       243  1.001069E+03
       244  2.285707E+02
       245  9.471396E+01
       246  4.209840E+03
       247  2.414131E+03
       248  1.001069E+03
       249  2.285707E+02
       250  9.471396E+01
       251  2.521779E+02
       252  4.171088E+02
       253  2.527028E+02
       254  4.176499E+02
       255  2.536726E+02
       256  4.187935E+02
       257  2.555343E+02
       258  4.202128E+02
       259  9.300081E+01
       260  1.528053E+02
       261  9.300081E+01
       262  1.528053E+02
       263  2.555343E+02
       264  4.202128E+02
       265  2.536726E+02
       266  4.187935E+02
       267  2.527028E+02
       268  4.176499E+02
       269  2.521779E+02
       270  4.171088E+02
       271  4.042112E+03
       272  2.318552E+03
       273  9.670801E+02
       274  2.249975E+02
       275  8.924472E+01
       276  4.042112E+03
       277  2.318552E+03
       278  9.670801E+02
       279  2.249975E+02
       280  8.924472E+01
       281  2.399709E+02
       282  4.017115E+02
       283  2.405053E+02
       284  4.023480E+02
       285  2.414910E+02
       286  4.036047E+02
       287  2.434287E+02
       288  4.050953E+02
       289  8.858306E+01
       290  1.472919E+02
       291  8.858306E+01
       292  1.472919E+02
       293  2.434287E+02
       294  4.050953E+02
       295  2.414910E+02
       296  4.036047E+02
       297  2.405053E+02
       298  4.023480E+02
       299  2.399709E+02
       300  4.017115E+02
       301  3.865506E+03
       302  2.216452E+03
       303  9.299239E+02
       304  2.204689E+02
       305  8.405997E+01
       306  3.865506E+03
       307  2.216452E+03
       308  9.299239E+02
       309  2.204689E+02
       310  8.405997E+01
       311  2.277138E+02
       312  3.860378E+02
       313  2.282454E+02
       314  3.866841E+02
       315  2.292324E+02
       316  3.879619E+02
       317  2.312305E+02
       318  3.894497E+02
       319  8.412832E+01
       320  1.415734E+02
       321  8.412832E+01
       322  1.415734E+02
       323  2.312305E+02
       324  3.894497E+02
       325  2.292324E+02
       326  3.879619E+02
       327  2.282454E+02
       328  3.866841E+02
       329  2.277138E+02
       330  3.860378E+02
       331  3.680073E+03
       332  2.107780E+03
       333  8.901580E+02
       334  2.151788E+02
       335  7.912516E+01
       336  3.680073E+03
       337  2.107780E+03
       338  8.901580E+02
       339  2.151788E+02
       340  7.912516E+01
       341  2.154424E+02
       342  3.700633E+02
       343  2.159735E+02
       344  3.706866E+02
       345  2.169610E+02
       346  3.719428E+02
       347  2.190061E+02
       348  3.733806E+02
       349  7.965931E+01
       350  1.356912E+02
       351  7.965931E+01
       352  1.356912E+02
       353  2.190061E+02
       354  3.733806E+02
       355  2.169610E+02
       356  3.719428E+02
       357  2.159735E+02
       358  3.706866E+02
       359  2.154424E+02
       360  3.700633E+02
       361  3.492837E+03
       362  1.997224E+03
       363  8.493875E+02
       364  2.093356E+02
       365  7.443201E+01
       366  3.492837E+03
       367  1.997224E+03
       368  8.493875E+02
       369  2.093356E+02
       370  7.443201E+01
       371  2.031900E+02
       372  3.538028E+02
       373  2.037343E+02
       374  3.544191E+02
       375  2.047412E+02
       376  3.556777E+02
       377  2.068561E+02
       378  3.570957E+02
       379  7.522113E+01
       380  1.297369E+02
       381  7.522113E+01
       382  1.297369E+02
       383  2.068561E+02
       384  3.570957E+02
       385  2.047412E+02
       386  3.556777E+02
       387  2.037343E+02
       388  3.544191E+02
       389  2.031900E+02
       390  3.538028E+02
       391  3.312595E+03
       392  1.891689E+03
       393  8.091663E+02
       394  2.030986E+02
       395  7.004435E+01
       396  3.312595E+03
       397  1.891689E+03
       398  8.091663E+02
       399  2.030986E+02
       400  7.004435E+01
       401  1.909856E+02
       402  3.372699E+02
       403  1.915610E+02
       404  3.379245E+02
       405  1.926166E+02
       406  3.392548E+02
       407  1.948602E+02
       408  3.407457E+02
       409  7.085203E+01
       410  1.237781E+02
       411  7.085203E+01
       412  1.237781E+02
       413  1.948602E+02
       414  3.407457E+02
       415  1.926166E+02
       416  3.392548E+02
       417  1.915610E+02
       418  3.379245E+02
       419  1.909856E+02
       420  3.372699E+02
       421  3.134993E+03
       422  1.787197E+03
       423  7.687527E+02
       424  1.965531E+02
       425  6.602848E+01
       426  3.134993E+03
       427  1.787197E+03
       428  7.687527E+02
       429  1.965531E+02
       430  6.602848E+01
       431  1.788561E+02
       432  3.204587E+02
       433  1.794732E+02
       434  3.211868E+02
       435  1.805959E+02
       436  3.226397E+02
       437  1.830151E+02
       438  3.242649E+02
       439  6.654716E+01
       440  1.177810E+02
       441  6.654716E+01
       442  1.177810E+02
       443  1.830151E+02
       444  3.242649E+02
       445  1.805959E+02
       446  3.226397E+02
       447  1.794732E+02
       448  3.211868E+02
       449  1.788561E+02
       450  3.204587E+02
       451  2.952976E+03
       452  1.678829E+03
       453  7.266828E+02
       454  1.894853E+02
       455  6.235483E+01
       456  2.952976E+03
       457  1.678829E+03
       458  7.266828E+02
       459  1.894853E+02
       460  6.235483E+01
       461  1.668298E+02
       462  3.033541E+02
       463  1.674836E+02
       464  3.041519E+02
       465  1.686667E+02
       466  3.057207E+02
       467  1.712669E+02
       468  3.074656E+02
       469  6.227586E+01
       470  1.116601E+02
       471  6.227586E+01
       472  1.116601E+02
       473  1.712669E+02
       474  3.074656E+02
       475  1.686667E+02
       476  3.057207E+02
       477  1.674836E+02
       478  3.041519E+02
       479  1.668298E+02
       480  3.033541E+02
       481  2.766269E+03
       482  1.567007E+03
       483  6.826057E+02
       484  1.816644E+02
       485  5.895295E+01
       486  2.766269E+03
       487  1.567007E+03
       488  6.826057E+02
       489  1.816644E+02
       490  5.895295E+01
       491  1.549388E+02
       492  2.859636E+02
       493  1.556105E+02
       494  2.867882E+02
       495  1.568256E+02
       496  2.884155E+02
       497  1.595772E+02
       498  2.902121E+02
       499  5.801753E+01
       500  1.053563E+02
       501  5.801753E+01
       502  1.053563E+02
       503  1.595772E+02
       504  2.902121E+02
       505  1.568256E+02
       506  2.884155E+02
       507  1.556105E+02
       508  2.867882E+02
       509  1.549388E+02
       510  2.859636E+02
       511  2.574477E+03
       512  1.451873E+03
       513  6.367705E+02
       514  1.731778E+02
       515  5.574870E+01
       516  2.574477E+03
       517  1.451873E+03
       518  6.367705E+02
       519  1.731778E+02
       520  5.574870E+01
       521  1.432190E+02
       522  2.683469E+02
       523  1.438893E+02
       524  2.691433E+02
       525  1.451026E+02
       526  2.707489E+02
       527  1.479508E+02
       528  2.724941E+02
       529  5.376929E+01
       530  9.886027E+01
       531  5.376929E+01
       532  9.886027E+01
       533  1.479508E+02
       534  2.724941E+02
       535  1.451026E+02
       536  2.707489E+02
       537  1.438893E+02
       538  2.691433E+02
       539  1.432190E+02
       540  2.683469E+02
       541  2.368877E+03
       542  1.333524E+03
       543  5.902910E+02
       544  1.643076E+02
       545  5.263954E+01
       546  2.368877E+03
       547  1.333524E+03
       548  5.902910E+02
       549  1.643076E+02
       550  5.263954E+01
       551  1.317087E+02
       552  2.506095E+02
       553  1.323722E+02
       554  2.513550E+02
       555  1.335695E+02
       556  2.528949E+02
       557  1.364677E+02
       558  2.545158E+02
       559  4.956097E+01
       560  9.225431E+01
       561  4.956097E+01
       562  9.225431E+01
       563  1.364677E+02
       564  2.545158E+02
       565  1.335695E+02
       566  2.528949E+02
       567  1.323722E+02
       568  2.513550E+02
       569  1.317087E+02
       570  2.506095E+02
       571  2.160909E+03
       572  1.217726E+03
       573  5.449504E+02
       574  1.551735E+02
       575  4.958747E+01
       576  2.160909E+03
       577  1.217726E+03
       578  5.449504E+02
       579  1.551735E+02
       580  4.958747E+01
       581  1.204482E+02
       582  2.328737E+02
       583  1.211149E+02
       584  2.335960E+02
       585  1.223139E+02
       586  2.351134E+02
       587  1.252819E+02
       588  2.366707E+02
       589  4.546485E+01
       590  8.571311E+01
       591  4.546485E+01
       592  8.571311E+01
       593  1.252819E+02
       594  2.366707E+02
       595  1.223139E+02
       596  2.351134E+02
       597  1.211149E+02
       598  2.335960E+02
       599  1.204482E+02
       600  2.328737E+02
       601  1.981842E+03
       602  1.116057E+03
       603  5.017405E+02
       604  1.460834E+02
       605  4.677799E+01
       606  1.981842E+03
       607  1.116057E+03
       608  5.017405E+02
       609  1.460834E+02
       610  4.677799E+01
       611  1.094821E+02
       612  2.152548E+02
       613  1.101648E+02
       614  2.159920E+02
       615  1.113915E+02
       616  2.175619E+02
       617  1.144992E+02
       618  2.191814E+02
       619  4.153497E+01
       620  7.933013E+01
       621  4.153497E+01
       622  7.933013E+01
       623  1.144992E+02
       624  2.191814E+02
       625  1.113915E+02
       626  2.175619E+02
       627  1.101648E+02
       628  2.159920E+02
       629  1.094821E+02
       630  2.152548E+02
       631  1.808621E+03
       632  1.017663E+03
       633  4.607305E+02
       634  1.375067E+02
       635  4.435704E+01
       636  1.808621E+03
       637  1.017663E+03
       638  4.607305E+02
       639  1.375067E+02
       640  4.435704E+01
       641  9.885492E+01
       642  1.978461E+02
       643  9.956000E+01
       644  1.986028E+02
       645  1.008220E+02
       646  2.002310E+02
       647  1.040918E+02
       648  2.019106E+02
       649  3.774812E+01
       650  7.302091E+01
       651  3.774812E+01
       652  7.302091E+01
       653  1.040918E+02
       654  2.019106E+02
       655  1.008220E+02
       656  2.002310E+02
       657  9.956000E+01
       658  1.986028E+02
       659  9.885492E+01
       660  1.978461E+02
       661  1.625486E+03
       662  9.189594E+02
       663  4.212102E+02
       664  1.292888E+02
       665  4.214322E+01
       666  1.625486E+03
       667  9.189594E+02
       668  4.212102E+02
       669  1.292888E+02
       670  4.214322E+01
       671  8.859862E+01
       672  1.806975E+02
       673  8.933349E+01
       674  1.814710E+02
       675  9.063538E+01
       676  1.831338E+02
       677  9.404047E+01
       678  1.847977E+02
       679  3.407782E+01
       680  6.674672E+01
       681  3.407782E+01
       682  6.674672E+01
       683  9.404047E+01
       684  1.847977E+02
       685  9.063538E+01
       686  1.831338E+02
       687  8.933349E+01
       688  1.814710E+02
       689  8.859862E+01
       690  1.806975E+02
       691  1.450258E+03
       692  8.262712E+02
       693  3.830057E+02
       694  1.209339E+02
       695  3.999850E+01
       696  1.450258E+03
       697  8.262712E+02
       698  3.830057E+02
       699  1.209339E+02
       700  3.999850E+01
       701  7.872841E+01
       702  1.638086E+02
       703  7.951050E+01
       704  1.646395E+02
       705  8.088202E+01
       706  1.663982E+02
       707  8.445557E+01
       708  1.681179E+02
       709  3.057615E+01
       710  6.064415E+01
       711  3.057615E+01
       712  6.064415E+01
       713  8.445557E+01
       714  1.681179E+02
       715  8.088202E+01
       716  1.663982E+02
       717  7.951050E+01
       718  1.646395E+02
       719  7.872841E+01
       720  1.638086E+02
       721  1.304528E+03
       722  7.421202E+02
       723  3.466311E+02
       724  1.126878E+02
       725  3.817846E+01
       726  1.304528E+03
       727  7.421202E+02
       728  3.466311E+02
       729  1.126878E+02
       730  3.817846E+01
       731  6.925163E+01
       732  1.471524E+02
       733  7.010122E+01
       734  1.481089E+02
       735  7.158330E+01
       736  1.500792E+02
       737  7.543109E+01
       738  1.520179E+02
       739  2.729949E+01
       740  5.478127E+01
       741  2.729949E+01
       742  5.478127E+01
       743  7.543109E+01
       744  1.520179E+02
       745  7.158330E+01
       746  1.500792E+02
       747  7.010122E+01
       748  1.481089E+02
       749  6.925163E+01
       750  1.471524E+02
       751  1.156184E+03
       752  6.606042E+02
       753  3.117170E+02
       754  1.048015E+02
       755  3.686209E+01
       756  1.156184E+03
       757  6.606042E+02
       758  3.117170E+02
       759  1.048015E+02
       760  3.686209E+01
       761  6.017643E+01
       762  1.307075E+02
       763  6.110322E+01
       764  1.318255E+02
       765  6.271634E+01
       766  1.340617E+02
       767  6.692058E+01
       768  1.362676E+02
       769  2.422433E+01
       770  4.903862E+01
       771  2.422433E+01
       772  4.903862E+01
       773  6.692058E+01
       774  1.362676E+02
       775  6.271634E+01
       776  1.340617E+02
       777  6.110322E+01
       778  1.318255E+02
       779  6.017643E+01
       780  1.307075E+02
       781  1.007909E+03
       782  5.791011E+02
       783  2.769742E+02
       784  9.688192E+01
       785  3.590807E+01
       786  1.007909E+03
       787  5.791011E+02
       788  2.769742E+02
       789  9.688192E+01
       790  3.590807E+01
       791  5.151479E+01
       792  1.144947E+02
       793  5.251723E+01
       794  1.157558E+02
       795  5.426122E+01
       796  1.182328E+02
       797  5.885462E+01
       798  1.206472E+02
       799  2.130868E+01
       800  4.331175E+01
       801  2.130868E+01
       802  4.331175E+01
       803  5.885462E+01
       804  1.206472E+02
       805  5.426122E+01
       806  1.182328E+02
       807  5.251723E+01
       808  1.157558E+02
       809  5.151479E+01
       810  1.144947E+02
       811  8.625113E+02
       812  4.984276E+02
       813  2.420682E+02
       814  8.863668E+01
       815  3.517614E+01
       816  8.625113E+02
       817  4.984276E+02
       818  2.420682E+02
       819  8.863668E+01
       820  3.517614E+01
       821  4.329203E+01
       822  9.863125E+01
       823  4.436759E+01
       824  9.997214E+01
       825  4.624110E+01
       826  1.026293E+02
       827  5.125335E+01
       828  1.051907E+02
       829  1.855657E+01
       830  3.761729E+01
       831  1.855657E+01
       832  3.761729E+01
       833  5.125335E+01
       834  1.051907E+02
       835  4.624110E+01
       836  1.026293E+02
       837  4.436759E+01
       838  9.997214E+01
       839  4.329203E+01
       840  9.863125E+01
       841  7.210098E+02
       842  4.193082E+02
       843  2.073439E+02
       844  8.013726E+01
       845  3.467163E+01
       846  7.210098E+02
       847  4.193082E+02
       848  2.073439E+02
       849  8.013726E+01
       850  3.467163E+01
       851  3.557097E+01
       852  8.338299E+01
       853  3.672205E+01
       854  8.467938E+01
       855  3.872789E+01
       856  8.741363E+01
       857  4.420769E+01
       858  9.006638E+01
       859  1.599906E+01
       860  3.202154E+01
       861  1.599906E+01
       862  3.202154E+01
       863  4.420769E+01
       864  9.006638E+01
       865  3.872789E+01
       866  8.741363E+01
       867  3.672205E+01
       868  8.467938E+01
       869  3.557097E+01
       870  8.338299E+01
       871  5.846062E+02
       872  3.424977E+02
       873  1.732279E+02
       874  7.158661E+01
       875  3.448156E+01
       876  5.846062E+02
       877  3.424977E+02
       878  1.732279E+02
       879  7.158661E+01
       880  3.448156E+01
       881  2.849029E+01
       882  6.917720E+01
       883  2.971924E+01
       884  7.018449E+01
       885  3.184833E+01
       886  7.279319E+01
       887  3.784782E+01
       888  7.544620E+01
       889  1.366654E+01
       890  2.658373E+01
       891  1.366654E+01
       892  2.658373E+01
       893  3.784782E+01
       894  7.544620E+01
       895  3.184833E+01
       896  7.279319E+01
       897  2.971924E+01
       898  7.018449E+01
       899  2.849029E+01
       900  6.917720E+01
       901  4.547074E+02
       902  2.689197E+02
       903  1.402528E+02
       904  6.324469E+01
       905  3.472665E+01
       906  4.547074E+02
       907  2.689197E+02
       908  1.402528E+02
       909  6.324469E+01
       910  3.472665E+01
       911  2.233597E+01
       912  5.655896E+01
       913  2.363065E+01
       914  5.683788E+01
       915  2.582223E+01
       916  5.895277E+01
       917  3.235269E+01
       918  6.145123E+01
       919  1.158122E+01
       920  2.134373E+01
       921  1.158122E+01
       922  2.134373E+01
       923  3.235269E+01
       924  6.145123E+01
       925  2.582223E+01
       926  5.895277E+01
       927  2.363065E+01
       928  5.683788E+01
       929  2.233597E+01
       930  5.655896E+01
       931  3.332326E+02
       932  1.998278E+02
       933  1.091364E+02
       934  5.543921E+01
       935  3.551373E+01
       936  3.332326E+02
       937  1.998278E+02
       938  1.091364E+02
       939  5.543921E+01
       940  3.551373E+01
       941  1.768763E+01
       942  4.611702E+01
       943  1.900857E+01
       944  4.498576E+01
       945  2.106941E+01
       946  4.602915E+01
       947  2.800827E+01
       948  4.814017E+01
       949  9.753259E+00
       950  1.632692E+01
       951  9.753259E+00
       952  1.632692E+01
       953  2.800827E+01
       954  4.814017E+01
       955  2.106941E+01
       956  4.602915E+01
       957  1.900857E+01
       958  4.498576E+01
       959  1.768763E+01
       960  4.611702E+01
       961  2.228809E+02
       962  1.371084E+02
       963  8.101167E+01
       964  4.858706E+01
       965  3.680644E+01
       966  2.228809E+02
       967  1.371084E+02
       968  8.101167E+01
       969  4.858706E+01
       970  3.680644E+01
       971  1.569440E+01
       972  3.832559E+01
       973  1.699458E+01
       974  3.505198E+01
       975  1.847198E+01
       976  3.430882E+01
       977  2.543654E+01
       978  3.575695E+01
       979  8.174245E+00
       980  1.167240E+01
       981  8.174245E+00
       982  1.167240E+01
       983  2.543654E+01
       984  3.575695E+01
       985  1.847198E+01
       986  3.430882E+01
       987  1.699458E+01
       988  3.505198E+01
       989  1.569440E+01
       990  3.832559E+01
       991  1.272753E+02
       992  8.377735E+01
       993  5.781679E+01
       994  4.307847E+01
       995  3.809275E+01
       996  1.272753E+02
       997  8.377735E+01
       998  5.781679E+01
       999  4.307847E+01
      1000  3.809275E+01
      1001  1.776487E+01
      1002  3.308330E+01
      1003  1.939123E+01
      1004  2.785553E+01
      1005  1.990568E+01
      1006  2.514234E+01
      1007  2.653270E+01
      1008  2.587173E+01
      1009  6.880441E+00
      1010  8.221382E+00
      1011  6.880441E+00
      1012  8.221382E+00
      1013  2.653270E+01
      1014  2.587173E+01
      1015  1.990568E+01
      1016  2.514234E+01
      1017  1.939123E+01
      1018  2.785553E+01
      1019  1.776487E+01
      1020  3.308330E+01
      1021  5.238617E+01
      1022  4.339555E+01
      1023  4.051303E+01
      1024  3.854802E+01
      1025  3.873903E+01
      1026  5.238617E+01
      1027  4.339555E+01
      1028  4.051303E+01
      1029  3.854802E+01
      1030  3.873903E+01
      1031  2.245020E+01
      1032  2.802014E+01
      1033  2.590205E+01
      1034  2.359037E+01
      1035  2.754704E+01
      1036  2.219782E+01
      1037  3.722509E+01
      1038  2.543461E+01
      1039  6.164004E+00
      1040  9.970141E+00
      1041  6.164004E+00
      1042  9.970141E+00
      1043  3.722509E+01
      1044  2.543461E+01
      1045  2.754704E+01
      1046  2.219782E+01
      1047  2.590205E+01
      1048  2.359037E+01
      1049  2.245020E+01
      1050  2.802014E+01
      1051  1.031862E+01
      1052  1.612554E+01
      1053  2.376347E+01
      1054  3.125074E+01
      1055  4.431201E+01
      1056  1.031862E+01
      1057  1.612554E+01
      1058  2.376347E+01
      1059  3.125074E+01
      1060  4.431201E+01
      1061  2.166870E+01
      1062  2.051804E+01
      1063  2.675084E+01
      1064  1.929930E+01
      1065  3.614169E+01
      1066  2.636788E+01
      1067  7.208492E+01
      1068  5.375863E+01
      1069  8.343969E+00
      1070  3.345258E+01
      1071  8.343969E+00
      1072  3.345258E+01
      1073  7.208492E+01
      1074  5.375863E+01
      1075  3.614169E+01
      1076  2.636788E+01
      1077  2.675084E+01
      1078  1.929930E+01
      1079  2.166870E+01
      1080  2.051804E+01
      1081  1.654597E-01
      1082  1.066588E+00
      1083  3.752832E+00
      1084  1.045452E+01
      1085  2.996223E+01
      1086  1.654597E-01
      1087  1.066588E+00
      1088  3.752832E+00
      1089  1.045452E+01
      1090  2.996223E+01
      1091  8.489550E+00
      1092  1.245566E+01
      1093  1.158295E+01
      1094  1.140226E+01
      1095  2.019232E+01
      1096  2.421478E+01
      1097  7.203122E+01
      1098  7.247596E+01
      1099  8.810117E+00
      1100  5.656362E+01
      1101  8.810117E+00
      1102  5.656362E+01
      1103  7.203122E+01
      1104  7.247596E+01
      1105  2.019232E+01
      1106  2.421478E+01
      1107  1.158295E+01
      1108  1.140226E+01
      1109  8.489550E+00
      1110  1.245566E+01
