
                        S T E P       1


                                INCREMENT     5


 displacements (vx,vy,vz) for set TIP_TOP and time  0.4562500E-02

      1895  8.562391E-02 -3.266821E-03 -1.751366E+00
      1896  8.551757E-02 -3.084008E-03 -1.746419E+00
      1899  8.524361E-02 -2.960491E-03 -1.741872E+00
      1902  8.499276E-02 -2.356632E-03 -1.737428E+00
      1904  8.499353E-02 -8.301808E-04 -1.734888E+00
      1906  8.501678E-02  1.290970E-15 -1.735011E+00
      1908  8.499353E-02  8.301808E-04 -1.734888E+00
      1911  8.499276E-02  2.356632E-03 -1.737428E+00
      1914  8.524361E-02  2.960491E-03 -1.741872E+00
      1917  8.551757E-02  3.084008E-03 -1.746419E+00
      1920  8.562391E-02  3.266821E-03 -1.751366E+00

 forces (fx,fy,fz) for set CLAMP and time  0.4562500E-02

         1  2.011827E+03  2.151419E+03  9.420440E+02
         4  3.658665E+03  1.872391E-13  1.887136E+03
         5  2.993825E+03  3.497250E+03 -3.727167E+01
         8  5.367599E+03  1.052103E-12 -5.890933E+01
         9  2.036452E+03  2.346978E+03 -2.518798E+02
        12  3.634373E+03  6.927792E-13 -4.924834E+02
        13  1.036167E+03  1.170139E+03 -3.831355E+02
        16  1.844017E+03 -4.214962E-13 -7.576211E+02
        17  4.075667E+00 -3.900850E+01 -4.134521E+02
        20 -5.300195E+00  2.868816E-13 -8.162910E+02
        21 -7.498060E+02 -4.243636E+02 -8.867881E+02
        24 -8.998689E+02  1.038059E-13 -4.421651E+02
        26  2.011827E+03 -2.151419E+03  9.420440E+02
        28  2.993825E+03 -3.497250E+03 -3.727167E+01
        30  2.036452E+03 -2.346978E+03 -2.518798E+02
        32  1.036167E+03 -1.170139E+03 -3.831355E+02
        34  4.075667E+00  3.900850E+01 -4.134521E+02
        36 -7.498060E+02  4.243636E+02 -8.867881E+02
        37 -4.320457E+02 -2.807057E+02 -8.420835E+02
        40 -5.907555E+02 -1.000527E+02 -1.519653E+03
        41 -1.022755E+03 -5.976937E+02 -1.074214E+02
        44 -1.574005E+03 -2.080960E+02 -2.128950E+02
        45 -6.950856E+02 -3.178625E+02  9.194176E+02
        48 -1.191869E+03 -1.080783E+02  1.701306E+03
        50 -5.360922E+02 -7.631946E+01 -1.424932E+03
        52 -1.495829E+03 -1.517043E+02 -2.189017E+02
        54 -1.172631E+03 -7.564228E+01  1.617144E+03
        56 -5.399994E+02 -3.178153E+01 -1.375775E+03
        58 -1.452138E+03 -6.103441E+01 -2.236573E+02
        60 -1.126144E+03 -2.844115E+01  1.554372E+03
        62 -9.755123E+02 -3.006102E+00 -1.828874E+02
        64 -7.424005E+02 -4.475988E-01  1.044535E+03
        66 -5.561533E+02  2.813583E-13 -1.186478E+02
        68 -4.205782E+02  1.649236E-13  5.973571E+02
        70 -9.755123E+02  3.006102E+00 -1.828874E+02
        72 -7.424005E+02  4.475988E-01  1.044535E+03
        74 -5.399994E+02  3.178153E+01 -1.375775E+03
        76 -1.452138E+03  6.103441E+01 -2.236573E+02
        78 -1.126144E+03  2.844115E+01  1.554372E+03
        80 -5.360922E+02  7.631946E+01 -1.424932E+03
        82 -1.495829E+03  1.517043E+02 -2.189017E+02
        84 -1.172631E+03  7.564228E+01  1.617144E+03
        86 -5.907555E+02  1.000527E+02 -1.519653E+03
        88 -1.574005E+03  2.080960E+02 -2.128950E+02
        90 -1.191869E+03  1.080783E+02  1.701306E+03
        92 -4.320457E+02  2.807057E+02 -8.420835E+02
        94 -1.022755E+03  5.976937E+02 -1.074214E+02
        96 -6.950856E+02  3.178625E+02  9.194176E+02

 internal energy (element, energy) for set EALL and time  0.4562500E-02

         1  9.971457E+00
         2  5.130647E+00
         3  1.991245E+00
         4  3.993201E-01
         5  4.468750E-01
         6  9.971457E+00
         7  5.130647E+00
         8  1.991245E+00
         9  3.993201E-01
        10  4.468750E-01
        11  1.084375E+00
        12  1.368678E+00
        13  9.067969E-01
        14  1.185902E+00
        15  8.327297E-01
        16  1.105164E+00
        17  7.561561E-01
        18  1.018663E+00
        19  2.900477E-01
        20  4.003972E-01
        21  2.900477E-01
        22  4.003972E-01
        23  7.561561E-01
        24  1.018663E+00
        25  8.327297E-01
        26  1.105164E+00
        27  9.067969E-01
        28  1.185902E+00
        29  1.084375E+00
        30  1.368678E+00
        31  1.190535E+01
        32  6.656441E+00
        33  2.535467E+00
        34  4.459055E-01
        35  5.503449E-01
        36  1.190535E+01
        37  6.656441E+00
        38  2.535467E+00
        39  4.459055E-01
        40  5.503449E-01
        41  1.006833E+00
        42  1.375941E+00
        43  1.069788E+00
        44  1.460436E+00
        45  1.022004E+00
        46  1.422458E+00
        47  9.802923E-01
        48  1.393362E+00
        49  3.977895E-01
        50  5.726843E-01
        51  3.977895E-01
        52  5.726843E-01
        53  9.802923E-01
        54  1.393362E+00
        55  1.022004E+00
        56  1.422458E+00
        57  1.069788E+00
        58  1.460436E+00
        59  1.006833E+00
        60  1.375941E+00
        61  1.384690E+01
        62  7.379390E+00
        63  2.863541E+00
        64  5.331595E-01
        65  6.465806E-01
        66  1.384690E+01
        67  7.379390E+00
        68  2.863541E+00
        69  5.331595E-01
        70  6.465806E-01
        71  1.086224E+00
        72  1.522929E+00
        73  1.149715E+00
        74  1.607410E+00
        75  1.167472E+00
        76  1.642211E+00
        77  1.152056E+00
        78  1.634053E+00
        79  4.653767E-01
        80  6.670275E-01
        81  4.653767E-01
        82  6.670275E-01
        83  1.152056E+00
        84  1.634053E+00
        85  1.167472E+00
        86  1.642211E+00
        87  1.149715E+00
        88  1.607410E+00
        89  1.086224E+00
        90  1.522929E+00
        91  1.529501E+01
        92  7.950964E+00
        93  3.032338E+00
        94  5.723931E-01
        95  6.882918E-01
        96  1.529501E+01
        97  7.950964E+00
        98  3.032338E+00
        99  5.723931E-01
       100  6.882918E-01
       101  1.176395E+00
       102  1.699259E+00
       103  1.207419E+00
       104  1.738988E+00
       105  1.228900E+00
       106  1.766037E+00
       107  1.233883E+00
       108  1.766446E+00
       109  5.006951E-01
       110  7.203805E-01
       111  5.006951E-01
       112  7.203805E-01
       113  1.233883E+00
       114  1.766446E+00
       115  1.228900E+00
       116  1.766037E+00
       117  1.207419E+00
       118  1.738988E+00
       119  1.176395E+00
       120  1.699259E+00
       121  1.656575E+01
       122  8.585244E+00
       123  3.256420E+00
       124  6.150293E-01
       125  7.133649E-01
       126  1.656575E+01
       127  8.585244E+00
       128  3.256420E+00
       129  6.150293E-01
       130  7.133649E-01
       131  1.255489E+00
       132  1.856321E+00
       133  1.272641E+00
       134  1.871126E+00
       135  1.287945E+00
       136  1.883939E+00
       137  1.302404E+00
       138  1.889682E+00
       139  5.306135E-01
       140  7.721215E-01
       141  5.306135E-01
       142  7.721215E-01
       143  1.302404E+00
       144  1.889682E+00
       145  1.287945E+00
       146  1.883939E+00
       147  1.272641E+00
       148  1.871126E+00
       149  1.255489E+00
       150  1.856321E+00
       151  1.785052E+01
       152  9.265561E+00
       153  3.526519E+00
       154  6.700333E-01
       155  7.284957E-01
       156  1.785052E+01
       157  9.265561E+00
       158  3.526519E+00
       159  6.700333E-01
       160  7.284957E-01
       161  1.333721E+00
       162  2.000740E+00
       163  1.345802E+00
       164  2.007254E+00
       165  1.359538E+00
       166  2.016975E+00
       167  1.379029E+00
       168  2.027677E+00
       169  5.620264E-01
       170  8.285114E-01
       171  5.620264E-01
       172  8.285114E-01
       173  1.379029E+00
       174  2.027677E+00
       175  1.359538E+00
       176  2.016975E+00
       177  1.345802E+00
       178  2.007254E+00
       179  1.333721E+00
       180  2.000740E+00
       181  1.915640E+01
       182  9.972122E+00
       183  3.818979E+00
       184  7.318336E-01
       185  7.373543E-01
       186  1.915640E+01
       187  9.972122E+00
       188  3.818979E+00
       189  7.318336E-01
       190  7.373543E-01
       191  1.408542E+00
       192  2.139019E+00
       193  1.420262E+00
       194  2.146422E+00
       195  1.434759E+00
       196  2.158405E+00
       197  1.458105E+00
       198  2.173766E+00
       199  5.936655E-01
       200  8.873929E-01
       201  5.936655E-01
       202  8.873929E-01
       203  1.458105E+00
       204  2.173766E+00
       205  1.434759E+00
       206  2.158405E+00
       207  1.420262E+00
       208  2.146422E+00
       209  1.408542E+00
       210  2.139019E+00
       211  2.048499E+01
       212  1.069753E+01
       213  4.124984E+00
       214  7.980845E-01
       215  7.415344E-01
       216  2.048499E+01
       217  1.069753E+01
       218  4.124984E+00
       219  7.980845E-01
       220  7.415344E-01
       221  1.481768E+00
       222  2.277224E+00
       223  1.494363E+00
       224  2.287746E+00
       225  1.510486E+00
       226  2.303497E+00
       227  1.536823E+00
       228  2.323162E+00
       229  6.246880E-01
       230  9.470272E-01
       231  6.246880E-01
       232  9.470272E-01
       233  1.536823E+00
       234  2.323162E+00
       235  1.510486E+00
       236  2.303497E+00
       237  1.494363E+00
       238  2.287746E+00
       239  1.481768E+00
       240  2.277224E+00
       241  2.182183E+01
       242  1.143252E+01
       243  4.439369E+00
       244  8.680489E-01
       245  7.413470E-01
       246  2.182183E+01
       247  1.143252E+01
       248  4.439369E+00
       249  8.680489E-01
       250  7.413470E-01
       251  1.552687E+00
       252  2.416603E+00
       253  1.566225E+00
       254  2.430007E+00
       255  1.583978E+00
       256  2.449347E+00
       257  1.612730E+00
       258  2.472922E+00
       259  6.542881E-01
       260  1.006290E+00
       261  6.542881E-01
       262  1.006290E+00
       263  1.612730E+00
       264  2.472922E+00
       265  1.583978E+00
       266  2.449347E+00
       267  1.566225E+00
       268  2.430007E+00
       269  1.552687E+00
       270  2.416603E+00
       271  2.314871E+01
       272  1.216778E+01
       273  4.758635E+00
       274  9.415866E-01
       275  7.369247E-01
       276  2.314871E+01
       277  1.216778E+01
       278  4.758635E+00
       279  9.415866E-01
       280  7.369247E-01
       281  1.620178E+00
       282  2.555947E+00
       283  1.634454E+00
       284  2.571579E+00
       285  1.653609E+00
       286  2.593910E+00
       287  1.684267E+00
       288  2.620919E+00
       289  6.818668E-01
       290  1.064296E+00
       291  6.818668E-01
       292  1.064296E+00
       293  1.684267E+00
       294  2.620919E+00
       295  1.653609E+00
       296  2.593910E+00
       297  1.634454E+00
       298  2.571579E+00
       299  1.620178E+00
       300  2.555947E+00
       301  2.444665E+01
       302  1.289374E+01
       303  5.079453E+00
       304  1.018611E+00
       305  7.285477E-01
       306  2.444665E+01
       307  1.289374E+01
       308  5.079453E+00
       309  1.018611E+00
       310  7.285477E-01
       311  1.682921E+00
       312  2.693179E+00
       313  1.697747E+00
       314  2.710498E+00
       315  1.718062E+00
       316  2.735260E+00
       317  1.750172E+00
       318  2.765234E+00
       319  7.069063E-01
       320  1.120232E+00
       321  7.069063E-01
       322  1.120232E+00
       323  1.750172E+00
       324  2.765234E+00
       325  1.718062E+00
       326  2.735260E+00
       327  1.697747E+00
       328  2.710498E+00
       329  1.682921E+00
       330  2.693179E+00
       331  2.569665E+01
       332  1.360052E+01
       333  5.398203E+00
       334  1.098900E+00
       335  7.166518E-01
       336  2.569665E+01
       337  1.360052E+01
       338  5.398203E+00
       339  1.098900E+00
       340  7.166518E-01
       341  1.739665E+00
       342  2.826002E+00
       343  1.754895E+00
       344  2.844632E+00
       345  1.776157E+00
       346  2.871397E+00
       347  1.809330E+00
       348  2.903931E+00
       349  7.289461E-01
       350  1.173300E+00
       351  7.289461E-01
       352  1.173300E+00
       353  1.809330E+00
       354  2.903931E+00
       355  1.776157E+00
       356  2.871397E+00
       357  1.754895E+00
       358  2.844632E+00
       359  1.739665E+00
       360  2.826002E+00
       361  2.687982E+01
       362  1.427797E+01
       363  5.710941E+00
       364  1.182065E+00
       365  7.017888E-01
       366  2.687982E+01
       367  1.427797E+01
       368  5.710941E+00
       369  1.182065E+00
       370  7.017888E-01
       371  1.789242E+00
       372  2.952158E+00
       373  1.804758E+00
       374  2.971840E+00
       375  1.826785E+00
       376  3.000306E+00
       377  1.860703E+00
       378  3.035067E+00
       379  7.475703E-01
       380  1.222715E+00
       381  7.475703E-01
       382  1.222715E+00
       383  1.860703E+00
       384  3.035067E+00
       385  1.826785E+00
       386  3.000306E+00
       387  1.804758E+00
       388  2.971840E+00
       389  1.789242E+00
       390  2.952158E+00
       391  2.797732E+01
       392  1.491574E+01
       393  6.013444E+00
       394  1.267555E+00
       395  6.845923E-01
       396  2.797732E+01
       397  1.491574E+01
       398  6.013444E+00
       399  1.267555E+00
       400  6.845923E-01
       401  1.830567E+00
       402  3.069497E+00
       403  1.846267E+00
       404  3.090042E+00
       405  1.868909E+00
       406  3.119992E+00
       407  1.903346E+00
       408  3.156711E+00
       409  7.624114E-01
       410  1.267715E+00
       411  7.624114E-01
       412  1.267715E+00
       413  1.903346E+00
       414  3.156711E+00
       415  1.868909E+00
       416  3.119992E+00
       417  1.846267E+00
       418  3.090042E+00
       419  1.830567E+00
       420  3.069497E+00
       421  2.897039E+01
       422  1.550331E+01
       423  6.301244E+00
       424  1.354657E+00
       425  6.657579E-01
       426  2.897039E+01
       427  1.550331E+01
       428  6.301244E+00
       429  1.354657E+00
       430  6.657579E-01
       431  1.862631E+00
       432  3.175977E+00
       433  1.878432E+00
       434  3.197231E+00
       435  1.901575E+00
       436  3.228508E+00
       437  1.936406E+00
       438  3.266971E+00
       439  7.731534E-01
       440  1.307570E+00
       441  7.731534E-01
       442  1.307570E+00
       443  1.936406E+00
       444  3.266971E+00
       445  1.901575E+00
       446  3.228508E+00
       447  1.878432E+00
       448  3.197231E+00
       449  1.862631E+00
       450  3.175977E+00
       451  2.984034E+01
       452  1.602998E+01
       453  6.569639E+00
       454  1.442500E+00
       455  6.460308E-01
       456  2.984034E+01
       457  1.602998E+01
       458  6.569639E+00
       459  1.442500E+00
       460  6.460308E-01
       461  1.884501E+00
       462  3.269630E+00
       463  1.900345E+00
       464  3.291458E+00
       465  1.923917E+00
       466  3.323946E+00
       467  1.959135E+00
       468  3.363983E+00
       469  7.795325E-01
       470  1.341573E+00
       471  7.795325E-01
       472  1.341573E+00
       473  1.959135E+00
       474  3.363983E+00
       475  1.923917E+00
       476  3.323946E+00
       477  1.900345E+00
       478  3.291458E+00
       479  1.884501E+00
       480  3.269630E+00
       481  3.056845E+01
       482  1.648488E+01
       483  6.813685E+00
       484  1.530051E+00
       485  6.262003E-01
       486  3.056845E+01
       487  1.648488E+01
       488  6.813685E+00
       489  1.530051E+00
       490  6.262003E-01
       491  1.895337E+00
       492  3.348524E+00
       493  1.911191E+00
       494  3.370797E+00
       495  1.935164E+00
       496  3.404414E+00
       497  1.970882E+00
       498  3.445892E+00
       499  7.813341E-01
       500  1.369039E+00
       501  7.813341E-01
       502  1.369039E+00
       503  1.970882E+00
       504  3.445892E+00
       505  1.935164E+00
       506  3.404414E+00
       507  1.911191E+00
       508  3.370797E+00
       509  1.895337E+00
       510  3.348524E+00
       511  3.113585E+01
       512  1.685685E+01
       513  7.028184E+00
       514  1.616126E+00
       515  6.071001E-01
       516  3.113585E+01
       517  1.685685E+01
       518  7.028184E+00
       519  1.616126E+00
       520  6.071001E-01
       521  1.894391E+00
       522  3.410725E+00
       523  1.910251E+00
       524  3.433318E+00
       525  1.934638E+00
       526  3.468007E+00
       527  1.971091E+00
       528  3.510822E+00
       529  7.783901E-01
       530  1.389285E+00
       531  7.783901E-01
       532  1.389285E+00
       533  1.971091E+00
       534  3.510822E+00
       535  1.934638E+00
       536  3.468007E+00
       537  1.910251E+00
       538  3.433318E+00
       539  1.894391E+00
       540  3.410725E+00
       541  3.152339E+01
       542  1.713446E+01
       543  7.207680E+00
       544  1.699392E+00
       545  5.896125E-01
       546  3.152339E+01
       547  1.713446E+01
       548  7.207680E+00
       549  1.699392E+00
       550  5.896125E-01
       551  1.881025E+00
       552  3.454264E+00
       553  1.896907E+00
       554  3.477055E+00
       555  1.921754E+00
       556  3.512777E+00
       557  1.959296E+00
       558  3.556846E+00
       559  7.705760E-01
       560  1.401619E+00
       561  7.705760E-01
       562  1.401619E+00
       563  1.959296E+00
       564  3.556846E+00
       565  1.921754E+00
       566  3.512777E+00
       567  1.896907E+00
       568  3.477055E+00
       569  1.881025E+00
       570  3.454264E+00
       571  3.171163E+01
       572  1.730599E+01
       573  7.346471E+00
       574  1.778383E+00
       575  5.746772E-01
       576  3.171163E+01
       577  1.730599E+01
       578  7.346471E+00
       579  1.778383E+00
       580  5.746772E-01
       581  1.854716E+00
       582  3.477120E+00
       583  1.870655E+00
       584  3.499987E+00
       585  1.896032E+00
       586  3.536719E+00
       587  1.935127E+00
       588  3.581960E+00
       589  7.578116E-01
       590  1.405335E+00
       591  7.578116E-01
       592  1.405335E+00
       593  1.935127E+00
       594  3.581960E+00
       595  1.896032E+00
       596  3.536719E+00
       597  1.870655E+00
       598  3.499987E+00
       599  1.854716E+00
       600  3.477120E+00
       601  3.168095E+01
       602  1.735950E+01
       603  7.438653E+00
       604  1.851509E+00
       605  5.632974E-01
       606  3.168095E+01
       607  1.735950E+01
       608  7.438653E+00
       609  1.851509E+00
       610  5.632974E-01
       611  1.815073E+00
       612  3.477219E+00
       613  1.831114E+00
       614  3.500038E+00
       615  1.857101E+00
       616  3.537762E+00
       617  1.898318E+00
       618  3.584078E+00
       619  7.400649E-01
       620  1.399706E+00
       621  7.400649E-01
       622  1.399706E+00
       623  1.898318E+00
       624  3.584078E+00
       625  1.857101E+00
       626  3.537762E+00
       627  1.831114E+00
       628  3.500038E+00
       629  1.815073E+00
       630  3.477219E+00
       631  3.141187E+01
       632  1.728306E+01
       633  7.478203E+00
       634  1.917077E+00
       635  5.565422E-01
       636  3.141187E+01
       637  1.728306E+01
       638  7.478203E+00
       639  1.917077E+00
       640  5.565422E-01
       641  1.761862E+00
       642  3.452449E+00
       643  1.778053E+00
       644  3.475095E+00
       645  1.804728E+00
       646  3.513792E+00
       647  1.848736E+00
       648  3.561054E+00
       649  7.173618E-01
       650  1.383995E+00
       651  7.173618E-01
       652  1.383995E+00
       653  1.848736E+00
       654  3.561054E+00
       655  1.804728E+00
       656  3.513792E+00
       657  1.778053E+00
       658  3.475095E+00
       659  1.761862E+00
       660  3.452449E+00
       661  3.088570E+01
       662  1.706508E+01
       663  7.459134E+00
       664  1.973319E+00
       665  5.555379E-01
       666  3.088570E+01
       667  1.706508E+01
       668  7.459134E+00
       669  1.973319E+00
       670  5.555379E-01
       671  1.695029E+00
       672  3.400711E+00
       673  1.711419E+00
       674  3.423060E+00
       675  1.738843E+00
       676  3.462703E+00
       677  1.786411E+00
       678  3.510727E+00
       679  6.897998E-01
       680  1.357480E+00
       681  6.897998E-01
       682  1.357480E+00
       683  1.786411E+00
       684  3.510727E+00
       685  1.738843E+00
       686  3.462703E+00
       687  1.711419E+00
       688  3.423060E+00
       689  1.695029E+00
       690  3.400711E+00
       691  3.008556E+01
       692  1.669487E+01
       693  7.375715E+00
       694  2.018421E+00
       695  5.614439E-01
       696  3.008556E+01
       697  1.669487E+01
       698  7.375715E+00
       699  2.018421E+00
       700  5.614439E-01
       701  1.614740E+00
       702  3.319992E+00
       703  1.631373E+00
       704  3.341923E+00
       705  1.659587E+00
       706  3.382479E+00
       707  1.711584E+00
       708  3.431023E+00
       709  6.575678E-01
       710  1.319494E+00
       711  6.575678E-01
       712  1.319494E+00
       713  1.711584E+00
       714  3.431023E+00
       715  1.659587E+00
       716  3.382479E+00
       717  1.631373E+00
       718  3.341923E+00
       719  1.614740E+00
       720  3.319992E+00
       721  2.899769E+01
       722  1.616339E+01
       723  7.222787E+00
       724  2.050568E+00
       725  5.754100E-01
       726  2.899769E+01
       727  1.616339E+01
       728  7.222787E+00
       729  2.050568E+00
       730  5.754100E-01
       731  1.521417E+00
       732  3.208471E+00
       733  1.538334E+00
       734  3.229885E+00
       735  1.567352E+00
       736  3.271332E+00
       737  1.624768E+00
       738  3.320091E+00
       739  6.209688E-01
       740  1.269483E+00
       741  6.209688E-01
       742  1.269483E+00
       743  1.624768E+00
       744  3.320091E+00
       745  1.567352E+00
       746  3.271332E+00
       747  1.538334E+00
       748  3.229885E+00
       749  1.521417E+00
       750  3.208471E+00
       751  2.761329E+01
       752  1.546421E+01
       753  6.996158E+00
       754  2.068013E+00
       755  5.985152E-01
       756  2.761329E+01
       757  1.546421E+01
       758  6.996158E+00
       759  2.068013E+00
       760  5.985152E-01
       761  1.415781E+00
       762  3.064665E+00
       763  1.433020E+00
       764  3.085517E+00
       765  1.462840E+00
       766  3.127876E+00
       767  1.526810E+00
       768  3.176512E+00
       769  5.804458E-01
       770  1.207094E+00
       771  5.804458E-01
       772  1.207094E+00
       773  1.526810E+00
       774  3.176512E+00
       775  1.462840E+00
       776  3.127876E+00
       777  1.433020E+00
       778  3.085517E+00
       779  1.415781E+00
       780  3.064665E+00
       781  2.593059E+01
       782  1.459468E+01
       783  6.693094E+00
       784  2.069157E+00
       785  6.316970E-01
       786  2.593059E+01
       787  1.459468E+01
       788  6.693094E+00
       789  2.069157E+00
       790  6.316970E-01
       791  1.298877E+00
       792  2.887627E+00
       793  1.316485E+00
       794  2.907968E+00
       795  1.347109E+00
       796  2.951366E+00
       797  1.418961E+00
       798  2.999554E+00
       799  5.366088E-01
       800  1.132269E+00
       801  5.366088E-01
       802  1.132269E+00
       803  1.418961E+00
       804  2.999554E+00
       805  1.347109E+00
       806  2.951366E+00
       807  1.316485E+00
       808  2.907968E+00
       809  1.298877E+00
       810  2.887627E+00
       811  2.395718E+01
       812  1.355717E+01
       813  6.312891E+00
       814  2.052700E+00
       815  6.756959E-01
       816  2.395718E+01
       817  1.355717E+01
       818  6.312891E+00
       819  2.052700E+00
       820  6.756959E-01
       821  1.172093E+00
       822  2.677242E+00
       823  1.190140E+00
       824  2.697270E+00
       825  1.221621E+00
       826  2.742003E+00
       827  1.302948E+00
       828  2.789500E+00
       829  4.902615E-01
       830  1.045374E+00
       831  4.902615E-01
       832  1.045374E+00
       833  1.302948E+00
       834  2.789500E+00
       835  1.221621E+00
       836  2.742003E+00
       837  1.190140E+00
       838  2.697270E+00
       839  1.172093E+00
       840  2.677242E+00
       841  2.171228E+01
       842  1.236039E+01
       843  5.857504E+00
       844  2.017874E+00
       845  7.310762E-01
       846  2.171228E+01
       847  1.236039E+01
       848  5.857504E+00
       849  2.017874E+00
       850  7.310762E-01
       851  1.037173E+00
       852  2.434713E+00
       853  1.055777E+00
       854  2.454776E+00
       855  1.088269E+00
       856  2.501333E+00
       857  1.181037E+00
       858  2.548023E+00
       859  4.424225E-01
       860  9.473212E-01
       861  4.424225E-01
       862  9.473212E-01
       863  1.181037E+00
       864  2.548023E+00
       865  1.088269E+00
       866  2.501333E+00
       867  1.055777E+00
       868  2.454776E+00
       869  1.037173E+00
       870  2.434713E+00
       871  1.922860E+01
       872  1.102045E+01
       873  5.332245E+00
       874  1.964881E+00
       875  7.984406E-01
       876  1.922860E+01
       877  1.102045E+01
       878  5.332245E+00
       879  1.964881E+00
       880  7.984406E-01
       881  8.962583E-01
       882  2.163410E+00
       883  9.156063E-01
       884  2.183826E+00
       885  9.494208E-01
       886  2.232708E+00
       887  1.056090E+00
       888  2.278544E+00
       889  3.943363E-01
       890  8.396703E-01
       891  3.943363E-01
       892  8.396703E-01
       893  1.056090E+00
       894  2.278544E+00
       895  9.494208E-01
       896  2.232708E+00
       897  9.156063E-01
       898  2.183826E+00
       899  8.962583E-01
       900  2.163410E+00
       901  1.655333E+01
       902  9.561660E+00
       903  4.746571E+00
       904  1.895692E+00
       905  8.790442E-01
       906  1.655333E+01
       907  9.561660E+00
       908  4.746571E+00
       909  1.895692E+00
       910  8.790442E-01
       911  7.520666E-01
       912  1.870248E+00
       913  7.724246E-01
       914  1.890684E+00
       915  8.080109E-01
       916  1.941753E+00
       917  9.316475E-01
       918  1.986444E+00
       919  3.474625E-01
       920  7.246507E-01
       921  3.474625E-01
       922  7.246507E-01
       923  9.316475E-01
       924  1.986444E+00
       925  8.080109E-01
       926  1.941753E+00
       927  7.724246E-01
       928  1.890684E+00
       929  7.520666E-01
       930  1.870248E+00
       931  1.374784E+01
       932  8.017048E+00
       933  4.115465E+00
       934  1.815567E+00
       935  9.759682E-01
       936  1.374784E+01
       937  8.017048E+00
       938  4.115465E+00
       939  1.815567E+00
       940  9.759682E-01
       941  6.083820E-01
       942  1.567562E+00
       943  6.301252E-01
       944  1.585614E+00
       945  6.679086E-01
       946  1.636644E+00
       947  8.121469E-01
       948  1.678930E+00
       949  3.034245E-01
       950  6.050352E-01
       951  3.034245E-01
       952  6.050352E-01
       953  8.121469E-01
       954  1.678930E+00
       955  6.679086E-01
       956  1.636644E+00
       957  6.301252E-01
       958  1.585614E+00
       959  6.083820E-01
       960  1.567562E+00
       961  1.088423E+01
       962  6.429605E+00
       963  3.463137E+00
       964  1.736017E+00
       965  1.095211E+00
       966  1.088423E+01
       967  6.429605E+00
       968  3.463137E+00
       969  1.736017E+00
       970  1.095211E+00
       971  4.712677E-01
       972  1.274411E+00
       973  4.951612E-01
       974  1.283505E+00
       975  5.350994E-01
       976  1.327947E+00
       977  7.033743E-01
       978  1.364493E+00
       979  2.638082E-01
       980  4.839031E-01
       981  2.638082E-01
       982  4.839031E-01
       983  7.033743E-01
       984  1.364493E+00
       985  5.350994E-01
       986  1.327947E+00
       987  4.951612E-01
       988  1.283505E+00
       989  4.712677E-01
       990  1.274411E+00
       991  8.038265E+00
       992  4.858275E+00
       993  2.833078E+00
       994  1.679484E+00
       995  1.242863E+00
       996  8.038265E+00
       997  4.858275E+00
       998  2.833078E+00
       999  1.679484E+00
      1000  1.242863E+00
      1001  3.525409E-01
      1002  1.015744E+00
      1003  3.811411E-01
      1004  1.003807E+00
      1005  4.214443E-01
      1006  1.028911E+00
      1007  6.135569E-01
      1008  1.053297E+00
      1009  2.294291E-01
      1010  3.647993E-01
      1011  2.294291E-01
      1012  3.647993E-01
      1013  6.135569E-01
      1014  1.053297E+00
      1015  4.214443E-01
      1016  1.028911E+00
      1017  3.811411E-01
      1018  1.003807E+00
      1019  3.525409E-01
      1020  1.015744E+00
      1021  5.277961E+00
      1022  3.392677E+00
      1023  2.300581E+00
      1024  1.675348E+00
      1025  1.411052E+00
      1026  5.277961E+00
      1027  3.392677E+00
      1028  2.300581E+00
      1029  1.675348E+00
      1030  1.411052E+00
      1031  2.805178E-01
      1032  8.140700E-01
      1033  3.218061E-01
      1034  7.691609E-01
      1035  3.550705E-01
      1036  7.576965E-01
      1037  5.575268E-01
      1038  7.614765E-01
      1039  1.983760E-01
      1040  2.537765E-01
      1041  1.983760E-01
      1042  2.537765E-01
      1043  5.575268E-01
      1044  7.614765E-01
      1045  3.550705E-01
      1046  7.576965E-01
      1047  3.218061E-01
      1048  7.691609E-01
      1049  2.805178E-01
      1050  8.140700E-01
      1051  2.752073E+00
      1052  2.161084E+00
      1053  1.930178E+00
      1054  1.739278E+00
      1055  1.561912E+00
      1056  2.752073E+00
      1057  2.161084E+00
      1058  1.930178E+00
      1059  1.739278E+00
      1060  1.561912E+00
      1061  3.080459E-01
      1062  6.762902E-01
      1063  3.861980E-01
      1064  6.109529E-01
      1065  4.029534E-01
      1066  5.611123E-01
      1067  5.882058E-01
      1068  5.438259E-01
      1069  1.669773E-01
      1070  1.732393E-01
      1071  1.669773E-01
      1072  1.732393E-01
      1073  5.882058E-01
      1074  5.438259E-01
      1075  4.029534E-01
      1076  5.611123E-01
      1077  3.861980E-01
      1078  6.109529E-01
      1079  3.080459E-01
      1080  6.762902E-01
      1081  8.455223E-01
      1082  1.100560E+00
      1083  1.451877E+00
      1084  1.657364E+00
      1085  1.591467E+00
      1086  8.455223E-01
      1087  1.100560E+00
      1088  1.451877E+00
      1089  1.657364E+00
      1090  1.591467E+00
      1091  4.292583E-01
      1092  5.532135E-01
      1093  5.512584E-01
      1094  5.167159E-01
      1095  5.886540E-01
      1096  5.112580E-01
      1097  8.302637E-01
      1098  5.768910E-01
      1099  1.270212E-01
      1100  2.185401E-01
      1101  1.270212E-01
      1102  2.185401E-01
      1103  8.302637E-01
      1104  5.768910E-01
      1105  5.886540E-01
      1106  5.112580E-01
      1107  5.512584E-01
      1108  5.167159E-01
      1109  4.292583E-01
      1110  5.532135E-01
      1111  1.056593E-01
      1112  3.467876E-01
      1113  7.664151E-01
      1114  1.372293E+00
      1115  1.877790E+00
      1116  1.056593E-01
      1117  3.467876E-01
      1118  7.664151E-01
      1119  1.372293E+00
      1120  1.877790E+00
      1121  4.472799E-01
      1122  4.170538E-01
      1123  5.337451E-01
      1124  4.304709E-01
      1125  7.179627E-01
      1126  5.935543E-01
      1127  1.632468E+00
      1128  1.273923E+00
      1129  1.629891E-01
      1130  6.888255E-01
      1131  1.629891E-01
      1132  6.888255E-01
      1133  1.632468E+00
      1134  1.273923E+00
      1135  7.179627E-01
      1136  5.935543E-01
      1137  5.337451E-01
      1138  4.304709E-01
      1139  4.472799E-01
      1140  4.170538E-01
      1141  6.616300E-04
      1142  1.824590E-02
      1143  1.047040E-01
      1144  4.105189E-01
      1145  1.039482E+00
      1146  6.616300E-04
      1147  1.824590E-02
      1148  1.047040E-01
      1149  4.105189E-01
      1150  1.039482E+00
      1151  1.353750E-01
      1152  4.480065E-01
      1153  1.767649E-01
      1154  2.430891E-01
      1155  3.086878E-01
      1156  5.188280E-01
      1157  1.259398E+00
      1158  1.320051E+00
      1159  2.777797E-01
      1160  9.095072E-01
      1161  2.777797E-01
      1162  9.095072E-01
      1163  1.259398E+00
      1164  1.320051E+00
      1165  3.086878E-01
      1166  5.188280E-01
      1167  1.767649E-01
      1168  2.430891E-01
      1169  1.353750E-01
      1170  4.480065E-01

                                INCREMENT    10


 displacements (vx,vy,vz) for set TIP_TOP and time  0.1456250E-01

      1895  3.526036E-02 -1.127032E-03 -7.755393E-01
      1896  3.522110E-02 -1.063081E-03 -7.738279E-01
      1899  3.512268E-02 -1.021625E-03 -7.722569E-01
      1902  3.503237E-02 -8.146288E-04 -7.707176E-01
      1904  3.503147E-02 -2.872882E-04 -7.698380E-01
      1906  3.503979E-02  5.161181E-16 -7.698827E-01
      1908  3.503147E-02  2.872882E-04 -7.698380E-01
      1911  3.503237E-02  8.146288E-04 -7.707176E-01
      1914  3.512268E-02  1.021625E-03 -7.722569E-01
      1917  3.522110E-02  1.063081E-03 -7.738279E-01
      1920  3.526036E-02  1.127032E-03 -7.755393E-01

 forces (fx,fy,fz) for set CLAMP and time  0.1456250E-01

         1  1.714263E+03  1.772914E+03  8.047474E+02
         4  3.131553E+03 -2.153222E-12  1.613893E+03
         5  2.391901E+03  2.773612E+03  4.553354E+01
         8  4.292122E+03 -4.679868E-12  1.071888E+02
         9  1.558604E+03  1.783396E+03 -7.284327E+01
        12  2.780402E+03 -3.999634E-12 -1.334492E+02
        13  7.521322E+02  8.445926E+02 -1.547662E+02
        16  1.338348E+03 -2.977257E-12 -2.980442E+02
        17 -6.780165E+01 -1.047387E+02 -1.768107E+02
        20 -1.272290E+02 -9.913181E-13 -3.456814E+02
        21 -5.114406E+02 -4.023541E+02 -6.245508E+02
        24 -8.075299E+02 -3.440026E-13 -1.970570E+02
        26  1.714263E+03 -1.772914E+03  8.047474E+02
        28  2.391901E+03 -2.773612E+03  4.553354E+01
        30  1.558604E+03 -1.783396E+03 -7.284327E+01
        32  7.521322E+02 -8.445926E+02 -1.547662E+02
        34 -6.780165E+01  1.047387E+02 -1.768107E+02
        36 -5.114406E+02  4.023541E+02 -6.245508E+02
        37 -2.486398E+02 -2.002198E+02 -5.916668E+02
        40 -2.657358E+02 -8.407702E+01 -1.058719E+03
        41 -7.557481E+02 -4.440030E+02 -1.203548E+02
        44 -1.151303E+03 -1.800374E+02 -2.379770E+02
        45 -5.827462E+02 -2.443976E+02  6.890930E+02
        48 -1.038404E+03 -9.609118E+01  1.290140E+03
        50 -2.015966E+02 -7.371733E+01 -1.008293E+03
        52 -1.122896E+03 -1.559158E+02 -2.472035E+02
        54 -1.081669E+03 -8.218684E+01  1.270118E+03
        56 -1.756881E+02 -5.404541E+01 -1.021979E+03
        58 -1.155827E+03 -1.118152E+02 -2.445536E+02
        60 -1.147815E+03 -5.830608E+01  1.310530E+03
        62 -8.499206E+02 -4.784150E+01 -1.554085E+02
        64 -8.540059E+02 -2.377185E+01  9.644206E+02
        66 -5.043641E+02 -6.301418E-13 -8.599586E+01
        68 -5.091549E+02 -2.478191E-13  5.756075E+02
        70 -8.499206E+02  4.784150E+01 -1.554085E+02
        72 -8.540059E+02  2.377185E+01  9.644206E+02
        74 -1.756881E+02  5.404541E+01 -1.021979E+03
        76 -1.155827E+03  1.118152E+02 -2.445536E+02
        78 -1.147815E+03  5.830608E+01  1.310530E+03
        80 -2.015966E+02  7.371733E+01 -1.008293E+03
        82 -1.122896E+03  1.559158E+02 -2.472035E+02
        84 -1.081669E+03  8.218684E+01  1.270118E+03
        86 -2.657358E+02  8.407702E+01 -1.058719E+03
        88 -1.151303E+03  1.800374E+02 -2.379770E+02
        90 -1.038404E+03  9.609118E+01  1.290140E+03
        92 -2.486398E+02  2.002198E+02 -5.916668E+02
        94 -7.557481E+02  4.440030E+02 -1.203548E+02
        96 -5.827462E+02  2.443976E+02  6.890930E+02

 internal energy (element, energy) for set EALL and time  0.1456250E-01

         1  6.616222E+00
         2  3.104447E+00
         3  1.100250E+00
         4  1.679305E-01
         5  2.900662E-01
         6  6.616222E+00
         7  3.104447E+00
         8  1.100250E+00
         9  1.679305E-01
        10  2.900662E-01
        11  5.522112E-01
        12  7.832830E-01
        13  4.766340E-01
        14  7.103286E-01
        15  4.708407E-01
        16  7.188117E-01
        17  5.000317E-01
        18  7.547448E-01
        19  2.159026E-01
        20  3.234153E-01
        21  2.159026E-01
        22  3.234153E-01
        23  5.000317E-01
        24  7.547448E-01
        25  4.708407E-01
        26  7.188117E-01
        27  4.766340E-01
        28  7.103286E-01
        29  5.522112E-01
        30  7.832830E-01
        31  6.945108E+00
        32  3.757862E+00
        33  1.373920E+00
        34  2.383322E-01
        35  3.627537E-01
        36  6.945108E+00
        37  3.757862E+00
        38  1.373920E+00
        39  2.383322E-01
        40  3.627537E-01
        41  4.899295E-01
        42  7.298361E-01
        43  5.490096E-01
        44  7.992745E-01
        45  5.643480E-01
        46  8.141213E-01
        47  5.896391E-01
        48  8.360732E-01
        49  2.494127E-01
        50  3.508800E-01
        51  2.494127E-01
        52  3.508800E-01
        53  5.896391E-01
        54  8.360732E-01
        55  5.643480E-01
        56  8.141213E-01
        57  5.490096E-01
        58  7.992745E-01
        59  4.899295E-01
        60  7.298361E-01
        61  7.149690E+00
        62  3.744921E+00
        63  1.421932E+00
        64  2.626285E-01
        65  3.604225E-01
        66  7.149690E+00
        67  3.744921E+00
        68  1.421932E+00
        69  2.626285E-01
        70  3.604225E-01
        71  5.067322E-01
        72  7.425041E-01
        73  5.566656E-01
        74  7.991233E-01
        75  5.900330E-01
        76  8.379748E-01
        77  6.049095E-01
        78  8.580017E-01
        79  2.495428E-01
        80  3.554966E-01
        81  2.495428E-01
        82  3.554966E-01
        83  6.049095E-01
        84  8.580017E-01
        85  5.900330E-01
        86  8.379748E-01
        87  5.566656E-01
        88  7.991233E-01
        89  5.067322E-01
        90  7.425041E-01
        91  7.032868E+00
        92  3.613952E+00
        93  1.357010E+00
        94  2.523991E-01
        95  3.233593E-01
        96  7.032868E+00
        97  3.613952E+00
        98  1.357010E+00
        99  2.523991E-01
       100  3.233593E-01
       101  5.155976E-01
       102  7.571744E-01
       103  5.356209E-01
       104  7.809968E-01
       105  5.553970E-01
       106  8.045512E-01
       107  5.682276E-01
       108  8.174469E-01
       109  2.343059E-01
       110  3.365987E-01
       111  2.343059E-01
       112  3.365987E-01
       113  5.682276E-01
       114  8.174469E-01
       115  5.553970E-01
       116  8.045512E-01
       117  5.356209E-01
       118  7.809968E-01
       119  5.155976E-01
       120  7.571744E-01
       121  6.781136E+00
       122  3.489229E+00
       123  1.313564E+00
       124  2.469540E-01
       125  2.906359E-01
       126  6.781136E+00
       127  3.489229E+00
       128  1.313564E+00
       129  2.469540E-01
       130  2.906359E-01
       131  5.048771E-01
       132  7.491993E-01
       133  5.116007E-01
       134  7.561125E-01
       135  5.204047E-01
       136  7.650433E-01
       137  5.291673E-01
       138  7.717250E-01
       139  2.176036E-01
       140  3.168769E-01
       141  2.176036E-01
       142  3.168769E-01
       143  5.291673E-01
       144  7.717250E-01
       145  5.204047E-01
       146  7.650433E-01
       147  5.116007E-01
       148  7.561125E-01
       149  5.048771E-01
       150  7.491993E-01
       151  6.516922E+00
       152  3.368653E+00
       153  1.280096E+00
       154  2.462836E-01
       155  2.641017E-01
       156  6.516922E+00
       157  3.368653E+00
       158  1.280096E+00
       159  2.462836E-01
       160  2.641017E-01
       161  4.862907E-01
       162  7.275575E-01
       163  4.882932E-01
       164  7.281120E-01
       165  4.922535E-01
       166  7.310892E-01
       167  4.980988E-01
       168  7.346648E-01
       169  2.038224E-01
       170  3.004316E-01
       171  2.038224E-01
       172  3.004316E-01
       173  4.980988E-01
       174  7.346648E-01
       175  4.922535E-01
       176  7.310892E-01
       177  4.882932E-01
       178  7.281120E-01
       179  4.862907E-01
       180  7.275575E-01
       181  6.247829E+00
       182  3.246481E+00
       183  1.247009E+00
       184  2.462811E-01
       185  2.413667E-01
       186  6.247829E+00
       187  3.246481E+00
       188  1.247009E+00
       189  2.462811E-01
       190  2.413667E-01
       191  4.632806E-01
       192  6.990635E-01
       193  4.640820E-01
       194  6.984794E-01
       195  4.660678E-01
       196  6.996458E-01
       197  4.703117E-01
       198  7.016966E-01
       199  1.914936E-01
       200  2.857479E-01
       201  1.914936E-01
       202  2.857479E-01
       203  4.703117E-01
       204  7.016966E-01
       205  4.660678E-01
       206  6.996458E-01
       207  4.640820E-01
       208  6.984794E-01
       209  4.632806E-01
       210  6.990635E-01
       211  5.982248E+00
       212  3.124497E+00
       213  1.212995E+00
       214  2.457713E-01
       215  2.209127E-01
       216  5.982248E+00
       217  3.124497E+00
       218  1.212995E+00
       219  2.457713E-01
       220  2.209127E-01
       221  4.393429E-01
       222  6.688347E-01
       223  4.398201E-01
       224  6.684488E-01
       225  4.409770E-01
       226  6.692012E-01
       227  4.442702E-01
       228  6.704375E-01
       229  1.800262E-01
       230  2.719209E-01
       231  1.800262E-01
       232  2.719209E-01
       233  4.442702E-01
       234  6.704375E-01
       235  4.409770E-01
       236  6.692012E-01
       237  4.398201E-01
       238  6.684488E-01
       239  4.393429E-01
       240  6.688347E-01
       241  5.722590E+00
       242  3.003804E+00
       243  1.178060E+00
       244  2.444956E-01
       245  2.020543E-01
       246  5.722590E+00
       247  3.003804E+00
       248  1.178060E+00
       249  2.444956E-01
       250  2.020543E-01
       251  4.156672E-01
       252  6.389528E-01
       253  4.159403E-01
       254  6.388108E-01
       255  4.166015E-01
       256  6.394378E-01
       257  4.192446E-01
       258  6.401596E-01
       259  1.691136E-01
       260  2.586461E-01
       261  1.691136E-01
       262  2.586461E-01
       263  4.192446E-01
       264  6.401596E-01
       265  4.166015E-01
       266  6.394378E-01
       267  4.159403E-01
       268  6.388108E-01
       269  4.156672E-01
       270  6.389528E-01
       271  5.470899E+00
       272  2.885691E+00
       273  1.142802E+00
       274  2.425508E-01
       275  1.845362E-01
       276  5.470899E+00
       277  2.885691E+00
       278  1.142802E+00
       279  2.425508E-01
       280  1.845362E-01
       281  3.927581E-01
       282  6.101351E-01
       283  3.928023E-01
       284  6.100884E-01
       285  3.930652E-01
       286  6.105847E-01
       287  3.951965E-01
       288  6.109014E-01
       289  1.587127E-01
       290  2.459077E-01
       291  1.587127E-01
       292  2.459077E-01
       293  3.951965E-01
       294  6.109014E-01
       295  3.930652E-01
       296  6.105847E-01
       297  3.928023E-01
       298  6.100884E-01
       299  3.927581E-01
       300  6.101351E-01
       301  5.229363E+00
       302  2.771492E+00
       303  1.107900E+00
       304  2.401142E-01
       305  1.682919E-01
       306  5.229363E+00
       307  2.771492E+00
       308  1.107900E+00
       309  2.401142E-01
       310  1.682919E-01
       311  3.708139E-01
       312  5.826738E-01
       313  3.706268E-01
       314  5.826263E-01
       315  3.705473E-01
       316  5.829606E-01
       317  3.722495E-01
       318  5.829238E-01
       319  1.488564E-01
       320  2.337861E-01
       321  1.488564E-01
       322  2.337861E-01
       323  3.722495E-01
       324  5.829238E-01
       325  3.705473E-01
       326  5.829606E-01
       327  3.706268E-01
       328  5.826263E-01
       329  3.708139E-01
       330  5.826738E-01
       331  5.000136E+00
       332  2.662440E+00
       333  1.073965E+00
       334  2.373681E-01
       335  1.533080E-01
       336  5.000136E+00
       337  2.662440E+00
       338  1.073965E+00
       339  2.373681E-01
       340  1.533080E-01
       341  3.499478E-01
       342  5.567467E-01
       343  3.495615E-01
       344  5.566635E-01
       345  3.492041E-01
       346  5.568327E-01
       347  3.505476E-01
       348  5.564933E-01
       349  1.395951E-01
       350  2.223745E-01
       351  1.395951E-01
       352  2.223745E-01
       353  3.505476E-01
       354  5.564933E-01
       355  3.492041E-01
       356  5.568327E-01
       357  3.495615E-01
       358  5.566635E-01
       359  3.499478E-01
       360  5.567467E-01
       361  4.785017E+00
       362  2.559558E+00
       363  1.041515E+00
       364  2.344932E-01
       365  1.395829E-01
       366  4.785017E+00
       367  2.559558E+00
       368  1.041515E+00
       369  2.344932E-01
       370  1.395829E-01
       371  3.302306E-01
       372  5.324930E-01
       373  3.296977E-01
       374  5.323737E-01
       375  3.291397E-01
       376  5.324019E-01
       377  3.301963E-01
       378  5.318229E-01
       379  1.309671E-01
       380  2.117474E-01
       381  1.309671E-01
       382  2.117474E-01
       383  3.301963E-01
       384  5.318229E-01
       385  3.291397E-01
       386  5.324019E-01
       387  3.296977E-01
       388  5.323737E-01
       389  3.302306E-01
       390  5.324930E-01
       391  4.585214E+00
       392  2.463568E+00
       393  1.010957E+00
       394  2.316666E-01
       395  1.271140E-01
       396  4.585214E+00
       397  2.463568E+00
       398  1.010957E+00
       399  2.316666E-01
       400  1.271140E-01
       401  3.116959E-01
       402  5.100089E-01
       403  3.110787E-01
       404  5.098690E-01
       405  3.104049E-01
       406  5.097972E-01
       407  3.112523E-01
       408  5.090534E-01
       409  1.229904E-01
       410  2.019503E-01
       411  1.229904E-01
       412  2.019503E-01
       413  3.112523E-01
       414  5.090534E-01
       415  3.104049E-01
       416  5.097972E-01
       417  3.110787E-01
       418  5.098690E-01
       419  3.116959E-01
       420  5.100089E-01
       421  4.401217E+00
       422  2.374835E+00
       423  9.825689E-01
       424  2.290526E-01
       425  1.158926E-01
       426  4.401217E+00
       427  2.374835E+00
       428  9.825689E-01
       429  2.290526E-01
       430  1.158926E-01
       431  2.943382E-01
       432  4.893305E-01
       433  2.937014E-01
       434  4.891922E-01
       435  2.929993E-01
       436  4.890715E-01
       437  2.937226E-01
       438  4.882453E-01
       439  1.156597E-01
       440  1.929963E-01
       441  1.156597E-01
       442  1.929963E-01
       443  2.937226E-01
       444  4.882453E-01
       445  2.929993E-01
       446  4.890715E-01
       447  2.937014E-01
       448  4.891922E-01
       449  2.943382E-01
       450  4.893305E-01
       451  4.232737E+00
       452  2.293329E+00
       453  9.564746E-01
       454  2.267888E-01
       455  1.059007E-01
       456  4.232737E+00
       457  2.293329E+00
       458  9.564746E-01
       459  2.267888E-01
       460  1.059007E-01
       461  2.781125E-01
       462  4.704209E-01
       463  2.775190E-01
       464  4.703086E-01
       465  2.768742E-01
       466  4.701954E-01
       467  2.775660E-01
       468  4.693746E-01
       469  1.089477E-01
       470  1.848655E-01
       471  1.089477E-01
       472  1.848655E-01
       473  2.775660E-01
       474  4.693746E-01
       475  2.768742E-01
       476  4.701954E-01
       477  2.775190E-01
       478  4.703086E-01
       479  2.781125E-01
       480  4.704209E-01
       481  4.078696E+00
       482  2.218606E+00
       483  9.326282E-01
       484  2.249713E-01
       485  9.710771E-02
       486  4.078696E+00
       487  2.218606E+00
       488  9.326282E-01
       489  2.249713E-01
       490  9.710771E-02
       491  2.629369E-01
       492  4.531625E-01
       493  2.624438E-01
       494  4.531009E-01
       495  2.619360E-01
       496  4.530553E-01
       497  2.626956E-01
       498  4.523302E-01
       499  1.028059E-01
       500  1.775044E-01
       501  1.028059E-01
       502  1.775044E-01
       503  2.626956E-01
       504  4.523302E-01
       505  2.619360E-01
       506  4.530553E-01
       507  2.624438E-01
       508  4.531009E-01
       509  2.629369E-01
       510  4.531625E-01
       511  3.937257E+00
       512  2.149817E+00
       513  9.108032E-01
       514  2.236449E-01
       515  8.947086E-02
       516  3.937257E+00
       517  2.149817E+00
       518  9.108032E-01
       519  2.236449E-01
       520  8.947086E-02
       521  2.486969E-01
       522  4.373569E-01
       523  2.483520E-01
       524  4.373702E-01
       525  2.480512E-01
       526  4.374539E-01
       527  2.489828E-01
       528  4.369146E-01
       529  9.716785E-02
       530  1.708269E-01
       531  9.716785E-02
       532  1.708269E-01
       533  2.489828E-01
       534  4.369146E-01
       535  2.480512E-01
       536  4.374539E-01
       537  2.483520E-01
       538  4.373702E-01
       539  2.486969E-01
       540  4.373569E-01
       541  3.805884E+00
       542  2.085723E+00
       543  8.905943E-01
       544  2.227977E-01
       545  8.293770E-02
       546  3.805884E+00
       547  2.085723E+00
       548  8.905943E-01
       549  2.227977E-01
       550  8.293770E-02
       551  2.352509E-01
       552  4.227292E-01
       553  2.350902E-01
       554  4.228404E-01
       555  2.350536E-01
       556  4.231145E-01
       557  2.362621E-01
       558  4.228479E-01
       559  9.195296E-02
       560  1.647154E-01
       561  9.195296E-02
       562  1.647154E-01
       563  2.362621E-01
       564  4.228479E-01
       565  2.350536E-01
       566  4.231145E-01
       567  2.350902E-01
       568  4.228404E-01
       569  2.352509E-01
       570  4.227292E-01
       571  3.681433E+00
       572  2.024742E+00
       573  8.714296E-01
       574  2.223617E-01
       575  7.745234E-02
       576  3.681433E+00
       577  2.024742E+00
       578  8.714296E-01
       579  2.223617E-01
       580  7.745234E-02
       581  2.224363E-01
       582  4.089374E-01
       583  2.224830E-01
       584  4.091675E-01
       585  2.227525E-01
       586  4.096902E-01
       587  2.243389E-01
       588  4.097744E-01
       589  8.707086E-02
       590  1.590237E-01
       591  8.707086E-02
       592  1.590237E-01
       593  2.243389E-01
       594  4.097744E-01
       595  2.227525E-01
       596  4.096902E-01
       597  2.224830E-01
       598  4.091675E-01
       599  2.224363E-01
       600  4.089374E-01
       601  3.560288E+00
       602  1.965012E+00
       603  8.525930E-01
       604  2.222177E-01
       605  7.296341E-02
       606  3.560288E+00
       607  1.965012E+00
       608  8.525930E-01
       609  2.222177E-01
       610  7.296341E-02
       611  2.100777E-01
       612  3.955854E-01
       613  2.103417E-01
       614  3.959528E-01
       615  2.109426E-01
       616  3.967760E-01
       617  2.129987E-01
       618  3.972756E-01
       619  8.242705E-02
       620  1.535818E-01
       621  8.242705E-02
       622  1.535818E-01
       623  2.129987E-01
       624  3.972756E-01
       625  2.109426E-01
       626  3.967760E-01
       627  2.103417E-01
       628  3.959528E-01
       629  2.100777E-01
       630  3.955854E-01
       631  3.438513E+00
       632  1.904467E+00
       633  8.332557E-01
       634  2.222036E-01
       635  6.943208E-02
       636  3.438513E+00
       637  1.904467E+00
       638  8.332557E-01
       639  2.222036E-01
       640  6.943208E-02
       641  1.979944E-01
       642  3.822397E-01
       643  1.984742E-01
       644  3.827593E-01
       645  1.994149E-01
       646  3.839260E-01
       647  2.020203E-01
       648  3.848863E-01
       649  7.792880E-02
       650  1.482026E-01
       651  7.792880E-02
       652  1.482026E-01
       653  2.020203E-01
       654  3.848863E-01
       655  1.994149E-01
       656  3.839260E-01
       657  1.984742E-01
       658  3.827593E-01
       659  1.979944E-01
       660  3.822397E-01
       661  3.312045E+00
       662  1.840939E+00
       663  8.125150E-01
       664  2.221240E-01
       665  6.683844E-02
       666  3.312045E+00
       667  1.840939E+00
       668  8.125150E-01
       669  2.221240E-01
       670  6.683844E-02
       671  1.860097E-01
       672  3.684488E-01
       673  1.866941E-01
       674  3.691313E-01
       675  1.879683E-01
       676  3.706738E-01
       677  1.911897E-01
       678  3.721177E-01
       679  7.349119E-02
       680  1.426918E-01
       681  7.349119E-02
       682  1.426918E-01
       683  1.911897E-01
       684  3.721177E-01
       685  1.879683E-01
       686  3.706738E-01
       687  1.866941E-01
       688  3.691313E-01
       689  1.860097E-01
       690  3.684488E-01
       691  3.176901E+00
       692  1.772261E+00
       693  7.894386E-01
       694  2.217603E-01
       695  6.518480E-02
       696  3.176901E+00
       697  1.772261E+00
       698  7.894386E-01
       699  2.217603E-01
       700  6.518480E-02
       701  1.739594E-01
       702  3.537638E-01
       703  1.748313E-01
       704  3.546163E-01
       705  1.764210E-01
       706  3.565562E-01
       707  1.803155E-01
       708  3.584834E-01
       709  6.904301E-02
       710  1.368592E-01
       711  6.904301E-02
       712  1.368592E-01
       713  1.803155E-01
       714  3.584834E-01
       715  1.764210E-01
       716  3.565562E-01
       717  1.748313E-01
       718  3.546163E-01
       719  1.739594E-01
       720  3.537638E-01
       721  3.029394E+00
       722  1.696383E+00
       723  7.631125E-01
       724  2.208817E-01
       725  6.449591E-02
       726  3.029394E+00
       727  1.696383E+00
       728  7.631125E-01
       729  2.208817E-01
       730  6.449591E-02
       731  1.617007E-01
       732  3.377599E-01
       733  1.627403E-01
       734  3.387873E-01
       735  1.646204E-01
       736  3.411381E-01
       737  1.692435E-01
       738  3.435284E-01
       739  6.453179E-02
       740  1.305312E-01
       741  6.453179E-02
       742  1.305312E-01
       743  1.692435E-01
       744  3.435284E-01
       745  1.646204E-01
       746  3.411381E-01
       747  1.627403E-01
       748  3.387873E-01
       749  1.617007E-01
       750  3.377599E-01
       751  2.866349E+00
       752  1.611489E+00
       753  7.326906E-01
       754  2.192568E-01
       755  6.481753E-02
       756  2.866349E+00
       757  1.611489E+00
       758  7.326906E-01
       759  2.192568E-01
       760  6.481753E-02
       761  1.491195E-01
       762  3.200565E-01
       763  1.503080E-01
       764  3.212644E-01
       765  1.524528E-01
       766  3.240377E-01
       767  1.578697E-01
       768  3.268570E-01
       769  5.992790E-02
       770  1.235624E-01
       771  5.992790E-02
       772  1.235624E-01
       773  1.578697E-01
       774  3.268570E-01
       775  1.524528E-01
       776  3.240377E-01
       777  1.503080E-01
       778  3.212644E-01
       779  1.491195E-01
       780  3.200565E-01
       781  2.685288E+00
       782  1.516104E+00
       783  6.974448E-01
       784  2.166692E-01
       785  6.621628E-02
       786  2.685288E+00
       787  1.516104E+00
       788  6.974448E-01
       789  2.166692E-01
       790  6.621628E-02
       791  1.361366E-01
       792  3.003362E-01
       793  1.374595E-01
       794  3.017357E-01
       795  1.398491E-01
       796  3.049491E-01
       797  1.461499E-01
       798  3.081597E-01
       799  5.522739E-02
       800  1.158462E-01
       801  5.522739E-02
       802  1.158462E-01
       803  1.461499E-01
       804  3.081597E-01
       805  1.398491E-01
       806  3.049491E-01
       807  1.374595E-01
       808  3.017357E-01
       809  1.361366E-01
       810  3.003362E-01
       811  2.484596E+00
       812  1.409186E+00
       813  6.568159E-01
       814  2.129398E-01
       815  6.878552E-02
       816  2.484596E+00
       817  1.409186E+00
       818  6.568159E-01
       819  2.129398E-01
       820  6.878552E-02
       821  1.227105E-01
       822  2.783677E-01
       823  1.241612E-01
       824  2.799799E-01
       825  1.267896E-01
       826  2.836654E-01
       827  1.341066E-01
       828  2.872361E-01
       829  5.045382E-02
       830  1.073230E-01
       831  5.045382E-02
       832  1.073230E-01
       833  1.341066E-01
       834  2.872361E-01
       835  1.267896E-01
       836  2.836654E-01
       837  1.241612E-01
       838  2.799799E-01
       839  1.227105E-01
       840  2.783677E-01
       841  2.263630E+00
       842  1.290205E+00
       843  6.104667E-01
       844  2.079616E-01
       845  7.266430E-02
       846  2.263630E+00
       847  1.290205E+00
       848  6.104667E-01
       849  2.079616E-01
       850  7.266430E-02
       851  1.088412E-01
       852  2.540429E-01
       853  1.104245E-01
       854  2.558969E-01
       855  1.133064E-01
       856  2.601025E-01
       857  1.218353E-01
       858  2.640141E-01
       859  4.565941E-02
       860  9.798502E-02
       861  4.565941E-02
       862  9.798502E-02
       863  1.218353E-01
       864  2.640141E-01
       865  1.133064E-01
       866  2.601025E-01
       867  1.104245E-01
       868  2.558969E-01
       869  1.088412E-01
       870  2.540429E-01
       871  2.022788E+00
       872  1.159208E+00
       873  5.583434E-01
       874  2.017571E-01
       875  7.808073E-02
       876  2.022788E+00
       877  1.159208E+00
       878  5.583434E-01
       879  2.017571E-01
       880  7.808073E-02
       881  9.457749E-02
       882  2.274503E-01
       883  9.631184E-02
       884  2.295605E-01
       885  9.948703E-02
       886  2.343279E-01
       887  1.095104E-01
       888  2.385647E-01
       889  4.092556E-02
       890  8.787841E-02
       891  4.092556E-02
       892  8.787841E-02
       893  1.095104E-01
       894  2.385647E-01
       895  9.948703E-02
       896  2.343279E-01
       897  9.631184E-02
       898  2.295605E-01
       899  9.457749E-02
       900  2.274503E-01
       901  1.763550E+00
       902  1.016879E+00
       903  5.007601E-01
       904  1.945750E-01
       905  8.543750E-02
       906  1.763550E+00
       907  1.016879E+00
       908  5.007601E-01
       909  1.945750E-01
       910  8.543750E-02
       911  8.004195E-02
       912  1.990091E-01
       913  8.195864E-02
       914  2.013018E-01
       915  8.548751E-02
       916  2.065906E-01
       917  9.739889E-02
       918  2.111027E-01
       919  3.636267E-02
       920  7.709786E-02
       921  3.636267E-02
       922  7.709786E-02
       923  9.739889E-02
       924  2.111027E-01
       925  8.548751E-02
       926  2.065906E-01
       927  8.195864E-02
       928  2.013018E-01
       929  8.004195E-02
       930  1.990091E-01
       931  1.488508E+00
       932  8.646445E-01
       933  4.385760E-01
       934  1.870682E-01
       935  9.545246E-02
       936  1.488508E+00
       937  8.646445E-01
       938  4.385760E-01
       939  1.870682E-01
       940  9.545246E-02
       941  6.550041E-02
       942  1.696786E-01
       943  6.764027E-02
       944  1.718234E-01
       945  7.157755E-02
       946  1.773417E-01
       947  8.588934E-02
       948  1.819582E-01
       949  3.210759E-02
       950  6.576901E-02
       951  3.210759E-02
       952  6.576901E-02
       953  8.588934E-02
       954  1.819582E-01
       955  7.157755E-02
       956  1.773417E-01
       957  6.764027E-02
       958  1.718234E-01
       959  6.550041E-02
       960  1.696786E-01
       961  1.201289E+00
       962  7.049878E-01
       963  3.736856E-01
       964  1.806425E-01
       965  1.092800E-01
       966  1.201289E+00
       967  7.049878E-01
       968  3.736856E-01
       969  1.806425E-01
       970  1.092800E-01
       971  5.153495E-02
       972  1.411403E-01
       973  5.396184E-02
       974  1.422950E-01
       975  5.828345E-02
       976  1.472237E-01
       977  7.553694E-02
       978  1.515100E-01
       979  2.830617E-02
       980  5.401851E-02
       981  2.830617E-02
       982  5.401851E-02
       983  7.553694E-02
       984  1.515100E-01
       985  5.828345E-02
       986  1.472237E-01
       987  5.396184E-02
       988  1.422950E-01
       989  5.153495E-02
       990  1.411403E-01
       991  9.063052E-01
       992  5.424739E-01
       993  3.103351E-01
       994  1.780295E-01
       995  1.281651E-01
       996  9.063052E-01
       997  5.424739E-01
       998  3.103351E-01
       999  1.780295E-01
      1000  1.281651E-01
      1001  3.951899E-02
      1002  1.158149E-01
      1003  4.245159E-02
      1004  1.144406E-01
      1005  4.684560E-02
      1006  1.171558E-01
      1007  6.715290E-02
      1008  1.202369E-01
      1009  2.503492E-02
      1010  4.198523E-02
      1011  2.503492E-02
      1012  4.198523E-02
      1013  6.715290E-02
      1014  1.202369E-01
      1015  4.684560E-02
      1016  1.171558E-01
      1017  4.245159E-02
      1018  1.144406E-01
      1019  3.951899E-02
      1020  1.158149E-01
      1021  6.082579E-01
      1022  3.860332E-01
      1023  2.568967E-01
      1024  1.828639E-01
      1025  1.516528E-01
      1026  6.082579E-01
      1027  3.860332E-01
      1028  2.568967E-01
      1029  1.828639E-01
      1030  1.516528E-01
      1031  3.296783E-02
      1032  9.603980E-02
      1033  3.720334E-02
      1034  9.055673E-02
      1035  4.052591E-02
      1036  8.873563E-02
      1037  6.226132E-02
      1038  8.929124E-02
      1039  2.207344E-02
      1040  3.006534E-02
      1041  2.207344E-02
      1042  3.006534E-02
      1043  6.226132E-02
      1044  8.929124E-02
      1045  4.052591E-02
      1046  8.873563E-02
      1047  3.720334E-02
      1048  9.055673E-02
      1049  3.296783E-02
      1050  9.603980E-02
      1051  3.236418E-01
      1052  2.506998E-01
      1053  2.211575E-01
      1054  1.970122E-01
      1055  1.751675E-01
      1056  3.236418E-01
      1057  2.506998E-01
      1058  2.211575E-01
      1059  1.970122E-01
      1060  1.751675E-01
      1061  3.830834E-02
      1062  8.252151E-02
      1063  4.670224E-02
      1064  7.434180E-02
      1065  4.748511E-02
      1066  6.739279E-02
      1067  6.698137E-02
      1068  6.472928E-02
      1069  1.898362E-02
      1070  2.068018E-02
      1071  1.898362E-02
      1072  2.068018E-02
      1073  6.698137E-02
      1074  6.472928E-02
      1075  4.748511E-02
      1076  6.739279E-02
      1077  4.670224E-02
      1078  7.434180E-02
      1079  3.830834E-02
      1080  8.252151E-02
      1081  1.011285E-01
      1082  1.302985E-01
      1083  1.710726E-01
      1084  1.943576E-01
      1085  1.853045E-01
      1086  1.011285E-01
      1087  1.302985E-01
      1088  1.710726E-01
      1089  1.943576E-01
      1090  1.853045E-01
      1091  5.425568E-02
      1092  6.904473E-02
      1093  6.801586E-02
      1094  6.431259E-02
      1095  7.098144E-02
      1096  6.228934E-02
      1097  9.696230E-02
      1098  6.848848E-02
      1099  1.477786E-02
      1100  2.560313E-02
      1101  1.477786E-02
      1102  2.560313E-02
      1103  9.696230E-02
      1104  6.848848E-02
      1105  7.098144E-02
      1106  6.228934E-02
      1107  6.801586E-02
      1108  6.431259E-02
      1109  5.425568E-02
      1110  6.904473E-02
      1111  1.282727E-02
      1112  4.188982E-02
      1113  9.240583E-02
      1114  1.652734E-01
      1115  2.255774E-01
      1116  1.282727E-02
      1117  4.188982E-02
      1118  9.240583E-02
      1119  1.652734E-01
      1120  2.255774E-01
      1121  5.603910E-02
      1122  5.228121E-02
      1123  6.584417E-02
      1124  5.377071E-02
      1125  8.705471E-02
      1126  7.204218E-02
      1127  1.950048E-01
      1128  1.518642E-01
      1129  1.941767E-02
      1130  8.187797E-02
      1131  1.941767E-02
      1132  8.187797E-02
      1133  1.950048E-01
      1134  1.518642E-01
      1135  8.705471E-02
      1136  7.204218E-02
      1137  6.584417E-02
      1138  5.377071E-02
      1139  5.603910E-02
      1140  5.228121E-02
      1141  8.230215E-05
      1142  2.268959E-03
      1143  1.291860E-02
      1144  5.034941E-02
      1145  1.272662E-01
      1146  8.230215E-05
      1147  2.268959E-03
      1148  1.291860E-02
      1149  5.034941E-02
      1150  1.272662E-01
      1151  1.682865E-02
      1152  5.561561E-02
      1153  2.171309E-02
      1154  3.000460E-02
      1155  3.744535E-02
      1156  6.304727E-02
      1157  1.526017E-01
      1158  1.592212E-01
      1159  3.405752E-02
      1160  1.100057E-01
      1161  3.405752E-02
      1162  1.100057E-01
      1163  1.526017E-01
      1164  1.592212E-01
      1165  3.744535E-02
      1166  6.304727E-02
      1167  2.171309E-02
      1168  3.000460E-02
      1169  1.682865E-02
      1170  5.561561E-02

                                INCREMENT    15


 displacements (vx,vy,vz) for set TIP_TOP and time  0.2456250E-01

      1895  5.333428E-02 -1.758509E-04 -1.330985E+00
      1896  5.334524E-02 -1.734174E-04 -1.330747E+00
      1899  5.335353E-02 -1.599304E-04 -1.330509E+00
      1902  5.336155E-02 -1.182694E-04 -1.330303E+00
      1904  5.336597E-02 -3.964128E-05 -1.330178E+00
      1906  5.336454E-02  1.775191E-15 -1.330168E+00
      1908  5.336597E-02  3.964128E-05 -1.330178E+00
      1911  5.336155E-02  1.182694E-04 -1.330303E+00
      1914  5.335353E-02  1.599304E-04 -1.330509E+00
      1917  5.334524E-02  1.734174E-04 -1.330747E+00
      1920  5.333428E-02  1.758509E-04 -1.330985E+00

 forces (fx,fy,fz) for set CLAMP and time  0.2456250E-01

         1  3.669576E+03  3.786132E+03  1.722855E+03
         4  6.705530E+03 -1.633638E-12  3.455396E+03
         5  5.095893E+03  5.905801E+03  1.086429E+02
         8  9.144880E+03 -9.093559E-12  2.522229E+02
         9  3.308572E+03  3.783539E+03 -1.351017E+02
        12  5.902007E+03 -5.404788E-12 -2.436068E+02
        13  1.588136E+03  1.782405E+03 -3.058492E+02
        16  2.825922E+03 -3.716583E-12 -5.864760E+02
        17 -1.589964E+02 -2.386401E+02 -3.522447E+02
        20 -2.963881E+02 -6.694090E-13 -6.876598E+02
        21 -1.078569E+03 -8.697087E+02 -1.319232E+03
        24 -1.739020E+03 -3.936851E-13 -3.947530E+02
        26  3.669576E+03 -3.786132E+03  1.722855E+03
        28  5.095893E+03 -5.905801E+03  1.086429E+02
        30  3.308572E+03 -3.783539E+03 -1.351017E+02
        32  1.588136E+03 -1.782405E+03 -3.058492E+02
        34 -1.589964E+02  2.386401E+02 -3.522447E+02
        36 -1.078569E+03  8.697087E+02 -1.319232E+03
        37 -5.153071E+02 -4.235296E+02 -1.249798E+03
        40 -5.345037E+02 -1.801568E+02 -2.234741E+03
        41 -1.603164E+03 -9.422601E+02 -2.619894E+02
        44 -2.440093E+03 -3.865139E+02 -5.180029E+02
        45 -1.248043E+03 -5.200282E+02  1.463367E+03
        48 -2.229554E+03 -2.066528E+02  2.742187E+03
        50 -3.945522E+02 -1.594334E+02 -2.131230E+03
        52 -2.384908E+03 -3.384386E+02 -5.384664E+02
        54 -2.331056E+03 -1.789454E+02  2.706965E+03
        56 -3.346499E+02 -1.199935E+02 -2.169006E+03
        58 -2.466120E+03 -2.488694E+02 -5.318215E+02
        60 -2.488799E+03 -1.302113E+02  2.807806E+03
        62 -1.825311E+03 -1.094503E+02 -3.326749E+02
        64 -1.864087E+03 -5.452323E+01  2.079078E+03
        66 -1.086104E+03 -2.354367E-13 -1.818282E+02
        68 -1.114208E+03 -1.868783E-13  1.244242E+03
        70 -1.825311E+03  1.094503E+02 -3.326749E+02
        72 -1.864087E+03  5.452323E+01  2.079078E+03
        74 -3.346499E+02  1.199935E+02 -2.169006E+03
        76 -2.466120E+03  2.488694E+02 -5.318215E+02
        78 -2.488799E+03  1.302113E+02  2.807806E+03
        80 -3.945522E+02  1.594334E+02 -2.131230E+03
        82 -2.384908E+03  3.384386E+02 -5.384664E+02
        84 -2.331056E+03  1.789454E+02  2.706965E+03
        86 -5.345037E+02  1.801568E+02 -2.234741E+03
        88 -2.440093E+03  3.865139E+02 -5.180029E+02
        90 -2.229554E+03  2.066528E+02  2.742187E+03
        92 -5.153071E+02  4.235296E+02 -1.249798E+03
        94 -1.603164E+03  9.422601E+02 -2.619894E+02
        96 -1.248043E+03  5.200282E+02  1.463367E+03

 internal energy (element, energy) for set EALL and time  0.2456250E-01

         1  3.012870E+01
         2  1.404527E+01
         3  4.952131E+00
         4  7.544039E-01
         5  1.347366E+00
         6  3.012870E+01
         7  1.404527E+01
         8  4.952131E+00
         9  7.544039E-01
        10  1.347366E+00
        11  2.472376E+00
        12  3.537792E+00
        13  2.140257E+00
        14  3.220187E+00
        15  2.127394E+00
        16  3.279872E+00
        17  2.288381E+00
        18  3.477627E+00
        19  9.969287E-01
        20  1.499036E+00
        21  9.969287E-01
        22  1.499036E+00
        23  2.288381E+00
        24  3.477627E+00
        25  2.127394E+00
        26  3.279872E+00
        27  2.140257E+00
        28  3.220187E+00
        29  2.472376E+00
        30  3.537792E+00
        31  3.131921E+01
        32  1.690898E+01
        33  6.176955E+00
        34  1.096455E+00
        35  1.688830E+00
        36  3.131921E+01
        37  1.690898E+01
        38  6.176955E+00
        39  1.096455E+00
        40  1.688830E+00
        41  2.184449E+00
        42  3.273275E+00
        43  2.458853E+00
        44  3.595078E+00
        45  2.543355E+00
        46  3.676735E+00
        47  2.679241E+00
        48  3.792594E+00
        49  1.136559E+00
        50  1.594018E+00
        51  1.136559E+00
        52  1.594018E+00
        53  2.679241E+00
        54  3.792594E+00
        55  2.543355E+00
        56  3.676735E+00
        57  2.458853E+00
        58  3.595078E+00
        59  2.184449E+00
        60  3.273275E+00
        61  3.192637E+01
        62  1.670369E+01
        63  6.350243E+00
        64  1.205075E+00
        65  1.664503E+00
        66  3.192637E+01
        67  1.670369E+01
        68  6.350243E+00
        69  1.205075E+00
        70  1.664503E+00
        71  2.249974E+00
        72  3.303769E+00
        73  2.480411E+00
        74  3.564006E+00
        75  2.640971E+00
        76  3.749685E+00
        77  2.722632E+00
        78  3.853571E+00
        79  1.124099E+00
        80  1.597806E+00
        81  1.124099E+00
        82  1.597806E+00
        83  2.722632E+00
        84  3.853571E+00
        85  2.640971E+00
        86  3.749685E+00
        87  2.480411E+00
        88  3.564006E+00
        89  2.249974E+00
        90  3.303769E+00
        91  3.109283E+01
        92  1.596403E+01
        93  6.005418E+00
        94  1.150297E+00
        95  1.481957E+00
        96  3.109283E+01
        97  1.596403E+01
        98  6.005418E+00
        99  1.150297E+00
       100  1.481957E+00
       101  2.275259E+00
       102  3.339756E+00
       103  2.367754E+00
       104  3.450763E+00
       105  2.462608E+00
       106  3.565470E+00
       107  2.531814E+00
       108  3.634516E+00
       109  1.044436E+00
       110  1.496926E+00
       111  1.044436E+00
       112  1.496926E+00
       113  2.531814E+00
       114  3.634516E+00
       115  2.462608E+00
       116  3.565470E+00
       117  2.367754E+00
       118  3.450763E+00
       119  2.275259E+00
       120  3.339756E+00
       121  2.965617E+01
       122  1.524903E+01
       123  5.755975E+00
       124  1.118520E+00
       125  1.324214E+00
       126  2.965617E+01
       127  1.524903E+01
       128  5.755975E+00
       129  1.118520E+00
       130  1.324214E+00
       131  2.207639E+00
       132  3.271373E+00
       133  2.239276E+00
       134  3.306468E+00
       135  2.283392E+00
       136  3.354784E+00
       137  2.333075E+00
       138  3.394328E+00
       139  9.592998E-01
       140  1.393523E+00
       141  9.592998E-01
       142  1.393523E+00
       143  2.333075E+00
       144  3.394328E+00
       145  2.283392E+00
       146  3.354784E+00
       147  2.239276E+00
       148  3.306468E+00
       149  2.207639E+00
       150  3.271373E+00
       151  2.816525E+01
       152  1.454880E+01
       153  5.547256E+00
       154  1.107905E+00
       155  1.198679E+00
       156  2.816525E+01
       157  1.454880E+01
       158  5.547256E+00
       159  1.107905E+00
       160  1.198679E+00
       161  2.101666E+00
       162  3.140490E+00
       163  2.112404E+00
       164  3.147427E+00
       165  2.134937E+00
       166  3.169226E+00
       167  2.172058E+00
       168  3.194653E+00
       169  8.884349E-01
       170  1.305792E+00
       171  8.884349E-01
       172  1.305792E+00
       173  2.172058E+00
       174  3.194653E+00
       175  2.134937E+00
       176  3.169226E+00
       177  2.112404E+00
       178  3.147427E+00
       179  2.101666E+00
       180  3.140490E+00
       181  2.664697E+01
       182  1.383544E+01
       183  5.336218E+00
       184  1.099739E+00
       185  1.093093E+00
       186  2.664697E+01
       187  1.383544E+01
       188  5.336218E+00
       189  1.099739E+00
       190  1.093093E+00
       191  1.974200E+00
       192  2.978003E+00
       193  1.980255E+00
       194  2.980077E+00
       195  1.994835E+00
       196  2.994324E+00
       197  2.026333E+00
       198  3.013492E+00
       199  8.246190E-01
       200  1.226269E+00
       201  8.246190E-01
       202  1.226269E+00
       203  2.026333E+00
       204  3.013492E+00
       205  1.994835E+00
       206  2.994324E+00
       207  1.980255E+00
       208  2.980077E+00
       209  1.974200E+00
       210  2.978003E+00
       211  2.513128E+01
       212  1.311400E+01
       213  5.116624E+00
       214  1.088852E+00
       215  9.997591E-01
       216  2.513128E+01
       217  1.311400E+01
       218  5.116624E+00
       219  1.088852E+00
       220  9.997591E-01
       221  1.841376E+00
       222  2.806400E+00
       223  1.846826E+00
       224  2.809445E+00
       225  1.858918E+00
       226  2.822489E+00
       227  1.888277E+00
       228  2.838918E+00
       229  7.648008E-01
       230  1.150301E+00
       231  7.648008E-01
       232  1.150301E+00
       233  1.888277E+00
       234  2.838918E+00
       235  1.858918E+00
       236  2.822489E+00
       237  1.846826E+00
       238  2.809445E+00
       239  1.841376E+00
       240  2.806400E+00
       241  2.362103E+01
       242  1.238589E+01
       243  4.887518E+00
       244  1.074007E+00
       245  9.152493E-01
       246  2.362103E+01
       247  1.238589E+01
       248  4.887518E+00
       249  1.074007E+00
       250  9.152493E-01
       251  1.708599E+00
       252  2.634213E+00
       253  1.714045E+00
       254  2.638326E+00
       255  1.725251E+00
       256  2.651438E+00
       257  1.754055E+00
       258  2.666552E+00
       259  7.072872E-01
       260  1.076001E+00
       261  7.072872E-01
       262  1.076001E+00
       263  1.754055E+00
       264  2.666552E+00
       265  1.725251E+00
       266  2.651438E+00
       267  1.714045E+00
       268  2.638326E+00
       269  1.708599E+00
       270  2.634213E+00
       271  2.211753E+01
       272  1.165310E+01
       273  4.650218E+00
       274  1.055378E+00
       275  8.382123E-01
       276  2.211753E+01
       277  1.165310E+01
       278  4.650218E+00
       279  1.055378E+00
       280  8.382123E-01
       281  1.578061E+00
       282  2.463787E+00
       283  1.583390E+00
       284  2.468226E+00
       285  1.594120E+00
       286  2.481312E+00
       287  1.623032E+00
       288  2.495529E+00
       289  6.516368E-01
       290  1.002843E+00
       291  6.516368E-01
       292  1.002843E+00
       293  1.623032E+00
       294  2.495529E+00
       295  1.594120E+00
       296  2.481312E+00
       297  1.583390E+00
       298  2.468226E+00
       299  1.578061E+00
       300  2.463787E+00
       301  2.062335E+01
       302  1.091798E+01
       303  4.406248E+00
       304  1.033319E+00
       305  7.681384E-01
       306  2.062335E+01
       307  1.091798E+01
       308  4.406248E+00
       309  1.033319E+00
       310  7.681384E-01
       311  1.450580E+00
       312  2.295624E+00
       313  1.455710E+00
       314  2.299890E+00
       315  1.466077E+00
       316  2.312698E+00
       317  1.495385E+00
       318  2.326081E+00
       319  5.978008E-01
       320  9.308062E-01
       321  5.978008E-01
       322  9.308062E-01
       323  1.495385E+00
       324  2.326081E+00
       325  1.466077E+00
       326  2.312698E+00
       327  1.455710E+00
       328  2.299890E+00
       329  1.450580E+00
       330  2.295624E+00
       331  1.914228E+01
       332  1.018298E+01
       333  4.156903E+00
       334  1.008062E+00
       335  7.046996E-01
       336  1.914228E+01
       337  1.018298E+01
       338  4.156903E+00
       339  1.008062E+00
       340  7.046996E-01
       341  1.326661E+00
       342  2.129870E+00
       343  1.331594E+00
       344  2.133730E+00
       345  1.341657E+00
       346  2.146097E+00
       347  1.371501E+00
       348  2.158634E+00
       349  5.458684E-01
       350  8.600249E-01
       351  5.458684E-01
       352  8.600249E-01
       353  1.371501E+00
       354  2.158634E+00
       355  1.341657E+00
       356  2.146097E+00
       357  1.331594E+00
       358  2.133730E+00
       359  1.326661E+00
       360  2.129870E+00
       361  1.767863E+01
       362  9.450651E+00
       363  3.903310E+00
       364  9.797305E-01
       365  6.475606E-01
       366  1.767863E+01
       367  9.450651E+00
       368  3.903310E+00
       369  9.797305E-01
       370  6.475606E-01
       371  1.206724E+00
       372  1.966720E+00
       373  1.211497E+00
       374  1.970090E+00
       375  1.221297E+00
       376  1.981943E+00
       377  1.251743E+00
       378  1.993624E+00
       379  4.959496E-01
       380  7.906645E-01
       381  4.959496E-01
       382  7.906645E-01
       383  1.251743E+00
       384  1.993624E+00
       385  1.221297E+00
       386  1.981943E+00
       387  1.211497E+00
       388  1.970090E+00
       389  1.206724E+00
       390  1.966720E+00
       391  1.623695E+01
       392  8.723552E+00
       393  3.646546E+00
       394  9.483954E-01
       395  5.963333E-01
       396  1.623695E+01
       397  8.723552E+00
       398  3.646546E+00
       399  9.483954E-01
       400  5.963333E-01
       401  1.091164E+00
       402  1.806475E+00
       403  1.095807E+00
       404  1.809340E+00
       405  1.105363E+00
       406  1.820651E+00
       407  1.136434E+00
       408  1.831478E+00
       409  4.481491E-01
       410  7.228964E-01
       411  4.481491E-01
       412  7.228964E-01
       413  1.136434E+00
       414  1.831478E+00
       415  1.105363E+00
       416  1.820651E+00
       417  1.095807E+00
       418  1.809340E+00
       419  1.091164E+00
       420  1.806475E+00
       421  1.482192E+01
       422  8.004368E+00
       423  3.387718E+00
       424  9.141129E-01
       425  5.505764E-01
       426  1.482192E+01
       427  8.004368E+00
       428  3.387718E+00
       429  9.141129E-01
       430  5.505764E-01
       431  9.803468E-01
       432  1.649523E+00
       433  9.848778E-01
       434  1.651897E+00
       435  9.941860E-01
       436  1.662660E+00
       437  1.025867E+00
       438  1.672640E+00
       439  4.025646E-01
       440  6.568990E-01
       441  4.025646E-01
       442  6.568990E-01
       443  1.025867E+00
       444  1.672640E+00
       445  9.941860E-01
       446  1.662660E+00
       447  9.848778E-01
       448  1.651897E+00
       449  9.803468E-01
       450  1.649523E+00
       451  1.343858E+01
       452  7.295973E+00
       453  3.128016E+00
       454  8.769385E-01
       455  5.097973E-01
       456  1.343858E+01
       457  7.295973E+00
       458  3.128016E+00
       459  8.769385E-01
       460  5.097973E-01
       461  8.746166E-01
       462  1.496328E+00
       463  8.790364E-01
       464  1.498238E+00
       465  8.880739E-01
       466  1.508454E+00
       467  9.203194E-01
       468  1.517591E+00
       469  3.592890E-01
       470  5.928653E-01
       471  3.592890E-01
       472  5.928653E-01
       473  9.203194E-01
       474  1.517591E+00
       475  8.880739E-01
       476  1.508454E+00
       477  8.790364E-01
       478  1.498238E+00
       479  8.746166E-01
       480  1.496328E+00
       481  1.209243E+01
       482  6.601507E+00
       483  2.868742E+00
       484  8.369368E-01
       485  4.734537E-01
       486  1.209243E+01
       487  6.601507E+00
       488  2.868742E+00
       489  8.369368E-01
       490  4.734537E-01
       491  7.742974E-01
       492  1.347421E+00
       493  7.785955E-01
       494  1.348901E+00
       495  7.873252E-01
       496  1.358571E+00
       497  8.200588E-01
       498  1.366868E+00
       499  3.184135E-01
       500  5.310093E-01
       501  3.184135E-01
       502  5.310093E-01
       503  8.200588E-01
       504  1.366868E+00
       505  7.873252E-01
       506  1.358571E+00
       507  7.785955E-01
       508  1.348901E+00
       509  7.742974E-01
       510  1.347421E+00
       511  1.078952E+01
       512  5.924422E+00
       513  2.611340E+00
       514  7.941936E-01
       515  4.409568E-01
       516  1.078952E+01
       517  5.924422E+00
       518  2.611340E+00
       519  7.941936E-01
       520  4.409568E-01
       521  6.796945E-01
       522  1.203407E+00
       523  6.838518E-01
       524  1.204494E+00
       525  6.922296E-01
       526  1.213618E+00
       527  7.253489E-01
       528  1.221079E+00
       529  2.800277E-01
       530  4.715712E-01
       531  2.800277E-01
       532  4.715712E-01
       533  7.253489E-01
       534  1.221079E+00
       535  6.922296E-01
       536  1.213618E+00
       537  6.838518E-01
       538  1.204494E+00
       539  6.796945E-01
       540  1.203407E+00
       541  9.536473E+00
       542  5.268489E+00
       543  2.357401E+00
       544  7.488311E-01
       545  4.116794E-01
       546  9.536473E+00
       547  5.268489E+00
       548  2.357401E+00
       549  7.488311E-01
       550  4.116794E-01
       551  5.910908E-01
       552  1.064953E+00
       553  5.950845E-01
       554  1.065690E+00
       555  6.030657E-01
       556  1.074269E+00
       557  6.364446E-01
       558  1.080905E+00
       559  2.442174E-01
       560  4.148166E-01
       561  2.442174E-01
       562  4.148166E-01
       563  6.364446E-01
       564  1.080905E+00
       565  6.030657E-01
       566  1.074269E+00
       567  5.950845E-01
       568  1.065690E+00
       569  5.910908E-01
       570  1.064953E+00
       571  8.340378E+00
       572  4.637752E+00
       573  2.108671E+00
       574  7.010272E-01
       575  3.849707E-01
       576  8.340378E+00
       577  4.637752E+00
       578  2.108671E+00
       579  7.010272E-01
       580  3.849707E-01
       581  5.087416E-01
       582  9.327890E-01
       583  5.125480E-01
       584  9.332183E-01
       585  5.200934E-01
       586  9.412549E-01
       587  5.535843E-01
       588  9.470876E-01
       589  2.110610E-01
       590  3.610310E-01
       591  2.110610E-01
       592  3.610310E-01
       593  5.535843E-01
       594  9.470876E-01
       595  5.200934E-01
       596  9.412549E-01
       597  5.125480E-01
       598  9.332183E-01
       599  5.087416E-01
       600  9.327890E-01
       601  7.208570E+00
       602  4.036433E+00
       603  1.867022E+00
       604  6.510348E-01
       605  3.601781E-01
       606  7.208570E+00
       607  4.036433E+00
       608  1.867022E+00
       609  6.510348E-01
       610  3.601781E-01
       611  4.328645E-01
       612  8.076762E-01
       613  4.364625E-01
       614  8.078437E-01
       615  4.435426E-01
       616  8.153417E-01
       617  4.769775E-01
       618  8.204094E-01
       619  1.806227E-01
       620  3.105094E-01
       621  1.806227E-01
       622  3.105094E-01
       623  4.769775E-01
       624  8.204094E-01
       625  4.435426E-01
       626  8.153417E-01
       627  4.364625E-01
       628  8.078437E-01
       629  4.328645E-01
       630  8.076762E-01
       631  6.148332E+00
       632  3.468783E+00
       633  1.634416E+00
       634  5.992008E-01
       635  3.366747E-01
       636  6.148332E+00
       637  3.468783E+00
       638  1.634416E+00
       639  5.992008E-01
       640  3.366747E-01
       641  3.636284E-01
       642  6.903814E-01
       643  3.670012E-01
       644  6.903328E-01
       645  3.735990E-01
       646  6.972999E-01
       647  4.067892E-01
       648  7.016580E-01
       649  1.529458E-01
       650  2.635396E-01
       651  1.529458E-01
       652  2.635396E-01
       653  4.067892E-01
       654  7.016580E-01
       655  3.735990E-01
       656  6.972999E-01
       657  3.670012E-01
       658  6.903328E-01
       659  3.636284E-01
       660  6.903814E-01
       661  5.166514E+00
       662  2.938897E+00
       663  1.412846E+00
       664  5.459776E-01
       665  3.138902E-01
       666  5.166514E+00
       667  2.938897E+00
       668  1.412846E+00
       669  5.459776E-01
       670  3.138902E-01
       671  3.011409E-01
       672  5.816337E-01
       673  3.042772E-01
       674  5.814141E-01
       675  3.103883E-01
       676  5.878605E-01
       677  3.431229E-01
       678  5.915815E-01
       679  1.280451E-01
       680  2.203837E-01
       681  1.280451E-01
       682  2.203837E-01
       683  3.431229E-01
       684  5.915815E-01
       685  3.103883E-01
       686  5.878605E-01
       687  3.042772E-01
       688  5.814141E-01
       689  3.011409E-01
       690  5.816337E-01
       691  4.269124E+00
       692  2.450498E+00
       693  1.204256E+00
       694  4.919269E-01
       695  2.913412E-01
       696  4.269124E+00
       697  2.450498E+00
       698  1.204256E+00
       699  4.919269E-01
       700  2.913412E-01
       701  2.454363E-01
       702  4.820787E-01
       703  2.483304E-01
       704  4.817313E-01
       705  2.539611E-01
       706  4.876696E-01
       707  2.860063E-01
       708  4.908400E-01
       709  1.059007E-01
       710  1.812583E-01
       711  1.059007E-01
       712  1.812583E-01
       713  2.860063E-01
       714  4.908400E-01
       715  2.539611E-01
       716  4.876696E-01
       717  2.483304E-01
       718  4.817313E-01
       719  2.454363E-01
       720  4.820787E-01
       721  3.460919E+00
       722  2.006724E+00
       723  1.010457E+00
       724  4.377094E-01
       725  2.686566E-01
       726  3.460919E+00
       727  2.006724E+00
       728  1.010457E+00
       729  4.377094E-01
       730  2.686566E-01
       731  1.964651E-01
       732  3.922336E-01
       733  1.991161E-01
       734  3.917982E-01
       735  2.042803E-01
       736  3.972423E-01
       737  2.353795E-01
       738  3.999588E-01
       739  8.645371E-02
       740  1.463168E-01
       741  8.645371E-02
       742  1.463168E-01
       743  2.353795E-01
       744  3.999588E-01
       745  2.042803E-01
       746  3.972423E-01
       747  1.991161E-01
       748  3.917982E-01
       749  1.964651E-01
       750  3.922336E-01
       751  2.745057E+00
       752  1.609927E+00
       753  8.330306E-01
       754  3.840621E-01
       755  2.455933E-01
       756  2.745057E+00
       757  1.609927E+00
       758  8.330306E-01
       759  3.840621E-01
       760  2.455933E-01
       761  1.540862E-01
       762  3.124461E-01
       763  1.564966E-01
       764  3.119591E-01
       765  1.612115E-01
       766  3.169239E-01
       767  1.910888E-01
       768  3.192884E-01
       769  6.960450E-02
       770  1.156355E-01
       771  6.960450E-02
       772  1.156355E-01
       773  1.910888E-01
       774  3.192884E-01
       775  1.612115E-01
       776  3.169239E-01
       777  1.564966E-01
       778  3.119591E-01
       779  1.540862E-01
       780  3.124461E-01
       781  2.122841E+00
       782  1.261515E+00
       783  6.732392E-01
       784  3.317614E-01
       785  2.220397E-01
       786  2.122841E+00
       787  1.261515E+00
       788  6.732392E-01
       789  3.317614E-01
       790  2.220397E-01
       791  1.180634E-01
       792  2.428652E-01
       793  1.202375E-01
       794  2.423587E-01
       795  1.245199E-01
       796  2.468610E-01
       797  1.528865E-01
       798  2.489763E-01
       799  5.521399E-02
       800  8.920567E-02
       801  5.521399E-02
       802  8.920567E-02
       803  1.528865E-01
       804  2.489763E-01
       805  1.245199E-01
       806  2.468610E-01
       807  1.202375E-01
       808  2.423587E-01
       809  1.180634E-01
       810  2.428652E-01
       811  1.593567E+00
       812  9.618393E-01
       813  5.319497E-01
       814  2.815769E-01
       815  1.980066E-01
       816  1.593567E+00
       817  9.618393E-01
       818  5.319497E-01
       819  2.815769E-01
       820  1.980066E-01
       821  8.806616E-02
       822  1.834241E-01
       823  9.000754E-02
       824  1.829272E-01
       825  9.387114E-02
       826  1.869870E-01
       827  1.204361E-01
       828  1.889542E-01
       829  4.310771E-02
       830  6.693205E-02
       831  4.310771E-02
       832  6.693205E-02
       833  1.204361E-01
       834  1.889542E-01
       835  9.387114E-02
       836  1.869870E-01
       837  9.000754E-02
       838  1.829272E-01
       839  8.806616E-02
       840  1.834241E-01
       841  1.154505E+00
       842  7.101402E-01
       843  4.095698E-01
       844  2.342222E-01
       845  1.736097E-01
       846  1.154505E+00
       847  7.101402E-01
       848  4.095698E-01
       849  2.342222E-01
       850  1.736097E-01
       851  6.367457E-02
       852  1.338387E-01
       853  6.538471E-02
       854  1.333785E-01
       855  6.883900E-02
       856  1.370215E-01
       857  9.332168E-02
       858  1.389380E-01
       859  3.308231E-02
       860  4.863619E-02
       861  3.308231E-02
       862  4.863619E-02
       863  9.332168E-02
       864  1.389380E-01
       865  6.883900E-02
       866  1.370215E-01
       867  6.538471E-02
       868  1.333785E-01
       869  6.367457E-02
       870  1.338387E-01
       871  8.009669E-01
       872  5.045484E-01
       873  3.060107E-01
       874  1.903111E-01
       875  1.490504E-01
       876  8.009669E-01
       877  5.045484E-01
       878  3.060107E-01
       879  1.903111E-01
       880  1.490504E-01
       881  4.438952E-02
       882  9.362054E-02
       883  4.586600E-02
       884  9.322299E-02
       885  4.891658E-02
       886  9.648224E-02
       887  7.106105E-02
       888  9.843939E-02
       889  2.491382E-02
       890  3.406370E-02
       891  2.491382E-02
       892  3.406370E-02
       893  7.106105E-02
       894  9.843939E-02
       895  4.891658E-02
       896  9.648224E-02
       897  4.586600E-02
       898  9.322299E-02
       899  4.438952E-02
       900  9.362054E-02
       901  5.264585E-01
       902  3.421280E-01
       903  2.206764E-01
       904  1.503299E-01
       905  1.246052E-01
       906  5.264585E-01
       907  3.421280E-01
       908  2.206764E-01
       909  1.503299E-01
       910  1.246052E-01
       911  2.964595E-02
       912  6.210008E-02
       913  3.088208E-02
       914  6.178975E-02
       915  3.353264E-02
       916  6.470497E-02
       917  5.312186E-02
       918  6.678326E-02
       919  1.836727E-02
       920  2.289225E-02
       921  1.836727E-02
       922  2.289225E-02
       923  5.312186E-02
       924  6.678326E-02
       925  3.353264E-02
       926  6.470497E-02
       927  3.088208E-02
       928  6.178975E-02
       929  2.964595E-02
       930  6.210008E-02
       931  3.228546E-01
       932  2.189545E-01
       933  1.524841E-01
       934  1.146353E-01
       935  1.006341E-01
       936  3.228546E-01
       937  2.189545E-01
       938  1.524841E-01
       939  1.146353E-01
       940  1.006341E-01
       941  1.882904E-02
       942  3.845485E-02
       943  1.981649E-02
       944  3.825195E-02
       945  2.207293E-02
       946  4.086532E-02
       947  3.894261E-02
       948  4.312412E-02
       949  1.320692E-02
       950  1.473834E-02
       951  1.320692E-02
       952  1.473834E-02
       953  3.894261E-02
       954  4.312412E-02
       955  2.207293E-02
       956  4.086532E-02
       957  1.981649E-02
       958  3.825195E-02
       959  1.882904E-02
       960  3.845485E-02
       961  1.805936E-01
       962  1.302248E-01
       963  9.992145E-02
       964  8.348193E-02
       965  7.760923E-02
       966  1.805936E-01
       967  1.302248E-01
       968  9.992145E-02
       969  8.348193E-02
       970  7.760923E-02
       971  1.129011E-02
       972  2.172901E-02
       973  1.202891E-02
       974  2.164681E-02
       975  1.390747E-02
       976  2.399715E-02
       977  2.796241E-02
       978  2.645856E-02
       979  9.206818E-03
       980  9.161734E-03
       981  9.206818E-03
       982  9.161734E-03
       983  2.796241E-02
       984  2.645856E-02
       985  1.390747E-02
       986  2.399715E-02
       987  1.202891E-02
       988  2.164681E-02
       989  1.129011E-02
       990  2.172901E-02
       991  8.891967E-02
       992  7.041484E-02
       993  6.114077E-02
       994  5.707435E-02
       995  5.615188E-02
       996  8.891967E-02
       997  7.041484E-02
       998  6.114077E-02
       999  5.707435E-02
      1000  5.615188E-02
      1001  6.359519E-03
      1002  1.083300E-02
      1003  6.879341E-03
      1004  1.088008E-02
      1005  8.424034E-03
      1006  1.300166E-02
      1007  1.966162E-02
      1008  1.563285E-02
      1009  6.159815E-03
      1010  5.670048E-03
      1011  6.159815E-03
      1012  5.670048E-03
      1013  1.966162E-02
      1014  1.563285E-02
      1015  8.424034E-03
      1016  1.300166E-02
      1017  6.879341E-03
      1018  1.088008E-02
      1019  6.359519E-03
      1020  1.083300E-02
      1021  3.623655E-02
      1022  3.348559E-02
      1023  3.404662E-02
      1024  3.560802E-02
      1025  3.707720E-02
      1026  3.623655E-02
      1027  3.348559E-02
      1028  3.404662E-02
      1029  3.560802E-02
      1030  3.707720E-02
      1031  3.350950E-03
      1032  4.526347E-03
      1033  3.742811E-03
      1034  4.718076E-03
      1035  5.046277E-03
      1036  6.645083E-03
      1037  1.359809E-02
      1038  9.353074E-03
      1039  3.883098E-03
      1040  3.731075E-03
      1041  3.883098E-03
      1042  3.731075E-03
      1043  1.359809E-02
      1044  9.353074E-03
      1045  5.046277E-03
      1046  6.645083E-03
      1047  3.742811E-03
      1048  4.718076E-03
      1049  3.350950E-03
      1050  4.526347E-03
      1051  1.088468E-02
      1052  1.322359E-02
      1053  1.636106E-02
      1054  1.927821E-02
      1055  2.142019E-02
      1056  1.088468E-02
      1057  1.322359E-02
      1058  1.636106E-02
      1059  1.927821E-02
      1060  2.142019E-02
      1061  1.606541E-03
      1062  1.456300E-03
      1063  2.021749E-03
      1064  1.804908E-03
      1065  3.206150E-03
      1066  3.565329E-03
      1067  9.415749E-03
      1068  6.251341E-03
      1069  2.236798E-03
      1070  2.828134E-03
      1071  2.236798E-03
      1072  2.828134E-03
      1073  9.415749E-03
      1074  6.251341E-03
      1075  3.206150E-03
      1076  3.565329E-03
      1077  2.021749E-03
      1078  1.804908E-03
      1079  1.606541E-03
      1080  1.456300E-03
      1081  1.798186E-03
      1082  3.533867E-03
      1083  5.619357E-03
      1084  7.785101E-03
      1085  9.613461E-03
      1086  1.798186E-03
      1087  3.533867E-03
      1088  5.619357E-03
      1089  7.785101E-03
      1090  9.613461E-03
      1091  5.960371E-04
      1092  2.880496E-04
      1093  1.054600E-03
      1094  6.805752E-04
      1095  2.121072E-03
      1096  2.192702E-03
      1097  6.238289E-03
      1098  4.658879E-03
      1099  1.052073E-03
      1100  2.322051E-03
      1101  1.052073E-03
      1102  2.322051E-03
      1103  6.238289E-03
      1104  4.658879E-03
      1105  2.121072E-03
      1106  2.192702E-03
      1107  1.054600E-03
      1108  6.805752E-04
      1109  5.960371E-04
      1110  2.880496E-04
      1111  1.078931E-04
      1112  4.679650E-04
      1113  1.138558E-03
      1114  2.175571E-03
      1115  3.509955E-03
      1116  1.078931E-04
      1117  4.679650E-04
      1118  1.138558E-03
      1119  2.175571E-03
      1120  3.509955E-03
      1121  1.446572E-04
      1122  4.344177E-05
      1123  5.093120E-04
      1124  3.379471E-04
      1125  1.479445E-03
      1126  1.784388E-03
      1127  4.682116E-03
      1128  4.658233E-03
      1129  4.980993E-04
      1130  2.523082E-03
      1131  4.980993E-04
      1132  2.523082E-03
      1133  4.682116E-03
      1134  4.658233E-03
      1135  1.479445E-03
      1136  1.784388E-03
      1137  5.093120E-04
      1138  3.379471E-04
      1139  1.446572E-04
      1140  4.344177E-05
      1141  3.077769E-06
      1142  9.368474E-06
      1143  3.267359E-05
      1144  1.753338E-04
      1145  5.342485E-04
      1146  3.077769E-06
      1147  9.368474E-06
      1148  3.267359E-05
      1149  1.753338E-04
      1150  5.342485E-04
      1151  1.343710E-05
      1152  1.326316E-05
      1153  1.304104E-04
      1154  1.479540E-04
      1155  4.988365E-04
      1156  8.625062E-04
      1157  1.708704E-03
      1158  2.531067E-03
      1159  1.403542E-04
      1160  1.461200E-03
      1161  1.403542E-04
      1162  1.461200E-03
      1163  1.708704E-03
      1164  2.531067E-03
      1165  4.988365E-04
      1166  8.625062E-04
      1167  1.304104E-04
      1168  1.479540E-04
      1169  1.343710E-05
      1170  1.326316E-05

                                INCREMENT    20


 displacements (vx,vy,vz) for set TIP_TOP and time  0.3456250E-01

      1895 -9.025075E-02  2.589991E-04  2.275173E+00
      1896 -9.026677E-02  2.553946E-04  2.274822E+00
      1899 -9.027885E-02  2.354548E-04  2.274472E+00
      1902 -9.029054E-02  1.740267E-04  2.274168E+00
      1904 -9.029697E-02  5.830481E-05  2.273984E+00
      1906 -9.029486E-02 -1.715146E-15  2.273970E+00
      1908 -9.029697E-02 -5.830481E-05  2.273984E+00
      1911 -9.029054E-02 -1.740267E-04  2.274168E+00
      1914 -9.027885E-02 -2.354548E-04  2.274472E+00
      1917 -9.026677E-02 -2.553946E-04  2.274822E+00
      1920 -9.025075E-02 -2.589991E-04  2.275173E+00

 forces (fx,fy,fz) for set CLAMP and time  0.3456250E-01

         1 -6.543192E+03 -6.745673E+03 -3.072155E+03
         4 -1.195781E+04  1.058009E-11 -6.161742E+03
         5 -9.072193E+03 -1.051207E+04 -2.004706E+02
         8 -1.628093E+04  1.213774E-11 -4.634887E+02
         9 -5.883418E+03 -6.726668E+03  2.283565E+02
        12 -1.049503E+04  5.352163E-12  4.090531E+02
        13 -2.819654E+03 -3.163982E+03  5.300054E+02
        16 -5.017248E+03  4.266698E-12  1.014666E+03
        17  2.902649E+02  4.324081E+02  6.122090E+02
        20  5.401553E+02  1.178724E-12  1.194516E+03
        21  1.912170E+03  1.554511E+03  2.340397E+03
        24  3.104701E+03 -1.330047E-13  6.874151E+02
        26 -6.543192E+03  6.745673E+03 -3.072155E+03
        28 -9.072193E+03  1.051207E+04 -2.004706E+02
        30 -5.883418E+03  6.726668E+03  2.283565E+02
        32 -2.819654E+03  3.163982E+03  5.300054E+02
        34  2.902649E+02 -4.324081E+02  6.122090E+02
        36  1.912170E+03 -1.554511E+03  2.340397E+03
        37  9.160899E+02  7.521683E+02  2.219266E+03
        40  9.443097E+02  3.206199E+02  3.966685E+03
        41  2.847974E+03  1.674132E+03  4.661962E+02
        44  4.333184E+03  6.895644E+02  9.231730E+02
        45  2.216275E+03  9.242656E+02 -2.598150E+03
        48  3.964198E+03  3.694808E+02 -4.870650E+03
        50  6.876488E+02  2.846378E+02  3.783236E+03
        52  4.238240E+03  6.061492E+02  9.622141E+02
        54  4.156104E+03  3.213839E+02 -4.814230E+03
        56  5.737894E+02  2.161564E+02  3.854473E+03
        58  4.389534E+03  4.494595E+02  9.516014E+02
        60  4.451495E+03  2.357955E+02 -5.004082E+03
        62  3.256194E+03  1.993957E+02  5.927208E+02
        64  3.343195E+03  9.954649E+01 -3.713661E+03
        66  1.939248E+03 -3.004541E-13  3.227035E+02
        68  2.000256E+03  9.594547E-13 -2.224586E+03
        70  3.256194E+03 -1.993957E+02  5.927208E+02
        72  3.343195E+03 -9.954649E+01 -3.713661E+03
        74  5.737894E+02 -2.161564E+02  3.854473E+03
        76  4.389534E+03 -4.494595E+02  9.516014E+02
        78  4.451495E+03 -2.357955E+02 -5.004082E+03
        80  6.876488E+02 -2.846378E+02  3.783236E+03
        82  4.238240E+03 -6.061492E+02  9.622141E+02
        84  4.156104E+03 -3.213839E+02 -4.814230E+03
        86  9.443097E+02 -3.206199E+02  3.966685E+03
        88  4.333184E+03 -6.895644E+02  9.231730E+02
        90  3.964198E+03 -3.694808E+02 -4.870650E+03
        92  9.160899E+02 -7.521683E+02  2.219266E+03
        94  2.847974E+03 -1.674132E+03  4.661962E+02
        96  2.216275E+03 -9.242656E+02 -2.598150E+03

 internal energy (element, energy) for set EALL and time  0.3456250E-01

         1  9.559340E+01
         2  4.447003E+01
         3  1.565644E+01
         4  2.386783E+00
         5  4.299315E+00
         6  9.559340E+01
         7  4.447003E+01
         8  1.565644E+01
         9  2.386783E+00
        10  4.299315E+00
        11  7.792412E+00
        12  1.115983E+01
        13  6.750368E+00
        14  1.017585E+01
        15  6.723567E+00
        16  1.039423E+01
        17  7.264286E+00
        18  1.106292E+01
        19  3.174240E+00
        20  4.779004E+00
        21  3.174240E+00
        22  4.779004E+00
        23  7.264286E+00
        24  1.106292E+01
        25  6.723567E+00
        26  1.039423E+01
        27  6.750368E+00
        28  1.017585E+01
        29  7.792412E+00
        30  1.115983E+01
        31  9.904420E+01
        32  5.343724E+01
        33  1.952114E+01
        34  3.496451E+00
        35  5.394235E+00
        36  9.904420E+01
        37  5.343724E+01
        38  1.952114E+01
        39  3.496451E+00
        40  5.394235E+00
        41  6.870939E+00
        42  1.030994E+01
        43  7.745707E+00
        44  1.133906E+01
        45  8.029833E+00
        46  1.161637E+01
        47  8.484632E+00
        48  1.200381E+01
        49  3.603077E+00
        50  5.048103E+00
        51  3.603077E+00
        52  5.048103E+00
        53  8.484632E+00
        54  1.200381E+01
        55  8.029833E+00
        56  1.161637E+01
        57  7.745707E+00
        58  1.133906E+01
        59  6.870939E+00
        60  1.030994E+01
        61  1.006237E+02
        62  5.262786E+01
        63  2.002351E+01
        64  3.841510E+00
        65  5.304669E+00
        66  1.006237E+02
        67  5.262786E+01
        68  2.002351E+01
        69  3.841510E+00
        70  5.304669E+00
        71  7.063044E+00
        72  1.038540E+01
        73  7.797144E+00
        74  1.121319E+01
        75  8.316716E+00
        76  1.181284E+01
        77  8.593563E+00
        78  1.215799E+01
        79  3.549873E+00
        80  5.042283E+00
        81  3.549873E+00
        82  5.042283E+00
        83  8.593563E+00
        84  1.215799E+01
        85  8.316716E+00
        86  1.181284E+01
        87  7.797144E+00
        88  1.121319E+01
        89  7.063044E+00
        90  1.038540E+01
        91  9.764486E+01
        92  5.012095E+01
        93  1.887588E+01
        94  3.661432E+00
        95  4.713683E+00
        96  9.764486E+01
        97  5.012095E+01
        98  1.887588E+01
        99  3.661432E+00
       100  4.713683E+00
       101  7.122793E+00
       102  1.047089E+01
       103  7.418996E+00
       104  1.082412E+01
       105  7.727280E+00
       106  1.119568E+01
       107  7.962393E+00
       108  1.142711E+01
       109  3.286172E+00
       110  4.706698E+00
       111  3.286172E+00
       112  4.706698E+00
       113  7.962393E+00
       114  1.142711E+01
       115  7.727280E+00
       116  1.119568E+01
       117  7.418996E+00
       118  1.082412E+01
       119  7.122793E+00
       120  1.047089E+01
       121  9.274522E+01
       122  4.768023E+01
       123  1.802632E+01
       124  3.556058E+00
       125  4.206615E+00
       126  9.274522E+01
       127  4.768023E+01
       128  1.802632E+01
       129  3.556058E+00
       130  4.206615E+00
       131  6.884385E+00
       132  1.022023E+01
       133  6.988113E+00
       134  1.033273E+01
       135  7.135408E+00
       136  1.049269E+01
       137  7.308443E+00
       138  1.062857E+01
       139  3.005638E+00
       140  4.362991E+00
       141  3.005638E+00
       142  4.362991E+00
       143  7.308443E+00
       144  1.062857E+01
       145  7.135408E+00
       146  1.049269E+01
       147  6.988113E+00
       148  1.033273E+01
       149  6.884385E+00
       150  1.022023E+01
       151  8.765465E+01
       152  4.527305E+01
       153  1.729848E+01
       154  3.517329E+00
       155  3.805416E+00
       156  8.765465E+01
       157  4.527305E+01
       158  1.729848E+01
       159  3.517329E+00
       160  3.805416E+00
       161  6.522331E+00
       162  9.767244E+00
       163  6.560658E+00
       164  9.790392E+00
       165  6.640035E+00
       166  9.865835E+00
       167  6.774059E+00
       168  9.956030E+00
       169  2.770502E+00
       170  4.068126E+00
       171  2.770502E+00
       172  4.068126E+00
       173  6.774059E+00
       174  9.956030E+00
       175  6.640035E+00
       176  9.865835E+00
       177  6.560658E+00
       178  9.790392E+00
       179  6.522331E+00
       180  9.767244E+00
       181  8.245410E+01
       182  4.281089E+01
       183  1.655672E+01
       184  3.485262E+00
       185  3.469392E+00
       186  8.245410E+01
       187  4.281089E+01
       188  1.655672E+01
       189  3.485262E+00
       190  3.469392E+00
       191  6.091678E+00
       192  9.210766E+00
       193  6.115637E+00
       194  9.218107E+00
       195  6.170088E+00
       196  9.269247E+00
       197  6.287052E+00
       198  9.339003E+00
       199  2.557418E+00
       200  3.798144E+00
       201  2.557418E+00
       202  3.798144E+00
       203  6.287052E+00
       204  9.339003E+00
       205  6.170088E+00
       206  9.269247E+00
       207  6.115637E+00
       208  9.218107E+00
       209  6.091678E+00
       210  9.210766E+00
       211  7.723948E+01
       212  4.031114E+01
       213  1.578210E+01
       214  3.443054E+00
       215  3.172942E+00
       216  7.723948E+01
       217  4.031114E+01
       218  1.578210E+01
       219  3.443054E+00
       220  3.172942E+00
       221  5.644281E+00
       222  8.622652E+00
       223  5.666360E+00
       224  8.632555E+00
       225  5.712726E+00
       226  8.679379E+00
       227  5.823256E+00
       228  8.739756E+00
       229  2.356660E+00
       230  3.538308E+00
       231  2.356660E+00
       232  3.538308E+00
       233  5.823256E+00
       234  8.739756E+00
       235  5.712726E+00
       236  8.679379E+00
       237  5.666360E+00
       238  8.632555E+00
       239  5.644281E+00
       240  8.622652E+00
       241  7.202648E+01
       242  3.778176E+01
       243  1.497265E+01
       244  3.386278E+00
       245  2.904612E+00
       246  7.202648E+01
       247  3.778176E+01
       248  1.497265E+01
       249  3.386278E+00
       250  2.904612E+00
       251  5.197909E+00
       252  8.030820E+00
       253  5.219642E+00
       254  8.043586E+00
       255  5.262527E+00
       256  8.089962E+00
       257  5.371083E+00
       258  8.145182E+00
       259  2.163046E+00
       260  3.282949E+00
       261  2.163046E+00
       262  3.282949E+00
       263  5.371083E+00
       264  8.145182E+00
       265  5.262527E+00
       266  8.089962E+00
       267  5.219642E+00
       268  8.043586E+00
       269  5.197909E+00
       270  8.030820E+00
       271  6.683020E+01
       272  3.523428E+01
       273  1.413400E+01
       274  3.314986E+00
       275  2.659718E+00
       276  6.683020E+01
       277  3.523428E+01
       278  1.413400E+01
       279  3.314986E+00
       280  2.659718E+00
       281  4.760157E+00
       282  7.443950E+00
       283  4.780899E+00
       284  7.457275E+00
       285  4.821205E+00
       286  7.502765E+00
       287  4.929362E+00
       288  7.553855E+00
       289  1.975522E+00
       290  3.030967E+00
       291  1.975522E+00
       292  3.030967E+00
       293  4.929362E+00
       294  7.553855E+00
       295  4.821205E+00
       296  7.502765E+00
       297  4.780899E+00
       298  7.457275E+00
       299  4.760157E+00
       300  7.443950E+00
       301  6.167311E+01
       302  3.268299E+01
       303  1.327303E+01
       304  3.229933E+00
       305  2.436274E+00
       306  6.167311E+01
       307  3.268299E+01
       308  1.327303E+01
       309  3.229933E+00
       310  2.436274E+00
       311  4.334329E+00
       312  6.865232E+00
       313  4.353607E+00
       314  6.877593E+00
       315  4.391403E+00
       316  6.921298E+00
       317  4.499629E+00
       318  6.968219E+00
       319  1.794364E+00
       320  2.783043E+00
       321  1.794364E+00
       322  2.783043E+00
       323  4.499629E+00
       324  6.968219E+00
       325  4.391403E+00
       326  6.921298E+00
       327  4.353607E+00
       328  6.877593E+00
       329  4.334329E+00
       330  6.865232E+00
       331  5.658358E+01
       332  3.014375E+01
       333  1.239644E+01
       334  3.131689E+00
       335  2.232852E+00
       336  5.658358E+01
       337  3.014375E+01
       338  1.239644E+01
       339  3.131689E+00
       340  2.232852E+00
       341  3.922758E+00
       342  6.296952E+00
       343  3.940446E+00
       344  6.307671E+00
       345  3.975744E+00
       346  6.349006E+00
       347  4.084128E+00
       348  6.391581E+00
       349  1.620317E+00
       350  2.540438E+00
       351  1.620317E+00
       352  2.540438E+00
       353  4.084128E+00
       354  6.391581E+00
       355  3.975744E+00
       356  6.349006E+00
       357  3.940446E+00
       358  6.307671E+00
       359  3.922758E+00
       360  6.296952E+00
       361  5.159257E+01
       362  2.763318E+01
       363  1.151085E+01
       364  3.020738E+00
       365  2.048016E+00
       366  5.159257E+01
       367  2.763318E+01
       368  1.151085E+01
       369  3.020738E+00
       370  2.048016E+00
       371  3.527493E+00
       372  5.741643E+00
       373  3.543643E+00
       374  5.750510E+00
       375  3.576516E+00
       376  5.789204E+00
       377  3.685010E+00
       378  5.827368E+00
       379  1.454174E+00
       380  2.304536E+00
       381  1.454174E+00
       382  2.304536E+00
       383  3.685010E+00
       384  5.827368E+00
       385  3.576516E+00
       386  5.789204E+00
       387  3.543643E+00
       388  5.750510E+00
       389  3.527493E+00
       390  5.741643E+00
       391  4.673103E+01
       392  2.516794E+01
       393  1.062291E+01
       394  2.897684E+00
       395  1.880218E+00
       396  4.673103E+01
       397  2.516794E+01
       398  1.062291E+01
       399  2.897684E+00
       400  1.880218E+00
       401  3.150408E+00
       402  5.202092E+00
       403  3.165137E+00
       404  5.209113E+00
       405  3.195698E+00
       406  5.245084E+00
       407  3.304189E+00
       408  5.278910E+00
       409  1.296656E+00
       410  2.076682E+00
       411  1.296656E+00
       412  2.076682E+00
       413  3.304189E+00
       414  5.278910E+00
       415  3.195698E+00
       416  5.245084E+00
       417  3.165137E+00
       418  5.209113E+00
       419  3.150408E+00
       420  5.202092E+00
       421  4.202858E+01
       422  2.276428E+01
       423  9.739381E+00
       424  2.763365E+00
       425  1.727845E+00
       426  4.202858E+01
       427  2.276428E+01
       428  9.739381E+00
       429  2.763365E+00
       430  1.727845E+00
       431  2.793162E+00
       432  4.681141E+00
       433  2.806602E+00
       434  4.686420E+00
       435  2.834986E+00
       436  4.719691E+00
       437  2.943306E+00
       438  4.749354E+00
       439  1.148370E+00
       440  1.858124E+00
       441  1.148370E+00
       442  1.858124E+00
       443  2.943306E+00
       444  4.749354E+00
       445  2.834986E+00
       446  4.719691E+00
       447  2.806602E+00
       448  4.686420E+00
       449  2.793162E+00
       450  4.681141E+00
       451  3.751270E+01
       452  2.043769E+01
       453  8.867015E+00
       454  2.618871E+00
       455  1.589263E+00
       456  3.751270E+01
       457  2.043769E+01
       458  8.867015E+00
       459  2.618871E+00
       460  1.589263E+00
       461  2.457161E+00
       462  4.181511E+00
       463  2.469448E+00
       464  4.185198E+00
       465  2.495795E+00
       466  4.215846E+00
       467  2.603722E+00
       468  4.241597E+00
       469  1.009790E+00
       470  1.649977E+00
       471  1.009790E+00
       472  1.649977E+00
       473  2.603722E+00
       474  4.241597E+00
       475  2.495795E+00
       476  4.215846E+00
       477  2.469448E+00
       478  4.185198E+00
       479  2.457161E+00
       480  4.181511E+00
       481  3.320826E+01
       482  1.820258E+01
       483  8.012440E+00
       484  2.465522E+00
       485  1.462853E+00
       486  3.320826E+01
       487  1.820258E+01
       488  8.012440E+00
       489  2.465522E+00
       490  1.462853E+00
       491  2.143537E+00
       492  3.705685E+00
       493  2.154799E+00
       494  3.707955E+00
       495  2.179247E+00
       496  3.736090E+00
       497  2.286499E+00
       498  3.758229E+00
       499  8.812509E-01
       500  1.453206E+00
       501  8.812509E-01
       502  1.453206E+00
       503  2.286499E+00
       504  3.758229E+00
       505  2.179247E+00
       506  3.736090E+00
       507  2.154799E+00
       508  3.707955E+00
       509  2.143537E+00
       510  3.705685E+00
       511  2.913714E+01
       512  1.607209E+01
       513  7.182034E+00
       514  2.304825E+00
       515  1.347031E+00
       516  2.913714E+01
       517  1.607209E+01
       518  7.182034E+00
       519  2.304825E+00
       520  1.347031E+00
       521  1.853134E+00
       522  3.255842E+00
       523  1.863486E+00
       524  3.256886E+00
       525  1.886165E+00
       526  3.282642E+00
       527  1.992398E+00
       528  3.301506E+00
       529  7.629523E-01
       530  1.268613E+00
       531  7.629523E-01
       532  1.268613E+00
       533  1.992398E+00
       534  3.301506E+00
       535  1.886165E+00
       536  3.282642E+00
       537  1.863486E+00
       538  3.256886E+00
       539  1.853134E+00
       540  3.255842E+00
       541  2.531809E+01
       542  1.405788E+01
       543  6.381815E+00
       544  2.138430E+00
       545  1.240267E+00
       546  2.531809E+01
       547  1.405788E+01
       548  6.381815E+00
       549  2.138430E+00
       550  1.240267E+00
       551  1.586497E+00
       552  2.833835E+00
       553  1.596038E+00
       554  2.833854E+00
       555  1.617063E+00
       556  2.857382E+00
       557  1.721873E+00
       558  2.873329E+00
       559  6.549573E-01
       560  1.096839E+00
       561  6.549573E-01
       562  1.096839E+00
       563  1.721873E+00
       564  2.873329E+00
       565  1.617063E+00
       566  2.857382E+00
       567  1.596038E+00
       568  2.833854E+00
       569  1.586497E+00
       570  2.833835E+00
       571  2.176649E+01
       572  1.217005E+01
       573  5.617353E+00
       574  1.968088E+00
       575  1.141106E+00
       576  2.176649E+01
       577  1.217005E+01
       578  5.617353E+00
       579  1.968088E+00
       580  1.141106E+00
       581  1.343871E+00
       582  2.441178E+00
       583  1.352682E+00
       584  2.440378E+00
       585  1.372152E+00
       586  2.461839E+00
       587  1.475081E+00
       588  2.475241E+00
       589  5.572018E-01
       590  9.383628E-01
       591  5.572018E-01
       592  9.383628E-01
       593  1.475081E+00
       594  2.475241E+00
       595  1.372152E+00
       596  2.461839E+00
       597  1.352682E+00
       598  2.440378E+00
       599  1.343871E+00
       600  2.441178E+00
       601  1.849433E+01
       602  1.041697E+01
       603  4.893690E+00
       604  1.795619E+00
       605  1.048193E+00
       606  1.849433E+01
       607  1.041697E+01
       608  4.893690E+00
       609  1.795619E+00
       610  1.048193E+00
       611  1.125206E+00
       612  2.079047E+00
       613  1.133349E+00
       614  2.077632E+00
       615  1.151349E+00
       616  2.097191E+00
       617  1.251891E+00
       618  2.108423E+00
       619  4.695037E-01
       620  7.935028E-01
       621  4.695037E-01
       622  7.935028E-01
       623  1.251891E+00
       624  2.108423E+00
       625  1.151349E+00
       626  2.097191E+00
       627  1.133349E+00
       628  2.077632E+00
       629  1.125206E+00
       630  2.079047E+00
       631  1.551010E+01
       632  8.805280E+00
       633  4.215270E+00
       634  1.622884E+00
       635  9.603008E-01
       636  1.551010E+01
       637  8.805280E+00
       638  4.215270E+00
       639  1.622884E+00
       640  9.603008E-01
       641  9.301643E-01
       642  1.748282E+00
       643  9.376858E-01
       644  1.746444E+00
       645  9.542877E-01
       646  1.764263E+00
       647  1.051900E+00
       648  1.773692E+00
       649  3.915716E-01
       650  6.624197E-01
       651  3.915716E-01
       652  6.624197E-01
       653  1.051900E+00
       654  1.773692E+00
       655  9.542877E-01
       656  1.764263E+00
       657  9.376858E-01
       658  1.746444E+00
       659  9.301643E-01
       660  1.748282E+00
       661  1.281867E+01
       662  7.339699E+00
       663  3.585872E+00
       664  1.451754E+00
       665  8.763596E-01
       666  1.281867E+01
       667  7.339699E+00
       668  3.585872E+00
       669  1.451754E+00
       670  8.763596E-01
       671  7.581400E-01
       672  1.449371E+00
       673  7.650713E-01
       674  1.447290E+00
       675  7.803388E-01
       676  1.463521E+00
       677  8.744512E-01
       678  1.471500E+00
       679  3.230160E-01
       680  5.451170E-01
       681  3.230160E-01
       682  5.451170E-01
       683  8.744512E-01
       684  1.471500E+00
       685  7.803388E-01
       686  1.463521E+00
       687  7.650713E-01
       688  1.447290E+00
       689  7.581400E-01
       690  1.449371E+00
       691  1.042120E+01
       692  6.022998E+00
       693  3.008544E+00
       694  1.284095E+00
       695  7.954928E-01
       696  1.042120E+01
       697  6.022998E+00
       698  3.008544E+00
       699  1.284095E+00
       700  7.954928E-01
       701  6.082747E-01
       702  1.182445E+00
       703  6.146371E-01
       704  1.180275E+00
       705  6.286269E-01
       706  1.195056E+00
       707  7.186516E-01
       708  1.201912E+00
       709  2.633585E-01
       710  4.414393E-01
       711  2.633585E-01
       712  4.414393E-01
       713  7.186516E-01
       714  1.201912E+00
       715  6.286269E-01
       716  1.195056E+00
       717  6.146371E-01
       718  1.180275E+00
       719  6.082747E-01
       720  1.182445E+00
       721  8.315042E+00
       722  4.855876E+00
       723  2.485534E+00
       724  1.121735E+00
       725  7.170447E-01
       726  8.315042E+00
       727  4.855876E+00
       728  2.485534E+00
       729  1.121735E+00
       730  7.170447E-01
       731  4.794819E-01
       732  9.472507E-01
       733  4.852894E-01
       734  9.451222E-01
       735  4.980532E-01
       736  9.585710E-01
       737  5.833988E-01
       738  9.646044E-01
       739  2.120433E-01
       740  3.510709E-01
       741  2.120433E-01
       742  3.510709E-01
       743  5.833988E-01
       744  9.646044E-01
       745  4.980532E-01
       746  9.585710E-01
       747  4.852894E-01
       748  9.451222E-01
       749  4.794819E-01
       750  9.472507E-01
       751  6.493599E+00
       752  3.836882E+00
       753  2.018221E+00
       754  9.664309E-01
       755  6.406015E-01
       756  6.493599E+00
       757  3.836882E+00
       758  2.018221E+00
       759  9.664309E-01
       760  6.406015E-01
       761  3.704728E-01
       762  7.431375E-01
       763  3.757347E-01
       764  7.411514E-01
       765  3.873193E-01
       766  7.533679E-01
       767  4.674050E-01
       768  7.588423E-01
       769  1.684491E-01
       770  2.735359E-01
       771  1.684491E-01
       772  2.735359E-01
       773  4.674050E-01
       774  7.588423E-01
       775  3.873193E-01
       776  7.533679E-01
       777  3.757347E-01
       778  7.411514E-01
       779  3.704728E-01
       780  7.431375E-01
       781  4.946366E+00
       782  2.962365E+00
       783  1.607052E+00
       784  8.198215E-01
       785  5.659966E-01
       786  4.946366E+00
       787  2.962365E+00
       788  1.607052E+00
       789  8.198215E-01
       790  5.659966E-01
       791  2.797849E-01
       792  5.690421E-01
       793  2.845072E-01
       794  5.672722E-01
       795  2.949545E-01
       796  5.783383E-01
       797  3.692277E-01
       798  5.834811E-01
       799  1.319024E-01
       800  2.082015E-01
       801  1.319024E-01
       802  2.082015E-01
       803  3.692277E-01
       804  5.834811E-01
       805  2.949545E-01
       806  5.783383E-01
       807  2.845072E-01
       808  5.672722E-01
       809  2.797849E-01
       810  5.690421E-01
       811  3.658998E+00
       812  2.226483E+00
       813  1.251495E+00
       814  6.833710E-01
       815  4.933000E-01
       816  3.658998E+00
       817  2.226483E+00
       818  1.251495E+00
       819  6.833710E-01
       820  4.933000E-01
       821  2.058129E-01
       822  4.234887E-01
       823  2.099993E-01
       824  4.219839E-01
       825  2.193456E-01
       826  4.319692E-01
       827  2.873030E-01
       828  4.369713E-01
       829  1.016927E-01
       830  1.542869E-01
       831  1.016927E-01
       832  1.542869E-01
       833  2.873030E-01
       834  4.369713E-01
       835  2.193456E-01
       836  4.319692E-01
       837  2.099993E-01
       838  4.219839E-01
       839  2.058129E-01
       840  4.234887E-01
       841  2.613548E+00
       842  1.621267E+00
       843  9.500055E-01
       844  5.583066E-01
       845  4.227905E-01
       846  2.613548E+00
       847  1.621267E+00
       848  9.500055E-01
       849  5.583066E-01
       850  4.227905E-01
       851  1.468422E-01
       852  3.046065E-01
       853  1.504940E-01
       854  3.033957E-01
       855  1.587700E-01
       856  3.123637E-01
       857  2.199804E-01
       858  3.173823E-01
       859  7.708937E-02
       860  1.108777E-01
       861  7.708937E-02
       862  1.108777E-01
       863  2.199804E-01
       864  3.173823E-01
       865  1.587700E-01
       866  3.123637E-01
       867  1.504940E-01
       868  3.033957E-01
       869  1.468422E-01
       870  3.046065E-01
       871  1.788834E+00
       872  1.136771E+00
       873  7.000313E-01
       874  4.455614E-01
       875  3.549189E-01
       876  1.788834E+00
       877  1.136771E+00
       878  7.000313E-01
       879  4.455614E-01
       880  3.549189E-01
       881  1.010840E-01
       882  2.101691E-01
       883  1.041994E-01
       884  2.092659E-01
       885  1.114322E-01
       886  2.172810E-01
       887  1.655611E-01
       888  2.224407E-01
       889  5.736022E-02
       890  7.694581E-02
       891  5.736022E-02
       892  7.694581E-02
       893  1.655611E-01
       894  2.224407E-01
       895  1.114322E-01
       896  2.172810E-01
       897  1.041994E-01
       898  2.092659E-01
       899  1.010840E-01
       900  2.101691E-01
       901  1.160936E+00
       902  7.612883E-01
       903  4.980579E-01
       904  3.457358E-01
       905  2.902757E-01
       906  1.160936E+00
       907  7.612883E-01
       908  4.980579E-01
       909  3.457358E-01
       910  2.902757E-01
       911  6.671289E-02
       912  1.376549E-01
       913  6.928735E-02
       914  1.370605E-01
       915  7.550313E-02
       916  1.441907E-01
       917  1.223372E-01
       918  1.495822E-01
       919  4.179043E-02
       920  5.137148E-02
       921  4.179043E-02
       922  5.137148E-02
       923  1.223372E-01
       924  1.495822E-01
       925  7.550313E-02
       926  1.441907E-01
       927  6.928735E-02
       928  1.370605E-01
       929  6.671289E-02
       930  1.376549E-01
       931  7.037695E-01
       932  4.816412E-01
       933  3.397057E-01
       934  2.590945E-01
       935  2.295762E-01
       936  7.037695E-01
       937  4.816412E-01
       938  3.397057E-01
       939  2.590945E-01
       940  2.295762E-01
       941  4.190329E-02
       942  8.432109E-02
       943  4.393506E-02
       944  8.402395E-02
       945  4.916773E-02
       946  9.033934E-02
       947  8.863776E-02
       948  9.600957E-02
       949  2.970224E-02
       950  3.296654E-02
       951  2.970224E-02
       952  3.296654E-02
       953  8.863776E-02
       954  9.600957E-02
       955  4.916773E-02
       956  9.033934E-02
       957  4.393506E-02
       958  8.402395E-02
       959  4.190329E-02
       960  8.432109E-02
       961  3.897098E-01
       962  2.835299E-01
       963  2.198926E-01
       964  1.856114E-01
       965  1.736737E-01
       966  3.897098E-01
       967  2.835299E-01
       968  2.198926E-01
       969  1.856114E-01
       970  1.736737E-01
       971  2.486197E-02
       972  4.726949E-02
       973  2.637110E-02
       974  4.724751E-02
       975  3.067975E-02
       976  5.281898E-02
       977  6.288918E-02
       978  5.875213E-02
       979  2.047355E-02
       980  2.049599E-02
       981  2.047355E-02
       982  2.049599E-02
       983  6.288918E-02
       984  5.875213E-02
       985  3.067975E-02
       986  5.281898E-02
       987  2.637110E-02
       988  4.724751E-02
       989  2.486197E-02
       990  4.726949E-02
       991  1.902936E-01
       992  1.519675E-01
       993  1.330680E-01
       994  1.250635E-01
       995  1.235823E-01
       996  1.902936E-01
       997  1.519675E-01
       998  1.330680E-01
       999  1.250635E-01
      1000  1.235823E-01
      1001  1.385233E-02
      1002  2.348293E-02
      1003  1.492077E-02
      1004  2.371754E-02
      1005  1.842710E-02
      1006  2.862512E-02
      1007  4.369135E-02
      1008  3.472236E-02
      1009  1.355241E-02
      1010  1.270091E-02
      1011  1.355241E-02
      1012  1.270091E-02
      1013  4.369135E-02
      1014  3.472236E-02
      1015  1.842710E-02
      1016  2.862512E-02
      1017  1.492077E-02
      1018  2.371754E-02
      1019  1.385233E-02
      1020  2.348293E-02
      1021  7.705399E-02
      1022  7.176281E-02
      1023  7.342347E-02
      1024  7.712236E-02
      1025  8.054673E-02
      1026  7.705399E-02
      1027  7.176281E-02
      1028  7.342347E-02
      1029  7.712236E-02
      1030  8.054673E-02
      1031  7.202028E-03
      1032  9.832275E-03
      1033  8.031893E-03
      1034  1.033893E-02
      1035  1.096141E-02
      1036  1.468665E-02
      1037  2.987593E-02
      1038  2.076576E-02
      1039  8.463089E-03
      1040  8.329930E-03
      1041  8.463089E-03
      1042  8.329930E-03
      1043  2.987593E-02
      1044  2.076576E-02
      1045  1.096141E-02
      1046  1.468665E-02
      1047  8.031893E-03
      1048  1.033893E-02
      1049  7.202028E-03
      1050  9.832275E-03
      1051  2.303459E-02
      1052  2.819962E-02
      1053  3.505798E-02
      1054  4.143133E-02
      1055  4.614036E-02
      1056  2.303459E-02
      1057  2.819962E-02
      1058  3.505798E-02
      1059  4.143133E-02
      1060  4.614036E-02
      1061  3.393733E-03
      1062  3.182993E-03
      1063  4.297124E-03
      1064  3.988406E-03
      1065  6.929374E-03
      1066  7.882891E-03
      1067  2.050050E-02
      1068  1.378841E-02
      1069  4.840333E-03
      1070  6.243035E-03
      1071  4.840333E-03
      1072  6.243035E-03
      1073  2.050050E-02
      1074  1.378841E-02
      1075  6.929374E-03
      1076  7.882891E-03
      1077  4.297124E-03
      1078  3.988406E-03
      1079  3.393733E-03
      1080  3.182993E-03
      1081  3.788268E-03
      1082  7.515006E-03
      1083  1.200216E-02
      1084  1.667256E-02
      1085  2.063642E-02
      1086  3.788268E-03
      1087  7.515006E-03
      1088  1.200216E-02
      1089  1.667256E-02
      1090  2.063642E-02
      1091  1.238609E-03
      1092  6.297880E-04
      1093  2.236472E-03
      1094  1.499176E-03
      1095  4.577668E-03
      1096  4.805363E-03
      1097  1.351986E-02
      1098  1.017184E-02
      1099  2.269494E-03
      1100  5.065609E-03
      1101  2.269494E-03
      1102  5.065609E-03
      1103  1.351986E-02
      1104  1.017184E-02
      1105  4.577668E-03
      1106  4.805363E-03
      1107  2.236472E-03
      1108  1.499176E-03
      1109  1.238609E-03
      1110  6.297880E-04
      1111  2.253889E-04
      1112  9.929999E-04
      1113  2.429578E-03
      1114  4.658117E-03
      1115  7.539644E-03
      1116  2.253889E-04
      1117  9.929999E-04
      1118  2.429578E-03
      1119  4.658117E-03
      1120  7.539644E-03
      1121  3.014783E-04
      1122  9.203266E-05
      1123  1.091325E-03
      1124  7.359009E-04
      1125  3.202219E-03
      1126  3.882139E-03
      1127  1.014339E-02
      1128  1.010942E-02
      1129  1.075991E-03
      1130  5.471120E-03
      1131  1.075991E-03
      1132  5.471120E-03
      1133  1.014339E-02
      1134  1.010942E-02
      1135  3.202219E-03
      1136  3.882139E-03
      1137  1.091325E-03
      1138  7.359009E-04
      1139  3.014783E-04
      1140  9.203266E-05
      1141  6.511844E-06
      1142  1.977692E-05
      1143  6.986190E-05
      1144  3.769592E-04
      1145  1.150362E-03
      1146  6.511844E-06
      1147  1.977692E-05
      1148  6.986190E-05
      1149  3.769592E-04
      1150  1.150362E-03
      1151  2.888696E-05
      1152  2.864930E-05
      1153  2.832645E-04
      1154  3.220633E-04
      1155  1.083968E-03
      1156  1.872679E-03
      1157  3.702274E-03
      1158  5.479967E-03
      1159  3.030505E-04
      1160  3.160382E-03
      1161  3.030505E-04
      1162  3.160382E-03
      1163  3.702274E-03
      1164  5.479967E-03
      1165  1.083968E-03
      1166  1.872679E-03
      1167  2.832645E-04
      1168  3.220633E-04
      1169  2.888696E-05
      1170  2.864930E-05

                                INCREMENT    25


 displacements (vx,vy,vz) for set TIP_TOP and time  0.4456250E-01

      1895  9.668919E-02 -2.737586E-04 -2.442410E+00
      1896  9.670609E-02 -2.699612E-04 -2.442039E+00
      1899  9.671876E-02 -2.489101E-04 -2.441669E+00
      1902  9.673101E-02 -1.839907E-04 -2.441347E+00
      1904  9.673774E-02 -6.164824E-05 -2.441153E+00
      1906  9.673550E-02  1.940298E-15 -2.441138E+00
      1908  9.673774E-02  6.164824E-05 -2.441153E+00
      1911  9.673101E-02  1.839907E-04 -2.441347E+00
      1914  9.671876E-02  2.489101E-04 -2.441669E+00
      1917  9.670609E-02  2.699612E-04 -2.442039E+00
      1920  9.668919E-02  2.737586E-04 -2.442410E+00

 forces (fx,fy,fz) for set CLAMP and time  0.4456250E-01

         1  7.187936E+03  7.400681E+03  3.375251E+03
         4  1.313836E+04 -9.397927E-12  6.769941E+03
         5  9.940792E+03  1.151504E+04  2.328019E+02
         8  1.784036E+04 -9.687473E-12  5.347599E+02
         9  6.435393E+03  7.355501E+03 -2.279893E+02
        12  1.147945E+04 -9.579115E-12 -4.032038E+02
        13  3.077387E+03  3.452359E+03 -5.547220E+02
        16  5.475826E+03 -7.094436E-12 -1.058977E+03
        17 -3.293751E+02 -4.853649E+02 -6.446289E+02
        20 -6.114126E+02 -2.344014E-12 -1.256578E+03
        21 -2.079274E+03 -1.713765E+03 -2.549890E+03
        24 -3.416208E+03 -8.208989E-13 -7.268198E+02
        26  7.187936E+03 -7.400681E+03  3.375251E+03
        28  9.940792E+03 -1.151504E+04  2.328019E+02
        30  6.435393E+03 -7.355501E+03 -2.279893E+02
        32  3.077387E+03 -3.452359E+03 -5.547220E+02
        34 -3.293751E+02  4.853649E+02 -6.446289E+02
        36 -2.079274E+03  1.713765E+03 -2.549890E+03
        37 -9.777913E+02 -8.193670E+02 -2.414994E+03
        40 -9.845051E+02 -3.525703E+02 -4.315349E+03
        41 -3.109836E+03 -1.828515E+03 -5.207201E+02
        44 -4.729744E+03 -7.577027E+02 -1.029397E+03
        45 -2.442326E+03 -1.011655E+03  2.841720E+03
        48 -4.373268E+03 -4.057377E+02  5.329485E+03
        50 -7.062238E+02 -3.145405E+02 -4.120571E+03
        52 -4.631556E+03 -6.697503E+02 -1.070463E+03
        54 -4.587144E+03 -3.550329E+02  5.273786E+03
        56 -5.816460E+02 -2.420128E+02 -4.209041E+03
        58 -4.808777E+03 -5.029025E+02 -1.055666E+03
        60 -4.923158E+03 -2.638223E+02  5.495513E+03
        62 -3.579689E+03 -2.260763E+02 -6.515227E+02
        64 -3.708090E+03 -1.128307E+02  4.091114E+03
        66 -2.135009E+03  8.440193E-13 -3.522596E+02
        68 -2.221165E+03  3.470835E-13  2.454073E+03
        70 -3.579689E+03  2.260763E+02 -6.515227E+02
        72 -3.708090E+03  1.128307E+02  4.091114E+03
        74 -5.816460E+02  2.420128E+02 -4.209041E+03
        76 -4.808777E+03  5.029025E+02 -1.055666E+03
        78 -4.923158E+03  2.638223E+02  5.495513E+03
        80 -7.062238E+02  3.145405E+02 -4.120571E+03
        82 -4.631556E+03  6.697503E+02 -1.070463E+03
        84 -4.587144E+03  3.550329E+02  5.273786E+03
        86 -9.845051E+02  3.525703E+02 -4.315349E+03
        88 -4.729744E+03  7.577027E+02 -1.029397E+03
        90 -4.373268E+03  4.057377E+02  5.329485E+03
        92 -9.777913E+02  8.193670E+02 -2.414994E+03
        94 -3.109836E+03  1.828515E+03 -5.207201E+02
        96 -2.442326E+03  1.011655E+03  2.841720E+03

 internal energy (element, energy) for set EALL and time  0.4456250E-01

         1  1.149682E+02
         2  5.331273E+01
         3  1.873471E+01
         4  2.864173E+00
         5  5.216200E+00
         6  1.149682E+02
         7  5.331273E+01
         8  1.873471E+01
         9  2.864173E+00
        10  5.216200E+00
        11  9.261277E+00
        12  1.336334E+01
        13  8.039050E+00
        14  1.220421E+01
        15  8.035323E+00
        16  1.250144E+01
        17  8.742095E+00
        18  1.336871E+01
        19  3.838429E+00
        20  5.792182E+00
        21  3.838429E+00
        22  5.792182E+00
        23  8.742095E+00
        24  1.336871E+01
        25  8.035323E+00
        26  1.250144E+01
        27  8.039050E+00
        28  1.220421E+01
        29  9.261277E+00
        30  1.336334E+01
        31  1.184638E+02
        32  6.387011E+01
        33  2.334707E+01
        34  4.247593E+00
        35  6.550850E+00
        36  1.184638E+02
        37  6.387011E+01
        38  2.334707E+01
        39  4.247593E+00
        40  6.550850E+00
        41  8.152076E+00
        42  1.229258E+01
        43  9.212967E+00
        44  1.353257E+01
        45  9.582382E+00
        46  1.388679E+01
        47  1.016882E+01
        48  1.437850E+01
        49  4.324282E+00
        50  6.050494E+00
        51  4.324282E+00
        52  6.050494E+00
        53  1.016882E+01
        54  1.437850E+01
        55  9.582382E+00
        56  1.388679E+01
        57  9.212967E+00
        58  1.353257E+01
        59  8.152076E+00
        60  1.229258E+01
        61  1.196870E+02
        62  6.260086E+01
        63  2.386456E+01
        64  4.660666E+00
        65  6.411809E+00
        66  1.196870E+02
        67  6.260086E+01
        68  2.386456E+01
        69  4.660666E+00
        70  6.411809E+00
        71  8.365559E+00
        72  1.232381E+01
        73  9.251334E+00
        74  1.331658E+01
        75  9.889037E+00
        76  1.404505E+01
        77  1.024481E+01
        78  1.447617E+01
        79  4.231352E+00
        80  6.004195E+00
        81  4.231352E+00
        82  6.004195E+00
        83  1.024481E+01
        84  1.447617E+01
        85  9.889037E+00
        86  1.404505E+01
        87  9.251334E+00
        88  1.331658E+01
        89  8.365559E+00
        90  1.232381E+01
        91  1.155030E+02
        92  5.930967E+01
        93  2.239026E+01
        94  4.425187E+00
        95  5.668950E+00
        96  1.155030E+02
        97  5.930967E+01
        98  2.239026E+01
        99  4.425187E+00
       100  5.668950E+00
       101  8.415060E+00
       102  1.236590E+01
       103  8.770085E+00
       104  1.278855E+01
       105  9.143533E+00
       106  1.323848E+01
       107  9.438353E+00
       108  1.352434E+01
       109  3.892415E+00
       110  5.568277E+00
       111  3.892415E+00
       112  5.568277E+00
       113  9.438353E+00
       114  1.352434E+01
       115  9.143533E+00
       116  1.323848E+01
       117  8.770085E+00
       118  1.278855E+01
       119  8.415060E+00
       120  1.236590E+01
       121  1.090819E+02
       122  5.611621E+01
       123  2.127726E+01
       124  4.280339E+00
       125  5.035691E+00
       126  1.090819E+02
       127  5.611621E+01
       128  2.127726E+01
       129  4.280339E+00
       130  5.035691E+00
       131  8.103310E+00
       132  1.200933E+01
       133  8.224721E+00
       134  1.214376E+01
       135  8.399983E+00
       136  1.233751E+01
       137  8.612970E+00
       138  1.250222E+01
       139  3.537313E+00
       140  5.127882E+00
       141  3.537313E+00
       142  5.127882E+00
       143  8.612970E+00
       144  1.250222E+01
       145  8.399983E+00
       146  1.233751E+01
       147  8.224721E+00
       148  1.214376E+01
       149  8.103310E+00
       150  1.200933E+01
       151  1.025104E+02
       152  5.299265E+01
       153  2.031350E+01
       154  4.213169E+00
       155  4.535972E+00
       156  1.025104E+02
       157  5.299265E+01
       158  2.031350E+01
       159  4.213169E+00
       160  4.535972E+00
       161  7.643322E+00
       162  1.141847E+01
       163  7.685232E+00
       164  1.144570E+01
       165  7.776317E+00
       166  1.153609E+01
       167  7.938085E+00
       168  1.164180E+01
       169  3.240794E+00
       170  4.751471E+00
       171  3.240794E+00
       172  4.751471E+00
       173  7.938085E+00
       174  1.164180E+01
       175  7.776317E+00
       176  1.153609E+01
       177  7.685232E+00
       178  1.144570E+01
       179  7.643322E+00
       180  1.141847E+01
       181  9.589317E+01
       182  4.984062E+01
       183  1.934139E+01
       184  4.151995E+00
       185  4.118132E+00
       186  9.589317E+01
       187  4.984062E+01
       188  1.934139E+01
       189  4.151995E+00
       190  4.118132E+00
       191  7.104675E+00
       192  1.071335E+01
       193  7.128715E+00
       194  1.072081E+01
       195  7.188397E+00
       196  1.078014E+01
       197  7.327029E+00
       198  1.085848E+01
       199  2.974331E+00
       200  4.410014E+00
       201  2.974331E+00
       202  4.410014E+00
       203  7.327029E+00
       204  1.085848E+01
       205  7.188397E+00
       206  1.078014E+01
       207  7.128715E+00
       208  1.072081E+01
       209  7.104675E+00
       210  1.071335E+01
       211  8.934987E+01
       212  4.668560E+01
       213  1.834188E+01
       214  4.077860E+00
       215  3.750121E+00
       216  8.934987E+01
       217  4.668560E+01
       218  1.834188E+01
       219  4.077860E+00
       220  3.750121E+00
       221  6.550994E+00
       222  9.980148E+00
       223  6.572438E+00
       224  9.989687E+00
       225  6.621652E+00
       226  1.004213E+01
       227  6.750961E+00
       228  1.010725E+01
       229  2.726042E+00
       230  4.085684E+00
       231  2.726042E+00
       232  4.085684E+00
       233  6.750961E+00
       234  1.010725E+01
       235  6.621652E+00
       236  1.004213E+01
       237  6.572438E+00
       238  9.989687E+00
       239  6.550994E+00
       240  9.980148E+00
       241  8.290059E+01
       242  4.353933E+01
       243  1.731478E+01
       244  3.986587E+00
       245  3.417860E+00
       246  8.290059E+01
       247  4.353933E+01
       248  1.731478E+01
       249  3.986587E+00
       250  3.417860E+00
       251  6.004227E+00
       252  9.251975E+00
       253  6.025204E+00
       254  9.264103E+00
       255  6.069993E+00
       256  9.314674E+00
       257  6.195939E+00
       258  9.372375E+00
       259  2.489494E+00
       260  3.771493E+00
       261  2.489494E+00
       262  3.771493E+00
       263  6.195939E+00
       264  9.372375E+00
       265  6.069993E+00
       266  9.314674E+00
       267  6.025204E+00
       268  9.264103E+00
       269  6.004227E+00
       270  9.251975E+00
       271  7.656096E+01
       272  4.041550E+01
       273  1.626788E+01
       274  3.879228E+00
       275  3.115608E+00
       276  7.656096E+01
       277  4.041550E+01
       278  1.626788E+01
       279  3.879228E+00
       280  3.115608E+00
       281  5.473550E+00
       282  8.538668E+00
       283  5.493527E+00
       284  8.550912E+00
       285  5.535338E+00
       286  8.599538E+00
       287  5.660169E+00
       288  8.651683E+00
       289  2.263147E+00
       290  3.465801E+00
       291  2.263147E+00
       292  3.465801E+00
       293  5.660169E+00
       294  8.651683E+00
       295  5.535338E+00
       296  8.599538E+00
       297  5.493527E+00
       298  8.550912E+00
       299  5.473550E+00
       300  8.538668E+00
       301  7.035189E+01
       302  3.732921E+01
       303  1.520959E+01
       304  3.757499E+00
       305  2.840858E+00
       306  7.035189E+01
       307  3.732921E+01
       308  1.520959E+01
       309  3.757499E+00
       310  2.840858E+00
       311  4.962641E+00
       312  7.843313E+00
       313  4.981212E+00
       314  7.854154E+00
       315  5.020367E+00
       316  7.900186E+00
       317  5.144842E+00
       318  7.947273E+00
       319  2.046977E+00
       320  3.168964E+00
       321  2.046977E+00
       322  3.168964E+00
       323  5.144842E+00
       324  7.947273E+00
       325  5.020367E+00
       326  7.900186E+00
       327  4.981212E+00
       328  7.854154E+00
       329  4.962641E+00
       330  7.843313E+00
       331  6.429866E+01
       332  3.429595E+01
       333  1.414745E+01
       334  3.622712E+00
       335  2.591749E+00
       336  6.429866E+01
       337  3.429595E+01
       338  1.414745E+01
       339  3.622712E+00
       340  2.591749E+00
       341  4.473759E+00
       342  7.167764E+00
       343  4.490859E+00
       344  7.176664E+00
       345  4.527509E+00
       346  7.219774E+00
       347  4.651830E+00
       348  7.262017E+00
       349  1.841472E+00
       350  2.881946E+00
       351  1.841472E+00
       352  2.881946E+00
       353  4.651830E+00
       354  7.262017E+00
       355  4.527509E+00
       356  7.219774E+00
       357  4.490859E+00
       358  7.176664E+00
       359  4.473759E+00
       360  7.167764E+00
       361  5.842786E+01
       362  3.133102E+01
       363  1.308838E+01
       364  3.475886E+00
       365  2.366403E+00
       366  5.842786E+01
       367  3.133102E+01
       368  1.308838E+01
       369  3.475886E+00
       370  2.366403E+00
       371  4.008653E+00
       372  6.514070E+00
       373  4.024378E+00
       374  6.520995E+00
       375  4.058670E+00
       376  6.561148E+00
       377  4.182810E+00
       378  6.598774E+00
       379  1.647158E+00
       380  2.605811E+00
       381  1.647158E+00
       382  2.605811E+00
       383  4.182810E+00
       384  6.598774E+00
       385  4.058670E+00
       386  6.561148E+00
       387  4.024378E+00
       388  6.520995E+00
       389  4.008653E+00
       390  6.514070E+00
       391  5.276522E+01
       392  2.844918E+01
       393  1.203894E+01
       394  3.317993E+00
       395  2.162813E+00
       396  5.276522E+01
       397  2.844918E+01
       398  1.203894E+01
       399  3.317993E+00
       400  2.162813E+00
       401  3.568770E+00
       402  5.884524E+00
       403  3.583255E+00
       404  5.889636E+00
       405  3.615332E+00
       406  5.926943E+00
       407  3.739158E+00
       408  5.960230E+00
       409  1.464480E+00
       410  2.341571E+00
       411  1.464480E+00
       412  2.341571E+00
       413  3.739158E+00
       414  5.960230E+00
       415  3.615332E+00
       416  5.926943E+00
       417  3.583255E+00
       418  5.889636E+00
       419  3.568770E+00
       420  5.884524E+00
       421  4.733469E+01
       422  2.566441E+01
       423  1.100555E+01
       424  3.150115E+00
       425  1.978909E+00
       426  4.733469E+01
       427  2.566441E+01
       428  1.100555E+01
       429  3.150115E+00
       430  1.978909E+00
       431  3.155272E+00
       432  5.281476E+00
       433  3.168647E+00
       434  5.284991E+00
       435  3.198645E+00
       436  5.319607E+00
       437  3.321953E+00
       438  5.348860E+00
       439  1.293773E+00
       440  2.090147E+00
       441  1.293773E+00
       442  2.090147E+00
       443  3.321953E+00
       444  5.348860E+00
       445  3.198645E+00
       446  5.319607E+00
       447  3.168647E+00
       448  5.284991E+00
       449  3.155272E+00
       450  5.281476E+00
       451  4.215805E+01
       452  2.298980E+01
       453  9.994472E+00
       454  2.973490E+00
       455  1.812616E+00
       456  4.215805E+01
       457  2.298980E+01
       458  9.994472E+00
       459  2.973490E+00
       460  1.812616E+00
       461  2.769042E+00
       462  4.707156E+00
       463  2.781423E+00
       464  4.709292E+00
       465  2.809470E+00
       466  4.741370E+00
       467  2.931999E+00
       468  4.766902E+00
       469  1.135253E+00
       470  1.852342E+00
       471  1.135253E+00
       472  1.852342E+00
       473  2.931999E+00
       474  4.766902E+00
       475  2.809470E+00
       476  4.741370E+00
       477  2.781423E+00
       478  4.709292E+00
       479  2.769042E+00
       480  4.707156E+00
       481  3.725469E+01
       482  2.043735E+01
       483  9.011764E+00
       484  2.789515E+00
       485  1.661890E+00
       486  3.725469E+01
       487  2.043735E+01
       488  9.011764E+00
       489  2.789515E+00
       490  1.661890E+00
       491  2.410688E+00
       492  4.163562E+00
       493  2.422183E+00
       494  4.164517E+00
       495  2.448397E+00
       496  4.194196E+00
       497  2.569829E+00
       498  4.216324E+00
       499  9.890202E-01
       500  1.628834E+00
       501  9.890202E-01
       502  1.628834E+00
       503  2.569829E+00
       504  4.216324E+00
       505  2.448397E+00
       506  4.194196E+00
       507  2.422183E+00
       508  4.164517E+00
       509  2.410688E+00
       510  4.163562E+00
       511  3.264145E+01
       512  1.801792E+01
       513  8.063216E+00
       514  2.599724E+00
       515  1.524753E+00
       516  3.264145E+01
       517  1.801792E+01
       518  8.063216E+00
       519  2.599724E+00
       520  1.524753E+00
       521  2.080556E+00
       522  3.652398E+00
       523  2.091259E+00
       524  3.652355E+00
       525  2.115747E+00
       526  3.679761E+00
       527  2.235712E+00
       528  3.698801E+00
       529  8.550534E-01
       530  1.420165E+00
       531  8.550534E-01
       532  1.420165E+00
       533  2.235712E+00
       534  3.698801E+00
       535  2.115747E+00
       536  3.679761E+00
       537  2.091259E+00
       538  3.652355E+00
       539  2.080556E+00
       540  3.652398E+00
       541  2.833245E+01
       542  1.574109E+01
       543  7.154274E+00
       544  2.405763E+00
       545  1.399307E+00
       546  2.833245E+01
       547  1.574109E+01
       548  7.154274E+00
       549  2.405763E+00
       550  1.399307E+00
       551  1.778733E+00
       552  3.175048E+00
       553  1.788724E+00
       554  3.174181E+00
       555  1.811578E+00
       556  3.199432E+00
       557  1.929651E+00
       558  3.215706E+00
       559  7.332201E-01
       560  1.226744E+00
       561  7.332201E-01
       562  1.226744E+00
       563  1.929651E+00
       564  3.215706E+00
       565  1.811578E+00
       566  3.199432E+00
       567  1.788724E+00
       568  3.174181E+00
       569  1.778733E+00
       570  3.175048E+00
       571  2.433900E+01
       572  1.361505E+01
       573  6.289970E+00
       574  2.209359E+00
       575  1.283757E+00
       576  2.433900E+01
       577  1.361505E+01
       578  6.289970E+00
       579  2.209359E+00
       580  1.283757E+00
       581  1.505050E+00
       582  2.732579E+00
       583  1.514392E+00
       584  2.731054E+00
       585  1.535691E+00
       586  2.754269E+00
       587  1.651397E+00
       588  2.768102E+00
       589  6.232793E-01
       590  1.048843E+00
       591  6.232793E-01
       592  1.048843E+00
       593  1.651397E+00
       594  2.768102E+00
       595  1.535691E+00
       596  2.754269E+00
       597  1.514392E+00
       598  2.731054E+00
       599  1.505050E+00
       600  2.732579E+00
       601  2.066947E+01
       602  1.164652E+01
       603  5.474861E+00
       604  2.012294E+00
       605  1.176427E+00
       606  2.066947E+01
       607  1.164652E+01
       608  5.474861E+00
       609  2.012294E+00
       610  1.176427E+00
       611  1.259088E+00
       612  2.325742E+00
       613  1.267825E+00
       614  2.323722E+00
       615  1.287633E+00
       616  2.345022E+00
       617  1.400449E+00
       618  2.356745E+00
       619  5.248892E-01
       620  8.865997E-01
       621  5.248892E-01
       622  8.865997E-01
       623  1.400449E+00
       624  2.356745E+00
       625  1.287633E+00
       626  2.345022E+00
       627  1.267825E+00
       628  2.323722E+00
       629  1.259088E+00
       630  2.325742E+00
       631  1.732922E+01
       632  9.840664E+00
       633  4.712960E+00
       634  1.816373E+00
       635  1.075787E+00
       636  1.732922E+01
       637  9.840664E+00
       638  4.712960E+00
       639  1.816373E+00
       640  1.075787E+00
       641  1.040181E+00
       642  1.954984E+00
       643  1.048342E+00
       644  1.952629E+00
       645  1.066709E+00
       646  1.972136E+00
       647  1.176076E+00
       648  1.982082E+00
       649  4.376158E-01
       650  7.400173E-01
       651  4.376158E-01
       652  7.400173E-01
       653  1.176076E+00
       654  1.982082E+00
       655  1.066709E+00
       656  1.972136E+00
       657  1.048342E+00
       658  1.952629E+00
       659  1.040181E+00
       660  1.954984E+00
       661  1.432046E+01
       662  8.200990E+00
       663  4.007673E+00
       664  1.623409E+00
       665  9.804711E-01
       666  1.432046E+01
       667  8.200990E+00
       668  4.007673E+00
       669  1.623409E+00
       670  9.804711E-01
       671  8.474290E-01
       672  1.620447E+00
       673  8.550277E-01
       674  1.617908E+00
       675  8.719947E-01
       676  1.635747E+00
       677  9.773225E-01
       678  1.644245E+00
       679  3.609407E-01
       680  6.089667E-01
       681  3.609407E-01
       682  6.089667E-01
       683  9.773225E-01
       684  1.644245E+00
       685  8.719947E-01
       686  1.635747E+00
       687  8.550277E-01
       688  1.617908E+00
       689  8.474290E-01
       690  1.620447E+00
       691  1.164214E+01
       692  6.729230E+00
       693  3.361734E+00
       694  1.435197E+00
       695  8.893164E-01
       696  1.164214E+01
       697  6.729230E+00
       698  3.361734E+00
       699  1.435197E+00
       700  8.893164E-01
       701  6.797073E-01
       702  1.321963E+00
       703  6.867467E-01
       704  1.319381E+00
       705  7.023496E-01
       706  1.335673E+00
       707  8.030266E-01
       708  1.343041E+00
       709  2.942704E-01
       710  4.931820E-01
       711  2.942704E-01
       712  4.931820E-01
       713  8.030266E-01
       714  1.343041E+00
       715  7.023496E-01
       716  1.335673E+00
       717  6.867467E-01
       718  1.319381E+00
       719  6.797073E-01
       720  1.321963E+00
       721  9.289717E+00
       722  5.425226E+00
       723  2.777130E+00
       724  1.253500E+00
       725  8.013916E-01
       726  9.289717E+00
       727  5.425226E+00
       728  2.777130E+00
       729  1.253500E+00
       730  8.013916E-01
       731  5.356868E-01
       732  1.059037E+00
       733  5.421615E-01
       734  1.056535E+00
       735  5.564333E-01
       736  1.071393E+00
       737  6.518392E-01
       738  1.077932E+00
       739  2.369447E-01
       740  3.922563E-01
       741  2.369447E-01
       742  3.922563E-01
       743  6.518392E-01
       744  1.077932E+00
       745  5.564333E-01
       746  1.071393E+00
       747  5.421615E-01
       748  1.056535E+00
       749  5.356868E-01
       750  1.059037E+00
       751  7.255033E+00
       752  4.286794E+00
       753  2.255025E+00
       754  1.080020E+00
       755  7.160303E-01
       756  7.255033E+00
       757  4.286794E+00
       758  2.255025E+00
       759  1.080020E+00
       760  7.160303E-01
       761  4.138513E-01
       762  8.308205E-01
       763  4.197513E-01
       764  8.285026E-01
       765  4.327241E-01
       766  8.420281E-01
       767  5.222431E-01
       768  8.480131E-01
       769  1.882469E-01
       770  3.056360E-01
       771  1.882469E-01
       772  3.056360E-01
       773  5.222431E-01
       774  8.480131E-01
       775  4.327241E-01
       776  8.420281E-01
       777  4.197513E-01
       778  8.285026E-01
       779  4.138513E-01
       780  8.308205E-01
       781  5.526108E+00
       782  3.309612E+00
       783  1.795681E+00
       784  9.163699E-01
       785  6.328544E-01
       786  5.526108E+00
       787  3.309612E+00
       788  1.795681E+00
       789  9.163699E-01
       790  6.328544E-01
       791  3.125205E-01
       792  6.360887E-01
       793  3.178344E-01
       794  6.340343E-01
       795  3.295405E-01
       796  6.463161E-01
       797  4.125777E-01
       798  6.519902E-01
       799  1.474143E-01
       800  2.326168E-01
       801  1.474143E-01
       802  2.326168E-01
       803  4.125777E-01
       804  6.519902E-01
       805  3.295405E-01
       806  6.463161E-01
       807  3.178344E-01
       808  6.340343E-01
       809  3.125205E-01
       810  6.360887E-01
       811  4.087078E+00
       812  2.487133E+00
       813  1.398385E+00
       814  7.640251E-01
       815  5.517841E-01
       816  4.087078E+00
       817  2.487133E+00
       818  1.398385E+00
       819  7.640251E-01
       820  5.517841E-01
       821  2.298772E-01
       822  4.732141E-01
       823  2.345939E-01
       824  4.714790E-01
       825  2.450650E-01
       826  4.825939E-01
       827  3.210680E-01
       828  4.881635E-01
       829  1.136516E-01
       830  1.723427E-01
       831  1.136516E-01
       832  1.723427E-01
       833  3.210680E-01
       834  4.881635E-01
       835  2.450650E-01
       836  4.825939E-01
       837  2.345939E-01
       838  4.714790E-01
       839  2.298772E-01
       840  4.732141E-01
       841  2.918244E+00
       842  1.810571E+00
       843  1.061394E+00
       844  6.242705E-01
       845  4.730284E-01
       846  2.918244E+00
       847  1.810571E+00
       848  1.061394E+00
       849  6.242705E-01
       850  4.730284E-01
       851  1.639960E-01
       852  3.401598E-01
       853  1.681060E-01
       854  3.387776E-01
       855  1.773729E-01
       856  3.487935E-01
       857  2.458568E-01
       858  3.544261E-01
       859  8.614556E-02
       860  1.238120E-01
       861  8.614556E-02
       862  1.238120E-01
       863  2.458568E-01
       864  3.544261E-01
       865  1.773729E-01
       866  3.487935E-01
       867  1.681060E-01
       868  3.387776E-01
       869  1.639960E-01
       870  3.401598E-01
       871  1.996288E+00
       872  1.268962E+00
       873  7.818990E-01
       874  4.981375E-01
       875  3.970592E-01
       876  1.996288E+00
       877  1.268962E+00
       878  7.818990E-01
       879  4.981375E-01
       880  3.970592E-01
       881  1.128769E-01
       882  2.344926E-01
       883  1.163724E-01
       884  2.334776E-01
       885  1.244650E-01
       886  2.424584E-01
       887  1.850421E-01
       888  2.482810E-01
       889  6.408291E-02
       890  8.588962E-02
       891  6.408291E-02
       892  8.588962E-02
       893  1.850421E-01
       894  2.482810E-01
       895  1.244650E-01
       896  2.424584E-01
       897  1.163724E-01
       898  2.334776E-01
       899  1.128769E-01
       900  2.344926E-01
       901  1.294683E+00
       902  8.493379E-01
       903  5.560456E-01
       904  3.863491E-01
       905  3.245737E-01
       906  1.294683E+00
       907  8.493379E-01
       908  5.560456E-01
       909  3.863491E-01
       910  3.245737E-01
       911  7.448118E-02
       912  1.534270E-01
       913  7.735695E-02
       914  1.527753E-01
       915  8.430655E-02
       916  1.607840E-01
       917  1.367180E-01
       918  1.668803E-01
       919  4.666956E-02
       920  5.732730E-02
       921  4.666956E-02
       922  5.732730E-02
       923  1.367180E-01
       924  1.668803E-01
       925  8.430655E-02
       926  1.607840E-01
       927  7.735695E-02
       928  1.527753E-01
       929  7.448118E-02
       930  1.534270E-01
       931  7.842762E-01
       932  5.370007E-01
       933  3.790059E-01
       934  2.892908E-01
       935  2.564597E-01
       936  7.842762E-01
       937  5.370007E-01
       938  3.790059E-01
       939  2.892908E-01
       940  2.564597E-01
       941  4.676979E-02
       942  9.389210E-02
       943  4.902821E-02
       944  9.358238E-02
       945  5.487504E-02
       946  1.006821E-01
       947  9.902543E-02
       948  1.070842E-01
       949  3.315155E-02
       950  3.678898E-02
       951  3.315155E-02
       952  3.678898E-02
       953  9.902543E-02
       954  1.070842E-01
       955  5.487504E-02
       956  1.006821E-01
       957  4.902821E-02
       958  9.358238E-02
       959  4.676979E-02
       960  9.389210E-02
       961  4.340179E-01
       962  3.159179E-01
       963  2.451371E-01
       964  2.070213E-01
       965  1.937724E-01
       966  4.340179E-01
       967  3.159179E-01
       968  2.451371E-01
       969  2.070213E-01
       970  1.937724E-01
       971  2.773762E-02
       972  5.260860E-02
       973  2.940856E-02
       974  5.260679E-02
       975  3.422100E-02
       976  5.886337E-02
       977  7.021725E-02
       978  6.553648E-02
       979  2.283560E-02
       980  2.288045E-02
       981  2.283560E-02
       982  2.288045E-02
       983  7.021725E-02
       984  6.553648E-02
       985  3.422100E-02
       986  5.886337E-02
       987  2.940856E-02
       988  5.260679E-02
       989  2.773762E-02
       990  5.260860E-02
       991  2.118560E-01
       992  1.692427E-01
       993  1.482305E-01
       994  1.393407E-01
       995  1.377160E-01
       996  2.118560E-01
       997  1.692427E-01
       998  1.482305E-01
       999  1.393407E-01
      1000  1.377160E-01
      1001  1.544181E-02
      1002  2.614758E-02
      1003  1.662450E-02
      1004  2.642572E-02
      1005  2.054071E-02
      1006  3.192216E-02
      1007  4.874116E-02
      1008  3.874834E-02
      1009  1.510523E-02
      1010  1.418345E-02
      1011  1.510523E-02
      1012  1.418345E-02
      1013  4.874116E-02
      1014  3.874834E-02
      1015  2.054071E-02
      1016  3.192216E-02
      1017  1.662450E-02
      1018  2.642572E-02
      1019  1.544181E-02
      1020  2.614758E-02
      1021  8.579497E-02
      1022  7.990498E-02
      1023  8.175089E-02
      1024  8.586740E-02
      1025  8.968579E-02
      1026  8.579497E-02
      1027  7.990498E-02
      1028  8.175089E-02
      1029  8.586740E-02
      1030  8.968579E-02
      1031  8.014008E-03
      1032  1.096784E-02
      1033  8.938193E-03
      1034  1.154066E-02
      1035  1.221149E-02
      1036  1.639589E-02
      1037  3.330024E-02
      1038  2.317713E-02
      1039  9.427519E-03
      1040  9.298346E-03
      1041  9.427519E-03
      1042  9.298346E-03
      1043  3.330024E-02
      1044  2.317713E-02
      1045  1.221149E-02
      1046  1.639589E-02
      1047  8.938193E-03
      1048  1.154066E-02
      1049  8.014008E-03
      1050  1.096784E-02
      1051  2.566547E-02
      1052  3.140943E-02
      1053  3.904154E-02
      1054  4.613343E-02
      1055  5.137483E-02
      1056  2.566547E-02
      1057  3.140943E-02
      1058  3.904154E-02
      1059  4.613343E-02
      1060  5.137483E-02
      1061  3.764954E-03
      1062  3.559422E-03
      1063  4.776785E-03
      1064  4.458947E-03
      1065  7.718759E-03
      1066  8.801092E-03
      1067  2.284191E-02
      1068  1.537895E-02
      1069  5.391267E-03
      1070  6.960733E-03
      1071  5.391267E-03
      1072  6.960733E-03
      1073  2.284191E-02
      1074  1.537895E-02
      1075  7.718759E-03
      1076  8.801092E-03
      1077  4.776785E-03
      1078  4.458947E-03
      1079  3.764954E-03
      1080  3.559422E-03
      1081  4.226455E-03
      1082  8.379555E-03
      1083  1.338077E-02
      1084  1.858487E-02
      1085  2.300106E-02
      1086  4.226455E-03
      1087  8.379555E-03
      1088  1.338077E-02
      1089  1.858487E-02
      1090  2.300106E-02
      1091  1.370875E-03
      1092  7.039564E-04
      1093  2.488263E-03
      1094  1.672440E-03
      1095  5.104312E-03
      1096  5.359328E-03
      1097  1.507563E-02
      1098  1.134146E-02
      1099  2.529459E-03
      1100  5.647290E-03
      1101  2.529459E-03
      1102  5.647290E-03
      1103  1.507563E-02
      1104  1.134146E-02
      1105  5.104312E-03
      1106  5.359328E-03
      1107  2.488263E-03
      1108  1.672440E-03
      1109  1.370875E-03
      1110  7.039564E-04
      1111  2.519269E-04
      1112  1.109449E-03
      1113  2.713971E-03
      1114  5.202722E-03
      1115  8.420550E-03
      1116  2.519269E-04
      1117  1.109449E-03
      1118  2.713971E-03
      1119  5.202722E-03
      1120  8.420550E-03
      1121  3.350032E-04
      1122  1.020807E-04
      1123  1.218897E-03
      1124  8.194398E-04
      1125  3.578184E-03
      1126  4.331854E-03
      1127  1.133321E-02
      1128  1.128711E-02
      1129  1.201437E-03
      1130  6.109497E-03
      1131  1.201437E-03
      1132  6.109497E-03
      1133  1.133321E-02
      1134  1.128711E-02
      1135  3.578184E-03
      1136  4.331854E-03
      1137  1.218897E-03
      1138  8.194398E-04
      1139  3.350032E-04
      1140  1.020807E-04
      1141  7.237797E-06
      1142  2.202778E-05
      1143  7.831689E-05
      1144  4.227339E-04
      1145  1.288640E-03
      1146  7.237797E-06
      1147  2.202778E-05
      1148  7.831689E-05
      1149  4.227339E-04
      1150  1.288640E-03
      1151  3.229864E-05
      1152  3.205365E-05
      1153  3.173514E-04
      1154  3.602160E-04
      1155  1.213407E-03
      1156  2.093326E-03
      1157  4.143884E-03
      1158  6.125263E-03
      1159  3.390634E-04
      1160  3.532580E-03
      1161  3.390634E-04
      1162  3.532580E-03
      1163  4.143884E-03
      1164  6.125263E-03
      1165  1.213407E-03
      1166  2.093326E-03
      1167  3.173514E-04
      1168  3.602160E-04
      1169  3.229864E-05
      1170  3.205365E-05

                                INCREMENT    28


 displacements (vx,vy,vz) for set TIP_TOP and time  0.5000000E-01

      1895 -5.686389E-02  1.363640E-04  1.449443E+00
      1896 -5.687234E-02  1.343878E-04  1.449258E+00
      1899 -5.687894E-02  1.236860E-04  1.449074E+00
      1902 -5.688537E-02  9.121428E-05  1.448914E+00
      1904 -5.688894E-02  3.050536E-05  1.448818E+00
      1906 -5.688786E-02 -2.025337E-15  1.448811E+00
      1908 -5.688894E-02 -3.050536E-05  1.448818E+00
      1911 -5.688537E-02 -9.121428E-05  1.448914E+00
      1914 -5.687894E-02 -1.236860E-04  1.449074E+00
      1917 -5.687234E-02 -1.343878E-04  1.449258E+00
      1920 -5.686389E-02 -1.363640E-04  1.449443E+00

 forces (fx,fy,fz) for set CLAMP and time  0.5000000E-01

         1 -4.442738E+03 -4.568836E+03 -2.086369E+03
         4 -8.121845E+03  1.663891E-12 -4.184914E+03
         5 -6.130009E+03 -7.098798E+03 -1.508181E+02
         8 -1.100165E+04  8.854473E-12 -3.446308E+02
         9 -3.961843E+03 -4.526989E+03  1.282163E+02
        12 -7.067013E+03  4.796108E-12  2.235784E+02
        13 -1.890455E+03 -2.120287E+03  3.274864E+02
        16 -3.363808E+03  2.300049E-12  6.234120E+02
        17  2.098442E+02  3.062605E+02  3.827192E+02
        20  3.886799E+02  2.718381E-13  7.453383E+02
        21  1.273627E+03  1.062813E+03  1.564221E+03
        24  2.114976E+03  9.570122E-14  4.331470E+02
        26 -4.442738E+03  4.568836E+03 -2.086369E+03
        28 -6.130009E+03  7.098798E+03 -1.508181E+02
        30 -3.961843E+03  4.526989E+03  1.282163E+02
        32 -1.890455E+03  2.120287E+03  3.274864E+02
        34  2.098442E+02 -3.062605E+02  3.827192E+02
        36  1.273627E+03 -1.062813E+03  1.564221E+03
        37  5.934243E+02  5.029009E+02  1.481236E+03
        40  5.868738E+02  2.178124E+02  2.645816E+03
        41  1.911642E+03  1.124251E+03  3.244781E+02
        44  2.906164E+03  4.685414E+02  6.413896E+02
        45  1.508793E+03  6.228878E+02 -1.747903E+03
        48  2.705205E+03  2.511121E+02 -3.279637E+03
        50  4.134356E+02  1.951934E+02  2.528189E+03
        52  2.848907E+03  4.163305E+02  6.671033E+02
        54  2.842614E+03  2.210071E+02 -3.249814E+03
        56  3.339254E+02  1.520017E+02  2.587885E+03
        58  2.964731E+03  3.161820E+02  6.573312E+02
        60  3.059666E+03  1.661027E+02 -3.395244E+03
        62  2.214084E+03  1.437849E+02  4.026574E+02
        64  2.311618E+03  7.182908E+01 -2.535164E+03
        66  1.322264E+03 -6.902257E-13  2.163736E+02
        68  1.386293E+03 -9.847678E-14 -1.522699E+03
        70  2.214084E+03 -1.437849E+02  4.026574E+02
        72  2.311618E+03 -7.182908E+01 -2.535164E+03
        74  3.339254E+02 -1.520017E+02  2.587885E+03
        76  2.964731E+03 -3.161820E+02  6.573312E+02
        78  3.059666E+03 -1.661027E+02 -3.395244E+03
        80  4.134356E+02 -1.951934E+02  2.528189E+03
        82  2.848907E+03 -4.163305E+02  6.671033E+02
        84  2.842614E+03 -2.210071E+02 -3.249814E+03
        86  5.868738E+02 -2.178124E+02  2.645816E+03
        88  2.906164E+03 -4.685414E+02  6.413896E+02
        90  2.705205E+03 -2.511121E+02 -3.279637E+03
        92  5.934243E+02 -5.029009E+02  1.481236E+03
        94  1.911642E+03 -1.124251E+03  3.244781E+02
        96  1.508793E+03 -6.228878E+02 -1.747903E+03

 internal energy (element, energy) for set EALL and time  0.5000000E-01

         1  4.378624E+01
         2  2.024471E+01
         3  7.101881E+00
         4  1.089366E+00
         5  2.004284E+00
         6  4.378624E+01
         7  2.024471E+01
         8  7.101881E+00
         9  1.089366E+00
        10  2.004284E+00
        11  3.490665E+00
        12  5.060708E+00
        13  3.034758E+00
        14  4.630482E+00
        15  3.042984E+00
        16  4.758544E+00
        17  3.332020E+00
        18  5.113121E+00
        19  1.469458E+00
        20  2.221667E+00
        21  1.469458E+00
        22  2.221667E+00
        23  3.332020E+00
        24  5.113121E+00
        25  3.042984E+00
        26  4.758544E+00
        27  3.034758E+00
        28  4.630482E+00
        29  3.490665E+00
        30  5.060708E+00
        31  4.489346E+01
        32  2.418677E+01
        33  8.846004E+00
        34  1.633607E+00
        35  2.519884E+00
        36  4.489346E+01
        37  2.418677E+01
        38  8.846004E+00
        39  1.633607E+00
        40  2.519884E+00
        41  3.065975E+00
        42  4.639905E+00
        43  3.472899E+00
        44  5.114652E+00
        45  3.623544E+00
        46  5.258581E+00
        47  3.861581E+00
        48  5.456477E+00
        49  1.644364E+00
        50  2.297610E+00
        51  1.644364E+00
        52  2.297610E+00
        53  3.861581E+00
        54  5.456477E+00
        55  3.623544E+00
        56  5.258581E+00
        57  3.472899E+00
        58  5.114652E+00
        59  3.065975E+00
        60  4.639905E+00
        61  4.512717E+01
        62  2.360052E+01
        63  9.013148E+00
        64  1.791262E+00
        65  2.457506E+00
        66  4.512717E+01
        67  2.360052E+01
        68  9.013148E+00
        69  1.791262E+00
        70  2.457506E+00
        71  3.139555E+00
        72  4.633832E+00
        73  3.478265E+00
        74  5.011800E+00
        75  3.726509E+00
        76  5.293463E+00
        77  3.871722E+00
        78  5.465109E+00
        79  1.599331E+00
        80  2.267037E+00
        81  1.599331E+00
        82  2.267037E+00
        83  3.871722E+00
        84  5.465109E+00
        85  3.726509E+00
        86  5.293463E+00
        87  3.478265E+00
        88  5.011800E+00
        89  3.139555E+00
        90  4.633832E+00
        91  4.332274E+01
        92  2.224869E+01
        93  8.418477E+00
        94  1.696147E+00
        95  2.165109E+00
        96  4.332274E+01
        97  2.224869E+01
        98  8.418477E+00
        99  1.696147E+00
       100  2.165109E+00
       101  3.148601E+00
       102  4.629847E+00
       103  3.284303E+00
       104  4.790571E+00
       105  3.429068E+00
       106  4.964559E+00
       107  3.548246E+00
       108  5.078274E+00
       109  1.462911E+00
       110  2.090276E+00
       111  1.462911E+00
       112  2.090276E+00
       113  3.548246E+00
       114  5.078274E+00
       115  3.429068E+00
       116  4.964559E+00
       117  3.284303E+00
       118  4.790571E+00
       119  3.148601E+00
       120  4.629847E+00
       121  4.068202E+01
       122  2.093582E+01
       123  7.961152E+00
       124  1.636154E+00
       125  1.917624E+00
       126  4.068202E+01
       127  2.093582E+01
       128  7.961152E+00
       129  1.636154E+00
       130  1.917624E+00
       131  3.018776E+00
       132  4.474055E+00
       133  3.065247E+00
       134  4.525391E+00
       135  3.133590E+00
       136  4.601293E+00
       137  3.220088E+00
       138  4.667101E+00
       139  1.321404E+00
       140  1.913025E+00
       141  1.321404E+00
       142  1.913025E+00
       143  3.220088E+00
       144  4.667101E+00
       145  3.133590E+00
       146  4.601293E+00
       147  3.065247E+00
       148  4.525391E+00
       149  3.018776E+00
       150  4.474055E+00
       151  3.799815E+01
       152  1.965352E+01
       153  7.559708E+00
       154  1.605095E+00
       155  1.723227E+00
       156  3.799815E+01
       157  1.965352E+01
       158  7.559708E+00
       159  1.605095E+00
       160  1.723227E+00
       161  2.832229E+00
       162  4.230086E+00
       163  2.848489E+00
       164  4.240738E+00
       165  2.884414E+00
       166  4.276917E+00
       167  2.950758E+00
       168  4.319251E+00
       169  1.203149E+00
       170  1.761146E+00
       171  1.203149E+00
       172  1.761146E+00
       173  2.950758E+00
       174  4.319251E+00
       175  2.884414E+00
       176  4.276917E+00
       177  2.848489E+00
       178  4.240738E+00
       179  2.832229E+00
       180  4.230086E+00
       181  3.531155E+01
       182  1.836603E+01
       183  7.155564E+00
       184  1.575624E+00
       185  1.561216E+00
       186  3.531155E+01
       187  1.836603E+01
       188  7.155564E+00
       189  1.575624E+00
       190  1.561216E+00
       191  2.616544E+00
       192  3.944140E+00
       193  2.626009E+00
       194  3.947112E+00
       195  2.649782E+00
       196  3.971109E+00
       197  2.707021E+00
       198  4.002386E+00
       199  1.097076E+00
       200  1.623464E+00
       201  1.097076E+00
       202  1.623464E+00
       203  2.707021E+00
       204  4.002386E+00
       205  2.649782E+00
       206  3.971109E+00
       207  2.626009E+00
       208  3.947112E+00
       209  2.616544E+00
       210  3.944140E+00
       211  3.266870E+01
       212  1.708432E+01
       213  6.742474E+00
       214  1.540714E+00
       215  1.418830E+00
       216  3.266870E+01
       217  1.708432E+01
       218  6.742474E+00
       219  1.540714E+00
       220  1.418830E+00
       221  2.396356E+00
       222  3.649169E+00
       223  2.404788E+00
       224  3.652679E+00
       225  2.424415E+00
       226  3.673692E+00
       227  2.477941E+00
       228  3.699466E+00
       229  9.985995E-01
       230  1.493166E+00
       231  9.985995E-01
       232  1.493166E+00
       233  2.477941E+00
       234  3.699466E+00
       235  2.424415E+00
       236  3.673692E+00
       237  2.404788E+00
       238  3.652679E+00
       239  2.396356E+00
       240  3.649169E+00
       241  3.007888E+01
       242  1.581403E+01
       243  6.321060E+00
       244  1.498917E+00
       245  1.290510E+00
       246  3.007888E+01
       247  1.581403E+01
       248  6.321060E+00
       249  1.498917E+00
       250  1.290510E+00
       251  2.180260E+00
       252  3.357898E+00
       253  2.188453E+00
       254  3.362156E+00
       255  2.206240E+00
       256  3.382117E+00
       257  2.258332E+00
       258  3.404672E+00
       259  9.052652E-01
       260  1.367618E+00
       261  9.052652E-01
       262  1.367618E+00
       263  2.258332E+00
       264  3.404672E+00
       265  2.206240E+00
       266  3.382117E+00
       267  2.188453E+00
       268  3.362156E+00
       269  2.180260E+00
       270  3.357898E+00
       271  2.754974E+01
       272  1.456142E+01
       273  5.894808E+00
       274  1.450743E+00
       275  1.173960E+00
       276  2.754974E+01
       277  1.456142E+01
       278  5.894808E+00
       279  1.450743E+00
       280  1.173960E+00
       281  1.971883E+00
       282  3.074223E+00
       283  1.979630E+00
       284  3.078338E+00
       285  1.996126E+00
       286  3.097258E+00
       287  2.047606E+00
       288  3.117361E+00
       289  8.164983E-01
       290  1.246247E+00
       291  8.164983E-01
       292  1.246247E+00
       293  2.047606E+00
       294  3.117361E+00
       295  1.996126E+00
       296  3.097258E+00
       297  1.979630E+00
       298  3.078338E+00
       299  1.971883E+00
       300  3.074223E+00
       301  2.509083E+01
       302  1.333317E+01
       303  5.467367E+00
       304  1.396942E+00
       305  1.068114E+00
       306  2.509083E+01
       307  1.333317E+01
       308  5.467367E+00
       309  1.396942E+00
       310  1.068114E+00
       311  1.772704E+00
       312  2.799485E+00
       313  1.779846E+00
       314  2.802930E+00
       315  1.795167E+00
       316  2.820607E+00
       317  1.846275E+00
       318  2.838497E+00
       319  7.322986E-01
       320  1.129239E+00
       321  7.322986E-01
       322  1.129239E+00
       323  1.846275E+00
       324  2.838497E+00
       325  1.795167E+00
       326  2.820607E+00
       327  1.779846E+00
       328  2.802930E+00
       329  1.772704E+00
       330  2.799485E+00
       331  2.271315E+01
       332  1.213601E+01
       333  5.042019E+00
       334  1.338108E+00
       335  9.721422E-01
       336  2.271315E+01
       337  1.213601E+01
       338  5.042019E+00
       339  1.338108E+00
       340  9.721422E-01
       341  1.583621E+00
       342  2.534547E+00
       343  1.590127E+00
       344  2.537167E+00
       345  1.604322E+00
       346  2.553515E+00
       347  1.655077E+00
       348  2.569321E+00
       349  6.528535E-01
       350  1.017008E+00
       351  6.528535E-01
       352  1.017008E+00
       353  1.655077E+00
       354  2.569321E+00
       355  1.604322E+00
       356  2.553515E+00
       357  1.590127E+00
       358  2.537167E+00
       359  1.583621E+00
       360  2.534547E+00
       361  2.042796E+01
       362  1.097650E+01
       363  4.621772E+00
       364  1.274733E+00
       365  8.852026E-01
       366  2.042796E+01
       367  1.097650E+01
       368  4.621772E+00
       369  1.274733E+00
       370  8.852026E-01
       371  1.405299E+00
       372  2.280328E+00
       373  1.411197E+00
       374  2.282151E+00
       375  1.424317E+00
       376  2.297193E+00
       377  1.474652E+00
       378  2.311047E+00
       379  5.783557E-01
       380  9.099986E-01
       381  5.783557E-01
       382  9.099986E-01
       383  1.474652E+00
       384  2.311047E+00
       385  1.424317E+00
       386  2.297193E+00
       387  1.411197E+00
       388  2.282151E+00
       389  1.405299E+00
       390  2.280328E+00
       391  1.824588E+01
       392  9.860825E+00
       393  4.209469E+00
       394  1.207302E+00
       395  8.064129E-01
       396  1.824588E+01
       397  9.860825E+00
       398  4.209469E+00
       399  1.207302E+00
       400  8.064129E-01
       401  1.238256E+00
       402  2.037809E+00
       403  1.243591E+00
       404  2.038934E+00
       405  1.255689E+00
       406  2.052744E+00
       407  1.305496E+00
       408  2.064795E+00
       409  5.089578E-01
       410  8.086214E-01
       411  5.089578E-01
       412  8.086214E-01
       413  1.305496E+00
       414  2.064795E+00
       415  1.255689E+00
       416  2.052744E+00
       417  1.243591E+00
       418  2.038934E+00
       419  1.238256E+00
       420  2.037809E+00
       421  1.617650E+01
       422  8.794684E+00
       423  3.807837E+00
       424  1.136358E+00
       425  7.348867E-01
       426  1.617650E+01
       427  8.794684E+00
       428  3.807837E+00
       429  1.136358E+00
       430  7.348867E-01
       431  1.082866E+00
       432  1.807957E+00
       433  1.087685E+00
       434  1.808495E+00
       435  1.098817E+00
       436  1.821160E+00
       437  1.147966E+00
       438  1.831566E+00
       439  4.447590E-01
       440  7.132345E-01
       441  4.447590E-01
       442  7.132345E-01
       443  1.147966E+00
       444  1.831566E+00
       445  1.098817E+00
       446  1.821160E+00
       447  1.087685E+00
       448  1.808495E+00
       449  1.082866E+00
       450  1.807957E+00
       451  1.422812E+01
       452  7.783208E+00
       453  3.419475E+00
       454  1.062523E+00
       455  6.697651E-01
       456  1.422812E+01
       457  7.783208E+00
       458  3.419475E+00
       459  1.062523E+00
       460  6.697651E-01
       461  9.393646E-01
       462  1.591642E+00
       463  9.437144E-01
       464  1.591701E+00
       465  9.539423E-01
       466  1.603301E+00
       467  1.002282E+00
       468  1.612224E+00
       469  3.858012E-01
       470  6.241304E-01
       471  3.858012E-01
       472  6.241304E-01
       473  1.002282E+00
       474  1.612224E+00
       475  9.539423E-01
       476  1.603301E+00
       477  9.437144E-01
       478  1.591701E+00
       479  9.393646E-01
       480  1.591642E+00
       481  1.240759E+01
       482  6.830849E+00
       483  3.046818E+00
       484  9.864959E-01
       485  6.102405E-01
       486  1.240759E+01
       487  6.830849E+00
       488  3.046818E+00
       489  9.864959E-01
       490  6.102405E-01
       491  8.078544E-01
       492  1.389588E+00
       493  8.117815E-01
       494  1.389260E+00
       495  8.211682E-01
       496  1.399869E+00
       497  8.685320E-01
       498  1.407465E+00
       499  3.320683E-01
       500  5.415270E-01
       501  3.320683E-01
       502  5.415270E-01
       503  8.685320E-01
       504  1.407465E+00
       505  8.211682E-01
       506  1.399869E+00
       507  8.117815E-01
       508  1.389260E+00
       509  8.078544E-01
       510  1.389588E+00
       511  1.072015E+01
       512  5.941293E+00
       513  2.692086E+00
       514  9.090407E-01
       515  5.555715E-01
       516  1.072015E+01
       517  5.941293E+00
       518  2.692086E+00
       519  9.090407E-01
       520  5.555715E-01
       521  6.883067E-01
       522  1.202334E+00
       523  6.918571E-01
       524  1.201703E+00
       525  7.004661E-01
       526  1.211385E+00
       527  7.466728E-01
       528  1.217810E+00
       529  2.834862E-01
       530  4.655628E-01
       531  2.834862E-01
       532  4.655628E-01
       533  7.466728E-01
       534  1.217810E+00
       535  7.004661E-01
       536  1.211385E+00
       537  6.918571E-01
       538  1.201703E+00
       539  6.883067E-01
       540  1.202334E+00
       541  9.169371E+00
       542  5.117393E+00
       543  2.357243E+00
       544  8.309659E-01
       545  5.050928E-01
       546  9.169371E+00
       547  5.117393E+00
       548  2.357243E+00
       549  8.309659E-01
       550  5.050928E-01
       551  5.805681E-01
       552  1.030228E+00
       553  5.837856E-01
       554  1.029365E+00
       555  5.916776E-01
       556  1.038179E+00
       557  6.365321E-01
       558  1.043587E+00
       559  2.399256E-01
       560  3.962948E-01
       561  2.399256E-01
       562  3.962948E-01
       563  6.365321E-01
       564  1.043587E+00
       565  5.916776E-01
       566  1.038179E+00
       567  5.837856E-01
       568  1.029365E+00
       569  5.805681E-01
       570  1.030228E+00
       571  7.757076E+00
       572  4.361125E+00
       573  2.043958E+00
       574  7.531015E-01
       575  4.582193E-01
       576  7.757076E+00
       577  4.361125E+00
       578  2.043958E+00
       579  7.531015E-01
       580  4.582193E-01
       581  4.843654E-01
       582  8.734152E-01
       583  4.872889E-01
       584  8.723893E-01
       585  4.945193E-01
       586  8.803926E-01
       587  5.378169E-01
       588  8.849309E-01
       589  2.012062E-01
       590  3.336998E-01
       591  2.012062E-01
       592  3.336998E-01
       593  5.378169E-01
       594  8.849309E-01
       595  4.945193E-01
       596  8.803926E-01
       597  4.872889E-01
       598  8.723893E-01
       599  4.843654E-01
       600  8.734152E-01
       601  6.483359E+00
       602  3.673565E+00
       603  1.753569E+00
       604  6.762733E-01
       605  4.144469E-01
       606  6.483359E+00
       607  3.673565E+00
       608  1.753569E+00
       609  6.762733E-01
       610  4.144469E-01
       611  3.993123E-01
       612  7.318552E-01
       613  4.019746E-01
       614  7.307284E-01
       615  4.085916E-01
       616  7.379789E-01
       617  4.501224E-01
       618  7.417941E-01
       619  1.671029E-01
       620  2.776781E-01
       621  1.671029E-01
       622  2.776781E-01
       623  4.501224E-01
       624  7.417941E-01
       625  4.085916E-01
       626  7.379789E-01
       627  4.019746E-01
       628  7.307284E-01
       629  3.993123E-01
       630  7.318552E-01
       631  5.346651E+00
       632  3.054896E+00
       633  1.487063E+00
       634  6.012793E-01
       635  3.733504E-01
       636  5.346651E+00
       637  3.054896E+00
       638  1.487063E+00
       639  6.012793E-01
       640  3.733504E-01
       641  3.249185E-01
       642  6.053307E-01
       643  3.273453E-01
       644  6.041621E-01
       645  3.333894E-01
       646  6.107192E-01
       647  3.729446E-01
       648  6.139515E-01
       649  1.373525E-01
       650  2.280600E-01
       651  1.373525E-01
       652  2.280600E-01
       653  3.729446E-01
       654  6.139515E-01
       655  3.333894E-01
       656  6.107192E-01
       657  3.273453E-01
       658  6.041621E-01
       659  3.249185E-01
       660  6.053307E-01
       661  4.343808E+00
       662  2.504435E+00
       663  1.245069E+00
       664  5.288690E-01
       665  3.345824E-01
       666  4.343808E+00
       667  2.504435E+00
       668  1.245069E+00
       669  5.288690E-01
       670  3.345824E-01
       671  2.606010E-01
       672  4.934667E-01
       673  2.628108E-01
       674  4.923113E-01
       675  2.683156E-01
       676  4.982351E-01
       677  3.056935E-01
       678  5.010164E-01
       679  1.116617E-01
       680  1.846123E-01
       681  1.116617E-01
       682  1.846123E-01
       683  3.056935E-01
       684  5.010164E-01
       685  2.683156E-01
       686  4.982351E-01
       687  2.628108E-01
       688  4.923113E-01
       689  2.606010E-01
       690  4.934667E-01
       691  3.470226E+00
       692  2.020670E+00
       693  1.027847E+00
       694  4.597279E-01
       695  2.978718E-01
       696  3.470226E+00
       697  2.020670E+00
       698  1.027847E+00
       699  4.597279E-01
       700  2.978718E-01
       701  2.056977E-01
       702  3.957477E-01
       703  2.077028E-01
       704  3.946546E-01
       705  2.126962E-01
       706  4.000037E-01
       707  2.477081E-01
       708  4.024547E-01
       709  8.971423E-02
       710  1.470452E-01
       711  8.971423E-02
       712  1.470452E-01
       713  2.477081E-01
       714  4.024547E-01
       715  2.126962E-01
       716  4.000037E-01
       717  2.077028E-01
       718  3.946546E-01
       719  2.056977E-01
       720  3.957477E-01
       721  2.719966E+00
       722  1.601306E+00
       723  8.353021E-01
       724  3.944673E-01
       725  2.630253E-01
       726  2.719966E+00
       727  1.601306E+00
       728  8.353021E-01
       729  3.944673E-01
       730  2.630253E-01
       731  1.594825E-01
       732  3.115321E-01
       733  1.612902E-01
       734  3.105424E-01
       735  1.657964E-01
       736  3.153715E-01
       737  1.982721E-01
       738  3.175976E-01
       739  7.117882E-02
       740  1.150191E-01
       741  7.117882E-02
       742  1.150191E-01
       743  1.982721E-01
       744  3.175976E-01
       745  1.657964E-01
       746  3.153715E-01
       747  1.612902E-01
       748  3.105424E-01
       749  1.594825E-01
       750  3.115321E-01
       751  2.085867E+00
       752  1.243324E+00
       753  6.669858E-01
       754  3.336169E-01
       755  2.299290E-01
       756  2.085867E+00
       757  1.243324E+00
       758  6.669858E-01
       759  3.336169E-01
       760  2.299290E-01
       761  1.211819E-01
       762  2.400637E-01
       763  1.227963E-01
       764  2.392082E-01
       765  1.268370E-01
       766  2.435654E-01
       767  1.566299E-01
       768  2.456537E-01
       769  5.571580E-02
       770  8.815056E-02
       771  5.571580E-02
       772  8.815056E-02
       773  1.566299E-01
       774  2.456537E-01
       775  1.268370E-01
       776  2.435654E-01
       777  1.227963E-01
       778  2.392082E-01
       779  1.211819E-01
       780  2.400637E-01
       781  1.559680E+00
       782  9.430293E-01
       783  5.221140E-01
       784  2.776192E-01
       785  1.985486E-01
       786  1.559680E+00
       787  9.430293E-01
       788  5.221140E-01
       789  2.776192E-01
       790  1.985486E-01
       791  8.999112E-02
       792  1.804794E-01
       793  9.141539E-02
       794  1.797773E-01
       795  9.501093E-02
       796  1.837022E-01
       797  1.220030E-01
       798  1.857196E-01
       799  4.298367E-02
       800  6.601777E-02
       801  4.298367E-02
       802  6.601777E-02
       803  1.220030E-01
       804  1.857196E-01
       805  9.501093E-02
       806  1.837022E-01
       807  9.141539E-02
       808  1.797773E-01
       809  8.999112E-02
       810  1.804794E-01
       811  1.132195E+00
       812  6.961210E-01
       813  3.995815E-01
       814  2.268220E-01
       815  1.689257E-01
       816  1.132195E+00
       817  6.961210E-01
       818  3.995815E-01
       819  2.268220E-01
       820  1.689257E-01
       821  6.509168E-02
       822  1.318170E-01
       823  6.632891E-02
       824  1.312755E-01
       825  6.949887E-02
       826  1.347988E-01
       827  9.360607E-02
       828  1.367913E-01
       829  3.264525E-02
       830  4.816727E-02
       831  3.264525E-02
       832  4.816727E-02
       833  9.360607E-02
       834  1.367913E-01
       835  6.949887E-02
       836  1.347988E-01
       837  6.632891E-02
       838  1.312755E-01
       839  6.509168E-02
       840  1.318170E-01
       841  7.934095E-01
       842  4.977706E-01
       843  2.979821E-01
       844  1.814685E-01
       845  1.411669E-01
       846  7.934095E-01
       847  4.977706E-01
       848  2.979821E-01
       849  1.814685E-01
       850  1.411669E-01
       851  4.566683E-02
       852  9.302428E-02
       853  4.672122E-02
       854  9.263940E-02
       855  4.948471E-02
       856  9.578450E-02
       857  7.066259E-02
       858  9.777925E-02
       859  2.437348E-02
       860  3.412132E-02
       861  2.437348E-02
       862  3.412132E-02
       863  7.066259E-02
       864  9.777925E-02
       865  4.948471E-02
       866  9.578450E-02
       867  4.672122E-02
       868  9.263940E-02
       869  4.566683E-02
       870  9.302428E-02
       871  5.327262E-01
       872  3.427207E-01
       873  2.156353E-01
       874  1.416842E-01
       875  1.154259E-01
       876  5.327262E-01
       877  3.427207E-01
       878  2.156353E-01
       879  1.416842E-01
       880  1.154259E-01
       881  3.091687E-02
       882  6.297442E-02
       883  3.179388E-02
       884  6.273356E-02
       885  3.416973E-02
       886  6.551926E-02
       887  5.241964E-02
       888  6.752755E-02
       889  1.785704E-02
       890  2.338724E-02
       891  1.785704E-02
       892  2.338724E-02
       893  5.241964E-02
       894  6.752755E-02
       895  3.416973E-02
       896  6.551926E-02
       897  3.179388E-02
       898  6.273356E-02
       899  3.091687E-02
       900  6.297442E-02
       901  3.391992E-01
       902  2.254071E-01
       903  1.506233E-01
       904  1.074657E-01
       905  9.188009E-02
       906  3.391992E-01
       907  2.254071E-01
       908  1.506233E-01
       909  1.074657E-01
       910  9.188009E-02
       911  2.007288E-02
       912  4.049078E-02
       913  2.077912E-02
       914  4.037513E-02
       915  2.278652E-02
       916  4.281913E-02
       917  3.816131E-02
       918  4.484037E-02
       919  1.280569E-02
       920  1.546830E-02
       921  1.280569E-02
       922  1.546830E-02
       923  3.816131E-02
       924  4.484037E-02
       925  2.278652E-02
       926  4.281913E-02
       927  2.077912E-02
       928  4.037513E-02
       929  2.007288E-02
       930  4.049078E-02
       931  2.018068E-01
       932  1.401015E-01
       933  1.008423E-01
       934  7.867656E-02
       935  7.070795E-02
       936  2.018068E-01
       937  1.401015E-01
       938  1.008423E-01
       939  7.867656E-02
       940  7.070795E-02
       941  1.240865E-02
       942  2.437938E-02
       943  1.295256E-02
       944  2.436661E-02
       945  1.461320E-02
       946  2.648831E-02
       947  2.722162E-02
       948  2.851240E-02
       949  8.955172E-03
       950  9.875272E-03
       951  8.955172E-03
       952  9.875272E-03
       953  2.722162E-02
       954  2.851240E-02
       955  1.461320E-02
       956  2.648831E-02
       957  1.295256E-02
       958  2.436661E-02
       959  1.240865E-02
       960  2.437938E-02
       961  1.097333E-01
       962  8.107092E-02
       963  6.407283E-02
       964  5.505822E-02
       965  5.207376E-02
       966  1.097333E-01
       967  8.107092E-02
       968  6.407283E-02
       969  5.505822E-02
       970  5.207376E-02
       971  7.249558E-03
       972  1.346383E-02
       973  7.645581E-03
       974  1.353147E-02
       975  8.988680E-03
       976  1.535445E-02
       977  1.899881E-02
       978  1.736116E-02
       979  6.071211E-03
       980  6.137477E-03
       981  6.071211E-03
       982  6.137477E-03
       983  1.899881E-02
       984  1.736116E-02
       985  8.988680E-03
       986  1.535445E-02
       987  7.645581E-03
       988  1.353147E-02
       989  7.249558E-03
       990  1.346383E-02
       991  5.264630E-02
       992  4.274532E-02
       993  3.806789E-02
       994  3.626124E-02
       995  3.612252E-02
       996  5.264630E-02
       997  4.274532E-02
       998  3.806789E-02
       999  3.626124E-02
      1000  3.612252E-02
      1001  3.978261E-03
      1002  6.612365E-03
      1003  4.256298E-03
      1004  6.743670E-03
      1005  5.328949E-03
      1006  8.299434E-03
      1007  1.297205E-02
      1008  1.025562E-02
      1009  3.951874E-03
      1010  3.812389E-03
      1011  3.951874E-03
      1012  3.812389E-03
      1013  1.297205E-02
      1014  1.025562E-02
      1015  5.328949E-03
      1016  8.299434E-03
      1017  4.256298E-03
      1018  6.743670E-03
      1019  3.978261E-03
      1020  6.612365E-03
      1021  2.095105E-02
      1022  1.987203E-02
      1023  2.063168E-02
      1024  2.188629E-02
      1025  2.300310E-02
      1026  2.095105E-02
      1027  1.987203E-02
      1028  2.063168E-02
      1029  2.188629E-02
      1030  2.300310E-02
      1031  2.034987E-03
      1032  2.751022E-03
      1033  2.254458E-03
      1034  2.943816E-03
      1035  3.132104E-03
      1036  4.275097E-03
      1037  8.711180E-03
      1038  6.135515E-03
      1039  2.427192E-03
      1040  2.494318E-03
      1041  2.427192E-03
      1042  2.494318E-03
      1043  8.711180E-03
      1044  6.135515E-03
      1045  3.132104E-03
      1046  4.275097E-03
      1047  2.254458E-03
      1048  2.943816E-03
      1049  2.034987E-03
      1050  2.751022E-03
      1051  6.150348E-03
      1052  7.689736E-03
      1053  9.680160E-03
      1054  1.152949E-02
      1055  1.291384E-02
      1056  6.150348E-03
      1057  7.689736E-03
      1058  9.680160E-03
      1059  1.152949E-02
      1060  1.291384E-02
      1061  9.398255E-04
      1062  8.918126E-04
      1063  1.185325E-03
      1064  1.150915E-03
      1065  1.955223E-03
      1066  2.302979E-03
      1067  5.868485E-03
      1068  4.039594E-03
      1069  1.366876E-03
      1070  1.838490E-03
      1071  1.366876E-03
      1072  1.838490E-03
      1073  5.868485E-03
      1074  4.039594E-03
      1075  1.955223E-03
      1076  2.302979E-03
      1077  1.185325E-03
      1078  1.150915E-03
      1079  9.398255E-04
      1080  8.918126E-04
      1081  9.894147E-04
      1082  2.016043E-03
      1083  3.257135E-03
      1084  4.559117E-03
      1085  5.680537E-03
      1086  9.894147E-04
      1087  2.016043E-03
      1088  3.257135E-03
      1089  4.559117E-03
      1090  5.680537E-03
      1091  3.337782E-04
      1092  1.787935E-04
      1093  6.069659E-04
      1094  4.384381E-04
      1095  1.274577E-03
      1096  1.387583E-03
      1097  3.801950E-03
      1098  2.915142E-03
      1099  6.330271E-04
      1100  1.450376E-03
      1101  6.330271E-04
      1102  1.450376E-03
      1103  3.801950E-03
      1104  2.915142E-03
      1105  1.274577E-03
      1106  1.387583E-03
      1107  6.069659E-04
      1108  4.384381E-04
      1109  3.337782E-04
      1110  1.787935E-04
      1111  5.681221E-05
      1112  2.605986E-04
      1113  6.472433E-04
      1114  1.252504E-03
      1115  2.045256E-03
      1116  5.681221E-05
      1117  2.605986E-04
      1118  6.472433E-04
      1119  1.252504E-03
      1120  2.045256E-03
      1121  7.890530E-05
      1122  2.579918E-05
      1123  2.940207E-04
      1124  2.120855E-04
      1125  8.819338E-04
      1126  1.095777E-03
      1127  2.802220E-03
      1128  2.821370E-03
      1129  2.967565E-04
      1130  1.521505E-03
      1131  2.967565E-04
      1132  1.521505E-03
      1133  2.802220E-03
      1134  2.821370E-03
      1135  8.819338E-04
      1136  1.095777E-03
      1137  2.940207E-04
      1138  2.120855E-04
      1139  7.890530E-05
      1140  2.579918E-05
      1141  1.774354E-06
      1142  5.265668E-06
      1143  1.816511E-05
      1144  9.901136E-05
      1145  3.061713E-04
      1146  1.774354E-06
      1147  5.265668E-06
      1148  1.816511E-05
      1149  9.901136E-05
      1150  3.061713E-04
      1151  7.778880E-06
      1152  7.762023E-06
      1153  7.699819E-05
      1154  8.926421E-05
      1155  2.970098E-04
      1156  5.180261E-04
      1157  1.008009E-03
      1158  1.505759E-03
      1159  8.207890E-05
      1160  8.660260E-04
      1161  8.207890E-05
      1162  8.660260E-04
      1163  1.008009E-03
      1164  1.505759E-03
      1165  2.970098E-04
      1166  5.180261E-04
      1167  7.699819E-05
      1168  8.926421E-05
      1169  7.778880E-06
      1170  7.762023E-06
