    1C
    1UNormalized cross-passage space-truss torsion benchmark            
    1UUSER                                                              
    1UDATE              05.august.2026                                  
    1UTIME              18:18:07                                        
    1UHOST                                                              
    1UPGM               CalculiX                                        
    1UVERSION           Version 2.21                             
    1UCOMPILETIME       Sat Jul 29 10:52:01 CEST 2023                    
    1UDIR                                                               
    1UDBN                                                               
    1UMAT    1STEEL                                                     
    2C                          1296                                     1
 -1       277-1.19372E+00 8.63941E-04-3.54933E-02
 -1       278-1.23021E+00 3.63861E-03-1.93460E-02
 -1       279-1.20628E+00-8.63941E-04 3.54933E-02
 -1       280-1.16979E+00-3.63861E-03 1.93460E-02
 -1       285-1.20145E+00-3.41225E-02-1.15569E-02
 -1       286-1.20010E+00-2.46574E-03-3.59709E-02
 -1       287-1.19855E+00 3.41225E-02 1.15569E-02
 -1       288-1.19990E+00 2.46574E-03 3.59709E-02
 -1       293-1.23365E+00-1.29325E-02 5.48678E-04
 -1       294-1.20099E+00-3.60094E-02 1.52775E-03
 -1       295-1.16635E+00 1.29325E-02-5.48678E-04
 -1       296-1.19901E+00 3.60094E-02-1.52775E-03
 -1       327 1.20177E+00 2.37157E-03-3.59337E-02
 -1       328 1.16759E+00-2.09270E-03-1.56514E-02
 -1       329 1.19823E+00-2.37157E-03 3.59337E-02
 -1       330 1.23241E+00 2.09270E-03 1.56514E-02
 -1       335 1.20143E+00-3.37965E-02-1.24797E-02
 -1       336 1.20006E+00-1.48932E-03-3.60247E-02
 -1       337 1.19857E+00 3.37965E-02 1.24797E-02
 -1       338 1.19994E+00 1.48932E-03 3.60247E-02
 -1       343 1.16707E+00-1.46725E-02-6.22501E-04
 -1       344 1.20089E+00-3.60121E-02-1.52786E-03
 -1       345 1.23293E+00 1.46725E-02 6.22501E-04
 -1       346 1.19911E+00 3.60121E-02 1.52786E-03
 -1       377-1.19293E+00-2.82830E-03 1.96476E+00
 -1       378-1.22977E+00 1.55898E-03 1.97971E+00
 -1       379-1.20707E+00 2.82830E-03 2.03524E+00
 -1       380-1.17023E+00-1.55898E-03 2.02029E+00
 -1       385-1.19857E+00-3.37965E-02 1.98752E+00
 -1       386-1.19994E+00-1.48932E-03 1.96398E+00
 -1       387-1.20143E+00 3.37965E-02 2.01248E+00
 -1       388-1.20006E+00 1.48932E-03 2.03602E+00
 -1       393-1.23293E+00-1.46725E-02 1.99938E+00
 -1       394-1.19911E+00-3.60121E-02 1.99847E+00
 -1       395-1.16707E+00 1.46725E-02 2.00062E+00
 -1       396-1.20089E+00 3.60121E-02 2.00153E+00
 -1       427 1.20315E+00-1.17563E-03 1.96410E+00
 -1       428 1.16820E+00-3.67554E-03 1.98340E+00
 -1       429 1.19685E+00 1.17563E-03 2.03590E+00
 -1       430 1.23180E+00 3.67554E-03 2.01660E+00
 -1       435 1.19855E+00-3.41225E-02 1.98844E+00
 -1       436 1.19990E+00-2.46574E-03 1.96403E+00
 -1       437 1.20145E+00 3.41225E-02 2.01156E+00
 -1       438 1.20010E+00 2.46574E-03 2.03597E+00
 -1       443 1.16635E+00-1.29325E-02 2.00055E+00
 -1       444 1.19901E+00-3.60094E-02 2.00153E+00
 -1       445 1.23365E+00 1.29325E-02 1.99945E+00
 -1       446 1.20099E+00 3.60094E-02 1.99847E+00
 -1       477-1.19508E+00 9.99959E+00-3.57163E-02
 -1       478-1.23108E+00 1.00003E+01-1.82807E-02
 -1       479-1.20492E+00 1.00004E+01 3.57163E-02
 -1       480-1.16892E+00 9.99972E+00 1.82807E-02
 -1       485-1.20145E+00 9.96588E+00-1.15569E-02
 -1       486-1.20010E+00 9.99753E+00-3.59709E-02
 -1       487-1.19855E+00 1.00341E+01 1.15569E-02
 -1       488-1.19990E+00 1.00025E+01 3.59709E-02
 -1       493-1.23365E+00 9.98707E+00 5.48678E-04
 -1       494-1.20099E+00 9.96399E+00 1.52775E-03
 -1       495-1.16635E+00 1.00129E+01-5.48678E-04
 -1       496-1.19901E+00 1.00360E+01-1.52775E-03
 -1       527 1.20441E+00 9.99936E+00-3.57787E-02
 -1       528 1.16867E+00 9.99919E+00-1.78248E-02
 -1       529 1.19559E+00 1.00006E+01 3.57787E-02
 -1       530 1.23133E+00 1.00008E+01 1.78248E-02
 -1       535 1.20143E+00 9.96620E+00-1.24797E-02
 -1       536 1.20006E+00 9.99851E+00-3.60247E-02
 -1       537 1.19857E+00 1.00338E+01 1.24797E-02
 -1       538 1.19994E+00 1.00015E+01 3.60247E-02
 -1       543 1.16707E+00 9.98533E+00-6.22501E-04
 -1       544 1.20089E+00 9.96399E+00-1.52786E-03
 -1       545 1.23293E+00 1.00147E+01 6.22501E-04
 -1       546 1.19911E+00 1.00360E+01 1.52786E-03
 -1       577-1.19541E+00 1.00006E+01 1.96424E+00
 -1       578-1.23124E+00 1.00008E+01 1.98202E+00
 -1       579-1.20459E+00 9.99936E+00 2.03576E+00
 -1       580-1.16876E+00 9.99919E+00 2.01798E+00
 -1       585-1.19857E+00 9.96620E+00 1.98752E+00
 -1       586-1.19994E+00 9.99851E+00 1.96398E+00
 -1       587-1.20143E+00 1.00338E+01 2.01248E+00
 -1       588-1.20006E+00 1.00015E+01 2.03602E+00
 -1       593-1.23293E+00 9.98533E+00 1.99938E+00
 -1       594-1.19911E+00 9.96399E+00 1.99847E+00
 -1       595-1.16707E+00 1.00147E+01 2.00062E+00
 -1       596-1.20089E+00 1.00360E+01 2.00153E+00
 -1       627 1.20406E+00 1.00004E+01 1.96418E+00
 -1       628 1.16850E+00 9.99971E+00 1.98247E+00
 -1       629 1.19594E+00 9.99960E+00 2.03582E+00
 -1       630 1.23150E+00 1.00003E+01 2.01753E+00
 -1       635 1.19855E+00 9.96588E+00 1.98844E+00
 -1       636 1.19990E+00 9.99753E+00 1.96403E+00
 -1       637 1.20145E+00 1.00341E+01 2.01156E+00
 -1       638 1.20010E+00 1.00025E+01 2.03597E+00
 -1       643 1.16635E+00 9.98707E+00 2.00055E+00
 -1       644 1.19901E+00 9.96399E+00 2.00153E+00
 -1       645 1.23365E+00 1.00129E+01 1.99945E+00
 -1       646 1.20099E+00 1.00360E+01 1.99847E+00
 -1       677-1.19505E+00 1.99994E+01-3.57090E-02
 -1       678-1.23106E+00 2.00002E+01-1.83133E-02
 -1       679-1.20495E+00 2.00006E+01 3.57090E-02
 -1       680-1.16894E+00 1.99998E+01 1.83133E-02
 -1       685-1.20000E+00 1.99660E+01-1.20000E-02
 -1       686-1.20000E+00 1.99980E+01-3.60000E-02
 -1       687-1.20000E+00 2.00340E+01 1.20000E-02
 -1       688-1.20000E+00 2.00020E+01 3.60000E-02
 -1       693-1.23328E+00 1.99861E+01 0.00000E+00
 -1       694-1.20000E+00 1.99639E+01 0.00000E+00
 -1       695-1.16672E+00 2.00139E+01 0.00000E+00
 -1       696-1.20000E+00 2.00361E+01 0.00000E+00
 -1       727 1.20437E+00 1.99996E+01-3.57873E-02
 -1       728 1.16865E+00 1.99993E+01-1.77892E-02
 -1       729 1.19563E+00 2.00004E+01 3.57873E-02
 -1       730 1.23135E+00 2.00007E+01 1.77892E-02
 -1       735 1.20000E+00 1.99660E+01-1.20000E-02
 -1       736 1.20000E+00 1.99980E+01-3.60000E-02
 -1       737 1.20000E+00 2.00340E+01 1.20000E-02
 -1       738 1.20000E+00 2.00020E+01 3.60000E-02
 -1       743 1.16672E+00 1.99861E+01 0.00000E+00
 -1       744 1.20000E+00 1.99639E+01 0.00000E+00
 -1       745 1.23328E+00 2.00139E+01 0.00000E+00
 -1       746 1.20000E+00 2.00361E+01 0.00000E+00
 -1       777-1.19536E+00 2.00004E+01 1.96425E+00
 -1       778-1.23122E+00 2.00007E+01 1.98197E+00
 -1       779-1.20464E+00 1.99996E+01 2.03575E+00
 -1       780-1.16878E+00 1.99993E+01 2.01803E+00
 -1       785-1.20000E+00 1.99660E+01 1.98800E+00
 -1       786-1.20000E+00 1.99980E+01 1.96400E+00
 -1       787-1.20000E+00 2.00340E+01 2.01200E+00
 -1       788-1.20000E+00 2.00020E+01 2.03600E+00
 -1       793-1.23328E+00 1.99861E+01 2.00000E+00
 -1       794-1.20000E+00 1.99639E+01 2.00000E+00
 -1       795-1.16672E+00 2.00139E+01 2.00000E+00
 -1       796-1.20000E+00 2.00361E+01 2.00000E+00
 -1       827 1.20403E+00 2.00006E+01 1.96417E+00
 -1       828 1.16848E+00 1.99998E+01 1.98250E+00
 -1       829 1.19597E+00 1.99994E+01 2.03583E+00
 -1       830 1.23152E+00 2.00002E+01 2.01750E+00
 -1       835 1.20000E+00 1.99660E+01 1.98800E+00
 -1       836 1.20000E+00 1.99980E+01 1.96400E+00
 -1       837 1.20000E+00 2.00340E+01 2.01200E+00
 -1       838 1.20000E+00 2.00020E+01 2.03600E+00
 -1       843 1.16672E+00 1.99861E+01 2.00000E+00
 -1       844 1.20000E+00 1.99639E+01 2.00000E+00
 -1       845 1.23328E+00 2.00139E+01 2.00000E+00
 -1       846 1.20000E+00 2.00361E+01 2.00000E+00
 -1       877-1.19500E+00 2.99992E+01-3.56987E-02
 -1       878-1.23103E+00 3.00001E+01-1.83572E-02
 -1       879-1.20500E+00 3.00008E+01 3.56987E-02
 -1       880-1.16897E+00 2.99999E+01 1.83572E-02
 -1       885-1.20000E+00 2.99660E+01-1.20000E-02
 -1       886-1.20000E+00 2.99980E+01-3.60000E-02
 -1       887-1.20000E+00 3.00340E+01 1.20000E-02
 -1       888-1.20000E+00 3.00020E+01 3.60000E-02
 -1       893-1.23328E+00 2.99861E+01 0.00000E+00
 -1       894-1.20000E+00 2.99639E+01 0.00000E+00
 -1       895-1.16672E+00 3.00139E+01 0.00000E+00
 -1       896-1.20000E+00 3.00361E+01 0.00000E+00
 -1       927 1.20431E+00 2.99997E+01-3.57959E-02
 -1       928 1.16862E+00 2.99994E+01-1.77432E-02
 -1       929 1.19569E+00 3.00003E+01 3.57959E-02
 -1       930 1.23138E+00 3.00006E+01 1.77432E-02
 -1       935 1.20000E+00 2.99660E+01-1.20000E-02
 -1       936 1.20000E+00 2.99980E+01-3.60000E-02
 -1       937 1.20000E+00 3.00340E+01 1.20000E-02
 -1       938 1.20000E+00 3.00020E+01 3.60000E-02
 -1       943 1.16672E+00 2.99861E+01 0.00000E+00
 -1       944 1.20000E+00 2.99639E+01 0.00000E+00
 -1       945 1.23328E+00 3.00139E+01 0.00000E+00
 -1       946 1.20000E+00 3.00361E+01 0.00000E+00
 -1       977-1.19531E+00 3.00003E+01 1.96425E+00
 -1       978-1.23119E+00 3.00006E+01 1.98193E+00
 -1       979-1.20469E+00 2.99997E+01 2.03575E+00
 -1       980-1.16881E+00 2.99994E+01 2.01807E+00
 -1       985-1.20000E+00 2.99660E+01 1.98800E+00
 -1       986-1.20000E+00 2.99980E+01 1.96400E+00
 -1       987-1.20000E+00 3.00340E+01 2.01200E+00
 -1       988-1.20000E+00 3.00020E+01 2.03600E+00
 -1       993-1.23328E+00 2.99861E+01 2.00000E+00
 -1       994-1.20000E+00 2.99639E+01 2.00000E+00
 -1       995-1.16672E+00 3.00139E+01 2.00000E+00
 -1       996-1.20000E+00 3.00361E+01 2.00000E+00
 -1      1027 1.20397E+00 3.00007E+01 1.96417E+00
 -1      1028 1.16845E+00 2.99999E+01 1.98255E+00
 -1      1029 1.19603E+00 2.99993E+01 2.03583E+00
 -1      1030 1.23155E+00 3.00001E+01 2.01745E+00
 -1      1035 1.20000E+00 2.99660E+01 1.98800E+00
 -1      1036 1.20000E+00 2.99980E+01 1.96400E+00
 -1      1037 1.20000E+00 3.00340E+01 2.01200E+00
 -1      1038 1.20000E+00 3.00020E+01 2.03600E+00
 -1      1043 1.16672E+00 2.99861E+01 2.00000E+00
 -1      1044 1.20000E+00 2.99639E+01 2.00000E+00
 -1      1045 1.23328E+00 3.00139E+01 2.00000E+00
 -1      1046 1.20000E+00 3.00361E+01 2.00000E+00
 -1      1077-1.19501E+00 3.99993E+01-3.57018E-02
 -1      1078-1.23104E+00 4.00001E+01-1.83482E-02
 -1      1079-1.20499E+00 4.00007E+01 3.57018E-02
 -1      1080-1.16896E+00 3.99999E+01 1.83482E-02
 -1      1085-1.20145E+00 3.99659E+01-1.15569E-02
 -1      1086-1.20010E+00 3.99975E+01-3.59709E-02
 -1      1087-1.19855E+00 4.00341E+01 1.15569E-02
 -1      1088-1.19990E+00 4.00025E+01 3.59709E-02
 -1      1093-1.23365E+00 3.99871E+01 5.48678E-04
 -1      1094-1.20099E+00 3.99640E+01 1.52775E-03
 -1      1095-1.16635E+00 4.00129E+01-5.48678E-04
 -1      1096-1.19901E+00 4.00360E+01-1.52775E-03
 -1      1127 1.20434E+00 3.99996E+01-3.57913E-02
 -1      1128 1.16863E+00 3.99993E+01-1.77655E-02
 -1      1129 1.19566E+00 4.00004E+01 3.57913E-02
 -1      1130 1.23137E+00 4.00007E+01 1.77655E-02
 -1      1135 1.20143E+00 3.99662E+01-1.24797E-02
 -1      1136 1.20006E+00 3.99985E+01-3.60247E-02
 -1      1137 1.19857E+00 4.00338E+01 1.24797E-02
 -1      1138 1.19994E+00 4.00015E+01 3.60247E-02
 -1      1143 1.16707E+00 3.99853E+01-6.22501E-04
 -1      1144 1.20089E+00 3.99640E+01-1.52786E-03
 -1      1145 1.23293E+00 4.00147E+01 6.22501E-04
 -1      1146 1.19911E+00 4.00360E+01 1.52786E-03
 -1      1177-1.19533E+00 4.00004E+01 1.96425E+00
 -1      1178-1.23120E+00 4.00007E+01 1.98195E+00
 -1      1179-1.20467E+00 3.99996E+01 2.03575E+00
 -1      1180-1.16880E+00 3.99993E+01 2.01805E+00
 -1      1185-1.19857E+00 3.99662E+01 1.98752E+00
 -1      1186-1.19994E+00 3.99985E+01 1.96398E+00
 -1      1187-1.20143E+00 4.00338E+01 2.01248E+00
 -1      1188-1.20006E+00 4.00015E+01 2.03602E+00
 -1      1193-1.23293E+00 3.99853E+01 1.99938E+00
 -1      1194-1.19911E+00 3.99640E+01 1.99847E+00
 -1      1195-1.16707E+00 4.00147E+01 2.00062E+00
 -1      1196-1.20089E+00 4.00360E+01 2.00153E+00
 -1      1227 1.20399E+00 4.00007E+01 1.96417E+00
 -1      1228 1.16846E+00 3.99998E+01 1.98253E+00
 -1      1229 1.19601E+00 3.99993E+01 2.03583E+00
 -1      1230 1.23154E+00 4.00002E+01 2.01747E+00
 -1      1235 1.19855E+00 3.99659E+01 1.98844E+00
 -1      1236 1.19990E+00 3.99975E+01 1.96403E+00
 -1      1237 1.20145E+00 4.00341E+01 2.01156E+00
 -1      1238 1.20010E+00 4.00025E+01 2.03597E+00
 -1      1243 1.16635E+00 3.99871E+01 2.00055E+00
 -1      1244 1.19901E+00 3.99640E+01 2.00153E+00
 -1      1245 1.23365E+00 4.00129E+01 1.99945E+00
 -1      1246 1.20099E+00 4.00360E+01 1.99847E+00
 -1      1277-1.19608E+00 4.99978E+01-3.57769E-02
 -1      1278-1.23151E+00 4.99968E+01-1.72369E-02
 -1      1279-1.20392E+00 5.00022E+01 3.57769E-02
 -1      1280-1.16849E+00 5.00032E+01 1.72369E-02
 -1      1285-1.20145E+00 4.99659E+01-1.15569E-02
 -1      1286-1.20010E+00 4.99975E+01-3.59709E-02
 -1      1287-1.19855E+00 5.00341E+01 1.15569E-02
 -1      1288-1.19990E+00 5.00025E+01 3.59709E-02
 -1      1293-1.23365E+00 4.99871E+01 5.48678E-04
 -1      1294-1.20099E+00 4.99640E+01 1.52775E-03
 -1      1295-1.16635E+00 5.00129E+01-5.48678E-04
 -1      1296-1.19901E+00 5.00360E+01-1.52775E-03
 -1      1327 1.20659E+00 4.99962E+01-3.52441E-02
 -1      1328 1.16988E+00 5.00000E+01-1.98184E-02
 -1      1329 1.19341E+00 5.00038E+01 3.52441E-02
 -1      1330 1.23012E+00 5.00000E+01 1.98184E-02
 -1      1335 1.20143E+00 4.99662E+01-1.24797E-02
 -1      1336 1.20006E+00 4.99985E+01-3.60247E-02
 -1      1337 1.19857E+00 5.00338E+01 1.24797E-02
 -1      1338 1.19994E+00 5.00015E+01 3.60247E-02
 -1      1343 1.16707E+00 4.99853E+01-6.22501E-04
 -1      1344 1.20089E+00 4.99640E+01-1.52786E-03
 -1      1345 1.23293E+00 5.00147E+01 6.22501E-04
 -1      1346 1.19911E+00 5.00360E+01 1.52786E-03
 -1      1377-1.19822E+00 5.00036E+01 1.96416E+00
 -1      1378-1.23249E+00 4.99994E+01 1.98438E+00
 -1      1379-1.20178E+00 4.99964E+01 2.03584E+00
 -1      1380-1.16751E+00 5.00006E+01 2.01562E+00
 -1      1385-1.19857E+00 4.99662E+01 1.98752E+00
 -1      1386-1.19994E+00 4.99985E+01 1.96398E+00
 -1      1387-1.20143E+00 5.00338E+01 2.01248E+00
 -1      1388-1.20006E+00 5.00015E+01 2.03602E+00
 -1      1393-1.23293E+00 4.99853E+01 1.99938E+00
 -1      1394-1.19911E+00 4.99640E+01 1.99847E+00
 -1      1395-1.16707E+00 5.00147E+01 2.00062E+00
 -1      1396-1.20089E+00 5.00360E+01 2.00153E+00
 -1      1427 1.20511E+00 5.00021E+01 1.96437E+00
 -1      1428 1.16909E+00 5.00032E+01 1.98172E+00
 -1      1429 1.19489E+00 4.99979E+01 2.03563E+00
 -1      1430 1.23091E+00 4.99968E+01 2.01828E+00
 -1      1435 1.19855E+00 4.99659E+01 1.98844E+00
 -1      1436 1.19990E+00 4.99975E+01 1.96403E+00
 -1      1437 1.20145E+00 5.00341E+01 2.01156E+00
 -1      1438 1.20010E+00 5.00025E+01 2.03597E+00
 -1      1443 1.16635E+00 4.99871E+01 2.00055E+00
 -1      1444 1.19901E+00 4.99640E+01 2.00153E+00
 -1      1445 1.23365E+00 5.00129E+01 1.99945E+00
 -1      1446 1.20099E+00 5.00360E+01 1.99847E+00
 -1      1477-1.19553E+00 5.00000E+00-1.85778E-01
 -1      1478-1.23131E+00 5.00000E+00-1.67883E-01
 -1      1479-1.20447E+00 5.00000E+00-1.14222E-01
 -1      1480-1.16869E+00 5.00000E+00-1.32117E-01
 -1      1485 1.20447E+00 5.00000E+00 1.14222E-01
 -1      1486 1.16869E+00 5.00000E+00 1.32117E-01
 -1      1487 1.19553E+00 5.00000E+00 1.85778E-01
 -1      1488 1.23131E+00 5.00000E+00 1.67883E-01
 -1      1493-1.19553E+00 5.00000E+00 1.81422E+00
 -1      1494-1.23131E+00 5.00000E+00 1.83212E+00
 -1      1495-1.20447E+00 5.00000E+00 1.88578E+00
 -1      1496-1.16869E+00 5.00000E+00 1.86788E+00
 -1      1501 1.20447E+00 5.00000E+00 2.11422E+00
 -1      1502 1.16869E+00 5.00000E+00 2.13212E+00
 -1      1503 1.19553E+00 5.00000E+00 2.18578E+00
 -1      1504 1.23131E+00 5.00000E+00 2.16788E+00
 -1      1509-1.19553E+00 3.50000E+01-1.85778E-01
 -1      1510-1.23131E+00 3.50000E+01-1.67883E-01
 -1      1511-1.20447E+00 3.50000E+01-1.14222E-01
 -1      1512-1.16869E+00 3.50000E+01-1.32117E-01
 -1      1517 1.20447E+00 3.50000E+01 1.14222E-01
 -1      1518 1.16869E+00 3.50000E+01 1.32117E-01
 -1      1519 1.19553E+00 3.50000E+01 1.85778E-01
 -1      1520 1.23131E+00 3.50000E+01 1.67883E-01
 -1      1525-1.19553E+00 3.50000E+01 1.81422E+00
 -1      1526-1.23131E+00 3.50000E+01 1.83212E+00
 -1      1527-1.20447E+00 3.50000E+01 1.88578E+00
 -1      1528-1.16869E+00 3.50000E+01 1.86788E+00
 -1      1533 1.20447E+00 3.50000E+01 2.11422E+00
 -1      1534 1.16869E+00 3.50000E+01 2.13212E+00
 -1      1535 1.19553E+00 3.50000E+01 2.18578E+00
 -1      1536 1.23131E+00 3.50000E+01 2.16788E+00
 -1      1541-1.19522E+00 4.24989E+01-1.41787E-01
 -1      1542-1.23115E+00 4.24995E+01-1.24216E-01
 -1      1543-1.20478E+00 4.25011E+01-7.03450E-02
 -1      1544-1.16885E+00 4.25005E+01-8.79159E-02
 -1      1549-1.19553E+00 4.50000E+01-1.85777E-01
 -1      1550-1.23131E+00 4.50000E+01-1.67887E-01
 -1      1551-1.20447E+00 4.50000E+01-1.14223E-01
 -1      1552-1.16869E+00 4.50000E+01-1.32113E-01
 -1      1557-1.19586E+00 4.75011E+01-1.41867E-01
 -1      1558-1.23147E+00 4.75005E+01-1.23652E-01
 -1      1559-1.20414E+00 4.74989E+01-7.02647E-02
 -1      1560-1.16853E+00 4.74995E+01-8.84797E-02
 -1      1565 1.20414E+00 4.25011E+01 7.02647E-02
 -1      1566 1.16853E+00 4.25005E+01 8.84797E-02
 -1      1567 1.19586E+00 4.24989E+01 1.41867E-01
 -1      1568 1.23147E+00 4.24995E+01 1.23652E-01
 -1      1573 1.20447E+00 4.50000E+01 1.14223E-01
 -1      1574 1.16869E+00 4.50000E+01 1.32113E-01
 -1      1575 1.19553E+00 4.50000E+01 1.85777E-01
 -1      1576 1.23131E+00 4.50000E+01 1.67887E-01
 -1      1581 1.20478E+00 4.74989E+01 7.03450E-02
 -1      1582 1.16885E+00 4.74995E+01 8.79159E-02
 -1      1583 1.19522E+00 4.75011E+01 1.41787E-01
 -1      1584 1.23115E+00 4.75005E+01 1.24216E-01
 -1      1589-1.19522E+00 4.24989E+01 1.85821E+00
 -1      1590-1.23115E+00 4.24995E+01 1.87578E+00
 -1      1591-1.20478E+00 4.25011E+01 1.92966E+00
 -1      1592-1.16885E+00 4.25005E+01 1.91208E+00
 -1      1597-1.19553E+00 4.50000E+01 1.81422E+00
 -1      1598-1.23131E+00 4.50000E+01 1.83211E+00
 -1      1599-1.20447E+00 4.50000E+01 1.88578E+00
 -1      1600-1.16869E+00 4.50000E+01 1.86789E+00
 -1      1605-1.19586E+00 4.75011E+01 1.85813E+00
 -1      1606-1.23147E+00 4.75005E+01 1.87635E+00
 -1      1607-1.20414E+00 4.74989E+01 1.92974E+00
 -1      1608-1.16853E+00 4.74995E+01 1.91152E+00
 -1      1613 1.20414E+00 4.25011E+01 2.07026E+00
 -1      1614 1.16853E+00 4.25005E+01 2.08848E+00
 -1      1615 1.19586E+00 4.24989E+01 2.14187E+00
 -1      1616 1.23147E+00 4.24995E+01 2.12365E+00
 -1      1621 1.20447E+00 4.50000E+01 2.11422E+00
 -1      1622 1.16869E+00 4.50000E+01 2.13211E+00
 -1      1623 1.19553E+00 4.50000E+01 2.18578E+00
 -1      1624 1.23131E+00 4.50000E+01 2.16789E+00
 -1      1629 1.20478E+00 4.74989E+01 2.07034E+00
 -1      1630 1.16885E+00 4.74995E+01 2.08792E+00
 -1      1631 1.19522E+00 4.75011E+01 2.14179E+00
 -1      1632 1.23115E+00 4.75005E+01 2.12422E+00
 -1      1637-6.01023E-01-5.95507E-02-1.16832E-02
 -1      1638-6.00070E-01-2.77896E-02-3.59798E-02
 -1      1639-5.98977E-01 8.63897E-03 1.16832E-02
 -1      1640-5.99930E-01-2.31221E-02 3.59798E-02
 -1      1645 0.00000E+00-6.99997E-02-1.20008E-02
 -1      1646 0.00000E+00-3.79991E-02-3.60000E-02
 -1      1647 0.00000E+00-2.00028E-03 1.20008E-02
 -1      1648 0.00000E+00-3.40009E-02 3.60000E-02
 -1      1653 6.01016E-01-5.93202E-02-1.23359E-02
 -1      1654 6.00049E-01-2.70988E-02-3.60180E-02
 -1      1655 5.98984E-01 8.40852E-03 1.23359E-02
 -1      1656 5.99951E-01-2.38129E-02 3.60180E-02
 -1      1661-5.98984E-01-8.40852E-03 1.98766E+00
 -1      1662-5.99951E-01 2.38129E-02 1.96398E+00
 -1      1663-6.01016E-01 5.93202E-02 2.01234E+00
 -1      1664-6.00049E-01 2.70988E-02 2.03602E+00
 -1      1669 0.00000E+00 2.00028E-03 1.98800E+00
 -1      1670 0.00000E+00 3.40009E-02 1.96400E+00
 -1      1671 0.00000E+00 6.99997E-02 2.01200E+00
 -1      1672 0.00000E+00 3.79991E-02 2.03600E+00
 -1      1677 5.98977E-01-8.63897E-03 1.98832E+00
 -1      1678 5.99930E-01 2.31221E-02 1.96402E+00
 -1      1679 6.01023E-01 5.95507E-02 2.01168E+00
 -1      1680 6.00070E-01 2.77896E-02 2.03598E+00
 -1      1685-1.23354E+00 7.99623E-03 5.00396E-01
 -1      1686-1.20070E+00-1.48194E-02 5.01081E-01
 -1      1687-1.16646E+00 3.44302E-02 4.99604E-01
 -1      1688-1.19930E+00 5.72458E-02 4.98919E-01
 -1      1693-1.23328E+00 1.61383E-02 1.00000E+00
 -1      1694-1.20001E+00-6.05551E-03 1.00000E+00
 -1      1695-1.16672E+00 4.38617E-02 1.00000E+00
 -1      1696-1.19999E+00 6.60555E-02 1.00000E+00
 -1      1701-1.23303E+00 6.76606E-03 1.49957E+00
 -1      1702-1.19936E+00-1.48205E-02 1.49892E+00
 -1      1703-1.16697E+00 3.56603E-02 1.50043E+00
 -1      1704-1.20064E+00 5.72469E-02 1.50108E+00
 -1      1709 1.16697E+00-3.56603E-02 4.99567E-01
 -1      1710 1.20064E+00-5.72469E-02 4.98919E-01
 -1      1711 1.23303E+00-6.76606E-03 5.00433E-01
 -1      1712 1.19936E+00 1.48205E-02 5.01081E-01
 -1      1717 1.16672E+00-4.38617E-02 1.00000E+00
 -1      1718 1.19999E+00-6.60555E-02 1.00000E+00
 -1      1719 1.23328E+00-1.61383E-02 1.00000E+00
 -1      1720 1.20001E+00 6.05551E-03 1.00000E+00
 -1      1725 1.16646E+00-3.44302E-02 1.50040E+00
 -1      1726 1.19930E+00-5.72458E-02 1.50108E+00
 -1      1727 1.23354E+00-7.99623E-03 1.49960E+00
 -1      1728 1.20070E+00 1.48194E-02 1.49892E+00
 -1      1733-6.01023E-01 9.94045E+00-1.16832E-02
 -1      1734-6.00070E-01 9.97221E+00-3.59798E-02
 -1      1735-5.98977E-01 1.00086E+01 1.16832E-02
 -1      1736-5.99930E-01 9.97688E+00 3.59798E-02
 -1      1741 0.00000E+00 9.93000E+00-1.20008E-02
 -1      1742 0.00000E+00 9.96200E+00-3.60000E-02
 -1      1743 0.00000E+00 9.99800E+00 1.20008E-02
 -1      1744 0.00000E+00 9.96600E+00 3.60000E-02
 -1      1749 6.01016E-01 9.94068E+00-1.23359E-02
 -1      1750 6.00049E-01 9.97290E+00-3.60180E-02
 -1      1751 5.98984E-01 1.00084E+01 1.23359E-02
 -1      1752 5.99951E-01 9.97619E+00 3.60180E-02
 -1      1757-5.98984E-01 9.99159E+00 1.98766E+00
 -1      1758-5.99951E-01 1.00238E+01 1.96398E+00
 -1      1759-6.01016E-01 1.00593E+01 2.01234E+00
 -1      1760-6.00049E-01 1.00271E+01 2.03602E+00
 -1      1765 0.00000E+00 1.00020E+01 1.98800E+00
 -1      1766 0.00000E+00 1.00340E+01 1.96400E+00
 -1      1767 0.00000E+00 1.00700E+01 2.01200E+00
 -1      1768 0.00000E+00 1.00380E+01 2.03600E+00
 -1      1773 5.98977E-01 9.99136E+00 1.98832E+00
 -1      1774 5.99930E-01 1.00231E+01 1.96402E+00
 -1      1775 6.01023E-01 1.00596E+01 2.01168E+00
 -1      1776 6.00070E-01 1.00278E+01 2.03598E+00
 -1      1781-1.23354E+00 1.00080E+01 5.00396E-01
 -1      1782-1.20070E+00 9.98518E+00 5.01081E-01
 -1      1783-1.16646E+00 1.00344E+01 4.99604E-01
 -1      1784-1.19930E+00 1.00572E+01 4.98919E-01
 -1      1789-1.23328E+00 1.00161E+01 1.00000E+00
 -1      1790-1.20001E+00 9.99394E+00 1.00000E+00
 -1      1791-1.16672E+00 1.00439E+01 1.00000E+00
 -1      1792-1.19999E+00 1.00661E+01 1.00000E+00
 -1      1797-1.23303E+00 1.00068E+01 1.49957E+00
 -1      1798-1.19936E+00 9.98518E+00 1.49892E+00
 -1      1799-1.16697E+00 1.00357E+01 1.50043E+00
 -1      1800-1.20064E+00 1.00572E+01 1.50108E+00
 -1      1805 1.16697E+00 9.96434E+00 4.99567E-01
 -1      1806 1.20064E+00 9.94275E+00 4.98919E-01
 -1      1807 1.23303E+00 9.99323E+00 5.00433E-01
 -1      1808 1.19936E+00 1.00148E+01 5.01081E-01
 -1      1813 1.16672E+00 9.95614E+00 1.00000E+00
 -1      1814 1.19999E+00 9.93394E+00 1.00000E+00
 -1      1815 1.23328E+00 9.98386E+00 1.00000E+00
 -1      1816 1.20001E+00 1.00061E+01 1.00000E+00
 -1      1821 1.16646E+00 9.96557E+00 1.50040E+00
 -1      1822 1.19930E+00 9.94275E+00 1.50108E+00
 -1      1823 1.23354E+00 9.99200E+00 1.49960E+00
 -1      1824 1.20070E+00 1.00148E+01 1.49892E+00
 -1      1829-6.01023E-01 3.99404E+01-1.16832E-02
 -1      1830-6.00070E-01 3.99722E+01-3.59798E-02
 -1      1831-5.98977E-01 4.00086E+01 1.16832E-02
 -1      1832-5.99930E-01 3.99769E+01 3.59798E-02
 -1      1837 0.00000E+00 3.99300E+01-1.20008E-02
 -1      1838 0.00000E+00 3.99620E+01-3.60000E-02
 -1      1839 0.00000E+00 3.99980E+01 1.20008E-02
 -1      1840 0.00000E+00 3.99660E+01 3.60000E-02
 -1      1845 6.01016E-01 3.99407E+01-1.23359E-02
 -1      1846 6.00049E-01 3.99729E+01-3.60180E-02
 -1      1847 5.98984E-01 4.00084E+01 1.23359E-02
 -1      1848 5.99951E-01 3.99762E+01 3.60180E-02
 -1      1853-5.98984E-01 3.99916E+01 1.98766E+00
 -1      1854-5.99951E-01 4.00238E+01 1.96398E+00
 -1      1855-6.01016E-01 4.00593E+01 2.01234E+00
 -1      1856-6.00049E-01 4.00271E+01 2.03602E+00
 -1      1861 0.00000E+00 4.00020E+01 1.98800E+00
 -1      1862 0.00000E+00 4.00340E+01 1.96400E+00
 -1      1863 0.00000E+00 4.00700E+01 2.01200E+00
 -1      1864 0.00000E+00 4.00380E+01 2.03600E+00
 -1      1869 5.98977E-01 3.99914E+01 1.98832E+00
 -1      1870 5.99930E-01 4.00231E+01 1.96402E+00
 -1      1871 6.01023E-01 4.00596E+01 2.01168E+00
 -1      1872 6.00070E-01 4.00278E+01 2.03598E+00
 -1      1877-1.23354E+00 4.00080E+01 5.00396E-01
 -1      1878-1.20070E+00 3.99852E+01 5.01081E-01
 -1      1879-1.16646E+00 4.00344E+01 4.99604E-01
 -1      1880-1.19930E+00 4.00572E+01 4.98919E-01
 -1      1885-1.23328E+00 4.00161E+01 1.00000E+00
 -1      1886-1.20001E+00 3.99939E+01 1.00000E+00
 -1      1887-1.16672E+00 4.00439E+01 1.00000E+00
 -1      1888-1.19999E+00 4.00661E+01 1.00000E+00
 -1      1893-1.23303E+00 4.00068E+01 1.49957E+00
 -1      1894-1.19936E+00 3.99852E+01 1.49892E+00
 -1      1895-1.16697E+00 4.00357E+01 1.50043E+00
 -1      1896-1.20064E+00 4.00572E+01 1.50108E+00
 -1      1901 1.16697E+00 3.99643E+01 4.99567E-01
 -1      1902 1.20064E+00 3.99428E+01 4.98919E-01
 -1      1903 1.23303E+00 3.99932E+01 5.00433E-01
 -1      1904 1.19936E+00 4.00148E+01 5.01081E-01
 -1      1909 1.16672E+00 3.99561E+01 1.00000E+00
 -1      1910 1.19999E+00 3.99339E+01 1.00000E+00
 -1      1911 1.23328E+00 3.99839E+01 1.00000E+00
 -1      1912 1.20001E+00 4.00061E+01 1.00000E+00
 -1      1917 1.16646E+00 3.99656E+01 1.50040E+00
 -1      1918 1.19930E+00 3.99428E+01 1.50108E+00
 -1      1919 1.23354E+00 3.99920E+01 1.49960E+00
 -1      1920 1.20070E+00 4.00148E+01 1.49892E+00
 -1      1925-6.01023E-01 4.99404E+01-1.16832E-02
 -1      1926-6.00070E-01 4.99722E+01-3.59798E-02
 -1      1927-5.98977E-01 5.00086E+01 1.16832E-02
 -1      1928-5.99930E-01 4.99769E+01 3.59798E-02
 -1      1933 0.00000E+00 4.99300E+01-1.20008E-02
 -1      1934 0.00000E+00 4.99620E+01-3.60000E-02
 -1      1935 0.00000E+00 4.99980E+01 1.20008E-02
 -1      1936 0.00000E+00 4.99660E+01 3.60000E-02
 -1      1941 6.01016E-01 4.99407E+01-1.23359E-02
 -1      1942 6.00049E-01 4.99729E+01-3.60180E-02
 -1      1943 5.98984E-01 5.00084E+01 1.23359E-02
 -1      1944 5.99951E-01 4.99762E+01 3.60180E-02
 -1      1949-5.98984E-01 4.99916E+01 1.98766E+00
 -1      1950-5.99951E-01 5.00238E+01 1.96398E+00
 -1      1951-6.01016E-01 5.00593E+01 2.01234E+00
 -1      1952-6.00049E-01 5.00271E+01 2.03602E+00
 -1      1957 0.00000E+00 5.00020E+01 1.98800E+00
 -1      1958 0.00000E+00 5.00340E+01 1.96400E+00
 -1      1959 0.00000E+00 5.00700E+01 2.01200E+00
 -1      1960 0.00000E+00 5.00380E+01 2.03600E+00
 -1      1965 5.98977E-01 4.99914E+01 1.98832E+00
 -1      1966 5.99930E-01 5.00231E+01 1.96402E+00
 -1      1967 6.01023E-01 5.00596E+01 2.01168E+00
 -1      1968 6.00070E-01 5.00278E+01 2.03598E+00
 -1      1973-1.23354E+00 5.00080E+01 5.00396E-01
 -1      1974-1.20070E+00 4.99852E+01 5.01081E-01
 -1      1975-1.16646E+00 5.00344E+01 4.99604E-01
 -1      1976-1.19930E+00 5.00572E+01 4.98919E-01
 -1      1981-1.23328E+00 5.00161E+01 1.00000E+00
 -1      1982-1.20001E+00 4.99939E+01 1.00000E+00
 -1      1983-1.16672E+00 5.00439E+01 1.00000E+00
 -1      1984-1.19999E+00 5.00661E+01 1.00000E+00
 -1      1989-1.23303E+00 5.00068E+01 1.49957E+00
 -1      1990-1.19936E+00 4.99852E+01 1.49892E+00
 -1      1991-1.16697E+00 5.00357E+01 1.50043E+00
 -1      1992-1.20064E+00 5.00572E+01 1.50108E+00
 -1      1997 1.16697E+00 4.99643E+01 4.99567E-01
 -1      1998 1.20064E+00 4.99428E+01 4.98919E-01
 -1      1999 1.23303E+00 4.99932E+01 5.00433E-01
 -1      2000 1.19936E+00 5.00148E+01 5.01081E-01
 -1      2005 1.16672E+00 4.99561E+01 1.00000E+00
 -1      2006 1.19999E+00 4.99339E+01 1.00000E+00
 -1      2007 1.23328E+00 4.99839E+01 1.00000E+00
 -1      2008 1.20001E+00 5.00061E+01 1.00000E+00
 -1      2013 1.16646E+00 4.99656E+01 1.50040E+00
 -1      2014 1.19930E+00 4.99428E+01 1.50108E+00
 -1      2015 1.23354E+00 4.99920E+01 1.49960E+00
 -1      2016 1.20070E+00 5.00148E+01 1.49892E+00
 -1      2021-1.19757E+00 1.26703E+00 1.57055E-01
 -1      2022-1.23227E+00 1.26396E+00 1.76710E-01
 -1      2023-1.20243E+00 1.25593E+00 2.28140E-01
 -1      2024-1.16773E+00 1.25900E+00 2.08485E-01
 -1      2029-1.19773E+00 2.52712E+00 3.58438E-01
 -1      2030-1.23234E+00 2.52383E+00 3.78214E-01
 -1      2031-1.20227E+00 2.51531E+00 4.29430E-01
 -1      2032-1.16766E+00 2.51860E+00 4.09654E-01
 -1      2037-1.19798E+00 3.78416E+00 5.76000E-01
 -1      2038-1.23245E+00 3.78053E+00 5.95959E-01
 -1      2039-1.20202E+00 3.77128E+00 6.46836E-01
 -1      2040-1.16755E+00 3.77491E+00 6.26877E-01
 -1      2045-1.19828E+00 5.03706E+00 8.14685E-01
 -1      2046-1.23258E+00 5.03303E+00 8.34863E-01
 -1      2047-1.20172E+00 5.02294E+00 8.85315E-01
 -1      2048-1.16742E+00 5.02697E+00 8.65137E-01
 -1      2053-1.19860E+00 6.28540E+00 1.07622E+00
 -1      2054-1.23272E+00 6.28095E+00 1.09662E+00
 -1      2055-1.20140E+00 6.27003E+00 1.14662E+00
 -1      2056-1.16728E+00 6.27449E+00 1.12622E+00
 -1      2061-1.19888E+00 7.52942E+00 1.35884E+00
 -1      2062-1.23284E+00 7.52461E+00 1.37943E+00
 -1      2063-1.20112E+00 7.51300E+00 1.42902E+00
 -1      2064-1.16716E+00 7.51782E+00 1.40843E+00
 -1      2069-1.19908E+00 8.77004E+00 1.65759E+00
 -1      2070-1.23292E+00 8.76498E+00 1.67830E+00
 -1      2071-1.20092E+00 8.75292E+00 1.72761E+00
 -1      2072-1.16708E+00 8.75799E+00 1.70689E+00
 -1      2077-1.19416E+00 1.25599E+00 1.77225E+00
 -1      2078-1.23060E+00 1.25854E+00 1.78856E+00
 -1      2079-1.20584E+00 1.26697E+00 1.84256E+00
 -1      2080-1.16940E+00 1.26443E+00 1.82625E+00
 -1      2085-1.19409E+00 2.51537E+00 1.57098E+00
 -1      2086-1.23056E+00 2.51807E+00 1.58719E+00
 -1      2087-1.20591E+00 2.52705E+00 1.64115E+00
 -1      2088-1.16944E+00 2.52435E+00 1.62494E+00
 -1      2093-1.19399E+00 3.77136E+00 1.35360E+00
 -1      2094-1.23051E+00 3.77428E+00 1.36967E+00
 -1      2095-1.20601E+00 3.78408E+00 1.42356E+00
 -1      2096-1.16949E+00 3.78115E+00 1.40749E+00
 -1      2101-1.19388E+00 5.02303E+00 1.11516E+00
 -1      2102-1.23044E+00 5.02621E+00 1.13106E+00
 -1      2103-1.20612E+00 5.03697E+00 1.18484E+00
 -1      2104-1.16956E+00 5.03379E+00 1.16894E+00
 -1      2109-1.19377E+00 6.27014E+00 8.53886E-01
 -1      2110-1.23038E+00 6.27358E+00 8.69618E-01
 -1      2111-1.20623E+00 6.28529E+00 9.23278E-01
 -1      2112-1.16962E+00 6.28186E+00 9.07546E-01
 -1      2117-1.19368E+00 7.51313E+00 5.71502E-01
 -1      2118-1.23034E+00 7.51677E+00 5.87093E-01
 -1      2119-1.20632E+00 7.52930E+00 6.40630E-01
 -1      2120-1.16966E+00 7.52565E+00 6.25039E-01
 -1      2125-1.19363E+00 8.75305E+00 2.72930E-01
 -1      2126-1.23031E+00 8.75684E+00 2.88429E-01
 -1      2127-1.20637E+00 8.76991E+00 3.41875E-01
 -1      2128-1.16969E+00 8.76612E+00 3.26376E-01
 -1      2133 1.20243E+00 1.26703E+00 1.57055E-01
 -1      2134 1.16773E+00 1.26396E+00 1.76710E-01
 -1      2135 1.19757E+00 1.25593E+00 2.28140E-01
 -1      2136 1.23227E+00 1.25900E+00 2.08485E-01
 -1      2141 1.20227E+00 2.52712E+00 3.58438E-01
 -1      2142 1.16766E+00 2.52383E+00 3.78214E-01
 -1      2143 1.19773E+00 2.51531E+00 4.29430E-01
 -1      2144 1.23234E+00 2.51860E+00 4.09654E-01
 -1      2149 1.20202E+00 3.78416E+00 5.76000E-01
 -1      2150 1.16755E+00 3.78053E+00 5.95959E-01
 -1      2151 1.19798E+00 3.77128E+00 6.46836E-01
 -1      2152 1.23245E+00 3.77491E+00 6.26877E-01
 -1      2157 1.20172E+00 5.03706E+00 8.14685E-01
 -1      2158 1.16742E+00 5.03303E+00 8.34863E-01
 -1      2159 1.19828E+00 5.02294E+00 8.85315E-01
 -1      2160 1.23258E+00 5.02697E+00 8.65137E-01
 -1      2165 1.20140E+00 6.28540E+00 1.07622E+00
 -1      2166 1.16728E+00 6.28095E+00 1.09662E+00
 -1      2167 1.19860E+00 6.27003E+00 1.14662E+00
 -1      2168 1.23272E+00 6.27449E+00 1.12622E+00
 -1      2173 1.20112E+00 7.52942E+00 1.35884E+00
 -1      2174 1.16716E+00 7.52461E+00 1.37943E+00
 -1      2175 1.19888E+00 7.51300E+00 1.42902E+00
 -1      2176 1.23284E+00 7.51782E+00 1.40843E+00
 -1      2181 1.20092E+00 8.77004E+00 1.65759E+00
 -1      2182 1.16708E+00 8.76498E+00 1.67830E+00
 -1      2183 1.19908E+00 8.75292E+00 1.72761E+00
 -1      2184 1.23292E+00 8.75799E+00 1.70689E+00
 -1      2189 1.20584E+00 1.25599E+00 1.77225E+00
 -1      2190 1.16940E+00 1.25854E+00 1.78856E+00
 -1      2191 1.19416E+00 1.26697E+00 1.84256E+00
 -1      2192 1.23060E+00 1.26443E+00 1.82625E+00
 -1      2197 1.20591E+00 2.51537E+00 1.57098E+00
 -1      2198 1.16944E+00 2.51807E+00 1.58719E+00
 -1      2199 1.19409E+00 2.52705E+00 1.64115E+00
 -1      2200 1.23056E+00 2.52435E+00 1.62494E+00
 -1      2205 1.20601E+00 3.77136E+00 1.35360E+00
 -1      2206 1.16949E+00 3.77428E+00 1.36967E+00
 -1      2207 1.19399E+00 3.78408E+00 1.42356E+00
 -1      2208 1.23051E+00 3.78115E+00 1.40749E+00
 -1      2213 1.20612E+00 5.02303E+00 1.11516E+00
 -1      2214 1.16956E+00 5.02621E+00 1.13106E+00
 -1      2215 1.19388E+00 5.03697E+00 1.18484E+00
 -1      2216 1.23044E+00 5.03379E+00 1.16894E+00
 -1      2221 1.20623E+00 6.27014E+00 8.53886E-01
 -1      2222 1.16962E+00 6.27358E+00 8.69618E-01
 -1      2223 1.19377E+00 6.28529E+00 9.23278E-01
 -1      2224 1.23038E+00 6.28186E+00 9.07546E-01
 -1      2229 1.20632E+00 7.51313E+00 5.71502E-01
 -1      2230 1.16966E+00 7.51677E+00 5.87093E-01
 -1      2231 1.19368E+00 7.52930E+00 6.40630E-01
 -1      2232 1.23034E+00 7.52565E+00 6.25039E-01
 -1      2237 1.20637E+00 8.75305E+00 2.72930E-01
 -1      2238 1.16969E+00 8.75684E+00 2.88429E-01
 -1      2239 1.19363E+00 8.76991E+00 3.41875E-01
 -1      2240 1.23031E+00 8.76612E+00 3.26376E-01
 -1      2245-8.31704E-01 1.23312E+00-3.42295E-02
 -1      2246-8.68791E-01 1.24370E+00-2.36225E-02
 -1      2247-8.53491E-01 1.23933E+00 3.42295E-02
 -1      2248-8.16404E-01 1.22875E+00 2.36225E-02
 -1      2253-4.83271E-01 2.47162E+00-3.43179E-02
 -1      2254-5.20380E-01 2.48181E+00-2.34066E-02
 -1      2255-5.04597E-01 2.47747E+00 3.43179E-02
 -1      2256-4.67488E-01 2.46728E+00 2.34066E-02
 -1      2261-1.51102E-01 3.71407E+00-3.44451E-02
 -1      2262-1.88233E-01 3.72368E+00-2.30837E-02
 -1      2263-1.71734E-01 3.71941E+00 3.44451E-02
 -1      2264-1.34603E-01 3.70980E+00 2.30837E-02
 -1      2269 1.59903E-01 4.96162E+00-3.45874E-02
 -1      2270 1.22764E-01 4.97054E+00-2.27035E-02
 -1      2271 1.40097E-01 4.96638E+00 3.45874E-02
 -1      2272 1.77236E-01 4.95746E+00 2.27035E-02
 -1      2277 4.48070E-01 6.21464E+00-3.47212E-02
 -1      2278 4.10939E-01 6.22286E+00-2.23246E-02
 -1      2279 4.29094E-01 6.21884E+00 3.47212E-02
 -1      2280 4.66225E-01 6.21062E+00 2.23246E-02
 -1      2285 7.15201E-01 7.47266E+00-3.48283E-02
 -1      2286 6.78091E-01 7.48030E+00-2.20050E-02
 -1      2287 6.96931E-01 7.47643E+00 3.48283E-02
 -1      2288 7.34041E-01 7.46878E+00 2.20050E-02
 -1      2293 9.66302E-01 8.73448E+00-3.48965E-02
 -1      2294 9.29212E-01 8.74174E+00-2.17923E-02
 -1      2295 9.48503E-01 8.73796E+00 3.48965E-02
 -1      2296 9.85593E-01 8.73071E+00 2.17923E-02
 -1      2301 8.42124E-01 1.23609E+00-3.60521E-02
 -1      2302 8.10413E-01 1.22704E+00-1.34113E-02
 -1      2303 8.43071E-01 1.23636E+00 3.60521E-02
 -1      2304 8.74781E-01 1.24541E+00 1.34113E-02
 -1      2309 4.93597E-01 2.47445E+00-3.60538E-02
 -1      2310 4.61712E-01 2.46570E+00-1.35445E-02
 -1      2311 4.94271E-01 2.47464E+00 3.60538E-02
 -1      2312 5.26156E-01 2.48339E+00 1.35445E-02
 -1      2317 1.61293E-01 3.71671E+00-3.60553E-02
 -1      2318 1.29148E-01 3.70839E+00-1.37478E-02
 -1      2319 1.61544E-01 3.71677E+00 3.60553E-02
 -1      2320 1.93688E-01 3.72509E+00 1.37478E-02
 -1      2325-1.49867E-01 4.96403E+00-3.60553E-02
 -1      2326-1.82312E-01 4.95625E+00-1.39935E-02
 -1      2327-1.50133E-01 4.96397E+00 3.60553E-02
 -1      2328-1.17688E-01 4.97176E+00 1.39935E-02
 -1      2333-4.38181E-01 6.21683E+00-3.60532E-02
 -1      2334-4.70920E-01 6.20958E+00-1.42455E-02
 -1      2335-4.38983E-01 6.21665E+00 3.60532E-02
 -1      2336-4.06244E-01 6.22390E+00 1.42455E-02
 -1      2341-7.05431E-01 7.47468E+00-3.60497E-02
 -1      2342-7.38414E-01 7.46788E+00-1.44640E-02
 -1      2343-7.06701E-01 7.47441E+00 3.60497E-02
 -1      2344-6.73718E-01 7.48121E+00 1.44640E-02
 -1      2349-9.56607E-01 8.73638E+00-3.60464E-02
 -1      2350-9.89751E-01 8.72990E+00-1.46123E-02
 -1      2351-9.58198E-01 8.73607E+00 3.60464E-02
 -1      2352-9.25054E-01 8.74255E+00 1.46123E-02
 -1      2357-8.31704E-01 1.23312E+00 1.96577E+00
 -1      2358-8.68791E-01 1.24370E+00 1.97638E+00
 -1      2359-8.53491E-01 1.23933E+00 2.03423E+00
 -1      2360-8.16404E-01 1.22875E+00 2.02362E+00
 -1      2365-4.83271E-01 2.47162E+00 1.96568E+00
 -1      2366-5.20380E-01 2.48181E+00 1.97659E+00
 -1      2367-5.04597E-01 2.47747E+00 2.03432E+00
 -1      2368-4.67488E-01 2.46728E+00 2.02341E+00
 -1      2373-1.51102E-01 3.71407E+00 1.96555E+00
 -1      2374-1.88233E-01 3.72368E+00 1.97692E+00
 -1      2375-1.71734E-01 3.71941E+00 2.03445E+00
 -1      2376-1.34603E-01 3.70980E+00 2.02308E+00
 -1      2381 1.59903E-01 4.96162E+00 1.96541E+00
 -1      2382 1.22764E-01 4.97054E+00 1.97730E+00
 -1      2383 1.40097E-01 4.96638E+00 2.03459E+00
 -1      2384 1.77236E-01 4.95746E+00 2.02270E+00
 -1      2389 4.48070E-01 6.21464E+00 1.96528E+00
 -1      2390 4.10939E-01 6.22286E+00 1.97768E+00
 -1      2391 4.29094E-01 6.21884E+00 2.03472E+00
 -1      2392 4.66225E-01 6.21062E+00 2.02232E+00
 -1      2397 7.15201E-01 7.47266E+00 1.96517E+00
 -1      2398 6.78091E-01 7.48030E+00 1.97800E+00
 -1      2399 6.96931E-01 7.47643E+00 2.03483E+00
 -1      2400 7.34041E-01 7.46878E+00 2.02200E+00
 -1      2405 9.66302E-01 8.73448E+00 1.96510E+00
 -1      2406 9.29212E-01 8.74174E+00 1.97821E+00
 -1      2407 9.48503E-01 8.73796E+00 2.03490E+00
 -1      2408 9.85593E-01 8.73071E+00 2.02179E+00
 -1      2413 8.42124E-01 1.23609E+00 1.96395E+00
 -1      2414 8.10413E-01 1.22704E+00 1.98659E+00
 -1      2415 8.43071E-01 1.23636E+00 2.03605E+00
 -1      2416 8.74781E-01 1.24541E+00 2.01341E+00
 -1      2421 4.93597E-01 2.47445E+00 1.96395E+00
 -1      2422 4.61712E-01 2.46570E+00 1.98646E+00
 -1      2423 4.94271E-01 2.47464E+00 2.03605E+00
 -1      2424 5.26156E-01 2.48339E+00 2.01354E+00
 -1      2429 1.61293E-01 3.71671E+00 1.96394E+00
 -1      2430 1.29148E-01 3.70839E+00 1.98625E+00
 -1      2431 1.61544E-01 3.71677E+00 2.03606E+00
 -1      2432 1.93688E-01 3.72509E+00 2.01375E+00
 -1      2437-1.49867E-01 4.96403E+00 1.96394E+00
 -1      2438-1.82312E-01 4.95625E+00 1.98601E+00
 -1      2439-1.50133E-01 4.96397E+00 2.03606E+00
 -1      2440-1.17688E-01 4.97176E+00 2.01399E+00
 -1      2445-4.38181E-01 6.21683E+00 1.96395E+00
 -1      2446-4.70920E-01 6.20958E+00 1.98575E+00
 -1      2447-4.38983E-01 6.21665E+00 2.03605E+00
 -1      2448-4.06244E-01 6.22390E+00 2.01425E+00
 -1      2453-7.05431E-01 7.47468E+00 1.96395E+00
 -1      2454-7.38414E-01 7.46788E+00 1.98554E+00
 -1      2455-7.06701E-01 7.47441E+00 2.03605E+00
 -1      2456-6.73718E-01 7.48121E+00 2.01446E+00
 -1      2461-9.56607E-01 8.73638E+00 1.96395E+00
 -1      2462-9.89751E-01 8.72990E+00 1.98539E+00
 -1      2463-9.58198E-01 8.73607E+00 2.03605E+00
 -1      2464-9.25054E-01 8.74255E+00 2.01461E+00
 -1      2469-1.19777E+00 1.25272E+01 3.58451E-01
 -1      2470-1.23236E+00 1.25239E+01 3.78258E-01
 -1      2471-1.20223E+00 1.25152E+01 4.29417E-01
 -1      2472-1.16764E+00 1.25186E+01 4.09610E-01
 -1      2477-1.19829E+00 1.50371E+01 8.14685E-01
 -1      2478-1.23259E+00 1.50330E+01 8.34866E-01
 -1      2479-1.20171E+00 1.50229E+01 8.85315E-01
 -1      2480-1.16741E+00 1.50270E+01 8.65134E-01
 -1      2485-1.19884E+00 1.75293E+01 1.35882E+00
 -1      2486-1.23282E+00 1.75246E+01 1.37939E+00
 -1      2487-1.20116E+00 1.75131E+01 1.42904E+00
 -1      2488-1.16718E+00 1.75178E+01 1.40848E+00
 -1      2493-1.19407E+00 1.25153E+01 1.57100E+00
 -1      2494-1.23055E+00 1.25180E+01 1.58719E+00
 -1      2495-1.20593E+00 1.25271E+01 1.64113E+00
 -1      2496-1.16945E+00 1.25244E+01 1.62495E+00
 -1      2501-1.19388E+00 1.50230E+01 1.11516E+00
 -1      2502-1.23044E+00 1.50262E+01 1.13106E+00
 -1      2503-1.20612E+00 1.50370E+01 1.18484E+00
 -1      2504-1.16956E+00 1.50338E+01 1.16894E+00
 -1      2509-1.19370E+00 1.75132E+01 5.71480E-01
 -1      2510-1.23034E+00 1.75168E+01 5.87095E-01
 -1      2511-1.20630E+00 1.75292E+01 6.40652E-01
 -1      2512-1.16966E+00 1.75256E+01 6.25037E-01
 -1      2517 1.20223E+00 1.25272E+01 3.58451E-01
 -1      2518 1.16764E+00 1.25239E+01 3.78258E-01
 -1      2519 1.19777E+00 1.25152E+01 4.29417E-01
 -1      2520 1.23236E+00 1.25186E+01 4.09610E-01
 -1      2525 1.20171E+00 1.50371E+01 8.14685E-01
 -1      2526 1.16741E+00 1.50330E+01 8.34866E-01
 -1      2527 1.19829E+00 1.50229E+01 8.85315E-01
 -1      2528 1.23259E+00 1.50270E+01 8.65134E-01
 -1      2533 1.20116E+00 1.75293E+01 1.35882E+00
 -1      2534 1.16718E+00 1.75246E+01 1.37939E+00
 -1      2535 1.19884E+00 1.75131E+01 1.42904E+00
 -1      2536 1.23282E+00 1.75178E+01 1.40848E+00
 -1      2541 1.20593E+00 1.25153E+01 1.57100E+00
 -1      2542 1.16945E+00 1.25180E+01 1.58719E+00
 -1      2543 1.19407E+00 1.25271E+01 1.64113E+00
 -1      2544 1.23055E+00 1.25244E+01 1.62495E+00
 -1      2549 1.20612E+00 1.50230E+01 1.11516E+00
 -1      2550 1.16956E+00 1.50262E+01 1.13106E+00
 -1      2551 1.19388E+00 1.50370E+01 1.18484E+00
 -1      2552 1.23044E+00 1.50338E+01 1.16894E+00
 -1      2557 1.20630E+00 1.75132E+01 5.71480E-01
 -1      2558 1.16966E+00 1.75168E+01 5.87095E-01
 -1      2559 1.19370E+00 1.75292E+01 6.40652E-01
 -1      2560 1.23034E+00 1.75256E+01 6.25037E-01
 -1      2565-4.83328E-01 1.24717E+01-3.43393E-02
 -1      2566-5.20442E-01 1.24818E+01-2.33534E-02
 -1      2567-5.04540E-01 1.24774E+01 3.43393E-02
 -1      2568-4.67426E-01 1.24673E+01 2.33534E-02
 -1      2573 1.59904E-01 1.49616E+01-3.45869E-02
 -1      2574 1.22764E-01 1.49705E+01-2.27046E-02
 -1      2575 1.40096E-01 1.49664E+01 3.45869E-02
 -1      2576 1.77236E-01 1.49575E+01 2.27046E-02
 -1      2581 7.15261E-01 1.74726E+01-3.48107E-02
 -1      2582 6.78146E-01 1.74804E+01-2.20585E-02
 -1      2583 6.96871E-01 1.74765E+01 3.48107E-02
 -1      2584 7.33986E-01 1.74687E+01 2.20585E-02
 -1      2589 4.93632E-01 1.24745E+01-3.60542E-02
 -1      2590 4.61704E-01 1.24658E+01-1.35783E-02
 -1      2591 4.94236E-01 1.24746E+01 3.60542E-02
 -1      2592 5.26164E-01 1.24833E+01 1.35783E-02
 -1      2597-1.49866E-01 1.49640E+01-3.60553E-02
 -1      2598-1.82311E-01 1.49562E+01-1.39944E-02
 -1      2599-1.50134E-01 1.49640E+01 3.60553E-02
 -1      2600-1.17689E-01 1.49718E+01 1.39944E-02
 -1      2605-7.05470E-01 1.74747E+01-3.60504E-02
 -1      2606-7.38413E-01 1.74678E+01-1.44278E-02
 -1      2607-7.06662E-01 1.74744E+01 3.60504E-02
 -1      2608-6.73719E-01 1.74813E+01 1.44278E-02
 -1      2613-4.83328E-01 1.24717E+01 1.96566E+00
 -1      2614-5.20442E-01 1.24818E+01 1.97665E+00
 -1      2615-5.04540E-01 1.24774E+01 2.03434E+00
 -1      2616-4.67426E-01 1.24673E+01 2.02335E+00
 -1      2621 1.59904E-01 1.49616E+01 1.96541E+00
 -1      2622 1.22764E-01 1.49705E+01 1.97730E+00
 -1      2623 1.40096E-01 1.49664E+01 2.03459E+00
 -1      2624 1.77236E-01 1.49575E+01 2.02270E+00
 -1      2629 7.15261E-01 1.74726E+01 1.96519E+00
 -1      2630 6.78146E-01 1.74804E+01 1.97794E+00
 -1      2631 6.96871E-01 1.74765E+01 2.03481E+00
 -1      2632 7.33986E-01 1.74687E+01 2.02206E+00
 -1      2637 4.93632E-01 1.24745E+01 1.96395E+00
 -1      2638 4.61704E-01 1.24658E+01 1.98642E+00
 -1      2639 4.94236E-01 1.24746E+01 2.03605E+00
 -1      2640 5.26164E-01 1.24833E+01 2.01358E+00
 -1      2645-1.49866E-01 1.49640E+01 1.96394E+00
 -1      2646-1.82311E-01 1.49562E+01 1.98601E+00
 -1      2647-1.50134E-01 1.49640E+01 2.03606E+00
 -1      2648-1.17689E-01 1.49718E+01 2.01399E+00
 -1      2653-7.05470E-01 1.74747E+01 1.96395E+00
 -1      2654-7.38413E-01 1.74678E+01 1.98557E+00
 -1      2655-7.06662E-01 1.74744E+01 2.03605E+00
 -1      2656-6.73719E-01 1.74813E+01 2.01443E+00
 -1      2661-1.19777E+00 2.25272E+01 3.58451E-01
 -1      2662-1.23236E+00 2.25239E+01 3.78258E-01
 -1      2663-1.20223E+00 2.25152E+01 4.29417E-01
 -1      2664-1.16764E+00 2.25186E+01 4.09610E-01
 -1      2669-1.19829E+00 2.50371E+01 8.14685E-01
 -1      2670-1.23259E+00 2.50330E+01 8.34866E-01
 -1      2671-1.20171E+00 2.50229E+01 8.85315E-01
 -1      2672-1.16741E+00 2.50270E+01 8.65134E-01
 -1      2677-1.19884E+00 2.75293E+01 1.35882E+00
 -1      2678-1.23282E+00 2.75246E+01 1.37939E+00
 -1      2679-1.20116E+00 2.75131E+01 1.42904E+00
 -1      2680-1.16718E+00 2.75178E+01 1.40848E+00
 -1      2685-1.19407E+00 2.25153E+01 1.57100E+00
 -1      2686-1.23055E+00 2.25180E+01 1.58719E+00
 -1      2687-1.20593E+00 2.25271E+01 1.64113E+00
 -1      2688-1.16945E+00 2.25244E+01 1.62495E+00
 -1      2693-1.19388E+00 2.50230E+01 1.11516E+00
 -1      2694-1.23044E+00 2.50262E+01 1.13106E+00
 -1      2695-1.20612E+00 2.50370E+01 1.18484E+00
 -1      2696-1.16956E+00 2.50338E+01 1.16894E+00
 -1      2701-1.19370E+00 2.75132E+01 5.71480E-01
 -1      2702-1.23034E+00 2.75168E+01 5.87095E-01
 -1      2703-1.20630E+00 2.75292E+01 6.40652E-01
 -1      2704-1.16966E+00 2.75256E+01 6.25037E-01
 -1      2709 1.20223E+00 2.25272E+01 3.58451E-01
 -1      2710 1.16764E+00 2.25239E+01 3.78258E-01
 -1      2711 1.19777E+00 2.25152E+01 4.29417E-01
 -1      2712 1.23236E+00 2.25186E+01 4.09610E-01
 -1      2717 1.20171E+00 2.50371E+01 8.14685E-01
 -1      2718 1.16741E+00 2.50330E+01 8.34866E-01
 -1      2719 1.19829E+00 2.50229E+01 8.85315E-01
 -1      2720 1.23259E+00 2.50270E+01 8.65134E-01
 -1      2725 1.20116E+00 2.75293E+01 1.35882E+00
 -1      2726 1.16718E+00 2.75246E+01 1.37939E+00
 -1      2727 1.19884E+00 2.75131E+01 1.42904E+00
 -1      2728 1.23282E+00 2.75178E+01 1.40848E+00
 -1      2733 1.20593E+00 2.25153E+01 1.57100E+00
 -1      2734 1.16945E+00 2.25180E+01 1.58719E+00
 -1      2735 1.19407E+00 2.25271E+01 1.64113E+00
 -1      2736 1.23055E+00 2.25244E+01 1.62495E+00
 -1      2741 1.20612E+00 2.50230E+01 1.11516E+00
 -1      2742 1.16956E+00 2.50262E+01 1.13106E+00
 -1      2743 1.19388E+00 2.50370E+01 1.18484E+00
 -1      2744 1.23044E+00 2.50338E+01 1.16894E+00
 -1      2749 1.20630E+00 2.75132E+01 5.71480E-01
 -1      2750 1.16966E+00 2.75168E+01 5.87095E-01
 -1      2751 1.19370E+00 2.75292E+01 6.40652E-01
 -1      2752 1.23034E+00 2.75256E+01 6.25037E-01
 -1      2757-4.83328E-01 2.24717E+01-3.43393E-02
 -1      2758-5.20442E-01 2.24818E+01-2.33534E-02
 -1      2759-5.04540E-01 2.24774E+01 3.43393E-02
 -1      2760-4.67426E-01 2.24673E+01 2.33534E-02
 -1      2765 1.59904E-01 2.49616E+01-3.45869E-02
 -1      2766 1.22764E-01 2.49705E+01-2.27046E-02
 -1      2767 1.40096E-01 2.49664E+01 3.45869E-02
 -1      2768 1.77236E-01 2.49575E+01 2.27046E-02
 -1      2773 7.15261E-01 2.74726E+01-3.48107E-02
 -1      2774 6.78146E-01 2.74804E+01-2.20585E-02
 -1      2775 6.96871E-01 2.74765E+01 3.48107E-02
 -1      2776 7.33986E-01 2.74687E+01 2.20585E-02
 -1      2781 4.93632E-01 2.24745E+01-3.60542E-02
 -1      2782 4.61704E-01 2.24658E+01-1.35783E-02
 -1      2783 4.94236E-01 2.24746E+01 3.60542E-02
 -1      2784 5.26164E-01 2.24833E+01 1.35783E-02
 -1      2789-1.49866E-01 2.49640E+01-3.60553E-02
 -1      2790-1.82311E-01 2.49562E+01-1.39944E-02
 -1      2791-1.50134E-01 2.49640E+01 3.60553E-02
 -1      2792-1.17689E-01 2.49718E+01 1.39944E-02
 -1      2797-7.05470E-01 2.74747E+01-3.60504E-02
 -1      2798-7.38413E-01 2.74678E+01-1.44278E-02
 -1      2799-7.06662E-01 2.74744E+01 3.60504E-02
 -1      2800-6.73719E-01 2.74813E+01 1.44278E-02
 -1      2805-4.83328E-01 2.24717E+01 1.96566E+00
 -1      2806-5.20442E-01 2.24818E+01 1.97665E+00
 -1      2807-5.04540E-01 2.24774E+01 2.03434E+00
 -1      2808-4.67426E-01 2.24673E+01 2.02335E+00
 -1      2813 1.59904E-01 2.49616E+01 1.96541E+00
 -1      2814 1.22764E-01 2.49705E+01 1.97730E+00
 -1      2815 1.40096E-01 2.49664E+01 2.03459E+00
 -1      2816 1.77236E-01 2.49575E+01 2.02270E+00
 -1      2821 7.15261E-01 2.74726E+01 1.96519E+00
 -1      2822 6.78146E-01 2.74804E+01 1.97794E+00
 -1      2823 6.96871E-01 2.74765E+01 2.03481E+00
 -1      2824 7.33986E-01 2.74687E+01 2.02206E+00
 -1      2829 4.93632E-01 2.24745E+01 1.96395E+00
 -1      2830 4.61704E-01 2.24658E+01 1.98642E+00
 -1      2831 4.94236E-01 2.24746E+01 2.03605E+00
 -1      2832 5.26164E-01 2.24833E+01 2.01358E+00
 -1      2837-1.49866E-01 2.49640E+01 1.96394E+00
 -1      2838-1.82311E-01 2.49562E+01 1.98601E+00
 -1      2839-1.50134E-01 2.49640E+01 2.03606E+00
 -1      2840-1.17689E-01 2.49718E+01 2.01399E+00
 -1      2845-7.05470E-01 2.74747E+01 1.96395E+00
 -1      2846-7.38413E-01 2.74678E+01 1.98557E+00
 -1      2847-7.06662E-01 2.74744E+01 2.03605E+00
 -1      2848-6.73719E-01 2.74813E+01 2.01443E+00
 -1      2853-1.19777E+00 3.25272E+01 3.58451E-01
 -1      2854-1.23236E+00 3.25239E+01 3.78258E-01
 -1      2855-1.20223E+00 3.25152E+01 4.29417E-01
 -1      2856-1.16764E+00 3.25186E+01 4.09610E-01
 -1      2861-1.19829E+00 3.50371E+01 8.14685E-01
 -1      2862-1.23259E+00 3.50330E+01 8.34866E-01
 -1      2863-1.20171E+00 3.50229E+01 8.85315E-01
 -1      2864-1.16741E+00 3.50270E+01 8.65134E-01
 -1      2869-1.19884E+00 3.75293E+01 1.35882E+00
 -1      2870-1.23282E+00 3.75246E+01 1.37939E+00
 -1      2871-1.20116E+00 3.75131E+01 1.42904E+00
 -1      2872-1.16718E+00 3.75178E+01 1.40848E+00
 -1      2877-1.19407E+00 3.25153E+01 1.57100E+00
 -1      2878-1.23055E+00 3.25180E+01 1.58719E+00
 -1      2879-1.20593E+00 3.25271E+01 1.64113E+00
 -1      2880-1.16945E+00 3.25244E+01 1.62495E+00
 -1      2885-1.19388E+00 3.50230E+01 1.11516E+00
 -1      2886-1.23044E+00 3.50262E+01 1.13106E+00
 -1      2887-1.20612E+00 3.50370E+01 1.18484E+00
 -1      2888-1.16956E+00 3.50338E+01 1.16894E+00
 -1      2893-1.19370E+00 3.75132E+01 5.71480E-01
 -1      2894-1.23034E+00 3.75168E+01 5.87095E-01
 -1      2895-1.20630E+00 3.75292E+01 6.40652E-01
 -1      2896-1.16966E+00 3.75256E+01 6.25037E-01
 -1      2901 1.20223E+00 3.25272E+01 3.58451E-01
 -1      2902 1.16764E+00 3.25239E+01 3.78258E-01
 -1      2903 1.19777E+00 3.25152E+01 4.29417E-01
 -1      2904 1.23236E+00 3.25186E+01 4.09610E-01
 -1      2909 1.20171E+00 3.50371E+01 8.14685E-01
 -1      2910 1.16741E+00 3.50330E+01 8.34866E-01
 -1      2911 1.19829E+00 3.50229E+01 8.85315E-01
 -1      2912 1.23259E+00 3.50270E+01 8.65134E-01
 -1      2917 1.20116E+00 3.75293E+01 1.35882E+00
 -1      2918 1.16718E+00 3.75246E+01 1.37939E+00
 -1      2919 1.19884E+00 3.75131E+01 1.42904E+00
 -1      2920 1.23282E+00 3.75178E+01 1.40848E+00
 -1      2925 1.20593E+00 3.25153E+01 1.57100E+00
 -1      2926 1.16945E+00 3.25180E+01 1.58719E+00
 -1      2927 1.19407E+00 3.25271E+01 1.64113E+00
 -1      2928 1.23055E+00 3.25244E+01 1.62495E+00
 -1      2933 1.20612E+00 3.50230E+01 1.11516E+00
 -1      2934 1.16956E+00 3.50262E+01 1.13106E+00
 -1      2935 1.19388E+00 3.50370E+01 1.18484E+00
 -1      2936 1.23044E+00 3.50338E+01 1.16894E+00
 -1      2941 1.20630E+00 3.75132E+01 5.71480E-01
 -1      2942 1.16966E+00 3.75168E+01 5.87095E-01
 -1      2943 1.19370E+00 3.75292E+01 6.40652E-01
 -1      2944 1.23034E+00 3.75256E+01 6.25037E-01
 -1      2949-4.83328E-01 3.24717E+01-3.43393E-02
 -1      2950-5.20442E-01 3.24818E+01-2.33534E-02
 -1      2951-5.04540E-01 3.24774E+01 3.43393E-02
 -1      2952-4.67426E-01 3.24673E+01 2.33534E-02
 -1      2957 1.59904E-01 3.49616E+01-3.45869E-02
 -1      2958 1.22764E-01 3.49705E+01-2.27046E-02
 -1      2959 1.40096E-01 3.49664E+01 3.45869E-02
 -1      2960 1.77236E-01 3.49575E+01 2.27046E-02
 -1      2965 7.15261E-01 3.74726E+01-3.48107E-02
 -1      2966 6.78146E-01 3.74804E+01-2.20585E-02
 -1      2967 6.96871E-01 3.74765E+01 3.48107E-02
 -1      2968 7.33986E-01 3.74687E+01 2.20585E-02
 -1      2973 4.93632E-01 3.24745E+01-3.60542E-02
 -1      2974 4.61704E-01 3.24658E+01-1.35783E-02
 -1      2975 4.94236E-01 3.24746E+01 3.60542E-02
 -1      2976 5.26164E-01 3.24833E+01 1.35783E-02
 -1      2981-1.49866E-01 3.49640E+01-3.60553E-02
 -1      2982-1.82311E-01 3.49562E+01-1.39944E-02
 -1      2983-1.50134E-01 3.49640E+01 3.60553E-02
 -1      2984-1.17689E-01 3.49718E+01 1.39944E-02
 -1      2989-7.05470E-01 3.74747E+01-3.60504E-02
 -1      2990-7.38413E-01 3.74678E+01-1.44278E-02
 -1      2991-7.06662E-01 3.74744E+01 3.60504E-02
 -1      2992-6.73719E-01 3.74813E+01 1.44278E-02
 -1      2997-4.83328E-01 3.24717E+01 1.96566E+00
 -1      2998-5.20442E-01 3.24818E+01 1.97665E+00
 -1      2999-5.04540E-01 3.24774E+01 2.03434E+00
 -1      3000-4.67426E-01 3.24673E+01 2.02335E+00
 -1      3005 1.59904E-01 3.49616E+01 1.96541E+00
 -1      3006 1.22764E-01 3.49705E+01 1.97730E+00
 -1      3007 1.40096E-01 3.49664E+01 2.03459E+00
 -1      3008 1.77236E-01 3.49575E+01 2.02270E+00
 -1      3013 7.15261E-01 3.74726E+01 1.96519E+00
 -1      3014 6.78146E-01 3.74804E+01 1.97794E+00
 -1      3015 6.96871E-01 3.74765E+01 2.03481E+00
 -1      3016 7.33986E-01 3.74687E+01 2.02206E+00
 -1      3021 4.93632E-01 3.24745E+01 1.96395E+00
 -1      3022 4.61704E-01 3.24658E+01 1.98642E+00
 -1      3023 4.94236E-01 3.24746E+01 2.03605E+00
 -1      3024 5.26164E-01 3.24833E+01 2.01358E+00
 -1      3029-1.49866E-01 3.49640E+01 1.96394E+00
 -1      3030-1.82311E-01 3.49562E+01 1.98601E+00
 -1      3031-1.50134E-01 3.49640E+01 2.03606E+00
 -1      3032-1.17689E-01 3.49718E+01 2.01399E+00
 -1      3037-7.05470E-01 3.74747E+01 1.96395E+00
 -1      3038-7.38413E-01 3.74678E+01 1.98557E+00
 -1      3039-7.06662E-01 3.74744E+01 2.03605E+00
 -1      3040-6.73719E-01 3.74813E+01 2.01443E+00
 -1      3045-1.19757E+00 4.12670E+01 1.57055E-01
 -1      3046-1.23227E+00 4.12640E+01 1.76710E-01
 -1      3047-1.20243E+00 4.12559E+01 2.28140E-01
 -1      3048-1.16773E+00 4.12590E+01 2.08485E-01
 -1      3053-1.19773E+00 4.25271E+01 3.58438E-01
 -1      3054-1.23234E+00 4.25238E+01 3.78214E-01
 -1      3055-1.20227E+00 4.25153E+01 4.29430E-01
 -1      3056-1.16766E+00 4.25186E+01 4.09654E-01
 -1      3061-1.19798E+00 4.37842E+01 5.76000E-01
 -1      3062-1.23245E+00 4.37805E+01 5.95959E-01
 -1      3063-1.20202E+00 4.37713E+01 6.46836E-01
 -1      3064-1.16755E+00 4.37749E+01 6.26877E-01
 -1      3069-1.19828E+00 4.50371E+01 8.14685E-01
 -1      3070-1.23258E+00 4.50330E+01 8.34863E-01
 -1      3071-1.20172E+00 4.50229E+01 8.85315E-01
 -1      3072-1.16742E+00 4.50270E+01 8.65137E-01
 -1      3077-1.19860E+00 4.62854E+01 1.07622E+00
 -1      3078-1.23272E+00 4.62809E+01 1.09662E+00
 -1      3079-1.20140E+00 4.62700E+01 1.14662E+00
 -1      3080-1.16728E+00 4.62745E+01 1.12622E+00
 -1      3085-1.19888E+00 4.75294E+01 1.35884E+00
 -1      3086-1.23284E+00 4.75246E+01 1.37943E+00
 -1      3087-1.20112E+00 4.75130E+01 1.42902E+00
 -1      3088-1.16716E+00 4.75178E+01 1.40843E+00
 -1      3093-1.19908E+00 4.87700E+01 1.65759E+00
 -1      3094-1.23292E+00 4.87650E+01 1.67830E+00
 -1      3095-1.20092E+00 4.87529E+01 1.72761E+00
 -1      3096-1.16708E+00 4.87580E+01 1.70689E+00
 -1      3101-1.19416E+00 4.12560E+01 1.77225E+00
 -1      3102-1.23060E+00 4.12585E+01 1.78856E+00
 -1      3103-1.20584E+00 4.12670E+01 1.84256E+00
 -1      3104-1.16940E+00 4.12644E+01 1.82625E+00
 -1      3109-1.19409E+00 4.25154E+01 1.57098E+00
 -1      3110-1.23056E+00 4.25181E+01 1.58719E+00
 -1      3111-1.20591E+00 4.25271E+01 1.64115E+00
 -1      3112-1.16944E+00 4.25244E+01 1.62494E+00
 -1      3117-1.19399E+00 4.37714E+01 1.35360E+00
 -1      3118-1.23051E+00 4.37743E+01 1.36967E+00
 -1      3119-1.20601E+00 4.37841E+01 1.42356E+00
 -1      3120-1.16949E+00 4.37812E+01 1.40749E+00
 -1      3125-1.19388E+00 4.50230E+01 1.11516E+00
 -1      3126-1.23044E+00 4.50262E+01 1.13106E+00
 -1      3127-1.20612E+00 4.50370E+01 1.18484E+00
 -1      3128-1.16956E+00 4.50338E+01 1.16894E+00
 -1      3133-1.19377E+00 4.62701E+01 8.53886E-01
 -1      3134-1.23038E+00 4.62736E+01 8.69618E-01
 -1      3135-1.20623E+00 4.62853E+01 9.23278E-01
 -1      3136-1.16962E+00 4.62819E+01 9.07546E-01
 -1      3141-1.19368E+00 4.75131E+01 5.71502E-01
 -1      3142-1.23034E+00 4.75168E+01 5.87093E-01
 -1      3143-1.20632E+00 4.75293E+01 6.40630E-01
 -1      3144-1.16966E+00 4.75257E+01 6.25039E-01
 -1      3149-1.19363E+00 4.87531E+01 2.72930E-01
 -1      3150-1.23031E+00 4.87568E+01 2.88429E-01
 -1      3151-1.20637E+00 4.87699E+01 3.41875E-01
 -1      3152-1.16969E+00 4.87661E+01 3.26376E-01
 -1      3157 1.20243E+00 4.12670E+01 1.57055E-01
 -1      3158 1.16773E+00 4.12640E+01 1.76710E-01
 -1      3159 1.19757E+00 4.12559E+01 2.28140E-01
 -1      3160 1.23227E+00 4.12590E+01 2.08485E-01
 -1      3165 1.20227E+00 4.25271E+01 3.58438E-01
 -1      3166 1.16766E+00 4.25238E+01 3.78214E-01
 -1      3167 1.19773E+00 4.25153E+01 4.29430E-01
 -1      3168 1.23234E+00 4.25186E+01 4.09654E-01
 -1      3173 1.20202E+00 4.37842E+01 5.76000E-01
 -1      3174 1.16755E+00 4.37805E+01 5.95959E-01
 -1      3175 1.19798E+00 4.37713E+01 6.46836E-01
 -1      3176 1.23245E+00 4.37749E+01 6.26877E-01
 -1      3181 1.20172E+00 4.50371E+01 8.14685E-01
 -1      3182 1.16742E+00 4.50330E+01 8.34863E-01
 -1      3183 1.19828E+00 4.50229E+01 8.85315E-01
 -1      3184 1.23258E+00 4.50270E+01 8.65137E-01
 -1      3189 1.20140E+00 4.62854E+01 1.07622E+00
 -1      3190 1.16728E+00 4.62809E+01 1.09662E+00
 -1      3191 1.19860E+00 4.62700E+01 1.14662E+00
 -1      3192 1.23272E+00 4.62745E+01 1.12622E+00
 -1      3197 1.20112E+00 4.75294E+01 1.35884E+00
 -1      3198 1.16716E+00 4.75246E+01 1.37943E+00
 -1      3199 1.19888E+00 4.75130E+01 1.42902E+00
 -1      3200 1.23284E+00 4.75178E+01 1.40843E+00
 -1      3205 1.20092E+00 4.87700E+01 1.65759E+00
 -1      3206 1.16708E+00 4.87650E+01 1.67830E+00
 -1      3207 1.19908E+00 4.87529E+01 1.72761E+00
 -1      3208 1.23292E+00 4.87580E+01 1.70689E+00
 -1      3213 1.20584E+00 4.12560E+01 1.77225E+00
 -1      3214 1.16940E+00 4.12585E+01 1.78856E+00
 -1      3215 1.19416E+00 4.12670E+01 1.84256E+00
 -1      3216 1.23060E+00 4.12644E+01 1.82625E+00
 -1      3221 1.20591E+00 4.25154E+01 1.57098E+00
 -1      3222 1.16944E+00 4.25181E+01 1.58719E+00
 -1      3223 1.19409E+00 4.25271E+01 1.64115E+00
 -1      3224 1.23056E+00 4.25244E+01 1.62494E+00
 -1      3229 1.20601E+00 4.37714E+01 1.35360E+00
 -1      3230 1.16949E+00 4.37743E+01 1.36967E+00
 -1      3231 1.19399E+00 4.37841E+01 1.42356E+00
 -1      3232 1.23051E+00 4.37812E+01 1.40749E+00
 -1      3237 1.20612E+00 4.50230E+01 1.11516E+00
 -1      3238 1.16956E+00 4.50262E+01 1.13106E+00
 -1      3239 1.19388E+00 4.50370E+01 1.18484E+00
 -1      3240 1.23044E+00 4.50338E+01 1.16894E+00
 -1      3245 1.20623E+00 4.62701E+01 8.53886E-01
 -1      3246 1.16962E+00 4.62736E+01 8.69618E-01
 -1      3247 1.19377E+00 4.62853E+01 9.23278E-01
 -1      3248 1.23038E+00 4.62819E+01 9.07546E-01
 -1      3253 1.20632E+00 4.75131E+01 5.71502E-01
 -1      3254 1.16966E+00 4.75168E+01 5.87093E-01
 -1      3255 1.19368E+00 4.75293E+01 6.40630E-01
 -1      3256 1.23034E+00 4.75257E+01 6.25039E-01
 -1      3261 1.20637E+00 4.87531E+01 2.72930E-01
 -1      3262 1.16969E+00 4.87568E+01 2.88429E-01
 -1      3263 1.19363E+00 4.87699E+01 3.41875E-01
 -1      3264 1.23031E+00 4.87661E+01 3.26376E-01
 -1      3269-8.31704E-01 4.12331E+01-3.42295E-02
 -1      3270-8.68791E-01 4.12437E+01-2.36225E-02
 -1      3271-8.53491E-01 4.12393E+01 3.42295E-02
 -1      3272-8.16404E-01 4.12287E+01 2.36225E-02
 -1      3277-4.83271E-01 4.24716E+01-3.43179E-02
 -1      3278-5.20380E-01 4.24818E+01-2.34066E-02
 -1      3279-5.04597E-01 4.24775E+01 3.43179E-02
 -1      3280-4.67488E-01 4.24673E+01 2.34066E-02
 -1      3285-1.51102E-01 4.37141E+01-3.44451E-02
 -1      3286-1.88233E-01 4.37237E+01-2.30837E-02
 -1      3287-1.71734E-01 4.37194E+01 3.44451E-02
 -1      3288-1.34603E-01 4.37098E+01 2.30837E-02
 -1      3293 1.59903E-01 4.49616E+01-3.45874E-02
 -1      3294 1.22764E-01 4.49705E+01-2.27035E-02
 -1      3295 1.40097E-01 4.49664E+01 3.45874E-02
 -1      3296 1.77236E-01 4.49575E+01 2.27035E-02
 -1      3301 4.48070E-01 4.62146E+01-3.47212E-02
 -1      3302 4.10939E-01 4.62229E+01-2.23246E-02
 -1      3303 4.29094E-01 4.62188E+01 3.47212E-02
 -1      3304 4.66225E-01 4.62106E+01 2.23246E-02
 -1      3309 7.15201E-01 4.74727E+01-3.48283E-02
 -1      3310 6.78091E-01 4.74803E+01-2.20050E-02
 -1      3311 6.96931E-01 4.74764E+01 3.48283E-02
 -1      3312 7.34041E-01 4.74688E+01 2.20050E-02
 -1      3317 9.66302E-01 4.87345E+01-3.48965E-02
 -1      3318 9.29212E-01 4.87417E+01-2.17923E-02
 -1      3319 9.48503E-01 4.87380E+01 3.48965E-02
 -1      3320 9.85593E-01 4.87307E+01 2.17923E-02
 -1      3325 8.42124E-01 4.12361E+01-3.60521E-02
 -1      3326 8.10413E-01 4.12270E+01-1.34113E-02
 -1      3327 8.43071E-01 4.12364E+01 3.60521E-02
 -1      3328 8.74781E-01 4.12454E+01 1.34113E-02
 -1      3333 4.93597E-01 4.24745E+01-3.60538E-02
 -1      3334 4.61712E-01 4.24657E+01-1.35445E-02
 -1      3335 4.94271E-01 4.24746E+01 3.60538E-02
 -1      3336 5.26156E-01 4.24834E+01 1.35445E-02
 -1      3341 1.61293E-01 4.37167E+01-3.60553E-02
 -1      3342 1.29148E-01 4.37084E+01-1.37478E-02
 -1      3343 1.61544E-01 4.37168E+01 3.60553E-02
 -1      3344 1.93688E-01 4.37251E+01 1.37478E-02
 -1      3349-1.49867E-01 4.49640E+01-3.60553E-02
 -1      3350-1.82312E-01 4.49562E+01-1.39935E-02
 -1      3351-1.50133E-01 4.49640E+01 3.60553E-02
 -1      3352-1.17688E-01 4.49718E+01 1.39935E-02
 -1      3357-4.38181E-01 4.62168E+01-3.60532E-02
 -1      3358-4.70920E-01 4.62096E+01-1.42455E-02
 -1      3359-4.38983E-01 4.62167E+01 3.60532E-02
 -1      3360-4.06244E-01 4.62239E+01 1.42455E-02
 -1      3365-7.05431E-01 4.74747E+01-3.60497E-02
 -1      3366-7.38414E-01 4.74679E+01-1.44640E-02
 -1      3367-7.06701E-01 4.74744E+01 3.60497E-02
 -1      3368-6.73718E-01 4.74812E+01 1.44640E-02
 -1      3373-9.56607E-01 4.87364E+01-3.60464E-02
 -1      3374-9.89751E-01 4.87299E+01-1.46123E-02
 -1      3375-9.58198E-01 4.87361E+01 3.60464E-02
 -1      3376-9.25054E-01 4.87425E+01 1.46123E-02
 -1      3381-8.31704E-01 4.12331E+01 1.96577E+00
 -1      3382-8.68791E-01 4.12437E+01 1.97638E+00
 -1      3383-8.53491E-01 4.12393E+01 2.03423E+00
 -1      3384-8.16404E-01 4.12287E+01 2.02362E+00
 -1      3389-4.83271E-01 4.24716E+01 1.96568E+00
 -1      3390-5.20380E-01 4.24818E+01 1.97659E+00
 -1      3391-5.04597E-01 4.24775E+01 2.03432E+00
 -1      3392-4.67488E-01 4.24673E+01 2.02341E+00
 -1      3397-1.51102E-01 4.37141E+01 1.96555E+00
 -1      3398-1.88233E-01 4.37237E+01 1.97692E+00
 -1      3399-1.71734E-01 4.37194E+01 2.03445E+00
 -1      3400-1.34603E-01 4.37098E+01 2.02308E+00
 -1      3405 1.59903E-01 4.49616E+01 1.96541E+00
 -1      3406 1.22764E-01 4.49705E+01 1.97730E+00
 -1      3407 1.40097E-01 4.49664E+01 2.03459E+00
 -1      3408 1.77236E-01 4.49575E+01 2.02270E+00
 -1      3413 4.48070E-01 4.62146E+01 1.96528E+00
 -1      3414 4.10939E-01 4.62229E+01 1.97768E+00
 -1      3415 4.29094E-01 4.62188E+01 2.03472E+00
 -1      3416 4.66225E-01 4.62106E+01 2.02232E+00
 -1      3421 7.15201E-01 4.74727E+01 1.96517E+00
 -1      3422 6.78091E-01 4.74803E+01 1.97800E+00
 -1      3423 6.96931E-01 4.74764E+01 2.03483E+00
 -1      3424 7.34041E-01 4.74688E+01 2.02200E+00
 -1      3429 9.66302E-01 4.87345E+01 1.96510E+00
 -1      3430 9.29212E-01 4.87417E+01 1.97821E+00
 -1      3431 9.48503E-01 4.87380E+01 2.03490E+00
 -1      3432 9.85593E-01 4.87307E+01 2.02179E+00
 -1      3437 8.42124E-01 4.12361E+01 1.96395E+00
 -1      3438 8.10413E-01 4.12270E+01 1.98659E+00
 -1      3439 8.43071E-01 4.12364E+01 2.03605E+00
 -1      3440 8.74781E-01 4.12454E+01 2.01341E+00
 -1      3445 4.93597E-01 4.24745E+01 1.96395E+00
 -1      3446 4.61712E-01 4.24657E+01 1.98646E+00
 -1      3447 4.94271E-01 4.24746E+01 2.03605E+00
 -1      3448 5.26156E-01 4.24834E+01 2.01354E+00
 -1      3453 1.61293E-01 4.37167E+01 1.96394E+00
 -1      3454 1.29148E-01 4.37084E+01 1.98625E+00
 -1      3455 1.61544E-01 4.37168E+01 2.03606E+00
 -1      3456 1.93688E-01 4.37251E+01 2.01375E+00
 -1      3461-1.49867E-01 4.49640E+01 1.96394E+00
 -1      3462-1.82312E-01 4.49562E+01 1.98601E+00
 -1      3463-1.50133E-01 4.49640E+01 2.03606E+00
 -1      3464-1.17688E-01 4.49718E+01 2.01399E+00
 -1      3469-4.38181E-01 4.62168E+01 1.96395E+00
 -1      3470-4.70920E-01 4.62096E+01 1.98575E+00
 -1      3471-4.38983E-01 4.62167E+01 2.03605E+00
 -1      3472-4.06244E-01 4.62239E+01 2.01425E+00
 -1      3477-7.05431E-01 4.74747E+01 1.96395E+00
 -1      3478-7.38414E-01 4.74679E+01 1.98554E+00
 -1      3479-7.06701E-01 4.74744E+01 2.03605E+00
 -1      3480-6.73718E-01 4.74812E+01 2.01446E+00
 -1      3485-9.56607E-01 4.87364E+01 1.96395E+00
 -1      3486-9.89751E-01 4.87299E+01 1.98539E+00
 -1      3487-9.58198E-01 4.87361E+01 2.03605E+00
 -1      3488-9.25054E-01 4.87425E+01 2.01461E+00
 -3
    3C                           336                                     1
 -1         1    1    0    1
 -2       277      1477      1478       278       280      1480      1479       279
 -1         2    1    0    1
 -2      1477       477       478      1478      1480       480       479      1479
 -1         3    1    0    1
 -2       327      1485      1486       328       330      1488      1487       329
 -1         4    1    0    1
 -2      1485       527       528      1486      1488       530       529      1487
 -1         5    1    0    1
 -2       377      1493      1494       378       380      1496      1495       379
 -1         6    1    0    1
 -2      1493       577       578      1494      1496       580       579      1495
 -1         7    1    0    1
 -2       427      1501      1502       428       430      1504      1503       429
 -1         8    1    0    1
 -2      1501       627       628      1502      1504       630       629      1503
 -1         9    1    0    1
 -2       477       677       678       478       480       680       679       479
 -1        10    1    0    1
 -2       527       727       728       528       530       730       729       529
 -1        11    1    0    1
 -2       577       777       778       578       580       780       779       579
 -1        12    1    0    1
 -2       627       827       828       628       630       830       829       629
 -1        13    1    0    1
 -2       677       877       878       678       680       880       879       679
 -1        14    1    0    1
 -2       727       927       928       728       730       930       929       729
 -1        15    1    0    1
 -2       777       977       978       778       780       980       979       779
 -1        16    1    0    1
 -2       827      1027      1028       828       830      1030      1029       829
 -1        17    1    0    1
 -2       877      1509      1510       878       880      1512      1511       879
 -1        18    1    0    1
 -2      1509      1077      1078      1510      1512      1080      1079      1511
 -1        19    1    0    1
 -2       927      1517      1518       928       930      1520      1519       929
 -1        20    1    0    1
 -2      1517      1127      1128      1518      1520      1130      1129      1519
 -1        21    1    0    1
 -2       977      1525      1526       978       980      1528      1527       979
 -1        22    1    0    1
 -2      1525      1177      1178      1526      1528      1180      1179      1527
 -1        23    1    0    1
 -2      1027      1533      1534      1028      1030      1536      1535      1029
 -1        24    1    0    1
 -2      1533      1227      1228      1534      1536      1230      1229      1535
 -1        25    1    0    1
 -2      1077      1541      1542      1078      1080      1544      1543      1079
 -1        26    1    0    1
 -2      1541      1549      1550      1542      1544      1552      1551      1543
 -1        27    1    0    1
 -2      1549      1557      1558      1550      1552      1560      1559      1551
 -1        28    1    0    1
 -2      1557      1277      1278      1558      1560      1280      1279      1559
 -1        29    1    0    1
 -2      1127      1565      1566      1128      1130      1568      1567      1129
 -1        30    1    0    1
 -2      1565      1573      1574      1566      1568      1576      1575      1567
 -1        31    1    0    1
 -2      1573      1581      1582      1574      1576      1584      1583      1575
 -1        32    1    0    1
 -2      1581      1327      1328      1582      1584      1330      1329      1583
 -1        33    1    0    1
 -2      1177      1589      1590      1178      1180      1592      1591      1179
 -1        34    1    0    1
 -2      1589      1597      1598      1590      1592      1600      1599      1591
 -1        35    1    0    1
 -2      1597      1605      1606      1598      1600      1608      1607      1599
 -1        36    1    0    1
 -2      1605      1377      1378      1606      1608      1380      1379      1607
 -1        37    1    0    1
 -2      1227      1613      1614      1228      1230      1616      1615      1229
 -1        38    1    0    1
 -2      1613      1621      1622      1614      1616      1624      1623      1615
 -1        39    1    0    1
 -2      1621      1629      1630      1622      1624      1632      1631      1623
 -1        40    1    0    1
 -2      1629      1427      1428      1630      1632      1430      1429      1631
 -1        41    1    0    1
 -2       285      1637      1638       286       288      1640      1639       287
 -1        42    1    0    1
 -2      1637      1645      1646      1638      1640      1648      1647      1639
 -1        43    1    0    1
 -2      1645      1653      1654      1646      1648      1656      1655      1647
 -1        44    1    0    1
 -2      1653       335       336      1654      1656       338       337      1655
 -1        45    1    0    1
 -2       385      1661      1662       386       388      1664      1663       387
 -1        46    1    0    1
 -2      1661      1669      1670      1662      1664      1672      1671      1663
 -1        47    1    0    1
 -2      1669      1677      1678      1670      1672      1680      1679      1671
 -1        48    1    0    1
 -2      1677       435       436      1678      1680       438       437      1679
 -1        49    1    0    1
 -2       293      1685      1686       294       296      1688      1687       295
 -1        50    1    0    1
 -2      1685      1693      1694      1686      1688      1696      1695      1687
 -1        51    1    0    1
 -2      1693      1701      1702      1694      1696      1704      1703      1695
 -1        52    1    0    1
 -2      1701       393       394      1702      1704       396       395      1703
 -1        53    1    0    1
 -2       343      1709      1710       344       346      1712      1711       345
 -1        54    1    0    1
 -2      1709      1717      1718      1710      1712      1720      1719      1711
 -1        55    1    0    1
 -2      1717      1725      1726      1718      1720      1728      1727      1719
 -1        56    1    0    1
 -2      1725       443       444      1726      1728       446       445      1727
 -1        57    1    0    1
 -2       485      1733      1734       486       488      1736      1735       487
 -1        58    1    0    1
 -2      1733      1741      1742      1734      1736      1744      1743      1735
 -1        59    1    0    1
 -2      1741      1749      1750      1742      1744      1752      1751      1743
 -1        60    1    0    1
 -2      1749       535       536      1750      1752       538       537      1751
 -1        61    1    0    1
 -2       585      1757      1758       586       588      1760      1759       587
 -1        62    1    0    1
 -2      1757      1765      1766      1758      1760      1768      1767      1759
 -1        63    1    0    1
 -2      1765      1773      1774      1766      1768      1776      1775      1767
 -1        64    1    0    1
 -2      1773       635       636      1774      1776       638       637      1775
 -1        65    1    0    1
 -2       493      1781      1782       494       496      1784      1783       495
 -1        66    1    0    1
 -2      1781      1789      1790      1782      1784      1792      1791      1783
 -1        67    1    0    1
 -2      1789      1797      1798      1790      1792      1800      1799      1791
 -1        68    1    0    1
 -2      1797       593       594      1798      1800       596       595      1799
 -1        69    1    0    1
 -2       543      1805      1806       544       546      1808      1807       545
 -1        70    1    0    1
 -2      1805      1813      1814      1806      1808      1816      1815      1807
 -1        71    1    0    1
 -2      1813      1821      1822      1814      1816      1824      1823      1815
 -1        72    1    0    1
 -2      1821       643       644      1822      1824       646       645      1823
 -1        73    1    0    1
 -2       685       735       736       686       688       738       737       687
 -1        74    1    0    1
 -2       785       835       836       786       788       838       837       787
 -1        75    1    0    1
 -2       693       793       794       694       696       796       795       695
 -1        76    1    0    1
 -2       743       843       844       744       746       846       845       745
 -1        77    1    0    1
 -2       885       935       936       886       888       938       937       887
 -1        78    1    0    1
 -2       985      1035      1036       986       988      1038      1037       987
 -1        79    1    0    1
 -2       893       993       994       894       896       996       995       895
 -1        80    1    0    1
 -2       943      1043      1044       944       946      1046      1045       945
 -1        81    1    0    1
 -2      1085      1829      1830      1086      1088      1832      1831      1087
 -1        82    1    0    1
 -2      1829      1837      1838      1830      1832      1840      1839      1831
 -1        83    1    0    1
 -2      1837      1845      1846      1838      1840      1848      1847      1839
 -1        84    1    0    1
 -2      1845      1135      1136      1846      1848      1138      1137      1847
 -1        85    1    0    1
 -2      1185      1853      1854      1186      1188      1856      1855      1187
 -1        86    1    0    1
 -2      1853      1861      1862      1854      1856      1864      1863      1855
 -1        87    1    0    1
 -2      1861      1869      1870      1862      1864      1872      1871      1863
 -1        88    1    0    1
 -2      1869      1235      1236      1870      1872      1238      1237      1871
 -1        89    1    0    1
 -2      1093      1877      1878      1094      1096      1880      1879      1095
 -1        90    1    0    1
 -2      1877      1885      1886      1878      1880      1888      1887      1879
 -1        91    1    0    1
 -2      1885      1893      1894      1886      1888      1896      1895      1887
 -1        92    1    0    1
 -2      1893      1193      1194      1894      1896      1196      1195      1895
 -1        93    1    0    1
 -2      1143      1901      1902      1144      1146      1904      1903      1145
 -1        94    1    0    1
 -2      1901      1909      1910      1902      1904      1912      1911      1903
 -1        95    1    0    1
 -2      1909      1917      1918      1910      1912      1920      1919      1911
 -1        96    1    0    1
 -2      1917      1243      1244      1918      1920      1246      1245      1919
 -1        97    1    0    1
 -2      1285      1925      1926      1286      1288      1928      1927      1287
 -1        98    1    0    1
 -2      1925      1933      1934      1926      1928      1936      1935      1927
 -1        99    1    0    1
 -2      1933      1941      1942      1934      1936      1944      1943      1935
 -1       100    1    0    1
 -2      1941      1335      1336      1942      1944      1338      1337      1943
 -1       101    1    0    1
 -2      1385      1949      1950      1386      1388      1952      1951      1387
 -1       102    1    0    1
 -2      1949      1957      1958      1950      1952      1960      1959      1951
 -1       103    1    0    1
 -2      1957      1965      1966      1958      1960      1968      1967      1959
 -1       104    1    0    1
 -2      1965      1435      1436      1966      1968      1438      1437      1967
 -1       105    1    0    1
 -2      1293      1973      1974      1294      1296      1976      1975      1295
 -1       106    1    0    1
 -2      1973      1981      1982      1974      1976      1984      1983      1975
 -1       107    1    0    1
 -2      1981      1989      1990      1982      1984      1992      1991      1983
 -1       108    1    0    1
 -2      1989      1393      1394      1990      1992      1396      1395      1991
 -1       109    1    0    1
 -2      1343      1997      1998      1344      1346      2000      1999      1345
 -1       110    1    0    1
 -2      1997      2005      2006      1998      2000      2008      2007      1999
 -1       111    1    0    1
 -2      2005      2013      2014      2006      2008      2016      2015      2007
 -1       112    1    0    1
 -2      2013      1443      1444      2014      2016      1446      1445      2015
 -1       113    1    0    1
 -2       277      2021      2022       278       280      2024      2023       279
 -1       114    1    0    1
 -2      2021      2029      2030      2022      2024      2032      2031      2023
 -1       115    1    0    1
 -2      2029      2037      2038      2030      2032      2040      2039      2031
 -1       116    1    0    1
 -2      2037      2045      2046      2038      2040      2048      2047      2039
 -1       117    1    0    1
 -2      2045      2053      2054      2046      2048      2056      2055      2047
 -1       118    1    0    1
 -2      2053      2061      2062      2054      2056      2064      2063      2055
 -1       119    1    0    1
 -2      2061      2069      2070      2062      2064      2072      2071      2063
 -1       120    1    0    1
 -2      2069       577       578      2070      2072       580       579      2071
 -1       121    1    0    1
 -2       377      2077      2078       378       380      2080      2079       379
 -1       122    1    0    1
 -2      2077      2085      2086      2078      2080      2088      2087      2079
 -1       123    1    0    1
 -2      2085      2093      2094      2086      2088      2096      2095      2087
 -1       124    1    0    1
 -2      2093      2101      2102      2094      2096      2104      2103      2095
 -1       125    1    0    1
 -2      2101      2109      2110      2102      2104      2112      2111      2103
 -1       126    1    0    1
 -2      2109      2117      2118      2110      2112      2120      2119      2111
 -1       127    1    0    1
 -2      2117      2125      2126      2118      2120      2128      2127      2119
 -1       128    1    0    1
 -2      2125       477       478      2126      2128       480       479      2127
 -1       129    1    0    1
 -2       327      2133      2134       328       330      2136      2135       329
 -1       130    1    0    1
 -2      2133      2141      2142      2134      2136      2144      2143      2135
 -1       131    1    0    1
 -2      2141      2149      2150      2142      2144      2152      2151      2143
 -1       132    1    0    1
 -2      2149      2157      2158      2150      2152      2160      2159      2151
 -1       133    1    0    1
 -2      2157      2165      2166      2158      2160      2168      2167      2159
 -1       134    1    0    1
 -2      2165      2173      2174      2166      2168      2176      2175      2167
 -1       135    1    0    1
 -2      2173      2181      2182      2174      2176      2184      2183      2175
 -1       136    1    0    1
 -2      2181       627       628      2182      2184       630       629      2183
 -1       137    1    0    1
 -2       427      2189      2190       428       430      2192      2191       429
 -1       138    1    0    1
 -2      2189      2197      2198      2190      2192      2200      2199      2191
 -1       139    1    0    1
 -2      2197      2205      2206      2198      2200      2208      2207      2199
 -1       140    1    0    1
 -2      2205      2213      2214      2206      2208      2216      2215      2207
 -1       141    1    0    1
 -2      2213      2221      2222      2214      2216      2224      2223      2215
 -1       142    1    0    1
 -2      2221      2229      2230      2222      2224      2232      2231      2223
 -1       143    1    0    1
 -2      2229      2237      2238      2230      2232      2240      2239      2231
 -1       144    1    0    1
 -2      2237       527       528      2238      2240       530       529      2239
 -1       145    1    0    1
 -2       277      2245      2246       278       280      2248      2247       279
 -1       146    1    0    1
 -2      2245      2253      2254      2246      2248      2256      2255      2247
 -1       147    1    0    1
 -2      2253      2261      2262      2254      2256      2264      2263      2255
 -1       148    1    0    1
 -2      2261      2269      2270      2262      2264      2272      2271      2263
 -1       149    1    0    1
 -2      2269      2277      2278      2270      2272      2280      2279      2271
 -1       150    1    0    1
 -2      2277      2285      2286      2278      2280      2288      2287      2279
 -1       151    1    0    1
 -2      2285      2293      2294      2286      2288      2296      2295      2287
 -1       152    1    0    1
 -2      2293       527       528      2294      2296       530       529      2295
 -1       153    1    0    1
 -2       327      2301      2302       328       330      2304      2303       329
 -1       154    1    0    1
 -2      2301      2309      2310      2302      2304      2312      2311      2303
 -1       155    1    0    1
 -2      2309      2317      2318      2310      2312      2320      2319      2311
 -1       156    1    0    1
 -2      2317      2325      2326      2318      2320      2328      2327      2319
 -1       157    1    0    1
 -2      2325      2333      2334      2326      2328      2336      2335      2327
 -1       158    1    0    1
 -2      2333      2341      2342      2334      2336      2344      2343      2335
 -1       159    1    0    1
 -2      2341      2349      2350      2342      2344      2352      2351      2343
 -1       160    1    0    1
 -2      2349       477       478      2350      2352       480       479      2351
 -1       161    1    0    1
 -2       377      2357      2358       378       380      2360      2359       379
 -1       162    1    0    1
 -2      2357      2365      2366      2358      2360      2368      2367      2359
 -1       163    1    0    1
 -2      2365      2373      2374      2366      2368      2376      2375      2367
 -1       164    1    0    1
 -2      2373      2381      2382      2374      2376      2384      2383      2375
 -1       165    1    0    1
 -2      2381      2389      2390      2382      2384      2392      2391      2383
 -1       166    1    0    1
 -2      2389      2397      2398      2390      2392      2400      2399      2391
 -1       167    1    0    1
 -2      2397      2405      2406      2398      2400      2408      2407      2399
 -1       168    1    0    1
 -2      2405       627       628      2406      2408       630       629      2407
 -1       169    1    0    1
 -2       427      2413      2414       428       430      2416      2415       429
 -1       170    1    0    1
 -2      2413      2421      2422      2414      2416      2424      2423      2415
 -1       171    1    0    1
 -2      2421      2429      2430      2422      2424      2432      2431      2423
 -1       172    1    0    1
 -2      2429      2437      2438      2430      2432      2440      2439      2431
 -1       173    1    0    1
 -2      2437      2445      2446      2438      2440      2448      2447      2439
 -1       174    1    0    1
 -2      2445      2453      2454      2446      2448      2456      2455      2447
 -1       175    1    0    1
 -2      2453      2461      2462      2454      2456      2464      2463      2455
 -1       176    1    0    1
 -2      2461       577       578      2462      2464       580       579      2463
 -1       177    1    0    1
 -2       477      2469      2470       478       480      2472      2471       479
 -1       178    1    0    1
 -2      2469      2477      2478      2470      2472      2480      2479      2471
 -1       179    1    0    1
 -2      2477      2485      2486      2478      2480      2488      2487      2479
 -1       180    1    0    1
 -2      2485       777       778      2486      2488       780       779      2487
 -1       181    1    0    1
 -2       577      2493      2494       578       580      2496      2495       579
 -1       182    1    0    1
 -2      2493      2501      2502      2494      2496      2504      2503      2495
 -1       183    1    0    1
 -2      2501      2509      2510      2502      2504      2512      2511      2503
 -1       184    1    0    1
 -2      2509       677       678      2510      2512       680       679      2511
 -1       185    1    0    1
 -2       527      2517      2518       528       530      2520      2519       529
 -1       186    1    0    1
 -2      2517      2525      2526      2518      2520      2528      2527      2519
 -1       187    1    0    1
 -2      2525      2533      2534      2526      2528      2536      2535      2527
 -1       188    1    0    1
 -2      2533       827       828      2534      2536       830       829      2535
 -1       189    1    0    1
 -2       627      2541      2542       628       630      2544      2543       629
 -1       190    1    0    1
 -2      2541      2549      2550      2542      2544      2552      2551      2543
 -1       191    1    0    1
 -2      2549      2557      2558      2550      2552      2560      2559      2551
 -1       192    1    0    1
 -2      2557       727       728      2558      2560       730       729      2559
 -1       193    1    0    1
 -2       477      2565      2566       478       480      2568      2567       479
 -1       194    1    0    1
 -2      2565      2573      2574      2566      2568      2576      2575      2567
 -1       195    1    0    1
 -2      2573      2581      2582      2574      2576      2584      2583      2575
 -1       196    1    0    1
 -2      2581       727       728      2582      2584       730       729      2583
 -1       197    1    0    1
 -2       527      2589      2590       528       530      2592      2591       529
 -1       198    1    0    1
 -2      2589      2597      2598      2590      2592      2600      2599      2591
 -1       199    1    0    1
 -2      2597      2605      2606      2598      2600      2608      2607      2599
 -1       200    1    0    1
 -2      2605       677       678      2606      2608       680       679      2607
 -1       201    1    0    1
 -2       577      2613      2614       578       580      2616      2615       579
 -1       202    1    0    1
 -2      2613      2621      2622      2614      2616      2624      2623      2615
 -1       203    1    0    1
 -2      2621      2629      2630      2622      2624      2632      2631      2623
 -1       204    1    0    1
 -2      2629       827       828      2630      2632       830       829      2631
 -1       205    1    0    1
 -2       627      2637      2638       628       630      2640      2639       629
 -1       206    1    0    1
 -2      2637      2645      2646      2638      2640      2648      2647      2639
 -1       207    1    0    1
 -2      2645      2653      2654      2646      2648      2656      2655      2647
 -1       208    1    0    1
 -2      2653       777       778      2654      2656       780       779      2655
 -1       209    1    0    1
 -2       677      2661      2662       678       680      2664      2663       679
 -1       210    1    0    1
 -2      2661      2669      2670      2662      2664      2672      2671      2663
 -1       211    1    0    1
 -2      2669      2677      2678      2670      2672      2680      2679      2671
 -1       212    1    0    1
 -2      2677       977       978      2678      2680       980       979      2679
 -1       213    1    0    1
 -2       777      2685      2686       778       780      2688      2687       779
 -1       214    1    0    1
 -2      2685      2693      2694      2686      2688      2696      2695      2687
 -1       215    1    0    1
 -2      2693      2701      2702      2694      2696      2704      2703      2695
 -1       216    1    0    1
 -2      2701       877       878      2702      2704       880       879      2703
 -1       217    1    0    1
 -2       727      2709      2710       728       730      2712      2711       729
 -1       218    1    0    1
 -2      2709      2717      2718      2710      2712      2720      2719      2711
 -1       219    1    0    1
 -2      2717      2725      2726      2718      2720      2728      2727      2719
 -1       220    1    0    1
 -2      2725      1027      1028      2726      2728      1030      1029      2727
 -1       221    1    0    1
 -2       827      2733      2734       828       830      2736      2735       829
 -1       222    1    0    1
 -2      2733      2741      2742      2734      2736      2744      2743      2735
 -1       223    1    0    1
 -2      2741      2749      2750      2742      2744      2752      2751      2743
 -1       224    1    0    1
 -2      2749       927       928      2750      2752       930       929      2751
 -1       225    1    0    1
 -2       677      2757      2758       678       680      2760      2759       679
 -1       226    1    0    1
 -2      2757      2765      2766      2758      2760      2768      2767      2759
 -1       227    1    0    1
 -2      2765      2773      2774      2766      2768      2776      2775      2767
 -1       228    1    0    1
 -2      2773       927       928      2774      2776       930       929      2775
 -1       229    1    0    1
 -2       727      2781      2782       728       730      2784      2783       729
 -1       230    1    0    1
 -2      2781      2789      2790      2782      2784      2792      2791      2783
 -1       231    1    0    1
 -2      2789      2797      2798      2790      2792      2800      2799      2791
 -1       232    1    0    1
 -2      2797       877       878      2798      2800       880       879      2799
 -1       233    1    0    1
 -2       777      2805      2806       778       780      2808      2807       779
 -1       234    1    0    1
 -2      2805      2813      2814      2806      2808      2816      2815      2807
 -1       235    1    0    1
 -2      2813      2821      2822      2814      2816      2824      2823      2815
 -1       236    1    0    1
 -2      2821      1027      1028      2822      2824      1030      1029      2823
 -1       237    1    0    1
 -2       827      2829      2830       828       830      2832      2831       829
 -1       238    1    0    1
 -2      2829      2837      2838      2830      2832      2840      2839      2831
 -1       239    1    0    1
 -2      2837      2845      2846      2838      2840      2848      2847      2839
 -1       240    1    0    1
 -2      2845       977       978      2846      2848       980       979      2847
 -1       241    1    0    1
 -2       877      2853      2854       878       880      2856      2855       879
 -1       242    1    0    1
 -2      2853      2861      2862      2854      2856      2864      2863      2855
 -1       243    1    0    1
 -2      2861      2869      2870      2862      2864      2872      2871      2863
 -1       244    1    0    1
 -2      2869      1177      1178      2870      2872      1180      1179      2871
 -1       245    1    0    1
 -2       977      2877      2878       978       980      2880      2879       979
 -1       246    1    0    1
 -2      2877      2885      2886      2878      2880      2888      2887      2879
 -1       247    1    0    1
 -2      2885      2893      2894      2886      2888      2896      2895      2887
 -1       248    1    0    1
 -2      2893      1077      1078      2894      2896      1080      1079      2895
 -1       249    1    0    1
 -2       927      2901      2902       928       930      2904      2903       929
 -1       250    1    0    1
 -2      2901      2909      2910      2902      2904      2912      2911      2903
 -1       251    1    0    1
 -2      2909      2917      2918      2910      2912      2920      2919      2911
 -1       252    1    0    1
 -2      2917      1227      1228      2918      2920      1230      1229      2919
 -1       253    1    0    1
 -2      1027      2925      2926      1028      1030      2928      2927      1029
 -1       254    1    0    1
 -2      2925      2933      2934      2926      2928      2936      2935      2927
 -1       255    1    0    1
 -2      2933      2941      2942      2934      2936      2944      2943      2935
 -1       256    1    0    1
 -2      2941      1127      1128      2942      2944      1130      1129      2943
 -1       257    1    0    1
 -2       877      2949      2950       878       880      2952      2951       879
 -1       258    1    0    1
 -2      2949      2957      2958      2950      2952      2960      2959      2951
 -1       259    1    0    1
 -2      2957      2965      2966      2958      2960      2968      2967      2959
 -1       260    1    0    1
 -2      2965      1127      1128      2966      2968      1130      1129      2967
 -1       261    1    0    1
 -2       927      2973      2974       928       930      2976      2975       929
 -1       262    1    0    1
 -2      2973      2981      2982      2974      2976      2984      2983      2975
 -1       263    1    0    1
 -2      2981      2989      2990      2982      2984      2992      2991      2983
 -1       264    1    0    1
 -2      2989      1077      1078      2990      2992      1080      1079      2991
 -1       265    1    0    1
 -2       977      2997      2998       978       980      3000      2999       979
 -1       266    1    0    1
 -2      2997      3005      3006      2998      3000      3008      3007      2999
 -1       267    1    0    1
 -2      3005      3013      3014      3006      3008      3016      3015      3007
 -1       268    1    0    1
 -2      3013      1227      1228      3014      3016      1230      1229      3015
 -1       269    1    0    1
 -2      1027      3021      3022      1028      1030      3024      3023      1029
 -1       270    1    0    1
 -2      3021      3029      3030      3022      3024      3032      3031      3023
 -1       271    1    0    1
 -2      3029      3037      3038      3030      3032      3040      3039      3031
 -1       272    1    0    1
 -2      3037      1177      1178      3038      3040      1180      1179      3039
 -1       273    1    0    1
 -2      1077      3045      3046      1078      1080      3048      3047      1079
 -1       274    1    0    1
 -2      3045      3053      3054      3046      3048      3056      3055      3047
 -1       275    1    0    1
 -2      3053      3061      3062      3054      3056      3064      3063      3055
 -1       276    1    0    1
 -2      3061      3069      3070      3062      3064      3072      3071      3063
 -1       277    1    0    1
 -2      3069      3077      3078      3070      3072      3080      3079      3071
 -1       278    1    0    1
 -2      3077      3085      3086      3078      3080      3088      3087      3079
 -1       279    1    0    1
 -2      3085      3093      3094      3086      3088      3096      3095      3087
 -1       280    1    0    1
 -2      3093      1377      1378      3094      3096      1380      1379      3095
 -1       281    1    0    1
 -2      1177      3101      3102      1178      1180      3104      3103      1179
 -1       282    1    0    1
 -2      3101      3109      3110      3102      3104      3112      3111      3103
 -1       283    1    0    1
 -2      3109      3117      3118      3110      3112      3120      3119      3111
 -1       284    1    0    1
 -2      3117      3125      3126      3118      3120      3128      3127      3119
 -1       285    1    0    1
 -2      3125      3133      3134      3126      3128      3136      3135      3127
 -1       286    1    0    1
 -2      3133      3141      3142      3134      3136      3144      3143      3135
 -1       287    1    0    1
 -2      3141      3149      3150      3142      3144      3152      3151      3143
 -1       288    1    0    1
 -2      3149      1277      1278      3150      3152      1280      1279      3151
 -1       289    1    0    1
 -2      1127      3157      3158      1128      1130      3160      3159      1129
 -1       290    1    0    1
 -2      3157      3165      3166      3158      3160      3168      3167      3159
 -1       291    1    0    1
 -2      3165      3173      3174      3166      3168      3176      3175      3167
 -1       292    1    0    1
 -2      3173      3181      3182      3174      3176      3184      3183      3175
 -1       293    1    0    1
 -2      3181      3189      3190      3182      3184      3192      3191      3183
 -1       294    1    0    1
 -2      3189      3197      3198      3190      3192      3200      3199      3191
 -1       295    1    0    1
 -2      3197      3205      3206      3198      3200      3208      3207      3199
 -1       296    1    0    1
 -2      3205      1427      1428      3206      3208      1430      1429      3207
 -1       297    1    0    1
 -2      1227      3213      3214      1228      1230      3216      3215      1229
 -1       298    1    0    1
 -2      3213      3221      3222      3214      3216      3224      3223      3215
 -1       299    1    0    1
 -2      3221      3229      3230      3222      3224      3232      3231      3223
 -1       300    1    0    1
 -2      3229      3237      3238      3230      3232      3240      3239      3231
 -1       301    1    0    1
 -2      3237      3245      3246      3238      3240      3248      3247      3239
 -1       302    1    0    1
 -2      3245      3253      3254      3246      3248      3256      3255      3247
 -1       303    1    0    1
 -2      3253      3261      3262      3254      3256      3264      3263      3255
 -1       304    1    0    1
 -2      3261      1327      1328      3262      3264      1330      1329      3263
 -1       305    1    0    1
 -2      1077      3269      3270      1078      1080      3272      3271      1079
 -1       306    1    0    1
 -2      3269      3277      3278      3270      3272      3280      3279      3271
 -1       307    1    0    1
 -2      3277      3285      3286      3278      3280      3288      3287      3279
 -1       308    1    0    1
 -2      3285      3293      3294      3286      3288      3296      3295      3287
 -1       309    1    0    1
 -2      3293      3301      3302      3294      3296      3304      3303      3295
 -1       310    1    0    1
 -2      3301      3309      3310      3302      3304      3312      3311      3303
 -1       311    1    0    1
 -2      3309      3317      3318      3310      3312      3320      3319      3311
 -1       312    1    0    1
 -2      3317      1327      1328      3318      3320      1330      1329      3319
 -1       313    1    0    1
 -2      1127      3325      3326      1128      1130      3328      3327      1129
 -1       314    1    0    1
 -2      3325      3333      3334      3326      3328      3336      3335      3327
 -1       315    1    0    1
 -2      3333      3341      3342      3334      3336      3344      3343      3335
 -1       316    1    0    1
 -2      3341      3349      3350      3342      3344      3352      3351      3343
 -1       317    1    0    1
 -2      3349      3357      3358      3350      3352      3360      3359      3351
 -1       318    1    0    1
 -2      3357      3365      3366      3358      3360      3368      3367      3359
 -1       319    1    0    1
 -2      3365      3373      3374      3366      3368      3376      3375      3367
 -1       320    1    0    1
 -2      3373      1277      1278      3374      3376      1280      1279      3375
 -1       321    1    0    1
 -2      1177      3381      3382      1178      1180      3384      3383      1179
 -1       322    1    0    1
 -2      3381      3389      3390      3382      3384      3392      3391      3383
 -1       323    1    0    1
 -2      3389      3397      3398      3390      3392      3400      3399      3391
 -1       324    1    0    1
 -2      3397      3405      3406      3398      3400      3408      3407      3399
 -1       325    1    0    1
 -2      3405      3413      3414      3406      3408      3416      3415      3407
 -1       326    1    0    1
 -2      3413      3421      3422      3414      3416      3424      3423      3415
 -1       327    1    0    1
 -2      3421      3429      3430      3422      3424      3432      3431      3423
 -1       328    1    0    1
 -2      3429      1427      1428      3430      3432      1430      1429      3431
 -1       329    1    0    1
 -2      1227      3437      3438      1228      1230      3440      3439      1229
 -1       330    1    0    1
 -2      3437      3445      3446      3438      3440      3448      3447      3439
 -1       331    1    0    1
 -2      3445      3453      3454      3446      3448      3456      3455      3447
 -1       332    1    0    1
 -2      3453      3461      3462      3454      3456      3464      3463      3455
 -1       333    1    0    1
 -2      3461      3469      3470      3462      3464      3472      3471      3463
 -1       334    1    0    1
 -2      3469      3477      3478      3470      3472      3480      3479      3471
 -1       335    1    0    1
 -2      3477      3485      3486      3478      3480      3488      3487      3479
 -1       336    1    0    1
 -2      3485      1377      1378      3486      3488      1380      1379      3487
 -3
    1PSTEP                         1           1           1          
  100CL  101 1.000000000           0                     0    1           1
 -4  DISP        4    1
 -5  D1          1    2    1    0
 -5  D2          1    2    2    0
 -5  D3          1    2    3    0
 -5  ALL         1    2    0    0    1ALL
 -3
 9999
