    1C
    1UNormalized cross-passage space-truss torsion benchmark            
    1UUSER                                                              
    1UDATE              06.august.2026                                  
    1UTIME              05:34:08                                        
    1UHOST                                                              
    1UPGM               CalculiX                                        
    1UVERSION           Version 2.21                             
    1UCOMPILETIME       Sat Jul 29 10:52:01 CEST 2023                    
    1UDIR                                                               
    1UDBN                                                               
    1UMAT    1STEEL                                                     
    2C                          1248                                     1
 -1       265-1.19385E+00 1.28564E-03-3.55031E-02
 -1       266-1.23028E+00 3.82143E-03-1.91941E-02
 -1       267-1.20615E+00-1.28564E-03 3.55031E-02
 -1       268-1.16972E+00-3.82143E-03 1.91941E-02
 -1       273-1.20145E+00-3.41225E-02-1.15569E-02
 -1       274-1.20010E+00-2.46574E-03-3.59709E-02
 -1       275-1.19855E+00 3.41225E-02 1.15569E-02
 -1       276-1.19990E+00 2.46574E-03 3.59709E-02
 -1       281-1.23365E+00-1.29325E-02 5.48678E-04
 -1       282-1.20099E+00-3.60094E-02 1.52775E-03
 -1       283-1.16635E+00 1.29325E-02-5.48678E-04
 -1       284-1.19901E+00 3.60094E-02-1.52775E-03
 -1       315 1.20192E+00 2.05963E-03-3.59455E-02
 -1       316 1.16765E+00-2.18482E-03-1.57609E-02
 -1       317 1.19808E+00-2.05963E-03 3.59455E-02
 -1       318 1.23235E+00 2.18482E-03 1.57609E-02
 -1       323 1.20143E+00-3.37965E-02-1.24797E-02
 -1       324 1.20006E+00-1.48932E-03-3.60247E-02
 -1       325 1.19857E+00 3.37965E-02 1.24797E-02
 -1       326 1.19994E+00 1.48932E-03 3.60247E-02
 -1       331 1.16707E+00-1.46725E-02-6.22501E-04
 -1       332 1.20089E+00-3.60121E-02-1.52786E-03
 -1       333 1.23293E+00 1.46725E-02 6.22501E-04
 -1       334 1.19911E+00 3.60121E-02 1.52786E-03
 -1       365-1.19302E+00-2.49641E-03 1.96472E+00
 -1       366-1.22982E+00 1.71693E-03 1.97980E+00
 -1       367-1.20698E+00 2.49641E-03 2.03528E+00
 -1       368-1.17018E+00-1.71693E-03 2.02020E+00
 -1       373-1.19857E+00-3.37965E-02 1.98752E+00
 -1       374-1.19994E+00-1.48932E-03 1.96398E+00
 -1       375-1.20143E+00 3.37965E-02 2.01248E+00
 -1       376-1.20006E+00 1.48932E-03 2.03602E+00
 -1       381-1.23293E+00-1.46725E-02 1.99938E+00
 -1       382-1.19911E+00-3.60121E-02 1.99847E+00
 -1       383-1.16707E+00 1.46725E-02 2.00062E+00
 -1       384-1.20089E+00 3.60121E-02 2.00153E+00
 -1       415 1.20331E+00-1.56926E-03 1.96413E+00
 -1       416 1.16828E+00-3.82516E-03 1.98330E+00
 -1       417 1.19669E+00 1.56926E-03 2.03587E+00
 -1       418 1.23172E+00 3.82516E-03 2.01670E+00
 -1       423 1.19855E+00-3.41225E-02 1.98844E+00
 -1       424 1.19990E+00-2.46574E-03 1.96403E+00
 -1       425 1.20145E+00 3.41225E-02 2.01156E+00
 -1       426 1.20010E+00 2.46574E-03 2.03597E+00
 -1       431 1.16635E+00-1.29325E-02 2.00055E+00
 -1       432 1.19901E+00-3.60094E-02 2.00153E+00
 -1       433 1.23365E+00 1.29325E-02 1.99945E+00
 -1       434 1.20099E+00 3.60094E-02 1.99847E+00
 -1       465-1.19512E+00 9.99951E+00-3.57207E-02
 -1       466-1.23110E+00 1.00002E+01-1.82460E-02
 -1       467-1.20488E+00 1.00005E+01 3.57207E-02
 -1       468-1.16890E+00 9.99985E+00 1.82460E-02
 -1       473-1.20102E+00 9.96591E+00-1.16828E-02
 -1       474-1.20007E+00 9.99767E+00-3.59798E-02
 -1       475-1.19898E+00 1.00341E+01 1.16828E-02
 -1       476-1.19993E+00 1.00023E+01 3.59798E-02
 -1       481-1.23354E+00 9.98678E+00 3.96605E-04
 -1       482-1.20069E+00 9.96397E+00 1.08098E-03
 -1       483-1.16646E+00 1.00132E+01-3.96605E-04
 -1       484-1.19931E+00 1.00360E+01-1.08098E-03
 -1       515 1.20438E+00 9.99962E+00-3.57871E-02
 -1       516 1.16865E+00 9.99941E+00-1.77984E-02
 -1       517 1.19562E+00 1.00004E+01 3.57871E-02
 -1       518 1.23135E+00 1.00006E+01 1.77984E-02
 -1       523 1.20102E+00 9.96614E+00-1.23355E-02
 -1       524 1.20005E+00 9.99836E+00-3.60180E-02
 -1       525 1.19898E+00 1.00339E+01 1.23355E-02
 -1       526 1.19995E+00 1.00016E+01 3.60180E-02
 -1       531 1.16697E+00 9.98555E+00-4.33494E-04
 -1       532 1.20064E+00 9.96397E+00-1.08101E-03
 -1       533 1.23303E+00 1.00145E+01 4.33494E-04
 -1       534 1.19936E+00 1.00360E+01 1.08101E-03
 -1       565-1.19539E+00 1.00004E+01 1.96424E+00
 -1       566-1.23124E+00 1.00006E+01 1.98200E+00
 -1       567-1.20461E+00 9.99963E+00 2.03576E+00
 -1       568-1.16876E+00 9.99941E+00 2.01800E+00
 -1       573-1.19898E+00 9.96614E+00 1.98766E+00
 -1       574-1.19995E+00 9.99836E+00 1.96398E+00
 -1       575-1.20102E+00 1.00339E+01 2.01234E+00
 -1       576-1.20005E+00 1.00016E+01 2.03602E+00
 -1       581-1.23303E+00 9.98555E+00 1.99957E+00
 -1       582-1.19936E+00 9.96397E+00 1.99892E+00
 -1       583-1.16697E+00 1.00145E+01 2.00043E+00
 -1       584-1.20064E+00 1.00360E+01 2.00108E+00
 -1       615 1.20409E+00 1.00005E+01 1.96418E+00
 -1       616 1.16851E+00 9.99984E+00 1.98245E+00
 -1       617 1.19591E+00 9.99952E+00 2.03582E+00
 -1       618 1.23149E+00 1.00002E+01 2.01755E+00
 -1       623 1.19898E+00 9.96591E+00 1.98832E+00
 -1       624 1.19993E+00 9.99767E+00 1.96402E+00
 -1       625 1.20102E+00 1.00341E+01 2.01168E+00
 -1       626 1.20007E+00 1.00023E+01 2.03598E+00
 -1       631 1.16646E+00 9.98678E+00 2.00040E+00
 -1       632 1.19931E+00 9.96397E+00 2.00108E+00
 -1       633 1.23354E+00 1.00132E+01 1.99960E+00
 -1       634 1.20069E+00 1.00360E+01 1.99892E+00
 -1       665-1.19508E+00 1.99995E+01-3.57146E-02
 -1       666-1.23108E+00 2.00002E+01-1.82829E-02
 -1       667-1.20492E+00 2.00005E+01 3.57146E-02
 -1       668-1.16892E+00 1.99998E+01 1.82829E-02
 -1       673-1.20145E+00 1.99659E+01-1.15569E-02
 -1       674-1.20010E+00 1.99975E+01-3.59709E-02
 -1       675-1.19855E+00 2.00341E+01 1.15569E-02
 -1       676-1.19990E+00 2.00025E+01 3.59709E-02
 -1       681-1.23365E+00 1.99871E+01 5.48678E-04
 -1       682-1.20099E+00 1.99640E+01 1.52775E-03
 -1       683-1.16635E+00 2.00129E+01-5.48678E-04
 -1       684-1.19901E+00 2.00360E+01-1.52775E-03
 -1       715 1.20439E+00 1.99996E+01-3.57845E-02
 -1       716 1.16866E+00 1.99994E+01-1.78147E-02
 -1       717 1.19561E+00 2.00004E+01 3.57845E-02
 -1       718 1.23134E+00 2.00006E+01 1.78147E-02
 -1       723 1.20143E+00 1.99662E+01-1.24797E-02
 -1       724 1.20006E+00 1.99985E+01-3.60247E-02
 -1       725 1.19857E+00 2.00338E+01 1.24797E-02
 -1       726 1.19994E+00 2.00015E+01 3.60247E-02
 -1       731 1.16707E+00 1.99853E+01-6.22501E-04
 -1       732 1.20089E+00 1.99640E+01-1.52786E-03
 -1       733 1.23293E+00 2.00147E+01 6.22501E-04
 -1       734 1.19911E+00 2.00360E+01 1.52786E-03
 -1       765-1.19536E+00 2.00004E+01 1.96425E+00
 -1       766-1.23122E+00 2.00006E+01 1.98197E+00
 -1       767-1.20464E+00 1.99996E+01 2.03575E+00
 -1       768-1.16878E+00 1.99994E+01 2.01803E+00
 -1       773-1.19857E+00 1.99662E+01 1.98752E+00
 -1       774-1.19994E+00 1.99985E+01 1.96398E+00
 -1       775-1.20143E+00 2.00338E+01 2.01248E+00
 -1       776-1.20006E+00 2.00015E+01 2.03602E+00
 -1       781-1.23293E+00 1.99853E+01 1.99938E+00
 -1       782-1.19911E+00 1.99640E+01 1.99847E+00
 -1       783-1.16707E+00 2.00147E+01 2.00062E+00
 -1       784-1.20089E+00 2.00360E+01 2.00153E+00
 -1       815 1.20410E+00 2.00005E+01 1.96418E+00
 -1       816 1.16851E+00 1.99998E+01 1.98244E+00
 -1       817 1.19590E+00 1.99995E+01 2.03582E+00
 -1       818 1.23149E+00 2.00002E+01 2.01756E+00
 -1       823 1.19855E+00 1.99659E+01 1.98844E+00
 -1       824 1.19990E+00 1.99975E+01 1.96403E+00
 -1       825 1.20145E+00 2.00341E+01 2.01156E+00
 -1       826 1.20010E+00 2.00025E+01 2.03597E+00
 -1       831 1.16635E+00 1.99871E+01 2.00055E+00
 -1       832 1.19901E+00 1.99640E+01 2.00153E+00
 -1       833 1.23365E+00 2.00129E+01 1.99945E+00
 -1       834 1.20099E+00 2.00360E+01 1.99847E+00
 -1       865-1.19494E+00 2.99991E+01-3.56880E-02
 -1       866-1.23100E+00 3.00001E+01-1.84071E-02
 -1       867-1.20506E+00 3.00009E+01 3.56880E-02
 -1       868-1.16900E+00 2.99999E+01 1.84071E-02
 -1       873-1.20102E+00 2.99659E+01-1.16828E-02
 -1       874-1.20007E+00 2.99977E+01-3.59798E-02
 -1       875-1.19898E+00 3.00341E+01 1.16828E-02
 -1       876-1.19993E+00 3.00023E+01 3.59798E-02
 -1       881-1.23354E+00 2.99868E+01 3.96605E-04
 -1       882-1.20069E+00 2.99640E+01 1.08098E-03
 -1       883-1.16646E+00 3.00132E+01-3.96605E-04
 -1       884-1.19931E+00 3.00360E+01-1.08098E-03
 -1       915 1.20428E+00 2.99998E+01-3.58003E-02
 -1       916 1.16860E+00 2.99994E+01-1.77131E-02
 -1       917 1.19572E+00 3.00002E+01 3.58003E-02
 -1       918 1.23140E+00 3.00006E+01 1.77131E-02
 -1       923 1.20102E+00 2.99661E+01-1.23355E-02
 -1       924 1.20005E+00 2.99984E+01-3.60180E-02
 -1       925 1.19898E+00 3.00339E+01 1.23355E-02
 -1       926 1.19995E+00 3.00016E+01 3.60180E-02
 -1       931 1.16697E+00 2.99855E+01-4.33494E-04
 -1       932 1.20064E+00 2.99640E+01-1.08101E-03
 -1       933 1.23303E+00 3.00145E+01 4.33494E-04
 -1       934 1.19936E+00 3.00360E+01 1.08101E-03
 -1       965-1.19528E+00 3.00002E+01 1.96426E+00
 -1       966-1.23118E+00 3.00006E+01 1.98190E+00
 -1       967-1.20472E+00 2.99998E+01 2.03574E+00
 -1       968-1.16882E+00 2.99994E+01 2.01810E+00
 -1       973-1.19898E+00 2.99661E+01 1.98766E+00
 -1       974-1.19995E+00 2.99984E+01 1.96398E+00
 -1       975-1.20102E+00 3.00339E+01 2.01234E+00
 -1       976-1.20005E+00 3.00016E+01 2.03602E+00
 -1       981-1.23303E+00 2.99855E+01 1.99957E+00
 -1       982-1.19936E+00 2.99640E+01 1.99892E+00
 -1       983-1.16697E+00 3.00145E+01 2.00043E+00
 -1       984-1.20064E+00 3.00360E+01 2.00108E+00
 -1      1015 1.20391E+00 3.00009E+01 1.96417E+00
 -1      1016 1.16842E+00 2.99999E+01 1.98260E+00
 -1      1017 1.19609E+00 2.99991E+01 2.03583E+00
 -1      1018 1.23158E+00 3.00001E+01 2.01740E+00
 -1      1023 1.19898E+00 2.99659E+01 1.98832E+00
 -1      1024 1.19993E+00 2.99977E+01 1.96402E+00
 -1      1025 1.20102E+00 3.00341E+01 2.01168E+00
 -1      1026 1.20007E+00 3.00023E+01 2.03598E+00
 -1      1031 1.16646E+00 2.99868E+01 2.00040E+00
 -1      1032 1.19931E+00 2.99640E+01 2.00108E+00
 -1      1033 1.23354E+00 3.00132E+01 1.99960E+00
 -1      1034 1.20069E+00 3.00360E+01 1.99892E+00
 -1      1065-1.19510E+00 3.99995E+01-3.57177E-02
 -1      1066-1.23109E+00 4.00001E+01-1.82616E-02
 -1      1067-1.20490E+00 4.00005E+01 3.57177E-02
 -1      1068-1.16891E+00 3.99999E+01 1.82616E-02
 -1      1073-1.20102E+00 3.99659E+01-1.16828E-02
 -1      1074-1.20007E+00 3.99977E+01-3.59798E-02
 -1      1075-1.19898E+00 4.00341E+01 1.16828E-02
 -1      1076-1.19993E+00 4.00023E+01 3.59798E-02
 -1      1081-1.23354E+00 3.99868E+01 3.96605E-04
 -1      1082-1.20069E+00 3.99640E+01 1.08098E-03
 -1      1083-1.16646E+00 4.00132E+01-3.96605E-04
 -1      1084-1.19931E+00 4.00360E+01-1.08098E-03
 -1      1115 1.20436E+00 3.99996E+01-3.57894E-02
 -1      1116 1.16864E+00 3.99994E+01-1.77816E-02
 -1      1117 1.19564E+00 4.00004E+01 3.57894E-02
 -1      1118 1.23136E+00 4.00006E+01 1.77816E-02
 -1      1123 1.20102E+00 3.99661E+01-1.23355E-02
 -1      1124 1.20005E+00 3.99984E+01-3.60180E-02
 -1      1125 1.19898E+00 4.00339E+01 1.23355E-02
 -1      1126 1.19995E+00 4.00016E+01 3.60180E-02
 -1      1131 1.16697E+00 3.99855E+01-4.33494E-04
 -1      1132 1.20064E+00 3.99640E+01-1.08101E-03
 -1      1133 1.23303E+00 4.00145E+01 4.33494E-04
 -1      1134 1.19936E+00 4.00360E+01 1.08101E-03
 -1      1165-1.19539E+00 4.00004E+01 1.96424E+00
 -1      1166-1.23123E+00 4.00006E+01 1.98200E+00
 -1      1167-1.20461E+00 3.99996E+01 2.03576E+00
 -1      1168-1.16877E+00 3.99994E+01 2.01800E+00
 -1      1173-1.19898E+00 3.99661E+01 1.98766E+00
 -1      1174-1.19995E+00 3.99984E+01 1.96398E+00
 -1      1175-1.20102E+00 4.00339E+01 2.01234E+00
 -1      1176-1.20005E+00 4.00016E+01 2.03602E+00
 -1      1181-1.23303E+00 3.99855E+01 1.99957E+00
 -1      1182-1.19936E+00 3.99640E+01 1.99892E+00
 -1      1183-1.16697E+00 4.00145E+01 2.00043E+00
 -1      1184-1.20064E+00 4.00360E+01 2.00108E+00
 -1      1215 1.20405E+00 4.00005E+01 1.96418E+00
 -1      1216 1.16849E+00 3.99998E+01 1.98248E+00
 -1      1217 1.19595E+00 3.99995E+01 2.03582E+00
 -1      1218 1.23151E+00 4.00002E+01 2.01752E+00
 -1      1223 1.19898E+00 3.99659E+01 1.98832E+00
 -1      1224 1.19993E+00 3.99977E+01 1.96402E+00
 -1      1225 1.20102E+00 4.00341E+01 2.01168E+00
 -1      1226 1.20007E+00 4.00023E+01 2.03598E+00
 -1      1231 1.16646E+00 3.99868E+01 2.00040E+00
 -1      1232 1.19931E+00 3.99640E+01 2.00108E+00
 -1      1233 1.23354E+00 4.00132E+01 1.99960E+00
 -1      1234 1.20069E+00 4.00360E+01 1.99892E+00
 -1      1265-1.19623E+00 4.99981E+01-3.58070E-02
 -1      1266-1.23157E+00 4.99968E+01-1.71113E-02
 -1      1267-1.20377E+00 5.00019E+01 3.58070E-02
 -1      1268-1.16843E+00 5.00032E+01 1.71113E-02
 -1      1273-1.20145E+00 4.99659E+01-1.15569E-02
 -1      1274-1.20010E+00 4.99975E+01-3.59709E-02
 -1      1275-1.19855E+00 5.00341E+01 1.15569E-02
 -1      1276-1.19990E+00 5.00025E+01 3.59709E-02
 -1      1281-1.23365E+00 4.99871E+01 5.48678E-04
 -1      1282-1.20099E+00 4.99640E+01 1.52775E-03
 -1      1283-1.16635E+00 5.00129E+01-5.48678E-04
 -1      1284-1.19901E+00 5.00360E+01-1.52775E-03
 -1      1315 1.20668E+00 4.99963E+01-3.52378E-02
 -1      1316 1.16994E+00 5.00002E+01-1.99122E-02
 -1      1317 1.19332E+00 5.00037E+01 3.52378E-02
 -1      1318 1.23006E+00 4.99998E+01 1.99122E-02
 -1      1323 1.20143E+00 4.99662E+01-1.24797E-02
 -1      1324 1.20006E+00 4.99985E+01-3.60247E-02
 -1      1325 1.19857E+00 5.00338E+01 1.24797E-02
 -1      1326 1.19994E+00 5.00015E+01 3.60247E-02
 -1      1331 1.16707E+00 4.99853E+01-6.22501E-04
 -1      1332 1.20089E+00 4.99640E+01-1.52786E-03
 -1      1333 1.23293E+00 5.00147E+01 6.22501E-04
 -1      1334 1.19911E+00 5.00360E+01 1.52786E-03
 -1      1365-1.19825E+00 5.00034E+01 1.96415E+00
 -1      1366-1.23249E+00 4.99992E+01 1.98439E+00
 -1      1367-1.20175E+00 4.99966E+01 2.03585E+00
 -1      1368-1.16751E+00 5.00008E+01 2.01561E+00
 -1      1373-1.19857E+00 4.99662E+01 1.98752E+00
 -1      1374-1.19994E+00 4.99985E+01 1.96398E+00
 -1      1375-1.20143E+00 5.00338E+01 2.01248E+00
 -1      1376-1.20006E+00 5.00015E+01 2.03602E+00
 -1      1381-1.23293E+00 4.99853E+01 1.99938E+00
 -1      1382-1.19911E+00 4.99640E+01 1.99847E+00
 -1      1383-1.16707E+00 5.00147E+01 2.00062E+00
 -1      1384-1.20089E+00 5.00360E+01 2.00153E+00
 -1      1415 1.20534E+00 5.00018E+01 1.96439E+00
 -1      1416 1.16922E+00 5.00033E+01 1.98151E+00
 -1      1417 1.19466E+00 4.99982E+01 2.03561E+00
 -1      1418 1.23078E+00 4.99967E+01 2.01849E+00
 -1      1423 1.19855E+00 4.99659E+01 1.98844E+00
 -1      1424 1.19990E+00 4.99975E+01 1.96403E+00
 -1      1425 1.20145E+00 5.00341E+01 2.01156E+00
 -1      1426 1.20010E+00 5.00025E+01 2.03597E+00
 -1      1431 1.16635E+00 4.99871E+01 2.00055E+00
 -1      1432 1.19901E+00 4.99640E+01 2.00153E+00
 -1      1433 1.23365E+00 5.00129E+01 1.99945E+00
 -1      1434 1.20099E+00 5.00360E+01 1.99847E+00
 -1      1465-1.19522E+00 3.24989E+01-1.41787E-01
 -1      1466-1.23115E+00 3.24995E+01-1.24216E-01
 -1      1467-1.20478E+00 3.25011E+01-7.03450E-02
 -1      1468-1.16885E+00 3.25005E+01-8.79159E-02
 -1      1473-1.19553E+00 3.50000E+01-1.85777E-01
 -1      1474-1.23131E+00 3.50000E+01-1.67887E-01
 -1      1475-1.20447E+00 3.50000E+01-1.14223E-01
 -1      1476-1.16869E+00 3.50000E+01-1.32113E-01
 -1      1481-1.19586E+00 3.75011E+01-1.41867E-01
 -1      1482-1.23147E+00 3.75005E+01-1.23652E-01
 -1      1483-1.20414E+00 3.74989E+01-7.02647E-02
 -1      1484-1.16853E+00 3.74995E+01-8.84797E-02
 -1      1489 1.20414E+00 3.25011E+01 7.02647E-02
 -1      1490 1.16853E+00 3.25005E+01 8.84797E-02
 -1      1491 1.19586E+00 3.24989E+01 1.41867E-01
 -1      1492 1.23147E+00 3.24995E+01 1.23652E-01
 -1      1497 1.20447E+00 3.50000E+01 1.14223E-01
 -1      1498 1.16869E+00 3.50000E+01 1.32113E-01
 -1      1499 1.19553E+00 3.50000E+01 1.85777E-01
 -1      1500 1.23131E+00 3.50000E+01 1.67887E-01
 -1      1505 1.20478E+00 3.74989E+01 7.03450E-02
 -1      1506 1.16885E+00 3.74995E+01 8.79159E-02
 -1      1507 1.19522E+00 3.75011E+01 1.41787E-01
 -1      1508 1.23115E+00 3.75005E+01 1.24216E-01
 -1      1513-1.19522E+00 3.24989E+01 1.85821E+00
 -1      1514-1.23115E+00 3.24995E+01 1.87578E+00
 -1      1515-1.20478E+00 3.25011E+01 1.92966E+00
 -1      1516-1.16885E+00 3.25005E+01 1.91208E+00
 -1      1521-1.19553E+00 3.50000E+01 1.81422E+00
 -1      1522-1.23131E+00 3.50000E+01 1.83211E+00
 -1      1523-1.20447E+00 3.50000E+01 1.88578E+00
 -1      1524-1.16869E+00 3.50000E+01 1.86789E+00
 -1      1529-1.19586E+00 3.75011E+01 1.85813E+00
 -1      1530-1.23147E+00 3.75005E+01 1.87635E+00
 -1      1531-1.20414E+00 3.74989E+01 1.92974E+00
 -1      1532-1.16853E+00 3.74995E+01 1.91152E+00
 -1      1537 1.20414E+00 3.25011E+01 2.07026E+00
 -1      1538 1.16853E+00 3.25005E+01 2.08848E+00
 -1      1539 1.19586E+00 3.24989E+01 2.14187E+00
 -1      1540 1.23147E+00 3.24995E+01 2.12365E+00
 -1      1545 1.20447E+00 3.50000E+01 2.11422E+00
 -1      1546 1.16869E+00 3.50000E+01 2.13211E+00
 -1      1547 1.19553E+00 3.50000E+01 2.18578E+00
 -1      1548 1.23131E+00 3.50000E+01 2.16789E+00
 -1      1553 1.20478E+00 3.74989E+01 2.07034E+00
 -1      1554 1.16885E+00 3.74995E+01 2.08792E+00
 -1      1555 1.19522E+00 3.75011E+01 2.14179E+00
 -1      1556 1.23115E+00 3.75005E+01 2.12422E+00
 -1      1561-1.19510E+00 4.12485E+01-9.30910E-02
 -1      1562-1.23109E+00 4.12492E+01-7.56508E-02
 -1      1563-1.20490E+00 4.12515E+01-2.17140E-02
 -1      1564-1.16891E+00 4.12508E+01-3.91543E-02
 -1      1569-1.19519E+00 4.24988E+01-1.41781E-01
 -1      1570-1.23114E+00 4.24994E+01-1.24237E-01
 -1      1571-1.20481E+00 4.25012E+01-7.03511E-02
 -1      1572-1.16886E+00 4.25006E+01-8.78954E-02
 -1      1577-1.19534E+00 4.37494E+01-1.74330E-01
 -1      1578-1.23121E+00 4.37497E+01-1.56628E-01
 -1      1579-1.20466E+00 4.37506E+01-1.02834E-01
 -1      1580-1.16879E+00 4.37503E+01-1.20535E-01
 -1      1585-1.19553E+00 4.50000E+01-1.85777E-01
 -1      1586-1.23131E+00 4.50000E+01-1.67888E-01
 -1      1587-1.20447E+00 4.50000E+01-1.14223E-01
 -1      1588-1.16869E+00 4.50000E+01-1.32112E-01
 -1      1593-1.19572E+00 4.62506E+01-1.74377E-01
 -1      1594-1.23140E+00 4.62503E+01-1.56298E-01
 -1      1595-1.20428E+00 4.62494E+01-1.02787E-01
 -1      1596-1.16860E+00 4.62497E+01-1.20866E-01
 -1      1601-1.19589E+00 4.75012E+01-1.41868E-01
 -1      1602-1.23149E+00 4.75006E+01-1.23626E-01
 -1      1603-1.20411E+00 4.74988E+01-7.02642E-02
 -1      1604-1.16851E+00 4.74994E+01-8.85056E-02
 -1      1609-1.19601E+00 4.87515E+01-9.32042E-02
 -1      1610-1.23154E+00 4.87507E+01-7.48534E-02
 -1      1611-1.20399E+00 4.87485E+01-2.16008E-02
 -1      1612-1.16846E+00 4.87493E+01-3.99517E-02
 -1      1617 1.20399E+00 4.12515E+01 2.16008E-02
 -1      1618 1.16846E+00 4.12507E+01 3.99517E-02
 -1      1619 1.19601E+00 4.12485E+01 9.32042E-02
 -1      1620 1.23154E+00 4.12493E+01 7.48534E-02
 -1      1625 1.20411E+00 4.25012E+01 7.02642E-02
 -1      1626 1.16851E+00 4.25006E+01 8.85056E-02
 -1      1627 1.19589E+00 4.24988E+01 1.41868E-01
 -1      1628 1.23149E+00 4.24994E+01 1.23626E-01
 -1      1633 1.20428E+00 4.37506E+01 1.02787E-01
 -1      1634 1.16860E+00 4.37503E+01 1.20866E-01
 -1      1635 1.19572E+00 4.37494E+01 1.74377E-01
 -1      1636 1.23140E+00 4.37497E+01 1.56298E-01
 -1      1641 1.20447E+00 4.50000E+01 1.14223E-01
 -1      1642 1.16869E+00 4.50000E+01 1.32112E-01
 -1      1643 1.19553E+00 4.50000E+01 1.85777E-01
 -1      1644 1.23131E+00 4.50000E+01 1.67888E-01
 -1      1649 1.20466E+00 4.62494E+01 1.02834E-01
 -1      1650 1.16879E+00 4.62497E+01 1.20535E-01
 -1      1651 1.19534E+00 4.62506E+01 1.74330E-01
 -1      1652 1.23121E+00 4.62503E+01 1.56628E-01
 -1      1657 1.20481E+00 4.74988E+01 7.03511E-02
 -1      1658 1.16886E+00 4.74994E+01 8.78954E-02
 -1      1659 1.19519E+00 4.75012E+01 1.41781E-01
 -1      1660 1.23114E+00 4.75006E+01 1.24237E-01
 -1      1665 1.20490E+00 4.87485E+01 2.17140E-02
 -1      1666 1.16891E+00 4.87492E+01 3.91543E-02
 -1      1667 1.19510E+00 4.87515E+01 9.30910E-02
 -1      1668 1.23109E+00 4.87508E+01 7.56508E-02
 -1      1673-1.19510E+00 4.12485E+01 1.90691E+00
 -1      1674-1.23109E+00 4.12492E+01 1.92435E+00
 -1      1675-1.20490E+00 4.12515E+01 1.97829E+00
 -1      1676-1.16891E+00 4.12508E+01 1.96085E+00
 -1      1681-1.19519E+00 4.24988E+01 1.85822E+00
 -1      1682-1.23114E+00 4.24994E+01 1.87576E+00
 -1      1683-1.20481E+00 4.25012E+01 1.92965E+00
 -1      1684-1.16886E+00 4.25006E+01 1.91210E+00
 -1      1689-1.19534E+00 4.37494E+01 1.82567E+00
 -1      1690-1.23121E+00 4.37497E+01 1.84337E+00
 -1      1691-1.20466E+00 4.37506E+01 1.89717E+00
 -1      1692-1.16879E+00 4.37503E+01 1.87946E+00
 -1      1697-1.19553E+00 4.50000E+01 1.81422E+00
 -1      1698-1.23131E+00 4.50000E+01 1.83211E+00
 -1      1699-1.20447E+00 4.50000E+01 1.88578E+00
 -1      1700-1.16869E+00 4.50000E+01 1.86789E+00
 -1      1705-1.19572E+00 4.62506E+01 1.82562E+00
 -1      1706-1.23140E+00 4.62503E+01 1.84370E+00
 -1      1707-1.20428E+00 4.62494E+01 1.89721E+00
 -1      1708-1.16860E+00 4.62497E+01 1.87913E+00
 -1      1713-1.19589E+00 4.75012E+01 1.85813E+00
 -1      1714-1.23149E+00 4.75006E+01 1.87637E+00
 -1      1715-1.20411E+00 4.74988E+01 1.92974E+00
 -1      1716-1.16851E+00 4.74994E+01 1.91149E+00
 -1      1721-1.19601E+00 4.87515E+01 1.90680E+00
 -1      1722-1.23154E+00 4.87507E+01 1.92515E+00
 -1      1723-1.20399E+00 4.87485E+01 1.97840E+00
 -1      1724-1.16846E+00 4.87493E+01 1.96005E+00
 -1      1729 1.20399E+00 4.12515E+01 2.02160E+00
 -1      1730 1.16846E+00 4.12507E+01 2.03995E+00
 -1      1731 1.19601E+00 4.12485E+01 2.09320E+00
 -1      1732 1.23154E+00 4.12493E+01 2.07485E+00
 -1      1737 1.20411E+00 4.25012E+01 2.07026E+00
 -1      1738 1.16851E+00 4.25006E+01 2.08851E+00
 -1      1739 1.19589E+00 4.24988E+01 2.14187E+00
 -1      1740 1.23149E+00 4.24994E+01 2.12363E+00
 -1      1745 1.20428E+00 4.37506E+01 2.10279E+00
 -1      1746 1.16860E+00 4.37503E+01 2.12087E+00
 -1      1747 1.19572E+00 4.37494E+01 2.17438E+00
 -1      1748 1.23140E+00 4.37497E+01 2.15630E+00
 -1      1753 1.20447E+00 4.50000E+01 2.11422E+00
 -1      1754 1.16869E+00 4.50000E+01 2.13211E+00
 -1      1755 1.19553E+00 4.50000E+01 2.18578E+00
 -1      1756 1.23131E+00 4.50000E+01 2.16789E+00
 -1      1761 1.20466E+00 4.62494E+01 2.10283E+00
 -1      1762 1.16879E+00 4.62497E+01 2.12054E+00
 -1      1763 1.19534E+00 4.62506E+01 2.17433E+00
 -1      1764 1.23121E+00 4.62503E+01 2.15663E+00
 -1      1769 1.20481E+00 4.74988E+01 2.07035E+00
 -1      1770 1.16886E+00 4.74994E+01 2.08790E+00
 -1      1771 1.19519E+00 4.75012E+01 2.14178E+00
 -1      1772 1.23114E+00 4.75006E+01 2.12424E+00
 -1      1777 1.20490E+00 4.87485E+01 2.02171E+00
 -1      1778 1.16891E+00 4.87492E+01 2.03915E+00
 -1      1779 1.19510E+00 4.87515E+01 2.09309E+00
 -1      1780 1.23109E+00 4.87508E+01 2.07565E+00
 -1      1785-6.01023E-01-5.95507E-02-1.16832E-02
 -1      1786-6.00070E-01-2.77896E-02-3.59798E-02
 -1      1787-5.98977E-01 8.63897E-03 1.16832E-02
 -1      1788-5.99930E-01-2.31221E-02 3.59798E-02
 -1      1793 0.00000E+00-6.99997E-02-1.20008E-02
 -1      1794 0.00000E+00-3.79991E-02-3.60000E-02
 -1      1795 0.00000E+00-2.00028E-03 1.20008E-02
 -1      1796 0.00000E+00-3.40009E-02 3.60000E-02
 -1      1801 6.01016E-01-5.93202E-02-1.23359E-02
 -1      1802 6.00049E-01-2.70988E-02-3.60180E-02
 -1      1803 5.98984E-01 8.40852E-03 1.23359E-02
 -1      1804 5.99951E-01-2.38129E-02 3.60180E-02
 -1      1809-5.98984E-01-8.40852E-03 1.98766E+00
 -1      1810-5.99951E-01 2.38129E-02 1.96398E+00
 -1      1811-6.01016E-01 5.93202E-02 2.01234E+00
 -1      1812-6.00049E-01 2.70988E-02 2.03602E+00
 -1      1817 0.00000E+00 2.00028E-03 1.98800E+00
 -1      1818 0.00000E+00 3.40009E-02 1.96400E+00
 -1      1819 0.00000E+00 6.99997E-02 2.01200E+00
 -1      1820 0.00000E+00 3.79991E-02 2.03600E+00
 -1      1825 5.98977E-01-8.63897E-03 1.98832E+00
 -1      1826 5.99930E-01 2.31221E-02 1.96402E+00
 -1      1827 6.01023E-01 5.95507E-02 2.01168E+00
 -1      1828 6.00070E-01 2.77896E-02 2.03598E+00
 -1      1833-1.23354E+00 7.99623E-03 5.00396E-01
 -1      1834-1.20070E+00-1.48194E-02 5.01081E-01
 -1      1835-1.16646E+00 3.44302E-02 4.99604E-01
 -1      1836-1.19930E+00 5.72458E-02 4.98919E-01
 -1      1841-1.23328E+00 1.61383E-02 1.00000E+00
 -1      1842-1.20001E+00-6.05551E-03 1.00000E+00
 -1      1843-1.16672E+00 4.38617E-02 1.00000E+00
 -1      1844-1.19999E+00 6.60555E-02 1.00000E+00
 -1      1849-1.23303E+00 6.76606E-03 1.49957E+00
 -1      1850-1.19936E+00-1.48205E-02 1.49892E+00
 -1      1851-1.16697E+00 3.56603E-02 1.50043E+00
 -1      1852-1.20064E+00 5.72469E-02 1.50108E+00
 -1      1857 1.16697E+00-3.56603E-02 4.99567E-01
 -1      1858 1.20064E+00-5.72469E-02 4.98919E-01
 -1      1859 1.23303E+00-6.76606E-03 5.00433E-01
 -1      1860 1.19936E+00 1.48205E-02 5.01081E-01
 -1      1865 1.16672E+00-4.38617E-02 1.00000E+00
 -1      1866 1.19999E+00-6.60555E-02 1.00000E+00
 -1      1867 1.23328E+00-1.61383E-02 1.00000E+00
 -1      1868 1.20001E+00 6.05551E-03 1.00000E+00
 -1      1873 1.16646E+00-3.44302E-02 1.50040E+00
 -1      1874 1.19930E+00-5.72458E-02 1.50108E+00
 -1      1875 1.23354E+00-7.99623E-03 1.49960E+00
 -1      1876 1.20070E+00 1.48194E-02 1.49892E+00
 -1      1881 0.00000E+00 9.93000E+00-1.20023E-02
 -1      1882 0.00000E+00 9.96200E+00-3.60001E-02
 -1      1883 0.00000E+00 9.99800E+00 1.20023E-02
 -1      1884 0.00000E+00 9.96600E+00 3.60001E-02
 -1      1889 0.00000E+00 1.00020E+01 1.98800E+00
 -1      1890 0.00000E+00 1.00340E+01 1.96400E+00
 -1      1891 0.00000E+00 1.00700E+01 2.01200E+00
 -1      1892 0.00000E+00 1.00380E+01 2.03600E+00
 -1      1897-1.23329E+00 1.00161E+01 1.00000E+00
 -1      1898-1.20002E+00 9.99394E+00 1.00000E+00
 -1      1899-1.16671E+00 1.00439E+01 1.00000E+00
 -1      1900-1.19998E+00 1.00661E+01 1.00000E+00
 -1      1905 1.16671E+00 9.95615E+00 1.00000E+00
 -1      1906 1.19998E+00 9.93394E+00 1.00000E+00
 -1      1907 1.23329E+00 9.98385E+00 1.00000E+00
 -1      1908 1.20002E+00 1.00061E+01 1.00000E+00
 -1      1913-6.01023E-01 1.99404E+01-1.16832E-02
 -1      1914-6.00070E-01 1.99722E+01-3.59798E-02
 -1      1915-5.98977E-01 2.00086E+01 1.16832E-02
 -1      1916-5.99930E-01 1.99769E+01 3.59798E-02
 -1      1921 0.00000E+00 1.99300E+01-1.20008E-02
 -1      1922 0.00000E+00 1.99620E+01-3.60000E-02
 -1      1923 0.00000E+00 1.99980E+01 1.20008E-02
 -1      1924 0.00000E+00 1.99660E+01 3.60000E-02
 -1      1929 6.01016E-01 1.99407E+01-1.23359E-02
 -1      1930 6.00049E-01 1.99729E+01-3.60180E-02
 -1      1931 5.98984E-01 2.00084E+01 1.23359E-02
 -1      1932 5.99951E-01 1.99762E+01 3.60180E-02
 -1      1937-5.98984E-01 1.99916E+01 1.98766E+00
 -1      1938-5.99951E-01 2.00238E+01 1.96398E+00
 -1      1939-6.01016E-01 2.00593E+01 2.01234E+00
 -1      1940-6.00049E-01 2.00271E+01 2.03602E+00
 -1      1945 0.00000E+00 2.00020E+01 1.98800E+00
 -1      1946 0.00000E+00 2.00340E+01 1.96400E+00
 -1      1947 0.00000E+00 2.00700E+01 2.01200E+00
 -1      1948 0.00000E+00 2.00380E+01 2.03600E+00
 -1      1953 5.98977E-01 1.99914E+01 1.98832E+00
 -1      1954 5.99930E-01 2.00231E+01 1.96402E+00
 -1      1955 6.01023E-01 2.00596E+01 2.01168E+00
 -1      1956 6.00070E-01 2.00278E+01 2.03598E+00
 -1      1961-1.23354E+00 2.00080E+01 5.00396E-01
 -1      1962-1.20070E+00 1.99852E+01 5.01081E-01
 -1      1963-1.16646E+00 2.00344E+01 4.99604E-01
 -1      1964-1.19930E+00 2.00572E+01 4.98919E-01
 -1      1969-1.23328E+00 2.00161E+01 1.00000E+00
 -1      1970-1.20001E+00 1.99939E+01 1.00000E+00
 -1      1971-1.16672E+00 2.00439E+01 1.00000E+00
 -1      1972-1.19999E+00 2.00661E+01 1.00000E+00
 -1      1977-1.23303E+00 2.00068E+01 1.49957E+00
 -1      1978-1.19936E+00 1.99852E+01 1.49892E+00
 -1      1979-1.16697E+00 2.00357E+01 1.50043E+00
 -1      1980-1.20064E+00 2.00572E+01 1.50108E+00
 -1      1985 1.16697E+00 1.99643E+01 4.99567E-01
 -1      1986 1.20064E+00 1.99428E+01 4.98919E-01
 -1      1987 1.23303E+00 1.99932E+01 5.00433E-01
 -1      1988 1.19936E+00 2.00148E+01 5.01081E-01
 -1      1993 1.16672E+00 1.99561E+01 1.00000E+00
 -1      1994 1.19999E+00 1.99339E+01 1.00000E+00
 -1      1995 1.23328E+00 1.99839E+01 1.00000E+00
 -1      1996 1.20001E+00 2.00061E+01 1.00000E+00
 -1      2001 1.16646E+00 1.99656E+01 1.50040E+00
 -1      2002 1.19930E+00 1.99428E+01 1.50108E+00
 -1      2003 1.23354E+00 1.99920E+01 1.49960E+00
 -1      2004 1.20070E+00 2.00148E+01 1.49892E+00
 -1      2009 0.00000E+00 2.99300E+01-1.20023E-02
 -1      2010 0.00000E+00 2.99620E+01-3.60001E-02
 -1      2011 0.00000E+00 2.99980E+01 1.20023E-02
 -1      2012 0.00000E+00 2.99660E+01 3.60001E-02
 -1      2017 0.00000E+00 3.00020E+01 1.98800E+00
 -1      2018 0.00000E+00 3.00340E+01 1.96400E+00
 -1      2019 0.00000E+00 3.00700E+01 2.01200E+00
 -1      2020 0.00000E+00 3.00380E+01 2.03600E+00
 -1      2025-1.23329E+00 3.00161E+01 1.00000E+00
 -1      2026-1.20002E+00 2.99939E+01 1.00000E+00
 -1      2027-1.16671E+00 3.00438E+01 1.00000E+00
 -1      2028-1.19998E+00 3.00661E+01 1.00000E+00
 -1      2033 1.16671E+00 2.99562E+01 1.00000E+00
 -1      2034 1.19998E+00 2.99339E+01 1.00000E+00
 -1      2035 1.23329E+00 2.99839E+01 1.00000E+00
 -1      2036 1.20002E+00 3.00061E+01 1.00000E+00
 -1      2041 0.00000E+00 3.99300E+01-1.20023E-02
 -1      2042 0.00000E+00 3.99620E+01-3.60001E-02
 -1      2043 0.00000E+00 3.99980E+01 1.20023E-02
 -1      2044 0.00000E+00 3.99660E+01 3.60001E-02
 -1      2049 0.00000E+00 4.00020E+01 1.98800E+00
 -1      2050 0.00000E+00 4.00340E+01 1.96400E+00
 -1      2051 0.00000E+00 4.00700E+01 2.01200E+00
 -1      2052 0.00000E+00 4.00380E+01 2.03600E+00
 -1      2057-1.23329E+00 4.00161E+01 1.00000E+00
 -1      2058-1.20002E+00 3.99939E+01 1.00000E+00
 -1      2059-1.16671E+00 4.00438E+01 1.00000E+00
 -1      2060-1.19998E+00 4.00661E+01 1.00000E+00
 -1      2065 1.16671E+00 3.99562E+01 1.00000E+00
 -1      2066 1.19998E+00 3.99339E+01 1.00000E+00
 -1      2067 1.23329E+00 3.99839E+01 1.00000E+00
 -1      2068 1.20002E+00 4.00061E+01 1.00000E+00
 -1      2073-6.01023E-01 4.99404E+01-1.16832E-02
 -1      2074-6.00070E-01 4.99722E+01-3.59798E-02
 -1      2075-5.98977E-01 5.00086E+01 1.16832E-02
 -1      2076-5.99930E-01 4.99769E+01 3.59798E-02
 -1      2081 0.00000E+00 4.99300E+01-1.20008E-02
 -1      2082 0.00000E+00 4.99620E+01-3.60000E-02
 -1      2083 0.00000E+00 4.99980E+01 1.20008E-02
 -1      2084 0.00000E+00 4.99660E+01 3.60000E-02
 -1      2089 6.01016E-01 4.99407E+01-1.23359E-02
 -1      2090 6.00049E-01 4.99729E+01-3.60180E-02
 -1      2091 5.98984E-01 5.00084E+01 1.23359E-02
 -1      2092 5.99951E-01 4.99762E+01 3.60180E-02
 -1      2097-5.98984E-01 4.99916E+01 1.98766E+00
 -1      2098-5.99951E-01 5.00238E+01 1.96398E+00
 -1      2099-6.01016E-01 5.00593E+01 2.01234E+00
 -1      2100-6.00049E-01 5.00271E+01 2.03602E+00
 -1      2105 0.00000E+00 5.00020E+01 1.98800E+00
 -1      2106 0.00000E+00 5.00340E+01 1.96400E+00
 -1      2107 0.00000E+00 5.00700E+01 2.01200E+00
 -1      2108 0.00000E+00 5.00380E+01 2.03600E+00
 -1      2113 5.98977E-01 4.99914E+01 1.98832E+00
 -1      2114 5.99930E-01 5.00231E+01 1.96402E+00
 -1      2115 6.01023E-01 5.00596E+01 2.01168E+00
 -1      2116 6.00070E-01 5.00278E+01 2.03598E+00
 -1      2121-1.23354E+00 5.00080E+01 5.00396E-01
 -1      2122-1.20070E+00 4.99852E+01 5.01081E-01
 -1      2123-1.16646E+00 5.00344E+01 4.99604E-01
 -1      2124-1.19930E+00 5.00572E+01 4.98919E-01
 -1      2129-1.23328E+00 5.00161E+01 1.00000E+00
 -1      2130-1.20001E+00 4.99939E+01 1.00000E+00
 -1      2131-1.16672E+00 5.00439E+01 1.00000E+00
 -1      2132-1.19999E+00 5.00661E+01 1.00000E+00
 -1      2137-1.23303E+00 5.00068E+01 1.49957E+00
 -1      2138-1.19936E+00 4.99852E+01 1.49892E+00
 -1      2139-1.16697E+00 5.00357E+01 1.50043E+00
 -1      2140-1.20064E+00 5.00572E+01 1.50108E+00
 -1      2145 1.16697E+00 4.99643E+01 4.99567E-01
 -1      2146 1.20064E+00 4.99428E+01 4.98919E-01
 -1      2147 1.23303E+00 4.99932E+01 5.00433E-01
 -1      2148 1.19936E+00 5.00148E+01 5.01081E-01
 -1      2153 1.16672E+00 4.99561E+01 1.00000E+00
 -1      2154 1.19999E+00 4.99339E+01 1.00000E+00
 -1      2155 1.23328E+00 4.99839E+01 1.00000E+00
 -1      2156 1.20001E+00 5.00061E+01 1.00000E+00
 -1      2161 1.16646E+00 4.99656E+01 1.50040E+00
 -1      2162 1.19930E+00 4.99428E+01 1.50108E+00
 -1      2163 1.23354E+00 4.99920E+01 1.49960E+00
 -1      2164 1.20070E+00 5.00148E+01 1.49892E+00
 -1      2169-1.19777E+00 2.52721E+00 3.58451E-01
 -1      2170-1.23236E+00 2.52386E+00 3.78258E-01
 -1      2171-1.20223E+00 2.51522E+00 4.29417E-01
 -1      2172-1.16764E+00 2.51856E+00 4.09610E-01
 -1      2177-1.19829E+00 5.03706E+00 8.14685E-01
 -1      2178-1.23259E+00 5.03303E+00 8.34866E-01
 -1      2179-1.20171E+00 5.02294E+00 8.85315E-01
 -1      2180-1.16741E+00 5.02697E+00 8.65134E-01
 -1      2185-1.19884E+00 7.52934E+00 1.35882E+00
 -1      2186-1.23282E+00 7.52458E+00 1.37939E+00
 -1      2187-1.20116E+00 7.51309E+00 1.42904E+00
 -1      2188-1.16718E+00 7.51785E+00 1.40848E+00
 -1      2193-1.19407E+00 2.51529E+00 1.57100E+00
 -1      2194-1.23055E+00 2.51802E+00 1.58719E+00
 -1      2195-1.20593E+00 2.52714E+00 1.64113E+00
 -1      2196-1.16945E+00 2.52440E+00 1.62495E+00
 -1      2201-1.19388E+00 5.02303E+00 1.11516E+00
 -1      2202-1.23044E+00 5.02621E+00 1.13106E+00
 -1      2203-1.20612E+00 5.03697E+00 1.18484E+00
 -1      2204-1.16956E+00 5.03379E+00 1.16894E+00
 -1      2209-1.19370E+00 7.51321E+00 5.71480E-01
 -1      2210-1.23034E+00 7.51682E+00 5.87095E-01
 -1      2211-1.20630E+00 7.52922E+00 6.40652E-01
 -1      2212-1.16966E+00 7.52560E+00 6.25037E-01
 -1      2217 1.20223E+00 2.52721E+00 3.58451E-01
 -1      2218 1.16764E+00 2.52386E+00 3.78258E-01
 -1      2219 1.19777E+00 2.51522E+00 4.29417E-01
 -1      2220 1.23236E+00 2.51856E+00 4.09610E-01
 -1      2225 1.20171E+00 5.03706E+00 8.14685E-01
 -1      2226 1.16741E+00 5.03303E+00 8.34866E-01
 -1      2227 1.19829E+00 5.02294E+00 8.85315E-01
 -1      2228 1.23259E+00 5.02697E+00 8.65134E-01
 -1      2233 1.20116E+00 7.52934E+00 1.35882E+00
 -1      2234 1.16718E+00 7.52458E+00 1.37939E+00
 -1      2235 1.19884E+00 7.51309E+00 1.42904E+00
 -1      2236 1.23282E+00 7.51785E+00 1.40848E+00
 -1      2241 1.20593E+00 2.51529E+00 1.57100E+00
 -1      2242 1.16945E+00 2.51802E+00 1.58719E+00
 -1      2243 1.19407E+00 2.52714E+00 1.64113E+00
 -1      2244 1.23055E+00 2.52440E+00 1.62495E+00
 -1      2249 1.20612E+00 5.02303E+00 1.11516E+00
 -1      2250 1.16956E+00 5.02621E+00 1.13106E+00
 -1      2251 1.19388E+00 5.03697E+00 1.18484E+00
 -1      2252 1.23044E+00 5.03379E+00 1.16894E+00
 -1      2257 1.20630E+00 7.51321E+00 5.71480E-01
 -1      2258 1.16966E+00 7.51682E+00 5.87095E-01
 -1      2259 1.19370E+00 7.52922E+00 6.40652E-01
 -1      2260 1.23034E+00 7.52560E+00 6.25037E-01
 -1      2265-4.83328E-01 2.47166E+00-3.43393E-02
 -1      2266-5.20442E-01 2.48175E+00-2.33534E-02
 -1      2267-5.04540E-01 2.47743E+00 3.43393E-02
 -1      2268-4.67426E-01 2.46734E+00 2.33534E-02
 -1      2273 1.59904E-01 4.96162E+00-3.45869E-02
 -1      2274 1.22764E-01 4.97054E+00-2.27046E-02
 -1      2275 1.40096E-01 4.96638E+00 3.45869E-02
 -1      2276 1.77236E-01 4.95746E+00 2.27046E-02
 -1      2281 7.15261E-01 7.47263E+00-3.48107E-02
 -1      2282 6.78146E-01 7.48037E+00-2.20585E-02
 -1      2283 6.96871E-01 7.47646E+00 3.48107E-02
 -1      2284 7.33986E-01 7.46872E+00 2.20585E-02
 -1      2289 4.93632E-01 2.47446E+00-3.60542E-02
 -1      2290 4.61704E-01 2.46578E+00-1.35783E-02
 -1      2291 4.94236E-01 2.47463E+00 3.60542E-02
 -1      2292 5.26164E-01 2.48331E+00 1.35783E-02
 -1      2297-1.49866E-01 4.96403E+00-3.60553E-02
 -1      2298-1.82311E-01 4.95625E+00-1.39944E-02
 -1      2299-1.50134E-01 4.96397E+00 3.60553E-02
 -1      2300-1.17689E-01 4.97175E+00 1.39944E-02
 -1      2305-7.05470E-01 7.47467E+00-3.60504E-02
 -1      2306-7.38413E-01 7.46780E+00-1.44278E-02
 -1      2307-7.06662E-01 7.47442E+00 3.60504E-02
 -1      2308-6.73719E-01 7.48129E+00 1.44278E-02
 -1      2313-4.83328E-01 2.47166E+00 1.96566E+00
 -1      2314-5.20442E-01 2.48175E+00 1.97665E+00
 -1      2315-5.04540E-01 2.47743E+00 2.03434E+00
 -1      2316-4.67426E-01 2.46734E+00 2.02335E+00
 -1      2321 1.59904E-01 4.96162E+00 1.96541E+00
 -1      2322 1.22764E-01 4.97054E+00 1.97730E+00
 -1      2323 1.40096E-01 4.96638E+00 2.03459E+00
 -1      2324 1.77236E-01 4.95746E+00 2.02270E+00
 -1      2329 7.15261E-01 7.47263E+00 1.96519E+00
 -1      2330 6.78146E-01 7.48037E+00 1.97794E+00
 -1      2331 6.96871E-01 7.47646E+00 2.03481E+00
 -1      2332 7.33986E-01 7.46872E+00 2.02206E+00
 -1      2337 4.93632E-01 2.47446E+00 1.96395E+00
 -1      2338 4.61704E-01 2.46578E+00 1.98642E+00
 -1      2339 4.94236E-01 2.47463E+00 2.03605E+00
 -1      2340 5.26164E-01 2.48331E+00 2.01358E+00
 -1      2345-1.49866E-01 4.96403E+00 1.96394E+00
 -1      2346-1.82311E-01 4.95625E+00 1.98601E+00
 -1      2347-1.50134E-01 4.96397E+00 2.03606E+00
 -1      2348-1.17689E-01 4.97175E+00 2.01399E+00
 -1      2353-7.05470E-01 7.47467E+00 1.96395E+00
 -1      2354-7.38413E-01 7.46780E+00 1.98557E+00
 -1      2355-7.06662E-01 7.47442E+00 2.03605E+00
 -1      2356-6.73719E-01 7.48129E+00 2.01443E+00
 -1      2361-1.19830E+00 1.50371E+01 8.14684E-01
 -1      2362-1.23259E+00 1.50330E+01 8.34874E-01
 -1      2363-1.20170E+00 1.50229E+01 8.85316E-01
 -1      2364-1.16741E+00 1.50270E+01 8.65126E-01
 -1      2369-1.19388E+00 1.50230E+01 1.11516E+00
 -1      2370-1.23044E+00 1.50262E+01 1.13106E+00
 -1      2371-1.20612E+00 1.50370E+01 1.18484E+00
 -1      2372-1.16956E+00 1.50338E+01 1.16894E+00
 -1      2377 1.20170E+00 1.50371E+01 8.14684E-01
 -1      2378 1.16741E+00 1.50330E+01 8.34874E-01
 -1      2379 1.19830E+00 1.50229E+01 8.85316E-01
 -1      2380 1.23259E+00 1.50270E+01 8.65126E-01
 -1      2385 1.20612E+00 1.50230E+01 1.11516E+00
 -1      2386 1.16956E+00 1.50262E+01 1.13106E+00
 -1      2387 1.19388E+00 1.50370E+01 1.18484E+00
 -1      2388 1.23044E+00 1.50338E+01 1.16894E+00
 -1      2393 1.59908E-01 1.49616E+01-3.45858E-02
 -1      2394 1.22767E-01 1.49705E+01-2.27077E-02
 -1      2395 1.40092E-01 1.49664E+01 3.45858E-02
 -1      2396 1.77233E-01 1.49575E+01 2.27077E-02
 -1      2401-1.49864E-01 1.49640E+01-3.60552E-02
 -1      2402-1.82310E-01 1.49562E+01-1.39967E-02
 -1      2403-1.50136E-01 1.49640E+01 3.60552E-02
 -1      2404-1.17690E-01 1.49718E+01 1.39967E-02
 -1      2409 1.59908E-01 1.49616E+01 1.96541E+00
 -1      2410 1.22767E-01 1.49705E+01 1.97729E+00
 -1      2411 1.40092E-01 1.49664E+01 2.03459E+00
 -1      2412 1.77233E-01 1.49575E+01 2.02271E+00
 -1      2417-1.49864E-01 1.49640E+01 1.96394E+00
 -1      2418-1.82310E-01 1.49562E+01 1.98600E+00
 -1      2419-1.50136E-01 1.49640E+01 2.03606E+00
 -1      2420-1.17690E-01 1.49718E+01 2.01400E+00
 -1      2425-1.19757E+00 2.12670E+01 1.57055E-01
 -1      2426-1.23227E+00 2.12640E+01 1.76710E-01
 -1      2427-1.20243E+00 2.12559E+01 2.28140E-01
 -1      2428-1.16773E+00 2.12590E+01 2.08485E-01
 -1      2433-1.19773E+00 2.25271E+01 3.58438E-01
 -1      2434-1.23234E+00 2.25238E+01 3.78214E-01
 -1      2435-1.20227E+00 2.25153E+01 4.29430E-01
 -1      2436-1.16766E+00 2.25186E+01 4.09654E-01
 -1      2441-1.19798E+00 2.37842E+01 5.76000E-01
 -1      2442-1.23245E+00 2.37805E+01 5.95959E-01
 -1      2443-1.20202E+00 2.37713E+01 6.46836E-01
 -1      2444-1.16755E+00 2.37749E+01 6.26877E-01
 -1      2449-1.19828E+00 2.50371E+01 8.14685E-01
 -1      2450-1.23258E+00 2.50330E+01 8.34863E-01
 -1      2451-1.20172E+00 2.50229E+01 8.85315E-01
 -1      2452-1.16742E+00 2.50270E+01 8.65137E-01
 -1      2457-1.19860E+00 2.62854E+01 1.07622E+00
 -1      2458-1.23272E+00 2.62809E+01 1.09662E+00
 -1      2459-1.20140E+00 2.62700E+01 1.14662E+00
 -1      2460-1.16728E+00 2.62745E+01 1.12622E+00
 -1      2465-1.19888E+00 2.75294E+01 1.35884E+00
 -1      2466-1.23284E+00 2.75246E+01 1.37943E+00
 -1      2467-1.20112E+00 2.75130E+01 1.42902E+00
 -1      2468-1.16716E+00 2.75178E+01 1.40843E+00
 -1      2473-1.19908E+00 2.87700E+01 1.65759E+00
 -1      2474-1.23292E+00 2.87650E+01 1.67830E+00
 -1      2475-1.20092E+00 2.87529E+01 1.72761E+00
 -1      2476-1.16708E+00 2.87580E+01 1.70689E+00
 -1      2481-1.19416E+00 2.12560E+01 1.77225E+00
 -1      2482-1.23060E+00 2.12585E+01 1.78856E+00
 -1      2483-1.20584E+00 2.12670E+01 1.84256E+00
 -1      2484-1.16940E+00 2.12644E+01 1.82625E+00
 -1      2489-1.19409E+00 2.25154E+01 1.57098E+00
 -1      2490-1.23056E+00 2.25181E+01 1.58719E+00
 -1      2491-1.20591E+00 2.25271E+01 1.64115E+00
 -1      2492-1.16944E+00 2.25244E+01 1.62494E+00
 -1      2497-1.19399E+00 2.37714E+01 1.35360E+00
 -1      2498-1.23051E+00 2.37743E+01 1.36967E+00
 -1      2499-1.20601E+00 2.37841E+01 1.42356E+00
 -1      2500-1.16949E+00 2.37812E+01 1.40749E+00
 -1      2505-1.19388E+00 2.50230E+01 1.11516E+00
 -1      2506-1.23044E+00 2.50262E+01 1.13106E+00
 -1      2507-1.20612E+00 2.50370E+01 1.18484E+00
 -1      2508-1.16956E+00 2.50338E+01 1.16894E+00
 -1      2513-1.19377E+00 2.62701E+01 8.53886E-01
 -1      2514-1.23038E+00 2.62736E+01 8.69618E-01
 -1      2515-1.20623E+00 2.62853E+01 9.23278E-01
 -1      2516-1.16962E+00 2.62819E+01 9.07546E-01
 -1      2521-1.19368E+00 2.75131E+01 5.71502E-01
 -1      2522-1.23034E+00 2.75168E+01 5.87093E-01
 -1      2523-1.20632E+00 2.75293E+01 6.40630E-01
 -1      2524-1.16966E+00 2.75257E+01 6.25039E-01
 -1      2529-1.19363E+00 2.87531E+01 2.72930E-01
 -1      2530-1.23031E+00 2.87568E+01 2.88429E-01
 -1      2531-1.20637E+00 2.87699E+01 3.41875E-01
 -1      2532-1.16969E+00 2.87661E+01 3.26376E-01
 -1      2537 1.20243E+00 2.12670E+01 1.57055E-01
 -1      2538 1.16773E+00 2.12640E+01 1.76710E-01
 -1      2539 1.19757E+00 2.12559E+01 2.28140E-01
 -1      2540 1.23227E+00 2.12590E+01 2.08485E-01
 -1      2545 1.20227E+00 2.25271E+01 3.58438E-01
 -1      2546 1.16766E+00 2.25238E+01 3.78214E-01
 -1      2547 1.19773E+00 2.25153E+01 4.29430E-01
 -1      2548 1.23234E+00 2.25186E+01 4.09654E-01
 -1      2553 1.20202E+00 2.37842E+01 5.76000E-01
 -1      2554 1.16755E+00 2.37805E+01 5.95959E-01
 -1      2555 1.19798E+00 2.37713E+01 6.46836E-01
 -1      2556 1.23245E+00 2.37749E+01 6.26877E-01
 -1      2561 1.20172E+00 2.50371E+01 8.14685E-01
 -1      2562 1.16742E+00 2.50330E+01 8.34863E-01
 -1      2563 1.19828E+00 2.50229E+01 8.85315E-01
 -1      2564 1.23258E+00 2.50270E+01 8.65137E-01
 -1      2569 1.20140E+00 2.62854E+01 1.07622E+00
 -1      2570 1.16728E+00 2.62809E+01 1.09662E+00
 -1      2571 1.19860E+00 2.62700E+01 1.14662E+00
 -1      2572 1.23272E+00 2.62745E+01 1.12622E+00
 -1      2577 1.20112E+00 2.75294E+01 1.35884E+00
 -1      2578 1.16716E+00 2.75246E+01 1.37943E+00
 -1      2579 1.19888E+00 2.75130E+01 1.42902E+00
 -1      2580 1.23284E+00 2.75178E+01 1.40843E+00
 -1      2585 1.20092E+00 2.87700E+01 1.65759E+00
 -1      2586 1.16708E+00 2.87650E+01 1.67830E+00
 -1      2587 1.19908E+00 2.87529E+01 1.72761E+00
 -1      2588 1.23292E+00 2.87580E+01 1.70689E+00
 -1      2593 1.20584E+00 2.12560E+01 1.77225E+00
 -1      2594 1.16940E+00 2.12585E+01 1.78856E+00
 -1      2595 1.19416E+00 2.12670E+01 1.84256E+00
 -1      2596 1.23060E+00 2.12644E+01 1.82625E+00
 -1      2601 1.20591E+00 2.25154E+01 1.57098E+00
 -1      2602 1.16944E+00 2.25181E+01 1.58719E+00
 -1      2603 1.19409E+00 2.25271E+01 1.64115E+00
 -1      2604 1.23056E+00 2.25244E+01 1.62494E+00
 -1      2609 1.20601E+00 2.37714E+01 1.35360E+00
 -1      2610 1.16949E+00 2.37743E+01 1.36967E+00
 -1      2611 1.19399E+00 2.37841E+01 1.42356E+00
 -1      2612 1.23051E+00 2.37812E+01 1.40749E+00
 -1      2617 1.20612E+00 2.50230E+01 1.11516E+00
 -1      2618 1.16956E+00 2.50262E+01 1.13106E+00
 -1      2619 1.19388E+00 2.50370E+01 1.18484E+00
 -1      2620 1.23044E+00 2.50338E+01 1.16894E+00
 -1      2625 1.20623E+00 2.62701E+01 8.53886E-01
 -1      2626 1.16962E+00 2.62736E+01 8.69618E-01
 -1      2627 1.19377E+00 2.62853E+01 9.23278E-01
 -1      2628 1.23038E+00 2.62819E+01 9.07546E-01
 -1      2633 1.20632E+00 2.75131E+01 5.71502E-01
 -1      2634 1.16966E+00 2.75168E+01 5.87093E-01
 -1      2635 1.19368E+00 2.75293E+01 6.40630E-01
 -1      2636 1.23034E+00 2.75257E+01 6.25039E-01
 -1      2641 1.20637E+00 2.87531E+01 2.72930E-01
 -1      2642 1.16969E+00 2.87568E+01 2.88429E-01
 -1      2643 1.19363E+00 2.87699E+01 3.41875E-01
 -1      2644 1.23031E+00 2.87661E+01 3.26376E-01
 -1      2649-8.31704E-01 2.12331E+01-3.42295E-02
 -1      2650-8.68791E-01 2.12437E+01-2.36225E-02
 -1      2651-8.53491E-01 2.12393E+01 3.42295E-02
 -1      2652-8.16404E-01 2.12288E+01 2.36225E-02
 -1      2657-4.83271E-01 2.24716E+01-3.43179E-02
 -1      2658-5.20380E-01 2.24818E+01-2.34066E-02
 -1      2659-5.04597E-01 2.24775E+01 3.43179E-02
 -1      2660-4.67488E-01 2.24673E+01 2.34066E-02
 -1      2665-1.51102E-01 2.37141E+01-3.44451E-02
 -1      2666-1.88233E-01 2.37237E+01-2.30837E-02
 -1      2667-1.71734E-01 2.37194E+01 3.44451E-02
 -1      2668-1.34603E-01 2.37098E+01 2.30837E-02
 -1      2673 1.59903E-01 2.49616E+01-3.45874E-02
 -1      2674 1.22764E-01 2.49705E+01-2.27035E-02
 -1      2675 1.40097E-01 2.49664E+01 3.45874E-02
 -1      2676 1.77236E-01 2.49575E+01 2.27035E-02
 -1      2681 4.48070E-01 2.62146E+01-3.47212E-02
 -1      2682 4.10939E-01 2.62229E+01-2.23246E-02
 -1      2683 4.29094E-01 2.62188E+01 3.47212E-02
 -1      2684 4.66225E-01 2.62106E+01 2.23246E-02
 -1      2689 7.15201E-01 2.74727E+01-3.48283E-02
 -1      2690 6.78091E-01 2.74803E+01-2.20050E-02
 -1      2691 6.96931E-01 2.74764E+01 3.48283E-02
 -1      2692 7.34041E-01 2.74688E+01 2.20050E-02
 -1      2697 9.66302E-01 2.87345E+01-3.48965E-02
 -1      2698 9.29212E-01 2.87417E+01-2.17923E-02
 -1      2699 9.48503E-01 2.87380E+01 3.48965E-02
 -1      2700 9.85593E-01 2.87307E+01 2.17923E-02
 -1      2705 8.42124E-01 2.12361E+01-3.60521E-02
 -1      2706 8.10413E-01 2.12270E+01-1.34113E-02
 -1      2707 8.43071E-01 2.12364E+01 3.60521E-02
 -1      2708 8.74781E-01 2.12454E+01 1.34113E-02
 -1      2713 4.93597E-01 2.24745E+01-3.60538E-02
 -1      2714 4.61712E-01 2.24657E+01-1.35445E-02
 -1      2715 4.94271E-01 2.24746E+01 3.60538E-02
 -1      2716 5.26156E-01 2.24834E+01 1.35445E-02
 -1      2721 1.61293E-01 2.37167E+01-3.60553E-02
 -1      2722 1.29148E-01 2.37084E+01-1.37478E-02
 -1      2723 1.61544E-01 2.37168E+01 3.60553E-02
 -1      2724 1.93688E-01 2.37251E+01 1.37478E-02
 -1      2729-1.49867E-01 2.49640E+01-3.60553E-02
 -1      2730-1.82312E-01 2.49562E+01-1.39935E-02
 -1      2731-1.50133E-01 2.49640E+01 3.60553E-02
 -1      2732-1.17688E-01 2.49718E+01 1.39935E-02
 -1      2737-4.38181E-01 2.62168E+01-3.60532E-02
 -1      2738-4.70920E-01 2.62096E+01-1.42455E-02
 -1      2739-4.38983E-01 2.62167E+01 3.60532E-02
 -1      2740-4.06244E-01 2.62239E+01 1.42455E-02
 -1      2745-7.05431E-01 2.74747E+01-3.60497E-02
 -1      2746-7.38414E-01 2.74679E+01-1.44640E-02
 -1      2747-7.06701E-01 2.74744E+01 3.60497E-02
 -1      2748-6.73718E-01 2.74812E+01 1.44640E-02
 -1      2753-9.56607E-01 2.87364E+01-3.60464E-02
 -1      2754-9.89751E-01 2.87299E+01-1.46123E-02
 -1      2755-9.58198E-01 2.87361E+01 3.60464E-02
 -1      2756-9.25054E-01 2.87425E+01 1.46123E-02
 -1      2761-8.31704E-01 2.12331E+01 1.96577E+00
 -1      2762-8.68791E-01 2.12437E+01 1.97638E+00
 -1      2763-8.53491E-01 2.12393E+01 2.03423E+00
 -1      2764-8.16404E-01 2.12288E+01 2.02362E+00
 -1      2769-4.83271E-01 2.24716E+01 1.96568E+00
 -1      2770-5.20380E-01 2.24818E+01 1.97659E+00
 -1      2771-5.04597E-01 2.24775E+01 2.03432E+00
 -1      2772-4.67488E-01 2.24673E+01 2.02341E+00
 -1      2777-1.51102E-01 2.37141E+01 1.96555E+00
 -1      2778-1.88233E-01 2.37237E+01 1.97692E+00
 -1      2779-1.71734E-01 2.37194E+01 2.03445E+00
 -1      2780-1.34603E-01 2.37098E+01 2.02308E+00
 -1      2785 1.59903E-01 2.49616E+01 1.96541E+00
 -1      2786 1.22764E-01 2.49705E+01 1.97730E+00
 -1      2787 1.40097E-01 2.49664E+01 2.03459E+00
 -1      2788 1.77236E-01 2.49575E+01 2.02270E+00
 -1      2793 4.48070E-01 2.62146E+01 1.96528E+00
 -1      2794 4.10939E-01 2.62229E+01 1.97768E+00
 -1      2795 4.29094E-01 2.62188E+01 2.03472E+00
 -1      2796 4.66225E-01 2.62106E+01 2.02232E+00
 -1      2801 7.15201E-01 2.74727E+01 1.96517E+00
 -1      2802 6.78091E-01 2.74803E+01 1.97800E+00
 -1      2803 6.96931E-01 2.74764E+01 2.03483E+00
 -1      2804 7.34041E-01 2.74688E+01 2.02200E+00
 -1      2809 9.66302E-01 2.87345E+01 1.96510E+00
 -1      2810 9.29212E-01 2.87417E+01 1.97821E+00
 -1      2811 9.48503E-01 2.87380E+01 2.03490E+00
 -1      2812 9.85593E-01 2.87307E+01 2.02179E+00
 -1      2817 8.42124E-01 2.12361E+01 1.96395E+00
 -1      2818 8.10413E-01 2.12270E+01 1.98659E+00
 -1      2819 8.43071E-01 2.12364E+01 2.03605E+00
 -1      2820 8.74781E-01 2.12454E+01 2.01341E+00
 -1      2825 4.93597E-01 2.24745E+01 1.96395E+00
 -1      2826 4.61712E-01 2.24657E+01 1.98646E+00
 -1      2827 4.94271E-01 2.24746E+01 2.03605E+00
 -1      2828 5.26156E-01 2.24834E+01 2.01354E+00
 -1      2833 1.61293E-01 2.37167E+01 1.96394E+00
 -1      2834 1.29148E-01 2.37084E+01 1.98625E+00
 -1      2835 1.61544E-01 2.37168E+01 2.03606E+00
 -1      2836 1.93688E-01 2.37251E+01 2.01375E+00
 -1      2841-1.49867E-01 2.49640E+01 1.96394E+00
 -1      2842-1.82312E-01 2.49562E+01 1.98601E+00
 -1      2843-1.50133E-01 2.49640E+01 2.03606E+00
 -1      2844-1.17688E-01 2.49718E+01 2.01399E+00
 -1      2849-4.38181E-01 2.62168E+01 1.96395E+00
 -1      2850-4.70920E-01 2.62096E+01 1.98575E+00
 -1      2851-4.38983E-01 2.62167E+01 2.03605E+00
 -1      2852-4.06244E-01 2.62239E+01 2.01425E+00
 -1      2857-7.05431E-01 2.74747E+01 1.96395E+00
 -1      2858-7.38414E-01 2.74679E+01 1.98554E+00
 -1      2859-7.06701E-01 2.74744E+01 2.03605E+00
 -1      2860-6.73718E-01 2.74812E+01 2.01446E+00
 -1      2865-9.56607E-01 2.87364E+01 1.96395E+00
 -1      2866-9.89751E-01 2.87299E+01 1.98539E+00
 -1      2867-9.58198E-01 2.87361E+01 2.03605E+00
 -1      2868-9.25054E-01 2.87425E+01 2.01461E+00
 -1      2873-1.19757E+00 3.12670E+01 1.57055E-01
 -1      2874-1.23227E+00 3.12640E+01 1.76710E-01
 -1      2875-1.20243E+00 3.12559E+01 2.28140E-01
 -1      2876-1.16773E+00 3.12590E+01 2.08485E-01
 -1      2881-1.19773E+00 3.25271E+01 3.58438E-01
 -1      2882-1.23234E+00 3.25238E+01 3.78214E-01
 -1      2883-1.20227E+00 3.25153E+01 4.29430E-01
 -1      2884-1.16766E+00 3.25186E+01 4.09654E-01
 -1      2889-1.19798E+00 3.37842E+01 5.76000E-01
 -1      2890-1.23245E+00 3.37805E+01 5.95959E-01
 -1      2891-1.20202E+00 3.37713E+01 6.46836E-01
 -1      2892-1.16755E+00 3.37749E+01 6.26877E-01
 -1      2897-1.19828E+00 3.50371E+01 8.14685E-01
 -1      2898-1.23258E+00 3.50330E+01 8.34863E-01
 -1      2899-1.20172E+00 3.50229E+01 8.85315E-01
 -1      2900-1.16742E+00 3.50270E+01 8.65137E-01
 -1      2905-1.19860E+00 3.62854E+01 1.07622E+00
 -1      2906-1.23272E+00 3.62809E+01 1.09662E+00
 -1      2907-1.20140E+00 3.62700E+01 1.14662E+00
 -1      2908-1.16728E+00 3.62745E+01 1.12622E+00
 -1      2913-1.19888E+00 3.75294E+01 1.35884E+00
 -1      2914-1.23284E+00 3.75246E+01 1.37943E+00
 -1      2915-1.20112E+00 3.75130E+01 1.42902E+00
 -1      2916-1.16716E+00 3.75178E+01 1.40843E+00
 -1      2921-1.19908E+00 3.87700E+01 1.65759E+00
 -1      2922-1.23292E+00 3.87650E+01 1.67830E+00
 -1      2923-1.20092E+00 3.87529E+01 1.72761E+00
 -1      2924-1.16708E+00 3.87580E+01 1.70689E+00
 -1      2929-1.19416E+00 3.12560E+01 1.77225E+00
 -1      2930-1.23060E+00 3.12585E+01 1.78856E+00
 -1      2931-1.20584E+00 3.12670E+01 1.84256E+00
 -1      2932-1.16940E+00 3.12644E+01 1.82625E+00
 -1      2937-1.19409E+00 3.25154E+01 1.57098E+00
 -1      2938-1.23056E+00 3.25181E+01 1.58719E+00
 -1      2939-1.20591E+00 3.25271E+01 1.64115E+00
 -1      2940-1.16944E+00 3.25244E+01 1.62494E+00
 -1      2945-1.19399E+00 3.37714E+01 1.35360E+00
 -1      2946-1.23051E+00 3.37743E+01 1.36967E+00
 -1      2947-1.20601E+00 3.37841E+01 1.42356E+00
 -1      2948-1.16949E+00 3.37812E+01 1.40749E+00
 -1      2953-1.19388E+00 3.50230E+01 1.11516E+00
 -1      2954-1.23044E+00 3.50262E+01 1.13106E+00
 -1      2955-1.20612E+00 3.50370E+01 1.18484E+00
 -1      2956-1.16956E+00 3.50338E+01 1.16894E+00
 -1      2961-1.19377E+00 3.62701E+01 8.53886E-01
 -1      2962-1.23038E+00 3.62736E+01 8.69618E-01
 -1      2963-1.20623E+00 3.62853E+01 9.23278E-01
 -1      2964-1.16962E+00 3.62819E+01 9.07546E-01
 -1      2969-1.19368E+00 3.75131E+01 5.71502E-01
 -1      2970-1.23034E+00 3.75168E+01 5.87093E-01
 -1      2971-1.20632E+00 3.75293E+01 6.40630E-01
 -1      2972-1.16966E+00 3.75257E+01 6.25039E-01
 -1      2977-1.19363E+00 3.87531E+01 2.72930E-01
 -1      2978-1.23031E+00 3.87568E+01 2.88429E-01
 -1      2979-1.20637E+00 3.87699E+01 3.41875E-01
 -1      2980-1.16969E+00 3.87661E+01 3.26376E-01
 -1      2985 1.20243E+00 3.12670E+01 1.57055E-01
 -1      2986 1.16773E+00 3.12640E+01 1.76710E-01
 -1      2987 1.19757E+00 3.12559E+01 2.28140E-01
 -1      2988 1.23227E+00 3.12590E+01 2.08485E-01
 -1      2993 1.20227E+00 3.25271E+01 3.58438E-01
 -1      2994 1.16766E+00 3.25238E+01 3.78214E-01
 -1      2995 1.19773E+00 3.25153E+01 4.29430E-01
 -1      2996 1.23234E+00 3.25186E+01 4.09654E-01
 -1      3001 1.20202E+00 3.37842E+01 5.76000E-01
 -1      3002 1.16755E+00 3.37805E+01 5.95959E-01
 -1      3003 1.19798E+00 3.37713E+01 6.46836E-01
 -1      3004 1.23245E+00 3.37749E+01 6.26877E-01
 -1      3009 1.20172E+00 3.50371E+01 8.14685E-01
 -1      3010 1.16742E+00 3.50330E+01 8.34863E-01
 -1      3011 1.19828E+00 3.50229E+01 8.85315E-01
 -1      3012 1.23258E+00 3.50270E+01 8.65137E-01
 -1      3017 1.20140E+00 3.62854E+01 1.07622E+00
 -1      3018 1.16728E+00 3.62809E+01 1.09662E+00
 -1      3019 1.19860E+00 3.62700E+01 1.14662E+00
 -1      3020 1.23272E+00 3.62745E+01 1.12622E+00
 -1      3025 1.20112E+00 3.75294E+01 1.35884E+00
 -1      3026 1.16716E+00 3.75246E+01 1.37943E+00
 -1      3027 1.19888E+00 3.75130E+01 1.42902E+00
 -1      3028 1.23284E+00 3.75178E+01 1.40843E+00
 -1      3033 1.20092E+00 3.87700E+01 1.65759E+00
 -1      3034 1.16708E+00 3.87650E+01 1.67830E+00
 -1      3035 1.19908E+00 3.87529E+01 1.72761E+00
 -1      3036 1.23292E+00 3.87580E+01 1.70689E+00
 -1      3041 1.20584E+00 3.12560E+01 1.77225E+00
 -1      3042 1.16940E+00 3.12585E+01 1.78856E+00
 -1      3043 1.19416E+00 3.12670E+01 1.84256E+00
 -1      3044 1.23060E+00 3.12644E+01 1.82625E+00
 -1      3049 1.20591E+00 3.25154E+01 1.57098E+00
 -1      3050 1.16944E+00 3.25181E+01 1.58719E+00
 -1      3051 1.19409E+00 3.25271E+01 1.64115E+00
 -1      3052 1.23056E+00 3.25244E+01 1.62494E+00
 -1      3057 1.20601E+00 3.37714E+01 1.35360E+00
 -1      3058 1.16949E+00 3.37743E+01 1.36967E+00
 -1      3059 1.19399E+00 3.37841E+01 1.42356E+00
 -1      3060 1.23051E+00 3.37812E+01 1.40749E+00
 -1      3065 1.20612E+00 3.50230E+01 1.11516E+00
 -1      3066 1.16956E+00 3.50262E+01 1.13106E+00
 -1      3067 1.19388E+00 3.50370E+01 1.18484E+00
 -1      3068 1.23044E+00 3.50338E+01 1.16894E+00
 -1      3073 1.20623E+00 3.62701E+01 8.53886E-01
 -1      3074 1.16962E+00 3.62736E+01 8.69618E-01
 -1      3075 1.19377E+00 3.62853E+01 9.23278E-01
 -1      3076 1.23038E+00 3.62819E+01 9.07546E-01
 -1      3081 1.20632E+00 3.75131E+01 5.71502E-01
 -1      3082 1.16966E+00 3.75168E+01 5.87093E-01
 -1      3083 1.19368E+00 3.75293E+01 6.40630E-01
 -1      3084 1.23034E+00 3.75257E+01 6.25039E-01
 -1      3089 1.20637E+00 3.87531E+01 2.72930E-01
 -1      3090 1.16969E+00 3.87568E+01 2.88429E-01
 -1      3091 1.19363E+00 3.87699E+01 3.41875E-01
 -1      3092 1.23031E+00 3.87661E+01 3.26376E-01
 -1      3097-8.31704E-01 3.12331E+01-3.42295E-02
 -1      3098-8.68791E-01 3.12437E+01-2.36225E-02
 -1      3099-8.53491E-01 3.12393E+01 3.42295E-02
 -1      3100-8.16404E-01 3.12288E+01 2.36225E-02
 -1      3105-4.83271E-01 3.24716E+01-3.43179E-02
 -1      3106-5.20380E-01 3.24818E+01-2.34066E-02
 -1      3107-5.04597E-01 3.24775E+01 3.43179E-02
 -1      3108-4.67488E-01 3.24673E+01 2.34066E-02
 -1      3113-1.51102E-01 3.37141E+01-3.44451E-02
 -1      3114-1.88233E-01 3.37237E+01-2.30837E-02
 -1      3115-1.71734E-01 3.37194E+01 3.44451E-02
 -1      3116-1.34603E-01 3.37098E+01 2.30837E-02
 -1      3121 1.59903E-01 3.49616E+01-3.45874E-02
 -1      3122 1.22764E-01 3.49705E+01-2.27035E-02
 -1      3123 1.40097E-01 3.49664E+01 3.45874E-02
 -1      3124 1.77236E-01 3.49575E+01 2.27035E-02
 -1      3129 4.48070E-01 3.62146E+01-3.47212E-02
 -1      3130 4.10939E-01 3.62229E+01-2.23246E-02
 -1      3131 4.29094E-01 3.62188E+01 3.47212E-02
 -1      3132 4.66225E-01 3.62106E+01 2.23246E-02
 -1      3137 7.15201E-01 3.74727E+01-3.48283E-02
 -1      3138 6.78091E-01 3.74803E+01-2.20050E-02
 -1      3139 6.96931E-01 3.74764E+01 3.48283E-02
 -1      3140 7.34041E-01 3.74688E+01 2.20050E-02
 -1      3145 9.66302E-01 3.87345E+01-3.48965E-02
 -1      3146 9.29212E-01 3.87417E+01-2.17923E-02
 -1      3147 9.48503E-01 3.87380E+01 3.48965E-02
 -1      3148 9.85593E-01 3.87307E+01 2.17923E-02
 -1      3153 8.42124E-01 3.12361E+01-3.60521E-02
 -1      3154 8.10413E-01 3.12270E+01-1.34113E-02
 -1      3155 8.43071E-01 3.12364E+01 3.60521E-02
 -1      3156 8.74781E-01 3.12454E+01 1.34113E-02
 -1      3161 4.93597E-01 3.24745E+01-3.60538E-02
 -1      3162 4.61712E-01 3.24657E+01-1.35445E-02
 -1      3163 4.94271E-01 3.24746E+01 3.60538E-02
 -1      3164 5.26156E-01 3.24834E+01 1.35445E-02
 -1      3169 1.61293E-01 3.37167E+01-3.60553E-02
 -1      3170 1.29148E-01 3.37084E+01-1.37478E-02
 -1      3171 1.61544E-01 3.37168E+01 3.60553E-02
 -1      3172 1.93688E-01 3.37251E+01 1.37478E-02
 -1      3177-1.49867E-01 3.49640E+01-3.60553E-02
 -1      3178-1.82312E-01 3.49562E+01-1.39935E-02
 -1      3179-1.50133E-01 3.49640E+01 3.60553E-02
 -1      3180-1.17688E-01 3.49718E+01 1.39935E-02
 -1      3185-4.38181E-01 3.62168E+01-3.60532E-02
 -1      3186-4.70920E-01 3.62096E+01-1.42455E-02
 -1      3187-4.38983E-01 3.62167E+01 3.60532E-02
 -1      3188-4.06244E-01 3.62239E+01 1.42455E-02
 -1      3193-7.05431E-01 3.74747E+01-3.60497E-02
 -1      3194-7.38414E-01 3.74679E+01-1.44640E-02
 -1      3195-7.06701E-01 3.74744E+01 3.60497E-02
 -1      3196-6.73718E-01 3.74812E+01 1.44640E-02
 -1      3201-9.56607E-01 3.87364E+01-3.60464E-02
 -1      3202-9.89751E-01 3.87299E+01-1.46123E-02
 -1      3203-9.58198E-01 3.87361E+01 3.60464E-02
 -1      3204-9.25054E-01 3.87425E+01 1.46123E-02
 -1      3209-8.31704E-01 3.12331E+01 1.96577E+00
 -1      3210-8.68791E-01 3.12437E+01 1.97638E+00
 -1      3211-8.53491E-01 3.12393E+01 2.03423E+00
 -1      3212-8.16404E-01 3.12288E+01 2.02362E+00
 -1      3217-4.83271E-01 3.24716E+01 1.96568E+00
 -1      3218-5.20380E-01 3.24818E+01 1.97659E+00
 -1      3219-5.04597E-01 3.24775E+01 2.03432E+00
 -1      3220-4.67488E-01 3.24673E+01 2.02341E+00
 -1      3225-1.51102E-01 3.37141E+01 1.96555E+00
 -1      3226-1.88233E-01 3.37237E+01 1.97692E+00
 -1      3227-1.71734E-01 3.37194E+01 2.03445E+00
 -1      3228-1.34603E-01 3.37098E+01 2.02308E+00
 -1      3233 1.59903E-01 3.49616E+01 1.96541E+00
 -1      3234 1.22764E-01 3.49705E+01 1.97730E+00
 -1      3235 1.40097E-01 3.49664E+01 2.03459E+00
 -1      3236 1.77236E-01 3.49575E+01 2.02270E+00
 -1      3241 4.48070E-01 3.62146E+01 1.96528E+00
 -1      3242 4.10939E-01 3.62229E+01 1.97768E+00
 -1      3243 4.29094E-01 3.62188E+01 2.03472E+00
 -1      3244 4.66225E-01 3.62106E+01 2.02232E+00
 -1      3249 7.15201E-01 3.74727E+01 1.96517E+00
 -1      3250 6.78091E-01 3.74803E+01 1.97800E+00
 -1      3251 6.96931E-01 3.74764E+01 2.03483E+00
 -1      3252 7.34041E-01 3.74688E+01 2.02200E+00
 -1      3257 9.66302E-01 3.87345E+01 1.96510E+00
 -1      3258 9.29212E-01 3.87417E+01 1.97821E+00
 -1      3259 9.48503E-01 3.87380E+01 2.03490E+00
 -1      3260 9.85593E-01 3.87307E+01 2.02179E+00
 -1      3265 8.42124E-01 3.12361E+01 1.96395E+00
 -1      3266 8.10413E-01 3.12270E+01 1.98659E+00
 -1      3267 8.43071E-01 3.12364E+01 2.03605E+00
 -1      3268 8.74781E-01 3.12454E+01 2.01341E+00
 -1      3273 4.93597E-01 3.24745E+01 1.96395E+00
 -1      3274 4.61712E-01 3.24657E+01 1.98646E+00
 -1      3275 4.94271E-01 3.24746E+01 2.03605E+00
 -1      3276 5.26156E-01 3.24834E+01 2.01354E+00
 -1      3281 1.61293E-01 3.37167E+01 1.96394E+00
 -1      3282 1.29148E-01 3.37084E+01 1.98625E+00
 -1      3283 1.61544E-01 3.37168E+01 2.03606E+00
 -1      3284 1.93688E-01 3.37251E+01 2.01375E+00
 -1      3289-1.49867E-01 3.49640E+01 1.96394E+00
 -1      3290-1.82312E-01 3.49562E+01 1.98601E+00
 -1      3291-1.50133E-01 3.49640E+01 2.03606E+00
 -1      3292-1.17688E-01 3.49718E+01 2.01399E+00
 -1      3297-4.38181E-01 3.62168E+01 1.96395E+00
 -1      3298-4.70920E-01 3.62096E+01 1.98575E+00
 -1      3299-4.38983E-01 3.62167E+01 2.03605E+00
 -1      3300-4.06244E-01 3.62239E+01 2.01425E+00
 -1      3305-7.05431E-01 3.74747E+01 1.96395E+00
 -1      3306-7.38414E-01 3.74679E+01 1.98554E+00
 -1      3307-7.06701E-01 3.74744E+01 2.03605E+00
 -1      3308-6.73718E-01 3.74812E+01 2.01446E+00
 -1      3313-9.56607E-01 3.87364E+01 1.96395E+00
 -1      3314-9.89751E-01 3.87299E+01 1.98539E+00
 -1      3315-9.58198E-01 3.87361E+01 2.03605E+00
 -1      3316-9.25054E-01 3.87425E+01 2.01461E+00
 -1      3321-1.19830E+00 4.50371E+01 8.14684E-01
 -1      3322-1.23259E+00 4.50330E+01 8.34874E-01
 -1      3323-1.20170E+00 4.50229E+01 8.85316E-01
 -1      3324-1.16741E+00 4.50270E+01 8.65126E-01
 -1      3329-1.19388E+00 4.50230E+01 1.11516E+00
 -1      3330-1.23044E+00 4.50262E+01 1.13106E+00
 -1      3331-1.20612E+00 4.50370E+01 1.18484E+00
 -1      3332-1.16956E+00 4.50338E+01 1.16894E+00
 -1      3337 1.20170E+00 4.50371E+01 8.14684E-01
 -1      3338 1.16741E+00 4.50330E+01 8.34874E-01
 -1      3339 1.19830E+00 4.50229E+01 8.85316E-01
 -1      3340 1.23259E+00 4.50270E+01 8.65126E-01
 -1      3345 1.20612E+00 4.50230E+01 1.11516E+00
 -1      3346 1.16956E+00 4.50262E+01 1.13106E+00
 -1      3347 1.19388E+00 4.50370E+01 1.18484E+00
 -1      3348 1.23044E+00 4.50338E+01 1.16894E+00
 -1      3353 1.59908E-01 4.49616E+01-3.45858E-02
 -1      3354 1.22767E-01 4.49705E+01-2.27077E-02
 -1      3355 1.40092E-01 4.49664E+01 3.45858E-02
 -1      3356 1.77233E-01 4.49575E+01 2.27077E-02
 -1      3361-1.49864E-01 4.49640E+01-3.60552E-02
 -1      3362-1.82310E-01 4.49562E+01-1.39967E-02
 -1      3363-1.50136E-01 4.49640E+01 3.60552E-02
 -1      3364-1.17690E-01 4.49718E+01 1.39967E-02
 -1      3369 1.59908E-01 4.49616E+01 1.96541E+00
 -1      3370 1.22767E-01 4.49705E+01 1.97729E+00
 -1      3371 1.40092E-01 4.49664E+01 2.03459E+00
 -1      3372 1.77233E-01 4.49575E+01 2.02271E+00
 -1      3377-1.49864E-01 4.49640E+01 1.96394E+00
 -1      3378-1.82310E-01 4.49562E+01 1.98600E+00
 -1      3379-1.50136E-01 4.49640E+01 2.03606E+00
 -1      3380-1.17690E-01 4.49718E+01 2.01400E+00
 -3
    3C                           324                                     1
 -1         1    1    0    1
 -2       265       465       466       266       268       468       467       267
 -1         2    1    0    1
 -2       315       515       516       316       318       518       517       317
 -1         3    1    0    1
 -2       365       565       566       366       368       568       567       367
 -1         4    1    0    1
 -2       415       615       616       416       418       618       617       417
 -1         5    1    0    1
 -2       465       665       666       466       468       668       667       467
 -1         6    1    0    1
 -2       515       715       716       516       518       718       717       517
 -1         7    1    0    1
 -2       565       765       766       566       568       768       767       567
 -1         8    1    0    1
 -2       615       815       816       616       618       818       817       617
 -1         9    1    0    1
 -2       665       865       866       666       668       868       867       667
 -1        10    1    0    1
 -2       715       915       916       716       718       918       917       717
 -1        11    1    0    1
 -2       765       965       966       766       768       968       967       767
 -1        12    1    0    1
 -2       815      1015      1016       816       818      1018      1017       817
 -1        13    1    0    1
 -2       865      1465      1466       866       868      1468      1467       867
 -1        14    1    0    1
 -2      1465      1473      1474      1466      1468      1476      1475      1467
 -1        15    1    0    1
 -2      1473      1481      1482      1474      1476      1484      1483      1475
 -1        16    1    0    1
 -2      1481      1065      1066      1482      1484      1068      1067      1483
 -1        17    1    0    1
 -2       915      1489      1490       916       918      1492      1491       917
 -1        18    1    0    1
 -2      1489      1497      1498      1490      1492      1500      1499      1491
 -1        19    1    0    1
 -2      1497      1505      1506      1498      1500      1508      1507      1499
 -1        20    1    0    1
 -2      1505      1115      1116      1506      1508      1118      1117      1507
 -1        21    1    0    1
 -2       965      1513      1514       966       968      1516      1515       967
 -1        22    1    0    1
 -2      1513      1521      1522      1514      1516      1524      1523      1515
 -1        23    1    0    1
 -2      1521      1529      1530      1522      1524      1532      1531      1523
 -1        24    1    0    1
 -2      1529      1165      1166      1530      1532      1168      1167      1531
 -1        25    1    0    1
 -2      1015      1537      1538      1016      1018      1540      1539      1017
 -1        26    1    0    1
 -2      1537      1545      1546      1538      1540      1548      1547      1539
 -1        27    1    0    1
 -2      1545      1553      1554      1546      1548      1556      1555      1547
 -1        28    1    0    1
 -2      1553      1215      1216      1554      1556      1218      1217      1555
 -1        29    1    0    1
 -2      1065      1561      1562      1066      1068      1564      1563      1067
 -1        30    1    0    1
 -2      1561      1569      1570      1562      1564      1572      1571      1563
 -1        31    1    0    1
 -2      1569      1577      1578      1570      1572      1580      1579      1571
 -1        32    1    0    1
 -2      1577      1585      1586      1578      1580      1588      1587      1579
 -1        33    1    0    1
 -2      1585      1593      1594      1586      1588      1596      1595      1587
 -1        34    1    0    1
 -2      1593      1601      1602      1594      1596      1604      1603      1595
 -1        35    1    0    1
 -2      1601      1609      1610      1602      1604      1612      1611      1603
 -1        36    1    0    1
 -2      1609      1265      1266      1610      1612      1268      1267      1611
 -1        37    1    0    1
 -2      1115      1617      1618      1116      1118      1620      1619      1117
 -1        38    1    0    1
 -2      1617      1625      1626      1618      1620      1628      1627      1619
 -1        39    1    0    1
 -2      1625      1633      1634      1626      1628      1636      1635      1627
 -1        40    1    0    1
 -2      1633      1641      1642      1634      1636      1644      1643      1635
 -1        41    1    0    1
 -2      1641      1649      1650      1642      1644      1652      1651      1643
 -1        42    1    0    1
 -2      1649      1657      1658      1650      1652      1660      1659      1651
 -1        43    1    0    1
 -2      1657      1665      1666      1658      1660      1668      1667      1659
 -1        44    1    0    1
 -2      1665      1315      1316      1666      1668      1318      1317      1667
 -1        45    1    0    1
 -2      1165      1673      1674      1166      1168      1676      1675      1167
 -1        46    1    0    1
 -2      1673      1681      1682      1674      1676      1684      1683      1675
 -1        47    1    0    1
 -2      1681      1689      1690      1682      1684      1692      1691      1683
 -1        48    1    0    1
 -2      1689      1697      1698      1690      1692      1700      1699      1691
 -1        49    1    0    1
 -2      1697      1705      1706      1698      1700      1708      1707      1699
 -1        50    1    0    1
 -2      1705      1713      1714      1706      1708      1716      1715      1707
 -1        51    1    0    1
 -2      1713      1721      1722      1714      1716      1724      1723      1715
 -1        52    1    0    1
 -2      1721      1365      1366      1722      1724      1368      1367      1723
 -1        53    1    0    1
 -2      1215      1729      1730      1216      1218      1732      1731      1217
 -1        54    1    0    1
 -2      1729      1737      1738      1730      1732      1740      1739      1731
 -1        55    1    0    1
 -2      1737      1745      1746      1738      1740      1748      1747      1739
 -1        56    1    0    1
 -2      1745      1753      1754      1746      1748      1756      1755      1747
 -1        57    1    0    1
 -2      1753      1761      1762      1754      1756      1764      1763      1755
 -1        58    1    0    1
 -2      1761      1769      1770      1762      1764      1772      1771      1763
 -1        59    1    0    1
 -2      1769      1777      1778      1770      1772      1780      1779      1771
 -1        60    1    0    1
 -2      1777      1415      1416      1778      1780      1418      1417      1779
 -1        61    1    0    1
 -2       273      1785      1786       274       276      1788      1787       275
 -1        62    1    0    1
 -2      1785      1793      1794      1786      1788      1796      1795      1787
 -1        63    1    0    1
 -2      1793      1801      1802      1794      1796      1804      1803      1795
 -1        64    1    0    1
 -2      1801       323       324      1802      1804       326       325      1803
 -1        65    1    0    1
 -2       373      1809      1810       374       376      1812      1811       375
 -1        66    1    0    1
 -2      1809      1817      1818      1810      1812      1820      1819      1811
 -1        67    1    0    1
 -2      1817      1825      1826      1818      1820      1828      1827      1819
 -1        68    1    0    1
 -2      1825       423       424      1826      1828       426       425      1827
 -1        69    1    0    1
 -2       281      1833      1834       282       284      1836      1835       283
 -1        70    1    0    1
 -2      1833      1841      1842      1834      1836      1844      1843      1835
 -1        71    1    0    1
 -2      1841      1849      1850      1842      1844      1852      1851      1843
 -1        72    1    0    1
 -2      1849       381       382      1850      1852       384       383      1851
 -1        73    1    0    1
 -2       331      1857      1858       332       334      1860      1859       333
 -1        74    1    0    1
 -2      1857      1865      1866      1858      1860      1868      1867      1859
 -1        75    1    0    1
 -2      1865      1873      1874      1866      1868      1876      1875      1867
 -1        76    1    0    1
 -2      1873       431       432      1874      1876       434       433      1875
 -1        77    1    0    1
 -2       473      1881      1882       474       476      1884      1883       475
 -1        78    1    0    1
 -2      1881       523       524      1882      1884       526       525      1883
 -1        79    1    0    1
 -2       573      1889      1890       574       576      1892      1891       575
 -1        80    1    0    1
 -2      1889       623       624      1890      1892       626       625      1891
 -1        81    1    0    1
 -2       481      1897      1898       482       484      1900      1899       483
 -1        82    1    0    1
 -2      1897       581       582      1898      1900       584       583      1899
 -1        83    1    0    1
 -2       531      1905      1906       532       534      1908      1907       533
 -1        84    1    0    1
 -2      1905       631       632      1906      1908       634       633      1907
 -1        85    1    0    1
 -2       673      1913      1914       674       676      1916      1915       675
 -1        86    1    0    1
 -2      1913      1921      1922      1914      1916      1924      1923      1915
 -1        87    1    0    1
 -2      1921      1929      1930      1922      1924      1932      1931      1923
 -1        88    1    0    1
 -2      1929       723       724      1930      1932       726       725      1931
 -1        89    1    0    1
 -2       773      1937      1938       774       776      1940      1939       775
 -1        90    1    0    1
 -2      1937      1945      1946      1938      1940      1948      1947      1939
 -1        91    1    0    1
 -2      1945      1953      1954      1946      1948      1956      1955      1947
 -1        92    1    0    1
 -2      1953       823       824      1954      1956       826       825      1955
 -1        93    1    0    1
 -2       681      1961      1962       682       684      1964      1963       683
 -1        94    1    0    1
 -2      1961      1969      1970      1962      1964      1972      1971      1963
 -1        95    1    0    1
 -2      1969      1977      1978      1970      1972      1980      1979      1971
 -1        96    1    0    1
 -2      1977       781       782      1978      1980       784       783      1979
 -1        97    1    0    1
 -2       731      1985      1986       732       734      1988      1987       733
 -1        98    1    0    1
 -2      1985      1993      1994      1986      1988      1996      1995      1987
 -1        99    1    0    1
 -2      1993      2001      2002      1994      1996      2004      2003      1995
 -1       100    1    0    1
 -2      2001       831       832      2002      2004       834       833      2003
 -1       101    1    0    1
 -2       873      2009      2010       874       876      2012      2011       875
 -1       102    1    0    1
 -2      2009       923       924      2010      2012       926       925      2011
 -1       103    1    0    1
 -2       973      2017      2018       974       976      2020      2019       975
 -1       104    1    0    1
 -2      2017      1023      1024      2018      2020      1026      1025      2019
 -1       105    1    0    1
 -2       881      2025      2026       882       884      2028      2027       883
 -1       106    1    0    1
 -2      2025       981       982      2026      2028       984       983      2027
 -1       107    1    0    1
 -2       931      2033      2034       932       934      2036      2035       933
 -1       108    1    0    1
 -2      2033      1031      1032      2034      2036      1034      1033      2035
 -1       109    1    0    1
 -2      1073      2041      2042      1074      1076      2044      2043      1075
 -1       110    1    0    1
 -2      2041      1123      1124      2042      2044      1126      1125      2043
 -1       111    1    0    1
 -2      1173      2049      2050      1174      1176      2052      2051      1175
 -1       112    1    0    1
 -2      2049      1223      1224      2050      2052      1226      1225      2051
 -1       113    1    0    1
 -2      1081      2057      2058      1082      1084      2060      2059      1083
 -1       114    1    0    1
 -2      2057      1181      1182      2058      2060      1184      1183      2059
 -1       115    1    0    1
 -2      1131      2065      2066      1132      1134      2068      2067      1133
 -1       116    1    0    1
 -2      2065      1231      1232      2066      2068      1234      1233      2067
 -1       117    1    0    1
 -2      1273      2073      2074      1274      1276      2076      2075      1275
 -1       118    1    0    1
 -2      2073      2081      2082      2074      2076      2084      2083      2075
 -1       119    1    0    1
 -2      2081      2089      2090      2082      2084      2092      2091      2083
 -1       120    1    0    1
 -2      2089      1323      1324      2090      2092      1326      1325      2091
 -1       121    1    0    1
 -2      1373      2097      2098      1374      1376      2100      2099      1375
 -1       122    1    0    1
 -2      2097      2105      2106      2098      2100      2108      2107      2099
 -1       123    1    0    1
 -2      2105      2113      2114      2106      2108      2116      2115      2107
 -1       124    1    0    1
 -2      2113      1423      1424      2114      2116      1426      1425      2115
 -1       125    1    0    1
 -2      1281      2121      2122      1282      1284      2124      2123      1283
 -1       126    1    0    1
 -2      2121      2129      2130      2122      2124      2132      2131      2123
 -1       127    1    0    1
 -2      2129      2137      2138      2130      2132      2140      2139      2131
 -1       128    1    0    1
 -2      2137      1381      1382      2138      2140      1384      1383      2139
 -1       129    1    0    1
 -2      1331      2145      2146      1332      1334      2148      2147      1333
 -1       130    1    0    1
 -2      2145      2153      2154      2146      2148      2156      2155      2147
 -1       131    1    0    1
 -2      2153      2161      2162      2154      2156      2164      2163      2155
 -1       132    1    0    1
 -2      2161      1431      1432      2162      2164      1434      1433      2163
 -1       133    1    0    1
 -2       265      2169      2170       266       268      2172      2171       267
 -1       134    1    0    1
 -2      2169      2177      2178      2170      2172      2180      2179      2171
 -1       135    1    0    1
 -2      2177      2185      2186      2178      2180      2188      2187      2179
 -1       136    1    0    1
 -2      2185       565       566      2186      2188       568       567      2187
 -1       137    1    0    1
 -2       365      2193      2194       366       368      2196      2195       367
 -1       138    1    0    1
 -2      2193      2201      2202      2194      2196      2204      2203      2195
 -1       139    1    0    1
 -2      2201      2209      2210      2202      2204      2212      2211      2203
 -1       140    1    0    1
 -2      2209       465       466      2210      2212       468       467      2211
 -1       141    1    0    1
 -2       315      2217      2218       316       318      2220      2219       317
 -1       142    1    0    1
 -2      2217      2225      2226      2218      2220      2228      2227      2219
 -1       143    1    0    1
 -2      2225      2233      2234      2226      2228      2236      2235      2227
 -1       144    1    0    1
 -2      2233       615       616      2234      2236       618       617      2235
 -1       145    1    0    1
 -2       415      2241      2242       416       418      2244      2243       417
 -1       146    1    0    1
 -2      2241      2249      2250      2242      2244      2252      2251      2243
 -1       147    1    0    1
 -2      2249      2257      2258      2250      2252      2260      2259      2251
 -1       148    1    0    1
 -2      2257       515       516      2258      2260       518       517      2259
 -1       149    1    0    1
 -2       265      2265      2266       266       268      2268      2267       267
 -1       150    1    0    1
 -2      2265      2273      2274      2266      2268      2276      2275      2267
 -1       151    1    0    1
 -2      2273      2281      2282      2274      2276      2284      2283      2275
 -1       152    1    0    1
 -2      2281       515       516      2282      2284       518       517      2283
 -1       153    1    0    1
 -2       315      2289      2290       316       318      2292      2291       317
 -1       154    1    0    1
 -2      2289      2297      2298      2290      2292      2300      2299      2291
 -1       155    1    0    1
 -2      2297      2305      2306      2298      2300      2308      2307      2299
 -1       156    1    0    1
 -2      2305       465       466      2306      2308       468       467      2307
 -1       157    1    0    1
 -2       365      2313      2314       366       368      2316      2315       367
 -1       158    1    0    1
 -2      2313      2321      2322      2314      2316      2324      2323      2315
 -1       159    1    0    1
 -2      2321      2329      2330      2322      2324      2332      2331      2323
 -1       160    1    0    1
 -2      2329       615       616      2330      2332       618       617      2331
 -1       161    1    0    1
 -2       415      2337      2338       416       418      2340      2339       417
 -1       162    1    0    1
 -2      2337      2345      2346      2338      2340      2348      2347      2339
 -1       163    1    0    1
 -2      2345      2353      2354      2346      2348      2356      2355      2347
 -1       164    1    0    1
 -2      2353       565       566      2354      2356       568       567      2355
 -1       165    1    0    1
 -2       465      2361      2362       466       468      2364      2363       467
 -1       166    1    0    1
 -2      2361       765       766      2362      2364       768       767      2363
 -1       167    1    0    1
 -2       565      2369      2370       566       568      2372      2371       567
 -1       168    1    0    1
 -2      2369       665       666      2370      2372       668       667      2371
 -1       169    1    0    1
 -2       515      2377      2378       516       518      2380      2379       517
 -1       170    1    0    1
 -2      2377       815       816      2378      2380       818       817      2379
 -1       171    1    0    1
 -2       615      2385      2386       616       618      2388      2387       617
 -1       172    1    0    1
 -2      2385       715       716      2386      2388       718       717      2387
 -1       173    1    0    1
 -2       465      2393      2394       466       468      2396      2395       467
 -1       174    1    0    1
 -2      2393       715       716      2394      2396       718       717      2395
 -1       175    1    0    1
 -2       515      2401      2402       516       518      2404      2403       517
 -1       176    1    0    1
 -2      2401       665       666      2402      2404       668       667      2403
 -1       177    1    0    1
 -2       565      2409      2410       566       568      2412      2411       567
 -1       178    1    0    1
 -2      2409       815       816      2410      2412       818       817      2411
 -1       179    1    0    1
 -2       615      2417      2418       616       618      2420      2419       617
 -1       180    1    0    1
 -2      2417       765       766      2418      2420       768       767      2419
 -1       181    1    0    1
 -2       665      2425      2426       666       668      2428      2427       667
 -1       182    1    0    1
 -2      2425      2433      2434      2426      2428      2436      2435      2427
 -1       183    1    0    1
 -2      2433      2441      2442      2434      2436      2444      2443      2435
 -1       184    1    0    1
 -2      2441      2449      2450      2442      2444      2452      2451      2443
 -1       185    1    0    1
 -2      2449      2457      2458      2450      2452      2460      2459      2451
 -1       186    1    0    1
 -2      2457      2465      2466      2458      2460      2468      2467      2459
 -1       187    1    0    1
 -2      2465      2473      2474      2466      2468      2476      2475      2467
 -1       188    1    0    1
 -2      2473       965       966      2474      2476       968       967      2475
 -1       189    1    0    1
 -2       765      2481      2482       766       768      2484      2483       767
 -1       190    1    0    1
 -2      2481      2489      2490      2482      2484      2492      2491      2483
 -1       191    1    0    1
 -2      2489      2497      2498      2490      2492      2500      2499      2491
 -1       192    1    0    1
 -2      2497      2505      2506      2498      2500      2508      2507      2499
 -1       193    1    0    1
 -2      2505      2513      2514      2506      2508      2516      2515      2507
 -1       194    1    0    1
 -2      2513      2521      2522      2514      2516      2524      2523      2515
 -1       195    1    0    1
 -2      2521      2529      2530      2522      2524      2532      2531      2523
 -1       196    1    0    1
 -2      2529       865       866      2530      2532       868       867      2531
 -1       197    1    0    1
 -2       715      2537      2538       716       718      2540      2539       717
 -1       198    1    0    1
 -2      2537      2545      2546      2538      2540      2548      2547      2539
 -1       199    1    0    1
 -2      2545      2553      2554      2546      2548      2556      2555      2547
 -1       200    1    0    1
 -2      2553      2561      2562      2554      2556      2564      2563      2555
 -1       201    1    0    1
 -2      2561      2569      2570      2562      2564      2572      2571      2563
 -1       202    1    0    1
 -2      2569      2577      2578      2570      2572      2580      2579      2571
 -1       203    1    0    1
 -2      2577      2585      2586      2578      2580      2588      2587      2579
 -1       204    1    0    1
 -2      2585      1015      1016      2586      2588      1018      1017      2587
 -1       205    1    0    1
 -2       815      2593      2594       816       818      2596      2595       817
 -1       206    1    0    1
 -2      2593      2601      2602      2594      2596      2604      2603      2595
 -1       207    1    0    1
 -2      2601      2609      2610      2602      2604      2612      2611      2603
 -1       208    1    0    1
 -2      2609      2617      2618      2610      2612      2620      2619      2611
 -1       209    1    0    1
 -2      2617      2625      2626      2618      2620      2628      2627      2619
 -1       210    1    0    1
 -2      2625      2633      2634      2626      2628      2636      2635      2627
 -1       211    1    0    1
 -2      2633      2641      2642      2634      2636      2644      2643      2635
 -1       212    1    0    1
 -2      2641       915       916      2642      2644       918       917      2643
 -1       213    1    0    1
 -2       665      2649      2650       666       668      2652      2651       667
 -1       214    1    0    1
 -2      2649      2657      2658      2650      2652      2660      2659      2651
 -1       215    1    0    1
 -2      2657      2665      2666      2658      2660      2668      2667      2659
 -1       216    1    0    1
 -2      2665      2673      2674      2666      2668      2676      2675      2667
 -1       217    1    0    1
 -2      2673      2681      2682      2674      2676      2684      2683      2675
 -1       218    1    0    1
 -2      2681      2689      2690      2682      2684      2692      2691      2683
 -1       219    1    0    1
 -2      2689      2697      2698      2690      2692      2700      2699      2691
 -1       220    1    0    1
 -2      2697       915       916      2698      2700       918       917      2699
 -1       221    1    0    1
 -2       715      2705      2706       716       718      2708      2707       717
 -1       222    1    0    1
 -2      2705      2713      2714      2706      2708      2716      2715      2707
 -1       223    1    0    1
 -2      2713      2721      2722      2714      2716      2724      2723      2715
 -1       224    1    0    1
 -2      2721      2729      2730      2722      2724      2732      2731      2723
 -1       225    1    0    1
 -2      2729      2737      2738      2730      2732      2740      2739      2731
 -1       226    1    0    1
 -2      2737      2745      2746      2738      2740      2748      2747      2739
 -1       227    1    0    1
 -2      2745      2753      2754      2746      2748      2756      2755      2747
 -1       228    1    0    1
 -2      2753       865       866      2754      2756       868       867      2755
 -1       229    1    0    1
 -2       765      2761      2762       766       768      2764      2763       767
 -1       230    1    0    1
 -2      2761      2769      2770      2762      2764      2772      2771      2763
 -1       231    1    0    1
 -2      2769      2777      2778      2770      2772      2780      2779      2771
 -1       232    1    0    1
 -2      2777      2785      2786      2778      2780      2788      2787      2779
 -1       233    1    0    1
 -2      2785      2793      2794      2786      2788      2796      2795      2787
 -1       234    1    0    1
 -2      2793      2801      2802      2794      2796      2804      2803      2795
 -1       235    1    0    1
 -2      2801      2809      2810      2802      2804      2812      2811      2803
 -1       236    1    0    1
 -2      2809      1015      1016      2810      2812      1018      1017      2811
 -1       237    1    0    1
 -2       815      2817      2818       816       818      2820      2819       817
 -1       238    1    0    1
 -2      2817      2825      2826      2818      2820      2828      2827      2819
 -1       239    1    0    1
 -2      2825      2833      2834      2826      2828      2836      2835      2827
 -1       240    1    0    1
 -2      2833      2841      2842      2834      2836      2844      2843      2835
 -1       241    1    0    1
 -2      2841      2849      2850      2842      2844      2852      2851      2843
 -1       242    1    0    1
 -2      2849      2857      2858      2850      2852      2860      2859      2851
 -1       243    1    0    1
 -2      2857      2865      2866      2858      2860      2868      2867      2859
 -1       244    1    0    1
 -2      2865       965       966      2866      2868       968       967      2867
 -1       245    1    0    1
 -2       865      2873      2874       866       868      2876      2875       867
 -1       246    1    0    1
 -2      2873      2881      2882      2874      2876      2884      2883      2875
 -1       247    1    0    1
 -2      2881      2889      2890      2882      2884      2892      2891      2883
 -1       248    1    0    1
 -2      2889      2897      2898      2890      2892      2900      2899      2891
 -1       249    1    0    1
 -2      2897      2905      2906      2898      2900      2908      2907      2899
 -1       250    1    0    1
 -2      2905      2913      2914      2906      2908      2916      2915      2907
 -1       251    1    0    1
 -2      2913      2921      2922      2914      2916      2924      2923      2915
 -1       252    1    0    1
 -2      2921      1165      1166      2922      2924      1168      1167      2923
 -1       253    1    0    1
 -2       965      2929      2930       966       968      2932      2931       967
 -1       254    1    0    1
 -2      2929      2937      2938      2930      2932      2940      2939      2931
 -1       255    1    0    1
 -2      2937      2945      2946      2938      2940      2948      2947      2939
 -1       256    1    0    1
 -2      2945      2953      2954      2946      2948      2956      2955      2947
 -1       257    1    0    1
 -2      2953      2961      2962      2954      2956      2964      2963      2955
 -1       258    1    0    1
 -2      2961      2969      2970      2962      2964      2972      2971      2963
 -1       259    1    0    1
 -2      2969      2977      2978      2970      2972      2980      2979      2971
 -1       260    1    0    1
 -2      2977      1065      1066      2978      2980      1068      1067      2979
 -1       261    1    0    1
 -2       915      2985      2986       916       918      2988      2987       917
 -1       262    1    0    1
 -2      2985      2993      2994      2986      2988      2996      2995      2987
 -1       263    1    0    1
 -2      2993      3001      3002      2994      2996      3004      3003      2995
 -1       264    1    0    1
 -2      3001      3009      3010      3002      3004      3012      3011      3003
 -1       265    1    0    1
 -2      3009      3017      3018      3010      3012      3020      3019      3011
 -1       266    1    0    1
 -2      3017      3025      3026      3018      3020      3028      3027      3019
 -1       267    1    0    1
 -2      3025      3033      3034      3026      3028      3036      3035      3027
 -1       268    1    0    1
 -2      3033      1215      1216      3034      3036      1218      1217      3035
 -1       269    1    0    1
 -2      1015      3041      3042      1016      1018      3044      3043      1017
 -1       270    1    0    1
 -2      3041      3049      3050      3042      3044      3052      3051      3043
 -1       271    1    0    1
 -2      3049      3057      3058      3050      3052      3060      3059      3051
 -1       272    1    0    1
 -2      3057      3065      3066      3058      3060      3068      3067      3059
 -1       273    1    0    1
 -2      3065      3073      3074      3066      3068      3076      3075      3067
 -1       274    1    0    1
 -2      3073      3081      3082      3074      3076      3084      3083      3075
 -1       275    1    0    1
 -2      3081      3089      3090      3082      3084      3092      3091      3083
 -1       276    1    0    1
 -2      3089      1115      1116      3090      3092      1118      1117      3091
 -1       277    1    0    1
 -2       865      3097      3098       866       868      3100      3099       867
 -1       278    1    0    1
 -2      3097      3105      3106      3098      3100      3108      3107      3099
 -1       279    1    0    1
 -2      3105      3113      3114      3106      3108      3116      3115      3107
 -1       280    1    0    1
 -2      3113      3121      3122      3114      3116      3124      3123      3115
 -1       281    1    0    1
 -2      3121      3129      3130      3122      3124      3132      3131      3123
 -1       282    1    0    1
 -2      3129      3137      3138      3130      3132      3140      3139      3131
 -1       283    1    0    1
 -2      3137      3145      3146      3138      3140      3148      3147      3139
 -1       284    1    0    1
 -2      3145      1115      1116      3146      3148      1118      1117      3147
 -1       285    1    0    1
 -2       915      3153      3154       916       918      3156      3155       917
 -1       286    1    0    1
 -2      3153      3161      3162      3154      3156      3164      3163      3155
 -1       287    1    0    1
 -2      3161      3169      3170      3162      3164      3172      3171      3163
 -1       288    1    0    1
 -2      3169      3177      3178      3170      3172      3180      3179      3171
 -1       289    1    0    1
 -2      3177      3185      3186      3178      3180      3188      3187      3179
 -1       290    1    0    1
 -2      3185      3193      3194      3186      3188      3196      3195      3187
 -1       291    1    0    1
 -2      3193      3201      3202      3194      3196      3204      3203      3195
 -1       292    1    0    1
 -2      3201      1065      1066      3202      3204      1068      1067      3203
 -1       293    1    0    1
 -2       965      3209      3210       966       968      3212      3211       967
 -1       294    1    0    1
 -2      3209      3217      3218      3210      3212      3220      3219      3211
 -1       295    1    0    1
 -2      3217      3225      3226      3218      3220      3228      3227      3219
 -1       296    1    0    1
 -2      3225      3233      3234      3226      3228      3236      3235      3227
 -1       297    1    0    1
 -2      3233      3241      3242      3234      3236      3244      3243      3235
 -1       298    1    0    1
 -2      3241      3249      3250      3242      3244      3252      3251      3243
 -1       299    1    0    1
 -2      3249      3257      3258      3250      3252      3260      3259      3251
 -1       300    1    0    1
 -2      3257      1215      1216      3258      3260      1218      1217      3259
 -1       301    1    0    1
 -2      1015      3265      3266      1016      1018      3268      3267      1017
 -1       302    1    0    1
 -2      3265      3273      3274      3266      3268      3276      3275      3267
 -1       303    1    0    1
 -2      3273      3281      3282      3274      3276      3284      3283      3275
 -1       304    1    0    1
 -2      3281      3289      3290      3282      3284      3292      3291      3283
 -1       305    1    0    1
 -2      3289      3297      3298      3290      3292      3300      3299      3291
 -1       306    1    0    1
 -2      3297      3305      3306      3298      3300      3308      3307      3299
 -1       307    1    0    1
 -2      3305      3313      3314      3306      3308      3316      3315      3307
 -1       308    1    0    1
 -2      3313      1165      1166      3314      3316      1168      1167      3315
 -1       309    1    0    1
 -2      1065      3321      3322      1066      1068      3324      3323      1067
 -1       310    1    0    1
 -2      3321      1365      1366      3322      3324      1368      1367      3323
 -1       311    1    0    1
 -2      1165      3329      3330      1166      1168      3332      3331      1167
 -1       312    1    0    1
 -2      3329      1265      1266      3330      3332      1268      1267      3331
 -1       313    1    0    1
 -2      1115      3337      3338      1116      1118      3340      3339      1117
 -1       314    1    0    1
 -2      3337      1415      1416      3338      3340      1418      1417      3339
 -1       315    1    0    1
 -2      1215      3345      3346      1216      1218      3348      3347      1217
 -1       316    1    0    1
 -2      3345      1315      1316      3346      3348      1318      1317      3347
 -1       317    1    0    1
 -2      1065      3353      3354      1066      1068      3356      3355      1067
 -1       318    1    0    1
 -2      3353      1315      1316      3354      3356      1318      1317      3355
 -1       319    1    0    1
 -2      1115      3361      3362      1116      1118      3364      3363      1117
 -1       320    1    0    1
 -2      3361      1265      1266      3362      3364      1268      1267      3363
 -1       321    1    0    1
 -2      1165      3369      3370      1166      1168      3372      3371      1167
 -1       322    1    0    1
 -2      3369      1415      1416      3370      3372      1418      1417      3371
 -1       323    1    0    1
 -2      1215      3377      3378      1216      1218      3380      3379      1217
 -1       324    1    0    1
 -2      3377      1365      1366      3378      3380      1368      1367      3379
 -3
    1PSTEP                         1           1           1          
  100CL  101 1.000000000           0                     0    1           1
 -4  DISP        4    1
 -5  D1          1    2    1    0
 -5  D2          1    2    2    0
 -5  D3          1    2    3    0
 -5  ALL         1    2    0    0    1ALL
 -3
 9999
