    1C
    1UNormalized cross-passage space-truss torsion benchmark            
    1UUSER                                                              
    1UDATE              05.august.2026                                  
    1UTIME              18:18:07                                        
    1UHOST                                                              
    1UPGM               CalculiX                                        
    1UVERSION           Version 2.21                             
    1UCOMPILETIME       Sat Jul 29 10:52:01 CEST 2023                    
    1UDIR                                                               
    1UDBN                                                               
    1UMAT    1STEEL                                                     
    2C                          1264                                     1
 -1       269-1.19373E+00 7.64433E-04-3.54974E-02
 -1       270-1.23022E+00 3.54650E-03-1.93487E-02
 -1       271-1.20627E+00-7.64433E-04 3.54974E-02
 -1       272-1.16978E+00-3.54650E-03 1.93487E-02
 -1       277-1.20145E+00-3.41225E-02-1.15569E-02
 -1       278-1.20010E+00-2.46574E-03-3.59709E-02
 -1       279-1.19855E+00 3.41225E-02 1.15569E-02
 -1       280-1.19990E+00 2.46574E-03 3.59709E-02
 -1       285-1.23365E+00-1.29325E-02 5.48678E-04
 -1       286-1.20099E+00-3.60094E-02 1.52775E-03
 -1       287-1.16635E+00 1.29325E-02-5.48678E-04
 -1       288-1.19901E+00 3.60094E-02-1.52775E-03
 -1       319 1.20171E+00 2.55663E-03-3.59239E-02
 -1       320 1.16756E+00-1.97735E-03-1.56071E-02
 -1       321 1.19829E+00-2.55663E-03 3.59239E-02
 -1       322 1.23244E+00 1.97735E-03 1.56071E-02
 -1       327 1.20143E+00-3.37965E-02-1.24797E-02
 -1       328 1.20006E+00-1.48932E-03-3.60247E-02
 -1       329 1.19857E+00 3.37965E-02 1.24797E-02
 -1       330 1.19994E+00 1.48932E-03 3.60247E-02
 -1       335 1.16707E+00-1.46725E-02-6.22501E-04
 -1       336 1.20089E+00-3.60121E-02-1.52786E-03
 -1       337 1.23293E+00 1.46725E-02 6.22501E-04
 -1       338 1.19911E+00 3.60121E-02 1.52786E-03
 -1       369-1.19292E+00-3.00914E-03 1.96477E+00
 -1       370-1.22977E+00 1.41549E-03 1.97970E+00
 -1       371-1.20708E+00 3.00914E-03 2.03523E+00
 -1       372-1.17023E+00-1.41549E-03 2.02030E+00
 -1       377-1.19857E+00-3.37965E-02 1.98752E+00
 -1       378-1.19994E+00-1.48932E-03 1.96398E+00
 -1       379-1.20143E+00 3.37965E-02 2.01248E+00
 -1       380-1.20006E+00 1.48932E-03 2.03602E+00
 -1       385-1.23293E+00-1.46725E-02 1.99938E+00
 -1       386-1.19911E+00-3.60121E-02 1.99847E+00
 -1       387-1.16707E+00 1.46725E-02 2.00062E+00
 -1       388-1.20089E+00 3.60121E-02 2.00153E+00
 -1       419 1.20313E+00-1.07255E-03 1.96410E+00
 -1       420 1.16819E+00-3.59000E-03 1.98341E+00
 -1       421 1.19687E+00 1.07255E-03 2.03590E+00
 -1       422 1.23181E+00 3.59000E-03 2.01659E+00
 -1       427 1.19855E+00-3.41225E-02 1.98844E+00
 -1       428 1.19990E+00-2.46574E-03 1.96403E+00
 -1       429 1.20145E+00 3.41225E-02 2.01156E+00
 -1       430 1.20010E+00 2.46574E-03 2.03597E+00
 -1       435 1.16635E+00-1.29325E-02 2.00055E+00
 -1       436 1.19901E+00-3.60094E-02 2.00153E+00
 -1       437 1.23365E+00 1.29325E-02 1.99945E+00
 -1       438 1.20099E+00 3.60094E-02 1.99847E+00
 -1       469-1.19512E+00 9.99969E+00-3.57225E-02
 -1       470-1.23110E+00 1.00003E+01-1.82468E-02
 -1       471-1.20488E+00 1.00003E+01 3.57225E-02
 -1       472-1.16890E+00 9.99969E+00 1.82468E-02
 -1       477-1.20145E+00 9.96588E+00-1.15569E-02
 -1       478-1.20010E+00 9.99753E+00-3.59709E-02
 -1       479-1.19855E+00 1.00341E+01 1.15569E-02
 -1       480-1.19990E+00 1.00025E+01 3.59709E-02
 -1       485-1.23365E+00 9.98707E+00 5.48678E-04
 -1       486-1.20099E+00 9.96399E+00 1.52775E-03
 -1       487-1.16635E+00 1.00129E+01-5.48678E-04
 -1       488-1.19901E+00 1.00360E+01-1.52775E-03
 -1       519 1.20444E+00 9.99930E+00-3.57739E-02
 -1       520 1.16868E+00 9.99918E+00-1.78501E-02
 -1       521 1.19556E+00 1.00007E+01 3.57739E-02
 -1       522 1.23132E+00 1.00008E+01 1.78501E-02
 -1       527 1.20143E+00 9.96620E+00-1.24797E-02
 -1       528 1.20006E+00 9.99851E+00-3.60247E-02
 -1       529 1.19857E+00 1.00338E+01 1.24797E-02
 -1       530 1.19994E+00 1.00015E+01 3.60247E-02
 -1       535 1.16707E+00 9.98533E+00-6.22501E-04
 -1       536 1.20089E+00 9.96399E+00-1.52786E-03
 -1       537 1.23293E+00 1.00147E+01 6.22501E-04
 -1       538 1.19911E+00 1.00360E+01 1.52786E-03
 -1       569-1.19544E+00 1.00007E+01 1.96424E+00
 -1       570-1.23126E+00 1.00008E+01 1.98205E+00
 -1       571-1.20456E+00 9.99930E+00 2.03576E+00
 -1       572-1.16874E+00 9.99918E+00 2.01795E+00
 -1       577-1.19857E+00 9.96620E+00 1.98752E+00
 -1       578-1.19994E+00 9.99851E+00 1.96398E+00
 -1       579-1.20143E+00 1.00338E+01 2.01248E+00
 -1       580-1.20006E+00 1.00015E+01 2.03602E+00
 -1       585-1.23293E+00 9.98533E+00 1.99938E+00
 -1       586-1.19911E+00 9.96399E+00 1.99847E+00
 -1       587-1.16707E+00 1.00147E+01 2.00062E+00
 -1       588-1.20089E+00 1.00360E+01 2.00153E+00
 -1       619 1.20411E+00 1.00003E+01 1.96418E+00
 -1       620 1.16852E+00 9.99968E+00 1.98243E+00
 -1       621 1.19589E+00 9.99970E+00 2.03582E+00
 -1       622 1.23148E+00 1.00003E+01 2.01757E+00
 -1       627 1.19855E+00 9.96588E+00 1.98844E+00
 -1       628 1.19990E+00 9.99753E+00 1.96403E+00
 -1       629 1.20145E+00 1.00341E+01 2.01156E+00
 -1       630 1.20010E+00 1.00025E+01 2.03597E+00
 -1       635 1.16635E+00 9.98707E+00 2.00055E+00
 -1       636 1.19901E+00 9.96399E+00 2.00153E+00
 -1       637 1.23365E+00 1.00129E+01 1.99945E+00
 -1       638 1.20099E+00 1.00360E+01 1.99847E+00
 -1       669-1.19505E+00 1.99994E+01-3.57090E-02
 -1       670-1.23106E+00 2.00002E+01-1.83133E-02
 -1       671-1.20495E+00 2.00006E+01 3.57090E-02
 -1       672-1.16894E+00 1.99998E+01 1.83133E-02
 -1       677-1.20000E+00 1.99660E+01-1.20000E-02
 -1       678-1.20000E+00 1.99980E+01-3.60000E-02
 -1       679-1.20000E+00 2.00340E+01 1.20000E-02
 -1       680-1.20000E+00 2.00020E+01 3.60000E-02
 -1       685-1.23328E+00 1.99861E+01 0.00000E+00
 -1       686-1.20000E+00 1.99639E+01 0.00000E+00
 -1       687-1.16672E+00 2.00139E+01 0.00000E+00
 -1       688-1.20000E+00 2.00361E+01 0.00000E+00
 -1       719 1.20437E+00 1.99996E+01-3.57873E-02
 -1       720 1.16865E+00 1.99993E+01-1.77892E-02
 -1       721 1.19563E+00 2.00004E+01 3.57873E-02
 -1       722 1.23135E+00 2.00007E+01 1.77892E-02
 -1       727 1.20000E+00 1.99660E+01-1.20000E-02
 -1       728 1.20000E+00 1.99980E+01-3.60000E-02
 -1       729 1.20000E+00 2.00340E+01 1.20000E-02
 -1       730 1.20000E+00 2.00020E+01 3.60000E-02
 -1       735 1.16672E+00 1.99861E+01 0.00000E+00
 -1       736 1.20000E+00 1.99639E+01 0.00000E+00
 -1       737 1.23328E+00 2.00139E+01 0.00000E+00
 -1       738 1.20000E+00 2.00361E+01 0.00000E+00
 -1       769-1.19536E+00 2.00004E+01 1.96425E+00
 -1       770-1.23122E+00 2.00007E+01 1.98197E+00
 -1       771-1.20464E+00 1.99996E+01 2.03575E+00
 -1       772-1.16878E+00 1.99993E+01 2.01803E+00
 -1       777-1.20000E+00 1.99660E+01 1.98800E+00
 -1       778-1.20000E+00 1.99980E+01 1.96400E+00
 -1       779-1.20000E+00 2.00340E+01 2.01200E+00
 -1       780-1.20000E+00 2.00020E+01 2.03600E+00
 -1       785-1.23328E+00 1.99861E+01 2.00000E+00
 -1       786-1.20000E+00 1.99639E+01 2.00000E+00
 -1       787-1.16672E+00 2.00139E+01 2.00000E+00
 -1       788-1.20000E+00 2.00361E+01 2.00000E+00
 -1       819 1.20403E+00 2.00006E+01 1.96417E+00
 -1       820 1.16848E+00 1.99998E+01 1.98250E+00
 -1       821 1.19597E+00 1.99994E+01 2.03583E+00
 -1       822 1.23152E+00 2.00002E+01 2.01750E+00
 -1       827 1.20000E+00 1.99660E+01 1.98800E+00
 -1       828 1.20000E+00 1.99980E+01 1.96400E+00
 -1       829 1.20000E+00 2.00340E+01 2.01200E+00
 -1       830 1.20000E+00 2.00020E+01 2.03600E+00
 -1       835 1.16672E+00 1.99861E+01 2.00000E+00
 -1       836 1.20000E+00 1.99639E+01 2.00000E+00
 -1       837 1.23328E+00 2.00139E+01 2.00000E+00
 -1       838 1.20000E+00 2.00361E+01 2.00000E+00
 -1       869-1.19500E+00 2.99992E+01-3.56987E-02
 -1       870-1.23103E+00 3.00001E+01-1.83572E-02
 -1       871-1.20500E+00 3.00008E+01 3.56987E-02
 -1       872-1.16897E+00 2.99999E+01 1.83572E-02
 -1       877-1.20000E+00 2.99660E+01-1.20000E-02
 -1       878-1.20000E+00 2.99980E+01-3.60000E-02
 -1       879-1.20000E+00 3.00340E+01 1.20000E-02
 -1       880-1.20000E+00 3.00020E+01 3.60000E-02
 -1       885-1.23328E+00 2.99861E+01 0.00000E+00
 -1       886-1.20000E+00 2.99639E+01 0.00000E+00
 -1       887-1.16672E+00 3.00139E+01 0.00000E+00
 -1       888-1.20000E+00 3.00361E+01 0.00000E+00
 -1       919 1.20431E+00 2.99997E+01-3.57959E-02
 -1       920 1.16862E+00 2.99994E+01-1.77432E-02
 -1       921 1.19569E+00 3.00003E+01 3.57959E-02
 -1       922 1.23138E+00 3.00006E+01 1.77432E-02
 -1       927 1.20000E+00 2.99660E+01-1.20000E-02
 -1       928 1.20000E+00 2.99980E+01-3.60000E-02
 -1       929 1.20000E+00 3.00340E+01 1.20000E-02
 -1       930 1.20000E+00 3.00020E+01 3.60000E-02
 -1       935 1.16672E+00 2.99861E+01 0.00000E+00
 -1       936 1.20000E+00 2.99639E+01 0.00000E+00
 -1       937 1.23328E+00 3.00139E+01 0.00000E+00
 -1       938 1.20000E+00 3.00361E+01 0.00000E+00
 -1       969-1.19531E+00 3.00003E+01 1.96425E+00
 -1       970-1.23119E+00 3.00006E+01 1.98193E+00
 -1       971-1.20469E+00 2.99997E+01 2.03575E+00
 -1       972-1.16881E+00 2.99994E+01 2.01807E+00
 -1       977-1.20000E+00 2.99660E+01 1.98800E+00
 -1       978-1.20000E+00 2.99980E+01 1.96400E+00
 -1       979-1.20000E+00 3.00340E+01 2.01200E+00
 -1       980-1.20000E+00 3.00020E+01 2.03600E+00
 -1       985-1.23328E+00 2.99861E+01 2.00000E+00
 -1       986-1.20000E+00 2.99639E+01 2.00000E+00
 -1       987-1.16672E+00 3.00139E+01 2.00000E+00
 -1       988-1.20000E+00 3.00361E+01 2.00000E+00
 -1      1019 1.20397E+00 3.00007E+01 1.96417E+00
 -1      1020 1.16845E+00 2.99999E+01 1.98255E+00
 -1      1021 1.19603E+00 2.99993E+01 2.03583E+00
 -1      1022 1.23155E+00 3.00001E+01 2.01745E+00
 -1      1027 1.20000E+00 2.99660E+01 1.98800E+00
 -1      1028 1.20000E+00 2.99980E+01 1.96400E+00
 -1      1029 1.20000E+00 3.00340E+01 2.01200E+00
 -1      1030 1.20000E+00 3.00020E+01 2.03600E+00
 -1      1035 1.16672E+00 2.99861E+01 2.00000E+00
 -1      1036 1.20000E+00 2.99639E+01 2.00000E+00
 -1      1037 1.23328E+00 3.00139E+01 2.00000E+00
 -1      1038 1.20000E+00 3.00361E+01 2.00000E+00
 -1      1069-1.19501E+00 3.99993E+01-3.57018E-02
 -1      1070-1.23104E+00 4.00001E+01-1.83482E-02
 -1      1071-1.20499E+00 4.00007E+01 3.57018E-02
 -1      1072-1.16896E+00 3.99999E+01 1.83482E-02
 -1      1077-1.20145E+00 3.99659E+01-1.15569E-02
 -1      1078-1.20010E+00 3.99975E+01-3.59709E-02
 -1      1079-1.19855E+00 4.00341E+01 1.15569E-02
 -1      1080-1.19990E+00 4.00025E+01 3.59709E-02
 -1      1085-1.23365E+00 3.99871E+01 5.48678E-04
 -1      1086-1.20099E+00 3.99640E+01 1.52775E-03
 -1      1087-1.16635E+00 4.00129E+01-5.48678E-04
 -1      1088-1.19901E+00 4.00360E+01-1.52775E-03
 -1      1119 1.20434E+00 3.99996E+01-3.57913E-02
 -1      1120 1.16863E+00 3.99993E+01-1.77655E-02
 -1      1121 1.19566E+00 4.00004E+01 3.57913E-02
 -1      1122 1.23137E+00 4.00007E+01 1.77655E-02
 -1      1127 1.20143E+00 3.99662E+01-1.24797E-02
 -1      1128 1.20006E+00 3.99985E+01-3.60247E-02
 -1      1129 1.19857E+00 4.00338E+01 1.24797E-02
 -1      1130 1.19994E+00 4.00015E+01 3.60247E-02
 -1      1135 1.16707E+00 3.99853E+01-6.22501E-04
 -1      1136 1.20089E+00 3.99640E+01-1.52786E-03
 -1      1137 1.23293E+00 4.00147E+01 6.22501E-04
 -1      1138 1.19911E+00 4.00360E+01 1.52786E-03
 -1      1169-1.19533E+00 4.00004E+01 1.96425E+00
 -1      1170-1.23120E+00 4.00007E+01 1.98195E+00
 -1      1171-1.20467E+00 3.99996E+01 2.03575E+00
 -1      1172-1.16880E+00 3.99993E+01 2.01805E+00
 -1      1177-1.19857E+00 3.99662E+01 1.98752E+00
 -1      1178-1.19994E+00 3.99985E+01 1.96398E+00
 -1      1179-1.20143E+00 4.00338E+01 2.01248E+00
 -1      1180-1.20006E+00 4.00015E+01 2.03602E+00
 -1      1185-1.23293E+00 3.99853E+01 1.99938E+00
 -1      1186-1.19911E+00 3.99640E+01 1.99847E+00
 -1      1187-1.16707E+00 4.00147E+01 2.00062E+00
 -1      1188-1.20089E+00 4.00360E+01 2.00153E+00
 -1      1219 1.20399E+00 4.00007E+01 1.96417E+00
 -1      1220 1.16846E+00 3.99998E+01 1.98253E+00
 -1      1221 1.19601E+00 3.99993E+01 2.03583E+00
 -1      1222 1.23154E+00 4.00002E+01 2.01747E+00
 -1      1227 1.19855E+00 3.99659E+01 1.98844E+00
 -1      1228 1.19990E+00 3.99975E+01 1.96403E+00
 -1      1229 1.20145E+00 4.00341E+01 2.01156E+00
 -1      1230 1.20010E+00 4.00025E+01 2.03597E+00
 -1      1235 1.16635E+00 3.99871E+01 2.00055E+00
 -1      1236 1.19901E+00 3.99640E+01 2.00153E+00
 -1      1237 1.23365E+00 4.00129E+01 1.99945E+00
 -1      1238 1.20099E+00 4.00360E+01 1.99847E+00
 -1      1269-1.19608E+00 4.99978E+01-3.57769E-02
 -1      1270-1.23151E+00 4.99968E+01-1.72369E-02
 -1      1271-1.20392E+00 5.00022E+01 3.57769E-02
 -1      1272-1.16849E+00 5.00032E+01 1.72369E-02
 -1      1277-1.20157E+00 4.99659E+01-1.15220E-02
 -1      1278-1.20011E+00 4.99975E+01-3.59684E-02
 -1      1279-1.19843E+00 5.00341E+01 1.15220E-02
 -1      1280-1.19989E+00 5.00025E+01 3.59684E-02
 -1      1285-1.23368E+00 4.99872E+01 5.90072E-04
 -1      1286-1.20108E+00 4.99640E+01 1.65325E-03
 -1      1287-1.16632E+00 5.00128E+01-5.90072E-04
 -1      1288-1.19892E+00 5.00360E+01-1.65325E-03
 -1      1319 1.20659E+00 4.99962E+01-3.52441E-02
 -1      1320 1.16988E+00 5.00000E+01-1.98184E-02
 -1      1321 1.19341E+00 5.00038E+01 3.52441E-02
 -1      1322 1.23012E+00 5.00000E+01 1.98184E-02
 -1      1327 1.20155E+00 4.99662E+01-1.25208E-02
 -1      1328 1.20007E+00 4.99986E+01-3.60265E-02
 -1      1329 1.19845E+00 5.00338E+01 1.25208E-02
 -1      1330 1.19993E+00 5.00014E+01 3.60265E-02
 -1      1335 1.16710E+00 4.99853E+01-6.76580E-04
 -1      1336 1.20096E+00 4.99640E+01-1.65341E-03
 -1      1337 1.23290E+00 5.00147E+01 6.76580E-04
 -1      1338 1.19904E+00 5.00360E+01 1.65341E-03
 -1      1369-1.19822E+00 5.00036E+01 1.96416E+00
 -1      1370-1.23249E+00 4.99994E+01 1.98438E+00
 -1      1371-1.20178E+00 4.99964E+01 2.03584E+00
 -1      1372-1.16751E+00 5.00006E+01 2.01562E+00
 -1      1377-1.19845E+00 4.99662E+01 1.98748E+00
 -1      1378-1.19993E+00 4.99986E+01 1.96397E+00
 -1      1379-1.20155E+00 5.00338E+01 2.01252E+00
 -1      1380-1.20007E+00 5.00014E+01 2.03603E+00
 -1      1385-1.23290E+00 4.99853E+01 1.99932E+00
 -1      1386-1.19904E+00 4.99640E+01 1.99835E+00
 -1      1387-1.16710E+00 5.00147E+01 2.00068E+00
 -1      1388-1.20096E+00 5.00360E+01 2.00165E+00
 -1      1419 1.20511E+00 5.00021E+01 1.96437E+00
 -1      1420 1.16909E+00 5.00032E+01 1.98172E+00
 -1      1421 1.19489E+00 4.99979E+01 2.03563E+00
 -1      1422 1.23091E+00 4.99968E+01 2.01828E+00
 -1      1427 1.19843E+00 4.99659E+01 1.98848E+00
 -1      1428 1.19989E+00 4.99975E+01 1.96403E+00
 -1      1429 1.20157E+00 5.00341E+01 2.01152E+00
 -1      1430 1.20011E+00 5.00025E+01 2.03597E+00
 -1      1435 1.16632E+00 4.99872E+01 2.00059E+00
 -1      1436 1.19892E+00 4.99640E+01 2.00165E+00
 -1      1437 1.23368E+00 5.00128E+01 1.99941E+00
 -1      1438 1.20108E+00 5.00360E+01 1.99835E+00
 -1      1469-1.19522E+00 2.49893E+00-1.41787E-01
 -1      1470-1.23115E+00 2.49946E+00-1.24216E-01
 -1      1471-1.20478E+00 2.50107E+00-7.03450E-02
 -1      1472-1.16885E+00 2.50054E+00-8.79159E-02
 -1      1477-1.19553E+00 5.00000E+00-1.85777E-01
 -1      1478-1.23131E+00 5.00000E+00-1.67887E-01
 -1      1479-1.20447E+00 5.00000E+00-1.14223E-01
 -1      1480-1.16869E+00 5.00000E+00-1.32113E-01
 -1      1485-1.19586E+00 7.50107E+00-1.41867E-01
 -1      1486-1.23147E+00 7.50053E+00-1.23652E-01
 -1      1487-1.20414E+00 7.49893E+00-7.02647E-02
 -1      1488-1.16853E+00 7.49947E+00-8.84797E-02
 -1      1493 1.20414E+00 2.50107E+00 7.02647E-02
 -1      1494 1.16853E+00 2.50053E+00 8.84797E-02
 -1      1495 1.19586E+00 2.49893E+00 1.41867E-01
 -1      1496 1.23147E+00 2.49947E+00 1.23652E-01
 -1      1501 1.20447E+00 5.00000E+00 1.14223E-01
 -1      1502 1.16869E+00 5.00000E+00 1.32113E-01
 -1      1503 1.19553E+00 5.00000E+00 1.85777E-01
 -1      1504 1.23131E+00 5.00000E+00 1.67887E-01
 -1      1509 1.20478E+00 7.49893E+00 7.03450E-02
 -1      1510 1.16885E+00 7.49946E+00 8.79159E-02
 -1      1511 1.19522E+00 7.50107E+00 1.41787E-01
 -1      1512 1.23115E+00 7.50054E+00 1.24216E-01
 -1      1517-1.19522E+00 2.49893E+00 1.85821E+00
 -1      1518-1.23115E+00 2.49946E+00 1.87578E+00
 -1      1519-1.20478E+00 2.50107E+00 1.92966E+00
 -1      1520-1.16885E+00 2.50054E+00 1.91208E+00
 -1      1525-1.19553E+00 5.00000E+00 1.81422E+00
 -1      1526-1.23131E+00 5.00000E+00 1.83211E+00
 -1      1527-1.20447E+00 5.00000E+00 1.88578E+00
 -1      1528-1.16869E+00 5.00000E+00 1.86789E+00
 -1      1533-1.19586E+00 7.50107E+00 1.85813E+00
 -1      1534-1.23147E+00 7.50053E+00 1.87635E+00
 -1      1535-1.20414E+00 7.49893E+00 1.92974E+00
 -1      1536-1.16853E+00 7.49947E+00 1.91152E+00
 -1      1541 1.20414E+00 2.50107E+00 2.07026E+00
 -1      1542 1.16853E+00 2.50053E+00 2.08848E+00
 -1      1543 1.19586E+00 2.49893E+00 2.14187E+00
 -1      1544 1.23147E+00 2.49947E+00 2.12365E+00
 -1      1549 1.20447E+00 5.00000E+00 2.11422E+00
 -1      1550 1.16869E+00 5.00000E+00 2.13211E+00
 -1      1551 1.19553E+00 5.00000E+00 2.18578E+00
 -1      1552 1.23131E+00 5.00000E+00 2.16789E+00
 -1      1557 1.20478E+00 7.49893E+00 2.07034E+00
 -1      1558 1.16885E+00 7.49946E+00 2.08792E+00
 -1      1559 1.19522E+00 7.50107E+00 2.14179E+00
 -1      1560 1.23115E+00 7.50054E+00 2.12422E+00
 -1      1565-1.19553E+00 3.50000E+01-1.85778E-01
 -1      1566-1.23131E+00 3.50000E+01-1.67883E-01
 -1      1567-1.20447E+00 3.50000E+01-1.14222E-01
 -1      1568-1.16869E+00 3.50000E+01-1.32117E-01
 -1      1573 1.20447E+00 3.50000E+01 1.14222E-01
 -1      1574 1.16869E+00 3.50000E+01 1.32117E-01
 -1      1575 1.19553E+00 3.50000E+01 1.85778E-01
 -1      1576 1.23131E+00 3.50000E+01 1.67883E-01
 -1      1581-1.19553E+00 3.50000E+01 1.81422E+00
 -1      1582-1.23131E+00 3.50000E+01 1.83212E+00
 -1      1583-1.20447E+00 3.50000E+01 1.88578E+00
 -1      1584-1.16869E+00 3.50000E+01 1.86788E+00
 -1      1589 1.20447E+00 3.50000E+01 2.11422E+00
 -1      1590 1.16869E+00 3.50000E+01 2.13212E+00
 -1      1591 1.19553E+00 3.50000E+01 2.18578E+00
 -1      1592 1.23131E+00 3.50000E+01 2.16788E+00
 -1      1597-1.19522E+00 4.24989E+01-1.41787E-01
 -1      1598-1.23115E+00 4.24995E+01-1.24216E-01
 -1      1599-1.20478E+00 4.25011E+01-7.03450E-02
 -1      1600-1.16885E+00 4.25005E+01-8.79159E-02
 -1      1605-1.19553E+00 4.50000E+01-1.85777E-01
 -1      1606-1.23131E+00 4.50000E+01-1.67887E-01
 -1      1607-1.20447E+00 4.50000E+01-1.14223E-01
 -1      1608-1.16869E+00 4.50000E+01-1.32113E-01
 -1      1613-1.19586E+00 4.75011E+01-1.41867E-01
 -1      1614-1.23147E+00 4.75005E+01-1.23652E-01
 -1      1615-1.20414E+00 4.74989E+01-7.02647E-02
 -1      1616-1.16853E+00 4.74995E+01-8.84797E-02
 -1      1621 1.20414E+00 4.25011E+01 7.02647E-02
 -1      1622 1.16853E+00 4.25005E+01 8.84797E-02
 -1      1623 1.19586E+00 4.24989E+01 1.41867E-01
 -1      1624 1.23147E+00 4.24995E+01 1.23652E-01
 -1      1629 1.20447E+00 4.50000E+01 1.14223E-01
 -1      1630 1.16869E+00 4.50000E+01 1.32113E-01
 -1      1631 1.19553E+00 4.50000E+01 1.85777E-01
 -1      1632 1.23131E+00 4.50000E+01 1.67887E-01
 -1      1637 1.20478E+00 4.74989E+01 7.03450E-02
 -1      1638 1.16885E+00 4.74995E+01 8.79159E-02
 -1      1639 1.19522E+00 4.75011E+01 1.41787E-01
 -1      1640 1.23115E+00 4.75005E+01 1.24216E-01
 -1      1645-1.19522E+00 4.24989E+01 1.85821E+00
 -1      1646-1.23115E+00 4.24995E+01 1.87578E+00
 -1      1647-1.20478E+00 4.25011E+01 1.92966E+00
 -1      1648-1.16885E+00 4.25005E+01 1.91208E+00
 -1      1653-1.19553E+00 4.50000E+01 1.81422E+00
 -1      1654-1.23131E+00 4.50000E+01 1.83211E+00
 -1      1655-1.20447E+00 4.50000E+01 1.88578E+00
 -1      1656-1.16869E+00 4.50000E+01 1.86789E+00
 -1      1661-1.19586E+00 4.75011E+01 1.85813E+00
 -1      1662-1.23147E+00 4.75005E+01 1.87635E+00
 -1      1663-1.20414E+00 4.74989E+01 1.92974E+00
 -1      1664-1.16853E+00 4.74995E+01 1.91152E+00
 -1      1669 1.20414E+00 4.25011E+01 2.07026E+00
 -1      1670 1.16853E+00 4.25005E+01 2.08848E+00
 -1      1671 1.19586E+00 4.24989E+01 2.14187E+00
 -1      1672 1.23147E+00 4.24995E+01 2.12365E+00
 -1      1677 1.20447E+00 4.50000E+01 2.11422E+00
 -1      1678 1.16869E+00 4.50000E+01 2.13211E+00
 -1      1679 1.19553E+00 4.50000E+01 2.18578E+00
 -1      1680 1.23131E+00 4.50000E+01 2.16789E+00
 -1      1685 1.20478E+00 4.74989E+01 2.07034E+00
 -1      1686 1.16885E+00 4.74995E+01 2.08792E+00
 -1      1687 1.19522E+00 4.75011E+01 2.14179E+00
 -1      1688 1.23115E+00 4.75005E+01 2.12422E+00
 -1      1693-6.01023E-01-5.95507E-02-1.16832E-02
 -1      1694-6.00070E-01-2.77896E-02-3.59798E-02
 -1      1695-5.98977E-01 8.63897E-03 1.16832E-02
 -1      1696-5.99930E-01-2.31221E-02 3.59798E-02
 -1      1701 0.00000E+00-6.99997E-02-1.20008E-02
 -1      1702 0.00000E+00-3.79991E-02-3.60000E-02
 -1      1703 0.00000E+00-2.00028E-03 1.20008E-02
 -1      1704 0.00000E+00-3.40009E-02 3.60000E-02
 -1      1709 6.01016E-01-5.93202E-02-1.23359E-02
 -1      1710 6.00049E-01-2.70988E-02-3.60180E-02
 -1      1711 5.98984E-01 8.40852E-03 1.23359E-02
 -1      1712 5.99951E-01-2.38129E-02 3.60180E-02
 -1      1717-5.98984E-01-8.40852E-03 1.98766E+00
 -1      1718-5.99951E-01 2.38129E-02 1.96398E+00
 -1      1719-6.01016E-01 5.93202E-02 2.01234E+00
 -1      1720-6.00049E-01 2.70988E-02 2.03602E+00
 -1      1725 0.00000E+00 2.00028E-03 1.98800E+00
 -1      1726 0.00000E+00 3.40009E-02 1.96400E+00
 -1      1727 0.00000E+00 6.99997E-02 2.01200E+00
 -1      1728 0.00000E+00 3.79991E-02 2.03600E+00
 -1      1733 5.98977E-01-8.63897E-03 1.98832E+00
 -1      1734 5.99930E-01 2.31221E-02 1.96402E+00
 -1      1735 6.01023E-01 5.95507E-02 2.01168E+00
 -1      1736 6.00070E-01 2.77896E-02 2.03598E+00
 -1      1741-1.23354E+00 7.99623E-03 5.00396E-01
 -1      1742-1.20070E+00-1.48194E-02 5.01081E-01
 -1      1743-1.16646E+00 3.44302E-02 4.99604E-01
 -1      1744-1.19930E+00 5.72458E-02 4.98919E-01
 -1      1749-1.23328E+00 1.61383E-02 1.00000E+00
 -1      1750-1.20001E+00-6.05551E-03 1.00000E+00
 -1      1751-1.16672E+00 4.38617E-02 1.00000E+00
 -1      1752-1.19999E+00 6.60555E-02 1.00000E+00
 -1      1757-1.23303E+00 6.76606E-03 1.49957E+00
 -1      1758-1.19936E+00-1.48205E-02 1.49892E+00
 -1      1759-1.16697E+00 3.56603E-02 1.50043E+00
 -1      1760-1.20064E+00 5.72469E-02 1.50108E+00
 -1      1765 1.16697E+00-3.56603E-02 4.99567E-01
 -1      1766 1.20064E+00-5.72469E-02 4.98919E-01
 -1      1767 1.23303E+00-6.76606E-03 5.00433E-01
 -1      1768 1.19936E+00 1.48205E-02 5.01081E-01
 -1      1773 1.16672E+00-4.38617E-02 1.00000E+00
 -1      1774 1.19999E+00-6.60555E-02 1.00000E+00
 -1      1775 1.23328E+00-1.61383E-02 1.00000E+00
 -1      1776 1.20001E+00 6.05551E-03 1.00000E+00
 -1      1781 1.16646E+00-3.44302E-02 1.50040E+00
 -1      1782 1.19930E+00-5.72458E-02 1.50108E+00
 -1      1783 1.23354E+00-7.99623E-03 1.49960E+00
 -1      1784 1.20070E+00 1.48194E-02 1.49892E+00
 -1      1789-6.01023E-01 9.94045E+00-1.16832E-02
 -1      1790-6.00070E-01 9.97221E+00-3.59798E-02
 -1      1791-5.98977E-01 1.00086E+01 1.16832E-02
 -1      1792-5.99930E-01 9.97688E+00 3.59798E-02
 -1      1797 0.00000E+00 9.93000E+00-1.20008E-02
 -1      1798 0.00000E+00 9.96200E+00-3.60000E-02
 -1      1799 0.00000E+00 9.99800E+00 1.20008E-02
 -1      1800 0.00000E+00 9.96600E+00 3.60000E-02
 -1      1805 6.01016E-01 9.94068E+00-1.23359E-02
 -1      1806 6.00049E-01 9.97290E+00-3.60180E-02
 -1      1807 5.98984E-01 1.00084E+01 1.23359E-02
 -1      1808 5.99951E-01 9.97619E+00 3.60180E-02
 -1      1813-5.98984E-01 9.99159E+00 1.98766E+00
 -1      1814-5.99951E-01 1.00238E+01 1.96398E+00
 -1      1815-6.01016E-01 1.00593E+01 2.01234E+00
 -1      1816-6.00049E-01 1.00271E+01 2.03602E+00
 -1      1821 0.00000E+00 1.00020E+01 1.98800E+00
 -1      1822 0.00000E+00 1.00340E+01 1.96400E+00
 -1      1823 0.00000E+00 1.00700E+01 2.01200E+00
 -1      1824 0.00000E+00 1.00380E+01 2.03600E+00
 -1      1829 5.98977E-01 9.99136E+00 1.98832E+00
 -1      1830 5.99930E-01 1.00231E+01 1.96402E+00
 -1      1831 6.01023E-01 1.00596E+01 2.01168E+00
 -1      1832 6.00070E-01 1.00278E+01 2.03598E+00
 -1      1837-1.23354E+00 1.00080E+01 5.00396E-01
 -1      1838-1.20070E+00 9.98518E+00 5.01081E-01
 -1      1839-1.16646E+00 1.00344E+01 4.99604E-01
 -1      1840-1.19930E+00 1.00572E+01 4.98919E-01
 -1      1845-1.23328E+00 1.00161E+01 1.00000E+00
 -1      1846-1.20001E+00 9.99394E+00 1.00000E+00
 -1      1847-1.16672E+00 1.00439E+01 1.00000E+00
 -1      1848-1.19999E+00 1.00661E+01 1.00000E+00
 -1      1853-1.23303E+00 1.00068E+01 1.49957E+00
 -1      1854-1.19936E+00 9.98518E+00 1.49892E+00
 -1      1855-1.16697E+00 1.00357E+01 1.50043E+00
 -1      1856-1.20064E+00 1.00572E+01 1.50108E+00
 -1      1861 1.16697E+00 9.96434E+00 4.99567E-01
 -1      1862 1.20064E+00 9.94275E+00 4.98919E-01
 -1      1863 1.23303E+00 9.99323E+00 5.00433E-01
 -1      1864 1.19936E+00 1.00148E+01 5.01081E-01
 -1      1869 1.16672E+00 9.95614E+00 1.00000E+00
 -1      1870 1.19999E+00 9.93394E+00 1.00000E+00
 -1      1871 1.23328E+00 9.98386E+00 1.00000E+00
 -1      1872 1.20001E+00 1.00061E+01 1.00000E+00
 -1      1877 1.16646E+00 9.96557E+00 1.50040E+00
 -1      1878 1.19930E+00 9.94275E+00 1.50108E+00
 -1      1879 1.23354E+00 9.99200E+00 1.49960E+00
 -1      1880 1.20070E+00 1.00148E+01 1.49892E+00
 -1      1885-6.01023E-01 3.99404E+01-1.16832E-02
 -1      1886-6.00070E-01 3.99722E+01-3.59798E-02
 -1      1887-5.98977E-01 4.00086E+01 1.16832E-02
 -1      1888-5.99930E-01 3.99769E+01 3.59798E-02
 -1      1893 0.00000E+00 3.99300E+01-1.20008E-02
 -1      1894 0.00000E+00 3.99620E+01-3.60000E-02
 -1      1895 0.00000E+00 3.99980E+01 1.20008E-02
 -1      1896 0.00000E+00 3.99660E+01 3.60000E-02
 -1      1901 6.01016E-01 3.99407E+01-1.23359E-02
 -1      1902 6.00049E-01 3.99729E+01-3.60180E-02
 -1      1903 5.98984E-01 4.00084E+01 1.23359E-02
 -1      1904 5.99951E-01 3.99762E+01 3.60180E-02
 -1      1909-5.98984E-01 3.99916E+01 1.98766E+00
 -1      1910-5.99951E-01 4.00238E+01 1.96398E+00
 -1      1911-6.01016E-01 4.00593E+01 2.01234E+00
 -1      1912-6.00049E-01 4.00271E+01 2.03602E+00
 -1      1917 0.00000E+00 4.00020E+01 1.98800E+00
 -1      1918 0.00000E+00 4.00340E+01 1.96400E+00
 -1      1919 0.00000E+00 4.00700E+01 2.01200E+00
 -1      1920 0.00000E+00 4.00380E+01 2.03600E+00
 -1      1925 5.98977E-01 3.99914E+01 1.98832E+00
 -1      1926 5.99930E-01 4.00231E+01 1.96402E+00
 -1      1927 6.01023E-01 4.00596E+01 2.01168E+00
 -1      1928 6.00070E-01 4.00278E+01 2.03598E+00
 -1      1933-1.23354E+00 4.00080E+01 5.00396E-01
 -1      1934-1.20070E+00 3.99852E+01 5.01081E-01
 -1      1935-1.16646E+00 4.00344E+01 4.99604E-01
 -1      1936-1.19930E+00 4.00572E+01 4.98919E-01
 -1      1941-1.23328E+00 4.00161E+01 1.00000E+00
 -1      1942-1.20001E+00 3.99939E+01 1.00000E+00
 -1      1943-1.16672E+00 4.00439E+01 1.00000E+00
 -1      1944-1.19999E+00 4.00661E+01 1.00000E+00
 -1      1949-1.23303E+00 4.00068E+01 1.49957E+00
 -1      1950-1.19936E+00 3.99852E+01 1.49892E+00
 -1      1951-1.16697E+00 4.00357E+01 1.50043E+00
 -1      1952-1.20064E+00 4.00572E+01 1.50108E+00
 -1      1957 1.16697E+00 3.99643E+01 4.99567E-01
 -1      1958 1.20064E+00 3.99428E+01 4.98919E-01
 -1      1959 1.23303E+00 3.99932E+01 5.00433E-01
 -1      1960 1.19936E+00 4.00148E+01 5.01081E-01
 -1      1965 1.16672E+00 3.99561E+01 1.00000E+00
 -1      1966 1.19999E+00 3.99339E+01 1.00000E+00
 -1      1967 1.23328E+00 3.99839E+01 1.00000E+00
 -1      1968 1.20001E+00 4.00061E+01 1.00000E+00
 -1      1973 1.16646E+00 3.99656E+01 1.50040E+00
 -1      1974 1.19930E+00 3.99428E+01 1.50108E+00
 -1      1975 1.23354E+00 3.99920E+01 1.49960E+00
 -1      1976 1.20070E+00 4.00148E+01 1.49892E+00
 -1      1981-9.01448E-01 4.99521E+01-1.15569E-02
 -1      1982-9.00105E-01 4.99838E+01-3.59710E-02
 -1      1983-8.98552E-01 5.00203E+01 1.15569E-02
 -1      1984-8.99895E-01 4.99887E+01 3.59710E-02
 -1      1989-6.01107E-01 4.99404E+01-1.16576E-02
 -1      1990-6.00077E-01 4.99722E+01-3.59781E-02
 -1      1991-5.98893E-01 5.00086E+01 1.16576E-02
 -1      1992-5.99923E-01 4.99769E+01 3.59781E-02
 -1      1997-3.00599E-01 4.99327E+01-1.18121E-02
 -1      1998-3.00039E-01 4.99645E+01-3.59884E-02
 -1      1999-2.99401E-01 5.00008E+01 1.18121E-02
 -1      2000-2.99961E-01 4.99689E+01 3.59884E-02
 -1      2005 0.00000E+00 4.99300E+01-1.20002E-02
 -1      2006 0.00000E+00 4.99620E+01-3.60000E-02
 -1      2007 0.00000E+00 4.99980E+01 1.20002E-02
 -1      2008 0.00000E+00 4.99660E+01 3.60000E-02
 -1      2013 3.00596E-01 4.99328E+01-1.21945E-02
 -1      2014 3.00032E-01 4.99649E+01-3.60109E-02
 -1      2015 2.99404E-01 5.00007E+01 1.21945E-02
 -1      2016 2.99968E-01 4.99685E+01 3.60109E-02
 -1      2021 6.01099E-01 4.99407E+01-1.23640E-02
 -1      2022 6.00052E-01 4.99729E+01-3.60194E-02
 -1      2023 5.98901E-01 5.00084E+01 1.23640E-02
 -1      2024 5.99948E-01 4.99762E+01 3.60194E-02
 -1      2029 9.01434E-01 4.99524E+01-1.24797E-02
 -1      2030 9.00063E-01 4.99847E+01-3.60247E-02
 -1      2031 8.98566E-01 5.00200E+01 1.24797E-02
 -1      2032 8.99937E-01 4.99877E+01 3.60247E-02
 -1      2037-8.98566E-01 4.99800E+01 1.98752E+00
 -1      2038-8.99937E-01 5.00123E+01 1.96398E+00
 -1      2039-9.01434E-01 5.00476E+01 2.01248E+00
 -1      2040-9.00063E-01 5.00153E+01 2.03602E+00
 -1      2045-5.98901E-01 4.99916E+01 1.98764E+00
 -1      2046-5.99948E-01 5.00238E+01 1.96398E+00
 -1      2047-6.01099E-01 5.00593E+01 2.01236E+00
 -1      2048-6.00052E-01 5.00271E+01 2.03602E+00
 -1      2053-2.99404E-01 4.99993E+01 1.98781E+00
 -1      2054-2.99968E-01 5.00315E+01 1.96399E+00
 -1      2055-3.00596E-01 5.00672E+01 2.01219E+00
 -1      2056-3.00032E-01 5.00351E+01 2.03601E+00
 -1      2061 0.00000E+00 5.00020E+01 1.98800E+00
 -1      2062 0.00000E+00 5.00340E+01 1.96400E+00
 -1      2063 0.00000E+00 5.00700E+01 2.01200E+00
 -1      2064 0.00000E+00 5.00380E+01 2.03600E+00
 -1      2069 2.99401E-01 4.99992E+01 1.98819E+00
 -1      2070 2.99961E-01 5.00311E+01 1.96401E+00
 -1      2071 3.00599E-01 5.00673E+01 2.01181E+00
 -1      2072 3.00039E-01 5.00355E+01 2.03599E+00
 -1      2077 5.98893E-01 4.99914E+01 1.98834E+00
 -1      2078 5.99923E-01 5.00231E+01 1.96402E+00
 -1      2079 6.01107E-01 5.00596E+01 2.01166E+00
 -1      2080 6.00077E-01 5.00278E+01 2.03598E+00
 -1      2085 8.98552E-01 4.99797E+01 1.98844E+00
 -1      2086 8.99895E-01 5.00113E+01 1.96403E+00
 -1      2087 9.01448E-01 5.00479E+01 2.01156E+00
 -1      2088 9.00105E-01 5.00162E+01 2.03597E+00
 -1      2093-1.23365E+00 4.99985E+01 2.50549E-01
 -1      2094-1.20099E+00 4.99755E+01 2.51528E-01
 -1      2095-1.16635E+00 5.00244E+01 2.49451E-01
 -1      2096-1.19901E+00 5.00475E+01 2.48472E-01
 -1      2101-1.23356E+00 5.00080E+01 5.00427E-01
 -1      2102-1.20075E+00 4.99852E+01 5.01170E-01
 -1      2103-1.16644E+00 5.00344E+01 4.99573E-01
 -1      2104-1.19925E+00 5.00572E+01 4.98830E-01
 -1      2109-1.23343E+00 5.00142E+01 7.50237E-01
 -1      2110-1.20040E+00 4.99917E+01 7.50633E-01
 -1      2111-1.16657E+00 5.00412E+01 7.49763E-01
 -1      2112-1.19960E+00 5.00638E+01 7.49367E-01
 -1      2117-1.23328E+00 5.00161E+01 1.00000E+00
 -1      2118-1.20000E+00 4.99939E+01 1.00000E+00
 -1      2119-1.16672E+00 5.00439E+01 1.00000E+00
 -1      2120-1.20000E+00 5.00661E+01 1.00000E+00
 -1      2125-1.23313E+00 5.00135E+01 1.24975E+00
 -1      2126-1.19962E+00 4.99917E+01 1.24937E+00
 -1      2127-1.16687E+00 5.00419E+01 1.25025E+00
 -1      2128-1.20038E+00 5.00638E+01 1.25063E+00
 -1      2133-1.23301E+00 5.00067E+01 1.49953E+00
 -1      2134-1.19931E+00 4.99852E+01 1.49883E+00
 -1      2135-1.16699E+00 5.00357E+01 1.50047E+00
 -1      2136-1.20069E+00 5.00572E+01 1.50117E+00
 -1      2141-1.23293E+00 4.99968E+01 1.74938E+00
 -1      2142-1.19911E+00 4.99755E+01 1.74847E+00
 -1      2143-1.16707E+00 5.00262E+01 1.75062E+00
 -1      2144-1.20089E+00 5.00475E+01 1.75153E+00
 -1      2149 1.16707E+00 4.99738E+01 2.49378E-01
 -1      2150 1.20089E+00 4.99525E+01 2.48472E-01
 -1      2151 1.23293E+00 5.00032E+01 2.50622E-01
 -1      2152 1.19911E+00 5.00245E+01 2.51528E-01
 -1      2157 1.16699E+00 4.99643E+01 4.99529E-01
 -1      2158 1.20069E+00 4.99428E+01 4.98830E-01
 -1      2159 1.23301E+00 4.99933E+01 5.00471E-01
 -1      2160 1.19931E+00 5.00148E+01 5.01170E-01
 -1      2165 1.16687E+00 4.99581E+01 7.49750E-01
 -1      2166 1.20038E+00 4.99362E+01 7.49367E-01
 -1      2167 1.23313E+00 4.99865E+01 7.50250E-01
 -1      2168 1.19962E+00 5.00083E+01 7.50633E-01
 -1      2173 1.16672E+00 4.99561E+01 1.00000E+00
 -1      2174 1.20000E+00 4.99339E+01 1.00000E+00
 -1      2175 1.23328E+00 4.99839E+01 1.00000E+00
 -1      2176 1.20000E+00 5.00061E+01 1.00000E+00
 -1      2181 1.16657E+00 4.99588E+01 1.25024E+00
 -1      2182 1.19960E+00 4.99362E+01 1.25063E+00
 -1      2183 1.23343E+00 4.99858E+01 1.24976E+00
 -1      2184 1.20040E+00 5.00083E+01 1.24937E+00
 -1      2189 1.16644E+00 4.99656E+01 1.50043E+00
 -1      2190 1.19925E+00 4.99428E+01 1.50117E+00
 -1      2191 1.23356E+00 4.99920E+01 1.49957E+00
 -1      2192 1.20075E+00 5.00148E+01 1.49883E+00
 -1      2197 1.16635E+00 4.99756E+01 1.75055E+00
 -1      2198 1.19901E+00 4.99525E+01 1.75153E+00
 -1      2199 1.23365E+00 5.00015E+01 1.74945E+00
 -1      2200 1.20099E+00 5.00245E+01 1.74847E+00
 -1      2205-1.19777E+00 2.52721E+00 3.58451E-01
 -1      2206-1.23236E+00 2.52386E+00 3.78258E-01
 -1      2207-1.20223E+00 2.51522E+00 4.29417E-01
 -1      2208-1.16764E+00 2.51856E+00 4.09610E-01
 -1      2213-1.19829E+00 5.03706E+00 8.14685E-01
 -1      2214-1.23259E+00 5.03303E+00 8.34866E-01
 -1      2215-1.20171E+00 5.02294E+00 8.85315E-01
 -1      2216-1.16741E+00 5.02697E+00 8.65134E-01
 -1      2221-1.19884E+00 7.52934E+00 1.35882E+00
 -1      2222-1.23282E+00 7.52458E+00 1.37939E+00
 -1      2223-1.20116E+00 7.51309E+00 1.42904E+00
 -1      2224-1.16718E+00 7.51785E+00 1.40848E+00
 -1      2229-1.19407E+00 2.51529E+00 1.57100E+00
 -1      2230-1.23055E+00 2.51802E+00 1.58719E+00
 -1      2231-1.20593E+00 2.52714E+00 1.64113E+00
 -1      2232-1.16945E+00 2.52440E+00 1.62495E+00
 -1      2237-1.19388E+00 5.02303E+00 1.11516E+00
 -1      2238-1.23044E+00 5.02621E+00 1.13106E+00
 -1      2239-1.20612E+00 5.03697E+00 1.18484E+00
 -1      2240-1.16956E+00 5.03379E+00 1.16894E+00
 -1      2245-1.19370E+00 7.51321E+00 5.71480E-01
 -1      2246-1.23034E+00 7.51682E+00 5.87095E-01
 -1      2247-1.20630E+00 7.52922E+00 6.40652E-01
 -1      2248-1.16966E+00 7.52560E+00 6.25037E-01
 -1      2253 1.20223E+00 2.52721E+00 3.58451E-01
 -1      2254 1.16764E+00 2.52386E+00 3.78258E-01
 -1      2255 1.19777E+00 2.51522E+00 4.29417E-01
 -1      2256 1.23236E+00 2.51856E+00 4.09610E-01
 -1      2261 1.20171E+00 5.03706E+00 8.14685E-01
 -1      2262 1.16741E+00 5.03303E+00 8.34866E-01
 -1      2263 1.19829E+00 5.02294E+00 8.85315E-01
 -1      2264 1.23259E+00 5.02697E+00 8.65134E-01
 -1      2269 1.20116E+00 7.52934E+00 1.35882E+00
 -1      2270 1.16718E+00 7.52458E+00 1.37939E+00
 -1      2271 1.19884E+00 7.51309E+00 1.42904E+00
 -1      2272 1.23282E+00 7.51785E+00 1.40848E+00
 -1      2277 1.20593E+00 2.51529E+00 1.57100E+00
 -1      2278 1.16945E+00 2.51802E+00 1.58719E+00
 -1      2279 1.19407E+00 2.52714E+00 1.64113E+00
 -1      2280 1.23055E+00 2.52440E+00 1.62495E+00
 -1      2285 1.20612E+00 5.02303E+00 1.11516E+00
 -1      2286 1.16956E+00 5.02621E+00 1.13106E+00
 -1      2287 1.19388E+00 5.03697E+00 1.18484E+00
 -1      2288 1.23044E+00 5.03379E+00 1.16894E+00
 -1      2293 1.20630E+00 7.51321E+00 5.71480E-01
 -1      2294 1.16966E+00 7.51682E+00 5.87095E-01
 -1      2295 1.19370E+00 7.52922E+00 6.40652E-01
 -1      2296 1.23034E+00 7.52560E+00 6.25037E-01
 -1      2301-4.83328E-01 2.47166E+00-3.43393E-02
 -1      2302-5.20442E-01 2.48175E+00-2.33534E-02
 -1      2303-5.04540E-01 2.47743E+00 3.43393E-02
 -1      2304-4.67426E-01 2.46734E+00 2.33534E-02
 -1      2309 1.59904E-01 4.96162E+00-3.45869E-02
 -1      2310 1.22764E-01 4.97054E+00-2.27046E-02
 -1      2311 1.40096E-01 4.96638E+00 3.45869E-02
 -1      2312 1.77236E-01 4.95746E+00 2.27046E-02
 -1      2317 7.15261E-01 7.47263E+00-3.48107E-02
 -1      2318 6.78146E-01 7.48037E+00-2.20585E-02
 -1      2319 6.96871E-01 7.47646E+00 3.48107E-02
 -1      2320 7.33986E-01 7.46872E+00 2.20585E-02
 -1      2325 4.93632E-01 2.47446E+00-3.60542E-02
 -1      2326 4.61704E-01 2.46578E+00-1.35783E-02
 -1      2327 4.94236E-01 2.47463E+00 3.60542E-02
 -1      2328 5.26164E-01 2.48331E+00 1.35783E-02
 -1      2333-1.49866E-01 4.96403E+00-3.60553E-02
 -1      2334-1.82311E-01 4.95625E+00-1.39944E-02
 -1      2335-1.50134E-01 4.96397E+00 3.60553E-02
 -1      2336-1.17689E-01 4.97175E+00 1.39944E-02
 -1      2341-7.05470E-01 7.47467E+00-3.60504E-02
 -1      2342-7.38413E-01 7.46780E+00-1.44278E-02
 -1      2343-7.06662E-01 7.47442E+00 3.60504E-02
 -1      2344-6.73719E-01 7.48129E+00 1.44278E-02
 -1      2349-4.83328E-01 2.47166E+00 1.96566E+00
 -1      2350-5.20442E-01 2.48175E+00 1.97665E+00
 -1      2351-5.04540E-01 2.47743E+00 2.03434E+00
 -1      2352-4.67426E-01 2.46734E+00 2.02335E+00
 -1      2357 1.59904E-01 4.96162E+00 1.96541E+00
 -1      2358 1.22764E-01 4.97054E+00 1.97730E+00
 -1      2359 1.40096E-01 4.96638E+00 2.03459E+00
 -1      2360 1.77236E-01 4.95746E+00 2.02270E+00
 -1      2365 7.15261E-01 7.47263E+00 1.96519E+00
 -1      2366 6.78146E-01 7.48037E+00 1.97794E+00
 -1      2367 6.96871E-01 7.47646E+00 2.03481E+00
 -1      2368 7.33986E-01 7.46872E+00 2.02206E+00
 -1      2373 4.93632E-01 2.47446E+00 1.96395E+00
 -1      2374 4.61704E-01 2.46578E+00 1.98642E+00
 -1      2375 4.94236E-01 2.47463E+00 2.03605E+00
 -1      2376 5.26164E-01 2.48331E+00 2.01358E+00
 -1      2381-1.49866E-01 4.96403E+00 1.96394E+00
 -1      2382-1.82311E-01 4.95625E+00 1.98601E+00
 -1      2383-1.50134E-01 4.96397E+00 2.03606E+00
 -1      2384-1.17689E-01 4.97175E+00 2.01399E+00
 -1      2389-7.05470E-01 7.47467E+00 1.96395E+00
 -1      2390-7.38413E-01 7.46780E+00 1.98557E+00
 -1      2391-7.06662E-01 7.47442E+00 2.03605E+00
 -1      2392-6.73719E-01 7.48129E+00 2.01443E+00
 -1      2397-1.19777E+00 1.25272E+01 3.58451E-01
 -1      2398-1.23236E+00 1.25239E+01 3.78258E-01
 -1      2399-1.20223E+00 1.25152E+01 4.29417E-01
 -1      2400-1.16764E+00 1.25186E+01 4.09610E-01
 -1      2405-1.19829E+00 1.50371E+01 8.14685E-01
 -1      2406-1.23259E+00 1.50330E+01 8.34866E-01
 -1      2407-1.20171E+00 1.50229E+01 8.85315E-01
 -1      2408-1.16741E+00 1.50270E+01 8.65134E-01
 -1      2413-1.19884E+00 1.75293E+01 1.35882E+00
 -1      2414-1.23282E+00 1.75246E+01 1.37939E+00
 -1      2415-1.20116E+00 1.75131E+01 1.42904E+00
 -1      2416-1.16718E+00 1.75178E+01 1.40848E+00
 -1      2421-1.19407E+00 1.25153E+01 1.57100E+00
 -1      2422-1.23055E+00 1.25180E+01 1.58719E+00
 -1      2423-1.20593E+00 1.25271E+01 1.64113E+00
 -1      2424-1.16945E+00 1.25244E+01 1.62495E+00
 -1      2429-1.19388E+00 1.50230E+01 1.11516E+00
 -1      2430-1.23044E+00 1.50262E+01 1.13106E+00
 -1      2431-1.20612E+00 1.50370E+01 1.18484E+00
 -1      2432-1.16956E+00 1.50338E+01 1.16894E+00
 -1      2437-1.19370E+00 1.75132E+01 5.71480E-01
 -1      2438-1.23034E+00 1.75168E+01 5.87095E-01
 -1      2439-1.20630E+00 1.75292E+01 6.40652E-01
 -1      2440-1.16966E+00 1.75256E+01 6.25037E-01
 -1      2445 1.20223E+00 1.25272E+01 3.58451E-01
 -1      2446 1.16764E+00 1.25239E+01 3.78258E-01
 -1      2447 1.19777E+00 1.25152E+01 4.29417E-01
 -1      2448 1.23236E+00 1.25186E+01 4.09610E-01
 -1      2453 1.20171E+00 1.50371E+01 8.14685E-01
 -1      2454 1.16741E+00 1.50330E+01 8.34866E-01
 -1      2455 1.19829E+00 1.50229E+01 8.85315E-01
 -1      2456 1.23259E+00 1.50270E+01 8.65134E-01
 -1      2461 1.20116E+00 1.75293E+01 1.35882E+00
 -1      2462 1.16718E+00 1.75246E+01 1.37939E+00
 -1      2463 1.19884E+00 1.75131E+01 1.42904E+00
 -1      2464 1.23282E+00 1.75178E+01 1.40848E+00
 -1      2469 1.20593E+00 1.25153E+01 1.57100E+00
 -1      2470 1.16945E+00 1.25180E+01 1.58719E+00
 -1      2471 1.19407E+00 1.25271E+01 1.64113E+00
 -1      2472 1.23055E+00 1.25244E+01 1.62495E+00
 -1      2477 1.20612E+00 1.50230E+01 1.11516E+00
 -1      2478 1.16956E+00 1.50262E+01 1.13106E+00
 -1      2479 1.19388E+00 1.50370E+01 1.18484E+00
 -1      2480 1.23044E+00 1.50338E+01 1.16894E+00
 -1      2485 1.20630E+00 1.75132E+01 5.71480E-01
 -1      2486 1.16966E+00 1.75168E+01 5.87095E-01
 -1      2487 1.19370E+00 1.75292E+01 6.40652E-01
 -1      2488 1.23034E+00 1.75256E+01 6.25037E-01
 -1      2493-4.83328E-01 1.24717E+01-3.43393E-02
 -1      2494-5.20442E-01 1.24818E+01-2.33534E-02
 -1      2495-5.04540E-01 1.24774E+01 3.43393E-02
 -1      2496-4.67426E-01 1.24673E+01 2.33534E-02
 -1      2501 1.59904E-01 1.49616E+01-3.45869E-02
 -1      2502 1.22764E-01 1.49705E+01-2.27046E-02
 -1      2503 1.40096E-01 1.49664E+01 3.45869E-02
 -1      2504 1.77236E-01 1.49575E+01 2.27046E-02
 -1      2509 7.15261E-01 1.74726E+01-3.48107E-02
 -1      2510 6.78146E-01 1.74804E+01-2.20585E-02
 -1      2511 6.96871E-01 1.74765E+01 3.48107E-02
 -1      2512 7.33986E-01 1.74687E+01 2.20585E-02
 -1      2517 4.93632E-01 1.24745E+01-3.60542E-02
 -1      2518 4.61704E-01 1.24658E+01-1.35783E-02
 -1      2519 4.94236E-01 1.24746E+01 3.60542E-02
 -1      2520 5.26164E-01 1.24833E+01 1.35783E-02
 -1      2525-1.49866E-01 1.49640E+01-3.60553E-02
 -1      2526-1.82311E-01 1.49562E+01-1.39944E-02
 -1      2527-1.50134E-01 1.49640E+01 3.60553E-02
 -1      2528-1.17689E-01 1.49718E+01 1.39944E-02
 -1      2533-7.05470E-01 1.74747E+01-3.60504E-02
 -1      2534-7.38413E-01 1.74678E+01-1.44278E-02
 -1      2535-7.06662E-01 1.74744E+01 3.60504E-02
 -1      2536-6.73719E-01 1.74813E+01 1.44278E-02
 -1      2541-4.83328E-01 1.24717E+01 1.96566E+00
 -1      2542-5.20442E-01 1.24818E+01 1.97665E+00
 -1      2543-5.04540E-01 1.24774E+01 2.03434E+00
 -1      2544-4.67426E-01 1.24673E+01 2.02335E+00
 -1      2549 1.59904E-01 1.49616E+01 1.96541E+00
 -1      2550 1.22764E-01 1.49705E+01 1.97730E+00
 -1      2551 1.40096E-01 1.49664E+01 2.03459E+00
 -1      2552 1.77236E-01 1.49575E+01 2.02270E+00
 -1      2557 7.15261E-01 1.74726E+01 1.96519E+00
 -1      2558 6.78146E-01 1.74804E+01 1.97794E+00
 -1      2559 6.96871E-01 1.74765E+01 2.03481E+00
 -1      2560 7.33986E-01 1.74687E+01 2.02206E+00
 -1      2565 4.93632E-01 1.24745E+01 1.96395E+00
 -1      2566 4.61704E-01 1.24658E+01 1.98642E+00
 -1      2567 4.94236E-01 1.24746E+01 2.03605E+00
 -1      2568 5.26164E-01 1.24833E+01 2.01358E+00
 -1      2573-1.49866E-01 1.49640E+01 1.96394E+00
 -1      2574-1.82311E-01 1.49562E+01 1.98601E+00
 -1      2575-1.50134E-01 1.49640E+01 2.03606E+00
 -1      2576-1.17689E-01 1.49718E+01 2.01399E+00
 -1      2581-7.05470E-01 1.74747E+01 1.96395E+00
 -1      2582-7.38413E-01 1.74678E+01 1.98557E+00
 -1      2583-7.06662E-01 1.74744E+01 2.03605E+00
 -1      2584-6.73719E-01 1.74813E+01 2.01443E+00
 -1      2589-1.19777E+00 2.25272E+01 3.58451E-01
 -1      2590-1.23236E+00 2.25239E+01 3.78258E-01
 -1      2591-1.20223E+00 2.25152E+01 4.29417E-01
 -1      2592-1.16764E+00 2.25186E+01 4.09610E-01
 -1      2597-1.19829E+00 2.50371E+01 8.14685E-01
 -1      2598-1.23259E+00 2.50330E+01 8.34866E-01
 -1      2599-1.20171E+00 2.50229E+01 8.85315E-01
 -1      2600-1.16741E+00 2.50270E+01 8.65134E-01
 -1      2605-1.19884E+00 2.75293E+01 1.35882E+00
 -1      2606-1.23282E+00 2.75246E+01 1.37939E+00
 -1      2607-1.20116E+00 2.75131E+01 1.42904E+00
 -1      2608-1.16718E+00 2.75178E+01 1.40848E+00
 -1      2613-1.19407E+00 2.25153E+01 1.57100E+00
 -1      2614-1.23055E+00 2.25180E+01 1.58719E+00
 -1      2615-1.20593E+00 2.25271E+01 1.64113E+00
 -1      2616-1.16945E+00 2.25244E+01 1.62495E+00
 -1      2621-1.19388E+00 2.50230E+01 1.11516E+00
 -1      2622-1.23044E+00 2.50262E+01 1.13106E+00
 -1      2623-1.20612E+00 2.50370E+01 1.18484E+00
 -1      2624-1.16956E+00 2.50338E+01 1.16894E+00
 -1      2629-1.19370E+00 2.75132E+01 5.71480E-01
 -1      2630-1.23034E+00 2.75168E+01 5.87095E-01
 -1      2631-1.20630E+00 2.75292E+01 6.40652E-01
 -1      2632-1.16966E+00 2.75256E+01 6.25037E-01
 -1      2637 1.20223E+00 2.25272E+01 3.58451E-01
 -1      2638 1.16764E+00 2.25239E+01 3.78258E-01
 -1      2639 1.19777E+00 2.25152E+01 4.29417E-01
 -1      2640 1.23236E+00 2.25186E+01 4.09610E-01
 -1      2645 1.20171E+00 2.50371E+01 8.14685E-01
 -1      2646 1.16741E+00 2.50330E+01 8.34866E-01
 -1      2647 1.19829E+00 2.50229E+01 8.85315E-01
 -1      2648 1.23259E+00 2.50270E+01 8.65134E-01
 -1      2653 1.20116E+00 2.75293E+01 1.35882E+00
 -1      2654 1.16718E+00 2.75246E+01 1.37939E+00
 -1      2655 1.19884E+00 2.75131E+01 1.42904E+00
 -1      2656 1.23282E+00 2.75178E+01 1.40848E+00
 -1      2661 1.20593E+00 2.25153E+01 1.57100E+00
 -1      2662 1.16945E+00 2.25180E+01 1.58719E+00
 -1      2663 1.19407E+00 2.25271E+01 1.64113E+00
 -1      2664 1.23055E+00 2.25244E+01 1.62495E+00
 -1      2669 1.20612E+00 2.50230E+01 1.11516E+00
 -1      2670 1.16956E+00 2.50262E+01 1.13106E+00
 -1      2671 1.19388E+00 2.50370E+01 1.18484E+00
 -1      2672 1.23044E+00 2.50338E+01 1.16894E+00
 -1      2677 1.20630E+00 2.75132E+01 5.71480E-01
 -1      2678 1.16966E+00 2.75168E+01 5.87095E-01
 -1      2679 1.19370E+00 2.75292E+01 6.40652E-01
 -1      2680 1.23034E+00 2.75256E+01 6.25037E-01
 -1      2685-4.83328E-01 2.24717E+01-3.43393E-02
 -1      2686-5.20442E-01 2.24818E+01-2.33534E-02
 -1      2687-5.04540E-01 2.24774E+01 3.43393E-02
 -1      2688-4.67426E-01 2.24673E+01 2.33534E-02
 -1      2693 1.59904E-01 2.49616E+01-3.45869E-02
 -1      2694 1.22764E-01 2.49705E+01-2.27046E-02
 -1      2695 1.40096E-01 2.49664E+01 3.45869E-02
 -1      2696 1.77236E-01 2.49575E+01 2.27046E-02
 -1      2701 7.15261E-01 2.74726E+01-3.48107E-02
 -1      2702 6.78146E-01 2.74804E+01-2.20585E-02
 -1      2703 6.96871E-01 2.74765E+01 3.48107E-02
 -1      2704 7.33986E-01 2.74687E+01 2.20585E-02
 -1      2709 4.93632E-01 2.24745E+01-3.60542E-02
 -1      2710 4.61704E-01 2.24658E+01-1.35783E-02
 -1      2711 4.94236E-01 2.24746E+01 3.60542E-02
 -1      2712 5.26164E-01 2.24833E+01 1.35783E-02
 -1      2717-1.49866E-01 2.49640E+01-3.60553E-02
 -1      2718-1.82311E-01 2.49562E+01-1.39944E-02
 -1      2719-1.50134E-01 2.49640E+01 3.60553E-02
 -1      2720-1.17689E-01 2.49718E+01 1.39944E-02
 -1      2725-7.05470E-01 2.74747E+01-3.60504E-02
 -1      2726-7.38413E-01 2.74678E+01-1.44278E-02
 -1      2727-7.06662E-01 2.74744E+01 3.60504E-02
 -1      2728-6.73719E-01 2.74813E+01 1.44278E-02
 -1      2733-4.83328E-01 2.24717E+01 1.96566E+00
 -1      2734-5.20442E-01 2.24818E+01 1.97665E+00
 -1      2735-5.04540E-01 2.24774E+01 2.03434E+00
 -1      2736-4.67426E-01 2.24673E+01 2.02335E+00
 -1      2741 1.59904E-01 2.49616E+01 1.96541E+00
 -1      2742 1.22764E-01 2.49705E+01 1.97730E+00
 -1      2743 1.40096E-01 2.49664E+01 2.03459E+00
 -1      2744 1.77236E-01 2.49575E+01 2.02270E+00
 -1      2749 7.15261E-01 2.74726E+01 1.96519E+00
 -1      2750 6.78146E-01 2.74804E+01 1.97794E+00
 -1      2751 6.96871E-01 2.74765E+01 2.03481E+00
 -1      2752 7.33986E-01 2.74687E+01 2.02206E+00
 -1      2757 4.93632E-01 2.24745E+01 1.96395E+00
 -1      2758 4.61704E-01 2.24658E+01 1.98642E+00
 -1      2759 4.94236E-01 2.24746E+01 2.03605E+00
 -1      2760 5.26164E-01 2.24833E+01 2.01358E+00
 -1      2765-1.49866E-01 2.49640E+01 1.96394E+00
 -1      2766-1.82311E-01 2.49562E+01 1.98601E+00
 -1      2767-1.50134E-01 2.49640E+01 2.03606E+00
 -1      2768-1.17689E-01 2.49718E+01 2.01399E+00
 -1      2773-7.05470E-01 2.74747E+01 1.96395E+00
 -1      2774-7.38413E-01 2.74678E+01 1.98557E+00
 -1      2775-7.06662E-01 2.74744E+01 2.03605E+00
 -1      2776-6.73719E-01 2.74813E+01 2.01443E+00
 -1      2781-1.19777E+00 3.25272E+01 3.58451E-01
 -1      2782-1.23236E+00 3.25239E+01 3.78258E-01
 -1      2783-1.20223E+00 3.25152E+01 4.29417E-01
 -1      2784-1.16764E+00 3.25186E+01 4.09610E-01
 -1      2789-1.19829E+00 3.50371E+01 8.14685E-01
 -1      2790-1.23259E+00 3.50330E+01 8.34866E-01
 -1      2791-1.20171E+00 3.50229E+01 8.85315E-01
 -1      2792-1.16741E+00 3.50270E+01 8.65134E-01
 -1      2797-1.19884E+00 3.75293E+01 1.35882E+00
 -1      2798-1.23282E+00 3.75246E+01 1.37939E+00
 -1      2799-1.20116E+00 3.75131E+01 1.42904E+00
 -1      2800-1.16718E+00 3.75178E+01 1.40848E+00
 -1      2805-1.19407E+00 3.25153E+01 1.57100E+00
 -1      2806-1.23055E+00 3.25180E+01 1.58719E+00
 -1      2807-1.20593E+00 3.25271E+01 1.64113E+00
 -1      2808-1.16945E+00 3.25244E+01 1.62495E+00
 -1      2813-1.19388E+00 3.50230E+01 1.11516E+00
 -1      2814-1.23044E+00 3.50262E+01 1.13106E+00
 -1      2815-1.20612E+00 3.50370E+01 1.18484E+00
 -1      2816-1.16956E+00 3.50338E+01 1.16894E+00
 -1      2821-1.19370E+00 3.75132E+01 5.71480E-01
 -1      2822-1.23034E+00 3.75168E+01 5.87095E-01
 -1      2823-1.20630E+00 3.75292E+01 6.40652E-01
 -1      2824-1.16966E+00 3.75256E+01 6.25037E-01
 -1      2829 1.20223E+00 3.25272E+01 3.58451E-01
 -1      2830 1.16764E+00 3.25239E+01 3.78258E-01
 -1      2831 1.19777E+00 3.25152E+01 4.29417E-01
 -1      2832 1.23236E+00 3.25186E+01 4.09610E-01
 -1      2837 1.20171E+00 3.50371E+01 8.14685E-01
 -1      2838 1.16741E+00 3.50330E+01 8.34866E-01
 -1      2839 1.19829E+00 3.50229E+01 8.85315E-01
 -1      2840 1.23259E+00 3.50270E+01 8.65134E-01
 -1      2845 1.20116E+00 3.75293E+01 1.35882E+00
 -1      2846 1.16718E+00 3.75246E+01 1.37939E+00
 -1      2847 1.19884E+00 3.75131E+01 1.42904E+00
 -1      2848 1.23282E+00 3.75178E+01 1.40848E+00
 -1      2853 1.20593E+00 3.25153E+01 1.57100E+00
 -1      2854 1.16945E+00 3.25180E+01 1.58719E+00
 -1      2855 1.19407E+00 3.25271E+01 1.64113E+00
 -1      2856 1.23055E+00 3.25244E+01 1.62495E+00
 -1      2861 1.20612E+00 3.50230E+01 1.11516E+00
 -1      2862 1.16956E+00 3.50262E+01 1.13106E+00
 -1      2863 1.19388E+00 3.50370E+01 1.18484E+00
 -1      2864 1.23044E+00 3.50338E+01 1.16894E+00
 -1      2869 1.20630E+00 3.75132E+01 5.71480E-01
 -1      2870 1.16966E+00 3.75168E+01 5.87095E-01
 -1      2871 1.19370E+00 3.75292E+01 6.40652E-01
 -1      2872 1.23034E+00 3.75256E+01 6.25037E-01
 -1      2877-4.83328E-01 3.24717E+01-3.43393E-02
 -1      2878-5.20442E-01 3.24818E+01-2.33534E-02
 -1      2879-5.04540E-01 3.24774E+01 3.43393E-02
 -1      2880-4.67426E-01 3.24673E+01 2.33534E-02
 -1      2885 1.59904E-01 3.49616E+01-3.45869E-02
 -1      2886 1.22764E-01 3.49705E+01-2.27046E-02
 -1      2887 1.40096E-01 3.49664E+01 3.45869E-02
 -1      2888 1.77236E-01 3.49575E+01 2.27046E-02
 -1      2893 7.15261E-01 3.74726E+01-3.48107E-02
 -1      2894 6.78146E-01 3.74804E+01-2.20585E-02
 -1      2895 6.96871E-01 3.74765E+01 3.48107E-02
 -1      2896 7.33986E-01 3.74687E+01 2.20585E-02
 -1      2901 4.93632E-01 3.24745E+01-3.60542E-02
 -1      2902 4.61704E-01 3.24658E+01-1.35783E-02
 -1      2903 4.94236E-01 3.24746E+01 3.60542E-02
 -1      2904 5.26164E-01 3.24833E+01 1.35783E-02
 -1      2909-1.49866E-01 3.49640E+01-3.60553E-02
 -1      2910-1.82311E-01 3.49562E+01-1.39944E-02
 -1      2911-1.50134E-01 3.49640E+01 3.60553E-02
 -1      2912-1.17689E-01 3.49718E+01 1.39944E-02
 -1      2917-7.05470E-01 3.74747E+01-3.60504E-02
 -1      2918-7.38413E-01 3.74678E+01-1.44278E-02
 -1      2919-7.06662E-01 3.74744E+01 3.60504E-02
 -1      2920-6.73719E-01 3.74813E+01 1.44278E-02
 -1      2925-4.83328E-01 3.24717E+01 1.96566E+00
 -1      2926-5.20442E-01 3.24818E+01 1.97665E+00
 -1      2927-5.04540E-01 3.24774E+01 2.03434E+00
 -1      2928-4.67426E-01 3.24673E+01 2.02335E+00
 -1      2933 1.59904E-01 3.49616E+01 1.96541E+00
 -1      2934 1.22764E-01 3.49705E+01 1.97730E+00
 -1      2935 1.40096E-01 3.49664E+01 2.03459E+00
 -1      2936 1.77236E-01 3.49575E+01 2.02270E+00
 -1      2941 7.15261E-01 3.74726E+01 1.96519E+00
 -1      2942 6.78146E-01 3.74804E+01 1.97794E+00
 -1      2943 6.96871E-01 3.74765E+01 2.03481E+00
 -1      2944 7.33986E-01 3.74687E+01 2.02206E+00
 -1      2949 4.93632E-01 3.24745E+01 1.96395E+00
 -1      2950 4.61704E-01 3.24658E+01 1.98642E+00
 -1      2951 4.94236E-01 3.24746E+01 2.03605E+00
 -1      2952 5.26164E-01 3.24833E+01 2.01358E+00
 -1      2957-1.49866E-01 3.49640E+01 1.96394E+00
 -1      2958-1.82311E-01 3.49562E+01 1.98601E+00
 -1      2959-1.50134E-01 3.49640E+01 2.03606E+00
 -1      2960-1.17689E-01 3.49718E+01 2.01399E+00
 -1      2965-7.05470E-01 3.74747E+01 1.96395E+00
 -1      2966-7.38413E-01 3.74678E+01 1.98557E+00
 -1      2967-7.06662E-01 3.74744E+01 2.03605E+00
 -1      2968-6.73719E-01 3.74813E+01 2.01443E+00
 -1      2973-1.19757E+00 4.12670E+01 1.57055E-01
 -1      2974-1.23227E+00 4.12640E+01 1.76710E-01
 -1      2975-1.20243E+00 4.12559E+01 2.28140E-01
 -1      2976-1.16773E+00 4.12590E+01 2.08485E-01
 -1      2981-1.19773E+00 4.25271E+01 3.58438E-01
 -1      2982-1.23234E+00 4.25238E+01 3.78214E-01
 -1      2983-1.20227E+00 4.25153E+01 4.29430E-01
 -1      2984-1.16766E+00 4.25186E+01 4.09654E-01
 -1      2989-1.19798E+00 4.37842E+01 5.76000E-01
 -1      2990-1.23245E+00 4.37805E+01 5.95959E-01
 -1      2991-1.20202E+00 4.37713E+01 6.46836E-01
 -1      2992-1.16755E+00 4.37749E+01 6.26877E-01
 -1      2997-1.19828E+00 4.50371E+01 8.14685E-01
 -1      2998-1.23258E+00 4.50330E+01 8.34863E-01
 -1      2999-1.20172E+00 4.50229E+01 8.85315E-01
 -1      3000-1.16742E+00 4.50270E+01 8.65137E-01
 -1      3005-1.19860E+00 4.62854E+01 1.07622E+00
 -1      3006-1.23272E+00 4.62809E+01 1.09662E+00
 -1      3007-1.20140E+00 4.62700E+01 1.14662E+00
 -1      3008-1.16728E+00 4.62745E+01 1.12622E+00
 -1      3013-1.19888E+00 4.75294E+01 1.35884E+00
 -1      3014-1.23284E+00 4.75246E+01 1.37943E+00
 -1      3015-1.20112E+00 4.75130E+01 1.42902E+00
 -1      3016-1.16716E+00 4.75178E+01 1.40843E+00
 -1      3021-1.19908E+00 4.87700E+01 1.65759E+00
 -1      3022-1.23292E+00 4.87650E+01 1.67830E+00
 -1      3023-1.20092E+00 4.87529E+01 1.72761E+00
 -1      3024-1.16708E+00 4.87580E+01 1.70689E+00
 -1      3029-1.19416E+00 4.12560E+01 1.77225E+00
 -1      3030-1.23060E+00 4.12585E+01 1.78856E+00
 -1      3031-1.20584E+00 4.12670E+01 1.84256E+00
 -1      3032-1.16940E+00 4.12644E+01 1.82625E+00
 -1      3037-1.19409E+00 4.25154E+01 1.57098E+00
 -1      3038-1.23056E+00 4.25181E+01 1.58719E+00
 -1      3039-1.20591E+00 4.25271E+01 1.64115E+00
 -1      3040-1.16944E+00 4.25244E+01 1.62494E+00
 -1      3045-1.19399E+00 4.37714E+01 1.35360E+00
 -1      3046-1.23051E+00 4.37743E+01 1.36967E+00
 -1      3047-1.20601E+00 4.37841E+01 1.42356E+00
 -1      3048-1.16949E+00 4.37812E+01 1.40749E+00
 -1      3053-1.19388E+00 4.50230E+01 1.11516E+00
 -1      3054-1.23044E+00 4.50262E+01 1.13106E+00
 -1      3055-1.20612E+00 4.50370E+01 1.18484E+00
 -1      3056-1.16956E+00 4.50338E+01 1.16894E+00
 -1      3061-1.19377E+00 4.62701E+01 8.53886E-01
 -1      3062-1.23038E+00 4.62736E+01 8.69618E-01
 -1      3063-1.20623E+00 4.62853E+01 9.23278E-01
 -1      3064-1.16962E+00 4.62819E+01 9.07546E-01
 -1      3069-1.19368E+00 4.75131E+01 5.71502E-01
 -1      3070-1.23034E+00 4.75168E+01 5.87093E-01
 -1      3071-1.20632E+00 4.75293E+01 6.40630E-01
 -1      3072-1.16966E+00 4.75257E+01 6.25039E-01
 -1      3077-1.19363E+00 4.87531E+01 2.72930E-01
 -1      3078-1.23031E+00 4.87568E+01 2.88429E-01
 -1      3079-1.20637E+00 4.87699E+01 3.41875E-01
 -1      3080-1.16969E+00 4.87661E+01 3.26376E-01
 -1      3085 1.20243E+00 4.12670E+01 1.57055E-01
 -1      3086 1.16773E+00 4.12640E+01 1.76710E-01
 -1      3087 1.19757E+00 4.12559E+01 2.28140E-01
 -1      3088 1.23227E+00 4.12590E+01 2.08485E-01
 -1      3093 1.20227E+00 4.25271E+01 3.58438E-01
 -1      3094 1.16766E+00 4.25238E+01 3.78214E-01
 -1      3095 1.19773E+00 4.25153E+01 4.29430E-01
 -1      3096 1.23234E+00 4.25186E+01 4.09654E-01
 -1      3101 1.20202E+00 4.37842E+01 5.76000E-01
 -1      3102 1.16755E+00 4.37805E+01 5.95959E-01
 -1      3103 1.19798E+00 4.37713E+01 6.46836E-01
 -1      3104 1.23245E+00 4.37749E+01 6.26877E-01
 -1      3109 1.20172E+00 4.50371E+01 8.14685E-01
 -1      3110 1.16742E+00 4.50330E+01 8.34863E-01
 -1      3111 1.19828E+00 4.50229E+01 8.85315E-01
 -1      3112 1.23258E+00 4.50270E+01 8.65137E-01
 -1      3117 1.20140E+00 4.62854E+01 1.07622E+00
 -1      3118 1.16728E+00 4.62809E+01 1.09662E+00
 -1      3119 1.19860E+00 4.62700E+01 1.14662E+00
 -1      3120 1.23272E+00 4.62745E+01 1.12622E+00
 -1      3125 1.20112E+00 4.75294E+01 1.35884E+00
 -1      3126 1.16716E+00 4.75246E+01 1.37943E+00
 -1      3127 1.19888E+00 4.75130E+01 1.42902E+00
 -1      3128 1.23284E+00 4.75178E+01 1.40843E+00
 -1      3133 1.20092E+00 4.87700E+01 1.65759E+00
 -1      3134 1.16708E+00 4.87650E+01 1.67830E+00
 -1      3135 1.19908E+00 4.87529E+01 1.72761E+00
 -1      3136 1.23292E+00 4.87580E+01 1.70689E+00
 -1      3141 1.20584E+00 4.12560E+01 1.77225E+00
 -1      3142 1.16940E+00 4.12585E+01 1.78856E+00
 -1      3143 1.19416E+00 4.12670E+01 1.84256E+00
 -1      3144 1.23060E+00 4.12644E+01 1.82625E+00
 -1      3149 1.20591E+00 4.25154E+01 1.57098E+00
 -1      3150 1.16944E+00 4.25181E+01 1.58719E+00
 -1      3151 1.19409E+00 4.25271E+01 1.64115E+00
 -1      3152 1.23056E+00 4.25244E+01 1.62494E+00
 -1      3157 1.20601E+00 4.37714E+01 1.35360E+00
 -1      3158 1.16949E+00 4.37743E+01 1.36967E+00
 -1      3159 1.19399E+00 4.37841E+01 1.42356E+00
 -1      3160 1.23051E+00 4.37812E+01 1.40749E+00
 -1      3165 1.20612E+00 4.50230E+01 1.11516E+00
 -1      3166 1.16956E+00 4.50262E+01 1.13106E+00
 -1      3167 1.19388E+00 4.50370E+01 1.18484E+00
 -1      3168 1.23044E+00 4.50338E+01 1.16894E+00
 -1      3173 1.20623E+00 4.62701E+01 8.53886E-01
 -1      3174 1.16962E+00 4.62736E+01 8.69618E-01
 -1      3175 1.19377E+00 4.62853E+01 9.23278E-01
 -1      3176 1.23038E+00 4.62819E+01 9.07546E-01
 -1      3181 1.20632E+00 4.75131E+01 5.71502E-01
 -1      3182 1.16966E+00 4.75168E+01 5.87093E-01
 -1      3183 1.19368E+00 4.75293E+01 6.40630E-01
 -1      3184 1.23034E+00 4.75257E+01 6.25039E-01
 -1      3189 1.20637E+00 4.87531E+01 2.72930E-01
 -1      3190 1.16969E+00 4.87568E+01 2.88429E-01
 -1      3191 1.19363E+00 4.87699E+01 3.41875E-01
 -1      3192 1.23031E+00 4.87661E+01 3.26376E-01
 -1      3197-8.31704E-01 4.12331E+01-3.42295E-02
 -1      3198-8.68791E-01 4.12437E+01-2.36225E-02
 -1      3199-8.53491E-01 4.12393E+01 3.42295E-02
 -1      3200-8.16404E-01 4.12287E+01 2.36225E-02
 -1      3205-4.83271E-01 4.24716E+01-3.43179E-02
 -1      3206-5.20380E-01 4.24818E+01-2.34066E-02
 -1      3207-5.04597E-01 4.24775E+01 3.43179E-02
 -1      3208-4.67488E-01 4.24673E+01 2.34066E-02
 -1      3213-1.51102E-01 4.37141E+01-3.44451E-02
 -1      3214-1.88233E-01 4.37237E+01-2.30837E-02
 -1      3215-1.71734E-01 4.37194E+01 3.44451E-02
 -1      3216-1.34603E-01 4.37098E+01 2.30837E-02
 -1      3221 1.59903E-01 4.49616E+01-3.45874E-02
 -1      3222 1.22764E-01 4.49705E+01-2.27035E-02
 -1      3223 1.40097E-01 4.49664E+01 3.45874E-02
 -1      3224 1.77236E-01 4.49575E+01 2.27035E-02
 -1      3229 4.48070E-01 4.62146E+01-3.47212E-02
 -1      3230 4.10939E-01 4.62229E+01-2.23246E-02
 -1      3231 4.29094E-01 4.62188E+01 3.47212E-02
 -1      3232 4.66225E-01 4.62106E+01 2.23246E-02
 -1      3237 7.15201E-01 4.74727E+01-3.48283E-02
 -1      3238 6.78091E-01 4.74803E+01-2.20050E-02
 -1      3239 6.96931E-01 4.74764E+01 3.48283E-02
 -1      3240 7.34041E-01 4.74688E+01 2.20050E-02
 -1      3245 9.66302E-01 4.87345E+01-3.48965E-02
 -1      3246 9.29212E-01 4.87417E+01-2.17923E-02
 -1      3247 9.48503E-01 4.87380E+01 3.48965E-02
 -1      3248 9.85593E-01 4.87307E+01 2.17923E-02
 -1      3253 8.42124E-01 4.12361E+01-3.60521E-02
 -1      3254 8.10413E-01 4.12270E+01-1.34113E-02
 -1      3255 8.43071E-01 4.12364E+01 3.60521E-02
 -1      3256 8.74781E-01 4.12454E+01 1.34113E-02
 -1      3261 4.93597E-01 4.24745E+01-3.60538E-02
 -1      3262 4.61712E-01 4.24657E+01-1.35445E-02
 -1      3263 4.94271E-01 4.24746E+01 3.60538E-02
 -1      3264 5.26156E-01 4.24834E+01 1.35445E-02
 -1      3269 1.61293E-01 4.37167E+01-3.60553E-02
 -1      3270 1.29148E-01 4.37084E+01-1.37478E-02
 -1      3271 1.61544E-01 4.37168E+01 3.60553E-02
 -1      3272 1.93688E-01 4.37251E+01 1.37478E-02
 -1      3277-1.49867E-01 4.49640E+01-3.60553E-02
 -1      3278-1.82312E-01 4.49562E+01-1.39935E-02
 -1      3279-1.50133E-01 4.49640E+01 3.60553E-02
 -1      3280-1.17688E-01 4.49718E+01 1.39935E-02
 -1      3285-4.38181E-01 4.62168E+01-3.60532E-02
 -1      3286-4.70920E-01 4.62096E+01-1.42455E-02
 -1      3287-4.38983E-01 4.62167E+01 3.60532E-02
 -1      3288-4.06244E-01 4.62239E+01 1.42455E-02
 -1      3293-7.05431E-01 4.74747E+01-3.60497E-02
 -1      3294-7.38414E-01 4.74679E+01-1.44640E-02
 -1      3295-7.06701E-01 4.74744E+01 3.60497E-02
 -1      3296-6.73718E-01 4.74812E+01 1.44640E-02
 -1      3301-9.56607E-01 4.87364E+01-3.60464E-02
 -1      3302-9.89751E-01 4.87299E+01-1.46123E-02
 -1      3303-9.58198E-01 4.87361E+01 3.60464E-02
 -1      3304-9.25054E-01 4.87425E+01 1.46123E-02
 -1      3309-8.31704E-01 4.12331E+01 1.96577E+00
 -1      3310-8.68791E-01 4.12437E+01 1.97638E+00
 -1      3311-8.53491E-01 4.12393E+01 2.03423E+00
 -1      3312-8.16404E-01 4.12287E+01 2.02362E+00
 -1      3317-4.83271E-01 4.24716E+01 1.96568E+00
 -1      3318-5.20380E-01 4.24818E+01 1.97659E+00
 -1      3319-5.04597E-01 4.24775E+01 2.03432E+00
 -1      3320-4.67488E-01 4.24673E+01 2.02341E+00
 -1      3325-1.51102E-01 4.37141E+01 1.96555E+00
 -1      3326-1.88233E-01 4.37237E+01 1.97692E+00
 -1      3327-1.71734E-01 4.37194E+01 2.03445E+00
 -1      3328-1.34603E-01 4.37098E+01 2.02308E+00
 -1      3333 1.59903E-01 4.49616E+01 1.96541E+00
 -1      3334 1.22764E-01 4.49705E+01 1.97730E+00
 -1      3335 1.40097E-01 4.49664E+01 2.03459E+00
 -1      3336 1.77236E-01 4.49575E+01 2.02270E+00
 -1      3341 4.48070E-01 4.62146E+01 1.96528E+00
 -1      3342 4.10939E-01 4.62229E+01 1.97768E+00
 -1      3343 4.29094E-01 4.62188E+01 2.03472E+00
 -1      3344 4.66225E-01 4.62106E+01 2.02232E+00
 -1      3349 7.15201E-01 4.74727E+01 1.96517E+00
 -1      3350 6.78091E-01 4.74803E+01 1.97800E+00
 -1      3351 6.96931E-01 4.74764E+01 2.03483E+00
 -1      3352 7.34041E-01 4.74688E+01 2.02200E+00
 -1      3357 9.66302E-01 4.87345E+01 1.96510E+00
 -1      3358 9.29212E-01 4.87417E+01 1.97821E+00
 -1      3359 9.48503E-01 4.87380E+01 2.03490E+00
 -1      3360 9.85593E-01 4.87307E+01 2.02179E+00
 -1      3365 8.42124E-01 4.12361E+01 1.96395E+00
 -1      3366 8.10413E-01 4.12270E+01 1.98659E+00
 -1      3367 8.43071E-01 4.12364E+01 2.03605E+00
 -1      3368 8.74781E-01 4.12454E+01 2.01341E+00
 -1      3373 4.93597E-01 4.24745E+01 1.96395E+00
 -1      3374 4.61712E-01 4.24657E+01 1.98646E+00
 -1      3375 4.94271E-01 4.24746E+01 2.03605E+00
 -1      3376 5.26156E-01 4.24834E+01 2.01354E+00
 -1      3381 1.61293E-01 4.37167E+01 1.96394E+00
 -1      3382 1.29148E-01 4.37084E+01 1.98625E+00
 -1      3383 1.61544E-01 4.37168E+01 2.03606E+00
 -1      3384 1.93688E-01 4.37251E+01 2.01375E+00
 -1      3389-1.49867E-01 4.49640E+01 1.96394E+00
 -1      3390-1.82312E-01 4.49562E+01 1.98601E+00
 -1      3391-1.50133E-01 4.49640E+01 2.03606E+00
 -1      3392-1.17688E-01 4.49718E+01 2.01399E+00
 -1      3397-4.38181E-01 4.62168E+01 1.96395E+00
 -1      3398-4.70920E-01 4.62096E+01 1.98575E+00
 -1      3399-4.38983E-01 4.62167E+01 2.03605E+00
 -1      3400-4.06244E-01 4.62239E+01 2.01425E+00
 -1      3405-7.05431E-01 4.74747E+01 1.96395E+00
 -1      3406-7.38414E-01 4.74679E+01 1.98554E+00
 -1      3407-7.06701E-01 4.74744E+01 2.03605E+00
 -1      3408-6.73718E-01 4.74812E+01 2.01446E+00
 -1      3413-9.56607E-01 4.87364E+01 1.96395E+00
 -1      3414-9.89751E-01 4.87299E+01 1.98539E+00
 -1      3415-9.58198E-01 4.87361E+01 2.03605E+00
 -1      3416-9.25054E-01 4.87425E+01 2.01461E+00
 -3
    3C                           328                                     1
 -1         1    1    0    1
 -2       269      1469      1470       270       272      1472      1471       271
 -1         2    1    0    1
 -2      1469      1477      1478      1470      1472      1480      1479      1471
 -1         3    1    0    1
 -2      1477      1485      1486      1478      1480      1488      1487      1479
 -1         4    1    0    1
 -2      1485       469       470      1486      1488       472       471      1487
 -1         5    1    0    1
 -2       319      1493      1494       320       322      1496      1495       321
 -1         6    1    0    1
 -2      1493      1501      1502      1494      1496      1504      1503      1495
 -1         7    1    0    1
 -2      1501      1509      1510      1502      1504      1512      1511      1503
 -1         8    1    0    1
 -2      1509       519       520      1510      1512       522       521      1511
 -1         9    1    0    1
 -2       369      1517      1518       370       372      1520      1519       371
 -1        10    1    0    1
 -2      1517      1525      1526      1518      1520      1528      1527      1519
 -1        11    1    0    1
 -2      1525      1533      1534      1526      1528      1536      1535      1527
 -1        12    1    0    1
 -2      1533       569       570      1534      1536       572       571      1535
 -1        13    1    0    1
 -2       419      1541      1542       420       422      1544      1543       421
 -1        14    1    0    1
 -2      1541      1549      1550      1542      1544      1552      1551      1543
 -1        15    1    0    1
 -2      1549      1557      1558      1550      1552      1560      1559      1551
 -1        16    1    0    1
 -2      1557       619       620      1558      1560       622       621      1559
 -1        17    1    0    1
 -2       469       669       670       470       472       672       671       471
 -1        18    1    0    1
 -2       519       719       720       520       522       722       721       521
 -1        19    1    0    1
 -2       569       769       770       570       572       772       771       571
 -1        20    1    0    1
 -2       619       819       820       620       622       822       821       621
 -1        21    1    0    1
 -2       669       869       870       670       672       872       871       671
 -1        22    1    0    1
 -2       719       919       920       720       722       922       921       721
 -1        23    1    0    1
 -2       769       969       970       770       772       972       971       771
 -1        24    1    0    1
 -2       819      1019      1020       820       822      1022      1021       821
 -1        25    1    0    1
 -2       869      1565      1566       870       872      1568      1567       871
 -1        26    1    0    1
 -2      1565      1069      1070      1566      1568      1072      1071      1567
 -1        27    1    0    1
 -2       919      1573      1574       920       922      1576      1575       921
 -1        28    1    0    1
 -2      1573      1119      1120      1574      1576      1122      1121      1575
 -1        29    1    0    1
 -2       969      1581      1582       970       972      1584      1583       971
 -1        30    1    0    1
 -2      1581      1169      1170      1582      1584      1172      1171      1583
 -1        31    1    0    1
 -2      1019      1589      1590      1020      1022      1592      1591      1021
 -1        32    1    0    1
 -2      1589      1219      1220      1590      1592      1222      1221      1591
 -1        33    1    0    1
 -2      1069      1597      1598      1070      1072      1600      1599      1071
 -1        34    1    0    1
 -2      1597      1605      1606      1598      1600      1608      1607      1599
 -1        35    1    0    1
 -2      1605      1613      1614      1606      1608      1616      1615      1607
 -1        36    1    0    1
 -2      1613      1269      1270      1614      1616      1272      1271      1615
 -1        37    1    0    1
 -2      1119      1621      1622      1120      1122      1624      1623      1121
 -1        38    1    0    1
 -2      1621      1629      1630      1622      1624      1632      1631      1623
 -1        39    1    0    1
 -2      1629      1637      1638      1630      1632      1640      1639      1631
 -1        40    1    0    1
 -2      1637      1319      1320      1638      1640      1322      1321      1639
 -1        41    1    0    1
 -2      1169      1645      1646      1170      1172      1648      1647      1171
 -1        42    1    0    1
 -2      1645      1653      1654      1646      1648      1656      1655      1647
 -1        43    1    0    1
 -2      1653      1661      1662      1654      1656      1664      1663      1655
 -1        44    1    0    1
 -2      1661      1369      1370      1662      1664      1372      1371      1663
 -1        45    1    0    1
 -2      1219      1669      1670      1220      1222      1672      1671      1221
 -1        46    1    0    1
 -2      1669      1677      1678      1670      1672      1680      1679      1671
 -1        47    1    0    1
 -2      1677      1685      1686      1678      1680      1688      1687      1679
 -1        48    1    0    1
 -2      1685      1419      1420      1686      1688      1422      1421      1687
 -1        49    1    0    1
 -2       277      1693      1694       278       280      1696      1695       279
 -1        50    1    0    1
 -2      1693      1701      1702      1694      1696      1704      1703      1695
 -1        51    1    0    1
 -2      1701      1709      1710      1702      1704      1712      1711      1703
 -1        52    1    0    1
 -2      1709       327       328      1710      1712       330       329      1711
 -1        53    1    0    1
 -2       377      1717      1718       378       380      1720      1719       379
 -1        54    1    0    1
 -2      1717      1725      1726      1718      1720      1728      1727      1719
 -1        55    1    0    1
 -2      1725      1733      1734      1726      1728      1736      1735      1727
 -1        56    1    0    1
 -2      1733       427       428      1734      1736       430       429      1735
 -1        57    1    0    1
 -2       285      1741      1742       286       288      1744      1743       287
 -1        58    1    0    1
 -2      1741      1749      1750      1742      1744      1752      1751      1743
 -1        59    1    0    1
 -2      1749      1757      1758      1750      1752      1760      1759      1751
 -1        60    1    0    1
 -2      1757       385       386      1758      1760       388       387      1759
 -1        61    1    0    1
 -2       335      1765      1766       336       338      1768      1767       337
 -1        62    1    0    1
 -2      1765      1773      1774      1766      1768      1776      1775      1767
 -1        63    1    0    1
 -2      1773      1781      1782      1774      1776      1784      1783      1775
 -1        64    1    0    1
 -2      1781       435       436      1782      1784       438       437      1783
 -1        65    1    0    1
 -2       477      1789      1790       478       480      1792      1791       479
 -1        66    1    0    1
 -2      1789      1797      1798      1790      1792      1800      1799      1791
 -1        67    1    0    1
 -2      1797      1805      1806      1798      1800      1808      1807      1799
 -1        68    1    0    1
 -2      1805       527       528      1806      1808       530       529      1807
 -1        69    1    0    1
 -2       577      1813      1814       578       580      1816      1815       579
 -1        70    1    0    1
 -2      1813      1821      1822      1814      1816      1824      1823      1815
 -1        71    1    0    1
 -2      1821      1829      1830      1822      1824      1832      1831      1823
 -1        72    1    0    1
 -2      1829       627       628      1830      1832       630       629      1831
 -1        73    1    0    1
 -2       485      1837      1838       486       488      1840      1839       487
 -1        74    1    0    1
 -2      1837      1845      1846      1838      1840      1848      1847      1839
 -1        75    1    0    1
 -2      1845      1853      1854      1846      1848      1856      1855      1847
 -1        76    1    0    1
 -2      1853       585       586      1854      1856       588       587      1855
 -1        77    1    0    1
 -2       535      1861      1862       536       538      1864      1863       537
 -1        78    1    0    1
 -2      1861      1869      1870      1862      1864      1872      1871      1863
 -1        79    1    0    1
 -2      1869      1877      1878      1870      1872      1880      1879      1871
 -1        80    1    0    1
 -2      1877       635       636      1878      1880       638       637      1879
 -1        81    1    0    1
 -2       677       727       728       678       680       730       729       679
 -1        82    1    0    1
 -2       777       827       828       778       780       830       829       779
 -1        83    1    0    1
 -2       685       785       786       686       688       788       787       687
 -1        84    1    0    1
 -2       735       835       836       736       738       838       837       737
 -1        85    1    0    1
 -2       877       927       928       878       880       930       929       879
 -1        86    1    0    1
 -2       977      1027      1028       978       980      1030      1029       979
 -1        87    1    0    1
 -2       885       985       986       886       888       988       987       887
 -1        88    1    0    1
 -2       935      1035      1036       936       938      1038      1037       937
 -1        89    1    0    1
 -2      1077      1885      1886      1078      1080      1888      1887      1079
 -1        90    1    0    1
 -2      1885      1893      1894      1886      1888      1896      1895      1887
 -1        91    1    0    1
 -2      1893      1901      1902      1894      1896      1904      1903      1895
 -1        92    1    0    1
 -2      1901      1127      1128      1902      1904      1130      1129      1903
 -1        93    1    0    1
 -2      1177      1909      1910      1178      1180      1912      1911      1179
 -1        94    1    0    1
 -2      1909      1917      1918      1910      1912      1920      1919      1911
 -1        95    1    0    1
 -2      1917      1925      1926      1918      1920      1928      1927      1919
 -1        96    1    0    1
 -2      1925      1227      1228      1926      1928      1230      1229      1927
 -1        97    1    0    1
 -2      1085      1933      1934      1086      1088      1936      1935      1087
 -1        98    1    0    1
 -2      1933      1941      1942      1934      1936      1944      1943      1935
 -1        99    1    0    1
 -2      1941      1949      1950      1942      1944      1952      1951      1943
 -1       100    1    0    1
 -2      1949      1185      1186      1950      1952      1188      1187      1951
 -1       101    1    0    1
 -2      1135      1957      1958      1136      1138      1960      1959      1137
 -1       102    1    0    1
 -2      1957      1965      1966      1958      1960      1968      1967      1959
 -1       103    1    0    1
 -2      1965      1973      1974      1966      1968      1976      1975      1967
 -1       104    1    0    1
 -2      1973      1235      1236      1974      1976      1238      1237      1975
 -1       105    1    0    1
 -2      1277      1981      1982      1278      1280      1984      1983      1279
 -1       106    1    0    1
 -2      1981      1989      1990      1982      1984      1992      1991      1983
 -1       107    1    0    1
 -2      1989      1997      1998      1990      1992      2000      1999      1991
 -1       108    1    0    1
 -2      1997      2005      2006      1998      2000      2008      2007      1999
 -1       109    1    0    1
 -2      2005      2013      2014      2006      2008      2016      2015      2007
 -1       110    1    0    1
 -2      2013      2021      2022      2014      2016      2024      2023      2015
 -1       111    1    0    1
 -2      2021      2029      2030      2022      2024      2032      2031      2023
 -1       112    1    0    1
 -2      2029      1327      1328      2030      2032      1330      1329      2031
 -1       113    1    0    1
 -2      1377      2037      2038      1378      1380      2040      2039      1379
 -1       114    1    0    1
 -2      2037      2045      2046      2038      2040      2048      2047      2039
 -1       115    1    0    1
 -2      2045      2053      2054      2046      2048      2056      2055      2047
 -1       116    1    0    1
 -2      2053      2061      2062      2054      2056      2064      2063      2055
 -1       117    1    0    1
 -2      2061      2069      2070      2062      2064      2072      2071      2063
 -1       118    1    0    1
 -2      2069      2077      2078      2070      2072      2080      2079      2071
 -1       119    1    0    1
 -2      2077      2085      2086      2078      2080      2088      2087      2079
 -1       120    1    0    1
 -2      2085      1427      1428      2086      2088      1430      1429      2087
 -1       121    1    0    1
 -2      1285      2093      2094      1286      1288      2096      2095      1287
 -1       122    1    0    1
 -2      2093      2101      2102      2094      2096      2104      2103      2095
 -1       123    1    0    1
 -2      2101      2109      2110      2102      2104      2112      2111      2103
 -1       124    1    0    1
 -2      2109      2117      2118      2110      2112      2120      2119      2111
 -1       125    1    0    1
 -2      2117      2125      2126      2118      2120      2128      2127      2119
 -1       126    1    0    1
 -2      2125      2133      2134      2126      2128      2136      2135      2127
 -1       127    1    0    1
 -2      2133      2141      2142      2134      2136      2144      2143      2135
 -1       128    1    0    1
 -2      2141      1385      1386      2142      2144      1388      1387      2143
 -1       129    1    0    1
 -2      1335      2149      2150      1336      1338      2152      2151      1337
 -1       130    1    0    1
 -2      2149      2157      2158      2150      2152      2160      2159      2151
 -1       131    1    0    1
 -2      2157      2165      2166      2158      2160      2168      2167      2159
 -1       132    1    0    1
 -2      2165      2173      2174      2166      2168      2176      2175      2167
 -1       133    1    0    1
 -2      2173      2181      2182      2174      2176      2184      2183      2175
 -1       134    1    0    1
 -2      2181      2189      2190      2182      2184      2192      2191      2183
 -1       135    1    0    1
 -2      2189      2197      2198      2190      2192      2200      2199      2191
 -1       136    1    0    1
 -2      2197      1435      1436      2198      2200      1438      1437      2199
 -1       137    1    0    1
 -2       269      2205      2206       270       272      2208      2207       271
 -1       138    1    0    1
 -2      2205      2213      2214      2206      2208      2216      2215      2207
 -1       139    1    0    1
 -2      2213      2221      2222      2214      2216      2224      2223      2215
 -1       140    1    0    1
 -2      2221       569       570      2222      2224       572       571      2223
 -1       141    1    0    1
 -2       369      2229      2230       370       372      2232      2231       371
 -1       142    1    0    1
 -2      2229      2237      2238      2230      2232      2240      2239      2231
 -1       143    1    0    1
 -2      2237      2245      2246      2238      2240      2248      2247      2239
 -1       144    1    0    1
 -2      2245       469       470      2246      2248       472       471      2247
 -1       145    1    0    1
 -2       319      2253      2254       320       322      2256      2255       321
 -1       146    1    0    1
 -2      2253      2261      2262      2254      2256      2264      2263      2255
 -1       147    1    0    1
 -2      2261      2269      2270      2262      2264      2272      2271      2263
 -1       148    1    0    1
 -2      2269       619       620      2270      2272       622       621      2271
 -1       149    1    0    1
 -2       419      2277      2278       420       422      2280      2279       421
 -1       150    1    0    1
 -2      2277      2285      2286      2278      2280      2288      2287      2279
 -1       151    1    0    1
 -2      2285      2293      2294      2286      2288      2296      2295      2287
 -1       152    1    0    1
 -2      2293       519       520      2294      2296       522       521      2295
 -1       153    1    0    1
 -2       269      2301      2302       270       272      2304      2303       271
 -1       154    1    0    1
 -2      2301      2309      2310      2302      2304      2312      2311      2303
 -1       155    1    0    1
 -2      2309      2317      2318      2310      2312      2320      2319      2311
 -1       156    1    0    1
 -2      2317       519       520      2318      2320       522       521      2319
 -1       157    1    0    1
 -2       319      2325      2326       320       322      2328      2327       321
 -1       158    1    0    1
 -2      2325      2333      2334      2326      2328      2336      2335      2327
 -1       159    1    0    1
 -2      2333      2341      2342      2334      2336      2344      2343      2335
 -1       160    1    0    1
 -2      2341       469       470      2342      2344       472       471      2343
 -1       161    1    0    1
 -2       369      2349      2350       370       372      2352      2351       371
 -1       162    1    0    1
 -2      2349      2357      2358      2350      2352      2360      2359      2351
 -1       163    1    0    1
 -2      2357      2365      2366      2358      2360      2368      2367      2359
 -1       164    1    0    1
 -2      2365       619       620      2366      2368       622       621      2367
 -1       165    1    0    1
 -2       419      2373      2374       420       422      2376      2375       421
 -1       166    1    0    1
 -2      2373      2381      2382      2374      2376      2384      2383      2375
 -1       167    1    0    1
 -2      2381      2389      2390      2382      2384      2392      2391      2383
 -1       168    1    0    1
 -2      2389       569       570      2390      2392       572       571      2391
 -1       169    1    0    1
 -2       469      2397      2398       470       472      2400      2399       471
 -1       170    1    0    1
 -2      2397      2405      2406      2398      2400      2408      2407      2399
 -1       171    1    0    1
 -2      2405      2413      2414      2406      2408      2416      2415      2407
 -1       172    1    0    1
 -2      2413       769       770      2414      2416       772       771      2415
 -1       173    1    0    1
 -2       569      2421      2422       570       572      2424      2423       571
 -1       174    1    0    1
 -2      2421      2429      2430      2422      2424      2432      2431      2423
 -1       175    1    0    1
 -2      2429      2437      2438      2430      2432      2440      2439      2431
 -1       176    1    0    1
 -2      2437       669       670      2438      2440       672       671      2439
 -1       177    1    0    1
 -2       519      2445      2446       520       522      2448      2447       521
 -1       178    1    0    1
 -2      2445      2453      2454      2446      2448      2456      2455      2447
 -1       179    1    0    1
 -2      2453      2461      2462      2454      2456      2464      2463      2455
 -1       180    1    0    1
 -2      2461       819       820      2462      2464       822       821      2463
 -1       181    1    0    1
 -2       619      2469      2470       620       622      2472      2471       621
 -1       182    1    0    1
 -2      2469      2477      2478      2470      2472      2480      2479      2471
 -1       183    1    0    1
 -2      2477      2485      2486      2478      2480      2488      2487      2479
 -1       184    1    0    1
 -2      2485       719       720      2486      2488       722       721      2487
 -1       185    1    0    1
 -2       469      2493      2494       470       472      2496      2495       471
 -1       186    1    0    1
 -2      2493      2501      2502      2494      2496      2504      2503      2495
 -1       187    1    0    1
 -2      2501      2509      2510      2502      2504      2512      2511      2503
 -1       188    1    0    1
 -2      2509       719       720      2510      2512       722       721      2511
 -1       189    1    0    1
 -2       519      2517      2518       520       522      2520      2519       521
 -1       190    1    0    1
 -2      2517      2525      2526      2518      2520      2528      2527      2519
 -1       191    1    0    1
 -2      2525      2533      2534      2526      2528      2536      2535      2527
 -1       192    1    0    1
 -2      2533       669       670      2534      2536       672       671      2535
 -1       193    1    0    1
 -2       569      2541      2542       570       572      2544      2543       571
 -1       194    1    0    1
 -2      2541      2549      2550      2542      2544      2552      2551      2543
 -1       195    1    0    1
 -2      2549      2557      2558      2550      2552      2560      2559      2551
 -1       196    1    0    1
 -2      2557       819       820      2558      2560       822       821      2559
 -1       197    1    0    1
 -2       619      2565      2566       620       622      2568      2567       621
 -1       198    1    0    1
 -2      2565      2573      2574      2566      2568      2576      2575      2567
 -1       199    1    0    1
 -2      2573      2581      2582      2574      2576      2584      2583      2575
 -1       200    1    0    1
 -2      2581       769       770      2582      2584       772       771      2583
 -1       201    1    0    1
 -2       669      2589      2590       670       672      2592      2591       671
 -1       202    1    0    1
 -2      2589      2597      2598      2590      2592      2600      2599      2591
 -1       203    1    0    1
 -2      2597      2605      2606      2598      2600      2608      2607      2599
 -1       204    1    0    1
 -2      2605       969       970      2606      2608       972       971      2607
 -1       205    1    0    1
 -2       769      2613      2614       770       772      2616      2615       771
 -1       206    1    0    1
 -2      2613      2621      2622      2614      2616      2624      2623      2615
 -1       207    1    0    1
 -2      2621      2629      2630      2622      2624      2632      2631      2623
 -1       208    1    0    1
 -2      2629       869       870      2630      2632       872       871      2631
 -1       209    1    0    1
 -2       719      2637      2638       720       722      2640      2639       721
 -1       210    1    0    1
 -2      2637      2645      2646      2638      2640      2648      2647      2639
 -1       211    1    0    1
 -2      2645      2653      2654      2646      2648      2656      2655      2647
 -1       212    1    0    1
 -2      2653      1019      1020      2654      2656      1022      1021      2655
 -1       213    1    0    1
 -2       819      2661      2662       820       822      2664      2663       821
 -1       214    1    0    1
 -2      2661      2669      2670      2662      2664      2672      2671      2663
 -1       215    1    0    1
 -2      2669      2677      2678      2670      2672      2680      2679      2671
 -1       216    1    0    1
 -2      2677       919       920      2678      2680       922       921      2679
 -1       217    1    0    1
 -2       669      2685      2686       670       672      2688      2687       671
 -1       218    1    0    1
 -2      2685      2693      2694      2686      2688      2696      2695      2687
 -1       219    1    0    1
 -2      2693      2701      2702      2694      2696      2704      2703      2695
 -1       220    1    0    1
 -2      2701       919       920      2702      2704       922       921      2703
 -1       221    1    0    1
 -2       719      2709      2710       720       722      2712      2711       721
 -1       222    1    0    1
 -2      2709      2717      2718      2710      2712      2720      2719      2711
 -1       223    1    0    1
 -2      2717      2725      2726      2718      2720      2728      2727      2719
 -1       224    1    0    1
 -2      2725       869       870      2726      2728       872       871      2727
 -1       225    1    0    1
 -2       769      2733      2734       770       772      2736      2735       771
 -1       226    1    0    1
 -2      2733      2741      2742      2734      2736      2744      2743      2735
 -1       227    1    0    1
 -2      2741      2749      2750      2742      2744      2752      2751      2743
 -1       228    1    0    1
 -2      2749      1019      1020      2750      2752      1022      1021      2751
 -1       229    1    0    1
 -2       819      2757      2758       820       822      2760      2759       821
 -1       230    1    0    1
 -2      2757      2765      2766      2758      2760      2768      2767      2759
 -1       231    1    0    1
 -2      2765      2773      2774      2766      2768      2776      2775      2767
 -1       232    1    0    1
 -2      2773       969       970      2774      2776       972       971      2775
 -1       233    1    0    1
 -2       869      2781      2782       870       872      2784      2783       871
 -1       234    1    0    1
 -2      2781      2789      2790      2782      2784      2792      2791      2783
 -1       235    1    0    1
 -2      2789      2797      2798      2790      2792      2800      2799      2791
 -1       236    1    0    1
 -2      2797      1169      1170      2798      2800      1172      1171      2799
 -1       237    1    0    1
 -2       969      2805      2806       970       972      2808      2807       971
 -1       238    1    0    1
 -2      2805      2813      2814      2806      2808      2816      2815      2807
 -1       239    1    0    1
 -2      2813      2821      2822      2814      2816      2824      2823      2815
 -1       240    1    0    1
 -2      2821      1069      1070      2822      2824      1072      1071      2823
 -1       241    1    0    1
 -2       919      2829      2830       920       922      2832      2831       921
 -1       242    1    0    1
 -2      2829      2837      2838      2830      2832      2840      2839      2831
 -1       243    1    0    1
 -2      2837      2845      2846      2838      2840      2848      2847      2839
 -1       244    1    0    1
 -2      2845      1219      1220      2846      2848      1222      1221      2847
 -1       245    1    0    1
 -2      1019      2853      2854      1020      1022      2856      2855      1021
 -1       246    1    0    1
 -2      2853      2861      2862      2854      2856      2864      2863      2855
 -1       247    1    0    1
 -2      2861      2869      2870      2862      2864      2872      2871      2863
 -1       248    1    0    1
 -2      2869      1119      1120      2870      2872      1122      1121      2871
 -1       249    1    0    1
 -2       869      2877      2878       870       872      2880      2879       871
 -1       250    1    0    1
 -2      2877      2885      2886      2878      2880      2888      2887      2879
 -1       251    1    0    1
 -2      2885      2893      2894      2886      2888      2896      2895      2887
 -1       252    1    0    1
 -2      2893      1119      1120      2894      2896      1122      1121      2895
 -1       253    1    0    1
 -2       919      2901      2902       920       922      2904      2903       921
 -1       254    1    0    1
 -2      2901      2909      2910      2902      2904      2912      2911      2903
 -1       255    1    0    1
 -2      2909      2917      2918      2910      2912      2920      2919      2911
 -1       256    1    0    1
 -2      2917      1069      1070      2918      2920      1072      1071      2919
 -1       257    1    0    1
 -2       969      2925      2926       970       972      2928      2927       971
 -1       258    1    0    1
 -2      2925      2933      2934      2926      2928      2936      2935      2927
 -1       259    1    0    1
 -2      2933      2941      2942      2934      2936      2944      2943      2935
 -1       260    1    0    1
 -2      2941      1219      1220      2942      2944      1222      1221      2943
 -1       261    1    0    1
 -2      1019      2949      2950      1020      1022      2952      2951      1021
 -1       262    1    0    1
 -2      2949      2957      2958      2950      2952      2960      2959      2951
 -1       263    1    0    1
 -2      2957      2965      2966      2958      2960      2968      2967      2959
 -1       264    1    0    1
 -2      2965      1169      1170      2966      2968      1172      1171      2967
 -1       265    1    0    1
 -2      1069      2973      2974      1070      1072      2976      2975      1071
 -1       266    1    0    1
 -2      2973      2981      2982      2974      2976      2984      2983      2975
 -1       267    1    0    1
 -2      2981      2989      2990      2982      2984      2992      2991      2983
 -1       268    1    0    1
 -2      2989      2997      2998      2990      2992      3000      2999      2991
 -1       269    1    0    1
 -2      2997      3005      3006      2998      3000      3008      3007      2999
 -1       270    1    0    1
 -2      3005      3013      3014      3006      3008      3016      3015      3007
 -1       271    1    0    1
 -2      3013      3021      3022      3014      3016      3024      3023      3015
 -1       272    1    0    1
 -2      3021      1369      1370      3022      3024      1372      1371      3023
 -1       273    1    0    1
 -2      1169      3029      3030      1170      1172      3032      3031      1171
 -1       274    1    0    1
 -2      3029      3037      3038      3030      3032      3040      3039      3031
 -1       275    1    0    1
 -2      3037      3045      3046      3038      3040      3048      3047      3039
 -1       276    1    0    1
 -2      3045      3053      3054      3046      3048      3056      3055      3047
 -1       277    1    0    1
 -2      3053      3061      3062      3054      3056      3064      3063      3055
 -1       278    1    0    1
 -2      3061      3069      3070      3062      3064      3072      3071      3063
 -1       279    1    0    1
 -2      3069      3077      3078      3070      3072      3080      3079      3071
 -1       280    1    0    1
 -2      3077      1269      1270      3078      3080      1272      1271      3079
 -1       281    1    0    1
 -2      1119      3085      3086      1120      1122      3088      3087      1121
 -1       282    1    0    1
 -2      3085      3093      3094      3086      3088      3096      3095      3087
 -1       283    1    0    1
 -2      3093      3101      3102      3094      3096      3104      3103      3095
 -1       284    1    0    1
 -2      3101      3109      3110      3102      3104      3112      3111      3103
 -1       285    1    0    1
 -2      3109      3117      3118      3110      3112      3120      3119      3111
 -1       286    1    0    1
 -2      3117      3125      3126      3118      3120      3128      3127      3119
 -1       287    1    0    1
 -2      3125      3133      3134      3126      3128      3136      3135      3127
 -1       288    1    0    1
 -2      3133      1419      1420      3134      3136      1422      1421      3135
 -1       289    1    0    1
 -2      1219      3141      3142      1220      1222      3144      3143      1221
 -1       290    1    0    1
 -2      3141      3149      3150      3142      3144      3152      3151      3143
 -1       291    1    0    1
 -2      3149      3157      3158      3150      3152      3160      3159      3151
 -1       292    1    0    1
 -2      3157      3165      3166      3158      3160      3168      3167      3159
 -1       293    1    0    1
 -2      3165      3173      3174      3166      3168      3176      3175      3167
 -1       294    1    0    1
 -2      3173      3181      3182      3174      3176      3184      3183      3175
 -1       295    1    0    1
 -2      3181      3189      3190      3182      3184      3192      3191      3183
 -1       296    1    0    1
 -2      3189      1319      1320      3190      3192      1322      1321      3191
 -1       297    1    0    1
 -2      1069      3197      3198      1070      1072      3200      3199      1071
 -1       298    1    0    1
 -2      3197      3205      3206      3198      3200      3208      3207      3199
 -1       299    1    0    1
 -2      3205      3213      3214      3206      3208      3216      3215      3207
 -1       300    1    0    1
 -2      3213      3221      3222      3214      3216      3224      3223      3215
 -1       301    1    0    1
 -2      3221      3229      3230      3222      3224      3232      3231      3223
 -1       302    1    0    1
 -2      3229      3237      3238      3230      3232      3240      3239      3231
 -1       303    1    0    1
 -2      3237      3245      3246      3238      3240      3248      3247      3239
 -1       304    1    0    1
 -2      3245      1319      1320      3246      3248      1322      1321      3247
 -1       305    1    0    1
 -2      1119      3253      3254      1120      1122      3256      3255      1121
 -1       306    1    0    1
 -2      3253      3261      3262      3254      3256      3264      3263      3255
 -1       307    1    0    1
 -2      3261      3269      3270      3262      3264      3272      3271      3263
 -1       308    1    0    1
 -2      3269      3277      3278      3270      3272      3280      3279      3271
 -1       309    1    0    1
 -2      3277      3285      3286      3278      3280      3288      3287      3279
 -1       310    1    0    1
 -2      3285      3293      3294      3286      3288      3296      3295      3287
 -1       311    1    0    1
 -2      3293      3301      3302      3294      3296      3304      3303      3295
 -1       312    1    0    1
 -2      3301      1269      1270      3302      3304      1272      1271      3303
 -1       313    1    0    1
 -2      1169      3309      3310      1170      1172      3312      3311      1171
 -1       314    1    0    1
 -2      3309      3317      3318      3310      3312      3320      3319      3311
 -1       315    1    0    1
 -2      3317      3325      3326      3318      3320      3328      3327      3319
 -1       316    1    0    1
 -2      3325      3333      3334      3326      3328      3336      3335      3327
 -1       317    1    0    1
 -2      3333      3341      3342      3334      3336      3344      3343      3335
 -1       318    1    0    1
 -2      3341      3349      3350      3342      3344      3352      3351      3343
 -1       319    1    0    1
 -2      3349      3357      3358      3350      3352      3360      3359      3351
 -1       320    1    0    1
 -2      3357      1419      1420      3358      3360      1422      1421      3359
 -1       321    1    0    1
 -2      1219      3365      3366      1220      1222      3368      3367      1221
 -1       322    1    0    1
 -2      3365      3373      3374      3366      3368      3376      3375      3367
 -1       323    1    0    1
 -2      3373      3381      3382      3374      3376      3384      3383      3375
 -1       324    1    0    1
 -2      3381      3389      3390      3382      3384      3392      3391      3383
 -1       325    1    0    1
 -2      3389      3397      3398      3390      3392      3400      3399      3391
 -1       326    1    0    1
 -2      3397      3405      3406      3398      3400      3408      3407      3399
 -1       327    1    0    1
 -2      3405      3413      3414      3406      3408      3416      3415      3407
 -1       328    1    0    1
 -2      3413      1369      1370      3414      3416      1372      1371      3415
 -3
    1PSTEP                         1           1           1          
  100CL  101 1.000000000           0                     0    1           1
 -4  DISP        4    1
 -5  D1          1    2    1    0
 -5  D2          1    2    2    0
 -5  D3          1    2    3    0
 -5  ALL         1    2    0    0    1ALL
 -3
 9999
