    1C
    1UNormalized cross-passage space-truss torsion benchmark            
    1UUSER                                                              
    1UDATE              06.august.2026                                  
    1UTIME              05:34:13                                        
    1UHOST                                                              
    1UPGM               CalculiX                                        
    1UVERSION           Version 2.21                             
    1UCOMPILETIME       Sat Jul 29 10:52:01 CEST 2023                    
    1UDIR                                                               
    1UDBN                                                               
    1UMAT    1STEEL                                                     
    2C                          1280                                     1
 -1       273-1.19372E+00 8.63941E-04-3.54933E-02
 -1       274-1.23021E+00 3.63861E-03-1.93460E-02
 -1       275-1.20628E+00-8.63941E-04 3.54933E-02
 -1       276-1.16979E+00-3.63861E-03 1.93460E-02
 -1       281-1.20145E+00-3.41225E-02-1.15569E-02
 -1       282-1.20010E+00-2.46574E-03-3.59709E-02
 -1       283-1.19855E+00 3.41225E-02 1.15569E-02
 -1       284-1.19990E+00 2.46574E-03 3.59709E-02
 -1       289-1.23365E+00-1.29325E-02 5.48678E-04
 -1       290-1.20099E+00-3.60094E-02 1.52775E-03
 -1       291-1.16635E+00 1.29325E-02-5.48678E-04
 -1       292-1.19901E+00 3.60094E-02-1.52775E-03
 -1       323 1.20177E+00 2.37157E-03-3.59337E-02
 -1       324 1.16759E+00-2.09270E-03-1.56514E-02
 -1       325 1.19823E+00-2.37157E-03 3.59337E-02
 -1       326 1.23241E+00 2.09270E-03 1.56514E-02
 -1       331 1.20143E+00-3.37965E-02-1.24797E-02
 -1       332 1.20006E+00-1.48932E-03-3.60247E-02
 -1       333 1.19857E+00 3.37965E-02 1.24797E-02
 -1       334 1.19994E+00 1.48932E-03 3.60247E-02
 -1       339 1.16707E+00-1.46725E-02-6.22501E-04
 -1       340 1.20089E+00-3.60121E-02-1.52786E-03
 -1       341 1.23293E+00 1.46725E-02 6.22501E-04
 -1       342 1.19911E+00 3.60121E-02 1.52786E-03
 -1       373-1.19293E+00-2.82830E-03 1.96476E+00
 -1       374-1.22977E+00 1.55898E-03 1.97971E+00
 -1       375-1.20707E+00 2.82830E-03 2.03524E+00
 -1       376-1.17023E+00-1.55898E-03 2.02029E+00
 -1       381-1.19857E+00-3.37965E-02 1.98752E+00
 -1       382-1.19994E+00-1.48932E-03 1.96398E+00
 -1       383-1.20143E+00 3.37965E-02 2.01248E+00
 -1       384-1.20006E+00 1.48932E-03 2.03602E+00
 -1       389-1.23293E+00-1.46725E-02 1.99938E+00
 -1       390-1.19911E+00-3.60121E-02 1.99847E+00
 -1       391-1.16707E+00 1.46725E-02 2.00062E+00
 -1       392-1.20089E+00 3.60121E-02 2.00153E+00
 -1       423 1.20315E+00-1.17563E-03 1.96410E+00
 -1       424 1.16820E+00-3.67554E-03 1.98340E+00
 -1       425 1.19685E+00 1.17563E-03 2.03590E+00
 -1       426 1.23180E+00 3.67554E-03 2.01660E+00
 -1       431 1.19855E+00-3.41225E-02 1.98844E+00
 -1       432 1.19990E+00-2.46574E-03 1.96403E+00
 -1       433 1.20145E+00 3.41225E-02 2.01156E+00
 -1       434 1.20010E+00 2.46574E-03 2.03597E+00
 -1       439 1.16635E+00-1.29325E-02 2.00055E+00
 -1       440 1.19901E+00-3.60094E-02 2.00153E+00
 -1       441 1.23365E+00 1.29325E-02 1.99945E+00
 -1       442 1.20099E+00 3.60094E-02 1.99847E+00
 -1       473-1.19508E+00 9.99959E+00-3.57163E-02
 -1       474-1.23108E+00 1.00003E+01-1.82807E-02
 -1       475-1.20492E+00 1.00004E+01 3.57163E-02
 -1       476-1.16892E+00 9.99972E+00 1.82807E-02
 -1       481-1.20102E+00 9.96591E+00-1.16828E-02
 -1       482-1.20007E+00 9.99767E+00-3.59798E-02
 -1       483-1.19898E+00 1.00341E+01 1.16828E-02
 -1       484-1.19993E+00 1.00023E+01 3.59798E-02
 -1       489-1.23354E+00 9.98678E+00 3.96605E-04
 -1       490-1.20069E+00 9.96397E+00 1.08098E-03
 -1       491-1.16646E+00 1.00132E+01-3.96605E-04
 -1       492-1.19931E+00 1.00360E+01-1.08098E-03
 -1       523 1.20441E+00 9.99936E+00-3.57787E-02
 -1       524 1.16867E+00 9.99919E+00-1.78248E-02
 -1       525 1.19559E+00 1.00006E+01 3.57787E-02
 -1       526 1.23133E+00 1.00008E+01 1.78248E-02
 -1       531 1.20102E+00 9.96614E+00-1.23355E-02
 -1       532 1.20005E+00 9.99836E+00-3.60180E-02
 -1       533 1.19898E+00 1.00339E+01 1.23355E-02
 -1       534 1.19995E+00 1.00016E+01 3.60180E-02
 -1       539 1.16697E+00 9.98555E+00-4.33494E-04
 -1       540 1.20064E+00 9.96397E+00-1.08101E-03
 -1       541 1.23303E+00 1.00145E+01 4.33494E-04
 -1       542 1.19936E+00 1.00360E+01 1.08101E-03
 -1       573-1.19541E+00 1.00006E+01 1.96424E+00
 -1       574-1.23124E+00 1.00008E+01 1.98202E+00
 -1       575-1.20459E+00 9.99936E+00 2.03576E+00
 -1       576-1.16876E+00 9.99919E+00 2.01798E+00
 -1       581-1.19898E+00 9.96614E+00 1.98766E+00
 -1       582-1.19995E+00 9.99836E+00 1.96398E+00
 -1       583-1.20102E+00 1.00339E+01 2.01234E+00
 -1       584-1.20005E+00 1.00016E+01 2.03602E+00
 -1       589-1.23303E+00 9.98555E+00 1.99957E+00
 -1       590-1.19936E+00 9.96397E+00 1.99892E+00
 -1       591-1.16697E+00 1.00145E+01 2.00043E+00
 -1       592-1.20064E+00 1.00360E+01 2.00108E+00
 -1       623 1.20406E+00 1.00004E+01 1.96418E+00
 -1       624 1.16850E+00 9.99971E+00 1.98247E+00
 -1       625 1.19594E+00 9.99960E+00 2.03582E+00
 -1       626 1.23150E+00 1.00003E+01 2.01753E+00
 -1       631 1.19898E+00 9.96591E+00 1.98832E+00
 -1       632 1.19993E+00 9.99767E+00 1.96402E+00
 -1       633 1.20102E+00 1.00341E+01 2.01168E+00
 -1       634 1.20007E+00 1.00023E+01 2.03598E+00
 -1       639 1.16646E+00 9.98678E+00 2.00040E+00
 -1       640 1.19931E+00 9.96397E+00 2.00108E+00
 -1       641 1.23354E+00 1.00132E+01 1.99960E+00
 -1       642 1.20069E+00 1.00360E+01 1.99892E+00
 -1       673-1.19531E+00 1.99997E+01-3.57478E-02
 -1       674-1.23119E+00 2.00001E+01-1.80815E-02
 -1       675-1.20469E+00 2.00003E+01 3.57478E-02
 -1       676-1.16881E+00 1.99999E+01 1.80815E-02
 -1       681-1.20000E+00 1.99660E+01-1.20000E-02
 -1       682-1.20000E+00 1.99980E+01-3.60000E-02
 -1       683-1.20000E+00 2.00340E+01 1.20000E-02
 -1       684-1.20000E+00 2.00020E+01 3.60000E-02
 -1       689-1.23328E+00 1.99861E+01 0.00000E+00
 -1       690-1.20000E+00 1.99639E+01 0.00000E+00
 -1       691-1.16672E+00 2.00139E+01 0.00000E+00
 -1       692-1.20000E+00 2.00361E+01 0.00000E+00
 -1       723 1.20439E+00 1.99998E+01-3.57860E-02
 -1       724 1.16866E+00 1.99997E+01-1.78189E-02
 -1       725 1.19561E+00 2.00002E+01 3.57860E-02
 -1       726 1.23134E+00 2.00003E+01 1.78189E-02
 -1       731 1.20000E+00 1.99660E+01-1.20000E-02
 -1       732 1.20000E+00 1.99980E+01-3.60000E-02
 -1       733 1.20000E+00 2.00340E+01 1.20000E-02
 -1       734 1.20000E+00 2.00020E+01 3.60000E-02
 -1       739 1.16672E+00 1.99861E+01 0.00000E+00
 -1       740 1.20000E+00 1.99639E+01 0.00000E+00
 -1       741 1.23328E+00 2.00139E+01 0.00000E+00
 -1       742 1.20000E+00 2.00361E+01 0.00000E+00
 -1       773-1.19547E+00 2.00002E+01 1.96423E+00
 -1       774-1.23128E+00 2.00003E+01 1.98206E+00
 -1       775-1.20453E+00 1.99998E+01 2.03577E+00
 -1       776-1.16872E+00 1.99997E+01 2.01794E+00
 -1       781-1.20000E+00 1.99660E+01 1.98800E+00
 -1       782-1.20000E+00 1.99980E+01 1.96400E+00
 -1       783-1.20000E+00 2.00340E+01 2.01200E+00
 -1       784-1.20000E+00 2.00020E+01 2.03600E+00
 -1       789-1.23328E+00 1.99861E+01 2.00000E+00
 -1       790-1.20000E+00 1.99639E+01 2.00000E+00
 -1       791-1.16672E+00 2.00139E+01 2.00000E+00
 -1       792-1.20000E+00 2.00361E+01 2.00000E+00
 -1       823 1.20423E+00 2.00003E+01 1.96419E+00
 -1       824 1.16857E+00 1.99999E+01 1.98233E+00
 -1       825 1.19577E+00 1.99997E+01 2.03581E+00
 -1       826 1.23143E+00 2.00001E+01 2.01767E+00
 -1       831 1.20000E+00 1.99660E+01 1.98800E+00
 -1       832 1.20000E+00 1.99980E+01 1.96400E+00
 -1       833 1.20000E+00 2.00340E+01 2.01200E+00
 -1       834 1.20000E+00 2.00020E+01 2.03600E+00
 -1       839 1.16672E+00 1.99861E+01 2.00000E+00
 -1       840 1.20000E+00 1.99639E+01 2.00000E+00
 -1       841 1.23328E+00 2.00139E+01 2.00000E+00
 -1       842 1.20000E+00 2.00361E+01 2.00000E+00
 -1       873-1.19521E+00 2.99997E+01-3.57351E-02
 -1       874-1.23115E+00 3.00001E+01-1.81643E-02
 -1       875-1.20479E+00 3.00003E+01 3.57351E-02
 -1       876-1.16885E+00 2.99999E+01 1.81643E-02
 -1       881-1.20000E+00 2.99660E+01-1.20000E-02
 -1       882-1.20000E+00 2.99980E+01-3.60000E-02
 -1       883-1.20000E+00 3.00340E+01 1.20000E-02
 -1       884-1.20000E+00 3.00020E+01 3.60000E-02
 -1       889-1.23328E+00 2.99861E+01 0.00000E+00
 -1       890-1.20000E+00 2.99639E+01 0.00000E+00
 -1       891-1.16672E+00 3.00139E+01 0.00000E+00
 -1       892-1.20000E+00 3.00361E+01 0.00000E+00
 -1       923 1.20447E+00 2.99998E+01-3.57769E-02
 -1       924 1.16869E+00 2.99996E+01-1.78821E-02
 -1       925 1.19553E+00 3.00002E+01 3.57769E-02
 -1       926 1.23131E+00 3.00004E+01 1.78821E-02
 -1       931 1.20000E+00 2.99660E+01-1.20000E-02
 -1       932 1.20000E+00 2.99980E+01-3.60000E-02
 -1       933 1.20000E+00 3.00340E+01 1.20000E-02
 -1       934 1.20000E+00 3.00020E+01 3.60000E-02
 -1       939 1.16672E+00 2.99861E+01 0.00000E+00
 -1       940 1.20000E+00 2.99639E+01 0.00000E+00
 -1       941 1.23328E+00 3.00139E+01 0.00000E+00
 -1       942 1.20000E+00 3.00361E+01 0.00000E+00
 -1       973-1.19538E+00 3.00002E+01 1.96424E+00
 -1       974-1.23123E+00 3.00004E+01 1.98199E+00
 -1       975-1.20462E+00 2.99998E+01 2.03576E+00
 -1       976-1.16877E+00 2.99996E+01 2.01801E+00
 -1       981-1.20000E+00 2.99660E+01 1.98800E+00
 -1       982-1.20000E+00 2.99980E+01 1.96400E+00
 -1       983-1.20000E+00 3.00340E+01 2.01200E+00
 -1       984-1.20000E+00 3.00020E+01 2.03600E+00
 -1       989-1.23328E+00 2.99861E+01 2.00000E+00
 -1       990-1.20000E+00 2.99639E+01 2.00000E+00
 -1       991-1.16672E+00 3.00139E+01 2.00000E+00
 -1       992-1.20000E+00 3.00361E+01 2.00000E+00
 -1      1023 1.20429E+00 3.00003E+01 1.96420E+00
 -1      1024 1.16861E+00 2.99999E+01 1.98227E+00
 -1      1025 1.19571E+00 2.99997E+01 2.03580E+00
 -1      1026 1.23139E+00 3.00001E+01 2.01773E+00
 -1      1031 1.20000E+00 2.99660E+01 1.98800E+00
 -1      1032 1.20000E+00 2.99980E+01 1.96400E+00
 -1      1033 1.20000E+00 3.00340E+01 2.01200E+00
 -1      1034 1.20000E+00 3.00020E+01 2.03600E+00
 -1      1039 1.16672E+00 2.99861E+01 2.00000E+00
 -1      1040 1.20000E+00 2.99639E+01 2.00000E+00
 -1      1041 1.23328E+00 3.00139E+01 2.00000E+00
 -1      1042 1.20000E+00 3.00361E+01 2.00000E+00
 -1      1073-1.19494E+00 3.99991E+01-3.56880E-02
 -1      1074-1.23100E+00 4.00001E+01-1.84071E-02
 -1      1075-1.20506E+00 4.00009E+01 3.56880E-02
 -1      1076-1.16900E+00 3.99999E+01 1.84071E-02
 -1      1081-1.20145E+00 3.99659E+01-1.15569E-02
 -1      1082-1.20010E+00 3.99975E+01-3.59709E-02
 -1      1083-1.19855E+00 4.00341E+01 1.15569E-02
 -1      1084-1.19990E+00 4.00025E+01 3.59709E-02
 -1      1089-1.23365E+00 3.99871E+01 5.48678E-04
 -1      1090-1.20099E+00 3.99640E+01 1.52775E-03
 -1      1091-1.16635E+00 4.00129E+01-5.48678E-04
 -1      1092-1.19901E+00 4.00360E+01-1.52775E-03
 -1      1123 1.20428E+00 3.99998E+01-3.58003E-02
 -1      1124 1.16860E+00 3.99994E+01-1.77131E-02
 -1      1125 1.19572E+00 4.00002E+01 3.58003E-02
 -1      1126 1.23140E+00 4.00006E+01 1.77131E-02
 -1      1131 1.20143E+00 3.99662E+01-1.24797E-02
 -1      1132 1.20006E+00 3.99985E+01-3.60247E-02
 -1      1133 1.19857E+00 4.00338E+01 1.24797E-02
 -1      1134 1.19994E+00 4.00015E+01 3.60247E-02
 -1      1139 1.16707E+00 3.99853E+01-6.22501E-04
 -1      1140 1.20089E+00 3.99640E+01-1.52786E-03
 -1      1141 1.23293E+00 4.00147E+01 6.22501E-04
 -1      1142 1.19911E+00 4.00360E+01 1.52786E-03
 -1      1173-1.19528E+00 4.00002E+01 1.96426E+00
 -1      1174-1.23118E+00 4.00006E+01 1.98190E+00
 -1      1175-1.20472E+00 3.99998E+01 2.03574E+00
 -1      1176-1.16882E+00 3.99994E+01 2.01810E+00
 -1      1181-1.19857E+00 3.99662E+01 1.98752E+00
 -1      1182-1.19994E+00 3.99985E+01 1.96398E+00
 -1      1183-1.20143E+00 4.00338E+01 2.01248E+00
 -1      1184-1.20006E+00 4.00015E+01 2.03602E+00
 -1      1189-1.23293E+00 3.99853E+01 1.99938E+00
 -1      1190-1.19911E+00 3.99640E+01 1.99847E+00
 -1      1191-1.16707E+00 4.00147E+01 2.00062E+00
 -1      1192-1.20089E+00 4.00360E+01 2.00153E+00
 -1      1223 1.20391E+00 4.00009E+01 1.96417E+00
 -1      1224 1.16842E+00 3.99999E+01 1.98260E+00
 -1      1225 1.19609E+00 3.99991E+01 2.03583E+00
 -1      1226 1.23158E+00 4.00001E+01 2.01740E+00
 -1      1231 1.19855E+00 3.99659E+01 1.98844E+00
 -1      1232 1.19990E+00 3.99975E+01 1.96403E+00
 -1      1233 1.20145E+00 4.00341E+01 2.01156E+00
 -1      1234 1.20010E+00 4.00025E+01 2.03597E+00
 -1      1239 1.16635E+00 3.99871E+01 2.00055E+00
 -1      1240 1.19901E+00 3.99640E+01 2.00153E+00
 -1      1241 1.23365E+00 4.00129E+01 1.99945E+00
 -1      1242 1.20099E+00 4.00360E+01 1.99847E+00
 -1      1273-1.19608E+00 4.99978E+01-3.57769E-02
 -1      1274-1.23151E+00 4.99968E+01-1.72369E-02
 -1      1275-1.20392E+00 5.00022E+01 3.57769E-02
 -1      1276-1.16849E+00 5.00032E+01 1.72369E-02
 -1      1281-1.20145E+00 4.99659E+01-1.15569E-02
 -1      1282-1.20010E+00 4.99975E+01-3.59709E-02
 -1      1283-1.19855E+00 5.00341E+01 1.15569E-02
 -1      1284-1.19990E+00 5.00025E+01 3.59709E-02
 -1      1289-1.23365E+00 4.99871E+01 5.48678E-04
 -1      1290-1.20099E+00 4.99640E+01 1.52775E-03
 -1      1291-1.16635E+00 5.00129E+01-5.48678E-04
 -1      1292-1.19901E+00 5.00360E+01-1.52775E-03
 -1      1323 1.20659E+00 4.99962E+01-3.52441E-02
 -1      1324 1.16988E+00 5.00000E+01-1.98184E-02
 -1      1325 1.19341E+00 5.00038E+01 3.52441E-02
 -1      1326 1.23012E+00 5.00000E+01 1.98184E-02
 -1      1331 1.20143E+00 4.99662E+01-1.24797E-02
 -1      1332 1.20006E+00 4.99985E+01-3.60247E-02
 -1      1333 1.19857E+00 5.00338E+01 1.24797E-02
 -1      1334 1.19994E+00 5.00015E+01 3.60247E-02
 -1      1339 1.16707E+00 4.99853E+01-6.22501E-04
 -1      1340 1.20089E+00 4.99640E+01-1.52786E-03
 -1      1341 1.23293E+00 5.00147E+01 6.22501E-04
 -1      1342 1.19911E+00 5.00360E+01 1.52786E-03
 -1      1373-1.19822E+00 5.00036E+01 1.96416E+00
 -1      1374-1.23249E+00 4.99994E+01 1.98438E+00
 -1      1375-1.20178E+00 4.99964E+01 2.03584E+00
 -1      1376-1.16751E+00 5.00006E+01 2.01562E+00
 -1      1381-1.19857E+00 4.99662E+01 1.98752E+00
 -1      1382-1.19994E+00 4.99985E+01 1.96398E+00
 -1      1383-1.20143E+00 5.00338E+01 2.01248E+00
 -1      1384-1.20006E+00 5.00015E+01 2.03602E+00
 -1      1389-1.23293E+00 4.99853E+01 1.99938E+00
 -1      1390-1.19911E+00 4.99640E+01 1.99847E+00
 -1      1391-1.16707E+00 5.00147E+01 2.00062E+00
 -1      1392-1.20089E+00 5.00360E+01 2.00153E+00
 -1      1423 1.20511E+00 5.00021E+01 1.96437E+00
 -1      1424 1.16909E+00 5.00032E+01 1.98172E+00
 -1      1425 1.19489E+00 4.99979E+01 2.03563E+00
 -1      1426 1.23091E+00 4.99968E+01 2.01828E+00
 -1      1431 1.19855E+00 4.99659E+01 1.98844E+00
 -1      1432 1.19990E+00 4.99975E+01 1.96403E+00
 -1      1433 1.20145E+00 5.00341E+01 2.01156E+00
 -1      1434 1.20010E+00 5.00025E+01 2.03597E+00
 -1      1439 1.16635E+00 4.99871E+01 2.00055E+00
 -1      1440 1.19901E+00 4.99640E+01 2.00153E+00
 -1      1441 1.23365E+00 5.00129E+01 1.99945E+00
 -1      1442 1.20099E+00 5.00360E+01 1.99847E+00
 -1      1473-1.19553E+00 5.00000E+00-1.85778E-01
 -1      1474-1.23131E+00 5.00000E+00-1.67883E-01
 -1      1475-1.20447E+00 5.00000E+00-1.14222E-01
 -1      1476-1.16869E+00 5.00000E+00-1.32117E-01
 -1      1481 1.20447E+00 5.00000E+00 1.14222E-01
 -1      1482 1.16869E+00 5.00000E+00 1.32117E-01
 -1      1483 1.19553E+00 5.00000E+00 1.85778E-01
 -1      1484 1.23131E+00 5.00000E+00 1.67883E-01
 -1      1489-1.19553E+00 5.00000E+00 1.81422E+00
 -1      1490-1.23131E+00 5.00000E+00 1.83212E+00
 -1      1491-1.20447E+00 5.00000E+00 1.88578E+00
 -1      1492-1.16869E+00 5.00000E+00 1.86788E+00
 -1      1497 1.20447E+00 5.00000E+00 2.11422E+00
 -1      1498 1.16869E+00 5.00000E+00 2.13212E+00
 -1      1499 1.19553E+00 5.00000E+00 2.18578E+00
 -1      1500 1.23131E+00 5.00000E+00 2.16788E+00
 -1      1505-1.19522E+00 4.24989E+01-1.41787E-01
 -1      1506-1.23115E+00 4.24995E+01-1.24216E-01
 -1      1507-1.20478E+00 4.25011E+01-7.03450E-02
 -1      1508-1.16885E+00 4.25005E+01-8.79159E-02
 -1      1513-1.19553E+00 4.50000E+01-1.85777E-01
 -1      1514-1.23131E+00 4.50000E+01-1.67887E-01
 -1      1515-1.20447E+00 4.50000E+01-1.14223E-01
 -1      1516-1.16869E+00 4.50000E+01-1.32113E-01
 -1      1521-1.19586E+00 4.75011E+01-1.41867E-01
 -1      1522-1.23147E+00 4.75005E+01-1.23652E-01
 -1      1523-1.20414E+00 4.74989E+01-7.02647E-02
 -1      1524-1.16853E+00 4.74995E+01-8.84797E-02
 -1      1529 1.20414E+00 4.25011E+01 7.02647E-02
 -1      1530 1.16853E+00 4.25005E+01 8.84797E-02
 -1      1531 1.19586E+00 4.24989E+01 1.41867E-01
 -1      1532 1.23147E+00 4.24995E+01 1.23652E-01
 -1      1537 1.20447E+00 4.50000E+01 1.14223E-01
 -1      1538 1.16869E+00 4.50000E+01 1.32113E-01
 -1      1539 1.19553E+00 4.50000E+01 1.85777E-01
 -1      1540 1.23131E+00 4.50000E+01 1.67887E-01
 -1      1545 1.20478E+00 4.74989E+01 7.03450E-02
 -1      1546 1.16885E+00 4.74995E+01 8.79159E-02
 -1      1547 1.19522E+00 4.75011E+01 1.41787E-01
 -1      1548 1.23115E+00 4.75005E+01 1.24216E-01
 -1      1553-1.19522E+00 4.24989E+01 1.85821E+00
 -1      1554-1.23115E+00 4.24995E+01 1.87578E+00
 -1      1555-1.20478E+00 4.25011E+01 1.92966E+00
 -1      1556-1.16885E+00 4.25005E+01 1.91208E+00
 -1      1561-1.19553E+00 4.50000E+01 1.81422E+00
 -1      1562-1.23131E+00 4.50000E+01 1.83211E+00
 -1      1563-1.20447E+00 4.50000E+01 1.88578E+00
 -1      1564-1.16869E+00 4.50000E+01 1.86789E+00
 -1      1569-1.19586E+00 4.75011E+01 1.85813E+00
 -1      1570-1.23147E+00 4.75005E+01 1.87635E+00
 -1      1571-1.20414E+00 4.74989E+01 1.92974E+00
 -1      1572-1.16853E+00 4.74995E+01 1.91152E+00
 -1      1577 1.20414E+00 4.25011E+01 2.07026E+00
 -1      1578 1.16853E+00 4.25005E+01 2.08848E+00
 -1      1579 1.19586E+00 4.24989E+01 2.14187E+00
 -1      1580 1.23147E+00 4.24995E+01 2.12365E+00
 -1      1585 1.20447E+00 4.50000E+01 2.11422E+00
 -1      1586 1.16869E+00 4.50000E+01 2.13211E+00
 -1      1587 1.19553E+00 4.50000E+01 2.18578E+00
 -1      1588 1.23131E+00 4.50000E+01 2.16789E+00
 -1      1593 1.20478E+00 4.74989E+01 2.07034E+00
 -1      1594 1.16885E+00 4.74995E+01 2.08792E+00
 -1      1595 1.19522E+00 4.75011E+01 2.14179E+00
 -1      1596 1.23115E+00 4.75005E+01 2.12422E+00
 -1      1601-6.01023E-01-5.95507E-02-1.16832E-02
 -1      1602-6.00070E-01-2.77896E-02-3.59798E-02
 -1      1603-5.98977E-01 8.63897E-03 1.16832E-02
 -1      1604-5.99930E-01-2.31221E-02 3.59798E-02
 -1      1609 0.00000E+00-6.99997E-02-1.20008E-02
 -1      1610 0.00000E+00-3.79991E-02-3.60000E-02
 -1      1611 0.00000E+00-2.00028E-03 1.20008E-02
 -1      1612 0.00000E+00-3.40009E-02 3.60000E-02
 -1      1617 6.01016E-01-5.93202E-02-1.23359E-02
 -1      1618 6.00049E-01-2.70988E-02-3.60180E-02
 -1      1619 5.98984E-01 8.40852E-03 1.23359E-02
 -1      1620 5.99951E-01-2.38129E-02 3.60180E-02
 -1      1625-5.98984E-01-8.40852E-03 1.98766E+00
 -1      1626-5.99951E-01 2.38129E-02 1.96398E+00
 -1      1627-6.01016E-01 5.93202E-02 2.01234E+00
 -1      1628-6.00049E-01 2.70988E-02 2.03602E+00
 -1      1633 0.00000E+00 2.00028E-03 1.98800E+00
 -1      1634 0.00000E+00 3.40009E-02 1.96400E+00
 -1      1635 0.00000E+00 6.99997E-02 2.01200E+00
 -1      1636 0.00000E+00 3.79991E-02 2.03600E+00
 -1      1641 5.98977E-01-8.63897E-03 1.98832E+00
 -1      1642 5.99930E-01 2.31221E-02 1.96402E+00
 -1      1643 6.01023E-01 5.95507E-02 2.01168E+00
 -1      1644 6.00070E-01 2.77896E-02 2.03598E+00
 -1      1649-1.23354E+00 7.99623E-03 5.00396E-01
 -1      1650-1.20070E+00-1.48194E-02 5.01081E-01
 -1      1651-1.16646E+00 3.44302E-02 4.99604E-01
 -1      1652-1.19930E+00 5.72458E-02 4.98919E-01
 -1      1657-1.23328E+00 1.61383E-02 1.00000E+00
 -1      1658-1.20001E+00-6.05551E-03 1.00000E+00
 -1      1659-1.16672E+00 4.38617E-02 1.00000E+00
 -1      1660-1.19999E+00 6.60555E-02 1.00000E+00
 -1      1665-1.23303E+00 6.76606E-03 1.49957E+00
 -1      1666-1.19936E+00-1.48205E-02 1.49892E+00
 -1      1667-1.16697E+00 3.56603E-02 1.50043E+00
 -1      1668-1.20064E+00 5.72469E-02 1.50108E+00
 -1      1673 1.16697E+00-3.56603E-02 4.99567E-01
 -1      1674 1.20064E+00-5.72469E-02 4.98919E-01
 -1      1675 1.23303E+00-6.76606E-03 5.00433E-01
 -1      1676 1.19936E+00 1.48205E-02 5.01081E-01
 -1      1681 1.16672E+00-4.38617E-02 1.00000E+00
 -1      1682 1.19999E+00-6.60555E-02 1.00000E+00
 -1      1683 1.23328E+00-1.61383E-02 1.00000E+00
 -1      1684 1.20001E+00 6.05551E-03 1.00000E+00
 -1      1689 1.16646E+00-3.44302E-02 1.50040E+00
 -1      1690 1.19930E+00-5.72458E-02 1.50108E+00
 -1      1691 1.23354E+00-7.99623E-03 1.49960E+00
 -1      1692 1.20070E+00 1.48194E-02 1.49892E+00
 -1      1697 0.00000E+00 9.93000E+00-1.20023E-02
 -1      1698 0.00000E+00 9.96200E+00-3.60001E-02
 -1      1699 0.00000E+00 9.99800E+00 1.20023E-02
 -1      1700 0.00000E+00 9.96600E+00 3.60001E-02
 -1      1705 0.00000E+00 1.00020E+01 1.98800E+00
 -1      1706 0.00000E+00 1.00340E+01 1.96400E+00
 -1      1707 0.00000E+00 1.00700E+01 2.01200E+00
 -1      1708 0.00000E+00 1.00380E+01 2.03600E+00
 -1      1713-1.23329E+00 1.00161E+01 1.00000E+00
 -1      1714-1.20002E+00 9.99394E+00 1.00000E+00
 -1      1715-1.16671E+00 1.00439E+01 1.00000E+00
 -1      1716-1.19998E+00 1.00661E+01 1.00000E+00
 -1      1721 1.16671E+00 9.95615E+00 1.00000E+00
 -1      1722 1.19998E+00 9.93394E+00 1.00000E+00
 -1      1723 1.23329E+00 9.98385E+00 1.00000E+00
 -1      1724 1.20002E+00 1.00061E+01 1.00000E+00
 -1      1729-6.01023E-01 3.99404E+01-1.16832E-02
 -1      1730-6.00070E-01 3.99722E+01-3.59798E-02
 -1      1731-5.98977E-01 4.00086E+01 1.16832E-02
 -1      1732-5.99930E-01 3.99769E+01 3.59798E-02
 -1      1737 0.00000E+00 3.99300E+01-1.20008E-02
 -1      1738 0.00000E+00 3.99620E+01-3.60000E-02
 -1      1739 0.00000E+00 3.99980E+01 1.20008E-02
 -1      1740 0.00000E+00 3.99660E+01 3.60000E-02
 -1      1745 6.01016E-01 3.99407E+01-1.23359E-02
 -1      1746 6.00049E-01 3.99729E+01-3.60180E-02
 -1      1747 5.98984E-01 4.00084E+01 1.23359E-02
 -1      1748 5.99951E-01 3.99762E+01 3.60180E-02
 -1      1753-5.98984E-01 3.99916E+01 1.98766E+00
 -1      1754-5.99951E-01 4.00238E+01 1.96398E+00
 -1      1755-6.01016E-01 4.00593E+01 2.01234E+00
 -1      1756-6.00049E-01 4.00271E+01 2.03602E+00
 -1      1761 0.00000E+00 4.00020E+01 1.98800E+00
 -1      1762 0.00000E+00 4.00340E+01 1.96400E+00
 -1      1763 0.00000E+00 4.00700E+01 2.01200E+00
 -1      1764 0.00000E+00 4.00380E+01 2.03600E+00
 -1      1769 5.98977E-01 3.99914E+01 1.98832E+00
 -1      1770 5.99930E-01 4.00231E+01 1.96402E+00
 -1      1771 6.01023E-01 4.00596E+01 2.01168E+00
 -1      1772 6.00070E-01 4.00278E+01 2.03598E+00
 -1      1777-1.23354E+00 4.00080E+01 5.00396E-01
 -1      1778-1.20070E+00 3.99852E+01 5.01081E-01
 -1      1779-1.16646E+00 4.00344E+01 4.99604E-01
 -1      1780-1.19930E+00 4.00572E+01 4.98919E-01
 -1      1785-1.23328E+00 4.00161E+01 1.00000E+00
 -1      1786-1.20001E+00 3.99939E+01 1.00000E+00
 -1      1787-1.16672E+00 4.00439E+01 1.00000E+00
 -1      1788-1.19999E+00 4.00661E+01 1.00000E+00
 -1      1793-1.23303E+00 4.00068E+01 1.49957E+00
 -1      1794-1.19936E+00 3.99852E+01 1.49892E+00
 -1      1795-1.16697E+00 4.00357E+01 1.50043E+00
 -1      1796-1.20064E+00 4.00572E+01 1.50108E+00
 -1      1801 1.16697E+00 3.99643E+01 4.99567E-01
 -1      1802 1.20064E+00 3.99428E+01 4.98919E-01
 -1      1803 1.23303E+00 3.99932E+01 5.00433E-01
 -1      1804 1.19936E+00 4.00148E+01 5.01081E-01
 -1      1809 1.16672E+00 3.99561E+01 1.00000E+00
 -1      1810 1.19999E+00 3.99339E+01 1.00000E+00
 -1      1811 1.23328E+00 3.99839E+01 1.00000E+00
 -1      1812 1.20001E+00 4.00061E+01 1.00000E+00
 -1      1817 1.16646E+00 3.99656E+01 1.50040E+00
 -1      1818 1.19930E+00 3.99428E+01 1.50108E+00
 -1      1819 1.23354E+00 3.99920E+01 1.49960E+00
 -1      1820 1.20070E+00 4.00148E+01 1.49892E+00
 -1      1825-6.01023E-01 4.99404E+01-1.16832E-02
 -1      1826-6.00070E-01 4.99722E+01-3.59798E-02
 -1      1827-5.98977E-01 5.00086E+01 1.16832E-02
 -1      1828-5.99930E-01 4.99769E+01 3.59798E-02
 -1      1833 0.00000E+00 4.99300E+01-1.20008E-02
 -1      1834 0.00000E+00 4.99620E+01-3.60000E-02
 -1      1835 0.00000E+00 4.99980E+01 1.20008E-02
 -1      1836 0.00000E+00 4.99660E+01 3.60000E-02
 -1      1841 6.01016E-01 4.99407E+01-1.23359E-02
 -1      1842 6.00049E-01 4.99729E+01-3.60180E-02
 -1      1843 5.98984E-01 5.00084E+01 1.23359E-02
 -1      1844 5.99951E-01 4.99762E+01 3.60180E-02
 -1      1849-5.98984E-01 4.99916E+01 1.98766E+00
 -1      1850-5.99951E-01 5.00238E+01 1.96398E+00
 -1      1851-6.01016E-01 5.00593E+01 2.01234E+00
 -1      1852-6.00049E-01 5.00271E+01 2.03602E+00
 -1      1857 0.00000E+00 5.00020E+01 1.98800E+00
 -1      1858 0.00000E+00 5.00340E+01 1.96400E+00
 -1      1859 0.00000E+00 5.00700E+01 2.01200E+00
 -1      1860 0.00000E+00 5.00380E+01 2.03600E+00
 -1      1865 5.98977E-01 4.99914E+01 1.98832E+00
 -1      1866 5.99930E-01 5.00231E+01 1.96402E+00
 -1      1867 6.01023E-01 5.00596E+01 2.01168E+00
 -1      1868 6.00070E-01 5.00278E+01 2.03598E+00
 -1      1873-1.23354E+00 5.00080E+01 5.00396E-01
 -1      1874-1.20070E+00 4.99852E+01 5.01081E-01
 -1      1875-1.16646E+00 5.00344E+01 4.99604E-01
 -1      1876-1.19930E+00 5.00572E+01 4.98919E-01
 -1      1881-1.23328E+00 5.00161E+01 1.00000E+00
 -1      1882-1.20001E+00 4.99939E+01 1.00000E+00
 -1      1883-1.16672E+00 5.00439E+01 1.00000E+00
 -1      1884-1.19999E+00 5.00661E+01 1.00000E+00
 -1      1889-1.23303E+00 5.00068E+01 1.49957E+00
 -1      1890-1.19936E+00 4.99852E+01 1.49892E+00
 -1      1891-1.16697E+00 5.00357E+01 1.50043E+00
 -1      1892-1.20064E+00 5.00572E+01 1.50108E+00
 -1      1897 1.16697E+00 4.99643E+01 4.99567E-01
 -1      1898 1.20064E+00 4.99428E+01 4.98919E-01
 -1      1899 1.23303E+00 4.99932E+01 5.00433E-01
 -1      1900 1.19936E+00 5.00148E+01 5.01081E-01
 -1      1905 1.16672E+00 4.99561E+01 1.00000E+00
 -1      1906 1.19999E+00 4.99339E+01 1.00000E+00
 -1      1907 1.23328E+00 4.99839E+01 1.00000E+00
 -1      1908 1.20001E+00 5.00061E+01 1.00000E+00
 -1      1913 1.16646E+00 4.99656E+01 1.50040E+00
 -1      1914 1.19930E+00 4.99428E+01 1.50108E+00
 -1      1915 1.23354E+00 4.99920E+01 1.49960E+00
 -1      1916 1.20070E+00 5.00148E+01 1.49892E+00
 -1      1921-1.19757E+00 1.26703E+00 1.57055E-01
 -1      1922-1.23227E+00 1.26396E+00 1.76710E-01
 -1      1923-1.20243E+00 1.25593E+00 2.28140E-01
 -1      1924-1.16773E+00 1.25900E+00 2.08485E-01
 -1      1929-1.19773E+00 2.52712E+00 3.58438E-01
 -1      1930-1.23234E+00 2.52383E+00 3.78214E-01
 -1      1931-1.20227E+00 2.51531E+00 4.29430E-01
 -1      1932-1.16766E+00 2.51860E+00 4.09654E-01
 -1      1937-1.19798E+00 3.78416E+00 5.76000E-01
 -1      1938-1.23245E+00 3.78053E+00 5.95959E-01
 -1      1939-1.20202E+00 3.77128E+00 6.46836E-01
 -1      1940-1.16755E+00 3.77491E+00 6.26877E-01
 -1      1945-1.19828E+00 5.03706E+00 8.14685E-01
 -1      1946-1.23258E+00 5.03303E+00 8.34863E-01
 -1      1947-1.20172E+00 5.02294E+00 8.85315E-01
 -1      1948-1.16742E+00 5.02697E+00 8.65137E-01
 -1      1953-1.19860E+00 6.28540E+00 1.07622E+00
 -1      1954-1.23272E+00 6.28095E+00 1.09662E+00
 -1      1955-1.20140E+00 6.27003E+00 1.14662E+00
 -1      1956-1.16728E+00 6.27449E+00 1.12622E+00
 -1      1961-1.19888E+00 7.52942E+00 1.35884E+00
 -1      1962-1.23284E+00 7.52461E+00 1.37943E+00
 -1      1963-1.20112E+00 7.51300E+00 1.42902E+00
 -1      1964-1.16716E+00 7.51782E+00 1.40843E+00
 -1      1969-1.19908E+00 8.77004E+00 1.65759E+00
 -1      1970-1.23292E+00 8.76498E+00 1.67830E+00
 -1      1971-1.20092E+00 8.75292E+00 1.72761E+00
 -1      1972-1.16708E+00 8.75799E+00 1.70689E+00
 -1      1977-1.19416E+00 1.25599E+00 1.77225E+00
 -1      1978-1.23060E+00 1.25854E+00 1.78856E+00
 -1      1979-1.20584E+00 1.26697E+00 1.84256E+00
 -1      1980-1.16940E+00 1.26443E+00 1.82625E+00
 -1      1985-1.19409E+00 2.51537E+00 1.57098E+00
 -1      1986-1.23056E+00 2.51807E+00 1.58719E+00
 -1      1987-1.20591E+00 2.52705E+00 1.64115E+00
 -1      1988-1.16944E+00 2.52435E+00 1.62494E+00
 -1      1993-1.19399E+00 3.77136E+00 1.35360E+00
 -1      1994-1.23051E+00 3.77428E+00 1.36967E+00
 -1      1995-1.20601E+00 3.78408E+00 1.42356E+00
 -1      1996-1.16949E+00 3.78115E+00 1.40749E+00
 -1      2001-1.19388E+00 5.02303E+00 1.11516E+00
 -1      2002-1.23044E+00 5.02621E+00 1.13106E+00
 -1      2003-1.20612E+00 5.03697E+00 1.18484E+00
 -1      2004-1.16956E+00 5.03379E+00 1.16894E+00
 -1      2009-1.19377E+00 6.27014E+00 8.53886E-01
 -1      2010-1.23038E+00 6.27358E+00 8.69618E-01
 -1      2011-1.20623E+00 6.28529E+00 9.23278E-01
 -1      2012-1.16962E+00 6.28186E+00 9.07546E-01
 -1      2017-1.19368E+00 7.51313E+00 5.71502E-01
 -1      2018-1.23034E+00 7.51677E+00 5.87093E-01
 -1      2019-1.20632E+00 7.52930E+00 6.40630E-01
 -1      2020-1.16966E+00 7.52565E+00 6.25039E-01
 -1      2025-1.19363E+00 8.75305E+00 2.72930E-01
 -1      2026-1.23031E+00 8.75684E+00 2.88429E-01
 -1      2027-1.20637E+00 8.76991E+00 3.41875E-01
 -1      2028-1.16969E+00 8.76612E+00 3.26376E-01
 -1      2033 1.20243E+00 1.26703E+00 1.57055E-01
 -1      2034 1.16773E+00 1.26396E+00 1.76710E-01
 -1      2035 1.19757E+00 1.25593E+00 2.28140E-01
 -1      2036 1.23227E+00 1.25900E+00 2.08485E-01
 -1      2041 1.20227E+00 2.52712E+00 3.58438E-01
 -1      2042 1.16766E+00 2.52383E+00 3.78214E-01
 -1      2043 1.19773E+00 2.51531E+00 4.29430E-01
 -1      2044 1.23234E+00 2.51860E+00 4.09654E-01
 -1      2049 1.20202E+00 3.78416E+00 5.76000E-01
 -1      2050 1.16755E+00 3.78053E+00 5.95959E-01
 -1      2051 1.19798E+00 3.77128E+00 6.46836E-01
 -1      2052 1.23245E+00 3.77491E+00 6.26877E-01
 -1      2057 1.20172E+00 5.03706E+00 8.14685E-01
 -1      2058 1.16742E+00 5.03303E+00 8.34863E-01
 -1      2059 1.19828E+00 5.02294E+00 8.85315E-01
 -1      2060 1.23258E+00 5.02697E+00 8.65137E-01
 -1      2065 1.20140E+00 6.28540E+00 1.07622E+00
 -1      2066 1.16728E+00 6.28095E+00 1.09662E+00
 -1      2067 1.19860E+00 6.27003E+00 1.14662E+00
 -1      2068 1.23272E+00 6.27449E+00 1.12622E+00
 -1      2073 1.20112E+00 7.52942E+00 1.35884E+00
 -1      2074 1.16716E+00 7.52461E+00 1.37943E+00
 -1      2075 1.19888E+00 7.51300E+00 1.42902E+00
 -1      2076 1.23284E+00 7.51782E+00 1.40843E+00
 -1      2081 1.20092E+00 8.77004E+00 1.65759E+00
 -1      2082 1.16708E+00 8.76498E+00 1.67830E+00
 -1      2083 1.19908E+00 8.75292E+00 1.72761E+00
 -1      2084 1.23292E+00 8.75799E+00 1.70689E+00
 -1      2089 1.20584E+00 1.25599E+00 1.77225E+00
 -1      2090 1.16940E+00 1.25854E+00 1.78856E+00
 -1      2091 1.19416E+00 1.26697E+00 1.84256E+00
 -1      2092 1.23060E+00 1.26443E+00 1.82625E+00
 -1      2097 1.20591E+00 2.51537E+00 1.57098E+00
 -1      2098 1.16944E+00 2.51807E+00 1.58719E+00
 -1      2099 1.19409E+00 2.52705E+00 1.64115E+00
 -1      2100 1.23056E+00 2.52435E+00 1.62494E+00
 -1      2105 1.20601E+00 3.77136E+00 1.35360E+00
 -1      2106 1.16949E+00 3.77428E+00 1.36967E+00
 -1      2107 1.19399E+00 3.78408E+00 1.42356E+00
 -1      2108 1.23051E+00 3.78115E+00 1.40749E+00
 -1      2113 1.20612E+00 5.02303E+00 1.11516E+00
 -1      2114 1.16956E+00 5.02621E+00 1.13106E+00
 -1      2115 1.19388E+00 5.03697E+00 1.18484E+00
 -1      2116 1.23044E+00 5.03379E+00 1.16894E+00
 -1      2121 1.20623E+00 6.27014E+00 8.53886E-01
 -1      2122 1.16962E+00 6.27358E+00 8.69618E-01
 -1      2123 1.19377E+00 6.28529E+00 9.23278E-01
 -1      2124 1.23038E+00 6.28186E+00 9.07546E-01
 -1      2129 1.20632E+00 7.51313E+00 5.71502E-01
 -1      2130 1.16966E+00 7.51677E+00 5.87093E-01
 -1      2131 1.19368E+00 7.52930E+00 6.40630E-01
 -1      2132 1.23034E+00 7.52565E+00 6.25039E-01
 -1      2137 1.20637E+00 8.75305E+00 2.72930E-01
 -1      2138 1.16969E+00 8.75684E+00 2.88429E-01
 -1      2139 1.19363E+00 8.76991E+00 3.41875E-01
 -1      2140 1.23031E+00 8.76612E+00 3.26376E-01
 -1      2145-8.31704E-01 1.23312E+00-3.42295E-02
 -1      2146-8.68791E-01 1.24370E+00-2.36225E-02
 -1      2147-8.53491E-01 1.23933E+00 3.42295E-02
 -1      2148-8.16404E-01 1.22875E+00 2.36225E-02
 -1      2153-4.83271E-01 2.47162E+00-3.43179E-02
 -1      2154-5.20380E-01 2.48181E+00-2.34066E-02
 -1      2155-5.04597E-01 2.47747E+00 3.43179E-02
 -1      2156-4.67488E-01 2.46728E+00 2.34066E-02
 -1      2161-1.51102E-01 3.71407E+00-3.44451E-02
 -1      2162-1.88233E-01 3.72368E+00-2.30837E-02
 -1      2163-1.71734E-01 3.71941E+00 3.44451E-02
 -1      2164-1.34603E-01 3.70980E+00 2.30837E-02
 -1      2169 1.59903E-01 4.96162E+00-3.45874E-02
 -1      2170 1.22764E-01 4.97054E+00-2.27035E-02
 -1      2171 1.40097E-01 4.96638E+00 3.45874E-02
 -1      2172 1.77236E-01 4.95746E+00 2.27035E-02
 -1      2177 4.48070E-01 6.21464E+00-3.47212E-02
 -1      2178 4.10939E-01 6.22286E+00-2.23246E-02
 -1      2179 4.29094E-01 6.21884E+00 3.47212E-02
 -1      2180 4.66225E-01 6.21062E+00 2.23246E-02
 -1      2185 7.15201E-01 7.47266E+00-3.48283E-02
 -1      2186 6.78091E-01 7.48030E+00-2.20050E-02
 -1      2187 6.96931E-01 7.47643E+00 3.48283E-02
 -1      2188 7.34041E-01 7.46878E+00 2.20050E-02
 -1      2193 9.66302E-01 8.73448E+00-3.48965E-02
 -1      2194 9.29212E-01 8.74174E+00-2.17923E-02
 -1      2195 9.48503E-01 8.73796E+00 3.48965E-02
 -1      2196 9.85593E-01 8.73071E+00 2.17923E-02
 -1      2201 8.42124E-01 1.23609E+00-3.60521E-02
 -1      2202 8.10413E-01 1.22704E+00-1.34113E-02
 -1      2203 8.43071E-01 1.23636E+00 3.60521E-02
 -1      2204 8.74781E-01 1.24541E+00 1.34113E-02
 -1      2209 4.93597E-01 2.47445E+00-3.60538E-02
 -1      2210 4.61712E-01 2.46570E+00-1.35445E-02
 -1      2211 4.94271E-01 2.47464E+00 3.60538E-02
 -1      2212 5.26156E-01 2.48339E+00 1.35445E-02
 -1      2217 1.61293E-01 3.71671E+00-3.60553E-02
 -1      2218 1.29148E-01 3.70839E+00-1.37478E-02
 -1      2219 1.61544E-01 3.71677E+00 3.60553E-02
 -1      2220 1.93688E-01 3.72509E+00 1.37478E-02
 -1      2225-1.49867E-01 4.96403E+00-3.60553E-02
 -1      2226-1.82312E-01 4.95625E+00-1.39935E-02
 -1      2227-1.50133E-01 4.96397E+00 3.60553E-02
 -1      2228-1.17688E-01 4.97176E+00 1.39935E-02
 -1      2233-4.38181E-01 6.21683E+00-3.60532E-02
 -1      2234-4.70920E-01 6.20958E+00-1.42455E-02
 -1      2235-4.38983E-01 6.21665E+00 3.60532E-02
 -1      2236-4.06244E-01 6.22390E+00 1.42455E-02
 -1      2241-7.05431E-01 7.47468E+00-3.60497E-02
 -1      2242-7.38414E-01 7.46788E+00-1.44640E-02
 -1      2243-7.06701E-01 7.47441E+00 3.60497E-02
 -1      2244-6.73718E-01 7.48121E+00 1.44640E-02
 -1      2249-9.56607E-01 8.73638E+00-3.60464E-02
 -1      2250-9.89751E-01 8.72990E+00-1.46123E-02
 -1      2251-9.58198E-01 8.73607E+00 3.60464E-02
 -1      2252-9.25054E-01 8.74255E+00 1.46123E-02
 -1      2257-8.31704E-01 1.23312E+00 1.96577E+00
 -1      2258-8.68791E-01 1.24370E+00 1.97638E+00
 -1      2259-8.53491E-01 1.23933E+00 2.03423E+00
 -1      2260-8.16404E-01 1.22875E+00 2.02362E+00
 -1      2265-4.83271E-01 2.47162E+00 1.96568E+00
 -1      2266-5.20380E-01 2.48181E+00 1.97659E+00
 -1      2267-5.04597E-01 2.47747E+00 2.03432E+00
 -1      2268-4.67488E-01 2.46728E+00 2.02341E+00
 -1      2273-1.51102E-01 3.71407E+00 1.96555E+00
 -1      2274-1.88233E-01 3.72368E+00 1.97692E+00
 -1      2275-1.71734E-01 3.71941E+00 2.03445E+00
 -1      2276-1.34603E-01 3.70980E+00 2.02308E+00
 -1      2281 1.59903E-01 4.96162E+00 1.96541E+00
 -1      2282 1.22764E-01 4.97054E+00 1.97730E+00
 -1      2283 1.40097E-01 4.96638E+00 2.03459E+00
 -1      2284 1.77236E-01 4.95746E+00 2.02270E+00
 -1      2289 4.48070E-01 6.21464E+00 1.96528E+00
 -1      2290 4.10939E-01 6.22286E+00 1.97768E+00
 -1      2291 4.29094E-01 6.21884E+00 2.03472E+00
 -1      2292 4.66225E-01 6.21062E+00 2.02232E+00
 -1      2297 7.15201E-01 7.47266E+00 1.96517E+00
 -1      2298 6.78091E-01 7.48030E+00 1.97800E+00
 -1      2299 6.96931E-01 7.47643E+00 2.03483E+00
 -1      2300 7.34041E-01 7.46878E+00 2.02200E+00
 -1      2305 9.66302E-01 8.73448E+00 1.96510E+00
 -1      2306 9.29212E-01 8.74174E+00 1.97821E+00
 -1      2307 9.48503E-01 8.73796E+00 2.03490E+00
 -1      2308 9.85593E-01 8.73071E+00 2.02179E+00
 -1      2313 8.42124E-01 1.23609E+00 1.96395E+00
 -1      2314 8.10413E-01 1.22704E+00 1.98659E+00
 -1      2315 8.43071E-01 1.23636E+00 2.03605E+00
 -1      2316 8.74781E-01 1.24541E+00 2.01341E+00
 -1      2321 4.93597E-01 2.47445E+00 1.96395E+00
 -1      2322 4.61712E-01 2.46570E+00 1.98646E+00
 -1      2323 4.94271E-01 2.47464E+00 2.03605E+00
 -1      2324 5.26156E-01 2.48339E+00 2.01354E+00
 -1      2329 1.61293E-01 3.71671E+00 1.96394E+00
 -1      2330 1.29148E-01 3.70839E+00 1.98625E+00
 -1      2331 1.61544E-01 3.71677E+00 2.03606E+00
 -1      2332 1.93688E-01 3.72509E+00 2.01375E+00
 -1      2337-1.49867E-01 4.96403E+00 1.96394E+00
 -1      2338-1.82312E-01 4.95625E+00 1.98601E+00
 -1      2339-1.50133E-01 4.96397E+00 2.03606E+00
 -1      2340-1.17688E-01 4.97176E+00 2.01399E+00
 -1      2345-4.38181E-01 6.21683E+00 1.96395E+00
 -1      2346-4.70920E-01 6.20958E+00 1.98575E+00
 -1      2347-4.38983E-01 6.21665E+00 2.03605E+00
 -1      2348-4.06244E-01 6.22390E+00 2.01425E+00
 -1      2353-7.05431E-01 7.47468E+00 1.96395E+00
 -1      2354-7.38414E-01 7.46788E+00 1.98554E+00
 -1      2355-7.06701E-01 7.47441E+00 2.03605E+00
 -1      2356-6.73718E-01 7.48121E+00 2.01446E+00
 -1      2361-9.56607E-01 8.73638E+00 1.96395E+00
 -1      2362-9.89751E-01 8.72990E+00 1.98539E+00
 -1      2363-9.58198E-01 8.73607E+00 2.03605E+00
 -1      2364-9.25054E-01 8.74255E+00 2.01461E+00
 -1      2369-1.19777E+00 1.25272E+01 3.58451E-01
 -1      2370-1.23236E+00 1.25239E+01 3.78258E-01
 -1      2371-1.20223E+00 1.25152E+01 4.29417E-01
 -1      2372-1.16764E+00 1.25186E+01 4.09610E-01
 -1      2377-1.19829E+00 1.50371E+01 8.14685E-01
 -1      2378-1.23259E+00 1.50330E+01 8.34866E-01
 -1      2379-1.20171E+00 1.50229E+01 8.85315E-01
 -1      2380-1.16741E+00 1.50270E+01 8.65134E-01
 -1      2385-1.19884E+00 1.75293E+01 1.35882E+00
 -1      2386-1.23282E+00 1.75246E+01 1.37939E+00
 -1      2387-1.20116E+00 1.75131E+01 1.42904E+00
 -1      2388-1.16718E+00 1.75178E+01 1.40848E+00
 -1      2393-1.19407E+00 1.25153E+01 1.57100E+00
 -1      2394-1.23055E+00 1.25180E+01 1.58719E+00
 -1      2395-1.20593E+00 1.25271E+01 1.64113E+00
 -1      2396-1.16945E+00 1.25244E+01 1.62495E+00
 -1      2401-1.19388E+00 1.50230E+01 1.11516E+00
 -1      2402-1.23044E+00 1.50262E+01 1.13106E+00
 -1      2403-1.20612E+00 1.50370E+01 1.18484E+00
 -1      2404-1.16956E+00 1.50338E+01 1.16894E+00
 -1      2409-1.19370E+00 1.75132E+01 5.71480E-01
 -1      2410-1.23034E+00 1.75168E+01 5.87095E-01
 -1      2411-1.20630E+00 1.75292E+01 6.40652E-01
 -1      2412-1.16966E+00 1.75256E+01 6.25037E-01
 -1      2417 1.20223E+00 1.25272E+01 3.58451E-01
 -1      2418 1.16764E+00 1.25239E+01 3.78258E-01
 -1      2419 1.19777E+00 1.25152E+01 4.29417E-01
 -1      2420 1.23236E+00 1.25186E+01 4.09610E-01
 -1      2425 1.20171E+00 1.50371E+01 8.14685E-01
 -1      2426 1.16741E+00 1.50330E+01 8.34866E-01
 -1      2427 1.19829E+00 1.50229E+01 8.85315E-01
 -1      2428 1.23259E+00 1.50270E+01 8.65134E-01
 -1      2433 1.20116E+00 1.75293E+01 1.35882E+00
 -1      2434 1.16718E+00 1.75246E+01 1.37939E+00
 -1      2435 1.19884E+00 1.75131E+01 1.42904E+00
 -1      2436 1.23282E+00 1.75178E+01 1.40848E+00
 -1      2441 1.20593E+00 1.25153E+01 1.57100E+00
 -1      2442 1.16945E+00 1.25180E+01 1.58719E+00
 -1      2443 1.19407E+00 1.25271E+01 1.64113E+00
 -1      2444 1.23055E+00 1.25244E+01 1.62495E+00
 -1      2449 1.20612E+00 1.50230E+01 1.11516E+00
 -1      2450 1.16956E+00 1.50262E+01 1.13106E+00
 -1      2451 1.19388E+00 1.50370E+01 1.18484E+00
 -1      2452 1.23044E+00 1.50338E+01 1.16894E+00
 -1      2457 1.20630E+00 1.75132E+01 5.71480E-01
 -1      2458 1.16966E+00 1.75168E+01 5.87095E-01
 -1      2459 1.19370E+00 1.75292E+01 6.40652E-01
 -1      2460 1.23034E+00 1.75256E+01 6.25037E-01
 -1      2465-4.83328E-01 1.24717E+01-3.43393E-02
 -1      2466-5.20442E-01 1.24818E+01-2.33534E-02
 -1      2467-5.04540E-01 1.24774E+01 3.43393E-02
 -1      2468-4.67426E-01 1.24673E+01 2.33534E-02
 -1      2473 1.59904E-01 1.49616E+01-3.45869E-02
 -1      2474 1.22764E-01 1.49705E+01-2.27046E-02
 -1      2475 1.40096E-01 1.49664E+01 3.45869E-02
 -1      2476 1.77236E-01 1.49575E+01 2.27046E-02
 -1      2481 7.15261E-01 1.74726E+01-3.48107E-02
 -1      2482 6.78146E-01 1.74804E+01-2.20585E-02
 -1      2483 6.96871E-01 1.74765E+01 3.48107E-02
 -1      2484 7.33986E-01 1.74687E+01 2.20585E-02
 -1      2489 4.93632E-01 1.24745E+01-3.60542E-02
 -1      2490 4.61704E-01 1.24658E+01-1.35783E-02
 -1      2491 4.94236E-01 1.24746E+01 3.60542E-02
 -1      2492 5.26164E-01 1.24833E+01 1.35783E-02
 -1      2497-1.49866E-01 1.49640E+01-3.60553E-02
 -1      2498-1.82311E-01 1.49562E+01-1.39944E-02
 -1      2499-1.50134E-01 1.49640E+01 3.60553E-02
 -1      2500-1.17689E-01 1.49718E+01 1.39944E-02
 -1      2505-7.05470E-01 1.74747E+01-3.60504E-02
 -1      2506-7.38413E-01 1.74678E+01-1.44278E-02
 -1      2507-7.06662E-01 1.74744E+01 3.60504E-02
 -1      2508-6.73719E-01 1.74813E+01 1.44278E-02
 -1      2513-4.83328E-01 1.24717E+01 1.96566E+00
 -1      2514-5.20442E-01 1.24818E+01 1.97665E+00
 -1      2515-5.04540E-01 1.24774E+01 2.03434E+00
 -1      2516-4.67426E-01 1.24673E+01 2.02335E+00
 -1      2521 1.59904E-01 1.49616E+01 1.96541E+00
 -1      2522 1.22764E-01 1.49705E+01 1.97730E+00
 -1      2523 1.40096E-01 1.49664E+01 2.03459E+00
 -1      2524 1.77236E-01 1.49575E+01 2.02270E+00
 -1      2529 7.15261E-01 1.74726E+01 1.96519E+00
 -1      2530 6.78146E-01 1.74804E+01 1.97794E+00
 -1      2531 6.96871E-01 1.74765E+01 2.03481E+00
 -1      2532 7.33986E-01 1.74687E+01 2.02206E+00
 -1      2537 4.93632E-01 1.24745E+01 1.96395E+00
 -1      2538 4.61704E-01 1.24658E+01 1.98642E+00
 -1      2539 4.94236E-01 1.24746E+01 2.03605E+00
 -1      2540 5.26164E-01 1.24833E+01 2.01358E+00
 -1      2545-1.49866E-01 1.49640E+01 1.96394E+00
 -1      2546-1.82311E-01 1.49562E+01 1.98601E+00
 -1      2547-1.50134E-01 1.49640E+01 2.03606E+00
 -1      2548-1.17689E-01 1.49718E+01 2.01399E+00
 -1      2553-7.05470E-01 1.74747E+01 1.96395E+00
 -1      2554-7.38413E-01 1.74678E+01 1.98557E+00
 -1      2555-7.06662E-01 1.74744E+01 2.03605E+00
 -1      2556-6.73719E-01 1.74813E+01 2.01443E+00
 -1      2561-1.19757E+00 3.12670E+01 1.57055E-01
 -1      2562-1.23227E+00 3.12640E+01 1.76710E-01
 -1      2563-1.20243E+00 3.12559E+01 2.28140E-01
 -1      2564-1.16773E+00 3.12590E+01 2.08485E-01
 -1      2569-1.19773E+00 3.25271E+01 3.58438E-01
 -1      2570-1.23234E+00 3.25238E+01 3.78214E-01
 -1      2571-1.20227E+00 3.25153E+01 4.29430E-01
 -1      2572-1.16766E+00 3.25186E+01 4.09654E-01
 -1      2577-1.19798E+00 3.37842E+01 5.76000E-01
 -1      2578-1.23245E+00 3.37805E+01 5.95959E-01
 -1      2579-1.20202E+00 3.37713E+01 6.46836E-01
 -1      2580-1.16755E+00 3.37749E+01 6.26877E-01
 -1      2585-1.19828E+00 3.50371E+01 8.14685E-01
 -1      2586-1.23258E+00 3.50330E+01 8.34863E-01
 -1      2587-1.20172E+00 3.50229E+01 8.85315E-01
 -1      2588-1.16742E+00 3.50270E+01 8.65137E-01
 -1      2593-1.19860E+00 3.62854E+01 1.07622E+00
 -1      2594-1.23272E+00 3.62809E+01 1.09662E+00
 -1      2595-1.20140E+00 3.62700E+01 1.14662E+00
 -1      2596-1.16728E+00 3.62745E+01 1.12622E+00
 -1      2601-1.19888E+00 3.75294E+01 1.35884E+00
 -1      2602-1.23284E+00 3.75246E+01 1.37943E+00
 -1      2603-1.20112E+00 3.75130E+01 1.42902E+00
 -1      2604-1.16716E+00 3.75178E+01 1.40843E+00
 -1      2609-1.19908E+00 3.87700E+01 1.65759E+00
 -1      2610-1.23292E+00 3.87650E+01 1.67830E+00
 -1      2611-1.20092E+00 3.87529E+01 1.72761E+00
 -1      2612-1.16708E+00 3.87580E+01 1.70689E+00
 -1      2617-1.19416E+00 3.12560E+01 1.77225E+00
 -1      2618-1.23060E+00 3.12585E+01 1.78856E+00
 -1      2619-1.20584E+00 3.12670E+01 1.84256E+00
 -1      2620-1.16940E+00 3.12644E+01 1.82625E+00
 -1      2625-1.19409E+00 3.25154E+01 1.57098E+00
 -1      2626-1.23056E+00 3.25181E+01 1.58719E+00
 -1      2627-1.20591E+00 3.25271E+01 1.64115E+00
 -1      2628-1.16944E+00 3.25244E+01 1.62494E+00
 -1      2633-1.19399E+00 3.37714E+01 1.35360E+00
 -1      2634-1.23051E+00 3.37743E+01 1.36967E+00
 -1      2635-1.20601E+00 3.37841E+01 1.42356E+00
 -1      2636-1.16949E+00 3.37812E+01 1.40749E+00
 -1      2641-1.19388E+00 3.50230E+01 1.11516E+00
 -1      2642-1.23044E+00 3.50262E+01 1.13106E+00
 -1      2643-1.20612E+00 3.50370E+01 1.18484E+00
 -1      2644-1.16956E+00 3.50338E+01 1.16894E+00
 -1      2649-1.19377E+00 3.62701E+01 8.53886E-01
 -1      2650-1.23038E+00 3.62736E+01 8.69618E-01
 -1      2651-1.20623E+00 3.62853E+01 9.23278E-01
 -1      2652-1.16962E+00 3.62819E+01 9.07546E-01
 -1      2657-1.19368E+00 3.75131E+01 5.71502E-01
 -1      2658-1.23034E+00 3.75168E+01 5.87093E-01
 -1      2659-1.20632E+00 3.75293E+01 6.40630E-01
 -1      2660-1.16966E+00 3.75257E+01 6.25039E-01
 -1      2665-1.19363E+00 3.87531E+01 2.72930E-01
 -1      2666-1.23031E+00 3.87568E+01 2.88429E-01
 -1      2667-1.20637E+00 3.87699E+01 3.41875E-01
 -1      2668-1.16969E+00 3.87661E+01 3.26376E-01
 -1      2673 1.20243E+00 3.12670E+01 1.57055E-01
 -1      2674 1.16773E+00 3.12640E+01 1.76710E-01
 -1      2675 1.19757E+00 3.12559E+01 2.28140E-01
 -1      2676 1.23227E+00 3.12590E+01 2.08485E-01
 -1      2681 1.20227E+00 3.25271E+01 3.58438E-01
 -1      2682 1.16766E+00 3.25238E+01 3.78214E-01
 -1      2683 1.19773E+00 3.25153E+01 4.29430E-01
 -1      2684 1.23234E+00 3.25186E+01 4.09654E-01
 -1      2689 1.20202E+00 3.37842E+01 5.76000E-01
 -1      2690 1.16755E+00 3.37805E+01 5.95959E-01
 -1      2691 1.19798E+00 3.37713E+01 6.46836E-01
 -1      2692 1.23245E+00 3.37749E+01 6.26877E-01
 -1      2697 1.20172E+00 3.50371E+01 8.14685E-01
 -1      2698 1.16742E+00 3.50330E+01 8.34863E-01
 -1      2699 1.19828E+00 3.50229E+01 8.85315E-01
 -1      2700 1.23258E+00 3.50270E+01 8.65137E-01
 -1      2705 1.20140E+00 3.62854E+01 1.07622E+00
 -1      2706 1.16728E+00 3.62809E+01 1.09662E+00
 -1      2707 1.19860E+00 3.62700E+01 1.14662E+00
 -1      2708 1.23272E+00 3.62745E+01 1.12622E+00
 -1      2713 1.20112E+00 3.75294E+01 1.35884E+00
 -1      2714 1.16716E+00 3.75246E+01 1.37943E+00
 -1      2715 1.19888E+00 3.75130E+01 1.42902E+00
 -1      2716 1.23284E+00 3.75178E+01 1.40843E+00
 -1      2721 1.20092E+00 3.87700E+01 1.65759E+00
 -1      2722 1.16708E+00 3.87650E+01 1.67830E+00
 -1      2723 1.19908E+00 3.87529E+01 1.72761E+00
 -1      2724 1.23292E+00 3.87580E+01 1.70689E+00
 -1      2729 1.20584E+00 3.12560E+01 1.77225E+00
 -1      2730 1.16940E+00 3.12585E+01 1.78856E+00
 -1      2731 1.19416E+00 3.12670E+01 1.84256E+00
 -1      2732 1.23060E+00 3.12644E+01 1.82625E+00
 -1      2737 1.20591E+00 3.25154E+01 1.57098E+00
 -1      2738 1.16944E+00 3.25181E+01 1.58719E+00
 -1      2739 1.19409E+00 3.25271E+01 1.64115E+00
 -1      2740 1.23056E+00 3.25244E+01 1.62494E+00
 -1      2745 1.20601E+00 3.37714E+01 1.35360E+00
 -1      2746 1.16949E+00 3.37743E+01 1.36967E+00
 -1      2747 1.19399E+00 3.37841E+01 1.42356E+00
 -1      2748 1.23051E+00 3.37812E+01 1.40749E+00
 -1      2753 1.20612E+00 3.50230E+01 1.11516E+00
 -1      2754 1.16956E+00 3.50262E+01 1.13106E+00
 -1      2755 1.19388E+00 3.50370E+01 1.18484E+00
 -1      2756 1.23044E+00 3.50338E+01 1.16894E+00
 -1      2761 1.20623E+00 3.62701E+01 8.53886E-01
 -1      2762 1.16962E+00 3.62736E+01 8.69618E-01
 -1      2763 1.19377E+00 3.62853E+01 9.23278E-01
 -1      2764 1.23038E+00 3.62819E+01 9.07546E-01
 -1      2769 1.20632E+00 3.75131E+01 5.71502E-01
 -1      2770 1.16966E+00 3.75168E+01 5.87093E-01
 -1      2771 1.19368E+00 3.75293E+01 6.40630E-01
 -1      2772 1.23034E+00 3.75257E+01 6.25039E-01
 -1      2777 1.20637E+00 3.87531E+01 2.72930E-01
 -1      2778 1.16969E+00 3.87568E+01 2.88429E-01
 -1      2779 1.19363E+00 3.87699E+01 3.41875E-01
 -1      2780 1.23031E+00 3.87661E+01 3.26376E-01
 -1      2785-8.31704E-01 3.12331E+01-3.42295E-02
 -1      2786-8.68791E-01 3.12437E+01-2.36225E-02
 -1      2787-8.53491E-01 3.12393E+01 3.42295E-02
 -1      2788-8.16404E-01 3.12288E+01 2.36225E-02
 -1      2793-4.83271E-01 3.24716E+01-3.43179E-02
 -1      2794-5.20380E-01 3.24818E+01-2.34066E-02
 -1      2795-5.04597E-01 3.24775E+01 3.43179E-02
 -1      2796-4.67488E-01 3.24673E+01 2.34066E-02
 -1      2801-1.51102E-01 3.37141E+01-3.44451E-02
 -1      2802-1.88233E-01 3.37237E+01-2.30837E-02
 -1      2803-1.71734E-01 3.37194E+01 3.44451E-02
 -1      2804-1.34603E-01 3.37098E+01 2.30837E-02
 -1      2809 1.59903E-01 3.49616E+01-3.45874E-02
 -1      2810 1.22764E-01 3.49705E+01-2.27035E-02
 -1      2811 1.40097E-01 3.49664E+01 3.45874E-02
 -1      2812 1.77236E-01 3.49575E+01 2.27035E-02
 -1      2817 4.48070E-01 3.62146E+01-3.47212E-02
 -1      2818 4.10939E-01 3.62229E+01-2.23246E-02
 -1      2819 4.29094E-01 3.62188E+01 3.47212E-02
 -1      2820 4.66225E-01 3.62106E+01 2.23246E-02
 -1      2825 7.15201E-01 3.74727E+01-3.48283E-02
 -1      2826 6.78091E-01 3.74803E+01-2.20050E-02
 -1      2827 6.96931E-01 3.74764E+01 3.48283E-02
 -1      2828 7.34041E-01 3.74688E+01 2.20050E-02
 -1      2833 9.66302E-01 3.87345E+01-3.48965E-02
 -1      2834 9.29212E-01 3.87417E+01-2.17923E-02
 -1      2835 9.48503E-01 3.87380E+01 3.48965E-02
 -1      2836 9.85593E-01 3.87307E+01 2.17923E-02
 -1      2841 8.42124E-01 3.12361E+01-3.60521E-02
 -1      2842 8.10413E-01 3.12270E+01-1.34113E-02
 -1      2843 8.43071E-01 3.12364E+01 3.60521E-02
 -1      2844 8.74781E-01 3.12454E+01 1.34113E-02
 -1      2849 4.93597E-01 3.24745E+01-3.60538E-02
 -1      2850 4.61712E-01 3.24657E+01-1.35445E-02
 -1      2851 4.94271E-01 3.24746E+01 3.60538E-02
 -1      2852 5.26156E-01 3.24834E+01 1.35445E-02
 -1      2857 1.61293E-01 3.37167E+01-3.60553E-02
 -1      2858 1.29148E-01 3.37084E+01-1.37478E-02
 -1      2859 1.61544E-01 3.37168E+01 3.60553E-02
 -1      2860 1.93688E-01 3.37251E+01 1.37478E-02
 -1      2865-1.49867E-01 3.49640E+01-3.60553E-02
 -1      2866-1.82312E-01 3.49562E+01-1.39935E-02
 -1      2867-1.50133E-01 3.49640E+01 3.60553E-02
 -1      2868-1.17688E-01 3.49718E+01 1.39935E-02
 -1      2873-4.38181E-01 3.62168E+01-3.60532E-02
 -1      2874-4.70920E-01 3.62096E+01-1.42455E-02
 -1      2875-4.38983E-01 3.62167E+01 3.60532E-02
 -1      2876-4.06244E-01 3.62239E+01 1.42455E-02
 -1      2881-7.05431E-01 3.74747E+01-3.60497E-02
 -1      2882-7.38414E-01 3.74679E+01-1.44640E-02
 -1      2883-7.06701E-01 3.74744E+01 3.60497E-02
 -1      2884-6.73718E-01 3.74812E+01 1.44640E-02
 -1      2889-9.56607E-01 3.87364E+01-3.60464E-02
 -1      2890-9.89751E-01 3.87299E+01-1.46123E-02
 -1      2891-9.58198E-01 3.87361E+01 3.60464E-02
 -1      2892-9.25054E-01 3.87425E+01 1.46123E-02
 -1      2897-8.31704E-01 3.12331E+01 1.96577E+00
 -1      2898-8.68791E-01 3.12437E+01 1.97638E+00
 -1      2899-8.53491E-01 3.12393E+01 2.03423E+00
 -1      2900-8.16404E-01 3.12288E+01 2.02362E+00
 -1      2905-4.83271E-01 3.24716E+01 1.96568E+00
 -1      2906-5.20380E-01 3.24818E+01 1.97659E+00
 -1      2907-5.04597E-01 3.24775E+01 2.03432E+00
 -1      2908-4.67488E-01 3.24673E+01 2.02341E+00
 -1      2913-1.51102E-01 3.37141E+01 1.96555E+00
 -1      2914-1.88233E-01 3.37237E+01 1.97692E+00
 -1      2915-1.71734E-01 3.37194E+01 2.03445E+00
 -1      2916-1.34603E-01 3.37098E+01 2.02308E+00
 -1      2921 1.59903E-01 3.49616E+01 1.96541E+00
 -1      2922 1.22764E-01 3.49705E+01 1.97730E+00
 -1      2923 1.40097E-01 3.49664E+01 2.03459E+00
 -1      2924 1.77236E-01 3.49575E+01 2.02270E+00
 -1      2929 4.48070E-01 3.62146E+01 1.96528E+00
 -1      2930 4.10939E-01 3.62229E+01 1.97768E+00
 -1      2931 4.29094E-01 3.62188E+01 2.03472E+00
 -1      2932 4.66225E-01 3.62106E+01 2.02232E+00
 -1      2937 7.15201E-01 3.74727E+01 1.96517E+00
 -1      2938 6.78091E-01 3.74803E+01 1.97800E+00
 -1      2939 6.96931E-01 3.74764E+01 2.03483E+00
 -1      2940 7.34041E-01 3.74688E+01 2.02200E+00
 -1      2945 9.66302E-01 3.87345E+01 1.96510E+00
 -1      2946 9.29212E-01 3.87417E+01 1.97821E+00
 -1      2947 9.48503E-01 3.87380E+01 2.03490E+00
 -1      2948 9.85593E-01 3.87307E+01 2.02179E+00
 -1      2953 8.42124E-01 3.12361E+01 1.96395E+00
 -1      2954 8.10413E-01 3.12270E+01 1.98659E+00
 -1      2955 8.43071E-01 3.12364E+01 2.03605E+00
 -1      2956 8.74781E-01 3.12454E+01 2.01341E+00
 -1      2961 4.93597E-01 3.24745E+01 1.96395E+00
 -1      2962 4.61712E-01 3.24657E+01 1.98646E+00
 -1      2963 4.94271E-01 3.24746E+01 2.03605E+00
 -1      2964 5.26156E-01 3.24834E+01 2.01354E+00
 -1      2969 1.61293E-01 3.37167E+01 1.96394E+00
 -1      2970 1.29148E-01 3.37084E+01 1.98625E+00
 -1      2971 1.61544E-01 3.37168E+01 2.03606E+00
 -1      2972 1.93688E-01 3.37251E+01 2.01375E+00
 -1      2977-1.49867E-01 3.49640E+01 1.96394E+00
 -1      2978-1.82312E-01 3.49562E+01 1.98601E+00
 -1      2979-1.50133E-01 3.49640E+01 2.03606E+00
 -1      2980-1.17688E-01 3.49718E+01 2.01399E+00
 -1      2985-4.38181E-01 3.62168E+01 1.96395E+00
 -1      2986-4.70920E-01 3.62096E+01 1.98575E+00
 -1      2987-4.38983E-01 3.62167E+01 2.03605E+00
 -1      2988-4.06244E-01 3.62239E+01 2.01425E+00
 -1      2993-7.05431E-01 3.74747E+01 1.96395E+00
 -1      2994-7.38414E-01 3.74679E+01 1.98554E+00
 -1      2995-7.06701E-01 3.74744E+01 2.03605E+00
 -1      2996-6.73718E-01 3.74812E+01 2.01446E+00
 -1      3001-9.56607E-01 3.87364E+01 1.96395E+00
 -1      3002-9.89751E-01 3.87299E+01 1.98539E+00
 -1      3003-9.58198E-01 3.87361E+01 2.03605E+00
 -1      3004-9.25054E-01 3.87425E+01 2.01461E+00
 -1      3009-1.19757E+00 4.12670E+01 1.57055E-01
 -1      3010-1.23227E+00 4.12640E+01 1.76710E-01
 -1      3011-1.20243E+00 4.12559E+01 2.28140E-01
 -1      3012-1.16773E+00 4.12590E+01 2.08485E-01
 -1      3017-1.19773E+00 4.25271E+01 3.58438E-01
 -1      3018-1.23234E+00 4.25238E+01 3.78214E-01
 -1      3019-1.20227E+00 4.25153E+01 4.29430E-01
 -1      3020-1.16766E+00 4.25186E+01 4.09654E-01
 -1      3025-1.19798E+00 4.37842E+01 5.76000E-01
 -1      3026-1.23245E+00 4.37805E+01 5.95959E-01
 -1      3027-1.20202E+00 4.37713E+01 6.46836E-01
 -1      3028-1.16755E+00 4.37749E+01 6.26877E-01
 -1      3033-1.19828E+00 4.50371E+01 8.14685E-01
 -1      3034-1.23258E+00 4.50330E+01 8.34863E-01
 -1      3035-1.20172E+00 4.50229E+01 8.85315E-01
 -1      3036-1.16742E+00 4.50270E+01 8.65137E-01
 -1      3041-1.19860E+00 4.62854E+01 1.07622E+00
 -1      3042-1.23272E+00 4.62809E+01 1.09662E+00
 -1      3043-1.20140E+00 4.62700E+01 1.14662E+00
 -1      3044-1.16728E+00 4.62745E+01 1.12622E+00
 -1      3049-1.19888E+00 4.75294E+01 1.35884E+00
 -1      3050-1.23284E+00 4.75246E+01 1.37943E+00
 -1      3051-1.20112E+00 4.75130E+01 1.42902E+00
 -1      3052-1.16716E+00 4.75178E+01 1.40843E+00
 -1      3057-1.19908E+00 4.87700E+01 1.65759E+00
 -1      3058-1.23292E+00 4.87650E+01 1.67830E+00
 -1      3059-1.20092E+00 4.87529E+01 1.72761E+00
 -1      3060-1.16708E+00 4.87580E+01 1.70689E+00
 -1      3065-1.19416E+00 4.12560E+01 1.77225E+00
 -1      3066-1.23060E+00 4.12585E+01 1.78856E+00
 -1      3067-1.20584E+00 4.12670E+01 1.84256E+00
 -1      3068-1.16940E+00 4.12644E+01 1.82625E+00
 -1      3073-1.19409E+00 4.25154E+01 1.57098E+00
 -1      3074-1.23056E+00 4.25181E+01 1.58719E+00
 -1      3075-1.20591E+00 4.25271E+01 1.64115E+00
 -1      3076-1.16944E+00 4.25244E+01 1.62494E+00
 -1      3081-1.19399E+00 4.37714E+01 1.35360E+00
 -1      3082-1.23051E+00 4.37743E+01 1.36967E+00
 -1      3083-1.20601E+00 4.37841E+01 1.42356E+00
 -1      3084-1.16949E+00 4.37812E+01 1.40749E+00
 -1      3089-1.19388E+00 4.50230E+01 1.11516E+00
 -1      3090-1.23044E+00 4.50262E+01 1.13106E+00
 -1      3091-1.20612E+00 4.50370E+01 1.18484E+00
 -1      3092-1.16956E+00 4.50338E+01 1.16894E+00
 -1      3097-1.19377E+00 4.62701E+01 8.53886E-01
 -1      3098-1.23038E+00 4.62736E+01 8.69618E-01
 -1      3099-1.20623E+00 4.62853E+01 9.23278E-01
 -1      3100-1.16962E+00 4.62819E+01 9.07546E-01
 -1      3105-1.19368E+00 4.75131E+01 5.71502E-01
 -1      3106-1.23034E+00 4.75168E+01 5.87093E-01
 -1      3107-1.20632E+00 4.75293E+01 6.40630E-01
 -1      3108-1.16966E+00 4.75257E+01 6.25039E-01
 -1      3113-1.19363E+00 4.87531E+01 2.72930E-01
 -1      3114-1.23031E+00 4.87568E+01 2.88429E-01
 -1      3115-1.20637E+00 4.87699E+01 3.41875E-01
 -1      3116-1.16969E+00 4.87661E+01 3.26376E-01
 -1      3121 1.20243E+00 4.12670E+01 1.57055E-01
 -1      3122 1.16773E+00 4.12640E+01 1.76710E-01
 -1      3123 1.19757E+00 4.12559E+01 2.28140E-01
 -1      3124 1.23227E+00 4.12590E+01 2.08485E-01
 -1      3129 1.20227E+00 4.25271E+01 3.58438E-01
 -1      3130 1.16766E+00 4.25238E+01 3.78214E-01
 -1      3131 1.19773E+00 4.25153E+01 4.29430E-01
 -1      3132 1.23234E+00 4.25186E+01 4.09654E-01
 -1      3137 1.20202E+00 4.37842E+01 5.76000E-01
 -1      3138 1.16755E+00 4.37805E+01 5.95959E-01
 -1      3139 1.19798E+00 4.37713E+01 6.46836E-01
 -1      3140 1.23245E+00 4.37749E+01 6.26877E-01
 -1      3145 1.20172E+00 4.50371E+01 8.14685E-01
 -1      3146 1.16742E+00 4.50330E+01 8.34863E-01
 -1      3147 1.19828E+00 4.50229E+01 8.85315E-01
 -1      3148 1.23258E+00 4.50270E+01 8.65137E-01
 -1      3153 1.20140E+00 4.62854E+01 1.07622E+00
 -1      3154 1.16728E+00 4.62809E+01 1.09662E+00
 -1      3155 1.19860E+00 4.62700E+01 1.14662E+00
 -1      3156 1.23272E+00 4.62745E+01 1.12622E+00
 -1      3161 1.20112E+00 4.75294E+01 1.35884E+00
 -1      3162 1.16716E+00 4.75246E+01 1.37943E+00
 -1      3163 1.19888E+00 4.75130E+01 1.42902E+00
 -1      3164 1.23284E+00 4.75178E+01 1.40843E+00
 -1      3169 1.20092E+00 4.87700E+01 1.65759E+00
 -1      3170 1.16708E+00 4.87650E+01 1.67830E+00
 -1      3171 1.19908E+00 4.87529E+01 1.72761E+00
 -1      3172 1.23292E+00 4.87580E+01 1.70689E+00
 -1      3177 1.20584E+00 4.12560E+01 1.77225E+00
 -1      3178 1.16940E+00 4.12585E+01 1.78856E+00
 -1      3179 1.19416E+00 4.12670E+01 1.84256E+00
 -1      3180 1.23060E+00 4.12644E+01 1.82625E+00
 -1      3185 1.20591E+00 4.25154E+01 1.57098E+00
 -1      3186 1.16944E+00 4.25181E+01 1.58719E+00
 -1      3187 1.19409E+00 4.25271E+01 1.64115E+00
 -1      3188 1.23056E+00 4.25244E+01 1.62494E+00
 -1      3193 1.20601E+00 4.37714E+01 1.35360E+00
 -1      3194 1.16949E+00 4.37743E+01 1.36967E+00
 -1      3195 1.19399E+00 4.37841E+01 1.42356E+00
 -1      3196 1.23051E+00 4.37812E+01 1.40749E+00
 -1      3201 1.20612E+00 4.50230E+01 1.11516E+00
 -1      3202 1.16956E+00 4.50262E+01 1.13106E+00
 -1      3203 1.19388E+00 4.50370E+01 1.18484E+00
 -1      3204 1.23044E+00 4.50338E+01 1.16894E+00
 -1      3209 1.20623E+00 4.62701E+01 8.53886E-01
 -1      3210 1.16962E+00 4.62736E+01 8.69618E-01
 -1      3211 1.19377E+00 4.62853E+01 9.23278E-01
 -1      3212 1.23038E+00 4.62819E+01 9.07546E-01
 -1      3217 1.20632E+00 4.75131E+01 5.71502E-01
 -1      3218 1.16966E+00 4.75168E+01 5.87093E-01
 -1      3219 1.19368E+00 4.75293E+01 6.40630E-01
 -1      3220 1.23034E+00 4.75257E+01 6.25039E-01
 -1      3225 1.20637E+00 4.87531E+01 2.72930E-01
 -1      3226 1.16969E+00 4.87568E+01 2.88429E-01
 -1      3227 1.19363E+00 4.87699E+01 3.41875E-01
 -1      3228 1.23031E+00 4.87661E+01 3.26376E-01
 -1      3233-8.31704E-01 4.12331E+01-3.42295E-02
 -1      3234-8.68791E-01 4.12437E+01-2.36225E-02
 -1      3235-8.53491E-01 4.12393E+01 3.42295E-02
 -1      3236-8.16404E-01 4.12287E+01 2.36225E-02
 -1      3241-4.83271E-01 4.24716E+01-3.43179E-02
 -1      3242-5.20380E-01 4.24818E+01-2.34066E-02
 -1      3243-5.04597E-01 4.24775E+01 3.43179E-02
 -1      3244-4.67488E-01 4.24673E+01 2.34066E-02
 -1      3249-1.51102E-01 4.37141E+01-3.44451E-02
 -1      3250-1.88233E-01 4.37237E+01-2.30837E-02
 -1      3251-1.71734E-01 4.37194E+01 3.44451E-02
 -1      3252-1.34603E-01 4.37098E+01 2.30837E-02
 -1      3257 1.59903E-01 4.49616E+01-3.45874E-02
 -1      3258 1.22764E-01 4.49705E+01-2.27035E-02
 -1      3259 1.40097E-01 4.49664E+01 3.45874E-02
 -1      3260 1.77236E-01 4.49575E+01 2.27035E-02
 -1      3265 4.48070E-01 4.62146E+01-3.47212E-02
 -1      3266 4.10939E-01 4.62229E+01-2.23246E-02
 -1      3267 4.29094E-01 4.62188E+01 3.47212E-02
 -1      3268 4.66225E-01 4.62106E+01 2.23246E-02
 -1      3273 7.15201E-01 4.74727E+01-3.48283E-02
 -1      3274 6.78091E-01 4.74803E+01-2.20050E-02
 -1      3275 6.96931E-01 4.74764E+01 3.48283E-02
 -1      3276 7.34041E-01 4.74688E+01 2.20050E-02
 -1      3281 9.66302E-01 4.87345E+01-3.48965E-02
 -1      3282 9.29212E-01 4.87417E+01-2.17923E-02
 -1      3283 9.48503E-01 4.87380E+01 3.48965E-02
 -1      3284 9.85593E-01 4.87307E+01 2.17923E-02
 -1      3289 8.42124E-01 4.12361E+01-3.60521E-02
 -1      3290 8.10413E-01 4.12270E+01-1.34113E-02
 -1      3291 8.43071E-01 4.12364E+01 3.60521E-02
 -1      3292 8.74781E-01 4.12454E+01 1.34113E-02
 -1      3297 4.93597E-01 4.24745E+01-3.60538E-02
 -1      3298 4.61712E-01 4.24657E+01-1.35445E-02
 -1      3299 4.94271E-01 4.24746E+01 3.60538E-02
 -1      3300 5.26156E-01 4.24834E+01 1.35445E-02
 -1      3305 1.61293E-01 4.37167E+01-3.60553E-02
 -1      3306 1.29148E-01 4.37084E+01-1.37478E-02
 -1      3307 1.61544E-01 4.37168E+01 3.60553E-02
 -1      3308 1.93688E-01 4.37251E+01 1.37478E-02
 -1      3313-1.49867E-01 4.49640E+01-3.60553E-02
 -1      3314-1.82312E-01 4.49562E+01-1.39935E-02
 -1      3315-1.50133E-01 4.49640E+01 3.60553E-02
 -1      3316-1.17688E-01 4.49718E+01 1.39935E-02
 -1      3321-4.38181E-01 4.62168E+01-3.60532E-02
 -1      3322-4.70920E-01 4.62096E+01-1.42455E-02
 -1      3323-4.38983E-01 4.62167E+01 3.60532E-02
 -1      3324-4.06244E-01 4.62239E+01 1.42455E-02
 -1      3329-7.05431E-01 4.74747E+01-3.60497E-02
 -1      3330-7.38414E-01 4.74679E+01-1.44640E-02
 -1      3331-7.06701E-01 4.74744E+01 3.60497E-02
 -1      3332-6.73718E-01 4.74812E+01 1.44640E-02
 -1      3337-9.56607E-01 4.87364E+01-3.60464E-02
 -1      3338-9.89751E-01 4.87299E+01-1.46123E-02
 -1      3339-9.58198E-01 4.87361E+01 3.60464E-02
 -1      3340-9.25054E-01 4.87425E+01 1.46123E-02
 -1      3345-8.31704E-01 4.12331E+01 1.96577E+00
 -1      3346-8.68791E-01 4.12437E+01 1.97638E+00
 -1      3347-8.53491E-01 4.12393E+01 2.03423E+00
 -1      3348-8.16404E-01 4.12287E+01 2.02362E+00
 -1      3353-4.83271E-01 4.24716E+01 1.96568E+00
 -1      3354-5.20380E-01 4.24818E+01 1.97659E+00
 -1      3355-5.04597E-01 4.24775E+01 2.03432E+00
 -1      3356-4.67488E-01 4.24673E+01 2.02341E+00
 -1      3361-1.51102E-01 4.37141E+01 1.96555E+00
 -1      3362-1.88233E-01 4.37237E+01 1.97692E+00
 -1      3363-1.71734E-01 4.37194E+01 2.03445E+00
 -1      3364-1.34603E-01 4.37098E+01 2.02308E+00
 -1      3369 1.59903E-01 4.49616E+01 1.96541E+00
 -1      3370 1.22764E-01 4.49705E+01 1.97730E+00
 -1      3371 1.40097E-01 4.49664E+01 2.03459E+00
 -1      3372 1.77236E-01 4.49575E+01 2.02270E+00
 -1      3377 4.48070E-01 4.62146E+01 1.96528E+00
 -1      3378 4.10939E-01 4.62229E+01 1.97768E+00
 -1      3379 4.29094E-01 4.62188E+01 2.03472E+00
 -1      3380 4.66225E-01 4.62106E+01 2.02232E+00
 -1      3385 7.15201E-01 4.74727E+01 1.96517E+00
 -1      3386 6.78091E-01 4.74803E+01 1.97800E+00
 -1      3387 6.96931E-01 4.74764E+01 2.03483E+00
 -1      3388 7.34041E-01 4.74688E+01 2.02200E+00
 -1      3393 9.66302E-01 4.87345E+01 1.96510E+00
 -1      3394 9.29212E-01 4.87417E+01 1.97821E+00
 -1      3395 9.48503E-01 4.87380E+01 2.03490E+00
 -1      3396 9.85593E-01 4.87307E+01 2.02179E+00
 -1      3401 8.42124E-01 4.12361E+01 1.96395E+00
 -1      3402 8.10413E-01 4.12270E+01 1.98659E+00
 -1      3403 8.43071E-01 4.12364E+01 2.03605E+00
 -1      3404 8.74781E-01 4.12454E+01 2.01341E+00
 -1      3409 4.93597E-01 4.24745E+01 1.96395E+00
 -1      3410 4.61712E-01 4.24657E+01 1.98646E+00
 -1      3411 4.94271E-01 4.24746E+01 2.03605E+00
 -1      3412 5.26156E-01 4.24834E+01 2.01354E+00
 -1      3417 1.61293E-01 4.37167E+01 1.96394E+00
 -1      3418 1.29148E-01 4.37084E+01 1.98625E+00
 -1      3419 1.61544E-01 4.37168E+01 2.03606E+00
 -1      3420 1.93688E-01 4.37251E+01 2.01375E+00
 -1      3425-1.49867E-01 4.49640E+01 1.96394E+00
 -1      3426-1.82312E-01 4.49562E+01 1.98601E+00
 -1      3427-1.50133E-01 4.49640E+01 2.03606E+00
 -1      3428-1.17688E-01 4.49718E+01 2.01399E+00
 -1      3433-4.38181E-01 4.62168E+01 1.96395E+00
 -1      3434-4.70920E-01 4.62096E+01 1.98575E+00
 -1      3435-4.38983E-01 4.62167E+01 2.03605E+00
 -1      3436-4.06244E-01 4.62239E+01 2.01425E+00
 -1      3441-7.05431E-01 4.74747E+01 1.96395E+00
 -1      3442-7.38414E-01 4.74679E+01 1.98554E+00
 -1      3443-7.06701E-01 4.74744E+01 2.03605E+00
 -1      3444-6.73718E-01 4.74812E+01 2.01446E+00
 -1      3449-9.56607E-01 4.87364E+01 1.96395E+00
 -1      3450-9.89751E-01 4.87299E+01 1.98539E+00
 -1      3451-9.58198E-01 4.87361E+01 2.03605E+00
 -1      3452-9.25054E-01 4.87425E+01 2.01461E+00
 -3
    3C                           332                                     1
 -1         1    1    0    1
 -2       273      1473      1474       274       276      1476      1475       275
 -1         2    1    0    1
 -2      1473       473       474      1474      1476       476       475      1475
 -1         3    1    0    1
 -2       323      1481      1482       324       326      1484      1483       325
 -1         4    1    0    1
 -2      1481       523       524      1482      1484       526       525      1483
 -1         5    1    0    1
 -2       373      1489      1490       374       376      1492      1491       375
 -1         6    1    0    1
 -2      1489       573       574      1490      1492       576       575      1491
 -1         7    1    0    1
 -2       423      1497      1498       424       426      1500      1499       425
 -1         8    1    0    1
 -2      1497       623       624      1498      1500       626       625      1499
 -1         9    1    0    1
 -2       473       673       674       474       476       676       675       475
 -1        10    1    0    1
 -2       523       723       724       524       526       726       725       525
 -1        11    1    0    1
 -2       573       773       774       574       576       776       775       575
 -1        12    1    0    1
 -2       623       823       824       624       626       826       825       625
 -1        13    1    0    1
 -2       673       873       874       674       676       876       875       675
 -1        14    1    0    1
 -2       723       923       924       724       726       926       925       725
 -1        15    1    0    1
 -2       773       973       974       774       776       976       975       775
 -1        16    1    0    1
 -2       823      1023      1024       824       826      1026      1025       825
 -1        17    1    0    1
 -2       873      1073      1074       874       876      1076      1075       875
 -1        18    1    0    1
 -2       923      1123      1124       924       926      1126      1125       925
 -1        19    1    0    1
 -2       973      1173      1174       974       976      1176      1175       975
 -1        20    1    0    1
 -2      1023      1223      1224      1024      1026      1226      1225      1025
 -1        21    1    0    1
 -2      1073      1505      1506      1074      1076      1508      1507      1075
 -1        22    1    0    1
 -2      1505      1513      1514      1506      1508      1516      1515      1507
 -1        23    1    0    1
 -2      1513      1521      1522      1514      1516      1524      1523      1515
 -1        24    1    0    1
 -2      1521      1273      1274      1522      1524      1276      1275      1523
 -1        25    1    0    1
 -2      1123      1529      1530      1124      1126      1532      1531      1125
 -1        26    1    0    1
 -2      1529      1537      1538      1530      1532      1540      1539      1531
 -1        27    1    0    1
 -2      1537      1545      1546      1538      1540      1548      1547      1539
 -1        28    1    0    1
 -2      1545      1323      1324      1546      1548      1326      1325      1547
 -1        29    1    0    1
 -2      1173      1553      1554      1174      1176      1556      1555      1175
 -1        30    1    0    1
 -2      1553      1561      1562      1554      1556      1564      1563      1555
 -1        31    1    0    1
 -2      1561      1569      1570      1562      1564      1572      1571      1563
 -1        32    1    0    1
 -2      1569      1373      1374      1570      1572      1376      1375      1571
 -1        33    1    0    1
 -2      1223      1577      1578      1224      1226      1580      1579      1225
 -1        34    1    0    1
 -2      1577      1585      1586      1578      1580      1588      1587      1579
 -1        35    1    0    1
 -2      1585      1593      1594      1586      1588      1596      1595      1587
 -1        36    1    0    1
 -2      1593      1423      1424      1594      1596      1426      1425      1595
 -1        37    1    0    1
 -2       281      1601      1602       282       284      1604      1603       283
 -1        38    1    0    1
 -2      1601      1609      1610      1602      1604      1612      1611      1603
 -1        39    1    0    1
 -2      1609      1617      1618      1610      1612      1620      1619      1611
 -1        40    1    0    1
 -2      1617       331       332      1618      1620       334       333      1619
 -1        41    1    0    1
 -2       381      1625      1626       382       384      1628      1627       383
 -1        42    1    0    1
 -2      1625      1633      1634      1626      1628      1636      1635      1627
 -1        43    1    0    1
 -2      1633      1641      1642      1634      1636      1644      1643      1635
 -1        44    1    0    1
 -2      1641       431       432      1642      1644       434       433      1643
 -1        45    1    0    1
 -2       289      1649      1650       290       292      1652      1651       291
 -1        46    1    0    1
 -2      1649      1657      1658      1650      1652      1660      1659      1651
 -1        47    1    0    1
 -2      1657      1665      1666      1658      1660      1668      1667      1659
 -1        48    1    0    1
 -2      1665       389       390      1666      1668       392       391      1667
 -1        49    1    0    1
 -2       339      1673      1674       340       342      1676      1675       341
 -1        50    1    0    1
 -2      1673      1681      1682      1674      1676      1684      1683      1675
 -1        51    1    0    1
 -2      1681      1689      1690      1682      1684      1692      1691      1683
 -1        52    1    0    1
 -2      1689       439       440      1690      1692       442       441      1691
 -1        53    1    0    1
 -2       481      1697      1698       482       484      1700      1699       483
 -1        54    1    0    1
 -2      1697       531       532      1698      1700       534       533      1699
 -1        55    1    0    1
 -2       581      1705      1706       582       584      1708      1707       583
 -1        56    1    0    1
 -2      1705       631       632      1706      1708       634       633      1707
 -1        57    1    0    1
 -2       489      1713      1714       490       492      1716      1715       491
 -1        58    1    0    1
 -2      1713       589       590      1714      1716       592       591      1715
 -1        59    1    0    1
 -2       539      1721      1722       540       542      1724      1723       541
 -1        60    1    0    1
 -2      1721       639       640      1722      1724       642       641      1723
 -1        61    1    0    1
 -2       681       731       732       682       684       734       733       683
 -1        62    1    0    1
 -2       781       831       832       782       784       834       833       783
 -1        63    1    0    1
 -2       689       789       790       690       692       792       791       691
 -1        64    1    0    1
 -2       739       839       840       740       742       842       841       741
 -1        65    1    0    1
 -2       881       931       932       882       884       934       933       883
 -1        66    1    0    1
 -2       981      1031      1032       982       984      1034      1033       983
 -1        67    1    0    1
 -2       889       989       990       890       892       992       991       891
 -1        68    1    0    1
 -2       939      1039      1040       940       942      1042      1041       941
 -1        69    1    0    1
 -2      1081      1729      1730      1082      1084      1732      1731      1083
 -1        70    1    0    1
 -2      1729      1737      1738      1730      1732      1740      1739      1731
 -1        71    1    0    1
 -2      1737      1745      1746      1738      1740      1748      1747      1739
 -1        72    1    0    1
 -2      1745      1131      1132      1746      1748      1134      1133      1747
 -1        73    1    0    1
 -2      1181      1753      1754      1182      1184      1756      1755      1183
 -1        74    1    0    1
 -2      1753      1761      1762      1754      1756      1764      1763      1755
 -1        75    1    0    1
 -2      1761      1769      1770      1762      1764      1772      1771      1763
 -1        76    1    0    1
 -2      1769      1231      1232      1770      1772      1234      1233      1771
 -1        77    1    0    1
 -2      1089      1777      1778      1090      1092      1780      1779      1091
 -1        78    1    0    1
 -2      1777      1785      1786      1778      1780      1788      1787      1779
 -1        79    1    0    1
 -2      1785      1793      1794      1786      1788      1796      1795      1787
 -1        80    1    0    1
 -2      1793      1189      1190      1794      1796      1192      1191      1795
 -1        81    1    0    1
 -2      1139      1801      1802      1140      1142      1804      1803      1141
 -1        82    1    0    1
 -2      1801      1809      1810      1802      1804      1812      1811      1803
 -1        83    1    0    1
 -2      1809      1817      1818      1810      1812      1820      1819      1811
 -1        84    1    0    1
 -2      1817      1239      1240      1818      1820      1242      1241      1819
 -1        85    1    0    1
 -2      1281      1825      1826      1282      1284      1828      1827      1283
 -1        86    1    0    1
 -2      1825      1833      1834      1826      1828      1836      1835      1827
 -1        87    1    0    1
 -2      1833      1841      1842      1834      1836      1844      1843      1835
 -1        88    1    0    1
 -2      1841      1331      1332      1842      1844      1334      1333      1843
 -1        89    1    0    1
 -2      1381      1849      1850      1382      1384      1852      1851      1383
 -1        90    1    0    1
 -2      1849      1857      1858      1850      1852      1860      1859      1851
 -1        91    1    0    1
 -2      1857      1865      1866      1858      1860      1868      1867      1859
 -1        92    1    0    1
 -2      1865      1431      1432      1866      1868      1434      1433      1867
 -1        93    1    0    1
 -2      1289      1873      1874      1290      1292      1876      1875      1291
 -1        94    1    0    1
 -2      1873      1881      1882      1874      1876      1884      1883      1875
 -1        95    1    0    1
 -2      1881      1889      1890      1882      1884      1892      1891      1883
 -1        96    1    0    1
 -2      1889      1389      1390      1890      1892      1392      1391      1891
 -1        97    1    0    1
 -2      1339      1897      1898      1340      1342      1900      1899      1341
 -1        98    1    0    1
 -2      1897      1905      1906      1898      1900      1908      1907      1899
 -1        99    1    0    1
 -2      1905      1913      1914      1906      1908      1916      1915      1907
 -1       100    1    0    1
 -2      1913      1439      1440      1914      1916      1442      1441      1915
 -1       101    1    0    1
 -2       273      1921      1922       274       276      1924      1923       275
 -1       102    1    0    1
 -2      1921      1929      1930      1922      1924      1932      1931      1923
 -1       103    1    0    1
 -2      1929      1937      1938      1930      1932      1940      1939      1931
 -1       104    1    0    1
 -2      1937      1945      1946      1938      1940      1948      1947      1939
 -1       105    1    0    1
 -2      1945      1953      1954      1946      1948      1956      1955      1947
 -1       106    1    0    1
 -2      1953      1961      1962      1954      1956      1964      1963      1955
 -1       107    1    0    1
 -2      1961      1969      1970      1962      1964      1972      1971      1963
 -1       108    1    0    1
 -2      1969       573       574      1970      1972       576       575      1971
 -1       109    1    0    1
 -2       373      1977      1978       374       376      1980      1979       375
 -1       110    1    0    1
 -2      1977      1985      1986      1978      1980      1988      1987      1979
 -1       111    1    0    1
 -2      1985      1993      1994      1986      1988      1996      1995      1987
 -1       112    1    0    1
 -2      1993      2001      2002      1994      1996      2004      2003      1995
 -1       113    1    0    1
 -2      2001      2009      2010      2002      2004      2012      2011      2003
 -1       114    1    0    1
 -2      2009      2017      2018      2010      2012      2020      2019      2011
 -1       115    1    0    1
 -2      2017      2025      2026      2018      2020      2028      2027      2019
 -1       116    1    0    1
 -2      2025       473       474      2026      2028       476       475      2027
 -1       117    1    0    1
 -2       323      2033      2034       324       326      2036      2035       325
 -1       118    1    0    1
 -2      2033      2041      2042      2034      2036      2044      2043      2035
 -1       119    1    0    1
 -2      2041      2049      2050      2042      2044      2052      2051      2043
 -1       120    1    0    1
 -2      2049      2057      2058      2050      2052      2060      2059      2051
 -1       121    1    0    1
 -2      2057      2065      2066      2058      2060      2068      2067      2059
 -1       122    1    0    1
 -2      2065      2073      2074      2066      2068      2076      2075      2067
 -1       123    1    0    1
 -2      2073      2081      2082      2074      2076      2084      2083      2075
 -1       124    1    0    1
 -2      2081       623       624      2082      2084       626       625      2083
 -1       125    1    0    1
 -2       423      2089      2090       424       426      2092      2091       425
 -1       126    1    0    1
 -2      2089      2097      2098      2090      2092      2100      2099      2091
 -1       127    1    0    1
 -2      2097      2105      2106      2098      2100      2108      2107      2099
 -1       128    1    0    1
 -2      2105      2113      2114      2106      2108      2116      2115      2107
 -1       129    1    0    1
 -2      2113      2121      2122      2114      2116      2124      2123      2115
 -1       130    1    0    1
 -2      2121      2129      2130      2122      2124      2132      2131      2123
 -1       131    1    0    1
 -2      2129      2137      2138      2130      2132      2140      2139      2131
 -1       132    1    0    1
 -2      2137       523       524      2138      2140       526       525      2139
 -1       133    1    0    1
 -2       273      2145      2146       274       276      2148      2147       275
 -1       134    1    0    1
 -2      2145      2153      2154      2146      2148      2156      2155      2147
 -1       135    1    0    1
 -2      2153      2161      2162      2154      2156      2164      2163      2155
 -1       136    1    0    1
 -2      2161      2169      2170      2162      2164      2172      2171      2163
 -1       137    1    0    1
 -2      2169      2177      2178      2170      2172      2180      2179      2171
 -1       138    1    0    1
 -2      2177      2185      2186      2178      2180      2188      2187      2179
 -1       139    1    0    1
 -2      2185      2193      2194      2186      2188      2196      2195      2187
 -1       140    1    0    1
 -2      2193       523       524      2194      2196       526       525      2195
 -1       141    1    0    1
 -2       323      2201      2202       324       326      2204      2203       325
 -1       142    1    0    1
 -2      2201      2209      2210      2202      2204      2212      2211      2203
 -1       143    1    0    1
 -2      2209      2217      2218      2210      2212      2220      2219      2211
 -1       144    1    0    1
 -2      2217      2225      2226      2218      2220      2228      2227      2219
 -1       145    1    0    1
 -2      2225      2233      2234      2226      2228      2236      2235      2227
 -1       146    1    0    1
 -2      2233      2241      2242      2234      2236      2244      2243      2235
 -1       147    1    0    1
 -2      2241      2249      2250      2242      2244      2252      2251      2243
 -1       148    1    0    1
 -2      2249       473       474      2250      2252       476       475      2251
 -1       149    1    0    1
 -2       373      2257      2258       374       376      2260      2259       375
 -1       150    1    0    1
 -2      2257      2265      2266      2258      2260      2268      2267      2259
 -1       151    1    0    1
 -2      2265      2273      2274      2266      2268      2276      2275      2267
 -1       152    1    0    1
 -2      2273      2281      2282      2274      2276      2284      2283      2275
 -1       153    1    0    1
 -2      2281      2289      2290      2282      2284      2292      2291      2283
 -1       154    1    0    1
 -2      2289      2297      2298      2290      2292      2300      2299      2291
 -1       155    1    0    1
 -2      2297      2305      2306      2298      2300      2308      2307      2299
 -1       156    1    0    1
 -2      2305       623       624      2306      2308       626       625      2307
 -1       157    1    0    1
 -2       423      2313      2314       424       426      2316      2315       425
 -1       158    1    0    1
 -2      2313      2321      2322      2314      2316      2324      2323      2315
 -1       159    1    0    1
 -2      2321      2329      2330      2322      2324      2332      2331      2323
 -1       160    1    0    1
 -2      2329      2337      2338      2330      2332      2340      2339      2331
 -1       161    1    0    1
 -2      2337      2345      2346      2338      2340      2348      2347      2339
 -1       162    1    0    1
 -2      2345      2353      2354      2346      2348      2356      2355      2347
 -1       163    1    0    1
 -2      2353      2361      2362      2354      2356      2364      2363      2355
 -1       164    1    0    1
 -2      2361       573       574      2362      2364       576       575      2363
 -1       165    1    0    1
 -2       473      2369      2370       474       476      2372      2371       475
 -1       166    1    0    1
 -2      2369      2377      2378      2370      2372      2380      2379      2371
 -1       167    1    0    1
 -2      2377      2385      2386      2378      2380      2388      2387      2379
 -1       168    1    0    1
 -2      2385       773       774      2386      2388       776       775      2387
 -1       169    1    0    1
 -2       573      2393      2394       574       576      2396      2395       575
 -1       170    1    0    1
 -2      2393      2401      2402      2394      2396      2404      2403      2395
 -1       171    1    0    1
 -2      2401      2409      2410      2402      2404      2412      2411      2403
 -1       172    1    0    1
 -2      2409       673       674      2410      2412       676       675      2411
 -1       173    1    0    1
 -2       523      2417      2418       524       526      2420      2419       525
 -1       174    1    0    1
 -2      2417      2425      2426      2418      2420      2428      2427      2419
 -1       175    1    0    1
 -2      2425      2433      2434      2426      2428      2436      2435      2427
 -1       176    1    0    1
 -2      2433       823       824      2434      2436       826       825      2435
 -1       177    1    0    1
 -2       623      2441      2442       624       626      2444      2443       625
 -1       178    1    0    1
 -2      2441      2449      2450      2442      2444      2452      2451      2443
 -1       179    1    0    1
 -2      2449      2457      2458      2450      2452      2460      2459      2451
 -1       180    1    0    1
 -2      2457       723       724      2458      2460       726       725      2459
 -1       181    1    0    1
 -2       473      2465      2466       474       476      2468      2467       475
 -1       182    1    0    1
 -2      2465      2473      2474      2466      2468      2476      2475      2467
 -1       183    1    0    1
 -2      2473      2481      2482      2474      2476      2484      2483      2475
 -1       184    1    0    1
 -2      2481       723       724      2482      2484       726       725      2483
 -1       185    1    0    1
 -2       523      2489      2490       524       526      2492      2491       525
 -1       186    1    0    1
 -2      2489      2497      2498      2490      2492      2500      2499      2491
 -1       187    1    0    1
 -2      2497      2505      2506      2498      2500      2508      2507      2499
 -1       188    1    0    1
 -2      2505       673       674      2506      2508       676       675      2507
 -1       189    1    0    1
 -2       573      2513      2514       574       576      2516      2515       575
 -1       190    1    0    1
 -2      2513      2521      2522      2514      2516      2524      2523      2515
 -1       191    1    0    1
 -2      2521      2529      2530      2522      2524      2532      2531      2523
 -1       192    1    0    1
 -2      2529       823       824      2530      2532       826       825      2531
 -1       193    1    0    1
 -2       623      2537      2538       624       626      2540      2539       625
 -1       194    1    0    1
 -2      2537      2545      2546      2538      2540      2548      2547      2539
 -1       195    1    0    1
 -2      2545      2553      2554      2546      2548      2556      2555      2547
 -1       196    1    0    1
 -2      2553       773       774      2554      2556       776       775      2555
 -1       197    1    0    1
 -2       673       973       974       674       676       976       975       675
 -1       198    1    0    1
 -2       773       873       874       774       776       876       875       775
 -1       199    1    0    1
 -2       723      1023      1024       724       726      1026      1025       725
 -1       200    1    0    1
 -2       823       923       924       824       826       926       925       825
 -1       201    1    0    1
 -2       673       923       924       674       676       926       925       675
 -1       202    1    0    1
 -2       723       873       874       724       726       876       875       725
 -1       203    1    0    1
 -2       773      1023      1024       774       776      1026      1025       775
 -1       204    1    0    1
 -2       823       973       974       824       826       976       975       825
 -1       205    1    0    1
 -2       873      2561      2562       874       876      2564      2563       875
 -1       206    1    0    1
 -2      2561      2569      2570      2562      2564      2572      2571      2563
 -1       207    1    0    1
 -2      2569      2577      2578      2570      2572      2580      2579      2571
 -1       208    1    0    1
 -2      2577      2585      2586      2578      2580      2588      2587      2579
 -1       209    1    0    1
 -2      2585      2593      2594      2586      2588      2596      2595      2587
 -1       210    1    0    1
 -2      2593      2601      2602      2594      2596      2604      2603      2595
 -1       211    1    0    1
 -2      2601      2609      2610      2602      2604      2612      2611      2603
 -1       212    1    0    1
 -2      2609      1173      1174      2610      2612      1176      1175      2611
 -1       213    1    0    1
 -2       973      2617      2618       974       976      2620      2619       975
 -1       214    1    0    1
 -2      2617      2625      2626      2618      2620      2628      2627      2619
 -1       215    1    0    1
 -2      2625      2633      2634      2626      2628      2636      2635      2627
 -1       216    1    0    1
 -2      2633      2641      2642      2634      2636      2644      2643      2635
 -1       217    1    0    1
 -2      2641      2649      2650      2642      2644      2652      2651      2643
 -1       218    1    0    1
 -2      2649      2657      2658      2650      2652      2660      2659      2651
 -1       219    1    0    1
 -2      2657      2665      2666      2658      2660      2668      2667      2659
 -1       220    1    0    1
 -2      2665      1073      1074      2666      2668      1076      1075      2667
 -1       221    1    0    1
 -2       923      2673      2674       924       926      2676      2675       925
 -1       222    1    0    1
 -2      2673      2681      2682      2674      2676      2684      2683      2675
 -1       223    1    0    1
 -2      2681      2689      2690      2682      2684      2692      2691      2683
 -1       224    1    0    1
 -2      2689      2697      2698      2690      2692      2700      2699      2691
 -1       225    1    0    1
 -2      2697      2705      2706      2698      2700      2708      2707      2699
 -1       226    1    0    1
 -2      2705      2713      2714      2706      2708      2716      2715      2707
 -1       227    1    0    1
 -2      2713      2721      2722      2714      2716      2724      2723      2715
 -1       228    1    0    1
 -2      2721      1223      1224      2722      2724      1226      1225      2723
 -1       229    1    0    1
 -2      1023      2729      2730      1024      1026      2732      2731      1025
 -1       230    1    0    1
 -2      2729      2737      2738      2730      2732      2740      2739      2731
 -1       231    1    0    1
 -2      2737      2745      2746      2738      2740      2748      2747      2739
 -1       232    1    0    1
 -2      2745      2753      2754      2746      2748      2756      2755      2747
 -1       233    1    0    1
 -2      2753      2761      2762      2754      2756      2764      2763      2755
 -1       234    1    0    1
 -2      2761      2769      2770      2762      2764      2772      2771      2763
 -1       235    1    0    1
 -2      2769      2777      2778      2770      2772      2780      2779      2771
 -1       236    1    0    1
 -2      2777      1123      1124      2778      2780      1126      1125      2779
 -1       237    1    0    1
 -2       873      2785      2786       874       876      2788      2787       875
 -1       238    1    0    1
 -2      2785      2793      2794      2786      2788      2796      2795      2787
 -1       239    1    0    1
 -2      2793      2801      2802      2794      2796      2804      2803      2795
 -1       240    1    0    1
 -2      2801      2809      2810      2802      2804      2812      2811      2803
 -1       241    1    0    1
 -2      2809      2817      2818      2810      2812      2820      2819      2811
 -1       242    1    0    1
 -2      2817      2825      2826      2818      2820      2828      2827      2819
 -1       243    1    0    1
 -2      2825      2833      2834      2826      2828      2836      2835      2827
 -1       244    1    0    1
 -2      2833      1123      1124      2834      2836      1126      1125      2835
 -1       245    1    0    1
 -2       923      2841      2842       924       926      2844      2843       925
 -1       246    1    0    1
 -2      2841      2849      2850      2842      2844      2852      2851      2843
 -1       247    1    0    1
 -2      2849      2857      2858      2850      2852      2860      2859      2851
 -1       248    1    0    1
 -2      2857      2865      2866      2858      2860      2868      2867      2859
 -1       249    1    0    1
 -2      2865      2873      2874      2866      2868      2876      2875      2867
 -1       250    1    0    1
 -2      2873      2881      2882      2874      2876      2884      2883      2875
 -1       251    1    0    1
 -2      2881      2889      2890      2882      2884      2892      2891      2883
 -1       252    1    0    1
 -2      2889      1073      1074      2890      2892      1076      1075      2891
 -1       253    1    0    1
 -2       973      2897      2898       974       976      2900      2899       975
 -1       254    1    0    1
 -2      2897      2905      2906      2898      2900      2908      2907      2899
 -1       255    1    0    1
 -2      2905      2913      2914      2906      2908      2916      2915      2907
 -1       256    1    0    1
 -2      2913      2921      2922      2914      2916      2924      2923      2915
 -1       257    1    0    1
 -2      2921      2929      2930      2922      2924      2932      2931      2923
 -1       258    1    0    1
 -2      2929      2937      2938      2930      2932      2940      2939      2931
 -1       259    1    0    1
 -2      2937      2945      2946      2938      2940      2948      2947      2939
 -1       260    1    0    1
 -2      2945      1223      1224      2946      2948      1226      1225      2947
 -1       261    1    0    1
 -2      1023      2953      2954      1024      1026      2956      2955      1025
 -1       262    1    0    1
 -2      2953      2961      2962      2954      2956      2964      2963      2955
 -1       263    1    0    1
 -2      2961      2969      2970      2962      2964      2972      2971      2963
 -1       264    1    0    1
 -2      2969      2977      2978      2970      2972      2980      2979      2971
 -1       265    1    0    1
 -2      2977      2985      2986      2978      2980      2988      2987      2979
 -1       266    1    0    1
 -2      2985      2993      2994      2986      2988      2996      2995      2987
 -1       267    1    0    1
 -2      2993      3001      3002      2994      2996      3004      3003      2995
 -1       268    1    0    1
 -2      3001      1173      1174      3002      3004      1176      1175      3003
 -1       269    1    0    1
 -2      1073      3009      3010      1074      1076      3012      3011      1075
 -1       270    1    0    1
 -2      3009      3017      3018      3010      3012      3020      3019      3011
 -1       271    1    0    1
 -2      3017      3025      3026      3018      3020      3028      3027      3019
 -1       272    1    0    1
 -2      3025      3033      3034      3026      3028      3036      3035      3027
 -1       273    1    0    1
 -2      3033      3041      3042      3034      3036      3044      3043      3035
 -1       274    1    0    1
 -2      3041      3049      3050      3042      3044      3052      3051      3043
 -1       275    1    0    1
 -2      3049      3057      3058      3050      3052      3060      3059      3051
 -1       276    1    0    1
 -2      3057      1373      1374      3058      3060      1376      1375      3059
 -1       277    1    0    1
 -2      1173      3065      3066      1174      1176      3068      3067      1175
 -1       278    1    0    1
 -2      3065      3073      3074      3066      3068      3076      3075      3067
 -1       279    1    0    1
 -2      3073      3081      3082      3074      3076      3084      3083      3075
 -1       280    1    0    1
 -2      3081      3089      3090      3082      3084      3092      3091      3083
 -1       281    1    0    1
 -2      3089      3097      3098      3090      3092      3100      3099      3091
 -1       282    1    0    1
 -2      3097      3105      3106      3098      3100      3108      3107      3099
 -1       283    1    0    1
 -2      3105      3113      3114      3106      3108      3116      3115      3107
 -1       284    1    0    1
 -2      3113      1273      1274      3114      3116      1276      1275      3115
 -1       285    1    0    1
 -2      1123      3121      3122      1124      1126      3124      3123      1125
 -1       286    1    0    1
 -2      3121      3129      3130      3122      3124      3132      3131      3123
 -1       287    1    0    1
 -2      3129      3137      3138      3130      3132      3140      3139      3131
 -1       288    1    0    1
 -2      3137      3145      3146      3138      3140      3148      3147      3139
 -1       289    1    0    1
 -2      3145      3153      3154      3146      3148      3156      3155      3147
 -1       290    1    0    1
 -2      3153      3161      3162      3154      3156      3164      3163      3155
 -1       291    1    0    1
 -2      3161      3169      3170      3162      3164      3172      3171      3163
 -1       292    1    0    1
 -2      3169      1423      1424      3170      3172      1426      1425      3171
 -1       293    1    0    1
 -2      1223      3177      3178      1224      1226      3180      3179      1225
 -1       294    1    0    1
 -2      3177      3185      3186      3178      3180      3188      3187      3179
 -1       295    1    0    1
 -2      3185      3193      3194      3186      3188      3196      3195      3187
 -1       296    1    0    1
 -2      3193      3201      3202      3194      3196      3204      3203      3195
 -1       297    1    0    1
 -2      3201      3209      3210      3202      3204      3212      3211      3203
 -1       298    1    0    1
 -2      3209      3217      3218      3210      3212      3220      3219      3211
 -1       299    1    0    1
 -2      3217      3225      3226      3218      3220      3228      3227      3219
 -1       300    1    0    1
 -2      3225      1323      1324      3226      3228      1326      1325      3227
 -1       301    1    0    1
 -2      1073      3233      3234      1074      1076      3236      3235      1075
 -1       302    1    0    1
 -2      3233      3241      3242      3234      3236      3244      3243      3235
 -1       303    1    0    1
 -2      3241      3249      3250      3242      3244      3252      3251      3243
 -1       304    1    0    1
 -2      3249      3257      3258      3250      3252      3260      3259      3251
 -1       305    1    0    1
 -2      3257      3265      3266      3258      3260      3268      3267      3259
 -1       306    1    0    1
 -2      3265      3273      3274      3266      3268      3276      3275      3267
 -1       307    1    0    1
 -2      3273      3281      3282      3274      3276      3284      3283      3275
 -1       308    1    0    1
 -2      3281      1323      1324      3282      3284      1326      1325      3283
 -1       309    1    0    1
 -2      1123      3289      3290      1124      1126      3292      3291      1125
 -1       310    1    0    1
 -2      3289      3297      3298      3290      3292      3300      3299      3291
 -1       311    1    0    1
 -2      3297      3305      3306      3298      3300      3308      3307      3299
 -1       312    1    0    1
 -2      3305      3313      3314      3306      3308      3316      3315      3307
 -1       313    1    0    1
 -2      3313      3321      3322      3314      3316      3324      3323      3315
 -1       314    1    0    1
 -2      3321      3329      3330      3322      3324      3332      3331      3323
 -1       315    1    0    1
 -2      3329      3337      3338      3330      3332      3340      3339      3331
 -1       316    1    0    1
 -2      3337      1273      1274      3338      3340      1276      1275      3339
 -1       317    1    0    1
 -2      1173      3345      3346      1174      1176      3348      3347      1175
 -1       318    1    0    1
 -2      3345      3353      3354      3346      3348      3356      3355      3347
 -1       319    1    0    1
 -2      3353      3361      3362      3354      3356      3364      3363      3355
 -1       320    1    0    1
 -2      3361      3369      3370      3362      3364      3372      3371      3363
 -1       321    1    0    1
 -2      3369      3377      3378      3370      3372      3380      3379      3371
 -1       322    1    0    1
 -2      3377      3385      3386      3378      3380      3388      3387      3379
 -1       323    1    0    1
 -2      3385      3393      3394      3386      3388      3396      3395      3387
 -1       324    1    0    1
 -2      3393      1423      1424      3394      3396      1426      1425      3395
 -1       325    1    0    1
 -2      1223      3401      3402      1224      1226      3404      3403      1225
 -1       326    1    0    1
 -2      3401      3409      3410      3402      3404      3412      3411      3403
 -1       327    1    0    1
 -2      3409      3417      3418      3410      3412      3420      3419      3411
 -1       328    1    0    1
 -2      3417      3425      3426      3418      3420      3428      3427      3419
 -1       329    1    0    1
 -2      3425      3433      3434      3426      3428      3436      3435      3427
 -1       330    1    0    1
 -2      3433      3441      3442      3434      3436      3444      3443      3435
 -1       331    1    0    1
 -2      3441      3449      3450      3442      3444      3452      3451      3443
 -1       332    1    0    1
 -2      3449      1373      1374      3450      3452      1376      1375      3451
 -3
    1PSTEP                         1           1           1          
  100CL  101 1.000000000           0                     0    1           1
 -4  DISP        4    1
 -5  D1          1    2    1    0
 -5  D2          1    2    2    0
 -5  D3          1    2    3    0
 -5  ALL         1    2    0    0    1ALL
 -3
 9999
