
                        S T E P       1


                                INCREMENT     5


 displacements (vx,vy,vz) for set TIP_TOP and time  0.4562500E-02

      1559  1.816074E-01 -1.468444E-02 -4.675537E+00
      1560  1.811204E-01 -1.443175E-02 -4.641363E+00
      1563  1.800055E-01 -1.366455E-02 -4.608072E+00
      1566  1.793427E-01 -1.076528E-02 -4.578399E+00
      1568  1.792666E-01 -4.137296E-03 -4.560133E+00
      1570  1.792309E-01  7.550495E-15 -4.558995E+00
      1572  1.792666E-01  4.137296E-03 -4.560133E+00
      1575  1.793427E-01  1.076528E-02 -4.578399E+00
      1578  1.800055E-01  1.366455E-02 -4.608072E+00
      1581  1.811204E-01  1.443175E-02 -4.641363E+00
      1584  1.816074E-01  1.468444E-02 -4.675537E+00

 forces (fx,fy,fz) for set CLAMP and time  0.4562500E-02

         1  1.938258E+02  4.470948E+02  3.381453E+01
         4  2.834341E+02 -2.250729E-12  6.432234E+01
         5  9.308311E+02  1.183667E+03 -3.653128E+02
         8  1.623067E+03 -4.919035E-12 -7.308996E+02
         9  9.148220E+02  1.135065E+03 -6.225529E+02
        12  1.604164E+03 -3.252351E-12 -1.242356E+03
        13  6.683455E+02  7.935670E+02 -7.345130E+02
        16  1.163134E+03 -3.219283E-12 -1.470997E+03
        17  3.484279E+02  3.514971E+02 -7.613406E+02
        20  5.807349E+02 -2.511936E-12 -1.501960E+03
        21 -6.824315E+02  1.635713E+02 -7.051925E+02
        24  8.819227E+01  2.607096E-13 -8.300462E+02
        26  1.938258E+02 -4.470948E+02  3.381453E+01
        28  9.308311E+02 -1.183667E+03 -3.653128E+02
        30  9.148220E+02 -1.135065E+03 -6.225529E+02
        32  6.683455E+02 -7.935670E+02 -7.345130E+02
        34  3.484279E+02 -3.514971E+02 -7.613406E+02
        36 -6.824315E+02 -1.635713E+02 -7.051925E+02
        37 -6.820119E+02 -2.292737E+02 -5.303367E+02
        40 -1.302437E+03 -9.493561E+00 -9.972450E+02
        41 -6.993444E+02 -3.421347E+02  1.684374E+02
        44 -1.067013E+03  3.852072E+01  3.225023E+02
        45 -9.546336E+01 -1.140987E+02  3.242060E+02
        48  9.124961E+01  4.926224E+01  4.912014E+02
        50 -1.398559E+03  2.928199E+01 -9.138258E+02
        52 -8.393005E+02  1.491991E+02  3.383548E+02
        54  4.377979E+02  1.181281E+02  2.488353E+02
        56 -1.504647E+03  1.332636E+02 -7.701801E+02
        58 -4.628660E+02  3.085212E+02  2.716887E+02
        60  9.562653E+02  1.878252E+02 -1.397316E+02
        62  7.024451E+01  2.217750E+02 -6.095751E+01
        64  1.020132E+03  1.123711E+02 -3.975473E+02
        66  1.265102E+02  2.084218E-13 -1.210079E+02
        68  6.161688E+02 -7.738402E-14 -2.838730E+02
        70  7.024451E+01 -2.217750E+02 -6.095751E+01
        72  1.020132E+03 -1.123711E+02 -3.975473E+02
        74 -1.504647E+03 -1.332636E+02 -7.701801E+02
        76 -4.628660E+02 -3.085212E+02  2.716887E+02
        78  9.562653E+02 -1.878252E+02 -1.397316E+02
        80 -1.398559E+03 -2.928199E+01 -9.138258E+02
        82 -8.393005E+02 -1.491991E+02  3.383548E+02
        84  4.377979E+02 -1.181281E+02  2.488353E+02
        86 -1.302437E+03  9.493561E+00 -9.972450E+02
        88 -1.067013E+03 -3.852072E+01  3.225023E+02
        90  9.124961E+01 -4.926224E+01  4.912014E+02
        92 -6.820119E+02  2.292737E+02 -5.303367E+02
        94 -6.993444E+02  3.421347E+02  1.684374E+02
        96 -9.546336E+01  1.140987E+02  3.242060E+02

 internal energy (element, energy) for set EALL and time  0.4562500E-02

         1  1.506039E+00
         2  2.464643E+00
         3  2.501036E+00
         4  2.209929E+00
         5  1.876634E+00
         6  1.506039E+00
         7  2.464643E+00
         8  2.501036E+00
         9  2.209929E+00
        10  1.876634E+00
        11  8.847031E-01
        12  4.245174E-01
        13  7.246777E-01
        14  2.996027E-01
        15  5.990256E-01
        16  2.445108E-01
        17  5.602009E-01
        18  3.561912E-01
        19  2.693703E-01
        20  1.817284E-01
        21  2.693703E-01
        22  1.817284E-01
        23  5.602009E-01
        24  3.561912E-01
        25  5.990256E-01
        26  2.445108E-01
        27  7.246777E-01
        28  2.996027E-01
        29  8.847031E-01
        30  4.245174E-01
        31  4.074423E+00
        32  3.996569E+00
        33  3.540529E+00
        34  2.989550E+00
        35  2.757506E+00
        36  4.074423E+00
        37  3.996569E+00
        38  3.540529E+00
        39  2.989550E+00
        40  2.757506E+00
        41  7.827264E-01
        42  6.692481E-01
        43  6.225429E-01
        44  5.876302E-01
        45  3.918277E-01
        46  4.631772E-01
        47  5.658836E-01
        48  4.539738E-01
        49  2.320749E-01
        50  1.521674E-01
        51  2.320749E-01
        52  1.521674E-01
        53  5.658836E-01
        54  4.539738E-01
        55  3.918277E-01
        56  4.631772E-01
        57  6.225429E-01
        58  5.876302E-01
        59  7.827264E-01
        60  6.692481E-01
        61  8.651006E+00
        62  6.353322E+00
        63  4.969521E+00
        64  3.979516E+00
        65  3.346761E+00
        66  8.651006E+00
        67  6.353322E+00
        68  4.969521E+00
        69  3.979516E+00
        70  3.346761E+00
        71  7.942578E-01
        72  1.113086E+00
        73  7.266495E-01
        74  1.078815E+00
        75  6.801006E-01
        76  1.069543E+00
        77  1.045534E+00
        78  1.109076E+00
        79  3.408355E-01
        80  3.339402E-01
        81  3.408355E-01
        82  3.339402E-01
        83  1.045534E+00
        84  1.109076E+00
        85  6.801006E-01
        86  1.069543E+00
        87  7.266495E-01
        88  1.078815E+00
        89  7.942578E-01
        90  1.113086E+00
        91  1.579992E+01
        92  1.019684E+01
        93  6.730682E+00
        94  4.688776E+00
        95  3.930914E+00
        96  1.579992E+01
        97  1.019684E+01
        98  6.730682E+00
        99  4.688776E+00
       100  3.930914E+00
       101  1.090041E+00
       102  1.862639E+00
       103  1.130007E+00
       104  1.858800E+00
       105  1.199549E+00
       106  1.918202E+00
       107  1.671786E+00
       108  1.990259E+00
       109  5.506401E-01
       110  6.206763E-01
       111  5.506401E-01
       112  6.206763E-01
       113  1.671786E+00
       114  1.990259E+00
       115  1.199549E+00
       116  1.918202E+00
       117  1.130007E+00
       118  1.858800E+00
       119  1.090041E+00
       120  1.862639E+00
       121  2.460396E+01
       122  1.485349E+01
       123  8.613282E+00
       124  5.156114E+00
       125  4.255355E+00
       126  2.460396E+01
       127  1.485349E+01
       128  8.613282E+00
       129  5.156114E+00
       130  4.255355E+00
       131  1.515980E+00
       132  2.798138E+00
       133  1.617733E+00
       134  2.820451E+00
       135  1.749440E+00
       136  2.936430E+00
       137  2.297084E+00
       138  3.053177E+00
       139  7.754375E-01
       140  9.986221E-01
       141  7.754375E-01
       142  9.986221E-01
       143  2.297084E+00
       144  3.053177E+00
       145  1.749440E+00
       146  2.936430E+00
       147  1.617733E+00
       148  2.820451E+00
       149  1.515980E+00
       150  2.798138E+00
       151  3.542487E+01
       152  2.064667E+01
       153  1.098054E+01
       154  5.689542E+00
       155  4.465168E+00
       156  3.542487E+01
       157  2.064667E+01
       158  1.098054E+01
       159  5.689542E+00
       160  4.465168E+00
       161  2.099133E+00
       162  3.949363E+00
       163  2.224765E+00
       164  3.995071E+00
       165  2.395533E+00
       166  4.159066E+00
       167  2.991918E+00
       168  4.319268E+00
       169  1.031441E+00
       170  1.461503E+00
       171  1.031441E+00
       172  1.461503E+00
       173  2.991918E+00
       174  4.319268E+00
       175  2.395533E+00
       176  4.159066E+00
       177  2.224765E+00
       178  3.995071E+00
       179  2.099133E+00
       180  3.949363E+00
       181  4.825473E+01
       182  2.756089E+01
       183  1.382522E+01
       184  6.291699E+00
       185  4.606746E+00
       186  4.825473E+01
       187  2.756089E+01
       188  1.382522E+01
       189  6.291699E+00
       190  4.606746E+00
       191  2.822695E+00
       192  5.319761E+00
       193  2.956744E+00
       194  5.387726E+00
       195  3.150298E+00
       196  5.590038E+00
       197  3.774070E+00
       198  5.790050E+00
       199  1.321374E+00
       200  2.005579E+00
       201  1.321374E+00
       202  2.005579E+00
       203  3.774070E+00
       204  5.790050E+00
       205  3.150298E+00
       206  5.590038E+00
       207  2.956744E+00
       208  5.387726E+00
       209  2.822695E+00
       210  5.319761E+00
       211  6.307001E+01
       212  3.556323E+01
       213  1.712254E+01
       214  6.966058E+00
       215  4.709369E+00
       216  6.307001E+01
       217  3.556323E+01
       218  1.712254E+01
       219  6.966058E+00
       220  4.709369E+00
       221  3.677521E+00
       222  6.912807E+00
       223  3.814784E+00
       224  7.000474E+00
       225  4.022374E+00
       226  7.233356E+00
       227  4.657813E+00
       228  7.469466E+00
       229  1.648720E+00
       230  2.629636E+00
       231  1.648720E+00
       232  2.629636E+00
       233  4.657813E+00
       234  7.469466E+00
       235  4.022374E+00
       236  7.233356E+00
       237  3.814784E+00
       238  7.000474E+00
       239  3.677521E+00
       240  6.912807E+00
       241  7.976878E+01
       242  4.458757E+01
       243  2.083888E+01
       244  7.709731E+00
       245  4.790362E+00
       246  7.976878E+01
       247  4.458757E+01
       248  2.083888E+01
       249  7.709731E+00
       250  4.790362E+00
       251  4.652866E+00
       252  8.722854E+00
       253  4.792499E+00
       254  8.827768E+00
       255  5.010533E+00
       256  9.085639E+00
       257  5.647409E+00
       258  9.355669E+00
       259  2.014711E+00
       260  3.331860E+00
       261  2.014711E+00
       262  3.331860E+00
       263  5.647409E+00
       264  9.355669E+00
       265  5.010533E+00
       266  9.085639E+00
       267  4.792499E+00
       268  8.827768E+00
       269  4.652866E+00
       270  8.722854E+00
       271  9.817363E+01
       272  5.453355E+01
       273  2.493051E+01
       274  8.516855E+00
       275  4.859135E+00
       276  9.817363E+01
       277  5.453355E+01
       278  2.493051E+01
       279  8.516855E+00
       280  4.859135E+00
       281  5.737039E+00
       282  1.073382E+01
       283  5.879532E+00
       284  1.085390E+01
       285  6.107005E+00
       286  1.113321E+01
       287  6.738793E+00
       288  1.143643E+01
       289  2.417925E+00
       290  4.107247E+00
       291  2.417925E+00
       292  4.107247E+00
       293  6.738793E+00
       294  1.143643E+01
       295  6.107005E+00
       296  1.113321E+01
       297  5.879532E+00
       298  1.085390E+01
       299  5.737039E+00
       300  1.073382E+01
       301  1.180269E+02
       302  6.526074E+01
       303  2.933970E+01
       304  9.378902E+00
       305  4.921439E+00
       306  1.180269E+02
       307  6.526074E+01
       308  2.933970E+01
       309  9.378902E+00
       310  4.921439E+00
       311  6.915654E+00
       312  1.291876E+01
       313  7.061632E+00
       314  1.305254E+01
       315  7.298596E+00
       316  1.335125E+01
       317  7.920990E+00
       318  1.368789E+01
       319  2.854448E+00
       320  4.946752E+00
       321  2.854448E+00
       322  4.946752E+00
       323  7.920990E+00
       324  1.368789E+01
       325  7.298596E+00
       326  1.335125E+01
       327  7.061632E+00
       328  1.305254E+01
       329  6.915654E+00
       330  1.291876E+01
       331  1.389886E+02
       332  7.658577E+01
       333  3.399255E+01
       334  1.028481E+01
       335  4.981896E+00
       336  1.389886E+02
       337  7.658577E+01
       338  3.399255E+01
       339  1.028481E+01
       340  4.981896E+00
       341  8.170486E+00
       342  1.524026E+01
       343  8.320356E+00
       344  1.538694E+01
       345  8.567153E+00
       346  1.570415E+01
       347  9.177193E+00
       348  1.607497E+01
       349  3.318126E+00
       350  5.837226E+00
       351  3.318126E+00
       352  5.837226E+00
       353  9.177193E+00
       354  1.607497E+01
       355  8.567153E+00
       356  1.570415E+01
       357  8.320356E+00
       358  1.538694E+01
       359  8.170486E+00
       360  1.524026E+01
       361  1.606352E+02
       362  8.828133E+01
       363  3.879807E+01
       364  1.122095E+01
       365  5.045060E+00
       366  1.606352E+02
       367  8.828133E+01
       368  3.879807E+01
       369  1.122095E+01
       370  5.045060E+00
       371  9.478626E+00
       372  1.765124E+01
       373  9.632584E+00
       374  1.781067E+01
       375  9.889565E+00
       376  1.814630E+01
       377  1.048530E+01
       378  1.855221E+01
       379  3.800770E+00
       380  6.761652E+00
       381  3.800770E+00
       382  6.761652E+00
       383  1.048530E+01
       384  1.855221E+01
       385  9.889565E+00
       386  1.814630E+01
       387  9.632584E+00
       388  1.781067E+01
       389  9.478626E+00
       390  1.765124E+01
       391  1.824632E+02
       392  1.000770E+02
       393  4.364813E+01
       394  1.217092E+01
       395  5.115658E+00
       396  1.824632E+02
       397  1.000770E+02
       398  4.364813E+01
       399  1.217092E+01
       400  5.115658E+00
       401  1.081208E+01
       402  2.009576E+01
       403  1.097024E+01
       404  2.026823E+01
       405  1.123774E+01
       406  2.062281E+01
       407  1.181827E+01
       408  2.106467E+01
       409  4.292318E+00
       410  7.699474E+00
       411  4.292318E+00
       412  7.699474E+00
       413  1.181827E+01
       414  2.106467E+01
       415  1.123774E+01
       416  2.062281E+01
       417  1.097024E+01
       418  2.026823E+01
       419  1.081208E+01
       420  2.009576E+01
       421  2.038940E+02
       422  1.116617E+02
       423  4.841799E+01
       424  1.311533E+01
       425  5.198453E+00
       426  2.038940E+02
       427  1.116617E+02
       428  4.841799E+01
       429  1.311533E+01
       430  5.198453E+00
       431  1.213769E+01
       432  2.250980E+01
       433  1.230023E+01
       434  2.269588E+01
       435  1.257867E+01
       436  2.307031E+01
       437  1.314442E+01
       438  2.354884E+01
       439  4.780974E+00
       440  8.626960E+00
       441  4.780974E+00
       442  8.626960E+00
       443  1.314442E+01
       444  2.354884E+01
       445  1.257867E+01
       446  2.307031E+01
       447  1.230023E+01
       448  2.269588E+01
       449  1.213769E+01
       450  2.250980E+01
       451  2.242818E+02
       452  1.226871E+02
       453  5.296743E+01
       454  1.403161E+01
       455  5.298001E+00
       456  2.242818E+02
       457  1.226871E+02
       458  5.296743E+01
       459  1.403161E+01
       460  5.298001E+00
       461  1.341731E+01
       462  2.482197E+01
       463  1.358458E+01
       464  2.502231E+01
       465  1.387463E+01
       466  2.541783E+01
       467  1.442775E+01
       468  2.593362E+01
       469  5.253361E+00
       470  9.517588E+00
       471  5.253361E+00
       472  9.517588E+00
       473  1.442775E+01
       474  2.593362E+01
       475  1.387463E+01
       476  2.541783E+01
       477  1.358458E+01
       478  2.502231E+01
       479  1.341731E+01
       480  2.482197E+01
       481  2.429227E+02
       482  1.327727E+02
       483  5.714250E+01
       484  1.489423E+01
       485  5.418510E+00
       486  2.429227E+02
       487  1.327727E+02
       488  5.714250E+01
       489  1.489423E+01
       490  5.418510E+00
       491  1.460815E+01
       492  2.695429E+01
       493  1.478079E+01
       494  2.716953E+01
       495  1.508351E+01
       496  2.758766E+01
       497  1.562843E+01
       498  2.814131E+01
       499  5.694671E+00
       500  1.034242E+01
       501  5.694671E+00
       502  1.034242E+01
       503  1.562843E+01
       504  2.814131E+01
       505  1.508351E+01
       506  2.758766E+01
       507  1.478079E+01
       508  2.716953E+01
       509  1.460815E+01
       510  2.695429E+01
       511  2.590654E+02
       512  1.415115E+02
       513  6.077789E+01
       514  1.567515E+01
       515  5.563948E+00
       516  2.590654E+02
       517  1.415115E+02
       518  6.077789E+01
       519  1.567515E+01
       520  5.563948E+00
       521  1.566328E+01
       522  2.882292E+01
       523  1.584227E+01
       524  2.905365E+01
       525  1.615930E+01
       526  2.949627E+01
       527  1.670315E+01
       528  3.008850E+01
       529  6.088831E+00
       530  1.107045E+01
       531  6.088831E+00
       532  1.107045E+01
       533  1.670315E+01
       534  3.008850E+01
       535  1.615930E+01
       536  2.949627E+01
       537  1.584227E+01
       538  2.905365E+01
       539  1.566328E+01
       540  2.882292E+01
       541  2.719227E+02
       542  1.484766E+02
       543  6.370020E+01
       544  1.634493E+01
       545  5.738510E+00
       546  2.719227E+02
       547  1.484766E+02
       548  6.370020E+01
       549  1.634493E+01
       550  5.738510E+00
       551  1.653231E+01
       552  3.033889E+01
       553  1.671901E+01
       554  3.058572E+01
       555  1.705264E+01
       556  3.105524E+01
       557  1.760576E+01
       558  3.168706E+01
       559  6.418700E+00
       560  1.166891E+01
       561  6.418700E+00
       562  1.166891E+01
       563  1.760576E+01
       564  3.168706E+01
       565  1.705264E+01
       566  3.105524E+01
       567  1.671901E+01
       568  3.058572E+01
       569  1.653231E+01
       570  3.033889E+01
       571  2.806881E+02
       572  1.532311E+02
       573  6.573243E+01
       574  1.687436E+01
       575  5.947509E+00
       576  2.806881E+02
       577  1.532311E+02
       578  6.573243E+01
       579  1.687436E+01
       580  5.947509E+00
       581  1.716225E+01
       582  3.140847E+01
       583  1.735843E+01
       584  3.167248E+01
       585  1.771171E+01
       586  3.217230E+01
       587  1.828808E+01
       588  3.284536E+01
       589  6.666345E+00
       590  1.210367E+01
       591  6.666345E+00
       592  1.210367E+01
       593  1.828808E+01
       594  3.284536E+01
       595  1.771171E+01
       596  3.217230E+01
       597  1.735843E+01
       598  3.167248E+01
       599  1.716225E+01
       600  3.140847E+01
       601  2.845591E+02
       602  1.553413E+02
       603  6.670031E+01
       604  1.723664E+01
       605  6.198687E+00
       606  2.845591E+02
       607  1.553413E+02
       608  6.670031E+01
       609  1.723664E+01
       610  6.198687E+00
       611  1.749856E+01
       612  3.193357E+01
       613  1.770653E+01
       614  3.221728E+01
       615  1.808340E+01
       616  3.275303E+01
       617  1.870126E+01
       618  3.347023E+01
       619  6.813512E+00
       620  1.234003E+01
       621  6.813512E+00
       622  1.234003E+01
       623  1.870126E+01
       624  3.347023E+01
       625  1.808340E+01
       626  3.275303E+01
       627  1.770653E+01
       628  3.221728E+01
       629  1.749856E+01
       630  3.193357E+01
       631  2.827733E+02
       632  1.543972E+02
       633  6.644127E+01
       634  1.741037E+01
       635  6.503993E+00
       636  2.827733E+02
       637  1.543972E+02
       638  6.644127E+01
       639  1.741037E+01
       640  6.503993E+00
       641  1.748647E+01
       642  3.181294E+01
       643  1.770940E+01
       644  3.212231E+01
       645  1.811523E+01
       646  3.270396E+01
       647  1.879829E+01
       648  3.347094E+01
       649  6.842486E+00
       650  1.234418E+01
       651  6.842486E+00
       652  1.234418E+01
       653  1.879829E+01
       654  3.347094E+01
       655  1.811523E+01
       656  3.270396E+01
       657  1.770940E+01
       658  3.212231E+01
       659  1.748647E+01
       660  3.181294E+01
       661  2.746638E+02
       662  1.500413E+02
       663  6.481695E+01
       664  1.738330E+01
       665  6.882096E+00
       666  2.746638E+02
       667  1.500413E+02
       668  6.481695E+01
       669  1.738330E+01
       670  6.882096E+00
       671  1.707317E+01
       672  3.094783E+01
       673  1.731561E+01
       674  3.129454E+01
       675  1.775833E+01
       676  3.193941E+01
       677  1.853842E+01
       678  3.276681E+01
       679  6.737580E+00
       680  1.208617E+01
       681  6.737580E+00
       682  1.208617E+01
       683  1.853842E+01
       684  3.276681E+01
       685  1.775833E+01
       686  3.193941E+01
       687  1.731561E+01
       688  3.129454E+01
       689  1.707317E+01
       690  3.094783E+01
       691  2.597315E+02
       692  1.420081E+02
       693  6.173108E+01
       694  1.715853E+01
       695  7.362519E+00
       696  2.597315E+02
       697  1.420081E+02
       698  6.173108E+01
       699  1.715853E+01
       700  7.362519E+00
       701  1.621251E+01
       702  2.925949E+01
       703  1.648087E+01
       704  2.966122E+01
       705  1.697259E+01
       706  3.039517E+01
       707  1.789464E+01
       708  3.130035E+01
       709  6.487510E+00
       710  1.154481E+01
       711  6.487510E+00
       712  1.154481E+01
       713  1.789464E+01
       714  3.130035E+01
       715  1.697259E+01
       716  3.039517E+01
       717  1.648087E+01
       718  2.966122E+01
       719  1.621251E+01
       720  2.925949E+01
       721  2.377272E+02
       722  1.301716E+02
       723  5.715526E+01
       724  1.676650E+01
       725  7.993529E+00
       726  2.377272E+02
       727  1.301716E+02
       728  5.715526E+01
       729  1.676650E+01
       730  7.993529E+00
       731  1.487620E+01
       732  2.673132E+01
       733  1.517799E+01
       734  2.720272E+01
       735  1.573568E+01
       736  2.805236E+01
       737  1.686465E+01
       738  2.905617E+01
       739  6.088329E+00
       740  1.071411E+01
       741  6.088329E+00
       742  1.071411E+01
       743  1.686465E+01
       744  2.905617E+01
       745  1.573568E+01
       746  2.805236E+01
       747  1.517799E+01
       748  2.720272E+01
       749  1.487620E+01
       750  2.673132E+01
       751  2.087291E+02
       752  1.146008E+02
       753  5.116534E+01
       754  1.628729E+01
       755  8.856607E+00
       756  2.087291E+02
       757  1.146008E+02
       758  5.116534E+01
       759  1.628729E+01
       760  8.856607E+00
       761  1.308026E+01
       762  2.348548E+01
       763  1.341805E+01
       764  2.400609E+01
       765  1.405842E+01
       766  2.496797E+01
       767  1.548424E+01
       768  2.607884E+01
       769  5.546290E+00
       770  9.608418E+00
       771  5.546290E+00
       772  9.608418E+00
       773  1.548424E+01
       774  2.607884E+01
       775  1.405842E+01
       776  2.496797E+01
       777  1.341805E+01
       778  2.400609E+01
       779  1.308026E+01
       780  2.348548E+01
       781  1.732553E+02
       782  9.563317E+01
       783  4.398922E+01
       784  1.588440E+01
       785  1.009040E+01
       786  1.732553E+02
       787  9.563317E+01
       788  4.398922E+01
       789  1.588440E+01
       790  1.009040E+01
       791  1.093961E+01
       792  1.988509E+01
       793  1.129246E+01
       794  2.032046E+01
       795  1.200694E+01
       796  2.128343E+01
       797  1.382470E+01
       798  2.245191E+01
       799  4.875343E+00
       800  8.250640E+00
       801  4.875343E+00
       802  8.250640E+00
       803  1.382470E+01
       804  2.245191E+01
       805  1.200694E+01
       806  2.128343E+01
       807  1.129246E+01
       808  2.032046E+01
       809  1.093961E+01
       810  1.988509E+01
       811  1.325016E+02
       812  7.403315E+01
       813  3.608888E+01
       814  1.584117E+01
       815  1.188458E+01
       816  1.325016E+02
       817  7.403315E+01
       818  3.608888E+01
       819  1.584117E+01
       820  1.188458E+01
       821  8.819724E+00
       822  1.662073E+01
       823  9.078861E+00
       824  1.656297E+01
       825  9.748261E+00
       826  1.715951E+01
       827  1.194303E+01
       828  1.819451E+01
       829  4.091343E+00
       830  6.624138E+00
       831  4.091343E+00
       832  6.624138E+00
       833  1.194303E+01
       834  1.819451E+01
       835  9.748261E+00
       836  1.715951E+01
       837  9.078861E+00
       838  1.656297E+01
       839  8.819724E+00
       840  1.662073E+01
       841  8.865320E+01
       842  5.143339E+01
       843  2.849077E+01
       844  1.650339E+01
       845  1.425282E+01
       846  8.865320E+01
       847  5.143339E+01
       848  2.849077E+01
       849  1.650339E+01
       850  1.425282E+01
       851  7.740837E+00
       852  1.478311E+01
       853  7.563291E+00
       854  1.330999E+01
       855  7.716930E+00
       856  1.269446E+01
       857  9.815471E+00
       858  1.316383E+01
       859  3.196455E+00
       860  4.639399E+00
       861  3.196455E+00
       862  4.639399E+00
       863  9.815471E+00
       864  1.316383E+01
       865  7.716930E+00
       866  1.269446E+01
       867  7.563291E+00
       868  1.330999E+01
       869  7.740837E+00
       870  1.478311E+01
       871  4.548530E+01
       872  3.086656E+01
       873  2.281201E+01
       874  1.792360E+01
       875  1.626643E+01
       876  4.548530E+01
       877  3.086656E+01
       878  2.281201E+01
       879  1.792360E+01
       880  1.626643E+01
       881  9.783192E+00
       882  1.526809E+01
       883  8.954664E+00
       884  1.173929E+01
       885  7.690381E+00
       886  8.995466E+00
       887  8.507023E+00
       888  8.189524E+00
       889  2.256406E+00
       890  2.584861E+00
       891  2.256406E+00
       892  2.584861E+00
       893  8.507023E+00
       894  8.189524E+00
       895  7.690381E+00
       896  8.995466E+00
       897  8.954664E+00
       898  1.173929E+01
       899  9.783192E+00
       900  1.526809E+01
       901  1.288453E+01
       902  1.489726E+01
       903  1.792001E+01
       904  1.948471E+01
       905  1.951856E+01
       906  1.288453E+01
       907  1.489726E+01
       908  1.792001E+01
       909  1.948471E+01
       910  1.951856E+01
       911  1.374916E+01
       912  1.494962E+01
       913  1.399780E+01
       914  1.192468E+01
       915  1.378180E+01
       916  1.053375E+01
       917  1.783187E+01
       918  1.183564E+01
       919  1.924386E+00
       920  5.083722E+00
       921  1.924386E+00
       922  5.083722E+00
       923  1.783187E+01
       924  1.183564E+01
       925  1.378180E+01
       926  1.053375E+01
       927  1.399780E+01
       928  1.192468E+01
       929  1.374916E+01
       930  1.494962E+01
       931  8.011965E-01
       932  2.543102E+00
       933  6.280148E+00
       934  1.421462E+01
       935  2.812143E+01
       936  8.011965E-01
       937  2.543102E+00
       938  6.280148E+00
       939  1.421462E+01
       940  2.812143E+01
       941  1.002704E+01
       942  1.100617E+01
       943  1.187126E+01
       944  9.943919E+00
       945  1.831222E+01
       946  1.826679E+01
       947  5.700922E+01
       948  4.700510E+01
       949  3.923972E+00
       950  3.294096E+01
       951  3.923972E+00
       952  3.294096E+01
       953  5.700922E+01
       954  4.700510E+01
       955  1.831222E+01
       956  1.826679E+01
       957  1.187126E+01
       958  9.943919E+00
       959  1.002704E+01
       960  1.100617E+01

                                INCREMENT    10


 displacements (vx,vy,vz) for set TIP_TOP and time  0.1456250E-01

      1559  5.631926E-01 -7.482514E-03 -3.106984E+01
      1560  5.634456E-01 -7.372580E-03 -3.105279E+01
      1563  5.634851E-01 -6.943257E-03 -3.103617E+01
      1566  5.636864E-01 -5.400559E-03 -3.102151E+01
      1568  5.639698E-01 -2.048679E-03 -3.101258E+01
      1570  5.639719E-01  4.310610E-14 -3.101199E+01
      1572  5.639698E-01  2.048679E-03 -3.101258E+01
      1575  5.636864E-01  5.400559E-03 -3.102151E+01
      1578  5.634851E-01  6.943257E-03 -3.103617E+01
      1581  5.634456E-01  7.372580E-03 -3.105279E+01
      1584  5.631926E-01  7.482514E-03 -3.106984E+01

 forces (fx,fy,fz) for set CLAMP and time  0.1456250E-01

         1  5.622650E+04  5.875922E+04  2.424675E+04
         4  1.019009E+05 -1.020475E-10  4.843729E+04
         5  7.363316E+04  8.995526E+04 -4.783310E+02
         8  1.299377E+05 -1.331432E-10 -7.444586E+02
         9  4.929859E+04  5.907395E+04 -2.244344E+03
        12  8.625149E+04 -1.059175E-10 -4.298517E+03
        13  2.769760E+04  3.267010E+04 -3.985519E+03
        16  4.826687E+04 -9.292789E-11 -7.759963E+03
        17  6.570103E+03  7.282958E+03 -4.420067E+03
        20  1.126037E+04 -4.872196E-11 -8.716042E+03
        21 -9.762362E+03 -5.657809E+03 -1.363511E+04
        24 -1.262024E+04  8.734145E-13 -5.807238E+03
        26  5.622650E+04 -5.875922E+04  2.424675E+04
        28  7.363316E+04 -8.995526E+04 -4.783310E+02
        30  4.929859E+04 -5.907395E+04 -2.244344E+03
        32  2.769760E+04 -3.267010E+04 -3.985519E+03
        34  6.570103E+03 -7.282958E+03 -4.420067E+03
        36 -9.762362E+03  5.657809E+03 -1.363511E+04
        37 -9.233467E+03 -5.972139E+03 -1.339334E+04
        40 -8.590614E+03 -2.223826E+03 -2.236011E+04
        41 -2.814607E+04 -1.483813E+04 -5.555720E+03
        44 -4.034416E+04 -5.327143E+03 -1.068959E+04
        45 -2.167278E+04 -8.907526E+03  1.769233E+04
        48 -3.723697E+04 -3.113476E+03  3.270368E+04
        50 -5.896224E+03 -2.243650E+03 -2.029488E+04
        52 -3.869849E+04 -4.955101E+03 -1.098976E+04
        54 -3.849801E+04 -2.713461E+03  3.200845E+04
        56 -5.712693E+03 -1.814786E+03 -2.059922E+04
        58 -3.980735E+04 -3.643005E+03 -1.104334E+04
        60 -4.003319E+04 -1.872820E+03  3.293639E+04
        62 -2.835092E+04 -1.520492E+03 -6.924124E+03
        64 -2.818854E+04 -7.197644E+02  2.331270E+04
        66 -1.538468E+04  1.000654E-11 -3.495065E+03
        68 -1.519720E+04 -3.385094E-12  1.264210E+04
        70 -2.835092E+04  1.520492E+03 -6.924124E+03
        72 -2.818854E+04  7.197644E+02  2.331270E+04
        74 -5.712693E+03  1.814786E+03 -2.059922E+04
        76 -3.980735E+04  3.643005E+03 -1.104334E+04
        78 -4.003319E+04  1.872820E+03  3.293639E+04
        80 -5.896224E+03  2.243650E+03 -2.029488E+04
        82 -3.869849E+04  4.955101E+03 -1.098976E+04
        84 -3.849801E+04  2.713461E+03  3.200845E+04
        86 -8.590614E+03  2.223826E+03 -2.236011E+04
        88 -4.034416E+04  5.327143E+03 -1.068959E+04
        90 -3.723697E+04  3.113476E+03  3.270368E+04
        92 -9.233467E+03  5.972139E+03 -1.339334E+04
        94 -2.814607E+04  1.483813E+04 -5.555720E+03
        96 -2.167278E+04  8.907526E+03  1.769233E+04

 internal energy (element, energy) for set EALL and time  0.1456250E-01

         1  9.828273E+03
         2  4.575560E+03
         3  1.831104E+03
         4  4.154859E+02
         5  1.105954E+02
         6  9.828273E+03
         7  4.575560E+03
         8  1.831104E+03
         9  4.154859E+02
        10  1.105954E+02
        11  5.583016E+02
        12  1.066453E+03
        13  4.465176E+02
        14  9.413300E+02
        15  4.349212E+02
        16  9.523675E+02
        17  4.689583E+02
        18  1.002963E+03
        19  1.810609E+02
        20  3.776410E+02
        21  1.810609E+02
        22  3.776410E+02
        23  4.689583E+02
        24  1.002963E+03
        25  4.349212E+02
        26  9.523675E+02
        27  4.465176E+02
        28  9.413300E+02
        29  5.583016E+02
        30  1.066453E+03
        31  9.858548E+03
        32  5.635095E+03
        33  2.342172E+03
        34  5.787670E+02
        35  1.988754E+02
        36  9.858548E+03
        37  5.635095E+03
        38  2.342172E+03
        39  5.787670E+02
        40  1.988754E+02
        41  4.915053E+02
        42  1.002547E+03
        43  5.425734E+02
        44  1.071094E+03
        45  5.530554E+02
        46  1.083418E+03
        47  5.936246E+02
        48  1.126508E+03
        49  2.251445E+02
        50  4.185441E+02
        51  2.251445E+02
        52  4.185441E+02
        53  5.936246E+02
        54  1.126508E+03
        55  5.530554E+02
        56  1.083418E+03
        57  5.425734E+02
        58  1.071094E+03
        59  4.915053E+02
        60  1.002547E+03
        61  9.614724E+03
        62  5.442107E+03
        63  2.409190E+03
        64  6.377874E+02
        65  2.346691E+02
        66  9.614724E+03
        67  5.442107E+03
        68  2.409190E+03
        69  6.377874E+02
        70  2.346691E+02
        71  4.911970E+02
        72  9.846256E+02
        73  5.468962E+02
        74  1.057638E+03
        75  5.846531E+02
        76  1.106773E+03
        77  6.161493E+02
        78  1.140583E+03
        79  2.267119E+02
        80  4.178330E+02
        81  2.267119E+02
        82  4.178330E+02
        83  6.161493E+02
        84  1.140583E+03
        85  5.846531E+02
        86  1.106773E+03
        87  5.468962E+02
        88  1.057638E+03
        89  4.911970E+02
        90  9.846256E+02
        91  9.716431E+03
        92  5.401926E+03
        93  2.375216E+03
        94  6.438923E+02
        95  2.425911E+02
        96  9.716431E+03
        97  5.401926E+03
        98  2.375216E+03
        99  6.438923E+02
       100  2.425911E+02
       101  5.384708E+02
       102  1.015462E+03
       103  5.657743E+02
       104  1.052108E+03
       105  5.934437E+02
       106  1.088229E+03
       107  6.181575E+02
       108  1.109019E+03
       109  2.248257E+02
       110  4.021344E+02
       111  2.248257E+02
       112  4.021344E+02
       113  6.181575E+02
       114  1.109019E+03
       115  5.934437E+02
       116  1.088229E+03
       117  5.657743E+02
       118  1.052108E+03
       119  5.384708E+02
       120  1.015462E+03
       121  9.121788E+03
       122  5.043367E+03
       123  2.204402E+03
       124  5.959630E+02
       125  2.225446E+02
       126  9.121788E+03
       127  5.043367E+03
       128  2.204402E+03
       129  5.959630E+02
       130  2.225446E+02
       131  5.249700E+02
       132  9.857282E+02
       133  5.346618E+02
       134  9.972667E+02
       135  5.475158E+02
       136  1.012553E+03
       137  5.649268E+02
       138  1.022517E+03
       139  2.051517E+02
       140  3.700375E+02
       141  2.051517E+02
       142  3.700375E+02
       143  5.649268E+02
       144  1.022517E+03
       145  5.475158E+02
       146  1.012553E+03
       147  5.346618E+02
       148  9.972667E+02
       149  5.249700E+02
       150  9.857282E+02
       151  8.515156E+03
       152  4.704844E+03
       153  2.056198E+03
       154  5.596870E+02
       155  2.106447E+02
       156  8.515156E+03
       157  4.704844E+03
       158  2.056198E+03
       159  5.596870E+02
       160  2.106447E+02
       161  5.009763E+02
       162  9.345800E+02
       163  5.037050E+02
       164  9.357079E+02
       165  5.095759E+02
       166  9.409294E+02
       167  5.229299E+02
       168  9.452077E+02
       169  1.894779E+02
       170  3.414071E+02
       171  1.894779E+02
       172  3.414071E+02
       173  5.229299E+02
       174  9.452077E+02
       175  5.095759E+02
       176  9.409294E+02
       177  5.037050E+02
       178  9.357079E+02
       179  5.009763E+02
       180  9.345800E+02
       181  7.903389E+03
       182  4.370774E+03
       183  1.914612E+03
       184  5.270223E+02
       185  2.022467E+02
       186  7.903389E+03
       187  4.370774E+03
       188  1.914612E+03
       189  5.270223E+02
       190  2.022467E+02
       191  4.700648E+02
       192  8.720383E+02
       193  4.712457E+02
       194  8.711258E+02
       195  4.746200E+02
       196  8.734317E+02
       197  4.860876E+02
       198  8.757375E+02
       199  1.757061E+02
       200  3.158737E+02
       201  1.757061E+02
       202  3.158737E+02
       203  4.860876E+02
       204  8.757375E+02
       205  4.746200E+02
       206  8.734317E+02
       207  4.712457E+02
       208  8.711258E+02
       209  4.700648E+02
       210  8.720383E+02
       211  7.299792E+03
       212  4.040926E+03
       213  1.775174E+03
       214  4.947727E+02
       215  1.945421E+02
       216  7.299792E+03
       217  4.040926E+03
       218  1.775174E+03
       219  4.947727E+02
       220  1.945421E+02
       221  4.369902E+02
       222  8.065368E+02
       223  4.381292E+02
       224  8.061027E+02
       225  4.408320E+02
       226  8.082189E+02
       227  4.515873E+02
       228  8.100420E+02
       229  1.629671E+02
       230  2.918560E+02
       231  1.629671E+02
       232  2.918560E+02
       233  4.515873E+02
       234  8.100420E+02
       235  4.408320E+02
       236  8.082189E+02
       237  4.381292E+02
       238  8.061027E+02
       239  4.369902E+02
       240  8.065368E+02
       241  6.706424E+03
       242  3.715979E+03
       243  1.637197E+03
       244  4.623494E+02
       245  1.867222E+02
       246  6.706424E+03
       247  3.715979E+03
       248  1.637197E+03
       249  4.623494E+02
       250  1.867222E+02
       251  4.035392E+02
       252  7.416162E+02
       253  4.048358E+02
       254  7.418345E+02
       255  4.074020E+02
       256  7.442722E+02
       257  4.178989E+02
       258  7.460512E+02
       259  1.506267E+02
       260  2.685467E+02
       261  1.506267E+02
       262  2.685467E+02
       263  4.178989E+02
       264  7.460512E+02
       265  4.074020E+02
       266  7.442722E+02
       267  4.048358E+02
       268  7.418345E+02
       269  4.035392E+02
       270  7.416162E+02
       271  6.124937E+03
       272  3.397068E+03
       273  1.501271E+03
       274  4.299098E+02
       275  1.785494E+02
       276  6.124937E+03
       277  3.397068E+03
       278  1.501271E+03
       279  4.299098E+02
       280  1.785494E+02
       281  3.704215E+02
       282  6.782722E+02
       283  3.717956E+02
       284  6.788448E+02
       285  3.743119E+02
       286  6.814929E+02
       287  3.846698E+02
       288  6.832730E+02
       289  1.385098E+02
       290  2.457177E+02
       291  1.385098E+02
       292  2.457177E+02
       293  3.846698E+02
       294  6.832730E+02
       295  3.743119E+02
       296  6.814929E+02
       297  3.717956E+02
       298  6.788448E+02
       299  3.704215E+02
       300  6.782722E+02
       301  5.557385E+03
       302  3.085540E+03
       303  1.368127E+03
       304  3.977084E+02
       305  1.700422E+02
       306  5.557385E+03
       307  3.085540E+03
       308  1.368127E+03
       309  3.977084E+02
       310  1.700422E+02
       311  3.378959E+02
       312  6.166952E+02
       313  3.392744E+02
       314  6.173944E+02
       315  3.417248E+02
       316  6.200874E+02
       317  3.519444E+02
       318  6.218119E+02
       319  1.266012E+02
       320  2.233810E+02
       321  1.266012E+02
       322  2.233810E+02
       323  3.519444E+02
       324  6.218119E+02
       325  3.417248E+02
       326  6.200874E+02
       327  3.392744E+02
       328  6.173944E+02
       329  3.378959E+02
       330  6.166952E+02
       331  5.006299E+03
       332  2.782858E+03
       333  1.238466E+03
       334  3.659469E+02
       335  1.612474E+02
       336  5.006299E+03
       337  2.782858E+03
       338  1.238466E+03
       339  3.659469E+02
       340  1.612474E+02
       341  3.061247E+02
       342  5.569639E+02
       343  3.074726E+02
       344  5.576781E+02
       345  3.098354E+02
       346  5.603128E+02
       347  3.198844E+02
       348  5.619324E+02
       349  1.149470E+02
       350  2.016284E+02
       351  1.149470E+02
       352  2.016284E+02
       353  3.198844E+02
       354  5.619324E+02
       355  3.098354E+02
       356  5.603128E+02
       357  3.074726E+02
       358  5.576781E+02
       359  3.061247E+02
       360  5.569639E+02
       361  4.474427E+03
       362  2.490533E+03
       363  1.112942E+03
       364  3.347828E+02
       365  1.522041E+02
       366  4.474427E+03
       367  2.490533E+03
       368  1.112942E+03
       369  3.347828E+02
       370  1.522041E+02
       371  2.752619E+02
       372  4.992291E+02
       373  2.765650E+02
       374  4.999145E+02
       375  2.788266E+02
       376  5.024426E+02
       377  2.886657E+02
       378  5.039344E+02
       379  1.036068E+02
       380  1.805709E+02
       381  1.036068E+02
       382  1.805709E+02
       383  2.886657E+02
       384  5.039344E+02
       385  2.788266E+02
       386  5.024426E+02
       387  2.765650E+02
       388  4.999145E+02
       389  2.752619E+02
       390  4.992291E+02
       391  3.964529E+03
       392  2.210064E+03
       393  9.921869E+02
       394  3.043586E+02
       395  1.429460E+02
       396  3.964529E+03
       397  2.210064E+03
       398  9.921869E+02
       399  3.043586E+02
       400  1.429460E+02
       401  2.454673E+02
       402  4.437174E+02
       403  2.467186E+02
       404  4.443602E+02
       405  2.488709E+02
       406  4.467633E+02
       407  2.584600E+02
       408  4.481232E+02
       409  9.264230E+01
       410  1.603226E+02
       411  9.264230E+01
       412  1.603226E+02
       413  2.584600E+02
       414  4.481232E+02
       415  2.488709E+02
       416  4.467633E+02
       417  2.467186E+02
       418  4.443602E+02
       419  2.454673E+02
       420  4.437174E+02
       421  3.479285E+03
       422  1.942907E+03
       423  8.768138E+02
       424  2.748164E+02
       425  1.335099E+02
       426  3.479285E+03
       427  1.942907E+03
       428  8.768138E+02
       429  2.748164E+02
       430  1.335099E+02
       431  2.169023E+02
       432  3.906977E+02
       433  2.180967E+02
       434  3.912956E+02
       435  2.201343E+02
       436  3.935678E+02
       437  2.294338E+02
       438  3.948014E+02
       439  8.211443E+01
       440  1.409955E+02
       441  8.211443E+01
       442  1.409955E+02
       443  2.294338E+02
       444  3.948014E+02
       445  2.201343E+02
       446  3.935678E+02
       447  2.180967E+02
       448  3.912956E+02
       449  2.169023E+02
       450  3.906977E+02
       451  3.021215E+03
       452  1.690440E+03
       453  7.674103E+02
       454  2.463012E+02
       455  1.239405E+02
       456  3.021215E+03
       457  1.690440E+03
       458  7.674103E+02
       459  2.463012E+02
       460  1.239405E+02
       461  1.897241E+02
       462  3.404507E+02
       463  1.908575E+02
       464  3.410042E+02
       465  1.927769E+02
       466  3.431439E+02
       467  2.017484E+02
       468  3.442608E+02
       469  7.208229E+01
       470  1.226967E+02
       471  7.208229E+01
       472  1.226967E+02
       473  2.017484E+02
       474  3.442608E+02
       475  1.927769E+02
       476  3.431439E+02
       477  1.908575E+02
       478  3.410042E+02
       479  1.897241E+02
       480  3.404507E+02
       481  2.592618E+03
       482  1.453926E+03
       483  6.645234E+02
       484  2.189582E+02
       485  1.142919E+02
       486  2.592618E+03
       487  1.453926E+03
       488  6.645234E+02
       489  2.189582E+02
       490  1.142919E+02
       491  1.640818E+02
       492  2.932456E+02
       493  1.651509E+02
       494  2.937555E+02
       495  1.669502E+02
       496  2.957619E+02
       497  1.755574E+02
       498  2.967733E+02
       499  6.260188E+01
       500  1.055250E+02
       501  6.260188E+01
       502  1.055250E+02
       503  1.755574E+02
       504  2.967733E+02
       505  1.669502E+02
       506  2.957619E+02
       507  1.651509E+02
       508  2.937555E+02
       509  1.640818E+02
       510  2.932456E+02
       511  2.195502E+03
       512  1.234473E+03
       513  5.686433E+02
       514  1.929299E+02
       515  1.046268E+02
       516  2.195502E+03
       517  1.234473E+03
       518  5.686433E+02
       519  1.929299E+02
       520  1.046268E+02
       521  1.401127E+02
       522  2.493253E+02
       523  1.411152E+02
       524  2.497915E+02
       525  1.427938E+02
       526  2.516638E+02
       527  1.510022E+02
       528  2.525812E+02
       529  5.372441E+01
       530  8.956826E+01
       531  5.372441E+01
       532  8.956826E+01
       533  1.510022E+02
       534  2.525812E+02
       535  1.427938E+02
       536  2.516638E+02
       537  1.411152E+02
       538  2.497915E+02
       539  1.401127E+02
       540  2.493253E+02
       541  1.831515E+03
       542  1.033004E+03
       543  4.801880E+02
       544  1.683504E+02
       545  9.501420E+01
       546  1.831515E+03
       547  1.033004E+03
       548  4.801880E+02
       549  1.683504E+02
       550  9.501420E+01
       551  1.179384E+02
       552  2.088949E+02
       553  1.188726E+02
       554  2.093168E+02
       555  1.204307E+02
       556  2.110540E+02
       557  1.282082E+02
       558  2.118891E+02
       559  4.549472E+01
       560  7.490002E+01
       561  4.549472E+01
       562  7.490002E+01
       563  1.282082E+02
       564  2.118891E+02
       565  1.204307E+02
       566  2.110540E+02
       567  1.188726E+02
       568  2.093168E+02
       569  1.179384E+02
       570  2.088949E+02
       571  1.501896E+03
       572  8.502227E+02
       573  3.994888E+02
       574  1.453411E+02
       575  8.552639E+01
       576  1.501896E+03
       577  8.502227E+02
       578  3.994888E+02
       579  1.453411E+02
       580  8.552639E+01
       581  9.766078E+01
       582  1.721142E+02
       583  9.852579E+01
       584  1.724914E+02
       585  9.996388E+01
       586  1.740931E+02
       587  1.072806E+02
       588  1.748577E+02
       589  3.794987E+01
       590  6.157761E+01
       591  3.794987E+01
       592  6.157761E+01
       593  1.072806E+02
       594  1.748577E+02
       595  9.996388E+01
       596  1.740931E+02
       597  9.852579E+01
       598  1.724914E+02
       599  9.766078E+01
       600  1.721142E+02
       601  1.207439E+03
       602  6.865927E+02
       603  3.267783E+02
       604  1.240037E+02
       605  7.623490E+01
       606  1.207439E+03
       607  6.865927E+02
       608  3.267783E+02
       609  1.240037E+02
       610  7.623490E+01
       611  7.935880E+01
       612  1.390913E+02
       613  8.015368E+01
       614  1.394251E+02
       615  8.147240E+01
       616  1.408932E+02
       617  8.830103E+01
       618  1.415993E+02
       619  3.111812E+01
       620  4.964071E+01
       621  3.111812E+01
       622  4.964071E+01
       623  8.830103E+01
       624  1.415993E+02
       625  8.147240E+01
       626  1.408932E+02
       627  8.015368E+01
       628  1.394251E+02
       629  7.935880E+01
       630  1.390913E+02
       631  9.484676E+02
       632  5.423216E+02
       633  2.621812E+02
       634  1.044162E+02
       635  6.720712E+01
       636  9.484676E+02
       637  5.423216E+02
       638  2.621812E+02
       639  1.044162E+02
       640  6.720712E+01
       641  6.308475E+01
       642  1.098795E+02
       643  6.380859E+01
       644  1.101750E+02
       645  6.500869E+01
       646  1.115150E+02
       647  7.132493E+01
       648  1.121762E+02
       649  2.501829E+01
       650  3.911058E+01
       651  2.501829E+01
       652  3.911058E+01
       653  7.132493E+01
       654  1.121762E+02
       655  6.500869E+01
       656  1.115150E+02
       657  6.380859E+01
       658  1.101750E+02
       659  6.308475E+01
       660  1.098795E+02
       661  7.248192E+02
       662  4.173489E+02
       663  2.057065E+02
       664  8.662851E+01
       665  5.850452E+01
       666  7.248192E+02
       667  4.173489E+02
       668  2.057065E+02
       669  8.662851E+01
       670  5.850452E+01
       671  4.886133E+01
       672  8.447747E+01
       673  4.951302E+01
       674  8.474525E+01
       675  5.059585E+01
       676  8.596831E+01
       677  5.637935E+01
       678  8.659940E+01
       679  1.965956E+01
       680  2.998960E+01
       681  1.965956E+01
       682  2.998960E+01
       683  5.637935E+01
       684  8.659940E+01
       685  5.059585E+01
       686  8.596831E+01
       687  4.951302E+01
       688  8.474525E+01
       689  4.886133E+01
       690  8.447747E+01
       691  5.358260E+02
       692  3.113328E+02
       693  1.572438E+02
       694  7.066415E+01
       695  5.018456E+01
       696  5.358260E+02
       697  3.113328E+02
       698  1.572438E+02
       699  7.066415E+01
       700  5.018456E+01
       701  3.667930E+01
       702  6.283553E+01
       703  3.725765E+01
       704  6.309077E+01
       705  3.822572E+01
       706  6.421222E+01
       707  4.346067E+01
       708  6.482768E+01
       709  1.504112E+01
       710  2.226014E+01
       711  1.504112E+01
       712  2.226014E+01
       713  4.346067E+01
       714  6.482768E+01
       715  3.822572E+01
       716  6.421222E+01
       717  3.725765E+01
       718  6.309077E+01
       719  3.667930E+01
       720  6.283553E+01
       721  3.802708E+02
       722  2.236311E+02
       723  1.165611E+02
       724  5.652640E+01
       725  4.230704E+01
       726  3.802708E+02
       727  2.236311E+02
       728  1.165611E+02
       729  5.652640E+01
       730  4.230704E+01
       731  2.649691E+01
       732  4.486769E+01
       733  2.700096E+01
       734  4.512345E+01
       735  2.785779E+01
       736  4.615535E+01
       737  3.253217E+01
       738  4.676310E+01
       739  1.115132E+01
       740  1.588186E+01
       741  1.115132E+01
       742  1.588186E+01
       743  3.253217E+01
       744  4.676310E+01
       745  2.785779E+01
       746  4.615535E+01
       747  2.700096E+01
       748  4.512345E+01
       749  2.649691E+01
       750  4.486769E+01
       751  2.563222E+02
       752  1.532752E+02
       753  8.330404E+01
       754  4.420972E+01
       755  3.494511E+01
       756  2.563222E+02
       757  1.532752E+02
       758  8.330404E+01
       759  4.420972E+01
       760  3.494511E+01
       761  1.824172E+01
       762  3.046372E+01
       763  1.867122E+01
       764  3.071448E+01
       765  1.941991E+01
       766  3.164968E+01
       767  2.352316E+01
       768  3.224152E+01
       769  7.965602E+00
       770  1.078797E+01
       771  7.965602E+00
       772  1.078797E+01
       773  2.352316E+01
       774  3.224152E+01
       775  1.941991E+01
       776  3.164968E+01
       777  1.867122E+01
       778  3.071448E+01
       779  1.824172E+01
       780  3.046372E+01
       781  1.614821E+02
       782  9.894555E+01
       783  5.698974E+01
       784  3.370603E+01
       785  2.819717E+01
       786  1.614821E+02
       787  9.894555E+01
       788  5.698974E+01
       789  3.370603E+01
       790  2.819717E+01
       791  1.181241E+01
       792  1.948281E+01
       793  1.217034E+01
       794  1.967965E+01
       795  1.281238E+01
       796  2.047193E+01
       797  1.633558E+01
       798  2.101741E+01
       799  5.443581E+00
       800  6.882855E+00
       801  5.443581E+00
       802  6.882855E+00
       803  1.633558E+01
       804  2.101741E+01
       805  1.281238E+01
       806  2.047193E+01
       807  1.217034E+01
       808  1.967965E+01
       809  1.181241E+01
       810  1.948281E+01
       811  9.260208E+01
       812  5.898355E+01
       813  3.700121E+01
       814  2.499051E+01
       815  2.216795E+01
       816  9.260208E+01
       817  5.898355E+01
       818  3.700121E+01
       819  2.499051E+01
       820  2.216795E+01
       821  7.083236E+00
       822  1.170292E+01
       823  7.383285E+00
       824  1.173533E+01
       825  7.924994E+00
       826  1.230025E+01
       827  1.087353E+01
       828  1.276757E+01
       829  3.526933E+00
       830  4.051946E+00
       831  3.526933E+00
       832  4.051946E+00
       833  1.087353E+01
       834  1.276757E+01
       835  7.924994E+00
       836  1.230025E+01
       837  7.383285E+00
       838  1.173533E+01
       839  7.083236E+00
       840  1.170292E+01
       841  4.596733E+01
       842  3.150935E+01
       843  2.265302E+01
       844  1.793910E+01
       845  1.687518E+01
       846  4.596733E+01
       847  3.150935E+01
       848  2.265302E+01
       849  1.793910E+01
       850  1.687518E+01
       851  3.933063E+00
       852  6.739224E+00
       853  4.214938E+00
       854  6.453551E+00
       855  4.684039E+00
       856  6.726678E+00
       857  7.113688E+00
       858  7.156461E+00
       859  2.143805E+00
       860  2.202167E+00
       861  2.143805E+00
       862  2.202167E+00
       863  7.113688E+00
       864  7.156461E+00
       865  4.684039E+00
       866  6.726678E+00
       867  4.214938E+00
       868  6.453551E+00
       869  3.933063E+00
       870  6.739224E+00
       871  1.752161E+01
       872  1.446824E+01
       873  1.310998E+01
       874  1.230114E+01
       875  1.207867E+01
       876  1.752161E+01
       877  1.446824E+01
       878  1.310998E+01
       879  1.230114E+01
       880  1.207867E+01
       881  2.344506E+00
       882  3.962720E+00
       883  2.739550E+00
       884  3.404350E+00
       885  3.212719E+00
       886  3.516997E+00
       887  5.330272E+00
       888  4.117779E+00
       889  1.220062E+00
       890  1.382709E+00
       891  1.220062E+00
       892  1.382709E+00
       893  5.330272E+00
       894  4.117779E+00
       895  3.212719E+00
       896  3.516997E+00
       897  2.739550E+00
       898  3.404350E+00
       899  2.344506E+00
       900  3.962720E+00
       901  3.777999E+00
       902  5.108195E+00
       903  6.709888E+00
       904  7.893307E+00
       905  8.644721E+00
       906  3.777999E+00
       907  5.108195E+00
       908  6.709888E+00
       909  7.893307E+00
       910  8.644721E+00
       911  2.030317E+00
       912  2.356645E+00
       913  2.748636E+00
       914  2.041170E+00
       915  3.788769E+00
       916  2.920595E+00
       917  7.280895E+00
       918  4.879763E+00
       919  7.745596E-01
       920  2.416040E+00
       921  7.745596E-01
       922  2.416040E+00
       923  7.280895E+00
       924  4.879763E+00
       925  3.788769E+00
       926  2.920595E+00
       927  2.748636E+00
       928  2.041170E+00
       929  2.030317E+00
       930  2.356645E+00
       931  1.781088E-01
       932  5.789966E-01
       933  1.425284E+00
       934  3.196395E+00
       935  6.630904E+00
       936  1.781088E-01
       937  5.789966E-01
       938  1.425284E+00
       939  3.196395E+00
       940  6.630904E+00
       941  1.399335E+00
       942  1.491191E+00
       943  2.147830E+00
       944  1.528974E+00
       945  4.253545E+00
       946  4.385240E+00
       947  1.460019E+01
       948  1.275456E+01
       949  1.023393E+00
       950  8.879061E+00
       951  1.023393E+00
       952  8.879061E+00
       953  1.460019E+01
       954  1.275456E+01
       955  4.253545E+00
       956  4.385240E+00
       957  2.147830E+00
       958  1.528974E+00
       959  1.399335E+00
       960  1.491191E+00

                                INCREMENT    15


 displacements (vx,vy,vz) for set TIP_TOP and time  0.2456250E-01

      1559 -3.170248E-01  9.347891E-04  1.068172E+01
      1560 -3.170617E-01  9.264525E-04  1.067970E+01
      1563 -3.171019E-01  8.631026E-04  1.067773E+01
      1566 -3.171594E-01  6.530407E-04  1.067602E+01
      1568 -3.172119E-01  2.404141E-04  1.067501E+01
      1570 -3.172119E-01 -2.405095E-14  1.067493E+01
      1572 -3.172119E-01 -2.404141E-04  1.067501E+01
      1575 -3.171594E-01 -6.530407E-04  1.067602E+01
      1578 -3.171019E-01 -8.631026E-04  1.067773E+01
      1581 -3.170617E-01 -9.264525E-04  1.067970E+01
      1584 -3.170248E-01 -9.347891E-04  1.068172E+01

 forces (fx,fy,fz) for set CLAMP and time  0.2456250E-01

         1 -2.001012E+04 -2.080557E+04 -8.635767E+03
         4 -3.627151E+04  3.574988E-11 -1.724352E+04
         5 -2.610778E+04 -3.179253E+04  1.016342E+02
         8 -4.607374E+04  8.502915E-11  1.390372E+02
         9 -1.741568E+04 -2.082758E+04  7.295957E+02
        12 -3.047153E+04  6.525026E-11  1.397946E+03
        13 -9.740406E+03 -1.148129E+04  1.349308E+03
        16 -1.697681E+04  4.341425E-11  2.626589E+03
        17 -2.264325E+03 -2.514341E+03  1.507273E+03
        20 -3.883607E+03  2.301540E-11  2.972882E+03
        21  3.456301E+03  2.030146E+03  4.796830E+03
        24  4.516283E+03  3.765589E-14  1.993854E+03
        26 -2.001012E+04  2.080557E+04 -8.635767E+03
        28 -2.610778E+04  3.179253E+04  1.016342E+02
        30 -1.741568E+04  2.082758E+04  7.295957E+02
        32 -9.740406E+03  1.148129E+04  1.349308E+03
        34 -2.264325E+03  2.514341E+03  1.507273E+03
        36  3.456301E+03 -2.030146E+03  4.796830E+03
        37  3.395568E+03  2.120737E+03  4.785818E+03
        40  3.235241E+03  7.724731E+02  7.979408E+03
        41  9.938001E+03  5.242084E+03  1.933446E+03
        44  1.423572E+04  1.891174E+03  3.727098E+03
        45  7.514804E+03  3.135352E+03 -6.196051E+03
        48  1.293254E+04  1.121448E+03 -1.147193E+04
        50  2.175854E+03  7.820980E+02  7.214774E+03
        52  1.366650E+04  1.769212E+03  3.865577E+03
        54  1.349886E+04  9.870462E+02 -1.127609E+04
        56  2.013973E+03  6.411612E+02  7.298512E+03
        58  1.408366E+04  1.314918E+03  3.905322E+03
        60  1.416606E+04  6.900741E+02 -1.166380E+04
        62  1.005726E+04  5.552799E+02  2.439167E+03
        64  1.003468E+04  2.680240E+02 -8.289486E+03
        66  5.462212E+03 -3.497844E-12  1.225560E+03
        68  5.419923E+03  3.216967E-12 -4.502097E+03
        70  1.005726E+04 -5.552799E+02  2.439167E+03
        72  1.003468E+04 -2.680240E+02 -8.289486E+03
        74  2.013973E+03 -6.411612E+02  7.298512E+03
        76  1.408366E+04 -1.314918E+03  3.905322E+03
        78  1.416606E+04 -6.900741E+02 -1.166380E+04
        80  2.175854E+03 -7.820980E+02  7.214774E+03
        82  1.366650E+04 -1.769212E+03  3.865577E+03
        84  1.349886E+04 -9.870462E+02 -1.127609E+04
        86  3.235241E+03 -7.724731E+02  7.979408E+03
        88  1.423572E+04 -1.891174E+03  3.727098E+03
        90  1.293254E+04 -1.121448E+03 -1.147193E+04
        92  3.395568E+03 -2.120737E+03  4.785818E+03
        94  9.938001E+03 -5.242084E+03  1.933446E+03
        96  7.514804E+03 -3.135352E+03 -6.196051E+03

 internal energy (element, energy) for set EALL and time  0.2456250E-01

         1  1.231786E+03
         2  5.708836E+02
         3  2.274741E+02
         4  5.127723E+01
         5  1.403596E+01
         6  1.231786E+03
         7  5.708836E+02
         8  2.274741E+02
         9  5.127723E+01
        10  1.403596E+01
        11  6.997425E+01
        12  1.317225E+02
        13  5.582446E+01
        14  1.167803E+02
        15  5.442620E+01
        16  1.189734E+02
        17  5.898095E+01
        18  1.261132E+02
        19  2.285160E+01
        20  4.761828E+01
        21  2.285160E+01
        22  4.761828E+01
        23  5.898095E+01
        24  1.261132E+02
        25  5.442620E+01
        26  1.189734E+02
        27  5.582446E+01
        28  1.167803E+02
        29  6.997425E+01
        30  1.317225E+02
        31  1.229442E+03
        32  7.018848E+02
        33  2.912538E+02
        34  7.209937E+01
        35  2.549172E+01
        36  1.229442E+03
        37  7.018848E+02
        38  2.912538E+02
        39  7.209937E+01
        40  2.549172E+01
        41  6.113591E+01
        42  1.248815E+02
        43  6.758729E+01
        44  1.337320E+02
        45  6.908423E+01
        46  1.354647E+02
        47  7.445286E+01
        48  1.409337E+02
        49  2.829443E+01
        50  5.233729E+01
        51  2.829443E+01
        52  5.233729E+01
        53  7.445286E+01
        54  1.409337E+02
        55  6.908423E+01
        56  1.354647E+02
        57  6.758729E+01
        58  1.337320E+02
        59  6.113591E+01
        60  1.248815E+02
        61  1.195205E+03
        62  6.762211E+02
        63  2.993502E+02
        64  7.962168E+01
        65  3.003448E+01
        66  1.195205E+03
        67  6.762211E+02
        68  2.993502E+02
        69  7.962168E+01
        70  3.003448E+01
        71  6.092205E+01
        72  1.228785E+02
        73  6.798095E+01
        74  1.319860E+02
        75  7.282878E+01
        76  1.380826E+02
        77  7.692997E+01
        78  1.422168E+02
        79  2.835697E+01
        80  5.203816E+01
        81  2.835697E+01
        82  5.203816E+01
        83  7.692997E+01
        84  1.422168E+02
        85  7.282878E+01
        86  1.380826E+02
        87  6.798095E+01
        88  1.319860E+02
        89  6.092205E+01
        90  1.228785E+02
        91  1.204277E+03
        92  6.692525E+02
        93  2.943807E+02
        94  8.027627E+01
        95  3.097053E+01
        96  1.204277E+03
        97  6.692525E+02
        98  2.943807E+02
        99  8.027627E+01
       100  3.097053E+01
       101  6.662905E+01
       102  1.263694E+02
       103  7.012591E+01
       104  1.308603E+02
       105  7.366558E+01
       106  1.352777E+02
       107  7.687221E+01
       108  1.377817E+02
       109  2.799928E+01
       110  4.990718E+01
       111  2.799928E+01
       112  4.990718E+01
       113  7.687221E+01
       114  1.377817E+02
       115  7.366558E+01
       116  1.352777E+02
       117  7.012591E+01
       118  1.308603E+02
       119  6.662905E+01
       120  1.263694E+02
       121  1.126903E+03
       122  6.227947E+02
       123  2.723790E+02
       124  7.414366E+01
       125  2.837226E+01
       126  1.126903E+03
       127  6.227947E+02
       128  2.723790E+02
       129  7.414366E+01
       130  2.837226E+01
       131  6.475941E+01
       132  1.220922E+02
       133  6.604625E+01
       134  1.234784E+02
       135  6.771607E+01
       136  1.253218E+02
       137  6.999977E+01
       138  1.265057E+02
       139  2.543765E+01
       140  4.573874E+01
       141  2.543765E+01
       142  4.573874E+01
       143  6.999977E+01
       144  1.265057E+02
       145  6.771607E+01
       146  1.253218E+02
       147  6.604625E+01
       148  1.234784E+02
       149  6.475941E+01
       150  1.220922E+02
       151  1.048144E+03
       152  5.789197E+02
       153  2.532231E+02
       154  6.947195E+01
       155  2.682493E+01
       156  1.048144E+03
       157  5.789197E+02
       158  2.532231E+02
       159  6.947195E+01
       160  2.682493E+01
       161  6.157241E+01
       162  1.151199E+02
       163  6.199058E+01
       164  1.152639E+02
       165  6.278583E+01
       166  1.159108E+02
       167  6.457237E+01
       168  1.164300E+02
       169  2.339459E+01
       170  4.201952E+01
       171  2.339459E+01
       172  4.201952E+01
       173  6.457237E+01
       174  1.164300E+02
       175  6.278583E+01
       176  1.159108E+02
       177  6.199058E+01
       178  1.152639E+02
       179  6.157241E+01
       180  1.151199E+02
       181  9.688564E+02
       182  5.356772E+02
       183  2.349286E+02
       184  6.526416E+01
       185  2.572613E+01
       186  9.688564E+02
       187  5.356772E+02
       188  2.349286E+02
       189  6.526416E+01
       190  2.572613E+01
       191  5.752359E+01
       192  1.068011E+02
       193  5.774826E+01
       194  1.067329E+02
       195  5.823207E+01
       196  1.070635E+02
       197  5.978883E+01
       198  1.073701E+02
       199  2.159789E+01
       200  3.869594E+01
       201  2.159789E+01
       202  3.869594E+01
       203  5.978883E+01
       204  1.073701E+02
       205  5.823207E+01
       206  1.070635E+02
       207  5.774826E+01
       208  1.067329E+02
       209  5.752359E+01
       210  1.068011E+02
       211  8.907413E+02
       212  4.930493E+02
       213  2.169401E+02
       214  6.111621E+01
       215  2.471333E+01
       216  8.907413E+02
       217  4.930493E+02
       218  2.169401E+02
       219  6.111621E+01
       220  2.471333E+01
       221  5.321186E+01
       222  9.820493E+01
       223  5.342726E+01
       224  9.821678E+01
       225  5.382527E+01
       226  9.854856E+01
       227  5.529373E+01
       228  9.881270E+01
       229  1.993526E+01
       230  3.557036E+01
       231  1.993526E+01
       232  3.557036E+01
       233  5.529373E+01
       234  9.881270E+01
       235  5.382527E+01
       236  9.854856E+01
       237  5.342726E+01
       238  9.821678E+01
       239  5.321186E+01
       240  9.820493E+01
       241  8.141063E+02
       242  4.511402E+02
       243  1.991768E+02
       244  5.695311E+01
       245  2.368397E+01
       246  8.141063E+02
       247  4.511402E+02
       248  1.991768E+02
       249  5.695311E+01
       250  2.368397E+01
       251  4.886400E+01
       252  8.975883E+01
       253  4.909291E+01
       254  8.985594E+01
       255  4.947021E+01
       256  9.023519E+01
       257  5.090421E+01
       258  9.049971E+01
       259  1.832741E+01
       260  3.254305E+01
       261  1.832741E+01
       262  3.254305E+01
       263  5.090421E+01
       264  9.049971E+01
       265  4.947021E+01
       266  9.023519E+01
       267  4.909291E+01
       268  8.985594E+01
       269  4.886400E+01
       270  8.975883E+01
       271  7.391964E+02
       272  4.101097E+02
       273  1.817181E+02
       274  5.279522E+01
       275  2.261010E+01
       276  7.391964E+02
       277  4.101097E+02
       278  1.817181E+02
       279  5.279522E+01
       280  2.261010E+01
       281  4.457149E+01
       282  8.156834E+01
       283  4.480356E+01
       284  8.170464E+01
       285  4.517062E+01
       286  8.210769E+01
       287  4.658424E+01
       288  8.237162E+01
       289  1.675335E+01
       290  2.958712E+01
       291  1.675335E+01
       292  2.958712E+01
       293  4.658424E+01
       294  8.237162E+01
       295  4.517062E+01
       296  8.210769E+01
       297  4.480356E+01
       298  8.170464E+01
       299  4.457149E+01
       300  8.156834E+01
       301  6.662941E+02
       302  3.701399E+02
       303  1.646607E+02
       304  4.867581E+01
       305  2.149618E+01
       306  6.662941E+02
       307  3.701399E+02
       308  1.646607E+02
       309  4.867581E+01
       310  2.149618E+01
       311  4.036934E+01
       312  7.364383E+01
       313  4.059591E+01
       314  7.378733E+01
       315  4.095101E+01
       316  7.418943E+01
       317  4.234441E+01
       318  7.444308E+01
       319  1.521197E+01
       320  2.670522E+01
       321  1.521197E+01
       322  2.670522E+01
       323  4.234441E+01
       324  7.444308E+01
       325  4.095101E+01
       326  7.418943E+01
       327  4.059591E+01
       328  7.378733E+01
       329  4.036934E+01
       330  7.364383E+01
       331  5.957344E+02
       332  3.314246E+02
       333  1.480968E+02
       334  4.462141E+01
       335  2.034913E+01
       336  5.957344E+02
       337  3.314246E+02
       338  1.480968E+02
       339  4.462141E+01
       340  2.034913E+01
       341  3.628011E+01
       342  6.598808E+01
       343  3.649745E+01
       344  6.612414E+01
       345  3.683821E+01
       346  6.651143E+01
       347  3.820753E+01
       348  6.674816E+01
       349  1.370950E+01
       350  2.390951E+01
       351  1.370950E+01
       352  2.390951E+01
       353  3.820753E+01
       354  6.674816E+01
       355  3.683821E+01
       356  6.651143E+01
       357  3.649745E+01
       358  6.612414E+01
       359  3.628011E+01
       360  6.598808E+01
       361  5.278767E+02
       362  2.941624E+02
       363  1.321123E+02
       364  4.065243E+01
       365  1.917382E+01
       366  5.278767E+02
       367  2.941624E+02
       368  1.321123E+02
       369  4.065243E+01
       370  1.917382E+01
       371  3.232504E+01
       372  5.861764E+01
       373  3.253189E+01
       374  5.874137E+01
       375  3.285676E+01
       376  5.910816E+01
       377  3.419693E+01
       378  5.932542E+01
       379  1.225371E+01
       380  2.121438E+01
       381  1.225371E+01
       382  2.121438E+01
       383  3.419693E+01
       384  5.932542E+01
       385  3.285676E+01
       386  5.910816E+01
       387  3.253189E+01
       388  5.874137E+01
       389  3.232504E+01
       390  5.861764E+01
       391  4.630860E+02
       392  2.585521E+02
       393  1.167906E+02
       394  3.678679E+01
       395  1.797340E+01
       396  4.630860E+02
       397  2.585521E+02
       398  1.167906E+02
       399  3.678679E+01
       400  1.797340E+01
       401  2.852596E+01
       402  5.156161E+01
       403  2.872175E+01
       404  5.167232E+01
       405  2.902963E+01
       406  5.201701E+01
       407  3.033507E+01
       408  5.221470E+01
       409  1.085262E+01
       410  1.863478E+01
       411  1.085262E+01
       412  1.863478E+01
       413  3.033507E+01
       414  5.221470E+01
       415  2.902963E+01
       416  5.201701E+01
       417  2.872175E+01
       418  5.167232E+01
       419  2.852596E+01
       420  5.156161E+01
       421  4.017225E+02
       422  2.247897E+02
       423  1.022135E+02
       424  3.304193E+01
       425  1.675071E+01
       426  4.017225E+02
       427  2.247897E+02
       428  1.022135E+02
       429  3.304193E+01
       430  1.675071E+01
       431  2.490484E+01
       432  4.485627E+01
       433  2.508908E+01
       434  4.495479E+01
       435  2.537907E+01
       436  4.527736E+01
       437  2.664392E+01
       438  4.545654E+01
       439  9.514275E+00
       440  1.618575E+01
       441  9.514275E+00
       442  1.618575E+01
       443  2.664392E+01
       444  4.545654E+01
       445  2.537907E+01
       446  4.527736E+01
       447  2.508908E+01
       448  4.495479E+01
       449  2.490484E+01
       450  4.485627E+01
       451  3.441339E+02
       452  1.930645E+02
       453  8.846015E+01
       454  2.943546E+01
       455  1.550927E+01
       456  3.441339E+02
       457  1.930645E+02
       458  8.846015E+01
       459  2.943546E+01
       460  1.550927E+01
       461  2.148321E+01
       462  3.854054E+01
       463  2.165546E+01
       464  3.862806E+01
       465  2.192682E+01
       466  3.892896E+01
       467  2.314512E+01
       468  3.909109E+01
       469  8.246675E+00
       470  1.388208E+01
       471  8.246675E+00
       472  1.388208E+01
       473  2.314512E+01
       474  3.909109E+01
       475  2.192682E+01
       476  3.892896E+01
       477  2.165546E+01
       478  3.862806E+01
       479  2.148321E+01
       480  3.854054E+01
       481  2.906448E+02
       482  1.635534E+02
       483  7.560583E+01
       484  2.598523E+01
       485  1.425383E+01
       486  2.906448E+02
       487  1.635534E+02
       488  7.560583E+01
       489  2.598523E+01
       490  1.425383E+01
       491  1.828167E+01
       492  3.265263E+01
       493  1.844153E+01
       494  3.273031E+01
       495  1.869377E+01
       496  3.301002E+01
       497  1.985965E+01
       498  3.315677E+01
       499  7.057568E+00
       500  1.173786E+01
       501  7.057568E+00
       502  1.173786E+01
       503  1.985965E+01
       504  3.315677E+01
       505  1.869377E+01
       506  3.301002E+01
       507  1.844153E+01
       508  3.273031E+01
       509  1.828167E+01
       510  3.265263E+01
       511  2.415435E+02
       512  1.364144E+02
       513  6.371877E+01
       514  2.270918E+01
       515  1.299074E+01
       516  2.415435E+02
       517  1.364144E+02
       518  6.371877E+01
       519  2.270918E+01
       520  1.299074E+01
       521  1.531918E+01
       522  2.722761E+01
       523  1.546640E+01
       524  2.729644E+01
       525  1.569931E+01
       526  2.755532E+01
       527  1.680712E+01
       528  2.768844E+01
       529  5.954170E+00
       530  9.765828E+00
       531  5.954170E+00
       532  9.765828E+00
       533  1.680712E+01
       534  2.768844E+01
       535  1.569931E+01
       536  2.755532E+01
       537  1.546640E+01
       538  2.729644E+01
       539  1.531918E+01
       540  2.722761E+01
       541  1.970670E+02
       542  1.117786E+02
       543  5.285745E+01
       544  1.962494E+01
       545  1.172805E+01
       546  1.970670E+02
       547  1.117786E+02
       548  5.285745E+01
       549  1.962494E+01
       550  1.172805E+01
       551  1.261242E+01
       552  2.229544E+01
       553  1.274689E+01
       554  2.235608E+01
       555  1.296051E+01
       556  2.259435E+01
       557  1.400489E+01
       558  2.271560E+01
       559  4.942823E+00
       560  7.976647E+00
       561  4.942823E+00
       562  7.976647E+00
       563  1.400489E+01
       564  2.271560E+01
       565  1.296051E+01
       566  2.259435E+01
       567  1.274689E+01
       568  2.235608E+01
       569  1.261242E+01
       570  2.229544E+01
       571  1.573870E+02
       572  8.974305E+01
       573  4.306752E+01
       574  1.674915E+01
       575  1.047540E+01
       576  1.573870E+02
       577  8.974305E+01
       578  4.306752E+01
       579  1.674915E+01
       580  1.047540E+01
       581  1.017496E+01
       582  1.787905E+01
       583  1.029673E+01
       584  1.793185E+01
       585  1.049126E+01
       586  1.814948E+01
       587  1.146720E+01
       588  1.826053E+01
       589  4.028638E+00
       590  6.378281E+00
       591  4.028638E+00
       592  6.378281E+00
       593  1.146720E+01
       594  1.826053E+01
       595  1.049126E+01
       596  1.814948E+01
       597  1.029673E+01
       598  1.793185E+01
       599  1.017496E+01
       600  1.787905E+01
       601  1.225977E+02
       602  7.036384E+01
       603  3.437878E+01
       604  1.409654E+01
       605  9.243437E+00
       606  1.225977E+02
       607  7.036384E+01
       608  3.437878E+01
       609  1.409654E+01
       610  9.243437E+00
       611  8.016500E+00
       612  1.399264E+01
       613  8.125719E+00
       614  1.403764E+01
       615  8.301430E+00
       616  1.423443E+01
       617  9.204311E+00
       618  1.433685E+01
       619  3.215167E+00
       620  4.975460E+00
       621  3.215167E+00
       622  4.975460E+00
       623  9.204311E+00
       624  1.433685E+01
       625  8.301430E+00
       626  1.423443E+01
       627  8.125719E+00
       628  1.403764E+01
       629  8.016500E+00
       630  1.399264E+01
       631  9.270716E+01
       632  5.365127E+01
       633  2.680257E+01
       634  1.167861E+01
       635  8.043028E+00
       636  9.270716E+01
       637  5.365127E+01
       638  2.680257E+01
       639  1.167861E+01
       640  8.043028E+00
       641  6.142120E+00
       642  1.064027E+01
       643  6.239011E+00
       644  1.067737E+01
       645  6.396180E+00
       646  1.085316E+01
       647  7.221815E+00
       648  1.094850E+01
       649  2.504162E+00
       650  3.769374E+00
       651  2.504162E+00
       652  3.769374E+00
       653  7.221815E+00
       654  1.094850E+01
       655  6.396180E+00
       656  1.085316E+01
       657  6.239011E+00
       658  1.067737E+01
       659  6.142120E+00
       660  1.064027E+01
       661  6.763329E+01
       662  3.956666E+01
       663  2.032969E+01
       664  9.502332E+00
       665  6.884236E+00
       666  6.763329E+01
       667  3.956666E+01
       668  2.032969E+01
       669  9.502332E+00
       670  6.884236E+00
       671  4.551646E+00
       672  7.814971E+00
       673  4.636451E+00
       674  7.844337E+00
       675  4.775343E+00
       676  7.999353E+00
       677  5.520191E+00
       678  8.089354E+00
       679  1.895428E+00
       680  2.757591E+00
       681  1.895428E+00
       682  2.757591E+00
       683  5.520191E+00
       684  8.089354E+00
       685  4.775343E+00
       686  7.999353E+00
       687  4.636451E+00
       688  7.844337E+00
       689  4.551646E+00
       690  7.814971E+00
       691  4.720245E+01
       692  2.802089E+01
       693  1.492908E+01
       694  7.569123E+00
       695  5.775580E+00
       696  4.720245E+01
       697  2.802089E+01
       698  1.492908E+01
       699  7.569123E+00
       700  5.775580E+00
       701  3.239121E+00
       702  5.498841E+00
       703  3.312064E+00
       704  5.521268E+00
       705  3.433022E+00
       706  5.656574E+00
       707  4.094497E+00
       708  5.743464E+00
       709  1.386791E+00
       710  1.934125E+00
       711  1.386791E+00
       712  1.934125E+00
       713  4.094497E+00
       714  5.743464E+00
       715  3.433022E+00
       716  5.656574E+00
       717  3.312064E+00
       718  5.521268E+00
       719  3.239121E+00
       720  5.498841E+00
       721  3.114919E+01
       722  1.887363E+01
       723  1.054736E+01
       724  5.874726E+00
       725  4.724102E+00
       726  3.114919E+01
       727  1.887363E+01
       728  1.054736E+01
       729  5.874726E+00
       730  4.724102E+00
       731  2.192479E+00
       732  3.664064E+00
       733  2.253718E+00
       734  3.681147E+00
       735  2.357292E+00
       736  3.798790E+00
       737  2.934149E+00
       738  3.885274E+00
       739  9.741175E-01
       740  1.289452E+00
       741  9.741175E-01
       742  1.289452E+00
       743  2.934149E+00
       744  3.885274E+00
       745  2.357292E+00
       746  3.798790E+00
       747  2.253718E+00
       748  3.681147E+00
       749  2.192479E+00
       750  3.664064E+00
       751  1.911386E+01
       752  1.193232E+01
       753  7.109277E+00
       754  4.410564E+00
       755  3.736819E+00
       756  1.911386E+01
       757  1.193232E+01
       758  7.109277E+00
       759  4.410564E+00
       760  3.736819E+00
       761  1.393436E+00
       762  2.274314E+00
       763  1.443003E+00
       764  2.288004E+00
       765  1.530015E+00
       766  2.390537E+00
       767  2.022655E+00
       768  2.479332E+00
       769  6.513082E-01
       770  8.101953E-01
       771  6.513082E-01
       772  8.101953E-01
       773  2.022655E+00
       774  2.479332E+00
       775  1.530015E+00
       776  2.390537E+00
       777  1.443003E+00
       778  2.288004E+00
       779  1.393436E+00
       780  2.274314E+00
       781  1.063792E+01
       782  6.951111E+00
       783  4.519226E+00
       784  3.166589E+00
       785  2.823677E+00
       786  1.063792E+01
       787  6.951111E+00
       788  4.519226E+00
       789  3.166589E+00
       790  2.823677E+00
       791  8.174225E-01
       792  1.284932E+00
       793  8.552917E-01
       794  1.296535E+00
       795  9.268208E-01
       796  1.386012E+00
       797  1.337392E+00
       798  1.478880E+00
       799  4.102054E-01
       800  4.783800E-01
       801  4.102054E-01
       802  4.783800E-01
       803  1.337392E+00
       804  1.478880E+00
       805  9.268208E-01
       806  1.386012E+00
       807  8.552917E-01
       808  1.296535E+00
       809  8.174225E-01
       810  1.284932E+00
       811  5.161919E+00
       812  3.632089E+00
       813  2.663824E+00
       814  2.134405E+00
       815  2.000600E+00
       816  5.161919E+00
       817  3.632089E+00
       818  2.663824E+00
       819  2.134405E+00
       820  2.000600E+00
       821  4.330671E-01
       822  6.402312E-01
       823  4.597792E-01
       824  6.498372E-01
       825  5.175590E-01
       826  7.273395E-01
       827  8.502992E-01
       828  8.244425E-01
       829  2.405177E-01
       830  2.707932E-01
       831  2.405177E-01
       832  2.707932E-01
       833  8.502992E-01
       834  8.244425E-01
       835  5.175590E-01
       836  7.273395E-01
       837  4.597792E-01
       838  6.498372E-01
       839  4.330671E-01
       840  6.402312E-01
       841  2.037894E+00
       842  1.634123E+00
       843  1.416454E+00
       844  1.307910E+00
       845  1.290096E+00
       846  2.037894E+00
       847  1.634123E+00
       848  1.416454E+00
       849  1.307910E+00
       850  1.290096E+00
       851  2.015491E-01
       852  2.694757E-01
       853  2.199467E-01
       854  2.770901E-01
       855  2.677945E-01
       856  3.443396E-01
       857  5.307260E-01
       858  4.447661E-01
       859  1.300354E-01
       860  1.595831E-01
       861  1.300354E-01
       862  1.595831E-01
       863  5.307260E-01
       864  4.447661E-01
       865  2.677945E-01
       866  3.443396E-01
       867  2.199467E-01
       868  2.770901E-01
       869  2.015491E-01
       870  2.694757E-01
       871  5.695133E-01
       872  5.899674E-01
       873  6.407141E-01
       874  6.841799E-01
       875  7.189407E-01
       876  5.695133E-01
       877  5.899674E-01
       878  6.407141E-01
       879  6.841799E-01
       880  7.189407E-01
       881  7.796638E-02
       882  8.838915E-02
       883  9.589206E-02
       884  9.766656E-02
       885  1.401662E-01
       886  1.590048E-01
       887  3.469158E-01
       888  2.619389E-01
       889  6.505373E-02
       890  1.148417E-01
       891  6.505373E-02
       892  1.148417E-01
       893  3.469158E-01
       894  2.619389E-01
       895  1.401662E-01
       896  1.590048E-01
       897  9.589206E-02
       898  9.766656E-02
       899  7.796638E-02
       900  8.838915E-02
       901  8.237767E-02
       902  1.394929E-01
       903  2.049540E-01
       904  2.667318E-01
       905  3.259498E-01
       906  8.237767E-02
       907  1.394929E-01
       908  2.049540E-01
       909  2.667318E-01
       910  3.259498E-01
       911  2.180130E-02
       912  1.746543E-02
       913  4.321215E-02
       914  3.135542E-02
       915  9.206550E-02
       916  9.594728E-02
       917  2.703993E-01
       918  2.068186E-01
       919  3.128690E-02
       920  1.118292E-01
       921  3.128690E-02
       922  1.118292E-01
       923  2.703993E-01
       924  2.068186E-01
       925  9.206550E-02
       926  9.594728E-02
       927  4.321215E-02
       928  3.135542E-02
       929  2.180130E-02
       930  1.746543E-02
       931  2.584222E-03
       932  8.196774E-03
       933  1.912102E-02
       934  3.988144E-02
       935  9.123343E-02
       936  2.584222E-03
       937  8.196774E-03
       938  1.912102E-02
       939  3.988144E-02
       940  9.123343E-02
       941  3.208012E-03
       942  1.601508E-03
       943  1.688533E-02
       944  1.143984E-02
       945  5.970495E-02
       946  7.882270E-02
       947  2.303012E-01
       948  2.357923E-01
       949  1.819761E-02
       950  1.563127E-01
       951  1.819761E-02
       952  1.563127E-01
       953  2.303012E-01
       954  2.357923E-01
       955  5.970495E-02
       956  7.882270E-02
       957  1.688533E-02
       958  1.143984E-02
       959  3.208012E-03
       960  1.601508E-03

                                INCREMENT    20


 displacements (vx,vy,vz) for set TIP_TOP and time  0.3456250E-01

      1559 -5.867579E-01  1.537969E-03  1.843511E+01
      1560 -5.868016E-01  1.523355E-03  1.843178E+01
      1563 -5.868524E-01  1.417260E-03  1.842853E+01
      1566 -5.869337E-01  1.070315E-03  1.842573E+01
      1568 -5.870118E-01  3.934152E-04  1.842407E+01
      1570 -5.870112E-01 -9.296780E-14  1.842394E+01
      1572 -5.870118E-01 -3.934152E-04  1.842407E+01
      1575 -5.869337E-01 -1.070315E-03  1.842573E+01
      1578 -5.868524E-01 -1.417260E-03  1.842853E+01
      1581 -5.868016E-01 -1.523355E-03  1.843178E+01
      1584 -5.867579E-01 -1.537969E-03  1.843511E+01

 forces (fx,fy,fz) for set CLAMP and time  0.3456250E-01

         1 -3.501594E+04 -3.636139E+04 -1.511611E+04
         4 -6.347713E+04  3.960376E-10 -3.018057E+04
         5 -4.562116E+04 -5.551812E+04  1.399830E+02
         8 -8.051170E+04  6.791529E-10  1.713887E+02
         9 -3.039294E+04 -3.633167E+04  1.227750E+03
        12 -5.317775E+04  5.240440E-10  2.350607E+03
        13 -1.696952E+04 -1.999971E+04  2.307275E+03
        16 -2.957767E+04  3.586252E-10  4.489410E+03
        17 -3.908548E+03 -4.342153E+03  2.583135E+03
        20 -6.704948E+03  1.808744E-10  5.095122E+03
        21  6.031973E+03  3.576914E+03  8.356947E+03
        24  7.938770E+03  1.582795E-11  3.428912E+03
        26 -3.501594E+04  3.636139E+04 -1.511611E+04
        28 -4.562116E+04  5.551812E+04  1.399830E+02
        30 -3.039294E+04  3.633167E+04  1.227750E+03
        32 -1.696952E+04  1.999971E+04  2.307275E+03
        34 -3.908548E+03  4.342153E+03  2.583135E+03
        36  6.031973E+03 -3.576914E+03  8.356947E+03
        37  5.965277E+03  3.706886E+03  8.374455E+03
        40  5.686539E+03  1.347057E+03  1.395517E+04
        41  1.736290E+04  9.160684E+03  3.377120E+03
        44  2.486557E+04  3.314904E+03  6.512663E+03
        45  1.309535E+04  5.478031E+03 -1.081075E+04
        48  2.255292E+04  1.972412E+03 -2.002668E+04
        50  3.790461E+03  1.366235E+03  1.260801E+04
        52  2.388306E+04  3.109346E+03  6.767160E+03
        54  2.360107E+04  1.742629E+03 -1.971152E+04
        56  3.467314E+03  1.127608E+03  1.275164E+04
        58  2.463776E+04  2.324172E+03  6.840954E+03
        60  2.483551E+04  1.225839E+03 -2.042778E+04
        62  1.762032E+04  9.875766E+02  4.258876E+03
        64  1.762883E+04  4.787248E+02 -1.454269E+04
        66  9.575056E+03  2.827628E-11  2.133814E+03
        68  9.528008E+03  3.423708E-11 -7.903563E+03
        70  1.762032E+04 -9.875766E+02  4.258876E+03
        72  1.762883E+04 -4.787248E+02 -1.454269E+04
        74  3.467314E+03 -1.127608E+03  1.275164E+04
        76  2.463776E+04 -2.324172E+03  6.840954E+03
        78  2.483551E+04 -1.225839E+03 -2.042778E+04
        80  3.790461E+03 -1.366235E+03  1.260801E+04
        82  2.388306E+04 -3.109346E+03  6.767160E+03
        84  2.360107E+04 -1.742629E+03 -1.971152E+04
        86  5.686539E+03 -1.347057E+03  1.395517E+04
        88  2.486557E+04 -3.314904E+03  6.512663E+03
        90  2.255292E+04 -1.972412E+03 -2.002668E+04
        92  5.965277E+03 -3.706886E+03  8.374455E+03
        94  1.736290E+04 -9.160684E+03  3.377120E+03
        96  1.309535E+04 -5.478031E+03 -1.081075E+04

 internal energy (element, energy) for set EALL and time  0.3456250E-01

         1  3.761061E+03
         2  1.739759E+03
         3  6.919866E+02
         4  1.555793E+02
         5  4.325158E+01
         6  3.761061E+03
         7  1.739759E+03
         8  6.919866E+02
         9  1.555793E+02
        10  4.325158E+01
        11  2.136247E+02
        12  4.016391E+02
        13  1.704183E+02
        14  3.566199E+02
        15  1.663392E+02
        16  3.641813E+02
        17  1.808107E+02
        18  3.870250E+02
        19  7.020183E+01
        20  1.463146E+02
        21  7.020183E+01
        22  1.463146E+02
        23  1.808107E+02
        24  3.870250E+02
        25  1.663392E+02
        26  3.641813E+02
        27  1.704183E+02
        28  3.566199E+02
        29  2.136247E+02
        30  4.016391E+02
        31  3.745001E+03
        32  2.136780E+03
        33  8.861106E+02
        34  2.197072E+02
        35  7.905740E+01
        36  3.745001E+03
        37  2.136780E+03
        38  8.861106E+02
        39  2.197072E+02
        40  7.905740E+01
        41  1.862849E+02
        42  3.809888E+02
        43  2.061512E+02
        44  4.083311E+02
        45  2.110470E+02
        46  4.139386E+02
        47  2.279741E+02
        48  4.309068E+02
        49  8.672052E+01
        50  1.600256E+02
        51  8.672052E+01
        52  1.600256E+02
        53  2.279741E+02
        54  4.309068E+02
        55  2.110470E+02
        56  4.139386E+02
        57  2.061512E+02
        58  4.083311E+02
        59  1.862849E+02
        60  3.809888E+02
        61  3.633162E+03
        62  2.055039E+03
        63  9.097774E+02
        64  2.427346E+02
        65  9.309844E+01
        66  3.633162E+03
        67  2.055039E+03
        68  9.097774E+02
        69  2.427346E+02
        70  9.309844E+01
        71  1.854341E+02
        72  3.745617E+02
        73  2.071422E+02
        74  4.024320E+02
        75  2.221807E+02
        76  4.211572E+02
        77  2.350679E+02
        78  4.338922E+02
        79  8.669357E+01
        80  1.587323E+02
        81  8.669357E+01
        82  1.587323E+02
        83  2.350679E+02
        84  4.338922E+02
        85  2.221807E+02
        86  4.211572E+02
        87  2.071422E+02
        88  4.024320E+02
        89  1.854341E+02
        90  3.745617E+02
        91  3.653000E+03
        92  2.029685E+03
        93  8.930025E+02
        94  2.444345E+02
        95  9.588488E+01
        96  3.653000E+03
        97  2.029685E+03
        98  8.930025E+02
        99  2.444345E+02
       100  9.588488E+01
       101  2.025500E+02
       102  3.845037E+02
       103  2.133306E+02
       104  3.982017E+02
       105  2.242864E+02
       106  4.117370E+02
       107  2.343843E+02
       108  4.194578E+02
       109  8.539870E+01
       110  1.518958E+02
       111  8.539870E+01
       112  1.518958E+02
       113  2.343843E+02
       114  4.194578E+02
       115  2.242864E+02
       116  4.117370E+02
       117  2.133306E+02
       118  3.982017E+02
       119  2.025500E+02
       120  3.845037E+02
       121  3.410158E+03
       122  1.884396E+03
       123  8.244851E+02
       124  2.254249E+02
       125  8.779160E+01
       126  3.410158E+03
       127  1.884396E+03
       128  8.244851E+02
       129  2.254249E+02
       130  8.779160E+01
       131  1.965098E+02
       132  3.706131E+02
       133  2.005176E+02
       134  3.748380E+02
       135  2.057200E+02
       136  3.805015E+02
       137  2.129559E+02
       138  3.841657E+02
       139  7.738799E+01
       140  1.388520E+02
       141  7.738799E+01
       142  1.388520E+02
       143  2.129559E+02
       144  3.841657E+02
       145  2.057200E+02
       146  3.805015E+02
       147  2.005176E+02
       148  3.748380E+02
       149  1.965098E+02
       150  3.706131E+02
       151  3.163489E+03
       152  1.747150E+03
       153  7.646737E+02
       154  2.108677E+02
       155  8.294494E+01
       156  3.163489E+03
       157  1.747150E+03
       158  7.646737E+02
       159  2.108677E+02
       160  8.294494E+01
       161  1.864222E+02
       162  3.484981E+02
       163  1.877750E+02
       164  3.489576E+02
       165  1.902902E+02
       166  3.509836E+02
       167  1.959894E+02
       168  3.526137E+02
       169  7.098635E+01
       170  1.272076E+02
       171  7.098635E+01
       172  1.272076E+02
       173  1.959894E+02
       174  3.526137E+02
       175  1.902902E+02
       176  3.509836E+02
       177  1.877750E+02
       178  3.489576E+02
       179  1.864222E+02
       180  3.484981E+02
       181  2.915667E+03
       182  1.612063E+03
       183  7.075591E+02
       184  1.977293E+02
       185  7.947287E+01
       186  2.915667E+03
       187  1.612063E+03
       188  7.075591E+02
       189  1.977293E+02
       190  7.947287E+01
       191  1.737117E+02
       192  3.223481E+02
       193  1.744704E+02
       194  3.221756E+02
       195  1.760237E+02
       196  3.232462E+02
       197  1.810041E+02
       198  3.242237E+02
       199  6.535181E+01
       200  1.167930E+02
       201  6.535181E+01
       202  1.167930E+02
       203  1.810041E+02
       204  3.242237E+02
       205  1.760237E+02
       206  3.232462E+02
       207  1.744704E+02
       208  3.221756E+02
       209  1.737117E+02
       210  3.223481E+02
       211  2.671974E+03
       212  1.479142E+03
       213  6.514839E+02
       214  1.847794E+02
       215  7.624822E+01
       216  2.671974E+03
       217  1.479142E+03
       218  6.514839E+02
       219  1.847794E+02
       220  7.624822E+01
       221  1.602237E+02
       222  2.954454E+02
       223  1.609458E+02
       224  2.955185E+02
       225  1.622242E+02
       226  2.965908E+02
       227  1.669138E+02
       228  2.974297E+02
       229  6.013813E+01
       230  1.070058E+02
       231  6.013813E+01
       232  1.070058E+02
       233  1.669138E+02
       234  2.974297E+02
       235  1.622242E+02
       236  2.965908E+02
       237  1.609458E+02
       238  2.955185E+02
       239  1.602237E+02
       240  2.954454E+02
       241  2.433482E+03
       242  1.348781E+03
       243  5.962341E+02
       244  1.717930E+02
       245  7.295245E+01
       246  2.433482E+03
       247  1.348781E+03
       248  5.962341E+02
       249  1.717930E+02
       250  7.295245E+01
       251  1.466617E+02
       252  2.690968E+02
       253  1.474133E+02
       254  2.694233E+02
       255  1.486132E+02
       256  2.706293E+02
       257  1.531721E+02
       258  2.714554E+02
       259  5.510433E+01
       260  9.754602E+01
       261  5.510433E+01
       262  9.754602E+01
       263  1.531721E+02
       264  2.714554E+02
       265  1.486132E+02
       266  2.706293E+02
       267  1.474133E+02
       268  2.694233E+02
       269  1.466617E+02
       270  2.690968E+02
       271  2.201086E+03
       272  1.221540E+03
       273  5.420818E+02
       274  1.588367E+02
       275  6.949992E+01
       276  2.201086E+03
       277  1.221540E+03
       278  5.420818E+02
       279  1.588367E+02
       280  6.949992E+01
       281  1.333133E+02
       282  2.436271E+02
       283  1.340615E+02
       284  2.440636E+02
       285  1.352139E+02
       286  2.453274E+02
       287  1.396821E+02
       288  2.461355E+02
       289  5.018940E+01
       290  8.833790E+01
       291  5.018940E+01
       292  8.833790E+01
       293  1.396821E+02
       294  2.461355E+02
       295  1.352139E+02
       296  2.453274E+02
       297  1.340615E+02
       298  2.440636E+02
       299  1.333133E+02
       300  2.436271E+02
       301  1.975783E+03
       302  1.098048E+03
       303  4.893502E+02
       304  1.460173E+02
       305  6.590637E+01
       306  1.975783E+03
       307  1.098048E+03
       308  4.893502E+02
       309  1.460173E+02
       310  6.590637E+01
       311  1.202923E+02
       312  2.190752E+02
       313  1.210108E+02
       314  2.195244E+02
       315  1.221109E+02
       316  2.207703E+02
       317  1.264869E+02
       318  2.215315E+02
       319  4.539337E+01
       320  7.939611E+01
       321  4.539337E+01
       322  7.939611E+01
       323  1.264869E+02
       324  2.215315E+02
       325  1.221109E+02
       326  2.207703E+02
       327  1.210108E+02
       328  2.195244E+02
       329  1.202923E+02
       330  2.190752E+02
       331  1.758712E+03
       332  9.789558E+02
       333  4.383449E+02
       334  1.334222E+02
       335  6.219658E+01
       336  1.758712E+03
       337  9.789558E+02
       338  4.383449E+02
       339  1.334222E+02
       340  6.219658E+01
       341  1.076737E+02
       342  1.954596E+02
       343  1.083519E+02
       344  1.958787E+02
       345  1.093938E+02
       346  1.970660E+02
       347  1.136651E+02
       348  1.977624E+02
       349  4.073843E+01
       350  7.076338E+01
       351  4.073843E+01
       352  7.076338E+01
       353  1.136651E+02
       354  1.977624E+02
       355  1.093938E+02
       356  1.970660E+02
       357  1.083519E+02
       358  1.958787E+02
       359  1.076737E+02
       360  1.954596E+02
       361  1.551050E+03
       362  8.649118E+02
       363  3.893481E+02
       364  1.211214E+02
       365  5.839078E+01
       366  1.551050E+03
       367  8.649118E+02
       368  3.893481E+02
       369  1.211214E+02
       370  5.839078E+01
       371  9.552683E+01
       372  1.728407E+02
       373  9.616212E+01
       374  1.732166E+02
       375  9.714299E+01
       376  1.743302E+02
       377  1.012946E+02
       378  1.749568E+02
       379  3.625079E+01
       380  6.248779E+01
       381  3.625079E+01
       382  6.248779E+01
       383  1.012946E+02
       384  1.749568E+02
       385  9.714299E+01
       386  1.743302E+02
       387  9.616212E+01
       388  1.732166E+02
       389  9.552683E+01
       390  1.728407E+02
       391  1.353942E+03
       392  7.565421E+02
       393  3.426257E+02
       394  1.091775E+02
       395  5.450595E+01
       396  1.353942E+03
       397  7.565421E+02
       398  3.426257E+02
       399  1.091775E+02
       400  5.450595E+01
       401  8.392063E+01
       402  1.513134E+02
       403  8.451295E+01
       404  1.516455E+02
       405  8.543194E+01
       406  1.526823E+02
       407  8.944816E+01
       408  1.532422E+02
       409  3.195646E+01
       410  5.461679E+01
       411  3.195646E+01
       412  5.461679E+01
       413  8.944816E+01
       414  1.532422E+02
       415  8.543194E+01
       416  1.526823E+02
       417  8.451295E+01
       418  1.516455E+02
       419  8.392063E+01
       420  1.513134E+02
       421  1.168465E+03
       422  6.544354E+02
       423  2.984285E+02
       424  9.765160E+01
       425  5.055979E+01
       426  1.168465E+03
       427  6.544354E+02
       428  2.984285E+02
       429  9.765160E+01
       430  5.055979E+01
       431  7.292214E+01
       432  1.309886E+02
       433  7.347192E+01
       434  1.312801E+02
       435  7.432893E+01
       436  1.322418E+02
       437  7.819393E+01
       438  1.327410E+02
       439  2.788033E+01
       440  4.719548E+01
       441  2.788033E+01
       442  4.719548E+01
       443  7.819393E+01
       444  1.327410E+02
       445  7.432893E+01
       446  1.322418E+02
       447  7.347192E+01
       448  1.312801E+02
       449  7.292214E+01
       450  1.309886E+02
       451  9.955975E+02
       452  5.591292E+02
       453  2.569890E+02
       454  8.660418E+01
       455  4.657273E+01
       456  9.955975E+02
       457  5.591292E+02
       458  2.569890E+02
       459  8.660418E+01
       460  4.657273E+01
       461  6.259438E+01
       462  1.119779E+02
       463  6.310217E+01
       464  1.122326E+02
       465  6.389751E+01
       466  1.131215E+02
       467  6.759568E+01
       468  1.135669E+02
       469  2.404572E+01
       470  4.026530E+01
       471  2.404572E+01
       472  4.026530E+01
       473  6.759568E+01
       474  1.135669E+02
       475  6.389751E+01
       476  1.131215E+02
       477  6.310217E+01
       478  1.122326E+02
       479  6.259438E+01
       480  1.119779E+02
       481  8.361882E+02
       482  4.710940E+02
       483  2.185146E+02
       484  7.609395E+01
       485  4.256847E+01
       486  8.361882E+02
       487  4.710940E+02
       488  2.185146E+02
       489  7.609395E+01
       490  4.256847E+01
       491  5.299467E+01
       492  9.438301E+01
       493  5.346114E+01
       494  9.460425E+01
       495  5.419545E+01
       496  9.542232E+01
       497  5.771155E+01
       498  9.582088E+01
       499  2.047376E+01
       500  3.386284E+01
       501  2.047376E+01
       502  3.386284E+01
       503  5.771155E+01
       504  9.582088E+01
       505  5.419545E+01
       506  9.542232E+01
       507  5.346114E+01
       508  9.460425E+01
       509  5.299467E+01
       510  9.438301E+01
       511  6.909302E+02
       512  3.907175E+02
       513  1.831807E+02
       514  6.617619E+01
       515  3.857352E+01
       516  6.909302E+02
       517  3.907175E+02
       518  1.831807E+02
       519  6.617619E+01
       520  3.857352E+01
       521  4.417294E+01
       522  7.828953E+01
       523  4.459888E+01
       524  7.847994E+01
       525  4.527300E+01
       526  7.922890E+01
       527  4.859235E+01
       528  7.958721E+01
       529  1.718275E+01
       530  2.801840E+01
       531  1.718275E+01
       532  2.801840E+01
       533  4.859235E+01
       534  7.958721E+01
       535  4.527300E+01
       536  7.922890E+01
       537  4.459888E+01
       538  7.847994E+01
       539  4.417294E+01
       540  7.828953E+01
       541  5.603322E+02
       542  3.182890E+02
       543  1.511240E+02
       544  5.690068E+01
       545  3.461629E+01
       546  5.603322E+02
       547  3.182890E+02
       548  1.511240E+02
       549  5.690068E+01
       550  3.461629E+01
       551  3.616999E+01
       552  6.376259E+01
       553  3.655623E+01
       554  6.392450E+01
       555  3.717112E+01
       556  6.460594E+01
       557  4.027975E+01
       558  6.493049E+01
       559  1.418750E+01
       560  2.275498E+01
       561  1.418750E+01
       562  2.275498E+01
       563  4.027975E+01
       564  6.493049E+01
       565  3.717112E+01
       566  6.460594E+01
       567  3.655623E+01
       568  6.392450E+01
       569  3.616999E+01
       570  6.376259E+01
       571  4.446959E+02
       572  2.539872E+02
       573  1.224364E+02
       574  4.830947E+01
       575  3.072597E+01
       576  4.446959E+02
       577  2.539872E+02
       578  1.224364E+02
       579  4.830947E+01
       580  3.072597E+01
       581  2.901571E+01
       582  5.084421E+01
       583  2.936311E+01
       584  5.098000E+01
       585  2.991976E+01
       586  5.159582E+01
       587  3.280466E+01
       588  5.189299E+01
       589  1.149874E+01
       590  1.808737E+01
       591  1.149874E+01
       592  1.808737E+01
       593  3.280466E+01
       594  5.189299E+01
       595  2.991976E+01
       596  5.159582E+01
       597  2.936311E+01
       598  5.098000E+01
       599  2.901571E+01
       600  5.084421E+01
       601  3.440977E+02
       602  1.978685E+02
       603  9.715954E+01
       604  4.043493E+01
       605  2.693147E+01
       606  3.440977E+02
       607  1.978685E+02
       608  9.715954E+01
       609  4.043493E+01
       610  2.693147E+01
       611  2.272744E+01
       612  3.955158E+01
       613  2.303680E+01
       614  3.966400E+01
       615  2.353628E+01
       616  4.021674E+01
       617  2.618582E+01
       618  4.049296E+01
       619  9.122705E+00
       620  1.402150E+01
       621  9.122705E+00
       622  1.402150E+01
       623  2.618582E+01
       624  4.049296E+01
       625  2.353628E+01
       626  4.021674E+01
       627  2.303680E+01
       628  3.966400E+01
       629  2.272744E+01
       630  3.955158E+01
       631  2.583731E+02
       632  1.498584E+02
       633  7.528042E+01
       634  3.329832E+01
       635  2.326082E+01
       636  2.583731E+02
       637  1.498584E+02
       638  7.528042E+01
       639  3.329832E+01
       640  2.326082E+01
       641  1.730849E+01
       642  2.987608E+01
       643  1.758055E+01
       644  2.996838E+01
       645  1.802409E+01
       646  3.046139E+01
       647  2.042856E+01
       648  3.072305E+01
       649  7.060753E+00
       650  1.055387E+01
       651  7.060753E+00
       652  1.055387E+01
       653  2.042856E+01
       654  3.072305E+01
       655  1.802409E+01
       656  3.046139E+01
       657  1.758055E+01
       658  2.996838E+01
       659  1.730849E+01
       660  2.987608E+01
       661  1.871033E+02
       662  1.097430E+02
       663  5.672842E+01
       664  2.690933E+01
       665  1.974133E+01
       666  1.871033E+02
       667  1.097430E+02
       668  5.672842E+01
       669  2.690933E+01
       670  1.974133E+01
       671  1.274680E+01
       672  2.178248E+01
       673  1.298229E+01
       674  2.185826E+01
       675  1.337145E+01
       676  2.229551E+01
       677  1.552367E+01
       678  2.254877E+01
       679  5.308999E+00
       680  7.670851E+00
       681  5.308999E+00
       682  7.670851E+00
       683  1.552367E+01
       684  2.254877E+01
       685  1.337145E+01
       686  2.229551E+01
       687  1.298229E+01
       688  2.185826E+01
       689  1.274680E+01
       690  2.178248E+01
       691  1.296010E+02
       692  7.716271E+01
       693  4.137284E+01
       694  2.126652E+01
       695  1.640057E+01
       696  1.296010E+02
       697  7.716271E+01
       698  4.137284E+01
       699  2.126652E+01
       700  1.640057E+01
       701  9.013858E+00
       702  1.520775E+01
       703  9.213550E+00
       704  1.527043E+01
       705  9.550350E+00
       706  1.565606E+01
       707  1.144626E+01
       708  1.590633E+01
       709  3.857927E+00
       710  5.347884E+00
       711  3.857927E+00
       712  5.347884E+00
       713  1.144626E+01
       714  1.590633E+01
       715  9.550350E+00
       716  1.565606E+01
       717  9.213550E+00
       718  1.527043E+01
       719  9.013858E+00
       720  1.520775E+01
       721  8.489970E+01
       722  5.160650E+01
       723  2.902190E+01
       724  1.635838E+01
       725  1.326772E+01
       726  8.489970E+01
       727  5.160650E+01
       728  2.902190E+01
       729  1.635838E+01
       730  1.326772E+01
       731  6.063727E+00
       732  1.005896E+01
       733  6.228564E+00
       734  1.011115E+01
       735  6.515479E+00
       736  1.044889E+01
       737  8.154689E+00
       738  1.070031E+01
       739  2.691958E+00
       740  3.548481E+00
       741  2.691958E+00
       742  3.548481E+00
       743  8.154689E+00
       744  1.070031E+01
       745  6.515479E+00
       746  1.044889E+01
       747  6.228564E+00
       748  1.011115E+01
       749  6.063727E+00
       750  1.005896E+01
       751  5.175134E+01
       752  3.241184E+01
       753  1.942314E+01
       754  1.216431E+01
       755  1.037469E+01
       756  5.175134E+01
       757  3.241184E+01
       758  1.942314E+01
       759  1.216431E+01
       760  1.037469E+01
       761  3.832436E+00
       762  6.210687E+00
       763  3.963647E+00
       764  6.253837E+00
       765  4.203596E+00
       766  6.546680E+00
       767  5.590037E+00
       768  6.801960E+00
       769  1.789146E+00
       770  2.223659E+00
       771  1.789146E+00
       772  2.223659E+00
       773  5.590037E+00
       774  6.801960E+00
       775  4.203596E+00
       776  6.546680E+00
       777  3.963647E+00
       778  6.253837E+00
       779  3.832436E+00
       780  6.210687E+00
       781  2.864207E+01
       782  1.877301E+01
       783  1.226657E+01
       784  8.655051E+00
       785  7.756466E+00
       786  2.864207E+01
       787  1.877301E+01
       788  1.226657E+01
       789  8.655051E+00
       790  7.756466E+00
       791  2.238030E+00
       792  3.504241E+00
       793  2.337354E+00
       794  3.538630E+00
       795  2.533817E+00
       796  3.789332E+00
       797  3.676824E+00
       798  4.050014E+00
       799  1.121312E+00
       800  1.312316E+00
       801  1.121312E+00
       802  1.312316E+00
       803  3.676824E+00
       804  4.050014E+00
       805  2.533817E+00
       806  3.789332E+00
       807  2.337354E+00
       808  3.538630E+00
       809  2.238030E+00
       810  3.504241E+00
       811  1.383403E+01
       812  9.763255E+00
       813  7.192805E+00
       814  5.793108E+00
       815  5.450599E+00
       816  1.383403E+01
       817  9.763255E+00
       818  7.192805E+00
       819  5.793108E+00
       820  5.450599E+00
       821  1.181410E+00
       822  1.750650E+00
       823  1.251992E+00
       824  1.776485E+00
       825  1.410356E+00
       826  1.989132E+00
       827  2.326994E+00
       828  2.256430E+00
       829  6.549585E-01
       830  7.431873E-01
       831  6.549585E-01
       832  7.431873E-01
       833  2.326994E+00
       834  2.256430E+00
       835  1.410356E+00
       836  1.989132E+00
       837  1.251992E+00
       838  1.776485E+00
       839  1.181410E+00
       840  1.750650E+00
       841  5.435927E+00
       842  4.375564E+00
       843  3.810845E+00
       844  3.534047E+00
       845  3.496751E+00
       846  5.435927E+00
       847  4.375564E+00
       848  3.810845E+00
       849  3.534047E+00
       850  3.496751E+00
       851  5.482284E-01
       852  7.379043E-01
       853  5.978346E-01
       854  7.576810E-01
       855  7.289341E-01
       856  9.409435E-01
       857  1.448417E+00
       858  1.216167E+00
       859  3.530236E-01
       860  4.381397E-01
       861  3.530236E-01
       862  4.381397E-01
       863  1.448417E+00
       864  1.216167E+00
       865  7.289341E-01
       866  9.409435E-01
       867  5.978346E-01
       868  7.576810E-01
       869  5.482284E-01
       870  7.379043E-01
       871  1.508667E+00
       872  1.573066E+00
       873  1.717747E+00
       874  1.841751E+00
       875  1.941534E+00
       876  1.508667E+00
       877  1.573066E+00
       878  1.717747E+00
       879  1.841751E+00
       880  1.941534E+00
       881  2.125173E-01
       882  2.400733E-01
       883  2.609019E-01
       884  2.652657E-01
       885  3.819518E-01
       886  4.333744E-01
       887  9.472576E-01
       888  7.165660E-01
       889  1.762203E-01
       890  3.159406E-01
       891  1.762203E-01
       892  3.159406E-01
       893  9.472576E-01
       894  7.165660E-01
       895  3.819518E-01
       896  4.333744E-01
       897  2.609019E-01
       898  2.652657E-01
       899  2.125173E-01
       900  2.400733E-01
       901  2.155889E-01
       902  3.690771E-01
       903  5.454322E-01
       904  7.128844E-01
       905  8.756508E-01
       906  2.155889E-01
       907  3.690771E-01
       908  5.454322E-01
       909  7.128844E-01
       910  8.756508E-01
       911  5.999806E-02
       912  4.697492E-02
       913  1.175342E-01
       914  8.522076E-02
       915  2.507235E-01
       916  2.623574E-01
       917  7.381510E-01
       918  5.663435E-01
       919  8.470012E-02
       920  3.070006E-01
       921  8.470012E-02
       922  3.070006E-01
       923  7.381510E-01
       924  5.663435E-01
       925  2.507235E-01
       926  2.623574E-01
       927  1.175342E-01
       928  8.522076E-02
       929  5.999806E-02
       930  4.697492E-02
       931  6.628091E-03
       932  2.133102E-02
       933  5.015198E-02
       934  1.052613E-01
       935  2.434664E-01
       936  6.628091E-03
       937  2.133102E-02
       938  5.015198E-02
       939  1.052613E-01
       940  2.434664E-01
       941  8.692364E-03
       942  4.282341E-03
       943  4.562034E-02
       944  3.161140E-02
       945  1.620097E-01
       946  2.152408E-01
       947  6.225614E-01
       948  6.383512E-01
       949  4.914061E-02
       950  4.217901E-01
       951  4.914061E-02
       952  4.217901E-01
       953  6.225614E-01
       954  6.383512E-01
       955  1.620097E-01
       956  2.152408E-01
       957  4.562034E-02
       958  3.161140E-02
       959  8.692364E-03
       960  4.282341E-03

                                INCREMENT    25


 displacements (vx,vy,vz) for set TIP_TOP and time  0.4456250E-01

      1559  5.250991E-01 -2.363277E-03 -2.889769E+01
      1560  5.253322E-01 -2.341496E-03 -2.889257E+01
      1563  5.255731E-01 -2.178633E-03 -2.888759E+01
      1566  5.258386E-01 -1.645473E-03 -2.888329E+01
      1568  5.260422E-01 -6.048281E-04 -2.888075E+01
      1570  5.260476E-01  1.483295E-13 -2.888055E+01
      1572  5.260422E-01  6.048281E-04 -2.888075E+01
      1575  5.258386E-01  1.645473E-03 -2.888329E+01
      1578  5.255731E-01  2.178633E-03 -2.888759E+01
      1581  5.253322E-01  2.341496E-03 -2.889257E+01
      1584  5.250991E-01  2.363277E-03 -2.889769E+01

 forces (fx,fy,fz) for set CLAMP and time  0.4456250E-01

         1  5.459980E+04  5.698739E+04  2.355822E+04
         4  9.897122E+04 -4.031437E-10  4.706230E+04
         5  7.131691E+04  8.710587E+04 -3.642107E+02
         8  1.258557E+05 -7.129570E-10 -5.226332E+02
         9  4.766583E+04  5.710376E+04 -2.012013E+03
        12  8.339403E+04 -5.939691E-10 -3.840196E+03
        13  2.673577E+04  3.153334E+04 -3.674359E+03
        16  4.659139E+04 -3.540680E-10 -7.143157E+03
        17  6.287643E+03  6.979153E+03 -4.089500E+03
        20  1.078085E+04 -1.798028E-10 -8.064049E+03
        21 -9.307312E+03 -5.544490E+03 -1.306240E+04
        24 -1.229315E+04  6.999670E-12 -5.418680E+03
        26  5.459980E+04 -5.698739E+04  2.355822E+04
        28  7.131691E+04 -8.710587E+04 -3.642107E+02
        30  4.766583E+04 -5.710376E+04 -2.012013E+03
        32  2.673577E+04 -3.153334E+04 -3.674359E+03
        34  6.287643E+03 -6.979153E+03 -4.089500E+03
        36 -9.307312E+03  5.544490E+03 -1.306240E+04
        37 -8.802335E+03 -5.744213E+03 -1.287994E+04
        40 -8.017803E+03 -2.157688E+03 -2.147261E+04
        41 -2.716886E+04 -1.433017E+04 -5.441562E+03
        44 -3.892571E+04 -5.187946E+03 -1.047004E+04
        45 -2.102825E+04 -8.625954E+03  1.710527E+04
        48 -3.619872E+04 -3.040417E+03  3.164839E+04
        50 -5.366012E+03 -2.187361E+03 -1.948490E+04
        52 -3.738731E+04 -4.856340E+03 -1.076814E+04
        54 -3.752459E+04 -2.670431E+03  3.104033E+04
        56 -5.152388E+03 -1.798880E+03 -1.981675E+04
        58 -3.856635E+04 -3.624090E+03 -1.080383E+04
        60 -3.916294E+04 -1.871948E+03  3.204936E+04
        62 -2.757498E+04 -1.537735E+03 -6.711669E+03
        64 -2.767204E+04 -7.302879E+02  2.276646E+04
        66 -1.498738E+04 -1.626447E-11 -3.363401E+03
        68 -1.493701E+04 -3.253920E-11  1.236448E+04
        70 -2.757498E+04  1.537735E+03 -6.711669E+03
        72 -2.767204E+04  7.302879E+02  2.276646E+04
        74 -5.152388E+03  1.798880E+03 -1.981675E+04
        76 -3.856635E+04  3.624090E+03 -1.080383E+04
        78 -3.916294E+04  1.871948E+03  3.204936E+04
        80 -5.366012E+03  2.187361E+03 -1.948490E+04
        82 -3.738731E+04  4.856340E+03 -1.076814E+04
        84 -3.752459E+04  2.670431E+03  3.104033E+04
        86 -8.017803E+03  2.157688E+03 -2.147261E+04
        88 -3.892571E+04  5.187946E+03 -1.047004E+04
        90 -3.619872E+04  3.040417E+03  3.164839E+04
        92 -8.802335E+03  5.744213E+03 -1.287994E+04
        94 -2.716886E+04  1.433017E+04 -5.441562E+03
        96 -2.102825E+04  8.625954E+03  1.710527E+04

 internal energy (element, energy) for set EALL and time  0.4456250E-01

         1  9.234959E+03
         2  4.284857E+03
         3  1.711092E+03
         4  3.877054E+02
         5  1.052117E+02
         6  9.234959E+03
         7  4.284857E+03
         8  1.711092E+03
         9  3.877054E+02
        10  1.052117E+02
        11  5.180009E+02
        12  9.982427E+02
        13  4.151047E+02
        14  8.835947E+02
        15  4.059253E+02
        16  8.976173E+02
        17  4.413002E+02
        18  9.501868E+02
        19  1.713503E+02
        20  3.587574E+02
        21  1.713503E+02
        22  3.587574E+02
        23  4.413002E+02
        24  9.501868E+02
        25  4.059253E+02
        26  8.976173E+02
        27  4.151047E+02
        28  8.835947E+02
        29  5.180009E+02
        30  9.982427E+02
        31  9.211411E+03
        32  5.262554E+03
        33  2.187863E+03
        34  5.449038E+02
        35  1.932207E+02
        36  9.211411E+03
        37  5.262554E+03
        38  2.187863E+03
        39  5.449038E+02
        40  1.932207E+02
        41  4.553386E+02
        42  9.345168E+02
        43  5.040665E+02
        44  9.998110E+02
        45  5.159098E+02
        46  1.013349E+03
        47  5.571499E+02
        48  1.055814E+03
        49  2.118183E+02
        50  3.924771E+02
        51  2.118183E+02
        52  3.924771E+02
        53  5.571499E+02
        54  1.055814E+03
        55  5.159098E+02
        56  1.013349E+03
        57  5.040665E+02
        58  9.998110E+02
        59  4.553386E+02
        60  9.345168E+02
        61  8.933319E+03
        62  5.057502E+03
        63  2.242831E+03
        64  6.004081E+02
        65  2.280603E+02
        66  8.933319E+03
        67  5.057502E+03
        68  2.242831E+03
        69  6.004081E+02
        70  2.280603E+02
        71  4.541675E+02
        72  9.132623E+02
        73  5.068879E+02
        74  9.819658E+02
        75  5.435238E+02
        76  1.029057E+03
        77  5.753247E+02
        78  1.062118E+03
        79  2.118649E+02
        80  3.890922E+02
        81  2.118649E+02
        82  3.890922E+02
        83  5.753247E+02
        84  1.062118E+03
        85  5.435238E+02
        86  1.029057E+03
        87  5.068879E+02
        88  9.819658E+02
        89  4.541675E+02
        90  9.132623E+02
        91  8.975472E+03
        92  4.992180E+03
        93  2.199844E+03
        94  6.039503E+02
        95  2.349888E+02
        96  8.975472E+03
        97  4.992180E+03
        98  2.199844E+03
        99  6.039503E+02
       100  2.349888E+02
       101  4.963375E+02
       102  9.368611E+02
       103  5.221733E+02
       104  9.713314E+02
       105  5.487595E+02
       106  1.005903E+03
       107  5.738006E+02
       108  1.026347E+03
       109  2.087566E+02
       110  3.720084E+02
       111  2.087566E+02
       112  3.720084E+02
       113  5.738006E+02
       114  1.026347E+03
       115  5.487595E+02
       116  1.005903E+03
       117  5.221733E+02
       118  9.713314E+02
       119  4.963375E+02
       120  9.368611E+02
       121  8.371453E+03
       122  4.631570E+03
       123  2.029841E+03
       124  5.566734E+02
       125  2.151114E+02
       126  8.371453E+03
       127  4.631570E+03
       128  2.029841E+03
       129  5.566734E+02
       130  2.151114E+02
       131  4.815403E+02
       132  9.040747E+02
       133  4.907684E+02
       134  9.150488E+02
       135  5.032105E+02
       136  9.299319E+02
       137  5.210391E+02
       138  9.398495E+02
       139  1.891552E+02
       140  3.398647E+02
       141  1.891552E+02
       142  3.398647E+02
       143  5.210391E+02
       144  9.398495E+02
       145  5.032105E+02
       146  9.299319E+02
       147  4.907684E+02
       148  9.150488E+02
       149  4.815403E+02
       150  9.040747E+02
       151  7.759954E+03
       152  4.291179E+03
       153  1.881318E+03
       154  5.203219E+02
       155  2.030970E+02
       156  7.759954E+03
       157  4.291179E+03
       158  1.881318E+03
       159  5.203219E+02
       160  2.030970E+02
       161  4.567204E+02
       162  8.515229E+02
       163  4.594389E+02
       164  8.527947E+02
       165  4.652514E+02
       166  8.581759E+02
       167  4.791101E+02
       168  8.625572E+02
       169  1.734674E+02
       170  3.112203E+02
       171  1.734674E+02
       172  3.112203E+02
       173  4.791101E+02
       174  8.625572E+02
       175  4.652514E+02
       176  8.581759E+02
       177  4.594389E+02
       178  8.527947E+02
       179  4.567204E+02
       180  8.515229E+02
       181  7.147747E+03
       182  3.956874E+03
       183  1.739564E+03
       184  4.873928E+02
       185  1.944247E+02
       186  7.147747E+03
       187  3.956874E+03
       188  1.739564E+03
       189  4.873928E+02
       190  1.944247E+02
       191  4.254868E+02
       192  7.887134E+02
       193  4.267701E+02
       194  7.880731E+02
       195  4.302136E+02
       196  7.906685E+02
       197  4.422206E+02
       198  7.930887E+02
       199  1.596730E+02
       200  2.856795E+02
       201  1.596730E+02
       202  2.856795E+02
       203  4.422206E+02
       204  7.930887E+02
       205  4.302136E+02
       206  7.906685E+02
       207  4.267701E+02
       208  7.880731E+02
       209  4.254868E+02
       210  7.887134E+02
       211  6.547453E+03
       212  3.628716E+03
       213  1.600624E+03
       214  4.549501E+02
       215  1.863770E+02
       216  6.547453E+03
       217  3.628716E+03
       218  1.600624E+03
       219  4.549501E+02
       220  1.863770E+02
       221  3.923983E+02
       222  7.235732E+02
       223  3.936414E+02
       224  7.233500E+02
       225  3.964370E+02
       226  7.257125E+02
       227  4.077218E+02
       228  7.276139E+02
       229  1.469391E+02
       230  2.617431E+02
       231  1.469391E+02
       232  2.617431E+02
       233  4.077218E+02
       234  7.276139E+02
       235  3.964370E+02
       236  7.257125E+02
       237  3.936414E+02
       238  7.233500E+02
       239  3.923983E+02
       240  7.235732E+02
       241  5.961304E+03
       242  3.307579E+03
       243  1.464017E+03
       244  4.224994E+02
       245  1.781942E+02
       246  5.961304E+03
       247  3.307579E+03
       248  1.464017E+03
       249  4.224994E+02
       250  1.781942E+02
       251  3.591842E+02
       252  6.594379E+02
       253  3.605659E+02
       254  6.597901E+02
       255  3.632156E+02
       256  6.624034E+02
       257  3.742088E+02
       258  6.642198E+02
       259  1.346698E+02
       260  2.386567E+02
       261  1.346698E+02
       262  2.386567E+02
       263  3.742088E+02
       264  6.642198E+02
       265  3.632156E+02
       266  6.624034E+02
       267  3.605659E+02
       268  6.597901E+02
       269  3.591842E+02
       270  6.594379E+02
       271  5.391134E+03
       272  2.994708E+03
       273  1.330395E+03
       274  3.902276E+02
       275  1.696706E+02
       276  5.391134E+03
       277  2.994708E+03
       278  1.330395E+03
       279  3.902276E+02
       280  1.696706E+02
       281  3.265389E+02
       282  5.972679E+02
       283  3.279825E+02
       284  5.979229E+02
       285  3.305688E+02
       286  6.006919E+02
       287  3.413807E+02
       288  6.024796E+02
       289  1.227068E+02
       290  2.162151E+02
       291  1.227068E+02
       292  2.162151E+02
       293  3.413807E+02
       294  6.024796E+02
       295  3.305688E+02
       296  6.006919E+02
       297  3.279825E+02
       298  5.979229E+02
       299  3.265389E+02
       300  5.972679E+02
       301  4.839094E+03
       302  2.691500E+03
       303  1.200513E+03
       304  3.583998E+02
       305  1.608431E+02
       306  4.839094E+03
       307  2.691500E+03
       308  1.200513E+03
       309  3.583998E+02
       310  1.608431E+02
       311  2.947263E+02
       312  5.372734E+02
       313  2.961640E+02
       314  5.380253E+02
       315  2.986735E+02
       316  5.408035E+02
       317  3.093018E+02
       318  5.425195E+02
       319  1.110419E+02
       320  1.944380E+02
       321  1.110419E+02
       322  1.944380E+02
       323  3.093018E+02
       324  5.425195E+02
       325  2.986735E+02
       326  5.408035E+02
       327  2.961640E+02
       328  5.380253E+02
       329  2.947263E+02
       330  5.372734E+02
       331  4.307711E+03
       332  2.399417E+03
       333  1.075070E+03
       334  3.272252E+02
       335  1.517700E+02
       336  4.307711E+03
       337  2.399417E+03
       338  1.075070E+03
       339  3.272252E+02
       340  1.517700E+02
       341  2.639141E+02
       342  4.795560E+02
       343  2.653141E+02
       344  4.803049E+02
       345  2.677277E+02
       346  4.830016E+02
       347  2.781390E+02
       348  4.846072E+02
       349  9.972303E+01
       350  1.734173E+02
       351  9.972303E+01
       352  1.734173E+02
       353  2.781390E+02
       354  4.846072E+02
       355  2.677277E+02
       356  4.830016E+02
       357  2.653141E+02
       358  4.803049E+02
       359  2.639141E+02
       360  4.795560E+02
       361  3.799634E+03
       362  2.119926E+03
       363  9.547097E+02
       364  2.968656E+02
       365  1.424987E+02
       366  3.799634E+03
       367  2.119926E+03
       368  9.547097E+02
       369  2.968656E+02
       370  1.424987E+02
       371  2.342583E+02
       372  4.242758E+02
       373  2.356078E+02
       374  4.249832E+02
       375  2.379134E+02
       376  4.275562E+02
       377  2.480668E+02
       378  4.290345E+02
       379  8.880896E+01
       380  1.532608E+02
       381  8.880896E+01
       382  1.532608E+02
       383  2.480668E+02
       384  4.290345E+02
       385  2.379134E+02
       386  4.275562E+02
       387  2.356078E+02
       388  4.249832E+02
       389  2.342583E+02
       390  4.242758E+02
       391  3.317465E+03
       392  1.854446E+03
       393  8.400347E+02
       394  2.674628E+02
       395  1.330670E+02
       396  3.317465E+03
       397  1.854446E+03
       398  8.400347E+02
       399  2.674628E+02
       400  1.330670E+02
       401  2.059169E+02
       402  3.716546E+02
       403  2.072090E+02
       404  3.723083E+02
       405  2.093983E+02
       406  3.747411E+02
       407  2.192510E+02
       408  3.760912E+02
       409  7.835883E+01
       410  1.340760E+02
       411  7.835883E+01
       412  1.340760E+02
       413  2.192510E+02
       414  3.760912E+02
       415  2.093983E+02
       416  3.747411E+02
       417  2.072090E+02
       418  3.723083E+02
       419  2.059169E+02
       420  3.716546E+02
       421  2.863667E+03
       422  1.604325E+03
       423  7.316163E+02
       424  2.391519E+02
       425  1.235117E+02
       426  2.863667E+03
       427  1.604325E+03
       428  7.316163E+02
       429  2.391519E+02
       430  1.235117E+02
       431  1.790451E+02
       432  3.219452E+02
       433  1.802742E+02
       434  3.225431E+02
       435  1.823407E+02
       436  3.248300E+02
       437  1.918492E+02
       438  3.260583E+02
       439  6.842979E+01
       440  1.159669E+02
       441  6.842979E+01
       442  1.159669E+02
       443  1.918492E+02
       444  3.260583E+02
       445  1.823407E+02
       446  3.248300E+02
       447  1.802742E+02
       448  3.225431E+02
       449  1.790451E+02
       450  3.219452E+02
       451  2.440513E+03
       452  1.370807E+03
       453  6.299865E+02
       454  2.120644E+02
       455  1.138732E+02
       456  2.440513E+03
       457  1.370807E+03
       458  6.299865E+02
       459  2.120644E+02
       460  1.138732E+02
       461  1.537912E+02
       462  2.754050E+02
       463  1.549520E+02
       464  2.759476E+02
       465  1.568899E+02
       466  2.780859E+02
       467  1.660106E+02
       468  2.792017E+02
       469  5.907623E+01
       470  9.903083E+01
       471  5.907623E+01
       472  9.903083E+01
       473  1.660106E+02
       474  2.792017E+02
       475  1.568899E+02
       476  2.780859E+02
       477  1.549520E+02
       478  2.759476E+02
       479  1.537912E+02
       480  2.754050E+02
       481  2.050024E+03
       482  1.155004E+03
       483  5.356261E+02
       484  1.863266E+02
       485  1.041974E+02
       486  2.050024E+03
       487  1.155004E+03
       488  5.356261E+02
       489  1.863266E+02
       490  1.041974E+02
       491  1.302926E+02
       492  2.322751E+02
       493  1.313798E+02
       494  2.327633E+02
       495  1.331844E+02
       496  2.347514E+02
       497  1.418742E+02
       498  2.357649E+02
       499  5.034872E+01
       500  8.335675E+01
       501  5.034872E+01
       502  8.335675E+01
       503  1.418742E+02
       504  2.357649E+02
       505  1.331844E+02
       506  2.347514E+02
       507  1.313798E+02
       508  2.327633E+02
       509  1.302926E+02
       510  2.322751E+02
       511  1.693899E+03
       512  9.578545E+02
       513  4.489490E+02
       514  1.620571E+02
       515  9.453589E+01
       516  1.693899E+03
       517  9.578545E+02
       518  4.489490E+02
       519  1.620571E+02
       520  9.453589E+01
       521  1.086713E+02
       522  1.927673E+02
       523  1.096806E+02
       524  1.932018E+02
       525  1.113481E+02
       526  1.950380E+02
       527  1.195654E+02
       528  1.959598E+02
       529  4.229258E+01
       530  6.902159E+01
       531  4.229258E+01
       532  6.902159E+01
       533  1.195654E+02
       534  1.959598E+02
       535  1.113481E+02
       536  1.950380E+02
       537  1.096806E+02
       538  1.932018E+02
       539  1.086713E+02
       540  1.927673E+02
       541  1.373448E+03
       542  7.800891E+02
       543  3.702860E+02
       544  1.393635E+02
       545  8.494622E+01
       546  1.373448E+03
       547  7.800891E+02
       548  3.702860E+02
       549  1.393635E+02
       550  8.494622E+01
       551  8.903053E+01
       552  1.570522E+02
       553  8.995802E+01
       554  1.574336E+02
       555  9.148594E+01
       556  1.591167E+02
       557  9.919091E+01
       558  1.599580E+02
       559  3.494617E+01
       560  5.608737E+01
       561  3.494617E+01
       562  5.608737E+01
       563  9.919091E+01
       564  1.599580E+02
       565  9.148594E+01
       566  1.591167E+02
       567  8.995802E+01
       568  1.574336E+02
       569  8.903053E+01
       570  1.570522E+02
       571  1.089509E+03
       572  6.221863E+02
       573  2.998680E+02
       574  1.183388E+02
       575  7.549082E+01
       576  1.089509E+03
       577  6.221863E+02
       578  2.998680E+02
       579  1.183388E+02
       580  7.549082E+01
       581  7.144919E+01
       582  1.252505E+02
       583  7.229194E+01
       584  1.255797E+02
       585  7.367880E+01
       586  1.271094E+02
       587  8.083476E+01
       588  1.278820E+02
       589  2.833915E+01
       590  4.459788E+01
       591  2.833915E+01
       592  4.459788E+01
       593  8.083476E+01
       594  1.278820E+02
       595  7.367880E+01
       596  1.271094E+02
       597  7.229194E+01
       598  1.255797E+02
       599  7.144919E+01
       600  1.252505E+02
       601  8.423887E+02
       602  4.843366E+02
       603  2.378098E+02
       604  9.905706E+01
       605  6.623594E+01
       606  8.423887E+02
       607  4.843366E+02
       608  2.378098E+02
       609  9.905706E+01
       610  6.623594E+01
       611  5.597748E+01
       612  9.742388E+01
       613  5.673334E+01
       614  9.770293E+01
       615  5.797895E+01
       616  9.908089E+01
       617  6.455320E+01
       618  9.979745E+01
       619  2.249084E+01
       620  3.457578E+01
       621  2.249084E+01
       622  3.457578E+01
       623  6.455320E+01
       624  9.979745E+01
       625  5.797895E+01
       626  9.908089E+01
       627  5.673334E+01
       628  9.770293E+01
       629  5.597748E+01
       630  9.742388E+01
       631  6.317932E+02
       632  3.664080E+02
       633  1.840954E+02
       634  8.156992E+01
       635  5.725051E+01
       636  6.317932E+02
       637  3.664080E+02
       638  1.840954E+02
       639  8.156992E+01
       640  5.725051E+01
       641  4.263178E+01
       642  7.356884E+01
       643  4.329947E+01
       644  7.380127E+01
       645  4.440500E+01
       646  7.503139E+01
       647  5.037025E+01
       648  7.570546E+01
       649  1.740860E+01
       650  2.601989E+01
       651  1.740860E+01
       652  2.601989E+01
       653  5.037025E+01
       654  7.570546E+01
       655  4.440500E+01
       656  7.503139E+01
       657  4.329947E+01
       658  7.380127E+01
       659  4.263178E+01
       660  7.356884E+01
       661  4.567791E+02
       662  2.679158E+02
       663  1.385649E+02
       664  6.590366E+01
       665  4.860564E+01
       666  4.567791E+02
       667  2.679158E+02
       668  1.385649E+02
       669  6.590366E+01
       670  4.860564E+01
       671  3.139013E+01
       672  5.361063E+01
       673  3.196926E+01
       674  5.380173E+01
       675  3.293748E+01
       676  5.489072E+01
       677  3.827347E+01
       678  5.553656E+01
       679  1.308644E+01
       680  1.890265E+01
       681  1.308644E+01
       682  1.890265E+01
       683  3.827347E+01
       684  5.553656E+01
       685  3.293748E+01
       686  5.489072E+01
       687  3.196926E+01
       688  5.380173E+01
       689  3.139013E+01
       690  5.361063E+01
       691  3.157087E+02
       692  1.880001E+02
       693  1.009061E+02
       694  5.205816E+01
       695  4.037514E+01
       696  3.157087E+02
       697  1.880001E+02
       698  1.009061E+02
       699  5.205816E+01
       700  4.037514E+01
       701  2.218834E+01
       702  3.739952E+01
       703  2.267944E+01
       704  3.755596E+01
       705  2.351491E+01
       706  3.851288E+01
       707  2.821015E+01
       708  3.914463E+01
       709  9.503775E+00
       710  1.316774E+01
       711  9.503775E+00
       712  1.316774E+01
       713  2.821015E+01
       714  3.914463E+01
       715  2.351491E+01
       716  3.851288E+01
       717  2.267944E+01
       718  3.755596E+01
       719  2.218834E+01
       720  3.739952E+01
       721  2.062228E+02
       722  1.254113E+02
       723  7.064969E+01
       724  4.000797E+01
       725  3.263745E+01
       726  2.062228E+02
       727  1.254113E+02
       728  7.064969E+01
       729  4.000797E+01
       730  3.263745E+01
       731  1.491711E+01
       732  2.470769E+01
       733  1.532171E+01
       734  2.483636E+01
       735  1.603076E+01
       736  2.567149E+01
       737  2.008409E+01
       738  2.630169E+01
       739  6.624312E+00
       740  8.727920E+00
       741  6.624312E+00
       742  8.727920E+00
       743  2.008409E+01
       744  2.630169E+01
       745  1.603076E+01
       746  2.567149E+01
       747  1.532171E+01
       748  2.483636E+01
       749  1.491711E+01
       750  2.470769E+01
       751  1.252376E+02
       752  7.851010E+01
       753  4.717122E+01
       754  2.970497E+01
       755  2.547823E+01
       756  1.252376E+02
       757  7.851010E+01
       758  4.717122E+01
       759  2.970497E+01
       760  2.547823E+01
       761  9.420612E+00
       762  1.522691E+01
       763  9.741233E+00
       764  1.533319E+01
       765  1.033174E+01
       766  1.605641E+01
       767  1.375383E+01
       768  1.669438E+01
       769  4.395388E+00
       770  5.463537E+00
       771  4.395388E+00
       772  5.463537E+00
       773  1.375383E+01
       774  1.669438E+01
       775  1.033174E+01
       776  1.605641E+01
       777  9.741233E+00
       778  1.533319E+01
       779  9.420612E+00
       780  1.522691E+01
       781  6.898642E+01
       782  4.529130E+01
       783  2.970152E+01
       784  2.108190E+01
       785  1.899303E+01
       786  6.898642E+01
       787  4.529130E+01
       788  2.970152E+01
       789  2.108190E+01
       790  1.899303E+01
       791  5.497039E+00
       792  8.568553E+00
       793  5.737648E+00
       794  8.654750E+00
       795  6.219010E+00
       796  9.274580E+00
       797  9.034182E+00
       798  9.925191E+00
       799  2.748287E+00
       800  3.222941E+00
       801  2.748287E+00
       802  3.222941E+00
       803  9.034182E+00
       804  9.925191E+00
       805  6.219010E+00
       806  9.274580E+00
       807  5.737648E+00
       808  8.654750E+00
       809  5.497039E+00
       810  8.568553E+00
       811  3.312607E+01
       812  2.344167E+01
       813  1.734981E+01
       814  1.405569E+01
       815  1.328741E+01
       816  3.312607E+01
       817  2.344167E+01
       818  1.734981E+01
       819  1.405569E+01
       820  1.328741E+01
       821  2.900722E+00
       822  4.268016E+00
       823  3.069175E+00
       824  4.334537E+00
       825  3.455251E+00
       826  4.860436E+00
       827  5.706107E+00
       828  5.524753E+00
       829  1.600303E+00
       830  1.826828E+00
       831  1.600303E+00
       832  1.826828E+00
       833  5.706107E+00
       834  5.524753E+00
       835  3.455251E+00
       836  4.860436E+00
       837  3.069175E+00
       838  4.334537E+00
       839  2.900722E+00
       840  4.268016E+00
       841  1.292509E+01
       842  1.044793E+01
       843  9.148627E+00
       844  8.528633E+00
       845  8.473498E+00
       846  1.292509E+01
       847  1.044793E+01
       848  9.148627E+00
       849  8.528633E+00
       850  8.473498E+00
       851  1.346746E+00
       852  1.796902E+00
       853  1.463029E+00
       854  1.848359E+00
       855  1.780742E+00
       856  2.299215E+00
       857  3.538644E+00
       858  2.976486E+00
       859  8.590664E-01
       860  1.077391E+00
       861  8.590664E-01
       862  1.077391E+00
       863  3.538644E+00
       864  2.976486E+00
       865  1.780742E+00
       866  2.299215E+00
       867  1.463029E+00
       868  1.848359E+00
       869  1.346746E+00
       870  1.796902E+00
       871  3.556431E+00
       872  3.733874E+00
       873  4.101371E+00
       874  4.416768E+00
       875  4.672581E+00
       876  3.556431E+00
       877  3.733874E+00
       878  4.101371E+00
       879  4.416768E+00
       880  4.672581E+00
       881  5.218173E-01
       882  5.871662E-01
       883  6.353378E-01
       884  6.502196E-01
       885  9.270034E-01
       886  1.059000E+00
       887  2.297140E+00
       888  1.746443E+00
       889  4.264075E-01
       890  7.711405E-01
       891  4.264075E-01
       892  7.711405E-01
       893  2.297140E+00
       894  1.746443E+00
       895  9.270034E-01
       896  1.059000E+00
       897  6.353378E-01
       898  6.502196E-01
       899  5.218173E-01
       900  5.871662E-01
       901  5.022991E-01
       902  8.707167E-01
       903  1.295251E+00
       904  1.699334E+00
       905  2.092946E+00
       906  5.022991E-01
       907  8.707167E-01
       908  1.295251E+00
       909  1.699334E+00
       910  2.092946E+00
       911  1.455870E-01
       912  1.161426E-01
       913  2.818153E-01
       914  2.091579E-01
       915  6.004582E-01
       916  6.342974E-01
       917  1.768789E+00
       918  1.362259E+00
       919  2.032829E-01
       920  7.374994E-01
       921  2.032829E-01
       922  7.374994E-01
       923  1.768789E+00
       924  1.362259E+00
       925  6.004582E-01
       926  6.342974E-01
       927  2.818153E-01
       928  2.091579E-01
       929  1.455870E-01
       930  1.161426E-01
       931  1.513473E-02
       932  4.987822E-02
       933  1.184905E-01
       934  2.495795E-01
       935  5.777762E-01
       936  1.513473E-02
       937  4.987822E-02
       938  1.184905E-01
       939  2.495795E-01
       940  5.777762E-01
       941  2.036685E-02
       942  1.020289E-02
       943  1.073450E-01
       944  7.545550E-02
       945  3.829821E-01
       946  5.114350E-01
       947  1.473798E+00
       948  1.514781E+00
       949  1.166428E-01
       950  1.000339E+00
       951  1.166428E-01
       952  1.000339E+00
       953  1.473798E+00
       954  1.514781E+00
       955  3.829821E-01
       956  5.114350E-01
       957  1.073450E-01
       958  7.545550E-02
       959  2.036685E-02
       960  1.020289E-02

                                INCREMENT    28


 displacements (vx,vy,vz) for set TIP_TOP and time  0.5000000E-01

      1559  3.585661E-01 -1.324622E-03 -1.646990E+01
      1560  3.586742E-01 -1.312491E-03 -1.646703E+01
      1563  3.587875E-01 -1.221477E-03 -1.646424E+01
      1566  3.589178E-01 -9.230195E-04 -1.646183E+01
      1568  3.590212E-01 -3.394277E-04 -1.646041E+01
      1570  3.590234E-01 -2.341547E-13 -1.646030E+01
      1572  3.590212E-01  3.394277E-04 -1.646041E+01
      1575  3.589178E-01  9.230195E-04 -1.646183E+01
      1578  3.587875E-01  1.221477E-03 -1.646424E+01
      1581  3.586742E-01  1.312491E-03 -1.646703E+01
      1584  3.585661E-01  1.324622E-03 -1.646990E+01

 forces (fx,fy,fz) for set CLAMP and time  0.5000000E-01

         1  3.135442E+04  3.267400E+04  1.353137E+04
         4  5.683846E+04  4.163480E-10  2.702783E+04
         5  4.090225E+04  4.990853E+04 -1.769942E+02
         8  7.218303E+04  8.218653E-10 -2.411820E+02
         9  2.729953E+04  3.268510E+04 -1.122047E+03
        12  4.776288E+04  5.938309E-10 -2.141589E+03
        13  1.528124E+04  1.801966E+04 -2.075840E+03
        16  2.663141E+04  3.906247E-10 -4.035054E+03
        17  3.554826E+03  3.946611E+03 -2.314923E+03
        20  6.096000E+03  1.958173E-10 -4.565152E+03
        21 -5.358335E+03 -3.206923E+03 -7.486469E+03
        24 -7.100712E+03 -6.144382E-12 -3.073936E+03
        26  3.135442E+04 -3.267400E+04  1.353137E+04
        28  4.090225E+04 -4.990853E+04 -1.769942E+02
        30  2.729953E+04 -3.268510E+04 -1.122047E+03
        32  1.528124E+04 -1.801966E+04 -2.075840E+03
        34  3.554826E+03 -3.946611E+03 -2.314923E+03
        36 -5.358335E+03  3.206923E+03 -7.486469E+03
        37 -5.122828E+03 -3.304518E+03 -7.423128E+03
        40 -4.709570E+03 -1.232722E+03 -1.237118E+04
        41 -1.559733E+04 -8.228197E+03 -3.106409E+03
        44 -2.234234E+04 -2.983187E+03 -5.980278E+03
        45 -1.200147E+04 -4.946321E+03  9.793889E+03
        48 -2.066813E+04 -1.755900E+03  1.812923E+04
        50 -3.134818E+03 -1.250682E+03 -1.121272E+04
        52 -2.146473E+04 -2.797353E+03 -6.166768E+03
        54 -2.148782E+04 -1.547131E+03  1.780407E+04
        56 -2.963272E+03 -1.032825E+03 -1.139088E+04
        58 -2.215401E+04 -2.094655E+03 -6.196392E+03
        60 -2.249089E+04 -1.088974E+03  1.841318E+04
        62 -1.585375E+04 -8.920461E+02 -3.843077E+03
        64 -1.592252E+04 -4.262090E+02  1.309704E+04
        66 -8.618992E+03  6.585260E-12 -1.922529E+03
        68 -8.599856E+03  2.406813E-11  7.116489E+03
        70 -1.585375E+04  8.920461E+02 -3.843077E+03
        72 -1.592252E+04  4.262090E+02  1.309704E+04
        74 -2.963272E+03  1.032825E+03 -1.139088E+04
        76 -2.215401E+04  2.094655E+03 -6.196392E+03
        78 -2.249089E+04  1.088974E+03  1.841318E+04
        80 -3.134818E+03  1.250682E+03 -1.121272E+04
        82 -2.146473E+04  2.797353E+03 -6.166768E+03
        84 -2.148782E+04  1.547131E+03  1.780407E+04
        86 -4.709570E+03  1.232722E+03 -1.237118E+04
        88 -2.234234E+04  2.983187E+03 -5.980278E+03
        90 -2.066813E+04  1.755900E+03  1.812923E+04
        92 -5.122828E+03  3.304518E+03 -7.423128E+03
        94 -1.559733E+04  8.228197E+03 -3.106409E+03
        96 -1.200147E+04  4.946321E+03  9.793889E+03

 internal energy (element, energy) for set EALL and time  0.5000000E-01

         1  3.035413E+03
         2  1.405912E+03
         3  5.603084E+02
         4  1.264988E+02
         5  3.490267E+01
         6  3.035413E+03
         7  1.405912E+03
         8  5.603084E+02
         9  1.264988E+02
        10  3.490267E+01
        11  1.710266E+02
        12  3.278882E+02
        13  1.369441E+02
        14  2.906030E+02
        15  1.339527E+02
        16  2.958441E+02
        17  1.458652E+02
        18  3.138072E+02
        19  5.670271E+01
        20  1.185868E+02
        21  5.670271E+01
        22  1.185868E+02
        23  1.458652E+02
        24  3.138072E+02
        25  1.339527E+02
        26  2.958441E+02
        27  1.369441E+02
        28  2.906030E+02
        29  1.710266E+02
        30  3.278882E+02
        31  3.022714E+03
        32  1.725685E+03
        33  7.166582E+02
        34  1.784010E+02
        35  6.424599E+01
        36  3.022714E+03
        37  1.725685E+03
        38  7.166582E+02
        39  1.784010E+02
        40  6.424599E+01
        41  1.499893E+02
        42  3.077041E+02
        43  1.661187E+02
        44  3.294387E+02
        45  1.701648E+02
        46  3.340259E+02
        47  1.839906E+02
        48  3.480562E+02
        49  6.999111E+01
        50  1.293569E+02
        51  6.999111E+01
        52  1.293569E+02
        53  1.839906E+02
        54  3.480562E+02
        55  1.701648E+02
        56  3.340259E+02
        57  1.661187E+02
        58  3.294387E+02
        59  1.499893E+02
        60  3.077041E+02
        61  2.928095E+03
        62  1.656941E+03
        63  7.343821E+02
        64  1.967080E+02
        65  7.575227E+01
        66  2.928095E+03
        67  1.656941E+03
        68  7.343821E+02
        69  1.967080E+02
        70  7.575227E+01
        71  1.494724E+02
        72  3.008570E+02
        73  1.669386E+02
        74  3.234849E+02
        75  1.791189E+02
        76  3.389621E+02
        77  1.897219E+02
        78  3.497767E+02
        79  6.990364E+01
        80  1.280867E+02
        81  6.990364E+01
        82  1.280867E+02
        83  1.897219E+02
        84  3.497767E+02
        85  1.791189E+02
        86  3.389621E+02
        87  1.669386E+02
        88  3.234849E+02
        89  1.494724E+02
        90  3.008570E+02
        91  2.938655E+03
        92  1.633744E+03
        93  7.195983E+02
        94  1.977546E+02
        95  7.798497E+01
        96  2.938655E+03
        97  1.633744E+03
        98  7.195983E+02
        99  1.977546E+02
       100  7.798497E+01
       101  1.632348E+02
       102  3.083697E+02
       103  1.718181E+02
       104  3.196562E+02
       105  1.806450E+02
       106  3.309703E+02
       107  1.889833E+02
       108  3.376304E+02
       109  6.878833E+01
       110  1.223342E+02
       111  6.878833E+01
       112  1.223342E+02
       113  1.889833E+02
       114  3.376304E+02
       115  1.806450E+02
       116  3.309703E+02
       117  1.718181E+02
       118  3.196562E+02
       119  1.632348E+02
       120  3.083697E+02
       121  2.737532E+03
       122  1.513871E+03
       123  6.632199E+02
       124  1.821222E+02
       125  7.136314E+01
       126  2.737532E+03
       127  1.513871E+03
       128  6.632199E+02
       129  1.821222E+02
       130  7.136314E+01
       131  1.582250E+02
       132  2.971490E+02
       133  1.613213E+02
       134  3.007115E+02
       135  1.654666E+02
       136  3.055531E+02
       137  1.714156E+02
       138  3.087632E+02
       139  6.224613E+01
       140  1.116174E+02
       141  6.224613E+01
       142  1.116174E+02
       143  1.714156E+02
       144  3.087632E+02
       145  1.654666E+02
       146  3.055531E+02
       147  1.613213E+02
       148  3.007115E+02
       149  1.582250E+02
       150  2.971490E+02
       151  2.534095E+03
       152  1.400721E+03
       153  6.139123E+02
       154  1.700764E+02
       155  6.735007E+01
       156  2.534095E+03
       157  1.400721E+03
       158  6.139123E+02
       159  1.700764E+02
       160  6.735007E+01
       161  1.499068E+02
       162  2.794042E+02
       163  1.508553E+02
       164  2.798073E+02
       165  1.528092E+02
       166  2.815559E+02
       167  1.574509E+02
       168  2.829686E+02
       169  5.700722E+01
       170  1.020661E+02
       171  5.700722E+01
       172  1.020661E+02
       173  1.574509E+02
       174  2.829686E+02
       175  1.528092E+02
       176  2.815559E+02
       177  1.508553E+02
       178  2.798073E+02
       179  1.499068E+02
       180  2.794042E+02
       181  2.330587E+03
       182  1.289665E+03
       183  5.668633E+02
       184  1.591604E+02
       185  6.444033E+01
       186  2.330587E+03
       187  1.289665E+03
       188  5.668633E+02
       189  1.591604E+02
       190  6.444033E+01
       191  1.394790E+02
       192  2.583377E+02
       193  1.399520E+02
       194  2.581380E+02
       195  1.411208E+02
       196  2.589977E+02
       197  1.451501E+02
       198  2.597832E+02
       199  5.239960E+01
       200  9.354598E+01
       201  5.239960E+01
       202  9.354598E+01
       203  1.451501E+02
       204  2.597832E+02
       205  1.411208E+02
       206  2.589977E+02
       207  1.399520E+02
       208  2.581380E+02
       209  1.394790E+02
       210  2.583377E+02
       211  2.131213E+03
       212  1.180750E+03
       213  5.207861E+02
       214  1.484071E+02
       215  6.172827E+01
       216  2.131213E+03
       217  1.180750E+03
       218  5.207861E+02
       219  1.484071E+02
       220  6.172827E+01
       221  1.284504E+02
       222  2.365755E+02
       223  1.289045E+02
       224  2.365256E+02
       225  1.298536E+02
       226  2.373220E+02
       227  1.336377E+02
       228  2.379445E+02
       229  4.814643E+01
       230  8.556440E+01
       231  4.814643E+01
       232  8.556440E+01
       233  1.336377E+02
       234  2.379445E+02
       235  1.298536E+02
       236  2.373220E+02
       237  1.289045E+02
       238  2.365256E+02
       239  1.284504E+02
       240  2.365755E+02
       241  1.936787E+03
       242  1.074302E+03
       243  4.755348E+02
       244  1.376538E+02
       245  5.896047E+01
       246  1.936787E+03
       247  1.074302E+03
       248  4.755348E+02
       249  1.376538E+02
       250  5.896047E+01
       251  1.173958E+02
       252  2.152109E+02
       253  1.178879E+02
       254  2.153521E+02
       255  1.187810E+02
       256  2.162326E+02
       257  1.224582E+02
       258  2.168268E+02
       259  4.405197E+01
       260  7.787506E+01
       261  4.405197E+01
       262  7.787506E+01
       263  1.224582E+02
       264  2.168268E+02
       265  1.187810E+02
       266  2.162326E+02
       267  1.178879E+02
       268  2.153521E+02
       269  1.173958E+02
       270  2.152109E+02
       271  1.747990E+03
       272  9.707682E+02
       273  4.313379E+02
       274  1.269629E+02
       275  5.606924E+01
       276  1.747990E+03
       277  9.707682E+02
       278  4.313379E+02
       279  1.269629E+02
       280  5.606924E+01
       281  1.065480E+02
       282  1.945527E+02
       283  1.070522E+02
       284  1.947898E+02
       285  1.079159E+02
       286  1.957166E+02
       287  1.115203E+02
       288  1.962963E+02
       289  4.006560E+01
       290  7.041348E+01
       291  4.006560E+01
       292  7.041348E+01
       293  1.115203E+02
       294  1.962963E+02
       295  1.079159E+02
       296  1.957166E+02
       297  1.070522E+02
       298  1.947898E+02
       299  1.065480E+02
       300  1.945527E+02
       301  1.565595E+03
       302  8.706408E+02
       303  3.884561E+02
       304  1.164245E+02
       305  5.306820E+01
       306  1.565595E+03
       307  8.706408E+02
       308  3.884561E+02
       309  1.164245E+02
       310  5.306820E+01
       311  9.599745E+01
       312  1.746664E+02
       313  9.649152E+01
       314  1.749296E+02
       315  9.732176E+01
       316  1.758519E+02
       317  1.008514E+02
       318  1.764016E+02
       319  3.618626E+01
       320  6.318919E+01
       321  3.618626E+01
       322  6.318919E+01
       323  1.008514E+02
       324  1.764016E+02
       325  9.732176E+01
       326  1.758519E+02
       327  9.649152E+01
       328  1.749296E+02
       329  9.599745E+01
       330  1.746664E+02
       331  1.390485E+03
       332  7.744285E+02
       333  3.471314E+02
       334  1.061108E+02
       335  4.997892E+01
       336  1.390485E+03
       337  7.744285E+02
       338  3.471314E+02
       339  1.061108E+02
       340  4.997892E+01
       341  8.580209E+01
       342  1.555852E+02
       343  8.627611E+01
       344  1.558416E+02
       345  8.706725E+01
       346  1.567293E+02
       347  9.051064E+01
       348  1.572365E+02
       349  3.243107E+01
       350  5.623480E+01
       351  3.243107E+01
       352  5.623480E+01
       353  9.051064E+01
       354  1.572365E+02
       355  8.706725E+01
       356  1.567293E+02
       357  8.627611E+01
       358  1.558416E+02
       359  8.580209E+01
       360  1.555852E+02
       361  1.223562E+03
       362  6.826301E+02
       363  3.075834E+02
       364  9.607872E+01
       365  4.682001E+01
       366  1.223562E+03
       367  6.826301E+02
       368  3.075834E+02
       369  9.607872E+01
       370  4.682001E+01
       371  7.601501E+01
       372  1.373631E+02
       373  7.646555E+01
       374  1.376007E+02
       375  7.721455E+01
       376  1.384406E+02
       377  8.055830E+01
       378  1.389009E+02
       379  2.882036E+01
       380  4.958717E+01
       381  2.882036E+01
       382  4.958717E+01
       383  8.055830E+01
       384  1.389009E+02
       385  7.721455E+01
       386  1.384406E+02
       387  7.646555E+01
       388  1.376007E+02
       389  7.601501E+01
       390  1.373631E+02
       391  1.065687E+03
       392  5.957171E+02
       393  2.700143E+02
       394  8.637889E+01
       395  4.360772E+01
       396  1.065687E+03
       397  5.957171E+02
       398  2.700143E+02
       399  8.637889E+01
       400  4.360772E+01
       401  6.668879E+01
       402  1.200736E+02
       403  6.711454E+01
       404  1.202891E+02
       405  6.781989E+01
       406  1.210769E+02
       407  7.105041E+01
       408  1.214914E+02
       409  2.537405E+01
       410  4.328212E+01
       411  2.537405E+01
       412  4.328212E+01
       413  7.105041E+01
       414  1.214914E+02
       415  6.781989E+01
       416  1.210769E+02
       417  6.711454E+01
       418  1.202891E+02
       419  6.668879E+01
       420  1.200736E+02
       421  9.176505E+02
       422  5.141231E+02
       423  2.346108E+02
       424  7.705926E+01
       425  4.035860E+01
       426  9.176505E+02
       427  5.141231E+02
       428  2.346108E+02
       429  7.705926E+01
       430  4.035860E+01
       431  5.787399E+01
       432  1.037981E+02
       433  5.827413E+01
       434  1.039917E+02
       435  5.893492E+01
       436  1.047264E+02
       437  6.203880E+01
       438  1.050987E+02
       439  2.211089E+01
       440  3.735298E+01
       441  2.211089E+01
       442  3.735298E+01
       443  6.203880E+01
       444  1.050987E+02
       445  5.893492E+01
       446  1.047264E+02
       447  5.827413E+01
       448  1.039917E+02
       449  5.787399E+01
       450  1.037981E+02
       451  7.801509E+02
       452  4.382338E+02
       453  2.015411E+02
       454  6.816577E+01
       455  3.709061E+01
       456  7.801509E+02
       457  4.382338E+02
       458  2.015411E+02
       459  6.816577E+01
       460  3.709061E+01
       461  4.961752E+01
       462  8.861642E+01
       463  4.999133E+01
       464  8.878880E+01
       465  5.060696E+01
       466  8.947072E+01
       467  5.357114E+01
       468  8.980515E+01
       469  1.904810E+01
       470  3.182980E+01
       471  1.904810E+01
       472  3.182980E+01
       473  5.357114E+01
       474  8.980515E+01
       475  5.060696E+01
       476  8.947072E+01
       477  4.999133E+01
       478  8.878880E+01
       479  4.961752E+01
       480  8.861642E+01
       481  6.537785E+02
       482  3.683770E+02
       483  1.709510E+02
       484  5.974149E+01
       485  3.382331E+01
       486  6.537785E+02
       487  3.683770E+02
       488  1.709510E+02
       489  5.974149E+01
       490  3.382331E+01
       491  4.196136E+01
       492  7.459971E+01
       493  4.230823E+01
       494  7.475197E+01
       495  4.287830E+01
       496  7.538162E+01
       497  4.569019E+01
       498  7.568292E+01
       499  1.620107E+01
       500  2.673865E+01
       501  1.620107E+01
       502  2.673865E+01
       503  4.569019E+01
       504  7.568292E+01
       505  4.287830E+01
       506  7.538162E+01
       507  4.230823E+01
       508  7.475197E+01
       509  4.196136E+01
       510  7.459971E+01
       511  5.389979E+02
       512  3.048132E+02
       513  1.429592E+02
       514  5.182544E+01
       515  3.057756E+01
       516  5.389979E+02
       517  3.048132E+02
       518  1.429592E+02
       519  5.182544E+01
       520  3.057756E+01
       521  3.494136E+01
       522  6.180687E+01
       523  3.526076E+01
       524  6.194015E+01
       525  3.578509E+01
       526  6.251835E+01
       527  3.843282E+01
       528  6.279123E+01
       529  1.358299E+01
       530  2.210080E+01
       531  1.358299E+01
       532  2.210080E+01
       533  3.843282E+01
       534  6.279123E+01
       535  3.578509E+01
       536  6.251835E+01
       537  3.526076E+01
       538  6.194015E+01
       539  3.494136E+01
       540  6.180687E+01
       541  4.361300E+02
       542  2.477253E+02
       543  1.176530E+02
       544  4.445143E+01
       545  2.737510E+01
       546  4.361300E+02
       547  2.477253E+02
       548  1.176530E+02
       549  4.445143E+01
       550  2.737510E+01
       551  2.858601E+01
       552  5.028185E+01
       553  2.887756E+01
       554  5.039751E+01
       555  2.935621E+01
       556  5.092538E+01
       557  3.182879E+01
       558  5.117460E+01
       559  1.120438E+01
       560  1.793207E+01
       561  1.120438E+01
       562  1.793207E+01
       563  3.182879E+01
       564  5.117460E+01
       565  2.935621E+01
       566  5.092538E+01
       567  2.887756E+01
       568  5.039751E+01
       569  2.858601E+01
       570  5.028185E+01
       571  3.453364E+02
       572  1.972102E+02
       573  9.508482E+01
       574  3.764706E+01
       575  2.423827E+01
       576  3.453364E+02
       577  1.972102E+02
       578  9.508482E+01
       579  3.764706E+01
       580  2.423827E+01
       581  2.291528E+01
       582  4.005206E+01
       583  2.317872E+01
       584  4.015164E+01
       585  2.361200E+01
       586  4.063068E+01
       587  2.589962E+01
       588  4.086090E+01
       589  9.072738E+00
       590  1.424213E+01
       591  9.072738E+00
       592  1.424213E+01
       593  2.589962E+01
       594  4.086090E+01
       595  2.361200E+01
       596  4.063068E+01
       597  2.317872E+01
       598  4.015164E+01
       599  2.291528E+01
       600  4.005206E+01
       601  2.666036E+02
       602  1.532697E+02
       603  7.526821E+01
       604  3.143294E+01
       605  2.118975E+01
       606  2.666036E+02
       607  1.532697E+02
       608  7.526821E+01
       609  3.143294E+01
       610  2.118975E+01
       611  1.793943E+01
       612  3.112686E+01
       613  1.817465E+01
       614  3.121197E+01
       615  1.856316E+01
       616  3.164386E+01
       617  2.065748E+01
       618  3.185955E+01
       619  7.192117E+00
       620  1.103373E+01
       621  7.192117E+00
       622  1.103373E+01
       623  2.065748E+01
       624  3.185955E+01
       625  1.856316E+01
       626  3.164386E+01
       627  1.817465E+01
       628  3.121197E+01
       629  1.793943E+01
       630  3.112686E+01
       631  1.997287E+02
       632  1.158033E+02
       633  5.817484E+01
       634  2.582205E+01
       635  1.825249E+01
       636  1.997287E+02
       637  1.158033E+02
       638  5.817484E+01
       639  2.582205E+01
       640  1.825249E+01
       641  1.365793E+01
       642  2.349588E+01
       643  1.386501E+01
       644  2.356793E+01
       645  1.420964E+01
       646  2.395437E+01
       647  1.610407E+01
       648  2.415953E+01
       649  5.562728E+00
       650  8.302097E+00
       651  5.562728E+00
       652  8.302097E+00
       653  1.610407E+01
       654  2.415953E+01
       655  1.420964E+01
       656  2.395437E+01
       657  1.386501E+01
       658  2.356793E+01
       659  1.365793E+01
       660  2.349588E+01
       661  1.443077E+02
       662  8.460154E+01
       663  4.373181E+01
       664  2.081912E+01
       665  1.544955E+01
       666  1.443077E+02
       667  8.460154E+01
       668  4.373181E+01
       669  2.081912E+01
       670  1.544955E+01
       671  1.005842E+01
       672  1.712680E+01
       673  1.023766E+01
       674  1.718689E+01
       675  1.053962E+01
       676  1.752949E+01
       677  1.222967E+01
       678  1.772762E+01
       679  4.180544E+00
       680  6.034215E+00
       681  4.180544E+00
       682  6.034215E+00
       683  1.222967E+01
       684  1.772762E+01
       685  1.053962E+01
       686  1.752949E+01
       687  1.023766E+01
       688  1.718689E+01
       689  1.005842E+01
       690  1.712680E+01
       691  9.972790E+01
       692  5.934176E+01
       693  3.181964E+01
       694  1.641992E+01
       695  1.280368E+01
       696  9.972790E+01
       697  5.934176E+01
       698  3.181964E+01
       699  1.641992E+01
       700  1.280368E+01
       701  7.115801E+00
       702  1.196307E+01
       703  7.267763E+00
       704  1.201216E+01
       705  7.528582E+00
       706  1.231268E+01
       707  9.012272E+00
       708  1.250691E+01
       709  3.036967E+00
       710  4.208371E+00
       711  3.036967E+00
       712  4.208371E+00
       713  9.012272E+00
       714  1.250691E+01
       715  7.528582E+00
       716  1.231268E+01
       717  7.267763E+00
       718  1.201216E+01
       719  7.115801E+00
       720  1.196307E+01
       721  6.516767E+01
       722  3.958767E+01
       723  2.227156E+01
       724  1.261053E+01
       725  1.033676E+01
       726  6.516767E+01
       727  3.958767E+01
       728  2.227156E+01
       729  1.261053E+01
       730  1.033676E+01
       731  4.791471E+00
       732  7.922753E+00
       733  4.916966E+00
       734  7.962052E+00
       735  5.138563E+00
       736  8.222915E+00
       737  6.416981E+00
       738  8.416308E+00
       739  2.118653E+00
       740  2.793992E+00
       741  2.118653E+00
       742  2.793992E+00
       743  6.416981E+00
       744  8.416308E+00
       745  5.138563E+00
       746  8.222915E+00
       747  4.916966E+00
       748  7.962052E+00
       749  4.791471E+00
       750  7.922753E+00
       751  3.960429E+01
       752  2.479307E+01
       753  1.487472E+01
       754  9.367343E+00
       755  8.069520E+00
       756  3.960429E+01
       757  2.479307E+01
       758  1.487472E+01
       759  9.367343E+00
       760  8.069520E+00
       761  3.033151E+00
       762  4.899725E+00
       763  3.133155E+00
       764  4.930926E+00
       765  3.317873E+00
       766  5.155524E+00
       767  4.395824E+00
       768  5.351258E+00
       769  1.407548E+00
       770  1.751802E+00
       771  1.407548E+00
       772  1.751802E+00
       773  4.395824E+00
       774  5.351258E+00
       775  3.317873E+00
       776  5.155524E+00
       777  3.133155E+00
       778  4.930926E+00
       779  3.033151E+00
       780  4.899725E+00
       781  2.183132E+01
       782  1.431109E+01
       783  9.374528E+00
       784  6.658806E+00
       785  6.022966E+00
       786  2.183132E+01
       787  1.431109E+01
       788  9.374528E+00
       789  6.658806E+00
       790  6.022966E+00
       791  1.775448E+00
       792  2.767424E+00
       793  1.851043E+00
       794  2.792231E+00
       795  2.001731E+00
       796  2.984534E+00
       797  2.888363E+00
       798  3.185314E+00
       799  8.812239E-01
       800  1.034150E+00
       801  8.812239E-01
       802  1.034150E+00
       803  2.888363E+00
       804  3.185314E+00
       805  2.001731E+00
       806  2.984534E+00
       807  1.851043E+00
       808  2.792231E+00
       809  1.775448E+00
       810  2.767424E+00
       811  1.048519E+01
       812  7.410410E+00
       813  5.483391E+00
       814  4.449686E+00
       815  4.221445E+00
       816  1.048519E+01
       817  7.410410E+00
       818  5.483391E+00
       819  4.449686E+00
       820  4.221445E+00
       821  9.406181E-01
       822  1.382162E+00
       823  9.937207E-01
       824  1.401655E+00
       825  1.114621E+00
       826  1.565745E+00
       827  1.824406E+00
       828  1.772871E+00
       829  5.135121E-01
       830  5.855764E-01
       831  5.135121E-01
       832  5.855764E-01
       833  1.824406E+00
       834  1.772871E+00
       835  1.114621E+00
       836  1.565745E+00
       837  9.937207E-01
       838  1.401655E+00
       839  9.406181E-01
       840  1.382162E+00
       841  4.087672E+00
       842  3.302948E+00
       843  2.895383E+00
       844  2.705554E+00
       845  2.696039E+00
       846  4.087672E+00
       847  3.302948E+00
       848  2.895383E+00
       849  2.705554E+00
       850  2.696039E+00
       851  4.390371E-01
       852  5.828394E-01
       853  4.754179E-01
       854  5.985087E-01
       855  5.748964E-01
       856  7.402179E-01
       857  1.130299E+00
       858  9.531606E-01
       859  2.755170E-01
       860  3.441924E-01
       861  2.755170E-01
       862  3.441924E-01
       863  1.130299E+00
       864  9.531606E-01
       865  5.748964E-01
       866  7.402179E-01
       867  4.754179E-01
       868  5.985087E-01
       869  4.390371E-01
       870  5.828394E-01
       871  1.121985E+00
       872  1.180001E+00
       873  1.299420E+00
       874  1.402783E+00
       875  1.487169E+00
       876  1.121985E+00
       877  1.180001E+00
       878  1.299420E+00
       879  1.402783E+00
       880  1.487169E+00
       881  1.711707E-01
       882  1.912030E-01
       883  2.065943E-01
       884  2.110005E-01
       885  2.980571E-01
       886  3.398498E-01
       887  7.312148E-01
       888  5.565525E-01
       889  1.363794E-01
       890  2.449529E-01
       891  1.363794E-01
       892  2.449529E-01
       893  7.312148E-01
       894  5.565525E-01
       895  2.980571E-01
       896  3.398498E-01
       897  2.065943E-01
       898  2.110005E-01
       899  1.711707E-01
       900  1.912030E-01
       901  1.576477E-01
       902  2.751366E-01
       903  4.108618E-01
       904  5.400985E-01
       905  6.653781E-01
       906  1.576477E-01
       907  2.751366E-01
       908  4.108618E-01
       909  5.400985E-01
       910  6.653781E-01
       911  4.768755E-02
       912  3.822621E-02
       913  9.055939E-02
       914  6.767016E-02
       915  1.908032E-01
       916  2.015826E-01
       917  5.593934E-01
       918  4.308199E-01
       919  6.462293E-02
       920  2.327810E-01
       921  6.462293E-02
       922  2.327810E-01
       923  5.593934E-01
       924  4.308199E-01
       925  1.908032E-01
       926  2.015826E-01
       927  9.055939E-02
       928  6.767016E-02
       929  4.768755E-02
       930  3.822621E-02
       931  4.688960E-03
       932  1.574271E-02
       933  3.765804E-02
       934  7.935186E-02
       935  1.829999E-01
       936  4.688960E-03
       937  1.574271E-02
       938  3.765804E-02
       939  7.935186E-02
       940  1.829999E-01
       941  6.494077E-03
       942  3.282970E-03
       943  3.374304E-02
       944  2.373370E-02
       945  1.201859E-01
       946  1.606332E-01
       947  4.633105E-01
       948  4.767309E-01
       949  3.677052E-02
       950  3.150846E-01
       951  3.677052E-02
       952  3.150846E-01
       953  4.633105E-01
       954  4.767309E-01
       955  1.201859E-01
       956  1.606332E-01
       957  3.374304E-02
       958  2.373370E-02
       959  6.494077E-03
       960  3.282970E-03
