    1C
    1UNormalized cross-passage space-truss torsion benchmark            
    1UUSER                                                              
    1UDATE              05.august.2026                                  
    1UTIME              18:13:57                                        
    1UHOST                                                              
    1UPGM               CalculiX                                        
    1UVERSION           Version 2.21                             
    1UCOMPILETIME       Sat Jul 29 10:52:01 CEST 2023                    
    1UDIR                                                               
    1UDBN                                                               
    1UMAT    1STEEL                                                     
    2C                          1272                                     1
 -1       269-1.19372E+00 7.21623E-04-3.54967E-02
 -1       270-1.23021E+00 3.52378E-03-1.93609E-02
 -1       271-1.20628E+00-7.21623E-04 3.54967E-02
 -1       272-1.16979E+00-3.52378E-03 1.93609E-02
 -1       277-1.20145E+00-3.41225E-02-1.15569E-02
 -1       278-1.20010E+00-2.46574E-03-3.59709E-02
 -1       279-1.19855E+00 3.41225E-02 1.15569E-02
 -1       280-1.19990E+00 2.46574E-03 3.59709E-02
 -1       285-1.23365E+00-1.29325E-02 5.48678E-04
 -1       286-1.20099E+00-3.60094E-02 1.52775E-03
 -1       287-1.16635E+00 1.29325E-02-5.48678E-04
 -1       288-1.19901E+00 3.60094E-02-1.52775E-03
 -1       319 1.20170E+00 2.59748E-03-3.59218E-02
 -1       320 1.16755E+00-1.96059E-03-1.55938E-02
 -1       321 1.19830E+00-2.59748E-03 3.59218E-02
 -1       322 1.23245E+00 1.96059E-03 1.55938E-02
 -1       327 1.20143E+00-3.37965E-02-1.24797E-02
 -1       328 1.20006E+00-1.48932E-03-3.60247E-02
 -1       329 1.19857E+00 3.37965E-02 1.24797E-02
 -1       330 1.19994E+00 1.48932E-03 3.60247E-02
 -1       335 1.16707E+00-1.46725E-02-6.22501E-04
 -1       336 1.20089E+00-3.60121E-02-1.52786E-03
 -1       337 1.23293E+00 1.46725E-02 6.22501E-04
 -1       338 1.19911E+00 3.60121E-02 1.52786E-03
 -1       369-1.19291E+00-3.05127E-03 1.96478E+00
 -1       370-1.22976E+00 1.39066E-03 1.97970E+00
 -1       371-1.20709E+00 3.05127E-03 2.03522E+00
 -1       372-1.17024E+00-1.39066E-03 2.02030E+00
 -1       377-1.19857E+00-3.37965E-02 1.98752E+00
 -1       378-1.19994E+00-1.48932E-03 1.96398E+00
 -1       379-1.20143E+00 3.37965E-02 2.01248E+00
 -1       380-1.20006E+00 1.48932E-03 2.03602E+00
 -1       385-1.23293E+00-1.46725E-02 1.99938E+00
 -1       386-1.19911E+00-3.60121E-02 1.99847E+00
 -1       387-1.16707E+00 1.46725E-02 2.00062E+00
 -1       388-1.20089E+00 3.60121E-02 2.00153E+00
 -1       419 1.20311E+00-1.03172E-03 1.96409E+00
 -1       420 1.16818E+00-3.57089E-03 1.98342E+00
 -1       421 1.19689E+00 1.03172E-03 2.03591E+00
 -1       422 1.23182E+00 3.57089E-03 2.01658E+00
 -1       427 1.19855E+00-3.41225E-02 1.98844E+00
 -1       428 1.19990E+00-2.46574E-03 1.96403E+00
 -1       429 1.20145E+00 3.41225E-02 2.01156E+00
 -1       430 1.20010E+00 2.46574E-03 2.03597E+00
 -1       435 1.16635E+00-1.29325E-02 2.00055E+00
 -1       436 1.19901E+00-3.60094E-02 2.00153E+00
 -1       437 1.23365E+00 1.29325E-02 1.99945E+00
 -1       438 1.20099E+00 3.60094E-02 1.99847E+00
 -1       469-1.19624E+00 9.99966E+00-3.58571E-02
 -1       470-1.23163E+00 9.99854E+00-1.72483E-02
 -1       471-1.20376E+00 1.00003E+01 3.58571E-02
 -1       472-1.16837E+00 1.00015E+01 1.72483E-02
 -1       477-1.20145E+00 9.96588E+00-1.15569E-02
 -1       478-1.20010E+00 9.99753E+00-3.59709E-02
 -1       479-1.19855E+00 1.00341E+01 1.15569E-02
 -1       480-1.19990E+00 1.00025E+01 3.59709E-02
 -1       485-1.23365E+00 9.98707E+00 5.48678E-04
 -1       486-1.20099E+00 9.96399E+00 1.52775E-03
 -1       487-1.16635E+00 1.00129E+01-5.48678E-04
 -1       488-1.19901E+00 1.00360E+01-1.52775E-03
 -1       493-1.19216E+00 9.99837E+00-3.51555E-02
 -1       494-1.22914E+00 1.00038E+01-2.08940E-02
 -1       495-1.20784E+00 1.00016E+01 3.51555E-02
 -1       496-1.17086E+00 9.99624E+00 2.08940E-02
 -1       535 1.20439E+00 9.99946E+00-3.57828E-02
 -1       536 1.16866E+00 9.99926E+00-1.78101E-02
 -1       537 1.19561E+00 1.00005E+01 3.57828E-02
 -1       538 1.23134E+00 1.00007E+01 1.78101E-02
 -1       543 1.20143E+00 9.96620E+00-1.24797E-02
 -1       544 1.20006E+00 9.99851E+00-3.60247E-02
 -1       545 1.19857E+00 1.00338E+01 1.24797E-02
 -1       546 1.19994E+00 1.00015E+01 3.60247E-02
 -1       551 1.16707E+00 9.98533E+00-6.22501E-04
 -1       552 1.20089E+00 9.96399E+00-1.52786E-03
 -1       553 1.23293E+00 1.00147E+01 6.22501E-04
 -1       554 1.19911E+00 1.00360E+01 1.52786E-03
 -1       585-1.19667E+00 1.00008E+01 1.96411E+00
 -1       586-1.23183E+00 9.99910E+00 1.98310E+00
 -1       587-1.20333E+00 9.99915E+00 2.03589E+00
 -1       588-1.16817E+00 1.00009E+01 2.01690E+00
 -1       593-1.19857E+00 9.96620E+00 1.98752E+00
 -1       594-1.19994E+00 9.99851E+00 1.96398E+00
 -1       595-1.20143E+00 1.00338E+01 2.01248E+00
 -1       596-1.20006E+00 1.00015E+01 2.03602E+00
 -1       601-1.23293E+00 9.98533E+00 1.99938E+00
 -1       602-1.19911E+00 9.96399E+00 1.99847E+00
 -1       603-1.16707E+00 1.00147E+01 2.00062E+00
 -1       604-1.20089E+00 1.00360E+01 2.00153E+00
 -1       609-1.19295E+00 9.99714E+00 1.96476E+00
 -1       610-1.22978E+00 1.00015E+01 1.97973E+00
 -1       611-1.20705E+00 1.00029E+01 2.03524E+00
 -1       612-1.17022E+00 9.99850E+00 2.02027E+00
 -1       651 1.20406E+00 1.00005E+01 1.96418E+00
 -1       652 1.16849E+00 9.99976E+00 1.98247E+00
 -1       653 1.19594E+00 9.99954E+00 2.03582E+00
 -1       654 1.23151E+00 1.00002E+01 2.01753E+00
 -1       659 1.19855E+00 9.96588E+00 1.98844E+00
 -1       660 1.19990E+00 9.99753E+00 1.96403E+00
 -1       661 1.20145E+00 1.00341E+01 2.01156E+00
 -1       662 1.20010E+00 1.00025E+01 2.03597E+00
 -1       667 1.16635E+00 9.98707E+00 2.00055E+00
 -1       668 1.19901E+00 9.96399E+00 2.00153E+00
 -1       669 1.23365E+00 1.00129E+01 1.99945E+00
 -1       670 1.20099E+00 1.00360E+01 1.99847E+00
 -1       701-1.19505E+00 1.99994E+01-3.57093E-02
 -1       702-1.23106E+00 2.00002E+01-1.83116E-02
 -1       703-1.20495E+00 2.00006E+01 3.57093E-02
 -1       704-1.16894E+00 1.99998E+01 1.83116E-02
 -1       709-1.20145E+00 1.99659E+01-1.15569E-02
 -1       710-1.20010E+00 1.99975E+01-3.59709E-02
 -1       711-1.19855E+00 2.00341E+01 1.15569E-02
 -1       712-1.19990E+00 2.00025E+01 3.59709E-02
 -1       717-1.23365E+00 1.99871E+01 5.48678E-04
 -1       718-1.20099E+00 1.99640E+01 1.52775E-03
 -1       719-1.16635E+00 2.00129E+01-5.48678E-04
 -1       720-1.19901E+00 2.00360E+01-1.52775E-03
 -1       751 1.20437E+00 1.99996E+01-3.57875E-02
 -1       752 1.16865E+00 1.99993E+01-1.77876E-02
 -1       753 1.19563E+00 2.00004E+01 3.57875E-02
 -1       754 1.23135E+00 2.00007E+01 1.77876E-02
 -1       759 1.20143E+00 1.99662E+01-1.24797E-02
 -1       760 1.20006E+00 1.99985E+01-3.60247E-02
 -1       761 1.19857E+00 2.00338E+01 1.24797E-02
 -1       762 1.19994E+00 2.00015E+01 3.60247E-02
 -1       767 1.16707E+00 1.99853E+01-6.22501E-04
 -1       768 1.20089E+00 1.99640E+01-1.52786E-03
 -1       769 1.23293E+00 2.00147E+01 6.22501E-04
 -1       770 1.19911E+00 2.00360E+01 1.52786E-03
 -1       801-1.19536E+00 2.00004E+01 1.96425E+00
 -1       802-1.23122E+00 2.00007E+01 1.98198E+00
 -1       803-1.20464E+00 1.99996E+01 2.03575E+00
 -1       804-1.16878E+00 1.99993E+01 2.01802E+00
 -1       809-1.19857E+00 1.99662E+01 1.98752E+00
 -1       810-1.19994E+00 1.99985E+01 1.96398E+00
 -1       811-1.20143E+00 2.00338E+01 2.01248E+00
 -1       812-1.20006E+00 2.00015E+01 2.03602E+00
 -1       817-1.23293E+00 1.99853E+01 1.99938E+00
 -1       818-1.19911E+00 1.99640E+01 1.99847E+00
 -1       819-1.16707E+00 2.00147E+01 2.00062E+00
 -1       820-1.20089E+00 2.00360E+01 2.00153E+00
 -1       851 1.20403E+00 2.00006E+01 1.96417E+00
 -1       852 1.16848E+00 1.99998E+01 1.98250E+00
 -1       853 1.19597E+00 1.99994E+01 2.03583E+00
 -1       854 1.23152E+00 2.00002E+01 2.01750E+00
 -1       859 1.19855E+00 1.99659E+01 1.98844E+00
 -1       860 1.19990E+00 1.99975E+01 1.96403E+00
 -1       861 1.20145E+00 2.00341E+01 2.01156E+00
 -1       862 1.20010E+00 2.00025E+01 2.03597E+00
 -1       867 1.16635E+00 1.99871E+01 2.00055E+00
 -1       868 1.19901E+00 1.99640E+01 2.00153E+00
 -1       869 1.23365E+00 2.00129E+01 1.99945E+00
 -1       870 1.20099E+00 2.00360E+01 1.99847E+00
 -1       901-1.19505E+00 2.99994E+01-3.57093E-02
 -1       902-1.23106E+00 3.00002E+01-1.83116E-02
 -1       903-1.20495E+00 3.00006E+01 3.57093E-02
 -1       904-1.16894E+00 2.99998E+01 1.83116E-02
 -1       909-1.20145E+00 2.99659E+01-1.15569E-02
 -1       910-1.20010E+00 2.99975E+01-3.59709E-02
 -1       911-1.19855E+00 3.00341E+01 1.15569E-02
 -1       912-1.19990E+00 3.00025E+01 3.59709E-02
 -1       917-1.23365E+00 2.99871E+01 5.48678E-04
 -1       918-1.20099E+00 2.99640E+01 1.52775E-03
 -1       919-1.16635E+00 3.00129E+01-5.48678E-04
 -1       920-1.19901E+00 3.00360E+01-1.52775E-03
 -1       951 1.20437E+00 2.99996E+01-3.57875E-02
 -1       952 1.16865E+00 2.99993E+01-1.77876E-02
 -1       953 1.19563E+00 3.00004E+01 3.57875E-02
 -1       954 1.23135E+00 3.00007E+01 1.77876E-02
 -1       959 1.20143E+00 2.99662E+01-1.24797E-02
 -1       960 1.20006E+00 2.99985E+01-3.60247E-02
 -1       961 1.19857E+00 3.00338E+01 1.24797E-02
 -1       962 1.19994E+00 3.00015E+01 3.60247E-02
 -1       967 1.16707E+00 2.99853E+01-6.22501E-04
 -1       968 1.20089E+00 2.99640E+01-1.52786E-03
 -1       969 1.23293E+00 3.00147E+01 6.22501E-04
 -1       970 1.19911E+00 3.00360E+01 1.52786E-03
 -1      1001-1.19536E+00 3.00004E+01 1.96425E+00
 -1      1002-1.23122E+00 3.00007E+01 1.98198E+00
 -1      1003-1.20464E+00 2.99996E+01 2.03575E+00
 -1      1004-1.16878E+00 2.99993E+01 2.01802E+00
 -1      1009-1.19857E+00 2.99662E+01 1.98752E+00
 -1      1010-1.19994E+00 2.99985E+01 1.96398E+00
 -1      1011-1.20143E+00 3.00338E+01 2.01248E+00
 -1      1012-1.20006E+00 3.00015E+01 2.03602E+00
 -1      1017-1.23293E+00 2.99853E+01 1.99938E+00
 -1      1018-1.19911E+00 2.99640E+01 1.99847E+00
 -1      1019-1.16707E+00 3.00147E+01 2.00062E+00
 -1      1020-1.20089E+00 3.00360E+01 2.00153E+00
 -1      1051 1.20403E+00 3.00006E+01 1.96417E+00
 -1      1052 1.16848E+00 2.99998E+01 1.98250E+00
 -1      1053 1.19597E+00 2.99994E+01 2.03583E+00
 -1      1054 1.23152E+00 3.00002E+01 2.01750E+00
 -1      1059 1.19855E+00 2.99659E+01 1.98844E+00
 -1      1060 1.19990E+00 2.99975E+01 1.96403E+00
 -1      1061 1.20145E+00 3.00341E+01 2.01156E+00
 -1      1062 1.20010E+00 3.00025E+01 2.03597E+00
 -1      1067 1.16635E+00 2.99871E+01 2.00055E+00
 -1      1068 1.19901E+00 2.99640E+01 2.00153E+00
 -1      1069 1.23365E+00 3.00129E+01 1.99945E+00
 -1      1070 1.20099E+00 3.00360E+01 1.99847E+00
 -1      1101-1.19503E+00 3.99994E+01-3.57052E-02
 -1      1102-1.23105E+00 4.00001E+01-1.83294E-02
 -1      1103-1.20497E+00 4.00006E+01 3.57052E-02
 -1      1104-1.16895E+00 3.99999E+01 1.83294E-02
 -1      1109-1.20145E+00 3.99659E+01-1.15569E-02
 -1      1110-1.20010E+00 3.99975E+01-3.59709E-02
 -1      1111-1.19855E+00 4.00341E+01 1.15569E-02
 -1      1112-1.19990E+00 4.00025E+01 3.59709E-02
 -1      1117-1.23365E+00 3.99871E+01 5.48678E-04
 -1      1118-1.20099E+00 3.99640E+01 1.52775E-03
 -1      1119-1.16635E+00 4.00129E+01-5.48678E-04
 -1      1120-1.19901E+00 4.00360E+01-1.52775E-03
 -1      1151 1.20434E+00 3.99996E+01-3.57913E-02
 -1      1152 1.16863E+00 3.99993E+01-1.77681E-02
 -1      1153 1.19566E+00 4.00004E+01 3.57913E-02
 -1      1154 1.23137E+00 4.00007E+01 1.77681E-02
 -1      1159 1.20143E+00 3.99662E+01-1.24797E-02
 -1      1160 1.20006E+00 3.99985E+01-3.60247E-02
 -1      1161 1.19857E+00 4.00338E+01 1.24797E-02
 -1      1162 1.19994E+00 4.00015E+01 3.60247E-02
 -1      1167 1.16707E+00 3.99853E+01-6.22501E-04
 -1      1168 1.20089E+00 3.99640E+01-1.52786E-03
 -1      1169 1.23293E+00 4.00147E+01 6.22501E-04
 -1      1170 1.19911E+00 4.00360E+01 1.52786E-03
 -1      1201-1.19534E+00 4.00004E+01 1.96425E+00
 -1      1202-1.23121E+00 4.00007E+01 1.98196E+00
 -1      1203-1.20466E+00 3.99996E+01 2.03575E+00
 -1      1204-1.16879E+00 3.99993E+01 2.01804E+00
 -1      1209-1.19857E+00 3.99662E+01 1.98752E+00
 -1      1210-1.19994E+00 3.99985E+01 1.96398E+00
 -1      1211-1.20143E+00 4.00338E+01 2.01248E+00
 -1      1212-1.20006E+00 4.00015E+01 2.03602E+00
 -1      1217-1.23293E+00 3.99853E+01 1.99938E+00
 -1      1218-1.19911E+00 3.99640E+01 1.99847E+00
 -1      1219-1.16707E+00 4.00147E+01 2.00062E+00
 -1      1220-1.20089E+00 4.00360E+01 2.00153E+00
 -1      1251 1.20400E+00 4.00006E+01 1.96417E+00
 -1      1252 1.16847E+00 3.99998E+01 1.98252E+00
 -1      1253 1.19600E+00 3.99994E+01 2.03583E+00
 -1      1254 1.23153E+00 4.00002E+01 2.01748E+00
 -1      1259 1.19855E+00 3.99659E+01 1.98844E+00
 -1      1260 1.19990E+00 3.99975E+01 1.96403E+00
 -1      1261 1.20145E+00 4.00341E+01 2.01156E+00
 -1      1262 1.20010E+00 4.00025E+01 2.03597E+00
 -1      1267 1.16635E+00 3.99871E+01 2.00055E+00
 -1      1268 1.19901E+00 3.99640E+01 2.00153E+00
 -1      1269 1.23365E+00 4.00129E+01 1.99945E+00
 -1      1270 1.20099E+00 4.00360E+01 1.99847E+00
 -1      1301-1.19611E+00 4.99979E+01-3.57828E-02
 -1      1302-1.23152E+00 4.99968E+01-1.72113E-02
 -1      1303-1.20389E+00 5.00021E+01 3.57828E-02
 -1      1304-1.16848E+00 5.00032E+01 1.72113E-02
 -1      1309-1.20145E+00 4.99659E+01-1.15569E-02
 -1      1310-1.20010E+00 4.99975E+01-3.59709E-02
 -1      1311-1.19855E+00 5.00341E+01 1.15569E-02
 -1      1312-1.19990E+00 5.00025E+01 3.59709E-02
 -1      1317-1.23365E+00 4.99871E+01 5.48678E-04
 -1      1318-1.20099E+00 4.99640E+01 1.52775E-03
 -1      1319-1.16635E+00 5.00129E+01-5.48678E-04
 -1      1320-1.19901E+00 5.00360E+01-1.52775E-03
 -1      1351 1.20661E+00 4.99962E+01-3.52441E-02
 -1      1352 1.16989E+00 5.00001E+01-1.98375E-02
 -1      1353 1.19339E+00 5.00038E+01 3.52441E-02
 -1      1354 1.23011E+00 4.99999E+01 1.98375E-02
 -1      1359 1.20143E+00 4.99662E+01-1.24797E-02
 -1      1360 1.20006E+00 4.99985E+01-3.60247E-02
 -1      1361 1.19857E+00 5.00338E+01 1.24797E-02
 -1      1362 1.19994E+00 5.00015E+01 3.60247E-02
 -1      1367 1.16707E+00 4.99853E+01-6.22501E-04
 -1      1368 1.20089E+00 4.99640E+01-1.52786E-03
 -1      1369 1.23293E+00 5.00147E+01 6.22501E-04
 -1      1370 1.19911E+00 5.00360E+01 1.52786E-03
 -1      1401-1.19823E+00 5.00035E+01 1.96416E+00
 -1      1402-1.23249E+00 4.99994E+01 1.98438E+00
 -1      1403-1.20177E+00 4.99965E+01 2.03584E+00
 -1      1404-1.16751E+00 5.00006E+01 2.01562E+00
 -1      1409-1.19857E+00 4.99662E+01 1.98752E+00
 -1      1410-1.19994E+00 4.99985E+01 1.96398E+00
 -1      1411-1.20143E+00 5.00338E+01 2.01248E+00
 -1      1412-1.20006E+00 5.00015E+01 2.03602E+00
 -1      1417-1.23293E+00 4.99853E+01 1.99938E+00
 -1      1418-1.19911E+00 4.99640E+01 1.99847E+00
 -1      1419-1.16707E+00 5.00147E+01 2.00062E+00
 -1      1420-1.20089E+00 5.00360E+01 2.00153E+00
 -1      1451 1.20516E+00 5.00020E+01 1.96437E+00
 -1      1452 1.16912E+00 5.00032E+01 1.98168E+00
 -1      1453 1.19484E+00 4.99980E+01 2.03563E+00
 -1      1454 1.23088E+00 4.99968E+01 2.01832E+00
 -1      1459 1.19855E+00 4.99659E+01 1.98844E+00
 -1      1460 1.19990E+00 4.99975E+01 1.96403E+00
 -1      1461 1.20145E+00 5.00341E+01 2.01156E+00
 -1      1462 1.20010E+00 5.00025E+01 2.03597E+00
 -1      1467 1.16635E+00 4.99871E+01 2.00055E+00
 -1      1468 1.19901E+00 4.99640E+01 2.00153E+00
 -1      1469 1.23365E+00 5.00129E+01 1.99945E+00
 -1      1470 1.20099E+00 5.00360E+01 1.99847E+00
 -1      1501-1.19510E+00 1.24849E+00-9.30910E-02
 -1      1502-1.23109E+00 1.24923E+00-7.56508E-02
 -1      1503-1.20490E+00 1.25151E+00-2.17140E-02
 -1      1504-1.16891E+00 1.25077E+00-3.91543E-02
 -1      1509-1.19519E+00 2.49884E+00-1.41781E-01
 -1      1510-1.23114E+00 2.49941E+00-1.24237E-01
 -1      1511-1.20481E+00 2.50116E+00-7.03511E-02
 -1      1512-1.16886E+00 2.50059E+00-8.78954E-02
 -1      1517-1.19534E+00 3.74937E+00-1.74330E-01
 -1      1518-1.23121E+00 3.74968E+00-1.56628E-01
 -1      1519-1.20466E+00 3.75063E+00-1.02834E-01
 -1      1520-1.16879E+00 3.75032E+00-1.20535E-01
 -1      1525-1.19553E+00 5.00000E+00-1.85777E-01
 -1      1526-1.23131E+00 5.00000E+00-1.67888E-01
 -1      1527-1.20447E+00 5.00000E+00-1.14223E-01
 -1      1528-1.16869E+00 5.00000E+00-1.32112E-01
 -1      1533-1.19572E+00 6.25063E+00-1.74377E-01
 -1      1534-1.23140E+00 6.25031E+00-1.56298E-01
 -1      1535-1.20428E+00 6.24937E+00-1.02787E-01
 -1      1536-1.16860E+00 6.24969E+00-1.20866E-01
 -1      1541-1.19589E+00 7.50116E+00-1.41868E-01
 -1      1542-1.23149E+00 7.50057E+00-1.23626E-01
 -1      1543-1.20411E+00 7.49884E+00-7.02642E-02
 -1      1544-1.16851E+00 7.49943E+00-8.85056E-02
 -1      1549-1.19601E+00 8.75152E+00-9.32042E-02
 -1      1550-1.23154E+00 8.75074E+00-7.48534E-02
 -1      1551-1.20399E+00 8.74848E+00-2.16008E-02
 -1      1552-1.16846E+00 8.74926E+00-3.99517E-02
 -1      1557 1.20399E+00 1.25152E+00 2.16008E-02
 -1      1558 1.16846E+00 1.25074E+00 3.99517E-02
 -1      1559 1.19601E+00 1.24848E+00 9.32042E-02
 -1      1560 1.23154E+00 1.24926E+00 7.48534E-02
 -1      1565 1.20411E+00 2.50116E+00 7.02642E-02
 -1      1566 1.16851E+00 2.50057E+00 8.85056E-02
 -1      1567 1.19589E+00 2.49884E+00 1.41868E-01
 -1      1568 1.23149E+00 2.49943E+00 1.23626E-01
 -1      1573 1.20428E+00 3.75063E+00 1.02787E-01
 -1      1574 1.16860E+00 3.75031E+00 1.20866E-01
 -1      1575 1.19572E+00 3.74937E+00 1.74377E-01
 -1      1576 1.23140E+00 3.74969E+00 1.56298E-01
 -1      1581 1.20447E+00 5.00000E+00 1.14223E-01
 -1      1582 1.16869E+00 5.00000E+00 1.32112E-01
 -1      1583 1.19553E+00 5.00000E+00 1.85777E-01
 -1      1584 1.23131E+00 5.00000E+00 1.67888E-01
 -1      1589 1.20466E+00 6.24937E+00 1.02834E-01
 -1      1590 1.16879E+00 6.24968E+00 1.20535E-01
 -1      1591 1.19534E+00 6.25063E+00 1.74330E-01
 -1      1592 1.23121E+00 6.25032E+00 1.56628E-01
 -1      1597 1.20481E+00 7.49884E+00 7.03511E-02
 -1      1598 1.16886E+00 7.49941E+00 8.78954E-02
 -1      1599 1.19519E+00 7.50116E+00 1.41781E-01
 -1      1600 1.23114E+00 7.50059E+00 1.24237E-01
 -1      1605 1.20490E+00 8.74849E+00 2.17140E-02
 -1      1606 1.16891E+00 8.74923E+00 3.91543E-02
 -1      1607 1.19510E+00 8.75151E+00 9.30910E-02
 -1      1608 1.23109E+00 8.75077E+00 7.56508E-02
 -1      1613-1.19510E+00 1.24849E+00 1.90691E+00
 -1      1614-1.23109E+00 1.24923E+00 1.92435E+00
 -1      1615-1.20490E+00 1.25151E+00 1.97829E+00
 -1      1616-1.16891E+00 1.25077E+00 1.96085E+00
 -1      1621-1.19519E+00 2.49884E+00 1.85822E+00
 -1      1622-1.23114E+00 2.49941E+00 1.87576E+00
 -1      1623-1.20481E+00 2.50116E+00 1.92965E+00
 -1      1624-1.16886E+00 2.50059E+00 1.91210E+00
 -1      1629-1.19534E+00 3.74937E+00 1.82567E+00
 -1      1630-1.23121E+00 3.74968E+00 1.84337E+00
 -1      1631-1.20466E+00 3.75063E+00 1.89717E+00
 -1      1632-1.16879E+00 3.75032E+00 1.87946E+00
 -1      1637-1.19553E+00 5.00000E+00 1.81422E+00
 -1      1638-1.23131E+00 5.00000E+00 1.83211E+00
 -1      1639-1.20447E+00 5.00000E+00 1.88578E+00
 -1      1640-1.16869E+00 5.00000E+00 1.86789E+00
 -1      1645-1.19572E+00 6.25063E+00 1.82562E+00
 -1      1646-1.23140E+00 6.25031E+00 1.84370E+00
 -1      1647-1.20428E+00 6.24937E+00 1.89721E+00
 -1      1648-1.16860E+00 6.24969E+00 1.87913E+00
 -1      1653-1.19589E+00 7.50116E+00 1.85813E+00
 -1      1654-1.23149E+00 7.50057E+00 1.87637E+00
 -1      1655-1.20411E+00 7.49884E+00 1.92974E+00
 -1      1656-1.16851E+00 7.49943E+00 1.91149E+00
 -1      1661-1.19601E+00 8.75152E+00 1.90680E+00
 -1      1662-1.23154E+00 8.75074E+00 1.92515E+00
 -1      1663-1.20399E+00 8.74848E+00 1.97840E+00
 -1      1664-1.16846E+00 8.74926E+00 1.96005E+00
 -1      1669 1.20399E+00 1.25152E+00 2.02160E+00
 -1      1670 1.16846E+00 1.25074E+00 2.03995E+00
 -1      1671 1.19601E+00 1.24848E+00 2.09320E+00
 -1      1672 1.23154E+00 1.24926E+00 2.07485E+00
 -1      1677 1.20411E+00 2.50116E+00 2.07026E+00
 -1      1678 1.16851E+00 2.50057E+00 2.08851E+00
 -1      1679 1.19589E+00 2.49884E+00 2.14187E+00
 -1      1680 1.23149E+00 2.49943E+00 2.12363E+00
 -1      1685 1.20428E+00 3.75063E+00 2.10279E+00
 -1      1686 1.16860E+00 3.75031E+00 2.12087E+00
 -1      1687 1.19572E+00 3.74937E+00 2.17438E+00
 -1      1688 1.23140E+00 3.74969E+00 2.15630E+00
 -1      1693 1.20447E+00 5.00000E+00 2.11422E+00
 -1      1694 1.16869E+00 5.00000E+00 2.13211E+00
 -1      1695 1.19553E+00 5.00000E+00 2.18578E+00
 -1      1696 1.23131E+00 5.00000E+00 2.16789E+00
 -1      1701 1.20466E+00 6.24937E+00 2.10283E+00
 -1      1702 1.16879E+00 6.24968E+00 2.12054E+00
 -1      1703 1.19534E+00 6.25063E+00 2.17433E+00
 -1      1704 1.23121E+00 6.25032E+00 2.15663E+00
 -1      1709 1.20481E+00 7.49884E+00 2.07035E+00
 -1      1710 1.16886E+00 7.49941E+00 2.08790E+00
 -1      1711 1.19519E+00 7.50116E+00 2.14178E+00
 -1      1712 1.23114E+00 7.50059E+00 2.12424E+00
 -1      1717 1.20490E+00 8.74849E+00 2.02171E+00
 -1      1718 1.16891E+00 8.74923E+00 2.03915E+00
 -1      1719 1.19510E+00 8.75151E+00 2.09309E+00
 -1      1720 1.23109E+00 8.75077E+00 2.07565E+00
 -1      1725-1.19553E+00 1.50000E+01-1.85778E-01
 -1      1726-1.23131E+00 1.50000E+01-1.67883E-01
 -1      1727-1.20447E+00 1.50000E+01-1.14222E-01
 -1      1728-1.16869E+00 1.50000E+01-1.32117E-01
 -1      1733 1.20447E+00 1.50000E+01 1.14222E-01
 -1      1734 1.16869E+00 1.50000E+01 1.32117E-01
 -1      1735 1.19553E+00 1.50000E+01 1.85778E-01
 -1      1736 1.23131E+00 1.50000E+01 1.67883E-01
 -1      1741-1.19553E+00 1.50000E+01 1.81422E+00
 -1      1742-1.23131E+00 1.50000E+01 1.83212E+00
 -1      1743-1.20447E+00 1.50000E+01 1.88578E+00
 -1      1744-1.16869E+00 1.50000E+01 1.86788E+00
 -1      1749 1.20447E+00 1.50000E+01 2.11422E+00
 -1      1750 1.16869E+00 1.50000E+01 2.13212E+00
 -1      1751 1.19553E+00 1.50000E+01 2.18578E+00
 -1      1752 1.23131E+00 1.50000E+01 2.16788E+00
 -1      1757-1.19553E+00 2.50000E+01-1.85778E-01
 -1      1758-1.23131E+00 2.50000E+01-1.67883E-01
 -1      1759-1.20447E+00 2.50000E+01-1.14222E-01
 -1      1760-1.16869E+00 2.50000E+01-1.32117E-01
 -1      1765 1.20447E+00 2.50000E+01 1.14222E-01
 -1      1766 1.16869E+00 2.50000E+01 1.32117E-01
 -1      1767 1.19553E+00 2.50000E+01 1.85778E-01
 -1      1768 1.23131E+00 2.50000E+01 1.67883E-01
 -1      1773-1.19553E+00 2.50000E+01 1.81422E+00
 -1      1774-1.23131E+00 2.50000E+01 1.83212E+00
 -1      1775-1.20447E+00 2.50000E+01 1.88578E+00
 -1      1776-1.16869E+00 2.50000E+01 1.86788E+00
 -1      1781 1.20447E+00 2.50000E+01 2.11422E+00
 -1      1782 1.16869E+00 2.50000E+01 2.13212E+00
 -1      1783 1.19553E+00 2.50000E+01 2.18578E+00
 -1      1784 1.23131E+00 2.50000E+01 2.16788E+00
 -1      1789-1.19553E+00 3.50000E+01-1.85778E-01
 -1      1790-1.23131E+00 3.50000E+01-1.67883E-01
 -1      1791-1.20447E+00 3.50000E+01-1.14222E-01
 -1      1792-1.16869E+00 3.50000E+01-1.32117E-01
 -1      1797 1.20447E+00 3.50000E+01 1.14222E-01
 -1      1798 1.16869E+00 3.50000E+01 1.32117E-01
 -1      1799 1.19553E+00 3.50000E+01 1.85778E-01
 -1      1800 1.23131E+00 3.50000E+01 1.67883E-01
 -1      1805-1.19553E+00 3.50000E+01 1.81422E+00
 -1      1806-1.23131E+00 3.50000E+01 1.83212E+00
 -1      1807-1.20447E+00 3.50000E+01 1.88578E+00
 -1      1808-1.16869E+00 3.50000E+01 1.86788E+00
 -1      1813 1.20447E+00 3.50000E+01 2.11422E+00
 -1      1814 1.16869E+00 3.50000E+01 2.13212E+00
 -1      1815 1.19553E+00 3.50000E+01 2.18578E+00
 -1      1816 1.23131E+00 3.50000E+01 2.16788E+00
 -1      1821-1.19522E+00 4.24989E+01-1.41787E-01
 -1      1822-1.23115E+00 4.24995E+01-1.24216E-01
 -1      1823-1.20478E+00 4.25011E+01-7.03450E-02
 -1      1824-1.16885E+00 4.25005E+01-8.79159E-02
 -1      1829-1.19553E+00 4.50000E+01-1.85777E-01
 -1      1830-1.23131E+00 4.50000E+01-1.67887E-01
 -1      1831-1.20447E+00 4.50000E+01-1.14223E-01
 -1      1832-1.16869E+00 4.50000E+01-1.32113E-01
 -1      1837-1.19586E+00 4.75011E+01-1.41867E-01
 -1      1838-1.23147E+00 4.75005E+01-1.23652E-01
 -1      1839-1.20414E+00 4.74989E+01-7.02647E-02
 -1      1840-1.16853E+00 4.74995E+01-8.84797E-02
 -1      1845 1.20414E+00 4.25011E+01 7.02647E-02
 -1      1846 1.16853E+00 4.25005E+01 8.84797E-02
 -1      1847 1.19586E+00 4.24989E+01 1.41867E-01
 -1      1848 1.23147E+00 4.24995E+01 1.23652E-01
 -1      1853 1.20447E+00 4.50000E+01 1.14223E-01
 -1      1854 1.16869E+00 4.50000E+01 1.32113E-01
 -1      1855 1.19553E+00 4.50000E+01 1.85777E-01
 -1      1856 1.23131E+00 4.50000E+01 1.67887E-01
 -1      1861 1.20478E+00 4.74989E+01 7.03450E-02
 -1      1862 1.16885E+00 4.74995E+01 8.79159E-02
 -1      1863 1.19522E+00 4.75011E+01 1.41787E-01
 -1      1864 1.23115E+00 4.75005E+01 1.24216E-01
 -1      1869-1.19522E+00 4.24989E+01 1.85821E+00
 -1      1870-1.23115E+00 4.24995E+01 1.87578E+00
 -1      1871-1.20478E+00 4.25011E+01 1.92966E+00
 -1      1872-1.16885E+00 4.25005E+01 1.91208E+00
 -1      1877-1.19553E+00 4.50000E+01 1.81422E+00
 -1      1878-1.23131E+00 4.50000E+01 1.83211E+00
 -1      1879-1.20447E+00 4.50000E+01 1.88578E+00
 -1      1880-1.16869E+00 4.50000E+01 1.86789E+00
 -1      1885-1.19586E+00 4.75011E+01 1.85813E+00
 -1      1886-1.23147E+00 4.75005E+01 1.87635E+00
 -1      1887-1.20414E+00 4.74989E+01 1.92974E+00
 -1      1888-1.16853E+00 4.74995E+01 1.91152E+00
 -1      1893 1.20414E+00 4.25011E+01 2.07026E+00
 -1      1894 1.16853E+00 4.25005E+01 2.08848E+00
 -1      1895 1.19586E+00 4.24989E+01 2.14187E+00
 -1      1896 1.23147E+00 4.24995E+01 2.12365E+00
 -1      1901 1.20447E+00 4.50000E+01 2.11422E+00
 -1      1902 1.16869E+00 4.50000E+01 2.13211E+00
 -1      1903 1.19553E+00 4.50000E+01 2.18578E+00
 -1      1904 1.23131E+00 4.50000E+01 2.16789E+00
 -1      1909 1.20478E+00 4.74989E+01 2.07034E+00
 -1      1910 1.16885E+00 4.74995E+01 2.08792E+00
 -1      1911 1.19522E+00 4.75011E+01 2.14179E+00
 -1      1912 1.23115E+00 4.75005E+01 2.12422E+00
 -1      1917-6.01023E-01-5.95507E-02-1.16832E-02
 -1      1918-6.00070E-01-2.77896E-02-3.59798E-02
 -1      1919-5.98977E-01 8.63897E-03 1.16832E-02
 -1      1920-5.99930E-01-2.31221E-02 3.59798E-02
 -1      1925 0.00000E+00-6.99997E-02-1.20008E-02
 -1      1926 0.00000E+00-3.79991E-02-3.60000E-02
 -1      1927 0.00000E+00-2.00028E-03 1.20008E-02
 -1      1928 0.00000E+00-3.40009E-02 3.60000E-02
 -1      1933 6.01016E-01-5.93202E-02-1.23359E-02
 -1      1934 6.00049E-01-2.70988E-02-3.60180E-02
 -1      1935 5.98984E-01 8.40852E-03 1.23359E-02
 -1      1936 5.99951E-01-2.38129E-02 3.60180E-02
 -1      1941-5.98984E-01-8.40852E-03 1.98766E+00
 -1      1942-5.99951E-01 2.38129E-02 1.96398E+00
 -1      1943-6.01016E-01 5.93202E-02 2.01234E+00
 -1      1944-6.00049E-01 2.70988E-02 2.03602E+00
 -1      1949 0.00000E+00 2.00028E-03 1.98800E+00
 -1      1950 0.00000E+00 3.40009E-02 1.96400E+00
 -1      1951 0.00000E+00 6.99997E-02 2.01200E+00
 -1      1952 0.00000E+00 3.79991E-02 2.03600E+00
 -1      1957 5.98977E-01-8.63897E-03 1.98832E+00
 -1      1958 5.99930E-01 2.31221E-02 1.96402E+00
 -1      1959 6.01023E-01 5.95507E-02 2.01168E+00
 -1      1960 6.00070E-01 2.77896E-02 2.03598E+00
 -1      1965-1.23354E+00 7.99623E-03 5.00396E-01
 -1      1966-1.20070E+00-1.48194E-02 5.01081E-01
 -1      1967-1.16646E+00 3.44302E-02 4.99604E-01
 -1      1968-1.19930E+00 5.72458E-02 4.98919E-01
 -1      1973-1.23328E+00 1.61383E-02 1.00000E+00
 -1      1974-1.20001E+00-6.05551E-03 1.00000E+00
 -1      1975-1.16672E+00 4.38617E-02 1.00000E+00
 -1      1976-1.19999E+00 6.60555E-02 1.00000E+00
 -1      1981-1.23303E+00 6.76606E-03 1.49957E+00
 -1      1982-1.19936E+00-1.48205E-02 1.49892E+00
 -1      1983-1.16697E+00 3.56603E-02 1.50043E+00
 -1      1984-1.20064E+00 5.72469E-02 1.50108E+00
 -1      1989 1.16697E+00-3.56603E-02 4.99567E-01
 -1      1990 1.20064E+00-5.72469E-02 4.98919E-01
 -1      1991 1.23303E+00-6.76606E-03 5.00433E-01
 -1      1992 1.19936E+00 1.48205E-02 5.01081E-01
 -1      1997 1.16672E+00-4.38617E-02 1.00000E+00
 -1      1998 1.19999E+00-6.60555E-02 1.00000E+00
 -1      1999 1.23328E+00-1.61383E-02 1.00000E+00
 -1      2000 1.20001E+00 6.05551E-03 1.00000E+00
 -1      2005 1.16646E+00-3.44302E-02 1.50040E+00
 -1      2006 1.19930E+00-5.72458E-02 1.50108E+00
 -1      2007 1.23354E+00-7.99623E-03 1.49960E+00
 -1      2008 1.20070E+00 1.48194E-02 1.49892E+00
 -1      2013-6.01023E-01 9.94045E+00-1.16832E-02
 -1      2014-6.00070E-01 9.97221E+00-3.59798E-02
 -1      2015-5.98977E-01 1.00086E+01 1.16832E-02
 -1      2016-5.99930E-01 9.97688E+00 3.59798E-02
 -1      2021 0.00000E+00 9.93000E+00-1.20008E-02
 -1      2022 0.00000E+00 9.96200E+00-3.60000E-02
 -1      2023 0.00000E+00 9.99800E+00 1.20008E-02
 -1      2024 0.00000E+00 9.96600E+00 3.60000E-02
 -1      2029 6.01016E-01 9.94068E+00-1.23359E-02
 -1      2030 6.00049E-01 9.97290E+00-3.60180E-02
 -1      2031 5.98984E-01 1.00084E+01 1.23359E-02
 -1      2032 5.99951E-01 9.97619E+00 3.60180E-02
 -1      2037-5.98984E-01 9.99159E+00 1.98766E+00
 -1      2038-5.99951E-01 1.00238E+01 1.96398E+00
 -1      2039-6.01016E-01 1.00593E+01 2.01234E+00
 -1      2040-6.00049E-01 1.00271E+01 2.03602E+00
 -1      2045 0.00000E+00 1.00020E+01 1.98800E+00
 -1      2046 0.00000E+00 1.00340E+01 1.96400E+00
 -1      2047 0.00000E+00 1.00700E+01 2.01200E+00
 -1      2048 0.00000E+00 1.00380E+01 2.03600E+00
 -1      2053 5.98977E-01 9.99136E+00 1.98832E+00
 -1      2054 5.99930E-01 1.00231E+01 1.96402E+00
 -1      2055 6.01023E-01 1.00596E+01 2.01168E+00
 -1      2056 6.00070E-01 1.00278E+01 2.03598E+00
 -1      2061-1.23354E+00 1.00080E+01 5.00396E-01
 -1      2062-1.20070E+00 9.98518E+00 5.01081E-01
 -1      2063-1.16646E+00 1.00344E+01 4.99604E-01
 -1      2064-1.19930E+00 1.00572E+01 4.98919E-01
 -1      2069-1.23328E+00 1.00161E+01 1.00000E+00
 -1      2070-1.20001E+00 9.99394E+00 1.00000E+00
 -1      2071-1.16672E+00 1.00439E+01 1.00000E+00
 -1      2072-1.19999E+00 1.00661E+01 1.00000E+00
 -1      2077-1.23303E+00 1.00068E+01 1.49957E+00
 -1      2078-1.19936E+00 9.98518E+00 1.49892E+00
 -1      2079-1.16697E+00 1.00357E+01 1.50043E+00
 -1      2080-1.20064E+00 1.00572E+01 1.50108E+00
 -1      2085 1.16697E+00 9.96434E+00 4.99567E-01
 -1      2086 1.20064E+00 9.94275E+00 4.98919E-01
 -1      2087 1.23303E+00 9.99323E+00 5.00433E-01
 -1      2088 1.19936E+00 1.00148E+01 5.01081E-01
 -1      2093 1.16672E+00 9.95614E+00 1.00000E+00
 -1      2094 1.19999E+00 9.93394E+00 1.00000E+00
 -1      2095 1.23328E+00 9.98386E+00 1.00000E+00
 -1      2096 1.20001E+00 1.00061E+01 1.00000E+00
 -1      2101 1.16646E+00 9.96557E+00 1.50040E+00
 -1      2102 1.19930E+00 9.94275E+00 1.50108E+00
 -1      2103 1.23354E+00 9.99200E+00 1.49960E+00
 -1      2104 1.20070E+00 1.00148E+01 1.49892E+00
 -1      2109-6.01023E-01 1.99404E+01-1.16832E-02
 -1      2110-6.00070E-01 1.99722E+01-3.59798E-02
 -1      2111-5.98977E-01 2.00086E+01 1.16832E-02
 -1      2112-5.99930E-01 1.99769E+01 3.59798E-02
 -1      2117 0.00000E+00 1.99300E+01-1.20008E-02
 -1      2118 0.00000E+00 1.99620E+01-3.60000E-02
 -1      2119 0.00000E+00 1.99980E+01 1.20008E-02
 -1      2120 0.00000E+00 1.99660E+01 3.60000E-02
 -1      2125 6.01016E-01 1.99407E+01-1.23359E-02
 -1      2126 6.00049E-01 1.99729E+01-3.60180E-02
 -1      2127 5.98984E-01 2.00084E+01 1.23359E-02
 -1      2128 5.99951E-01 1.99762E+01 3.60180E-02
 -1      2133-5.98984E-01 1.99916E+01 1.98766E+00
 -1      2134-5.99951E-01 2.00238E+01 1.96398E+00
 -1      2135-6.01016E-01 2.00593E+01 2.01234E+00
 -1      2136-6.00049E-01 2.00271E+01 2.03602E+00
 -1      2141 0.00000E+00 2.00020E+01 1.98800E+00
 -1      2142 0.00000E+00 2.00340E+01 1.96400E+00
 -1      2143 0.00000E+00 2.00700E+01 2.01200E+00
 -1      2144 0.00000E+00 2.00380E+01 2.03600E+00
 -1      2149 5.98977E-01 1.99914E+01 1.98832E+00
 -1      2150 5.99930E-01 2.00231E+01 1.96402E+00
 -1      2151 6.01023E-01 2.00596E+01 2.01168E+00
 -1      2152 6.00070E-01 2.00278E+01 2.03598E+00
 -1      2157-1.23354E+00 2.00080E+01 5.00396E-01
 -1      2158-1.20070E+00 1.99852E+01 5.01081E-01
 -1      2159-1.16646E+00 2.00344E+01 4.99604E-01
 -1      2160-1.19930E+00 2.00572E+01 4.98919E-01
 -1      2165-1.23328E+00 2.00161E+01 1.00000E+00
 -1      2166-1.20001E+00 1.99939E+01 1.00000E+00
 -1      2167-1.16672E+00 2.00439E+01 1.00000E+00
 -1      2168-1.19999E+00 2.00661E+01 1.00000E+00
 -1      2173-1.23303E+00 2.00068E+01 1.49957E+00
 -1      2174-1.19936E+00 1.99852E+01 1.49892E+00
 -1      2175-1.16697E+00 2.00357E+01 1.50043E+00
 -1      2176-1.20064E+00 2.00572E+01 1.50108E+00
 -1      2181 1.16697E+00 1.99643E+01 4.99567E-01
 -1      2182 1.20064E+00 1.99428E+01 4.98919E-01
 -1      2183 1.23303E+00 1.99932E+01 5.00433E-01
 -1      2184 1.19936E+00 2.00148E+01 5.01081E-01
 -1      2189 1.16672E+00 1.99561E+01 1.00000E+00
 -1      2190 1.19999E+00 1.99339E+01 1.00000E+00
 -1      2191 1.23328E+00 1.99839E+01 1.00000E+00
 -1      2192 1.20001E+00 2.00061E+01 1.00000E+00
 -1      2197 1.16646E+00 1.99656E+01 1.50040E+00
 -1      2198 1.19930E+00 1.99428E+01 1.50108E+00
 -1      2199 1.23354E+00 1.99920E+01 1.49960E+00
 -1      2200 1.20070E+00 2.00148E+01 1.49892E+00
 -1      2205-6.01023E-01 2.99404E+01-1.16832E-02
 -1      2206-6.00070E-01 2.99722E+01-3.59798E-02
 -1      2207-5.98977E-01 3.00086E+01 1.16832E-02
 -1      2208-5.99930E-01 2.99769E+01 3.59798E-02
 -1      2213 0.00000E+00 2.99300E+01-1.20008E-02
 -1      2214 0.00000E+00 2.99620E+01-3.60000E-02
 -1      2215 0.00000E+00 2.99980E+01 1.20008E-02
 -1      2216 0.00000E+00 2.99660E+01 3.60000E-02
 -1      2221 6.01016E-01 2.99407E+01-1.23359E-02
 -1      2222 6.00049E-01 2.99729E+01-3.60180E-02
 -1      2223 5.98984E-01 3.00084E+01 1.23359E-02
 -1      2224 5.99951E-01 2.99762E+01 3.60180E-02
 -1      2229-5.98984E-01 2.99916E+01 1.98766E+00
 -1      2230-5.99951E-01 3.00238E+01 1.96398E+00
 -1      2231-6.01016E-01 3.00593E+01 2.01234E+00
 -1      2232-6.00049E-01 3.00271E+01 2.03602E+00
 -1      2237 0.00000E+00 3.00020E+01 1.98800E+00
 -1      2238 0.00000E+00 3.00340E+01 1.96400E+00
 -1      2239 0.00000E+00 3.00700E+01 2.01200E+00
 -1      2240 0.00000E+00 3.00380E+01 2.03600E+00
 -1      2245 5.98977E-01 2.99914E+01 1.98832E+00
 -1      2246 5.99930E-01 3.00231E+01 1.96402E+00
 -1      2247 6.01023E-01 3.00596E+01 2.01168E+00
 -1      2248 6.00070E-01 3.00278E+01 2.03598E+00
 -1      2253-1.23354E+00 3.00080E+01 5.00396E-01
 -1      2254-1.20070E+00 2.99852E+01 5.01081E-01
 -1      2255-1.16646E+00 3.00344E+01 4.99604E-01
 -1      2256-1.19930E+00 3.00572E+01 4.98919E-01
 -1      2261-1.23328E+00 3.00161E+01 1.00000E+00
 -1      2262-1.20001E+00 2.99939E+01 1.00000E+00
 -1      2263-1.16672E+00 3.00439E+01 1.00000E+00
 -1      2264-1.19999E+00 3.00661E+01 1.00000E+00
 -1      2269-1.23303E+00 3.00068E+01 1.49957E+00
 -1      2270-1.19936E+00 2.99852E+01 1.49892E+00
 -1      2271-1.16697E+00 3.00357E+01 1.50043E+00
 -1      2272-1.20064E+00 3.00572E+01 1.50108E+00
 -1      2277 1.16697E+00 2.99643E+01 4.99567E-01
 -1      2278 1.20064E+00 2.99428E+01 4.98919E-01
 -1      2279 1.23303E+00 2.99932E+01 5.00433E-01
 -1      2280 1.19936E+00 3.00148E+01 5.01081E-01
 -1      2285 1.16672E+00 2.99561E+01 1.00000E+00
 -1      2286 1.19999E+00 2.99339E+01 1.00000E+00
 -1      2287 1.23328E+00 2.99839E+01 1.00000E+00
 -1      2288 1.20001E+00 3.00061E+01 1.00000E+00
 -1      2293 1.16646E+00 2.99656E+01 1.50040E+00
 -1      2294 1.19930E+00 2.99428E+01 1.50108E+00
 -1      2295 1.23354E+00 2.99920E+01 1.49960E+00
 -1      2296 1.20070E+00 3.00148E+01 1.49892E+00
 -1      2301-6.01023E-01 3.99404E+01-1.16832E-02
 -1      2302-6.00070E-01 3.99722E+01-3.59798E-02
 -1      2303-5.98977E-01 4.00086E+01 1.16832E-02
 -1      2304-5.99930E-01 3.99769E+01 3.59798E-02
 -1      2309 0.00000E+00 3.99300E+01-1.20008E-02
 -1      2310 0.00000E+00 3.99620E+01-3.60000E-02
 -1      2311 0.00000E+00 3.99980E+01 1.20008E-02
 -1      2312 0.00000E+00 3.99660E+01 3.60000E-02
 -1      2317 6.01016E-01 3.99407E+01-1.23359E-02
 -1      2318 6.00049E-01 3.99729E+01-3.60180E-02
 -1      2319 5.98984E-01 4.00084E+01 1.23359E-02
 -1      2320 5.99951E-01 3.99762E+01 3.60180E-02
 -1      2325-5.98984E-01 3.99916E+01 1.98766E+00
 -1      2326-5.99951E-01 4.00238E+01 1.96398E+00
 -1      2327-6.01016E-01 4.00593E+01 2.01234E+00
 -1      2328-6.00049E-01 4.00271E+01 2.03602E+00
 -1      2333 0.00000E+00 4.00020E+01 1.98800E+00
 -1      2334 0.00000E+00 4.00340E+01 1.96400E+00
 -1      2335 0.00000E+00 4.00700E+01 2.01200E+00
 -1      2336 0.00000E+00 4.00380E+01 2.03600E+00
 -1      2341 5.98977E-01 3.99914E+01 1.98832E+00
 -1      2342 5.99930E-01 4.00231E+01 1.96402E+00
 -1      2343 6.01023E-01 4.00596E+01 2.01168E+00
 -1      2344 6.00070E-01 4.00278E+01 2.03598E+00
 -1      2349-1.23354E+00 4.00080E+01 5.00396E-01
 -1      2350-1.20070E+00 3.99852E+01 5.01081E-01
 -1      2351-1.16646E+00 4.00344E+01 4.99604E-01
 -1      2352-1.19930E+00 4.00572E+01 4.98919E-01
 -1      2357-1.23328E+00 4.00161E+01 1.00000E+00
 -1      2358-1.20001E+00 3.99939E+01 1.00000E+00
 -1      2359-1.16672E+00 4.00439E+01 1.00000E+00
 -1      2360-1.19999E+00 4.00661E+01 1.00000E+00
 -1      2365-1.23303E+00 4.00068E+01 1.49957E+00
 -1      2366-1.19936E+00 3.99852E+01 1.49892E+00
 -1      2367-1.16697E+00 4.00357E+01 1.50043E+00
 -1      2368-1.20064E+00 4.00572E+01 1.50108E+00
 -1      2373 1.16697E+00 3.99643E+01 4.99567E-01
 -1      2374 1.20064E+00 3.99428E+01 4.98919E-01
 -1      2375 1.23303E+00 3.99932E+01 5.00433E-01
 -1      2376 1.19936E+00 4.00148E+01 5.01081E-01
 -1      2381 1.16672E+00 3.99561E+01 1.00000E+00
 -1      2382 1.19999E+00 3.99339E+01 1.00000E+00
 -1      2383 1.23328E+00 3.99839E+01 1.00000E+00
 -1      2384 1.20001E+00 4.00061E+01 1.00000E+00
 -1      2389 1.16646E+00 3.99656E+01 1.50040E+00
 -1      2390 1.19930E+00 3.99428E+01 1.50108E+00
 -1      2391 1.23354E+00 3.99920E+01 1.49960E+00
 -1      2392 1.20070E+00 4.00148E+01 1.49892E+00
 -1      2397-6.01023E-01 4.99404E+01-1.16832E-02
 -1      2398-6.00070E-01 4.99722E+01-3.59798E-02
 -1      2399-5.98977E-01 5.00086E+01 1.16832E-02
 -1      2400-5.99930E-01 4.99769E+01 3.59798E-02
 -1      2405 0.00000E+00 4.99300E+01-1.20008E-02
 -1      2406 0.00000E+00 4.99620E+01-3.60000E-02
 -1      2407 0.00000E+00 4.99980E+01 1.20008E-02
 -1      2408 0.00000E+00 4.99660E+01 3.60000E-02
 -1      2413 6.01016E-01 4.99407E+01-1.23359E-02
 -1      2414 6.00049E-01 4.99729E+01-3.60180E-02
 -1      2415 5.98984E-01 5.00084E+01 1.23359E-02
 -1      2416 5.99951E-01 4.99762E+01 3.60180E-02
 -1      2421-5.98984E-01 4.99916E+01 1.98766E+00
 -1      2422-5.99951E-01 5.00238E+01 1.96398E+00
 -1      2423-6.01016E-01 5.00593E+01 2.01234E+00
 -1      2424-6.00049E-01 5.00271E+01 2.03602E+00
 -1      2429 0.00000E+00 5.00020E+01 1.98800E+00
 -1      2430 0.00000E+00 5.00340E+01 1.96400E+00
 -1      2431 0.00000E+00 5.00700E+01 2.01200E+00
 -1      2432 0.00000E+00 5.00380E+01 2.03600E+00
 -1      2437 5.98977E-01 4.99914E+01 1.98832E+00
 -1      2438 5.99930E-01 5.00231E+01 1.96402E+00
 -1      2439 6.01023E-01 5.00596E+01 2.01168E+00
 -1      2440 6.00070E-01 5.00278E+01 2.03598E+00
 -1      2445-1.23354E+00 5.00080E+01 5.00396E-01
 -1      2446-1.20070E+00 4.99852E+01 5.01081E-01
 -1      2447-1.16646E+00 5.00344E+01 4.99604E-01
 -1      2448-1.19930E+00 5.00572E+01 4.98919E-01
 -1      2453-1.23328E+00 5.00161E+01 1.00000E+00
 -1      2454-1.20001E+00 4.99939E+01 1.00000E+00
 -1      2455-1.16672E+00 5.00439E+01 1.00000E+00
 -1      2456-1.19999E+00 5.00661E+01 1.00000E+00
 -1      2461-1.23303E+00 5.00068E+01 1.49957E+00
 -1      2462-1.19936E+00 4.99852E+01 1.49892E+00
 -1      2463-1.16697E+00 5.00357E+01 1.50043E+00
 -1      2464-1.20064E+00 5.00572E+01 1.50108E+00
 -1      2469 1.16697E+00 4.99643E+01 4.99567E-01
 -1      2470 1.20064E+00 4.99428E+01 4.98919E-01
 -1      2471 1.23303E+00 4.99932E+01 5.00433E-01
 -1      2472 1.19936E+00 5.00148E+01 5.01081E-01
 -1      2477 1.16672E+00 4.99561E+01 1.00000E+00
 -1      2478 1.19999E+00 4.99339E+01 1.00000E+00
 -1      2479 1.23328E+00 4.99839E+01 1.00000E+00
 -1      2480 1.20001E+00 5.00061E+01 1.00000E+00
 -1      2485 1.16646E+00 4.99656E+01 1.50040E+00
 -1      2486 1.19930E+00 4.99428E+01 1.50108E+00
 -1      2487 1.23354E+00 4.99920E+01 1.49960E+00
 -1      2488 1.20070E+00 5.00148E+01 1.49892E+00
 -1      2493-1.19777E+00 2.52721E+00 3.58451E-01
 -1      2494-1.23236E+00 2.52386E+00 3.78258E-01
 -1      2495-1.20223E+00 2.51522E+00 4.29417E-01
 -1      2496-1.16764E+00 2.51856E+00 4.09610E-01
 -1      2501-1.19829E+00 5.03706E+00 8.14685E-01
 -1      2502-1.23259E+00 5.03303E+00 8.34866E-01
 -1      2503-1.20171E+00 5.02294E+00 8.85315E-01
 -1      2504-1.16741E+00 5.02697E+00 8.65134E-01
 -1      2509-1.19884E+00 7.52934E+00 1.35882E+00
 -1      2510-1.23282E+00 7.52458E+00 1.37939E+00
 -1      2511-1.20116E+00 7.51309E+00 1.42904E+00
 -1      2512-1.16718E+00 7.51785E+00 1.40848E+00
 -1      2517-1.19407E+00 2.51529E+00 1.57100E+00
 -1      2518-1.23055E+00 2.51802E+00 1.58719E+00
 -1      2519-1.20593E+00 2.52714E+00 1.64113E+00
 -1      2520-1.16945E+00 2.52440E+00 1.62495E+00
 -1      2525-1.19388E+00 5.02303E+00 1.11516E+00
 -1      2526-1.23044E+00 5.02621E+00 1.13106E+00
 -1      2527-1.20612E+00 5.03697E+00 1.18484E+00
 -1      2528-1.16956E+00 5.03379E+00 1.16894E+00
 -1      2533-1.19370E+00 7.51321E+00 5.71480E-01
 -1      2534-1.23034E+00 7.51682E+00 5.87095E-01
 -1      2535-1.20630E+00 7.52922E+00 6.40652E-01
 -1      2536-1.16966E+00 7.52560E+00 6.25037E-01
 -1      2541 1.20223E+00 2.52721E+00 3.58451E-01
 -1      2542 1.16764E+00 2.52386E+00 3.78258E-01
 -1      2543 1.19777E+00 2.51522E+00 4.29417E-01
 -1      2544 1.23236E+00 2.51856E+00 4.09610E-01
 -1      2549 1.20171E+00 5.03706E+00 8.14685E-01
 -1      2550 1.16741E+00 5.03303E+00 8.34866E-01
 -1      2551 1.19829E+00 5.02294E+00 8.85315E-01
 -1      2552 1.23259E+00 5.02697E+00 8.65134E-01
 -1      2557 1.20116E+00 7.52934E+00 1.35882E+00
 -1      2558 1.16718E+00 7.52458E+00 1.37939E+00
 -1      2559 1.19884E+00 7.51309E+00 1.42904E+00
 -1      2560 1.23282E+00 7.51785E+00 1.40848E+00
 -1      2565 1.20593E+00 2.51529E+00 1.57100E+00
 -1      2566 1.16945E+00 2.51802E+00 1.58719E+00
 -1      2567 1.19407E+00 2.52714E+00 1.64113E+00
 -1      2568 1.23055E+00 2.52440E+00 1.62495E+00
 -1      2573 1.20612E+00 5.02303E+00 1.11516E+00
 -1      2574 1.16956E+00 5.02621E+00 1.13106E+00
 -1      2575 1.19388E+00 5.03697E+00 1.18484E+00
 -1      2576 1.23044E+00 5.03379E+00 1.16894E+00
 -1      2581 1.20630E+00 7.51321E+00 5.71480E-01
 -1      2582 1.16966E+00 7.51682E+00 5.87095E-01
 -1      2583 1.19370E+00 7.52922E+00 6.40652E-01
 -1      2584 1.23034E+00 7.52560E+00 6.25037E-01
 -1      2589-4.83328E-01 2.47166E+00-3.43393E-02
 -1      2590-5.20442E-01 2.48175E+00-2.33534E-02
 -1      2591-5.04540E-01 2.47743E+00 3.43393E-02
 -1      2592-4.67426E-01 2.46734E+00 2.33534E-02
 -1      2597 1.59904E-01 4.96162E+00-3.45869E-02
 -1      2598 1.22764E-01 4.97054E+00-2.27046E-02
 -1      2599 1.40096E-01 4.96638E+00 3.45869E-02
 -1      2600 1.77236E-01 4.95746E+00 2.27046E-02
 -1      2605 7.15261E-01 7.47263E+00-3.48107E-02
 -1      2606 6.78146E-01 7.48037E+00-2.20585E-02
 -1      2607 6.96871E-01 7.47646E+00 3.48107E-02
 -1      2608 7.33986E-01 7.46872E+00 2.20585E-02
 -1      2613 4.93632E-01 2.47446E+00-3.60542E-02
 -1      2614 4.61704E-01 2.46578E+00-1.35783E-02
 -1      2615 4.94236E-01 2.47463E+00 3.60542E-02
 -1      2616 5.26164E-01 2.48331E+00 1.35783E-02
 -1      2621-1.49866E-01 4.96403E+00-3.60553E-02
 -1      2622-1.82311E-01 4.95625E+00-1.39944E-02
 -1      2623-1.50134E-01 4.96397E+00 3.60553E-02
 -1      2624-1.17689E-01 4.97175E+00 1.39944E-02
 -1      2629-7.05470E-01 7.47467E+00-3.60504E-02
 -1      2630-7.38413E-01 7.46780E+00-1.44278E-02
 -1      2631-7.06662E-01 7.47442E+00 3.60504E-02
 -1      2632-6.73719E-01 7.48129E+00 1.44278E-02
 -1      2637-4.83328E-01 2.47166E+00 1.96566E+00
 -1      2638-5.20442E-01 2.48175E+00 1.97665E+00
 -1      2639-5.04540E-01 2.47743E+00 2.03434E+00
 -1      2640-4.67426E-01 2.46734E+00 2.02335E+00
 -1      2645 1.59904E-01 4.96162E+00 1.96541E+00
 -1      2646 1.22764E-01 4.97054E+00 1.97730E+00
 -1      2647 1.40096E-01 4.96638E+00 2.03459E+00
 -1      2648 1.77236E-01 4.95746E+00 2.02270E+00
 -1      2653 7.15261E-01 7.47263E+00 1.96519E+00
 -1      2654 6.78146E-01 7.48037E+00 1.97794E+00
 -1      2655 6.96871E-01 7.47646E+00 2.03481E+00
 -1      2656 7.33986E-01 7.46872E+00 2.02206E+00
 -1      2661 4.93632E-01 2.47446E+00 1.96395E+00
 -1      2662 4.61704E-01 2.46578E+00 1.98642E+00
 -1      2663 4.94236E-01 2.47463E+00 2.03605E+00
 -1      2664 5.26164E-01 2.48331E+00 2.01358E+00
 -1      2669-1.49866E-01 4.96403E+00 1.96394E+00
 -1      2670-1.82311E-01 4.95625E+00 1.98601E+00
 -1      2671-1.50134E-01 4.96397E+00 2.03606E+00
 -1      2672-1.17689E-01 4.97175E+00 2.01399E+00
 -1      2677-7.05470E-01 7.47467E+00 1.96395E+00
 -1      2678-7.38413E-01 7.46780E+00 1.98557E+00
 -1      2679-7.06662E-01 7.47442E+00 2.03605E+00
 -1      2680-6.73719E-01 7.48129E+00 2.01443E+00
 -1      2685-1.19777E+00 1.25272E+01 3.58451E-01
 -1      2686-1.23236E+00 1.25239E+01 3.78258E-01
 -1      2687-1.20223E+00 1.25152E+01 4.29417E-01
 -1      2688-1.16764E+00 1.25186E+01 4.09610E-01
 -1      2693-1.19829E+00 1.50371E+01 8.14685E-01
 -1      2694-1.23259E+00 1.50330E+01 8.34866E-01
 -1      2695-1.20171E+00 1.50229E+01 8.85315E-01
 -1      2696-1.16741E+00 1.50270E+01 8.65134E-01
 -1      2701-1.19884E+00 1.75293E+01 1.35882E+00
 -1      2702-1.23282E+00 1.75246E+01 1.37939E+00
 -1      2703-1.20116E+00 1.75131E+01 1.42904E+00
 -1      2704-1.16718E+00 1.75178E+01 1.40848E+00
 -1      2709-1.19407E+00 1.25153E+01 1.57100E+00
 -1      2710-1.23055E+00 1.25180E+01 1.58719E+00
 -1      2711-1.20593E+00 1.25271E+01 1.64113E+00
 -1      2712-1.16945E+00 1.25244E+01 1.62495E+00
 -1      2717-1.19388E+00 1.50230E+01 1.11516E+00
 -1      2718-1.23044E+00 1.50262E+01 1.13106E+00
 -1      2719-1.20612E+00 1.50370E+01 1.18484E+00
 -1      2720-1.16956E+00 1.50338E+01 1.16894E+00
 -1      2725-1.19370E+00 1.75132E+01 5.71480E-01
 -1      2726-1.23034E+00 1.75168E+01 5.87095E-01
 -1      2727-1.20630E+00 1.75292E+01 6.40652E-01
 -1      2728-1.16966E+00 1.75256E+01 6.25037E-01
 -1      2733 1.20223E+00 1.25272E+01 3.58451E-01
 -1      2734 1.16764E+00 1.25239E+01 3.78258E-01
 -1      2735 1.19777E+00 1.25152E+01 4.29417E-01
 -1      2736 1.23236E+00 1.25186E+01 4.09610E-01
 -1      2741 1.20171E+00 1.50371E+01 8.14685E-01
 -1      2742 1.16741E+00 1.50330E+01 8.34866E-01
 -1      2743 1.19829E+00 1.50229E+01 8.85315E-01
 -1      2744 1.23259E+00 1.50270E+01 8.65134E-01
 -1      2749 1.20116E+00 1.75293E+01 1.35882E+00
 -1      2750 1.16718E+00 1.75246E+01 1.37939E+00
 -1      2751 1.19884E+00 1.75131E+01 1.42904E+00
 -1      2752 1.23282E+00 1.75178E+01 1.40848E+00
 -1      2757 1.20593E+00 1.25153E+01 1.57100E+00
 -1      2758 1.16945E+00 1.25180E+01 1.58719E+00
 -1      2759 1.19407E+00 1.25271E+01 1.64113E+00
 -1      2760 1.23055E+00 1.25244E+01 1.62495E+00
 -1      2765 1.20612E+00 1.50230E+01 1.11516E+00
 -1      2766 1.16956E+00 1.50262E+01 1.13106E+00
 -1      2767 1.19388E+00 1.50370E+01 1.18484E+00
 -1      2768 1.23044E+00 1.50338E+01 1.16894E+00
 -1      2773 1.20630E+00 1.75132E+01 5.71480E-01
 -1      2774 1.16966E+00 1.75168E+01 5.87095E-01
 -1      2775 1.19370E+00 1.75292E+01 6.40652E-01
 -1      2776 1.23034E+00 1.75256E+01 6.25037E-01
 -1      2781-4.83328E-01 1.24717E+01-3.43393E-02
 -1      2782-5.20442E-01 1.24818E+01-2.33534E-02
 -1      2783-5.04540E-01 1.24774E+01 3.43393E-02
 -1      2784-4.67426E-01 1.24673E+01 2.33534E-02
 -1      2789 1.59904E-01 1.49616E+01-3.45869E-02
 -1      2790 1.22764E-01 1.49705E+01-2.27046E-02
 -1      2791 1.40096E-01 1.49664E+01 3.45869E-02
 -1      2792 1.77236E-01 1.49575E+01 2.27046E-02
 -1      2797 7.15261E-01 1.74726E+01-3.48107E-02
 -1      2798 6.78146E-01 1.74804E+01-2.20585E-02
 -1      2799 6.96871E-01 1.74765E+01 3.48107E-02
 -1      2800 7.33986E-01 1.74687E+01 2.20585E-02
 -1      2805 4.93632E-01 1.24745E+01-3.60542E-02
 -1      2806 4.61704E-01 1.24658E+01-1.35783E-02
 -1      2807 4.94236E-01 1.24746E+01 3.60542E-02
 -1      2808 5.26164E-01 1.24833E+01 1.35783E-02
 -1      2813-1.49866E-01 1.49640E+01-3.60553E-02
 -1      2814-1.82311E-01 1.49562E+01-1.39944E-02
 -1      2815-1.50134E-01 1.49640E+01 3.60553E-02
 -1      2816-1.17689E-01 1.49718E+01 1.39944E-02
 -1      2821-7.05470E-01 1.74747E+01-3.60504E-02
 -1      2822-7.38413E-01 1.74678E+01-1.44278E-02
 -1      2823-7.06662E-01 1.74744E+01 3.60504E-02
 -1      2824-6.73719E-01 1.74813E+01 1.44278E-02
 -1      2829-4.83328E-01 1.24717E+01 1.96566E+00
 -1      2830-5.20442E-01 1.24818E+01 1.97665E+00
 -1      2831-5.04540E-01 1.24774E+01 2.03434E+00
 -1      2832-4.67426E-01 1.24673E+01 2.02335E+00
 -1      2837 1.59904E-01 1.49616E+01 1.96541E+00
 -1      2838 1.22764E-01 1.49705E+01 1.97730E+00
 -1      2839 1.40096E-01 1.49664E+01 2.03459E+00
 -1      2840 1.77236E-01 1.49575E+01 2.02270E+00
 -1      2845 7.15261E-01 1.74726E+01 1.96519E+00
 -1      2846 6.78146E-01 1.74804E+01 1.97794E+00
 -1      2847 6.96871E-01 1.74765E+01 2.03481E+00
 -1      2848 7.33986E-01 1.74687E+01 2.02206E+00
 -1      2853 4.93632E-01 1.24745E+01 1.96395E+00
 -1      2854 4.61704E-01 1.24658E+01 1.98642E+00
 -1      2855 4.94236E-01 1.24746E+01 2.03605E+00
 -1      2856 5.26164E-01 1.24833E+01 2.01358E+00
 -1      2861-1.49866E-01 1.49640E+01 1.96394E+00
 -1      2862-1.82311E-01 1.49562E+01 1.98601E+00
 -1      2863-1.50134E-01 1.49640E+01 2.03606E+00
 -1      2864-1.17689E-01 1.49718E+01 2.01399E+00
 -1      2869-7.05470E-01 1.74747E+01 1.96395E+00
 -1      2870-7.38413E-01 1.74678E+01 1.98557E+00
 -1      2871-7.06662E-01 1.74744E+01 2.03605E+00
 -1      2872-6.73719E-01 1.74813E+01 2.01443E+00
 -1      2877-1.19777E+00 2.25272E+01 3.58451E-01
 -1      2878-1.23236E+00 2.25239E+01 3.78258E-01
 -1      2879-1.20223E+00 2.25152E+01 4.29417E-01
 -1      2880-1.16764E+00 2.25186E+01 4.09610E-01
 -1      2885-1.19829E+00 2.50371E+01 8.14685E-01
 -1      2886-1.23259E+00 2.50330E+01 8.34866E-01
 -1      2887-1.20171E+00 2.50229E+01 8.85315E-01
 -1      2888-1.16741E+00 2.50270E+01 8.65134E-01
 -1      2893-1.19884E+00 2.75293E+01 1.35882E+00
 -1      2894-1.23282E+00 2.75246E+01 1.37939E+00
 -1      2895-1.20116E+00 2.75131E+01 1.42904E+00
 -1      2896-1.16718E+00 2.75178E+01 1.40848E+00
 -1      2901-1.19407E+00 2.25153E+01 1.57100E+00
 -1      2902-1.23055E+00 2.25180E+01 1.58719E+00
 -1      2903-1.20593E+00 2.25271E+01 1.64113E+00
 -1      2904-1.16945E+00 2.25244E+01 1.62495E+00
 -1      2909-1.19388E+00 2.50230E+01 1.11516E+00
 -1      2910-1.23044E+00 2.50262E+01 1.13106E+00
 -1      2911-1.20612E+00 2.50370E+01 1.18484E+00
 -1      2912-1.16956E+00 2.50338E+01 1.16894E+00
 -1      2917-1.19370E+00 2.75132E+01 5.71480E-01
 -1      2918-1.23034E+00 2.75168E+01 5.87095E-01
 -1      2919-1.20630E+00 2.75292E+01 6.40652E-01
 -1      2920-1.16966E+00 2.75256E+01 6.25037E-01
 -1      2925 1.20223E+00 2.25272E+01 3.58451E-01
 -1      2926 1.16764E+00 2.25239E+01 3.78258E-01
 -1      2927 1.19777E+00 2.25152E+01 4.29417E-01
 -1      2928 1.23236E+00 2.25186E+01 4.09610E-01
 -1      2933 1.20171E+00 2.50371E+01 8.14685E-01
 -1      2934 1.16741E+00 2.50330E+01 8.34866E-01
 -1      2935 1.19829E+00 2.50229E+01 8.85315E-01
 -1      2936 1.23259E+00 2.50270E+01 8.65134E-01
 -1      2941 1.20116E+00 2.75293E+01 1.35882E+00
 -1      2942 1.16718E+00 2.75246E+01 1.37939E+00
 -1      2943 1.19884E+00 2.75131E+01 1.42904E+00
 -1      2944 1.23282E+00 2.75178E+01 1.40848E+00
 -1      2949 1.20593E+00 2.25153E+01 1.57100E+00
 -1      2950 1.16945E+00 2.25180E+01 1.58719E+00
 -1      2951 1.19407E+00 2.25271E+01 1.64113E+00
 -1      2952 1.23055E+00 2.25244E+01 1.62495E+00
 -1      2957 1.20612E+00 2.50230E+01 1.11516E+00
 -1      2958 1.16956E+00 2.50262E+01 1.13106E+00
 -1      2959 1.19388E+00 2.50370E+01 1.18484E+00
 -1      2960 1.23044E+00 2.50338E+01 1.16894E+00
 -1      2965 1.20630E+00 2.75132E+01 5.71480E-01
 -1      2966 1.16966E+00 2.75168E+01 5.87095E-01
 -1      2967 1.19370E+00 2.75292E+01 6.40652E-01
 -1      2968 1.23034E+00 2.75256E+01 6.25037E-01
 -1      2973-4.83328E-01 2.24717E+01-3.43393E-02
 -1      2974-5.20442E-01 2.24818E+01-2.33534E-02
 -1      2975-5.04540E-01 2.24774E+01 3.43393E-02
 -1      2976-4.67426E-01 2.24673E+01 2.33534E-02
 -1      2981 1.59904E-01 2.49616E+01-3.45869E-02
 -1      2982 1.22764E-01 2.49705E+01-2.27046E-02
 -1      2983 1.40096E-01 2.49664E+01 3.45869E-02
 -1      2984 1.77236E-01 2.49575E+01 2.27046E-02
 -1      2989 7.15261E-01 2.74726E+01-3.48107E-02
 -1      2990 6.78146E-01 2.74804E+01-2.20585E-02
 -1      2991 6.96871E-01 2.74765E+01 3.48107E-02
 -1      2992 7.33986E-01 2.74687E+01 2.20585E-02
 -1      2997 4.93632E-01 2.24745E+01-3.60542E-02
 -1      2998 4.61704E-01 2.24658E+01-1.35783E-02
 -1      2999 4.94236E-01 2.24746E+01 3.60542E-02
 -1      3000 5.26164E-01 2.24833E+01 1.35783E-02
 -1      3005-1.49866E-01 2.49640E+01-3.60553E-02
 -1      3006-1.82311E-01 2.49562E+01-1.39944E-02
 -1      3007-1.50134E-01 2.49640E+01 3.60553E-02
 -1      3008-1.17689E-01 2.49718E+01 1.39944E-02
 -1      3013-7.05470E-01 2.74747E+01-3.60504E-02
 -1      3014-7.38413E-01 2.74678E+01-1.44278E-02
 -1      3015-7.06662E-01 2.74744E+01 3.60504E-02
 -1      3016-6.73719E-01 2.74813E+01 1.44278E-02
 -1      3021-4.83328E-01 2.24717E+01 1.96566E+00
 -1      3022-5.20442E-01 2.24818E+01 1.97665E+00
 -1      3023-5.04540E-01 2.24774E+01 2.03434E+00
 -1      3024-4.67426E-01 2.24673E+01 2.02335E+00
 -1      3029 1.59904E-01 2.49616E+01 1.96541E+00
 -1      3030 1.22764E-01 2.49705E+01 1.97730E+00
 -1      3031 1.40096E-01 2.49664E+01 2.03459E+00
 -1      3032 1.77236E-01 2.49575E+01 2.02270E+00
 -1      3037 7.15261E-01 2.74726E+01 1.96519E+00
 -1      3038 6.78146E-01 2.74804E+01 1.97794E+00
 -1      3039 6.96871E-01 2.74765E+01 2.03481E+00
 -1      3040 7.33986E-01 2.74687E+01 2.02206E+00
 -1      3045 4.93632E-01 2.24745E+01 1.96395E+00
 -1      3046 4.61704E-01 2.24658E+01 1.98642E+00
 -1      3047 4.94236E-01 2.24746E+01 2.03605E+00
 -1      3048 5.26164E-01 2.24833E+01 2.01358E+00
 -1      3053-1.49866E-01 2.49640E+01 1.96394E+00
 -1      3054-1.82311E-01 2.49562E+01 1.98601E+00
 -1      3055-1.50134E-01 2.49640E+01 2.03606E+00
 -1      3056-1.17689E-01 2.49718E+01 2.01399E+00
 -1      3061-7.05470E-01 2.74747E+01 1.96395E+00
 -1      3062-7.38413E-01 2.74678E+01 1.98557E+00
 -1      3063-7.06662E-01 2.74744E+01 2.03605E+00
 -1      3064-6.73719E-01 2.74813E+01 2.01443E+00
 -1      3069-1.19777E+00 3.25272E+01 3.58451E-01
 -1      3070-1.23236E+00 3.25239E+01 3.78258E-01
 -1      3071-1.20223E+00 3.25152E+01 4.29417E-01
 -1      3072-1.16764E+00 3.25186E+01 4.09610E-01
 -1      3077-1.19829E+00 3.50371E+01 8.14685E-01
 -1      3078-1.23259E+00 3.50330E+01 8.34866E-01
 -1      3079-1.20171E+00 3.50229E+01 8.85315E-01
 -1      3080-1.16741E+00 3.50270E+01 8.65134E-01
 -1      3085-1.19884E+00 3.75293E+01 1.35882E+00
 -1      3086-1.23282E+00 3.75246E+01 1.37939E+00
 -1      3087-1.20116E+00 3.75131E+01 1.42904E+00
 -1      3088-1.16718E+00 3.75178E+01 1.40848E+00
 -1      3093-1.19407E+00 3.25153E+01 1.57100E+00
 -1      3094-1.23055E+00 3.25180E+01 1.58719E+00
 -1      3095-1.20593E+00 3.25271E+01 1.64113E+00
 -1      3096-1.16945E+00 3.25244E+01 1.62495E+00
 -1      3101-1.19388E+00 3.50230E+01 1.11516E+00
 -1      3102-1.23044E+00 3.50262E+01 1.13106E+00
 -1      3103-1.20612E+00 3.50370E+01 1.18484E+00
 -1      3104-1.16956E+00 3.50338E+01 1.16894E+00
 -1      3109-1.19370E+00 3.75132E+01 5.71480E-01
 -1      3110-1.23034E+00 3.75168E+01 5.87095E-01
 -1      3111-1.20630E+00 3.75292E+01 6.40652E-01
 -1      3112-1.16966E+00 3.75256E+01 6.25037E-01
 -1      3117 1.20223E+00 3.25272E+01 3.58451E-01
 -1      3118 1.16764E+00 3.25239E+01 3.78258E-01
 -1      3119 1.19777E+00 3.25152E+01 4.29417E-01
 -1      3120 1.23236E+00 3.25186E+01 4.09610E-01
 -1      3125 1.20171E+00 3.50371E+01 8.14685E-01
 -1      3126 1.16741E+00 3.50330E+01 8.34866E-01
 -1      3127 1.19829E+00 3.50229E+01 8.85315E-01
 -1      3128 1.23259E+00 3.50270E+01 8.65134E-01
 -1      3133 1.20116E+00 3.75293E+01 1.35882E+00
 -1      3134 1.16718E+00 3.75246E+01 1.37939E+00
 -1      3135 1.19884E+00 3.75131E+01 1.42904E+00
 -1      3136 1.23282E+00 3.75178E+01 1.40848E+00
 -1      3141 1.20593E+00 3.25153E+01 1.57100E+00
 -1      3142 1.16945E+00 3.25180E+01 1.58719E+00
 -1      3143 1.19407E+00 3.25271E+01 1.64113E+00
 -1      3144 1.23055E+00 3.25244E+01 1.62495E+00
 -1      3149 1.20612E+00 3.50230E+01 1.11516E+00
 -1      3150 1.16956E+00 3.50262E+01 1.13106E+00
 -1      3151 1.19388E+00 3.50370E+01 1.18484E+00
 -1      3152 1.23044E+00 3.50338E+01 1.16894E+00
 -1      3157 1.20630E+00 3.75132E+01 5.71480E-01
 -1      3158 1.16966E+00 3.75168E+01 5.87095E-01
 -1      3159 1.19370E+00 3.75292E+01 6.40652E-01
 -1      3160 1.23034E+00 3.75256E+01 6.25037E-01
 -1      3165-4.83328E-01 3.24717E+01-3.43393E-02
 -1      3166-5.20442E-01 3.24818E+01-2.33534E-02
 -1      3167-5.04540E-01 3.24774E+01 3.43393E-02
 -1      3168-4.67426E-01 3.24673E+01 2.33534E-02
 -1      3173 1.59904E-01 3.49616E+01-3.45869E-02
 -1      3174 1.22764E-01 3.49705E+01-2.27046E-02
 -1      3175 1.40096E-01 3.49664E+01 3.45869E-02
 -1      3176 1.77236E-01 3.49575E+01 2.27046E-02
 -1      3181 7.15261E-01 3.74726E+01-3.48107E-02
 -1      3182 6.78146E-01 3.74804E+01-2.20585E-02
 -1      3183 6.96871E-01 3.74765E+01 3.48107E-02
 -1      3184 7.33986E-01 3.74687E+01 2.20585E-02
 -1      3189 4.93632E-01 3.24745E+01-3.60542E-02
 -1      3190 4.61704E-01 3.24658E+01-1.35783E-02
 -1      3191 4.94236E-01 3.24746E+01 3.60542E-02
 -1      3192 5.26164E-01 3.24833E+01 1.35783E-02
 -1      3197-1.49866E-01 3.49640E+01-3.60553E-02
 -1      3198-1.82311E-01 3.49562E+01-1.39944E-02
 -1      3199-1.50134E-01 3.49640E+01 3.60553E-02
 -1      3200-1.17689E-01 3.49718E+01 1.39944E-02
 -1      3205-7.05470E-01 3.74747E+01-3.60504E-02
 -1      3206-7.38413E-01 3.74678E+01-1.44278E-02
 -1      3207-7.06662E-01 3.74744E+01 3.60504E-02
 -1      3208-6.73719E-01 3.74813E+01 1.44278E-02
 -1      3213-4.83328E-01 3.24717E+01 1.96566E+00
 -1      3214-5.20442E-01 3.24818E+01 1.97665E+00
 -1      3215-5.04540E-01 3.24774E+01 2.03434E+00
 -1      3216-4.67426E-01 3.24673E+01 2.02335E+00
 -1      3221 1.59904E-01 3.49616E+01 1.96541E+00
 -1      3222 1.22764E-01 3.49705E+01 1.97730E+00
 -1      3223 1.40096E-01 3.49664E+01 2.03459E+00
 -1      3224 1.77236E-01 3.49575E+01 2.02270E+00
 -1      3229 7.15261E-01 3.74726E+01 1.96519E+00
 -1      3230 6.78146E-01 3.74804E+01 1.97794E+00
 -1      3231 6.96871E-01 3.74765E+01 2.03481E+00
 -1      3232 7.33986E-01 3.74687E+01 2.02206E+00
 -1      3237 4.93632E-01 3.24745E+01 1.96395E+00
 -1      3238 4.61704E-01 3.24658E+01 1.98642E+00
 -1      3239 4.94236E-01 3.24746E+01 2.03605E+00
 -1      3240 5.26164E-01 3.24833E+01 2.01358E+00
 -1      3245-1.49866E-01 3.49640E+01 1.96394E+00
 -1      3246-1.82311E-01 3.49562E+01 1.98601E+00
 -1      3247-1.50134E-01 3.49640E+01 2.03606E+00
 -1      3248-1.17689E-01 3.49718E+01 2.01399E+00
 -1      3253-7.05470E-01 3.74747E+01 1.96395E+00
 -1      3254-7.38413E-01 3.74678E+01 1.98557E+00
 -1      3255-7.06662E-01 3.74744E+01 2.03605E+00
 -1      3256-6.73719E-01 3.74813E+01 2.01443E+00
 -1      3261-1.19777E+00 4.25272E+01 3.58451E-01
 -1      3262-1.23236E+00 4.25239E+01 3.78258E-01
 -1      3263-1.20223E+00 4.25152E+01 4.29417E-01
 -1      3264-1.16764E+00 4.25186E+01 4.09610E-01
 -1      3269-1.19829E+00 4.50371E+01 8.14685E-01
 -1      3270-1.23259E+00 4.50330E+01 8.34866E-01
 -1      3271-1.20171E+00 4.50229E+01 8.85315E-01
 -1      3272-1.16741E+00 4.50270E+01 8.65134E-01
 -1      3277-1.19884E+00 4.75293E+01 1.35882E+00
 -1      3278-1.23282E+00 4.75246E+01 1.37939E+00
 -1      3279-1.20116E+00 4.75131E+01 1.42904E+00
 -1      3280-1.16718E+00 4.75178E+01 1.40848E+00
 -1      3285-1.19407E+00 4.25153E+01 1.57100E+00
 -1      3286-1.23055E+00 4.25180E+01 1.58719E+00
 -1      3287-1.20593E+00 4.25271E+01 1.64113E+00
 -1      3288-1.16945E+00 4.25244E+01 1.62495E+00
 -1      3293-1.19388E+00 4.50230E+01 1.11516E+00
 -1      3294-1.23044E+00 4.50262E+01 1.13106E+00
 -1      3295-1.20612E+00 4.50370E+01 1.18484E+00
 -1      3296-1.16956E+00 4.50338E+01 1.16894E+00
 -1      3301-1.19370E+00 4.75132E+01 5.71480E-01
 -1      3302-1.23034E+00 4.75168E+01 5.87095E-01
 -1      3303-1.20630E+00 4.75292E+01 6.40652E-01
 -1      3304-1.16966E+00 4.75256E+01 6.25037E-01
 -1      3309 1.20223E+00 4.25272E+01 3.58451E-01
 -1      3310 1.16764E+00 4.25239E+01 3.78258E-01
 -1      3311 1.19777E+00 4.25152E+01 4.29417E-01
 -1      3312 1.23236E+00 4.25186E+01 4.09610E-01
 -1      3317 1.20171E+00 4.50371E+01 8.14685E-01
 -1      3318 1.16741E+00 4.50330E+01 8.34866E-01
 -1      3319 1.19829E+00 4.50229E+01 8.85315E-01
 -1      3320 1.23259E+00 4.50270E+01 8.65134E-01
 -1      3325 1.20116E+00 4.75293E+01 1.35882E+00
 -1      3326 1.16718E+00 4.75246E+01 1.37939E+00
 -1      3327 1.19884E+00 4.75131E+01 1.42904E+00
 -1      3328 1.23282E+00 4.75178E+01 1.40848E+00
 -1      3333 1.20593E+00 4.25153E+01 1.57100E+00
 -1      3334 1.16945E+00 4.25180E+01 1.58719E+00
 -1      3335 1.19407E+00 4.25271E+01 1.64113E+00
 -1      3336 1.23055E+00 4.25244E+01 1.62495E+00
 -1      3341 1.20612E+00 4.50230E+01 1.11516E+00
 -1      3342 1.16956E+00 4.50262E+01 1.13106E+00
 -1      3343 1.19388E+00 4.50370E+01 1.18484E+00
 -1      3344 1.23044E+00 4.50338E+01 1.16894E+00
 -1      3349 1.20630E+00 4.75132E+01 5.71480E-01
 -1      3350 1.16966E+00 4.75168E+01 5.87095E-01
 -1      3351 1.19370E+00 4.75292E+01 6.40652E-01
 -1      3352 1.23034E+00 4.75256E+01 6.25037E-01
 -1      3357-4.83328E-01 4.24717E+01-3.43393E-02
 -1      3358-5.20442E-01 4.24818E+01-2.33534E-02
 -1      3359-5.04540E-01 4.24774E+01 3.43393E-02
 -1      3360-4.67426E-01 4.24673E+01 2.33534E-02
 -1      3365 1.59904E-01 4.49616E+01-3.45869E-02
 -1      3366 1.22764E-01 4.49705E+01-2.27046E-02
 -1      3367 1.40096E-01 4.49664E+01 3.45869E-02
 -1      3368 1.77236E-01 4.49575E+01 2.27046E-02
 -1      3373 7.15261E-01 4.74726E+01-3.48107E-02
 -1      3374 6.78146E-01 4.74804E+01-2.20585E-02
 -1      3375 6.96871E-01 4.74765E+01 3.48107E-02
 -1      3376 7.33986E-01 4.74687E+01 2.20585E-02
 -1      3381 4.93632E-01 4.24745E+01-3.60542E-02
 -1      3382 4.61704E-01 4.24658E+01-1.35783E-02
 -1      3383 4.94236E-01 4.24746E+01 3.60542E-02
 -1      3384 5.26164E-01 4.24833E+01 1.35783E-02
 -1      3389-1.49866E-01 4.49640E+01-3.60553E-02
 -1      3390-1.82311E-01 4.49562E+01-1.39944E-02
 -1      3391-1.50134E-01 4.49640E+01 3.60553E-02
 -1      3392-1.17689E-01 4.49718E+01 1.39944E-02
 -1      3397-7.05470E-01 4.74747E+01-3.60504E-02
 -1      3398-7.38413E-01 4.74678E+01-1.44278E-02
 -1      3399-7.06662E-01 4.74744E+01 3.60504E-02
 -1      3400-6.73719E-01 4.74813E+01 1.44278E-02
 -1      3405-4.83328E-01 4.24717E+01 1.96566E+00
 -1      3406-5.20442E-01 4.24818E+01 1.97665E+00
 -1      3407-5.04540E-01 4.24774E+01 2.03434E+00
 -1      3408-4.67426E-01 4.24673E+01 2.02335E+00
 -1      3413 1.59904E-01 4.49616E+01 1.96541E+00
 -1      3414 1.22764E-01 4.49705E+01 1.97730E+00
 -1      3415 1.40096E-01 4.49664E+01 2.03459E+00
 -1      3416 1.77236E-01 4.49575E+01 2.02270E+00
 -1      3421 7.15261E-01 4.74726E+01 1.96519E+00
 -1      3422 6.78146E-01 4.74804E+01 1.97794E+00
 -1      3423 6.96871E-01 4.74765E+01 2.03481E+00
 -1      3424 7.33986E-01 4.74687E+01 2.02206E+00
 -1      3429 4.93632E-01 4.24745E+01 1.96395E+00
 -1      3430 4.61704E-01 4.24658E+01 1.98642E+00
 -1      3431 4.94236E-01 4.24746E+01 2.03605E+00
 -1      3432 5.26164E-01 4.24833E+01 2.01358E+00
 -1      3437-1.49866E-01 4.49640E+01 1.96394E+00
 -1      3438-1.82311E-01 4.49562E+01 1.98601E+00
 -1      3439-1.50134E-01 4.49640E+01 2.03606E+00
 -1      3440-1.17689E-01 4.49718E+01 2.01399E+00
 -1      3445-7.05470E-01 4.74747E+01 1.96395E+00
 -1      3446-7.38413E-01 4.74678E+01 1.98557E+00
 -1      3447-7.06662E-01 4.74744E+01 2.03605E+00
 -1      3448-6.73719E-01 4.74813E+01 2.01443E+00
 -3
    3C                           328                                     1
 -1         1    1    0    1
 -2       269      1501      1502       270       272      1504      1503       271
 -1         2    1    0    1
 -2      1501      1509      1510      1502      1504      1512      1511      1503
 -1         3    1    0    1
 -2      1509      1517      1518      1510      1512      1520      1519      1511
 -1         4    1    0    1
 -2      1517      1525      1526      1518      1520      1528      1527      1519
 -1         5    1    0    1
 -2      1525      1533      1534      1526      1528      1536      1535      1527
 -1         6    1    0    1
 -2      1533      1541      1542      1534      1536      1544      1543      1535
 -1         7    1    0    1
 -2      1541      1549      1550      1542      1544      1552      1551      1543
 -1         8    1    0    1
 -2      1549       469       470      1550      1552       472       471      1551
 -1         9    1    0    1
 -2       319      1557      1558       320       322      1560      1559       321
 -1        10    1    0    1
 -2      1557      1565      1566      1558      1560      1568      1567      1559
 -1        11    1    0    1
 -2      1565      1573      1574      1566      1568      1576      1575      1567
 -1        12    1    0    1
 -2      1573      1581      1582      1574      1576      1584      1583      1575
 -1        13    1    0    1
 -2      1581      1589      1590      1582      1584      1592      1591      1583
 -1        14    1    0    1
 -2      1589      1597      1598      1590      1592      1600      1599      1591
 -1        15    1    0    1
 -2      1597      1605      1606      1598      1600      1608      1607      1599
 -1        16    1    0    1
 -2      1605       535       536      1606      1608       538       537      1607
 -1        17    1    0    1
 -2       369      1613      1614       370       372      1616      1615       371
 -1        18    1    0    1
 -2      1613      1621      1622      1614      1616      1624      1623      1615
 -1        19    1    0    1
 -2      1621      1629      1630      1622      1624      1632      1631      1623
 -1        20    1    0    1
 -2      1629      1637      1638      1630      1632      1640      1639      1631
 -1        21    1    0    1
 -2      1637      1645      1646      1638      1640      1648      1647      1639
 -1        22    1    0    1
 -2      1645      1653      1654      1646      1648      1656      1655      1647
 -1        23    1    0    1
 -2      1653      1661      1662      1654      1656      1664      1663      1655
 -1        24    1    0    1
 -2      1661       585       586      1662      1664       588       587      1663
 -1        25    1    0    1
 -2       419      1669      1670       420       422      1672      1671       421
 -1        26    1    0    1
 -2      1669      1677      1678      1670      1672      1680      1679      1671
 -1        27    1    0    1
 -2      1677      1685      1686      1678      1680      1688      1687      1679
 -1        28    1    0    1
 -2      1685      1693      1694      1686      1688      1696      1695      1687
 -1        29    1    0    1
 -2      1693      1701      1702      1694      1696      1704      1703      1695
 -1        30    1    0    1
 -2      1701      1709      1710      1702      1704      1712      1711      1703
 -1        31    1    0    1
 -2      1709      1717      1718      1710      1712      1720      1719      1711
 -1        32    1    0    1
 -2      1717       651       652      1718      1720       654       653      1719
 -1        33    1    0    1
 -2       493      1725      1726       494       496      1728      1727       495
 -1        34    1    0    1
 -2      1725       701       702      1726      1728       704       703      1727
 -1        35    1    0    1
 -2       535      1733      1734       536       538      1736      1735       537
 -1        36    1    0    1
 -2      1733       751       752      1734      1736       754       753      1735
 -1        37    1    0    1
 -2       609      1741      1742       610       612      1744      1743       611
 -1        38    1    0    1
 -2      1741       801       802      1742      1744       804       803      1743
 -1        39    1    0    1
 -2       651      1749      1750       652       654      1752      1751       653
 -1        40    1    0    1
 -2      1749       851       852      1750      1752       854       853      1751
 -1        41    1    0    1
 -2       701      1757      1758       702       704      1760      1759       703
 -1        42    1    0    1
 -2      1757       901       902      1758      1760       904       903      1759
 -1        43    1    0    1
 -2       751      1765      1766       752       754      1768      1767       753
 -1        44    1    0    1
 -2      1765       951       952      1766      1768       954       953      1767
 -1        45    1    0    1
 -2       801      1773      1774       802       804      1776      1775       803
 -1        46    1    0    1
 -2      1773      1001      1002      1774      1776      1004      1003      1775
 -1        47    1    0    1
 -2       851      1781      1782       852       854      1784      1783       853
 -1        48    1    0    1
 -2      1781      1051      1052      1782      1784      1054      1053      1783
 -1        49    1    0    1
 -2       901      1789      1790       902       904      1792      1791       903
 -1        50    1    0    1
 -2      1789      1101      1102      1790      1792      1104      1103      1791
 -1        51    1    0    1
 -2       951      1797      1798       952       954      1800      1799       953
 -1        52    1    0    1
 -2      1797      1151      1152      1798      1800      1154      1153      1799
 -1        53    1    0    1
 -2      1001      1805      1806      1002      1004      1808      1807      1003
 -1        54    1    0    1
 -2      1805      1201      1202      1806      1808      1204      1203      1807
 -1        55    1    0    1
 -2      1051      1813      1814      1052      1054      1816      1815      1053
 -1        56    1    0    1
 -2      1813      1251      1252      1814      1816      1254      1253      1815
 -1        57    1    0    1
 -2      1101      1821      1822      1102      1104      1824      1823      1103
 -1        58    1    0    1
 -2      1821      1829      1830      1822      1824      1832      1831      1823
 -1        59    1    0    1
 -2      1829      1837      1838      1830      1832      1840      1839      1831
 -1        60    1    0    1
 -2      1837      1301      1302      1838      1840      1304      1303      1839
 -1        61    1    0    1
 -2      1151      1845      1846      1152      1154      1848      1847      1153
 -1        62    1    0    1
 -2      1845      1853      1854      1846      1848      1856      1855      1847
 -1        63    1    0    1
 -2      1853      1861      1862      1854      1856      1864      1863      1855
 -1        64    1    0    1
 -2      1861      1351      1352      1862      1864      1354      1353      1863
 -1        65    1    0    1
 -2      1201      1869      1870      1202      1204      1872      1871      1203
 -1        66    1    0    1
 -2      1869      1877      1878      1870      1872      1880      1879      1871
 -1        67    1    0    1
 -2      1877      1885      1886      1878      1880      1888      1887      1879
 -1        68    1    0    1
 -2      1885      1401      1402      1886      1888      1404      1403      1887
 -1        69    1    0    1
 -2      1251      1893      1894      1252      1254      1896      1895      1253
 -1        70    1    0    1
 -2      1893      1901      1902      1894      1896      1904      1903      1895
 -1        71    1    0    1
 -2      1901      1909      1910      1902      1904      1912      1911      1903
 -1        72    1    0    1
 -2      1909      1451      1452      1910      1912      1454      1453      1911
 -1        73    1    0    1
 -2       277      1917      1918       278       280      1920      1919       279
 -1        74    1    0    1
 -2      1917      1925      1926      1918      1920      1928      1927      1919
 -1        75    1    0    1
 -2      1925      1933      1934      1926      1928      1936      1935      1927
 -1        76    1    0    1
 -2      1933       327       328      1934      1936       330       329      1935
 -1        77    1    0    1
 -2       377      1941      1942       378       380      1944      1943       379
 -1        78    1    0    1
 -2      1941      1949      1950      1942      1944      1952      1951      1943
 -1        79    1    0    1
 -2      1949      1957      1958      1950      1952      1960      1959      1951
 -1        80    1    0    1
 -2      1957       427       428      1958      1960       430       429      1959
 -1        81    1    0    1
 -2       285      1965      1966       286       288      1968      1967       287
 -1        82    1    0    1
 -2      1965      1973      1974      1966      1968      1976      1975      1967
 -1        83    1    0    1
 -2      1973      1981      1982      1974      1976      1984      1983      1975
 -1        84    1    0    1
 -2      1981       385       386      1982      1984       388       387      1983
 -1        85    1    0    1
 -2       335      1989      1990       336       338      1992      1991       337
 -1        86    1    0    1
 -2      1989      1997      1998      1990      1992      2000      1999      1991
 -1        87    1    0    1
 -2      1997      2005      2006      1998      2000      2008      2007      1999
 -1        88    1    0    1
 -2      2005       435       436      2006      2008       438       437      2007
 -1        89    1    0    1
 -2       477      2013      2014       478       480      2016      2015       479
 -1        90    1    0    1
 -2      2013      2021      2022      2014      2016      2024      2023      2015
 -1        91    1    0    1
 -2      2021      2029      2030      2022      2024      2032      2031      2023
 -1        92    1    0    1
 -2      2029       543       544      2030      2032       546       545      2031
 -1        93    1    0    1
 -2       593      2037      2038       594       596      2040      2039       595
 -1        94    1    0    1
 -2      2037      2045      2046      2038      2040      2048      2047      2039
 -1        95    1    0    1
 -2      2045      2053      2054      2046      2048      2056      2055      2047
 -1        96    1    0    1
 -2      2053       659       660      2054      2056       662       661      2055
 -1        97    1    0    1
 -2       485      2061      2062       486       488      2064      2063       487
 -1        98    1    0    1
 -2      2061      2069      2070      2062      2064      2072      2071      2063
 -1        99    1    0    1
 -2      2069      2077      2078      2070      2072      2080      2079      2071
 -1       100    1    0    1
 -2      2077       601       602      2078      2080       604       603      2079
 -1       101    1    0    1
 -2       551      2085      2086       552       554      2088      2087       553
 -1       102    1    0    1
 -2      2085      2093      2094      2086      2088      2096      2095      2087
 -1       103    1    0    1
 -2      2093      2101      2102      2094      2096      2104      2103      2095
 -1       104    1    0    1
 -2      2101       667       668      2102      2104       670       669      2103
 -1       105    1    0    1
 -2       709      2109      2110       710       712      2112      2111       711
 -1       106    1    0    1
 -2      2109      2117      2118      2110      2112      2120      2119      2111
 -1       107    1    0    1
 -2      2117      2125      2126      2118      2120      2128      2127      2119
 -1       108    1    0    1
 -2      2125       759       760      2126      2128       762       761      2127
 -1       109    1    0    1
 -2       809      2133      2134       810       812      2136      2135       811
 -1       110    1    0    1
 -2      2133      2141      2142      2134      2136      2144      2143      2135
 -1       111    1    0    1
 -2      2141      2149      2150      2142      2144      2152      2151      2143
 -1       112    1    0    1
 -2      2149       859       860      2150      2152       862       861      2151
 -1       113    1    0    1
 -2       717      2157      2158       718       720      2160      2159       719
 -1       114    1    0    1
 -2      2157      2165      2166      2158      2160      2168      2167      2159
 -1       115    1    0    1
 -2      2165      2173      2174      2166      2168      2176      2175      2167
 -1       116    1    0    1
 -2      2173       817       818      2174      2176       820       819      2175
 -1       117    1    0    1
 -2       767      2181      2182       768       770      2184      2183       769
 -1       118    1    0    1
 -2      2181      2189      2190      2182      2184      2192      2191      2183
 -1       119    1    0    1
 -2      2189      2197      2198      2190      2192      2200      2199      2191
 -1       120    1    0    1
 -2      2197       867       868      2198      2200       870       869      2199
 -1       121    1    0    1
 -2       909      2205      2206       910       912      2208      2207       911
 -1       122    1    0    1
 -2      2205      2213      2214      2206      2208      2216      2215      2207
 -1       123    1    0    1
 -2      2213      2221      2222      2214      2216      2224      2223      2215
 -1       124    1    0    1
 -2      2221       959       960      2222      2224       962       961      2223
 -1       125    1    0    1
 -2      1009      2229      2230      1010      1012      2232      2231      1011
 -1       126    1    0    1
 -2      2229      2237      2238      2230      2232      2240      2239      2231
 -1       127    1    0    1
 -2      2237      2245      2246      2238      2240      2248      2247      2239
 -1       128    1    0    1
 -2      2245      1059      1060      2246      2248      1062      1061      2247
 -1       129    1    0    1
 -2       917      2253      2254       918       920      2256      2255       919
 -1       130    1    0    1
 -2      2253      2261      2262      2254      2256      2264      2263      2255
 -1       131    1    0    1
 -2      2261      2269      2270      2262      2264      2272      2271      2263
 -1       132    1    0    1
 -2      2269      1017      1018      2270      2272      1020      1019      2271
 -1       133    1    0    1
 -2       967      2277      2278       968       970      2280      2279       969
 -1       134    1    0    1
 -2      2277      2285      2286      2278      2280      2288      2287      2279
 -1       135    1    0    1
 -2      2285      2293      2294      2286      2288      2296      2295      2287
 -1       136    1    0    1
 -2      2293      1067      1068      2294      2296      1070      1069      2295
 -1       137    1    0    1
 -2      1109      2301      2302      1110      1112      2304      2303      1111
 -1       138    1    0    1
 -2      2301      2309      2310      2302      2304      2312      2311      2303
 -1       139    1    0    1
 -2      2309      2317      2318      2310      2312      2320      2319      2311
 -1       140    1    0    1
 -2      2317      1159      1160      2318      2320      1162      1161      2319
 -1       141    1    0    1
 -2      1209      2325      2326      1210      1212      2328      2327      1211
 -1       142    1    0    1
 -2      2325      2333      2334      2326      2328      2336      2335      2327
 -1       143    1    0    1
 -2      2333      2341      2342      2334      2336      2344      2343      2335
 -1       144    1    0    1
 -2      2341      1259      1260      2342      2344      1262      1261      2343
 -1       145    1    0    1
 -2      1117      2349      2350      1118      1120      2352      2351      1119
 -1       146    1    0    1
 -2      2349      2357      2358      2350      2352      2360      2359      2351
 -1       147    1    0    1
 -2      2357      2365      2366      2358      2360      2368      2367      2359
 -1       148    1    0    1
 -2      2365      1217      1218      2366      2368      1220      1219      2367
 -1       149    1    0    1
 -2      1167      2373      2374      1168      1170      2376      2375      1169
 -1       150    1    0    1
 -2      2373      2381      2382      2374      2376      2384      2383      2375
 -1       151    1    0    1
 -2      2381      2389      2390      2382      2384      2392      2391      2383
 -1       152    1    0    1
 -2      2389      1267      1268      2390      2392      1270      1269      2391
 -1       153    1    0    1
 -2      1309      2397      2398      1310      1312      2400      2399      1311
 -1       154    1    0    1
 -2      2397      2405      2406      2398      2400      2408      2407      2399
 -1       155    1    0    1
 -2      2405      2413      2414      2406      2408      2416      2415      2407
 -1       156    1    0    1
 -2      2413      1359      1360      2414      2416      1362      1361      2415
 -1       157    1    0    1
 -2      1409      2421      2422      1410      1412      2424      2423      1411
 -1       158    1    0    1
 -2      2421      2429      2430      2422      2424      2432      2431      2423
 -1       159    1    0    1
 -2      2429      2437      2438      2430      2432      2440      2439      2431
 -1       160    1    0    1
 -2      2437      1459      1460      2438      2440      1462      1461      2439
 -1       161    1    0    1
 -2      1317      2445      2446      1318      1320      2448      2447      1319
 -1       162    1    0    1
 -2      2445      2453      2454      2446      2448      2456      2455      2447
 -1       163    1    0    1
 -2      2453      2461      2462      2454      2456      2464      2463      2455
 -1       164    1    0    1
 -2      2461      1417      1418      2462      2464      1420      1419      2463
 -1       165    1    0    1
 -2      1367      2469      2470      1368      1370      2472      2471      1369
 -1       166    1    0    1
 -2      2469      2477      2478      2470      2472      2480      2479      2471
 -1       167    1    0    1
 -2      2477      2485      2486      2478      2480      2488      2487      2479
 -1       168    1    0    1
 -2      2485      1467      1468      2486      2488      1470      1469      2487
 -1       169    1    0    1
 -2       269      2493      2494       270       272      2496      2495       271
 -1       170    1    0    1
 -2      2493      2501      2502      2494      2496      2504      2503      2495
 -1       171    1    0    1
 -2      2501      2509      2510      2502      2504      2512      2511      2503
 -1       172    1    0    1
 -2      2509       585       586      2510      2512       588       587      2511
 -1       173    1    0    1
 -2       369      2517      2518       370       372      2520      2519       371
 -1       174    1    0    1
 -2      2517      2525      2526      2518      2520      2528      2527      2519
 -1       175    1    0    1
 -2      2525      2533      2534      2526      2528      2536      2535      2527
 -1       176    1    0    1
 -2      2533       469       470      2534      2536       472       471      2535
 -1       177    1    0    1
 -2       319      2541      2542       320       322      2544      2543       321
 -1       178    1    0    1
 -2      2541      2549      2550      2542      2544      2552      2551      2543
 -1       179    1    0    1
 -2      2549      2557      2558      2550      2552      2560      2559      2551
 -1       180    1    0    1
 -2      2557       651       652      2558      2560       654       653      2559
 -1       181    1    0    1
 -2       419      2565      2566       420       422      2568      2567       421
 -1       182    1    0    1
 -2      2565      2573      2574      2566      2568      2576      2575      2567
 -1       183    1    0    1
 -2      2573      2581      2582      2574      2576      2584      2583      2575
 -1       184    1    0    1
 -2      2581       535       536      2582      2584       538       537      2583
 -1       185    1    0    1
 -2       269      2589      2590       270       272      2592      2591       271
 -1       186    1    0    1
 -2      2589      2597      2598      2590      2592      2600      2599      2591
 -1       187    1    0    1
 -2      2597      2605      2606      2598      2600      2608      2607      2599
 -1       188    1    0    1
 -2      2605       535       536      2606      2608       538       537      2607
 -1       189    1    0    1
 -2       319      2613      2614       320       322      2616      2615       321
 -1       190    1    0    1
 -2      2613      2621      2622      2614      2616      2624      2623      2615
 -1       191    1    0    1
 -2      2621      2629      2630      2622      2624      2632      2631      2623
 -1       192    1    0    1
 -2      2629       469       470      2630      2632       472       471      2631
 -1       193    1    0    1
 -2       369      2637      2638       370       372      2640      2639       371
 -1       194    1    0    1
 -2      2637      2645      2646      2638      2640      2648      2647      2639
 -1       195    1    0    1
 -2      2645      2653      2654      2646      2648      2656      2655      2647
 -1       196    1    0    1
 -2      2653       651       652      2654      2656       654       653      2655
 -1       197    1    0    1
 -2       419      2661      2662       420       422      2664      2663       421
 -1       198    1    0    1
 -2      2661      2669      2670      2662      2664      2672      2671      2663
 -1       199    1    0    1
 -2      2669      2677      2678      2670      2672      2680      2679      2671
 -1       200    1    0    1
 -2      2677       585       586      2678      2680       588       587      2679
 -1       201    1    0    1
 -2       469      2685      2686       470       472      2688      2687       471
 -1       202    1    0    1
 -2      2685      2693      2694      2686      2688      2696      2695      2687
 -1       203    1    0    1
 -2      2693      2701      2702      2694      2696      2704      2703      2695
 -1       204    1    0    1
 -2      2701       801       802      2702      2704       804       803      2703
 -1       205    1    0    1
 -2       609      2709      2710       610       612      2712      2711       611
 -1       206    1    0    1
 -2      2709      2717      2718      2710      2712      2720      2719      2711
 -1       207    1    0    1
 -2      2717      2725      2726      2718      2720      2728      2727      2719
 -1       208    1    0    1
 -2      2725       701       702      2726      2728       704       703      2727
 -1       209    1    0    1
 -2       535      2733      2734       536       538      2736      2735       537
 -1       210    1    0    1
 -2      2733      2741      2742      2734      2736      2744      2743      2735
 -1       211    1    0    1
 -2      2741      2749      2750      2742      2744      2752      2751      2743
 -1       212    1    0    1
 -2      2749       851       852      2750      2752       854       853      2751
 -1       213    1    0    1
 -2       651      2757      2758       652       654      2760      2759       653
 -1       214    1    0    1
 -2      2757      2765      2766      2758      2760      2768      2767      2759
 -1       215    1    0    1
 -2      2765      2773      2774      2766      2768      2776      2775      2767
 -1       216    1    0    1
 -2      2773       751       752      2774      2776       754       753      2775
 -1       217    1    0    1
 -2       493      2781      2782       494       496      2784      2783       495
 -1       218    1    0    1
 -2      2781      2789      2790      2782      2784      2792      2791      2783
 -1       219    1    0    1
 -2      2789      2797      2798      2790      2792      2800      2799      2791
 -1       220    1    0    1
 -2      2797       751       752      2798      2800       754       753      2799
 -1       221    1    0    1
 -2       535      2805      2806       536       538      2808      2807       537
 -1       222    1    0    1
 -2      2805      2813      2814      2806      2808      2816      2815      2807
 -1       223    1    0    1
 -2      2813      2821      2822      2814      2816      2824      2823      2815
 -1       224    1    0    1
 -2      2821       701       702      2822      2824       704       703      2823
 -1       225    1    0    1
 -2       609      2829      2830       610       612      2832      2831       611
 -1       226    1    0    1
 -2      2829      2837      2838      2830      2832      2840      2839      2831
 -1       227    1    0    1
 -2      2837      2845      2846      2838      2840      2848      2847      2839
 -1       228    1    0    1
 -2      2845       851       852      2846      2848       854       853      2847
 -1       229    1    0    1
 -2       651      2853      2854       652       654      2856      2855       653
 -1       230    1    0    1
 -2      2853      2861      2862      2854      2856      2864      2863      2855
 -1       231    1    0    1
 -2      2861      2869      2870      2862      2864      2872      2871      2863
 -1       232    1    0    1
 -2      2869       801       802      2870      2872       804       803      2871
 -1       233    1    0    1
 -2       701      2877      2878       702       704      2880      2879       703
 -1       234    1    0    1
 -2      2877      2885      2886      2878      2880      2888      2887      2879
 -1       235    1    0    1
 -2      2885      2893      2894      2886      2888      2896      2895      2887
 -1       236    1    0    1
 -2      2893      1001      1002      2894      2896      1004      1003      2895
 -1       237    1    0    1
 -2       801      2901      2902       802       804      2904      2903       803
 -1       238    1    0    1
 -2      2901      2909      2910      2902      2904      2912      2911      2903
 -1       239    1    0    1
 -2      2909      2917      2918      2910      2912      2920      2919      2911
 -1       240    1    0    1
 -2      2917       901       902      2918      2920       904       903      2919
 -1       241    1    0    1
 -2       751      2925      2926       752       754      2928      2927       753
 -1       242    1    0    1
 -2      2925      2933      2934      2926      2928      2936      2935      2927
 -1       243    1    0    1
 -2      2933      2941      2942      2934      2936      2944      2943      2935
 -1       244    1    0    1
 -2      2941      1051      1052      2942      2944      1054      1053      2943
 -1       245    1    0    1
 -2       851      2949      2950       852       854      2952      2951       853
 -1       246    1    0    1
 -2      2949      2957      2958      2950      2952      2960      2959      2951
 -1       247    1    0    1
 -2      2957      2965      2966      2958      2960      2968      2967      2959
 -1       248    1    0    1
 -2      2965       951       952      2966      2968       954       953      2967
 -1       249    1    0    1
 -2       701      2973      2974       702       704      2976      2975       703
 -1       250    1    0    1
 -2      2973      2981      2982      2974      2976      2984      2983      2975
 -1       251    1    0    1
 -2      2981      2989      2990      2982      2984      2992      2991      2983
 -1       252    1    0    1
 -2      2989       951       952      2990      2992       954       953      2991
 -1       253    1    0    1
 -2       751      2997      2998       752       754      3000      2999       753
 -1       254    1    0    1
 -2      2997      3005      3006      2998      3000      3008      3007      2999
 -1       255    1    0    1
 -2      3005      3013      3014      3006      3008      3016      3015      3007
 -1       256    1    0    1
 -2      3013       901       902      3014      3016       904       903      3015
 -1       257    1    0    1
 -2       801      3021      3022       802       804      3024      3023       803
 -1       258    1    0    1
 -2      3021      3029      3030      3022      3024      3032      3031      3023
 -1       259    1    0    1
 -2      3029      3037      3038      3030      3032      3040      3039      3031
 -1       260    1    0    1
 -2      3037      1051      1052      3038      3040      1054      1053      3039
 -1       261    1    0    1
 -2       851      3045      3046       852       854      3048      3047       853
 -1       262    1    0    1
 -2      3045      3053      3054      3046      3048      3056      3055      3047
 -1       263    1    0    1
 -2      3053      3061      3062      3054      3056      3064      3063      3055
 -1       264    1    0    1
 -2      3061      1001      1002      3062      3064      1004      1003      3063
 -1       265    1    0    1
 -2       901      3069      3070       902       904      3072      3071       903
 -1       266    1    0    1
 -2      3069      3077      3078      3070      3072      3080      3079      3071
 -1       267    1    0    1
 -2      3077      3085      3086      3078      3080      3088      3087      3079
 -1       268    1    0    1
 -2      3085      1201      1202      3086      3088      1204      1203      3087
 -1       269    1    0    1
 -2      1001      3093      3094      1002      1004      3096      3095      1003
 -1       270    1    0    1
 -2      3093      3101      3102      3094      3096      3104      3103      3095
 -1       271    1    0    1
 -2      3101      3109      3110      3102      3104      3112      3111      3103
 -1       272    1    0    1
 -2      3109      1101      1102      3110      3112      1104      1103      3111
 -1       273    1    0    1
 -2       951      3117      3118       952       954      3120      3119       953
 -1       274    1    0    1
 -2      3117      3125      3126      3118      3120      3128      3127      3119
 -1       275    1    0    1
 -2      3125      3133      3134      3126      3128      3136      3135      3127
 -1       276    1    0    1
 -2      3133      1251      1252      3134      3136      1254      1253      3135
 -1       277    1    0    1
 -2      1051      3141      3142      1052      1054      3144      3143      1053
 -1       278    1    0    1
 -2      3141      3149      3150      3142      3144      3152      3151      3143
 -1       279    1    0    1
 -2      3149      3157      3158      3150      3152      3160      3159      3151
 -1       280    1    0    1
 -2      3157      1151      1152      3158      3160      1154      1153      3159
 -1       281    1    0    1
 -2       901      3165      3166       902       904      3168      3167       903
 -1       282    1    0    1
 -2      3165      3173      3174      3166      3168      3176      3175      3167
 -1       283    1    0    1
 -2      3173      3181      3182      3174      3176      3184      3183      3175
 -1       284    1    0    1
 -2      3181      1151      1152      3182      3184      1154      1153      3183
 -1       285    1    0    1
 -2       951      3189      3190       952       954      3192      3191       953
 -1       286    1    0    1
 -2      3189      3197      3198      3190      3192      3200      3199      3191
 -1       287    1    0    1
 -2      3197      3205      3206      3198      3200      3208      3207      3199
 -1       288    1    0    1
 -2      3205      1101      1102      3206      3208      1104      1103      3207
 -1       289    1    0    1
 -2      1001      3213      3214      1002      1004      3216      3215      1003
 -1       290    1    0    1
 -2      3213      3221      3222      3214      3216      3224      3223      3215
 -1       291    1    0    1
 -2      3221      3229      3230      3222      3224      3232      3231      3223
 -1       292    1    0    1
 -2      3229      1251      1252      3230      3232      1254      1253      3231
 -1       293    1    0    1
 -2      1051      3237      3238      1052      1054      3240      3239      1053
 -1       294    1    0    1
 -2      3237      3245      3246      3238      3240      3248      3247      3239
 -1       295    1    0    1
 -2      3245      3253      3254      3246      3248      3256      3255      3247
 -1       296    1    0    1
 -2      3253      1201      1202      3254      3256      1204      1203      3255
 -1       297    1    0    1
 -2      1101      3261      3262      1102      1104      3264      3263      1103
 -1       298    1    0    1
 -2      3261      3269      3270      3262      3264      3272      3271      3263
 -1       299    1    0    1
 -2      3269      3277      3278      3270      3272      3280      3279      3271
 -1       300    1    0    1
 -2      3277      1401      1402      3278      3280      1404      1403      3279
 -1       301    1    0    1
 -2      1201      3285      3286      1202      1204      3288      3287      1203
 -1       302    1    0    1
 -2      3285      3293      3294      3286      3288      3296      3295      3287
 -1       303    1    0    1
 -2      3293      3301      3302      3294      3296      3304      3303      3295
 -1       304    1    0    1
 -2      3301      1301      1302      3302      3304      1304      1303      3303
 -1       305    1    0    1
 -2      1151      3309      3310      1152      1154      3312      3311      1153
 -1       306    1    0    1
 -2      3309      3317      3318      3310      3312      3320      3319      3311
 -1       307    1    0    1
 -2      3317      3325      3326      3318      3320      3328      3327      3319
 -1       308    1    0    1
 -2      3325      1451      1452      3326      3328      1454      1453      3327
 -1       309    1    0    1
 -2      1251      3333      3334      1252      1254      3336      3335      1253
 -1       310    1    0    1
 -2      3333      3341      3342      3334      3336      3344      3343      3335
 -1       311    1    0    1
 -2      3341      3349      3350      3342      3344      3352      3351      3343
 -1       312    1    0    1
 -2      3349      1351      1352      3350      3352      1354      1353      3351
 -1       313    1    0    1
 -2      1101      3357      3358      1102      1104      3360      3359      1103
 -1       314    1    0    1
 -2      3357      3365      3366      3358      3360      3368      3367      3359
 -1       315    1    0    1
 -2      3365      3373      3374      3366      3368      3376      3375      3367
 -1       316    1    0    1
 -2      3373      1351      1352      3374      3376      1354      1353      3375
 -1       317    1    0    1
 -2      1151      3381      3382      1152      1154      3384      3383      1153
 -1       318    1    0    1
 -2      3381      3389      3390      3382      3384      3392      3391      3383
 -1       319    1    0    1
 -2      3389      3397      3398      3390      3392      3400      3399      3391
 -1       320    1    0    1
 -2      3397      1301      1302      3398      3400      1304      1303      3399
 -1       321    1    0    1
 -2      1201      3405      3406      1202      1204      3408      3407      1203
 -1       322    1    0    1
 -2      3405      3413      3414      3406      3408      3416      3415      3407
 -1       323    1    0    1
 -2      3413      3421      3422      3414      3416      3424      3423      3415
 -1       324    1    0    1
 -2      3421      1451      1452      3422      3424      1454      1453      3423
 -1       325    1    0    1
 -2      1251      3429      3430      1252      1254      3432      3431      1253
 -1       326    1    0    1
 -2      3429      3437      3438      3430      3432      3440      3439      3431
 -1       327    1    0    1
 -2      3437      3445      3446      3438      3440      3448      3447      3439
 -1       328    1    0    1
 -2      3445      1401      1402      3446      3448      1404      1403      3447
 -3
    1PSTEP                         1           1           1          
  100CL  101 1.000000000           0                     0    1           1
 -4  DISP        4    1
 -5  D1          1    2    1    0
 -5  D2          1    2    2    0
 -5  D3          1    2    3    0
 -5  ALL         1    2    0    0    1ALL
 -3
 9999
