    1C
    1UNormalized cross-passage space-truss torsion benchmark            
    1UUSER                                                              
    1UDATE              06.august.2026                                  
    1UTIME              08:06:57                                        
    1UHOST                                                              
    1UPGM               CalculiX                                        
    1UVERSION           Version 2.21                             
    1UCOMPILETIME       Sat Jul 29 10:52:01 CEST 2023                    
    1UDIR                                                               
    1UDBN                                                               
    1UMAT    1STEEL                                                     
    2C                          1304                                     1
 -1       277-1.19385E+00 1.28564E-03-3.55031E-02
 -1       278-1.23028E+00 3.82143E-03-1.91941E-02
 -1       279-1.20615E+00-1.28564E-03 3.55031E-02
 -1       280-1.16972E+00-3.82143E-03 1.91941E-02
 -1       285-1.20145E+00-3.41225E-02-1.15569E-02
 -1       286-1.20010E+00-2.46574E-03-3.59709E-02
 -1       287-1.19855E+00 3.41225E-02 1.15569E-02
 -1       288-1.19990E+00 2.46574E-03 3.59709E-02
 -1       293-1.23365E+00-1.29325E-02 5.48678E-04
 -1       294-1.20099E+00-3.60094E-02 1.52775E-03
 -1       295-1.16635E+00 1.29325E-02-5.48678E-04
 -1       296-1.19901E+00 3.60094E-02-1.52775E-03
 -1       327 1.20192E+00 2.05963E-03-3.59455E-02
 -1       328 1.16765E+00-2.18482E-03-1.57609E-02
 -1       329 1.19808E+00-2.05963E-03 3.59455E-02
 -1       330 1.23235E+00 2.18482E-03 1.57609E-02
 -1       335 1.20143E+00-3.37965E-02-1.24797E-02
 -1       336 1.20006E+00-1.48932E-03-3.60247E-02
 -1       337 1.19857E+00 3.37965E-02 1.24797E-02
 -1       338 1.19994E+00 1.48932E-03 3.60247E-02
 -1       343 1.16707E+00-1.46725E-02-6.22501E-04
 -1       344 1.20089E+00-3.60121E-02-1.52786E-03
 -1       345 1.23293E+00 1.46725E-02 6.22501E-04
 -1       346 1.19911E+00 3.60121E-02 1.52786E-03
 -1       377-1.19302E+00-2.49641E-03 1.96472E+00
 -1       378-1.22982E+00 1.71693E-03 1.97980E+00
 -1       379-1.20698E+00 2.49641E-03 2.03528E+00
 -1       380-1.17018E+00-1.71693E-03 2.02020E+00
 -1       385-1.19857E+00-3.37965E-02 1.98752E+00
 -1       386-1.19994E+00-1.48932E-03 1.96398E+00
 -1       387-1.20143E+00 3.37965E-02 2.01248E+00
 -1       388-1.20006E+00 1.48932E-03 2.03602E+00
 -1       393-1.23293E+00-1.46725E-02 1.99938E+00
 -1       394-1.19911E+00-3.60121E-02 1.99847E+00
 -1       395-1.16707E+00 1.46725E-02 2.00062E+00
 -1       396-1.20089E+00 3.60121E-02 2.00153E+00
 -1       427 1.20331E+00-1.56926E-03 1.96413E+00
 -1       428 1.16828E+00-3.82516E-03 1.98330E+00
 -1       429 1.19669E+00 1.56926E-03 2.03587E+00
 -1       430 1.23172E+00 3.82516E-03 2.01670E+00
 -1       435 1.19855E+00-3.41225E-02 1.98844E+00
 -1       436 1.19990E+00-2.46574E-03 1.96403E+00
 -1       437 1.20145E+00 3.41225E-02 2.01156E+00
 -1       438 1.20010E+00 2.46574E-03 2.03597E+00
 -1       443 1.16635E+00-1.29325E-02 2.00055E+00
 -1       444 1.19901E+00-3.60094E-02 2.00153E+00
 -1       445 1.23365E+00 1.29325E-02 1.99945E+00
 -1       446 1.20099E+00 3.60094E-02 1.99847E+00
 -1       477-1.19507E+00 9.99933E+00-3.57109E-02
 -1       478-1.23107E+00 1.00001E+01-1.82903E-02
 -1       479-1.20493E+00 1.00007E+01 3.57109E-02
 -1       480-1.16893E+00 9.99994E+00 1.82903E-02
 -1       485-1.20000E+00 9.96600E+00-1.20000E-02
 -1       486-1.20000E+00 9.99800E+00-3.60000E-02
 -1       487-1.20000E+00 1.00340E+01 1.20000E-02
 -1       488-1.20000E+00 1.00020E+01 3.60000E-02
 -1       493-1.23328E+00 9.98613E+00 0.00000E+00
 -1       494-1.20000E+00 9.96394E+00 0.00000E+00
 -1       495-1.16672E+00 1.00139E+01 0.00000E+00
 -1       496-1.20000E+00 1.00361E+01 0.00000E+00
 -1       527 1.20432E+00 9.99980E+00-3.57953E-02
 -1       528 1.16862E+00 9.99950E+00-1.77519E-02
 -1       529 1.19568E+00 1.00002E+01 3.57953E-02
 -1       530 1.23138E+00 1.00005E+01 1.77519E-02
 -1       535 1.20000E+00 9.96600E+00-1.20000E-02
 -1       536 1.20000E+00 9.99800E+00-3.60000E-02
 -1       537 1.20000E+00 1.00340E+01 1.20000E-02
 -1       538 1.20000E+00 1.00020E+01 3.60000E-02
 -1       543 1.16672E+00 9.98613E+00 0.00000E+00
 -1       544 1.20000E+00 9.96394E+00 0.00000E+00
 -1       545 1.23328E+00 1.00139E+01 0.00000E+00
 -1       546 1.20000E+00 1.00361E+01 0.00000E+00
 -1       577-1.19534E+00 1.00002E+01 1.96425E+00
 -1       578-1.23121E+00 1.00005E+01 1.98195E+00
 -1       579-1.20466E+00 9.99981E+00 2.03575E+00
 -1       580-1.16879E+00 9.99950E+00 2.01805E+00
 -1       585-1.20000E+00 9.96600E+00 1.98800E+00
 -1       586-1.20000E+00 9.99800E+00 1.96400E+00
 -1       587-1.20000E+00 1.00340E+01 2.01200E+00
 -1       588-1.20000E+00 1.00020E+01 2.03600E+00
 -1       593-1.23328E+00 9.98613E+00 2.00000E+00
 -1       594-1.20000E+00 9.96394E+00 2.00000E+00
 -1       595-1.16672E+00 1.00139E+01 2.00000E+00
 -1       596-1.20000E+00 1.00361E+01 2.00000E+00
 -1       627 1.20403E+00 1.00007E+01 1.96418E+00
 -1       628 1.16848E+00 9.99992E+00 1.98250E+00
 -1       629 1.19597E+00 9.99934E+00 2.03582E+00
 -1       630 1.23152E+00 1.00001E+01 2.01750E+00
 -1       635 1.20000E+00 9.96600E+00 1.98800E+00
 -1       636 1.20000E+00 9.99800E+00 1.96400E+00
 -1       637 1.20000E+00 1.00340E+01 2.01200E+00
 -1       638 1.20000E+00 1.00020E+01 2.03600E+00
 -1       643 1.16672E+00 9.98613E+00 2.00000E+00
 -1       644 1.20000E+00 9.96394E+00 2.00000E+00
 -1       645 1.23328E+00 1.00139E+01 2.00000E+00
 -1       646 1.20000E+00 1.00361E+01 2.00000E+00
 -1       677-1.19508E+00 1.99995E+01-3.57149E-02
 -1       678-1.23108E+00 2.00002E+01-1.82812E-02
 -1       679-1.20492E+00 2.00005E+01 3.57149E-02
 -1       680-1.16892E+00 1.99998E+01 1.82812E-02
 -1       685-1.20102E+00 1.99659E+01-1.16828E-02
 -1       686-1.20007E+00 1.99977E+01-3.59798E-02
 -1       687-1.19898E+00 2.00341E+01 1.16828E-02
 -1       688-1.19993E+00 2.00023E+01 3.59798E-02
 -1       693-1.23354E+00 1.99868E+01 3.96605E-04
 -1       694-1.20069E+00 1.99640E+01 1.08098E-03
 -1       695-1.16646E+00 2.00132E+01-3.96605E-04
 -1       696-1.19931E+00 2.00360E+01-1.08098E-03
 -1       727 1.20439E+00 1.99996E+01-3.57847E-02
 -1       728 1.16866E+00 1.99994E+01-1.78130E-02
 -1       729 1.19561E+00 2.00004E+01 3.57847E-02
 -1       730 1.23134E+00 2.00006E+01 1.78130E-02
 -1       735 1.20102E+00 1.99661E+01-1.23355E-02
 -1       736 1.20005E+00 1.99984E+01-3.60180E-02
 -1       737 1.19898E+00 2.00339E+01 1.23355E-02
 -1       738 1.19995E+00 2.00016E+01 3.60180E-02
 -1       743 1.16697E+00 1.99855E+01-4.33494E-04
 -1       744 1.20064E+00 1.99640E+01-1.08101E-03
 -1       745 1.23303E+00 2.00145E+01 4.33494E-04
 -1       746 1.19936E+00 2.00360E+01 1.08101E-03
 -1       777-1.19536E+00 2.00004E+01 1.96425E+00
 -1       778-1.23122E+00 2.00006E+01 1.98197E+00
 -1       779-1.20464E+00 1.99996E+01 2.03575E+00
 -1       780-1.16878E+00 1.99994E+01 2.01803E+00
 -1       785-1.19898E+00 1.99661E+01 1.98766E+00
 -1       786-1.19995E+00 1.99984E+01 1.96398E+00
 -1       787-1.20102E+00 2.00339E+01 2.01234E+00
 -1       788-1.20005E+00 2.00016E+01 2.03602E+00
 -1       793-1.23303E+00 1.99855E+01 1.99957E+00
 -1       794-1.19936E+00 1.99640E+01 1.99892E+00
 -1       795-1.16697E+00 2.00145E+01 2.00043E+00
 -1       796-1.20064E+00 2.00360E+01 2.00108E+00
 -1       827 1.20409E+00 2.00005E+01 1.96418E+00
 -1       828 1.16851E+00 1.99998E+01 1.98244E+00
 -1       829 1.19591E+00 1.99995E+01 2.03582E+00
 -1       830 1.23149E+00 2.00002E+01 2.01756E+00
 -1       835 1.19898E+00 1.99659E+01 1.98832E+00
 -1       836 1.19993E+00 1.99977E+01 1.96402E+00
 -1       837 1.20102E+00 2.00341E+01 2.01168E+00
 -1       838 1.20007E+00 2.00023E+01 2.03598E+00
 -1       843 1.16646E+00 1.99868E+01 2.00040E+00
 -1       844 1.19931E+00 1.99640E+01 2.00108E+00
 -1       845 1.23354E+00 2.00132E+01 1.99960E+00
 -1       846 1.20069E+00 2.00360E+01 1.99892E+00
 -1       877-1.19499E+00 2.99993E+01-3.56980E-02
 -1       878-1.23103E+00 3.00001E+01-1.83670E-02
 -1       879-1.20501E+00 3.00007E+01 3.56980E-02
 -1       880-1.16897E+00 2.99999E+01 1.83670E-02
 -1       885-1.20102E+00 2.99659E+01-1.16828E-02
 -1       886-1.20007E+00 2.99977E+01-3.59798E-02
 -1       887-1.19898E+00 3.00341E+01 1.16828E-02
 -1       888-1.19993E+00 3.00023E+01 3.59798E-02
 -1       893-1.23354E+00 2.99868E+01 3.96605E-04
 -1       894-1.20069E+00 2.99640E+01 1.08098E-03
 -1       895-1.16646E+00 3.00132E+01-3.96605E-04
 -1       896-1.19931E+00 3.00360E+01-1.08098E-03
 -1       927 1.20432E+00 2.99996E+01-3.57932E-02
 -1       928 1.16863E+00 2.99993E+01-1.77521E-02
 -1       929 1.19568E+00 3.00004E+01 3.57932E-02
 -1       930 1.23137E+00 3.00007E+01 1.77521E-02
 -1       935 1.20102E+00 2.99661E+01-1.23355E-02
 -1       936 1.20005E+00 2.99984E+01-3.60180E-02
 -1       937 1.19898E+00 3.00339E+01 1.23355E-02
 -1       938 1.19995E+00 3.00016E+01 3.60180E-02
 -1       943 1.16697E+00 2.99855E+01-4.33494E-04
 -1       944 1.20064E+00 2.99640E+01-1.08101E-03
 -1       945 1.23303E+00 3.00145E+01 4.33494E-04
 -1       946 1.19936E+00 3.00360E+01 1.08101E-03
 -1       977-1.19533E+00 3.00004E+01 1.96425E+00
 -1       978-1.23120E+00 3.00007E+01 1.98194E+00
 -1       979-1.20467E+00 2.99996E+01 2.03575E+00
 -1       980-1.16880E+00 2.99993E+01 2.01806E+00
 -1       985-1.19898E+00 2.99661E+01 1.98766E+00
 -1       986-1.19995E+00 2.99984E+01 1.96398E+00
 -1       987-1.20102E+00 3.00339E+01 2.01234E+00
 -1       988-1.20005E+00 3.00016E+01 2.03602E+00
 -1       993-1.23303E+00 2.99855E+01 1.99957E+00
 -1       994-1.19936E+00 2.99640E+01 1.99892E+00
 -1       995-1.16697E+00 3.00145E+01 2.00043E+00
 -1       996-1.20064E+00 3.00360E+01 2.00108E+00
 -1      1027 1.20396E+00 3.00007E+01 1.96417E+00
 -1      1028 1.16844E+00 2.99998E+01 1.98256E+00
 -1      1029 1.19604E+00 2.99993E+01 2.03583E+00
 -1      1030 1.23156E+00 3.00002E+01 2.01744E+00
 -1      1035 1.19898E+00 2.99659E+01 1.98832E+00
 -1      1036 1.19993E+00 2.99977E+01 1.96402E+00
 -1      1037 1.20102E+00 3.00341E+01 2.01168E+00
 -1      1038 1.20007E+00 3.00023E+01 2.03598E+00
 -1      1043 1.16646E+00 2.99868E+01 2.00040E+00
 -1      1044 1.19931E+00 2.99640E+01 2.00108E+00
 -1      1045 1.23354E+00 3.00132E+01 1.99960E+00
 -1      1046 1.20069E+00 3.00360E+01 1.99892E+00
 -1      1077-1.19619E+00 3.99995E+01-3.58508E-02
 -1      1078-1.23161E+00 3.99985E+01-1.72858E-02
 -1      1079-1.20381E+00 4.00005E+01 3.58508E-02
 -1      1080-1.16839E+00 4.00015E+01 1.72858E-02
 -1      1085-1.20102E+00 3.99659E+01-1.16828E-02
 -1      1086-1.20007E+00 3.99977E+01-3.59798E-02
 -1      1087-1.19898E+00 4.00341E+01 1.16828E-02
 -1      1088-1.19993E+00 4.00023E+01 3.59798E-02
 -1      1093-1.23354E+00 3.99868E+01 3.96605E-04
 -1      1094-1.20069E+00 3.99640E+01 1.08098E-03
 -1      1095-1.16646E+00 4.00132E+01-3.96605E-04
 -1      1096-1.19931E+00 4.00360E+01-1.08098E-03
 -1      1101-1.19213E+00 3.99981E+01-3.51366E-02
 -1      1102-1.22912E+00 4.00036E+01-2.09461E-02
 -1      1103-1.20787E+00 4.00019E+01 3.51366E-02
 -1      1104-1.17088E+00 3.99964E+01 2.09461E-02
 -1      1143 1.20436E+00 3.99995E+01-3.57875E-02
 -1      1144 1.16864E+00 3.99993E+01-1.77829E-02
 -1      1145 1.19564E+00 4.00005E+01 3.57875E-02
 -1      1146 1.23136E+00 4.00007E+01 1.77829E-02
 -1      1151 1.20102E+00 3.99661E+01-1.23355E-02
 -1      1152 1.20005E+00 3.99984E+01-3.60180E-02
 -1      1153 1.19898E+00 4.00339E+01 1.23355E-02
 -1      1154 1.19995E+00 4.00016E+01 3.60180E-02
 -1      1159 1.16697E+00 3.99855E+01-4.33494E-04
 -1      1160 1.20064E+00 3.99640E+01-1.08101E-03
 -1      1161 1.23303E+00 4.00145E+01 4.33494E-04
 -1      1162 1.19936E+00 4.00360E+01 1.08101E-03
 -1      1193-1.19664E+00 4.00008E+01 1.96411E+00
 -1      1194-1.23182E+00 3.99991E+01 1.98307E+00
 -1      1195-1.20336E+00 3.99992E+01 2.03589E+00
 -1      1196-1.16818E+00 4.00009E+01 2.01693E+00
 -1      1201-1.19898E+00 3.99661E+01 1.98766E+00
 -1      1202-1.19995E+00 3.99984E+01 1.96398E+00
 -1      1203-1.20102E+00 4.00339E+01 2.01234E+00
 -1      1204-1.20005E+00 4.00016E+01 2.03602E+00
 -1      1209-1.23303E+00 3.99855E+01 1.99957E+00
 -1      1210-1.19936E+00 3.99640E+01 1.99892E+00
 -1      1211-1.16697E+00 4.00145E+01 2.00043E+00
 -1      1212-1.20064E+00 4.00360E+01 2.00108E+00
 -1      1217-1.19292E+00 3.99970E+01 1.96477E+00
 -1      1218-1.22977E+00 4.00014E+01 1.97970E+00
 -1      1219-1.20708E+00 4.00030E+01 2.03523E+00
 -1      1220-1.17023E+00 3.99986E+01 2.02030E+00
 -1      1259 1.20401E+00 4.00006E+01 1.96417E+00
 -1      1260 1.16847E+00 3.99998E+01 1.98251E+00
 -1      1261 1.19599E+00 3.99994E+01 2.03583E+00
 -1      1262 1.23153E+00 4.00002E+01 2.01749E+00
 -1      1267 1.19898E+00 3.99659E+01 1.98832E+00
 -1      1268 1.19993E+00 3.99977E+01 1.96402E+00
 -1      1269 1.20102E+00 4.00341E+01 2.01168E+00
 -1      1270 1.20007E+00 4.00023E+01 2.03598E+00
 -1      1275 1.16646E+00 3.99868E+01 2.00040E+00
 -1      1276 1.19931E+00 3.99640E+01 2.00108E+00
 -1      1277 1.23354E+00 4.00132E+01 1.99960E+00
 -1      1278 1.20069E+00 4.00360E+01 1.99892E+00
 -1      1309-1.19611E+00 4.99979E+01-3.57828E-02
 -1      1310-1.23152E+00 4.99968E+01-1.72113E-02
 -1      1311-1.20389E+00 5.00021E+01 3.57828E-02
 -1      1312-1.16848E+00 5.00032E+01 1.72113E-02
 -1      1317-1.20145E+00 4.99659E+01-1.15569E-02
 -1      1318-1.20010E+00 4.99975E+01-3.59709E-02
 -1      1319-1.19855E+00 5.00341E+01 1.15569E-02
 -1      1320-1.19990E+00 5.00025E+01 3.59709E-02
 -1      1325-1.23365E+00 4.99871E+01 5.48678E-04
 -1      1326-1.20099E+00 4.99640E+01 1.52775E-03
 -1      1327-1.16635E+00 5.00129E+01-5.48678E-04
 -1      1328-1.19901E+00 5.00360E+01-1.52775E-03
 -1      1359 1.20661E+00 4.99962E+01-3.52441E-02
 -1      1360 1.16989E+00 5.00001E+01-1.98375E-02
 -1      1361 1.19339E+00 5.00038E+01 3.52441E-02
 -1      1362 1.23011E+00 4.99999E+01 1.98375E-02
 -1      1367 1.20143E+00 4.99662E+01-1.24797E-02
 -1      1368 1.20006E+00 4.99985E+01-3.60247E-02
 -1      1369 1.19857E+00 5.00338E+01 1.24797E-02
 -1      1370 1.19994E+00 5.00015E+01 3.60247E-02
 -1      1375 1.16707E+00 4.99853E+01-6.22501E-04
 -1      1376 1.20089E+00 4.99640E+01-1.52786E-03
 -1      1377 1.23293E+00 5.00147E+01 6.22501E-04
 -1      1378 1.19911E+00 5.00360E+01 1.52786E-03
 -1      1409-1.19823E+00 5.00035E+01 1.96416E+00
 -1      1410-1.23249E+00 4.99994E+01 1.98438E+00
 -1      1411-1.20177E+00 4.99965E+01 2.03584E+00
 -1      1412-1.16751E+00 5.00006E+01 2.01562E+00
 -1      1417-1.19857E+00 4.99662E+01 1.98752E+00
 -1      1418-1.19994E+00 4.99985E+01 1.96398E+00
 -1      1419-1.20143E+00 5.00338E+01 2.01248E+00
 -1      1420-1.20006E+00 5.00015E+01 2.03602E+00
 -1      1425-1.23293E+00 4.99853E+01 1.99938E+00
 -1      1426-1.19911E+00 4.99640E+01 1.99847E+00
 -1      1427-1.16707E+00 5.00147E+01 2.00062E+00
 -1      1428-1.20089E+00 5.00360E+01 2.00153E+00
 -1      1459 1.20516E+00 5.00020E+01 1.96437E+00
 -1      1460 1.16912E+00 5.00032E+01 1.98168E+00
 -1      1461 1.19484E+00 4.99980E+01 2.03563E+00
 -1      1462 1.23088E+00 4.99968E+01 2.01832E+00
 -1      1467 1.19855E+00 4.99659E+01 1.98844E+00
 -1      1468 1.19990E+00 4.99975E+01 1.96403E+00
 -1      1469 1.20145E+00 5.00341E+01 2.01156E+00
 -1      1470 1.20010E+00 5.00025E+01 2.03597E+00
 -1      1475 1.16635E+00 4.99871E+01 2.00055E+00
 -1      1476 1.19901E+00 4.99640E+01 2.00153E+00
 -1      1477 1.23365E+00 5.00129E+01 1.99945E+00
 -1      1478 1.20099E+00 5.00360E+01 1.99847E+00
 -1      1509-1.19553E+00 1.50000E+01-1.85778E-01
 -1      1510-1.23131E+00 1.50000E+01-1.67883E-01
 -1      1511-1.20447E+00 1.50000E+01-1.14222E-01
 -1      1512-1.16869E+00 1.50000E+01-1.32117E-01
 -1      1517 1.20447E+00 1.50000E+01 1.14222E-01
 -1      1518 1.16869E+00 1.50000E+01 1.32117E-01
 -1      1519 1.19553E+00 1.50000E+01 1.85778E-01
 -1      1520 1.23131E+00 1.50000E+01 1.67883E-01
 -1      1525-1.19553E+00 1.50000E+01 1.81422E+00
 -1      1526-1.23131E+00 1.50000E+01 1.83212E+00
 -1      1527-1.20447E+00 1.50000E+01 1.88578E+00
 -1      1528-1.16869E+00 1.50000E+01 1.86788E+00
 -1      1533 1.20447E+00 1.50000E+01 2.11422E+00
 -1      1534 1.16869E+00 1.50000E+01 2.13212E+00
 -1      1535 1.19553E+00 1.50000E+01 2.18578E+00
 -1      1536 1.23131E+00 1.50000E+01 2.16788E+00
 -1      1541-1.19553E+00 2.50000E+01-1.85778E-01
 -1      1542-1.23131E+00 2.50000E+01-1.67883E-01
 -1      1543-1.20447E+00 2.50000E+01-1.14222E-01
 -1      1544-1.16869E+00 2.50000E+01-1.32117E-01
 -1      1549 1.20447E+00 2.50000E+01 1.14222E-01
 -1      1550 1.16869E+00 2.50000E+01 1.32117E-01
 -1      1551 1.19553E+00 2.50000E+01 1.85778E-01
 -1      1552 1.23131E+00 2.50000E+01 1.67883E-01
 -1      1557-1.19553E+00 2.50000E+01 1.81422E+00
 -1      1558-1.23131E+00 2.50000E+01 1.83212E+00
 -1      1559-1.20447E+00 2.50000E+01 1.88578E+00
 -1      1560-1.16869E+00 2.50000E+01 1.86788E+00
 -1      1565 1.20447E+00 2.50000E+01 2.11422E+00
 -1      1566 1.16869E+00 2.50000E+01 2.13212E+00
 -1      1567 1.19553E+00 2.50000E+01 2.18578E+00
 -1      1568 1.23131E+00 2.50000E+01 2.16788E+00
 -1      1573-1.19510E+00 3.12485E+01-9.30910E-02
 -1      1574-1.23109E+00 3.12492E+01-7.56508E-02
 -1      1575-1.20490E+00 3.12515E+01-2.17140E-02
 -1      1576-1.16891E+00 3.12508E+01-3.91543E-02
 -1      1581-1.19519E+00 3.24988E+01-1.41781E-01
 -1      1582-1.23114E+00 3.24994E+01-1.24237E-01
 -1      1583-1.20481E+00 3.25012E+01-7.03511E-02
 -1      1584-1.16886E+00 3.25006E+01-8.78954E-02
 -1      1589-1.19534E+00 3.37494E+01-1.74330E-01
 -1      1590-1.23121E+00 3.37497E+01-1.56628E-01
 -1      1591-1.20466E+00 3.37506E+01-1.02834E-01
 -1      1592-1.16879E+00 3.37503E+01-1.20535E-01
 -1      1597-1.19553E+00 3.50000E+01-1.85777E-01
 -1      1598-1.23131E+00 3.50000E+01-1.67888E-01
 -1      1599-1.20447E+00 3.50000E+01-1.14223E-01
 -1      1600-1.16869E+00 3.50000E+01-1.32112E-01
 -1      1605-1.19572E+00 3.62506E+01-1.74377E-01
 -1      1606-1.23140E+00 3.62503E+01-1.56298E-01
 -1      1607-1.20428E+00 3.62494E+01-1.02787E-01
 -1      1608-1.16860E+00 3.62497E+01-1.20866E-01
 -1      1613-1.19589E+00 3.75012E+01-1.41868E-01
 -1      1614-1.23149E+00 3.75006E+01-1.23626E-01
 -1      1615-1.20411E+00 3.74988E+01-7.02642E-02
 -1      1616-1.16851E+00 3.74994E+01-8.85056E-02
 -1      1621-1.19601E+00 3.87515E+01-9.32042E-02
 -1      1622-1.23154E+00 3.87507E+01-7.48534E-02
 -1      1623-1.20399E+00 3.87485E+01-2.16008E-02
 -1      1624-1.16846E+00 3.87493E+01-3.99517E-02
 -1      1629 1.20399E+00 3.12515E+01 2.16008E-02
 -1      1630 1.16846E+00 3.12507E+01 3.99517E-02
 -1      1631 1.19601E+00 3.12485E+01 9.32042E-02
 -1      1632 1.23154E+00 3.12493E+01 7.48534E-02
 -1      1637 1.20411E+00 3.25012E+01 7.02642E-02
 -1      1638 1.16851E+00 3.25006E+01 8.85056E-02
 -1      1639 1.19589E+00 3.24988E+01 1.41868E-01
 -1      1640 1.23149E+00 3.24994E+01 1.23626E-01
 -1      1645 1.20428E+00 3.37506E+01 1.02787E-01
 -1      1646 1.16860E+00 3.37503E+01 1.20866E-01
 -1      1647 1.19572E+00 3.37494E+01 1.74377E-01
 -1      1648 1.23140E+00 3.37497E+01 1.56298E-01
 -1      1653 1.20447E+00 3.50000E+01 1.14223E-01
 -1      1654 1.16869E+00 3.50000E+01 1.32112E-01
 -1      1655 1.19553E+00 3.50000E+01 1.85777E-01
 -1      1656 1.23131E+00 3.50000E+01 1.67888E-01
 -1      1661 1.20466E+00 3.62494E+01 1.02834E-01
 -1      1662 1.16879E+00 3.62497E+01 1.20535E-01
 -1      1663 1.19534E+00 3.62506E+01 1.74330E-01
 -1      1664 1.23121E+00 3.62503E+01 1.56628E-01
 -1      1669 1.20481E+00 3.74988E+01 7.03511E-02
 -1      1670 1.16886E+00 3.74994E+01 8.78954E-02
 -1      1671 1.19519E+00 3.75012E+01 1.41781E-01
 -1      1672 1.23114E+00 3.75006E+01 1.24237E-01
 -1      1677 1.20490E+00 3.87485E+01 2.17140E-02
 -1      1678 1.16891E+00 3.87492E+01 3.91543E-02
 -1      1679 1.19510E+00 3.87515E+01 9.30910E-02
 -1      1680 1.23109E+00 3.87508E+01 7.56508E-02
 -1      1685-1.19510E+00 3.12485E+01 1.90691E+00
 -1      1686-1.23109E+00 3.12492E+01 1.92435E+00
 -1      1687-1.20490E+00 3.12515E+01 1.97829E+00
 -1      1688-1.16891E+00 3.12508E+01 1.96085E+00
 -1      1693-1.19519E+00 3.24988E+01 1.85822E+00
 -1      1694-1.23114E+00 3.24994E+01 1.87576E+00
 -1      1695-1.20481E+00 3.25012E+01 1.92965E+00
 -1      1696-1.16886E+00 3.25006E+01 1.91210E+00
 -1      1701-1.19534E+00 3.37494E+01 1.82567E+00
 -1      1702-1.23121E+00 3.37497E+01 1.84337E+00
 -1      1703-1.20466E+00 3.37506E+01 1.89717E+00
 -1      1704-1.16879E+00 3.37503E+01 1.87946E+00
 -1      1709-1.19553E+00 3.50000E+01 1.81422E+00
 -1      1710-1.23131E+00 3.50000E+01 1.83211E+00
 -1      1711-1.20447E+00 3.50000E+01 1.88578E+00
 -1      1712-1.16869E+00 3.50000E+01 1.86789E+00
 -1      1717-1.19572E+00 3.62506E+01 1.82562E+00
 -1      1718-1.23140E+00 3.62503E+01 1.84370E+00
 -1      1719-1.20428E+00 3.62494E+01 1.89721E+00
 -1      1720-1.16860E+00 3.62497E+01 1.87913E+00
 -1      1725-1.19589E+00 3.75012E+01 1.85813E+00
 -1      1726-1.23149E+00 3.75006E+01 1.87637E+00
 -1      1727-1.20411E+00 3.74988E+01 1.92974E+00
 -1      1728-1.16851E+00 3.74994E+01 1.91149E+00
 -1      1733-1.19601E+00 3.87515E+01 1.90680E+00
 -1      1734-1.23154E+00 3.87507E+01 1.92515E+00
 -1      1735-1.20399E+00 3.87485E+01 1.97840E+00
 -1      1736-1.16846E+00 3.87493E+01 1.96005E+00
 -1      1741 1.20399E+00 3.12515E+01 2.02160E+00
 -1      1742 1.16846E+00 3.12507E+01 2.03995E+00
 -1      1743 1.19601E+00 3.12485E+01 2.09320E+00
 -1      1744 1.23154E+00 3.12493E+01 2.07485E+00
 -1      1749 1.20411E+00 3.25012E+01 2.07026E+00
 -1      1750 1.16851E+00 3.25006E+01 2.08851E+00
 -1      1751 1.19589E+00 3.24988E+01 2.14187E+00
 -1      1752 1.23149E+00 3.24994E+01 2.12363E+00
 -1      1757 1.20428E+00 3.37506E+01 2.10279E+00
 -1      1758 1.16860E+00 3.37503E+01 2.12087E+00
 -1      1759 1.19572E+00 3.37494E+01 2.17438E+00
 -1      1760 1.23140E+00 3.37497E+01 2.15630E+00
 -1      1765 1.20447E+00 3.50000E+01 2.11422E+00
 -1      1766 1.16869E+00 3.50000E+01 2.13211E+00
 -1      1767 1.19553E+00 3.50000E+01 2.18578E+00
 -1      1768 1.23131E+00 3.50000E+01 2.16789E+00
 -1      1773 1.20466E+00 3.62494E+01 2.10283E+00
 -1      1774 1.16879E+00 3.62497E+01 2.12054E+00
 -1      1775 1.19534E+00 3.62506E+01 2.17433E+00
 -1      1776 1.23121E+00 3.62503E+01 2.15663E+00
 -1      1781 1.20481E+00 3.74988E+01 2.07035E+00
 -1      1782 1.16886E+00 3.74994E+01 2.08790E+00
 -1      1783 1.19519E+00 3.75012E+01 2.14178E+00
 -1      1784 1.23114E+00 3.75006E+01 2.12424E+00
 -1      1789 1.20490E+00 3.87485E+01 2.02171E+00
 -1      1790 1.16891E+00 3.87492E+01 2.03915E+00
 -1      1791 1.19510E+00 3.87515E+01 2.09309E+00
 -1      1792 1.23109E+00 3.87508E+01 2.07565E+00
 -1      1797-1.19522E+00 4.24989E+01-1.41787E-01
 -1      1798-1.23115E+00 4.24995E+01-1.24216E-01
 -1      1799-1.20478E+00 4.25011E+01-7.03450E-02
 -1      1800-1.16885E+00 4.25005E+01-8.79159E-02
 -1      1805-1.19553E+00 4.50000E+01-1.85777E-01
 -1      1806-1.23131E+00 4.50000E+01-1.67887E-01
 -1      1807-1.20447E+00 4.50000E+01-1.14223E-01
 -1      1808-1.16869E+00 4.50000E+01-1.32113E-01
 -1      1813-1.19586E+00 4.75011E+01-1.41867E-01
 -1      1814-1.23147E+00 4.75005E+01-1.23652E-01
 -1      1815-1.20414E+00 4.74989E+01-7.02647E-02
 -1      1816-1.16853E+00 4.74995E+01-8.84797E-02
 -1      1821 1.20414E+00 4.25011E+01 7.02647E-02
 -1      1822 1.16853E+00 4.25005E+01 8.84797E-02
 -1      1823 1.19586E+00 4.24989E+01 1.41867E-01
 -1      1824 1.23147E+00 4.24995E+01 1.23652E-01
 -1      1829 1.20447E+00 4.50000E+01 1.14223E-01
 -1      1830 1.16869E+00 4.50000E+01 1.32113E-01
 -1      1831 1.19553E+00 4.50000E+01 1.85777E-01
 -1      1832 1.23131E+00 4.50000E+01 1.67887E-01
 -1      1837 1.20478E+00 4.74989E+01 7.03450E-02
 -1      1838 1.16885E+00 4.74995E+01 8.79159E-02
 -1      1839 1.19522E+00 4.75011E+01 1.41787E-01
 -1      1840 1.23115E+00 4.75005E+01 1.24216E-01
 -1      1845-1.19522E+00 4.24989E+01 1.85821E+00
 -1      1846-1.23115E+00 4.24995E+01 1.87578E+00
 -1      1847-1.20478E+00 4.25011E+01 1.92966E+00
 -1      1848-1.16885E+00 4.25005E+01 1.91208E+00
 -1      1853-1.19553E+00 4.50000E+01 1.81422E+00
 -1      1854-1.23131E+00 4.50000E+01 1.83211E+00
 -1      1855-1.20447E+00 4.50000E+01 1.88578E+00
 -1      1856-1.16869E+00 4.50000E+01 1.86789E+00
 -1      1861-1.19586E+00 4.75011E+01 1.85813E+00
 -1      1862-1.23147E+00 4.75005E+01 1.87635E+00
 -1      1863-1.20414E+00 4.74989E+01 1.92974E+00
 -1      1864-1.16853E+00 4.74995E+01 1.91152E+00
 -1      1869 1.20414E+00 4.25011E+01 2.07026E+00
 -1      1870 1.16853E+00 4.25005E+01 2.08848E+00
 -1      1871 1.19586E+00 4.24989E+01 2.14187E+00
 -1      1872 1.23147E+00 4.24995E+01 2.12365E+00
 -1      1877 1.20447E+00 4.50000E+01 2.11422E+00
 -1      1878 1.16869E+00 4.50000E+01 2.13211E+00
 -1      1879 1.19553E+00 4.50000E+01 2.18578E+00
 -1      1880 1.23131E+00 4.50000E+01 2.16789E+00
 -1      1885 1.20478E+00 4.74989E+01 2.07034E+00
 -1      1886 1.16885E+00 4.74995E+01 2.08792E+00
 -1      1887 1.19522E+00 4.75011E+01 2.14179E+00
 -1      1888 1.23115E+00 4.75005E+01 2.12422E+00
 -1      1893-6.01023E-01-5.95507E-02-1.16832E-02
 -1      1894-6.00070E-01-2.77896E-02-3.59798E-02
 -1      1895-5.98977E-01 8.63897E-03 1.16832E-02
 -1      1896-5.99930E-01-2.31221E-02 3.59798E-02
 -1      1901 0.00000E+00-6.99997E-02-1.20008E-02
 -1      1902 0.00000E+00-3.79991E-02-3.60000E-02
 -1      1903 0.00000E+00-2.00028E-03 1.20008E-02
 -1      1904 0.00000E+00-3.40009E-02 3.60000E-02
 -1      1909 6.01016E-01-5.93202E-02-1.23359E-02
 -1      1910 6.00049E-01-2.70988E-02-3.60180E-02
 -1      1911 5.98984E-01 8.40852E-03 1.23359E-02
 -1      1912 5.99951E-01-2.38129E-02 3.60180E-02
 -1      1917-5.98984E-01-8.40852E-03 1.98766E+00
 -1      1918-5.99951E-01 2.38129E-02 1.96398E+00
 -1      1919-6.01016E-01 5.93202E-02 2.01234E+00
 -1      1920-6.00049E-01 2.70988E-02 2.03602E+00
 -1      1925 0.00000E+00 2.00028E-03 1.98800E+00
 -1      1926 0.00000E+00 3.40009E-02 1.96400E+00
 -1      1927 0.00000E+00 6.99997E-02 2.01200E+00
 -1      1928 0.00000E+00 3.79991E-02 2.03600E+00
 -1      1933 5.98977E-01-8.63897E-03 1.98832E+00
 -1      1934 5.99930E-01 2.31221E-02 1.96402E+00
 -1      1935 6.01023E-01 5.95507E-02 2.01168E+00
 -1      1936 6.00070E-01 2.77896E-02 2.03598E+00
 -1      1941-1.23354E+00 7.99623E-03 5.00396E-01
 -1      1942-1.20070E+00-1.48194E-02 5.01081E-01
 -1      1943-1.16646E+00 3.44302E-02 4.99604E-01
 -1      1944-1.19930E+00 5.72458E-02 4.98919E-01
 -1      1949-1.23328E+00 1.61383E-02 1.00000E+00
 -1      1950-1.20001E+00-6.05551E-03 1.00000E+00
 -1      1951-1.16672E+00 4.38617E-02 1.00000E+00
 -1      1952-1.19999E+00 6.60555E-02 1.00000E+00
 -1      1957-1.23303E+00 6.76606E-03 1.49957E+00
 -1      1958-1.19936E+00-1.48205E-02 1.49892E+00
 -1      1959-1.16697E+00 3.56603E-02 1.50043E+00
 -1      1960-1.20064E+00 5.72469E-02 1.50108E+00
 -1      1965 1.16697E+00-3.56603E-02 4.99567E-01
 -1      1966 1.20064E+00-5.72469E-02 4.98919E-01
 -1      1967 1.23303E+00-6.76606E-03 5.00433E-01
 -1      1968 1.19936E+00 1.48205E-02 5.01081E-01
 -1      1973 1.16672E+00-4.38617E-02 1.00000E+00
 -1      1974 1.19999E+00-6.60555E-02 1.00000E+00
 -1      1975 1.23328E+00-1.61383E-02 1.00000E+00
 -1      1976 1.20001E+00 6.05551E-03 1.00000E+00
 -1      1981 1.16646E+00-3.44302E-02 1.50040E+00
 -1      1982 1.19930E+00-5.72458E-02 1.50108E+00
 -1      1983 1.23354E+00-7.99623E-03 1.49960E+00
 -1      1984 1.20070E+00 1.48194E-02 1.49892E+00
 -1      1989 0.00000E+00 1.99300E+01-1.20023E-02
 -1      1990 0.00000E+00 1.99620E+01-3.60001E-02
 -1      1991 0.00000E+00 1.99980E+01 1.20023E-02
 -1      1992 0.00000E+00 1.99660E+01 3.60001E-02
 -1      1997 0.00000E+00 2.00020E+01 1.98800E+00
 -1      1998 0.00000E+00 2.00340E+01 1.96400E+00
 -1      1999 0.00000E+00 2.00700E+01 2.01200E+00
 -1      2000 0.00000E+00 2.00380E+01 2.03600E+00
 -1      2005-1.23329E+00 2.00161E+01 1.00000E+00
 -1      2006-1.20002E+00 1.99939E+01 1.00000E+00
 -1      2007-1.16671E+00 2.00438E+01 1.00000E+00
 -1      2008-1.19998E+00 2.00661E+01 1.00000E+00
 -1      2013 1.16671E+00 1.99562E+01 1.00000E+00
 -1      2014 1.19998E+00 1.99339E+01 1.00000E+00
 -1      2015 1.23329E+00 1.99839E+01 1.00000E+00
 -1      2016 1.20002E+00 2.00061E+01 1.00000E+00
 -1      2021 0.00000E+00 2.99300E+01-1.20023E-02
 -1      2022 0.00000E+00 2.99620E+01-3.60001E-02
 -1      2023 0.00000E+00 2.99980E+01 1.20023E-02
 -1      2024 0.00000E+00 2.99660E+01 3.60001E-02
 -1      2029 0.00000E+00 3.00020E+01 1.98800E+00
 -1      2030 0.00000E+00 3.00340E+01 1.96400E+00
 -1      2031 0.00000E+00 3.00700E+01 2.01200E+00
 -1      2032 0.00000E+00 3.00380E+01 2.03600E+00
 -1      2037-1.23329E+00 3.00161E+01 1.00000E+00
 -1      2038-1.20002E+00 2.99939E+01 1.00000E+00
 -1      2039-1.16671E+00 3.00438E+01 1.00000E+00
 -1      2040-1.19998E+00 3.00661E+01 1.00000E+00
 -1      2045 1.16671E+00 2.99562E+01 1.00000E+00
 -1      2046 1.19998E+00 2.99339E+01 1.00000E+00
 -1      2047 1.23329E+00 2.99839E+01 1.00000E+00
 -1      2048 1.20002E+00 3.00061E+01 1.00000E+00
 -1      2053 0.00000E+00 3.99300E+01-1.20023E-02
 -1      2054 0.00000E+00 3.99620E+01-3.60001E-02
 -1      2055 0.00000E+00 3.99980E+01 1.20023E-02
 -1      2056 0.00000E+00 3.99660E+01 3.60001E-02
 -1      2061 0.00000E+00 4.00020E+01 1.98800E+00
 -1      2062 0.00000E+00 4.00340E+01 1.96400E+00
 -1      2063 0.00000E+00 4.00700E+01 2.01200E+00
 -1      2064 0.00000E+00 4.00380E+01 2.03600E+00
 -1      2069-1.23329E+00 4.00161E+01 1.00000E+00
 -1      2070-1.20002E+00 3.99939E+01 1.00000E+00
 -1      2071-1.16671E+00 4.00438E+01 1.00000E+00
 -1      2072-1.19998E+00 4.00661E+01 1.00000E+00
 -1      2077 1.16671E+00 3.99562E+01 1.00000E+00
 -1      2078 1.19998E+00 3.99339E+01 1.00000E+00
 -1      2079 1.23329E+00 3.99839E+01 1.00000E+00
 -1      2080 1.20002E+00 4.00061E+01 1.00000E+00
 -1      2085-6.01023E-01 4.99404E+01-1.16832E-02
 -1      2086-6.00070E-01 4.99722E+01-3.59798E-02
 -1      2087-5.98977E-01 5.00086E+01 1.16832E-02
 -1      2088-5.99930E-01 4.99769E+01 3.59798E-02
 -1      2093 0.00000E+00 4.99300E+01-1.20008E-02
 -1      2094 0.00000E+00 4.99620E+01-3.60000E-02
 -1      2095 0.00000E+00 4.99980E+01 1.20008E-02
 -1      2096 0.00000E+00 4.99660E+01 3.60000E-02
 -1      2101 6.01016E-01 4.99407E+01-1.23359E-02
 -1      2102 6.00049E-01 4.99729E+01-3.60180E-02
 -1      2103 5.98984E-01 5.00084E+01 1.23359E-02
 -1      2104 5.99951E-01 4.99762E+01 3.60180E-02
 -1      2109-5.98984E-01 4.99916E+01 1.98766E+00
 -1      2110-5.99951E-01 5.00238E+01 1.96398E+00
 -1      2111-6.01016E-01 5.00593E+01 2.01234E+00
 -1      2112-6.00049E-01 5.00271E+01 2.03602E+00
 -1      2117 0.00000E+00 5.00020E+01 1.98800E+00
 -1      2118 0.00000E+00 5.00340E+01 1.96400E+00
 -1      2119 0.00000E+00 5.00700E+01 2.01200E+00
 -1      2120 0.00000E+00 5.00380E+01 2.03600E+00
 -1      2125 5.98977E-01 4.99914E+01 1.98832E+00
 -1      2126 5.99930E-01 5.00231E+01 1.96402E+00
 -1      2127 6.01023E-01 5.00596E+01 2.01168E+00
 -1      2128 6.00070E-01 5.00278E+01 2.03598E+00
 -1      2133-1.23354E+00 5.00080E+01 5.00396E-01
 -1      2134-1.20070E+00 4.99852E+01 5.01081E-01
 -1      2135-1.16646E+00 5.00344E+01 4.99604E-01
 -1      2136-1.19930E+00 5.00572E+01 4.98919E-01
 -1      2141-1.23328E+00 5.00161E+01 1.00000E+00
 -1      2142-1.20001E+00 4.99939E+01 1.00000E+00
 -1      2143-1.16672E+00 5.00439E+01 1.00000E+00
 -1      2144-1.19999E+00 5.00661E+01 1.00000E+00
 -1      2149-1.23303E+00 5.00068E+01 1.49957E+00
 -1      2150-1.19936E+00 4.99852E+01 1.49892E+00
 -1      2151-1.16697E+00 5.00357E+01 1.50043E+00
 -1      2152-1.20064E+00 5.00572E+01 1.50108E+00
 -1      2157 1.16697E+00 4.99643E+01 4.99567E-01
 -1      2158 1.20064E+00 4.99428E+01 4.98919E-01
 -1      2159 1.23303E+00 4.99932E+01 5.00433E-01
 -1      2160 1.19936E+00 5.00148E+01 5.01081E-01
 -1      2165 1.16672E+00 4.99561E+01 1.00000E+00
 -1      2166 1.19999E+00 4.99339E+01 1.00000E+00
 -1      2167 1.23328E+00 4.99839E+01 1.00000E+00
 -1      2168 1.20001E+00 5.00061E+01 1.00000E+00
 -1      2173 1.16646E+00 4.99656E+01 1.50040E+00
 -1      2174 1.19930E+00 4.99428E+01 1.50108E+00
 -1      2175 1.23354E+00 4.99920E+01 1.49960E+00
 -1      2176 1.20070E+00 5.00148E+01 1.49892E+00
 -1      2181-1.19777E+00 2.52721E+00 3.58451E-01
 -1      2182-1.23236E+00 2.52386E+00 3.78258E-01
 -1      2183-1.20223E+00 2.51522E+00 4.29417E-01
 -1      2184-1.16764E+00 2.51856E+00 4.09610E-01
 -1      2189-1.19829E+00 5.03706E+00 8.14685E-01
 -1      2190-1.23259E+00 5.03303E+00 8.34866E-01
 -1      2191-1.20171E+00 5.02294E+00 8.85315E-01
 -1      2192-1.16741E+00 5.02697E+00 8.65134E-01
 -1      2197-1.19884E+00 7.52934E+00 1.35882E+00
 -1      2198-1.23282E+00 7.52458E+00 1.37939E+00
 -1      2199-1.20116E+00 7.51309E+00 1.42904E+00
 -1      2200-1.16718E+00 7.51785E+00 1.40848E+00
 -1      2205-1.19407E+00 2.51529E+00 1.57100E+00
 -1      2206-1.23055E+00 2.51802E+00 1.58719E+00
 -1      2207-1.20593E+00 2.52714E+00 1.64113E+00
 -1      2208-1.16945E+00 2.52440E+00 1.62495E+00
 -1      2213-1.19388E+00 5.02303E+00 1.11516E+00
 -1      2214-1.23044E+00 5.02621E+00 1.13106E+00
 -1      2215-1.20612E+00 5.03697E+00 1.18484E+00
 -1      2216-1.16956E+00 5.03379E+00 1.16894E+00
 -1      2221-1.19370E+00 7.51321E+00 5.71480E-01
 -1      2222-1.23034E+00 7.51682E+00 5.87095E-01
 -1      2223-1.20630E+00 7.52922E+00 6.40652E-01
 -1      2224-1.16966E+00 7.52560E+00 6.25037E-01
 -1      2229 1.20223E+00 2.52721E+00 3.58451E-01
 -1      2230 1.16764E+00 2.52386E+00 3.78258E-01
 -1      2231 1.19777E+00 2.51522E+00 4.29417E-01
 -1      2232 1.23236E+00 2.51856E+00 4.09610E-01
 -1      2237 1.20171E+00 5.03706E+00 8.14685E-01
 -1      2238 1.16741E+00 5.03303E+00 8.34866E-01
 -1      2239 1.19829E+00 5.02294E+00 8.85315E-01
 -1      2240 1.23259E+00 5.02697E+00 8.65134E-01
 -1      2245 1.20116E+00 7.52934E+00 1.35882E+00
 -1      2246 1.16718E+00 7.52458E+00 1.37939E+00
 -1      2247 1.19884E+00 7.51309E+00 1.42904E+00
 -1      2248 1.23282E+00 7.51785E+00 1.40848E+00
 -1      2253 1.20593E+00 2.51529E+00 1.57100E+00
 -1      2254 1.16945E+00 2.51802E+00 1.58719E+00
 -1      2255 1.19407E+00 2.52714E+00 1.64113E+00
 -1      2256 1.23055E+00 2.52440E+00 1.62495E+00
 -1      2261 1.20612E+00 5.02303E+00 1.11516E+00
 -1      2262 1.16956E+00 5.02621E+00 1.13106E+00
 -1      2263 1.19388E+00 5.03697E+00 1.18484E+00
 -1      2264 1.23044E+00 5.03379E+00 1.16894E+00
 -1      2269 1.20630E+00 7.51321E+00 5.71480E-01
 -1      2270 1.16966E+00 7.51682E+00 5.87095E-01
 -1      2271 1.19370E+00 7.52922E+00 6.40652E-01
 -1      2272 1.23034E+00 7.52560E+00 6.25037E-01
 -1      2277-4.83328E-01 2.47166E+00-3.43393E-02
 -1      2278-5.20442E-01 2.48175E+00-2.33534E-02
 -1      2279-5.04540E-01 2.47743E+00 3.43393E-02
 -1      2280-4.67426E-01 2.46734E+00 2.33534E-02
 -1      2285 1.59904E-01 4.96162E+00-3.45869E-02
 -1      2286 1.22764E-01 4.97054E+00-2.27046E-02
 -1      2287 1.40096E-01 4.96638E+00 3.45869E-02
 -1      2288 1.77236E-01 4.95746E+00 2.27046E-02
 -1      2293 7.15261E-01 7.47263E+00-3.48107E-02
 -1      2294 6.78146E-01 7.48037E+00-2.20585E-02
 -1      2295 6.96871E-01 7.47646E+00 3.48107E-02
 -1      2296 7.33986E-01 7.46872E+00 2.20585E-02
 -1      2301 4.93632E-01 2.47446E+00-3.60542E-02
 -1      2302 4.61704E-01 2.46578E+00-1.35783E-02
 -1      2303 4.94236E-01 2.47463E+00 3.60542E-02
 -1      2304 5.26164E-01 2.48331E+00 1.35783E-02
 -1      2309-1.49866E-01 4.96403E+00-3.60553E-02
 -1      2310-1.82311E-01 4.95625E+00-1.39944E-02
 -1      2311-1.50134E-01 4.96397E+00 3.60553E-02
 -1      2312-1.17689E-01 4.97175E+00 1.39944E-02
 -1      2317-7.05470E-01 7.47467E+00-3.60504E-02
 -1      2318-7.38413E-01 7.46780E+00-1.44278E-02
 -1      2319-7.06662E-01 7.47442E+00 3.60504E-02
 -1      2320-6.73719E-01 7.48129E+00 1.44278E-02
 -1      2325-4.83328E-01 2.47166E+00 1.96566E+00
 -1      2326-5.20442E-01 2.48175E+00 1.97665E+00
 -1      2327-5.04540E-01 2.47743E+00 2.03434E+00
 -1      2328-4.67426E-01 2.46734E+00 2.02335E+00
 -1      2333 1.59904E-01 4.96162E+00 1.96541E+00
 -1      2334 1.22764E-01 4.97054E+00 1.97730E+00
 -1      2335 1.40096E-01 4.96638E+00 2.03459E+00
 -1      2336 1.77236E-01 4.95746E+00 2.02270E+00
 -1      2341 7.15261E-01 7.47263E+00 1.96519E+00
 -1      2342 6.78146E-01 7.48037E+00 1.97794E+00
 -1      2343 6.96871E-01 7.47646E+00 2.03481E+00
 -1      2344 7.33986E-01 7.46872E+00 2.02206E+00
 -1      2349 4.93632E-01 2.47446E+00 1.96395E+00
 -1      2350 4.61704E-01 2.46578E+00 1.98642E+00
 -1      2351 4.94236E-01 2.47463E+00 2.03605E+00
 -1      2352 5.26164E-01 2.48331E+00 2.01358E+00
 -1      2357-1.49866E-01 4.96403E+00 1.96394E+00
 -1      2358-1.82311E-01 4.95625E+00 1.98601E+00
 -1      2359-1.50134E-01 4.96397E+00 2.03606E+00
 -1      2360-1.17689E-01 4.97175E+00 2.01399E+00
 -1      2365-7.05470E-01 7.47467E+00 1.96395E+00
 -1      2366-7.38413E-01 7.46780E+00 1.98557E+00
 -1      2367-7.06662E-01 7.47442E+00 2.03605E+00
 -1      2368-6.73719E-01 7.48129E+00 2.01443E+00
 -1      2373-1.19830E+00 1.50371E+01 8.14684E-01
 -1      2374-1.23259E+00 1.50330E+01 8.34874E-01
 -1      2375-1.20170E+00 1.50229E+01 8.85316E-01
 -1      2376-1.16741E+00 1.50270E+01 8.65126E-01
 -1      2381-1.19388E+00 1.50230E+01 1.11516E+00
 -1      2382-1.23044E+00 1.50262E+01 1.13106E+00
 -1      2383-1.20612E+00 1.50370E+01 1.18484E+00
 -1      2384-1.16956E+00 1.50338E+01 1.16894E+00
 -1      2389 1.20170E+00 1.50371E+01 8.14684E-01
 -1      2390 1.16741E+00 1.50330E+01 8.34874E-01
 -1      2391 1.19830E+00 1.50229E+01 8.85316E-01
 -1      2392 1.23259E+00 1.50270E+01 8.65126E-01
 -1      2397 1.20612E+00 1.50230E+01 1.11516E+00
 -1      2398 1.16956E+00 1.50262E+01 1.13106E+00
 -1      2399 1.19388E+00 1.50370E+01 1.18484E+00
 -1      2400 1.23044E+00 1.50338E+01 1.16894E+00
 -1      2405 1.59908E-01 1.49616E+01-3.45858E-02
 -1      2406 1.22767E-01 1.49705E+01-2.27077E-02
 -1      2407 1.40092E-01 1.49664E+01 3.45858E-02
 -1      2408 1.77233E-01 1.49575E+01 2.27077E-02
 -1      2413-1.49864E-01 1.49640E+01-3.60552E-02
 -1      2414-1.82310E-01 1.49562E+01-1.39967E-02
 -1      2415-1.50136E-01 1.49640E+01 3.60552E-02
 -1      2416-1.17690E-01 1.49718E+01 1.39967E-02
 -1      2421 1.59908E-01 1.49616E+01 1.96541E+00
 -1      2422 1.22767E-01 1.49705E+01 1.97729E+00
 -1      2423 1.40092E-01 1.49664E+01 2.03459E+00
 -1      2424 1.77233E-01 1.49575E+01 2.02271E+00
 -1      2429-1.49864E-01 1.49640E+01 1.96394E+00
 -1      2430-1.82310E-01 1.49562E+01 1.98600E+00
 -1      2431-1.50136E-01 1.49640E+01 2.03606E+00
 -1      2432-1.17690E-01 1.49718E+01 2.01400E+00
 -1      2437-1.19757E+00 2.12670E+01 1.57055E-01
 -1      2438-1.23227E+00 2.12640E+01 1.76710E-01
 -1      2439-1.20243E+00 2.12559E+01 2.28140E-01
 -1      2440-1.16773E+00 2.12590E+01 2.08485E-01
 -1      2445-1.19773E+00 2.25271E+01 3.58438E-01
 -1      2446-1.23234E+00 2.25238E+01 3.78214E-01
 -1      2447-1.20227E+00 2.25153E+01 4.29430E-01
 -1      2448-1.16766E+00 2.25186E+01 4.09654E-01
 -1      2453-1.19798E+00 2.37842E+01 5.76000E-01
 -1      2454-1.23245E+00 2.37805E+01 5.95959E-01
 -1      2455-1.20202E+00 2.37713E+01 6.46836E-01
 -1      2456-1.16755E+00 2.37749E+01 6.26877E-01
 -1      2461-1.19828E+00 2.50371E+01 8.14685E-01
 -1      2462-1.23258E+00 2.50330E+01 8.34863E-01
 -1      2463-1.20172E+00 2.50229E+01 8.85315E-01
 -1      2464-1.16742E+00 2.50270E+01 8.65137E-01
 -1      2469-1.19860E+00 2.62854E+01 1.07622E+00
 -1      2470-1.23272E+00 2.62809E+01 1.09662E+00
 -1      2471-1.20140E+00 2.62700E+01 1.14662E+00
 -1      2472-1.16728E+00 2.62745E+01 1.12622E+00
 -1      2477-1.19888E+00 2.75294E+01 1.35884E+00
 -1      2478-1.23284E+00 2.75246E+01 1.37943E+00
 -1      2479-1.20112E+00 2.75130E+01 1.42902E+00
 -1      2480-1.16716E+00 2.75178E+01 1.40843E+00
 -1      2485-1.19908E+00 2.87700E+01 1.65759E+00
 -1      2486-1.23292E+00 2.87650E+01 1.67830E+00
 -1      2487-1.20092E+00 2.87529E+01 1.72761E+00
 -1      2488-1.16708E+00 2.87580E+01 1.70689E+00
 -1      2493-1.19416E+00 2.12560E+01 1.77225E+00
 -1      2494-1.23060E+00 2.12585E+01 1.78856E+00
 -1      2495-1.20584E+00 2.12670E+01 1.84256E+00
 -1      2496-1.16940E+00 2.12644E+01 1.82625E+00
 -1      2501-1.19409E+00 2.25154E+01 1.57098E+00
 -1      2502-1.23056E+00 2.25181E+01 1.58719E+00
 -1      2503-1.20591E+00 2.25271E+01 1.64115E+00
 -1      2504-1.16944E+00 2.25244E+01 1.62494E+00
 -1      2509-1.19399E+00 2.37714E+01 1.35360E+00
 -1      2510-1.23051E+00 2.37743E+01 1.36967E+00
 -1      2511-1.20601E+00 2.37841E+01 1.42356E+00
 -1      2512-1.16949E+00 2.37812E+01 1.40749E+00
 -1      2517-1.19388E+00 2.50230E+01 1.11516E+00
 -1      2518-1.23044E+00 2.50262E+01 1.13106E+00
 -1      2519-1.20612E+00 2.50370E+01 1.18484E+00
 -1      2520-1.16956E+00 2.50338E+01 1.16894E+00
 -1      2525-1.19377E+00 2.62701E+01 8.53886E-01
 -1      2526-1.23038E+00 2.62736E+01 8.69618E-01
 -1      2527-1.20623E+00 2.62853E+01 9.23278E-01
 -1      2528-1.16962E+00 2.62819E+01 9.07546E-01
 -1      2533-1.19368E+00 2.75131E+01 5.71502E-01
 -1      2534-1.23034E+00 2.75168E+01 5.87093E-01
 -1      2535-1.20632E+00 2.75293E+01 6.40630E-01
 -1      2536-1.16966E+00 2.75257E+01 6.25039E-01
 -1      2541-1.19363E+00 2.87531E+01 2.72930E-01
 -1      2542-1.23031E+00 2.87568E+01 2.88429E-01
 -1      2543-1.20637E+00 2.87699E+01 3.41875E-01
 -1      2544-1.16969E+00 2.87661E+01 3.26376E-01
 -1      2549 1.20243E+00 2.12670E+01 1.57055E-01
 -1      2550 1.16773E+00 2.12640E+01 1.76710E-01
 -1      2551 1.19757E+00 2.12559E+01 2.28140E-01
 -1      2552 1.23227E+00 2.12590E+01 2.08485E-01
 -1      2557 1.20227E+00 2.25271E+01 3.58438E-01
 -1      2558 1.16766E+00 2.25238E+01 3.78214E-01
 -1      2559 1.19773E+00 2.25153E+01 4.29430E-01
 -1      2560 1.23234E+00 2.25186E+01 4.09654E-01
 -1      2565 1.20202E+00 2.37842E+01 5.76000E-01
 -1      2566 1.16755E+00 2.37805E+01 5.95959E-01
 -1      2567 1.19798E+00 2.37713E+01 6.46836E-01
 -1      2568 1.23245E+00 2.37749E+01 6.26877E-01
 -1      2573 1.20172E+00 2.50371E+01 8.14685E-01
 -1      2574 1.16742E+00 2.50330E+01 8.34863E-01
 -1      2575 1.19828E+00 2.50229E+01 8.85315E-01
 -1      2576 1.23258E+00 2.50270E+01 8.65137E-01
 -1      2581 1.20140E+00 2.62854E+01 1.07622E+00
 -1      2582 1.16728E+00 2.62809E+01 1.09662E+00
 -1      2583 1.19860E+00 2.62700E+01 1.14662E+00
 -1      2584 1.23272E+00 2.62745E+01 1.12622E+00
 -1      2589 1.20112E+00 2.75294E+01 1.35884E+00
 -1      2590 1.16716E+00 2.75246E+01 1.37943E+00
 -1      2591 1.19888E+00 2.75130E+01 1.42902E+00
 -1      2592 1.23284E+00 2.75178E+01 1.40843E+00
 -1      2597 1.20092E+00 2.87700E+01 1.65759E+00
 -1      2598 1.16708E+00 2.87650E+01 1.67830E+00
 -1      2599 1.19908E+00 2.87529E+01 1.72761E+00
 -1      2600 1.23292E+00 2.87580E+01 1.70689E+00
 -1      2605 1.20584E+00 2.12560E+01 1.77225E+00
 -1      2606 1.16940E+00 2.12585E+01 1.78856E+00
 -1      2607 1.19416E+00 2.12670E+01 1.84256E+00
 -1      2608 1.23060E+00 2.12644E+01 1.82625E+00
 -1      2613 1.20591E+00 2.25154E+01 1.57098E+00
 -1      2614 1.16944E+00 2.25181E+01 1.58719E+00
 -1      2615 1.19409E+00 2.25271E+01 1.64115E+00
 -1      2616 1.23056E+00 2.25244E+01 1.62494E+00
 -1      2621 1.20601E+00 2.37714E+01 1.35360E+00
 -1      2622 1.16949E+00 2.37743E+01 1.36967E+00
 -1      2623 1.19399E+00 2.37841E+01 1.42356E+00
 -1      2624 1.23051E+00 2.37812E+01 1.40749E+00
 -1      2629 1.20612E+00 2.50230E+01 1.11516E+00
 -1      2630 1.16956E+00 2.50262E+01 1.13106E+00
 -1      2631 1.19388E+00 2.50370E+01 1.18484E+00
 -1      2632 1.23044E+00 2.50338E+01 1.16894E+00
 -1      2637 1.20623E+00 2.62701E+01 8.53886E-01
 -1      2638 1.16962E+00 2.62736E+01 8.69618E-01
 -1      2639 1.19377E+00 2.62853E+01 9.23278E-01
 -1      2640 1.23038E+00 2.62819E+01 9.07546E-01
 -1      2645 1.20632E+00 2.75131E+01 5.71502E-01
 -1      2646 1.16966E+00 2.75168E+01 5.87093E-01
 -1      2647 1.19368E+00 2.75293E+01 6.40630E-01
 -1      2648 1.23034E+00 2.75257E+01 6.25039E-01
 -1      2653 1.20637E+00 2.87531E+01 2.72930E-01
 -1      2654 1.16969E+00 2.87568E+01 2.88429E-01
 -1      2655 1.19363E+00 2.87699E+01 3.41875E-01
 -1      2656 1.23031E+00 2.87661E+01 3.26376E-01
 -1      2661-8.31704E-01 2.12331E+01-3.42295E-02
 -1      2662-8.68791E-01 2.12437E+01-2.36225E-02
 -1      2663-8.53491E-01 2.12393E+01 3.42295E-02
 -1      2664-8.16404E-01 2.12288E+01 2.36225E-02
 -1      2669-4.83271E-01 2.24716E+01-3.43179E-02
 -1      2670-5.20380E-01 2.24818E+01-2.34066E-02
 -1      2671-5.04597E-01 2.24775E+01 3.43179E-02
 -1      2672-4.67488E-01 2.24673E+01 2.34066E-02
 -1      2677-1.51102E-01 2.37141E+01-3.44451E-02
 -1      2678-1.88233E-01 2.37237E+01-2.30837E-02
 -1      2679-1.71734E-01 2.37194E+01 3.44451E-02
 -1      2680-1.34603E-01 2.37098E+01 2.30837E-02
 -1      2685 1.59903E-01 2.49616E+01-3.45874E-02
 -1      2686 1.22764E-01 2.49705E+01-2.27035E-02
 -1      2687 1.40097E-01 2.49664E+01 3.45874E-02
 -1      2688 1.77236E-01 2.49575E+01 2.27035E-02
 -1      2693 4.48070E-01 2.62146E+01-3.47212E-02
 -1      2694 4.10939E-01 2.62229E+01-2.23246E-02
 -1      2695 4.29094E-01 2.62188E+01 3.47212E-02
 -1      2696 4.66225E-01 2.62106E+01 2.23246E-02
 -1      2701 7.15201E-01 2.74727E+01-3.48283E-02
 -1      2702 6.78091E-01 2.74803E+01-2.20050E-02
 -1      2703 6.96931E-01 2.74764E+01 3.48283E-02
 -1      2704 7.34041E-01 2.74688E+01 2.20050E-02
 -1      2709 9.66302E-01 2.87345E+01-3.48965E-02
 -1      2710 9.29212E-01 2.87417E+01-2.17923E-02
 -1      2711 9.48503E-01 2.87380E+01 3.48965E-02
 -1      2712 9.85593E-01 2.87307E+01 2.17923E-02
 -1      2717 8.42124E-01 2.12361E+01-3.60521E-02
 -1      2718 8.10413E-01 2.12270E+01-1.34113E-02
 -1      2719 8.43071E-01 2.12364E+01 3.60521E-02
 -1      2720 8.74781E-01 2.12454E+01 1.34113E-02
 -1      2725 4.93597E-01 2.24745E+01-3.60538E-02
 -1      2726 4.61712E-01 2.24657E+01-1.35445E-02
 -1      2727 4.94271E-01 2.24746E+01 3.60538E-02
 -1      2728 5.26156E-01 2.24834E+01 1.35445E-02
 -1      2733 1.61293E-01 2.37167E+01-3.60553E-02
 -1      2734 1.29148E-01 2.37084E+01-1.37478E-02
 -1      2735 1.61544E-01 2.37168E+01 3.60553E-02
 -1      2736 1.93688E-01 2.37251E+01 1.37478E-02
 -1      2741-1.49867E-01 2.49640E+01-3.60553E-02
 -1      2742-1.82312E-01 2.49562E+01-1.39935E-02
 -1      2743-1.50133E-01 2.49640E+01 3.60553E-02
 -1      2744-1.17688E-01 2.49718E+01 1.39935E-02
 -1      2749-4.38181E-01 2.62168E+01-3.60532E-02
 -1      2750-4.70920E-01 2.62096E+01-1.42455E-02
 -1      2751-4.38983E-01 2.62167E+01 3.60532E-02
 -1      2752-4.06244E-01 2.62239E+01 1.42455E-02
 -1      2757-7.05431E-01 2.74747E+01-3.60497E-02
 -1      2758-7.38414E-01 2.74679E+01-1.44640E-02
 -1      2759-7.06701E-01 2.74744E+01 3.60497E-02
 -1      2760-6.73718E-01 2.74812E+01 1.44640E-02
 -1      2765-9.56607E-01 2.87364E+01-3.60464E-02
 -1      2766-9.89751E-01 2.87299E+01-1.46123E-02
 -1      2767-9.58198E-01 2.87361E+01 3.60464E-02
 -1      2768-9.25054E-01 2.87425E+01 1.46123E-02
 -1      2773-8.31704E-01 2.12331E+01 1.96577E+00
 -1      2774-8.68791E-01 2.12437E+01 1.97638E+00
 -1      2775-8.53491E-01 2.12393E+01 2.03423E+00
 -1      2776-8.16404E-01 2.12288E+01 2.02362E+00
 -1      2781-4.83271E-01 2.24716E+01 1.96568E+00
 -1      2782-5.20380E-01 2.24818E+01 1.97659E+00
 -1      2783-5.04597E-01 2.24775E+01 2.03432E+00
 -1      2784-4.67488E-01 2.24673E+01 2.02341E+00
 -1      2789-1.51102E-01 2.37141E+01 1.96555E+00
 -1      2790-1.88233E-01 2.37237E+01 1.97692E+00
 -1      2791-1.71734E-01 2.37194E+01 2.03445E+00
 -1      2792-1.34603E-01 2.37098E+01 2.02308E+00
 -1      2797 1.59903E-01 2.49616E+01 1.96541E+00
 -1      2798 1.22764E-01 2.49705E+01 1.97730E+00
 -1      2799 1.40097E-01 2.49664E+01 2.03459E+00
 -1      2800 1.77236E-01 2.49575E+01 2.02270E+00
 -1      2805 4.48070E-01 2.62146E+01 1.96528E+00
 -1      2806 4.10939E-01 2.62229E+01 1.97768E+00
 -1      2807 4.29094E-01 2.62188E+01 2.03472E+00
 -1      2808 4.66225E-01 2.62106E+01 2.02232E+00
 -1      2813 7.15201E-01 2.74727E+01 1.96517E+00
 -1      2814 6.78091E-01 2.74803E+01 1.97800E+00
 -1      2815 6.96931E-01 2.74764E+01 2.03483E+00
 -1      2816 7.34041E-01 2.74688E+01 2.02200E+00
 -1      2821 9.66302E-01 2.87345E+01 1.96510E+00
 -1      2822 9.29212E-01 2.87417E+01 1.97821E+00
 -1      2823 9.48503E-01 2.87380E+01 2.03490E+00
 -1      2824 9.85593E-01 2.87307E+01 2.02179E+00
 -1      2829 8.42124E-01 2.12361E+01 1.96395E+00
 -1      2830 8.10413E-01 2.12270E+01 1.98659E+00
 -1      2831 8.43071E-01 2.12364E+01 2.03605E+00
 -1      2832 8.74781E-01 2.12454E+01 2.01341E+00
 -1      2837 4.93597E-01 2.24745E+01 1.96395E+00
 -1      2838 4.61712E-01 2.24657E+01 1.98646E+00
 -1      2839 4.94271E-01 2.24746E+01 2.03605E+00
 -1      2840 5.26156E-01 2.24834E+01 2.01354E+00
 -1      2845 1.61293E-01 2.37167E+01 1.96394E+00
 -1      2846 1.29148E-01 2.37084E+01 1.98625E+00
 -1      2847 1.61544E-01 2.37168E+01 2.03606E+00
 -1      2848 1.93688E-01 2.37251E+01 2.01375E+00
 -1      2853-1.49867E-01 2.49640E+01 1.96394E+00
 -1      2854-1.82312E-01 2.49562E+01 1.98601E+00
 -1      2855-1.50133E-01 2.49640E+01 2.03606E+00
 -1      2856-1.17688E-01 2.49718E+01 2.01399E+00
 -1      2861-4.38181E-01 2.62168E+01 1.96395E+00
 -1      2862-4.70920E-01 2.62096E+01 1.98575E+00
 -1      2863-4.38983E-01 2.62167E+01 2.03605E+00
 -1      2864-4.06244E-01 2.62239E+01 2.01425E+00
 -1      2869-7.05431E-01 2.74747E+01 1.96395E+00
 -1      2870-7.38414E-01 2.74679E+01 1.98554E+00
 -1      2871-7.06701E-01 2.74744E+01 2.03605E+00
 -1      2872-6.73718E-01 2.74812E+01 2.01446E+00
 -1      2877-9.56607E-01 2.87364E+01 1.96395E+00
 -1      2878-9.89751E-01 2.87299E+01 1.98539E+00
 -1      2879-9.58198E-01 2.87361E+01 2.03605E+00
 -1      2880-9.25054E-01 2.87425E+01 2.01461E+00
 -1      2885-1.19757E+00 3.12670E+01 1.57055E-01
 -1      2886-1.23227E+00 3.12640E+01 1.76710E-01
 -1      2887-1.20243E+00 3.12559E+01 2.28140E-01
 -1      2888-1.16773E+00 3.12590E+01 2.08485E-01
 -1      2893-1.19773E+00 3.25271E+01 3.58438E-01
 -1      2894-1.23234E+00 3.25238E+01 3.78214E-01
 -1      2895-1.20227E+00 3.25153E+01 4.29430E-01
 -1      2896-1.16766E+00 3.25186E+01 4.09654E-01
 -1      2901-1.19798E+00 3.37842E+01 5.76000E-01
 -1      2902-1.23245E+00 3.37805E+01 5.95959E-01
 -1      2903-1.20202E+00 3.37713E+01 6.46836E-01
 -1      2904-1.16755E+00 3.37749E+01 6.26877E-01
 -1      2909-1.19828E+00 3.50371E+01 8.14685E-01
 -1      2910-1.23258E+00 3.50330E+01 8.34863E-01
 -1      2911-1.20172E+00 3.50229E+01 8.85315E-01
 -1      2912-1.16742E+00 3.50270E+01 8.65137E-01
 -1      2917-1.19860E+00 3.62854E+01 1.07622E+00
 -1      2918-1.23272E+00 3.62809E+01 1.09662E+00
 -1      2919-1.20140E+00 3.62700E+01 1.14662E+00
 -1      2920-1.16728E+00 3.62745E+01 1.12622E+00
 -1      2925-1.19888E+00 3.75294E+01 1.35884E+00
 -1      2926-1.23284E+00 3.75246E+01 1.37943E+00
 -1      2927-1.20112E+00 3.75130E+01 1.42902E+00
 -1      2928-1.16716E+00 3.75178E+01 1.40843E+00
 -1      2933-1.19908E+00 3.87700E+01 1.65759E+00
 -1      2934-1.23292E+00 3.87650E+01 1.67830E+00
 -1      2935-1.20092E+00 3.87529E+01 1.72761E+00
 -1      2936-1.16708E+00 3.87580E+01 1.70689E+00
 -1      2941-1.19416E+00 3.12560E+01 1.77225E+00
 -1      2942-1.23060E+00 3.12585E+01 1.78856E+00
 -1      2943-1.20584E+00 3.12670E+01 1.84256E+00
 -1      2944-1.16940E+00 3.12644E+01 1.82625E+00
 -1      2949-1.19409E+00 3.25154E+01 1.57098E+00
 -1      2950-1.23056E+00 3.25181E+01 1.58719E+00
 -1      2951-1.20591E+00 3.25271E+01 1.64115E+00
 -1      2952-1.16944E+00 3.25244E+01 1.62494E+00
 -1      2957-1.19399E+00 3.37714E+01 1.35360E+00
 -1      2958-1.23051E+00 3.37743E+01 1.36967E+00
 -1      2959-1.20601E+00 3.37841E+01 1.42356E+00
 -1      2960-1.16949E+00 3.37812E+01 1.40749E+00
 -1      2965-1.19388E+00 3.50230E+01 1.11516E+00
 -1      2966-1.23044E+00 3.50262E+01 1.13106E+00
 -1      2967-1.20612E+00 3.50370E+01 1.18484E+00
 -1      2968-1.16956E+00 3.50338E+01 1.16894E+00
 -1      2973-1.19377E+00 3.62701E+01 8.53886E-01
 -1      2974-1.23038E+00 3.62736E+01 8.69618E-01
 -1      2975-1.20623E+00 3.62853E+01 9.23278E-01
 -1      2976-1.16962E+00 3.62819E+01 9.07546E-01
 -1      2981-1.19368E+00 3.75131E+01 5.71502E-01
 -1      2982-1.23034E+00 3.75168E+01 5.87093E-01
 -1      2983-1.20632E+00 3.75293E+01 6.40630E-01
 -1      2984-1.16966E+00 3.75257E+01 6.25039E-01
 -1      2989-1.19363E+00 3.87531E+01 2.72930E-01
 -1      2990-1.23031E+00 3.87568E+01 2.88429E-01
 -1      2991-1.20637E+00 3.87699E+01 3.41875E-01
 -1      2992-1.16969E+00 3.87661E+01 3.26376E-01
 -1      2997 1.20243E+00 3.12670E+01 1.57055E-01
 -1      2998 1.16773E+00 3.12640E+01 1.76710E-01
 -1      2999 1.19757E+00 3.12559E+01 2.28140E-01
 -1      3000 1.23227E+00 3.12590E+01 2.08485E-01
 -1      3005 1.20227E+00 3.25271E+01 3.58438E-01
 -1      3006 1.16766E+00 3.25238E+01 3.78214E-01
 -1      3007 1.19773E+00 3.25153E+01 4.29430E-01
 -1      3008 1.23234E+00 3.25186E+01 4.09654E-01
 -1      3013 1.20202E+00 3.37842E+01 5.76000E-01
 -1      3014 1.16755E+00 3.37805E+01 5.95959E-01
 -1      3015 1.19798E+00 3.37713E+01 6.46836E-01
 -1      3016 1.23245E+00 3.37749E+01 6.26877E-01
 -1      3021 1.20172E+00 3.50371E+01 8.14685E-01
 -1      3022 1.16742E+00 3.50330E+01 8.34863E-01
 -1      3023 1.19828E+00 3.50229E+01 8.85315E-01
 -1      3024 1.23258E+00 3.50270E+01 8.65137E-01
 -1      3029 1.20140E+00 3.62854E+01 1.07622E+00
 -1      3030 1.16728E+00 3.62809E+01 1.09662E+00
 -1      3031 1.19860E+00 3.62700E+01 1.14662E+00
 -1      3032 1.23272E+00 3.62745E+01 1.12622E+00
 -1      3037 1.20112E+00 3.75294E+01 1.35884E+00
 -1      3038 1.16716E+00 3.75246E+01 1.37943E+00
 -1      3039 1.19888E+00 3.75130E+01 1.42902E+00
 -1      3040 1.23284E+00 3.75178E+01 1.40843E+00
 -1      3045 1.20092E+00 3.87700E+01 1.65759E+00
 -1      3046 1.16708E+00 3.87650E+01 1.67830E+00
 -1      3047 1.19908E+00 3.87529E+01 1.72761E+00
 -1      3048 1.23292E+00 3.87580E+01 1.70689E+00
 -1      3053 1.20584E+00 3.12560E+01 1.77225E+00
 -1      3054 1.16940E+00 3.12585E+01 1.78856E+00
 -1      3055 1.19416E+00 3.12670E+01 1.84256E+00
 -1      3056 1.23060E+00 3.12644E+01 1.82625E+00
 -1      3061 1.20591E+00 3.25154E+01 1.57098E+00
 -1      3062 1.16944E+00 3.25181E+01 1.58719E+00
 -1      3063 1.19409E+00 3.25271E+01 1.64115E+00
 -1      3064 1.23056E+00 3.25244E+01 1.62494E+00
 -1      3069 1.20601E+00 3.37714E+01 1.35360E+00
 -1      3070 1.16949E+00 3.37743E+01 1.36967E+00
 -1      3071 1.19399E+00 3.37841E+01 1.42356E+00
 -1      3072 1.23051E+00 3.37812E+01 1.40749E+00
 -1      3077 1.20612E+00 3.50230E+01 1.11516E+00
 -1      3078 1.16956E+00 3.50262E+01 1.13106E+00
 -1      3079 1.19388E+00 3.50370E+01 1.18484E+00
 -1      3080 1.23044E+00 3.50338E+01 1.16894E+00
 -1      3085 1.20623E+00 3.62701E+01 8.53886E-01
 -1      3086 1.16962E+00 3.62736E+01 8.69618E-01
 -1      3087 1.19377E+00 3.62853E+01 9.23278E-01
 -1      3088 1.23038E+00 3.62819E+01 9.07546E-01
 -1      3093 1.20632E+00 3.75131E+01 5.71502E-01
 -1      3094 1.16966E+00 3.75168E+01 5.87093E-01
 -1      3095 1.19368E+00 3.75293E+01 6.40630E-01
 -1      3096 1.23034E+00 3.75257E+01 6.25039E-01
 -1      3101 1.20637E+00 3.87531E+01 2.72930E-01
 -1      3102 1.16969E+00 3.87568E+01 2.88429E-01
 -1      3103 1.19363E+00 3.87699E+01 3.41875E-01
 -1      3104 1.23031E+00 3.87661E+01 3.26376E-01
 -1      3109-8.31704E-01 3.12331E+01-3.42295E-02
 -1      3110-8.68791E-01 3.12437E+01-2.36225E-02
 -1      3111-8.53491E-01 3.12393E+01 3.42295E-02
 -1      3112-8.16404E-01 3.12288E+01 2.36225E-02
 -1      3117-4.83271E-01 3.24716E+01-3.43179E-02
 -1      3118-5.20380E-01 3.24818E+01-2.34066E-02
 -1      3119-5.04597E-01 3.24775E+01 3.43179E-02
 -1      3120-4.67488E-01 3.24673E+01 2.34066E-02
 -1      3125-1.51102E-01 3.37141E+01-3.44451E-02
 -1      3126-1.88233E-01 3.37237E+01-2.30837E-02
 -1      3127-1.71734E-01 3.37194E+01 3.44451E-02
 -1      3128-1.34603E-01 3.37098E+01 2.30837E-02
 -1      3133 1.59903E-01 3.49616E+01-3.45874E-02
 -1      3134 1.22764E-01 3.49705E+01-2.27035E-02
 -1      3135 1.40097E-01 3.49664E+01 3.45874E-02
 -1      3136 1.77236E-01 3.49575E+01 2.27035E-02
 -1      3141 4.48070E-01 3.62146E+01-3.47212E-02
 -1      3142 4.10939E-01 3.62229E+01-2.23246E-02
 -1      3143 4.29094E-01 3.62188E+01 3.47212E-02
 -1      3144 4.66225E-01 3.62106E+01 2.23246E-02
 -1      3149 7.15201E-01 3.74727E+01-3.48283E-02
 -1      3150 6.78091E-01 3.74803E+01-2.20050E-02
 -1      3151 6.96931E-01 3.74764E+01 3.48283E-02
 -1      3152 7.34041E-01 3.74688E+01 2.20050E-02
 -1      3157 9.66302E-01 3.87345E+01-3.48965E-02
 -1      3158 9.29212E-01 3.87417E+01-2.17923E-02
 -1      3159 9.48503E-01 3.87380E+01 3.48965E-02
 -1      3160 9.85593E-01 3.87307E+01 2.17923E-02
 -1      3165 8.42124E-01 3.12361E+01-3.60521E-02
 -1      3166 8.10413E-01 3.12270E+01-1.34113E-02
 -1      3167 8.43071E-01 3.12364E+01 3.60521E-02
 -1      3168 8.74781E-01 3.12454E+01 1.34113E-02
 -1      3173 4.93597E-01 3.24745E+01-3.60538E-02
 -1      3174 4.61712E-01 3.24657E+01-1.35445E-02
 -1      3175 4.94271E-01 3.24746E+01 3.60538E-02
 -1      3176 5.26156E-01 3.24834E+01 1.35445E-02
 -1      3181 1.61293E-01 3.37167E+01-3.60553E-02
 -1      3182 1.29148E-01 3.37084E+01-1.37478E-02
 -1      3183 1.61544E-01 3.37168E+01 3.60553E-02
 -1      3184 1.93688E-01 3.37251E+01 1.37478E-02
 -1      3189-1.49867E-01 3.49640E+01-3.60553E-02
 -1      3190-1.82312E-01 3.49562E+01-1.39935E-02
 -1      3191-1.50133E-01 3.49640E+01 3.60553E-02
 -1      3192-1.17688E-01 3.49718E+01 1.39935E-02
 -1      3197-4.38181E-01 3.62168E+01-3.60532E-02
 -1      3198-4.70920E-01 3.62096E+01-1.42455E-02
 -1      3199-4.38983E-01 3.62167E+01 3.60532E-02
 -1      3200-4.06244E-01 3.62239E+01 1.42455E-02
 -1      3205-7.05431E-01 3.74747E+01-3.60497E-02
 -1      3206-7.38414E-01 3.74679E+01-1.44640E-02
 -1      3207-7.06701E-01 3.74744E+01 3.60497E-02
 -1      3208-6.73718E-01 3.74812E+01 1.44640E-02
 -1      3213-9.56607E-01 3.87364E+01-3.60464E-02
 -1      3214-9.89751E-01 3.87299E+01-1.46123E-02
 -1      3215-9.58198E-01 3.87361E+01 3.60464E-02
 -1      3216-9.25054E-01 3.87425E+01 1.46123E-02
 -1      3221-8.31704E-01 3.12331E+01 1.96577E+00
 -1      3222-8.68791E-01 3.12437E+01 1.97638E+00
 -1      3223-8.53491E-01 3.12393E+01 2.03423E+00
 -1      3224-8.16404E-01 3.12288E+01 2.02362E+00
 -1      3229-4.83271E-01 3.24716E+01 1.96568E+00
 -1      3230-5.20380E-01 3.24818E+01 1.97659E+00
 -1      3231-5.04597E-01 3.24775E+01 2.03432E+00
 -1      3232-4.67488E-01 3.24673E+01 2.02341E+00
 -1      3237-1.51102E-01 3.37141E+01 1.96555E+00
 -1      3238-1.88233E-01 3.37237E+01 1.97692E+00
 -1      3239-1.71734E-01 3.37194E+01 2.03445E+00
 -1      3240-1.34603E-01 3.37098E+01 2.02308E+00
 -1      3245 1.59903E-01 3.49616E+01 1.96541E+00
 -1      3246 1.22764E-01 3.49705E+01 1.97730E+00
 -1      3247 1.40097E-01 3.49664E+01 2.03459E+00
 -1      3248 1.77236E-01 3.49575E+01 2.02270E+00
 -1      3253 4.48070E-01 3.62146E+01 1.96528E+00
 -1      3254 4.10939E-01 3.62229E+01 1.97768E+00
 -1      3255 4.29094E-01 3.62188E+01 2.03472E+00
 -1      3256 4.66225E-01 3.62106E+01 2.02232E+00
 -1      3261 7.15201E-01 3.74727E+01 1.96517E+00
 -1      3262 6.78091E-01 3.74803E+01 1.97800E+00
 -1      3263 6.96931E-01 3.74764E+01 2.03483E+00
 -1      3264 7.34041E-01 3.74688E+01 2.02200E+00
 -1      3269 9.66302E-01 3.87345E+01 1.96510E+00
 -1      3270 9.29212E-01 3.87417E+01 1.97821E+00
 -1      3271 9.48503E-01 3.87380E+01 2.03490E+00
 -1      3272 9.85593E-01 3.87307E+01 2.02179E+00
 -1      3277 8.42124E-01 3.12361E+01 1.96395E+00
 -1      3278 8.10413E-01 3.12270E+01 1.98659E+00
 -1      3279 8.43071E-01 3.12364E+01 2.03605E+00
 -1      3280 8.74781E-01 3.12454E+01 2.01341E+00
 -1      3285 4.93597E-01 3.24745E+01 1.96395E+00
 -1      3286 4.61712E-01 3.24657E+01 1.98646E+00
 -1      3287 4.94271E-01 3.24746E+01 2.03605E+00
 -1      3288 5.26156E-01 3.24834E+01 2.01354E+00
 -1      3293 1.61293E-01 3.37167E+01 1.96394E+00
 -1      3294 1.29148E-01 3.37084E+01 1.98625E+00
 -1      3295 1.61544E-01 3.37168E+01 2.03606E+00
 -1      3296 1.93688E-01 3.37251E+01 2.01375E+00
 -1      3301-1.49867E-01 3.49640E+01 1.96394E+00
 -1      3302-1.82312E-01 3.49562E+01 1.98601E+00
 -1      3303-1.50133E-01 3.49640E+01 2.03606E+00
 -1      3304-1.17688E-01 3.49718E+01 2.01399E+00
 -1      3309-4.38181E-01 3.62168E+01 1.96395E+00
 -1      3310-4.70920E-01 3.62096E+01 1.98575E+00
 -1      3311-4.38983E-01 3.62167E+01 2.03605E+00
 -1      3312-4.06244E-01 3.62239E+01 2.01425E+00
 -1      3317-7.05431E-01 3.74747E+01 1.96395E+00
 -1      3318-7.38414E-01 3.74679E+01 1.98554E+00
 -1      3319-7.06701E-01 3.74744E+01 2.03605E+00
 -1      3320-6.73718E-01 3.74812E+01 2.01446E+00
 -1      3325-9.56607E-01 3.87364E+01 1.96395E+00
 -1      3326-9.89751E-01 3.87299E+01 1.98539E+00
 -1      3327-9.58198E-01 3.87361E+01 2.03605E+00
 -1      3328-9.25054E-01 3.87425E+01 2.01461E+00
 -1      3333-1.19777E+00 4.25272E+01 3.58451E-01
 -1      3334-1.23236E+00 4.25239E+01 3.78258E-01
 -1      3335-1.20223E+00 4.25152E+01 4.29417E-01
 -1      3336-1.16764E+00 4.25186E+01 4.09610E-01
 -1      3341-1.19829E+00 4.50371E+01 8.14685E-01
 -1      3342-1.23259E+00 4.50330E+01 8.34866E-01
 -1      3343-1.20171E+00 4.50229E+01 8.85315E-01
 -1      3344-1.16741E+00 4.50270E+01 8.65134E-01
 -1      3349-1.19884E+00 4.75293E+01 1.35882E+00
 -1      3350-1.23282E+00 4.75246E+01 1.37939E+00
 -1      3351-1.20116E+00 4.75131E+01 1.42904E+00
 -1      3352-1.16718E+00 4.75178E+01 1.40848E+00
 -1      3357-1.19407E+00 4.25153E+01 1.57100E+00
 -1      3358-1.23055E+00 4.25180E+01 1.58719E+00
 -1      3359-1.20593E+00 4.25271E+01 1.64113E+00
 -1      3360-1.16945E+00 4.25244E+01 1.62495E+00
 -1      3365-1.19388E+00 4.50230E+01 1.11516E+00
 -1      3366-1.23044E+00 4.50262E+01 1.13106E+00
 -1      3367-1.20612E+00 4.50370E+01 1.18484E+00
 -1      3368-1.16956E+00 4.50338E+01 1.16894E+00
 -1      3373-1.19370E+00 4.75132E+01 5.71480E-01
 -1      3374-1.23034E+00 4.75168E+01 5.87095E-01
 -1      3375-1.20630E+00 4.75292E+01 6.40652E-01
 -1      3376-1.16966E+00 4.75256E+01 6.25037E-01
 -1      3381 1.20223E+00 4.25272E+01 3.58451E-01
 -1      3382 1.16764E+00 4.25239E+01 3.78258E-01
 -1      3383 1.19777E+00 4.25152E+01 4.29417E-01
 -1      3384 1.23236E+00 4.25186E+01 4.09610E-01
 -1      3389 1.20171E+00 4.50371E+01 8.14685E-01
 -1      3390 1.16741E+00 4.50330E+01 8.34866E-01
 -1      3391 1.19829E+00 4.50229E+01 8.85315E-01
 -1      3392 1.23259E+00 4.50270E+01 8.65134E-01
 -1      3397 1.20116E+00 4.75293E+01 1.35882E+00
 -1      3398 1.16718E+00 4.75246E+01 1.37939E+00
 -1      3399 1.19884E+00 4.75131E+01 1.42904E+00
 -1      3400 1.23282E+00 4.75178E+01 1.40848E+00
 -1      3405 1.20593E+00 4.25153E+01 1.57100E+00
 -1      3406 1.16945E+00 4.25180E+01 1.58719E+00
 -1      3407 1.19407E+00 4.25271E+01 1.64113E+00
 -1      3408 1.23055E+00 4.25244E+01 1.62495E+00
 -1      3413 1.20612E+00 4.50230E+01 1.11516E+00
 -1      3414 1.16956E+00 4.50262E+01 1.13106E+00
 -1      3415 1.19388E+00 4.50370E+01 1.18484E+00
 -1      3416 1.23044E+00 4.50338E+01 1.16894E+00
 -1      3421 1.20630E+00 4.75132E+01 5.71480E-01
 -1      3422 1.16966E+00 4.75168E+01 5.87095E-01
 -1      3423 1.19370E+00 4.75292E+01 6.40652E-01
 -1      3424 1.23034E+00 4.75256E+01 6.25037E-01
 -1      3429-4.83328E-01 4.24717E+01-3.43393E-02
 -1      3430-5.20442E-01 4.24818E+01-2.33534E-02
 -1      3431-5.04540E-01 4.24774E+01 3.43393E-02
 -1      3432-4.67426E-01 4.24673E+01 2.33534E-02
 -1      3437 1.59904E-01 4.49616E+01-3.45869E-02
 -1      3438 1.22764E-01 4.49705E+01-2.27046E-02
 -1      3439 1.40096E-01 4.49664E+01 3.45869E-02
 -1      3440 1.77236E-01 4.49575E+01 2.27046E-02
 -1      3445 7.15261E-01 4.74726E+01-3.48107E-02
 -1      3446 6.78146E-01 4.74804E+01-2.20585E-02
 -1      3447 6.96871E-01 4.74765E+01 3.48107E-02
 -1      3448 7.33986E-01 4.74687E+01 2.20585E-02
 -1      3453 4.93632E-01 4.24745E+01-3.60542E-02
 -1      3454 4.61704E-01 4.24658E+01-1.35783E-02
 -1      3455 4.94236E-01 4.24746E+01 3.60542E-02
 -1      3456 5.26164E-01 4.24833E+01 1.35783E-02
 -1      3461-1.49866E-01 4.49640E+01-3.60553E-02
 -1      3462-1.82311E-01 4.49562E+01-1.39944E-02
 -1      3463-1.50134E-01 4.49640E+01 3.60553E-02
 -1      3464-1.17689E-01 4.49718E+01 1.39944E-02
 -1      3469-7.05470E-01 4.74747E+01-3.60504E-02
 -1      3470-7.38413E-01 4.74678E+01-1.44278E-02
 -1      3471-7.06662E-01 4.74744E+01 3.60504E-02
 -1      3472-6.73719E-01 4.74813E+01 1.44278E-02
 -1      3477-4.83328E-01 4.24717E+01 1.96566E+00
 -1      3478-5.20442E-01 4.24818E+01 1.97665E+00
 -1      3479-5.04540E-01 4.24774E+01 2.03434E+00
 -1      3480-4.67426E-01 4.24673E+01 2.02335E+00
 -1      3485 1.59904E-01 4.49616E+01 1.96541E+00
 -1      3486 1.22764E-01 4.49705E+01 1.97730E+00
 -1      3487 1.40096E-01 4.49664E+01 2.03459E+00
 -1      3488 1.77236E-01 4.49575E+01 2.02270E+00
 -1      3493 7.15261E-01 4.74726E+01 1.96519E+00
 -1      3494 6.78146E-01 4.74804E+01 1.97794E+00
 -1      3495 6.96871E-01 4.74765E+01 2.03481E+00
 -1      3496 7.33986E-01 4.74687E+01 2.02206E+00
 -1      3501 4.93632E-01 4.24745E+01 1.96395E+00
 -1      3502 4.61704E-01 4.24658E+01 1.98642E+00
 -1      3503 4.94236E-01 4.24746E+01 2.03605E+00
 -1      3504 5.26164E-01 4.24833E+01 2.01358E+00
 -1      3509-1.49866E-01 4.49640E+01 1.96394E+00
 -1      3510-1.82311E-01 4.49562E+01 1.98601E+00
 -1      3511-1.50134E-01 4.49640E+01 2.03606E+00
 -1      3512-1.17689E-01 4.49718E+01 2.01399E+00
 -1      3517-7.05470E-01 4.74747E+01 1.96395E+00
 -1      3518-7.38413E-01 4.74678E+01 1.98557E+00
 -1      3519-7.06662E-01 4.74744E+01 2.03605E+00
 -1      3520-6.73719E-01 4.74813E+01 2.01443E+00
 -3
    3C                           336                                     1
 -1         1    1    0    1
 -2       277       477       478       278       280       480       479       279
 -1         2    1    0    1
 -2       327       527       528       328       330       530       529       329
 -1         3    1    0    1
 -2       377       577       578       378       380       580       579       379
 -1         4    1    0    1
 -2       427       627       628       428       430       630       629       429
 -1         5    1    0    1
 -2       477      1509      1510       478       480      1512      1511       479
 -1         6    1    0    1
 -2      1509       677       678      1510      1512       680       679      1511
 -1         7    1    0    1
 -2       527      1517      1518       528       530      1520      1519       529
 -1         8    1    0    1
 -2      1517       727       728      1518      1520       730       729      1519
 -1         9    1    0    1
 -2       577      1525      1526       578       580      1528      1527       579
 -1        10    1    0    1
 -2      1525       777       778      1526      1528       780       779      1527
 -1        11    1    0    1
 -2       627      1533      1534       628       630      1536      1535       629
 -1        12    1    0    1
 -2      1533       827       828      1534      1536       830       829      1535
 -1        13    1    0    1
 -2       677      1541      1542       678       680      1544      1543       679
 -1        14    1    0    1
 -2      1541       877       878      1542      1544       880       879      1543
 -1        15    1    0    1
 -2       727      1549      1550       728       730      1552      1551       729
 -1        16    1    0    1
 -2      1549       927       928      1550      1552       930       929      1551
 -1        17    1    0    1
 -2       777      1557      1558       778       780      1560      1559       779
 -1        18    1    0    1
 -2      1557       977       978      1558      1560       980       979      1559
 -1        19    1    0    1
 -2       827      1565      1566       828       830      1568      1567       829
 -1        20    1    0    1
 -2      1565      1027      1028      1566      1568      1030      1029      1567
 -1        21    1    0    1
 -2       877      1573      1574       878       880      1576      1575       879
 -1        22    1    0    1
 -2      1573      1581      1582      1574      1576      1584      1583      1575
 -1        23    1    0    1
 -2      1581      1589      1590      1582      1584      1592      1591      1583
 -1        24    1    0    1
 -2      1589      1597      1598      1590      1592      1600      1599      1591
 -1        25    1    0    1
 -2      1597      1605      1606      1598      1600      1608      1607      1599
 -1        26    1    0    1
 -2      1605      1613      1614      1606      1608      1616      1615      1607
 -1        27    1    0    1
 -2      1613      1621      1622      1614      1616      1624      1623      1615
 -1        28    1    0    1
 -2      1621      1077      1078      1622      1624      1080      1079      1623
 -1        29    1    0    1
 -2       927      1629      1630       928       930      1632      1631       929
 -1        30    1    0    1
 -2      1629      1637      1638      1630      1632      1640      1639      1631
 -1        31    1    0    1
 -2      1637      1645      1646      1638      1640      1648      1647      1639
 -1        32    1    0    1
 -2      1645      1653      1654      1646      1648      1656      1655      1647
 -1        33    1    0    1
 -2      1653      1661      1662      1654      1656      1664      1663      1655
 -1        34    1    0    1
 -2      1661      1669      1670      1662      1664      1672      1671      1663
 -1        35    1    0    1
 -2      1669      1677      1678      1670      1672      1680      1679      1671
 -1        36    1    0    1
 -2      1677      1143      1144      1678      1680      1146      1145      1679
 -1        37    1    0    1
 -2       977      1685      1686       978       980      1688      1687       979
 -1        38    1    0    1
 -2      1685      1693      1694      1686      1688      1696      1695      1687
 -1        39    1    0    1
 -2      1693      1701      1702      1694      1696      1704      1703      1695
 -1        40    1    0    1
 -2      1701      1709      1710      1702      1704      1712      1711      1703
 -1        41    1    0    1
 -2      1709      1717      1718      1710      1712      1720      1719      1711
 -1        42    1    0    1
 -2      1717      1725      1726      1718      1720      1728      1727      1719
 -1        43    1    0    1
 -2      1725      1733      1734      1726      1728      1736      1735      1727
 -1        44    1    0    1
 -2      1733      1193      1194      1734      1736      1196      1195      1735
 -1        45    1    0    1
 -2      1027      1741      1742      1028      1030      1744      1743      1029
 -1        46    1    0    1
 -2      1741      1749      1750      1742      1744      1752      1751      1743
 -1        47    1    0    1
 -2      1749      1757      1758      1750      1752      1760      1759      1751
 -1        48    1    0    1
 -2      1757      1765      1766      1758      1760      1768      1767      1759
 -1        49    1    0    1
 -2      1765      1773      1774      1766      1768      1776      1775      1767
 -1        50    1    0    1
 -2      1773      1781      1782      1774      1776      1784      1783      1775
 -1        51    1    0    1
 -2      1781      1789      1790      1782      1784      1792      1791      1783
 -1        52    1    0    1
 -2      1789      1259      1260      1790      1792      1262      1261      1791
 -1        53    1    0    1
 -2      1101      1797      1798      1102      1104      1800      1799      1103
 -1        54    1    0    1
 -2      1797      1805      1806      1798      1800      1808      1807      1799
 -1        55    1    0    1
 -2      1805      1813      1814      1806      1808      1816      1815      1807
 -1        56    1    0    1
 -2      1813      1309      1310      1814      1816      1312      1311      1815
 -1        57    1    0    1
 -2      1143      1821      1822      1144      1146      1824      1823      1145
 -1        58    1    0    1
 -2      1821      1829      1830      1822      1824      1832      1831      1823
 -1        59    1    0    1
 -2      1829      1837      1838      1830      1832      1840      1839      1831
 -1        60    1    0    1
 -2      1837      1359      1360      1838      1840      1362      1361      1839
 -1        61    1    0    1
 -2      1217      1845      1846      1218      1220      1848      1847      1219
 -1        62    1    0    1
 -2      1845      1853      1854      1846      1848      1856      1855      1847
 -1        63    1    0    1
 -2      1853      1861      1862      1854      1856      1864      1863      1855
 -1        64    1    0    1
 -2      1861      1409      1410      1862      1864      1412      1411      1863
 -1        65    1    0    1
 -2      1259      1869      1870      1260      1262      1872      1871      1261
 -1        66    1    0    1
 -2      1869      1877      1878      1870      1872      1880      1879      1871
 -1        67    1    0    1
 -2      1877      1885      1886      1878      1880      1888      1887      1879
 -1        68    1    0    1
 -2      1885      1459      1460      1886      1888      1462      1461      1887
 -1        69    1    0    1
 -2       285      1893      1894       286       288      1896      1895       287
 -1        70    1    0    1
 -2      1893      1901      1902      1894      1896      1904      1903      1895
 -1        71    1    0    1
 -2      1901      1909      1910      1902      1904      1912      1911      1903
 -1        72    1    0    1
 -2      1909       335       336      1910      1912       338       337      1911
 -1        73    1    0    1
 -2       385      1917      1918       386       388      1920      1919       387
 -1        74    1    0    1
 -2      1917      1925      1926      1918      1920      1928      1927      1919
 -1        75    1    0    1
 -2      1925      1933      1934      1926      1928      1936      1935      1927
 -1        76    1    0    1
 -2      1933       435       436      1934      1936       438       437      1935
 -1        77    1    0    1
 -2       293      1941      1942       294       296      1944      1943       295
 -1        78    1    0    1
 -2      1941      1949      1950      1942      1944      1952      1951      1943
 -1        79    1    0    1
 -2      1949      1957      1958      1950      1952      1960      1959      1951
 -1        80    1    0    1
 -2      1957       393       394      1958      1960       396       395      1959
 -1        81    1    0    1
 -2       343      1965      1966       344       346      1968      1967       345
 -1        82    1    0    1
 -2      1965      1973      1974      1966      1968      1976      1975      1967
 -1        83    1    0    1
 -2      1973      1981      1982      1974      1976      1984      1983      1975
 -1        84    1    0    1
 -2      1981       443       444      1982      1984       446       445      1983
 -1        85    1    0    1
 -2       485       535       536       486       488       538       537       487
 -1        86    1    0    1
 -2       585       635       636       586       588       638       637       587
 -1        87    1    0    1
 -2       493       593       594       494       496       596       595       495
 -1        88    1    0    1
 -2       543       643       644       544       546       646       645       545
 -1        89    1    0    1
 -2       685      1989      1990       686       688      1992      1991       687
 -1        90    1    0    1
 -2      1989       735       736      1990      1992       738       737      1991
 -1        91    1    0    1
 -2       785      1997      1998       786       788      2000      1999       787
 -1        92    1    0    1
 -2      1997       835       836      1998      2000       838       837      1999
 -1        93    1    0    1
 -2       693      2005      2006       694       696      2008      2007       695
 -1        94    1    0    1
 -2      2005       793       794      2006      2008       796       795      2007
 -1        95    1    0    1
 -2       743      2013      2014       744       746      2016      2015       745
 -1        96    1    0    1
 -2      2013       843       844      2014      2016       846       845      2015
 -1        97    1    0    1
 -2       885      2021      2022       886       888      2024      2023       887
 -1        98    1    0    1
 -2      2021       935       936      2022      2024       938       937      2023
 -1        99    1    0    1
 -2       985      2029      2030       986       988      2032      2031       987
 -1       100    1    0    1
 -2      2029      1035      1036      2030      2032      1038      1037      2031
 -1       101    1    0    1
 -2       893      2037      2038       894       896      2040      2039       895
 -1       102    1    0    1
 -2      2037       993       994      2038      2040       996       995      2039
 -1       103    1    0    1
 -2       943      2045      2046       944       946      2048      2047       945
 -1       104    1    0    1
 -2      2045      1043      1044      2046      2048      1046      1045      2047
 -1       105    1    0    1
 -2      1085      2053      2054      1086      1088      2056      2055      1087
 -1       106    1    0    1
 -2      2053      1151      1152      2054      2056      1154      1153      2055
 -1       107    1    0    1
 -2      1201      2061      2062      1202      1204      2064      2063      1203
 -1       108    1    0    1
 -2      2061      1267      1268      2062      2064      1270      1269      2063
 -1       109    1    0    1
 -2      1093      2069      2070      1094      1096      2072      2071      1095
 -1       110    1    0    1
 -2      2069      1209      1210      2070      2072      1212      1211      2071
 -1       111    1    0    1
 -2      1159      2077      2078      1160      1162      2080      2079      1161
 -1       112    1    0    1
 -2      2077      1275      1276      2078      2080      1278      1277      2079
 -1       113    1    0    1
 -2      1317      2085      2086      1318      1320      2088      2087      1319
 -1       114    1    0    1
 -2      2085      2093      2094      2086      2088      2096      2095      2087
 -1       115    1    0    1
 -2      2093      2101      2102      2094      2096      2104      2103      2095
 -1       116    1    0    1
 -2      2101      1367      1368      2102      2104      1370      1369      2103
 -1       117    1    0    1
 -2      1417      2109      2110      1418      1420      2112      2111      1419
 -1       118    1    0    1
 -2      2109      2117      2118      2110      2112      2120      2119      2111
 -1       119    1    0    1
 -2      2117      2125      2126      2118      2120      2128      2127      2119
 -1       120    1    0    1
 -2      2125      1467      1468      2126      2128      1470      1469      2127
 -1       121    1    0    1
 -2      1325      2133      2134      1326      1328      2136      2135      1327
 -1       122    1    0    1
 -2      2133      2141      2142      2134      2136      2144      2143      2135
 -1       123    1    0    1
 -2      2141      2149      2150      2142      2144      2152      2151      2143
 -1       124    1    0    1
 -2      2149      1425      1426      2150      2152      1428      1427      2151
 -1       125    1    0    1
 -2      1375      2157      2158      1376      1378      2160      2159      1377
 -1       126    1    0    1
 -2      2157      2165      2166      2158      2160      2168      2167      2159
 -1       127    1    0    1
 -2      2165      2173      2174      2166      2168      2176      2175      2167
 -1       128    1    0    1
 -2      2173      1475      1476      2174      2176      1478      1477      2175
 -1       129    1    0    1
 -2       277      2181      2182       278       280      2184      2183       279
 -1       130    1    0    1
 -2      2181      2189      2190      2182      2184      2192      2191      2183
 -1       131    1    0    1
 -2      2189      2197      2198      2190      2192      2200      2199      2191
 -1       132    1    0    1
 -2      2197       577       578      2198      2200       580       579      2199
 -1       133    1    0    1
 -2       377      2205      2206       378       380      2208      2207       379
 -1       134    1    0    1
 -2      2205      2213      2214      2206      2208      2216      2215      2207
 -1       135    1    0    1
 -2      2213      2221      2222      2214      2216      2224      2223      2215
 -1       136    1    0    1
 -2      2221       477       478      2222      2224       480       479      2223
 -1       137    1    0    1
 -2       327      2229      2230       328       330      2232      2231       329
 -1       138    1    0    1
 -2      2229      2237      2238      2230      2232      2240      2239      2231
 -1       139    1    0    1
 -2      2237      2245      2246      2238      2240      2248      2247      2239
 -1       140    1    0    1
 -2      2245       627       628      2246      2248       630       629      2247
 -1       141    1    0    1
 -2       427      2253      2254       428       430      2256      2255       429
 -1       142    1    0    1
 -2      2253      2261      2262      2254      2256      2264      2263      2255
 -1       143    1    0    1
 -2      2261      2269      2270      2262      2264      2272      2271      2263
 -1       144    1    0    1
 -2      2269       527       528      2270      2272       530       529      2271
 -1       145    1    0    1
 -2       277      2277      2278       278       280      2280      2279       279
 -1       146    1    0    1
 -2      2277      2285      2286      2278      2280      2288      2287      2279
 -1       147    1    0    1
 -2      2285      2293      2294      2286      2288      2296      2295      2287
 -1       148    1    0    1
 -2      2293       527       528      2294      2296       530       529      2295
 -1       149    1    0    1
 -2       327      2301      2302       328       330      2304      2303       329
 -1       150    1    0    1
 -2      2301      2309      2310      2302      2304      2312      2311      2303
 -1       151    1    0    1
 -2      2309      2317      2318      2310      2312      2320      2319      2311
 -1       152    1    0    1
 -2      2317       477       478      2318      2320       480       479      2319
 -1       153    1    0    1
 -2       377      2325      2326       378       380      2328      2327       379
 -1       154    1    0    1
 -2      2325      2333      2334      2326      2328      2336      2335      2327
 -1       155    1    0    1
 -2      2333      2341      2342      2334      2336      2344      2343      2335
 -1       156    1    0    1
 -2      2341       627       628      2342      2344       630       629      2343
 -1       157    1    0    1
 -2       427      2349      2350       428       430      2352      2351       429
 -1       158    1    0    1
 -2      2349      2357      2358      2350      2352      2360      2359      2351
 -1       159    1    0    1
 -2      2357      2365      2366      2358      2360      2368      2367      2359
 -1       160    1    0    1
 -2      2365       577       578      2366      2368       580       579      2367
 -1       161    1    0    1
 -2       477      2373      2374       478       480      2376      2375       479
 -1       162    1    0    1
 -2      2373       777       778      2374      2376       780       779      2375
 -1       163    1    0    1
 -2       577      2381      2382       578       580      2384      2383       579
 -1       164    1    0    1
 -2      2381       677       678      2382      2384       680       679      2383
 -1       165    1    0    1
 -2       527      2389      2390       528       530      2392      2391       529
 -1       166    1    0    1
 -2      2389       827       828      2390      2392       830       829      2391
 -1       167    1    0    1
 -2       627      2397      2398       628       630      2400      2399       629
 -1       168    1    0    1
 -2      2397       727       728      2398      2400       730       729      2399
 -1       169    1    0    1
 -2       477      2405      2406       478       480      2408      2407       479
 -1       170    1    0    1
 -2      2405       727       728      2406      2408       730       729      2407
 -1       171    1    0    1
 -2       527      2413      2414       528       530      2416      2415       529
 -1       172    1    0    1
 -2      2413       677       678      2414      2416       680       679      2415
 -1       173    1    0    1
 -2       577      2421      2422       578       580      2424      2423       579
 -1       174    1    0    1
 -2      2421       827       828      2422      2424       830       829      2423
 -1       175    1    0    1
 -2       627      2429      2430       628       630      2432      2431       629
 -1       176    1    0    1
 -2      2429       777       778      2430      2432       780       779      2431
 -1       177    1    0    1
 -2       677      2437      2438       678       680      2440      2439       679
 -1       178    1    0    1
 -2      2437      2445      2446      2438      2440      2448      2447      2439
 -1       179    1    0    1
 -2      2445      2453      2454      2446      2448      2456      2455      2447
 -1       180    1    0    1
 -2      2453      2461      2462      2454      2456      2464      2463      2455
 -1       181    1    0    1
 -2      2461      2469      2470      2462      2464      2472      2471      2463
 -1       182    1    0    1
 -2      2469      2477      2478      2470      2472      2480      2479      2471
 -1       183    1    0    1
 -2      2477      2485      2486      2478      2480      2488      2487      2479
 -1       184    1    0    1
 -2      2485       977       978      2486      2488       980       979      2487
 -1       185    1    0    1
 -2       777      2493      2494       778       780      2496      2495       779
 -1       186    1    0    1
 -2      2493      2501      2502      2494      2496      2504      2503      2495
 -1       187    1    0    1
 -2      2501      2509      2510      2502      2504      2512      2511      2503
 -1       188    1    0    1
 -2      2509      2517      2518      2510      2512      2520      2519      2511
 -1       189    1    0    1
 -2      2517      2525      2526      2518      2520      2528      2527      2519
 -1       190    1    0    1
 -2      2525      2533      2534      2526      2528      2536      2535      2527
 -1       191    1    0    1
 -2      2533      2541      2542      2534      2536      2544      2543      2535
 -1       192    1    0    1
 -2      2541       877       878      2542      2544       880       879      2543
 -1       193    1    0    1
 -2       727      2549      2550       728       730      2552      2551       729
 -1       194    1    0    1
 -2      2549      2557      2558      2550      2552      2560      2559      2551
 -1       195    1    0    1
 -2      2557      2565      2566      2558      2560      2568      2567      2559
 -1       196    1    0    1
 -2      2565      2573      2574      2566      2568      2576      2575      2567
 -1       197    1    0    1
 -2      2573      2581      2582      2574      2576      2584      2583      2575
 -1       198    1    0    1
 -2      2581      2589      2590      2582      2584      2592      2591      2583
 -1       199    1    0    1
 -2      2589      2597      2598      2590      2592      2600      2599      2591
 -1       200    1    0    1
 -2      2597      1027      1028      2598      2600      1030      1029      2599
 -1       201    1    0    1
 -2       827      2605      2606       828       830      2608      2607       829
 -1       202    1    0    1
 -2      2605      2613      2614      2606      2608      2616      2615      2607
 -1       203    1    0    1
 -2      2613      2621      2622      2614      2616      2624      2623      2615
 -1       204    1    0    1
 -2      2621      2629      2630      2622      2624      2632      2631      2623
 -1       205    1    0    1
 -2      2629      2637      2638      2630      2632      2640      2639      2631
 -1       206    1    0    1
 -2      2637      2645      2646      2638      2640      2648      2647      2639
 -1       207    1    0    1
 -2      2645      2653      2654      2646      2648      2656      2655      2647
 -1       208    1    0    1
 -2      2653       927       928      2654      2656       930       929      2655
 -1       209    1    0    1
 -2       677      2661      2662       678       680      2664      2663       679
 -1       210    1    0    1
 -2      2661      2669      2670      2662      2664      2672      2671      2663
 -1       211    1    0    1
 -2      2669      2677      2678      2670      2672      2680      2679      2671
 -1       212    1    0    1
 -2      2677      2685      2686      2678      2680      2688      2687      2679
 -1       213    1    0    1
 -2      2685      2693      2694      2686      2688      2696      2695      2687
 -1       214    1    0    1
 -2      2693      2701      2702      2694      2696      2704      2703      2695
 -1       215    1    0    1
 -2      2701      2709      2710      2702      2704      2712      2711      2703
 -1       216    1    0    1
 -2      2709       927       928      2710      2712       930       929      2711
 -1       217    1    0    1
 -2       727      2717      2718       728       730      2720      2719       729
 -1       218    1    0    1
 -2      2717      2725      2726      2718      2720      2728      2727      2719
 -1       219    1    0    1
 -2      2725      2733      2734      2726      2728      2736      2735      2727
 -1       220    1    0    1
 -2      2733      2741      2742      2734      2736      2744      2743      2735
 -1       221    1    0    1
 -2      2741      2749      2750      2742      2744      2752      2751      2743
 -1       222    1    0    1
 -2      2749      2757      2758      2750      2752      2760      2759      2751
 -1       223    1    0    1
 -2      2757      2765      2766      2758      2760      2768      2767      2759
 -1       224    1    0    1
 -2      2765       877       878      2766      2768       880       879      2767
 -1       225    1    0    1
 -2       777      2773      2774       778       780      2776      2775       779
 -1       226    1    0    1
 -2      2773      2781      2782      2774      2776      2784      2783      2775
 -1       227    1    0    1
 -2      2781      2789      2790      2782      2784      2792      2791      2783
 -1       228    1    0    1
 -2      2789      2797      2798      2790      2792      2800      2799      2791
 -1       229    1    0    1
 -2      2797      2805      2806      2798      2800      2808      2807      2799
 -1       230    1    0    1
 -2      2805      2813      2814      2806      2808      2816      2815      2807
 -1       231    1    0    1
 -2      2813      2821      2822      2814      2816      2824      2823      2815
 -1       232    1    0    1
 -2      2821      1027      1028      2822      2824      1030      1029      2823
 -1       233    1    0    1
 -2       827      2829      2830       828       830      2832      2831       829
 -1       234    1    0    1
 -2      2829      2837      2838      2830      2832      2840      2839      2831
 -1       235    1    0    1
 -2      2837      2845      2846      2838      2840      2848      2847      2839
 -1       236    1    0    1
 -2      2845      2853      2854      2846      2848      2856      2855      2847
 -1       237    1    0    1
 -2      2853      2861      2862      2854      2856      2864      2863      2855
 -1       238    1    0    1
 -2      2861      2869      2870      2862      2864      2872      2871      2863
 -1       239    1    0    1
 -2      2869      2877      2878      2870      2872      2880      2879      2871
 -1       240    1    0    1
 -2      2877       977       978      2878      2880       980       979      2879
 -1       241    1    0    1
 -2       877      2885      2886       878       880      2888      2887       879
 -1       242    1    0    1
 -2      2885      2893      2894      2886      2888      2896      2895      2887
 -1       243    1    0    1
 -2      2893      2901      2902      2894      2896      2904      2903      2895
 -1       244    1    0    1
 -2      2901      2909      2910      2902      2904      2912      2911      2903
 -1       245    1    0    1
 -2      2909      2917      2918      2910      2912      2920      2919      2911
 -1       246    1    0    1
 -2      2917      2925      2926      2918      2920      2928      2927      2919
 -1       247    1    0    1
 -2      2925      2933      2934      2926      2928      2936      2935      2927
 -1       248    1    0    1
 -2      2933      1193      1194      2934      2936      1196      1195      2935
 -1       249    1    0    1
 -2       977      2941      2942       978       980      2944      2943       979
 -1       250    1    0    1
 -2      2941      2949      2950      2942      2944      2952      2951      2943
 -1       251    1    0    1
 -2      2949      2957      2958      2950      2952      2960      2959      2951
 -1       252    1    0    1
 -2      2957      2965      2966      2958      2960      2968      2967      2959
 -1       253    1    0    1
 -2      2965      2973      2974      2966      2968      2976      2975      2967
 -1       254    1    0    1
 -2      2973      2981      2982      2974      2976      2984      2983      2975
 -1       255    1    0    1
 -2      2981      2989      2990      2982      2984      2992      2991      2983
 -1       256    1    0    1
 -2      2989      1077      1078      2990      2992      1080      1079      2991
 -1       257    1    0    1
 -2       927      2997      2998       928       930      3000      2999       929
 -1       258    1    0    1
 -2      2997      3005      3006      2998      3000      3008      3007      2999
 -1       259    1    0    1
 -2      3005      3013      3014      3006      3008      3016      3015      3007
 -1       260    1    0    1
 -2      3013      3021      3022      3014      3016      3024      3023      3015
 -1       261    1    0    1
 -2      3021      3029      3030      3022      3024      3032      3031      3023
 -1       262    1    0    1
 -2      3029      3037      3038      3030      3032      3040      3039      3031
 -1       263    1    0    1
 -2      3037      3045      3046      3038      3040      3048      3047      3039
 -1       264    1    0    1
 -2      3045      1259      1260      3046      3048      1262      1261      3047
 -1       265    1    0    1
 -2      1027      3053      3054      1028      1030      3056      3055      1029
 -1       266    1    0    1
 -2      3053      3061      3062      3054      3056      3064      3063      3055
 -1       267    1    0    1
 -2      3061      3069      3070      3062      3064      3072      3071      3063
 -1       268    1    0    1
 -2      3069      3077      3078      3070      3072      3080      3079      3071
 -1       269    1    0    1
 -2      3077      3085      3086      3078      3080      3088      3087      3079
 -1       270    1    0    1
 -2      3085      3093      3094      3086      3088      3096      3095      3087
 -1       271    1    0    1
 -2      3093      3101      3102      3094      3096      3104      3103      3095
 -1       272    1    0    1
 -2      3101      1143      1144      3102      3104      1146      1145      3103
 -1       273    1    0    1
 -2       877      3109      3110       878       880      3112      3111       879
 -1       274    1    0    1
 -2      3109      3117      3118      3110      3112      3120      3119      3111
 -1       275    1    0    1
 -2      3117      3125      3126      3118      3120      3128      3127      3119
 -1       276    1    0    1
 -2      3125      3133      3134      3126      3128      3136      3135      3127
 -1       277    1    0    1
 -2      3133      3141      3142      3134      3136      3144      3143      3135
 -1       278    1    0    1
 -2      3141      3149      3150      3142      3144      3152      3151      3143
 -1       279    1    0    1
 -2      3149      3157      3158      3150      3152      3160      3159      3151
 -1       280    1    0    1
 -2      3157      1143      1144      3158      3160      1146      1145      3159
 -1       281    1    0    1
 -2       927      3165      3166       928       930      3168      3167       929
 -1       282    1    0    1
 -2      3165      3173      3174      3166      3168      3176      3175      3167
 -1       283    1    0    1
 -2      3173      3181      3182      3174      3176      3184      3183      3175
 -1       284    1    0    1
 -2      3181      3189      3190      3182      3184      3192      3191      3183
 -1       285    1    0    1
 -2      3189      3197      3198      3190      3192      3200      3199      3191
 -1       286    1    0    1
 -2      3197      3205      3206      3198      3200      3208      3207      3199
 -1       287    1    0    1
 -2      3205      3213      3214      3206      3208      3216      3215      3207
 -1       288    1    0    1
 -2      3213      1077      1078      3214      3216      1080      1079      3215
 -1       289    1    0    1
 -2       977      3221      3222       978       980      3224      3223       979
 -1       290    1    0    1
 -2      3221      3229      3230      3222      3224      3232      3231      3223
 -1       291    1    0    1
 -2      3229      3237      3238      3230      3232      3240      3239      3231
 -1       292    1    0    1
 -2      3237      3245      3246      3238      3240      3248      3247      3239
 -1       293    1    0    1
 -2      3245      3253      3254      3246      3248      3256      3255      3247
 -1       294    1    0    1
 -2      3253      3261      3262      3254      3256      3264      3263      3255
 -1       295    1    0    1
 -2      3261      3269      3270      3262      3264      3272      3271      3263
 -1       296    1    0    1
 -2      3269      1259      1260      3270      3272      1262      1261      3271
 -1       297    1    0    1
 -2      1027      3277      3278      1028      1030      3280      3279      1029
 -1       298    1    0    1
 -2      3277      3285      3286      3278      3280      3288      3287      3279
 -1       299    1    0    1
 -2      3285      3293      3294      3286      3288      3296      3295      3287
 -1       300    1    0    1
 -2      3293      3301      3302      3294      3296      3304      3303      3295
 -1       301    1    0    1
 -2      3301      3309      3310      3302      3304      3312      3311      3303
 -1       302    1    0    1
 -2      3309      3317      3318      3310      3312      3320      3319      3311
 -1       303    1    0    1
 -2      3317      3325      3326      3318      3320      3328      3327      3319
 -1       304    1    0    1
 -2      3325      1193      1194      3326      3328      1196      1195      3327
 -1       305    1    0    1
 -2      1077      3333      3334      1078      1080      3336      3335      1079
 -1       306    1    0    1
 -2      3333      3341      3342      3334      3336      3344      3343      3335
 -1       307    1    0    1
 -2      3341      3349      3350      3342      3344      3352      3351      3343
 -1       308    1    0    1
 -2      3349      1409      1410      3350      3352      1412      1411      3351
 -1       309    1    0    1
 -2      1217      3357      3358      1218      1220      3360      3359      1219
 -1       310    1    0    1
 -2      3357      3365      3366      3358      3360      3368      3367      3359
 -1       311    1    0    1
 -2      3365      3373      3374      3366      3368      3376      3375      3367
 -1       312    1    0    1
 -2      3373      1309      1310      3374      3376      1312      1311      3375
 -1       313    1    0    1
 -2      1143      3381      3382      1144      1146      3384      3383      1145
 -1       314    1    0    1
 -2      3381      3389      3390      3382      3384      3392      3391      3383
 -1       315    1    0    1
 -2      3389      3397      3398      3390      3392      3400      3399      3391
 -1       316    1    0    1
 -2      3397      1459      1460      3398      3400      1462      1461      3399
 -1       317    1    0    1
 -2      1259      3405      3406      1260      1262      3408      3407      1261
 -1       318    1    0    1
 -2      3405      3413      3414      3406      3408      3416      3415      3407
 -1       319    1    0    1
 -2      3413      3421      3422      3414      3416      3424      3423      3415
 -1       320    1    0    1
 -2      3421      1359      1360      3422      3424      1362      1361      3423
 -1       321    1    0    1
 -2      1101      3429      3430      1102      1104      3432      3431      1103
 -1       322    1    0    1
 -2      3429      3437      3438      3430      3432      3440      3439      3431
 -1       323    1    0    1
 -2      3437      3445      3446      3438      3440      3448      3447      3439
 -1       324    1    0    1
 -2      3445      1359      1360      3446      3448      1362      1361      3447
 -1       325    1    0    1
 -2      1143      3453      3454      1144      1146      3456      3455      1145
 -1       326    1    0    1
 -2      3453      3461      3462      3454      3456      3464      3463      3455
 -1       327    1    0    1
 -2      3461      3469      3470      3462      3464      3472      3471      3463
 -1       328    1    0    1
 -2      3469      1309      1310      3470      3472      1312      1311      3471
 -1       329    1    0    1
 -2      1217      3477      3478      1218      1220      3480      3479      1219
 -1       330    1    0    1
 -2      3477      3485      3486      3478      3480      3488      3487      3479
 -1       331    1    0    1
 -2      3485      3493      3494      3486      3488      3496      3495      3487
 -1       332    1    0    1
 -2      3493      1459      1460      3494      3496      1462      1461      3495
 -1       333    1    0    1
 -2      1259      3501      3502      1260      1262      3504      3503      1261
 -1       334    1    0    1
 -2      3501      3509      3510      3502      3504      3512      3511      3503
 -1       335    1    0    1
 -2      3509      3517      3518      3510      3512      3520      3519      3511
 -1       336    1    0    1
 -2      3517      1409      1410      3518      3520      1412      1411      3519
 -3
    1PSTEP                         1           1           1          
  100CL  101 1.000000000           0                     0    1           1
 -4  DISP        4    1
 -5  D1          1    2    1    0
 -5  D2          1    2    2    0
 -5  D3          1    2    3    0
 -5  ALL         1    2    0    0    1ALL
 -3
 9999
