    1C
    1UNormalized cross-passage space-truss torsion benchmark            
    1UUSER                                                              
    1UDATE              05.august.2026                                  
    1UTIME              18:13:53                                        
    1UHOST                                                              
    1UPGM               CalculiX                                        
    1UVERSION           Version 2.21                             
    1UCOMPILETIME       Sat Jul 29 10:52:01 CEST 2023                    
    1UDIR                                                               
    1UDBN                                                               
    1UMAT    1STEEL                                                     
    2C                          1288                                     1
 -1       273-1.19385E+00 1.28564E-03-3.55031E-02
 -1       274-1.23028E+00 3.82143E-03-1.91941E-02
 -1       275-1.20615E+00-1.28564E-03 3.55031E-02
 -1       276-1.16972E+00-3.82143E-03 1.91941E-02
 -1       281-1.20102E+00-3.40950E-02-1.16828E-02
 -1       282-1.20007E+00-2.33416E-03-3.59798E-02
 -1       283-1.19898E+00 3.40950E-02 1.16828E-02
 -1       284-1.19993E+00 2.33416E-03 3.59798E-02
 -1       289-1.23354E+00-1.32202E-02 3.96605E-04
 -1       290-1.20069E+00-3.60327E-02 1.08098E-03
 -1       291-1.16646E+00 1.32202E-02-3.96605E-04
 -1       292-1.19931E+00 3.60327E-02-1.08098E-03
 -1       323 1.20192E+00 2.05963E-03-3.59455E-02
 -1       324 1.16765E+00-2.18482E-03-1.57609E-02
 -1       325 1.19808E+00-2.05963E-03 3.59455E-02
 -1       326 1.23235E+00 2.18482E-03 1.57609E-02
 -1       331 1.20102E+00-3.38645E-02-1.23355E-02
 -1       332 1.20005E+00-1.64335E-03-3.60180E-02
 -1       333 1.19898E+00 3.38645E-02 1.23355E-02
 -1       334 1.19995E+00 1.64335E-03 3.60180E-02
 -1       339 1.16697E+00-1.44498E-02-4.33494E-04
 -1       340 1.20064E+00-3.60336E-02-1.08101E-03
 -1       341 1.23303E+00 1.44498E-02 4.33494E-04
 -1       342 1.19936E+00 3.60336E-02 1.08101E-03
 -1       373-1.19302E+00-2.49641E-03 1.96472E+00
 -1       374-1.22982E+00 1.71693E-03 1.97980E+00
 -1       375-1.20698E+00 2.49641E-03 2.03528E+00
 -1       376-1.17018E+00-1.71693E-03 2.02020E+00
 -1       381-1.19898E+00-3.38645E-02 1.98766E+00
 -1       382-1.19995E+00-1.64335E-03 1.96398E+00
 -1       383-1.20102E+00 3.38645E-02 2.01234E+00
 -1       384-1.20005E+00 1.64335E-03 2.03602E+00
 -1       389-1.23303E+00-1.44498E-02 1.99957E+00
 -1       390-1.19936E+00-3.60336E-02 1.99892E+00
 -1       391-1.16697E+00 1.44498E-02 2.00043E+00
 -1       392-1.20064E+00 3.60336E-02 2.00108E+00
 -1       423 1.20331E+00-1.56926E-03 1.96413E+00
 -1       424 1.16828E+00-3.82516E-03 1.98330E+00
 -1       425 1.19669E+00 1.56926E-03 2.03587E+00
 -1       426 1.23172E+00 3.82516E-03 2.01670E+00
 -1       431 1.19898E+00-3.40950E-02 1.98832E+00
 -1       432 1.19993E+00-2.33416E-03 1.96402E+00
 -1       433 1.20102E+00 3.40950E-02 2.01168E+00
 -1       434 1.20007E+00 2.33416E-03 2.03598E+00
 -1       439 1.16646E+00-1.32202E-02 2.00040E+00
 -1       440 1.19931E+00-3.60327E-02 2.00108E+00
 -1       441 1.23354E+00 1.32202E-02 1.99960E+00
 -1       442 1.20069E+00 3.60327E-02 1.99892E+00
 -1       473-1.19526E+00 9.99953E+00-3.57391E-02
 -1       474-1.23117E+00 1.00000E+01-1.81267E-02
 -1       475-1.20474E+00 1.00005E+01 3.57391E-02
 -1       476-1.16883E+00 1.00000E+01 1.81267E-02
 -1       481-1.20102E+00 9.96591E+00-1.16828E-02
 -1       482-1.20007E+00 9.99767E+00-3.59798E-02
 -1       483-1.19898E+00 1.00341E+01 1.16828E-02
 -1       484-1.19993E+00 1.00023E+01 3.59798E-02
 -1       489-1.23354E+00 9.98678E+00 3.96605E-04
 -1       490-1.20069E+00 9.96397E+00 1.08098E-03
 -1       491-1.16646E+00 1.00132E+01-3.96605E-04
 -1       492-1.19931E+00 1.00360E+01-1.08098E-03
 -1       523 1.20434E+00 9.99996E+00-3.57935E-02
 -1       524 1.16863E+00 9.99975E+00-1.77714E-02
 -1       525 1.19566E+00 1.00000E+01 3.57935E-02
 -1       526 1.23137E+00 1.00003E+01 1.77714E-02
 -1       531 1.20102E+00 9.96614E+00-1.23355E-02
 -1       532 1.20005E+00 9.99836E+00-3.60180E-02
 -1       533 1.19898E+00 1.00339E+01 1.23355E-02
 -1       534 1.19995E+00 1.00016E+01 3.60180E-02
 -1       539 1.16697E+00 9.98555E+00-4.33494E-04
 -1       540 1.20064E+00 9.96397E+00-1.08101E-03
 -1       541 1.23303E+00 1.00145E+01 4.33494E-04
 -1       542 1.19936E+00 1.00360E+01 1.08101E-03
 -1       573-1.19542E+00 1.00000E+01 1.96424E+00
 -1       574-1.23125E+00 1.00003E+01 1.98202E+00
 -1       575-1.20458E+00 9.99996E+00 2.03576E+00
 -1       576-1.16875E+00 9.99975E+00 2.01798E+00
 -1       581-1.19898E+00 9.96614E+00 1.98766E+00
 -1       582-1.19995E+00 9.99836E+00 1.96398E+00
 -1       583-1.20102E+00 1.00339E+01 2.01234E+00
 -1       584-1.20005E+00 1.00016E+01 2.03602E+00
 -1       589-1.23303E+00 9.98555E+00 1.99957E+00
 -1       590-1.19936E+00 9.96397E+00 1.99892E+00
 -1       591-1.16697E+00 1.00145E+01 2.00043E+00
 -1       592-1.20064E+00 1.00360E+01 2.00108E+00
 -1       623 1.20417E+00 1.00005E+01 1.96419E+00
 -1       624 1.16855E+00 9.99999E+00 1.98238E+00
 -1       625 1.19583E+00 9.99954E+00 2.03581E+00
 -1       626 1.23145E+00 1.00000E+01 2.01762E+00
 -1       631 1.19898E+00 9.96591E+00 1.98832E+00
 -1       632 1.19993E+00 9.99767E+00 1.96402E+00
 -1       633 1.20102E+00 1.00341E+01 2.01168E+00
 -1       634 1.20007E+00 1.00023E+01 2.03598E+00
 -1       639 1.16646E+00 9.98678E+00 2.00040E+00
 -1       640 1.19931E+00 9.96397E+00 2.00108E+00
 -1       641 1.23354E+00 1.00132E+01 1.99960E+00
 -1       642 1.20069E+00 1.00360E+01 1.99892E+00
 -1       673-1.19527E+00 1.99999E+01-3.57433E-02
 -1       674-1.23117E+00 2.00002E+01-1.81170E-02
 -1       675-1.20473E+00 2.00001E+01 3.57433E-02
 -1       676-1.16883E+00 1.99998E+01 1.81170E-02
 -1       681-1.20102E+00 1.99659E+01-1.16828E-02
 -1       682-1.20007E+00 1.99977E+01-3.59798E-02
 -1       683-1.19898E+00 2.00341E+01 1.16828E-02
 -1       684-1.19993E+00 2.00023E+01 3.59798E-02
 -1       689-1.23354E+00 1.99868E+01 3.96605E-04
 -1       690-1.20069E+00 1.99640E+01 1.08098E-03
 -1       691-1.16646E+00 2.00132E+01-3.96605E-04
 -1       692-1.19931E+00 2.00360E+01-1.08098E-03
 -1       723 1.20452E+00 1.99996E+01-3.57685E-02
 -1       724 1.16872E+00 1.99995E+01-1.79267E-02
 -1       725 1.19548E+00 2.00004E+01 3.57685E-02
 -1       726 1.23128E+00 2.00005E+01 1.79267E-02
 -1       731 1.20102E+00 1.99661E+01-1.23355E-02
 -1       732 1.20005E+00 1.99984E+01-3.60180E-02
 -1       733 1.19898E+00 2.00339E+01 1.23355E-02
 -1       734 1.19995E+00 2.00016E+01 3.60180E-02
 -1       739 1.16697E+00 1.99855E+01-4.33494E-04
 -1       740 1.20064E+00 1.99640E+01-1.08101E-03
 -1       741 1.23303E+00 2.00145E+01 4.33494E-04
 -1       742 1.19936E+00 2.00360E+01 1.08101E-03
 -1       773-1.19544E+00 2.00004E+01 1.96424E+00
 -1       774-1.23126E+00 2.00005E+01 1.98204E+00
 -1       775-1.20456E+00 1.99996E+01 2.03576E+00
 -1       776-1.16874E+00 1.99995E+01 2.01796E+00
 -1       781-1.19898E+00 1.99661E+01 1.98766E+00
 -1       782-1.19995E+00 1.99984E+01 1.96398E+00
 -1       783-1.20102E+00 2.00339E+01 2.01234E+00
 -1       784-1.20005E+00 2.00016E+01 2.03602E+00
 -1       789-1.23303E+00 1.99855E+01 1.99957E+00
 -1       790-1.19936E+00 1.99640E+01 1.99892E+00
 -1       791-1.16697E+00 2.00145E+01 2.00043E+00
 -1       792-1.20064E+00 2.00360E+01 2.00108E+00
 -1       823 1.20434E+00 2.00001E+01 1.96421E+00
 -1       824 1.16863E+00 1.99998E+01 1.98222E+00
 -1       825 1.19566E+00 1.99999E+01 2.03579E+00
 -1       826 1.23137E+00 2.00002E+01 2.01778E+00
 -1       831 1.19898E+00 1.99659E+01 1.98832E+00
 -1       832 1.19993E+00 1.99977E+01 1.96402E+00
 -1       833 1.20102E+00 2.00341E+01 2.01168E+00
 -1       834 1.20007E+00 2.00023E+01 2.03598E+00
 -1       839 1.16646E+00 1.99868E+01 2.00040E+00
 -1       840 1.19931E+00 1.99640E+01 2.00108E+00
 -1       841 1.23354E+00 2.00132E+01 1.99960E+00
 -1       842 1.20069E+00 2.00360E+01 1.99892E+00
 -1       873-1.19493E+00 2.99991E+01-3.56867E-02
 -1       874-1.23100E+00 3.00000E+01-1.84119E-02
 -1       875-1.20507E+00 3.00009E+01 3.56867E-02
 -1       876-1.16900E+00 3.00000E+01 1.84119E-02
 -1       881-1.20000E+00 2.99660E+01-1.20000E-02
 -1       882-1.20000E+00 2.99980E+01-3.60000E-02
 -1       883-1.20000E+00 3.00340E+01 1.20000E-02
 -1       884-1.20000E+00 3.00020E+01 3.60000E-02
 -1       889-1.23328E+00 2.99861E+01 0.00000E+00
 -1       890-1.20000E+00 2.99639E+01 0.00000E+00
 -1       891-1.16672E+00 3.00139E+01 0.00000E+00
 -1       892-1.20000E+00 3.00361E+01 0.00000E+00
 -1       923 1.20427E+00 2.99998E+01-3.58012E-02
 -1       924 1.16860E+00 2.99994E+01-1.77075E-02
 -1       925 1.19573E+00 3.00002E+01 3.58012E-02
 -1       926 1.23140E+00 3.00006E+01 1.77075E-02
 -1       931 1.20000E+00 2.99660E+01-1.20000E-02
 -1       932 1.20000E+00 2.99980E+01-3.60000E-02
 -1       933 1.20000E+00 3.00340E+01 1.20000E-02
 -1       934 1.20000E+00 3.00020E+01 3.60000E-02
 -1       939 1.16672E+00 2.99861E+01 0.00000E+00
 -1       940 1.20000E+00 2.99639E+01 0.00000E+00
 -1       941 1.23328E+00 3.00139E+01 0.00000E+00
 -1       942 1.20000E+00 3.00361E+01 0.00000E+00
 -1       973-1.19527E+00 3.00002E+01 1.96426E+00
 -1       974-1.23117E+00 3.00006E+01 1.98189E+00
 -1       975-1.20473E+00 2.99998E+01 2.03574E+00
 -1       976-1.16883E+00 2.99994E+01 2.01811E+00
 -1       981-1.20000E+00 2.99660E+01 1.98800E+00
 -1       982-1.20000E+00 2.99980E+01 1.96400E+00
 -1       983-1.20000E+00 3.00340E+01 2.01200E+00
 -1       984-1.20000E+00 3.00020E+01 2.03600E+00
 -1       989-1.23328E+00 2.99861E+01 2.00000E+00
 -1       990-1.20000E+00 2.99639E+01 2.00000E+00
 -1       991-1.16672E+00 3.00139E+01 2.00000E+00
 -1       992-1.20000E+00 3.00361E+01 2.00000E+00
 -1      1023 1.20390E+00 3.00009E+01 1.96417E+00
 -1      1024 1.16842E+00 2.99999E+01 1.98261E+00
 -1      1025 1.19610E+00 2.99991E+01 2.03583E+00
 -1      1026 1.23158E+00 3.00001E+01 2.01739E+00
 -1      1031 1.20000E+00 2.99660E+01 1.98800E+00
 -1      1032 1.20000E+00 2.99980E+01 1.96400E+00
 -1      1033 1.20000E+00 3.00340E+01 2.01200E+00
 -1      1034 1.20000E+00 3.00020E+01 2.03600E+00
 -1      1039 1.16672E+00 2.99861E+01 2.00000E+00
 -1      1040 1.20000E+00 2.99639E+01 2.00000E+00
 -1      1041 1.23328E+00 3.00139E+01 2.00000E+00
 -1      1042 1.20000E+00 3.00361E+01 2.00000E+00
 -1      1073-1.19619E+00 3.99995E+01-3.58508E-02
 -1      1074-1.23161E+00 3.99985E+01-1.72858E-02
 -1      1075-1.20381E+00 4.00005E+01 3.58508E-02
 -1      1076-1.16839E+00 4.00015E+01 1.72858E-02
 -1      1081-1.20102E+00 3.99659E+01-1.16828E-02
 -1      1082-1.20007E+00 3.99977E+01-3.59798E-02
 -1      1083-1.19898E+00 4.00341E+01 1.16828E-02
 -1      1084-1.19993E+00 4.00023E+01 3.59798E-02
 -1      1089-1.23354E+00 3.99868E+01 3.96605E-04
 -1      1090-1.20069E+00 3.99640E+01 1.08098E-03
 -1      1091-1.16646E+00 4.00132E+01-3.96605E-04
 -1      1092-1.19931E+00 4.00360E+01-1.08098E-03
 -1      1097-1.19213E+00 3.99981E+01-3.51366E-02
 -1      1098-1.22912E+00 4.00036E+01-2.09461E-02
 -1      1099-1.20787E+00 4.00019E+01 3.51366E-02
 -1      1100-1.17088E+00 3.99964E+01 2.09461E-02
 -1      1139 1.20436E+00 3.99995E+01-3.57875E-02
 -1      1140 1.16864E+00 3.99993E+01-1.77829E-02
 -1      1141 1.19564E+00 4.00005E+01 3.57875E-02
 -1      1142 1.23136E+00 4.00007E+01 1.77829E-02
 -1      1147 1.20102E+00 3.99661E+01-1.23355E-02
 -1      1148 1.20005E+00 3.99984E+01-3.60180E-02
 -1      1149 1.19898E+00 4.00339E+01 1.23355E-02
 -1      1150 1.19995E+00 4.00016E+01 3.60180E-02
 -1      1155 1.16697E+00 3.99855E+01-4.33494E-04
 -1      1156 1.20064E+00 3.99640E+01-1.08101E-03
 -1      1157 1.23303E+00 4.00145E+01 4.33494E-04
 -1      1158 1.19936E+00 4.00360E+01 1.08101E-03
 -1      1189-1.19664E+00 4.00008E+01 1.96411E+00
 -1      1190-1.23182E+00 3.99991E+01 1.98307E+00
 -1      1191-1.20336E+00 3.99992E+01 2.03589E+00
 -1      1192-1.16818E+00 4.00009E+01 2.01693E+00
 -1      1197-1.19898E+00 3.99661E+01 1.98766E+00
 -1      1198-1.19995E+00 3.99984E+01 1.96398E+00
 -1      1199-1.20102E+00 4.00339E+01 2.01234E+00
 -1      1200-1.20005E+00 4.00016E+01 2.03602E+00
 -1      1205-1.23303E+00 3.99855E+01 1.99957E+00
 -1      1206-1.19936E+00 3.99640E+01 1.99892E+00
 -1      1207-1.16697E+00 4.00145E+01 2.00043E+00
 -1      1208-1.20064E+00 4.00360E+01 2.00108E+00
 -1      1213-1.19292E+00 3.99970E+01 1.96477E+00
 -1      1214-1.22977E+00 4.00014E+01 1.97970E+00
 -1      1215-1.20708E+00 4.00030E+01 2.03523E+00
 -1      1216-1.17023E+00 3.99986E+01 2.02030E+00
 -1      1255 1.20401E+00 4.00006E+01 1.96417E+00
 -1      1256 1.16847E+00 3.99998E+01 1.98251E+00
 -1      1257 1.19599E+00 3.99994E+01 2.03583E+00
 -1      1258 1.23153E+00 4.00002E+01 2.01749E+00
 -1      1263 1.19898E+00 3.99659E+01 1.98832E+00
 -1      1264 1.19993E+00 3.99977E+01 1.96402E+00
 -1      1265 1.20102E+00 4.00341E+01 2.01168E+00
 -1      1266 1.20007E+00 4.00023E+01 2.03598E+00
 -1      1271 1.16646E+00 3.99868E+01 2.00040E+00
 -1      1272 1.19931E+00 3.99640E+01 2.00108E+00
 -1      1273 1.23354E+00 4.00132E+01 1.99960E+00
 -1      1274 1.20069E+00 4.00360E+01 1.99892E+00
 -1      1305-1.19611E+00 4.99979E+01-3.57828E-02
 -1      1306-1.23152E+00 4.99968E+01-1.72113E-02
 -1      1307-1.20389E+00 5.00021E+01 3.57828E-02
 -1      1308-1.16848E+00 5.00032E+01 1.72113E-02
 -1      1313-1.20157E+00 4.99659E+01-1.15220E-02
 -1      1314-1.20011E+00 4.99975E+01-3.59684E-02
 -1      1315-1.19843E+00 5.00341E+01 1.15220E-02
 -1      1316-1.19989E+00 5.00025E+01 3.59684E-02
 -1      1321-1.23368E+00 4.99872E+01 5.90072E-04
 -1      1322-1.20108E+00 4.99640E+01 1.65325E-03
 -1      1323-1.16632E+00 5.00128E+01-5.90072E-04
 -1      1324-1.19892E+00 5.00360E+01-1.65325E-03
 -1      1355 1.20661E+00 4.99962E+01-3.52441E-02
 -1      1356 1.16989E+00 5.00001E+01-1.98375E-02
 -1      1357 1.19339E+00 5.00038E+01 3.52441E-02
 -1      1358 1.23011E+00 4.99999E+01 1.98375E-02
 -1      1363 1.20155E+00 4.99662E+01-1.25208E-02
 -1      1364 1.20007E+00 4.99986E+01-3.60265E-02
 -1      1365 1.19845E+00 5.00338E+01 1.25208E-02
 -1      1366 1.19993E+00 5.00014E+01 3.60265E-02
 -1      1371 1.16710E+00 4.99853E+01-6.76580E-04
 -1      1372 1.20096E+00 4.99640E+01-1.65341E-03
 -1      1373 1.23290E+00 5.00147E+01 6.76580E-04
 -1      1374 1.19904E+00 5.00360E+01 1.65341E-03
 -1      1405-1.19823E+00 5.00035E+01 1.96416E+00
 -1      1406-1.23249E+00 4.99994E+01 1.98438E+00
 -1      1407-1.20177E+00 4.99965E+01 2.03584E+00
 -1      1408-1.16751E+00 5.00006E+01 2.01562E+00
 -1      1413-1.19845E+00 4.99662E+01 1.98748E+00
 -1      1414-1.19993E+00 4.99986E+01 1.96397E+00
 -1      1415-1.20155E+00 5.00338E+01 2.01252E+00
 -1      1416-1.20007E+00 5.00014E+01 2.03603E+00
 -1      1421-1.23290E+00 4.99853E+01 1.99932E+00
 -1      1422-1.19904E+00 4.99640E+01 1.99835E+00
 -1      1423-1.16710E+00 5.00147E+01 2.00068E+00
 -1      1424-1.20096E+00 5.00360E+01 2.00165E+00
 -1      1455 1.20516E+00 5.00020E+01 1.96437E+00
 -1      1456 1.16912E+00 5.00032E+01 1.98168E+00
 -1      1457 1.19484E+00 4.99980E+01 2.03563E+00
 -1      1458 1.23088E+00 4.99968E+01 2.01832E+00
 -1      1463 1.19843E+00 4.99659E+01 1.98848E+00
 -1      1464 1.19989E+00 4.99975E+01 1.96403E+00
 -1      1465 1.20157E+00 5.00341E+01 2.01152E+00
 -1      1466 1.20011E+00 5.00025E+01 2.03597E+00
 -1      1471 1.16632E+00 4.99872E+01 2.00059E+00
 -1      1472 1.19892E+00 4.99640E+01 2.00165E+00
 -1      1473 1.23368E+00 5.00128E+01 1.99941E+00
 -1      1474 1.20108E+00 5.00360E+01 1.99835E+00
 -1      1505-1.19553E+00 1.50000E+01-1.85778E-01
 -1      1506-1.23131E+00 1.50000E+01-1.67883E-01
 -1      1507-1.20447E+00 1.50000E+01-1.14222E-01
 -1      1508-1.16869E+00 1.50000E+01-1.32117E-01
 -1      1513 1.20447E+00 1.50000E+01 1.14222E-01
 -1      1514 1.16869E+00 1.50000E+01 1.32117E-01
 -1      1515 1.19553E+00 1.50000E+01 1.85778E-01
 -1      1516 1.23131E+00 1.50000E+01 1.67883E-01
 -1      1521-1.19553E+00 1.50000E+01 1.81422E+00
 -1      1522-1.23131E+00 1.50000E+01 1.83212E+00
 -1      1523-1.20447E+00 1.50000E+01 1.88578E+00
 -1      1524-1.16869E+00 1.50000E+01 1.86788E+00
 -1      1529 1.20447E+00 1.50000E+01 2.11422E+00
 -1      1530 1.16869E+00 1.50000E+01 2.13212E+00
 -1      1531 1.19553E+00 1.50000E+01 2.18578E+00
 -1      1532 1.23131E+00 1.50000E+01 2.16788E+00
 -1      1537-1.19510E+00 3.12485E+01-9.30910E-02
 -1      1538-1.23109E+00 3.12492E+01-7.56508E-02
 -1      1539-1.20490E+00 3.12515E+01-2.17140E-02
 -1      1540-1.16891E+00 3.12508E+01-3.91543E-02
 -1      1545-1.19519E+00 3.24988E+01-1.41781E-01
 -1      1546-1.23114E+00 3.24994E+01-1.24237E-01
 -1      1547-1.20481E+00 3.25012E+01-7.03511E-02
 -1      1548-1.16886E+00 3.25006E+01-8.78954E-02
 -1      1553-1.19534E+00 3.37494E+01-1.74330E-01
 -1      1554-1.23121E+00 3.37497E+01-1.56628E-01
 -1      1555-1.20466E+00 3.37506E+01-1.02834E-01
 -1      1556-1.16879E+00 3.37503E+01-1.20535E-01
 -1      1561-1.19553E+00 3.50000E+01-1.85777E-01
 -1      1562-1.23131E+00 3.50000E+01-1.67888E-01
 -1      1563-1.20447E+00 3.50000E+01-1.14223E-01
 -1      1564-1.16869E+00 3.50000E+01-1.32112E-01
 -1      1569-1.19572E+00 3.62506E+01-1.74377E-01
 -1      1570-1.23140E+00 3.62503E+01-1.56298E-01
 -1      1571-1.20428E+00 3.62494E+01-1.02787E-01
 -1      1572-1.16860E+00 3.62497E+01-1.20866E-01
 -1      1577-1.19589E+00 3.75012E+01-1.41868E-01
 -1      1578-1.23149E+00 3.75006E+01-1.23626E-01
 -1      1579-1.20411E+00 3.74988E+01-7.02642E-02
 -1      1580-1.16851E+00 3.74994E+01-8.85056E-02
 -1      1585-1.19601E+00 3.87515E+01-9.32042E-02
 -1      1586-1.23154E+00 3.87507E+01-7.48534E-02
 -1      1587-1.20399E+00 3.87485E+01-2.16008E-02
 -1      1588-1.16846E+00 3.87493E+01-3.99517E-02
 -1      1593 1.20399E+00 3.12515E+01 2.16008E-02
 -1      1594 1.16846E+00 3.12507E+01 3.99517E-02
 -1      1595 1.19601E+00 3.12485E+01 9.32042E-02
 -1      1596 1.23154E+00 3.12493E+01 7.48534E-02
 -1      1601 1.20411E+00 3.25012E+01 7.02642E-02
 -1      1602 1.16851E+00 3.25006E+01 8.85056E-02
 -1      1603 1.19589E+00 3.24988E+01 1.41868E-01
 -1      1604 1.23149E+00 3.24994E+01 1.23626E-01
 -1      1609 1.20428E+00 3.37506E+01 1.02787E-01
 -1      1610 1.16860E+00 3.37503E+01 1.20866E-01
 -1      1611 1.19572E+00 3.37494E+01 1.74377E-01
 -1      1612 1.23140E+00 3.37497E+01 1.56298E-01
 -1      1617 1.20447E+00 3.50000E+01 1.14223E-01
 -1      1618 1.16869E+00 3.50000E+01 1.32112E-01
 -1      1619 1.19553E+00 3.50000E+01 1.85777E-01
 -1      1620 1.23131E+00 3.50000E+01 1.67888E-01
 -1      1625 1.20466E+00 3.62494E+01 1.02834E-01
 -1      1626 1.16879E+00 3.62497E+01 1.20535E-01
 -1      1627 1.19534E+00 3.62506E+01 1.74330E-01
 -1      1628 1.23121E+00 3.62503E+01 1.56628E-01
 -1      1633 1.20481E+00 3.74988E+01 7.03511E-02
 -1      1634 1.16886E+00 3.74994E+01 8.78954E-02
 -1      1635 1.19519E+00 3.75012E+01 1.41781E-01
 -1      1636 1.23114E+00 3.75006E+01 1.24237E-01
 -1      1641 1.20490E+00 3.87485E+01 2.17140E-02
 -1      1642 1.16891E+00 3.87492E+01 3.91543E-02
 -1      1643 1.19510E+00 3.87515E+01 9.30910E-02
 -1      1644 1.23109E+00 3.87508E+01 7.56508E-02
 -1      1649-1.19510E+00 3.12485E+01 1.90691E+00
 -1      1650-1.23109E+00 3.12492E+01 1.92435E+00
 -1      1651-1.20490E+00 3.12515E+01 1.97829E+00
 -1      1652-1.16891E+00 3.12508E+01 1.96085E+00
 -1      1657-1.19519E+00 3.24988E+01 1.85822E+00
 -1      1658-1.23114E+00 3.24994E+01 1.87576E+00
 -1      1659-1.20481E+00 3.25012E+01 1.92965E+00
 -1      1660-1.16886E+00 3.25006E+01 1.91210E+00
 -1      1665-1.19534E+00 3.37494E+01 1.82567E+00
 -1      1666-1.23121E+00 3.37497E+01 1.84337E+00
 -1      1667-1.20466E+00 3.37506E+01 1.89717E+00
 -1      1668-1.16879E+00 3.37503E+01 1.87946E+00
 -1      1673-1.19553E+00 3.50000E+01 1.81422E+00
 -1      1674-1.23131E+00 3.50000E+01 1.83211E+00
 -1      1675-1.20447E+00 3.50000E+01 1.88578E+00
 -1      1676-1.16869E+00 3.50000E+01 1.86789E+00
 -1      1681-1.19572E+00 3.62506E+01 1.82562E+00
 -1      1682-1.23140E+00 3.62503E+01 1.84370E+00
 -1      1683-1.20428E+00 3.62494E+01 1.89721E+00
 -1      1684-1.16860E+00 3.62497E+01 1.87913E+00
 -1      1689-1.19589E+00 3.75012E+01 1.85813E+00
 -1      1690-1.23149E+00 3.75006E+01 1.87637E+00
 -1      1691-1.20411E+00 3.74988E+01 1.92974E+00
 -1      1692-1.16851E+00 3.74994E+01 1.91149E+00
 -1      1697-1.19601E+00 3.87515E+01 1.90680E+00
 -1      1698-1.23154E+00 3.87507E+01 1.92515E+00
 -1      1699-1.20399E+00 3.87485E+01 1.97840E+00
 -1      1700-1.16846E+00 3.87493E+01 1.96005E+00
 -1      1705 1.20399E+00 3.12515E+01 2.02160E+00
 -1      1706 1.16846E+00 3.12507E+01 2.03995E+00
 -1      1707 1.19601E+00 3.12485E+01 2.09320E+00
 -1      1708 1.23154E+00 3.12493E+01 2.07485E+00
 -1      1713 1.20411E+00 3.25012E+01 2.07026E+00
 -1      1714 1.16851E+00 3.25006E+01 2.08851E+00
 -1      1715 1.19589E+00 3.24988E+01 2.14187E+00
 -1      1716 1.23149E+00 3.24994E+01 2.12363E+00
 -1      1721 1.20428E+00 3.37506E+01 2.10279E+00
 -1      1722 1.16860E+00 3.37503E+01 2.12087E+00
 -1      1723 1.19572E+00 3.37494E+01 2.17438E+00
 -1      1724 1.23140E+00 3.37497E+01 2.15630E+00
 -1      1729 1.20447E+00 3.50000E+01 2.11422E+00
 -1      1730 1.16869E+00 3.50000E+01 2.13211E+00
 -1      1731 1.19553E+00 3.50000E+01 2.18578E+00
 -1      1732 1.23131E+00 3.50000E+01 2.16789E+00
 -1      1737 1.20466E+00 3.62494E+01 2.10283E+00
 -1      1738 1.16879E+00 3.62497E+01 2.12054E+00
 -1      1739 1.19534E+00 3.62506E+01 2.17433E+00
 -1      1740 1.23121E+00 3.62503E+01 2.15663E+00
 -1      1745 1.20481E+00 3.74988E+01 2.07035E+00
 -1      1746 1.16886E+00 3.74994E+01 2.08790E+00
 -1      1747 1.19519E+00 3.75012E+01 2.14178E+00
 -1      1748 1.23114E+00 3.75006E+01 2.12424E+00
 -1      1753 1.20490E+00 3.87485E+01 2.02171E+00
 -1      1754 1.16891E+00 3.87492E+01 2.03915E+00
 -1      1755 1.19510E+00 3.87515E+01 2.09309E+00
 -1      1756 1.23109E+00 3.87508E+01 2.07565E+00
 -1      1761-1.19522E+00 4.24989E+01-1.41787E-01
 -1      1762-1.23115E+00 4.24995E+01-1.24216E-01
 -1      1763-1.20478E+00 4.25011E+01-7.03450E-02
 -1      1764-1.16885E+00 4.25005E+01-8.79159E-02
 -1      1769-1.19553E+00 4.50000E+01-1.85777E-01
 -1      1770-1.23131E+00 4.50000E+01-1.67887E-01
 -1      1771-1.20447E+00 4.50000E+01-1.14223E-01
 -1      1772-1.16869E+00 4.50000E+01-1.32113E-01
 -1      1777-1.19586E+00 4.75011E+01-1.41867E-01
 -1      1778-1.23147E+00 4.75005E+01-1.23652E-01
 -1      1779-1.20414E+00 4.74989E+01-7.02647E-02
 -1      1780-1.16853E+00 4.74995E+01-8.84797E-02
 -1      1785 1.20414E+00 4.25011E+01 7.02647E-02
 -1      1786 1.16853E+00 4.25005E+01 8.84797E-02
 -1      1787 1.19586E+00 4.24989E+01 1.41867E-01
 -1      1788 1.23147E+00 4.24995E+01 1.23652E-01
 -1      1793 1.20447E+00 4.50000E+01 1.14223E-01
 -1      1794 1.16869E+00 4.50000E+01 1.32113E-01
 -1      1795 1.19553E+00 4.50000E+01 1.85777E-01
 -1      1796 1.23131E+00 4.50000E+01 1.67887E-01
 -1      1801 1.20478E+00 4.74989E+01 7.03450E-02
 -1      1802 1.16885E+00 4.74995E+01 8.79159E-02
 -1      1803 1.19522E+00 4.75011E+01 1.41787E-01
 -1      1804 1.23115E+00 4.75005E+01 1.24216E-01
 -1      1809-1.19522E+00 4.24989E+01 1.85821E+00
 -1      1810-1.23115E+00 4.24995E+01 1.87578E+00
 -1      1811-1.20478E+00 4.25011E+01 1.92966E+00
 -1      1812-1.16885E+00 4.25005E+01 1.91208E+00
 -1      1817-1.19553E+00 4.50000E+01 1.81422E+00
 -1      1818-1.23131E+00 4.50000E+01 1.83211E+00
 -1      1819-1.20447E+00 4.50000E+01 1.88578E+00
 -1      1820-1.16869E+00 4.50000E+01 1.86789E+00
 -1      1825-1.19586E+00 4.75011E+01 1.85813E+00
 -1      1826-1.23147E+00 4.75005E+01 1.87635E+00
 -1      1827-1.20414E+00 4.74989E+01 1.92974E+00
 -1      1828-1.16853E+00 4.74995E+01 1.91152E+00
 -1      1833 1.20414E+00 4.25011E+01 2.07026E+00
 -1      1834 1.16853E+00 4.25005E+01 2.08848E+00
 -1      1835 1.19586E+00 4.24989E+01 2.14187E+00
 -1      1836 1.23147E+00 4.24995E+01 2.12365E+00
 -1      1841 1.20447E+00 4.50000E+01 2.11422E+00
 -1      1842 1.16869E+00 4.50000E+01 2.13211E+00
 -1      1843 1.19553E+00 4.50000E+01 2.18578E+00
 -1      1844 1.23131E+00 4.50000E+01 2.16789E+00
 -1      1849 1.20478E+00 4.74989E+01 2.07034E+00
 -1      1850 1.16885E+00 4.74995E+01 2.08792E+00
 -1      1851 1.19522E+00 4.75011E+01 2.14179E+00
 -1      1852 1.23115E+00 4.75005E+01 2.12422E+00
 -1      1857 0.00000E+00-6.99992E-02-1.20023E-02
 -1      1858 0.00000E+00-3.79975E-02-3.60001E-02
 -1      1859 0.00000E+00-2.00083E-03 1.20023E-02
 -1      1860 0.00000E+00-3.40025E-02 3.60001E-02
 -1      1865 0.00000E+00 2.00083E-03 1.98800E+00
 -1      1866 0.00000E+00 3.40025E-02 1.96400E+00
 -1      1867 0.00000E+00 6.99992E-02 2.01200E+00
 -1      1868 0.00000E+00 3.79975E-02 2.03600E+00
 -1      1873-1.23329E+00 1.61495E-02 1.00000E+00
 -1      1874-1.20002E+00-6.05551E-03 1.00000E+00
 -1      1875-1.16671E+00 4.38505E-02 1.00000E+00
 -1      1876-1.19998E+00 6.60555E-02 1.00000E+00
 -1      1881 1.16671E+00-4.38505E-02 1.00000E+00
 -1      1882 1.19998E+00-6.60555E-02 1.00000E+00
 -1      1883 1.23329E+00-1.61495E-02 1.00000E+00
 -1      1884 1.20002E+00 6.05551E-03 1.00000E+00
 -1      1889 0.00000E+00 9.93000E+00-1.20023E-02
 -1      1890 0.00000E+00 9.96200E+00-3.60001E-02
 -1      1891 0.00000E+00 9.99800E+00 1.20023E-02
 -1      1892 0.00000E+00 9.96600E+00 3.60001E-02
 -1      1897 0.00000E+00 1.00020E+01 1.98800E+00
 -1      1898 0.00000E+00 1.00340E+01 1.96400E+00
 -1      1899 0.00000E+00 1.00700E+01 2.01200E+00
 -1      1900 0.00000E+00 1.00380E+01 2.03600E+00
 -1      1905-1.23329E+00 1.00161E+01 1.00000E+00
 -1      1906-1.20002E+00 9.99394E+00 1.00000E+00
 -1      1907-1.16671E+00 1.00439E+01 1.00000E+00
 -1      1908-1.19998E+00 1.00661E+01 1.00000E+00
 -1      1913 1.16671E+00 9.95615E+00 1.00000E+00
 -1      1914 1.19998E+00 9.93394E+00 1.00000E+00
 -1      1915 1.23329E+00 9.98385E+00 1.00000E+00
 -1      1916 1.20002E+00 1.00061E+01 1.00000E+00
 -1      1921 0.00000E+00 1.99300E+01-1.20023E-02
 -1      1922 0.00000E+00 1.99620E+01-3.60001E-02
 -1      1923 0.00000E+00 1.99980E+01 1.20023E-02
 -1      1924 0.00000E+00 1.99660E+01 3.60001E-02
 -1      1929 0.00000E+00 2.00020E+01 1.98800E+00
 -1      1930 0.00000E+00 2.00340E+01 1.96400E+00
 -1      1931 0.00000E+00 2.00700E+01 2.01200E+00
 -1      1932 0.00000E+00 2.00380E+01 2.03600E+00
 -1      1937-1.23329E+00 2.00161E+01 1.00000E+00
 -1      1938-1.20002E+00 1.99939E+01 1.00000E+00
 -1      1939-1.16671E+00 2.00438E+01 1.00000E+00
 -1      1940-1.19998E+00 2.00661E+01 1.00000E+00
 -1      1945 1.16671E+00 1.99562E+01 1.00000E+00
 -1      1946 1.19998E+00 1.99339E+01 1.00000E+00
 -1      1947 1.23329E+00 1.99839E+01 1.00000E+00
 -1      1948 1.20002E+00 2.00061E+01 1.00000E+00
 -1      1953 0.00000E+00 3.99300E+01-1.20023E-02
 -1      1954 0.00000E+00 3.99620E+01-3.60001E-02
 -1      1955 0.00000E+00 3.99980E+01 1.20023E-02
 -1      1956 0.00000E+00 3.99660E+01 3.60001E-02
 -1      1961 0.00000E+00 4.00020E+01 1.98800E+00
 -1      1962 0.00000E+00 4.00340E+01 1.96400E+00
 -1      1963 0.00000E+00 4.00700E+01 2.01200E+00
 -1      1964 0.00000E+00 4.00380E+01 2.03600E+00
 -1      1969-1.23329E+00 4.00161E+01 1.00000E+00
 -1      1970-1.20002E+00 3.99939E+01 1.00000E+00
 -1      1971-1.16671E+00 4.00438E+01 1.00000E+00
 -1      1972-1.19998E+00 4.00661E+01 1.00000E+00
 -1      1977 1.16671E+00 3.99562E+01 1.00000E+00
 -1      1978 1.19998E+00 3.99339E+01 1.00000E+00
 -1      1979 1.23329E+00 3.99839E+01 1.00000E+00
 -1      1980 1.20002E+00 4.00061E+01 1.00000E+00
 -1      1985-9.01448E-01 4.99521E+01-1.15569E-02
 -1      1986-9.00105E-01 4.99838E+01-3.59710E-02
 -1      1987-8.98552E-01 5.00203E+01 1.15569E-02
 -1      1988-8.99895E-01 4.99887E+01 3.59710E-02
 -1      1993-6.01107E-01 4.99404E+01-1.16576E-02
 -1      1994-6.00077E-01 4.99722E+01-3.59781E-02
 -1      1995-5.98893E-01 5.00086E+01 1.16576E-02
 -1      1996-5.99923E-01 4.99769E+01 3.59781E-02
 -1      2001-3.00599E-01 4.99327E+01-1.18121E-02
 -1      2002-3.00039E-01 4.99645E+01-3.59884E-02
 -1      2003-2.99401E-01 5.00008E+01 1.18121E-02
 -1      2004-2.99961E-01 4.99689E+01 3.59884E-02
 -1      2009 0.00000E+00 4.99300E+01-1.20002E-02
 -1      2010 0.00000E+00 4.99620E+01-3.60000E-02
 -1      2011 0.00000E+00 4.99980E+01 1.20002E-02
 -1      2012 0.00000E+00 4.99660E+01 3.60000E-02
 -1      2017 3.00596E-01 4.99328E+01-1.21945E-02
 -1      2018 3.00032E-01 4.99649E+01-3.60109E-02
 -1      2019 2.99404E-01 5.00007E+01 1.21945E-02
 -1      2020 2.99968E-01 4.99685E+01 3.60109E-02
 -1      2025 6.01099E-01 4.99407E+01-1.23640E-02
 -1      2026 6.00052E-01 4.99729E+01-3.60194E-02
 -1      2027 5.98901E-01 5.00084E+01 1.23640E-02
 -1      2028 5.99948E-01 4.99762E+01 3.60194E-02
 -1      2033 9.01434E-01 4.99524E+01-1.24797E-02
 -1      2034 9.00063E-01 4.99847E+01-3.60247E-02
 -1      2035 8.98566E-01 5.00200E+01 1.24797E-02
 -1      2036 8.99937E-01 4.99877E+01 3.60247E-02
 -1      2041-8.98566E-01 4.99800E+01 1.98752E+00
 -1      2042-8.99937E-01 5.00123E+01 1.96398E+00
 -1      2043-9.01434E-01 5.00476E+01 2.01248E+00
 -1      2044-9.00063E-01 5.00153E+01 2.03602E+00
 -1      2049-5.98901E-01 4.99916E+01 1.98764E+00
 -1      2050-5.99948E-01 5.00238E+01 1.96398E+00
 -1      2051-6.01099E-01 5.00593E+01 2.01236E+00
 -1      2052-6.00052E-01 5.00271E+01 2.03602E+00
 -1      2057-2.99404E-01 4.99993E+01 1.98781E+00
 -1      2058-2.99968E-01 5.00315E+01 1.96399E+00
 -1      2059-3.00596E-01 5.00672E+01 2.01219E+00
 -1      2060-3.00032E-01 5.00351E+01 2.03601E+00
 -1      2065 0.00000E+00 5.00020E+01 1.98800E+00
 -1      2066 0.00000E+00 5.00340E+01 1.96400E+00
 -1      2067 0.00000E+00 5.00700E+01 2.01200E+00
 -1      2068 0.00000E+00 5.00380E+01 2.03600E+00
 -1      2073 2.99401E-01 4.99992E+01 1.98819E+00
 -1      2074 2.99961E-01 5.00311E+01 1.96401E+00
 -1      2075 3.00599E-01 5.00673E+01 2.01181E+00
 -1      2076 3.00039E-01 5.00355E+01 2.03599E+00
 -1      2081 5.98893E-01 4.99914E+01 1.98834E+00
 -1      2082 5.99923E-01 5.00231E+01 1.96402E+00
 -1      2083 6.01107E-01 5.00596E+01 2.01166E+00
 -1      2084 6.00077E-01 5.00278E+01 2.03598E+00
 -1      2089 8.98552E-01 4.99797E+01 1.98844E+00
 -1      2090 8.99895E-01 5.00113E+01 1.96403E+00
 -1      2091 9.01448E-01 5.00479E+01 2.01156E+00
 -1      2092 9.00105E-01 5.00162E+01 2.03597E+00
 -1      2097-1.23365E+00 4.99985E+01 2.50549E-01
 -1      2098-1.20099E+00 4.99755E+01 2.51528E-01
 -1      2099-1.16635E+00 5.00244E+01 2.49451E-01
 -1      2100-1.19901E+00 5.00475E+01 2.48472E-01
 -1      2105-1.23356E+00 5.00080E+01 5.00427E-01
 -1      2106-1.20075E+00 4.99852E+01 5.01170E-01
 -1      2107-1.16644E+00 5.00344E+01 4.99573E-01
 -1      2108-1.19925E+00 5.00572E+01 4.98830E-01
 -1      2113-1.23343E+00 5.00142E+01 7.50237E-01
 -1      2114-1.20040E+00 4.99917E+01 7.50633E-01
 -1      2115-1.16657E+00 5.00412E+01 7.49763E-01
 -1      2116-1.19960E+00 5.00638E+01 7.49367E-01
 -1      2121-1.23328E+00 5.00161E+01 1.00000E+00
 -1      2122-1.20000E+00 4.99939E+01 1.00000E+00
 -1      2123-1.16672E+00 5.00439E+01 1.00000E+00
 -1      2124-1.20000E+00 5.00661E+01 1.00000E+00
 -1      2129-1.23313E+00 5.00135E+01 1.24975E+00
 -1      2130-1.19962E+00 4.99917E+01 1.24937E+00
 -1      2131-1.16687E+00 5.00419E+01 1.25025E+00
 -1      2132-1.20038E+00 5.00638E+01 1.25063E+00
 -1      2137-1.23301E+00 5.00067E+01 1.49953E+00
 -1      2138-1.19931E+00 4.99852E+01 1.49883E+00
 -1      2139-1.16699E+00 5.00357E+01 1.50047E+00
 -1      2140-1.20069E+00 5.00572E+01 1.50117E+00
 -1      2145-1.23293E+00 4.99968E+01 1.74938E+00
 -1      2146-1.19911E+00 4.99755E+01 1.74847E+00
 -1      2147-1.16707E+00 5.00262E+01 1.75062E+00
 -1      2148-1.20089E+00 5.00475E+01 1.75153E+00
 -1      2153 1.16707E+00 4.99738E+01 2.49378E-01
 -1      2154 1.20089E+00 4.99525E+01 2.48472E-01
 -1      2155 1.23293E+00 5.00032E+01 2.50622E-01
 -1      2156 1.19911E+00 5.00245E+01 2.51528E-01
 -1      2161 1.16699E+00 4.99643E+01 4.99529E-01
 -1      2162 1.20069E+00 4.99428E+01 4.98830E-01
 -1      2163 1.23301E+00 4.99933E+01 5.00471E-01
 -1      2164 1.19931E+00 5.00148E+01 5.01170E-01
 -1      2169 1.16687E+00 4.99581E+01 7.49750E-01
 -1      2170 1.20038E+00 4.99362E+01 7.49367E-01
 -1      2171 1.23313E+00 4.99865E+01 7.50250E-01
 -1      2172 1.19962E+00 5.00083E+01 7.50633E-01
 -1      2177 1.16672E+00 4.99561E+01 1.00000E+00
 -1      2178 1.20000E+00 4.99339E+01 1.00000E+00
 -1      2179 1.23328E+00 4.99839E+01 1.00000E+00
 -1      2180 1.20000E+00 5.00061E+01 1.00000E+00
 -1      2185 1.16657E+00 4.99588E+01 1.25024E+00
 -1      2186 1.19960E+00 4.99362E+01 1.25063E+00
 -1      2187 1.23343E+00 4.99858E+01 1.24976E+00
 -1      2188 1.20040E+00 5.00083E+01 1.24937E+00
 -1      2193 1.16644E+00 4.99656E+01 1.50043E+00
 -1      2194 1.19925E+00 4.99428E+01 1.50117E+00
 -1      2195 1.23356E+00 4.99920E+01 1.49957E+00
 -1      2196 1.20075E+00 5.00148E+01 1.49883E+00
 -1      2201 1.16635E+00 4.99756E+01 1.75055E+00
 -1      2202 1.19901E+00 4.99525E+01 1.75153E+00
 -1      2203 1.23365E+00 5.00015E+01 1.74945E+00
 -1      2204 1.20099E+00 5.00245E+01 1.74847E+00
 -1      2209-1.19777E+00 2.52721E+00 3.58451E-01
 -1      2210-1.23236E+00 2.52386E+00 3.78258E-01
 -1      2211-1.20223E+00 2.51522E+00 4.29417E-01
 -1      2212-1.16764E+00 2.51856E+00 4.09610E-01
 -1      2217-1.19829E+00 5.03706E+00 8.14685E-01
 -1      2218-1.23259E+00 5.03303E+00 8.34866E-01
 -1      2219-1.20171E+00 5.02294E+00 8.85315E-01
 -1      2220-1.16741E+00 5.02697E+00 8.65134E-01
 -1      2225-1.19884E+00 7.52934E+00 1.35882E+00
 -1      2226-1.23282E+00 7.52458E+00 1.37939E+00
 -1      2227-1.20116E+00 7.51309E+00 1.42904E+00
 -1      2228-1.16718E+00 7.51785E+00 1.40848E+00
 -1      2233-1.19407E+00 2.51529E+00 1.57100E+00
 -1      2234-1.23055E+00 2.51802E+00 1.58719E+00
 -1      2235-1.20593E+00 2.52714E+00 1.64113E+00
 -1      2236-1.16945E+00 2.52440E+00 1.62495E+00
 -1      2241-1.19388E+00 5.02303E+00 1.11516E+00
 -1      2242-1.23044E+00 5.02621E+00 1.13106E+00
 -1      2243-1.20612E+00 5.03697E+00 1.18484E+00
 -1      2244-1.16956E+00 5.03379E+00 1.16894E+00
 -1      2249-1.19370E+00 7.51321E+00 5.71480E-01
 -1      2250-1.23034E+00 7.51682E+00 5.87095E-01
 -1      2251-1.20630E+00 7.52922E+00 6.40652E-01
 -1      2252-1.16966E+00 7.52560E+00 6.25037E-01
 -1      2257 1.20223E+00 2.52721E+00 3.58451E-01
 -1      2258 1.16764E+00 2.52386E+00 3.78258E-01
 -1      2259 1.19777E+00 2.51522E+00 4.29417E-01
 -1      2260 1.23236E+00 2.51856E+00 4.09610E-01
 -1      2265 1.20171E+00 5.03706E+00 8.14685E-01
 -1      2266 1.16741E+00 5.03303E+00 8.34866E-01
 -1      2267 1.19829E+00 5.02294E+00 8.85315E-01
 -1      2268 1.23259E+00 5.02697E+00 8.65134E-01
 -1      2273 1.20116E+00 7.52934E+00 1.35882E+00
 -1      2274 1.16718E+00 7.52458E+00 1.37939E+00
 -1      2275 1.19884E+00 7.51309E+00 1.42904E+00
 -1      2276 1.23282E+00 7.51785E+00 1.40848E+00
 -1      2281 1.20593E+00 2.51529E+00 1.57100E+00
 -1      2282 1.16945E+00 2.51802E+00 1.58719E+00
 -1      2283 1.19407E+00 2.52714E+00 1.64113E+00
 -1      2284 1.23055E+00 2.52440E+00 1.62495E+00
 -1      2289 1.20612E+00 5.02303E+00 1.11516E+00
 -1      2290 1.16956E+00 5.02621E+00 1.13106E+00
 -1      2291 1.19388E+00 5.03697E+00 1.18484E+00
 -1      2292 1.23044E+00 5.03379E+00 1.16894E+00
 -1      2297 1.20630E+00 7.51321E+00 5.71480E-01
 -1      2298 1.16966E+00 7.51682E+00 5.87095E-01
 -1      2299 1.19370E+00 7.52922E+00 6.40652E-01
 -1      2300 1.23034E+00 7.52560E+00 6.25037E-01
 -1      2305-4.83328E-01 2.47166E+00-3.43393E-02
 -1      2306-5.20442E-01 2.48175E+00-2.33534E-02
 -1      2307-5.04540E-01 2.47743E+00 3.43393E-02
 -1      2308-4.67426E-01 2.46734E+00 2.33534E-02
 -1      2313 1.59904E-01 4.96162E+00-3.45869E-02
 -1      2314 1.22764E-01 4.97054E+00-2.27046E-02
 -1      2315 1.40096E-01 4.96638E+00 3.45869E-02
 -1      2316 1.77236E-01 4.95746E+00 2.27046E-02
 -1      2321 7.15261E-01 7.47263E+00-3.48107E-02
 -1      2322 6.78146E-01 7.48037E+00-2.20585E-02
 -1      2323 6.96871E-01 7.47646E+00 3.48107E-02
 -1      2324 7.33986E-01 7.46872E+00 2.20585E-02
 -1      2329 4.93632E-01 2.47446E+00-3.60542E-02
 -1      2330 4.61704E-01 2.46578E+00-1.35783E-02
 -1      2331 4.94236E-01 2.47463E+00 3.60542E-02
 -1      2332 5.26164E-01 2.48331E+00 1.35783E-02
 -1      2337-1.49866E-01 4.96403E+00-3.60553E-02
 -1      2338-1.82311E-01 4.95625E+00-1.39944E-02
 -1      2339-1.50134E-01 4.96397E+00 3.60553E-02
 -1      2340-1.17689E-01 4.97175E+00 1.39944E-02
 -1      2345-7.05470E-01 7.47467E+00-3.60504E-02
 -1      2346-7.38413E-01 7.46780E+00-1.44278E-02
 -1      2347-7.06662E-01 7.47442E+00 3.60504E-02
 -1      2348-6.73719E-01 7.48129E+00 1.44278E-02
 -1      2353-4.83328E-01 2.47166E+00 1.96566E+00
 -1      2354-5.20442E-01 2.48175E+00 1.97665E+00
 -1      2355-5.04540E-01 2.47743E+00 2.03434E+00
 -1      2356-4.67426E-01 2.46734E+00 2.02335E+00
 -1      2361 1.59904E-01 4.96162E+00 1.96541E+00
 -1      2362 1.22764E-01 4.97054E+00 1.97730E+00
 -1      2363 1.40096E-01 4.96638E+00 2.03459E+00
 -1      2364 1.77236E-01 4.95746E+00 2.02270E+00
 -1      2369 7.15261E-01 7.47263E+00 1.96519E+00
 -1      2370 6.78146E-01 7.48037E+00 1.97794E+00
 -1      2371 6.96871E-01 7.47646E+00 2.03481E+00
 -1      2372 7.33986E-01 7.46872E+00 2.02206E+00
 -1      2377 4.93632E-01 2.47446E+00 1.96395E+00
 -1      2378 4.61704E-01 2.46578E+00 1.98642E+00
 -1      2379 4.94236E-01 2.47463E+00 2.03605E+00
 -1      2380 5.26164E-01 2.48331E+00 2.01358E+00
 -1      2385-1.49866E-01 4.96403E+00 1.96394E+00
 -1      2386-1.82311E-01 4.95625E+00 1.98601E+00
 -1      2387-1.50134E-01 4.96397E+00 2.03606E+00
 -1      2388-1.17689E-01 4.97175E+00 2.01399E+00
 -1      2393-7.05470E-01 7.47467E+00 1.96395E+00
 -1      2394-7.38413E-01 7.46780E+00 1.98557E+00
 -1      2395-7.06662E-01 7.47442E+00 2.03605E+00
 -1      2396-6.73719E-01 7.48129E+00 2.01443E+00
 -1      2401-1.19757E+00 2.12670E+01 1.57055E-01
 -1      2402-1.23227E+00 2.12640E+01 1.76710E-01
 -1      2403-1.20243E+00 2.12559E+01 2.28140E-01
 -1      2404-1.16773E+00 2.12590E+01 2.08485E-01
 -1      2409-1.19773E+00 2.25271E+01 3.58438E-01
 -1      2410-1.23234E+00 2.25238E+01 3.78214E-01
 -1      2411-1.20227E+00 2.25153E+01 4.29430E-01
 -1      2412-1.16766E+00 2.25186E+01 4.09654E-01
 -1      2417-1.19798E+00 2.37842E+01 5.76000E-01
 -1      2418-1.23245E+00 2.37805E+01 5.95959E-01
 -1      2419-1.20202E+00 2.37713E+01 6.46836E-01
 -1      2420-1.16755E+00 2.37749E+01 6.26877E-01
 -1      2425-1.19828E+00 2.50371E+01 8.14685E-01
 -1      2426-1.23258E+00 2.50330E+01 8.34863E-01
 -1      2427-1.20172E+00 2.50229E+01 8.85315E-01
 -1      2428-1.16742E+00 2.50270E+01 8.65137E-01
 -1      2433-1.19860E+00 2.62854E+01 1.07622E+00
 -1      2434-1.23272E+00 2.62809E+01 1.09662E+00
 -1      2435-1.20140E+00 2.62700E+01 1.14662E+00
 -1      2436-1.16728E+00 2.62745E+01 1.12622E+00
 -1      2441-1.19888E+00 2.75294E+01 1.35884E+00
 -1      2442-1.23284E+00 2.75246E+01 1.37943E+00
 -1      2443-1.20112E+00 2.75130E+01 1.42902E+00
 -1      2444-1.16716E+00 2.75178E+01 1.40843E+00
 -1      2449-1.19908E+00 2.87700E+01 1.65759E+00
 -1      2450-1.23292E+00 2.87650E+01 1.67830E+00
 -1      2451-1.20092E+00 2.87529E+01 1.72761E+00
 -1      2452-1.16708E+00 2.87580E+01 1.70689E+00
 -1      2457-1.19416E+00 2.12560E+01 1.77225E+00
 -1      2458-1.23060E+00 2.12585E+01 1.78856E+00
 -1      2459-1.20584E+00 2.12670E+01 1.84256E+00
 -1      2460-1.16940E+00 2.12644E+01 1.82625E+00
 -1      2465-1.19409E+00 2.25154E+01 1.57098E+00
 -1      2466-1.23056E+00 2.25181E+01 1.58719E+00
 -1      2467-1.20591E+00 2.25271E+01 1.64115E+00
 -1      2468-1.16944E+00 2.25244E+01 1.62494E+00
 -1      2473-1.19399E+00 2.37714E+01 1.35360E+00
 -1      2474-1.23051E+00 2.37743E+01 1.36967E+00
 -1      2475-1.20601E+00 2.37841E+01 1.42356E+00
 -1      2476-1.16949E+00 2.37812E+01 1.40749E+00
 -1      2481-1.19388E+00 2.50230E+01 1.11516E+00
 -1      2482-1.23044E+00 2.50262E+01 1.13106E+00
 -1      2483-1.20612E+00 2.50370E+01 1.18484E+00
 -1      2484-1.16956E+00 2.50338E+01 1.16894E+00
 -1      2489-1.19377E+00 2.62701E+01 8.53886E-01
 -1      2490-1.23038E+00 2.62736E+01 8.69618E-01
 -1      2491-1.20623E+00 2.62853E+01 9.23278E-01
 -1      2492-1.16962E+00 2.62819E+01 9.07546E-01
 -1      2497-1.19368E+00 2.75131E+01 5.71502E-01
 -1      2498-1.23034E+00 2.75168E+01 5.87093E-01
 -1      2499-1.20632E+00 2.75293E+01 6.40630E-01
 -1      2500-1.16966E+00 2.75257E+01 6.25039E-01
 -1      2505-1.19363E+00 2.87531E+01 2.72930E-01
 -1      2506-1.23031E+00 2.87568E+01 2.88429E-01
 -1      2507-1.20637E+00 2.87699E+01 3.41875E-01
 -1      2508-1.16969E+00 2.87661E+01 3.26376E-01
 -1      2513 1.20243E+00 2.12670E+01 1.57055E-01
 -1      2514 1.16773E+00 2.12640E+01 1.76710E-01
 -1      2515 1.19757E+00 2.12559E+01 2.28140E-01
 -1      2516 1.23227E+00 2.12590E+01 2.08485E-01
 -1      2521 1.20227E+00 2.25271E+01 3.58438E-01
 -1      2522 1.16766E+00 2.25238E+01 3.78214E-01
 -1      2523 1.19773E+00 2.25153E+01 4.29430E-01
 -1      2524 1.23234E+00 2.25186E+01 4.09654E-01
 -1      2529 1.20202E+00 2.37842E+01 5.76000E-01
 -1      2530 1.16755E+00 2.37805E+01 5.95959E-01
 -1      2531 1.19798E+00 2.37713E+01 6.46836E-01
 -1      2532 1.23245E+00 2.37749E+01 6.26877E-01
 -1      2537 1.20172E+00 2.50371E+01 8.14685E-01
 -1      2538 1.16742E+00 2.50330E+01 8.34863E-01
 -1      2539 1.19828E+00 2.50229E+01 8.85315E-01
 -1      2540 1.23258E+00 2.50270E+01 8.65137E-01
 -1      2545 1.20140E+00 2.62854E+01 1.07622E+00
 -1      2546 1.16728E+00 2.62809E+01 1.09662E+00
 -1      2547 1.19860E+00 2.62700E+01 1.14662E+00
 -1      2548 1.23272E+00 2.62745E+01 1.12622E+00
 -1      2553 1.20112E+00 2.75294E+01 1.35884E+00
 -1      2554 1.16716E+00 2.75246E+01 1.37943E+00
 -1      2555 1.19888E+00 2.75130E+01 1.42902E+00
 -1      2556 1.23284E+00 2.75178E+01 1.40843E+00
 -1      2561 1.20092E+00 2.87700E+01 1.65759E+00
 -1      2562 1.16708E+00 2.87650E+01 1.67830E+00
 -1      2563 1.19908E+00 2.87529E+01 1.72761E+00
 -1      2564 1.23292E+00 2.87580E+01 1.70689E+00
 -1      2569 1.20584E+00 2.12560E+01 1.77225E+00
 -1      2570 1.16940E+00 2.12585E+01 1.78856E+00
 -1      2571 1.19416E+00 2.12670E+01 1.84256E+00
 -1      2572 1.23060E+00 2.12644E+01 1.82625E+00
 -1      2577 1.20591E+00 2.25154E+01 1.57098E+00
 -1      2578 1.16944E+00 2.25181E+01 1.58719E+00
 -1      2579 1.19409E+00 2.25271E+01 1.64115E+00
 -1      2580 1.23056E+00 2.25244E+01 1.62494E+00
 -1      2585 1.20601E+00 2.37714E+01 1.35360E+00
 -1      2586 1.16949E+00 2.37743E+01 1.36967E+00
 -1      2587 1.19399E+00 2.37841E+01 1.42356E+00
 -1      2588 1.23051E+00 2.37812E+01 1.40749E+00
 -1      2593 1.20612E+00 2.50230E+01 1.11516E+00
 -1      2594 1.16956E+00 2.50262E+01 1.13106E+00
 -1      2595 1.19388E+00 2.50370E+01 1.18484E+00
 -1      2596 1.23044E+00 2.50338E+01 1.16894E+00
 -1      2601 1.20623E+00 2.62701E+01 8.53886E-01
 -1      2602 1.16962E+00 2.62736E+01 8.69618E-01
 -1      2603 1.19377E+00 2.62853E+01 9.23278E-01
 -1      2604 1.23038E+00 2.62819E+01 9.07546E-01
 -1      2609 1.20632E+00 2.75131E+01 5.71502E-01
 -1      2610 1.16966E+00 2.75168E+01 5.87093E-01
 -1      2611 1.19368E+00 2.75293E+01 6.40630E-01
 -1      2612 1.23034E+00 2.75257E+01 6.25039E-01
 -1      2617 1.20637E+00 2.87531E+01 2.72930E-01
 -1      2618 1.16969E+00 2.87568E+01 2.88429E-01
 -1      2619 1.19363E+00 2.87699E+01 3.41875E-01
 -1      2620 1.23031E+00 2.87661E+01 3.26376E-01
 -1      2625-8.31704E-01 2.12331E+01-3.42295E-02
 -1      2626-8.68791E-01 2.12437E+01-2.36225E-02
 -1      2627-8.53491E-01 2.12393E+01 3.42295E-02
 -1      2628-8.16404E-01 2.12288E+01 2.36225E-02
 -1      2633-4.83271E-01 2.24716E+01-3.43179E-02
 -1      2634-5.20380E-01 2.24818E+01-2.34066E-02
 -1      2635-5.04597E-01 2.24775E+01 3.43179E-02
 -1      2636-4.67488E-01 2.24673E+01 2.34066E-02
 -1      2641-1.51102E-01 2.37141E+01-3.44451E-02
 -1      2642-1.88233E-01 2.37237E+01-2.30837E-02
 -1      2643-1.71734E-01 2.37194E+01 3.44451E-02
 -1      2644-1.34603E-01 2.37098E+01 2.30837E-02
 -1      2649 1.59903E-01 2.49616E+01-3.45874E-02
 -1      2650 1.22764E-01 2.49705E+01-2.27035E-02
 -1      2651 1.40097E-01 2.49664E+01 3.45874E-02
 -1      2652 1.77236E-01 2.49575E+01 2.27035E-02
 -1      2657 4.48070E-01 2.62146E+01-3.47212E-02
 -1      2658 4.10939E-01 2.62229E+01-2.23246E-02
 -1      2659 4.29094E-01 2.62188E+01 3.47212E-02
 -1      2660 4.66225E-01 2.62106E+01 2.23246E-02
 -1      2665 7.15201E-01 2.74727E+01-3.48283E-02
 -1      2666 6.78091E-01 2.74803E+01-2.20050E-02
 -1      2667 6.96931E-01 2.74764E+01 3.48283E-02
 -1      2668 7.34041E-01 2.74688E+01 2.20050E-02
 -1      2673 9.66302E-01 2.87345E+01-3.48965E-02
 -1      2674 9.29212E-01 2.87417E+01-2.17923E-02
 -1      2675 9.48503E-01 2.87380E+01 3.48965E-02
 -1      2676 9.85593E-01 2.87307E+01 2.17923E-02
 -1      2681 8.42124E-01 2.12361E+01-3.60521E-02
 -1      2682 8.10413E-01 2.12270E+01-1.34113E-02
 -1      2683 8.43071E-01 2.12364E+01 3.60521E-02
 -1      2684 8.74781E-01 2.12454E+01 1.34113E-02
 -1      2689 4.93597E-01 2.24745E+01-3.60538E-02
 -1      2690 4.61712E-01 2.24657E+01-1.35445E-02
 -1      2691 4.94271E-01 2.24746E+01 3.60538E-02
 -1      2692 5.26156E-01 2.24834E+01 1.35445E-02
 -1      2697 1.61293E-01 2.37167E+01-3.60553E-02
 -1      2698 1.29148E-01 2.37084E+01-1.37478E-02
 -1      2699 1.61544E-01 2.37168E+01 3.60553E-02
 -1      2700 1.93688E-01 2.37251E+01 1.37478E-02
 -1      2705-1.49867E-01 2.49640E+01-3.60553E-02
 -1      2706-1.82312E-01 2.49562E+01-1.39935E-02
 -1      2707-1.50133E-01 2.49640E+01 3.60553E-02
 -1      2708-1.17688E-01 2.49718E+01 1.39935E-02
 -1      2713-4.38181E-01 2.62168E+01-3.60532E-02
 -1      2714-4.70920E-01 2.62096E+01-1.42455E-02
 -1      2715-4.38983E-01 2.62167E+01 3.60532E-02
 -1      2716-4.06244E-01 2.62239E+01 1.42455E-02
 -1      2721-7.05431E-01 2.74747E+01-3.60497E-02
 -1      2722-7.38414E-01 2.74679E+01-1.44640E-02
 -1      2723-7.06701E-01 2.74744E+01 3.60497E-02
 -1      2724-6.73718E-01 2.74812E+01 1.44640E-02
 -1      2729-9.56607E-01 2.87364E+01-3.60464E-02
 -1      2730-9.89751E-01 2.87299E+01-1.46123E-02
 -1      2731-9.58198E-01 2.87361E+01 3.60464E-02
 -1      2732-9.25054E-01 2.87425E+01 1.46123E-02
 -1      2737-8.31704E-01 2.12331E+01 1.96577E+00
 -1      2738-8.68791E-01 2.12437E+01 1.97638E+00
 -1      2739-8.53491E-01 2.12393E+01 2.03423E+00
 -1      2740-8.16404E-01 2.12288E+01 2.02362E+00
 -1      2745-4.83271E-01 2.24716E+01 1.96568E+00
 -1      2746-5.20380E-01 2.24818E+01 1.97659E+00
 -1      2747-5.04597E-01 2.24775E+01 2.03432E+00
 -1      2748-4.67488E-01 2.24673E+01 2.02341E+00
 -1      2753-1.51102E-01 2.37141E+01 1.96555E+00
 -1      2754-1.88233E-01 2.37237E+01 1.97692E+00
 -1      2755-1.71734E-01 2.37194E+01 2.03445E+00
 -1      2756-1.34603E-01 2.37098E+01 2.02308E+00
 -1      2761 1.59903E-01 2.49616E+01 1.96541E+00
 -1      2762 1.22764E-01 2.49705E+01 1.97730E+00
 -1      2763 1.40097E-01 2.49664E+01 2.03459E+00
 -1      2764 1.77236E-01 2.49575E+01 2.02270E+00
 -1      2769 4.48070E-01 2.62146E+01 1.96528E+00
 -1      2770 4.10939E-01 2.62229E+01 1.97768E+00
 -1      2771 4.29094E-01 2.62188E+01 2.03472E+00
 -1      2772 4.66225E-01 2.62106E+01 2.02232E+00
 -1      2777 7.15201E-01 2.74727E+01 1.96517E+00
 -1      2778 6.78091E-01 2.74803E+01 1.97800E+00
 -1      2779 6.96931E-01 2.74764E+01 2.03483E+00
 -1      2780 7.34041E-01 2.74688E+01 2.02200E+00
 -1      2785 9.66302E-01 2.87345E+01 1.96510E+00
 -1      2786 9.29212E-01 2.87417E+01 1.97821E+00
 -1      2787 9.48503E-01 2.87380E+01 2.03490E+00
 -1      2788 9.85593E-01 2.87307E+01 2.02179E+00
 -1      2793 8.42124E-01 2.12361E+01 1.96395E+00
 -1      2794 8.10413E-01 2.12270E+01 1.98659E+00
 -1      2795 8.43071E-01 2.12364E+01 2.03605E+00
 -1      2796 8.74781E-01 2.12454E+01 2.01341E+00
 -1      2801 4.93597E-01 2.24745E+01 1.96395E+00
 -1      2802 4.61712E-01 2.24657E+01 1.98646E+00
 -1      2803 4.94271E-01 2.24746E+01 2.03605E+00
 -1      2804 5.26156E-01 2.24834E+01 2.01354E+00
 -1      2809 1.61293E-01 2.37167E+01 1.96394E+00
 -1      2810 1.29148E-01 2.37084E+01 1.98625E+00
 -1      2811 1.61544E-01 2.37168E+01 2.03606E+00
 -1      2812 1.93688E-01 2.37251E+01 2.01375E+00
 -1      2817-1.49867E-01 2.49640E+01 1.96394E+00
 -1      2818-1.82312E-01 2.49562E+01 1.98601E+00
 -1      2819-1.50133E-01 2.49640E+01 2.03606E+00
 -1      2820-1.17688E-01 2.49718E+01 2.01399E+00
 -1      2825-4.38181E-01 2.62168E+01 1.96395E+00
 -1      2826-4.70920E-01 2.62096E+01 1.98575E+00
 -1      2827-4.38983E-01 2.62167E+01 2.03605E+00
 -1      2828-4.06244E-01 2.62239E+01 2.01425E+00
 -1      2833-7.05431E-01 2.74747E+01 1.96395E+00
 -1      2834-7.38414E-01 2.74679E+01 1.98554E+00
 -1      2835-7.06701E-01 2.74744E+01 2.03605E+00
 -1      2836-6.73718E-01 2.74812E+01 2.01446E+00
 -1      2841-9.56607E-01 2.87364E+01 1.96395E+00
 -1      2842-9.89751E-01 2.87299E+01 1.98539E+00
 -1      2843-9.58198E-01 2.87361E+01 2.03605E+00
 -1      2844-9.25054E-01 2.87425E+01 2.01461E+00
 -1      2849-1.19757E+00 3.12670E+01 1.57055E-01
 -1      2850-1.23227E+00 3.12640E+01 1.76710E-01
 -1      2851-1.20243E+00 3.12559E+01 2.28140E-01
 -1      2852-1.16773E+00 3.12590E+01 2.08485E-01
 -1      2857-1.19773E+00 3.25271E+01 3.58438E-01
 -1      2858-1.23234E+00 3.25238E+01 3.78214E-01
 -1      2859-1.20227E+00 3.25153E+01 4.29430E-01
 -1      2860-1.16766E+00 3.25186E+01 4.09654E-01
 -1      2865-1.19798E+00 3.37842E+01 5.76000E-01
 -1      2866-1.23245E+00 3.37805E+01 5.95959E-01
 -1      2867-1.20202E+00 3.37713E+01 6.46836E-01
 -1      2868-1.16755E+00 3.37749E+01 6.26877E-01
 -1      2873-1.19828E+00 3.50371E+01 8.14685E-01
 -1      2874-1.23258E+00 3.50330E+01 8.34863E-01
 -1      2875-1.20172E+00 3.50229E+01 8.85315E-01
 -1      2876-1.16742E+00 3.50270E+01 8.65137E-01
 -1      2881-1.19860E+00 3.62854E+01 1.07622E+00
 -1      2882-1.23272E+00 3.62809E+01 1.09662E+00
 -1      2883-1.20140E+00 3.62700E+01 1.14662E+00
 -1      2884-1.16728E+00 3.62745E+01 1.12622E+00
 -1      2889-1.19888E+00 3.75294E+01 1.35884E+00
 -1      2890-1.23284E+00 3.75246E+01 1.37943E+00
 -1      2891-1.20112E+00 3.75130E+01 1.42902E+00
 -1      2892-1.16716E+00 3.75178E+01 1.40843E+00
 -1      2897-1.19908E+00 3.87700E+01 1.65759E+00
 -1      2898-1.23292E+00 3.87650E+01 1.67830E+00
 -1      2899-1.20092E+00 3.87529E+01 1.72761E+00
 -1      2900-1.16708E+00 3.87580E+01 1.70689E+00
 -1      2905-1.19416E+00 3.12560E+01 1.77225E+00
 -1      2906-1.23060E+00 3.12585E+01 1.78856E+00
 -1      2907-1.20584E+00 3.12670E+01 1.84256E+00
 -1      2908-1.16940E+00 3.12644E+01 1.82625E+00
 -1      2913-1.19409E+00 3.25154E+01 1.57098E+00
 -1      2914-1.23056E+00 3.25181E+01 1.58719E+00
 -1      2915-1.20591E+00 3.25271E+01 1.64115E+00
 -1      2916-1.16944E+00 3.25244E+01 1.62494E+00
 -1      2921-1.19399E+00 3.37714E+01 1.35360E+00
 -1      2922-1.23051E+00 3.37743E+01 1.36967E+00
 -1      2923-1.20601E+00 3.37841E+01 1.42356E+00
 -1      2924-1.16949E+00 3.37812E+01 1.40749E+00
 -1      2929-1.19388E+00 3.50230E+01 1.11516E+00
 -1      2930-1.23044E+00 3.50262E+01 1.13106E+00
 -1      2931-1.20612E+00 3.50370E+01 1.18484E+00
 -1      2932-1.16956E+00 3.50338E+01 1.16894E+00
 -1      2937-1.19377E+00 3.62701E+01 8.53886E-01
 -1      2938-1.23038E+00 3.62736E+01 8.69618E-01
 -1      2939-1.20623E+00 3.62853E+01 9.23278E-01
 -1      2940-1.16962E+00 3.62819E+01 9.07546E-01
 -1      2945-1.19368E+00 3.75131E+01 5.71502E-01
 -1      2946-1.23034E+00 3.75168E+01 5.87093E-01
 -1      2947-1.20632E+00 3.75293E+01 6.40630E-01
 -1      2948-1.16966E+00 3.75257E+01 6.25039E-01
 -1      2953-1.19363E+00 3.87531E+01 2.72930E-01
 -1      2954-1.23031E+00 3.87568E+01 2.88429E-01
 -1      2955-1.20637E+00 3.87699E+01 3.41875E-01
 -1      2956-1.16969E+00 3.87661E+01 3.26376E-01
 -1      2961 1.20243E+00 3.12670E+01 1.57055E-01
 -1      2962 1.16773E+00 3.12640E+01 1.76710E-01
 -1      2963 1.19757E+00 3.12559E+01 2.28140E-01
 -1      2964 1.23227E+00 3.12590E+01 2.08485E-01
 -1      2969 1.20227E+00 3.25271E+01 3.58438E-01
 -1      2970 1.16766E+00 3.25238E+01 3.78214E-01
 -1      2971 1.19773E+00 3.25153E+01 4.29430E-01
 -1      2972 1.23234E+00 3.25186E+01 4.09654E-01
 -1      2977 1.20202E+00 3.37842E+01 5.76000E-01
 -1      2978 1.16755E+00 3.37805E+01 5.95959E-01
 -1      2979 1.19798E+00 3.37713E+01 6.46836E-01
 -1      2980 1.23245E+00 3.37749E+01 6.26877E-01
 -1      2985 1.20172E+00 3.50371E+01 8.14685E-01
 -1      2986 1.16742E+00 3.50330E+01 8.34863E-01
 -1      2987 1.19828E+00 3.50229E+01 8.85315E-01
 -1      2988 1.23258E+00 3.50270E+01 8.65137E-01
 -1      2993 1.20140E+00 3.62854E+01 1.07622E+00
 -1      2994 1.16728E+00 3.62809E+01 1.09662E+00
 -1      2995 1.19860E+00 3.62700E+01 1.14662E+00
 -1      2996 1.23272E+00 3.62745E+01 1.12622E+00
 -1      3001 1.20112E+00 3.75294E+01 1.35884E+00
 -1      3002 1.16716E+00 3.75246E+01 1.37943E+00
 -1      3003 1.19888E+00 3.75130E+01 1.42902E+00
 -1      3004 1.23284E+00 3.75178E+01 1.40843E+00
 -1      3009 1.20092E+00 3.87700E+01 1.65759E+00
 -1      3010 1.16708E+00 3.87650E+01 1.67830E+00
 -1      3011 1.19908E+00 3.87529E+01 1.72761E+00
 -1      3012 1.23292E+00 3.87580E+01 1.70689E+00
 -1      3017 1.20584E+00 3.12560E+01 1.77225E+00
 -1      3018 1.16940E+00 3.12585E+01 1.78856E+00
 -1      3019 1.19416E+00 3.12670E+01 1.84256E+00
 -1      3020 1.23060E+00 3.12644E+01 1.82625E+00
 -1      3025 1.20591E+00 3.25154E+01 1.57098E+00
 -1      3026 1.16944E+00 3.25181E+01 1.58719E+00
 -1      3027 1.19409E+00 3.25271E+01 1.64115E+00
 -1      3028 1.23056E+00 3.25244E+01 1.62494E+00
 -1      3033 1.20601E+00 3.37714E+01 1.35360E+00
 -1      3034 1.16949E+00 3.37743E+01 1.36967E+00
 -1      3035 1.19399E+00 3.37841E+01 1.42356E+00
 -1      3036 1.23051E+00 3.37812E+01 1.40749E+00
 -1      3041 1.20612E+00 3.50230E+01 1.11516E+00
 -1      3042 1.16956E+00 3.50262E+01 1.13106E+00
 -1      3043 1.19388E+00 3.50370E+01 1.18484E+00
 -1      3044 1.23044E+00 3.50338E+01 1.16894E+00
 -1      3049 1.20623E+00 3.62701E+01 8.53886E-01
 -1      3050 1.16962E+00 3.62736E+01 8.69618E-01
 -1      3051 1.19377E+00 3.62853E+01 9.23278E-01
 -1      3052 1.23038E+00 3.62819E+01 9.07546E-01
 -1      3057 1.20632E+00 3.75131E+01 5.71502E-01
 -1      3058 1.16966E+00 3.75168E+01 5.87093E-01
 -1      3059 1.19368E+00 3.75293E+01 6.40630E-01
 -1      3060 1.23034E+00 3.75257E+01 6.25039E-01
 -1      3065 1.20637E+00 3.87531E+01 2.72930E-01
 -1      3066 1.16969E+00 3.87568E+01 2.88429E-01
 -1      3067 1.19363E+00 3.87699E+01 3.41875E-01
 -1      3068 1.23031E+00 3.87661E+01 3.26376E-01
 -1      3073-8.31704E-01 3.12331E+01-3.42295E-02
 -1      3074-8.68791E-01 3.12437E+01-2.36225E-02
 -1      3075-8.53491E-01 3.12393E+01 3.42295E-02
 -1      3076-8.16404E-01 3.12288E+01 2.36225E-02
 -1      3081-4.83271E-01 3.24716E+01-3.43179E-02
 -1      3082-5.20380E-01 3.24818E+01-2.34066E-02
 -1      3083-5.04597E-01 3.24775E+01 3.43179E-02
 -1      3084-4.67488E-01 3.24673E+01 2.34066E-02
 -1      3089-1.51102E-01 3.37141E+01-3.44451E-02
 -1      3090-1.88233E-01 3.37237E+01-2.30837E-02
 -1      3091-1.71734E-01 3.37194E+01 3.44451E-02
 -1      3092-1.34603E-01 3.37098E+01 2.30837E-02
 -1      3097 1.59903E-01 3.49616E+01-3.45874E-02
 -1      3098 1.22764E-01 3.49705E+01-2.27035E-02
 -1      3099 1.40097E-01 3.49664E+01 3.45874E-02
 -1      3100 1.77236E-01 3.49575E+01 2.27035E-02
 -1      3105 4.48070E-01 3.62146E+01-3.47212E-02
 -1      3106 4.10939E-01 3.62229E+01-2.23246E-02
 -1      3107 4.29094E-01 3.62188E+01 3.47212E-02
 -1      3108 4.66225E-01 3.62106E+01 2.23246E-02
 -1      3113 7.15201E-01 3.74727E+01-3.48283E-02
 -1      3114 6.78091E-01 3.74803E+01-2.20050E-02
 -1      3115 6.96931E-01 3.74764E+01 3.48283E-02
 -1      3116 7.34041E-01 3.74688E+01 2.20050E-02
 -1      3121 9.66302E-01 3.87345E+01-3.48965E-02
 -1      3122 9.29212E-01 3.87417E+01-2.17923E-02
 -1      3123 9.48503E-01 3.87380E+01 3.48965E-02
 -1      3124 9.85593E-01 3.87307E+01 2.17923E-02
 -1      3129 8.42124E-01 3.12361E+01-3.60521E-02
 -1      3130 8.10413E-01 3.12270E+01-1.34113E-02
 -1      3131 8.43071E-01 3.12364E+01 3.60521E-02
 -1      3132 8.74781E-01 3.12454E+01 1.34113E-02
 -1      3137 4.93597E-01 3.24745E+01-3.60538E-02
 -1      3138 4.61712E-01 3.24657E+01-1.35445E-02
 -1      3139 4.94271E-01 3.24746E+01 3.60538E-02
 -1      3140 5.26156E-01 3.24834E+01 1.35445E-02
 -1      3145 1.61293E-01 3.37167E+01-3.60553E-02
 -1      3146 1.29148E-01 3.37084E+01-1.37478E-02
 -1      3147 1.61544E-01 3.37168E+01 3.60553E-02
 -1      3148 1.93688E-01 3.37251E+01 1.37478E-02
 -1      3153-1.49867E-01 3.49640E+01-3.60553E-02
 -1      3154-1.82312E-01 3.49562E+01-1.39935E-02
 -1      3155-1.50133E-01 3.49640E+01 3.60553E-02
 -1      3156-1.17688E-01 3.49718E+01 1.39935E-02
 -1      3161-4.38181E-01 3.62168E+01-3.60532E-02
 -1      3162-4.70920E-01 3.62096E+01-1.42455E-02
 -1      3163-4.38983E-01 3.62167E+01 3.60532E-02
 -1      3164-4.06244E-01 3.62239E+01 1.42455E-02
 -1      3169-7.05431E-01 3.74747E+01-3.60497E-02
 -1      3170-7.38414E-01 3.74679E+01-1.44640E-02
 -1      3171-7.06701E-01 3.74744E+01 3.60497E-02
 -1      3172-6.73718E-01 3.74812E+01 1.44640E-02
 -1      3177-9.56607E-01 3.87364E+01-3.60464E-02
 -1      3178-9.89751E-01 3.87299E+01-1.46123E-02
 -1      3179-9.58198E-01 3.87361E+01 3.60464E-02
 -1      3180-9.25054E-01 3.87425E+01 1.46123E-02
 -1      3185-8.31704E-01 3.12331E+01 1.96577E+00
 -1      3186-8.68791E-01 3.12437E+01 1.97638E+00
 -1      3187-8.53491E-01 3.12393E+01 2.03423E+00
 -1      3188-8.16404E-01 3.12288E+01 2.02362E+00
 -1      3193-4.83271E-01 3.24716E+01 1.96568E+00
 -1      3194-5.20380E-01 3.24818E+01 1.97659E+00
 -1      3195-5.04597E-01 3.24775E+01 2.03432E+00
 -1      3196-4.67488E-01 3.24673E+01 2.02341E+00
 -1      3201-1.51102E-01 3.37141E+01 1.96555E+00
 -1      3202-1.88233E-01 3.37237E+01 1.97692E+00
 -1      3203-1.71734E-01 3.37194E+01 2.03445E+00
 -1      3204-1.34603E-01 3.37098E+01 2.02308E+00
 -1      3209 1.59903E-01 3.49616E+01 1.96541E+00
 -1      3210 1.22764E-01 3.49705E+01 1.97730E+00
 -1      3211 1.40097E-01 3.49664E+01 2.03459E+00
 -1      3212 1.77236E-01 3.49575E+01 2.02270E+00
 -1      3217 4.48070E-01 3.62146E+01 1.96528E+00
 -1      3218 4.10939E-01 3.62229E+01 1.97768E+00
 -1      3219 4.29094E-01 3.62188E+01 2.03472E+00
 -1      3220 4.66225E-01 3.62106E+01 2.02232E+00
 -1      3225 7.15201E-01 3.74727E+01 1.96517E+00
 -1      3226 6.78091E-01 3.74803E+01 1.97800E+00
 -1      3227 6.96931E-01 3.74764E+01 2.03483E+00
 -1      3228 7.34041E-01 3.74688E+01 2.02200E+00
 -1      3233 9.66302E-01 3.87345E+01 1.96510E+00
 -1      3234 9.29212E-01 3.87417E+01 1.97821E+00
 -1      3235 9.48503E-01 3.87380E+01 2.03490E+00
 -1      3236 9.85593E-01 3.87307E+01 2.02179E+00
 -1      3241 8.42124E-01 3.12361E+01 1.96395E+00
 -1      3242 8.10413E-01 3.12270E+01 1.98659E+00
 -1      3243 8.43071E-01 3.12364E+01 2.03605E+00
 -1      3244 8.74781E-01 3.12454E+01 2.01341E+00
 -1      3249 4.93597E-01 3.24745E+01 1.96395E+00
 -1      3250 4.61712E-01 3.24657E+01 1.98646E+00
 -1      3251 4.94271E-01 3.24746E+01 2.03605E+00
 -1      3252 5.26156E-01 3.24834E+01 2.01354E+00
 -1      3257 1.61293E-01 3.37167E+01 1.96394E+00
 -1      3258 1.29148E-01 3.37084E+01 1.98625E+00
 -1      3259 1.61544E-01 3.37168E+01 2.03606E+00
 -1      3260 1.93688E-01 3.37251E+01 2.01375E+00
 -1      3265-1.49867E-01 3.49640E+01 1.96394E+00
 -1      3266-1.82312E-01 3.49562E+01 1.98601E+00
 -1      3267-1.50133E-01 3.49640E+01 2.03606E+00
 -1      3268-1.17688E-01 3.49718E+01 2.01399E+00
 -1      3273-4.38181E-01 3.62168E+01 1.96395E+00
 -1      3274-4.70920E-01 3.62096E+01 1.98575E+00
 -1      3275-4.38983E-01 3.62167E+01 2.03605E+00
 -1      3276-4.06244E-01 3.62239E+01 2.01425E+00
 -1      3281-7.05431E-01 3.74747E+01 1.96395E+00
 -1      3282-7.38414E-01 3.74679E+01 1.98554E+00
 -1      3283-7.06701E-01 3.74744E+01 2.03605E+00
 -1      3284-6.73718E-01 3.74812E+01 2.01446E+00
 -1      3289-9.56607E-01 3.87364E+01 1.96395E+00
 -1      3290-9.89751E-01 3.87299E+01 1.98539E+00
 -1      3291-9.58198E-01 3.87361E+01 2.03605E+00
 -1      3292-9.25054E-01 3.87425E+01 2.01461E+00
 -1      3297-1.19777E+00 4.25272E+01 3.58451E-01
 -1      3298-1.23236E+00 4.25239E+01 3.78258E-01
 -1      3299-1.20223E+00 4.25152E+01 4.29417E-01
 -1      3300-1.16764E+00 4.25186E+01 4.09610E-01
 -1      3305-1.19829E+00 4.50371E+01 8.14685E-01
 -1      3306-1.23259E+00 4.50330E+01 8.34866E-01
 -1      3307-1.20171E+00 4.50229E+01 8.85315E-01
 -1      3308-1.16741E+00 4.50270E+01 8.65134E-01
 -1      3313-1.19884E+00 4.75293E+01 1.35882E+00
 -1      3314-1.23282E+00 4.75246E+01 1.37939E+00
 -1      3315-1.20116E+00 4.75131E+01 1.42904E+00
 -1      3316-1.16718E+00 4.75178E+01 1.40848E+00
 -1      3321-1.19407E+00 4.25153E+01 1.57100E+00
 -1      3322-1.23055E+00 4.25180E+01 1.58719E+00
 -1      3323-1.20593E+00 4.25271E+01 1.64113E+00
 -1      3324-1.16945E+00 4.25244E+01 1.62495E+00
 -1      3329-1.19388E+00 4.50230E+01 1.11516E+00
 -1      3330-1.23044E+00 4.50262E+01 1.13106E+00
 -1      3331-1.20612E+00 4.50370E+01 1.18484E+00
 -1      3332-1.16956E+00 4.50338E+01 1.16894E+00
 -1      3337-1.19370E+00 4.75132E+01 5.71480E-01
 -1      3338-1.23034E+00 4.75168E+01 5.87095E-01
 -1      3339-1.20630E+00 4.75292E+01 6.40652E-01
 -1      3340-1.16966E+00 4.75256E+01 6.25037E-01
 -1      3345 1.20223E+00 4.25272E+01 3.58451E-01
 -1      3346 1.16764E+00 4.25239E+01 3.78258E-01
 -1      3347 1.19777E+00 4.25152E+01 4.29417E-01
 -1      3348 1.23236E+00 4.25186E+01 4.09610E-01
 -1      3353 1.20171E+00 4.50371E+01 8.14685E-01
 -1      3354 1.16741E+00 4.50330E+01 8.34866E-01
 -1      3355 1.19829E+00 4.50229E+01 8.85315E-01
 -1      3356 1.23259E+00 4.50270E+01 8.65134E-01
 -1      3361 1.20116E+00 4.75293E+01 1.35882E+00
 -1      3362 1.16718E+00 4.75246E+01 1.37939E+00
 -1      3363 1.19884E+00 4.75131E+01 1.42904E+00
 -1      3364 1.23282E+00 4.75178E+01 1.40848E+00
 -1      3369 1.20593E+00 4.25153E+01 1.57100E+00
 -1      3370 1.16945E+00 4.25180E+01 1.58719E+00
 -1      3371 1.19407E+00 4.25271E+01 1.64113E+00
 -1      3372 1.23055E+00 4.25244E+01 1.62495E+00
 -1      3377 1.20612E+00 4.50230E+01 1.11516E+00
 -1      3378 1.16956E+00 4.50262E+01 1.13106E+00
 -1      3379 1.19388E+00 4.50370E+01 1.18484E+00
 -1      3380 1.23044E+00 4.50338E+01 1.16894E+00
 -1      3385 1.20630E+00 4.75132E+01 5.71480E-01
 -1      3386 1.16966E+00 4.75168E+01 5.87095E-01
 -1      3387 1.19370E+00 4.75292E+01 6.40652E-01
 -1      3388 1.23034E+00 4.75256E+01 6.25037E-01
 -1      3393-4.83328E-01 4.24717E+01-3.43393E-02
 -1      3394-5.20442E-01 4.24818E+01-2.33534E-02
 -1      3395-5.04540E-01 4.24774E+01 3.43393E-02
 -1      3396-4.67426E-01 4.24673E+01 2.33534E-02
 -1      3401 1.59904E-01 4.49616E+01-3.45869E-02
 -1      3402 1.22764E-01 4.49705E+01-2.27046E-02
 -1      3403 1.40096E-01 4.49664E+01 3.45869E-02
 -1      3404 1.77236E-01 4.49575E+01 2.27046E-02
 -1      3409 7.15261E-01 4.74726E+01-3.48107E-02
 -1      3410 6.78146E-01 4.74804E+01-2.20585E-02
 -1      3411 6.96871E-01 4.74765E+01 3.48107E-02
 -1      3412 7.33986E-01 4.74687E+01 2.20585E-02
 -1      3417 4.93632E-01 4.24745E+01-3.60542E-02
 -1      3418 4.61704E-01 4.24658E+01-1.35783E-02
 -1      3419 4.94236E-01 4.24746E+01 3.60542E-02
 -1      3420 5.26164E-01 4.24833E+01 1.35783E-02
 -1      3425-1.49866E-01 4.49640E+01-3.60553E-02
 -1      3426-1.82311E-01 4.49562E+01-1.39944E-02
 -1      3427-1.50134E-01 4.49640E+01 3.60553E-02
 -1      3428-1.17689E-01 4.49718E+01 1.39944E-02
 -1      3433-7.05470E-01 4.74747E+01-3.60504E-02
 -1      3434-7.38413E-01 4.74678E+01-1.44278E-02
 -1      3435-7.06662E-01 4.74744E+01 3.60504E-02
 -1      3436-6.73719E-01 4.74813E+01 1.44278E-02
 -1      3441-4.83328E-01 4.24717E+01 1.96566E+00
 -1      3442-5.20442E-01 4.24818E+01 1.97665E+00
 -1      3443-5.04540E-01 4.24774E+01 2.03434E+00
 -1      3444-4.67426E-01 4.24673E+01 2.02335E+00
 -1      3449 1.59904E-01 4.49616E+01 1.96541E+00
 -1      3450 1.22764E-01 4.49705E+01 1.97730E+00
 -1      3451 1.40096E-01 4.49664E+01 2.03459E+00
 -1      3452 1.77236E-01 4.49575E+01 2.02270E+00
 -1      3457 7.15261E-01 4.74726E+01 1.96519E+00
 -1      3458 6.78146E-01 4.74804E+01 1.97794E+00
 -1      3459 6.96871E-01 4.74765E+01 2.03481E+00
 -1      3460 7.33986E-01 4.74687E+01 2.02206E+00
 -1      3465 4.93632E-01 4.24745E+01 1.96395E+00
 -1      3466 4.61704E-01 4.24658E+01 1.98642E+00
 -1      3467 4.94236E-01 4.24746E+01 2.03605E+00
 -1      3468 5.26164E-01 4.24833E+01 2.01358E+00
 -1      3473-1.49866E-01 4.49640E+01 1.96394E+00
 -1      3474-1.82311E-01 4.49562E+01 1.98601E+00
 -1      3475-1.50134E-01 4.49640E+01 2.03606E+00
 -1      3476-1.17689E-01 4.49718E+01 2.01399E+00
 -1      3481-7.05470E-01 4.74747E+01 1.96395E+00
 -1      3482-7.38413E-01 4.74678E+01 1.98557E+00
 -1      3483-7.06662E-01 4.74744E+01 2.03605E+00
 -1      3484-6.73719E-01 4.74813E+01 2.01443E+00
 -3
    3C                           332                                     1
 -1         1    1    0    1
 -2       273       473       474       274       276       476       475       275
 -1         2    1    0    1
 -2       323       523       524       324       326       526       525       325
 -1         3    1    0    1
 -2       373       573       574       374       376       576       575       375
 -1         4    1    0    1
 -2       423       623       624       424       426       626       625       425
 -1         5    1    0    1
 -2       473      1505      1506       474       476      1508      1507       475
 -1         6    1    0    1
 -2      1505       673       674      1506      1508       676       675      1507
 -1         7    1    0    1
 -2       523      1513      1514       524       526      1516      1515       525
 -1         8    1    0    1
 -2      1513       723       724      1514      1516       726       725      1515
 -1         9    1    0    1
 -2       573      1521      1522       574       576      1524      1523       575
 -1        10    1    0    1
 -2      1521       773       774      1522      1524       776       775      1523
 -1        11    1    0    1
 -2       623      1529      1530       624       626      1532      1531       625
 -1        12    1    0    1
 -2      1529       823       824      1530      1532       826       825      1531
 -1        13    1    0    1
 -2       673       873       874       674       676       876       875       675
 -1        14    1    0    1
 -2       723       923       924       724       726       926       925       725
 -1        15    1    0    1
 -2       773       973       974       774       776       976       975       775
 -1        16    1    0    1
 -2       823      1023      1024       824       826      1026      1025       825
 -1        17    1    0    1
 -2       873      1537      1538       874       876      1540      1539       875
 -1        18    1    0    1
 -2      1537      1545      1546      1538      1540      1548      1547      1539
 -1        19    1    0    1
 -2      1545      1553      1554      1546      1548      1556      1555      1547
 -1        20    1    0    1
 -2      1553      1561      1562      1554      1556      1564      1563      1555
 -1        21    1    0    1
 -2      1561      1569      1570      1562      1564      1572      1571      1563
 -1        22    1    0    1
 -2      1569      1577      1578      1570      1572      1580      1579      1571
 -1        23    1    0    1
 -2      1577      1585      1586      1578      1580      1588      1587      1579
 -1        24    1    0    1
 -2      1585      1073      1074      1586      1588      1076      1075      1587
 -1        25    1    0    1
 -2       923      1593      1594       924       926      1596      1595       925
 -1        26    1    0    1
 -2      1593      1601      1602      1594      1596      1604      1603      1595
 -1        27    1    0    1
 -2      1601      1609      1610      1602      1604      1612      1611      1603
 -1        28    1    0    1
 -2      1609      1617      1618      1610      1612      1620      1619      1611
 -1        29    1    0    1
 -2      1617      1625      1626      1618      1620      1628      1627      1619
 -1        30    1    0    1
 -2      1625      1633      1634      1626      1628      1636      1635      1627
 -1        31    1    0    1
 -2      1633      1641      1642      1634      1636      1644      1643      1635
 -1        32    1    0    1
 -2      1641      1139      1140      1642      1644      1142      1141      1643
 -1        33    1    0    1
 -2       973      1649      1650       974       976      1652      1651       975
 -1        34    1    0    1
 -2      1649      1657      1658      1650      1652      1660      1659      1651
 -1        35    1    0    1
 -2      1657      1665      1666      1658      1660      1668      1667      1659
 -1        36    1    0    1
 -2      1665      1673      1674      1666      1668      1676      1675      1667
 -1        37    1    0    1
 -2      1673      1681      1682      1674      1676      1684      1683      1675
 -1        38    1    0    1
 -2      1681      1689      1690      1682      1684      1692      1691      1683
 -1        39    1    0    1
 -2      1689      1697      1698      1690      1692      1700      1699      1691
 -1        40    1    0    1
 -2      1697      1189      1190      1698      1700      1192      1191      1699
 -1        41    1    0    1
 -2      1023      1705      1706      1024      1026      1708      1707      1025
 -1        42    1    0    1
 -2      1705      1713      1714      1706      1708      1716      1715      1707
 -1        43    1    0    1
 -2      1713      1721      1722      1714      1716      1724      1723      1715
 -1        44    1    0    1
 -2      1721      1729      1730      1722      1724      1732      1731      1723
 -1        45    1    0    1
 -2      1729      1737      1738      1730      1732      1740      1739      1731
 -1        46    1    0    1
 -2      1737      1745      1746      1738      1740      1748      1747      1739
 -1        47    1    0    1
 -2      1745      1753      1754      1746      1748      1756      1755      1747
 -1        48    1    0    1
 -2      1753      1255      1256      1754      1756      1258      1257      1755
 -1        49    1    0    1
 -2      1097      1761      1762      1098      1100      1764      1763      1099
 -1        50    1    0    1
 -2      1761      1769      1770      1762      1764      1772      1771      1763
 -1        51    1    0    1
 -2      1769      1777      1778      1770      1772      1780      1779      1771
 -1        52    1    0    1
 -2      1777      1305      1306      1778      1780      1308      1307      1779
 -1        53    1    0    1
 -2      1139      1785      1786      1140      1142      1788      1787      1141
 -1        54    1    0    1
 -2      1785      1793      1794      1786      1788      1796      1795      1787
 -1        55    1    0    1
 -2      1793      1801      1802      1794      1796      1804      1803      1795
 -1        56    1    0    1
 -2      1801      1355      1356      1802      1804      1358      1357      1803
 -1        57    1    0    1
 -2      1213      1809      1810      1214      1216      1812      1811      1215
 -1        58    1    0    1
 -2      1809      1817      1818      1810      1812      1820      1819      1811
 -1        59    1    0    1
 -2      1817      1825      1826      1818      1820      1828      1827      1819
 -1        60    1    0    1
 -2      1825      1405      1406      1826      1828      1408      1407      1827
 -1        61    1    0    1
 -2      1255      1833      1834      1256      1258      1836      1835      1257
 -1        62    1    0    1
 -2      1833      1841      1842      1834      1836      1844      1843      1835
 -1        63    1    0    1
 -2      1841      1849      1850      1842      1844      1852      1851      1843
 -1        64    1    0    1
 -2      1849      1455      1456      1850      1852      1458      1457      1851
 -1        65    1    0    1
 -2       281      1857      1858       282       284      1860      1859       283
 -1        66    1    0    1
 -2      1857       331       332      1858      1860       334       333      1859
 -1        67    1    0    1
 -2       381      1865      1866       382       384      1868      1867       383
 -1        68    1    0    1
 -2      1865       431       432      1866      1868       434       433      1867
 -1        69    1    0    1
 -2       289      1873      1874       290       292      1876      1875       291
 -1        70    1    0    1
 -2      1873       389       390      1874      1876       392       391      1875
 -1        71    1    0    1
 -2       339      1881      1882       340       342      1884      1883       341
 -1        72    1    0    1
 -2      1881       439       440      1882      1884       442       441      1883
 -1        73    1    0    1
 -2       481      1889      1890       482       484      1892      1891       483
 -1        74    1    0    1
 -2      1889       531       532      1890      1892       534       533      1891
 -1        75    1    0    1
 -2       581      1897      1898       582       584      1900      1899       583
 -1        76    1    0    1
 -2      1897       631       632      1898      1900       634       633      1899
 -1        77    1    0    1
 -2       489      1905      1906       490       492      1908      1907       491
 -1        78    1    0    1
 -2      1905       589       590      1906      1908       592       591      1907
 -1        79    1    0    1
 -2       539      1913      1914       540       542      1916      1915       541
 -1        80    1    0    1
 -2      1913       639       640      1914      1916       642       641      1915
 -1        81    1    0    1
 -2       681      1921      1922       682       684      1924      1923       683
 -1        82    1    0    1
 -2      1921       731       732      1922      1924       734       733      1923
 -1        83    1    0    1
 -2       781      1929      1930       782       784      1932      1931       783
 -1        84    1    0    1
 -2      1929       831       832      1930      1932       834       833      1931
 -1        85    1    0    1
 -2       689      1937      1938       690       692      1940      1939       691
 -1        86    1    0    1
 -2      1937       789       790      1938      1940       792       791      1939
 -1        87    1    0    1
 -2       739      1945      1946       740       742      1948      1947       741
 -1        88    1    0    1
 -2      1945       839       840      1946      1948       842       841      1947
 -1        89    1    0    1
 -2       881       931       932       882       884       934       933       883
 -1        90    1    0    1
 -2       981      1031      1032       982       984      1034      1033       983
 -1        91    1    0    1
 -2       889       989       990       890       892       992       991       891
 -1        92    1    0    1
 -2       939      1039      1040       940       942      1042      1041       941
 -1        93    1    0    1
 -2      1081      1953      1954      1082      1084      1956      1955      1083
 -1        94    1    0    1
 -2      1953      1147      1148      1954      1956      1150      1149      1955
 -1        95    1    0    1
 -2      1197      1961      1962      1198      1200      1964      1963      1199
 -1        96    1    0    1
 -2      1961      1263      1264      1962      1964      1266      1265      1963
 -1        97    1    0    1
 -2      1089      1969      1970      1090      1092      1972      1971      1091
 -1        98    1    0    1
 -2      1969      1205      1206      1970      1972      1208      1207      1971
 -1        99    1    0    1
 -2      1155      1977      1978      1156      1158      1980      1979      1157
 -1       100    1    0    1
 -2      1977      1271      1272      1978      1980      1274      1273      1979
 -1       101    1    0    1
 -2      1313      1985      1986      1314      1316      1988      1987      1315
 -1       102    1    0    1
 -2      1985      1993      1994      1986      1988      1996      1995      1987
 -1       103    1    0    1
 -2      1993      2001      2002      1994      1996      2004      2003      1995
 -1       104    1    0    1
 -2      2001      2009      2010      2002      2004      2012      2011      2003
 -1       105    1    0    1
 -2      2009      2017      2018      2010      2012      2020      2019      2011
 -1       106    1    0    1
 -2      2017      2025      2026      2018      2020      2028      2027      2019
 -1       107    1    0    1
 -2      2025      2033      2034      2026      2028      2036      2035      2027
 -1       108    1    0    1
 -2      2033      1363      1364      2034      2036      1366      1365      2035
 -1       109    1    0    1
 -2      1413      2041      2042      1414      1416      2044      2043      1415
 -1       110    1    0    1
 -2      2041      2049      2050      2042      2044      2052      2051      2043
 -1       111    1    0    1
 -2      2049      2057      2058      2050      2052      2060      2059      2051
 -1       112    1    0    1
 -2      2057      2065      2066      2058      2060      2068      2067      2059
 -1       113    1    0    1
 -2      2065      2073      2074      2066      2068      2076      2075      2067
 -1       114    1    0    1
 -2      2073      2081      2082      2074      2076      2084      2083      2075
 -1       115    1    0    1
 -2      2081      2089      2090      2082      2084      2092      2091      2083
 -1       116    1    0    1
 -2      2089      1463      1464      2090      2092      1466      1465      2091
 -1       117    1    0    1
 -2      1321      2097      2098      1322      1324      2100      2099      1323
 -1       118    1    0    1
 -2      2097      2105      2106      2098      2100      2108      2107      2099
 -1       119    1    0    1
 -2      2105      2113      2114      2106      2108      2116      2115      2107
 -1       120    1    0    1
 -2      2113      2121      2122      2114      2116      2124      2123      2115
 -1       121    1    0    1
 -2      2121      2129      2130      2122      2124      2132      2131      2123
 -1       122    1    0    1
 -2      2129      2137      2138      2130      2132      2140      2139      2131
 -1       123    1    0    1
 -2      2137      2145      2146      2138      2140      2148      2147      2139
 -1       124    1    0    1
 -2      2145      1421      1422      2146      2148      1424      1423      2147
 -1       125    1    0    1
 -2      1371      2153      2154      1372      1374      2156      2155      1373
 -1       126    1    0    1
 -2      2153      2161      2162      2154      2156      2164      2163      2155
 -1       127    1    0    1
 -2      2161      2169      2170      2162      2164      2172      2171      2163
 -1       128    1    0    1
 -2      2169      2177      2178      2170      2172      2180      2179      2171
 -1       129    1    0    1
 -2      2177      2185      2186      2178      2180      2188      2187      2179
 -1       130    1    0    1
 -2      2185      2193      2194      2186      2188      2196      2195      2187
 -1       131    1    0    1
 -2      2193      2201      2202      2194      2196      2204      2203      2195
 -1       132    1    0    1
 -2      2201      1471      1472      2202      2204      1474      1473      2203
 -1       133    1    0    1
 -2       273      2209      2210       274       276      2212      2211       275
 -1       134    1    0    1
 -2      2209      2217      2218      2210      2212      2220      2219      2211
 -1       135    1    0    1
 -2      2217      2225      2226      2218      2220      2228      2227      2219
 -1       136    1    0    1
 -2      2225       573       574      2226      2228       576       575      2227
 -1       137    1    0    1
 -2       373      2233      2234       374       376      2236      2235       375
 -1       138    1    0    1
 -2      2233      2241      2242      2234      2236      2244      2243      2235
 -1       139    1    0    1
 -2      2241      2249      2250      2242      2244      2252      2251      2243
 -1       140    1    0    1
 -2      2249       473       474      2250      2252       476       475      2251
 -1       141    1    0    1
 -2       323      2257      2258       324       326      2260      2259       325
 -1       142    1    0    1
 -2      2257      2265      2266      2258      2260      2268      2267      2259
 -1       143    1    0    1
 -2      2265      2273      2274      2266      2268      2276      2275      2267
 -1       144    1    0    1
 -2      2273       623       624      2274      2276       626       625      2275
 -1       145    1    0    1
 -2       423      2281      2282       424       426      2284      2283       425
 -1       146    1    0    1
 -2      2281      2289      2290      2282      2284      2292      2291      2283
 -1       147    1    0    1
 -2      2289      2297      2298      2290      2292      2300      2299      2291
 -1       148    1    0    1
 -2      2297       523       524      2298      2300       526       525      2299
 -1       149    1    0    1
 -2       273      2305      2306       274       276      2308      2307       275
 -1       150    1    0    1
 -2      2305      2313      2314      2306      2308      2316      2315      2307
 -1       151    1    0    1
 -2      2313      2321      2322      2314      2316      2324      2323      2315
 -1       152    1    0    1
 -2      2321       523       524      2322      2324       526       525      2323
 -1       153    1    0    1
 -2       323      2329      2330       324       326      2332      2331       325
 -1       154    1    0    1
 -2      2329      2337      2338      2330      2332      2340      2339      2331
 -1       155    1    0    1
 -2      2337      2345      2346      2338      2340      2348      2347      2339
 -1       156    1    0    1
 -2      2345       473       474      2346      2348       476       475      2347
 -1       157    1    0    1
 -2       373      2353      2354       374       376      2356      2355       375
 -1       158    1    0    1
 -2      2353      2361      2362      2354      2356      2364      2363      2355
 -1       159    1    0    1
 -2      2361      2369      2370      2362      2364      2372      2371      2363
 -1       160    1    0    1
 -2      2369       623       624      2370      2372       626       625      2371
 -1       161    1    0    1
 -2       423      2377      2378       424       426      2380      2379       425
 -1       162    1    0    1
 -2      2377      2385      2386      2378      2380      2388      2387      2379
 -1       163    1    0    1
 -2      2385      2393      2394      2386      2388      2396      2395      2387
 -1       164    1    0    1
 -2      2393       573       574      2394      2396       576       575      2395
 -1       165    1    0    1
 -2       473       773       774       474       476       776       775       475
 -1       166    1    0    1
 -2       573       673       674       574       576       676       675       575
 -1       167    1    0    1
 -2       523       823       824       524       526       826       825       525
 -1       168    1    0    1
 -2       623       723       724       624       626       726       725       625
 -1       169    1    0    1
 -2       473       723       724       474       476       726       725       475
 -1       170    1    0    1
 -2       523       673       674       524       526       676       675       525
 -1       171    1    0    1
 -2       573       823       824       574       576       826       825       575
 -1       172    1    0    1
 -2       623       773       774       624       626       776       775       625
 -1       173    1    0    1
 -2       673      2401      2402       674       676      2404      2403       675
 -1       174    1    0    1
 -2      2401      2409      2410      2402      2404      2412      2411      2403
 -1       175    1    0    1
 -2      2409      2417      2418      2410      2412      2420      2419      2411
 -1       176    1    0    1
 -2      2417      2425      2426      2418      2420      2428      2427      2419
 -1       177    1    0    1
 -2      2425      2433      2434      2426      2428      2436      2435      2427
 -1       178    1    0    1
 -2      2433      2441      2442      2434      2436      2444      2443      2435
 -1       179    1    0    1
 -2      2441      2449      2450      2442      2444      2452      2451      2443
 -1       180    1    0    1
 -2      2449       973       974      2450      2452       976       975      2451
 -1       181    1    0    1
 -2       773      2457      2458       774       776      2460      2459       775
 -1       182    1    0    1
 -2      2457      2465      2466      2458      2460      2468      2467      2459
 -1       183    1    0    1
 -2      2465      2473      2474      2466      2468      2476      2475      2467
 -1       184    1    0    1
 -2      2473      2481      2482      2474      2476      2484      2483      2475
 -1       185    1    0    1
 -2      2481      2489      2490      2482      2484      2492      2491      2483
 -1       186    1    0    1
 -2      2489      2497      2498      2490      2492      2500      2499      2491
 -1       187    1    0    1
 -2      2497      2505      2506      2498      2500      2508      2507      2499
 -1       188    1    0    1
 -2      2505       873       874      2506      2508       876       875      2507
 -1       189    1    0    1
 -2       723      2513      2514       724       726      2516      2515       725
 -1       190    1    0    1
 -2      2513      2521      2522      2514      2516      2524      2523      2515
 -1       191    1    0    1
 -2      2521      2529      2530      2522      2524      2532      2531      2523
 -1       192    1    0    1
 -2      2529      2537      2538      2530      2532      2540      2539      2531
 -1       193    1    0    1
 -2      2537      2545      2546      2538      2540      2548      2547      2539
 -1       194    1    0    1
 -2      2545      2553      2554      2546      2548      2556      2555      2547
 -1       195    1    0    1
 -2      2553      2561      2562      2554      2556      2564      2563      2555
 -1       196    1    0    1
 -2      2561      1023      1024      2562      2564      1026      1025      2563
 -1       197    1    0    1
 -2       823      2569      2570       824       826      2572      2571       825
 -1       198    1    0    1
 -2      2569      2577      2578      2570      2572      2580      2579      2571
 -1       199    1    0    1
 -2      2577      2585      2586      2578      2580      2588      2587      2579
 -1       200    1    0    1
 -2      2585      2593      2594      2586      2588      2596      2595      2587
 -1       201    1    0    1
 -2      2593      2601      2602      2594      2596      2604      2603      2595
 -1       202    1    0    1
 -2      2601      2609      2610      2602      2604      2612      2611      2603
 -1       203    1    0    1
 -2      2609      2617      2618      2610      2612      2620      2619      2611
 -1       204    1    0    1
 -2      2617       923       924      2618      2620       926       925      2619
 -1       205    1    0    1
 -2       673      2625      2626       674       676      2628      2627       675
 -1       206    1    0    1
 -2      2625      2633      2634      2626      2628      2636      2635      2627
 -1       207    1    0    1
 -2      2633      2641      2642      2634      2636      2644      2643      2635
 -1       208    1    0    1
 -2      2641      2649      2650      2642      2644      2652      2651      2643
 -1       209    1    0    1
 -2      2649      2657      2658      2650      2652      2660      2659      2651
 -1       210    1    0    1
 -2      2657      2665      2666      2658      2660      2668      2667      2659
 -1       211    1    0    1
 -2      2665      2673      2674      2666      2668      2676      2675      2667
 -1       212    1    0    1
 -2      2673       923       924      2674      2676       926       925      2675
 -1       213    1    0    1
 -2       723      2681      2682       724       726      2684      2683       725
 -1       214    1    0    1
 -2      2681      2689      2690      2682      2684      2692      2691      2683
 -1       215    1    0    1
 -2      2689      2697      2698      2690      2692      2700      2699      2691
 -1       216    1    0    1
 -2      2697      2705      2706      2698      2700      2708      2707      2699
 -1       217    1    0    1
 -2      2705      2713      2714      2706      2708      2716      2715      2707
 -1       218    1    0    1
 -2      2713      2721      2722      2714      2716      2724      2723      2715
 -1       219    1    0    1
 -2      2721      2729      2730      2722      2724      2732      2731      2723
 -1       220    1    0    1
 -2      2729       873       874      2730      2732       876       875      2731
 -1       221    1    0    1
 -2       773      2737      2738       774       776      2740      2739       775
 -1       222    1    0    1
 -2      2737      2745      2746      2738      2740      2748      2747      2739
 -1       223    1    0    1
 -2      2745      2753      2754      2746      2748      2756      2755      2747
 -1       224    1    0    1
 -2      2753      2761      2762      2754      2756      2764      2763      2755
 -1       225    1    0    1
 -2      2761      2769      2770      2762      2764      2772      2771      2763
 -1       226    1    0    1
 -2      2769      2777      2778      2770      2772      2780      2779      2771
 -1       227    1    0    1
 -2      2777      2785      2786      2778      2780      2788      2787      2779
 -1       228    1    0    1
 -2      2785      1023      1024      2786      2788      1026      1025      2787
 -1       229    1    0    1
 -2       823      2793      2794       824       826      2796      2795       825
 -1       230    1    0    1
 -2      2793      2801      2802      2794      2796      2804      2803      2795
 -1       231    1    0    1
 -2      2801      2809      2810      2802      2804      2812      2811      2803
 -1       232    1    0    1
 -2      2809      2817      2818      2810      2812      2820      2819      2811
 -1       233    1    0    1
 -2      2817      2825      2826      2818      2820      2828      2827      2819
 -1       234    1    0    1
 -2      2825      2833      2834      2826      2828      2836      2835      2827
 -1       235    1    0    1
 -2      2833      2841      2842      2834      2836      2844      2843      2835
 -1       236    1    0    1
 -2      2841       973       974      2842      2844       976       975      2843
 -1       237    1    0    1
 -2       873      2849      2850       874       876      2852      2851       875
 -1       238    1    0    1
 -2      2849      2857      2858      2850      2852      2860      2859      2851
 -1       239    1    0    1
 -2      2857      2865      2866      2858      2860      2868      2867      2859
 -1       240    1    0    1
 -2      2865      2873      2874      2866      2868      2876      2875      2867
 -1       241    1    0    1
 -2      2873      2881      2882      2874      2876      2884      2883      2875
 -1       242    1    0    1
 -2      2881      2889      2890      2882      2884      2892      2891      2883
 -1       243    1    0    1
 -2      2889      2897      2898      2890      2892      2900      2899      2891
 -1       244    1    0    1
 -2      2897      1189      1190      2898      2900      1192      1191      2899
 -1       245    1    0    1
 -2       973      2905      2906       974       976      2908      2907       975
 -1       246    1    0    1
 -2      2905      2913      2914      2906      2908      2916      2915      2907
 -1       247    1    0    1
 -2      2913      2921      2922      2914      2916      2924      2923      2915
 -1       248    1    0    1
 -2      2921      2929      2930      2922      2924      2932      2931      2923
 -1       249    1    0    1
 -2      2929      2937      2938      2930      2932      2940      2939      2931
 -1       250    1    0    1
 -2      2937      2945      2946      2938      2940      2948      2947      2939
 -1       251    1    0    1
 -2      2945      2953      2954      2946      2948      2956      2955      2947
 -1       252    1    0    1
 -2      2953      1073      1074      2954      2956      1076      1075      2955
 -1       253    1    0    1
 -2       923      2961      2962       924       926      2964      2963       925
 -1       254    1    0    1
 -2      2961      2969      2970      2962      2964      2972      2971      2963
 -1       255    1    0    1
 -2      2969      2977      2978      2970      2972      2980      2979      2971
 -1       256    1    0    1
 -2      2977      2985      2986      2978      2980      2988      2987      2979
 -1       257    1    0    1
 -2      2985      2993      2994      2986      2988      2996      2995      2987
 -1       258    1    0    1
 -2      2993      3001      3002      2994      2996      3004      3003      2995
 -1       259    1    0    1
 -2      3001      3009      3010      3002      3004      3012      3011      3003
 -1       260    1    0    1
 -2      3009      1255      1256      3010      3012      1258      1257      3011
 -1       261    1    0    1
 -2      1023      3017      3018      1024      1026      3020      3019      1025
 -1       262    1    0    1
 -2      3017      3025      3026      3018      3020      3028      3027      3019
 -1       263    1    0    1
 -2      3025      3033      3034      3026      3028      3036      3035      3027
 -1       264    1    0    1
 -2      3033      3041      3042      3034      3036      3044      3043      3035
 -1       265    1    0    1
 -2      3041      3049      3050      3042      3044      3052      3051      3043
 -1       266    1    0    1
 -2      3049      3057      3058      3050      3052      3060      3059      3051
 -1       267    1    0    1
 -2      3057      3065      3066      3058      3060      3068      3067      3059
 -1       268    1    0    1
 -2      3065      1139      1140      3066      3068      1142      1141      3067
 -1       269    1    0    1
 -2       873      3073      3074       874       876      3076      3075       875
 -1       270    1    0    1
 -2      3073      3081      3082      3074      3076      3084      3083      3075
 -1       271    1    0    1
 -2      3081      3089      3090      3082      3084      3092      3091      3083
 -1       272    1    0    1
 -2      3089      3097      3098      3090      3092      3100      3099      3091
 -1       273    1    0    1
 -2      3097      3105      3106      3098      3100      3108      3107      3099
 -1       274    1    0    1
 -2      3105      3113      3114      3106      3108      3116      3115      3107
 -1       275    1    0    1
 -2      3113      3121      3122      3114      3116      3124      3123      3115
 -1       276    1    0    1
 -2      3121      1139      1140      3122      3124      1142      1141      3123
 -1       277    1    0    1
 -2       923      3129      3130       924       926      3132      3131       925
 -1       278    1    0    1
 -2      3129      3137      3138      3130      3132      3140      3139      3131
 -1       279    1    0    1
 -2      3137      3145      3146      3138      3140      3148      3147      3139
 -1       280    1    0    1
 -2      3145      3153      3154      3146      3148      3156      3155      3147
 -1       281    1    0    1
 -2      3153      3161      3162      3154      3156      3164      3163      3155
 -1       282    1    0    1
 -2      3161      3169      3170      3162      3164      3172      3171      3163
 -1       283    1    0    1
 -2      3169      3177      3178      3170      3172      3180      3179      3171
 -1       284    1    0    1
 -2      3177      1073      1074      3178      3180      1076      1075      3179
 -1       285    1    0    1
 -2       973      3185      3186       974       976      3188      3187       975
 -1       286    1    0    1
 -2      3185      3193      3194      3186      3188      3196      3195      3187
 -1       287    1    0    1
 -2      3193      3201      3202      3194      3196      3204      3203      3195
 -1       288    1    0    1
 -2      3201      3209      3210      3202      3204      3212      3211      3203
 -1       289    1    0    1
 -2      3209      3217      3218      3210      3212      3220      3219      3211
 -1       290    1    0    1
 -2      3217      3225      3226      3218      3220      3228      3227      3219
 -1       291    1    0    1
 -2      3225      3233      3234      3226      3228      3236      3235      3227
 -1       292    1    0    1
 -2      3233      1255      1256      3234      3236      1258      1257      3235
 -1       293    1    0    1
 -2      1023      3241      3242      1024      1026      3244      3243      1025
 -1       294    1    0    1
 -2      3241      3249      3250      3242      3244      3252      3251      3243
 -1       295    1    0    1
 -2      3249      3257      3258      3250      3252      3260      3259      3251
 -1       296    1    0    1
 -2      3257      3265      3266      3258      3260      3268      3267      3259
 -1       297    1    0    1
 -2      3265      3273      3274      3266      3268      3276      3275      3267
 -1       298    1    0    1
 -2      3273      3281      3282      3274      3276      3284      3283      3275
 -1       299    1    0    1
 -2      3281      3289      3290      3282      3284      3292      3291      3283
 -1       300    1    0    1
 -2      3289      1189      1190      3290      3292      1192      1191      3291
 -1       301    1    0    1
 -2      1073      3297      3298      1074      1076      3300      3299      1075
 -1       302    1    0    1
 -2      3297      3305      3306      3298      3300      3308      3307      3299
 -1       303    1    0    1
 -2      3305      3313      3314      3306      3308      3316      3315      3307
 -1       304    1    0    1
 -2      3313      1405      1406      3314      3316      1408      1407      3315
 -1       305    1    0    1
 -2      1213      3321      3322      1214      1216      3324      3323      1215
 -1       306    1    0    1
 -2      3321      3329      3330      3322      3324      3332      3331      3323
 -1       307    1    0    1
 -2      3329      3337      3338      3330      3332      3340      3339      3331
 -1       308    1    0    1
 -2      3337      1305      1306      3338      3340      1308      1307      3339
 -1       309    1    0    1
 -2      1139      3345      3346      1140      1142      3348      3347      1141
 -1       310    1    0    1
 -2      3345      3353      3354      3346      3348      3356      3355      3347
 -1       311    1    0    1
 -2      3353      3361      3362      3354      3356      3364      3363      3355
 -1       312    1    0    1
 -2      3361      1455      1456      3362      3364      1458      1457      3363
 -1       313    1    0    1
 -2      1255      3369      3370      1256      1258      3372      3371      1257
 -1       314    1    0    1
 -2      3369      3377      3378      3370      3372      3380      3379      3371
 -1       315    1    0    1
 -2      3377      3385      3386      3378      3380      3388      3387      3379
 -1       316    1    0    1
 -2      3385      1355      1356      3386      3388      1358      1357      3387
 -1       317    1    0    1
 -2      1097      3393      3394      1098      1100      3396      3395      1099
 -1       318    1    0    1
 -2      3393      3401      3402      3394      3396      3404      3403      3395
 -1       319    1    0    1
 -2      3401      3409      3410      3402      3404      3412      3411      3403
 -1       320    1    0    1
 -2      3409      1355      1356      3410      3412      1358      1357      3411
 -1       321    1    0    1
 -2      1139      3417      3418      1140      1142      3420      3419      1141
 -1       322    1    0    1
 -2      3417      3425      3426      3418      3420      3428      3427      3419
 -1       323    1    0    1
 -2      3425      3433      3434      3426      3428      3436      3435      3427
 -1       324    1    0    1
 -2      3433      1305      1306      3434      3436      1308      1307      3435
 -1       325    1    0    1
 -2      1213      3441      3442      1214      1216      3444      3443      1215
 -1       326    1    0    1
 -2      3441      3449      3450      3442      3444      3452      3451      3443
 -1       327    1    0    1
 -2      3449      3457      3458      3450      3452      3460      3459      3451
 -1       328    1    0    1
 -2      3457      1455      1456      3458      3460      1458      1457      3459
 -1       329    1    0    1
 -2      1255      3465      3466      1256      1258      3468      3467      1257
 -1       330    1    0    1
 -2      3465      3473      3474      3466      3468      3476      3475      3467
 -1       331    1    0    1
 -2      3473      3481      3482      3474      3476      3484      3483      3475
 -1       332    1    0    1
 -2      3481      1405      1406      3482      3484      1408      1407      3483
 -3
    1PSTEP                         1           1           1          
  100CL  101 1.000000000           0                     0    1           1
 -4  DISP        4    1
 -5  D1          1    2    1    0
 -5  D2          1    2    2    0
 -5  D3          1    2    3    0
 -5  ALL         1    2    0    0    1ALL
 -3
 9999
